ujahr,umonat,weekday,uwochentag,long,lat,time_of_day,ustunde,light_condition,ulichtverh,street_condition,ustrzustand,uart,utyp1,ist_rad,ist_pkw,ist_fuss,ist_krad,ist_gkfz,ist_sonstige,ukategorie,accident_outcome
2018,1,Wed,4,52.51359681,13.4750178,afternoon,15,daylight,0,wet,1,6,4,0,1,1,0,0,0,3,slightly_injured
2018,1,Mon,2,52.58725906,13.29102205,morning,11,daylight,0,dry,0,2,6,0,1,0,0,0,0,3,slightly_injured
2018,1,Tue,3,52.52601854,13.42057818,morning,9,daylight,0,dry,0,6,4,0,1,1,0,0,0,3,slightly_injured
2018,1,Mon,2,52.48184447,13.34828776,afternoon,17,dark,2,dry,0,6,7,0,1,1,0,0,0,3,slightly_injured
2018,1,Wed,4,52.58347154,13.40322797,afternoon,15,dusk,1,wet,1,6,7,1,0,1,0,0,0,3,slightly_injured
2018,1,Mon,2,52.5510946,13.54844656,night,5,dark,2,dry,0,2,6,0,1,0,0,0,0,2,seriously_injured
2018,1,Mon,2,52.48571541,13.25639043,afternoon,17,dark,2,wet,1,2,6,0,1,0,0,0,1,3,slightly_injured
2018,1,Thu,5,52.63382261,13.42725182,afternoon,16,dark,2,wet,1,2,6,0,1,0,0,0,0,3,slightly_injured
2018,1,Mon,2,52.51893299,13.41142938,afternoon,14,daylight,0,dry,0,6,4,0,1,1,0,0,0,3,slightly_injured
2018,1,Sat,7,52.57388905,13.35020475,evening,21,dark,2,wet,1,0,1,0,0,0,1,0,0,3,slightly_injured
2018,1,Tue,3,52.52360287,13.41842748,afternoon,17,dark,2,wet,1,2,6,0,1,0,0,0,0,3,slightly_injured
2018,1,Wed,4,52.47010259,13.37773011,afternoon,16,dark,2,wet,1,2,6,0,1,0,0,0,0,3,slightly_injured
2018,1,Thu,5,52.53525526,13.43218628,morning,11,daylight,0,wet,1,5,2,1,1,0,0,0,0,3,slightly_injured
2018,1,Mon,2,52.51417313,13.47089659,morning,8,daylight,0,dry,0,5,2,1,1,0,0,0,0,3,slightly_injured
2018,1,Wed,4,52.51084845,13.39467345,evening,19,dark,2,wet,1,5,7,1,1,0,0,0,0,3,slightly_injured
2018,1,Thu,5,52.54560285,13.44458831,morning,6,dark,2,dry,0,5,2,0,1,0,0,0,0,3,slightly_injured
2018,1,Wed,4,52.45899296,13.50637217,evening,18,dark,2,wet,1,5,3,1,1,0,0,0,0,2,seriously_injured
2018,1,Sun,1,52.51609207,13.17815056,afternoon,15,daylight,0,dry,0,5,3,0,1,0,0,0,0,3,slightly_injured
2018,1,Tue,3,52.47011861,13.37743615,afternoon,13,daylight,0,dry,0,3,6,0,1,0,0,1,0,3,slightly_injured
2018,1,Sat,7,52.50495533,13.44855444,morning,11,daylight,0,dry,0,6,4,1,0,1,0,0,0,3,slightly_injured
2018,1,Tue,3,52.5159128,13.3730303,morning,8,daylight,0,wet,1,5,3,1,1,0,0,0,0,3,slightly_injured
2018,1,Fri,6,52.5970472,13.28410402,morning,7,dusk,1,wet,1,0,7,0,0,0,1,0,0,3,slightly_injured
2018,1,Mon,2,52.43630206,13.37924233,afternoon,15,daylight,0,dry,0,0,3,0,1,0,0,0,1,3,slightly_injured
2018,1,Thu,5,52.54097318,13.41247778,morning,10,daylight,0,wet,1,6,2,0,0,1,0,0,1,3,slightly_injured
2018,1,Wed,4,52.55367547,13.42998793,morning,9,daylight,0,wet,1,1,5,0,1,0,0,1,0,3,slightly_injured
2018,1,Sun,1,52.45312998,13.38449562,night,0,dark,2,dry,0,2,6,0,1,0,0,0,0,2,seriously_injured
2018,1,Wed,4,52.54813473,13.41364244,afternoon,14,daylight,0,wet,1,0,6,0,0,0,1,0,1,3,slightly_injured
2018,1,Wed,4,52.5237397,13.41857706,afternoon,17,dark,2,wet,1,2,6,0,1,0,0,0,0,2,seriously_injured
2018,1,Fri,6,52.54111108,13.36833544,evening,22,dark,2,dry,0,2,6,0,1,0,0,0,0,3,slightly_injured
2018,1,Tue,3,52.51893645,13.41162064,morning,9,daylight,0,dry,0,2,6,0,1,0,0,0,1,3,slightly_injured
2018,1,Thu,5,52.51878227,13.41121885,afternoon,17,dark,2,wet,1,3,6,0,1,0,0,0,0,3,slightly_injured
2018,1,Tue,3,52.61708257,13.31641633,morning,7,dusk,1,icy,2,6,2,0,1,1,0,0,0,3,slightly_injured
2018,1,Sun,1,52.53276686,13.28887346,afternoon,13,daylight,0,dry,0,2,6,0,1,0,0,0,0,3,slightly_injured
2018,1,Mon,2,52.52344572,13.41769328,afternoon,12,daylight,0,dry,0,5,3,1,0,0,0,0,1,3,slightly_injured
2018,1,Wed,4,52.51108677,13.30039993,evening,19,dark,2,dry,0,2,6,0,1,0,0,0,0,3,slightly_injured
2018,1,Mon,2,52.53611592,13.43353746,morning,8,daylight,0,dry,0,6,4,1,0,1,0,0,0,3,slightly_injured
2018,1,Thu,5,52.51883086,13.45367006,morning,8,daylight,0,wet,1,5,3,1,1,0,0,0,0,3,slightly_injured
2018,1,Mon,2,52.54686536,13.29842668,morning,6,dusk,1,dry,0,2,6,0,1,0,0,0,0,3,slightly_injured
2018,1,Thu,5,52.51764211,13.43652747,morning,8,daylight,0,wet,1,5,3,1,1,0,0,0,0,2,seriously_injured
2018,1,Tue,3,52.48690005,13.35718628,morning,6,dark,2,wet,1,5,2,1,0,0,0,1,0,1,killed
2018,1,Thu,5,52.56817242,13.42790784,afternoon,15,daylight,0,dry,0,6,3,0,1,1,0,0,0,3,slightly_injured
2018,1,Mon,2,52.46998979,13.38676944,evening,19,dark,2,dry,0,3,6,0,1,0,0,0,0,3,slightly_injured
2018,1,Sat,7,52.59762124,13.44566793,evening,22,dark,2,dry,0,2,6,0,1,0,0,0,0,3,slightly_injured
2018,1,Tue,3,52.55858737,13.41358859,evening,19,dark,2,dry,0,2,6,0,1,0,0,0,0,3,slightly_injured
2018,1,Fri,6,52.53209046,13.42850921,morning,11,daylight,0,dry,0,1,5,1,1,0,0,0,0,3,slightly_injured
2018,1,Mon,2,52.49709232,13.28328727,morning,10,daylight,0,dry,0,3,6,0,1,0,0,0,0,3,slightly_injured
2018,1,Wed,4,52.64245276,13.30229234,afternoon,12,daylight,0,wet,1,2,6,0,1,0,0,0,1,3,slightly_injured
2018,1,Tue,3,52.43899811,13.38761144,morning,9,daylight,0,wet,1,6,4,0,1,1,0,0,0,3,slightly_injured
2018,1,Thu,5,52.47970452,13.35323275,afternoon,16,daylight,0,wet,1,5,3,1,1,0,0,0,0,2,seriously_injured
2018,1,Wed,4,52.42985299,13.37594587,morning,10,daylight,0,wet,1,5,3,1,1,0,0,0,0,2,seriously_injured
2018,1,Sun,1,52.53584246,13.43348954,afternoon,17,dark,2,dry,0,3,6,0,0,0,1,0,1,3,slightly_injured
2018,1,Tue,3,52.52346813,13.41771871,morning,6,dark,2,dry,0,5,3,1,1,0,0,0,0,3,slightly_injured
2018,1,Mon,2,52.49885011,13.28145524,afternoon,16,dark,2,dry,0,2,6,0,1,0,0,0,1,3,slightly_injured
2018,1,Wed,4,52.49420221,13.28857229,evening,19,dark,2,wet,1,3,6,0,1,0,0,0,0,3,slightly_injured
2018,1,Fri,6,52.53274473,13.28877063,evening,22,dark,2,dry,0,2,6,0,1,0,0,1,0,3,slightly_injured
2018,1,Mon,2,52.45403539,13.31739335,afternoon,17,dark,2,dry,0,2,6,0,1,0,0,0,0,3,slightly_injured
2018,1,Thu,5,52.49776429,13.28223853,afternoon,17,dark,2,dry,0,2,6,0,1,0,0,0,0,3,slightly_injured
2018,1,Sat,7,52.51509809,13.46025955,morning,10,daylight,0,dry,0,5,3,1,1,0,0,0,0,2,seriously_injured
2018,1,Mon,2,52.43207457,13.39103313,evening,20,dark,2,icy,2,0,1,0,0,0,1,0,0,3,slightly_injured
2018,1,Wed,4,52.50983334,13.3814641,afternoon,16,dark,2,wet,1,2,6,0,0,0,1,0,1,3,slightly_injured
2018,1,Thu,5,52.52871325,13.28278069,morning,10,daylight,0,wet,1,3,6,0,1,0,0,1,0,3,slightly_injured
2018,1,Mon,2,52.44984708,13.38491553,afternoon,15,dusk,1,dry,0,2,6,0,1,0,0,0,0,3,slightly_injured
2018,1,Tue,3,52.53716546,13.43395303,morning,8,daylight,0,dry,0,6,4,0,1,1,0,0,0,2,seriously_injured
2018,1,Thu,5,52.51740341,13.28361836,morning,11,daylight,0,dry,0,2,6,0,1,0,0,0,0,3,slightly_injured
2018,1,Tue,3,52.48004673,13.35225844,morning,6,dark,2,wet,1,6,2,0,1,1,0,0,0,3,slightly_injured
2018,1,Sun,1,52.56705917,13.56261332,night,3,dark,2,dry,0,1,5,0,1,0,0,1,0,2,seriously_injured
2018,1,Tue,3,52.43769417,13.38025961,evening,20,dark,2,wet,1,6,2,0,1,1,0,0,0,2,seriously_injured
2018,1,Wed,4,52.47302409,13.36534305,evening,19,dark,2,wet,1,2,6,0,1,0,0,0,0,3,slightly_injured
2018,1,Tue,3,52.45203552,13.31120027,evening,18,dark,2,wet,1,6,4,0,1,1,0,0,0,2,seriously_injured
2018,1,Thu,5,52.505079,13.57994696,afternoon,15,daylight,0,dry,0,5,2,1,1,0,0,0,0,3,slightly_injured
2018,1,Mon,2,52.45581365,13.51090542,morning,8,daylight,0,dry,0,5,2,1,1,0,0,0,0,3,slightly_injured
2018,1,Thu,5,52.62762084,13.31132041,morning,6,daylight,0,wet,1,5,2,1,1,0,0,0,0,3,slightly_injured
2018,1,Fri,6,52.48226095,13.38580817,evening,22,dark,2,dry,0,2,6,0,1,0,0,0,0,3,slightly_injured
2018,1,Wed,4,52.51435211,13.46759778,evening,20,dark,2,wet,1,6,2,0,1,1,0,0,0,3,slightly_injured
2018,1,Sat,7,52.51854444,13.41085944,evening,23,dark,2,dry,0,6,7,0,1,1,0,0,0,3,slightly_injured
2018,1,Wed,4,52.50843719,13.56203103,morning,9,daylight,0,wet,1,3,6,0,1,0,0,1,0,3,slightly_injured
2018,1,Fri,6,52.46947297,13.38574109,afternoon,13,daylight,0,dry,0,5,2,0,1,0,0,0,0,3,slightly_injured
2018,1,Tue,3,52.50926632,13.37472125,morning,8,daylight,0,dry,0,6,4,0,1,1,0,0,0,2,seriously_injured
2018,1,Wed,4,52.49162011,13.45780719,afternoon,17,dark,2,dry,0,0,4,0,0,1,0,0,1,3,slightly_injured
2018,1,Tue,3,52.51376294,13.47349649,morning,9,daylight,0,wet,1,6,4,0,1,1,0,0,0,2,seriously_injured
2018,1,Fri,6,52.58081839,13.34550162,morning,6,dark,2,wet,1,5,3,0,1,0,0,0,0,3,slightly_injured
2018,3,Sat,7,52.42753172,13.21469962,afternoon,13,daylight,0,dry,0,5,2,0,1,0,0,0,0,3,slightly_injured
2018,11,Mon,2,52.52219952,13.41593143,evening,18,dark,2,dry,0,3,6,1,1,0,0,0,0,3,slightly_injured
2018,8,Thu,5,52.48010314,13.35213303,evening,19,daylight,0,dry,0,5,2,1,1,0,0,0,0,3,slightly_injured
2018,10,Fri,6,52.51731745,13.39462387,evening,22,dark,2,dry,0,1,5,1,1,0,0,0,0,3,slightly_injured
2018,8,Tue,3,52.51842753,13.42904261,afternoon,16,daylight,0,dry,0,2,6,0,1,0,0,0,0,3,slightly_injured
2018,4,Mon,2,52.51475407,13.46511441,evening,19,daylight,0,dry,0,3,6,1,0,0,0,0,0,2,seriously_injured
2018,4,Wed,4,52.6184162,13.43890139,afternoon,16,daylight,0,dry,0,2,6,0,1,0,0,0,0,3,slightly_injured
2018,5,Wed,4,52.50882799,13.55628531,afternoon,14,daylight,0,dry,0,5,3,1,1,0,0,0,0,2,seriously_injured
2018,11,Fri,6,52.43898116,13.38751112,morning,8,daylight,0,dry,0,5,3,0,1,0,0,0,1,3,slightly_injured
2018,12,Tue,3,52.41925252,13.15736973,morning,9,daylight,0,wet,1,0,3,0,1,0,1,0,0,3,slightly_injured
2018,9,Thu,5,52.44016438,13.38726562,afternoon,14,daylight,0,dry,0,2,6,0,1,0,1,0,0,3,slightly_injured
2018,8,Fri,6,52.49407904,13.28861273,morning,7,daylight,0,dry,0,2,6,0,1,0,0,0,1,3,slightly_injured
2018,6,Fri,6,52.42986014,13.37594916,morning,11,daylight,0,dry,0,2,6,0,1,0,0,0,0,3,slightly_injured
2018,7,Wed,4,52.51502475,13.4534913,evening,22,dark,2,dry,0,0,1,0,0,0,1,0,0,3,slightly_injured
2018,5,Wed,4,52.55807966,13.36525867,morning,7,daylight,0,dry,0,5,3,0,1,0,0,0,0,3,slightly_injured
2018,3,Fri,6,52.62253125,13.43245097,evening,18,daylight,0,dry,0,0,3,0,1,0,0,0,0,3,slightly_injured
2018,11,Tue,3,52.50259525,13.44729412,afternoon,14,daylight,0,dry,0,6,7,0,0,1,0,0,1,3,slightly_injured
2018,6,Sun,1,52.61537872,13.44230639,morning,11,daylight,0,wet,1,9,1,0,1,0,0,0,0,3,slightly_injured
2018,12,Thu,5,52.48661056,13.30214736,evening,23,dark,2,wet,1,8,1,0,1,0,0,0,0,2,seriously_injured
2018,10,Sat,7,52.60122543,13.33058211,afternoon,16,daylight,0,dry,0,6,7,0,1,1,0,0,0,3,slightly_injured
2018,8,Thu,5,52.54678012,13.44717465,afternoon,17,daylight,0,dry,0,2,6,0,1,0,0,0,0,3,slightly_injured
2018,4,Wed,4,52.49088684,13.36069776,evening,21,dark,2,dry,0,2,6,1,1,0,0,0,0,3,slightly_injured
2018,3,Sun,1,52.41364202,13.36178399,afternoon,17,daylight,0,dry,0,5,2,1,1,0,0,0,0,3,slightly_injured
2018,5,Thu,5,52.51432187,13.4679036,afternoon,14,daylight,0,dry,0,2,6,0,1,0,1,0,0,3,slightly_injured
2018,10,Thu,5,52.5622443,13.36447875,morning,6,dark,2,wet,1,2,6,0,1,0,0,0,0,3,slightly_injured
2018,3,Fri,6,52.5157643,13.45378434,evening,20,dark,2,dry,0,5,2,0,1,0,1,0,0,3,slightly_injured
2018,11,Tue,3,52.46733793,13.39456752,morning,6,dusk,1,dry,0,3,6,0,0,0,0,1,1,3,slightly_injured
2018,9,Sun,1,52.55797126,13.36550149,morning,9,daylight,0,dry,0,5,3,0,1,0,0,0,0,3,slightly_injured
2018,8,Fri,6,52.44208694,13.38654429,afternoon,17,daylight,0,dry,0,5,3,1,1,0,0,0,0,3,slightly_injured
2018,6,Mon,2,52.56162367,13.36458779,afternoon,12,daylight,0,dry,0,2,6,0,1,0,0,0,0,3,slightly_injured
2018,7,Mon,2,52.50502846,13.58616073,afternoon,13,daylight,0,dry,0,2,6,0,1,0,0,0,0,2,seriously_injured
2018,6,Tue,3,52.4382703,13.27147604,morning,10,daylight,0,dry,0,5,2,0,1,0,0,0,0,3,slightly_injured
2018,8,Thu,5,52.50498403,13.5893595,morning,10,daylight,0,dry,0,0,1,0,0,0,1,0,0,3,slightly_injured
2018,5,Thu,5,52.51660582,13.44679225,evening,18,daylight,0,dry,0,6,4,1,0,1,0,0,0,3,slightly_injured
2018,4,Thu,5,52.46217858,13.43240248,morning,6,daylight,0,dry,0,2,6,0,1,0,0,0,0,3,slightly_injured
2018,12,Tue,3,52.56054059,13.36501121,morning,8,daylight,0,wet,1,5,2,0,1,0,0,0,0,3,slightly_injured
2018,9,Sat,7,52.46998778,13.4898835,afternoon,12,daylight,0,dry,0,3,6,0,1,0,0,0,0,3,slightly_injured
2018,9,Sun,1,52.52007606,13.40514725,night,4,dusk,1,dry,0,9,1,0,1,0,0,0,0,2,seriously_injured
2018,7,Fri,6,52.50574015,13.36802711,morning,9,daylight,0,dry,0,0,1,0,0,0,1,0,0,3,slightly_injured
2018,7,Sat,7,52.5181094,13.45341896,afternoon,15,daylight,0,dry,0,9,1,1,0,0,0,0,0,3,slightly_injured
2018,3,Wed,4,52.54104049,13.41196655,morning,8,daylight,0,wet,1,2,6,0,1,0,0,0,0,3,slightly_injured
2018,5,Fri,6,52.50502827,13.44859924,evening,18,daylight,0,dry,0,0,6,1,0,1,0,0,0,3,slightly_injured
2018,10,Thu,5,52.41364489,13.36178646,afternoon,13,daylight,0,dry,0,5,3,1,1,0,0,0,0,3,slightly_injured
2018,3,Fri,6,52.5157643,13.45378434,evening,20,dark,2,dry,0,5,2,0,1,0,0,0,0,3,slightly_injured
2018,11,Fri,6,52.46504192,13.40120994,afternoon,12,daylight,0,wet,1,3,6,0,1,0,0,1,0,2,seriously_injured
2018,9,Mon,2,52.44396831,13.38601313,afternoon,13,daylight,0,dry,0,5,2,0,1,0,1,0,0,3,slightly_injured
2018,8,Sat,7,52.41885022,13.15269333,evening,18,daylight,0,dry,0,2,6,0,1,0,1,0,0,3,slightly_injured
2018,6,Tue,3,52.5678022,13.40471687,evening,22,dark,2,dry,0,9,1,0,1,0,0,0,0,3,slightly_injured
2018,10,Tue,3,52.51865143,13.41151669,afternoon,16,daylight,0,dry,0,6,2,0,1,1,0,0,0,3,slightly_injured
2018,6,Thu,5,52.46240091,13.45492201,afternoon,13,daylight,0,dry,0,2,6,0,1,0,0,0,0,3,slightly_injured
2018,8,Fri,6,52.49085826,13.45895361,afternoon,15,daylight,0,dry,0,5,2,0,1,0,0,0,0,3,slightly_injured
2018,4,Sat,7,52.46191667,13.40709308,morning,10,daylight,0,dry,0,0,7,0,1,0,0,0,0,3,slightly_injured
2018,4,Sat,7,52.51248961,13.48752583,evening,19,daylight,0,dry,0,2,6,0,1,0,0,0,0,3,slightly_injured
2018,6,Fri,6,52.62002078,13.43630979,afternoon,12,daylight,0,dry,0,2,6,0,1,0,0,0,0,3,slightly_injured
2018,12,Fri,6,52.53927808,13.42428982,evening,18,dark,2,wet,1,5,7,1,1,0,0,0,0,3,slightly_injured
2018,9,Mon,2,52.52023483,13.42273301,afternoon,17,dusk,1,wet,1,5,3,1,0,0,0,0,0,3,slightly_injured
2018,9,Tue,3,52.50916562,13.37346464,evening,18,daylight,0,dry,0,3,6,0,1,0,1,0,0,3,slightly_injured
2018,6,Tue,3,52.50896847,13.26581496,afternoon,15,daylight,0,dry,0,1,5,1,1,0,0,0,0,3,slightly_injured
2018,7,Sat,7,52.50175346,13.28066465,evening,23,dark,2,dry,0,3,7,0,1,0,1,0,0,2,seriously_injured
2018,5,Sun,1,52.46860645,13.3919909,afternoon,12,daylight,0,dry,0,2,6,0,1,0,0,0,0,3,slightly_injured
2018,3,Fri,6,52.49329165,13.38780284,morning,8,daylight,0,dry,0,6,6,1,0,1,0,0,0,3,slightly_injured
2018,11,Sat,7,52.5051185,13.44865466,evening,19,dark,2,dry,0,6,7,1,0,1,0,0,0,3,slightly_injured
2018,10,Wed,4,52.49240641,13.29351933,afternoon,13,daylight,0,dry,0,2,6,0,1,0,0,0,0,3,slightly_injured
2018,8,Mon,2,52.4700919,13.38551442,afternoon,16,daylight,0,dry,0,6,2,0,1,1,0,0,0,3,slightly_injured
2018,4,Sun,1,52.50453704,13.28145445,afternoon,17,daylight,0,dry,0,2,6,0,1,0,0,0,0,3,slightly_injured
2018,4,Mon,2,52.46393491,13.40293075,night,1,dark,2,wet,1,9,1,0,1,0,0,0,0,3,slightly_injured
2018,5,Mon,2,52.51242968,13.48810864,morning,10,daylight,0,dry,0,2,6,0,1,0,0,0,0,2,seriously_injured
2018,10,Wed,4,52.43193989,13.39110836,evening,21,dark,2,dry,0,5,2,0,1,0,0,0,0,3,slightly_injured
2018,3,Fri,6,52.56209019,13.36472555,afternoon,17,dusk,1,dry,0,5,3,1,1,0,0,0,0,3,slightly_injured
2018,12,Sun,1,52.54113816,13.41197365,night,5,dark,2,wet,1,6,4,1,0,1,0,0,0,3,slightly_injured
2018,9,Wed,4,52.47303791,13.36531297,evening,18,daylight,0,dry,0,2,1,0,1,0,0,0,0,2,seriously_injured
2018,8,Thu,5,52.52752742,13.42308629,evening,20,dusk,1,wet,1,3,6,1,1,0,0,0,0,3,slightly_injured
2018,6,Thu,5,52.51418553,13.19129987,afternoon,12,daylight,0,dry,0,6,4,0,1,1,0,0,0,2,seriously_injured
2018,7,Tue,3,52.54119318,13.36884623,afternoon,16,daylight,0,dry,0,0,7,1,0,0,0,0,1,3,slightly_injured
2018,3,Fri,6,52.46818781,13.38571487,afternoon,16,daylight,0,dry,0,2,6,0,1,0,0,0,0,3,slightly_injured
2018,11,Sat,7,52.52168876,13.28167519,afternoon,17,dark,2,dry,0,2,6,0,1,0,0,0,0,3,slightly_injured
2018,6,Thu,5,52.55860859,13.41356905,afternoon,16,daylight,0,dry,0,0,2,1,1,0,0,0,0,2,seriously_injured
2018,5,Tue,3,52.55756529,13.55429795,afternoon,12,daylight,0,dry,0,2,6,0,1,0,1,0,0,2,seriously_injured
2018,12,Sun,1,52.57180971,13.36022075,evening,20,dark,2,wet,1,2,6,0,1,0,0,0,0,3,slightly_injured
2018,10,Thu,5,52.51215835,13.31386613,afternoon,14,daylight,0,dry,0,3,6,0,1,0,1,0,0,2,seriously_injured
2018,3,Fri,6,52.57101301,13.39822143,evening,19,dark,2,dry,0,0,1,1,0,0,0,0,0,2,seriously_injured
2018,7,Mon,2,52.49799442,13.38914389,afternoon,15,daylight,0,dry,0,5,3,0,1,0,0,0,0,3,slightly_injured
2018,4,Tue,3,52.48743993,13.30065802,morning,10,daylight,0,dry,0,3,6,0,1,0,0,0,1,3,slightly_injured
2018,7,Sat,7,52.50927745,13.27108131,afternoon,15,daylight,0,dry,0,2,2,0,1,0,0,0,0,3,slightly_injured
2018,3,Wed,4,52.4207945,13.17081467,afternoon,13,daylight,0,dry,0,3,3,0,1,0,0,0,1,3,slightly_injured
2018,5,Tue,3,52.55930623,13.46673423,afternoon,17,daylight,0,dry,0,0,1,0,0,0,1,0,0,3,slightly_injured
2018,10,Mon,2,52.49389638,13.14662831,afternoon,13,daylight,0,dry,0,4,6,1,0,0,0,0,0,3,slightly_injured
2018,3,Thu,5,52.51093714,13.28601312,morning,8,daylight,0,dry,0,2,6,0,1,0,0,0,0,3,slightly_injured
2018,11,Sat,7,52.51507451,13.46188262,afternoon,17,dark,2,dry,0,2,6,0,1,0,0,0,0,3,slightly_injured
2018,9,Fri,6,52.5015952,13.36440379,afternoon,17,daylight,0,dry,0,6,6,1,0,1,0,0,0,3,slightly_injured
2018,8,Wed,4,52.53526723,13.43220014,evening,18,daylight,0,dry,0,2,2,1,0,0,1,0,0,3,slightly_injured
2018,6,Sat,7,52.48957961,13.35963316,afternoon,14,daylight,0,dry,0,2,6,1,1,0,0,0,1,2,seriously_injured
2018,6,Mon,2,52.46460634,13.45616516,afternoon,14,daylight,0,dry,0,3,6,0,1,0,1,0,0,3,slightly_injured
2018,8,Tue,3,52.5137587,13.34019406,morning,9,daylight,0,dry,0,2,6,0,1,0,1,0,0,3,slightly_injured
2018,5,Thu,5,52.5134504,13.4765842,morning,11,daylight,0,dry,0,2,6,0,1,0,0,0,1,3,slightly_injured
2018,4,Tue,3,52.5507491,13.41410612,evening,20,dark,2,dry,0,6,4,1,0,1,0,0,0,3,slightly_injured
2018,12,Fri,6,52.54907073,13.4134615,morning,9,daylight,0,dry,0,3,6,1,0,0,0,0,0,3,slightly_injured
2018,9,Thu,5,52.50488094,13.44850875,evening,18,dusk,1,dry,0,6,4,1,0,1,0,0,0,3,slightly_injured
2018,9,Fri,6,52.49879762,13.27320485,afternoon,14,daylight,0,dry,0,2,6,0,1,0,0,0,0,2,seriously_injured
2018,7,Thu,5,52.50479012,13.610454,afternoon,16,daylight,0,dry,0,0,2,1,1,0,0,0,0,3,slightly_injured
2018,7,Thu,5,52.51593863,13.45374027,morning,9,daylight,0,wet,1,5,2,1,1,0,0,0,0,3,slightly_injured
2018,5,Thu,5,52.43938741,13.38256278,morning,10,daylight,0,dry,0,6,2,0,1,1,0,0,0,3,slightly_injured
2018,3,Thu,5,52.46101446,13.41218735,morning,7,daylight,0,dry,0,0,1,0,1,0,0,0,0,3,slightly_injured
2018,11,Wed,4,52.53973604,13.43695649,morning,6,dark,2,wet,1,5,3,1,1,0,0,0,0,3,slightly_injured
2018,8,Fri,6,52.50934489,13.55342162,afternoon,13,daylight,0,dry,0,5,2,1,1,0,0,0,0,3,slightly_injured
2018,7,Tue,3,52.41887536,13.39888867,afternoon,17,daylight,0,dry,0,2,6,0,1,0,0,0,0,3,slightly_injured
2018,4,Wed,4,52.54721871,13.44826525,afternoon,15,daylight,0,dry,0,3,6,0,1,0,1,0,0,3,slightly_injured
2018,7,Mon,2,52.48507585,13.3539025,afternoon,14,daylight,0,dry,0,3,6,1,1,0,0,0,0,3,slightly_injured
2018,3,Fri,6,52.53406219,13.43779876,afternoon,12,daylight,0,wet,1,2,6,0,1,0,0,0,0,3,slightly_injured
2018,5,Wed,4,52.50619146,13.28191589,morning,11,daylight,0,dry,0,0,7,0,1,0,0,0,0,2,seriously_injured
2018,10,Tue,3,52.51338354,13.4772856,evening,18,dark,2,wet,1,5,3,1,1,0,0,0,0,3,slightly_injured
2018,3,Thu,5,52.43782349,13.38037403,afternoon,15,daylight,0,dry,0,2,2,0,1,0,0,1,0,3,slightly_injured
2018,11,Mon,2,52.43459822,13.49696182,afternoon,16,dark,2,dry,0,2,6,0,1,0,0,0,0,3,slightly_injured
2018,9,Sat,7,52.55178826,13.36729936,night,3,dark,2,dry,0,9,1,0,1,0,0,0,1,2,seriously_injured
2018,8,Fri,6,52.51720857,13.43933198,evening,18,daylight,0,dry,0,8,1,0,1,0,0,0,0,3,slightly_injured
2018,6,Sat,7,52.518084,13.43094176,evening,18,daylight,0,dry,0,2,6,0,1,0,0,0,0,3,slightly_injured
2018,6,Sat,7,52.5638701,13.36438027,evening,19,daylight,0,dry,0,0,1,0,0,0,1,0,0,3,slightly_injured
2018,6,Mon,2,52.5135153,13.47742678,afternoon,17,daylight,0,dry,0,5,2,1,1,0,0,0,0,3,slightly_injured
2018,8,Wed,4,52.50240978,13.44796075,morning,7,daylight,0,dry,0,6,4,0,1,1,0,0,0,2,seriously_injured
2018,5,Thu,5,52.50963693,13.37850496,morning,8,daylight,0,dry,0,2,4,1,0,1,0,0,0,3,slightly_injured
2018,4,Wed,4,52.5099301,13.28185624,morning,9,daylight,0,dry,0,3,2,0,1,0,1,0,0,3,slightly_injured
2018,12,Sat,7,52.49900142,13.28105941,afternoon,14,daylight,0,dry,0,2,6,0,1,0,0,0,0,3,slightly_injured
2018,9,Fri,6,52.51437131,13.46740703,morning,9,daylight,0,dry,0,5,2,1,1,0,0,0,0,3,slightly_injured
2018,9,Sat,7,52.51086976,13.39724929,evening,20,dark,2,dry,0,1,5,1,1,0,0,0,1,3,slightly_injured
2018,7,Thu,5,52.57105112,13.39835408,evening,21,dark,2,dry,0,5,3,1,1,0,0,0,0,3,slightly_injured
2018,3,Tue,3,52.51475935,13.46506183,morning,10,daylight,0,dry,0,6,4,1,0,1,0,0,0,3,slightly_injured
2018,7,Fri,6,52.58052142,13.40145701,morning,10,daylight,0,dry,0,2,6,0,1,0,1,0,0,3,slightly_injured
2018,3,Tue,3,52.5399748,13.37057247,afternoon,13,daylight,0,dry,0,3,6,0,1,0,0,0,0,3,slightly_injured
2018,5,Fri,6,52.53910744,13.42396899,afternoon,14,daylight,0,dry,0,5,2,1,1,0,0,0,0,3,slightly_injured
2018,2,Wed,4,52.49914639,13.3625878,afternoon,16,daylight,0,dry,0,6,4,0,1,1,0,0,0,3,slightly_injured
2018,11,Thu,5,52.51104054,13.39992702,evening,19,dark,2,dry,0,2,6,0,1,0,0,0,0,3,slightly_injured
2018,9,Mon,2,52.52984077,13.28384512,night,5,daylight,0,dry,0,2,6,0,1,0,0,0,0,3,slightly_injured