ujahr,umonat,weekday,uwochentag,long,lat,time_of_day,ustunde,light_condition,ulichtverh,street_condition,ustrzustand,uart,utyp1,ist_rad,ist_pkw,ist_fuss,ist_krad,ist_gkfz,ist_sonstige,ukategorie,accident_outcome
2018,2,Sat,7,52.51148197,13.30353898,afternoon,14,daylight,0,dry,0,6,7,0,1,1,0,0,0,3,slightly_injured
2018,11,Mon,2,52.50196642,13.15829103,morning,10,daylight,0,wet,1,0,6,0,0,0,0,0,1,3,slightly_injured
2018,8,Thu,5,52.51001195,13.51395697,afternoon,15,daylight,0,dry,0,2,6,0,1,0,0,0,0,3,slightly_injured
2018,3,Mon,2,52.52642718,13.42112339,afternoon,12,daylight,0,dry,0,5,3,1,1,0,0,0,0,3,slightly_injured
2018,10,Fri,6,52.46579047,13.49642143,morning,6,dark,2,dry,0,5,2,0,1,0,0,0,0,2,seriously_injured
2018,8,Tue,3,52.48658905,13.46522447,afternoon,13,daylight,0,dry,0,5,2,1,0,0,0,0,1,2,seriously_injured
2018,4,Mon,2,52.54803466,13.41329912,afternoon,15,daylight,0,dry,0,0,1,1,0,0,0,0,0,3,slightly_injured
2018,4,Wed,4,52.50991941,13.28169716,afternoon,13,daylight,0,dry,0,5,2,0,1,0,0,0,0,3,slightly_injured
2018,5,Tue,3,52.53910128,13.42400643,afternoon,16,daylight,0,dry,0,5,2,1,1,0,0,0,0,3,slightly_injured
2018,11,Fri,6,52.5698242,13.4003009,morning,9,daylight,0,dry,0,1,5,0,1,0,1,0,0,3,slightly_injured
2018,12,Mon,2,52.506338,13.36836442,morning,10,daylight,0,wet,1,2,2,1,1,0,0,0,0,3,slightly_injured
2018,9,Thu,5,52.55057197,13.41372528,afternoon,17,daylight,0,dry,0,5,2,1,0,0,0,0,1,3,slightly_injured
2018,8,Fri,6,52.47926121,13.30675603,afternoon,13,daylight,0,dry,0,3,6,0,1,0,0,0,1,2,seriously_injured
2018,6,Fri,6,52.4564328,13.51003015,morning,6,daylight,0,dry,0,3,6,1,0,0,0,0,1,3,slightly_injured
2018,7,Wed,4,52.55801691,13.36549219,afternoon,14,daylight,0,dry,0,5,3,0,1,0,1,0,0,3,slightly_injured
2018,5,Wed,4,52.51450732,13.46757327,morning,8,daylight,0,dry,0,5,3,1,1,0,0,0,0,2,seriously_injured
2018,2,Sat,7,52.51288035,13.32486386,afternoon,12,daylight,0,dry,0,2,6,0,1,0,0,0,0,3,slightly_injured
2018,11,Mon,2,52.54111769,13.36835116,evening,22,dark,2,dry,0,5,3,0,1,0,0,0,0,3,slightly_injured
2018,6,Sun,1,52.55113277,13.41382892,afternoon,14,daylight,0,dry,0,2,6,0,1,0,0,0,0,3,slightly_injured
2018,12,Thu,5,52.48694773,13.35723023,evening,20,dark,2,dry,0,6,2,0,1,1,0,0,0,2,seriously_injured
2018,10,Sat,7,52.51248743,13.31884366,afternoon,13,daylight,0,dry,0,3,6,0,1,0,1,0,0,3,slightly_injured
2018,2,Sat,7,52.51274599,13.3250976,morning,11,daylight,0,dry,0,5,7,0,1,0,0,0,1,3,slightly_injured
2018,8,Wed,4,52.50495334,13.60629127,afternoon,16,daylight,0,dry,0,5,3,1,1,0,0,0,0,3,slightly_injured
2018,4,Wed,4,52.51193991,13.45210723,evening,22,dark,2,dry,0,6,4,1,0,1,0,0,0,3,slightly_injured
2018,3,Fri,6,52.51489201,13.46232936,afternoon,15,daylight,0,dry,0,6,4,0,1,1,0,0,0,2,seriously_injured
2018,5,Wed,4,52.52003031,13.42254422,evening,20,daylight,0,dry,0,5,3,1,1,0,0,0,0,3,slightly_injured
2018,10,Wed,4,52.49748077,13.38926624,morning,9,daylight,0,dry,0,2,2,1,1,0,0,0,0,3,slightly_injured
2018,2,Sat,7,52.5632898,13.40905624,afternoon,12,daylight,0,dry,0,5,2,1,1,0,0,0,0,2,seriously_injured
2018,11,Tue,3,52.5103491,13.51144065,night,5,dark,2,dry,0,2,6,0,1,0,0,0,0,3,slightly_injured
2018,9,Sat,7,52.50753603,13.24239853,afternoon,17,daylight,0,dry,0,1,5,1,1,0,0,0,0,3,slightly_injured
2018,8,Fri,6,52.54517559,13.44423493,afternoon,14,daylight,0,dry,0,3,6,0,1,0,0,0,1,3,slightly_injured
2018,6,Sun,1,52.53421058,13.43749481,evening,23,dark,2,dry,0,6,2,0,1,1,0,0,0,3,slightly_injured
2018,7,Sun,1,52.51239878,13.32032918,afternoon,13,daylight,0,dry,0,2,6,1,1,0,0,0,0,3,slightly_injured
2018,6,Tue,3,52.54206397,13.4257742,evening,20,daylight,0,dry,0,6,4,1,0,1,0,0,0,3,slightly_injured
2018,8,Wed,4,52.57100736,13.39833831,evening,20,daylight,0,dry,0,0,1,0,0,0,1,0,0,2,seriously_injured
2018,5,Thu,5,52.48673495,13.35704241,afternoon,15,daylight,0,dry,0,3,6,1,0,0,0,0,1,3,slightly_injured
2018,4,Thu,5,52.51369765,13.47409437,morning,10,daylight,0,dry,0,0,1,0,0,0,1,0,0,3,slightly_injured
2018,12,Mon,2,52.43898821,13.27378434,afternoon,16,dark,2,dry,0,6,4,0,1,1,0,0,0,3,slightly_injured
2018,9,Sat,7,52.50464075,13.36714022,morning,11,daylight,0,dry,0,5,7,1,1,0,0,0,0,3,slightly_injured
2018,9,Sat,7,52.4222758,13.19583825,morning,11,daylight,0,dry,0,2,2,0,1,0,0,0,0,3,slightly_injured
2018,7,Fri,6,52.54285791,13.41246644,evening,18,daylight,0,dry,0,0,1,1,1,0,0,0,0,3,slightly_injured
2018,3,Tue,3,52.51022204,13.38766298,evening,21,dark,2,wet,1,3,6,1,1,0,0,0,0,3,slightly_injured
2018,7,Fri,6,52.51629389,13.44990611,evening,22,dark,2,dry,0,1,5,1,1,0,0,0,0,3,slightly_injured
2018,3,Wed,4,52.54102775,13.41262392,morning,9,daylight,0,wet,1,0,1,0,0,0,1,0,0,3,slightly_injured
2018,5,Fri,6,52.5158801,13.45375618,afternoon,15,daylight,0,dry,0,3,6,0,1,0,1,0,0,3,slightly_injured
2018,10,Thu,5,52.53416067,13.43091734,afternoon,17,daylight,0,dry,0,1,5,1,0,0,0,0,1,3,slightly_injured
2018,2,Sat,7,52.5454754,13.44487861,night,5,dark,2,icy,2,5,3,0,1,0,0,0,1,3,slightly_injured
2018,11,Fri,6,52.50142365,13.36425541,evening,23,dark,2,dry,0,2,6,0,1,0,0,0,0,3,slightly_injured
2018,9,Mon,2,52.51038665,13.28915596,morning,9,daylight,0,dry,0,0,2,1,1,0,0,0,0,3,slightly_injured
2018,8,Sat,7,52.56892524,13.40383611,afternoon,14,daylight,0,dry,0,2,6,1,1,0,0,0,1,3,slightly_injured
2018,3,Sun,1,52.43347813,13.37765096,afternoon,15,daylight,0,dry,0,6,7,0,1,1,0,0,0,3,slightly_injured
2018,10,Tue,3,52.51863475,13.41100463,afternoon,16,daylight,0,dry,0,5,2,0,1,0,1,0,1,3,slightly_injured
2018,8,Thu,5,52.45421446,13.51302578,evening,21,dark,2,dry,0,8,1,0,1,0,0,0,0,3,slightly_injured
2018,4,Sat,7,52.51312024,13.3285142,afternoon,17,daylight,0,dry,0,3,6,0,1,0,1,0,0,3,slightly_injured
2018,4,Sat,7,52.52375551,13.41844327,morning,7,daylight,0,dry,0,5,7,0,1,0,0,0,0,3,slightly_injured
2018,6,Fri,6,52.48319664,13.30666908,afternoon,15,daylight,0,dry,0,3,6,0,1,0,0,0,0,3,slightly_injured
2018,12,Fri,6,52.5017056,13.3644993,afternoon,17,dark,2,wet,1,2,6,0,1,0,0,0,0,3,slightly_injured
2018,9,Mon,2,52.51419111,13.47072015,morning,7,daylight,0,dry,0,5,3,1,0,0,1,0,0,2,seriously_injured
2018,9,Tue,3,52.50986198,13.38190718,morning,8,daylight,0,dry,0,2,6,1,1,0,0,0,0,3,slightly_injured
2018,6,Tue,3,52.58106016,13.4829273,afternoon,17,daylight,0,dry,0,5,3,0,1,0,1,0,0,3,slightly_injured
2018,7,Sat,7,52.53570378,13.30958302,morning,11,daylight,0,dry,0,8,1,0,1,0,0,0,0,3,slightly_injured
2018,5,Sun,1,52.53708736,13.43000094,evening,19,daylight,0,dry,0,2,2,1,0,0,0,0,0,3,slightly_injured
2018,2,Fri,6,52.47829972,13.35488984,afternoon,16,daylight,0,dry,0,2,6,0,1,0,0,0,0,3,slightly_injured
2018,11,Fri,6,52.57110028,13.30547724,evening,21,dark,2,dry,0,2,6,0,1,0,0,0,0,3,slightly_injured
2018,10,Wed,4,52.53786018,13.42775927,morning,10,daylight,0,dry,0,2,6,0,1,0,0,0,0,3,slightly_injured
2018,8,Mon,2,52.51511283,13.46011146,morning,8,daylight,0,dry,0,5,2,0,1,0,0,0,0,3,slightly_injured
2018,4,Sun,1,52.4637997,13.40308275,evening,21,dark,2,dry,0,8,1,0,1,0,0,0,0,3,slightly_injured
2018,4,Mon,2,52.57338911,13.35903702,evening,20,dark,2,dry,0,5,2,0,1,0,0,0,0,3,slightly_injured
2018,5,Mon,2,52.51051846,13.28861135,afternoon,15,daylight,0,dry,0,0,1,1,0,0,0,0,0,3,slightly_injured
2018,10,Tue,3,52.5143845,13.45366957,afternoon,17,dusk,1,wet,1,5,3,1,0,0,0,0,0,3,slightly_injured
2018,2,Fri,6,52.47354595,13.35613395,afternoon,14,daylight,0,dry,0,2,6,0,1,0,0,0,0,3,slightly_injured
2018,12,Sat,7,52.5390232,13.42432758,afternoon,12,daylight,0,dry,0,5,2,1,1,0,0,0,0,3,slightly_injured
2018,9,Wed,4,52.5087583,13.26242039,afternoon,14,daylight,0,dry,0,2,6,0,1,0,0,0,0,3,slightly_injured
2018,8,Thu,5,52.55010241,13.45932954,evening,19,dark,2,wet,1,0,1,0,0,0,1,0,0,3,slightly_injured
2018,6,Thu,5,52.52075087,13.42106459,morning,8,daylight,0,dry,0,3,6,0,1,0,1,0,0,3,slightly_injured
2018,6,Thu,5,52.54316786,13.4121258,afternoon,16,daylight,0,dry,0,5,2,1,0,0,0,0,1,3,slightly_injured
2018,8,Fri,6,52.52642892,13.42170364,afternoon,12,daylight,0,dry,0,0,6,0,0,0,1,1,0,3,slightly_injured
2018,3,Mon,2,52.51945246,13.41241194,afternoon,12,daylight,0,wet,1,5,3,1,1,0,0,0,0,3,slightly_injured
2018,4,Mon,2,52.4355187,13.25510629,afternoon,17,daylight,0,dry,0,1,7,0,1,0,0,0,0,3,slightly_injured
2018,4,Sun,1,52.48861856,13.38602493,afternoon,15,daylight,0,dry,0,0,7,1,0,0,0,0,0,3,slightly_injured
2018,6,Fri,6,52.51498604,13.35668218,evening,19,dusk,1,wet,1,2,6,0,1,0,0,0,0,3,slightly_injured
2018,12,Sun,1,52.46671398,13.38549964,evening,20,dark,2,wet,1,2,6,0,1,0,0,0,0,3,slightly_injured
2018,9,Mon,2,52.55801691,13.36549219,afternoon,16,daylight,0,dry,0,5,3,0,1,0,0,0,0,3,slightly_injured
2018,9,Tue,3,52.54157028,13.29608333,morning,11,daylight,0,dry,0,2,6,0,1,0,0,0,0,2,seriously_injured
2018,6,Wed,4,52.50731791,13.36887843,afternoon,12,daylight,0,dry,0,5,3,0,1,0,0,0,0,3,slightly_injured
2018,7,Mon,2,52.52811761,13.42345197,morning,7,daylight,0,dry,0,5,2,1,1,0,0,0,0,3,slightly_injured
2018,5,Mon,2,52.51415888,13.47103485,morning,8,daylight,0,dry,0,3,6,1,0,0,0,0,0,2,seriously_injured
2018,2,Fri,6,52.50942109,13.28420635,afternoon,13,daylight,0,dry,0,3,6,0,1,0,0,0,0,3,slightly_injured
2018,11,Sun,1,52.46367715,13.45068877,night,2,dark,2,dry,0,2,6,0,1,0,0,0,0,3,slightly_injured
2018,10,Wed,4,52.49132295,13.29537418,evening,20,dark,2,dry,0,2,6,0,1,0,0,0,0,2,seriously_injured
2018,8,Mon,2,52.6112559,13.25272039,evening,22,dark,2,dry,0,0,6,0,1,0,1,0,0,3,slightly_injured
2018,4,Sun,1,52.51582017,13.37156667,afternoon,17,daylight,0,dry,0,0,6,0,1,0,1,0,0,3,slightly_injured
2018,4,Tue,3,52.4615088,13.40861638,morning,9,daylight,0,wet,1,2,6,0,1,0,0,0,0,2,seriously_injured
2018,5,Mon,2,52.43368826,13.49849355,morning,8,daylight,0,dry,0,2,6,0,1,0,0,0,0,3,slightly_injured
2018,10,Wed,4,52.51316025,13.32912315,morning,8,daylight,0,dry,0,5,3,0,1,0,0,0,0,3,slightly_injured
2018,2,Fri,6,52.51467171,13.17606094,morning,9,daylight,0,dry,0,6,4,0,1,1,0,0,0,3,slightly_injured
2018,12,Mon,2,52.40739628,13.3579444,morning,8,daylight,0,wet,1,2,6,0,1,0,0,0,0,3,slightly_injured
2018,9,Wed,4,52.54710595,13.42847793,afternoon,17,daylight,0,dry,0,0,2,1,1,0,0,0,0,3,slightly_injured
2018,8,Thu,5,52.56306298,13.46912259,morning,11,daylight,0,wet,1,2,6,0,1,0,0,1,1,3,slightly_injured
2018,6,Thu,5,52.47792928,13.32825669,afternoon,15,daylight,0,dry,0,2,6,0,1,0,0,0,0,3,slightly_injured
2018,7,Wed,4,52.51047586,13.37149582,afternoon,12,daylight,0,dry,0,3,6,0,1,0,1,0,0,3,slightly_injured
2018,2,Fri,6,52.50508964,13.59088379,afternoon,13,daylight,0,dry,0,2,6,0,1,0,0,0,0,3,slightly_injured
2018,11,Sun,1,52.51403653,13.47079378,night,3,dark,2,dry,0,6,4,0,1,1,0,0,0,1,killed
2018,6,Fri,6,52.41212573,13.40236332,afternoon,13,daylight,0,dry,0,6,4,0,0,1,0,0,1,3,slightly_injured
2018,5,Tue,3,52.46716038,13.39534268,morning,9,daylight,0,dry,0,2,6,0,1,0,0,0,0,3,slightly_injured
2018,12,Tue,3,52.54549338,13.44491627,evening,18,dark,2,wet,1,5,2,0,1,0,0,0,0,2,seriously_injured
2018,10,Thu,5,52.50502442,13.44859688,evening,20,dark,2,dry,0,6,4,1,0,1,0,0,0,3,slightly_injured
2018,2,Fri,6,52.4349893,13.26054181,afternoon,16,daylight,0,dry,0,6,4,0,1,1,0,0,0,3,slightly_injured
2018,7,Mon,2,52.54941987,13.41387286,afternoon,16,daylight,0,dry,0,6,4,1,0,1,0,0,0,3,slightly_injured
2018,4,Wed,4,52.51372853,13.33973958,morning,11,daylight,0,dry,0,2,6,0,1,0,0,0,0,3,slightly_injured
2018,7,Sun,1,52.50519526,13.37195644,evening,21,dark,2,dry,0,5,3,0,1,0,0,0,0,2,seriously_injured
2018,3,Thu,5,52.49032596,13.38642761,afternoon,17,dark,2,wet,1,6,7,1,0,1,0,0,0,3,slightly_injured
2018,5,Wed,4,52.51502077,13.46103614,afternoon,16,daylight,0,dry,0,3,6,1,1,0,0,0,0,3,slightly_injured
2018,10,Tue,3,52.43147062,13.37670924,afternoon,14,daylight,0,wet,1,5,2,0,1,0,0,0,1,3,slightly_injured
2018,2,Thu,5,52.61706615,13.31643315,morning,8,daylight,0,wet,1,6,2,0,1,1,0,0,0,3,slightly_injured
2018,11,Sun,1,52.50687235,13.23167987,evening,22,dark,2,dry,0,5,2,0,1,0,0,0,1,3,slightly_injured
2018,9,Fri,6,52.51586785,13.45421055,afternoon,17,daylight,0,dry,0,5,2,1,1,0,0,0,0,3,slightly_injured
2018,8,Thu,5,52.54102285,13.36847991,evening,21,dark,2,dry,0,5,2,1,1,0,0,0,0,3,slightly_injured
2018,6,Sat,7,52.51586785,13.45421055,morning,10,daylight,0,dry,0,5,2,1,1,0,0,0,0,3,slightly_injured
2018,6,Sat,7,52.48946442,13.35952847,afternoon,16,daylight,0,dry,0,2,6,0,1,0,0,0,0,3,slightly_injured
2018,6,Mon,2,52.54540657,13.4441269,afternoon,15,daylight,0,dry,0,2,6,0,0,0,1,1,0,3,slightly_injured
2018,8,Wed,4,52.50378779,13.44772636,afternoon,15,daylight,0,dry,0,2,6,0,1,0,0,0,1,3,slightly_injured
2018,5,Thu,5,52.42843549,13.39312153,morning,9,daylight,0,dry,0,6,6,1,0,1,0,0,0,2,seriously_injured
2018,4,Wed,4,52.51157741,13.49510035,afternoon,17,daylight,0,dry,0,3,6,1,1,0,0,0,0,3,slightly_injured
2018,12,Fri,6,52.50912584,13.55233659,evening,20,dark,2,dry,0,2,6,0,1,0,0,0,0,3,slightly_injured
2018,9,Fri,6,52.56842561,13.36182522,morning,8,daylight,0,dry,0,5,2,1,1,0,0,0,0,3,slightly_injured
2018,9,Fri,6,52.50987725,13.27848233,evening,19,dusk,1,dry,0,6,7,1,0,1,0,0,0,3,slightly_injured
2018,7,Thu,5,52.60341302,13.27283725,afternoon,14,daylight,0,dry,0,2,6,0,1,0,1,0,0,3,slightly_injured
2018,3,Mon,2,52.51887791,13.28312285,afternoon,15,daylight,0,dry,0,2,6,0,1,0,0,0,0,3,slightly_injured
2018,7,Thu,5,52.51291468,13.40428103,afternoon,16,daylight,0,wet,1,2,6,0,1,0,0,0,0,3,slightly_injured
2018,3,Mon,2,52.50152416,13.28000728,afternoon,17,daylight,0,dry,0,2,6,0,1,0,0,0,0,3,slightly_injured
2018,5,Thu,5,52.53278123,13.28894022,afternoon,14,daylight,0,dry,0,3,6,0,1,0,1,0,0,3,slightly_injured
2018,2,Thu,5,52.60999305,13.25593727,morning,8,daylight,0,dry,0,2,6,0,1,0,0,0,0,3,slightly_injured
2018,11,Wed,4,52.45681974,13.45946613,evening,21,dark,2,dry,0,2,6,0,1,0,0,1,0,2,seriously_injured
2018,9,Sun,1,52.53973842,13.43695919,morning,9,daylight,0,dry,0,5,3,1,1,0,0,0,0,3,slightly_injured
2018,8,Sat,7,52.524932,13.41991794,morning,10,daylight,0,wet,1,9,1,0,0,0,1,0,0,3,slightly_injured
2018,10,Mon,2,52.61439859,13.44566279,afternoon,16,daylight,0,dry,0,2,6,0,1,0,0,0,0,3,slightly_injured
2018,8,Thu,5,52.50462522,13.44832931,night,3,dark,2,dry,0,6,6,1,0,1,0,0,0,3,slightly_injured
2018,4,Fri,6,52.52123993,13.41948327,morning,10,daylight,0,dry,0,3,6,0,1,0,1,0,0,3,slightly_injured
2018,4,Fri,6,52.46983099,13.38177452,afternoon,15,daylight,0,dry,0,8,1,0,1,0,0,0,0,2,seriously_injured
2018,5,Thu,5,52.52348834,13.41152331,afternoon,17,daylight,0,dry,0,3,6,0,1,0,0,1,0,3,slightly_injured
2018,12,Thu,5,52.50258388,13.37450212,evening,19,dark,2,wet,1,2,6,0,1,0,0,0,0,3,slightly_injured
2018,9,Sun,1,52.48159069,13.47334524,night,3,dark,2,wet,1,9,1,0,1,0,0,0,0,3,slightly_injured
2018,9,Tue,3,52.56897226,13.40379907,afternoon,16,daylight,0,dry,0,3,6,0,0,0,1,0,1,3,slightly_injured
2018,6,Mon,2,52.50853255,13.56224597,morning,10,daylight,0,dry,0,3,6,0,1,0,1,0,0,2,seriously_injured
2018,7,Fri,6,52.5220044,13.41638443,afternoon,16,daylight,0,dry,0,5,2,1,1,0,0,0,0,3,slightly_injured
2018,5,Sat,7,52.50984853,13.38169908,afternoon,13,daylight,0,dry,0,1,5,1,1,0,0,0,1,3,slightly_injured
2018,2,Thu,5,52.5608219,13.46757933,afternoon,15,daylight,0,dry,0,2,6,0,1,0,0,0,0,3,slightly_injured
2018,11,Fri,6,52.51425153,13.47012529,afternoon,15,daylight,0,dry,0,2,6,0,1,0,0,0,0,3,slightly_injured
2018,10,Tue,3,52.4874181,13.35741334,afternoon,15,daylight,0,dry,0,1,5,0,1,0,1,0,0,3,slightly_injured
2018,8,Sun,1,52.49631424,13.28393125,afternoon,13,daylight,0,dry,0,2,6,0,1,0,0,0,0,3,slightly_injured
2018,4,Sat,7,52.51068758,13.28590995,evening,19,daylight,0,dry,0,3,6,0,1,0,0,0,0,3,slightly_injured
2018,3,Sat,7,52.57990615,13.39851134,afternoon,17,daylight,0,wet,1,0,1,0,1,0,0,0,0,3,slightly_injured
2018,5,Sun,1,52.491693,13.4576975,night,3,dark,2,dry,0,5,3,1,1,0,0,0,0,2,seriously_injured
2018,10,Tue,3,52.54256147,13.36974216,morning,11,daylight,0,dry,0,6,7,0,1,1,0,0,0,3,slightly_injured
2018,2,Thu,5,52.51269946,13.32065298,afternoon,15,daylight,0,dry,0,3,2,0,1,0,0,0,0,3,slightly_injured
2018,11,Fri,6,52.50479525,13.60985856,evening,19,dark,2,wet,1,2,6,0,1,0,0,0,0,3,slightly_injured
2018,9,Tue,3,52.49477307,13.38894582,evening,18,dusk,1,dry,0,3,6,0,1,0,1,0,0,3,slightly_injured
2018,8,Wed,4,52.58079722,13.34551867,morning,8,daylight,0,dry,0,5,2,0,1,0,0,0,0,3,slightly_injured
2018,6,Wed,4,52.51282342,13.48289174,afternoon,15,daylight,0,dry,0,0,1,0,0,0,1,0,0,2,seriously_injured
2018,7,Tue,3,52.42135987,13.19542188,afternoon,13,daylight,0,dry,0,2,2,0,1,0,0,0,0,3,slightly_injured
2018,6,Wed,4,52.52003963,13.42251409,night,0,dark,2,dry,0,5,3,1,1,0,0,0,0,3,slightly_injured
2018,5,Mon,2,52.56456433,13.31258976,morning,11,daylight,0,dry,0,0,6,0,1,0,1,0,0,2,seriously_injured
2018,4,Sat,7,52.50059029,13.2799959,afternoon,15,daylight,0,dry,0,3,6,0,1,0,0,1,0,3,slightly_injured
2018,12,Sat,7,52.54104049,13.41196655,evening,18,dark,2,wet,1,5,2,1,0,0,0,0,1,3,slightly_injured
2018,10,Tue,3,52.47006396,13.38576192,morning,6,dark,2,dry,0,2,6,0,1,0,0,0,0,3,slightly_injured
2018,2,Wed,4,52.4345888,13.19323884,night,5,dark,2,dry,0,0,7,0,1,0,0,1,0,3,slightly_injured
2018,7,Mon,2,52.51323968,13.33281756,morning,8,daylight,0,dry,0,3,6,1,1,0,0,0,0,3,slightly_injured
2018,4,Tue,3,52.49187286,13.29443498,afternoon,12,daylight,0,dry,0,2,6,0,1,0,0,0,0,3,slightly_injured
2018,7,Thu,5,52.54844875,13.36919944,afternoon,14,daylight,0,dry,0,6,4,1,0,1,0,0,0,2,seriously_injured
2018,3,Tue,3,52.4541493,13.46143828,morning,9,daylight,0,wet,1,2,6,0,1,0,0,0,1,3,slightly_injured
2018,5,Tue,3,52.53447752,13.30198076,morning,8,daylight,0,dry,0,3,6,0,1,0,0,1,0,3,slightly_injured
2018,10,Mon,2,52.45296261,13.38431797,morning,6,dark,2,dry,0,2,6,0,1,0,0,0,0,3,slightly_injured
2018,2,Wed,4,52.50875772,13.26241104,evening,19,dark,2,dry,0,6,4,0,0,1,1,0,0,2,seriously_injured
2018,11,Wed,4,52.51643045,13.40879746,evening,19,dark,2,wet,1,6,4,1,0,1,0,0,0,3,slightly_injured
2018,9,Thu,5,52.54609891,13.41314121,evening,19,dark,2,wet,1,3,6,1,0,0,0,0,0,3,slightly_injured
2018,8,Tue,3,52.54077241,13.41463833,afternoon,16,daylight,0,dry,0,5,3,1,0,0,0,0,0,3,slightly_injured
2018,6,Fri,6,52.58546962,13.34193057,morning,11,daylight,0,dry,0,5,2,0,1,0,0,0,0,3,slightly_injured
2018,6,Sat,7,52.53867154,13.42618879,morning,6,daylight,0,dry,0,1,5,0,1,0,1,0,1,3,slightly_injured
2018,8,Mon,2,52.56518598,13.31041151,afternoon,17,daylight,0,dry,0,2,6,0,1,0,0,0,0,3,slightly_injured
2018,5,Wed,4,52.41764279,13.39958427,afternoon,12,daylight,0,dry,0,6,4,1,0,1,0,0,0,3,slightly_injured
2018,4,Tue,3,52.46559194,13.49637877,afternoon,15,daylight,0,dry,0,2,6,0,1,0,0,0,0,2,seriously_injured
2018,7,Tue,3,52.50193787,13.37691747,evening,18,daylight,0,dry,0,6,2,0,1,1,0,0,0,3,slightly_injured
2018,2,Wed,4,52.53603211,13.43309373,morning,11,daylight,0,dry,0,2,6,0,1,0,0,0,0,3,slightly_injured
2018,11,Sat,7,52.48970053,13.35974306,morning,9,daylight,0,dry,0,1,5,1,0,0,0,0,1,3,slightly_injured
2018,6,Thu,5,52.55309857,13.46718876,afternoon,13,daylight,0,wet,1,0,6,0,1,0,1,0,0,3,slightly_injured
2018,5,Tue,3,52.51067559,13.50419827,afternoon,16,daylight,0,dry,0,2,6,0,1,0,0,0,0,3,slightly_injured
2018,12,Sun,1,52.55924379,13.36503424,afternoon,13,daylight,0,wet,1,2,6,0,1,0,0,0,0,3,slightly_injured
2018,10,Wed,4,52.51531665,13.45362311,night,5,dark,2,wet,1,0,1,0,0,0,1,0,0,3,slightly_injured
2018,2,Wed,4,52.44847315,13.38517126,afternoon,16,daylight,0,dry,0,2,6,0,1,0,0,0,0,3,slightly_injured
2018,7,Mon,2,52.53327756,13.42944198,evening,20,daylight,0,dry,0,3,6,1,0,0,0,0,0,3,slightly_injured
2018,4,Tue,3,52.5169924,13.40893513,night,5,daylight,0,dry,0,5,2,0,1,0,1,0,0,3,slightly_injured
2018,7,Fri,6,52.50822849,13.56267422,afternoon,13,daylight,0,dry,0,3,6,0,1,0,0,1,0,3,slightly_injured
2018,3,Wed,4,52.5111858,13.39995793,afternoon,15,daylight,0,dry,0,0,6,0,1,0,0,0,1,3,slightly_injured
2018,5,Tue,3,52.50938631,13.37377043,afternoon,15,daylight,0,dry,0,2,6,0,1,0,0,0,0,3,slightly_injured
2018,10,Mon,2,52.50654446,13.36848736,afternoon,17,dusk,1,wet,1,2,6,0,1,0,0,0,1,3,slightly_injured
2018,2,Wed,4,52.48678492,13.46492928,afternoon,14,daylight,0,dry,0,9,1,0,1,0,0,0,0,2,seriously_injured
2018,11,Fri,6,52.50344574,13.44744084,evening,18,dark,2,dry,0,3,6,1,0,0,0,0,0,2,seriously_injured
2018,9,Fri,6,52.58602936,13.34150662,afternoon,15,daylight,0,dry,0,0,3,1,0,0,0,0,0,3,slightly_injured
2018,8,Wed,4,52.51061296,13.50498594,morning,11,daylight,0,dry,0,5,2,1,1,0,0,0,0,2,seriously_injured
2018,6,Sat,7,52.51660646,13.40851402,night,4,daylight,0,dry,0,3,6,1,0,0,0,0,0,3,slightly_injured
2018,6,Sun,1,52.51706215,13.45378645,afternoon,17,daylight,0,dry,0,0,7,1,0,0,0,0,1,3,slightly_injured
2018,8,Tue,3,52.41362773,13.36193641,morning,6,daylight,0,dry,0,5,2,1,1,0,0,0,0,3,slightly_injured
2018,5,Thu,5,52.50971415,13.28532905,afternoon,14,daylight,0,dry,0,2,6,0,1,0,0,0,0,3,slightly_injured
2018,4,Tue,3,52.5047641,13.61346612,morning,6,dusk,1,dry,0,5,2,0,1,0,1,0,0,2,seriously_injured
2018,12,Thu,5,52.49610157,13.28409214,afternoon,17,dusk,1,wet,1,2,6,0,1,0,0,0,1,3,slightly_injured
2018,9,Thu,5,52.52559584,13.42007051,afternoon,14,daylight,0,dry,0,6,4,0,0,1,1,0,0,3,slightly_injured
2018,9,Fri,6,52.41822721,13.19607732,morning,8,daylight,0,wet,1,2,6,0,1,0,0,0,0,3,slightly_injured
2018,7,Wed,4,52.54418541,13.41265052,night,3,dark,2,dry,0,3,6,0,1,0,1,0,0,3,slightly_injured
2018,7,Wed,4,52.51699271,13.40893547,afternoon,14,daylight,0,dry,0,5,3,1,1,0,0,0,0,3,slightly_injured
2018,5,Thu,5,52.51594044,13.45373964,evening,18,daylight,0,dry,0,5,2,1,1,0,0,0,0,3,slightly_injured