ujahr,umonat,weekday,uwochentag,long,lat,time_of_day,ustunde,light_condition,ulichtverh,street_condition,ustrzustand,uart,utyp1,ist_rad,ist_pkw,ist_fuss,ist_krad,ist_gkfz,ist_sonstige,ukategorie,accident_outcome
2018,2,Tue,3,52.53915846,13.42474941,afternoon,13,daylight,0,dry,0,3,6,0,1,0,0,0,1,3,slightly_injured
2018,11,Tue,3,52.48761598,13.46368209,evening,18,dark,2,wet,1,6,7,1,0,1,0,0,0,3,slightly_injured
2018,8,Fri,6,52.51578791,13.45422977,morning,7,daylight,0,dry,0,2,6,0,1,0,1,0,0,3,slightly_injured
2018,10,Mon,2,52.54170915,13.41201519,morning,7,daylight,0,dry,0,2,6,0,1,0,0,0,0,3,slightly_injured
2018,8,Wed,4,52.51774532,13.39975756,evening,23,dark,2,dry,0,3,6,1,1,0,0,0,0,3,slightly_injured
2018,4,Thu,5,52.4350234,13.26116711,evening,19,daylight,0,dry,0,2,6,0,1,0,0,0,0,3,slightly_injured
2018,4,Fri,6,52.48410994,13.30503106,afternoon,17,daylight,0,dry,0,2,6,0,1,0,0,0,0,3,slightly_injured
2018,5,Thu,5,52.43075874,13.37637028,morning,11,daylight,0,dry,0,2,6,0,1,0,1,0,0,2,seriously_injured
2018,12,Thu,5,52.43829934,13.27156991,afternoon,12,daylight,0,dry,0,6,6,1,0,1,0,0,0,3,slightly_injured
2018,9,Fri,6,52.50201043,13.36476297,evening,19,dark,2,wet,1,6,4,0,0,1,0,0,1,2,seriously_injured
2018,9,Mon,2,52.56811941,13.47643147,afternoon,12,daylight,0,dry,0,5,3,1,1,0,0,0,0,3,slightly_injured
2018,6,Sat,7,52.55862907,13.4135502,afternoon,16,daylight,0,dry,0,3,6,1,1,0,0,0,0,2,seriously_injured
2018,7,Thu,5,52.51065256,13.50448098,morning,10,daylight,0,dry,0,5,2,1,0,0,0,0,1,3,slightly_injured
2018,5,Thu,5,52.49229866,13.36089137,evening,20,dusk,1,dry,0,6,4,0,1,1,0,0,0,2,seriously_injured
2018,2,Tue,3,52.51406303,13.47052572,afternoon,15,daylight,0,dry,0,6,4,0,1,1,0,0,0,3,slightly_injured
2018,11,Wed,4,52.53991042,13.37042842,afternoon,16,dusk,1,dry,0,5,2,0,1,0,0,0,0,3,slightly_injured
2018,10,Tue,3,52.51890199,13.28311184,evening,18,daylight,0,dry,0,2,6,0,0,0,1,0,1,3,slightly_injured
2018,8,Sun,1,52.53902605,13.42431923,night,3,dark,2,dry,0,0,3,1,1,0,0,0,0,3,slightly_injured
2018,4,Sat,7,52.56656631,13.47294225,night,4,dark,2,dry,0,9,1,0,1,0,0,0,0,2,seriously_injured
2018,3,Thu,5,52.47420158,13.35986031,afternoon,12,daylight,0,wet,1,2,6,0,1,0,0,1,0,3,slightly_injured
2018,5,Fri,6,52.49756043,13.3892459,evening,22,dark,2,dry,0,0,3,0,0,0,1,1,0,3,slightly_injured
2018,10,Mon,2,52.51387236,13.47378973,evening,18,dusk,1,wet,1,2,6,1,1,0,0,0,0,3,slightly_injured
2018,2,Tue,3,52.57420444,13.34912303,evening,19,dark,2,dry,0,1,5,0,1,0,0,0,0,3,slightly_injured
2018,11,Thu,5,52.46204081,13.40598248,evening,23,dark,2,dry,0,2,7,0,1,0,0,0,0,3,slightly_injured
2018,9,Tue,3,52.513621,13.45333254,afternoon,15,daylight,0,dry,0,0,1,1,0,0,0,0,0,3,slightly_injured
2018,8,Tue,3,52.5173102,13.45369283,evening,20,dark,2,dry,0,1,5,1,1,0,0,0,0,3,slightly_injured
2018,6,Tue,3,52.5113993,13.30514703,afternoon,12,daylight,0,dry,0,5,2,1,1,0,0,0,0,2,seriously_injured
2018,7,Tue,3,52.44695005,13.38561407,morning,9,daylight,0,dry,0,2,6,0,1,0,0,0,0,3,slightly_injured
2018,6,Wed,4,52.42769045,13.51723761,afternoon,16,daylight,0,dry,0,2,6,0,1,0,0,0,0,3,slightly_injured
2018,5,Sun,1,52.50101744,13.37675883,afternoon,13,daylight,0,dry,0,1,1,0,1,0,0,0,0,3,slightly_injured
2018,4,Fri,6,52.5456747,13.41302825,evening,22,dark,2,wet,1,6,4,1,0,1,0,0,0,3,slightly_injured
2018,12,Fri,6,52.5143925,13.4672112,afternoon,13,daylight,0,wet,1,5,3,1,1,0,0,0,0,3,slightly_injured
2018,10,Tue,3,52.47449979,13.35029845,morning,6,dusk,1,dry,0,3,6,0,1,0,0,1,1,2,seriously_injured
2018,7,Sun,1,52.54751588,13.44895302,morning,11,daylight,0,dry,0,1,5,1,1,0,0,0,0,3,slightly_injured
2018,4,Mon,2,52.4855799,13.35534797,afternoon,15,daylight,0,wet,1,1,5,1,1,0,0,0,0,3,slightly_injured
2018,7,Wed,4,52.54488186,13.41282407,afternoon,16,daylight,0,dry,0,1,5,1,0,0,0,0,1,2,seriously_injured
2018,3,Mon,2,52.59221462,13.40251883,afternoon,16,daylight,0,dry,0,5,3,1,1,0,0,0,0,3,slightly_injured
2018,5,Sun,1,52.52179335,13.45058255,evening,19,dusk,1,dry,0,2,6,0,1,0,0,0,0,3,slightly_injured
2018,10,Sun,1,52.46718408,13.23422482,evening,18,dark,2,dry,0,0,1,0,0,0,1,0,0,2,seriously_injured
2018,2,Tue,3,52.51009072,13.45175072,afternoon,14,daylight,0,dry,0,1,6,0,1,0,0,1,0,3,slightly_injured
2018,11,Mon,2,52.51009265,13.28181007,morning,9,daylight,0,dry,0,5,2,0,1,0,0,0,0,3,slightly_injured
2018,9,Wed,4,52.50087057,13.37685718,evening,19,daylight,0,dry,0,3,6,0,1,0,1,0,0,3,slightly_injured
2018,8,Tue,3,52.41370328,13.36258431,morning,7,daylight,0,dry,0,2,6,0,0,0,1,1,0,3,slightly_injured
2018,3,Mon,2,52.60778195,13.32389972,evening,20,dark,2,wet,1,6,2,0,1,1,0,0,0,3,slightly_injured
2018,6,Thu,5,52.46806704,13.49304805,morning,7,daylight,0,dry,0,2,6,0,1,0,1,0,0,3,slightly_injured
2018,3,Tue,3,52.51510549,13.46158243,afternoon,17,daylight,0,wet,1,6,4,0,1,1,0,0,0,3,slightly_injured
2018,6,Fri,6,52.51276546,13.48479297,afternoon,16,daylight,0,dry,0,2,6,0,1,0,0,0,0,3,slightly_injured
2018,8,Sun,1,52.57330982,13.35698194,morning,11,daylight,0,dry,0,1,7,0,1,0,0,0,1,2,seriously_injured
2018,5,Wed,4,52.43035649,13.37617876,morning,9,daylight,0,dry,0,2,6,0,1,0,0,0,0,3,slightly_injured
2018,4,Mon,2,52.48186313,13.30971734,afternoon,16,daylight,0,dry,0,2,1,0,1,0,0,0,1,2,seriously_injured
2018,12,Tue,3,52.44792034,13.30008827,morning,7,dusk,1,wet,1,0,1,1,0,0,0,0,0,3,slightly_injured
2018,9,Tue,3,52.57734513,13.48339197,morning,11,daylight,0,dry,0,5,2,1,0,0,0,0,1,3,slightly_injured
2018,9,Wed,4,52.42336231,13.39634705,evening,22,dark,2,dry,0,5,2,0,1,0,0,0,0,3,slightly_injured
2018,6,Thu,5,52.48449864,13.47943738,afternoon,12,daylight,0,dry,0,5,3,0,1,0,0,0,0,3,slightly_injured
2018,7,Tue,3,52.54100321,13.4384128,morning,10,daylight,0,dry,0,0,3,1,1,0,0,0,0,2,seriously_injured
2018,7,Tue,3,52.41995569,13.39791568,evening,19,daylight,0,dry,0,1,1,0,1,0,1,0,0,2,seriously_injured
2018,5,Tue,3,52.51640636,13.18027137,morning,6,daylight,0,dry,0,3,2,0,1,0,1,0,0,3,slightly_injured
2018,2,Mon,2,52.53318243,13.29080269,night,1,dark,2,dry,0,8,1,0,0,0,0,1,0,2,seriously_injured
2018,11,Mon,2,52.55164039,13.30371834,afternoon,13,daylight,0,wet,1,2,6,0,1,0,0,1,0,3,slightly_injured
2018,8,Thu,5,52.62732864,13.47905748,afternoon,12,daylight,0,dry,0,9,1,0,1,0,0,0,0,3,slightly_injured
2018,10,Fri,6,52.51585614,13.45421337,evening,22,dark,2,dry,0,5,3,1,1,0,0,0,0,3,slightly_injured
2018,8,Tue,3,52.5278732,13.4458828,afternoon,16,daylight,0,dry,0,3,6,1,1,0,0,0,0,3,slightly_injured
2018,4,Tue,3,52.51852463,13.42932028,afternoon,12,daylight,0,dry,0,5,3,1,0,0,0,0,0,2,seriously_injured
2018,4,Thu,5,52.5049672,13.60421652,morning,10,daylight,0,dry,0,5,3,0,1,0,0,0,0,3,slightly_injured
2018,5,Wed,4,52.51021788,13.51343436,morning,8,daylight,0,dry,0,5,5,1,1,0,0,0,0,3,slightly_injured
2018,11,Fri,6,52.41863263,13.39865789,afternoon,14,daylight,0,dry,0,6,4,0,1,1,0,0,0,3,slightly_injured
2018,12,Tue,3,52.44604879,13.3856231,afternoon,16,dark,2,wet,1,1,5,1,1,0,0,0,1,3,slightly_injured
2018,9,Thu,5,52.49731234,13.28282343,morning,7,daylight,0,dry,0,2,6,0,1,0,1,0,0,2,seriously_injured
2018,8,Fri,6,52.45648613,13.50995396,morning,8,daylight,0,dry,0,5,3,1,0,0,0,0,1,3,slightly_injured
2018,6,Fri,6,52.46781541,13.49310587,afternoon,12,daylight,0,dry,0,5,3,1,1,0,0,0,0,3,slightly_injured
2018,7,Wed,4,52.43809019,13.38062303,evening,22,dark,2,dry,0,8,1,1,0,0,0,0,0,3,slightly_injured
2018,5,Wed,4,52.56836891,13.36185502,evening,18,daylight,0,dry,0,5,2,1,1,0,0,0,0,3,slightly_injured
2018,12,Tue,3,52.48184447,13.34828776,afternoon,17,dark,2,wet,1,2,3,0,1,0,0,0,1,3,slightly_injured
2018,9,Wed,4,52.51135189,13.30151865,evening,18,dusk,1,dry,0,5,3,0,1,0,0,0,0,2,seriously_injured
2018,9,Thu,5,52.52542303,13.41986444,evening,20,dusk,1,dry,0,0,1,1,0,0,0,0,0,3,slightly_injured
2018,7,Tue,3,52.54754275,13.30044663,evening,23,dark,2,dry,0,0,1,0,0,0,1,0,0,3,slightly_injured
2018,7,Tue,3,52.49413857,13.28955091,morning,11,daylight,0,dry,0,2,6,0,1,0,0,0,1,3,slightly_injured
2018,5,Wed,4,52.50483938,13.28152134,morning,9,daylight,0,dry,0,2,6,0,0,0,0,1,1,3,slightly_injured
2018,2,Mon,2,52.44178791,13.38682664,morning,8,daylight,0,dry,0,2,6,0,1,0,0,0,0,3,slightly_injured
2018,11,Tue,3,52.50690717,13.23223073,afternoon,16,dusk,1,wet,1,3,6,0,1,0,0,1,0,3,slightly_injured
2018,8,Thu,5,52.51738421,13.39387983,evening,23,dark,2,dry,0,5,3,1,1,0,0,0,0,2,seriously_injured
2018,10,Sat,7,52.50921397,13.26979469,afternoon,13,daylight,0,dry,0,5,2,1,1,0,0,0,0,3,slightly_injured
2018,8,Wed,4,52.51669535,13.40911633,morning,11,daylight,0,dry,0,5,2,1,1,0,0,0,0,3,slightly_injured
2018,4,Thu,5,52.49924727,13.38262525,morning,7,daylight,0,dry,0,1,5,1,1,0,0,0,1,2,seriously_injured
2018,4,Thu,5,52.51897614,13.41195371,afternoon,14,daylight,0,dry,0,2,7,0,1,0,0,0,1,3,slightly_injured
2018,5,Wed,4,52.50777276,13.24620966,evening,21,dusk,1,dry,0,1,5,0,1,0,0,0,0,3,slightly_injured
2018,12,Wed,4,52.50962004,13.37825342,evening,18,dark,2,dry,0,6,4,0,1,1,0,0,0,3,slightly_injured
2018,9,Thu,5,52.5288214,13.36917128,afternoon,12,daylight,0,dry,0,0,7,0,0,0,1,0,0,2,seriously_injured
2018,9,Sat,7,52.51009771,13.28188739,afternoon,17,daylight,0,dry,0,5,2,0,1,0,0,0,0,3,slightly_injured
2018,6,Sat,7,52.47905198,13.31539978,morning,11,daylight,0,dry,0,0,1,0,0,0,1,0,0,3,slightly_injured
2018,7,Thu,5,52.50518693,13.44869669,evening,20,daylight,0,dry,0,5,3,1,1,0,0,0,0,3,slightly_injured
2018,5,Wed,4,52.47655651,13.3470917,morning,10,daylight,0,dry,0,2,6,0,1,0,0,1,1,3,slightly_injured
2018,2,Mon,2,52.49803745,13.38913917,afternoon,17,daylight,0,dry,0,5,3,0,1,0,0,0,1,3,slightly_injured
2018,11,Wed,4,52.55770983,13.55442259,evening,20,dark,2,dry,0,5,2,1,1,0,0,0,0,3,slightly_injured
2018,6,Tue,3,52.4606956,13.41803593,evening,20,daylight,0,dry,0,9,1,0,0,0,1,0,0,2,seriously_injured
2018,12,Sun,1,52.5107245,13.50521722,afternoon,16,dusk,1,dry,0,2,6,0,1,0,0,0,0,3,slightly_injured
2018,10,Sun,1,52.47991102,13.35256128,afternoon,14,daylight,0,dry,0,9,7,0,0,0,1,0,0,2,seriously_injured
2018,8,Sat,7,52.5372233,13.43447933,afternoon,13,daylight,0,dry,0,3,6,1,0,0,0,1,0,3,slightly_injured
2018,4,Fri,6,52.50858871,13.25938332,afternoon,13,daylight,0,dry,0,5,2,0,1,0,1,0,0,3,slightly_injured
2018,3,Tue,3,52.43815176,13.38068133,evening,18,daylight,0,dry,0,2,6,0,1,0,0,0,0,3,slightly_injured
2018,5,Fri,6,52.51614335,13.37665947,morning,10,daylight,0,dry,0,5,2,1,0,0,0,1,0,2,seriously_injured
2018,10,Sat,7,52.54612591,13.4457325,morning,11,daylight,0,dry,0,6,4,0,1,1,0,0,0,2,seriously_injured
2018,2,Mon,2,52.43765439,13.38809612,afternoon,16,daylight,0,dry,0,5,3,1,1,0,0,0,0,3,slightly_injured
2018,11,Thu,5,52.51492058,13.46204241,afternoon,16,dusk,1,dry,0,6,7,0,1,1,0,0,0,3,slightly_injured
2018,9,Mon,2,52.50489337,13.61355349,evening,18,daylight,0,dry,0,5,2,1,1,0,0,0,0,3,slightly_injured
2018,8,Sat,7,52.51281606,13.4842809,night,0,dark,2,dry,0,0,1,1,0,0,0,0,0,3,slightly_injured
2018,6,Tue,3,52.49662367,13.38947925,morning,9,daylight,0,dry,0,3,6,1,0,0,0,0,0,3,slightly_injured
2018,7,Mon,2,52.51832662,13.41107549,evening,19,daylight,0,dry,0,2,6,0,1,0,1,0,0,3,slightly_injured
2018,6,Tue,3,52.51056032,13.28927464,afternoon,16,daylight,0,dry,0,2,2,0,1,0,0,0,0,3,slightly_injured
2018,5,Sat,7,52.51712548,13.39278199,afternoon,14,daylight,0,dry,0,0,1,0,0,0,1,0,0,3,slightly_injured
2018,4,Fri,6,52.5130672,13.32770697,evening,20,dark,2,wet,1,2,6,0,1,0,1,0,0,3,slightly_injured
2018,12,Wed,4,52.56373634,13.36441466,afternoon,14,daylight,0,wet,1,2,2,0,1,0,0,0,0,3,slightly_injured
2018,9,Sun,1,52.61000462,13.39785116,afternoon,16,daylight,0,dry,0,2,6,0,0,0,1,0,0,2,seriously_injured
2018,7,Sat,7,52.4650469,13.40091711,afternoon,13,daylight,0,dry,0,2,6,0,1,0,0,0,0,3,slightly_injured
2018,4,Mon,2,52.40754618,13.40497117,night,0,dark,2,dry,0,1,5,0,1,0,0,0,1,3,slightly_injured
2018,7,Mon,2,52.56470927,13.36394613,evening,18,daylight,0,dry,0,5,2,1,1,0,0,0,0,3,slightly_injured
2018,3,Fri,6,52.52637768,13.44790714,evening,20,dark,2,dry,0,3,6,0,1,0,0,0,0,3,slightly_injured
2018,5,Sun,1,52.56807881,13.47634534,afternoon,14,daylight,0,dry,0,5,2,1,1,0,0,0,0,2,seriously_injured
2018,10,Fri,6,52.51222768,13.31492001,afternoon,15,daylight,0,dry,0,5,2,0,1,0,1,0,0,3,slightly_injured
2018,2,Mon,2,52.47817467,13.33491786,afternoon,15,daylight,0,dry,0,0,6,0,1,0,0,0,0,3,slightly_injured
2018,11,Sat,7,52.47384684,13.35749633,evening,19,dark,2,wet,1,2,6,0,1,0,0,0,1,3,slightly_injured
2018,9,Tue,3,52.51537542,13.18527838,morning,7,daylight,0,dry,0,6,3,0,1,1,0,0,0,3,slightly_injured
2018,8,Mon,2,52.54291422,13.41210474,morning,8,daylight,0,dry,0,3,6,1,0,0,0,0,0,3,slightly_injured
2018,3,Mon,2,52.50148122,13.3643052,morning,7,daylight,0,dry,0,2,6,0,1,0,0,0,0,3,slightly_injured
2018,6,Wed,4,52.43834286,13.38367948,afternoon,15,daylight,0,dry,0,0,6,0,1,0,0,0,1,3,slightly_injured
2018,10,Wed,4,52.43967711,13.38759447,afternoon,12,daylight,0,dry,0,2,6,0,1,0,0,0,0,3,slightly_injured
2018,6,Fri,6,52.51423804,13.1910389,morning,11,daylight,0,dry,0,5,2,0,1,0,0,0,0,2,seriously_injured
2018,8,Fri,6,52.53228434,13.42873769,afternoon,15,daylight,0,dry,0,6,4,1,0,1,0,0,0,3,slightly_injured
2018,5,Tue,3,52.48768668,13.35765308,afternoon,16,daylight,0,dry,0,0,7,0,1,1,0,0,0,3,slightly_injured
2018,4,Mon,2,52.46179902,13.45565564,night,5,dusk,1,dry,0,2,6,0,1,0,0,0,0,3,slightly_injured
2018,12,Mon,2,52.4348152,13.26216904,morning,11,daylight,0,dry,0,5,2,1,1,0,0,0,0,3,slightly_injured
2018,9,Tue,3,52.5055815,13.28284197,morning,10,daylight,0,dry,0,2,6,0,1,0,0,0,0,3,slightly_injured
2018,9,Wed,4,52.50419387,13.62072627,morning,8,daylight,0,dry,0,5,3,0,1,0,0,0,0,3,slightly_injured
2018,6,Wed,4,52.49748435,13.38926535,afternoon,15,daylight,0,dry,0,0,6,1,0,0,0,0,0,3,slightly_injured
2018,7,Mon,2,52.49821815,13.28203387,afternoon,17,daylight,0,dry,0,3,6,0,1,0,0,1,0,3,slightly_injured
2018,5,Mon,2,52.57170691,13.36011732,afternoon,14,daylight,0,dry,0,5,2,1,1,0,0,0,0,3,slightly_injured
2018,2,Mon,2,52.57713956,13.39842852,afternoon,13,daylight,0,dry,0,0,4,0,0,1,0,0,1,2,seriously_injured
2018,11,Sun,1,52.53635153,13.43291789,evening,19,dark,2,wet,1,0,1,0,0,0,1,0,0,2,seriously_injured
2018,8,Thu,5,52.56055303,13.36478308,afternoon,13,daylight,0,dry,0,5,2,1,1,0,0,0,0,2,seriously_injured
2018,3,Sun,1,52.4993083,13.28107227,afternoon,13,daylight,0,dry,0,2,6,0,1,0,0,0,0,3,slightly_injured
2018,10,Fri,6,52.50958077,13.37766861,afternoon,15,daylight,0,dry,0,3,6,0,1,0,1,0,0,3,slightly_injured
2018,8,Tue,3,52.53305235,13.42917849,morning,8,daylight,0,dry,0,5,3,1,0,0,1,0,0,2,seriously_injured
2018,4,Mon,2,52.46711848,13.39543866,morning,9,daylight,0,dry,0,2,6,0,1,0,1,0,0,3,slightly_injured
2018,4,Tue,3,52.51062703,13.29308804,evening,20,dark,2,dry,0,6,4,0,1,1,0,0,0,2,seriously_injured
2018,5,Tue,3,52.50249701,13.28054452,afternoon,15,daylight,0,dry,0,2,6,0,1,0,0,0,1,3,slightly_injured
2018,10,Wed,4,52.51823425,13.28360821,morning,11,daylight,0,dry,0,2,6,0,1,0,0,1,1,3,slightly_injured
2018,12,Mon,2,52.43830936,13.38786353,evening,19,dark,2,dry,0,5,7,0,1,0,0,0,1,3,slightly_injured
2018,9,Wed,4,52.43861481,13.38111969,afternoon,13,daylight,0,dry,0,3,6,0,1,0,1,0,0,3,slightly_injured
2018,8,Thu,5,52.51304069,13.48205463,night,5,dusk,1,dry,0,0,7,1,0,0,0,0,0,3,slightly_injured
2018,6,Thu,5,52.51066054,13.29366827,evening,18,daylight,0,dry,0,2,7,0,1,0,0,0,0,3,slightly_injured
2018,7,Wed,4,52.50244654,13.44782234,afternoon,15,daylight,0,dry,0,5,3,0,1,0,1,0,0,3,slightly_injured
2018,2,Sun,1,52.50785989,13.22262932,night,1,dark,2,dry,0,1,5,0,1,0,0,1,0,3,slightly_injured
2018,11,Mon,2,52.53202768,13.42843523,afternoon,17,dark,2,dry,0,2,6,0,1,0,0,0,0,3,slightly_injured
2018,6,Sat,7,52.48545424,13.35470541,afternoon,14,daylight,0,dry,0,6,4,1,1,1,0,0,0,3,slightly_injured
2018,5,Tue,3,52.50741709,13.36892799,afternoon,13,daylight,0,dry,0,0,2,1,1,0,0,0,0,3,slightly_injured
2018,12,Thu,5,52.57431329,13.34763732,afternoon,16,dark,2,wet,1,2,6,0,1,0,0,0,0,2,seriously_injured
2018,10,Fri,6,52.48941465,13.38616051,evening,21,dark,2,dry,0,6,4,0,1,1,0,0,0,2,seriously_injured
2018,2,Sun,1,52.52489861,13.41987896,evening,19,dark,2,dry,0,5,3,1,1,0,0,0,0,3,slightly_injured
2018,8,Wed,4,52.5074706,13.28381507,evening,18,daylight,0,dry,0,2,6,0,1,0,0,0,0,3,slightly_injured
2018,4,Wed,4,52.5220044,13.41638443,afternoon,15,daylight,0,dry,0,5,2,1,1,0,0,0,0,3,slightly_injured
2018,3,Fri,6,52.46895173,13.38572802,morning,9,daylight,0,dry,0,2,6,0,1,0,0,0,0,3,slightly_injured
2018,5,Wed,4,52.51415915,13.28525595,afternoon,14,daylight,0,dry,0,3,6,0,1,0,0,1,0,3,slightly_injured
2018,10,Wed,4,52.46268647,13.44429489,morning,11,daylight,0,dry,0,3,6,0,1,0,0,1,0,3,slightly_injured
2018,2,Fri,6,52.52031906,13.40517203,afternoon,12,daylight,0,dry,0,2,6,1,1,0,0,0,0,3,slightly_injured
2018,11,Mon,2,52.51973657,13.28273041,afternoon,17,dark,2,wet,1,2,6,0,1,0,0,0,0,3,slightly_injured
2018,9,Sat,7,52.56533568,13.36361635,morning,11,daylight,0,dry,0,1,6,1,0,0,1,0,0,3,slightly_injured
2018,8,Fri,6,52.55077652,13.41376075,morning,7,daylight,0,dry,0,2,2,1,1,0,0,0,0,3,slightly_injured
2018,6,Sat,7,52.51594432,13.37352629,afternoon,13,daylight,0,dry,0,3,6,0,0,0,1,1,0,3,slightly_injured
2018,3,Sun,1,52.59454504,13.40308032,morning,11,daylight,0,dry,0,5,2,1,1,0,0,0,0,3,slightly_injured
2018,6,Sat,7,52.53237311,13.42838318,night,5,daylight,0,dry,0,5,3,1,1,0,0,0,0,3,slightly_injured
2018,6,Mon,2,52.54713954,13.44808203,evening,18,daylight,0,dry,0,5,3,1,0,0,1,0,0,2,seriously_injured
2018,8,Wed,4,52.50977651,13.27685599,morning,10,daylight,0,dry,0,3,6,0,1,0,1,0,0,2,seriously_injured
2018,5,Thu,5,52.45019975,13.3850256,morning,6,daylight,0,dry,0,5,7,0,1,0,1,0,0,2,seriously_injured
2018,4,Wed,4,52.58396137,13.48366554,afternoon,14,daylight,0,dry,0,0,2,0,0,1,0,0,1,3,slightly_injured
2018,12,Sat,7,52.54108119,13.43898625,evening,19,dark,2,dry,0,0,2,1,1,0,0,0,0,3,slightly_injured
2018,9,Fri,6,52.51124603,13.29991343,afternoon,17,daylight,0,dry,0,5,3,1,1,0,0,0,0,3,slightly_injured
2018,9,Sat,7,52.41937848,13.17718636,evening,18,daylight,0,dry,0,5,2,0,1,0,0,0,0,3,slightly_injured
2018,2,Fri,6,52.50905534,13.55304633,afternoon,15,daylight,0,dry,0,5,2,1,1,0,0,0,0,3,slightly_injured
2018,11,Tue,3,52.560024,13.36510693,afternoon,15,daylight,0,dry,0,2,6,0,1,0,1,0,0,3,slightly_injured
2018,6,Mon,2,52.54314561,13.36966429,morning,8,daylight,0,dry,0,0,7,1,0,0,0,0,0,2,seriously_injured
2018,12,Fri,6,52.49416433,13.28707357,night,5,dark,2,wet,1,0,1,0,0,0,1,0,0,3,slightly_injured
2018,10,Sat,7,52.51668731,13.44454168,evening,21,dark,2,dry,0,2,6,0,1,0,0,0,1,3,slightly_injured
2018,8,Thu,5,52.51582536,13.36975069,morning,9,daylight,0,dry,0,2,2,1,1,0,0,0,0,3,slightly_injured
2018,4,Thu,5,52.5123971,13.32030484,morning,10,daylight,0,dry,0,2,6,0,0,0,1,0,1,3,slightly_injured
2018,3,Mon,2,52.50785761,13.28150352,afternoon,17,daylight,0,dry,0,8,1,0,0,0,1,0,0,3,slightly_injured
2018,5,Thu,5,52.5182027,13.42878529,evening,20,daylight,0,dry,0,5,2,0,1,0,1,0,0,3,slightly_injured
2018,10,Thu,5,52.51057301,13.28947588,afternoon,13,daylight,0,wet,1,2,6,0,1,0,0,0,1,3,slightly_injured
2018,2,Fri,6,52.51125502,13.30295561,afternoon,17,daylight,0,dry,0,5,2,1,1,0,0,0,0,3,slightly_injured
2018,11,Tue,3,52.55855659,13.4287018,afternoon,16,dusk,1,dry,0,5,3,1,1,0,0,0,0,2,seriously_injured
2018,9,Sun,1,52.49230742,13.46112966,morning,11,daylight,0,dry,0,5,3,1,1,0,0,0,0,2,seriously_injured
2018,8,Fri,6,52.51120364,13.29927201,evening,20,dark,2,dry,0,1,1,0,1,0,1,0,0,3,slightly_injured
2018,6,Mon,2,52.56272273,13.55815094,afternoon,15,daylight,0,dry,0,5,3,0,1,0,1,0,0,3,slightly_injured
2018,7,Mon,2,52.50509558,13.58990308,afternoon,14,daylight,0,dry,0,2,6,0,1,0,0,0,0,3,slightly_injured
2018,6,Tue,3,52.43843089,13.27138563,morning,11,daylight,0,dry,0,5,3,0,1,0,0,0,1,3,slightly_injured
2018,8,Thu,5,52.52545321,13.41990043,afternoon,12,daylight,0,dry,0,5,2,1,0,0,1,0,0,3,slightly_injured
2018,5,Fri,6,52.4414693,13.28112249,morning,10,daylight,0,dry,0,5,3,1,1,0,0,0,0,3,slightly_injured
2018,4,Thu,5,52.59221462,13.40251883,morning,8,daylight,0,dry,0,5,3,0,1,0,0,0,0,3,slightly_injured
2018,12,Tue,3,52.50185,13.3646242,evening,18,dark,2,dry,0,2,6,0,1,0,0,0,0,3,slightly_injured
2018,9,Sat,7,52.47006654,13.38551403,afternoon,17,daylight,0,dry,0,0,2,0,0,0,1,0,0,3,slightly_injured
2018,7,Fri,6,52.45534472,13.51160318,afternoon,13,daylight,0,dry,0,6,4,0,0,1,0,0,1,3,slightly_injured
2018,7,Sat,7,52.45650501,13.50963299,night,2,dark,2,dry,0,6,4,0,1,1,0,0,0,3,slightly_injured
2018,3,Wed,4,52.51005476,13.28122754,morning,10,daylight,0,dry,0,0,7,1,0,1,0,0,0,2,seriously_injured
2018,5,Fri,6,52.53535688,13.43450291,evening,20,dark,2,dry,0,2,6,0,1,0,1,0,0,3,slightly_injured
2018,10,Fri,6,52.47091197,13.37115708,morning,6,dark,2,dry,0,2,6,0,1,0,0,0,0,3,slightly_injured
2018,2,Fri,6,52.51628467,13.18086291,evening,19,dark,2,dry,0,5,2,0,1,0,0,0,0,3,slightly_injured
2018,11,Sat,7,52.51343562,13.47674151,afternoon,14,daylight,0,dry,0,5,3,1,1,0,0,0,0,3,slightly_injured
2018,9,Mon,2,52.46744171,13.3854918,afternoon,14,daylight,0,dry,0,6,4,1,0,1,0,0,0,2,seriously_injured
2018,8,Sun,1,52.51884635,13.45259004,afternoon,13,daylight,0,dry,0,2,6,0,1,0,0,0,0,3,slightly_injured
2018,3,Sun,1,52.43326731,13.37755068,morning,9,daylight,0,wet,1,1,1,0,1,0,0,0,0,3,slightly_injured
2018,6,Wed,4,52.49202235,13.29417845,afternoon,15,daylight,0,dry,0,0,6,0,1,0,0,0,0,3,slightly_injured
2018,10,Tue,3,52.54142556,13.41234868,evening,18,dark,2,dry,0,5,2,1,1,0,0,0,0,3,slightly_injured
2018,6,Thu,5,52.52271067,13.41685937,morning,9,daylight,0,dry,0,1,5,1,0,0,0,1,0,3,slightly_injured