ujahr,umonat,weekday,uwochentag,long,lat,time_of_day,ustunde,light_condition,ulichtverh,street_condition,ustrzustand,uart,utyp1,ist_rad,ist_pkw,ist_fuss,ist_krad,ist_gkfz,ist_sonstige,ukategorie,accident_outcome
2018,8,Fri,6,52.50305914,13.44711815,evening,22,dark,2,dry,0,6,4,1,0,1,0,0,0,3,slightly_injured
2018,4,Sun,1,52.51953483,13.4125927,morning,11,daylight,0,dry,0,6,7,0,1,1,0,0,0,3,slightly_injured
2018,4,Sat,7,52.46374888,13.38558487,afternoon,13,daylight,0,dry,0,5,3,1,1,0,0,0,0,3,slightly_injured
2018,6,Fri,6,52.51280563,13.48438438,afternoon,14,daylight,0,dry,0,5,3,1,1,0,0,0,0,3,slightly_injured
2018,12,Fri,6,52.50214179,13.3648766,afternoon,15,dusk,1,wet,1,5,2,1,1,0,0,0,0,3,slightly_injured
2018,9,Mon,2,52.50661242,13.36852782,evening,19,dusk,1,wet,1,3,6,0,1,0,1,0,0,3,slightly_injured
2018,9,Tue,3,52.51588441,13.45375527,afternoon,15,daylight,0,dry,0,0,1,1,0,0,0,0,0,3,slightly_injured
2018,6,Wed,4,52.46957615,13.30653982,night,0,dark,2,dry,0,8,1,0,1,0,0,0,0,3,slightly_injured
2018,7,Sat,7,52.51091474,13.29777239,evening,23,dark,2,dry,0,2,6,0,0,0,1,0,0,2,seriously_injured
2018,5,Mon,2,52.54893478,13.36880912,afternoon,15,daylight,0,dry,0,2,6,0,1,0,0,0,0,3,slightly_injured
2018,2,Fri,6,52.54952635,13.45694096,evening,20,dark,2,wet,1,3,6,0,1,0,1,0,0,2,seriously_injured
2018,11,Sat,7,52.54549338,13.44491627,evening,19,dark,2,dry,0,5,2,0,1,0,0,0,0,3,slightly_injured
2018,10,Wed,4,52.49868342,13.3806567,afternoon,13,daylight,0,dry,0,2,6,0,1,0,0,0,1,3,slightly_injured
2018,8,Mon,2,52.52695954,13.53761415,afternoon,16,daylight,0,dry,0,5,2,0,1,0,1,0,0,3,slightly_injured
2018,4,Sun,1,52.55780903,13.46646124,evening,18,daylight,0,dry,0,4,6,0,1,0,1,0,0,3,slightly_injured
2018,4,Tue,3,52.57254656,13.56744957,morning,11,daylight,0,dry,0,0,4,0,0,1,0,0,1,3,slightly_injured
2018,5,Mon,2,52.51012675,13.38609417,morning,11,daylight,0,dry,0,5,2,1,1,0,0,0,0,3,slightly_injured
2018,10,Wed,4,52.51534218,13.45929684,morning,8,daylight,0,dry,0,2,6,0,1,0,1,0,0,3,slightly_injured
2018,2,Fri,6,52.48184447,13.34828776,morning,9,daylight,0,dry,0,5,2,0,1,0,0,0,0,3,slightly_injured
2018,12,Sun,1,52.515705,13.45423726,evening,19,dark,2,wet,1,5,2,0,1,0,0,0,0,2,seriously_injured
2018,9,Wed,4,52.56920326,13.36140743,afternoon,16,daylight,0,dry,0,6,4,1,0,1,0,0,0,3,slightly_injured
2018,8,Thu,5,52.58822528,13.40174155,afternoon,12,daylight,0,wet,1,0,1,0,0,0,1,0,0,3,slightly_injured
2018,6,Thu,5,52.50916938,13.26908336,afternoon,14,daylight,0,dry,0,3,6,1,1,0,0,0,0,3,slightly_injured
2018,7,Tue,3,52.43321239,13.24019484,afternoon,15,daylight,0,dry,0,5,3,1,1,0,0,0,0,3,slightly_injured
2018,2,Fri,6,52.40601246,13.40605871,morning,9,daylight,0,wet,1,2,6,0,1,0,0,0,1,3,slightly_injured
2018,11,Sat,7,52.430326,13.22677116,morning,9,daylight,0,dry,0,5,7,1,0,0,0,0,0,3,slightly_injured
2018,6,Thu,5,52.45100107,13.38469478,evening,20,daylight,0,dry,0,1,6,0,1,0,0,0,1,2,seriously_injured
2018,5,Tue,3,52.57342825,13.39898749,morning,9,daylight,0,dry,0,5,7,0,1,0,0,0,1,3,slightly_injured
2018,12,Tue,3,52.42818294,13.39360926,night,0,dark,2,dry,0,2,6,0,1,0,0,0,0,3,slightly_injured
2018,10,Thu,5,52.51164038,13.4524489,evening,18,dusk,1,dry,0,3,6,1,0,0,0,0,0,3,slightly_injured
2018,2,Fri,6,52.51456232,13.18942411,morning,8,daylight,0,dry,0,2,6,0,1,0,0,1,0,3,slightly_injured
2018,7,Mon,2,52.54702599,13.36935153,afternoon,15,daylight,0,dry,0,5,7,0,1,0,0,0,0,3,slightly_injured
2018,4,Wed,4,52.54061768,13.41450511,morning,9,daylight,0,dry,0,5,2,1,1,0,0,0,0,3,slightly_injured
2018,7,Sat,7,52.50909104,13.26781637,morning,8,daylight,0,dry,0,6,4,0,1,1,0,0,0,3,slightly_injured
2018,3,Thu,5,52.51764211,13.43652747,morning,8,daylight,0,wet,1,5,3,1,1,0,0,0,0,3,slightly_injured
2018,5,Wed,4,52.57080183,13.39850317,morning,10,daylight,0,dry,0,2,6,0,1,0,0,0,0,3,slightly_injured
2018,10,Tue,3,52.4977364,13.28255219,morning,8,daylight,0,wet,1,2,6,0,1,0,0,0,0,3,slightly_injured
2018,2,Thu,5,52.51370226,13.33735509,morning,11,daylight,0,dry,0,2,6,1,1,0,0,0,0,3,slightly_injured
2018,11,Sat,7,52.50696454,13.22709336,afternoon,16,dark,2,dry,0,2,6,0,1,0,0,0,0,3,slightly_injured
2018,9,Fri,6,52.5357508,13.43429956,afternoon,17,daylight,0,dry,0,0,6,0,0,0,1,0,0,3,slightly_injured
2018,8,Wed,4,52.4872369,13.47695241,morning,11,daylight,0,dry,0,2,6,0,1,0,0,0,0,3,slightly_injured
2018,6,Fri,6,52.50501988,13.59868159,evening,18,daylight,0,wet,1,5,2,1,1,0,0,0,0,3,slightly_injured
2018,3,Sun,1,52.5224583,13.28157726,morning,9,daylight,0,icy,2,9,1,0,1,0,0,0,0,3,slightly_injured
2018,6,Sat,7,52.49711554,13.3617351,afternoon,14,daylight,0,dry,0,0,6,0,1,0,0,0,1,3,slightly_injured
2018,6,Mon,2,52.46196111,13.43198844,afternoon,13,daylight,0,dry,0,3,6,0,1,0,1,0,0,3,slightly_injured
2018,8,Tue,3,52.51391199,13.4720289,afternoon,14,daylight,0,dry,0,6,4,0,1,1,0,0,0,2,seriously_injured
2018,5,Thu,5,52.51984366,13.40426502,morning,11,daylight,0,dry,0,0,6,1,1,0,0,0,0,3,slightly_injured
2018,4,Tue,3,52.52896609,13.4446955,evening,19,dusk,1,dry,0,3,6,1,1,0,0,0,0,3,slightly_injured
2018,12,Fri,6,52.5111523,13.30138013,morning,9,daylight,0,dry,0,5,2,1,0,0,0,1,0,2,seriously_injured
2018,9,Thu,5,52.54548465,13.44489799,morning,9,daylight,0,dry,0,2,2,0,1,0,0,0,0,3,slightly_injured
2018,9,Fri,6,52.51229603,13.31882769,afternoon,16,daylight,0,dry,0,2,6,0,1,0,1,0,0,3,slightly_injured
2018,7,Thu,5,52.46084997,13.45621229,afternoon,12,daylight,0,dry,0,2,6,0,1,0,0,0,0,3,slightly_injured
2018,7,Thu,5,52.54553583,13.29845125,morning,10,daylight,0,wet,1,2,6,0,1,0,0,0,0,3,slightly_injured
2018,3,Mon,2,52.43733934,13.38824418,afternoon,15,daylight,0,wet,1,5,3,0,1,0,0,1,0,3,slightly_injured
2018,5,Thu,5,52.51598963,13.37224419,evening,22,dark,2,dry,0,6,7,1,0,1,0,0,0,2,seriously_injured
2018,2,Thu,5,52.53573954,13.53756374,night,0,dark,2,wet,1,8,1,0,1,0,0,0,0,2,seriously_injured
2018,11,Wed,4,52.44318525,13.47877791,morning,6,daylight,0,wet,1,2,6,0,1,0,0,1,0,3,slightly_injured
2018,8,Fri,6,52.54110829,13.41197148,afternoon,14,daylight,0,dry,0,6,4,0,1,1,0,0,0,3,slightly_injured
2018,3,Sat,7,52.4980028,13.38914298,morning,9,daylight,0,wet,1,5,3,0,1,0,0,1,0,3,slightly_injured
2018,10,Mon,2,52.50163808,13.28004643,evening,19,dark,2,dry,0,8,1,0,0,0,1,0,0,3,slightly_injured
2018,8,Thu,5,52.4319265,13.39111584,morning,7,daylight,0,dry,0,5,2,0,1,0,0,0,1,3,slightly_injured
2018,4,Fri,6,52.54113032,13.36838119,afternoon,16,daylight,0,dry,0,5,3,0,1,0,0,0,1,3,slightly_injured
2018,4,Fri,6,52.52510661,13.42012242,afternoon,14,daylight,0,dry,0,2,2,0,1,0,0,0,0,3,slightly_injured
2018,5,Thu,5,52.48568034,13.35517825,afternoon,12,daylight,0,dry,0,1,5,1,1,0,0,0,1,3,slightly_injured
2018,12,Thu,5,52.61859411,13.39044086,afternoon,16,dark,2,wet,1,5,2,0,1,0,0,0,0,2,seriously_injured
2018,9,Sat,7,52.54123511,13.41198071,morning,7,dusk,1,wet,1,0,1,0,0,0,1,0,0,3,slightly_injured
2018,9,Mon,2,52.51563721,13.40784528,evening,18,dusk,1,dry,0,0,6,1,1,0,0,0,0,3,slightly_injured
2018,6,Sun,1,52.63199212,13.38159001,afternoon,15,daylight,0,dry,0,3,6,1,0,0,0,0,0,3,slightly_injured
2018,7,Fri,6,52.42754076,13.21473815,afternoon,14,daylight,0,dry,0,5,3,0,1,0,0,0,0,3,slightly_injured
2018,5,Fri,6,52.51170519,13.49356897,evening,18,daylight,0,dry,0,3,6,1,0,0,0,0,1,3,slightly_injured
2018,2,Thu,5,52.4615683,13.45558133,morning,6,daylight,0,dry,0,3,6,0,0,0,0,1,1,2,seriously_injured
2018,11,Fri,6,52.42733167,13.21475231,afternoon,17,dark,2,dry,0,5,2,0,1,0,0,0,0,3,slightly_injured
2018,7,Fri,6,52.51168476,13.306594,evening,18,daylight,0,dry,0,3,6,0,1,0,1,0,0,2,seriously_injured
2018,7,Fri,6,52.51103609,13.29963919,afternoon,17,daylight,0,dry,0,5,2,1,1,0,0,0,0,3,slightly_injured
2018,3,Tue,3,52.43088916,13.37643238,afternoon,15,daylight,0,dry,0,5,3,0,1,0,0,0,0,3,slightly_injured
2018,5,Fri,6,52.51480586,13.46319447,morning,8,daylight,0,dry,0,2,1,1,1,0,0,0,0,2,seriously_injured
2018,10,Wed,4,52.53578138,13.31012775,evening,18,dark,2,dry,0,0,1,0,0,0,1,0,0,3,slightly_injured
2018,2,Thu,5,52.57943955,13.29627418,afternoon,16,daylight,0,dry,0,2,6,0,1,0,0,0,0,3,slightly_injured
2018,11,Thu,5,52.53212466,13.42854951,afternoon,17,dark,2,dry,0,6,4,1,0,1,0,0,0,3,slightly_injured
2018,9,Mon,2,52.45012975,13.30604218,morning,8,daylight,0,dry,0,3,6,0,1,0,0,1,0,3,slightly_injured
2018,8,Sat,7,52.4442503,13.38596069,afternoon,13,daylight,0,dry,0,0,5,0,1,0,1,0,0,3,slightly_injured
2018,10,Tue,3,52.62789636,13.31123531,afternoon,14,daylight,0,dry,0,2,6,0,1,0,0,0,0,3,slightly_injured
2018,8,Thu,5,52.54138968,13.41199195,afternoon,15,daylight,0,dry,0,2,6,0,1,0,0,0,0,3,slightly_injured
2018,4,Sat,7,52.5399748,13.37057247,afternoon,14,daylight,0,dry,0,5,2,0,1,0,0,0,0,2,seriously_injured
2018,4,Fri,6,52.43022763,13.39245369,afternoon,17,daylight,0,dry,0,6,7,1,0,1,0,0,0,3,slightly_injured
2018,6,Fri,6,52.49897551,13.28107945,afternoon,15,daylight,0,dry,0,2,6,0,1,0,0,0,0,3,slightly_injured
2018,12,Fri,6,52.50518189,13.57628102,afternoon,16,dark,2,wet,1,2,6,0,1,0,0,0,1,3,slightly_injured
2018,9,Sun,1,52.41805223,13.19663414,evening,18,dusk,1,wet,1,2,6,0,1,0,0,0,0,3,slightly_injured
2018,9,Tue,3,52.55027286,13.46010042,afternoon,17,daylight,0,dry,0,2,6,0,1,0,0,0,1,3,slightly_injured
2018,6,Mon,2,52.51135167,13.30442424,afternoon,17,daylight,0,dry,0,2,6,0,1,0,0,0,0,3,slightly_injured
2018,7,Fri,6,52.51435237,13.46759522,night,0,dark,2,dry,0,5,2,1,1,0,0,0,0,3,slightly_injured
2018,5,Sat,7,52.53650536,13.29353408,afternoon,14,daylight,0,dry,0,2,6,0,1,0,1,0,0,3,slightly_injured
2018,2,Thu,5,52.52639166,13.44744313,afternoon,12,daylight,0,dry,0,6,4,0,1,1,0,0,0,3,slightly_injured
2018,11,Fri,6,52.47861121,13.33964785,evening,18,dark,2,dry,0,2,6,0,1,0,0,0,0,3,slightly_injured
2018,10,Wed,4,52.51766472,13.28348881,morning,7,daylight,0,dry,0,2,6,0,1,0,0,0,1,3,slightly_injured
2018,8,Mon,2,52.49292808,13.45915744,afternoon,17,daylight,0,dry,0,0,4,0,0,1,0,0,1,2,seriously_injured
2018,4,Sun,1,52.48176424,13.34830826,afternoon,16,daylight,0,dry,0,0,6,0,1,0,0,0,1,3,slightly_injured
2018,4,Sun,1,52.51837212,13.4525024,afternoon,13,daylight,0,wet,1,5,3,1,1,0,0,0,0,3,slightly_injured
2018,5,Mon,2,52.51356196,13.47697553,morning,7,daylight,0,dry,0,5,2,1,0,0,0,1,0,3,slightly_injured
2018,10,Tue,3,52.50946449,13.45145494,afternoon,17,dusk,1,wet,1,5,2,1,1,0,0,0,0,3,slightly_injured
2018,2,Thu,5,52.48316918,13.38582266,afternoon,17,dark,2,dry,0,5,2,1,1,0,0,0,0,2,seriously_injured
2018,12,Sat,7,52.51557658,13.36763124,evening,19,dark,2,wet,1,1,7,0,1,0,0,0,0,2,seriously_injured
2018,9,Tue,3,52.51294281,13.32581425,morning,8,daylight,0,dry,0,5,3,0,1,0,1,0,0,3,slightly_injured
2018,8,Wed,4,52.5158988,13.17781267,afternoon,13,daylight,0,dry,0,2,6,0,1,0,0,0,1,3,slightly_injured
2018,6,Wed,4,52.49182923,13.46272618,afternoon,14,daylight,0,dry,0,2,6,0,1,0,0,0,1,3,slightly_injured
2018,7,Tue,3,52.51756247,13.45359761,afternoon,14,daylight,0,dry,0,6,4,1,0,1,0,0,0,3,slightly_injured
2018,2,Thu,5,52.48221638,13.38580746,evening,23,dark,2,wet,1,2,6,0,1,0,0,0,0,3,slightly_injured
2018,6,Thu,5,52.51672988,13.38664405,morning,9,daylight,0,dry,0,6,4,1,0,1,0,0,0,3,slightly_injured
2018,5,Mon,2,52.5160162,13.45118613,afternoon,14,daylight,0,dry,0,2,6,0,1,0,0,0,0,3,slightly_injured
2018,4,Sun,1,52.57684496,13.39843528,afternoon,12,daylight,0,dry,0,5,3,1,1,0,0,0,0,3,slightly_injured
2018,12,Sat,7,52.51089628,13.29748841,evening,20,dark,2,wet,1,6,2,0,0,1,0,0,1,3,slightly_injured
2018,10,Tue,3,52.49226775,13.29347871,evening,22,dark,2,wet,1,9,1,0,1,0,0,0,0,2,seriously_injured
2018,2,Wed,4,52.51865776,13.41104164,evening,18,dark,2,dry,0,2,6,0,1,0,0,0,0,3,slightly_injured
2018,7,Mon,2,52.41909561,13.15497267,evening,18,daylight,0,dry,0,8,1,0,1,0,0,0,0,3,slightly_injured
2018,4,Tue,3,52.51201854,13.31466068,afternoon,16,daylight,0,dry,0,5,2,1,1,0,0,0,0,3,slightly_injured
2018,7,Thu,5,52.50353891,13.36608862,afternoon,13,daylight,0,dry,0,2,6,0,1,0,0,0,0,3,slightly_injured
2018,3,Tue,3,52.43709567,13.49107882,afternoon,17,daylight,0,wet,1,3,6,0,1,0,0,1,0,3,slightly_injured
2018,5,Tue,3,52.4622521,13.3850761,morning,11,daylight,0,dry,0,2,6,0,1,0,0,0,0,3,slightly_injured
2018,10,Mon,2,52.44089587,13.38696824,morning,9,daylight,0,dry,0,4,1,0,1,0,0,0,0,2,seriously_injured
2018,2,Wed,4,52.51268446,13.4529107,morning,11,daylight,0,dry,0,3,6,1,1,0,0,0,0,3,slightly_injured
2018,11,Fri,6,52.47781423,13.32883112,afternoon,16,dusk,1,dry,0,2,6,0,1,0,0,0,0,3,slightly_injured
2018,9,Fri,6,52.6001227,13.33185816,afternoon,13,daylight,0,dry,0,5,2,0,0,0,1,0,1,3,slightly_injured
2018,8,Wed,4,52.62112466,13.31327067,afternoon,16,daylight,0,dry,0,0,7,1,1,0,0,0,0,3,slightly_injured
2018,3,Fri,6,52.43764688,13.38809878,afternoon,14,daylight,0,dry,0,2,6,0,1,0,1,0,0,3,slightly_injured
2018,6,Fri,6,52.51939777,13.4255684,evening,18,daylight,0,dry,0,0,6,1,0,0,0,0,0,2,seriously_injured
2018,6,Sun,1,52.53431182,13.29979618,morning,6,daylight,0,dry,0,8,7,0,1,0,0,0,0,2,seriously_injured
2018,8,Mon,2,52.55824271,13.36545707,evening,22,dark,2,dry,0,1,5,0,1,0,1,0,0,3,slightly_injured
2018,5,Wed,4,52.49164162,13.46335249,morning,10,daylight,0,dry,0,5,3,1,0,0,0,0,0,3,slightly_injured
2018,4,Tue,3,52.51224733,13.48850466,morning,10,daylight,0,dry,0,2,6,0,1,0,0,0,0,3,slightly_injured
2018,12,Wed,4,52.51735219,13.39334749,morning,8,daylight,0,wet,1,0,6,0,1,0,1,0,0,2,seriously_injured
2018,9,Wed,4,52.47386116,13.36278877,afternoon,15,daylight,0,dry,0,2,6,0,1,0,1,0,0,3,slightly_injured
2018,9,Thu,5,52.51737652,13.40937506,evening,22,dark,2,dry,0,0,1,0,1,0,1,0,0,3,slightly_injured
2018,7,Wed,4,52.45727072,13.50883486,evening,22,dark,2,dry,0,2,6,0,1,0,0,0,0,3,slightly_injured
2018,7,Wed,4,52.4472078,13.20894304,afternoon,14,daylight,0,dry,0,2,6,0,1,0,0,0,0,3,slightly_injured
2018,5,Wed,4,52.62119631,13.49886539,morning,8,daylight,0,dry,0,2,6,0,0,0,0,1,0,3,slightly_injured
2018,2,Wed,4,52.48173303,13.34838482,evening,20,dark,2,wet,1,0,1,0,0,0,1,0,0,3,slightly_injured
2018,11,Tue,3,52.49414926,13.46108004,morning,6,dark,2,wet,1,6,7,0,0,1,0,0,1,3,slightly_injured
2018,8,Fri,6,52.5803293,13.29565045,afternoon,15,daylight,0,dry,0,2,6,0,1,0,0,0,1,2,seriously_injured
2018,10,Sun,1,52.4189883,13.15496379,afternoon,14,daylight,0,dry,0,1,5,1,1,0,0,0,1,3,slightly_injured
2018,8,Wed,4,52.51572945,13.45411474,evening,19,daylight,0,dry,0,2,3,0,1,0,0,0,1,3,slightly_injured
2018,4,Thu,5,52.52381789,13.41811553,afternoon,14,daylight,0,wet,1,3,6,0,1,0,1,0,0,3,slightly_injured
2018,4,Thu,5,52.50857,13.28356581,afternoon,16,daylight,0,dry,0,2,6,0,1,0,0,0,0,3,slightly_injured
2018,5,Wed,4,52.50352869,13.3660797,evening,18,daylight,0,dry,0,2,6,0,1,0,0,0,0,3,slightly_injured
2018,12,Wed,4,52.5103305,13.53498325,afternoon,13,daylight,0,dry,0,5,3,1,1,0,0,0,0,3,slightly_injured
2018,9,Fri,6,52.5090258,13.45124774,night,1,dark,2,dry,0,8,1,1,0,0,0,0,0,3,slightly_injured
2018,9,Mon,2,52.49788859,13.15223452,morning,7,daylight,0,dry,0,2,6,0,1,0,0,0,0,3,slightly_injured
2018,6,Sat,7,52.57185472,13.3984478,afternoon,12,daylight,0,dry,0,2,6,0,1,0,0,0,0,2,seriously_injured
2018,7,Thu,5,52.58306017,13.48330626,morning,7,daylight,0,dry,0,5,2,1,1,0,0,0,0,3,slightly_injured
2018,5,Thu,5,52.46932973,13.3857375,afternoon,13,daylight,0,dry,0,2,6,0,1,0,0,0,0,3,slightly_injured
2018,2,Wed,4,52.5088566,13.55577933,evening,18,daylight,0,dry,0,2,6,0,1,0,0,0,0,3,slightly_injured
2018,11,Wed,4,52.58073448,13.29537363,afternoon,15,daylight,0,dry,0,2,6,0,1,0,0,0,0,3,slightly_injured
2018,12,Mon,2,52.43787376,13.38801822,evening,19,dark,2,wet,1,6,4,1,0,1,0,0,0,3,slightly_injured
2018,10,Mon,2,52.53925468,13.42438826,evening,20,dark,2,dry,0,5,2,0,0,0,1,0,0,2,seriously_injured
2018,8,Sat,7,52.60190107,13.4474256,night,2,dark,2,dry,0,9,1,0,1,0,0,0,0,2,seriously_injured
2018,4,Fri,6,52.57132993,13.39821892,morning,7,daylight,0,dry,0,2,6,0,1,0,0,0,0,3,slightly_injured
2018,3,Wed,4,52.48224548,13.34881756,evening,18,dusk,1,wet,1,2,6,0,1,0,0,0,0,3,slightly_injured
2018,5,Fri,6,52.5099709,13.51687842,afternoon,14,daylight,0,dry,0,9,1,0,0,0,1,0,0,2,seriously_injured
2018,10,Sun,1,52.54222896,13.36993939,evening,20,dark,2,wet,1,1,1,0,1,0,0,0,0,3,slightly_injured
2018,2,Wed,4,52.61457446,13.24753516,morning,7,daylight,0,dry,0,5,3,0,1,0,0,0,0,3,slightly_injured
2018,11,Thu,5,52.52508333,13.41949124,evening,18,dark,2,dry,0,6,2,0,0,1,0,0,1,3,slightly_injured
2018,9,Mon,2,52.43763362,13.26942809,afternoon,13,daylight,0,dry,0,5,2,0,1,0,1,0,0,2,seriously_injured
2018,8,Sun,1,52.4785783,13.24756792,morning,11,daylight,0,dry,0,3,6,0,1,0,0,0,0,3,slightly_injured
2018,6,Tue,3,52.51363102,13.47470449,afternoon,17,daylight,0,dry,0,3,6,0,1,0,1,0,0,2,seriously_injured
2018,7,Tue,3,52.38843842,13.40823633,morning,8,daylight,0,dry,0,5,3,0,1,0,1,0,0,2,seriously_injured
2018,6,Wed,4,52.49269837,13.36091907,afternoon,13,daylight,0,dry,0,5,7,0,1,0,1,0,0,3,slightly_injured
2018,5,Sun,1,52.51524161,13.4602613,afternoon,15,daylight,0,dry,0,0,2,1,1,0,0,0,0,3,slightly_injured
2018,4,Fri,6,52.4486939,13.3021661,evening,18,dusk,1,wet,1,2,6,0,1,0,0,0,0,3,slightly_injured
2018,12,Thu,5,52.54711816,13.29995551,evening,22,dark,2,wet,1,3,6,0,1,0,0,0,1,2,seriously_injured
2018,10,Mon,2,52.62741412,13.47871584,afternoon,14,daylight,0,dry,0,2,6,0,1,0,0,0,0,2,seriously_injured
2018,7,Sat,7,52.50220903,13.36493477,evening,19,daylight,0,dry,0,2,6,0,1,0,0,0,0,3,slightly_injured
2018,4,Mon,2,52.48935987,13.29826283,morning,11,daylight,0,wet,1,2,6,0,1,0,0,0,1,3,slightly_injured
2018,7,Wed,4,52.56031214,13.42823333,afternoon,15,daylight,0,dry,0,0,1,1,0,0,0,0,0,3,slightly_injured
2018,3,Sun,1,52.41335258,13.09467645,afternoon,17,daylight,0,dry,0,2,6,1,1,0,0,0,0,3,slightly_injured
2018,5,Sun,1,52.54081001,13.36882165,afternoon,15,daylight,0,dry,0,6,4,1,0,1,0,0,0,3,slightly_injured
2018,10,Tue,3,52.45782263,13.38403339,afternoon,12,daylight,0,dry,0,2,6,0,1,0,1,0,0,3,slightly_injured
2018,8,Sun,1,52.51358433,13.47672402,morning,10,daylight,0,dry,0,6,2,0,1,1,0,0,0,3,slightly_injured
2018,4,Sat,7,52.60766096,13.3240366,afternoon,13,daylight,0,dry,0,6,7,0,1,1,0,0,0,3,slightly_injured
2018,3,Fri,6,52.57323515,13.3593895,evening,19,daylight,0,dry,0,3,6,0,1,0,1,0,0,3,slightly_injured
2018,5,Sun,1,52.49980927,13.28066612,afternoon,14,daylight,0,dry,0,2,6,0,1,0,0,0,0,3,slightly_injured
2018,10,Tue,3,52.61641515,13.24943596,morning,6,dark,2,wet,1,9,1,0,1,0,0,0,0,3,slightly_injured
2018,2,Wed,4,52.53632599,13.43299206,afternoon,13,daylight,0,dry,0,2,6,0,1,0,0,0,1,3,slightly_injured
2018,11,Fri,6,52.5545214,13.36614863,afternoon,17,dark,2,wet,1,6,4,1,0,1,0,0,0,2,seriously_injured
2018,9,Tue,3,52.60670505,13.32489575,afternoon,14,daylight,0,dry,0,2,6,0,1,0,0,0,0,3,slightly_injured
2018,8,Tue,3,52.51113724,13.30115479,morning,10,daylight,0,dry,0,2,6,0,1,0,0,0,0,3,slightly_injured
2018,6,Wed,4,52.51887275,13.28312521,afternoon,12,daylight,0,dry,0,2,6,0,1,0,0,0,0,3,slightly_injured
2018,7,Tue,3,52.46275892,13.44202707,evening,19,daylight,0,dry,0,3,6,0,1,0,0,0,1,3,slightly_injured
2018,6,Wed,4,52.43899481,13.38759193,afternoon,17,daylight,0,dry,0,2,6,0,1,0,1,0,0,2,seriously_injured
2018,5,Mon,2,52.61848998,13.39041019,morning,8,daylight,0,dry,0,5,2,1,1,0,0,0,0,3,slightly_injured
2018,4,Sat,7,52.54542847,13.44417236,afternoon,16,daylight,0,dry,0,2,6,0,1,0,0,0,0,3,slightly_injured
2018,12,Fri,6,52.4752488,13.34916637,afternoon,17,dark,2,wet,1,3,6,0,1,0,0,0,0,3,slightly_injured
2018,10,Tue,3,52.57329427,13.39910131,evening,18,dusk,1,wet,1,2,6,0,1,0,0,0,0,3,slightly_injured
2018,2,Tue,3,52.47092341,13.37109954,afternoon,14,daylight,0,dry,0,2,6,0,1,0,0,0,1,3,slightly_injured
2018,7,Sun,1,52.50935801,13.5527688,evening,20,dusk,1,dry,0,3,6,1,1,0,0,0,0,2,seriously_injured
2018,4,Mon,2,52.4838568,13.30537054,evening,18,daylight,0,wet,1,2,6,0,1,0,0,0,0,3,slightly_injured
2018,7,Wed,4,52.49895369,13.37913002,afternoon,14,daylight,0,dry,0,3,6,0,1,0,1,0,0,3,slightly_injured
2018,3,Mon,2,52.51020339,13.38735104,evening,21,dark,2,dry,0,5,2,0,1,0,1,0,0,3,slightly_injured
2018,5,Mon,2,52.49450585,13.28633323,morning,11,daylight,0,dry,0,2,6,0,1,0,0,0,1,3,slightly_injured
2018,10,Mon,2,52.57254811,13.30531947,night,5,dark,2,dry,0,2,6,0,1,0,0,0,0,3,slightly_injured
2018,2,Tue,3,52.61461872,13.2476842,evening,19,dark,2,dry,0,5,3,0,1,0,0,0,0,2,seriously_injured
2018,11,Wed,4,52.4441909,13.47669154,afternoon,14,daylight,0,dry,0,2,6,0,1,0,0,1,0,3,slightly_injured
2018,9,Thu,5,52.50117922,13.36404398,afternoon,17,daylight,0,dry,0,3,6,1,1,0,0,0,0,3,slightly_injured
2018,8,Tue,3,52.4250614,13.39502541,afternoon,14,daylight,0,dry,0,0,6,0,1,0,1,0,0,3,slightly_injured
2018,3,Fri,6,52.5421792,13.36978814,morning,7,daylight,0,dry,0,2,6,0,1,0,0,0,0,3,slightly_injured
2018,6,Fri,6,52.4609146,13.41904712,night,5,daylight,0,dry,0,3,6,0,1,0,0,1,0,3,slightly_injured
2018,6,Sat,7,52.49239598,13.36090176,afternoon,16,daylight,0,dry,0,2,6,0,1,0,0,0,1,3,slightly_injured
2018,8,Sun,1,52.56628478,13.40584593,night,2,dark,2,dry,0,1,5,1,1,0,0,0,0,3,slightly_injured
2018,5,Wed,4,52.51450637,13.4675829,morning,8,daylight,0,dry,0,5,2,1,1,0,0,0,0,3,slightly_injured
2018,4,Tue,3,52.45525235,13.38392162,afternoon,12,daylight,0,dry,0,3,6,0,1,0,0,0,0,3,slightly_injured
2018,12,Tue,3,52.57959223,13.39831222,afternoon,16,dark,2,wet,1,5,7,0,1,0,0,0,1,3,slightly_injured
2018,9,Tue,3,52.44545716,13.29265264,afternoon,13,daylight,0,dry,0,6,7,1,0,1,0,0,0,2,seriously_injured
2018,9,Thu,5,52.48667947,13.30811881,morning,9,daylight,0,dry,0,2,6,0,1,0,0,0,0,3,slightly_injured