ujahr,umonat,weekday,uwochentag,long,lat,time_of_day,ustunde,light_condition,ulichtverh,street_condition,ustrzustand,uart,utyp1,ist_rad,ist_pkw,ist_fuss,ist_krad,ist_gkfz,ist_sonstige,ukategorie,accident_outcome
2018,7,Tue,3,52.53283675,13.53695149,morning,8,daylight,0,dry,0,5,3,0,1,0,0,0,0,3,slightly_injured
2018,7,Tue,3,52.43733027,13.38825131,afternoon,12,daylight,0,dry,0,1,6,0,1,0,1,0,0,2,seriously_injured
2018,5,Wed,4,52.49918143,13.38165388,afternoon,13,daylight,0,dry,0,3,6,1,1,0,0,0,0,2,seriously_injured
2018,2,Tue,3,52.49655076,13.38949737,morning,8,daylight,0,icy,2,0,2,1,1,0,0,0,0,3,slightly_injured
2018,11,Mon,2,52.51280708,13.4843697,afternoon,12,daylight,0,dry,0,5,3,1,0,0,0,0,0,2,seriously_injured
2018,8,Thu,5,52.49660231,13.3615177,evening,20,daylight,0,dry,0,2,2,0,1,0,1,0,0,3,slightly_injured
2018,10,Sat,7,52.50480922,13.28151467,morning,8,daylight,0,dry,0,2,6,0,0,0,1,0,1,2,seriously_injured
2018,8,Wed,4,52.46301476,13.44230819,morning,7,daylight,0,dry,0,3,6,0,0,0,1,0,1,3,slightly_injured
2018,4,Wed,4,52.56509005,13.36355469,morning,11,daylight,0,dry,0,6,7,0,1,1,0,0,0,3,slightly_injured
2018,4,Thu,5,52.47388785,13.36267962,morning,11,daylight,0,dry,0,2,6,0,1,0,1,0,0,2,seriously_injured
2018,5,Wed,4,52.5136161,13.47636679,morning,9,daylight,0,dry,0,6,7,1,0,1,0,0,0,3,slightly_injured
2018,11,Fri,6,52.58718455,13.34060252,afternoon,16,daylight,0,dry,0,5,3,0,0,0,1,0,1,3,slightly_injured
2018,12,Wed,4,52.52971581,13.42572486,afternoon,17,dark,2,wet,1,5,3,1,1,0,0,0,0,3,slightly_injured
2018,9,Thu,5,52.51683937,13.44303558,morning,11,daylight,0,dry,0,5,2,1,0,0,0,0,0,3,slightly_injured
2018,8,Fri,6,52.51166007,13.30622298,afternoon,15,daylight,0,dry,0,5,2,1,1,0,0,0,0,3,slightly_injured
2018,6,Fri,6,52.51009854,13.38563159,evening,18,daylight,0,dry,0,3,6,1,1,0,0,0,0,3,slightly_injured
2018,7,Thu,5,52.56884582,13.40389868,evening,18,daylight,0,dry,0,3,6,1,1,0,0,0,0,3,slightly_injured
2018,5,Wed,4,52.51035297,13.28861638,morning,10,daylight,0,dry,0,6,4,0,1,1,0,0,0,3,slightly_injured
2018,2,Tue,3,52.55168924,13.36735603,morning,7,daylight,0,dry,0,2,2,1,1,0,0,0,0,3,slightly_injured
2018,11,Tue,3,52.54133246,13.43880944,afternoon,12,daylight,0,dry,0,2,6,0,1,0,0,1,0,3,slightly_injured
2018,6,Mon,2,52.54935745,13.45617331,afternoon,16,daylight,0,dry,0,3,6,0,1,0,1,0,0,3,slightly_injured
2018,12,Sat,7,52.58077219,13.4028814,afternoon,16,dark,2,dry,0,6,3,0,1,1,0,0,0,3,slightly_injured
2018,10,Sun,1,52.49112289,13.29570747,afternoon,14,daylight,0,dry,0,2,6,0,0,0,0,0,1,3,slightly_injured
2018,8,Fri,6,52.46165979,13.45577542,evening,20,dusk,1,dry,0,0,7,0,1,0,0,0,0,3,slightly_injured
2018,4,Thu,5,52.4779288,13.32884377,evening,18,daylight,0,dry,0,2,6,0,1,0,0,0,0,3,slightly_injured
2018,3,Mon,2,52.5466301,13.29977032,evening,21,dark,2,dry,0,9,1,0,1,0,0,0,0,3,slightly_injured
2018,5,Thu,5,52.48053198,13.3514964,afternoon,16,daylight,0,dry,0,2,6,0,1,0,1,0,0,3,slightly_injured
2018,10,Fri,6,52.43472855,13.38954193,afternoon,15,daylight,0,dry,0,6,7,0,1,1,0,0,0,2,seriously_injured
2018,2,Tue,3,52.62615861,13.38480526,morning,6,daylight,0,wet,1,0,1,0,1,0,0,0,0,3,slightly_injured
2018,11,Thu,5,52.47323897,13.35091169,afternoon,15,daylight,0,dry,0,9,7,0,0,0,0,0,1,3,slightly_injured
2018,9,Mon,2,52.52528445,13.4203328,afternoon,13,daylight,0,dry,0,5,2,1,0,0,0,1,0,1,killed
2018,8,Sat,7,52.52457666,13.41894754,afternoon,14,daylight,0,wet,1,0,7,0,0,0,1,0,0,3,slightly_injured
2018,6,Mon,2,52.43857937,13.38514649,afternoon,17,daylight,0,dry,0,2,6,0,1,0,1,0,0,3,slightly_injured
2018,7,Mon,2,52.53929573,13.42419823,evening,18,daylight,0,dry,0,5,2,0,1,0,0,0,0,3,slightly_injured
2018,6,Tue,3,52.54727255,13.36918161,afternoon,15,daylight,0,dry,0,5,5,1,0,0,0,0,1,3,slightly_injured
2018,5,Sat,7,52.49416874,13.28705304,morning,9,daylight,0,dry,0,8,1,0,0,0,1,0,0,2,seriously_injured
2018,4,Thu,5,52.41327629,13.36184104,afternoon,16,daylight,0,dry,0,0,6,0,1,0,0,0,1,3,slightly_injured
2018,12,Wed,4,52.47379128,13.35047583,afternoon,17,dusk,1,dry,0,3,6,0,1,0,0,0,0,3,slightly_injured
2018,9,Sat,7,52.56575789,13.47104969,afternoon,13,daylight,0,dry,0,8,1,0,0,0,1,0,0,3,slightly_injured
2018,7,Sat,7,52.46176073,13.45545952,afternoon,12,daylight,0,dry,0,2,6,0,1,0,0,0,0,2,seriously_injured
2018,4,Sun,1,52.41350417,13.40190007,afternoon,13,daylight,0,dry,0,2,6,0,1,0,0,0,1,2,seriously_injured
2018,7,Mon,2,52.50476792,13.61302461,afternoon,12,daylight,0,dry,0,2,6,0,1,0,0,0,0,3,slightly_injured
2018,3,Thu,5,52.46532976,13.33535306,morning,10,daylight,0,dry,0,3,3,0,1,0,0,0,1,3,slightly_injured
2018,5,Sat,7,52.5046521,13.61782019,afternoon,13,daylight,0,dry,0,5,3,1,1,0,0,0,0,2,seriously_injured
2018,10,Fri,6,52.51366573,13.47580872,afternoon,12,daylight,0,dry,0,2,6,0,1,0,0,0,0,3,slightly_injured
2018,2,Mon,2,52.53660564,13.4314043,evening,22,dark,2,dry,0,0,7,1,0,0,0,0,0,3,slightly_injured
2018,11,Sat,7,52.4694917,13.38574108,morning,9,daylight,0,dry,0,5,2,0,1,0,0,0,0,3,slightly_injured
2018,9,Tue,3,52.5169553,13.44188733,afternoon,15,daylight,0,dry,0,3,6,1,1,0,0,0,0,3,slightly_injured
2018,8,Sun,1,52.49455505,13.28616786,morning,10,daylight,0,dry,0,2,6,0,1,0,0,0,0,3,slightly_injured
2018,3,Fri,6,52.51893504,13.42818093,morning,10,daylight,0,dry,0,3,6,0,1,0,0,0,0,3,slightly_injured
2018,6,Wed,4,52.5497652,13.41393337,afternoon,12,daylight,0,dry,0,0,7,1,0,0,0,0,0,3,slightly_injured
2018,10,Wed,4,52.51436513,13.46746609,morning,11,daylight,0,dry,0,2,2,0,1,0,1,0,0,3,slightly_injured
2018,6,Thu,5,52.57336752,13.39912622,evening,19,daylight,0,dry,0,0,1,1,0,0,0,0,0,3,slightly_injured
2018,8,Fri,6,52.51409592,13.47019148,afternoon,14,daylight,0,dry,0,6,4,0,1,1,0,0,0,3,slightly_injured
2018,4,Mon,2,52.62502577,13.31210183,morning,11,daylight,0,dry,0,5,3,1,1,0,0,0,0,3,slightly_injured
2018,4,Sun,1,52.5253891,13.41982397,afternoon,15,daylight,0,dry,0,5,2,1,1,0,0,0,0,3,slightly_injured
2018,12,Sun,1,52.50874673,13.55772659,evening,18,dark,2,wet,1,2,6,0,1,0,0,0,0,3,slightly_injured
2018,9,Mon,2,52.55110984,13.30324767,afternoon,14,daylight,0,wet,1,0,6,0,1,0,1,0,0,2,seriously_injured
2018,9,Tue,3,52.52311105,13.41093668,afternoon,14,daylight,0,dry,0,6,4,0,0,1,0,0,1,3,slightly_injured
2018,6,Wed,4,52.46756683,13.49379851,evening,18,daylight,0,dry,0,4,6,1,0,0,0,0,0,2,seriously_injured
2018,7,Mon,2,52.49168049,13.46322273,afternoon,13,daylight,0,dry,0,2,6,0,1,0,0,1,0,3,slightly_injured
2018,5,Mon,2,52.51867776,13.42752899,morning,8,daylight,0,dry,0,2,6,0,1,0,1,0,0,3,slightly_injured
2018,2,Mon,2,52.47477719,13.35034224,morning,7,daylight,0,wet,1,3,6,0,1,0,0,0,1,2,seriously_injured
2018,11,Sun,1,52.57442717,13.34765051,morning,11,daylight,0,wet,1,5,3,0,1,0,0,0,0,3,slightly_injured
2018,10,Thu,5,52.62270491,13.43048191,afternoon,17,daylight,0,dry,0,2,6,0,1,0,0,0,0,3,slightly_injured
2018,10,Sat,7,52.53911703,13.42487186,afternoon,13,daylight,0,dry,0,2,6,0,1,0,0,0,0,3,slightly_injured
2018,2,Mon,2,52.49841676,13.36228717,evening,20,dark,2,wet,1,1,5,0,1,0,0,0,1,3,slightly_injured
2018,11,Sun,1,52.50669833,13.36857898,afternoon,12,daylight,0,dry,0,2,6,0,1,0,0,0,0,3,slightly_injured
2018,9,Wed,4,52.45269889,13.38457384,afternoon,15,daylight,0,dry,0,5,2,0,1,0,0,0,0,3,slightly_injured
2018,8,Mon,2,52.43354877,13.37768456,evening,18,daylight,0,dry,0,3,6,1,0,0,0,0,0,3,slightly_injured
2018,3,Fri,6,52.51626149,13.37663104,morning,10,daylight,0,wet,1,0,1,0,0,0,0,0,1,3,slightly_injured
2018,6,Thu,5,52.51361635,13.47483884,afternoon,17,daylight,0,dry,0,0,4,0,0,1,1,0,0,2,seriously_injured
2018,6,Fri,6,52.49261103,13.29316818,afternoon,15,daylight,0,dry,0,2,6,0,1,0,0,0,0,3,slightly_injured
2018,8,Sat,7,52.51334643,13.33435609,afternoon,14,daylight,0,dry,0,0,1,0,0,0,1,0,0,3,slightly_injured
2018,5,Wed,4,52.47825387,13.31801841,afternoon,15,daylight,0,dry,0,0,1,0,0,0,1,0,0,2,seriously_injured
2018,4,Mon,2,52.49879573,13.28121851,afternoon,13,daylight,0,dry,0,3,6,0,1,0,0,0,0,3,slightly_injured
2018,12,Tue,3,52.51066061,13.29366958,afternoon,17,dark,2,wet,1,2,6,0,1,0,0,0,1,3,slightly_injured
2018,9,Tue,3,52.53992904,13.37023606,morning,9,daylight,0,dry,0,5,2,1,1,0,0,0,0,3,slightly_injured
2018,9,Wed,4,52.50508279,13.5914792,afternoon,17,daylight,0,dry,0,2,6,0,1,0,1,1,0,2,seriously_injured
2018,6,Wed,4,52.42329549,13.39603827,afternoon,16,daylight,0,dry,0,5,2,0,1,0,0,0,0,3,slightly_injured
2018,7,Mon,2,52.57775913,13.39841432,afternoon,16,daylight,0,dry,0,3,6,1,1,0,0,0,0,3,slightly_injured
2018,7,Tue,3,52.51725649,13.39377253,afternoon,16,daylight,0,dry,0,3,6,1,1,0,0,0,0,3,slightly_injured
2018,5,Tue,3,52.46054448,13.38467947,afternoon,15,daylight,0,dry,0,3,6,1,1,0,0,0,0,3,slightly_injured
2018,2,Sun,1,52.61407475,13.31646695,evening,19,dark,2,wet,1,1,5,0,1,0,0,0,0,2,seriously_injured
2018,11,Mon,2,52.58312518,13.34371847,afternoon,12,daylight,0,wet,1,2,2,0,1,0,0,1,0,3,slightly_injured
2018,8,Thu,5,52.5608198,13.36495947,afternoon,16,daylight,0,dry,0,2,6,0,1,0,0,0,0,3,slightly_injured
2018,10,Fri,6,52.60867317,13.32243687,afternoon,16,daylight,0,dry,0,2,6,0,1,0,0,0,0,3,slightly_injured
2018,8,Tue,3,52.48678912,13.35708848,afternoon,14,daylight,0,dry,0,0,2,0,1,0,0,0,1,3,slightly_injured
2018,4,Mon,2,52.49750714,13.38925968,afternoon,14,daylight,0,dry,0,0,2,1,1,0,0,0,0,3,slightly_injured
2018,4,Wed,4,52.5145142,13.46750369,afternoon,15,daylight,0,dry,0,5,3,0,1,0,1,0,0,3,slightly_injured
2018,5,Tue,3,52.48714405,13.35716811,evening,18,daylight,0,dry,0,5,5,1,1,0,0,0,0,3,slightly_injured
2018,11,Fri,6,52.5107713,13.2955867,afternoon,13,daylight,0,dry,0,4,6,1,0,0,0,0,0,3,slightly_injured
2018,12,Mon,2,52.48541985,13.35463265,evening,19,dark,2,dry,0,0,7,1,1,0,0,0,0,2,seriously_injured
2018,9,Thu,5,52.59178373,13.44083041,afternoon,13,daylight,0,dry,0,2,7,0,1,0,1,0,0,2,seriously_injured
2018,8,Fri,6,52.51583864,13.3718612,morning,8,daylight,0,dry,0,8,1,1,0,0,0,0,0,3,slightly_injured
2018,6,Fri,6,52.56931643,13.40294449,morning,10,daylight,0,dry,0,5,3,1,1,0,0,0,0,3,slightly_injured
2018,7,Wed,4,52.50477398,13.61611372,evening,18,daylight,0,dry,0,2,6,0,1,0,0,0,1,3,slightly_injured
2018,5,Wed,4,52.49359535,13.38800169,morning,7,daylight,0,dry,0,6,4,0,1,1,0,0,0,2,seriously_injured
2018,2,Sun,1,52.48773948,13.4762891,afternoon,13,daylight,0,wet,1,8,1,0,1,0,0,0,0,2,seriously_injured
2018,11,Tue,3,52.46461239,13.45603904,afternoon,13,daylight,0,dry,0,3,6,0,1,0,0,0,0,3,slightly_injured
2018,6,Sun,1,52.52960122,13.53696937,afternoon,14,daylight,0,dry,0,1,7,0,0,0,0,1,1,2,seriously_injured
2018,12,Thu,5,52.51654416,13.17893024,afternoon,15,dark,2,dry,0,2,2,0,1,0,0,0,0,3,slightly_injured
2018,10,Sat,7,52.48691088,13.35695946,afternoon,13,daylight,0,dry,0,5,3,1,1,0,0,0,0,3,slightly_injured
2018,8,Thu,5,52.54087572,13.41369303,afternoon,17,daylight,0,dry,0,0,1,0,1,0,1,0,0,3,slightly_injured
2018,4,Wed,4,52.53919113,13.42465281,morning,7,daylight,0,dry,0,2,6,0,0,0,1,0,1,3,slightly_injured
2018,3,Sat,7,52.51471337,13.46407292,afternoon,12,daylight,0,dry,0,2,6,0,1,0,0,0,0,3,slightly_injured
2018,5,Thu,5,52.50446752,13.36702095,afternoon,17,daylight,0,dry,0,3,6,1,1,0,0,1,0,3,slightly_injured
2018,10,Thu,5,52.5398397,13.43707408,morning,6,dark,2,wet,1,5,3,1,0,0,1,0,0,3,slightly_injured
2018,2,Sun,1,52.49395607,13.28997776,night,5,daylight,0,dry,0,9,1,0,1,0,0,0,0,3,slightly_injured
2018,11,Tue,3,52.51344195,13.47667409,morning,10,daylight,0,dry,0,5,2,1,0,0,0,0,1,3,slightly_injured
2018,9,Sat,7,52.43457017,13.37817273,morning,11,daylight,0,dry,0,2,6,0,1,0,0,0,1,3,slightly_injured
2018,8,Fri,6,52.51371951,13.4751894,afternoon,14,daylight,0,dry,0,6,4,0,1,1,0,0,0,2,seriously_injured
2018,6,Mon,2,52.59334835,13.28646571,morning,7,daylight,0,dry,0,3,6,0,1,0,0,1,0,3,slightly_injured
2018,3,Fri,6,52.51346248,13.47645565,morning,10,daylight,0,dry,0,2,2,0,1,0,0,0,0,3,slightly_injured
2018,7,Mon,2,52.50852583,13.25835423,morning,7,daylight,0,dry,0,6,4,0,1,1,0,0,0,3,slightly_injured
2018,6,Tue,3,52.45046786,13.46439515,morning,9,daylight,0,dry,0,2,6,0,1,0,0,0,0,3,slightly_injured
2018,8,Wed,4,52.51198105,13.31408954,morning,10,daylight,0,dry,0,6,4,1,0,1,0,0,0,3,slightly_injured
2018,5,Thu,5,52.43895218,13.38733956,afternoon,17,daylight,0,dry,0,2,6,0,1,0,0,0,1,3,slightly_injured
2018,4,Thu,5,52.42349374,13.39627217,morning,6,daylight,0,dry,0,5,2,1,0,0,0,0,1,3,slightly_injured
2018,12,Tue,3,52.58015562,13.3991192,night,5,dark,2,wet,1,8,1,0,1,0,0,0,0,3,slightly_injured
2018,9,Sat,7,52.51824162,13.28341327,afternoon,12,daylight,0,dry,0,2,6,0,1,0,0,0,0,3,slightly_injured
2018,9,Sun,1,52.45167645,13.31021387,afternoon,15,daylight,0,dry,0,2,1,0,1,0,0,0,0,3,slightly_injured
2018,7,Fri,6,52.50850658,13.25807698,evening,20,daylight,0,dry,0,3,6,0,1,0,0,0,0,3,slightly_injured
2018,7,Fri,6,52.55843462,13.36541839,afternoon,13,daylight,0,dry,0,2,6,0,1,0,0,1,0,3,slightly_injured
2018,3,Wed,4,52.54848092,13.45135107,afternoon,17,dark,2,dry,0,2,6,1,1,0,0,0,0,3,slightly_injured
2018,5,Fri,6,52.50508525,13.58128683,afternoon,15,daylight,0,dry,0,2,2,0,1,0,0,0,0,3,slightly_injured
2018,10,Thu,5,52.43137905,13.37666564,afternoon,12,daylight,0,dry,0,3,6,0,1,0,0,1,0,3,slightly_injured
2018,2,Sat,7,52.51611453,13.45021279,morning,10,daylight,0,dry,0,6,7,0,1,1,0,0,0,3,slightly_injured
2018,11,Fri,6,52.46932024,13.38573726,morning,11,daylight,0,dry,0,2,6,0,1,0,0,0,0,3,slightly_injured
2018,9,Mon,2,52.50956337,13.37741124,afternoon,12,daylight,0,dry,0,5,3,0,1,0,0,1,0,3,slightly_injured
2018,8,Sat,7,52.53610433,13.36375056,afternoon,14,daylight,0,dry,0,2,1,0,1,0,0,0,0,3,slightly_injured
2018,3,Fri,6,52.48321256,13.4702178,afternoon,17,daylight,0,dry,0,9,7,0,1,0,0,0,1,2,seriously_injured
2018,10,Tue,3,52.49977194,13.28069417,morning,6,dusk,1,dry,0,2,6,0,1,0,0,0,1,3,slightly_injured
2018,6,Thu,5,52.57441318,13.34774154,afternoon,12,daylight,0,dry,0,5,2,0,1,0,0,1,0,3,slightly_injured
2018,8,Fri,6,52.51842504,13.45248341,afternoon,15,daylight,0,dry,0,5,2,1,1,0,0,0,0,3,slightly_injured
2018,3,Mon,2,52.61860197,13.39055181,evening,20,dark,2,wet,1,5,2,1,1,0,0,0,0,3,slightly_injured
2018,4,Sat,7,52.54341089,13.29731517,evening,19,daylight,0,dry,0,2,6,0,1,0,1,0,0,3,slightly_injured
2018,4,Sat,7,52.4835464,13.38582687,afternoon,12,daylight,0,dry,0,2,6,0,1,0,0,0,0,3,slightly_injured
2018,6,Fri,6,52.55088165,13.4628871,afternoon,12,daylight,0,wet,1,0,1,0,0,0,1,0,0,3,slightly_injured
2018,12,Fri,6,52.54053884,13.41618894,afternoon,17,dark,2,wet,1,6,2,0,1,1,0,0,0,3,slightly_injured
2018,9,Mon,2,52.42929731,13.37568487,afternoon,12,daylight,0,dry,0,5,3,1,0,0,0,1,0,2,seriously_injured
2018,9,Tue,3,52.53622067,13.43331883,evening,18,daylight,0,dry,0,3,6,0,0,0,1,0,0,3,slightly_injured
2018,6,Tue,3,52.50503086,13.44860083,afternoon,16,daylight,0,dry,0,0,4,1,0,1,0,0,0,3,slightly_injured
2018,7,Sat,7,52.5149117,13.45344051,afternoon,17,daylight,0,dry,0,3,6,0,1,0,0,0,0,3,slightly_injured
2018,5,Sun,1,52.49178351,13.36083545,afternoon,13,daylight,0,dry,0,2,6,0,1,0,0,0,0,3,slightly_injured
2018,2,Fri,6,52.51092621,13.29794872,evening,18,dark,2,dry,0,6,4,1,0,1,0,0,0,2,seriously_injured
2018,11,Sat,7,52.50971524,13.52402307,morning,6,dark,2,dry,0,6,4,0,1,1,0,0,0,1,killed
2018,10,Wed,4,52.41380524,13.09943991,morning,11,daylight,0,dry,0,5,7,1,1,0,0,0,0,3,slightly_injured
2018,8,Mon,2,52.42716492,13.37458501,afternoon,15,daylight,0,dry,0,5,2,1,1,0,0,0,0,3,slightly_injured
2018,4,Sun,1,52.41997219,13.19653525,afternoon,12,daylight,0,dry,0,2,2,0,1,0,0,0,0,3,slightly_injured
2018,4,Mon,2,52.51119531,13.20609457,morning,11,daylight,0,dry,0,0,7,1,0,0,0,0,0,3,slightly_injured
2018,5,Mon,2,52.49196082,13.45785549,afternoon,16,daylight,0,dry,0,2,6,0,1,0,0,0,0,3,slightly_injured
2018,10,Tue,3,52.50852483,13.25833967,evening,18,dusk,1,wet,1,6,4,0,1,1,0,0,0,3,slightly_injured
2018,2,Fri,6,52.47011861,13.37743615,morning,11,daylight,0,dry,0,3,6,0,1,0,0,0,1,3,slightly_injured
2018,12,Sun,1,52.4963352,13.28391539,afternoon,17,dark,2,wet,1,2,6,0,1,0,0,0,0,3,slightly_injured
2018,9,Wed,4,52.55110538,13.5484555,morning,9,daylight,0,dry,0,2,6,0,1,0,0,0,0,3,slightly_injured
2018,8,Thu,5,52.57341787,13.39898412,afternoon,16,daylight,0,wet,1,5,2,1,1,0,0,0,0,3,slightly_injured
2018,6,Thu,5,52.52531706,13.44817901,evening,19,daylight,0,dry,0,0,7,1,0,0,0,0,0,3,slightly_injured
2018,7,Tue,3,52.53147758,13.36732994,afternoon,14,daylight,0,dry,0,3,6,0,0,0,1,1,0,3,slightly_injured
2018,2,Thu,5,52.46937288,13.3854967,morning,9,daylight,0,dry,0,5,3,1,1,0,0,0,0,3,slightly_injured
2018,11,Sat,7,52.46650724,13.38550284,morning,11,daylight,0,dry,0,0,6,0,1,0,0,0,1,3,slightly_injured
2018,6,Thu,5,52.52455526,13.44869605,afternoon,16,daylight,0,dry,0,1,7,0,1,0,0,0,0,3,slightly_injured
2018,5,Tue,3,52.51428961,13.19078214,afternoon,14,daylight,0,dry,0,3,6,0,1,0,1,0,0,3,slightly_injured
2018,12,Sun,1,52.49417644,13.28908879,afternoon,17,dark,2,wet,1,8,1,0,1,0,0,0,0,3,slightly_injured
2018,10,Thu,5,52.46158978,13.427156,morning,9,daylight,0,dry,0,2,6,0,1,0,0,0,0,3,slightly_injured
2018,2,Thu,5,52.51175975,13.30778402,afternoon,15,daylight,0,dry,0,5,2,1,1,0,0,0,0,3,slightly_injured
2018,7,Mon,2,52.44922338,13.30362948,afternoon,14,daylight,0,dry,0,5,2,1,1,0,0,0,0,2,seriously_injured
2018,4,Tue,3,52.49287349,13.45919873,morning,10,daylight,0,dry,0,5,2,0,1,0,0,0,0,3,slightly_injured
2018,7,Sat,7,52.50519724,13.57433961,morning,10,daylight,0,dry,0,5,3,1,1,0,0,0,0,2,seriously_injured
2018,3,Wed,4,52.50983095,13.27776324,evening,19,dark,2,dry,0,5,3,1,1,0,0,0,0,3,slightly_injured
2018,5,Tue,3,52.42637167,13.19160238,afternoon,16,daylight,0,dry,0,0,6,0,1,0,0,0,1,3,slightly_injured
2018,10,Mon,2,52.51567381,13.40788914,afternoon,15,daylight,0,wet,1,3,6,0,1,0,1,0,0,3,slightly_injured
2018,2,Wed,4,52.51008993,13.28176859,afternoon,13,daylight,0,dry,0,6,4,0,1,1,0,0,0,3,slightly_injured
2018,11,Sat,7,52.46946416,13.38574086,morning,10,daylight,0,dry,0,5,2,0,1,0,0,0,1,3,slightly_injured
2018,9,Fri,6,52.51133829,13.40172536,afternoon,16,daylight,0,dry,0,5,7,1,1,0,0,0,0,3,slightly_injured
2018,8,Wed,4,52.50876012,13.26244956,afternoon,12,daylight,0,dry,0,2,6,0,1,0,0,0,0,2,seriously_injured
2018,3,Fri,6,52.52905362,13.28301568,morning,7,daylight,0,wet,1,3,6,0,1,0,0,1,0,3,slightly_injured
2018,8,Mon,2,52.43825647,13.27143284,evening,22,dark,2,dry,0,5,3,0,1,0,0,0,0,2,seriously_injured
2018,4,Mon,2,52.50891077,13.45119342,morning,11,daylight,0,dry,0,0,7,1,0,0,0,0,0,3,slightly_injured
2018,4,Tue,3,52.43842716,13.27137411,afternoon,15,daylight,0,dry,0,5,2,0,1,0,1,0,0,2,seriously_injured
2018,5,Tue,3,52.51319348,13.33215173,morning,7,daylight,0,dry,0,5,3,1,0,0,0,0,0,3,slightly_injured
2018,10,Wed,4,52.53723591,13.2937259,afternoon,14,daylight,0,dry,0,2,6,0,1,0,1,0,0,3,slightly_injured
2018,2,Wed,4,52.50967487,13.37906991,evening,21,dark,2,dry,0,5,7,0,0,0,1,0,1,2,seriously_injured
2018,12,Mon,2,52.51026344,13.53143107,evening,18,dark,2,dry,0,2,6,0,1,0,0,0,1,3,slightly_injured
2018,9,Wed,4,52.52206804,13.41623389,evening,18,daylight,0,dry,0,5,2,1,1,0,0,0,0,3,slightly_injured
2018,8,Thu,5,52.53661428,13.53764263,afternoon,13,daylight,0,wet,1,5,7,0,1,0,1,0,0,3,slightly_injured
2018,6,Thu,5,52.4869791,13.38586423,evening,19,daylight,0,dry,0,5,7,0,1,0,1,0,0,2,seriously_injured
2018,7,Wed,4,52.51891181,13.427812,morning,7,daylight,0,dry,0,3,6,1,0,0,0,0,0,3,slightly_injured
2018,2,Wed,4,52.50731791,13.36887843,evening,18,dark,2,dry,0,5,3,0,1,0,1,0,0,2,seriously_injured
2018,11,Mon,2,52.46180001,13.40703225,night,2,dark,2,dry,0,2,1,0,1,0,0,0,1,3,slightly_injured
2018,6,Fri,6,52.50800717,13.24996546,evening,18,daylight,0,dry,0,2,6,0,1,0,0,0,1,3,slightly_injured
2018,5,Tue,3,52.51451467,13.46749897,evening,20,daylight,0,dry,0,5,2,0,1,0,1,0,0,2,seriously_injured
2018,12,Thu,5,52.50037996,13.27989674,afternoon,15,daylight,0,wet,1,2,6,0,1,0,0,0,0,3,slightly_injured
2018,10,Thu,5,52.51283967,13.4827291,afternoon,16,daylight,0,dry,0,5,3,1,0,0,0,0,0,3,slightly_injured
2018,2,Wed,4,52.56416026,13.31015002,afternoon,17,dark,2,dry,0,3,6,0,1,0,0,1,0,3,slightly_injured
2018,7,Tue,3,52.4633196,13.44747166,afternoon,12,daylight,0,dry,0,2,6,0,1,0,0,0,0,3,slightly_injured
2018,4,Wed,4,52.49708839,13.28329112,afternoon,14,daylight,0,dry,0,2,6,0,1,0,0,0,1,2,seriously_injured
2018,7,Mon,2,52.52529668,13.41972575,afternoon,17,daylight,0,dry,0,5,2,0,1,0,0,1,0,2,seriously_injured
2018,3,Thu,5,52.60661161,13.32497243,afternoon,14,daylight,0,wet,1,2,6,0,1,0,0,0,0,3,slightly_injured
2018,5,Wed,4,52.50975254,13.45113287,afternoon,15,daylight,0,dry,0,3,6,1,1,0,0,0,0,3,slightly_injured
2018,10,Tue,3,52.50645515,13.36843418,morning,7,daylight,0,wet,1,2,6,0,1,0,1,0,0,3,slightly_injured
2018,2,Wed,4,52.4362931,13.4931627,night,1,dark,2,dry,0,3,6,0,1,0,0,0,0,2,seriously_injured
2018,11,Mon,2,52.49883796,13.28118585,afternoon,16,dusk,1,dry,0,2,6,0,1,0,0,0,0,3,slightly_injured
2018,9,Fri,6,52.5638015,13.36440229,afternoon,12,daylight,0,dry,0,5,2,0,1,0,0,0,0,3,slightly_injured
2018,8,Thu,5,52.45485248,13.32057223,evening,18,daylight,0,dry,0,2,6,0,1,0,1,0,0,2,seriously_injured
2018,6,Sat,7,52.57236616,13.39879199,morning,10,daylight,0,dry,0,5,2,1,1,0,0,0,0,3,slightly_injured
2018,3,Fri,6,52.47781703,13.32703464,afternoon,14,daylight,0,dry,0,2,6,0,1,0,0,0,1,3,slightly_injured
2018,6,Sat,7,52.48315545,13.35071766,evening,18,daylight,0,dry,0,1,5,0,0,0,0,1,1,2,seriously_injured
2018,6,Mon,2,52.51867176,13.41106415,afternoon,16,daylight,0,dry,0,3,6,0,1,0,0,0,0,3,slightly_injured
2018,8,Wed,4,52.4381193,13.38065059,afternoon,15,daylight,0,dry,0,2,6,0,1,0,0,0,0,3,slightly_injured