ujahr,umonat,weekday,uwochentag,long,lat,time_of_day,ustunde,light_condition,ulichtverh,street_condition,ustrzustand,uart,utyp1,ist_rad,ist_pkw,ist_fuss,ist_krad,ist_gkfz,ist_sonstige,ukategorie,accident_outcome
2018,5,Thu,5,52.48108158,13.31123822,morning,9,daylight,0,dry,0,2,6,0,1,0,0,0,0,3,slightly_injured
2018,4,Wed,4,52.50932562,13.55387619,night,5,dusk,1,dry,0,2,6,0,1,0,0,0,0,3,slightly_injured
2018,12,Fri,6,52.52087057,13.42067757,evening,21,dark,2,dry,0,6,4,1,0,1,0,0,0,3,slightly_injured
2018,9,Fri,6,52.51893147,13.42806266,morning,8,daylight,0,dry,0,3,6,0,1,0,0,0,0,3,slightly_injured
2018,9,Fri,6,52.4141522,13.36387476,evening,20,dark,2,dry,0,5,3,0,1,0,0,0,0,3,slightly_injured
2018,7,Thu,5,52.53407654,13.43717474,evening,18,daylight,0,dry,0,0,2,0,1,0,0,0,1,3,slightly_injured
2018,7,Fri,6,52.54552449,13.44498472,morning,8,daylight,0,dry,0,5,2,1,1,0,0,0,0,2,seriously_injured
2018,3,Tue,3,52.42754936,13.21566853,morning,6,daylight,0,dry,0,6,4,1,0,1,0,0,0,2,seriously_injured
2018,5,Thu,5,52.49228952,13.45828496,afternoon,14,daylight,0,dry,0,2,6,0,1,0,1,0,0,3,slightly_injured
2018,2,Wed,4,52.47006132,13.38168206,morning,7,daylight,0,dry,0,2,2,0,1,0,0,0,1,3,slightly_injured
2018,11,Thu,5,52.51258561,13.40380932,evening,19,dark,2,dry,0,2,6,0,1,0,0,0,0,3,slightly_injured
2018,9,Sun,1,52.50993469,13.28192443,morning,11,daylight,0,dry,0,5,2,0,1,0,0,0,0,2,seriously_injured
2018,8,Sat,7,52.57338485,13.35905323,morning,8,daylight,0,dry,0,5,2,0,1,0,0,0,1,3,slightly_injured
2018,3,Thu,5,52.57917007,13.39838197,afternoon,17,daylight,0,dry,0,0,6,0,0,0,0,0,1,3,slightly_injured
2018,10,Tue,3,52.51200163,13.31440298,morning,11,daylight,0,dry,0,2,6,0,1,0,0,0,1,3,slightly_injured
2018,8,Thu,5,52.55797233,13.36550127,afternoon,13,daylight,0,dry,0,5,3,0,1,0,1,0,0,3,slightly_injured
2018,4,Fri,6,52.48433685,13.46855214,morning,11,daylight,0,dry,0,0,7,1,1,0,0,0,0,3,slightly_injured
2018,4,Fri,6,52.44182185,13.28289492,afternoon,16,daylight,0,dry,0,2,2,1,1,0,0,0,0,2,seriously_injured
2018,5,Thu,5,52.53952072,13.29517614,evening,19,daylight,0,dry,0,2,6,0,1,0,0,0,0,3,slightly_injured
2018,12,Fri,6,52.46271358,13.43852626,morning,8,daylight,0,wet,1,2,1,0,1,0,0,0,0,3,slightly_injured
2018,9,Sun,1,52.44174293,13.28263625,afternoon,15,daylight,0,wet,1,5,2,0,1,0,0,0,0,3,slightly_injured
2018,9,Tue,3,52.55076091,13.41375777,morning,7,daylight,0,dry,0,5,2,1,1,0,0,0,0,3,slightly_injured
2018,6,Mon,2,52.43120905,13.39189908,night,0,dark,2,dry,0,1,1,0,1,0,0,0,0,3,slightly_injured
2018,7,Fri,6,52.39265849,13.40690173,night,5,daylight,0,dry,0,5,2,0,1,0,1,0,0,2,seriously_injured
2018,5,Sat,7,52.55798897,13.36549788,afternoon,17,daylight,0,dry,0,5,3,0,1,0,0,0,0,3,slightly_injured
2018,2,Wed,4,52.488142,13.35805123,afternoon,14,daylight,0,dry,0,1,5,1,1,0,0,0,0,3,slightly_injured
2018,11,Fri,6,52.41794517,13.36692664,morning,9,daylight,0,dry,0,6,4,0,1,1,0,0,0,3,slightly_injured
2018,10,Tue,3,52.4770402,13.34653056,afternoon,16,daylight,0,dry,0,2,6,0,1,0,0,0,0,3,slightly_injured
2018,3,Mon,2,52.48004062,13.35227201,afternoon,14,daylight,0,wet,1,6,4,1,0,1,0,0,0,3,slightly_injured
2018,8,Sun,1,52.52686869,13.53765147,evening,19,daylight,0,dry,0,0,1,1,0,0,0,0,0,2,seriously_injured
2018,4,Sat,7,52.50734184,13.23922414,morning,10,daylight,0,dry,0,3,6,1,0,0,0,0,0,2,seriously_injured
2018,4,Sun,1,52.53930118,13.42416824,morning,9,daylight,0,wet,1,5,3,0,1,0,0,0,0,3,slightly_injured
2018,5,Sun,1,52.52202407,13.41633651,morning,8,daylight,0,dry,0,5,2,0,1,0,0,0,1,2,seriously_injured
2018,10,Tue,3,52.46500384,13.40188288,afternoon,13,daylight,0,dry,0,5,3,0,1,0,1,0,0,3,slightly_injured
2018,2,Wed,4,52.47106224,13.38553605,afternoon,13,daylight,0,dry,0,2,6,0,1,0,0,1,0,3,slightly_injured
2018,11,Fri,6,52.50476805,13.61300926,evening,21,dark,2,wet,1,2,6,0,1,0,0,0,0,3,slightly_injured
2018,9,Tue,3,52.55607464,13.41463711,afternoon,17,daylight,0,dry,0,5,2,1,1,0,0,0,0,3,slightly_injured
2018,8,Wed,4,52.54287393,13.41246775,morning,10,daylight,0,dry,0,1,5,1,1,0,0,0,1,3,slightly_injured
2018,6,Wed,4,52.60742051,13.32430861,afternoon,15,daylight,0,dry,0,5,3,1,1,0,0,0,0,2,seriously_injured
2018,7,Tue,3,52.47704041,13.35401485,afternoon,17,daylight,0,dry,0,3,6,0,1,0,1,0,0,2,seriously_injured
2018,6,Thu,5,52.51295333,13.48159177,morning,7,daylight,0,dry,0,2,6,0,1,0,0,0,0,3,slightly_injured
2018,5,Mon,2,52.48528433,13.4671477,evening,21,dark,2,dry,0,6,4,0,0,1,1,0,0,2,seriously_injured
2018,4,Sun,1,52.49286504,13.36093379,night,1,dark,2,dry,0,1,6,0,1,0,0,0,0,3,slightly_injured
2018,12,Sat,7,52.48176424,13.34830826,evening,18,dark,2,wet,1,5,7,0,1,0,0,0,1,2,seriously_injured
2018,10,Tue,3,52.45733612,13.38391412,evening,20,dark,2,wet,1,2,6,0,1,0,0,0,1,3,slightly_injured
2018,2,Wed,4,52.51578712,13.45377833,afternoon,12,daylight,0,dry,0,5,2,0,1,0,0,0,0,3,slightly_injured
2018,7,Mon,2,52.48185951,13.34855935,morning,10,daylight,0,dry,0,5,2,1,0,0,0,0,1,3,slightly_injured
2018,4,Tue,3,52.51159866,13.30530028,afternoon,14,daylight,0,dry,0,2,6,0,1,0,0,0,0,3,slightly_injured
2018,7,Thu,5,52.57944848,13.34655482,morning,6,daylight,0,dry,0,5,2,1,1,0,0,0,0,3,slightly_injured
2018,3,Tue,3,52.43899811,13.38761144,morning,8,daylight,0,wet,1,5,2,0,1,0,0,0,1,3,slightly_injured
2018,5,Tue,3,52.4526529,13.38437562,night,5,daylight,0,dry,0,5,2,0,1,0,0,0,0,3,slightly_injured
2018,10,Mon,2,52.46081062,13.41779145,afternoon,14,daylight,0,dry,0,2,6,0,1,0,0,0,1,3,slightly_injured
2018,2,Wed,4,52.49632504,13.28392307,morning,11,daylight,0,dry,0,2,6,0,0,0,0,1,0,3,slightly_injured
2018,11,Thu,5,52.45670867,13.38401832,morning,11,daylight,0,dry,0,1,5,1,0,0,0,0,1,3,slightly_injured
2018,9,Thu,5,52.4792748,13.35351463,evening,19,dark,2,wet,1,0,1,0,0,0,1,0,0,3,slightly_injured
2018,8,Tue,3,52.53555379,13.29302893,afternoon,17,daylight,0,dry,0,2,6,0,1,0,0,0,0,3,slightly_injured
2018,3,Thu,5,52.50583784,13.3683715,morning,9,daylight,0,dry,0,6,2,0,1,1,0,0,0,3,slightly_injured
2018,6,Fri,6,52.50583289,13.28179436,afternoon,16,daylight,0,dry,0,2,6,0,1,0,0,0,0,3,slightly_injured
2018,6,Sat,7,52.51527311,13.45995827,night,2,dark,2,dry,0,2,6,0,1,0,0,0,0,2,seriously_injured
2018,8,Mon,2,52.54461364,13.41275718,afternoon,15,daylight,0,dry,0,1,6,0,1,0,0,0,1,3,slightly_injured
2018,5,Wed,4,52.59974058,13.33206386,afternoon,12,daylight,0,dry,0,5,3,1,1,0,0,0,0,3,slightly_injured
2018,4,Tue,3,52.54970476,13.45703899,afternoon,16,daylight,0,dry,0,0,4,0,0,1,0,0,1,3,slightly_injured
2018,12,Tue,3,52.42036089,13.16657505,evening,20,dark,2,wet,1,0,1,1,0,0,0,0,0,3,slightly_injured
2018,9,Wed,4,52.55005181,13.30232971,afternoon,15,daylight,0,dry,0,0,1,0,0,0,1,0,0,2,seriously_injured
2018,9,Thu,5,52.50827454,13.5625496,afternoon,15,daylight,0,dry,0,3,6,0,1,0,0,1,0,3,slightly_injured
2018,7,Tue,3,52.61088884,13.31876359,afternoon,17,daylight,0,dry,0,5,2,1,1,0,0,0,0,3,slightly_injured
2018,7,Wed,4,52.51726522,13.438776,evening,23,dark,2,wet,1,6,7,1,0,1,0,0,0,3,slightly_injured
2018,5,Wed,4,52.53974491,13.37010734,afternoon,13,daylight,0,dry,0,2,6,0,1,0,0,0,0,3,slightly_injured
2018,2,Tue,3,52.60785512,13.32381694,evening,18,dark,2,dry,0,2,6,0,1,0,0,0,0,3,slightly_injured
2018,11,Tue,3,52.52614928,13.44806321,morning,7,daylight,0,wet,1,2,6,0,1,0,0,0,0,3,slightly_injured
2018,8,Thu,5,52.50905961,13.5530033,evening,18,daylight,0,dry,0,5,2,1,1,0,0,0,0,3,slightly_injured
2018,3,Thu,5,52.54099459,13.43888463,afternoon,12,daylight,0,wet,1,6,4,0,1,1,0,0,0,2,seriously_injured
2018,10,Sat,7,52.51512094,13.46003007,afternoon,15,daylight,0,dry,0,3,6,1,1,0,0,0,0,3,slightly_injured
2018,8,Wed,4,52.45997531,13.45695237,afternoon,15,daylight,0,dry,0,2,6,0,1,0,0,0,0,3,slightly_injured
2018,4,Thu,5,52.62741457,13.31138368,morning,10,daylight,0,dry,0,2,6,0,1,0,1,0,0,3,slightly_injured
2018,4,Thu,5,52.57262022,13.30529386,afternoon,15,daylight,0,dry,0,3,6,0,1,0,0,1,0,3,slightly_injured
2018,5,Wed,4,52.46363996,13.40348816,morning,7,daylight,0,dry,0,3,6,0,1,0,0,1,0,3,slightly_injured
2018,6,Sat,7,52.44311107,13.38619955,morning,11,daylight,0,dry,0,6,7,0,0,1,0,0,1,3,slightly_injured
2018,6,Mon,2,52.58507241,13.43348085,morning,11,daylight,0,dry,0,2,6,0,1,0,0,0,1,3,slightly_injured
2018,8,Tue,3,52.51095702,13.29842269,morning,7,daylight,0,dry,0,6,4,0,1,1,0,0,0,3,slightly_injured
2018,5,Thu,5,52.51712024,13.38840033,afternoon,14,daylight,0,dry,0,6,4,0,0,1,0,0,1,3,slightly_injured
2018,4,Tue,3,52.46323314,13.3853073,afternoon,17,daylight,0,dry,0,2,6,0,1,0,0,0,0,3,slightly_injured
2018,12,Fri,6,52.5099627,13.51696838,morning,6,dark,2,dry,0,1,5,0,1,0,0,1,0,3,slightly_injured
2018,9,Thu,5,52.51484371,13.46281435,morning,10,daylight,0,dry,0,0,6,1,0,1,0,0,0,3,slightly_injured
2018,9,Fri,6,52.51173357,13.49322891,morning,11,daylight,0,wet,1,2,2,0,1,0,0,0,1,3,slightly_injured
2018,7,Wed,4,52.51952757,13.41257677,morning,8,daylight,0,dry,0,0,7,1,1,0,0,0,0,3,slightly_injured
2018,7,Wed,4,52.55423011,13.4296575,afternoon,15,daylight,0,dry,0,5,2,0,1,0,1,0,0,2,seriously_injured
2018,5,Thu,5,52.51341333,13.47696988,morning,9,daylight,0,dry,0,2,2,0,1,0,0,0,0,3,slightly_injured
2018,2,Tue,3,52.48890524,13.29864837,afternoon,16,dark,2,dry,0,2,6,0,1,0,0,0,0,3,slightly_injured
2018,11,Wed,4,52.52656412,13.42131201,morning,11,daylight,0,dry,0,8,1,0,1,0,0,0,0,2,seriously_injured
2018,8,Fri,6,52.52001997,13.40458632,morning,8,daylight,0,dry,0,5,2,1,1,0,0,0,0,3,slightly_injured
2018,3,Thu,5,52.50508922,13.59092035,morning,9,daylight,0,wet,1,5,3,0,1,0,0,0,0,2,seriously_injured
2018,10,Mon,2,52.54182484,13.41238147,night,0,dark,2,wet,1,0,1,1,0,0,0,0,0,2,seriously_injured
2018,8,Thu,5,52.48565695,13.38584299,morning,9,daylight,0,dry,0,2,6,0,1,0,0,0,1,3,slightly_injured
2018,4,Thu,5,52.51430398,13.34605763,evening,19,dusk,1,wet,1,1,5,1,0,0,0,0,1,3,slightly_injured
2018,4,Fri,6,52.51165161,13.30905771,night,1,dark,2,dry,0,2,6,0,1,0,0,0,0,3,slightly_injured
2018,5,Thu,5,52.50623515,13.36861126,morning,11,daylight,0,dry,0,5,3,0,1,0,0,0,1,3,slightly_injured
2018,12,Thu,5,52.42327263,13.3960512,afternoon,16,dusk,1,wet,1,6,2,0,1,1,0,0,0,3,slightly_injured
2018,9,Fri,6,52.49865161,13.38238895,evening,20,dark,2,wet,1,0,6,0,1,0,0,0,0,3,slightly_injured
2018,9,Mon,2,52.41569313,13.19718561,afternoon,13,daylight,0,dry,0,2,6,0,1,0,1,0,0,3,slightly_injured
2018,6,Sat,7,52.51567969,13.45376596,afternoon,16,daylight,0,dry,0,6,7,1,0,1,0,0,0,3,slightly_injured
2018,7,Thu,5,52.47350539,13.35581269,morning,11,daylight,0,dry,0,2,6,0,1,0,0,0,0,3,slightly_injured
2018,5,Thu,5,52.51892169,13.41141366,afternoon,17,daylight,0,dry,0,3,6,0,1,0,0,0,0,3,slightly_injured
2018,2,Tue,3,52.50270088,13.36536023,evening,18,dark,2,dry,0,2,6,0,1,0,0,0,0,3,slightly_injured
2018,11,Thu,5,52.49826312,13.15274926,afternoon,17,dark,2,dry,0,2,6,0,1,0,0,0,0,3,slightly_injured
2018,10,Tue,3,52.53904575,13.42426155,morning,8,daylight,0,dry,0,5,2,0,1,0,0,0,0,3,slightly_injured
2018,8,Sun,1,52.5163927,13.44745902,morning,8,daylight,0,dry,0,2,6,0,1,0,0,0,0,2,seriously_injured
2018,4,Sat,7,52.50737301,13.23973051,morning,10,daylight,0,dry,0,3,6,1,0,0,0,0,0,2,seriously_injured
2018,3,Thu,5,52.56741041,13.36234263,evening,18,daylight,0,dry,0,1,5,1,0,0,0,0,1,3,slightly_injured
2018,5,Sat,7,52.53969873,13.421547,morning,11,daylight,0,dry,0,6,4,1,0,1,0,0,0,2,seriously_injured
2018,10,Mon,2,52.53539598,13.43234989,evening,18,dusk,1,wet,1,5,3,1,0,0,0,1,0,3,slightly_injured
2018,2,Tue,3,52.51268192,13.32296801,evening,19,dark,2,dry,0,3,2,0,1,0,1,0,0,3,slightly_injured
2018,11,Fri,6,52.41955183,13.15995946,afternoon,16,dark,2,wet,1,6,4,0,1,1,0,0,0,1,killed
2018,9,Tue,3,52.51470875,13.45380897,afternoon,12,daylight,0,dry,0,0,6,1,0,0,0,0,1,3,slightly_injured
2018,8,Tue,3,52.50885826,13.55575013,afternoon,13,daylight,0,dry,0,3,6,0,1,0,0,1,0,3,slightly_injured
2018,6,Wed,4,52.46161674,13.42814445,morning,10,daylight,0,dry,0,2,6,0,1,0,0,0,0,3,slightly_injured
2018,7,Tue,3,52.47242842,13.34704051,afternoon,16,daylight,0,dry,0,8,1,0,1,0,1,0,0,2,seriously_injured
2018,6,Wed,4,52.46074522,13.41241024,afternoon,16,daylight,0,dry,0,8,1,0,0,0,1,0,0,3,slightly_injured
2018,5,Sun,1,52.55797019,13.36550171,evening,23,dark,2,dry,0,5,3,0,1,0,0,0,0,3,slightly_injured
2018,4,Fri,6,52.54750952,13.300019,afternoon,14,daylight,0,dry,0,2,6,0,1,0,1,0,0,2,seriously_injured
2018,12,Fri,6,52.42408592,13.39558979,morning,11,daylight,0,wet,1,2,6,0,1,0,0,0,0,3,slightly_injured
2018,10,Tue,3,52.57206891,13.35992383,afternoon,15,daylight,0,wet,1,2,6,0,1,0,1,0,0,3,slightly_injured
2018,2,Tue,3,52.47434115,13.36018658,afternoon,14,daylight,0,dry,0,2,6,0,1,0,0,0,0,3,slightly_injured
2018,7,Sun,1,52.52595586,13.28164328,morning,11,daylight,0,dry,0,2,6,0,1,0,0,0,0,3,slightly_injured
2018,4,Mon,2,52.49151652,13.29504416,afternoon,17,daylight,0,wet,1,3,6,0,1,0,0,1,0,3,slightly_injured
2018,7,Wed,4,52.51590997,13.45223752,afternoon,17,daylight,0,dry,0,2,6,1,0,0,0,0,0,3,slightly_injured
2018,3,Mon,2,52.51661305,13.40901726,afternoon,14,daylight,0,dry,0,2,6,0,1,0,0,0,1,3,slightly_injured
2018,5,Mon,2,52.54111108,13.36833544,afternoon,12,daylight,0,dry,0,5,2,0,1,0,0,0,0,3,slightly_injured
2018,10,Sun,1,52.50799356,13.24974464,afternoon,14,daylight,0,dry,0,2,2,0,1,0,0,0,0,3,slightly_injured
2018,2,Tue,3,52.53909728,13.42403075,morning,7,daylight,0,dry,0,5,2,0,1,0,0,0,0,3,slightly_injured
2018,11,Tue,3,52.55197353,13.36699416,afternoon,17,dusk,1,dry,0,1,5,1,1,0,0,0,0,3,slightly_injured
2018,9,Thu,5,52.4816204,13.30699008,afternoon,15,daylight,0,dry,0,2,6,0,1,0,0,1,0,3,slightly_injured
2018,8,Tue,3,52.51575908,13.45530366,morning,8,daylight,0,dry,0,0,6,0,1,0,1,0,0,3,slightly_injured
2018,3,Thu,5,52.51113084,13.28516437,afternoon,16,daylight,0,dry,0,0,7,0,1,0,0,0,0,2,seriously_injured
2018,6,Thu,5,52.56207113,13.36450918,evening,22,dark,2,dry,0,5,3,0,0,0,1,0,1,3,slightly_injured
2018,6,Fri,6,52.48031671,13.35199313,evening,18,daylight,0,dry,0,1,5,0,1,0,1,0,0,3,slightly_injured
2018,8,Sun,1,52.5099716,13.28249704,afternoon,16,daylight,0,dry,0,3,6,1,1,0,0,0,0,2,seriously_injured
2018,5,Wed,4,52.58075806,13.40280015,afternoon,17,daylight,0,dry,0,0,6,0,1,0,0,0,1,3,slightly_injured
2018,4,Mon,2,52.42895534,13.37552379,afternoon,17,daylight,0,dry,0,5,3,0,1,0,1,0,0,3,slightly_injured
2018,12,Tue,3,52.60777467,13.32390795,afternoon,12,daylight,0,wet,1,6,2,0,0,1,0,0,1,3,slightly_injured
2018,9,Tue,3,52.52364141,13.41829671,afternoon,14,daylight,0,dry,0,2,6,0,1,0,0,0,0,3,slightly_injured
2018,9,Thu,5,52.50969656,13.54644622,morning,10,daylight,0,dry,0,2,6,0,1,0,0,0,0,3,slightly_injured
2018,7,Tue,3,52.50975393,13.54608973,morning,8,daylight,0,dry,0,2,6,0,1,0,1,0,0,3,slightly_injured
2018,7,Tue,3,52.50475294,13.61643278,evening,22,dark,2,wet,1,5,3,1,1,0,0,0,0,3,slightly_injured
2018,5,Tue,3,52.51119391,13.29912485,evening,18,daylight,0,wet,1,5,2,1,1,0,0,0,0,3,slightly_injured
2018,2,Tue,3,52.42329549,13.39603827,morning,6,daylight,0,wet,1,5,2,0,1,0,0,0,0,3,slightly_injured
2018,11,Mon,2,52.48464493,13.35353243,evening,19,dark,2,dry,0,0,1,0,0,0,1,0,0,3,slightly_injured
2018,8,Thu,5,52.44979175,13.30507248,afternoon,16,daylight,0,dry,0,2,2,0,1,0,0,0,0,3,slightly_injured
2018,10,Fri,6,52.52312336,13.41057483,morning,8,daylight,0,dry,0,6,4,1,0,1,0,0,0,3,slightly_injured
2018,8,Tue,3,52.57317986,13.35915075,afternoon,17,daylight,0,dry,0,3,6,0,1,0,0,0,0,3,slightly_injured
2018,4,Tue,3,52.55058462,13.41372743,afternoon,15,daylight,0,wet,1,5,2,1,1,0,0,0,0,3,slightly_injured
2018,4,Thu,5,52.50583275,13.57067439,morning,9,daylight,0,dry,0,1,5,0,0,0,1,0,1,3,slightly_injured
2018,5,Wed,4,52.56936496,13.4033971,afternoon,13,daylight,0,dry,0,5,2,1,1,0,0,0,0,3,slightly_injured
2018,11,Fri,6,52.42534279,13.37369753,afternoon,14,daylight,0,dry,0,3,6,1,0,0,0,0,0,3,slightly_injured
2018,12,Tue,3,52.50496787,13.59074389,afternoon,17,dark,2,dry,0,2,2,1,1,0,0,0,0,3,slightly_injured
2018,9,Thu,5,52.42984786,13.3926686,morning,8,daylight,0,dry,0,5,2,0,1,0,1,0,0,3,slightly_injured
2018,8,Fri,6,52.53988655,13.37037829,evening,19,dusk,1,dry,0,0,7,0,1,0,0,0,0,3,slightly_injured
2018,6,Fri,6,52.50869968,13.26147998,afternoon,14,daylight,0,dry,0,2,6,0,1,0,0,0,0,3,slightly_injured
2018,7,Wed,4,52.56837718,13.36201039,evening,22,dark,2,dry,0,6,4,1,0,1,0,0,0,3,slightly_injured
2018,5,Wed,4,52.5150781,13.46046035,evening,19,daylight,0,dry,0,3,6,0,1,0,1,0,0,3,slightly_injured
2018,2,Tue,3,52.46581103,13.23248463,night,1,dark,2,dry,0,3,6,0,1,0,0,1,0,3,slightly_injured
2018,11,Tue,3,52.5111664,13.3015857,afternoon,15,daylight,0,dry,0,5,3,0,1,0,0,0,0,3,slightly_injured
2018,6,Mon,2,52.45395875,13.46155431,morning,10,daylight,0,dry,0,2,6,0,1,0,0,0,0,3,slightly_injured
2018,12,Fri,6,52.43372617,13.39046234,morning,10,daylight,0,wet,1,5,2,0,1,0,0,0,0,3,slightly_injured
2018,10,Sat,7,52.51873376,13.41160427,evening,22,dark,2,dry,0,3,6,0,1,0,0,0,0,3,slightly_injured
2018,8,Fri,6,52.50493127,13.60898902,afternoon,13,daylight,0,dry,0,0,6,0,1,0,1,0,0,3,slightly_injured
2018,4,Thu,5,52.54168514,13.36953478,afternoon,17,daylight,0,dry,0,2,6,0,1,0,0,0,0,3,slightly_injured
2018,3,Mon,2,52.51800402,13.43170102,evening,19,dark,2,dry,0,6,4,0,0,1,1,0,0,3,slightly_injured
2018,5,Thu,5,52.51119391,13.29912485,evening,20,daylight,0,dry,0,5,2,1,1,0,0,0,0,3,slightly_injured
2018,10,Thu,5,52.49879975,13.28149734,afternoon,15,daylight,0,wet,1,2,6,0,1,0,0,0,0,3,slightly_injured
2018,2,Mon,2,52.51025798,13.28569156,afternoon,15,daylight,0,dry,0,2,6,0,1,0,0,0,0,3,slightly_injured
2018,11,Wed,4,52.39023697,13.40729332,afternoon,16,dark,2,dry,0,5,3,1,1,0,0,0,0,3,slightly_injured
2018,9,Sun,1,52.48673926,13.38586147,afternoon,14,daylight,0,dry,0,6,4,0,1,1,0,0,0,3,slightly_injured
2018,8,Fri,6,52.51039075,13.28922176,evening,21,dark,2,dry,0,5,3,1,1,0,0,0,0,3,slightly_injured
2018,6,Mon,2,52.62727155,13.47928566,afternoon,15,daylight,0,dry,0,9,1,0,0,0,0,0,1,3,slightly_injured
2018,7,Mon,2,52.62318958,13.43139602,afternoon,16,daylight,0,dry,0,0,1,0,0,0,1,0,0,3,slightly_injured
2018,12,Wed,4,52.49254742,13.46032285,evening,18,dark,2,dry,0,5,2,1,1,0,0,0,0,3,slightly_injured
2018,9,Fri,6,52.54005076,13.42458263,afternoon,13,daylight,0,dry,0,6,4,0,1,1,0,0,0,3,slightly_injured
2018,9,Sat,7,52.51106043,13.29711226,morning,9,daylight,0,dry,0,6,2,0,1,1,0,0,0,3,slightly_injured
2018,6,Sat,7,52.49178335,13.29431604,night,0,dark,2,dry,0,3,6,0,1,0,0,0,0,2,seriously_injured
2018,7,Thu,5,52.48322978,13.35020733,evening,23,dark,2,dry,0,3,6,0,1,0,1,0,0,3,slightly_injured
2018,5,Thu,5,52.53968515,13.42163212,night,1,dark,2,dry,0,5,3,1,1,0,0,0,0,3,slightly_injured
2018,2,Mon,2,52.55786352,13.55429323,night,4,dark,2,icy,2,5,3,0,1,0,0,0,0,2,seriously_injured
2018,11,Wed,4,52.51863537,13.41149373,afternoon,12,daylight,0,dry,0,2,6,0,1,0,0,0,0,3,slightly_injured
2018,12,Sun,1,52.57565347,13.34772791,afternoon,17,dark,2,dry,0,8,1,0,1,0,0,1,0,2,seriously_injured
2018,10,Sun,1,52.44148685,13.38693312,evening,20,dark,2,dry,0,6,7,1,0,1,0,0,0,3,slightly_injured
2018,8,Sat,7,52.55217456,13.54964147,afternoon,14,daylight,0,dry,0,5,3,1,1,0,0,0,0,3,slightly_injured
2018,4,Fri,6,52.569364,13.40338894,afternoon,17,daylight,0,dry,0,5,2,1,1,0,0,0,0,2,seriously_injured
2018,3,Wed,4,52.49389829,13.29015601,evening,18,dark,2,wet,1,5,3,0,1,0,0,0,0,2,seriously_injured
2018,5,Fri,6,52.47852687,13.33939848,afternoon,16,daylight,0,dry,0,2,6,0,1,0,0,0,0,3,slightly_injured
2018,10,Sat,7,52.46185009,13.43182073,afternoon,12,daylight,0,dry,0,3,6,0,1,0,0,1,0,3,slightly_injured
2018,2,Sun,1,52.49646945,13.36146143,evening,19,dark,2,wet,1,2,6,0,1,0,0,0,0,3,slightly_injured
2018,11,Thu,5,52.49078894,13.29596451,morning,9,daylight,0,dry,0,8,1,0,1,0,0,0,0,3,slightly_injured
2018,9,Mon,2,52.42316203,13.39611315,morning,11,daylight,0,dry,0,5,2,1,0,0,0,1,0,2,seriously_injured
2018,8,Sat,7,52.5140213,13.34402327,night,4,dark,2,dry,0,1,5,1,1,0,0,0,0,2,seriously_injured
2018,6,Tue,3,52.50910522,13.26804785,morning,9,daylight,0,dry,0,0,4,0,0,1,0,0,1,3,slightly_injured
2018,7,Mon,2,52.60719403,13.32449447,evening,20,daylight,0,dry,0,3,6,0,1,0,1,0,0,3,slightly_injured
2018,6,Wed,4,52.52615066,13.44806228,morning,10,daylight,0,dry,0,2,7,0,1,0,0,0,0,2,seriously_injured
2018,5,Sat,7,52.51238255,13.3206525,evening,19,daylight,0,dry,0,2,2,0,1,0,0,0,0,3,slightly_injured
2018,4,Fri,6,52.45625149,13.50999728,evening,21,dark,2,wet,1,6,4,0,1,1,0,0,0,2,seriously_injured
2018,12,Thu,5,52.51096037,13.501456,evening,19,dark,2,wet,1,0,1,0,0,0,1,0,0,3,slightly_injured
2018,10,Mon,2,52.56908093,13.40371345,morning,10,daylight,0,dry,0,2,6,0,1,0,0,0,0,3,slightly_injured
2018,7,Sat,7,52.50863814,13.26035476,afternoon,14,daylight,0,dry,0,2,6,0,1,0,0,0,0,3,slightly_injured
2018,4,Mon,2,52.56055044,13.36500938,morning,7,daylight,0,dry,0,5,2,0,1,0,0,0,0,3,slightly_injured
2018,7,Tue,3,52.53601516,13.4331291,morning,9,daylight,0,dry,0,0,2,1,1,0,0,0,0,3,slightly_injured
2018,3,Sat,7,52.51744898,13.39652264,morning,9,daylight,0,dry,0,3,6,1,0,0,0,0,1,3,slightly_injured
2018,5,Sun,1,52.5060938,13.36851919,morning,6,daylight,0,dry,0,2,6,0,1,0,1,0,0,3,slightly_injured
2018,10,Fri,6,52.51782512,13.4098923,afternoon,17,dusk,1,dry,0,0,3,0,1,0,0,0,1,2,seriously_injured
2018,2,Sat,7,52.48644013,13.38585803,morning,11,daylight,0,dry,0,3,6,0,0,0,0,0,1,3,slightly_injured
2018,11,Sun,1,52.58103543,13.40409035,afternoon,17,dusk,1,wet,1,4,1,0,1,0,0,0,0,3,slightly_injured
2018,9,Tue,3,52.46950836,13.38549817,evening,22,dark,2,dry,0,2,6,0,1,0,0,0,0,3,slightly_injured
2018,8,Mon,2,52.49744301,13.38927562,afternoon,14,daylight,0,dry,0,5,2,1,1,0,0,0,0,3,slightly_injured