ujahr,umonat,weekday,uwochentag,long,lat,time_of_day,ustunde,light_condition,ulichtverh,street_condition,ustrzustand,uart,utyp1,ist_rad,ist_pkw,ist_fuss,ist_krad,ist_gkfz,ist_sonstige,ukategorie,accident_outcome
2018,3,Wed,4,52.53934301,13.42391234,afternoon,12,daylight,0,wet,1,6,2,0,1,1,0,0,0,3,slightly_injured
2018,6,Wed,4,52.51366309,13.47441083,afternoon,16,daylight,0,dry,0,5,7,0,1,0,1,0,0,3,slightly_injured
2018,10,Wed,4,52.57446134,13.34784366,afternoon,13,daylight,0,dry,0,3,2,0,1,0,0,0,0,2,seriously_injured
2018,6,Fri,6,52.53218966,13.42816838,afternoon,14,daylight,0,dry,0,0,1,1,0,0,0,0,0,3,slightly_injured
2018,8,Sat,7,52.49288538,13.29241103,morning,9,daylight,0,dry,0,0,7,0,1,0,0,1,0,3,slightly_injured
2018,5,Tue,3,52.57344406,13.35510402,evening,19,dusk,1,dry,0,6,7,0,1,1,0,0,0,3,slightly_injured
2018,4,Mon,2,52.61312904,13.31537482,morning,7,daylight,0,dry,0,0,7,1,0,0,0,0,1,3,slightly_injured
2018,12,Mon,2,52.49288159,13.45917593,evening,18,dark,2,wet,1,5,3,0,1,0,0,0,0,3,slightly_injured
2018,9,Tue,3,52.62885011,13.46958458,morning,8,daylight,0,dry,0,2,6,0,1,0,0,0,0,3,slightly_injured
2018,9,Wed,4,52.51599974,13.45371893,morning,11,daylight,0,dry,0,3,6,1,0,0,0,0,0,3,slightly_injured
2018,6,Wed,4,52.48451132,13.47946399,afternoon,15,daylight,0,dry,0,5,3,1,1,0,0,0,0,3,slightly_injured
2018,7,Mon,2,52.51359526,13.47503197,afternoon,14,daylight,0,dry,0,0,2,1,1,0,0,0,0,3,slightly_injured
2018,7,Mon,2,52.41966604,13.19627786,night,0,dark,2,dry,0,2,6,0,1,0,0,0,0,3,slightly_injured
2018,5,Tue,3,52.50875634,13.26238895,afternoon,14,daylight,0,dry,0,2,6,1,1,0,0,0,0,3,slightly_injured
2018,2,Sat,7,52.41950366,13.15952741,afternoon,13,daylight,0,wet,1,5,3,0,1,0,0,0,0,3,slightly_injured
2018,11,Mon,2,52.54136466,13.43884885,morning,10,daylight,0,dry,0,5,2,1,1,0,0,0,0,3,slightly_injured
2018,8,Thu,5,52.45724115,13.50887712,afternoon,14,daylight,0,dry,0,5,3,1,1,0,0,0,0,3,slightly_injured
2018,3,Sun,1,52.50755193,13.24265439,night,5,dark,2,dry,0,9,1,0,0,0,0,0,1,3,slightly_injured
2018,10,Fri,6,52.47612205,13.38567476,night,1,dark,2,dry,0,1,5,0,1,0,0,0,0,3,slightly_injured
2018,8,Tue,3,52.51646133,13.38254654,morning,8,daylight,0,dry,0,0,1,1,0,0,0,0,0,2,seriously_injured
2018,4,Mon,2,52.56888806,13.36157733,morning,11,daylight,0,dry,0,2,6,0,1,0,0,1,0,3,slightly_injured
2018,4,Wed,4,52.49151652,13.29504416,evening,22,dark,2,wet,1,5,3,0,1,0,0,1,0,3,slightly_injured
2018,5,Tue,3,52.50569032,13.36799357,afternoon,16,daylight,0,dry,0,3,6,1,1,0,0,0,0,3,slightly_injured
2018,11,Thu,5,52.54567058,13.4453062,night,1,dark,2,dry,0,0,1,0,0,0,1,0,0,3,slightly_injured
2018,12,Mon,2,52.42732728,13.21473323,afternoon,15,dusk,1,wet,1,5,2,0,1,0,0,0,1,2,seriously_injured
2018,9,Wed,4,52.63366794,13.42726277,evening,23,dark,2,dry,0,6,7,0,1,1,0,0,0,2,seriously_injured
2018,8,Fri,6,52.51283052,13.48282075,afternoon,16,daylight,0,dry,0,3,6,0,0,0,1,0,1,3,slightly_injured
2018,6,Fri,6,52.51960863,13.40383671,afternoon,14,daylight,0,dry,0,1,5,1,1,0,0,0,1,3,slightly_injured
2018,7,Wed,4,52.56348888,13.36423911,afternoon,16,daylight,0,dry,0,3,6,1,1,0,0,0,0,3,slightly_injured
2018,2,Sat,7,52.60841324,13.32287538,afternoon,13,daylight,0,wet,1,2,6,0,1,0,0,0,0,3,slightly_injured
2018,11,Mon,2,52.52008427,13.42236975,afternoon,15,daylight,0,dry,0,5,2,1,1,0,0,0,0,3,slightly_injured
2018,6,Sat,7,52.43898452,13.38753101,evening,19,daylight,0,dry,0,0,1,1,0,0,0,0,0,3,slightly_injured
2018,5,Wed,4,52.51525052,13.46017461,afternoon,16,daylight,0,dry,0,5,3,1,1,0,0,0,0,3,slightly_injured
2018,12,Thu,5,52.49388567,13.46076584,afternoon,17,dark,2,wet,1,6,4,0,1,1,0,0,0,2,seriously_injured
2018,10,Fri,6,52.46990921,13.37958235,evening,20,dark,2,dry,0,3,6,0,1,0,0,0,0,2,seriously_injured
2018,2,Sat,7,52.51406133,13.47054296,evening,20,dark,2,dry,0,6,4,0,0,1,1,0,0,3,slightly_injured
2018,8,Wed,4,52.41330762,13.09725986,afternoon,14,daylight,0,dry,0,4,6,0,1,0,0,0,0,3,slightly_injured
2018,4,Wed,4,52.4643489,13.33359588,evening,21,dark,2,dry,0,9,1,0,0,0,1,0,0,3,slightly_injured
2018,3,Fri,6,52.51231562,13.28654623,afternoon,13,daylight,0,dry,0,2,6,0,1,0,0,1,0,3,slightly_injured
2018,5,Wed,4,52.51251705,13.32310348,evening,19,daylight,0,dry,0,3,2,0,1,0,0,0,0,3,slightly_injured
2018,10,Wed,4,52.54351335,13.3697941,afternoon,12,daylight,0,dry,0,0,4,0,1,1,0,0,0,3,slightly_injured
2018,2,Fri,6,52.56038869,13.41161603,evening,21,dark,2,wet,1,5,3,1,1,0,0,0,0,3,slightly_injured
2018,11,Mon,2,52.4975195,13.27149059,evening,18,dark,2,wet,1,2,6,0,1,0,0,0,0,3,slightly_injured
2018,9,Sat,7,52.51586785,13.45421055,afternoon,15,daylight,0,dry,0,5,2,1,1,0,0,0,0,3,slightly_injured
2018,8,Fri,6,52.46488993,13.49759055,afternoon,12,daylight,0,wet,1,2,3,1,1,0,0,0,0,3,slightly_injured
2018,6,Sun,1,52.50913847,13.37312259,afternoon,16,daylight,0,dry,0,0,6,0,1,0,0,0,1,3,slightly_injured
2018,3,Wed,4,52.48304377,13.3860515,evening,22,dark,2,dry,0,3,6,0,1,0,0,1,0,3,slightly_injured
2018,7,Sun,1,52.58256564,13.43074186,afternoon,14,daylight,0,dry,0,3,6,0,1,0,1,0,0,2,seriously_injured
2018,6,Tue,3,52.45749534,13.5085139,evening,19,daylight,0,dry,0,6,4,0,0,1,1,0,0,3,slightly_injured
2018,8,Wed,4,52.51821353,13.42905918,evening,18,daylight,0,dry,0,5,3,1,1,0,0,0,0,3,slightly_injured
2018,5,Thu,5,52.43665943,13.4919938,night,0,dark,2,dry,0,9,1,0,1,0,0,0,0,3,slightly_injured
2018,4,Thu,5,52.58881246,13.33936344,morning,11,daylight,0,dry,0,6,4,0,1,1,0,0,0,1,killed
2018,12,Mon,2,52.61871729,13.43841755,afternoon,15,dusk,1,dry,0,2,6,0,1,0,0,0,0,3,slightly_injured
2018,9,Sat,7,52.54193247,13.36976579,afternoon,15,daylight,0,dry,0,2,6,0,1,0,0,0,0,3,slightly_injured
2018,9,Sat,7,52.56933499,13.40314424,evening,21,dark,2,dry,0,2,6,0,1,0,1,0,0,3,slightly_injured
2018,7,Fri,6,52.55109655,13.46368111,evening,18,daylight,0,dry,0,6,4,0,0,1,0,0,1,2,seriously_injured
2018,7,Fri,6,52.57520862,13.3990638,evening,20,daylight,0,wet,1,0,6,1,1,0,0,0,0,3,slightly_injured
2018,3,Wed,4,52.49400663,13.38830287,morning,10,daylight,0,wet,1,5,3,0,1,0,0,0,0,3,slightly_injured
2018,5,Fri,6,52.57186311,13.39845146,morning,9,daylight,0,dry,0,2,6,0,1,0,0,1,0,3,slightly_injured
2018,10,Thu,5,52.49932817,13.28105566,night,1,dark,2,dry,0,3,6,0,1,0,0,0,0,3,slightly_injured
2018,2,Fri,6,52.51174192,13.30745303,morning,11,daylight,0,dry,0,5,3,1,1,0,0,0,0,3,slightly_injured
2018,11,Fri,6,52.48430813,13.35227205,morning,9,daylight,0,wet,1,0,7,1,0,0,0,0,0,2,seriously_injured
2018,9,Mon,2,52.51087575,13.29717886,morning,8,daylight,0,dry,0,5,2,1,1,0,0,0,0,3,slightly_injured
2018,8,Sat,7,52.49924007,13.2811293,afternoon,13,daylight,0,dry,0,2,6,0,1,0,0,0,0,3,slightly_injured
2018,3,Wed,4,52.54559323,13.44456493,morning,8,daylight,0,wet,1,0,1,0,0,0,0,0,1,2,seriously_injured
2018,10,Tue,3,52.568901,13.47796622,morning,7,daylight,0,dry,0,8,1,0,1,0,0,0,0,3,slightly_injured
2018,8,Thu,5,52.52381853,13.41866324,afternoon,15,daylight,0,dry,0,0,6,0,1,0,0,0,0,3,slightly_injured
2018,4,Sat,7,52.4547521,13.51249138,afternoon,17,daylight,0,dry,0,2,6,0,1,0,0,0,0,3,slightly_injured
2018,4,Sat,7,52.53833098,13.42635463,night,1,dark,2,dry,0,5,2,0,1,0,0,0,1,3,slightly_injured
2018,6,Fri,6,52.493509,13.38794515,morning,7,daylight,0,dry,0,6,4,0,0,1,1,0,0,2,seriously_injured
2018,12,Fri,6,52.43922324,13.38164532,afternoon,17,dusk,1,wet,1,3,2,0,1,0,0,0,1,3,slightly_injured
2018,9,Sun,1,52.4817046,13.34844812,evening,22,dark,2,dry,0,6,4,0,1,1,0,0,0,3,slightly_injured
2018,9,Tue,3,52.5793503,13.34663091,morning,7,daylight,0,dry,0,5,2,1,1,0,1,0,0,3,slightly_injured
2018,6,Tue,3,52.51467082,13.46594358,morning,8,daylight,0,dry,0,2,6,0,1,0,0,0,0,3,slightly_injured
2018,6,Tue,3,52.58563588,13.29206372,afternoon,13,daylight,0,dry,0,2,6,0,1,0,1,0,0,3,slightly_injured
2018,8,Thu,5,52.48451132,13.47946399,afternoon,13,daylight,0,dry,0,5,3,0,1,0,1,0,0,3,slightly_injured
2018,5,Fri,6,52.51058083,13.28959971,afternoon,13,daylight,0,dry,0,3,6,0,1,0,1,0,0,3,slightly_injured
2018,4,Thu,5,52.46719499,13.39526341,morning,8,daylight,0,dry,0,2,6,0,1,0,0,0,0,3,slightly_injured
2018,12,Tue,3,52.48188039,13.34858828,evening,19,dark,2,dry,0,6,2,0,1,1,0,0,0,3,slightly_injured
2018,9,Sat,7,52.49416593,13.28706612,evening,22,dark,2,dry,0,8,1,0,0,0,1,0,0,2,seriously_injured
2018,7,Sat,7,52.5162211,13.45364164,evening,20,dark,2,wet,1,0,1,0,0,0,1,0,0,3,slightly_injured
2018,4,Sun,1,52.48102015,13.38578435,afternoon,12,daylight,0,dry,0,5,2,1,1,0,0,0,0,3,slightly_injured
2018,7,Sat,7,52.50738588,13.23993975,evening,23,dark,2,dry,0,0,1,1,0,0,0,0,0,2,seriously_injured
2018,3,Thu,5,52.54666661,13.29773169,afternoon,14,daylight,0,dry,0,9,1,0,0,0,1,0,0,2,seriously_injured
2018,5,Sat,7,52.43480417,13.37828473,afternoon,12,daylight,0,dry,0,5,2,0,1,0,1,0,0,3,slightly_injured
2018,10,Fri,6,52.54550684,13.41298356,morning,11,daylight,0,dry,0,4,6,1,0,0,0,0,0,3,slightly_injured
2018,2,Fri,6,52.51488596,13.45388515,night,0,dark,2,dry,0,6,4,0,0,1,0,0,1,3,slightly_injured
2018,11,Sat,7,52.51400632,13.34188525,evening,18,dark,2,dry,0,1,5,0,1,0,0,0,1,3,slightly_injured
2018,9,Mon,2,52.47857894,13.12630276,afternoon,15,daylight,0,dry,0,5,3,1,1,0,0,0,0,3,slightly_injured
2018,8,Sun,1,52.53124547,13.2849455,night,2,dark,2,dry,0,2,6,0,1,0,0,0,0,3,slightly_injured
2018,6,Wed,4,52.48188407,13.34859338,morning,9,daylight,0,dry,0,6,2,0,1,1,0,0,0,3,slightly_injured
2018,10,Wed,4,52.53107218,13.36773044,morning,10,daylight,0,dry,0,2,1,0,1,0,0,0,0,3,slightly_injured
2018,6,Thu,5,52.46234877,13.5013579,morning,8,daylight,0,dry,0,3,6,0,1,0,0,0,0,3,slightly_injured
2018,8,Fri,6,52.50678679,13.23034632,afternoon,15,daylight,0,dry,0,5,7,0,1,0,0,0,0,2,seriously_injured
2018,4,Sun,1,52.51885351,13.42661268,afternoon,12,daylight,0,dry,0,1,5,1,1,0,0,0,1,3,slightly_injured
2018,4,Sat,7,52.49172472,13.45771144,afternoon,13,daylight,0,dry,0,2,3,1,1,0,0,0,0,3,slightly_injured
2018,6,Fri,6,52.45115541,13.38486611,evening,21,dark,2,wet,1,6,4,0,1,1,0,0,0,2,seriously_injured
2018,12,Sun,1,52.52507089,13.4200799,evening,18,dark,2,wet,1,5,2,0,1,0,0,0,0,3,slightly_injured
2018,9,Mon,2,52.5220044,13.41638443,afternoon,14,daylight,0,wet,1,5,2,0,1,0,1,0,0,3,slightly_injured
2018,9,Tue,3,52.50979008,13.3717174,morning,11,daylight,0,dry,0,5,3,1,1,0,0,0,0,3,slightly_injured
2018,6,Wed,4,52.52101515,13.28228885,morning,10,daylight,0,dry,0,5,3,0,1,0,0,1,0,3,slightly_injured
2018,7,Sun,1,52.51590835,13.18269201,evening,18,daylight,0,dry,0,2,6,0,1,0,0,0,0,3,slightly_injured
2018,5,Mon,2,52.40994491,13.40392623,afternoon,17,daylight,0,dry,0,6,4,0,1,1,0,0,0,2,seriously_injured
2018,2,Fri,6,52.47680307,13.3466918,night,5,dark,2,wet,1,3,3,0,1,0,0,0,1,3,slightly_injured
2018,11,Sun,1,52.49729263,13.389313,afternoon,14,daylight,0,dry,0,2,6,0,1,0,0,0,1,3,slightly_injured
2018,10,Wed,4,52.50864223,13.56098936,evening,20,dark,2,dry,0,2,6,0,1,0,0,0,0,3,slightly_injured
2018,8,Mon,2,52.53421793,13.43098327,evening,18,daylight,0,dry,0,3,6,1,0,0,0,0,0,3,slightly_injured
2018,4,Sun,1,52.54092726,13.4133306,evening,20,dark,2,dry,0,2,6,0,1,0,0,0,0,3,slightly_injured
2018,4,Tue,3,52.53853959,13.42657832,morning,9,daylight,0,wet,1,5,3,0,1,0,0,0,0,3,slightly_injured
2018,5,Mon,2,52.48846939,13.3586233,evening,21,dusk,1,dry,0,3,6,1,1,0,0,0,0,3,slightly_injured
2018,10,Wed,4,52.50188799,13.27946843,morning,8,daylight,0,dry,0,2,6,0,1,0,0,0,0,3,slightly_injured
2018,2,Fri,6,52.51922899,13.42618505,morning,9,daylight,0,dry,0,0,7,1,0,0,0,0,0,3,slightly_injured
2018,12,Mon,2,52.56058109,13.3650037,night,1,dark,2,wet,1,5,7,0,1,0,0,0,0,3,slightly_injured
2018,9,Wed,4,52.62060281,13.313431,morning,11,daylight,0,dry,0,6,7,0,0,1,0,0,1,3,slightly_injured
2018,8,Thu,5,52.53978412,13.29512952,morning,11,daylight,0,wet,1,2,6,0,1,0,0,0,0,3,slightly_injured
2018,6,Thu,5,52.46991261,13.3794925,evening,18,daylight,0,dry,0,2,6,0,1,0,0,0,1,3,slightly_injured
2018,7,Tue,3,52.50950876,13.28426986,afternoon,16,daylight,0,dry,0,2,6,0,1,0,0,1,0,3,slightly_injured
2018,2,Thu,5,52.54068612,13.36938183,afternoon,12,daylight,0,dry,0,2,6,0,1,0,0,0,0,3,slightly_injured
2018,11,Sat,7,52.50960976,13.37810032,afternoon,17,dark,2,dry,0,6,4,1,0,1,0,0,0,3,slightly_injured
2018,6,Fri,6,52.61073518,13.31901593,afternoon,15,daylight,0,dry,0,5,2,1,1,0,0,0,0,3,slightly_injured
2018,5,Tue,3,52.5410904,13.36836443,morning,8,daylight,0,dry,0,2,2,0,1,0,1,0,0,3,slightly_injured
2018,12,Tue,3,52.59688464,13.33259648,morning,9,daylight,0,dry,0,2,6,0,1,0,0,0,0,3,slightly_injured
2018,10,Thu,5,52.51264609,13.32352323,afternoon,12,daylight,0,dry,0,2,6,0,1,0,0,0,0,3,slightly_injured
2018,2,Thu,5,52.52317404,13.41103868,morning,11,daylight,0,dry,0,6,4,0,1,1,0,0,0,3,slightly_injured
2018,7,Mon,2,52.47471066,13.35143056,afternoon,16,daylight,0,dry,0,3,6,0,1,0,0,0,0,3,slightly_injured
2018,4,Wed,4,52.51822496,13.28342099,evening,18,dusk,1,dry,0,2,6,0,1,0,0,0,0,3,slightly_injured
2018,7,Sun,1,52.54893478,13.36880912,afternoon,13,daylight,0,dry,0,2,6,0,1,0,0,0,0,3,slightly_injured
2018,3,Thu,5,52.53785705,13.29426685,night,5,dusk,1,dry,0,2,7,0,1,0,0,0,0,3,slightly_injured
2018,5,Wed,4,52.54872135,13.45252671,afternoon,13,daylight,0,dry,0,6,4,0,1,1,0,0,0,2,seriously_injured
2018,10,Tue,3,52.51106372,13.28606545,afternoon,12,daylight,0,wet,1,2,6,0,1,0,1,0,0,3,slightly_injured
2018,2,Thu,5,52.41931705,13.15701906,morning,11,daylight,0,dry,0,6,4,0,1,1,0,0,0,3,slightly_injured
2018,11,Sun,1,52.47853587,13.33835909,afternoon,13,daylight,0,dry,0,2,7,0,1,0,0,0,0,2,seriously_injured
2018,9,Fri,6,52.52003273,13.40460957,morning,8,daylight,0,dry,0,5,2,1,1,0,0,0,0,3,slightly_injured
2018,8,Thu,5,52.512411,13.48829259,morning,11,daylight,0,dry,0,5,2,1,0,0,0,0,1,3,slightly_injured
2018,6,Fri,6,52.58021921,13.48281907,morning,11,daylight,0,dry,0,6,7,0,0,1,0,0,1,3,slightly_injured
2018,6,Sat,7,52.5165373,13.17891968,afternoon,15,daylight,0,dry,0,5,2,1,1,0,0,0,0,3,slightly_injured
2018,6,Mon,2,52.45882159,13.50661876,morning,8,daylight,0,dry,0,5,2,1,1,0,0,0,0,3,slightly_injured
2018,8,Tue,3,52.51140568,13.40140814,afternoon,16,daylight,0,dry,0,2,6,0,1,0,1,0,0,3,slightly_injured
2018,5,Thu,5,52.48793028,13.30043619,morning,10,daylight,0,dry,0,2,6,0,1,0,0,0,0,3,slightly_injured
2018,4,Wed,4,52.60068916,13.33121751,afternoon,17,daylight,0,dry,0,5,2,0,0,0,1,0,1,2,seriously_injured
2018,12,Fri,6,52.53510802,13.43502227,afternoon,15,dusk,1,dry,0,3,6,1,0,0,0,0,1,2,seriously_injured
2018,9,Fri,6,52.53621203,13.43333687,morning,10,daylight,0,dry,0,5,2,1,1,0,0,0,0,3,slightly_injured
2018,9,Fri,6,52.53892033,13.42462882,morning,9,daylight,0,dry,0,3,6,1,1,0,0,0,0,2,seriously_injured
2018,7,Thu,5,52.52411536,13.41845302,morning,6,daylight,0,dry,0,5,3,1,1,0,0,0,0,3,slightly_injured
2018,7,Thu,5,52.49556008,13.26880938,afternoon,16,daylight,0,dry,0,2,6,0,1,0,0,0,0,3,slightly_injured
2018,3,Mon,2,52.4349366,13.2607921,evening,21,dark,2,dry,0,6,4,0,1,1,0,0,0,3,slightly_injured
2018,5,Thu,5,52.52012612,13.42223154,afternoon,17,daylight,0,dry,0,5,2,1,1,0,0,0,0,3,slightly_injured
2018,2,Thu,5,52.4367103,13.38873273,morning,7,daylight,0,wet,1,0,6,0,1,0,0,0,1,3,slightly_injured
2018,11,Wed,4,52.51504738,13.46076887,afternoon,16,dusk,1,dry,0,2,6,0,1,0,0,0,0,3,slightly_injured
2018,9,Sun,1,52.50923596,13.27014565,night,0,dark,2,dry,0,5,7,0,1,0,0,0,0,2,seriously_injured
2018,8,Sat,7,52.46070181,13.32802202,morning,8,daylight,0,dry,0,2,1,0,0,0,1,0,1,2,seriously_injured
2018,10,Mon,2,52.5700144,13.39994374,afternoon,16,daylight,0,dry,0,2,6,1,1,0,0,0,0,3,slightly_injured
2018,8,Thu,5,52.61808834,13.31539735,morning,9,daylight,0,dry,0,2,6,0,0,0,0,0,1,2,seriously_injured
2018,4,Fri,6,52.51588567,13.45420478,morning,9,daylight,0,dry,0,5,2,1,1,0,0,0,0,3,slightly_injured
2018,4,Fri,6,52.49291941,13.45914583,afternoon,13,daylight,0,dry,0,5,2,0,1,0,0,0,0,3,slightly_injured
2018,5,Thu,5,52.47004903,13.38576099,afternoon,16,daylight,0,dry,0,0,3,1,1,0,0,0,0,3,slightly_injured
2018,12,Thu,5,52.55770279,13.55441652,afternoon,17,dark,2,wet,1,6,2,0,0,1,0,0,1,3,slightly_injured
2018,9,Sun,1,52.53414517,13.43762543,morning,9,daylight,0,dry,0,0,2,1,1,0,0,0,0,2,seriously_injured
2018,9,Mon,2,52.51099423,13.29899512,morning,9,daylight,0,dry,0,3,6,0,1,0,0,0,0,3,slightly_injured
2018,6,Sun,1,52.45408902,13.31757038,afternoon,17,daylight,0,wet,1,2,6,0,1,0,0,0,0,3,slightly_injured
2018,7,Fri,6,52.50971488,13.54440244,afternoon,14,daylight,0,dry,0,2,6,0,1,0,0,0,0,3,slightly_injured
2018,5,Fri,6,52.51399463,13.34170716,afternoon,16,daylight,0,dry,0,1,1,1,1,0,0,0,0,3,slightly_injured
2018,2,Thu,5,52.59328755,13.28651684,morning,6,dark,2,dry,0,5,3,0,1,0,0,1,0,3,slightly_injured
2018,11,Fri,6,52.53715192,13.43393722,morning,7,daylight,0,wet,1,5,3,1,1,0,0,0,0,3,slightly_injured
2018,10,Tue,3,52.41638418,13.36567217,evening,21,dark,2,dry,0,4,6,0,1,0,0,0,0,3,slightly_injured
2018,8,Sun,1,52.5091848,13.2693294,afternoon,13,daylight,0,dry,0,0,3,0,1,0,1,0,1,2,seriously_injured
2018,4,Sat,7,52.53956832,13.43721186,afternoon,15,daylight,0,dry,0,5,3,1,1,0,1,0,0,3,slightly_injured
2018,3,Sat,7,52.51109659,13.29765268,afternoon,14,daylight,0,wet,1,2,6,0,1,0,0,0,0,3,slightly_injured
2018,5,Sun,1,52.57441318,13.34774154,afternoon,15,daylight,0,wet,1,5,3,0,1,0,1,0,0,2,seriously_injured
2018,10,Tue,3,52.55147904,13.36731554,evening,18,dark,2,wet,1,5,2,0,1,0,1,0,0,2,seriously_injured
2018,1,Wed,4,52.45376252,13.51369142,evening,21,dark,2,wet,1,5,3,0,1,0,0,0,0,3,slightly_injured
2018,11,Fri,6,52.48854641,13.35869346,afternoon,17,dark,2,wet,1,2,6,0,1,0,0,0,0,3,slightly_injured
2018,9,Tue,3,52.58576762,13.34170487,afternoon,15,daylight,0,dry,0,5,3,1,0,0,1,0,0,2,seriously_injured
2018,8,Tue,3,52.38803706,13.4091053,afternoon,13,daylight,0,dry,0,2,6,0,1,0,0,0,0,3,slightly_injured
2018,6,Wed,4,52.63406031,13.44590288,afternoon,14,daylight,0,dry,0,2,6,0,1,0,0,1,0,2,seriously_injured
2018,7,Tue,3,52.61426904,13.31670241,afternoon,14,daylight,0,dry,0,1,5,0,1,0,0,0,1,3,slightly_injured
2018,6,Wed,4,52.52484007,13.41981062,afternoon,17,daylight,0,dry,0,2,6,1,0,0,1,0,0,3,slightly_injured
2018,5,Mon,2,52.45413658,13.51314049,evening,18,daylight,0,dry,0,6,4,0,1,1,0,0,0,3,slightly_injured
2018,4,Sat,7,52.51221166,13.31467737,evening,21,dark,2,dry,0,5,2,0,1,0,0,0,0,3,slightly_injured
2018,7,Sat,7,52.5228169,13.45034348,morning,7,daylight,0,dry,0,6,4,1,0,1,0,0,0,3,slightly_injured
2018,5,Sat,7,52.5187281,13.41114302,morning,8,daylight,0,dry,0,2,6,1,1,0,0,0,0,3,slightly_injured
2018,1,Wed,4,52.53358705,13.43025682,afternoon,14,daylight,0,dry,0,1,5,1,1,0,0,0,0,3,slightly_injured
2018,11,Fri,6,52.48875275,13.29885858,evening,19,dark,2,dry,0,2,6,0,1,0,0,0,0,3,slightly_injured
2018,10,Wed,4,52.5082623,13.56258273,night,3,dark,2,dry,0,8,1,0,0,0,1,0,0,3,slightly_injured
2018,8,Mon,2,52.4789761,13.35419197,afternoon,15,daylight,0,dry,0,2,2,0,1,0,0,0,0,3,slightly_injured
2018,4,Sun,1,52.50142963,13.28121224,evening,18,daylight,0,dry,0,2,6,0,1,0,0,0,0,3,slightly_injured
2018,4,Sun,1,52.41542165,13.40050651,afternoon,17,daylight,0,wet,1,0,6,0,1,0,1,0,0,2,seriously_injured
2018,5,Mon,2,52.51294324,13.32582078,morning,7,daylight,0,dry,0,5,2,1,0,0,0,0,1,3,slightly_injured
2018,10,Tue,3,52.54550723,13.44494675,afternoon,17,dusk,1,wet,1,5,2,0,1,0,0,0,1,3,slightly_injured
2018,1,Wed,4,52.56692124,13.36259746,afternoon,12,daylight,0,wet,1,6,4,1,0,1,0,0,0,3,slightly_injured
2018,12,Sat,7,52.5117518,13.30763964,evening,18,dark,2,dry,0,6,2,0,1,1,0,0,0,2,seriously_injured
2018,9,Tue,3,52.51570506,13.36975571,morning,11,daylight,0,dry,0,5,3,1,0,0,0,0,0,3,slightly_injured
2018,8,Wed,4,52.5220044,13.41638443,afternoon,14,daylight,0,dry,0,0,2,1,1,0,0,0,0,2,seriously_injured
2018,6,Wed,4,52.54287536,13.41246787,afternoon,15,daylight,0,dry,0,3,6,1,0,0,0,0,0,3,slightly_injured
2018,7,Tue,3,52.54100266,13.43841215,evening,19,daylight,0,dry,0,5,2,1,1,0,0,0,0,3,slightly_injured
2018,1,Wed,4,52.51458741,13.46531329,afternoon,16,daylight,0,dry,0,6,4,1,0,1,0,0,0,3,slightly_injured
2018,11,Fri,6,52.51450897,13.46755656,afternoon,14,daylight,0,dry,0,5,2,1,1,0,0,0,0,3,slightly_injured
2018,6,Thu,5,52.49791052,13.38761823,morning,10,daylight,0,dry,0,1,7,0,1,0,1,0,0,3,slightly_injured
2018,5,Tue,3,52.56926031,13.40357212,afternoon,16,daylight,0,dry,0,6,4,0,0,1,0,0,1,3,slightly_injured
2018,12,Sun,1,52.50809342,13.25136517,morning,10,daylight,0,wet,1,2,6,0,1,0,0,0,0,3,slightly_injured
2018,10,Tue,3,52.53930758,13.42413306,evening,21,dark,2,wet,1,0,1,0,0,0,1,0,0,3,slightly_injured
2018,1,Wed,4,52.49228859,13.45828371,afternoon,15,daylight,0,wet,1,2,6,0,1,0,1,0,0,3,slightly_injured
2018,7,Mon,2,52.51148469,13.30358114,evening,19,daylight,0,dry,0,3,6,1,0,0,0,0,0,3,slightly_injured
2018,4,Tue,3,52.54858952,13.30115796,afternoon,17,daylight,0,dry,0,2,6,0,1,0,0,0,0,3,slightly_injured
2018,7,Thu,5,52.5198827,13.40476594,afternoon,15,daylight,0,dry,0,5,2,1,0,0,0,0,1,3,slightly_injured
2018,3,Wed,4,52.4700542,13.3788255,afternoon,13,daylight,0,dry,0,3,6,0,1,0,0,1,0,2,seriously_injured
2018,5,Tue,3,52.5120115,13.3116252,afternoon,13,daylight,0,dry,0,6,4,0,1,1,0,0,0,2,seriously_injured
2018,10,Mon,2,52.4325188,13.37719466,morning,10,daylight,0,dry,0,5,3,0,1,0,0,0,0,3,slightly_injured
2018,1,Mon,2,52.58626295,13.29164181,afternoon,17,dusk,1,dry,0,2,6,0,1,0,0,0,1,2,seriously_injured
2018,11,Fri,6,52.51583651,13.36994199,afternoon,16,dusk,1,wet,1,5,2,1,1,0,0,0,0,3,slightly_injured
2018,9,Fri,6,52.51000377,13.52597449,afternoon,14,daylight,0,dry,0,3,6,0,1,0,0,1,0,3,slightly_injured
2018,8,Wed,4,52.47860376,13.33762769,afternoon,16,daylight,0,dry,0,0,1,0,1,0,0,0,0,3,slightly_injured