ujahr,umonat,weekday,uwochentag,long,lat,time_of_day,ustunde,light_condition,ulichtverh,street_condition,ustrzustand,uart,utyp1,ist_rad,ist_pkw,ist_fuss,ist_krad,ist_gkfz,ist_sonstige,ukategorie,accident_outcome
2018,6,Fri,6,52.47781584,13.32729988,afternoon,15,daylight,0,dry,0,2,6,0,1,0,0,0,0,3,slightly_injured
2018,6,Sun,1,52.50489585,13.61325719,afternoon,13,daylight,0,dry,0,3,6,0,1,0,1,0,0,2,seriously_injured
2018,8,Tue,3,52.53354927,13.43887022,morning,7,daylight,0,dry,0,5,2,1,0,0,0,0,1,2,seriously_injured
2018,5,Thu,5,52.54353672,13.44183216,morning,9,daylight,0,dry,0,6,7,1,0,1,0,0,0,3,slightly_injured
2018,4,Tue,3,52.41363608,13.36193264,morning,10,daylight,0,dry,0,5,2,1,0,0,0,1,0,3,slightly_injured
2018,12,Wed,4,52.48733742,13.3575895,afternoon,13,daylight,0,dry,0,6,7,0,1,1,0,0,0,3,slightly_injured
2018,9,Thu,5,52.56382262,13.36439828,afternoon,14,daylight,0,dry,0,5,7,0,1,0,1,0,0,2,seriously_injured
2018,9,Fri,6,52.51321831,13.48031552,morning,8,daylight,0,dry,0,0,1,1,0,0,0,0,0,3,slightly_injured
2018,7,Wed,4,52.51628458,13.44852946,afternoon,15,daylight,0,dry,0,1,5,0,0,0,1,0,1,3,slightly_injured
2018,7,Wed,4,52.49816307,13.38864435,afternoon,14,daylight,0,dry,0,5,2,1,1,0,0,0,0,2,seriously_injured
2018,5,Thu,5,52.52842528,13.28260362,afternoon,16,daylight,0,dry,0,3,6,0,1,0,0,1,0,2,seriously_injured
2018,1,Mon,2,52.50979115,13.37157335,evening,23,dark,2,wet,1,5,3,1,1,0,0,0,0,2,seriously_injured
2018,11,Tue,3,52.51029431,13.52709558,morning,6,dusk,1,wet,1,2,6,0,1,0,0,0,0,3,slightly_injured
2018,8,Fri,6,52.51606568,13.17810442,afternoon,16,daylight,0,dry,0,5,3,0,1,0,1,0,0,3,slightly_injured
2018,10,Sun,1,52.50870613,13.26158348,afternoon,12,daylight,0,dry,0,2,6,0,1,0,0,0,0,3,slightly_injured
2018,8,Wed,4,52.55164871,13.36737986,evening,23,dark,2,dry,0,5,3,1,1,0,0,0,0,2,seriously_injured
2018,4,Thu,5,52.55886,13.31015696,afternoon,16,daylight,0,wet,1,2,6,0,1,0,0,0,0,3,slightly_injured
2018,4,Thu,5,52.48288558,13.34970643,afternoon,14,daylight,0,dry,0,0,6,0,1,0,1,0,0,3,slightly_injured
2018,5,Wed,4,52.5106802,13.50591967,afternoon,12,daylight,0,dry,0,0,6,1,1,0,0,0,0,3,slightly_injured
2018,12,Thu,5,52.49413535,13.28959025,evening,23,dark,2,wet,1,8,1,0,1,0,0,0,0,3,slightly_injured
2018,9,Fri,6,52.51353946,13.47719226,morning,7,dark,2,dry,0,6,4,0,0,1,0,0,1,2,seriously_injured
2018,9,Mon,2,52.4844602,13.35258212,morning,7,daylight,0,dry,0,1,5,1,1,0,0,0,0,2,seriously_injured
2018,6,Sat,7,52.56373045,13.36441578,afternoon,15,daylight,0,dry,0,2,2,1,0,0,0,0,1,3,slightly_injured
2018,7,Thu,5,52.44000864,13.38630156,morning,9,daylight,0,dry,0,1,5,0,0,0,1,0,1,3,slightly_injured
2018,5,Thu,5,52.57334376,13.35920987,afternoon,14,daylight,0,dry,0,5,7,1,0,0,0,0,1,2,seriously_injured
2018,1,Mon,2,52.52391763,13.41877158,afternoon,17,daylight,0,wet,1,2,6,1,0,0,0,0,1,3,slightly_injured
2018,11,Wed,4,52.41724704,13.399459,afternoon,16,daylight,0,dry,0,6,7,0,1,1,0,0,0,3,slightly_injured
2018,10,Mon,2,52.48554436,13.35527895,evening,19,dusk,1,dry,0,1,5,1,1,0,0,0,1,3,slightly_injured
2018,8,Sun,1,52.50991034,13.52534257,night,0,dark,2,dry,0,6,4,0,1,1,0,0,0,2,seriously_injured
2018,4,Fri,6,52.53199791,13.42794425,afternoon,15,daylight,0,dry,0,6,7,0,1,1,0,0,0,3,slightly_injured
2018,3,Thu,5,52.52866978,13.28275067,morning,7,daylight,0,wet,1,0,1,0,0,0,1,0,0,2,seriously_injured
2018,5,Fri,6,52.5743189,13.34763796,afternoon,16,daylight,0,dry,0,2,6,0,1,0,0,0,0,3,slightly_injured
2018,10,Mon,2,52.47439876,13.35944364,afternoon,14,daylight,0,dry,0,5,3,0,1,0,0,0,1,3,slightly_injured
2018,1,Mon,2,52.51884675,13.41130911,afternoon,13,daylight,0,dry,0,3,6,0,1,0,0,0,1,1,killed
2018,11,Thu,5,52.49636555,13.28389243,evening,19,dark,2,dry,0,2,6,0,1,0,0,0,0,3,slightly_injured
2018,9,Mon,2,52.42035364,13.39769272,evening,21,dark,2,dry,0,1,1,0,1,0,0,0,0,2,seriously_injured
2018,8,Mon,2,52.51865903,13.42722969,afternoon,14,daylight,0,dry,0,5,3,1,1,0,0,0,0,3,slightly_injured
2018,6,Tue,3,52.55134572,13.46429109,afternoon,17,daylight,0,dry,0,0,1,0,0,0,1,0,0,2,seriously_injured
2018,7,Tue,3,52.48689889,13.46475615,morning,8,daylight,0,dry,0,5,7,1,1,0,0,0,0,3,slightly_injured
2018,6,Wed,4,52.49248435,13.38731204,afternoon,15,daylight,0,dry,0,3,6,0,0,0,1,0,1,3,slightly_injured
2018,5,Sun,1,52.57094752,13.30547658,afternoon,17,daylight,0,dry,0,2,6,0,1,0,0,0,0,3,slightly_injured
2018,4,Fri,6,52.54108078,13.36837792,evening,21,dark,2,wet,1,2,6,0,1,0,0,0,0,3,slightly_injured
2018,12,Fri,6,52.44184499,13.28297942,morning,7,dusk,1,wet,1,6,2,0,1,1,0,0,0,3,slightly_injured
2018,10,Mon,2,52.5349129,13.43135289,evening,19,dark,2,dry,0,1,5,1,0,0,0,0,1,3,slightly_injured
2018,7,Sat,7,52.51448133,13.46783605,evening,20,dusk,1,wet,1,0,6,0,1,0,1,0,0,3,slightly_injured
2018,4,Mon,2,52.51008489,13.28169163,afternoon,12,daylight,0,wet,1,2,6,0,1,0,0,0,1,3,slightly_injured
2018,7,Wed,4,52.51328014,13.33340069,morning,9,daylight,0,dry,0,1,1,0,1,0,1,0,0,3,slightly_injured
2018,3,Sun,1,52.57343167,13.39898861,afternoon,14,daylight,0,dry,0,5,3,0,1,0,0,0,0,3,slightly_injured
2018,5,Sun,1,52.42122123,13.39755705,afternoon,17,daylight,0,dry,0,5,3,1,1,0,0,0,0,3,slightly_injured
2018,10,Sat,7,52.43509768,13.25991729,evening,18,dark,2,wet,1,2,6,0,1,0,0,0,0,3,slightly_injured
2018,1,Sun,1,52.44173517,13.28261074,evening,18,dark,2,wet,1,5,2,0,1,0,0,0,0,3,slightly_injured
2018,11,Mon,2,52.59002327,13.40170988,morning,7,daylight,0,wet,1,6,2,0,1,1,0,0,0,3,slightly_injured
2018,9,Wed,4,52.51419478,13.47068407,morning,9,daylight,0,dry,0,3,6,1,0,0,0,0,0,3,slightly_injured
2018,8,Mon,2,52.51371323,13.4739517,afternoon,15,daylight,0,dry,0,0,4,0,0,1,1,0,0,3,slightly_injured
2018,6,Thu,5,52.44724528,13.20899048,evening,18,daylight,0,dry,0,2,6,0,1,0,1,0,0,3,slightly_injured
2018,3,Tue,3,52.51451205,13.46752551,evening,18,dark,2,wet,1,5,2,1,1,0,0,0,0,3,slightly_injured
2018,6,Fri,6,52.50898575,13.55384061,afternoon,15,daylight,0,dry,0,6,3,0,1,1,0,0,0,3,slightly_injured
2018,8,Sun,1,52.6342971,13.44474915,night,3,dark,2,dry,0,8,1,0,1,0,0,0,1,1,killed
2018,5,Wed,4,52.40212166,13.40642606,morning,7,daylight,0,dry,0,1,1,0,1,0,1,0,1,3,slightly_injured
2018,4,Mon,2,52.51612714,13.37639046,afternoon,12,daylight,0,dry,0,2,6,0,1,0,1,0,0,3,slightly_injured
2018,12,Tue,3,52.51076358,13.20825947,afternoon,17,dark,2,wet,1,2,6,0,1,0,0,0,0,3,slightly_injured
2018,9,Tue,3,52.57130089,13.3603201,morning,10,daylight,0,dry,0,2,6,0,1,0,0,0,0,3,slightly_injured
2018,9,Wed,4,52.46980644,13.38253579,afternoon,17,daylight,0,dry,0,2,6,0,1,0,0,0,0,3,slightly_injured
2018,6,Thu,5,52.49312836,13.29228031,morning,7,daylight,0,dry,0,2,6,0,1,0,1,0,0,3,slightly_injured
2018,7,Mon,2,52.51580207,13.45422637,evening,21,dusk,1,dry,0,5,2,1,1,0,0,0,0,3,slightly_injured
2018,7,Tue,3,52.50478903,13.61058024,afternoon,17,daylight,0,dry,0,5,2,1,1,0,0,0,0,3,slightly_injured
2018,5,Tue,3,52.59314096,13.40278268,morning,6,daylight,0,dry,0,5,3,0,1,0,1,0,0,3,slightly_injured
2018,12,Sat,7,52.4740238,13.36270013,afternoon,17,dark,2,wet,1,3,6,0,1,0,0,0,0,3,slightly_injured
2018,10,Tue,3,52.49734835,13.28300563,evening,18,dusk,1,wet,1,2,6,0,1,0,0,0,0,3,slightly_injured
2018,1,Sat,7,52.47938616,13.35336941,night,0,dark,2,dry,0,6,4,0,1,1,0,0,0,2,seriously_injured
2018,7,Mon,2,52.46035774,13.41255066,night,2,dark,2,dry,0,8,1,0,0,0,1,0,0,1,killed
2018,4,Mon,2,52.51069795,13.29431627,morning,7,daylight,0,dry,0,0,1,1,0,0,0,0,0,2,seriously_injured
2018,7,Thu,5,52.43231104,13.23629791,morning,10,daylight,0,dry,0,9,1,0,1,0,0,0,0,3,slightly_injured
2018,3,Tue,3,52.5098787,13.28107048,morning,9,daylight,0,wet,1,2,6,0,1,0,0,0,0,3,slightly_injured
2018,5,Mon,2,52.50827933,13.2543834,evening,20,daylight,0,dry,0,2,6,0,0,0,0,0,1,3,slightly_injured
2018,10,Mon,2,52.47315368,13.36506101,afternoon,14,daylight,0,wet,1,3,6,0,1,0,0,1,0,3,slightly_injured
2018,1,Fri,6,52.51701489,13.40895967,morning,6,dark,2,wet,1,2,6,0,1,0,0,0,0,3,slightly_injured
2018,11,Wed,4,52.47084247,13.37150669,afternoon,16,dark,2,dry,0,2,6,0,1,0,0,0,0,3,slightly_injured
2018,9,Thu,5,52.47825236,13.33517304,evening,18,dusk,1,wet,1,2,6,0,1,0,0,0,1,3,slightly_injured
2018,8,Tue,3,52.53316526,13.42931064,afternoon,15,daylight,0,dry,0,2,2,1,0,0,0,0,1,3,slightly_injured
2018,6,Fri,6,52.54990886,13.41360444,morning,8,daylight,0,dry,0,6,4,1,0,1,0,0,0,3,slightly_injured
2018,6,Sat,7,52.56340706,13.36425555,evening,18,daylight,0,dry,0,5,3,0,1,0,1,0,0,3,slightly_injured
2018,8,Mon,2,52.45955524,13.50529859,morning,10,daylight,0,dry,0,6,3,0,1,1,0,0,0,2,seriously_injured
2018,5,Wed,4,52.54119839,13.41197803,morning,9,daylight,0,dry,0,0,4,0,0,1,1,0,0,3,slightly_injured
2018,4,Tue,3,52.50490281,13.3676355,afternoon,15,daylight,0,dry,0,2,6,0,1,0,0,0,0,3,slightly_injured
2018,12,Tue,3,52.48565779,13.35513158,evening,20,dark,2,wet,1,3,6,1,1,0,0,0,0,3,slightly_injured
2018,9,Wed,4,52.56583551,13.363156,afternoon,14,daylight,0,dry,0,0,5,1,0,0,0,0,1,3,slightly_injured
2018,9,Thu,5,52.45341999,13.51419591,afternoon,14,daylight,0,dry,0,3,6,0,1,0,0,0,0,2,seriously_injured
2018,7,Tue,3,52.50979993,13.27315516,afternoon,16,daylight,0,dry,0,0,4,1,0,1,0,0,0,3,slightly_injured
2018,7,Tue,3,52.54703801,13.41339128,afternoon,17,daylight,0,dry,0,0,4,1,0,1,0,0,0,3,slightly_injured
2018,5,Wed,4,52.43787954,13.38042362,morning,8,daylight,0,dry,0,2,2,0,1,0,0,0,0,3,slightly_injured
2018,1,Fri,6,52.54112065,13.41197238,night,5,dark,2,wet,1,6,4,0,1,1,0,0,0,2,seriously_injured
2018,11,Tue,3,52.4401743,13.3873192,morning,6,dark,2,wet,1,3,6,1,1,0,0,0,0,3,slightly_injured
2018,8,Thu,5,52.50991941,13.28169716,morning,9,daylight,0,dry,0,0,2,1,1,0,0,0,0,3,slightly_injured
2018,10,Sat,7,52.56132424,13.3646404,afternoon,12,daylight,0,dry,0,5,3,0,1,0,0,0,0,3,slightly_injured
2018,8,Wed,4,52.54114554,13.41232636,night,1,dark,2,dry,0,0,4,0,0,1,1,0,0,3,slightly_injured
2018,4,Wed,4,52.57957554,13.29617541,afternoon,15,daylight,0,wet,1,2,6,0,1,0,0,0,0,3,slightly_injured
2018,4,Thu,5,52.47394639,13.35728186,afternoon,12,daylight,0,dry,0,2,6,0,1,0,0,0,0,3,slightly_injured
2018,5,Wed,4,52.53902536,13.42432126,evening,21,dusk,1,dry,0,5,2,1,1,0,0,0,0,3,slightly_injured
2018,12,Wed,4,52.54233899,13.36992451,afternoon,17,dark,2,dry,0,3,6,0,1,0,0,0,0,3,slightly_injured
2018,9,Thu,5,52.60776497,13.32391893,afternoon,12,daylight,0,dry,0,0,2,1,0,0,0,0,1,3,slightly_injured
2018,8,Fri,6,52.53829401,13.53819334,afternoon,16,daylight,0,dry,0,3,6,0,1,0,1,0,0,3,slightly_injured
2018,6,Fri,6,52.47819275,13.35505128,afternoon,16,daylight,0,wet,1,0,7,0,0,0,1,0,1,3,slightly_injured
2018,7,Thu,5,52.4192549,13.15739037,evening,18,daylight,0,dry,0,6,4,1,0,1,0,0,0,3,slightly_injured
2018,5,Wed,4,52.51704167,13.39156668,afternoon,14,daylight,0,dry,0,6,7,1,0,1,0,0,0,3,slightly_injured
2018,1,Fri,6,52.51382151,13.47424972,morning,11,daylight,0,wet,1,6,7,1,0,1,0,0,0,3,slightly_injured
2018,11,Tue,3,52.42087137,13.17069864,afternoon,16,daylight,0,dry,0,0,5,1,1,0,0,0,1,3,slightly_injured
2018,6,Tue,3,52.41963837,13.15992485,morning,7,daylight,0,dry,0,6,4,0,1,1,0,0,0,2,seriously_injured
2018,12,Sat,7,52.50945103,13.37461498,afternoon,17,dark,2,wet,1,2,6,0,1,0,0,0,0,3,slightly_injured
2018,10,Sun,1,52.50136043,13.28121637,afternoon,14,daylight,0,dry,0,2,6,0,1,0,0,0,0,3,slightly_injured
2018,8,Fri,6,52.55103287,13.30317967,afternoon,14,daylight,0,dry,0,8,1,0,1,0,0,0,0,2,seriously_injured
2018,4,Thu,5,52.50765391,13.28393926,afternoon,13,daylight,0,dry,0,2,6,0,1,0,0,0,0,2,seriously_injured
2018,3,Tue,3,52.55786795,13.36530048,morning,11,daylight,0,dry,0,2,6,0,1,0,1,0,0,3,slightly_injured
2018,5,Fri,6,52.64300457,13.30173172,morning,8,daylight,0,dry,0,5,3,1,1,0,0,0,0,2,seriously_injured
2018,10,Fri,6,52.47531672,13.34874762,afternoon,15,daylight,0,dry,0,2,6,0,1,0,0,0,1,3,slightly_injured
2018,1,Thu,5,52.52764465,13.44656996,afternoon,17,dark,2,dry,0,2,6,0,1,0,0,0,0,3,slightly_injured
2018,11,Thu,5,52.50788015,13.36954828,afternoon,14,daylight,0,dry,0,6,7,1,0,1,0,0,0,3,slightly_injured
2018,9,Mon,2,52.46304657,13.44555964,morning,7,daylight,0,dry,0,2,6,0,1,0,1,0,0,3,slightly_injured
2018,8,Sat,7,52.55081154,13.46255766,evening,21,dark,2,dry,0,3,6,0,1,0,0,1,0,3,slightly_injured
2018,6,Tue,3,52.56935321,13.40329793,morning,7,daylight,0,dry,0,2,6,0,1,0,0,1,0,3,slightly_injured
2018,7,Mon,2,52.51060792,13.50706536,evening,19,daylight,0,dry,0,1,5,1,1,0,0,0,0,3,slightly_injured
2018,6,Tue,3,52.51107526,13.29733002,afternoon,17,daylight,0,dry,0,2,6,0,1,0,0,0,0,3,slightly_injured
2018,5,Sat,7,52.37898293,13.4159457,afternoon,12,daylight,0,dry,0,1,5,0,1,0,1,0,0,3,slightly_injured
2018,4,Thu,5,52.58642939,13.43496133,afternoon,16,daylight,0,dry,0,3,6,0,1,0,0,0,0,2,seriously_injured
2018,12,Wed,4,52.51026195,13.53147145,afternoon,16,dusk,1,wet,1,2,6,0,1,0,0,0,0,3,slightly_injured
2018,9,Sun,1,52.48013092,13.38576278,afternoon,13,daylight,0,dry,0,6,2,0,1,1,0,0,0,3,slightly_injured
2018,7,Sat,7,52.55807865,13.36525887,afternoon,16,daylight,0,dry,0,5,3,0,1,0,1,0,0,2,seriously_injured
2018,4,Sun,1,52.51059645,13.29255849,afternoon,16,daylight,0,dry,0,1,5,1,0,0,0,0,1,3,slightly_injured
2018,7,Mon,2,52.41872647,13.15248312,evening,20,dusk,1,dry,0,0,3,0,1,0,1,0,0,3,slightly_injured
2018,3,Fri,6,52.4861116,13.3024535,afternoon,15,daylight,0,wet,1,2,6,0,1,0,0,0,0,3,slightly_injured
2018,5,Sat,7,52.51612103,13.376289,afternoon,13,daylight,0,dry,0,0,6,1,0,0,0,0,0,3,slightly_injured
2018,10,Fri,6,52.54858215,13.45184607,afternoon,14,daylight,0,dry,0,0,1,0,0,0,1,0,0,3,slightly_injured
2018,1,Thu,5,52.4782129,13.24715503,afternoon,17,dark,2,dry,0,8,1,0,1,0,0,0,0,3,slightly_injured
2018,11,Sat,7,52.47517991,13.3858759,morning,11,daylight,0,dry,0,2,6,0,1,0,0,0,0,3,slightly_injured
2018,9,Tue,3,52.39731447,13.40631167,morning,6,dusk,1,dry,0,1,5,0,1,0,0,0,0,2,seriously_injured
2018,8,Sun,1,52.4836682,13.38605677,afternoon,14,daylight,0,dry,0,2,6,0,1,0,0,0,0,3,slightly_injured
2018,6,Wed,4,52.51655944,13.17952727,afternoon,13,daylight,0,dry,0,2,6,0,1,0,1,0,0,3,slightly_injured
2018,10,Wed,4,52.56902463,13.42790522,morning,11,daylight,0,dry,0,2,7,0,0,0,1,0,1,3,slightly_injured
2018,6,Fri,6,52.54148616,13.4254375,morning,6,daylight,0,dry,0,0,7,1,0,0,0,0,0,3,slightly_injured
2018,8,Fri,6,52.54102285,13.36847991,afternoon,15,daylight,0,dry,0,5,2,1,1,0,0,0,0,3,slightly_injured
2018,5,Tue,3,52.4401743,13.3873192,evening,20,daylight,0,dry,0,5,3,0,1,0,0,0,0,3,slightly_injured
2018,4,Sun,1,52.43814504,13.38067496,afternoon,16,daylight,0,dry,0,2,6,0,1,0,0,0,0,3,slightly_injured
2018,12,Mon,2,52.62466073,13.48683137,morning,6,dusk,1,dry,0,2,6,0,1,0,0,0,0,3,slightly_injured
2018,9,Tue,3,52.57013001,13.39972663,afternoon,14,daylight,0,dry,0,2,6,0,1,0,0,0,0,3,slightly_injured
2018,9,Tue,3,52.41996669,13.17540663,afternoon,13,daylight,0,dry,0,0,2,1,1,0,0,0,0,3,slightly_injured
2018,6,Wed,4,52.4811088,13.35016531,afternoon,16,daylight,0,dry,0,6,4,0,1,1,0,0,0,3,slightly_injured
2018,7,Mon,2,52.49198845,13.2939615,morning,9,daylight,0,dry,0,2,6,0,1,0,0,0,0,3,slightly_injured
2018,5,Mon,2,52.51476223,13.46503318,evening,21,dusk,1,dry,0,1,1,0,1,0,0,0,0,3,slightly_injured
2018,1,Thu,5,52.57432788,13.34831441,morning,9,daylight,0,wet,1,3,6,0,1,0,0,0,0,3,slightly_injured
2018,11,Sun,1,52.61554762,13.24802472,afternoon,16,dusk,1,wet,1,0,1,0,0,0,1,0,0,3,slightly_injured
2018,8,Thu,5,52.54729983,13.42856533,afternoon,13,daylight,0,dry,0,6,4,0,1,1,0,0,0,3,slightly_injured
2018,3,Sat,7,52.51917574,13.41185261,morning,11,daylight,0,dry,0,5,2,0,1,0,0,0,0,3,slightly_injured
2018,10,Thu,5,52.53623777,13.43252275,morning,8,daylight,0,dry,0,2,6,0,1,0,0,0,0,2,seriously_injured
2018,8,Tue,3,52.50516527,13.57803468,morning,6,daylight,0,dry,0,5,3,1,1,0,0,0,0,2,seriously_injured
2018,4,Mon,2,52.50934377,13.55347747,morning,7,daylight,0,dry,0,5,2,0,1,0,0,1,0,3,slightly_injured
2018,4,Tue,3,52.56404572,13.40776345,afternoon,16,daylight,0,dry,0,1,5,1,0,0,0,0,1,3,slightly_injured
2018,5,Tue,3,52.47190581,13.36778895,afternoon,15,daylight,0,dry,0,2,6,0,1,0,0,0,1,3,slightly_injured
2018,10,Wed,4,52.61467425,13.4448601,afternoon,17,dark,2,dry,0,2,6,0,1,0,0,0,0,3,slightly_injured
2018,12,Mon,2,52.56663225,13.47309728,evening,18,dark,2,dry,0,6,2,0,0,1,0,1,0,3,slightly_injured
2018,9,Wed,4,52.48539101,13.35457165,evening,20,dark,2,dry,0,3,6,1,1,0,0,0,0,3,slightly_injured
2018,8,Thu,5,52.51351187,13.40513712,morning,11,daylight,0,dry,0,6,7,0,1,1,0,0,0,3,slightly_injured
2018,6,Thu,5,52.52014013,13.40481589,afternoon,17,daylight,0,dry,0,5,2,1,0,0,1,0,0,3,slightly_injured
2018,7,Wed,4,52.4197505,13.19716218,morning,8,daylight,0,dry,0,2,6,0,1,0,0,0,0,3,slightly_injured
2018,1,Thu,5,52.55335338,13.42989152,afternoon,16,dark,2,wet,1,2,6,0,1,0,0,0,0,3,slightly_injured
2018,11,Mon,2,52.51055485,13.28918797,morning,7,daylight,0,dry,0,5,2,1,1,0,0,0,0,3,slightly_injured
2018,6,Fri,6,52.46932058,13.38573727,morning,11,daylight,0,wet,1,2,6,0,0,0,1,1,0,3,slightly_injured
2018,5,Tue,3,52.53924668,13.42442345,evening,18,daylight,0,dry,0,5,2,1,1,0,0,0,0,3,slightly_injured
2018,12,Thu,5,52.56733916,13.30650734,afternoon,12,daylight,0,dry,0,2,6,0,1,0,0,0,1,3,slightly_injured
2018,10,Fri,6,52.43397265,13.38996615,morning,10,daylight,0,dry,0,1,5,0,1,0,1,0,0,3,slightly_injured
2018,1,Thu,5,52.56696655,13.47714965,evening,18,dark,2,wet,1,5,2,1,1,0,0,0,0,2,seriously_injured
2018,1,Wed,4,52.40859406,13.26744455,morning,11,daylight,0,dry,0,5,2,1,1,0,0,0,0,2,seriously_injured
2018,1,Thu,5,52.48241162,13.34234545,evening,18,dark,2,wet,1,2,2,1,1,0,0,0,0,3,slightly_injured
2018,1,Mon,2,52.44773151,13.55436461,evening,18,dark,2,dry,0,5,3,0,1,0,0,0,1,3,slightly_injured
2018,1,Thu,5,52.57583623,13.34771367,evening,18,dark,2,wet,1,5,2,1,1,0,0,0,0,3,slightly_injured
2018,1,Sun,1,52.45243871,13.57864766,afternoon,17,dark,2,dry,0,5,3,0,1,0,0,0,0,3,slightly_injured
2018,1,Thu,5,52.62828979,13.49806098,afternoon,17,dark,2,wet,1,6,2,0,1,1,0,0,0,2,seriously_injured
2018,1,Fri,6,52.54886821,13.17804137,morning,7,dusk,1,dry,0,6,2,0,1,1,0,0,0,2,seriously_injured
2018,1,Thu,5,52.52046617,13.33293051,afternoon,17,dark,2,wet,1,5,3,0,1,0,0,0,0,3,slightly_injured
2018,1,Tue,3,52.54860453,13.27004638,evening,23,dark,2,dry,0,6,4,0,1,1,0,0,0,2,seriously_injured
2018,1,Thu,5,52.52371401,13.47971296,afternoon,17,dark,2,wet,1,6,4,0,1,1,0,0,0,2,seriously_injured
2018,1,Thu,5,52.49738732,13.46467266,afternoon,16,dark,2,wet,1,5,2,0,1,0,0,0,0,3,slightly_injured
2018,1,Mon,2,52.57587826,13.32211377,night,5,dark,2,dry,0,1,5,0,1,0,0,0,1,3,slightly_injured
2018,1,Thu,5,52.48094211,13.42606,afternoon,15,dusk,1,wet,1,2,6,0,1,0,0,0,0,3,slightly_injured
2018,1,Thu,5,52.57047621,13.25948654,afternoon,16,daylight,0,wet,1,2,6,0,1,0,0,0,1,3,slightly_injured
2018,1,Sat,7,52.46810739,13.42781946,night,3,dark,2,wet,1,6,2,0,0,1,0,0,1,3,slightly_injured
2018,1,Thu,5,52.43970547,13.3432204,afternoon,15,daylight,0,wet,1,5,2,0,1,0,0,0,0,3,slightly_injured
2018,1,Wed,4,52.48765596,13.41778521,evening,20,dark,2,wet,1,2,6,1,1,0,0,0,0,3,slightly_injured
2018,1,Thu,5,52.46510717,13.4569262,afternoon,15,dusk,1,wet,1,3,6,0,1,0,0,1,0,3,slightly_injured
2018,1,Sat,7,52.56697082,13.47711646,afternoon,16,dark,2,dry,0,5,2,0,1,0,0,0,0,2,seriously_injured
2018,1,Thu,5,52.44342891,13.43373804,afternoon,14,daylight,0,wet,1,6,4,0,1,1,0,0,0,3,slightly_injured
2018,1,Thu,5,52.50325661,13.3497847,evening,21,dark,2,wet,1,2,2,0,1,0,0,0,1,3,slightly_injured
2018,1,Thu,5,52.45920603,13.57828706,afternoon,14,daylight,0,wet,1,5,3,1,1,0,0,0,0,2,seriously_injured
2018,1,Tue,3,52.55245407,13.38083988,afternoon,16,dark,2,dry,0,2,6,0,1,0,0,0,0,3,slightly_injured
2018,1,Thu,5,52.51169494,13.27323829,afternoon,14,daylight,0,dry,0,0,7,0,1,0,0,0,0,2,seriously_injured
2018,1,Mon,2,52.51793259,13.45641063,morning,8,daylight,0,dry,0,1,5,0,1,0,0,0,1,3,slightly_injured
2018,1,Thu,5,52.43431789,13.26010018,afternoon,14,daylight,0,wet,1,0,7,0,1,0,1,0,0,3,slightly_injured
2018,1,Thu,5,52.52163825,13.16180914,afternoon,13,daylight,0,dry,0,6,4,0,1,1,0,0,0,2,seriously_injured
2018,1,Sat,7,52.45692632,13.38693498,evening,20,dark,2,wet,1,1,5,0,1,0,0,0,0,3,slightly_injured
2018,1,Thu,5,52.51013059,13.51197727,afternoon,13,daylight,0,wet,1,5,3,0,1,0,0,0,0,3,slightly_injured
2018,1,Wed,4,52.52462836,13.38753896,afternoon,17,dark,2,wet,1,0,1,0,0,0,1,0,0,3,slightly_injured
2018,1,Thu,5,52.54256152,13.49265547,evening,19,dark,2,wet,1,5,3,1,1,0,0,0,0,2,seriously_injured
2018,1,Thu,5,52.4691988,13.45398842,afternoon,13,daylight,0,wet,1,5,3,0,1,0,0,0,0,3,slightly_injured
2018,1,Mon,2,52.5283179,13.39275957,afternoon,12,daylight,0,dry,0,2,6,0,1,0,0,1,0,3,slightly_injured
2018,1,Thu,5,52.56365463,13.32886116,morning,11,daylight,0,wet,1,0,5,0,1,0,1,0,0,3,slightly_injured
2018,1,Tue,3,52.51585826,13.44039405,morning,7,dusk,1,dry,0,5,3,1,1,0,0,0,0,3,slightly_injured
2018,1,Thu,5,52.59792886,13.32348428,morning,10,daylight,0,wet,1,6,4,0,1,1,0,0,0,3,slightly_injured
2018,1,Mon,2,52.51189567,13.42709461,afternoon,13,daylight,0,dry,0,5,3,1,1,0,0,0,0,3,slightly_injured
2018,1,Thu,5,52.4889257,13.45393864,night,5,dark,2,wet,1,5,2,1,1,0,0,0,0,3,slightly_injured
2018,1,Thu,5,52.56700714,13.52178141,night,5,dark,2,wet,1,5,3,1,1,0,0,0,0,3,slightly_injured
2018,1,Fri,6,52.50552979,13.30702848,night,2,dark,2,wet,1,8,1,0,1,0,0,0,0,3,slightly_injured
2018,1,Thu,5,52.50620278,13.29297357,morning,10,daylight,0,wet,1,5,3,0,1,0,0,0,0,3,slightly_injured
2018,1,Wed,4,52.4811748,13.26216974,afternoon,12,daylight,0,dry,0,5,3,0,1,0,0,0,0,3,slightly_injured