ujahr,umonat,weekday,uwochentag,long,lat,time_of_day,ustunde,light_condition,ulichtverh,street_condition,ustrzustand,uart,utyp1,ist_rad,ist_pkw,ist_fuss,ist_krad,ist_gkfz,ist_sonstige,ukategorie,accident_outcome
2018,1,Thu,5,52.50948568,13.35117848,morning,6,dark,2,wet,1,6,2,0,1,1,0,0,0,3,slightly_injured
2018,1,Mon,2,52.43503001,13.52255168,morning,6,dark,2,dry,0,5,3,1,1,0,0,0,0,3,slightly_injured
2018,1,Thu,5,52.52010391,13.42325242,morning,6,dark,2,wet,1,5,3,1,1,0,0,0,0,3,slightly_injured
2018,1,Sun,1,52.44592815,13.253225,afternoon,13,daylight,0,dry,0,5,2,1,1,0,0,0,0,3,slightly_injured
2018,1,Thu,5,52.50390356,13.41096761,morning,8,daylight,0,wet,1,5,3,1,1,0,0,0,0,3,slightly_injured
2018,1,Thu,5,52.54775271,13.42880421,morning,7,dark,2,wet,1,6,2,0,1,1,0,0,0,3,slightly_injured
2018,1,Mon,2,52.555727,13.38427391,morning,10,daylight,0,dry,0,2,2,1,1,0,0,0,0,3,slightly_injured
2018,1,Thu,5,52.55520325,13.30662395,morning,7,dark,2,wet,1,6,2,0,1,1,0,0,0,3,slightly_injured
2018,1,Fri,6,52.52589193,13.36794399,afternoon,15,dusk,1,dry,0,5,2,0,1,0,0,0,0,3,slightly_injured
2018,1,Thu,5,52.61586914,13.34216622,morning,7,dusk,1,wet,1,6,7,0,0,1,0,0,1,3,slightly_injured
2018,1,Wed,4,52.43823195,13.23294554,morning,10,daylight,0,dry,0,3,6,0,1,0,0,1,0,3,slightly_injured
2018,1,Mon,2,52.52940369,13.64291184,evening,18,dark,2,dry,0,5,3,0,1,0,0,0,0,3,slightly_injured
2018,1,Sat,7,52.47951064,13.42832442,evening,19,dark,2,dry,0,6,7,0,1,1,0,0,0,3,slightly_injured
2018,1,Fri,6,52.50875563,13.46644852,night,1,dark,2,wet,1,0,1,1,0,0,0,0,0,2,seriously_injured
2018,1,Tue,3,52.50981439,13.45614961,evening,18,dark,2,dry,0,2,2,1,1,0,0,0,0,3,slightly_injured
2018,1,Thu,5,52.46901191,13.49120151,morning,7,dusk,1,wet,1,6,2,0,1,1,0,0,0,2,seriously_injured
2018,1,Fri,6,52.4088369,13.39039656,morning,10,daylight,0,dry,0,6,6,0,1,1,0,0,0,3,slightly_injured
2018,1,Wed,4,52.42107828,13.3680827,evening,18,dark,2,wet,1,6,7,0,1,1,0,0,0,3,slightly_injured
2018,1,Tue,3,52.55301206,13.44849912,afternoon,15,daylight,0,dry,0,0,3,0,0,0,0,0,1,3,slightly_injured
2018,1,Wed,4,52.59692111,13.36064634,morning,7,daylight,0,wet,1,6,2,0,0,1,0,0,1,3,slightly_injured
2018,1,Wed,4,52.46047556,13.4180303,afternoon,13,daylight,0,wet,1,5,2,1,0,0,0,1,0,3,slightly_injured
2018,1,Mon,2,52.50698918,13.39820856,morning,8,daylight,0,dry,0,6,2,0,1,1,0,0,0,2,seriously_injured
2018,1,Wed,4,52.51133418,13.41663632,evening,20,dark,2,wet,1,6,4,0,1,1,0,0,0,2,seriously_injured
2018,1,Wed,4,52.54699684,13.46009073,morning,7,dark,2,wet,1,6,4,0,0,1,0,0,1,3,slightly_injured
2018,1,Sat,7,52.53308923,13.35173601,afternoon,14,daylight,0,dry,0,5,7,0,1,0,0,0,0,3,slightly_injured
2018,1,Wed,4,52.51871832,13.28668027,afternoon,13,daylight,0,wet,1,5,2,1,1,0,0,0,0,3,slightly_injured
2018,1,Thu,5,52.54645147,13.3593775,evening,21,dark,2,wet,1,6,2,0,1,1,0,0,0,3,slightly_injured
2018,1,Wed,4,52.54129229,13.49359712,afternoon,16,dark,2,wet,1,5,3,0,1,0,0,0,0,3,slightly_injured
2018,1,Tue,3,52.51016151,13.38992993,afternoon,12,daylight,0,dry,0,2,7,1,1,0,0,0,0,3,slightly_injured
2018,1,Wed,4,52.47147657,13.33735019,afternoon,16,dark,2,wet,1,5,2,1,1,0,0,0,0,3,slightly_injured
2018,1,Mon,2,52.5132578,13.57862726,afternoon,13,daylight,0,dry,0,0,6,0,0,0,0,0,1,3,slightly_injured
2018,1,Wed,4,52.54703238,13.3893199,afternoon,15,daylight,0,dry,0,5,3,1,1,0,0,0,0,3,slightly_injured
2018,1,Wed,4,52.56055229,13.19736534,afternoon,15,daylight,0,wet,1,2,6,0,1,0,0,0,0,3,slightly_injured
2018,1,Sat,7,52.4987645,13.34614174,evening,22,dark,2,dry,0,5,3,0,1,0,0,0,0,3,slightly_injured
2018,1,Wed,4,52.53061612,13.44736768,afternoon,17,dusk,1,wet,1,5,3,0,1,0,0,0,0,3,slightly_injured
2018,1,Mon,2,52.46548732,13.33890447,morning,6,dark,2,dry,0,0,7,0,1,0,0,0,0,3,slightly_injured
2018,1,Wed,4,52.51885027,13.28739259,afternoon,17,dusk,1,wet,1,0,4,0,1,1,0,0,1,2,seriously_injured
2018,1,Wed,4,52.53716364,13.26074993,evening,18,dark,2,wet,1,5,3,0,1,0,0,0,0,3,slightly_injured
2018,1,Sat,7,52.47389709,13.45588767,night,1,dark,2,dry,0,6,2,0,1,1,0,0,0,3,slightly_injured
2018,1,Wed,4,52.51282485,13.281207,evening,19,dark,2,wet,1,6,2,0,1,1,0,0,0,3,slightly_injured
2018,1,Wed,4,52.42412271,13.3145703,evening,18,dark,2,wet,1,2,6,0,1,0,0,0,0,3,slightly_injured
2018,1,Wed,4,52.44967114,13.31548811,evening,19,dark,2,wet,1,6,2,0,1,1,0,0,0,3,slightly_injured
2018,1,Tue,3,52.49492742,13.30113366,morning,11,daylight,0,dry,0,2,7,0,1,0,0,0,0,3,slightly_injured
2018,1,Wed,4,52.54938845,13.38643036,evening,20,dark,2,wet,1,6,2,0,1,1,0,0,0,3,slightly_injured
2018,1,Mon,2,52.50408212,13.40965482,morning,11,daylight,0,dry,0,6,4,1,0,1,0,0,0,2,seriously_injured
2018,1,Wed,4,52.50484684,13.34306172,afternoon,13,daylight,0,wet,1,6,4,0,1,1,0,0,0,3,slightly_injured
2018,1,Fri,6,52.53585386,13.60130948,afternoon,16,dark,2,dry,0,5,3,1,1,0,0,0,0,3,slightly_injured
2018,1,Wed,4,52.50872154,13.28044751,morning,11,daylight,0,wet,1,1,5,1,1,0,0,0,0,3,slightly_injured
2018,1,Wed,4,52.51455181,13.42136727,morning,11,daylight,0,wet,1,3,1,0,1,0,0,0,0,3,slightly_injured
2018,1,Wed,4,52.63607781,13.49367412,morning,11,daylight,0,wet,1,5,3,0,1,0,0,0,1,3,slightly_injured
2018,1,Wed,4,52.4924144,13.34502013,afternoon,13,daylight,0,wet,1,1,5,0,1,0,0,0,0,2,seriously_injured
2018,1,Thu,5,52.50890904,13.43344057,evening,20,dark,2,wet,1,0,7,1,0,0,0,0,1,3,slightly_injured
2018,1,Wed,4,52.52717165,13.12927029,morning,10,daylight,0,wet,1,5,3,0,1,0,0,0,0,3,slightly_injured
2018,1,Mon,2,52.58180095,13.40733151,morning,7,daylight,0,dry,0,5,3,1,0,0,0,0,0,3,slightly_injured
2018,1,Wed,4,52.50335823,13.33844891,morning,11,daylight,0,wet,1,6,4,0,1,1,0,0,0,2,seriously_injured
2018,1,Sun,1,52.48519134,13.35234598,evening,18,dark,2,dry,0,1,5,1,1,0,0,0,0,3,slightly_injured
2018,1,Wed,4,52.5478356,13.19583402,morning,10,daylight,0,wet,1,5,3,1,0,0,0,1,0,3,slightly_injured
2018,1,Fri,6,52.44889886,13.33882155,afternoon,14,daylight,0,dry,0,5,2,1,1,0,0,0,0,3,slightly_injured
2018,1,Wed,4,52.44006741,13.41583687,morning,9,daylight,0,wet,1,5,3,1,1,0,0,0,0,3,slightly_injured
2018,1,Wed,4,52.53736298,13.44918123,morning,8,dusk,1,dry,0,2,7,0,1,0,0,0,0,3,slightly_injured
2018,1,Wed,4,52.5208899,13.58803249,morning,7,dark,2,wet,1,6,4,0,1,1,0,0,0,2,seriously_injured
2018,1,Mon,2,52.53961337,13.60404459,afternoon,17,dark,2,dry,0,6,4,0,1,1,0,0,0,3,slightly_injured
2018,1,Wed,4,52.39376284,13.40638558,morning,7,dark,2,wet,1,6,2,0,1,1,0,0,0,2,seriously_injured
2018,1,Wed,4,52.51541257,13.41816248,morning,7,dusk,1,wet,1,3,6,0,1,0,0,1,0,3,slightly_injured
2018,1,Sat,7,52.55216319,13.38154639,afternoon,17,dark,2,dry,0,6,2,0,1,1,0,0,0,3,slightly_injured
2018,1,Wed,4,52.5596628,13.3697096,morning,7,dark,2,wet,1,6,2,0,1,1,0,0,0,2,seriously_injured
2018,1,Mon,2,52.48246773,13.34207879,evening,18,dark,2,dry,0,5,3,1,0,0,0,0,0,3,slightly_injured
2018,1,Wed,4,52.53424571,13.49612434,morning,7,dark,2,wet,1,6,4,0,1,1,0,0,0,3,slightly_injured
2018,1,Sun,1,52.54478418,13.57097361,afternoon,16,dusk,1,dry,0,2,2,0,1,0,0,0,0,3,slightly_injured
2018,1,Wed,4,52.54868599,13.17826939,morning,7,dark,2,wet,1,6,4,0,1,1,0,0,0,2,seriously_injured
2018,1,Fri,6,52.55442885,13.34515658,morning,7,daylight,0,dry,0,6,2,0,1,1,0,0,0,3,slightly_injured
2018,1,Wed,4,52.45786612,13.38765467,morning,6,dark,2,wet,1,5,2,1,1,0,0,0,0,3,slightly_injured
2018,1,Tue,3,52.59274464,13.28556935,afternoon,13,daylight,0,dry,0,1,7,0,1,0,0,0,1,3,slightly_injured
2018,1,Wed,4,52.5147077,13.43536079,morning,6,dusk,1,wet,1,2,3,1,1,0,0,0,0,3,slightly_injured
2018,1,Wed,4,52.55259437,13.33702425,morning,6,dark,2,wet,1,5,3,1,1,0,0,0,0,3,slightly_injured
2018,1,Mon,2,52.43559558,13.54090242,morning,7,dusk,1,icy,2,2,6,0,1,0,0,0,0,3,slightly_injured
2018,1,Wed,4,52.53578404,13.40670373,night,5,dark,2,wet,1,5,3,1,1,0,0,0,0,2,seriously_injured
2018,1,Wed,4,52.51514415,13.38163347,morning,9,daylight,0,dry,0,6,4,1,0,1,0,0,0,3,slightly_injured
2018,1,Sat,7,52.51222288,13.39162691,afternoon,13,daylight,0,dry,0,5,3,0,1,0,0,0,0,3,slightly_injured
2018,1,Wed,4,52.60539113,13.41727253,morning,8,daylight,0,wet,1,5,3,1,1,0,0,0,0,3,slightly_injured
2018,1,Wed,4,52.45724358,13.53409715,evening,20,dark,2,wet,1,6,4,0,1,1,0,0,0,3,slightly_injured
2018,1,Tue,3,52.56584616,13.39753221,morning,8,dusk,1,dry,0,6,4,1,0,1,0,0,0,3,slightly_injured
2018,1,Wed,4,52.49345002,13.42823163,morning,8,dusk,1,wet,1,5,3,1,1,0,0,0,0,3,slightly_injured
2018,1,Thu,5,52.51068857,13.45203057,evening,23,dark,2,wet,1,5,2,1,1,0,0,0,0,3,slightly_injured
2018,1,Wed,4,52.50108328,13.394584,morning,8,daylight,0,wet,1,5,7,0,1,0,0,0,1,3,slightly_injured
2018,1,Tue,3,52.54911072,13.55379292,afternoon,16,dark,2,dry,0,6,4,0,1,1,0,0,0,2,seriously_injured
2018,1,Wed,4,52.47879723,13.32163501,morning,7,dusk,1,wet,1,6,2,0,1,1,0,0,0,2,seriously_injured
2018,1,Wed,4,52.52112707,13.26264717,afternoon,15,daylight,0,wet,1,2,6,0,1,0,0,1,0,3,slightly_injured
2018,1,Mon,2,52.52078903,13.41538756,afternoon,16,dusk,1,dry,0,2,6,0,1,0,0,0,1,3,slightly_injured
2018,1,Wed,4,52.53538034,13.51782052,morning,7,dusk,1,wet,1,6,2,0,1,1,0,0,0,3,slightly_injured
2018,1,Wed,4,52.48999992,13.354392,morning,7,dusk,1,wet,1,5,7,0,1,0,0,0,0,2,seriously_injured
2018,1,Sat,7,52.48487018,13.3858224,evening,20,dark,2,dry,0,5,2,0,1,0,0,0,0,3,slightly_injured
2018,1,Wed,4,52.50323584,13.30092251,morning,8,dusk,1,wet,1,6,4,0,1,1,0,0,0,2,seriously_injured
2018,1,Wed,4,52.4341783,13.35859135,afternoon,17,dark,2,dry,0,5,3,0,1,0,0,0,0,3,slightly_injured
2018,1,Wed,4,52.4732433,13.29879867,afternoon,17,daylight,0,dry,0,6,2,0,1,1,0,0,0,3,slightly_injured
2018,1,Mon,2,52.50824431,13.37767522,morning,9,daylight,0,dry,0,3,6,0,1,0,1,0,0,3,slightly_injured
2018,1,Tue,3,52.53813719,13.49856887,evening,20,dark,2,wet,1,5,3,1,1,0,0,0,0,3,slightly_injured
2018,1,Mon,2,52.49825941,13.39823682,morning,11,daylight,0,dry,0,3,6,0,1,0,0,0,1,3,slightly_injured
2018,1,Tue,3,52.54416893,13.37781301,morning,11,daylight,0,wet,1,2,6,0,1,0,0,0,0,3,slightly_injured
2018,1,Mon,2,52.54475344,13.18400371,afternoon,13,daylight,0,dry,0,6,2,0,1,1,0,0,0,2,seriously_injured
2018,1,Tue,3,52.54022646,13.45427885,evening,18,dark,2,wet,1,8,1,0,1,0,0,0,0,3,slightly_injured
2018,1,Tue,3,52.45951206,13.30772337,afternoon,15,daylight,0,wet,1,1,5,0,1,0,0,0,0,3,slightly_injured
2018,1,Fri,6,52.50508057,13.47127486,afternoon,14,daylight,0,dry,0,6,2,0,1,1,0,0,0,2,seriously_injured
2018,1,Tue,3,52.50610384,13.30899094,afternoon,13,daylight,0,wet,1,0,5,0,0,0,1,0,1,3,slightly_injured
2018,1,Wed,4,52.48620842,13.25650046,afternoon,12,daylight,0,dry,0,5,3,1,1,0,0,0,0,3,slightly_injured
2018,1,Thu,5,52.53689279,13.18983191,morning,8,dusk,1,wet,1,6,4,0,1,1,0,0,0,3,slightly_injured
2018,1,Tue,3,52.42830689,13.51950794,afternoon,12,daylight,0,wet,1,5,2,0,1,0,0,0,0,3,slightly_injured
2018,1,Mon,2,52.44965373,13.3074346,morning,6,dark,2,dry,0,6,4,0,1,1,0,0,0,3,slightly_injured
2018,1,Tue,3,52.44747997,13.57887404,morning,8,dusk,1,wet,1,0,7,1,0,0,0,0,0,3,slightly_injured
2018,1,Sun,1,52.47846165,13.43268857,afternoon,16,dusk,1,dry,0,5,3,0,1,0,0,0,1,3,slightly_injured
2018,1,Tue,3,52.51820062,13.4410819,morning,6,dark,2,wet,1,5,3,0,1,0,0,0,0,3,slightly_injured
2018,1,Fri,6,52.57650733,13.29444035,afternoon,14,daylight,0,wet,1,2,6,0,1,0,0,0,0,3,slightly_injured
2018,1,Tue,3,52.43619342,13.34561034,night,5,dark,2,wet,1,6,2,0,1,1,0,0,0,3,slightly_injured
2018,1,Wed,4,52.46785645,13.6737837,night,5,dark,2,icy,2,8,1,0,1,0,0,0,0,2,seriously_injured
2018,1,Tue,3,52.54288773,13.19863857,afternoon,13,daylight,0,wet,1,5,2,0,1,0,0,0,0,2,seriously_injured
2018,1,Fri,6,52.59623661,13.34766837,afternoon,16,dark,2,dry,0,0,2,0,1,0,0,0,1,2,seriously_injured
2018,1,Tue,3,52.47848173,13.44645781,afternoon,14,daylight,0,wet,1,3,6,1,0,0,0,0,1,3,slightly_injured
2018,1,Wed,4,52.54901234,13.19333348,morning,10,daylight,0,dry,0,2,6,0,1,0,0,0,0,3,slightly_injured
2018,1,Tue,3,52.42361828,13.22546174,evening,21,dark,2,wet,1,5,3,0,1,0,0,0,0,3,slightly_injured
2018,1,Mon,2,52.56724339,13.36242995,morning,6,dark,2,dry,0,6,4,0,1,1,0,0,0,2,seriously_injured
2018,1,Tue,3,52.56903944,13.55675468,afternoon,17,dark,2,wet,1,6,4,0,1,1,0,0,0,2,seriously_injured
2018,1,Sat,7,52.49919972,13.38040944,evening,19,dark,2,dry,0,5,3,1,1,0,0,0,0,3,slightly_injured
2018,1,Tue,3,52.46057653,13.48279426,evening,18,dark,2,wet,1,5,3,1,1,0,0,0,0,3,slightly_injured
2018,1,Fri,6,52.47441591,13.44619333,evening,22,dark,2,wet,1,1,5,0,1,0,0,0,0,3,slightly_injured
2018,1,Tue,3,52.60708517,13.4783551,afternoon,17,dark,2,wet,1,3,6,0,1,0,0,0,1,3,slightly_injured
2018,1,Tue,3,52.49594592,13.39517206,evening,19,dark,2,dry,0,2,6,0,1,0,0,0,0,3,slightly_injured
2018,1,Tue,3,52.45585241,13.38427594,afternoon,17,dark,2,wet,1,6,4,0,1,1,0,0,0,3,slightly_injured
2018,1,Tue,3,52.43346439,13.46648895,afternoon,17,dark,2,wet,1,5,3,0,1,0,0,0,0,3,slightly_injured
2018,1,Mon,2,52.54749743,13.34231947,afternoon,16,dusk,1,dry,0,5,3,1,1,0,0,0,0,3,slightly_injured
2018,1,Tue,3,52.4585222,13.31844598,afternoon,17,dark,2,wet,1,1,5,1,1,0,0,0,0,3,slightly_injured
2018,1,Tue,3,52.50605866,13.33245363,afternoon,17,dusk,1,wet,1,5,2,0,1,0,0,0,1,3,slightly_injured
2018,1,Tue,3,52.42879969,13.52671501,afternoon,17,dark,2,wet,1,5,2,0,1,0,0,0,0,3,slightly_injured
2018,1,Tue,3,52.51885275,13.25730762,morning,6,dark,2,wet,1,5,3,0,1,0,0,0,0,3,slightly_injured
2018,1,Mon,2,52.42334963,13.34832743,afternoon,16,dusk,1,dry,0,1,5,0,1,0,0,0,0,3,slightly_injured
2018,1,Mon,2,52.52275145,13.17386993,night,5,dark,2,dry,0,1,7,0,0,0,0,0,1,3,slightly_injured
2018,1,Mon,2,52.55271505,13.43268561,night,0,dark,2,wet,1,6,4,0,1,1,0,0,0,3,slightly_injured
2018,1,Sat,7,52.41722201,13.41225218,afternoon,16,dark,2,dry,0,6,4,0,1,1,0,0,0,2,seriously_injured
2018,1,Mon,2,52.52269858,13.5332208,night,0,dark,2,wet,1,6,7,0,0,1,0,0,1,2,seriously_injured
2018,1,Thu,5,52.53310538,13.40438209,evening,20,dark,2,wet,1,5,3,1,1,0,0,0,0,3,slightly_injured
2018,1,Mon,2,52.48208202,13.43368113,evening,22,dark,2,dry,0,5,2,0,1,0,0,0,0,3,slightly_injured
2018,1,Tue,3,52.40244341,13.52218304,afternoon,15,dusk,1,dry,0,5,2,1,1,0,0,0,0,3,slightly_injured
2018,1,Mon,2,52.4461783,13.31546166,afternoon,13,daylight,0,dry,0,6,4,1,0,1,0,0,0,3,slightly_injured
2018,1,Mon,2,52.498762,13.54673238,afternoon,13,daylight,0,dry,0,5,7,1,1,0,0,0,0,2,seriously_injured
2018,1,Mon,2,52.5272479,13.39798639,morning,7,dusk,1,dry,0,5,3,0,1,0,0,0,0,3,slightly_injured
2018,1,Mon,2,52.47780704,13.35587737,morning,6,dark,2,wet,1,5,3,0,1,0,0,0,0,3,slightly_injured
2018,1,Sat,7,52.47014996,13.42981527,evening,22,dark,2,dry,0,3,6,0,1,0,0,0,0,3,slightly_injured
2018,1,Mon,2,52.48289894,13.43749852,morning,6,dark,2,dry,0,6,4,0,1,1,0,0,0,2,seriously_injured
2018,1,Wed,4,52.52856051,13.4101111,night,2,dark,2,wet,1,5,3,0,1,0,0,0,0,3,slightly_injured
2018,1,Thu,5,52.53805702,13.24758874,evening,22,dark,2,wet,1,3,6,0,1,0,0,0,0,3,slightly_injured
2018,1,Sat,7,52.53493195,13.39794701,night,2,dark,2,dry,0,5,3,1,1,0,0,0,0,2,seriously_injured
2018,1,Mon,2,52.44261443,13.29565137,night,4,dark,2,wet,1,6,2,0,1,1,0,0,0,3,slightly_injured
2018,1,Wed,4,52.52902726,13.39583647,afternoon,17,dark,2,wet,1,2,6,0,1,0,1,0,0,3,slightly_injured
2018,1,Mon,2,52.50948618,13.35118338,night,1,dark,2,dry,0,6,4,0,0,1,0,0,1,3,slightly_injured
2018,1,Tue,3,52.55332079,13.15379251,morning,7,dusk,1,dry,0,8,1,0,1,0,0,0,0,3,slightly_injured
2018,1,Mon,2,52.4378499,13.38020659,night,1,dark,2,dry,0,5,3,0,1,0,0,0,0,3,slightly_injured
2018,1,Mon,2,52.49588712,13.39070383,afternoon,13,daylight,0,icy,2,5,3,1,1,0,0,0,0,3,slightly_injured
2018,1,Mon,2,52.52554678,13.35931601,night,0,dark,2,dry,0,6,4,0,1,1,0,0,0,3,slightly_injured
2018,1,Mon,2,52.53965826,13.1765348,night,0,dark,2,dry,0,6,7,0,0,1,0,0,1,2,seriously_injured
2018,1,Fri,6,52.46441514,13.51924152,evening,23,dark,2,dry,0,5,3,0,1,0,0,0,0,3,slightly_injured
2018,1,Mon,2,52.50951091,13.3514127,afternoon,14,daylight,0,dry,0,5,2,0,1,0,0,0,0,3,slightly_injured
2018,1,Wed,4,52.43440377,13.60333055,afternoon,12,daylight,0,wet,1,2,6,0,1,0,0,0,0,3,slightly_injured
2018,1,Mon,2,52.43765367,13.52699303,afternoon,14,daylight,0,dry,0,5,3,0,1,0,0,0,0,3,slightly_injured
2018,1,Mon,2,52.53061364,13.44736112,evening,20,dark,2,dry,0,5,3,0,1,0,0,0,0,3,slightly_injured
2018,1,Mon,2,52.53621263,13.39114127,morning,11,daylight,0,dry,0,5,2,1,0,0,0,0,1,3,slightly_injured
2018,1,Mon,2,52.53520767,13.32817079,morning,10,daylight,0,icy,2,2,6,0,1,0,0,0,0,3,slightly_injured
2018,1,Fri,6,52.48298366,13.44167971,afternoon,15,daylight,0,dry,0,5,2,1,0,0,0,0,1,3,slightly_injured
2018,1,Wed,4,52.51595077,13.42633165,morning,8,dusk,1,dry,0,5,3,1,1,0,0,0,0,3,slightly_injured
2018,1,Mon,2,52.51221685,13.4017008,afternoon,17,dark,2,dry,0,4,2,1,0,0,0,0,0,2,seriously_injured
2018,1,Sat,7,52.5152906,13.43199819,afternoon,17,dark,2,dry,0,6,4,0,1,1,0,0,0,2,seriously_injured
2018,1,Thu,5,52.50591067,13.36247739,afternoon,16,dark,2,wet,1,6,2,0,1,1,0,0,0,3,slightly_injured
2018,1,Sun,1,52.48503437,13.37644566,morning,10,daylight,0,dry,0,5,3,0,1,0,0,0,0,3,slightly_injured
2018,1,Fri,6,52.54385229,13.24701047,morning,9,daylight,0,dry,0,2,6,0,1,0,0,0,1,3,slightly_injured
2018,1,Tue,3,52.55244166,13.38125336,morning,8,dusk,1,wet,1,6,2,0,1,1,0,0,0,3,slightly_injured
2018,1,Mon,2,52.51978861,13.25585267,morning,10,daylight,0,dry,0,5,2,1,1,0,0,0,0,2,seriously_injured
2018,1,Sat,7,52.490363,13.41819324,afternoon,13,daylight,0,wet,1,1,5,0,1,0,0,0,0,3,slightly_injured
2018,1,Tue,3,52.47411539,13.34326263,morning,9,daylight,0,dry,0,2,7,0,1,0,0,0,1,3,slightly_injured
2018,1,Mon,2,52.59296411,13.33715472,afternoon,13,daylight,0,dry,0,1,7,0,1,0,0,0,0,3,slightly_injured
2018,1,Tue,3,52.54845939,13.59292081,afternoon,17,dark,2,dry,0,5,2,0,1,0,0,0,0,3,slightly_injured
2018,1,Mon,2,52.60093119,13.3531782,afternoon,16,dusk,1,wet,1,4,7,0,1,0,0,0,0,3,slightly_injured
2018,1,Sat,7,52.50943417,13.37662372,night,1,dark,2,dry,0,5,3,0,1,0,0,0,0,3,slightly_injured
2018,1,Wed,4,52.49063013,13.43447183,evening,20,dark,2,wet,1,5,3,0,1,0,0,0,0,3,slightly_injured
2018,1,Mon,2,52.55517859,13.22554407,evening,21,dark,2,dry,0,2,6,0,1,0,0,0,0,3,slightly_injured
2018,1,Mon,2,52.49933585,13.41825258,morning,11,daylight,0,dry,0,5,2,1,1,0,0,0,0,3,slightly_injured
2018,1,Fri,6,52.44956003,13.31534653,afternoon,16,dark,2,dry,0,0,2,0,1,0,1,0,0,2,seriously_injured
2018,1,Sat,7,52.54972359,13.35021711,evening,22,dark,2,dry,0,5,3,0,1,0,0,0,0,3,slightly_injured
2018,1,Wed,4,52.48000468,13.31400352,afternoon,14,daylight,0,dry,0,2,6,0,1,0,0,0,0,3,slightly_injured
2018,1,Thu,5,52.52583299,13.54414463,evening,18,dark,2,wet,1,0,2,0,1,0,0,0,1,3,slightly_injured
2018,1,Mon,2,52.56838208,13.21029481,morning,7,dusk,1,dry,0,6,2,0,1,1,0,0,0,3,slightly_injured
2018,1,Sun,1,52.43610101,13.45560423,afternoon,17,dark,2,dry,0,1,5,1,1,0,0,0,0,3,slightly_injured
2018,1,Fri,6,52.44427552,13.50385881,afternoon,14,daylight,0,dry,0,6,4,0,1,1,0,0,0,3,slightly_injured
2018,1,Wed,4,52.54250022,13.59147206,morning,6,dark,2,icy,2,6,4,0,0,1,0,0,1,2,seriously_injured
2018,1,Mon,2,52.4530046,13.39152681,afternoon,16,dark,2,dry,0,5,2,0,1,0,0,0,0,3,slightly_injured
2018,1,Sun,1,52.43127937,13.48358189,afternoon,16,dusk,1,dry,0,5,3,0,1,0,0,0,0,3,slightly_injured
2018,1,Mon,2,52.51795118,13.1728143,evening,21,dark,2,dry,0,4,1,0,1,0,0,0,0,2,seriously_injured
2018,1,Sun,1,52.57925104,13.42051814,afternoon,14,daylight,0,dry,0,5,3,0,1,0,0,0,0,3,slightly_injured
2018,1,Mon,2,52.43094807,13.5328038,evening,19,dark,2,dry,0,9,1,0,1,0,0,0,0,2,seriously_injured
2018,1,Sun,1,52.53475561,13.44580476,evening,18,dark,2,wet,1,5,2,0,1,0,0,0,0,2,seriously_injured
2018,1,Mon,2,52.52352741,13.35927608,evening,18,dark,2,dry,0,2,6,1,1,0,0,0,0,3,slightly_injured
2018,1,Sun,1,52.42203649,13.48261384,evening,21,dark,2,dry,0,1,5,0,1,0,0,0,0,3,slightly_injured
2018,1,Mon,2,52.54170084,13.48786862,afternoon,17,dark,2,dry,0,5,2,1,0,0,0,0,1,3,slightly_injured
2018,1,Sun,1,52.56302274,13.55323772,afternoon,15,daylight,0,wet,1,8,1,0,1,0,0,0,0,2,seriously_injured
2018,1,Mon,2,52.45359271,13.27216154,afternoon,16,dark,2,dry,0,5,2,0,1,0,0,0,0,3,slightly_injured
2018,1,Sun,1,52.52898616,13.45868768,evening,18,dark,2,wet,1,0,1,1,0,0,0,0,0,2,seriously_injured
2018,1,Sat,7,52.55158116,13.35454247,evening,23,dark,2,wet,1,2,6,0,1,0,0,0,0,3,slightly_injured
2018,1,Mon,2,52.55668699,13.37222958,afternoon,16,dark,2,dry,0,6,4,0,0,1,1,0,0,2,seriously_injured
2018,1,Sat,7,52.49257258,13.43058254,evening,18,dark,2,wet,1,5,3,1,1,0,0,0,0,3,slightly_injured
2018,1,Sat,7,52.50654195,13.45882062,evening,18,dark,2,wet,1,5,2,1,1,0,0,0,0,3,slightly_injured
2018,1,Mon,2,52.47988725,13.32709516,afternoon,15,daylight,0,dry,0,5,2,0,1,0,1,0,0,3,slightly_injured
2018,1,Tue,3,52.58828638,13.31710812,afternoon,17,dusk,1,wet,1,6,2,0,1,1,0,0,0,3,slightly_injured
2018,1,Sat,7,52.53308367,13.15592028,afternoon,17,dark,2,dry,0,3,6,0,1,0,0,0,0,2,seriously_injured
2018,1,Mon,2,52.50034126,13.31204327,afternoon,14,daylight,0,dry,0,5,3,1,0,0,0,0,1,3,slightly_injured
2018,1,Sat,7,52.53987179,13.60398789,afternoon,15,daylight,0,dry,0,6,4,0,1,1,0,0,0,3,slightly_injured
2018,1,Mon,2,52.45986041,13.40405533,afternoon,14,daylight,0,dry,0,2,2,0,1,0,0,0,1,3,slightly_injured
2018,1,Tue,3,52.53110385,13.38501827,morning,9,daylight,0,wet,1,6,4,0,1,1,0,0,0,3,slightly_injured
2018,1,Sat,7,52.52294883,13.49630348,afternoon,14,daylight,0,dry,0,5,7,0,1,0,0,0,0,3,slightly_injured
2018,1,Tue,3,52.42401234,13.31433531,evening,18,dark,2,wet,1,6,2,0,1,1,0,0,0,3,slightly_injured