ujahr,umonat,weekday,uwochentag,long,lat,time_of_day,ustunde,light_condition,ulichtverh,street_condition,ustrzustand,uart,utyp1,ist_rad,ist_pkw,ist_fuss,ist_krad,ist_gkfz,ist_sonstige,ukategorie,accident_outcome
2018,1,Mon,2,52.50001292,13.41837892,afternoon,12,daylight,0,dry,0,1,5,1,1,0,0,0,0,3,slightly_injured
2018,1,Sat,7,52.54750251,13.43928721,afternoon,13,daylight,0,dry,0,6,6,1,0,1,0,0,0,3,slightly_injured
2018,1,Mon,2,52.42776779,13.32637838,morning,11,daylight,0,dry,0,5,7,1,1,0,0,0,0,3,slightly_injured
2018,1,Sat,7,52.54083759,13.61669223,night,2,dark,2,wet,1,6,2,0,0,1,0,0,1,3,slightly_injured
2018,1,Mon,2,52.51687428,13.50629909,morning,6,dark,2,dry,0,6,4,0,0,1,0,0,1,3,slightly_injured
2018,1,Sat,7,52.60792242,13.32404891,morning,8,daylight,0,wet,1,2,6,0,1,0,0,0,0,3,slightly_injured
2018,1,Sat,7,52.56043484,13.38766736,morning,10,daylight,0,wet,1,5,3,0,1,0,0,0,0,3,slightly_injured
2018,1,Mon,2,52.49260443,13.2964738,morning,9,daylight,0,dry,0,5,2,0,1,0,0,0,0,3,slightly_injured
2018,1,Tue,3,52.51453983,13.3150828,afternoon,17,dark,2,wet,1,6,2,0,1,1,0,0,0,3,slightly_injured
2018,1,Sat,7,52.53805942,13.18479464,morning,11,daylight,0,wet,1,5,7,0,1,0,1,0,0,3,slightly_injured
2018,1,Mon,2,52.56211507,13.45415404,morning,9,daylight,0,dry,0,5,2,1,1,0,0,0,0,3,slightly_injured
2018,1,Mon,2,52.489274,13.4544087,morning,11,daylight,0,dry,0,6,4,0,1,1,0,0,0,3,slightly_injured
2018,1,Sat,7,52.510626,13.29721662,morning,11,daylight,0,dry,0,5,2,1,1,0,0,0,0,2,seriously_injured
2018,1,Mon,2,52.43763424,13.344695,morning,9,daylight,0,dry,0,6,4,0,1,1,0,0,0,2,seriously_injured
2018,1,Sat,7,52.51976588,13.40518669,afternoon,12,daylight,0,wet,1,2,6,0,1,0,0,0,0,3,slightly_injured
2018,1,Mon,2,52.49712464,13.34614396,morning,7,dusk,1,dry,0,5,2,0,1,0,0,0,0,3,slightly_injured
2018,1,Sat,7,52.51570473,13.39098517,afternoon,12,daylight,0,dry,0,0,1,1,0,0,0,0,0,3,slightly_injured
2018,1,Mon,2,52.53929975,13.4178262,morning,7,daylight,0,dry,0,6,4,1,0,1,0,0,0,3,slightly_injured
2018,1,Sat,7,52.50162002,13.32007634,afternoon,13,daylight,0,wet,1,2,6,0,1,0,0,0,0,3,slightly_injured
2018,1,Sat,7,52.48045455,13.42516703,evening,21,dark,2,dry,0,2,6,0,1,0,0,0,0,3,slightly_injured
2018,1,Mon,2,52.53209944,13.40329737,morning,7,daylight,0,dry,0,6,4,1,0,1,0,0,0,3,slightly_injured
2018,1,Fri,6,52.43970289,13.40224632,evening,18,dark,2,wet,1,0,4,0,1,1,0,0,0,3,slightly_injured
2018,1,Mon,2,52.55296541,13.40297793,morning,7,daylight,0,dry,0,5,3,1,1,0,0,0,0,3,slightly_injured
2018,1,Fri,6,52.4857894,13.43090992,afternoon,17,dark,2,wet,1,1,5,0,1,0,0,0,0,3,slightly_injured
2018,1,Mon,2,52.5446794,13.23832453,morning,9,daylight,0,dry,0,5,3,1,0,0,0,1,0,3,slightly_injured
2018,1,Fri,6,52.5623261,13.50603315,afternoon,14,daylight,0,wet,1,6,4,0,1,1,0,0,0,3,slightly_injured
2018,1,Mon,2,52.51014497,13.41974181,morning,9,daylight,0,dry,0,1,5,1,1,0,0,0,0,3,slightly_injured
2018,1,Fri,6,52.43797815,13.34444039,afternoon,14,daylight,0,wet,1,0,4,0,0,1,0,0,1,3,slightly_injured
2018,1,Fri,6,52.55123328,13.3404659,afternoon,13,daylight,0,dry,0,6,4,0,1,1,0,0,0,3,slightly_injured
2018,1,Sun,1,52.50651721,13.28055439,night,1,dark,2,dry,0,5,2,0,1,0,0,0,0,2,seriously_injured
2018,1,Fri,6,52.45299362,13.60738337,afternoon,13,daylight,0,wet,1,0,1,1,0,0,0,0,0,3,slightly_injured
2018,1,Sun,1,52.51173794,13.58667614,afternoon,17,dark,2,dry,0,6,4,0,1,1,0,0,0,3,slightly_injured
2018,1,Fri,6,52.45524665,13.37574793,morning,11,daylight,0,dry,0,2,6,0,1,0,0,1,1,3,slightly_injured
2018,1,Sun,1,52.43528811,13.5413346,morning,7,daylight,0,dry,0,6,2,0,1,1,0,0,0,2,seriously_injured
2018,1,Sun,1,52.55631971,13.42906064,afternoon,12,daylight,0,dry,0,5,2,0,1,0,0,0,0,3,slightly_injured
2018,1,Sun,1,52.59168637,13.32624908,afternoon,14,daylight,0,dry,0,5,3,0,1,0,0,0,0,3,slightly_injured
2018,1,Sun,1,52.54170062,13.33566025,afternoon,15,daylight,0,dry,0,2,6,0,1,0,0,0,0,3,slightly_injured
2018,1,Sun,1,52.55788288,13.36333729,evening,19,dark,2,dry,0,6,4,0,1,1,0,0,0,3,slightly_injured
2018,1,Fri,6,52.51801149,13.45598395,morning,11,daylight,0,dry,0,1,5,1,1,0,0,0,0,3,slightly_injured
2018,1,Sun,1,52.48486287,13.38618182,evening,21,dark,2,dry,0,6,2,0,1,1,0,0,0,3,slightly_injured
2018,1,Fri,6,52.48163841,13.3857162,morning,10,daylight,0,dry,0,5,2,1,1,0,0,0,0,3,slightly_injured
2018,1,Sun,1,52.52752748,13.34536864,afternoon,14,daylight,0,dry,0,1,5,0,1,0,0,0,1,3,slightly_injured
2018,1,Fri,6,52.50140761,13.41882697,morning,10,daylight,0,dry,0,5,7,1,1,0,0,0,0,3,slightly_injured
2018,1,Fri,6,52.45873206,13.31572765,morning,9,daylight,0,dry,0,5,3,0,1,0,0,0,0,3,slightly_injured
2018,1,Sun,1,52.47472232,13.3431151,afternoon,15,daylight,0,dry,0,1,5,0,1,0,0,0,0,2,seriously_injured
2018,1,Fri,6,52.41175292,13.34241206,morning,8,daylight,0,dry,0,0,7,1,0,0,0,0,0,3,slightly_injured
2018,1,Fri,6,52.52593536,13.41109509,morning,8,daylight,0,dry,0,5,3,1,1,0,0,0,0,3,slightly_injured
2018,1,Sat,7,52.46077249,13.48159338,morning,11,daylight,0,dry,0,2,2,0,1,0,0,0,0,3,slightly_injured
2018,1,Tue,3,52.48472874,13.4442626,morning,8,daylight,0,icy,2,5,3,0,1,0,0,0,0,3,slightly_injured
2018,1,Fri,6,52.49508102,13.33042571,morning,8,dusk,1,wet,1,5,2,1,0,0,0,1,0,2,seriously_injured
2018,1,Tue,3,52.50031193,13.31084534,evening,18,dark,2,wet,1,6,4,1,0,1,0,0,0,3,slightly_injured
2018,1,Sat,7,52.60453878,13.32644488,afternoon,16,dark,2,dry,0,8,1,0,1,0,0,0,0,3,slightly_injured
2018,1,Fri,6,52.54775571,13.38857573,morning,6,dark,2,wet,1,2,6,0,1,0,0,0,0,3,slightly_injured
2018,1,Sat,7,52.44235094,13.2702903,evening,23,dark,2,dry,0,5,3,0,1,0,0,0,0,3,slightly_injured
2018,1,Fri,6,52.51413861,13.4442766,night,3,dark,2,wet,1,1,5,0,1,0,1,0,0,3,slightly_injured
2018,1,Sat,7,52.48445369,13.43473732,evening,20,dark,2,dry,0,2,6,0,1,0,0,0,0,3,slightly_injured
2018,1,Fri,6,52.43722881,13.3449624,afternoon,14,daylight,0,wet,1,2,6,0,1,0,0,0,0,2,seriously_injured
2018,1,Fri,6,52.43245486,13.27983414,afternoon,13,daylight,0,wet,1,5,2,0,1,0,0,0,0,2,seriously_injured
2018,1,Sat,7,52.53422105,13.54330946,evening,19,dark,2,dry,0,5,3,0,1,0,0,0,0,3,slightly_injured
2018,1,Fri,6,52.4715736,13.38426404,morning,11,daylight,0,dry,0,6,2,0,1,1,0,0,0,2,seriously_injured
2018,1,Sat,7,52.53673286,13.26952061,afternoon,17,dark,2,dry,0,2,6,0,1,0,0,0,0,3,slightly_injured
2018,1,Fri,6,52.52302561,13.37955382,evening,18,dark,2,wet,1,0,5,1,1,0,0,0,0,3,slightly_injured
2018,1,Fri,6,52.51060733,13.40996548,evening,19,dark,2,wet,1,6,2,0,1,1,0,0,0,3,slightly_injured
2018,1,Sat,7,52.43988084,13.32705713,afternoon,17,dark,2,dry,0,5,3,1,1,0,0,0,0,3,slightly_injured
2018,1,Tue,3,52.55123534,13.40268065,afternoon,17,dark,2,wet,1,5,2,1,1,0,0,0,0,3,slightly_injured
2018,1,Fri,6,52.50305941,13.43815422,evening,19,dark,2,wet,1,6,4,0,1,1,0,0,0,3,slightly_injured
2018,1,Sat,7,52.60965063,13.33484248,afternoon,16,daylight,0,dry,0,6,4,0,1,1,0,0,0,3,slightly_injured
2018,1,Fri,6,52.43684519,13.23124767,morning,9,daylight,0,wet,1,6,7,0,1,1,0,0,0,3,slightly_injured
2018,1,Sat,7,52.54113447,13.39367727,afternoon,15,daylight,0,dry,0,5,2,0,1,0,0,0,0,3,slightly_injured
2018,1,Fri,6,52.50618521,13.28021721,evening,21,dark,2,dry,0,2,6,0,1,0,0,0,1,3,slightly_injured
2018,1,Sat,7,52.50346787,13.41044662,afternoon,15,daylight,0,dry,0,5,2,1,1,0,0,0,0,3,slightly_injured
2018,1,Fri,6,52.49008134,13.30860254,evening,18,dark,2,wet,1,6,2,0,1,1,0,0,0,3,slightly_injured
2018,1,Sat,7,52.46435724,13.44350526,afternoon,13,daylight,0,dry,0,6,4,0,1,1,0,0,0,3,slightly_injured
2018,1,Fri,6,52.45885706,13.28289036,afternoon,17,dusk,1,wet,1,1,5,0,1,0,0,0,0,2,seriously_injured
2018,1,Sat,7,52.5971011,13.36415042,afternoon,13,daylight,0,dry,0,5,3,0,1,0,0,0,0,3,slightly_injured
2018,1,Tue,3,52.42418751,13.34794639,evening,18,dark,2,wet,1,6,4,0,1,1,0,0,0,2,seriously_injured
2018,1,Thu,5,52.50398596,13.38733121,afternoon,17,dark,2,wet,1,1,5,1,1,0,0,0,0,3,slightly_injured
2018,1,Sat,7,52.47857423,13.34437636,afternoon,13,daylight,0,dry,0,5,2,0,1,0,0,0,0,3,slightly_injured
2018,1,Sat,7,52.47647225,13.28170749,afternoon,13,daylight,0,dry,0,5,3,1,1,0,0,0,0,3,slightly_injured
2018,1,Thu,5,52.43065211,13.31751557,morning,11,daylight,0,wet,1,5,2,1,0,0,0,0,1,3,slightly_injured
2018,1,Sat,7,52.53561866,13.50559154,morning,10,daylight,0,dry,0,2,6,0,1,0,0,0,0,3,slightly_injured
2018,1,Thu,5,52.52566359,13.52916814,morning,10,daylight,0,wet,1,6,2,0,0,1,0,0,1,3,slightly_injured
2018,1,Sat,7,52.48797765,13.41628262,morning,9,daylight,0,dry,0,0,1,1,0,0,0,0,0,3,slightly_injured
2018,1,Thu,5,52.5172046,13.17557274,morning,7,dark,2,wet,1,5,3,0,1,0,0,0,0,3,slightly_injured
2018,1,Sat,7,52.51747553,13.32510629,morning,8,daylight,0,dry,0,3,2,0,1,0,0,0,0,3,slightly_injured
2018,1,Thu,5,52.52328734,13.43597686,evening,21,dark,2,wet,1,2,7,0,1,0,0,0,0,3,slightly_injured
2018,1,Sat,7,52.5186812,13.39604616,night,5,dark,2,dry,0,0,1,0,0,0,1,0,0,3,slightly_injured
2018,1,Thu,5,52.51979261,13.27109202,evening,21,dark,2,dry,0,0,7,0,1,0,0,0,0,2,seriously_injured
2018,1,Sat,7,52.51313795,13.28838579,night,1,dark,2,dry,0,0,7,0,1,0,0,0,1,3,slightly_injured
2018,1,Thu,5,52.48183363,13.34827631,evening,21,dark,2,wet,1,5,2,0,1,0,0,0,0,3,slightly_injured
2018,1,Thu,5,52.50774353,13.39034952,evening,18,dark,2,wet,1,5,2,0,1,0,0,0,1,2,seriously_injured
2018,1,Sat,7,52.48685466,13.42790562,night,1,dark,2,dry,0,3,6,0,1,0,0,0,0,3,slightly_injured
2018,1,Thu,5,52.53484964,13.15721511,morning,10,daylight,0,dry,0,6,4,0,1,1,0,0,0,3,slightly_injured
2018,1,Sat,7,52.49879596,13.38024842,evening,22,dark,2,dry,0,5,3,0,1,0,0,0,0,2,seriously_injured
2018,1,Thu,5,52.4629133,13.4228106,afternoon,17,dark,2,wet,1,2,6,0,1,0,0,0,0,3,slightly_injured
2018,1,Fri,6,52.50646633,13.33295463,evening,20,dark,2,dry,0,6,4,0,1,1,0,0,0,3,slightly_injured
2018,1,Thu,5,52.47507052,13.31576063,afternoon,17,dark,2,wet,1,6,2,0,1,1,0,0,0,3,slightly_injured
2018,1,Fri,6,52.55558598,13.37200763,afternoon,13,daylight,0,dry,0,5,2,0,1,0,0,0,0,3,slightly_injured
2018,1,Thu,5,52.54463201,13.37044613,afternoon,17,dark,2,wet,1,5,2,0,1,0,0,0,1,3,slightly_injured
2018,1,Fri,6,52.53724096,13.36015856,afternoon,12,daylight,0,wet,1,5,2,1,1,0,0,0,0,3,slightly_injured
2018,1,Thu,5,52.53207126,13.34338993,afternoon,16,dark,2,wet,1,5,2,0,0,0,1,0,1,3,slightly_injured
2018,1,Thu,5,52.49712066,13.34613179,afternoon,16,dusk,1,wet,1,5,2,0,1,0,0,1,0,3,slightly_injured
2018,1,Fri,6,52.52742561,13.41515985,morning,11,daylight,0,wet,1,3,6,1,1,0,0,0,0,3,slightly_injured
2018,1,Thu,5,52.53411309,13.14205967,afternoon,15,daylight,0,wet,1,5,3,0,1,0,0,0,1,3,slightly_injured
2018,1,Thu,5,52.51112461,13.3711896,afternoon,15,daylight,0,wet,1,5,2,0,1,0,0,0,0,3,slightly_injured
2018,1,Fri,6,52.53476389,13.20204529,afternoon,17,dark,2,dry,0,2,6,0,1,0,0,0,0,3,slightly_injured
2018,1,Tue,3,52.54309173,13.15782166,afternoon,16,daylight,0,wet,1,5,2,0,1,0,0,0,0,2,seriously_injured
2018,1,Thu,5,52.4763939,13.46463631,afternoon,14,daylight,0,wet,1,5,3,0,1,0,0,0,0,3,slightly_injured
2018,1,Mon,2,52.46004345,13.37662993,evening,23,dark,2,dry,0,5,3,0,1,0,0,0,1,2,seriously_injured
2018,1,Thu,5,52.59152233,13.34606973,afternoon,13,daylight,0,wet,1,5,2,0,1,0,0,0,0,3,slightly_injured
2018,1,Fri,6,52.46534222,13.43858246,morning,9,daylight,0,wet,1,5,3,0,1,0,0,0,0,3,slightly_injured
2018,1,Tue,3,52.55401225,13.52174822,morning,11,daylight,0,wet,1,5,3,0,1,0,0,1,0,3,slightly_injured
2018,1,Thu,5,52.52525535,13.3917933,afternoon,12,daylight,0,wet,1,4,6,0,0,0,0,0,1,3,slightly_injured
2018,1,Fri,6,52.52936086,13.45936555,morning,7,dusk,1,wet,1,5,2,1,1,0,0,0,0,3,slightly_injured
2018,1,Thu,5,52.56728603,13.31494233,afternoon,12,daylight,0,wet,1,6,7,0,0,1,0,0,1,3,slightly_injured
2018,1,Fri,6,52.51751119,13.32501,morning,7,dusk,1,wet,1,5,2,1,0,0,0,0,1,3,slightly_injured
2018,1,Thu,5,52.47641284,13.60028063,afternoon,12,daylight,0,wet,1,5,3,0,1,0,0,0,1,3,slightly_injured
2018,1,Thu,5,52.54421047,13.24716872,morning,10,daylight,0,icy,2,5,2,0,0,0,0,1,1,3,slightly_injured
2018,1,Fri,6,52.45214347,13.58013115,morning,6,dark,2,wet,1,2,6,0,1,0,0,0,0,3,slightly_injured
2018,1,Thu,5,52.53301219,13.32842148,morning,10,daylight,0,wet,1,5,3,0,1,0,0,0,0,2,seriously_injured
2018,1,Thu,5,52.55102084,13.1653078,afternoon,17,dusk,1,wet,1,6,2,0,1,1,0,0,0,2,seriously_injured
2018,1,Fri,6,52.53799657,13.36154627,night,5,dark,2,dry,0,5,2,1,1,0,0,0,0,3,slightly_injured
2018,1,Tue,3,52.56924598,13.31240741,evening,18,dark,2,wet,1,3,6,1,1,0,0,0,0,3,slightly_injured
2018,1,Thu,5,52.45431159,13.14421595,afternoon,17,dark,2,wet,1,6,2,0,1,1,0,0,0,3,slightly_injured
2018,1,Fri,6,52.46709969,13.38567792,afternoon,16,dusk,1,dry,0,2,6,0,1,0,0,0,0,3,slightly_injured
2018,1,Thu,5,52.52765705,13.23289893,morning,9,daylight,0,wet,1,2,6,0,1,0,0,0,0,3,slightly_injured
2018,1,Fri,6,52.54526934,13.20375326,afternoon,16,dusk,1,dry,0,2,6,0,1,0,0,0,0,3,slightly_injured
2018,1,Thu,5,52.49869978,13.44640264,morning,9,daylight,0,dry,0,4,1,0,1,0,0,0,0,3,slightly_injured
2018,1,Fri,6,52.47955492,13.30701122,afternoon,15,daylight,0,dry,0,5,3,0,1,0,1,0,0,3,slightly_injured
2018,1,Thu,5,52.60157236,13.24321805,morning,9,daylight,0,wet,1,2,2,0,1,0,0,0,0,3,slightly_injured
2018,1,Fri,6,52.48043989,13.60106951,afternoon,14,daylight,0,wet,1,5,7,1,1,0,0,0,0,3,slightly_injured
2018,1,Thu,5,52.43379923,13.54353293,morning,7,dusk,1,dry,0,5,3,1,1,0,0,0,0,3,slightly_injured
2018,1,Thu,5,52.52115755,13.42969575,morning,7,dusk,1,wet,1,5,2,1,1,0,0,0,0,3,slightly_injured
2018,1,Fri,6,52.41245725,13.36136047,afternoon,15,dusk,1,dry,0,5,2,0,1,0,0,0,0,3,slightly_injured
2018,1,Thu,5,52.43506376,13.50057871,morning,6,dark,2,dry,0,6,4,0,1,1,0,0,0,3,slightly_injured
2018,1,Fri,6,52.5954993,13.33319642,evening,19,daylight,0,dry,0,2,2,0,1,0,0,0,0,3,slightly_injured
2018,1,Fri,6,52.42991673,13.30801542,afternoon,17,dark,2,dry,0,1,5,0,1,0,1,0,0,2,seriously_injured
2018,1,Thu,5,52.51001355,13.32982726,night,5,dark,2,wet,1,5,3,1,1,0,0,0,0,3,slightly_injured
2018,1,Fri,6,52.61707771,13.30172496,evening,19,dark,2,dry,0,6,4,0,0,1,1,0,0,2,seriously_injured
2018,1,Thu,5,52.43428599,13.26008622,afternoon,17,dark,2,wet,1,6,4,0,1,1,0,0,0,2,seriously_injured
2018,1,Fri,6,52.43537592,13.25820034,afternoon,16,dusk,1,dry,0,5,2,1,1,0,0,0,0,2,seriously_injured
2018,1,Thu,5,52.48924852,13.45051395,afternoon,17,dark,2,wet,1,5,2,1,1,0,0,0,0,3,slightly_injured
2018,1,Fri,6,52.50517814,13.47145313,evening,22,dark,2,dry,0,0,1,1,0,0,0,0,0,3,slightly_injured
2018,1,Thu,5,52.51282479,13.28120587,evening,18,dark,2,wet,1,6,2,0,1,1,0,0,0,3,slightly_injured
2018,1,Fri,6,52.4993537,13.42807713,afternoon,13,daylight,0,dry,0,6,7,1,1,1,1,0,0,3,slightly_injured
2018,1,Thu,5,52.41371113,13.39228151,evening,18,dark,2,wet,1,6,4,0,1,1,0,0,0,2,seriously_injured
2018,1,Thu,5,52.44236776,13.29735154,morning,8,daylight,0,dry,0,2,6,0,1,0,0,0,0,3,slightly_injured
2018,1,Thu,5,52.47788403,13.44800304,evening,18,dark,2,wet,1,6,2,0,1,1,0,0,0,3,slightly_injured
2018,1,Thu,5,52.5266892,13.33557606,morning,7,dark,2,wet,1,6,2,0,1,1,0,0,0,2,seriously_injured
2018,1,Thu,5,52.5365726,13.60515539,evening,18,dark,2,wet,1,6,4,0,1,1,0,0,0,2,seriously_injured
2018,1,Thu,5,52.44620589,13.24724191,afternoon,14,daylight,0,wet,1,1,5,0,1,0,0,0,0,3,slightly_injured
2018,1,Thu,5,52.62830372,13.49802868,evening,18,dark,2,wet,1,6,2,0,1,1,0,0,0,2,seriously_injured
2018,1,Thu,5,52.41931111,13.26479637,afternoon,17,dark,2,wet,1,5,3,1,1,0,0,0,0,3,slightly_injured
2018,1,Thu,5,52.4604078,13.32001085,evening,19,dark,2,wet,1,6,4,0,1,1,0,0,0,3,slightly_injured
2018,1,Thu,5,52.49764983,13.34619172,afternoon,17,dusk,1,icy,2,5,2,1,0,0,0,0,1,3,slightly_injured
2018,1,Thu,5,52.50570247,13.51969479,evening,19,dark,2,wet,1,6,2,0,1,1,0,0,0,2,seriously_injured
2018,1,Thu,5,52.51188447,13.47530942,afternoon,17,dusk,1,wet,1,6,2,0,1,1,0,0,0,3,slightly_injured
2018,1,Thu,5,52.54848458,13.29642028,evening,19,dark,2,wet,1,3,6,0,1,0,0,0,0,3,slightly_injured
2018,1,Thu,5,52.49385236,13.454351,evening,19,dark,2,wet,1,6,2,0,1,1,0,0,0,3,slightly_injured
2018,1,Thu,5,52.47086486,13.42946516,evening,21,dark,2,wet,1,6,2,0,1,1,0,0,0,3,slightly_injured
2018,1,Thu,5,52.44184877,13.58401889,evening,19,dark,2,wet,1,6,7,0,1,1,0,0,0,2,seriously_injured
2018,1,Wed,4,52.52563291,13.19687074,morning,11,daylight,0,wet,1,6,4,0,1,1,0,0,0,2,seriously_injured
2018,1,Wed,4,52.48177839,13.43314366,morning,11,daylight,0,wet,1,2,1,0,1,0,0,0,0,3,slightly_injured
2018,1,Wed,4,52.50192402,13.35457614,afternoon,15,daylight,0,wet,1,6,4,0,1,1,0,0,0,2,seriously_injured
2018,1,Thu,5,52.42574204,13.54521127,evening,19,dark,2,wet,1,5,2,0,1,0,0,0,0,3,slightly_injured
2018,1,Wed,4,52.50041766,13.32912686,afternoon,14,daylight,0,wet,1,2,6,0,1,0,0,0,0,2,seriously_injured
2018,1,Wed,4,52.55980858,13.46000613,afternoon,17,dark,2,wet,1,6,4,0,1,1,0,0,0,2,seriously_injured
2018,1,Thu,5,52.48786956,13.34518475,evening,19,dark,2,wet,1,5,7,0,1,0,0,0,0,3,slightly_injured
2018,1,Tue,3,52.52355785,13.39199422,morning,9,daylight,0,wet,1,0,3,0,1,0,1,0,0,3,slightly_injured
2018,1,Wed,4,52.51307601,13.37707271,afternoon,17,dark,2,wet,1,2,2,0,1,0,0,0,0,3,slightly_injured
2018,1,Tue,3,52.51364074,13.28823446,evening,18,dark,2,wet,1,6,4,1,0,1,0,0,0,2,seriously_injured
2018,1,Thu,5,52.50456263,13.39463845,evening,18,dark,2,wet,1,5,3,0,1,0,0,0,0,3,slightly_injured
2018,1,Wed,4,52.41785284,13.28701325,afternoon,16,dark,2,wet,1,2,2,0,1,1,0,0,0,3,slightly_injured
2018,1,Thu,5,52.44043627,13.45895202,afternoon,17,dark,2,wet,1,6,4,0,0,1,1,0,0,3,slightly_injured
2018,1,Wed,4,52.50120482,13.27521509,afternoon,13,daylight,0,wet,1,3,6,0,1,0,0,0,0,3,slightly_injured
2018,1,Thu,5,52.53713787,13.39686172,evening,18,dark,2,wet,1,1,6,1,1,0,0,0,0,3,slightly_injured
2018,1,Wed,4,52.51570371,13.49854958,evening,18,dark,2,wet,1,5,7,0,0,0,0,0,1,3,slightly_injured
2018,1,Wed,4,52.53979867,13.49612646,evening,18,dark,2,wet,1,1,5,1,1,0,0,0,0,3,slightly_injured
2018,1,Thu,5,52.54659986,13.44230684,evening,18,dark,2,wet,1,5,3,1,1,0,0,0,0,3,slightly_injured
2018,1,Tue,3,52.56887268,13.54993499,evening,18,dark,2,wet,1,2,6,0,1,0,0,0,0,3,slightly_injured
2018,1,Wed,4,52.58704177,13.36631179,morning,10,daylight,0,wet,1,6,7,1,0,1,0,0,0,2,seriously_injured
2018,1,Thu,5,52.52434568,13.58379642,evening,19,dark,2,wet,1,5,2,0,1,0,0,0,1,3,slightly_injured
2018,1,Thu,5,52.51141352,13.49159726,afternoon,17,dark,2,wet,1,6,3,0,1,1,0,0,0,3,slightly_injured
2018,1,Thu,5,52.44882304,13.34506996,afternoon,16,dark,2,wet,1,6,4,0,1,1,0,0,0,2,seriously_injured
2018,1,Tue,3,52.51378399,13.28819135,afternoon,17,dark,2,wet,1,5,3,0,1,0,0,0,0,3,slightly_injured
2018,1,Wed,4,52.44673927,13.33833748,morning,9,daylight,0,icy,2,1,5,1,1,0,0,0,0,3,slightly_injured
2018,1,Thu,5,52.54701603,13.59239682,afternoon,16,dark,2,wet,1,6,4,0,1,1,0,0,0,3,slightly_injured
2018,1,Wed,4,52.51706893,13.3888221,morning,8,daylight,0,wet,1,5,3,0,1,0,1,0,0,3,slightly_injured
2018,1,Thu,5,52.44488748,13.56829227,afternoon,15,dusk,1,wet,1,5,2,1,0,0,0,0,1,3,slightly_injured
2018,1,Wed,4,52.51340929,13.19681894,morning,8,daylight,0,wet,1,6,4,0,1,1,0,0,0,3,slightly_injured
2018,1,Thu,5,52.54328139,13.54861517,afternoon,15,daylight,0,wet,1,6,4,0,1,1,0,0,0,3,slightly_injured
2018,1,Wed,4,52.50004996,13.36998512,morning,7,daylight,0,wet,1,1,5,1,1,0,0,0,1,3,slightly_injured
2018,1,Wed,4,52.5100128,13.32982956,morning,7,dusk,1,icy,2,5,3,1,1,0,0,0,0,3,slightly_injured
2018,1,Thu,5,52.56139698,13.55183584,afternoon,15,daylight,0,wet,1,5,3,1,1,0,0,0,0,3,slightly_injured
2018,1,Wed,4,52.52057777,13.49173141,morning,6,dark,2,wet,1,1,5,1,1,0,0,0,0,2,seriously_injured
2018,1,Thu,5,52.39816016,13.39253755,afternoon,15,daylight,0,wet,1,5,3,1,1,0,0,0,0,3,slightly_injured
2018,1,Wed,4,52.46055582,13.52174513,morning,6,dusk,1,icy,2,5,7,0,1,0,0,0,1,3,slightly_injured
2018,1,Thu,5,52.48643396,13.42450956,afternoon,14,daylight,0,wet,1,5,3,1,1,0,0,0,0,3,slightly_injured
2018,1,Wed,4,52.54668667,13.18886467,evening,19,dark,2,wet,1,5,3,0,1,0,0,0,0,2,seriously_injured
2018,1,Wed,4,52.53962657,13.29493068,evening,18,dark,2,wet,1,5,3,0,1,0,0,0,0,3,slightly_injured
2018,1,Thu,5,52.45161882,13.43818495,afternoon,14,daylight,0,wet,1,2,6,0,1,0,0,0,0,3,slightly_injured
2018,1,Wed,4,52.47500349,13.3202143,evening,18,dusk,1,wet,1,5,3,0,1,0,1,0,0,3,slightly_injured
2018,1,Thu,5,52.49913432,13.61325177,afternoon,13,daylight,0,wet,1,2,6,0,1,0,0,0,0,3,slightly_injured
2018,1,Wed,4,52.48857066,13.37668032,evening,18,dark,2,wet,1,0,1,1,0,0,0,0,0,3,slightly_injured
2018,1,Thu,5,52.5383795,13.18278049,evening,18,dark,2,wet,1,8,1,0,1,0,0,0,0,3,slightly_injured
2018,1,Wed,4,52.55663631,13.37664782,evening,18,dark,2,wet,1,2,6,0,1,0,0,0,1,3,slightly_injured
2018,1,Thu,5,52.49843849,13.42888045,morning,7,dark,2,wet,1,6,4,0,0,1,0,0,1,3,slightly_injured
2018,1,Wed,4,52.47856179,13.34602454,evening,18,dark,2,wet,1,1,5,0,1,0,0,0,1,3,slightly_injured
2018,1,Thu,5,52.49307058,13.38753451,morning,7,dusk,1,wet,1,6,4,1,0,1,0,0,0,3,slightly_injured
2018,1,Tue,3,52.4430707,13.58136696,afternoon,16,dusk,1,dry,0,6,4,1,0,1,0,0,0,2,seriously_injured
2018,1,Tue,3,52.49950185,13.46316193,evening,19,dark,2,wet,1,6,2,0,1,1,0,0,0,3,slightly_injured
2018,1,Thu,5,52.49726412,13.3655993,afternoon,13,daylight,0,wet,1,5,2,0,1,0,0,0,1,3,slightly_injured
2018,1,Tue,3,52.49844466,13.40666159,evening,22,dark,2,wet,1,5,2,0,1,0,0,0,0,3,slightly_injured
2018,1,Thu,5,52.58381841,13.28708525,afternoon,13,daylight,0,wet,1,2,1,0,1,0,0,0,0,3,slightly_injured