ujahr,umonat,weekday,uwochentag,long,lat,time_of_day,ustunde,light_condition,ulichtverh,street_condition,ustrzustand,uart,utyp1,ist_rad,ist_pkw,ist_fuss,ist_krad,ist_gkfz,ist_sonstige,ukategorie,accident_outcome
2018,1,Thu,5,52.40662856,13.26815701,afternoon,12,daylight,0,wet,1,2,1,0,1,0,1,0,0,3,slightly_injured
2018,1,Tue,3,52.51518167,13.41956039,evening,22,dark,2,wet,1,3,6,0,1,0,0,0,0,3,slightly_injured
2018,1,Thu,5,52.51087731,13.31826624,morning,11,daylight,0,wet,1,6,2,0,1,1,0,0,0,2,seriously_injured
2018,1,Tue,3,52.50863713,13.3901944,evening,22,dark,2,wet,1,5,3,0,1,0,0,0,0,3,slightly_injured
2018,1,Thu,5,52.60308039,13.42637874,morning,11,daylight,0,wet,1,2,6,0,1,1,0,0,0,3,slightly_injured
2018,1,Tue,3,52.5455658,13.44474966,evening,20,dark,2,wet,1,2,2,0,1,0,0,0,0,3,slightly_injured
2018,1,Tue,3,52.52831496,13.33574579,evening,19,dark,2,wet,1,6,6,1,0,1,0,0,0,3,slightly_injured
2018,1,Thu,5,52.49315686,13.33062553,morning,10,daylight,0,wet,1,5,2,1,1,0,0,0,0,3,slightly_injured
2018,1,Tue,3,52.42964376,13.32137609,evening,19,dark,2,wet,1,5,3,0,1,0,0,0,0,3,slightly_injured
2018,1,Tue,3,52.49971033,13.3950816,evening,19,dark,2,wet,1,1,5,1,0,0,0,0,1,3,slightly_injured
2018,1,Thu,5,52.45739187,13.43660572,morning,10,dusk,1,wet,1,5,2,1,1,0,0,0,0,3,slightly_injured
2018,1,Tue,3,52.49322684,13.33100823,morning,8,daylight,0,wet,1,5,3,1,1,0,0,0,0,3,slightly_injured
2018,1,Tue,3,52.45941755,13.28005788,evening,18,dark,2,icy,2,6,4,0,1,1,0,0,0,2,seriously_injured
2018,1,Mon,2,52.52192897,13.34851341,evening,20,dark,2,dry,0,5,3,1,0,0,0,0,0,3,slightly_injured
2018,1,Tue,3,52.48187573,13.40990425,evening,20,dark,2,wet,1,1,1,0,1,0,0,0,0,3,slightly_injured
2018,1,Thu,5,52.41453019,13.40090066,morning,10,daylight,0,wet,1,2,6,0,1,0,0,0,1,3,slightly_injured
2018,1,Tue,3,52.58161119,13.42867931,night,3,dark,2,wet,1,9,1,0,0,0,0,0,1,3,slightly_injured
2018,1,Thu,5,52.5163662,13.38083762,morning,9,daylight,0,wet,1,5,2,1,0,0,0,0,1,3,slightly_injured
2018,1,Tue,3,52.43939842,13.55220695,night,5,dark,2,icy,2,5,2,0,1,0,0,0,0,2,seriously_injured
2018,1,Thu,5,52.53682008,13.26539766,morning,8,daylight,0,wet,1,0,6,0,1,0,0,0,1,3,slightly_injured
2018,1,Tue,3,52.52531441,13.36603679,night,5,dark,2,icy,2,6,2,0,1,1,0,0,0,3,slightly_injured
2018,1,Tue,3,52.52709527,13.38709846,night,5,dark,2,icy,2,5,2,0,1,0,0,0,0,3,slightly_injured
2018,1,Thu,5,52.54819731,13.36668207,morning,8,daylight,0,wet,1,5,3,1,1,0,0,0,0,3,slightly_injured
2018,1,Tue,3,52.42363038,13.43658933,morning,6,dark,2,wet,1,2,2,0,1,0,0,0,1,3,slightly_injured
2018,1,Tue,3,52.49154522,13.3769561,morning,7,daylight,0,wet,1,6,2,0,1,1,0,0,0,3,slightly_injured
2018,1,Thu,5,52.5057072,13.50093161,morning,8,daylight,0,wet,1,1,5,1,1,0,0,0,0,3,slightly_injured
2018,1,Tue,3,52.45127024,13.48831426,afternoon,17,dark,2,wet,1,2,6,0,1,0,0,0,0,3,slightly_injured
2018,1,Tue,3,52.55213482,13.36616784,afternoon,16,daylight,0,wet,1,5,7,0,1,0,1,0,0,3,slightly_injured
2018,1,Thu,5,52.53438925,13.15418767,morning,7,daylight,0,wet,1,6,4,0,1,1,0,0,0,3,slightly_injured
2018,1,Tue,3,52.43414284,13.19898502,morning,7,daylight,0,wet,1,5,3,0,1,0,0,0,1,3,slightly_injured
2018,1,Thu,5,52.49398767,13.34551787,morning,7,daylight,0,wet,1,2,6,0,1,0,0,0,0,2,seriously_injured
2018,1,Tue,3,52.45229626,13.6208168,afternoon,15,daylight,0,wet,1,5,7,1,1,0,0,0,0,3,slightly_injured
2018,1,Thu,5,52.47752728,13.42580518,morning,7,dusk,1,wet,1,4,5,1,1,0,0,0,0,3,slightly_injured
2018,1,Tue,3,52.52378453,13.3299808,afternoon,14,daylight,0,wet,1,6,2,0,1,1,0,0,0,3,slightly_injured
2018,1,Thu,5,52.5067825,13.39051416,morning,7,daylight,0,wet,1,5,3,1,0,0,0,0,1,3,slightly_injured
2018,1,Tue,3,52.518276,13.42087193,afternoon,14,daylight,0,dry,0,5,2,1,1,0,0,0,0,3,slightly_injured
2018,1,Sun,1,52.57587997,13.42622779,morning,9,daylight,0,dry,0,5,3,0,1,0,0,0,0,2,seriously_injured
2018,1,Tue,3,52.52668715,13.2971232,afternoon,14,daylight,0,wet,1,2,6,0,1,0,0,0,0,3,slightly_injured
2018,1,Thu,5,52.41925681,13.26481522,morning,7,dark,2,wet,1,6,4,0,1,1,0,0,0,2,seriously_injured
2018,1,Sun,1,52.49985615,13.35403083,morning,9,daylight,0,wet,1,5,3,0,1,0,0,0,0,3,slightly_injured
2018,1,Tue,3,52.5710606,13.31612413,afternoon,13,daylight,0,wet,1,5,3,0,1,0,0,0,0,3,slightly_injured
2018,1,Wed,4,52.56563283,13.57479251,morning,6,daylight,0,dry,0,5,3,1,0,0,0,0,1,3,slightly_injured
2018,1,Wed,4,52.52408654,13.41240014,afternoon,17,dark,2,dry,0,2,2,0,1,0,0,0,0,3,slightly_injured
2018,1,Sun,1,52.43791301,13.56368383,afternoon,12,daylight,0,wet,1,2,6,0,1,0,0,0,0,3,slightly_injured
2018,1,Sun,1,52.46709287,13.16525039,afternoon,13,daylight,0,wet,1,1,5,0,1,0,0,0,0,2,seriously_injured
2018,1,Tue,3,52.43887851,13.30925847,afternoon,13,daylight,0,wet,1,5,3,0,1,0,1,0,0,3,slightly_injured
2018,1,Wed,4,52.52654496,13.49139207,evening,18,dark,2,wet,1,0,5,1,1,0,0,0,0,3,slightly_injured
2018,1,Sun,1,52.5031883,13.35008711,afternoon,16,dusk,1,dry,0,0,2,0,1,0,0,0,1,3,slightly_injured
2018,1,Tue,3,52.52158923,13.29994403,afternoon,13,daylight,0,wet,1,2,6,0,1,0,0,0,0,3,slightly_injured
2018,1,Wed,4,52.52669957,13.4491336,evening,20,dark,2,dry,0,7,7,1,0,0,0,0,0,3,slightly_injured
2018,1,Tue,3,52.45664572,13.56282714,afternoon,12,daylight,0,wet,1,2,6,0,1,0,0,0,0,3,slightly_injured
2018,1,Wed,4,52.42376822,13.52614062,afternoon,17,dark,2,dry,0,5,3,0,1,0,0,0,0,3,slightly_injured
2018,1,Wed,4,52.57576974,13.27544684,evening,18,dark,2,wet,1,5,7,0,1,0,0,0,0,3,slightly_injured
2018,1,Fri,6,52.51619085,13.31073331,morning,10,daylight,0,wet,1,2,6,0,1,0,0,0,0,3,slightly_injured
2018,2,Thu,5,52.50550089,13.32570389,afternoon,16,dusk,1,dry,0,5,2,1,1,0,0,0,0,3,slightly_injured
2018,2,Thu,5,52.51986157,13.49937621,morning,11,daylight,0,dry,0,1,5,1,1,0,0,0,0,3,slightly_injured
2018,1,Fri,6,52.41942446,13.2489959,morning,8,daylight,0,dry,0,6,2,0,1,1,0,0,0,3,slightly_injured
2018,2,Thu,5,52.53139953,13.3388412,afternoon,15,daylight,0,dry,0,6,7,1,0,1,0,0,0,3,slightly_injured
2018,1,Fri,6,52.5589819,13.46196407,morning,10,daylight,0,wet,1,5,3,0,1,0,0,0,1,3,slightly_injured
2018,2,Thu,5,52.53459829,13.32833344,morning,10,daylight,0,dry,0,2,6,0,1,0,0,0,0,3,slightly_injured
2018,1,Fri,6,52.54255681,13.33657552,morning,8,daylight,0,wet,1,2,6,0,1,0,0,0,0,3,slightly_injured
2018,2,Thu,5,52.51690122,13.37033265,morning,9,daylight,0,dry,0,3,6,1,0,0,0,1,0,3,slightly_injured
2018,2,Thu,5,52.49885037,13.61339307,morning,10,daylight,0,wet,1,2,6,0,1,0,0,0,0,3,slightly_injured
2018,1,Fri,6,52.5439505,13.33921908,morning,8,daylight,0,wet,1,8,1,0,1,0,0,0,0,3,slightly_injured
2018,2,Thu,5,52.5062875,13.33196401,morning,9,daylight,0,dry,0,2,7,0,1,0,0,0,0,3,slightly_injured
2018,1,Fri,6,52.44173499,13.38101089,morning,7,dusk,1,wet,1,3,6,1,0,0,0,0,1,3,slightly_injured
2018,2,Thu,5,52.43682442,13.23146114,afternoon,14,daylight,0,dry,0,5,2,0,1,0,1,0,0,3,slightly_injured
2018,1,Fri,6,52.46675392,13.43555271,morning,7,dusk,1,wet,1,6,2,0,1,1,0,0,0,3,slightly_injured
2018,1,Fri,6,52.43610185,13.5494909,morning,7,daylight,0,wet,1,6,4,0,1,1,0,0,0,3,slightly_injured
2018,2,Thu,5,52.50348361,13.45018172,morning,8,daylight,0,wet,1,6,4,0,1,1,0,0,0,3,slightly_injured
2018,1,Fri,6,52.51904011,13.56267546,morning,7,daylight,0,wet,1,6,2,0,1,1,0,0,0,3,slightly_injured
2018,2,Thu,5,52.5163662,13.38083762,morning,7,daylight,0,dry,0,5,2,1,1,0,0,0,0,3,slightly_injured
2018,1,Fri,6,52.5966191,13.35476614,morning,7,dusk,1,wet,1,6,3,0,1,1,0,0,0,3,slightly_injured
2018,1,Fri,6,52.54578851,13.19400364,morning,7,dark,2,wet,1,6,2,0,1,1,0,0,0,3,slightly_injured
2018,2,Thu,5,52.50343396,13.41053316,afternoon,14,daylight,0,dry,0,6,2,0,1,1,0,0,0,3,slightly_injured
2018,1,Fri,6,52.49910057,13.4808088,morning,7,dark,2,wet,1,5,2,1,1,0,0,0,0,3,slightly_injured
2018,1,Fri,6,52.48048665,13.48309692,morning,6,dark,2,wet,1,5,5,0,1,0,1,0,0,3,slightly_injured
2018,2,Thu,5,52.44986685,13.25057245,afternoon,14,daylight,0,dry,0,1,5,0,1,0,0,0,0,3,slightly_injured
2018,2,Thu,5,52.4565085,13.62303407,afternoon,14,daylight,0,dry,0,8,1,0,1,0,0,0,0,2,seriously_injured
2018,1,Fri,6,52.55210852,13.42699255,morning,6,dark,2,wet,1,5,3,1,1,0,0,0,0,3,slightly_injured
2018,2,Thu,5,52.4618163,13.43474928,afternoon,13,daylight,0,dry,0,2,6,0,1,0,0,0,0,3,slightly_injured
2018,1,Fri,6,52.5765148,13.31511297,evening,19,dark,2,wet,1,5,3,0,1,0,0,0,0,2,seriously_injured
2018,1,Fri,6,52.51399177,13.31710571,evening,18,dark,2,wet,1,6,7,0,1,1,0,0,0,3,slightly_injured
2018,1,Fri,6,52.53541469,13.39020762,evening,18,dark,2,wet,1,5,3,0,1,0,0,0,0,3,slightly_injured
2018,2,Thu,5,52.51317182,13.28837559,morning,7,dusk,1,dry,0,6,2,0,0,1,0,1,0,2,seriously_injured
2018,1,Fri,6,52.40395465,13.54089899,evening,18,dark,2,wet,1,6,4,0,1,1,0,0,0,3,slightly_injured
2018,1,Fri,6,52.41344807,13.26664202,afternoon,17,dark,2,wet,1,6,4,0,1,1,0,0,0,2,seriously_injured
2018,1,Fri,6,52.51832514,13.28025889,afternoon,16,dusk,1,wet,1,5,2,0,1,0,0,0,0,3,slightly_injured
2018,2,Thu,5,52.50893298,13.50590238,morning,6,dark,2,dry,0,5,3,1,1,0,0,0,0,2,seriously_injured
2018,1,Fri,6,52.57894759,13.29993824,afternoon,16,dark,2,wet,1,5,3,1,1,0,0,0,0,2,seriously_injured
2018,2,Thu,5,52.55104734,13.44981546,morning,9,daylight,0,wet,1,6,4,0,0,1,0,0,1,3,slightly_injured
2018,1,Fri,6,52.43318918,13.25942711,afternoon,15,dusk,1,wet,1,6,2,0,1,1,0,0,0,3,slightly_injured
2018,2,Thu,5,52.553951,13.20768844,morning,6,dark,2,dry,0,2,6,0,1,0,0,0,1,3,slightly_injured
2018,1,Fri,6,52.47460142,13.45462763,afternoon,15,daylight,0,wet,1,5,3,0,1,0,0,0,0,3,slightly_injured
2018,2,Thu,5,52.45496656,13.44427418,night,5,dark,2,dry,0,6,2,0,1,1,0,0,0,3,slightly_injured
2018,1,Fri,6,52.56700773,13.42030478,afternoon,14,daylight,0,wet,1,5,3,0,1,0,0,0,0,3,slightly_injured
2018,2,Thu,5,52.56635845,13.34006987,evening,19,dark,2,dry,0,6,4,0,1,1,0,0,0,2,seriously_injured
2018,2,Thu,5,52.50276633,13.42034083,evening,20,dark,2,dry,0,3,6,1,0,0,0,0,1,3,slightly_injured
2018,1,Fri,6,52.44846596,13.55910627,afternoon,13,daylight,0,wet,1,2,2,0,1,0,0,0,0,3,slightly_injured
2018,2,Thu,5,52.59422682,13.36090123,evening,21,dark,2,dry,0,5,3,0,1,0,0,0,0,3,slightly_injured
2018,1,Fri,6,52.53807718,13.24729624,afternoon,12,daylight,0,wet,1,2,6,0,1,0,0,1,0,3,slightly_injured
2018,1,Wed,4,52.55009426,13.57263019,evening,21,dark,2,wet,1,5,3,0,1,0,0,0,0,3,slightly_injured
2018,1,Fri,6,52.54934122,13.44827971,afternoon,12,daylight,0,dry,0,0,3,0,1,0,0,0,1,3,slightly_injured
2018,1,Wed,4,52.61559751,13.47484348,evening,21,dark,2,wet,1,6,6,1,0,1,0,0,0,3,slightly_injured
2018,1,Fri,6,52.49605406,13.40518243,morning,6,dark,2,wet,1,5,3,1,1,0,0,0,0,3,slightly_injured
2018,1,Wed,4,52.5467032,13.40238523,evening,18,dark,2,wet,1,0,7,1,1,0,0,0,0,3,slightly_injured
2018,1,Fri,6,52.55521357,13.38366532,morning,11,daylight,0,wet,1,1,5,1,1,0,0,0,0,3,slightly_injured
2018,1,Wed,4,52.52378401,13.32997491,afternoon,17,dark,2,wet,1,2,2,0,1,0,0,0,0,3,slightly_injured
2018,1,Wed,4,52.58544649,13.3597034,evening,23,dark,2,wet,1,8,1,0,1,0,0,0,0,3,slightly_injured
2018,1,Fri,6,52.63120835,13.29252444,morning,11,daylight,0,wet,1,5,3,0,1,0,0,0,0,2,seriously_injured
2018,1,Wed,4,52.48387672,13.32060083,evening,22,dark,2,wet,1,2,6,0,1,0,0,0,0,3,slightly_injured
2018,1,Fri,6,52.48959672,13.35009904,morning,10,daylight,0,wet,1,1,5,1,1,0,0,0,0,3,slightly_injured
2018,1,Wed,4,52.5323808,13.46288119,evening,22,dark,2,wet,1,5,3,1,1,0,0,0,0,3,slightly_injured
2018,1,Fri,6,52.54761468,13.38868414,evening,20,dark,2,wet,1,6,4,0,0,1,0,0,1,2,seriously_injured
2018,1,Wed,4,52.51673523,13.18578637,evening,22,dark,2,wet,1,6,4,0,1,1,0,0,0,2,seriously_injured
2018,1,Wed,4,52.50995884,13.36438556,evening,21,dark,2,wet,1,6,2,0,1,1,0,0,0,3,slightly_injured
2018,1,Fri,6,52.55012339,13.38549652,evening,22,dark,2,wet,1,5,3,0,1,0,0,0,0,2,seriously_injured
2018,1,Wed,4,52.50674501,13.33138588,evening,21,dark,2,wet,1,6,4,0,1,1,0,0,0,3,slightly_injured
2018,1,Fri,6,52.57817358,13.29791873,evening,20,dark,2,wet,1,5,2,0,1,0,0,0,0,3,slightly_injured
2018,1,Wed,4,52.54936286,13.3866453,evening,20,dark,2,wet,1,6,2,0,1,1,0,0,0,3,slightly_injured
2018,1,Wed,4,52.54866772,13.20061336,evening,20,dark,2,wet,1,6,2,0,1,1,0,0,0,3,slightly_injured
2018,1,Thu,5,52.41743588,13.44042282,afternoon,17,dusk,1,wet,1,5,3,0,1,0,0,0,0,3,slightly_injured
2018,1,Wed,4,52.55359323,13.41447671,morning,6,dark,2,dry,0,0,7,0,1,0,0,0,0,3,slightly_injured
2018,1,Thu,5,52.50596475,13.5198524,afternoon,17,dark,2,wet,1,6,2,0,1,1,0,0,0,3,slightly_injured
2018,1,Wed,4,52.52553407,13.34148589,evening,18,dark,2,wet,1,6,7,0,1,1,0,0,0,3,slightly_injured
2018,1,Thu,5,52.54846343,13.26292844,evening,23,dark,2,wet,1,0,3,0,1,0,0,0,0,2,seriously_injured
2018,1,Thu,5,52.54783232,13.42858196,evening,23,dark,2,wet,1,5,2,0,1,0,0,0,0,3,slightly_injured
2018,1,Wed,4,52.44915945,13.35374252,afternoon,13,daylight,0,dry,0,0,7,0,0,0,1,0,0,3,slightly_injured
2018,1,Thu,5,52.55142544,13.51447763,afternoon,17,dusk,1,wet,1,2,6,0,1,0,0,0,0,3,slightly_injured
2018,1,Thu,5,52.53619368,13.18205704,afternoon,14,daylight,0,wet,1,0,2,1,1,0,0,0,0,3,slightly_injured
2018,1,Wed,4,52.56690654,13.43922579,evening,18,dark,2,wet,1,2,6,0,1,0,0,0,0,3,slightly_injured
2018,1,Wed,4,52.47407678,13.44520471,morning,11,daylight,0,wet,1,5,3,0,1,0,0,0,0,3,slightly_injured
2018,1,Thu,5,52.54834445,13.44009367,afternoon,15,daylight,0,wet,1,6,4,0,1,1,0,0,0,3,slightly_injured
2018,1,Wed,4,52.5237877,13.32962955,morning,11,daylight,0,wet,1,3,2,0,1,0,0,1,0,2,seriously_injured
2018,1,Thu,5,52.46811598,13.33159951,afternoon,14,daylight,0,wet,1,6,7,0,1,1,0,0,0,3,slightly_injured
2018,1,Wed,4,52.528029,13.38621141,morning,11,daylight,0,wet,1,0,1,0,0,0,1,0,0,3,slightly_injured
2018,1,Thu,5,52.50624254,13.31352945,morning,10,daylight,0,wet,1,2,6,0,1,0,1,0,0,3,slightly_injured
2018,1,Thu,5,52.4526801,13.45295821,afternoon,16,dark,2,wet,1,6,4,0,1,1,0,0,0,2,seriously_injured
2018,1,Wed,4,52.53836564,13.60071621,evening,18,dark,2,wet,1,6,2,0,1,1,0,0,0,3,slightly_injured
2018,1,Thu,5,52.43498321,13.45398939,afternoon,13,daylight,0,wet,1,2,6,0,1,0,0,0,0,3,slightly_injured
2018,1,Thu,5,52.45288355,13.57610018,afternoon,17,dark,2,wet,1,6,2,0,1,1,0,0,0,3,slightly_injured
2018,1,Wed,4,52.51574702,13.39092682,morning,8,daylight,0,dry,0,5,2,1,1,0,0,0,0,3,slightly_injured
2018,1,Thu,5,52.497826,13.29420765,morning,10,daylight,0,wet,1,6,2,0,1,1,0,0,0,2,seriously_injured
2018,1,Wed,4,52.54824525,13.29658179,morning,8,daylight,0,wet,1,6,4,0,1,1,0,0,0,2,seriously_injured
2018,1,Wed,4,52.5560921,13.45556575,morning,7,dusk,1,dry,0,5,3,1,1,0,0,0,0,3,slightly_injured
2018,1,Thu,5,52.5515811,13.5093556,morning,9,daylight,0,wet,1,6,4,0,1,1,0,0,0,3,slightly_injured
2018,1,Wed,4,52.54064548,13.41193145,morning,7,daylight,0,dry,0,6,2,0,1,1,0,0,0,3,slightly_injured
2018,1,Thu,5,52.45819108,13.57901855,morning,9,daylight,0,wet,1,2,6,0,1,0,0,0,0,3,slightly_injured
2018,1,Wed,4,52.46439485,13.2846613,morning,7,daylight,0,dry,0,5,3,1,0,0,0,0,0,3,slightly_injured
2018,1,Thu,5,52.50963205,13.3767927,morning,9,daylight,0,wet,1,5,2,1,1,0,0,0,0,3,slightly_injured
2018,1,Wed,4,52.42732014,13.58530782,afternoon,14,daylight,0,wet,1,6,4,0,1,1,0,0,0,2,seriously_injured
2018,1,Thu,5,52.4332849,13.30731221,morning,9,daylight,0,dry,0,5,2,0,1,0,0,0,0,2,seriously_injured
2018,1,Wed,4,52.47519056,13.28324677,afternoon,15,daylight,0,dry,0,1,5,1,1,0,0,0,0,3,slightly_injured
2018,1,Tue,3,52.51728156,13.39823221,morning,6,dark,2,dry,0,6,7,1,0,1,0,0,0,3,slightly_injured
2018,1,Thu,5,52.45770373,13.3758669,morning,8,daylight,0,dry,0,5,3,0,1,0,0,0,0,3,slightly_injured
2018,1,Tue,3,52.50630557,13.33263403,afternoon,17,dusk,1,dry,0,0,4,0,0,1,0,0,1,3,slightly_injured
2018,1,Thu,5,52.50671635,13.39962776,morning,8,daylight,0,dry,0,5,2,1,1,0,0,0,0,3,slightly_injured
2018,1,Thu,5,52.5252221,13.41338531,morning,8,dusk,1,dry,0,0,2,0,1,0,0,0,1,3,slightly_injured
2018,1,Tue,3,52.44570502,13.5060051,morning,11,daylight,0,dry,0,6,7,0,1,1,0,0,0,3,slightly_injured
2018,1,Tue,3,52.54699111,13.35828736,morning,11,daylight,0,dry,0,0,2,0,1,0,0,0,1,3,slightly_injured
2018,1,Thu,5,52.47098253,13.51681281,morning,7,dusk,1,wet,1,6,4,0,0,1,0,0,1,2,seriously_injured
2018,1,Tue,3,52.5433229,13.37543146,morning,9,daylight,0,dry,0,1,5,0,1,0,1,0,0,3,slightly_injured
2018,1,Thu,5,52.48159609,13.43158999,evening,21,dark,2,wet,1,2,6,1,1,0,0,0,0,3,slightly_injured
2018,1,Tue,3,52.45248943,13.4080159,morning,9,daylight,0,dry,0,5,2,1,1,0,0,0,0,3,slightly_injured
2018,1,Thu,5,52.61611663,13.3523696,evening,20,dark,2,wet,1,8,1,0,1,0,0,0,0,3,slightly_injured
2018,1,Tue,3,52.37850366,13.64512743,morning,8,daylight,0,dry,0,2,6,0,1,0,0,0,0,3,slightly_injured
2018,1,Thu,5,52.4576477,13.26307232,evening,20,dark,2,wet,1,5,2,0,0,0,1,0,1,2,seriously_injured
2018,1,Tue,3,52.46919693,13.16789386,morning,6,dark,2,wet,1,2,6,0,1,0,0,0,0,3,slightly_injured
2018,1,Thu,5,52.4712996,13.32911495,evening,20,dark,2,wet,1,6,2,0,1,1,0,0,0,3,slightly_injured
2018,1,Tue,3,52.45986574,13.47208013,afternoon,17,dark,2,dry,0,3,6,1,0,0,0,0,1,2,seriously_injured
2018,1,Thu,5,52.50852181,13.37714121,evening,20,dark,2,wet,1,5,3,0,1,0,0,0,0,3,slightly_injured
2018,1,Thu,5,52.52453792,13.34983963,evening,19,dark,2,wet,1,5,3,1,1,0,0,0,0,2,seriously_injured
2018,1,Tue,3,52.53930176,13.23192792,afternoon,17,dark,2,dry,0,2,2,0,1,0,0,0,0,3,slightly_injured
2018,1,Thu,5,52.4585407,13.30326741,evening,19,dark,2,wet,1,6,2,0,1,1,0,0,0,2,seriously_injured
2018,1,Tue,3,52.53701719,13.29405689,afternoon,16,daylight,0,dry,0,2,6,0,1,0,0,1,0,3,slightly_injured
2018,1,Thu,5,52.46039007,13.27512052,evening,19,dark,2,wet,1,5,3,1,1,0,0,0,0,3,slightly_injured
2018,1,Tue,3,52.57429092,13.38977534,afternoon,14,daylight,0,dry,0,5,3,1,1,0,0,0,0,3,slightly_injured
2018,1,Tue,3,52.53593619,13.2747754,afternoon,12,daylight,0,dry,0,6,4,0,1,1,0,0,0,2,seriously_injured
2018,1,Thu,5,52.49897813,13.48069568,evening,19,dark,2,wet,1,6,2,0,1,1,0,0,0,3,slightly_injured
2018,1,Tue,3,52.44928763,13.3851244,afternoon,12,daylight,0,dry,0,2,2,0,1,0,0,0,0,3,slightly_injured
2018,1,Thu,5,52.53074717,13.38368124,evening,18,dark,2,wet,1,0,7,0,1,0,0,0,1,2,seriously_injured
2018,1,Tue,3,52.55345634,13.47969945,afternoon,12,daylight,0,dry,0,6,4,0,1,1,0,0,0,3,slightly_injured
2018,1,Thu,5,52.49940314,13.44514938,afternoon,17,dark,2,wet,1,1,5,1,1,0,0,0,0,3,slightly_injured
2018,1,Wed,4,52.55258107,13.42373663,evening,18,dark,2,dry,0,2,6,0,1,0,0,0,0,3,slightly_injured
2018,1,Tue,3,52.52598479,13.38875715,morning,9,daylight,0,dry,0,3,6,1,0,0,0,0,1,2,seriously_injured
2018,1,Wed,4,52.51048156,13.35105997,afternoon,17,daylight,0,dry,0,3,6,0,1,0,1,0,0,3,slightly_injured
2018,1,Tue,3,52.50647798,13.28060686,evening,21,dark,2,dry,0,5,3,0,1,0,0,0,0,2,seriously_injured
2018,1,Tue,3,52.45064728,13.57225994,evening,19,dark,2,dry,0,5,2,1,1,0,0,0,0,3,slightly_injured
2018,1,Wed,4,52.52859931,13.39731279,evening,20,dark,2,wet,1,5,3,1,1,0,0,0,0,3,slightly_injured
2018,1,Wed,4,52.44195752,13.31574756,morning,10,daylight,0,dry,0,6,4,1,0,1,0,0,0,3,slightly_injured
2018,1,Tue,3,52.5270502,13.45864429,evening,18,daylight,0,dry,0,5,2,1,1,0,0,0,0,3,slightly_injured
2018,1,Wed,4,52.52846321,13.39346604,morning,7,dusk,1,wet,1,6,7,1,0,1,0,0,0,3,slightly_injured
2018,1,Tue,3,52.50724862,13.27639334,evening,18,dark,2,dry,0,2,6,0,1,0,1,0,0,3,slightly_injured
2018,1,Tue,3,52.49426187,13.36090491,afternoon,17,daylight,0,dry,0,6,2,0,1,1,0,0,0,3,slightly_injured
2018,1,Wed,4,52.42879171,13.52666313,morning,7,dusk,1,wet,1,5,2,0,1,0,0,0,1,3,slightly_injured
2018,1,Tue,3,52.4650004,13.32670118,afternoon,17,dark,2,dry,0,6,7,0,1,1,0,0,0,3,slightly_injured
2018,1,Wed,4,52.57528225,13.31327067,afternoon,15,daylight,0,dry,0,6,4,0,1,1,0,0,0,3,slightly_injured
2018,1,Mon,2,52.53303735,13.32962167,evening,19,dark,2,wet,1,5,7,0,1,0,0,0,0,3,slightly_injured
2018,1,Wed,4,52.5450361,13.23962125,afternoon,16,daylight,0,dry,0,6,4,0,1,1,0,0,0,3,slightly_injured
2018,1,Wed,4,52.48790426,13.60544024,afternoon,16,dusk,1,wet,1,5,3,1,0,0,0,0,1,2,seriously_injured
2018,1,Mon,2,52.44940083,13.33813069,evening,18,dark,2,wet,1,1,7,0,1,0,0,0,0,3,slightly_injured
2018,1,Wed,4,52.62593246,13.49566998,afternoon,16,dusk,1,dry,0,6,4,0,1,1,0,0,0,2,seriously_injured
2018,1,Mon,2,52.50890843,13.32058409,morning,9,daylight,0,dry,0,3,6,1,1,0,0,0,0,3,slightly_injured
2018,1,Mon,2,52.54551733,13.46092048,afternoon,16,daylight,0,wet,1,0,6,1,1,0,0,0,0,3,slightly_injured
2018,1,Wed,4,52.5162029,13.4425859,afternoon,17,dark,2,wet,1,6,4,0,1,1,0,0,0,2,seriously_injured
2018,1,Mon,2,52.50405336,13.17994569,evening,21,dark,2,wet,1,1,5,0,1,0,0,0,1,3,slightly_injured
2018,1,Wed,4,52.42077918,13.42767772,afternoon,13,daylight,0,wet,1,0,2,0,1,0,1,0,0,3,slightly_injured
2018,1,Mon,2,52.51579414,13.42688652,evening,20,dark,2,wet,1,5,3,0,1,0,0,0,1,3,slightly_injured
2018,1,Mon,2,52.49200574,13.37085529,evening,19,dark,2,wet,1,6,4,0,0,1,0,0,1,3,slightly_injured
2018,1,Wed,4,52.50416884,13.34432679,evening,18,dark,2,dry,0,5,3,1,1,0,0,0,0,3,slightly_injured
2018,1,Mon,2,52.57811718,13.29792444,evening,19,dark,2,wet,1,5,2,0,1,0,0,0,0,3,slightly_injured
2018,1,Wed,4,52.45016045,13.5731884,afternoon,12,daylight,0,dry,0,5,7,0,1,0,0,0,1,3,slightly_injured
2018,1,Mon,2,52.52915379,13.39635477,evening,18,dark,2,wet,1,0,6,0,1,0,1,0,0,3,slightly_injured
2018,1,Wed,4,52.43759118,13.32335609,morning,11,daylight,0,wet,1,0,7,0,1,0,1,0,0,3,slightly_injured
2018,1,Wed,4,52.48186586,13.27196078,morning,11,daylight,0,wet,1,5,7,1,1,0,0,0,0,3,slightly_injured