ujahr,umonat,weekday,uwochentag,long,lat,time_of_day,ustunde,light_condition,ulichtverh,street_condition,ustrzustand,uart,utyp1,ist_rad,ist_pkw,ist_fuss,ist_krad,ist_gkfz,ist_sonstige,ukategorie,accident_outcome
2018,1,Mon,2,52.52576498,13.32143187,evening,18,dark,2,wet,1,6,4,0,1,1,0,0,0,3,slightly_injured
2018,1,Mon,2,52.55069784,13.39601365,afternoon,17,dark,2,wet,1,1,5,1,1,0,0,0,0,2,seriously_injured
2018,1,Wed,4,52.51444285,13.3846211,morning,9,daylight,0,wet,1,5,3,0,1,0,0,0,0,3,slightly_injured
2018,1,Mon,2,52.50555005,13.51132605,evening,22,dusk,1,wet,1,5,3,0,1,0,0,0,0,3,slightly_injured
2018,1,Wed,4,52.51487936,13.31483658,evening,18,dark,2,dry,0,2,6,0,1,0,0,0,0,3,slightly_injured
2018,1,Mon,2,52.51512536,13.40430279,morning,10,daylight,0,wet,1,3,7,1,1,0,0,0,0,3,slightly_injured
2018,1,Wed,4,52.42611794,13.25319095,morning,8,daylight,0,wet,1,2,6,0,1,0,0,0,0,3,slightly_injured
2018,1,Mon,2,52.51159299,13.29724843,afternoon,17,dark,2,wet,1,0,6,1,0,0,1,0,0,3,slightly_injured
2018,1,Wed,4,52.52319708,13.31336376,evening,18,dark,2,dry,0,5,2,1,1,0,0,0,0,3,slightly_injured
2018,1,Wed,4,52.44282518,13.58204028,morning,7,dusk,1,wet,1,6,2,0,1,1,0,0,0,2,seriously_injured
2018,1,Mon,2,52.56806492,13.43954308,afternoon,17,dark,2,wet,1,6,2,0,1,1,0,0,0,3,slightly_injured
2018,1,Wed,4,52.47664741,13.43330382,morning,7,dusk,1,wet,1,1,5,1,1,0,0,0,0,3,slightly_injured
2018,1,Mon,2,52.60448299,13.32640337,afternoon,17,dusk,1,wet,1,6,2,0,1,1,0,0,0,3,slightly_injured
2018,1,Mon,2,52.53408243,13.45261777,afternoon,16,dark,2,dry,0,2,6,0,1,0,0,0,0,3,slightly_injured
2018,1,Wed,4,52.51306079,13.28827199,morning,7,dusk,1,wet,1,6,2,0,1,1,0,0,0,3,slightly_injured
2018,1,Mon,2,52.53982346,13.18320385,afternoon,17,dark,2,wet,1,5,2,1,0,0,0,0,1,3,slightly_injured
2018,1,Wed,4,52.53491778,13.32815415,morning,7,dusk,1,wet,1,0,6,0,1,0,1,0,0,3,slightly_injured
2018,1,Mon,2,52.5566707,13.37243937,afternoon,17,dark,2,dry,0,2,6,0,1,0,0,0,1,2,seriously_injured
2018,1,Wed,4,52.53462499,13.5041264,night,5,dark,2,wet,1,0,1,0,1,0,1,0,0,3,slightly_injured
2018,1,Mon,2,52.53744293,13.29094205,afternoon,16,dark,2,wet,1,0,1,1,0,0,0,0,0,3,slightly_injured
2018,1,Mon,2,52.54509677,13.54944673,afternoon,15,daylight,0,dry,0,5,3,1,1,0,0,0,0,3,slightly_injured
2018,1,Wed,4,52.50422103,13.35958405,afternoon,13,daylight,0,wet,1,5,3,1,1,0,0,0,0,3,slightly_injured
2018,1,Mon,2,52.53180692,13.34327213,afternoon,14,daylight,0,dry,0,5,2,0,1,0,0,0,0,3,slightly_injured
2018,1,Tue,3,52.59527732,13.40121103,morning,6,dark,2,dry,0,0,5,0,1,0,0,0,0,2,seriously_injured
2018,1,Mon,2,52.53798462,13.5302615,afternoon,14,daylight,0,dry,0,3,6,0,1,0,0,1,0,2,seriously_injured
2018,1,Mon,2,52.52942778,13.37940891,afternoon,14,daylight,0,dry,0,5,2,1,0,0,0,0,1,3,slightly_injured
2018,1,Tue,3,52.49061513,13.34201312,evening,23,dark,2,wet,1,5,2,1,1,0,0,0,0,3,slightly_injured
2018,1,Mon,2,52.51181443,13.49182627,afternoon,14,daylight,0,dry,0,3,2,0,1,0,0,1,0,3,slightly_injured
2018,1,Tue,3,52.48848155,13.34060205,morning,7,daylight,0,dry,0,6,4,0,1,1,0,0,0,3,slightly_injured
2018,1,Tue,3,52.4320078,13.46055886,morning,9,daylight,0,wet,1,2,6,0,1,0,0,0,1,3,slightly_injured
2018,1,Mon,2,52.52878189,13.45774568,morning,9,daylight,0,wet,1,5,2,0,1,0,0,0,0,3,slightly_injured
2018,1,Tue,3,52.51878924,13.30640968,afternoon,12,daylight,0,dry,0,5,2,1,1,0,0,0,0,3,slightly_injured
2018,1,Tue,3,52.5379768,13.32626586,morning,10,daylight,0,dry,0,5,2,0,1,0,0,0,0,3,slightly_injured
2018,1,Mon,2,52.54996429,13.15275552,morning,7,daylight,0,wet,1,2,6,0,1,0,0,0,0,3,slightly_injured
2018,1,Mon,2,52.51038046,13.41884661,morning,9,daylight,0,wet,1,6,4,0,1,1,0,0,0,2,seriously_injured
2018,1,Tue,3,52.48040595,13.43896939,morning,9,daylight,0,dry,0,5,3,0,1,0,0,0,0,3,slightly_injured
2018,1,Mon,2,52.57793505,13.31542831,morning,9,daylight,0,wet,1,5,2,0,1,0,0,0,1,3,slightly_injured
2018,1,Tue,3,52.49760076,13.43139263,morning,7,daylight,0,wet,1,1,5,1,0,0,0,1,0,3,slightly_injured
2018,1,Tue,3,52.43054473,13.53561768,morning,7,dusk,1,wet,1,5,3,0,1,0,0,0,0,3,slightly_injured
2018,1,Tue,3,52.43843263,13.39790688,morning,10,daylight,0,dry,0,1,5,0,1,0,0,0,1,3,slightly_injured
2018,1,Mon,2,52.43577115,13.54093892,morning,8,daylight,0,dry,0,3,6,0,1,0,0,1,0,3,slightly_injured
2018,1,Tue,3,52.54024054,13.34699782,morning,6,dark,2,dry,0,6,4,0,1,1,0,0,0,3,slightly_injured
2018,1,Tue,3,52.57425068,13.35930017,morning,6,dark,2,wet,1,6,2,0,1,1,0,0,0,2,seriously_injured
2018,1,Mon,2,52.49814462,13.3188604,morning,8,daylight,0,wet,1,5,3,1,1,0,0,0,0,3,slightly_injured
2018,1,Tue,3,52.56711969,13.50031955,morning,10,daylight,0,wet,1,2,6,0,1,0,0,0,1,3,slightly_injured
2018,1,Tue,3,52.44693668,13.55902934,night,5,dark,2,wet,1,3,6,0,1,0,0,0,1,3,slightly_injured
2018,1,Mon,2,52.53170078,13.19737951,morning,7,daylight,0,wet,1,3,6,0,1,0,1,0,0,2,seriously_injured
2018,1,Tue,3,52.56424319,13.50749249,afternoon,17,dark,2,wet,1,5,2,1,1,0,0,0,0,3,slightly_injured
2018,1,Mon,2,52.42811637,13.55227789,morning,7,daylight,0,dry,0,2,6,0,1,0,0,0,1,3,slightly_injured
2018,1,Mon,2,52.52793349,13.36407343,morning,7,dusk,1,wet,1,5,3,1,1,0,0,0,0,3,slightly_injured
2018,1,Tue,3,52.51498331,13.44358353,evening,18,dark,2,wet,1,1,5,1,0,0,0,0,1,3,slightly_injured
2018,1,Mon,2,52.46436818,13.44349442,morning,7,daylight,0,dry,0,2,7,0,1,0,0,0,0,3,slightly_injured
2018,1,Tue,3,52.44868663,13.35706817,evening,18,dark,2,dry,0,6,4,0,1,1,0,0,0,2,seriously_injured
2018,1,Mon,2,52.46044846,13.27481429,morning,7,dusk,1,wet,1,5,2,1,1,0,0,0,0,3,slightly_injured
2018,1,Tue,3,52.41260123,13.39286001,afternoon,17,dark,2,dry,0,6,2,0,1,1,0,0,0,3,slightly_injured
2018,1,Mon,2,52.44055223,13.38145159,morning,7,dark,2,dry,0,5,2,1,1,0,0,0,0,3,slightly_injured
2018,1,Tue,3,52.53123071,13.45698155,afternoon,16,dusk,1,wet,1,5,3,1,1,0,0,0,0,3,slightly_injured
2018,1,Mon,2,52.567405,13.31444653,morning,7,dark,2,wet,1,6,4,0,1,1,0,0,0,3,slightly_injured
2018,1,Mon,2,52.49904563,13.42238084,morning,6,dusk,1,dry,0,6,4,0,1,1,0,0,0,3,slightly_injured
2018,1,Tue,3,52.53185847,13.62138872,afternoon,16,dusk,1,wet,1,6,4,0,1,1,0,0,0,3,slightly_injured
2018,1,Mon,2,52.5401465,13.17458507,morning,6,dark,2,wet,1,6,4,0,1,1,0,0,0,2,seriously_injured
2018,1,Sun,1,52.49511402,13.28515892,afternoon,12,daylight,0,wet,1,0,1,0,0,0,1,0,0,3,slightly_injured
2018,1,Tue,3,52.55148841,13.38373334,afternoon,16,daylight,0,wet,1,0,7,0,1,0,0,0,0,3,slightly_injured
2018,1,Sun,1,52.44462686,13.41249109,morning,10,daylight,0,dry,0,6,4,0,1,1,0,0,0,3,slightly_injured
2018,1,Tue,3,52.50206971,13.48675705,afternoon,15,daylight,0,wet,1,5,3,1,1,0,0,0,0,2,seriously_injured
2018,1,Sun,1,52.51496998,13.47817143,afternoon,17,dark,2,dry,0,2,7,1,1,0,0,0,0,3,slightly_injured
2018,1,Tue,3,52.48395924,13.37279951,afternoon,15,daylight,0,wet,1,1,5,1,1,0,0,0,0,3,slightly_injured
2018,1,Sun,1,52.49798075,13.43610508,afternoon,15,daylight,0,dry,0,6,4,0,0,1,0,0,1,3,slightly_injured
2018,1,Tue,3,52.52410992,13.35243189,afternoon,15,daylight,0,wet,1,6,2,0,1,1,0,0,0,3,slightly_injured
2018,1,Sun,1,52.53128223,13.4119391,afternoon,14,daylight,0,wet,1,5,2,1,1,0,0,0,0,3,slightly_injured
2018,1,Tue,3,52.50605478,13.42600828,morning,8,daylight,0,dry,0,5,2,1,1,0,0,0,0,3,slightly_injured
2018,1,Sun,1,52.5405422,13.18332011,afternoon,13,daylight,0,wet,1,6,4,0,1,1,0,0,0,2,seriously_injured
2018,1,Tue,3,52.5098398,13.42120721,afternoon,12,daylight,0,dry,0,0,2,1,0,0,0,0,1,3,slightly_injured
2018,1,Sun,1,52.45803056,13.49297888,evening,22,dark,2,wet,1,8,1,0,1,0,0,0,0,3,slightly_injured
2018,1,Tue,3,52.41367949,13.53719738,evening,20,dark,2,wet,1,1,5,0,1,0,0,0,0,3,slightly_injured
2018,1,Sun,1,52.53819246,13.37306431,morning,8,daylight,0,wet,1,2,6,0,1,0,0,0,0,3,slightly_injured
2018,1,Tue,3,52.4869859,13.27554661,morning,9,daylight,0,wet,1,1,5,1,0,0,0,1,0,1,killed
2018,1,Sun,1,52.46456327,13.43296883,evening,19,dark,2,wet,1,3,6,0,1,0,0,0,0,3,slightly_injured
2018,1,Mon,2,52.54191106,13.42916554,morning,11,daylight,0,dry,0,0,5,0,1,0,0,0,1,3,slightly_injured
2018,1,Sun,1,52.54935885,13.2269069,evening,19,dark,2,wet,1,6,4,0,0,1,0,0,1,3,slightly_injured
2018,1,Sun,1,52.49443343,13.32595262,evening,18,dark,2,wet,1,6,4,1,0,1,0,0,0,3,slightly_injured
2018,1,Mon,2,52.60212359,13.32479596,evening,19,dark,2,wet,1,5,2,0,1,0,0,0,0,3,slightly_injured
2018,1,Sun,1,52.5071582,13.33377125,evening,18,dark,2,dry,0,3,6,1,1,0,0,0,0,3,slightly_injured
2018,1,Mon,2,52.56029382,13.38755427,evening,19,dark,2,wet,1,0,7,0,0,0,1,0,0,3,slightly_injured
2018,1,Sat,7,52.51122801,13.38998888,afternoon,15,daylight,0,dry,0,6,4,0,0,1,0,0,1,3,slightly_injured
2018,1,Mon,2,52.55402311,13.40871062,evening,18,dark,2,wet,1,2,2,1,1,0,0,0,0,2,seriously_injured
2018,1,Mon,2,52.47011229,13.46452834,afternoon,16,daylight,0,dry,0,3,6,0,1,0,0,0,1,3,slightly_injured
2018,1,Sat,7,52.41465364,13.40190919,afternoon,14,daylight,0,dry,0,2,6,0,1,0,0,0,0,3,slightly_injured
2018,1,Mon,2,52.42497502,13.37765152,afternoon,13,daylight,0,dry,0,1,5,1,1,0,0,0,0,3,slightly_injured
2018,1,Sat,7,52.39878148,13.56548091,afternoon,14,daylight,0,dry,0,5,3,0,1,0,0,0,0,3,slightly_injured
2018,1,Sat,7,52.51259894,13.27665858,afternoon,13,daylight,0,dry,0,5,2,1,1,0,0,0,0,3,slightly_injured
2018,1,Mon,2,52.46828568,13.44189804,afternoon,13,daylight,0,dry,0,5,2,0,1,0,0,0,0,3,slightly_injured
2018,1,Sat,7,52.50956745,13.39183942,morning,11,daylight,0,dry,0,5,3,0,1,0,0,0,0,3,slightly_injured
2018,2,Fri,6,52.49154804,13.37652798,morning,9,daylight,0,dry,0,2,6,0,1,0,0,0,0,3,slightly_injured
2018,1,Mon,2,52.47153023,13.32910773,morning,11,daylight,0,wet,1,0,6,0,1,0,1,0,0,3,slightly_injured
2018,1,Sat,7,52.52566473,13.54012811,morning,7,dark,2,wet,1,5,2,1,1,0,0,0,0,3,slightly_injured
2018,2,Fri,6,52.48501237,13.37926346,morning,6,dusk,1,dry,0,9,1,0,0,0,1,0,0,3,slightly_injured
2018,1,Mon,2,52.45426088,13.39562763,morning,10,daylight,0,wet,1,5,3,0,1,0,0,0,0,3,slightly_injured
2018,1,Sat,7,52.5115024,13.4167193,night,2,dark,2,dry,0,6,4,0,1,1,0,0,0,3,slightly_injured
2018,2,Fri,6,52.51398745,13.62353886,morning,6,dusk,1,icy,2,0,1,1,0,0,0,0,0,3,slightly_injured
2018,2,Thu,5,52.50639472,13.28333252,afternoon,13,daylight,0,dry,0,0,6,1,0,0,0,0,1,3,slightly_injured
2018,1,Mon,2,52.48981211,13.38885406,morning,10,daylight,0,dry,0,6,4,1,0,1,0,0,0,3,slightly_injured
2018,2,Thu,5,52.49212839,13.39665605,morning,9,daylight,0,dry,0,5,7,1,1,0,0,0,0,3,slightly_injured
2018,1,Sat,7,52.5171432,13.44064752,afternoon,15,daylight,0,dry,0,2,2,0,1,0,0,0,0,3,slightly_injured
2018,2,Thu,5,52.44026244,13.29966732,morning,10,daylight,0,dry,0,6,7,1,0,1,0,0,0,2,seriously_injured
2018,1,Mon,2,52.46858782,13.38555919,morning,10,daylight,0,dry,0,5,2,0,1,0,0,0,0,3,slightly_injured
2018,1,Mon,2,52.51436726,13.44236587,morning,9,daylight,0,dry,0,2,7,1,0,0,0,0,1,3,slightly_injured
2018,1,Sat,7,52.55422615,13.34518521,morning,9,daylight,0,dry,0,5,3,0,1,0,0,0,0,3,slightly_injured
2018,2,Thu,5,52.5638426,13.45204052,morning,10,daylight,0,dry,0,5,3,1,0,0,0,0,0,2,seriously_injured
2018,1,Mon,2,52.50986039,13.35966184,morning,8,daylight,0,wet,1,2,6,0,1,0,0,0,1,3,slightly_injured
2018,1,Sat,7,52.56006545,13.45938729,afternoon,16,daylight,0,dry,0,8,1,0,1,0,0,0,0,3,slightly_injured
2018,1,Sat,7,52.4770196,13.44123361,evening,23,dark,2,dry,0,5,7,1,1,0,0,0,0,3,slightly_injured
2018,2,Thu,5,52.50037537,13.3099061,evening,19,dark,2,dry,0,2,6,0,1,0,0,0,0,3,slightly_injured
2018,1,Mon,2,52.58030736,13.44477614,morning,8,daylight,0,wet,1,9,1,0,1,0,0,0,0,2,seriously_injured
2018,2,Thu,5,52.54578353,13.3614571,evening,19,dark,2,dry,0,6,7,0,1,1,0,0,0,3,slightly_injured
2018,1,Mon,2,52.46431724,13.33896415,morning,7,dusk,1,wet,1,0,1,0,0,0,1,0,0,3,slightly_injured
2018,2,Thu,5,52.50368892,13.33108294,evening,19,dark,2,dry,0,2,6,1,1,0,0,0,0,3,slightly_injured
2018,1,Mon,2,52.52964251,13.43666078,morning,7,daylight,0,dry,0,0,3,1,0,0,0,0,0,2,seriously_injured
2018,2,Thu,5,52.52424545,13.37935437,afternoon,12,daylight,0,dry,0,6,4,0,0,1,0,0,1,3,slightly_injured
2018,1,Sat,7,52.43936327,13.55225334,evening,22,dark,2,dry,0,5,3,0,1,0,0,0,0,3,slightly_injured
2018,2,Thu,5,52.5097906,13.43638593,evening,19,dark,2,dry,0,5,7,1,1,0,0,0,0,3,slightly_injured
2018,1,Mon,2,52.43928627,13.26286846,morning,7,daylight,0,dry,0,5,3,0,1,0,0,0,0,3,slightly_injured
2018,1,Sat,7,52.55875583,13.38602865,evening,20,dark,2,wet,1,6,4,0,0,1,0,0,1,3,slightly_injured
2018,2,Thu,5,52.52689386,13.41532819,evening,18,dark,2,dry,0,5,2,1,1,0,0,0,0,3,slightly_injured
2018,1,Mon,2,52.4546678,13.14334849,morning,7,daylight,0,dry,0,5,2,1,1,0,0,0,0,3,slightly_injured
2018,1,Mon,2,52.5912288,13.38625975,morning,7,daylight,0,dry,0,6,4,0,1,1,0,0,0,2,seriously_injured
2018,1,Sat,7,52.42199402,13.51815802,evening,19,dark,2,wet,1,6,4,0,1,1,0,0,0,2,seriously_injured
2018,1,Sat,7,52.55873313,13.37122213,afternoon,17,dusk,1,dry,0,5,2,0,1,0,0,0,0,3,slightly_injured
2018,2,Thu,5,52.50409653,13.40770585,afternoon,17,dark,2,dry,0,6,4,0,1,1,0,0,0,2,seriously_injured
2018,1,Sun,1,52.50461596,13.41469483,evening,18,dark,2,dry,0,6,7,0,1,1,0,0,0,3,slightly_injured
2018,1,Fri,6,52.49122465,13.53325455,morning,11,daylight,0,dry,0,4,6,1,0,0,0,0,1,3,slightly_injured
2018,2,Thu,5,52.50437813,13.4113269,afternoon,17,dark,2,dry,0,2,6,0,1,0,0,0,0,3,slightly_injured
2018,1,Sun,1,52.49900173,13.41966574,night,3,dark,2,wet,1,6,4,0,1,1,0,0,0,2,seriously_injured
2018,2,Thu,5,52.53862398,13.37240316,morning,11,daylight,0,dry,0,6,4,0,1,1,0,0,0,3,slightly_injured
2018,1,Sun,1,52.55648447,13.48671107,night,4,dark,2,wet,1,5,7,0,1,0,0,0,1,2,seriously_injured
2018,2,Sat,7,52.49991873,13.36212389,evening,20,dark,2,dry,0,6,2,0,1,1,0,0,0,3,slightly_injured
2018,2,Wed,4,52.43031346,13.45570206,afternoon,17,dark,2,dry,0,2,6,0,1,0,0,0,0,3,slightly_injured
2018,2,Sat,7,52.56143825,13.38866996,evening,19,dark,2,dry,0,4,1,0,1,0,1,0,0,3,slightly_injured
2018,2,Tue,3,52.39598338,13.39772138,evening,18,dark,2,dry,0,6,2,0,1,1,0,0,0,2,seriously_injured
2018,2,Sat,7,52.44215491,13.38661779,evening,20,dark,2,dry,0,2,2,0,1,0,0,0,0,3,slightly_injured
2018,2,Sat,7,52.46711659,13.36991293,evening,18,dark,2,dry,0,2,6,0,1,0,0,0,0,3,slightly_injured
2018,2,Sat,7,52.53472762,13.50585217,afternoon,16,dusk,1,dry,0,6,4,0,1,1,0,0,0,3,slightly_injured
2018,2,Wed,4,52.57392133,13.40769829,morning,7,daylight,0,wet,1,5,2,1,1,0,0,0,0,3,slightly_injured
2018,2,Sat,7,52.50605996,13.41262908,afternoon,15,daylight,0,dry,0,2,2,0,1,0,1,0,0,3,slightly_injured
2018,2,Tue,3,52.51815266,13.49938772,morning,9,daylight,0,wet,1,5,3,0,1,0,0,0,0,3,slightly_injured
2018,2,Sat,7,52.59774976,13.35598838,afternoon,14,daylight,0,wet,1,6,7,0,1,1,0,0,0,3,slightly_injured
2018,2,Sat,7,52.53869177,13.20779462,afternoon,12,daylight,0,dry,0,2,6,0,1,0,0,0,0,3,slightly_injured
2018,2,Sat,7,52.44328974,13.30742305,night,1,dark,2,icy,2,4,6,1,0,0,0,0,1,3,slightly_injured
2018,2,Tue,3,52.49652101,13.31578161,afternoon,12,daylight,0,wet,1,5,2,1,1,0,0,0,0,3,slightly_injured
2018,2,Sat,7,52.462445,13.43451589,evening,19,dark,2,dry,0,6,4,0,1,1,0,0,0,1,killed
2018,2,Fri,6,52.52631297,13.34550232,morning,11,daylight,0,dry,0,5,7,1,1,0,0,0,0,3,slightly_injured
2018,2,Mon,2,52.52221904,13.40436787,morning,10,daylight,0,dry,0,6,7,1,0,1,0,0,0,3,slightly_injured
2018,2,Fri,6,52.56243109,13.3284439,evening,19,dark,2,dry,0,3,6,0,1,0,0,0,0,3,slightly_injured
2018,2,Mon,2,52.49662683,13.4052427,morning,6,dusk,1,wet,1,5,3,1,0,0,0,0,0,3,slightly_injured
2018,2,Fri,6,52.54641379,13.57228815,afternoon,17,dark,2,dry,0,2,2,0,1,0,0,0,0,3,slightly_injured
2018,2,Fri,6,52.43286445,13.5363705,afternoon,14,daylight,0,dry,0,5,2,0,1,0,0,0,0,3,slightly_injured
2018,2,Wed,4,52.49393952,13.29568537,morning,10,daylight,0,dry,0,2,6,0,1,0,0,0,0,3,slightly_injured
2018,2,Fri,6,52.50311759,13.27922873,afternoon,14,daylight,0,dry,0,2,6,0,1,0,0,0,0,3,slightly_injured
2018,2,Tue,3,52.50373937,13.44346372,morning,6,dusk,1,icy,2,0,1,0,0,0,1,0,0,3,slightly_injured
2018,2,Fri,6,52.42553422,13.48051172,afternoon,13,daylight,0,dry,0,2,6,0,1,0,0,0,1,3,slightly_injured
2018,2,Fri,6,52.49156098,13.37676016,afternoon,13,daylight,0,dry,0,5,2,0,1,0,0,0,0,3,slightly_injured
2018,2,Fri,6,52.52437441,13.39235345,afternoon,13,daylight,0,dry,0,6,4,0,1,1,0,0,0,3,slightly_injured
2018,2,Wed,4,52.53304552,13.2693054,evening,21,dark,2,icy,2,1,1,0,1,0,0,0,1,3,slightly_injured
2018,2,Fri,6,52.48807601,13.30072728,afternoon,12,daylight,0,dry,0,2,2,0,1,0,0,0,0,3,slightly_injured
2018,2,Fri,6,52.55111185,13.47671233,morning,11,daylight,0,dry,0,1,5,0,1,0,0,0,0,3,slightly_injured
2018,2,Tue,3,52.44580572,13.44460254,night,1,dark,2,wet,1,0,5,0,1,0,0,0,1,3,slightly_injured
2018,2,Fri,6,52.52512892,13.41368587,afternoon,15,daylight,0,dry,0,5,3,1,1,0,0,0,0,3,slightly_injured
2018,2,Fri,6,52.5463455,13.5159136,morning,7,dusk,1,dry,0,5,2,1,1,0,0,0,0,3,slightly_injured
2018,2,Wed,4,52.47896214,13.4379839,afternoon,13,daylight,0,dry,0,6,2,0,1,1,0,0,0,3,slightly_injured
2018,2,Fri,6,52.47722032,13.42401026,morning,7,dusk,1,dry,0,5,3,0,1,0,0,0,0,3,slightly_injured
2018,2,Mon,2,52.49662094,13.29267596,afternoon,14,daylight,0,dry,0,1,5,1,1,0,0,0,0,3,slightly_injured
2018,2,Fri,6,52.53249546,13.4036842,evening,22,dark,2,dry,0,0,1,1,0,0,0,0,0,2,seriously_injured
2018,2,Fri,6,52.50978816,13.43204419,evening,21,dark,2,icy,2,0,1,1,0,0,0,0,0,2,seriously_injured
2018,2,Wed,4,52.51633105,13.25736441,evening,19,dark,2,dry,0,6,4,0,1,1,0,0,0,3,slightly_injured
2018,2,Fri,6,52.55223761,13.42437108,evening,19,dark,2,dry,0,6,4,0,1,1,0,0,0,2,seriously_injured
2018,2,Tue,3,52.54209218,13.34950025,afternoon,14,daylight,0,dry,0,5,2,0,1,0,0,0,0,3,slightly_injured
2018,2,Fri,6,52.53415121,13.18368432,night,4,dark,2,dry,0,1,1,0,1,0,0,0,0,3,slightly_injured
2018,2,Fri,6,52.41838125,13.53742569,night,5,dark,2,dry,0,2,6,0,1,0,0,0,0,3,slightly_injured
2018,2,Mon,2,52.57491779,13.37835186,afternoon,16,dusk,1,wet,1,2,6,0,1,0,0,0,0,3,slightly_injured
2018,2,Fri,6,52.44155354,13.58479035,morning,6,dark,2,dry,0,2,6,1,1,0,0,0,0,3,slightly_injured
2018,2,Thu,5,52.50365221,13.39099968,afternoon,12,daylight,0,dry,0,6,7,0,1,1,0,0,0,3,slightly_injured
2018,2,Mon,2,52.57545871,13.5059357,afternoon,17,dusk,1,dry,0,5,3,0,1,0,1,0,0,3,slightly_injured
2018,2,Wed,4,52.45386111,13.43809182,afternoon,17,dark,2,dry,0,1,5,0,1,0,0,0,1,3,slightly_injured
2018,2,Thu,5,52.60744577,13.42448186,morning,9,daylight,0,dry,0,5,3,1,1,0,0,0,0,3,slightly_injured
2018,2,Tue,3,52.56359188,13.50573208,evening,19,dark,2,dry,0,6,4,0,1,1,0,0,0,3,slightly_injured
2018,2,Thu,5,52.53318005,13.40435098,morning,8,daylight,0,dry,0,5,3,1,1,0,0,0,0,3,slightly_injured
2018,2,Mon,2,52.39717464,13.53737952,morning,8,daylight,0,dry,0,6,4,0,0,1,0,0,1,3,slightly_injured
2018,2,Mon,2,52.5547237,13.43730943,morning,7,dusk,1,wet,1,5,2,1,1,0,0,0,0,3,slightly_injured
2018,2,Thu,5,52.54631248,13.34371454,morning,8,daylight,0,dry,0,5,2,0,1,0,0,0,0,3,slightly_injured
2018,2,Thu,5,52.50974432,13.30172882,morning,9,daylight,0,dry,0,5,3,0,1,0,0,0,0,2,seriously_injured
2018,2,Wed,4,52.59330215,13.45492454,morning,8,daylight,0,wet,1,2,7,0,1,0,0,0,0,3,slightly_injured
2018,2,Mon,2,52.5252294,13.17723469,afternoon,12,daylight,0,dry,0,5,3,1,1,0,0,0,0,3,slightly_injured
2018,2,Thu,5,52.51391612,13.41772943,morning,9,daylight,0,icy,2,0,1,1,0,0,0,0,0,3,slightly_injured
2018,2,Thu,5,52.49688524,13.34623113,afternoon,14,daylight,0,dry,0,3,6,0,1,0,0,0,0,3,slightly_injured
2018,2,Wed,4,52.51244707,13.58832764,afternoon,15,daylight,0,dry,0,6,4,0,1,1,0,0,0,2,seriously_injured
2018,2,Thu,5,52.48474071,13.32217411,afternoon,14,daylight,0,dry,0,0,6,0,1,0,0,0,1,3,slightly_injured
2018,2,Tue,3,52.50471064,13.34257553,morning,10,daylight,0,wet,1,1,5,0,1,0,0,0,0,3,slightly_injured
2018,2,Thu,5,52.51362453,13.52759912,afternoon,15,daylight,0,dry,0,1,5,0,1,0,0,0,1,3,slightly_injured
2018,2,Thu,5,52.54321637,13.49057607,afternoon,15,daylight,0,dry,0,5,3,1,1,0,0,0,0,3,slightly_injured
2018,2,Mon,2,52.41957067,13.39854039,morning,8,daylight,0,wet,1,5,2,1,1,0,0,0,0,3,slightly_injured
2018,2,Thu,5,52.5132213,13.42389258,evening,18,dark,2,dry,0,2,6,0,1,0,0,0,0,3,slightly_injured
2018,2,Thu,5,52.45233182,13.59319152,evening,18,dark,2,dry,0,0,3,0,1,0,0,0,1,3,slightly_injured
2018,2,Thu,5,52.50923915,13.38836308,evening,18,dark,2,dry,0,0,3,0,0,0,1,0,1,3,slightly_injured
2018,2,Wed,4,52.51198071,13.38662849,morning,10,daylight,0,wet,1,5,3,0,1,0,0,0,0,3,slightly_injured
2018,2,Thu,5,52.60135566,13.30492514,evening,19,dark,2,dry,0,1,5,0,0,0,1,0,1,2,seriously_injured
2018,2,Tue,3,52.46895729,13.32792743,morning,6,dusk,1,wet,1,1,5,1,1,0,0,0,0,3,slightly_injured
2018,2,Thu,5,52.4182162,13.4170089,evening,20,dark,2,dry,0,6,2,0,1,1,0,0,0,3,slightly_injured
2018,2,Thu,5,52.47078519,13.30797754,evening,20,dark,2,dry,0,1,5,0,1,0,0,0,0,3,slightly_injured
2018,2,Tue,3,52.5287797,13.52332593,morning,7,daylight,0,icy,2,2,6,0,1,0,0,0,0,3,slightly_injured
2018,2,Thu,5,52.45131752,13.48836999,evening,23,dark,2,dry,0,5,2,1,1,0,0,0,0,3,slightly_injured
2018,2,Wed,4,52.50196846,13.33808864,evening,21,dark,2,dry,0,6,7,0,1,1,0,0,0,3,slightly_injured
2018,2,Wed,4,52.51598733,13.31047252,evening,19,dark,2,dry,0,2,6,1,1,0,0,0,0,3,slightly_injured
2018,2,Thu,5,52.53739988,13.40849911,evening,23,dark,2,wet,1,4,4,1,1,1,0,0,0,2,seriously_injured
2018,2,Fri,6,52.51260178,13.19720825,evening,18,dark,2,wet,1,6,7,0,1,1,0,0,0,2,seriously_injured
2018,2,Wed,4,52.50003432,13.40787554,evening,18,dark,2,dry,0,5,3,1,1,0,0,0,0,3,slightly_injured