ujahr,umonat,weekday,uwochentag,long,lat,time_of_day,ustunde,light_condition,ulichtverh,street_condition,ustrzustand,uart,utyp1,ist_rad,ist_pkw,ist_fuss,ist_krad,ist_gkfz,ist_sonstige,ukategorie,accident_outcome
2018,2,Wed,4,52.43864842,13.57150655,morning,10,daylight,0,dry,0,0,1,0,0,0,1,0,0,2,seriously_injured
2018,2,Wed,4,52.58882469,13.28432994,morning,8,daylight,0,dry,0,1,5,0,1,0,0,0,0,3,slightly_injured
2018,2,Mon,2,52.49017351,13.42760051,afternoon,16,daylight,0,dry,0,5,3,0,1,0,0,0,0,3,slightly_injured
2018,2,Mon,2,52.56045681,13.37992007,afternoon,17,dark,2,wet,1,2,6,0,1,0,0,0,0,3,slightly_injured
2018,2,Mon,2,52.45777578,13.57864083,afternoon,15,daylight,0,dry,0,6,4,0,1,1,0,0,0,3,slightly_injured
2018,2,Wed,4,52.46477897,13.51352717,afternoon,17,dusk,1,dry,0,5,2,1,1,0,0,0,0,2,seriously_injured
2018,2,Wed,4,52.53841328,13.20073996,afternoon,16,daylight,0,dry,0,2,6,0,0,0,0,0,1,3,slightly_injured
2018,2,Wed,4,52.46394729,13.40844183,evening,18,dark,2,wet,1,0,5,0,1,0,1,0,0,3,slightly_injured
2018,2,Wed,4,52.49179129,13.40145623,afternoon,16,daylight,0,dry,0,6,4,0,1,1,0,0,0,2,seriously_injured
2018,2,Wed,4,52.52481004,13.33491419,afternoon,16,daylight,0,dry,0,5,3,0,1,0,0,0,0,3,slightly_injured
2018,2,Wed,4,52.52881674,13.40884842,afternoon,16,daylight,0,dry,0,3,6,1,1,0,0,0,0,3,slightly_injured
2018,2,Wed,4,52.55292656,13.15338684,afternoon,15,daylight,0,dry,0,5,7,0,1,0,0,0,0,3,slightly_injured
2018,2,Wed,4,52.5020843,13.42486153,afternoon,14,daylight,0,dry,0,5,7,0,1,0,0,0,0,3,slightly_injured
2018,2,Tue,3,52.47110705,13.45222733,night,5,dark,2,dry,0,6,4,0,0,1,0,0,1,3,slightly_injured
2018,2,Wed,4,52.51123208,13.31466039,afternoon,13,daylight,0,dry,0,2,6,0,1,0,0,0,1,2,seriously_injured
2018,2,Mon,2,52.442571,13.58272023,afternoon,16,daylight,0,dry,0,2,6,0,1,0,0,0,0,3,slightly_injured
2018,2,Mon,2,52.55573081,13.38416731,afternoon,17,dark,2,wet,1,2,6,0,1,0,0,0,0,3,slightly_injured
2018,2,Wed,4,52.4145129,13.3922676,afternoon,12,daylight,0,dry,0,2,6,0,1,0,0,0,0,3,slightly_injured
2018,2,Wed,4,52.42264375,13.29956231,morning,11,daylight,0,dry,0,1,5,0,1,0,0,0,1,2,seriously_injured
2018,2,Mon,2,52.61811087,13.48770446,night,5,dark,2,wet,1,5,2,0,1,0,0,0,0,3,slightly_injured
2018,2,Wed,4,52.4303641,13.45582776,afternoon,16,daylight,0,dry,0,5,2,0,1,0,0,0,0,2,seriously_injured
2018,2,Wed,4,52.52511002,13.35123442,morning,9,daylight,0,wet,1,0,7,0,1,0,1,0,0,3,slightly_injured
2018,2,Tue,3,52.48016928,13.37586818,afternoon,12,daylight,0,dry,0,5,3,0,1,0,0,0,0,3,slightly_injured
2018,2,Mon,2,52.55541084,13.198164,evening,18,dark,2,dry,0,5,2,1,1,0,0,0,0,3,slightly_injured
2018,2,Wed,4,52.50352204,13.44442275,morning,9,daylight,0,dry,0,2,6,0,1,0,0,0,0,3,slightly_injured
2018,2,Wed,4,52.56733401,13.31474216,morning,8,daylight,0,dry,0,5,3,1,1,0,0,0,0,3,slightly_injured
2018,2,Tue,3,52.62020648,13.23761332,afternoon,15,daylight,0,dry,0,5,2,1,1,0,0,0,0,3,slightly_injured
2018,2,Tue,3,52.41774134,13.49581287,afternoon,13,daylight,0,dry,0,5,3,1,1,0,0,0,0,3,slightly_injured
2018,2,Mon,2,52.53474458,13.19975432,evening,18,dark,2,wet,1,6,4,0,1,1,0,0,0,2,seriously_injured
2018,2,Tue,3,52.52027023,13.18676726,afternoon,12,daylight,0,dry,0,0,6,0,1,0,0,0,0,3,slightly_injured
2018,2,Tue,3,52.55644503,13.37705549,afternoon,13,daylight,0,dry,0,0,2,0,1,0,0,0,1,2,seriously_injured
2018,2,Wed,4,52.55440871,13.34529486,morning,6,dark,2,dry,0,5,3,1,1,0,0,0,0,2,seriously_injured
2018,2,Tue,3,52.55451188,13.43168708,evening,20,dark,2,dry,0,5,2,1,0,0,0,0,1,3,slightly_injured
2018,2,Tue,3,52.48004484,13.525168,morning,9,daylight,0,dry,0,2,6,0,1,0,0,1,0,3,slightly_injured
2018,2,Mon,2,52.60538219,13.41728649,evening,18,dark,2,dry,0,5,3,1,1,0,0,0,0,3,slightly_injured
2018,2,Tue,3,52.48061206,13.42416682,afternoon,12,daylight,0,dry,0,2,6,0,1,0,0,0,0,3,slightly_injured
2018,2,Tue,3,52.55439472,13.34521828,evening,18,dark,2,dry,0,5,2,0,1,0,1,0,0,3,slightly_injured
2018,2,Mon,2,52.49942906,13.32474992,evening,18,dark,2,wet,1,5,7,0,1,0,0,0,0,3,slightly_injured
2018,2,Tue,3,52.42003994,13.39065673,evening,19,dark,2,dry,0,6,2,0,1,1,0,0,0,2,seriously_injured
2018,2,Fri,6,52.53922427,13.19801289,afternoon,17,dark,2,dry,0,5,2,1,1,0,0,0,0,3,slightly_injured
2018,2,Tue,3,52.52519642,13.41318791,evening,23,dark,2,dry,0,5,3,1,1,0,0,0,0,3,slightly_injured
2018,2,Tue,3,52.4999398,13.43619802,afternoon,16,daylight,0,dry,0,1,5,1,1,0,0,0,1,3,slightly_injured
2018,2,Tue,3,52.50703345,13.37929592,afternoon,15,daylight,0,dry,0,5,3,1,0,0,0,0,1,3,slightly_injured
2018,2,Tue,3,52.55249932,13.42737845,afternoon,14,daylight,0,dry,0,5,3,1,1,0,0,0,0,3,slightly_injured
2018,2,Wed,4,52.48350343,13.38453464,morning,9,daylight,0,dry,0,6,4,0,1,1,0,0,0,3,slightly_injured
2018,2,Tue,3,52.46459997,13.51348129,afternoon,13,daylight,0,dry,0,6,4,0,1,1,0,0,0,3,slightly_injured
2018,2,Tue,3,52.48401814,13.53203486,morning,7,daylight,0,icy,2,5,3,0,1,0,0,0,0,3,slightly_injured
2018,2,Mon,2,52.50430427,13.38716165,evening,19,dark,2,dry,0,1,5,1,1,0,0,0,1,3,slightly_injured
2018,2,Tue,3,52.53610703,13.60215157,morning,6,dusk,1,dry,0,5,3,1,1,0,0,0,0,3,slightly_injured
2018,2,Tue,3,52.52500691,13.55498111,afternoon,13,daylight,0,dry,0,1,5,1,1,0,0,0,0,2,seriously_injured
2018,2,Tue,3,52.59592862,13.33931633,afternoon,12,daylight,0,dry,0,2,6,0,1,0,0,0,0,3,slightly_injured
2018,2,Wed,4,52.55575613,13.38388434,morning,8,daylight,0,dry,0,6,4,1,0,1,0,0,0,2,seriously_injured
2018,2,Fri,6,52.55892156,13.46210846,morning,6,dark,2,dry,0,6,2,0,1,1,0,0,0,3,slightly_injured
2018,2,Tue,3,52.43548036,13.31330216,morning,10,daylight,0,dry,0,2,6,0,1,0,0,0,0,3,slightly_injured
2018,2,Tue,3,52.55546735,13.33527587,morning,7,daylight,0,dry,0,6,7,1,0,1,0,0,0,3,slightly_injured
2018,2,Tue,3,52.45799068,13.38718566,morning,10,daylight,0,dry,0,5,3,0,1,0,0,0,0,2,seriously_injured
2018,2,Mon,2,52.48665855,13.32404297,afternoon,16,dusk,1,wet,1,6,4,0,1,1,0,0,0,3,slightly_injured
2018,2,Wed,4,52.5009863,13.31495667,afternoon,12,daylight,0,dry,0,2,6,0,1,0,0,0,0,3,slightly_injured
2018,2,Tue,3,52.55241429,13.42740407,morning,9,daylight,0,dry,0,5,3,1,1,0,0,0,0,3,slightly_injured
2018,2,Mon,2,52.42900917,13.4601892,afternoon,15,daylight,0,dry,0,2,2,1,1,0,0,0,0,3,slightly_injured
2018,2,Mon,2,52.46510363,13.3282922,evening,19,dark,2,dry,0,6,4,0,1,1,0,0,0,3,slightly_injured
2018,2,Mon,2,52.52183142,13.38800636,evening,18,dark,2,wet,1,2,6,0,1,0,0,0,0,3,slightly_injured
2018,2,Mon,2,52.55250256,13.4321996,afternoon,16,daylight,0,dry,0,0,3,0,1,0,0,0,1,3,slightly_injured
2018,2,Wed,4,52.56208927,13.35393417,evening,19,dark,2,dry,0,5,2,0,1,0,0,0,0,3,slightly_injured
2018,2,Mon,2,52.55108469,13.16547345,evening,21,dark,2,dry,0,6,2,0,1,1,0,0,0,3,slightly_injured
2018,2,Mon,2,52.43993059,13.39209727,evening,18,dark,2,dry,0,6,2,0,1,1,0,0,0,3,slightly_injured
2018,2,Tue,3,52.53117915,13.19269251,afternoon,14,daylight,0,dry,0,6,4,0,1,1,0,0,0,3,slightly_injured
2018,2,Mon,2,52.53822463,13.49860116,evening,18,dark,2,dry,0,5,3,0,1,0,0,0,0,3,slightly_injured
2018,2,Mon,2,52.54304486,13.15782625,evening,20,dark,2,wet,1,5,2,0,1,0,0,0,0,3,slightly_injured
2018,2,Mon,2,52.49082272,13.3152486,afternoon,17,dark,2,dry,0,5,2,0,1,0,0,0,0,3,slightly_injured
2018,2,Mon,2,52.51972743,13.17353067,afternoon,17,dusk,1,dry,0,6,4,0,1,1,0,0,0,2,seriously_injured
2018,2,Mon,2,52.4498752,13.34655418,evening,20,dark,2,dry,0,6,4,0,1,1,0,0,0,3,slightly_injured
2018,2,Mon,2,52.62904434,13.43516611,afternoon,16,daylight,0,dry,0,5,3,1,1,0,0,0,0,3,slightly_injured
2018,2,Mon,2,52.51012005,13.29799737,afternoon,16,daylight,0,dry,0,5,7,1,1,0,0,0,0,3,slightly_injured
2018,2,Wed,4,52.51494604,13.42024043,afternoon,17,dusk,1,wet,1,5,3,0,1,0,0,0,0,3,slightly_injured
2018,2,Mon,2,52.60632553,13.42003343,afternoon,15,daylight,0,dry,0,6,4,0,1,1,0,0,0,3,slightly_injured
2018,2,Tue,3,52.47872665,13.33278589,afternoon,16,daylight,0,icy,2,5,2,1,1,0,0,0,0,2,seriously_injured
2018,2,Mon,2,52.56165263,13.38148872,evening,19,dark,2,icy,2,0,1,0,0,0,1,0,0,2,seriously_injured
2018,2,Mon,2,52.42214563,13.38463347,afternoon,15,daylight,0,dry,0,5,2,1,1,0,0,0,0,3,slightly_injured
2018,2,Sun,1,52.45847522,13.51323816,evening,22,dark,2,wet,1,1,7,0,1,0,0,0,0,3,slightly_injured
2018,2,Mon,2,52.49257064,13.29634356,afternoon,12,daylight,0,dry,0,5,3,0,1,0,0,0,0,3,slightly_injured
2018,2,Mon,2,52.4384714,13.34408129,afternoon,14,daylight,0,dry,0,6,4,1,0,1,0,0,0,3,slightly_injured
2018,2,Mon,2,52.44828293,13.36406309,morning,11,daylight,0,dry,0,0,3,1,0,0,0,0,1,3,slightly_injured
2018,2,Wed,4,52.49316058,13.33093491,morning,7,daylight,0,wet,1,5,2,0,1,0,0,0,0,3,slightly_injured
2018,2,Mon,2,52.59213449,13.32650466,afternoon,15,daylight,0,dry,0,5,2,1,0,0,0,1,0,2,seriously_injured
2018,2,Tue,3,52.48495096,13.28948476,morning,8,daylight,0,wet,1,6,4,0,1,1,0,0,0,3,slightly_injured
2018,2,Sun,1,52.43689642,13.56210838,evening,21,dark,2,wet,1,9,1,0,1,0,0,0,0,3,slightly_injured
2018,2,Wed,4,52.42941398,13.32180379,afternoon,15,daylight,0,dry,0,3,6,0,1,0,0,0,1,3,slightly_injured
2018,2,Mon,2,52.40993758,13.27368627,afternoon,15,daylight,0,dry,0,2,6,0,1,0,0,0,0,3,slightly_injured
2018,2,Tue,3,52.45983661,13.36651722,morning,11,daylight,0,dry,0,5,3,1,1,0,0,0,0,3,slightly_injured
2018,2,Sun,1,52.45569962,13.55434902,evening,21,dark,2,dry,0,5,2,0,1,0,0,0,1,3,slightly_injured
2018,2,Mon,2,52.48528245,13.28424185,afternoon,14,daylight,0,dry,0,5,3,0,1,0,0,0,0,2,seriously_injured
2018,2,Mon,2,52.42695519,13.44659452,afternoon,14,daylight,0,dry,0,0,7,0,1,0,0,0,0,3,slightly_injured
2018,2,Sun,1,52.55319653,13.3408932,evening,20,dark,2,wet,1,5,3,0,1,0,0,0,0,3,slightly_injured
2018,2,Mon,2,52.4634295,13.40315895,afternoon,13,daylight,0,dry,0,5,3,0,1,0,0,1,0,3,slightly_injured
2018,2,Mon,2,52.47266105,13.36676305,afternoon,12,daylight,0,dry,0,2,6,0,1,0,0,1,0,3,slightly_injured
2018,2,Mon,2,52.52551548,13.34164891,morning,11,daylight,0,dry,0,6,4,0,0,1,0,1,0,3,slightly_injured
2018,2,Wed,4,52.44612676,13.35888014,morning,10,daylight,0,dry,0,5,7,0,1,0,0,0,0,3,slightly_injured
2018,2,Mon,2,52.49439758,13.44073168,afternoon,15,daylight,0,dry,0,5,3,1,1,0,0,0,0,3,slightly_injured
2018,2,Mon,2,52.45153111,13.62479526,morning,10,daylight,0,dry,0,6,4,0,1,1,0,0,0,2,seriously_injured
2018,2,Tue,3,52.52396317,13.41168285,morning,6,daylight,0,icy,2,5,2,0,1,0,0,0,1,3,slightly_injured
2018,2,Sun,1,52.52379284,13.32973579,afternoon,17,dark,2,wet,1,5,2,0,1,0,1,0,0,3,slightly_injured
2018,2,Mon,2,52.46508273,13.44279205,morning,10,daylight,0,dry,0,5,2,0,1,0,0,0,0,3,slightly_injured
2018,2,Mon,2,52.49608514,13.40541597,morning,10,daylight,0,wet,1,5,3,1,1,0,0,0,0,3,slightly_injured
2018,2,Sun,1,52.49901199,13.41731954,afternoon,14,daylight,0,wet,1,0,1,1,0,0,0,0,0,3,slightly_injured
2018,2,Mon,2,52.54476306,13.56158996,morning,8,daylight,0,dry,0,2,6,0,1,0,0,0,0,3,slightly_injured
2018,2,Wed,4,52.49018721,13.42759806,evening,21,dark,2,wet,1,5,3,0,1,0,0,0,0,3,slightly_injured
2018,2,Mon,2,52.45000339,13.34684438,morning,6,dark,2,wet,1,5,2,0,1,0,0,0,1,3,slightly_injured
2018,2,Mon,2,52.53173012,13.19747417,morning,6,dark,2,wet,1,5,2,1,1,0,0,0,0,3,slightly_injured
2018,2,Mon,2,52.47020977,13.46437006,morning,6,dark,2,wet,1,6,2,0,1,1,0,0,0,3,slightly_injured
2018,2,Sun,1,52.47807559,13.60962998,afternoon,12,daylight,0,dry,0,5,3,0,1,0,0,0,0,3,slightly_injured
2018,2,Mon,2,52.49799432,13.39241925,morning,6,dark,2,icy,2,2,1,0,1,0,0,0,0,3,slightly_injured
2018,2,Thu,5,52.56180894,13.32605927,afternoon,12,daylight,0,dry,0,5,2,1,1,0,0,0,0,3,slightly_injured
2018,2,Fri,6,52.52057483,13.34140536,morning,7,dusk,1,wet,1,5,3,1,1,0,0,0,0,3,slightly_injured
2018,2,Mon,2,52.42676107,13.31355665,night,3,dark,2,wet,1,5,3,0,1,0,0,1,0,3,slightly_injured
2018,2,Wed,4,52.56806012,13.5181452,afternoon,14,daylight,0,dry,0,6,4,0,0,1,0,0,1,2,seriously_injured
2018,2,Mon,2,52.45028983,13.34432003,evening,18,dark,2,dry,0,6,4,0,0,1,0,0,1,1,killed
2018,2,Mon,2,52.48080983,13.44208654,evening,18,dark,2,wet,1,3,6,1,1,0,0,0,0,3,slightly_injured
2018,2,Sun,1,52.53835762,13.6201644,morning,11,daylight,0,wet,1,6,4,0,1,1,0,0,0,2,seriously_injured
2018,2,Sun,1,52.4579216,13.38705089,evening,22,dark,2,wet,1,5,3,0,1,0,0,0,0,3,slightly_injured
2018,2,Sun,1,52.52322856,13.499578,evening,18,dark,2,wet,1,0,3,0,0,0,1,0,1,3,slightly_injured
2018,2,Wed,4,52.52308024,13.4900994,afternoon,17,dark,2,dry,0,1,5,0,1,0,0,1,0,3,slightly_injured
2018,2,Sun,1,52.60616512,13.4202425,afternoon,17,dark,2,wet,1,6,2,0,1,1,0,0,0,3,slightly_injured
2018,2,Tue,3,52.57055684,13.39874534,afternoon,14,daylight,0,dry,0,6,4,0,1,1,0,0,0,3,slightly_injured
2018,2,Sun,1,52.50723805,13.38564228,afternoon,16,dark,2,wet,1,2,6,0,1,0,0,0,0,3,slightly_injured
2018,2,Tue,3,52.47213592,13.2933717,afternoon,16,daylight,0,dry,0,6,7,1,0,1,0,0,0,3,slightly_injured
2018,2,Sun,1,52.59996138,13.30194872,afternoon,16,dusk,1,wet,1,2,6,0,1,0,0,0,0,3,slightly_injured
2018,2,Mon,2,52.50791864,13.42688858,afternoon,16,dusk,1,dry,0,3,6,0,1,0,1,0,0,3,slightly_injured
2018,2,Sun,1,52.48032928,13.4430585,night,3,dark,2,wet,1,2,7,0,1,0,0,0,1,3,slightly_injured
2018,2,Sun,1,52.55551953,13.20745826,afternoon,14,daylight,0,dry,0,0,7,0,1,0,0,0,0,3,slightly_injured
2018,2,Sun,1,52.42310754,13.31334248,afternoon,14,daylight,0,dry,0,0,1,0,1,1,0,0,0,2,seriously_injured
2018,2,Mon,2,52.46880704,13.31983797,afternoon,17,dusk,1,wet,1,5,3,0,1,0,0,0,0,2,seriously_injured
2018,2,Wed,4,52.50927013,13.32576236,afternoon,17,dusk,1,dry,0,5,2,0,1,0,0,0,1,3,slightly_injured
2018,2,Sun,1,52.46820932,13.31132104,afternoon,13,daylight,0,dry,0,6,2,0,1,1,0,0,0,3,slightly_injured
2018,2,Tue,3,52.59511879,13.28537709,afternoon,15,daylight,0,dry,0,2,6,0,1,0,0,0,0,2,seriously_injured
2018,2,Sat,7,52.51470302,13.61222622,evening,22,dark,2,wet,1,9,1,0,1,0,0,0,0,3,slightly_injured
2018,2,Sun,1,52.48654317,13.3226917,morning,9,daylight,0,dry,0,5,2,1,1,0,0,0,0,3,slightly_injured
2018,2,Sat,7,52.52877387,13.12856485,evening,20,dark,2,dry,0,5,3,0,1,0,0,0,0,3,slightly_injured
2018,2,Sun,1,52.4926374,13.40191033,night,1,dark,2,dry,0,5,3,0,1,0,0,0,0,3,slightly_injured
2018,2,Sat,7,52.52882639,13.43044111,evening,19,dark,2,wet,1,6,2,0,1,1,0,0,0,3,slightly_injured
2018,2,Sat,7,52.49131837,13.41480997,evening,18,dark,2,dry,0,6,4,1,0,1,0,0,0,3,slightly_injured
2018,2,Sat,7,52.53101916,13.49705842,morning,11,daylight,0,dry,0,5,7,0,1,0,0,0,0,3,slightly_injured
2018,2,Wed,4,52.49976916,13.36264626,afternoon,14,daylight,0,dry,0,6,2,0,0,1,0,1,0,3,slightly_injured
2018,2,Sat,7,52.51708835,13.44063184,morning,11,daylight,0,dry,0,5,2,0,1,0,0,0,0,3,slightly_injured
2018,2,Tue,3,52.45255925,13.14481345,morning,8,daylight,0,dry,0,6,6,0,1,1,0,0,0,2,seriously_injured
2018,2,Sat,7,52.51425451,13.38483018,afternoon,12,daylight,0,wet,1,5,5,1,1,0,0,0,0,3,slightly_injured
2018,2,Sat,7,52.41437406,13.40071989,afternoon,13,daylight,0,dry,0,2,6,0,1,0,0,0,0,3,slightly_injured
2018,2,Sat,7,52.48775779,13.41798038,afternoon,16,dusk,1,dry,0,2,7,0,1,0,0,0,0,2,seriously_injured
2018,2,Fri,6,52.48890416,13.45390985,morning,9,daylight,0,dry,0,5,2,1,0,0,0,1,0,3,slightly_injured
2018,2,Sat,7,52.54449936,13.2608368,afternoon,17,dusk,1,dry,0,1,5,0,1,0,1,0,0,2,seriously_injured
2018,2,Wed,4,52.50618812,13.32179002,morning,10,daylight,0,wet,1,2,6,0,1,0,0,0,1,3,slightly_injured
2018,2,Sat,7,52.42387211,13.57556509,evening,18,dark,2,wet,1,2,6,0,1,0,0,0,0,3,slightly_injured
2018,2,Sat,7,52.51115748,13.4012153,evening,18,dark,2,dry,0,5,2,1,1,0,0,0,0,3,slightly_injured
2018,2,Wed,4,52.46833788,13.4308222,morning,8,daylight,0,wet,1,2,6,0,1,0,0,0,0,3,slightly_injured
2018,2,Sat,7,52.52495655,13.2454865,evening,18,dark,2,dry,0,2,6,0,1,0,0,0,0,3,slightly_injured
2018,2,Tue,3,52.51918535,13.6164686,morning,7,daylight,0,wet,1,5,3,0,1,0,0,0,0,3,slightly_injured
2018,2,Fri,6,52.5001681,13.41849217,afternoon,16,daylight,0,dry,0,1,5,1,1,0,0,0,0,3,slightly_injured
2018,2,Fri,6,52.53537029,13.42823723,evening,20,dusk,1,wet,1,0,7,1,1,0,0,0,0,3,slightly_injured
2018,2,Fri,6,52.56073541,13.15749456,afternoon,15,daylight,0,dry,0,5,3,0,1,0,0,0,0,3,slightly_injured
2018,2,Thu,5,52.51231223,13.48967547,evening,22,dark,2,wet,1,5,3,1,1,0,0,0,0,2,seriously_injured
2018,2,Fri,6,52.4397025,13.34313193,evening,18,dark,2,wet,1,5,3,0,1,0,0,0,0,3,slightly_injured
2018,2,Fri,6,52.48312208,13.43145932,afternoon,13,daylight,0,dry,0,5,2,0,0,0,1,0,1,3,slightly_injured
2018,2,Tue,3,52.53373311,13.42062828,afternoon,14,daylight,0,wet,1,6,4,0,1,1,0,0,0,3,slightly_injured
2018,2,Fri,6,52.5448976,13.20763398,morning,11,daylight,0,dry,0,6,4,0,1,1,0,0,0,3,slightly_injured
2018,2,Mon,2,52.48608604,13.5740938,afternoon,16,daylight,0,dry,0,5,3,0,1,0,0,0,0,3,slightly_injured
2018,2,Mon,2,52.54996982,13.5727122,afternoon,12,daylight,0,dry,0,2,6,0,1,0,0,0,0,3,slightly_injured
2018,2,Fri,6,52.46814751,13.44602164,morning,11,daylight,0,dry,0,6,4,0,1,1,0,0,0,3,slightly_injured
2018,2,Mon,2,52.59673732,13.35710401,evening,19,dark,2,wet,1,2,6,0,1,0,0,0,0,3,slightly_injured
2018,2,Fri,6,52.48258168,13.60135565,morning,10,daylight,0,dry,0,5,3,0,1,0,0,0,1,3,slightly_injured
2018,2,Fri,6,52.53403208,13.46767662,evening,20,dark,2,dry,0,6,4,0,1,1,0,0,0,3,slightly_injured
2018,2,Wed,4,52.48392842,13.39465534,night,0,dark,2,dry,0,0,1,1,0,0,0,0,0,3,slightly_injured
2018,2,Fri,6,52.5326899,13.51907753,morning,9,daylight,0,dry,0,5,2,1,0,0,0,0,1,3,slightly_injured
2018,2,Fri,6,52.49525009,13.36608117,evening,19,dark,2,wet,1,5,3,1,1,0,0,0,0,3,slightly_injured
2018,2,Tue,3,52.5062318,13.31373013,afternoon,15,daylight,0,wet,1,6,2,0,1,1,0,0,0,3,slightly_injured
2018,2,Fri,6,52.52624502,13.34294555,evening,19,dark,2,wet,1,5,2,1,1,0,0,0,0,3,slightly_injured
2018,2,Fri,6,52.53063102,13.29559348,morning,8,daylight,0,wet,1,2,6,0,1,0,0,0,1,3,slightly_injured
2018,2,Mon,2,52.46972858,13.45346868,afternoon,16,dusk,1,dry,0,2,6,0,1,0,0,0,0,3,slightly_injured
2018,2,Wed,4,52.52917899,13.56640974,afternoon,16,daylight,0,dry,0,5,3,1,1,0,0,0,0,3,slightly_injured
2018,2,Fri,6,52.50094017,13.41153678,morning,9,daylight,0,dry,0,5,3,1,1,0,0,0,0,3,slightly_injured
2018,2,Thu,5,52.53865571,13.48121141,afternoon,15,daylight,0,dry,0,0,2,1,0,0,0,0,1,3,slightly_injured
2018,2,Mon,2,52.59012702,13.36586335,morning,10,daylight,0,wet,1,1,7,0,1,0,0,0,0,2,seriously_injured
2018,2,Thu,5,52.46504727,13.44282181,afternoon,16,daylight,0,dry,0,5,2,1,1,0,0,0,0,3,slightly_injured
2018,2,Mon,2,52.46441555,13.51923941,morning,6,daylight,0,icy,2,5,3,0,1,0,0,0,0,2,seriously_injured
2018,2,Thu,5,52.52877346,13.5695486,afternoon,17,dusk,1,dry,0,5,3,1,1,0,0,0,0,3,slightly_injured
2018,2,Sat,7,52.55196992,13.36570376,afternoon,16,daylight,0,dry,0,5,3,0,1,0,0,0,0,3,slightly_injured
2018,2,Thu,5,52.48136402,13.3665959,evening,19,dark,2,dry,0,2,6,0,1,0,0,0,0,3,slightly_injured
2018,2,Fri,6,52.55433505,13.43640702,afternoon,14,daylight,0,dry,0,6,4,0,1,1,0,0,0,2,seriously_injured
2018,2,Wed,4,52.55204734,13.43114464,afternoon,16,daylight,0,dry,0,1,6,0,1,0,0,0,0,3,slightly_injured
2018,2,Wed,4,52.5252689,13.39173752,afternoon,14,daylight,0,dry,0,5,7,0,1,0,0,0,1,3,slightly_injured
2018,2,Wed,4,52.51486088,13.30667733,morning,8,daylight,0,dry,0,2,6,1,0,0,0,0,0,3,slightly_injured
2018,2,Mon,2,52.42397089,13.3329848,morning,8,daylight,0,icy,2,5,3,1,1,0,0,0,0,3,slightly_injured
2018,2,Wed,4,52.56849369,13.34680999,afternoon,15,daylight,0,dry,0,5,2,0,1,0,0,0,0,3,slightly_injured
2018,2,Sat,7,52.52589325,13.52198588,afternoon,12,daylight,0,dry,0,5,2,0,1,0,0,0,1,2,seriously_injured
2018,2,Wed,4,52.5184035,13.45245523,afternoon,14,daylight,0,dry,0,5,2,1,1,0,0,0,0,3,slightly_injured
2018,2,Wed,4,52.53958571,13.60405066,afternoon,16,daylight,0,dry,0,6,4,0,1,1,0,0,0,3,slightly_injured
2018,2,Wed,4,52.47975174,13.44389691,evening,22,dark,2,dry,0,6,4,0,1,1,0,0,0,2,seriously_injured
2018,2,Sat,7,52.37734675,13.64277184,afternoon,17,dusk,1,dry,0,8,1,0,1,0,0,0,0,3,slightly_injured
2018,2,Wed,4,52.48853891,13.41101985,evening,19,dark,2,dry,0,2,6,0,1,0,0,0,0,3,slightly_injured
2018,2,Fri,6,52.51031578,13.38990261,evening,23,dark,2,dry,0,2,6,0,1,0,0,0,0,3,slightly_injured
2018,2,Wed,4,52.53898498,13.20691993,evening,19,dark,2,dry,0,2,6,0,1,0,0,0,0,3,slightly_injured
2018,2,Thu,5,52.50825122,13.3281421,afternoon,13,daylight,0,dry,0,5,2,1,1,0,0,0,0,3,slightly_injured
2018,2,Wed,4,52.53901946,13.23149895,morning,7,daylight,0,dry,0,2,6,0,1,0,0,0,0,3,slightly_injured
2018,2,Tue,3,52.47868779,13.3438728,afternoon,13,daylight,0,dry,0,6,2,0,1,1,0,0,0,3,slightly_injured
2018,2,Wed,4,52.46961952,13.55330314,morning,8,daylight,0,dry,0,5,3,0,1,0,1,0,0,2,seriously_injured
2018,2,Wed,4,52.49762108,13.48400451,morning,9,daylight,0,dry,0,2,6,0,1,0,1,0,0,3,slightly_injured
2018,2,Sun,1,52.49999055,13.46590893,afternoon,13,daylight,0,dry,0,5,2,1,1,0,0,0,0,3,slightly_injured
2018,2,Wed,4,52.44042843,13.45909037,morning,6,dusk,1,dry,0,5,3,1,1,0,0,0,0,3,slightly_injured
2018,2,Fri,6,52.55609509,13.34808649,afternoon,14,daylight,0,dry,0,6,2,0,1,1,0,0,1,3,slightly_injured
2018,2,Wed,4,52.51906588,13.45462349,morning,11,daylight,0,dry,0,1,5,1,0,0,0,1,0,3,slightly_injured
2018,2,Wed,4,52.53048198,13.62179524,afternoon,12,daylight,0,dry,0,6,4,0,1,1,0,0,1,3,slightly_injured
2018,2,Wed,4,52.54476502,13.18434188,afternoon,17,dusk,1,dry,0,6,2,0,1,1,0,0,0,3,slightly_injured
2018,2,Tue,3,52.48833811,13.44919591,morning,7,daylight,0,dry,0,1,5,1,1,0,0,0,0,3,slightly_injured
2018,2,Wed,4,52.52900052,13.40307333,morning,9,daylight,0,dry,0,5,2,1,1,0,0,0,0,3,slightly_injured