ujahr,umonat,weekday,uwochentag,long,lat,time_of_day,ustunde,light_condition,ulichtverh,street_condition,ustrzustand,uart,utyp1,ist_rad,ist_pkw,ist_fuss,ist_krad,ist_gkfz,ist_sonstige,ukategorie,accident_outcome
2018,2,Mon,2,52.50158363,13.31943146,afternoon,15,daylight,0,dry,0,6,7,0,1,1,0,0,0,3,slightly_injured
2018,2,Wed,4,52.581532,13.41194226,afternoon,17,dark,2,dry,0,0,7,1,0,0,0,0,0,3,slightly_injured
2018,2,Tue,3,52.50786683,13.40447481,afternoon,15,daylight,0,dry,0,5,2,1,1,0,0,0,0,3,slightly_injured
2018,2,Wed,4,52.5114828,13.40714971,afternoon,16,daylight,0,dry,0,6,4,1,0,1,0,0,0,3,slightly_injured
2018,2,Wed,4,52.53920934,13.61987394,afternoon,16,daylight,0,dry,0,6,4,0,1,1,0,0,0,2,seriously_injured
2018,2,Sun,1,52.48912902,13.3447673,afternoon,14,daylight,0,dry,0,0,7,0,1,0,0,0,0,2,seriously_injured
2018,2,Wed,4,52.50643012,13.46975322,afternoon,14,daylight,0,dry,0,2,6,1,0,0,0,0,0,3,slightly_injured
2018,2,Fri,6,52.49375457,13.36530207,afternoon,13,daylight,0,dry,0,6,7,0,1,1,0,0,0,3,slightly_injured
2018,2,Wed,4,52.46742205,13.44035174,afternoon,14,daylight,0,dry,0,2,6,1,1,0,0,0,0,3,slightly_injured
2018,2,Tue,3,52.43698722,13.44753962,afternoon,12,daylight,0,dry,0,0,2,0,0,0,0,0,1,3,slightly_injured
2018,2,Wed,4,52.52772075,13.23251987,afternoon,14,daylight,0,dry,0,6,2,0,1,1,0,0,0,3,slightly_injured
2018,2,Mon,2,52.50357512,13.47265739,afternoon,14,daylight,0,dry,0,2,6,0,1,0,0,0,0,3,slightly_injured
2018,2,Wed,4,52.51563111,13.38908692,afternoon,14,daylight,0,dry,0,2,7,0,1,0,0,0,0,3,slightly_injured
2018,2,Sat,7,52.48461553,13.56017821,afternoon,15,daylight,0,dry,0,2,6,0,1,0,0,0,0,3,slightly_injured
2018,2,Wed,4,52.47786185,13.44770642,afternoon,13,daylight,0,dry,0,2,6,0,1,0,0,0,0,3,slightly_injured
2018,2,Sun,1,52.54092359,13.27978069,afternoon,15,daylight,0,dry,0,5,3,0,1,0,0,0,0,3,slightly_injured
2018,2,Wed,4,52.47542269,13.33262602,morning,11,daylight,0,dry,0,5,3,1,1,0,0,0,0,2,seriously_injured
2018,2,Fri,6,52.46035161,13.30410234,morning,10,daylight,0,dry,0,2,2,0,0,0,0,1,1,3,slightly_injured
2018,2,Wed,4,52.54572919,13.31967114,night,5,dark,2,dry,0,2,2,0,1,0,0,0,0,3,slightly_injured
2018,2,Tue,3,52.53394647,13.17926765,afternoon,15,daylight,0,dry,0,2,2,0,1,0,0,0,0,3,slightly_injured
2018,2,Thu,5,52.48050533,13.31285032,afternoon,12,daylight,0,dry,0,2,2,0,1,0,0,0,0,3,slightly_injured
2018,2,Mon,2,52.43017243,13.47761805,afternoon,17,dusk,1,dry,0,5,3,1,1,0,0,0,0,3,slightly_injured
2018,2,Tue,3,52.45871224,13.33929683,evening,20,dark,2,dry,0,5,2,0,1,0,0,0,0,3,slightly_injured
2018,2,Mon,2,52.49436438,13.38377516,morning,10,daylight,0,dry,0,0,6,0,1,0,1,0,0,3,slightly_injured
2018,2,Tue,3,52.50604234,13.31711322,afternoon,14,daylight,0,dry,0,0,5,0,1,0,0,0,1,3,slightly_injured
2018,2,Sat,7,52.46418721,13.44367319,afternoon,16,daylight,0,dry,0,5,5,0,1,0,0,0,0,3,slightly_injured
2018,2,Fri,6,52.50697255,13.39819677,evening,22,dark,2,dry,0,2,6,0,1,0,0,0,0,2,seriously_injured
2018,2,Thu,5,52.51390039,13.35063644,morning,11,daylight,0,dry,0,5,3,0,1,0,0,0,0,3,slightly_injured
2018,2,Tue,3,52.47468256,13.36184155,afternoon,13,daylight,0,dry,0,5,2,1,0,0,0,0,1,3,slightly_injured
2018,2,Tue,3,52.47368658,13.42799282,evening,18,dark,2,dry,0,2,6,0,1,0,0,0,0,3,slightly_injured
2018,2,Tue,3,52.52241559,13.48561051,afternoon,14,daylight,0,dry,0,5,3,0,1,0,0,0,0,3,slightly_injured
2018,2,Fri,6,52.55134883,13.43017155,afternoon,17,dark,2,dry,0,5,3,0,1,0,0,0,0,3,slightly_injured
2018,2,Tue,3,52.47776666,13.42731022,afternoon,15,daylight,0,dry,0,2,6,0,1,0,0,0,0,3,slightly_injured
2018,2,Fri,6,52.44346343,13.29616592,night,1,dark,2,dry,0,2,7,0,1,0,0,0,0,3,slightly_injured
2018,2,Wed,4,52.50901168,13.18014816,afternoon,16,daylight,0,dry,0,0,6,0,1,0,0,0,1,3,slightly_injured
2018,2,Tue,3,52.41507711,13.26614775,evening,21,dark,2,dry,0,6,4,0,1,1,0,0,0,3,slightly_injured
2018,2,Tue,3,52.50084743,13.46645002,evening,18,dark,2,dry,0,0,6,0,1,0,0,0,1,3,slightly_injured
2018,2,Mon,2,52.5197381,13.19404587,morning,9,daylight,0,dry,0,1,5,1,1,0,0,0,0,3,slightly_injured
2018,2,Tue,3,52.55217104,13.15991481,evening,18,dark,2,dry,0,1,5,0,1,0,0,0,1,3,slightly_injured
2018,2,Sat,7,52.52475109,13.44239901,afternoon,13,daylight,0,dry,0,2,2,0,1,0,0,0,0,3,slightly_injured
2018,2,Tue,3,52.52025451,13.3466236,afternoon,17,dusk,1,dry,0,5,5,0,1,0,1,0,0,3,slightly_injured
2018,2,Thu,5,52.59540853,13.33280777,afternoon,14,daylight,0,dry,0,5,2,1,1,0,0,0,0,3,slightly_injured
2018,2,Tue,3,52.5182434,13.30937287,afternoon,17,dusk,1,dry,0,6,4,0,0,1,1,0,0,3,slightly_injured
2018,2,Tue,3,52.43320419,13.25144695,afternoon,16,daylight,0,dry,0,5,3,0,1,0,0,0,0,3,slightly_injured
2018,2,Tue,3,52.53892787,13.39914169,evening,18,dark,2,dry,0,5,3,1,1,0,0,0,0,3,slightly_injured
2018,2,Tue,3,52.44483873,13.56853942,afternoon,13,daylight,0,dry,0,6,4,0,0,1,0,0,1,2,seriously_injured
2018,2,Tue,3,52.52881583,13.40972558,morning,11,daylight,0,dry,0,2,6,0,1,0,0,0,0,3,slightly_injured
2018,2,Sun,1,52.43522879,13.2062485,afternoon,12,daylight,0,dry,0,5,3,0,1,0,0,0,0,3,slightly_injured
2018,2,Tue,3,52.59087004,13.32575904,morning,10,daylight,0,dry,0,2,6,0,1,0,0,0,0,3,slightly_injured
2018,2,Tue,3,52.50378743,13.41028294,night,0,dark,2,dry,0,5,3,1,1,0,0,0,0,2,seriously_injured
2018,2,Mon,2,52.55811168,13.19424216,morning,7,daylight,0,wet,1,5,3,0,1,0,0,0,1,3,slightly_injured
2018,2,Tue,3,52.46966318,13.27832643,night,2,dark,2,dry,0,2,6,0,1,0,0,0,0,3,slightly_injured
2018,2,Sat,7,52.50566446,13.30690271,morning,9,daylight,0,dry,0,0,7,1,0,0,0,0,0,2,seriously_injured
2018,2,Tue,3,52.53630761,13.47315121,morning,6,dusk,1,dry,0,2,6,0,1,0,0,0,1,3,slightly_injured
2018,2,Tue,3,52.52604316,13.54403289,morning,7,daylight,0,dry,0,6,7,0,1,1,0,0,0,2,seriously_injured
2018,2,Tue,3,52.50319137,13.58098512,morning,8,daylight,0,dry,0,5,3,1,1,0,0,0,0,3,slightly_injured
2018,2,Tue,3,52.44308703,13.31560708,afternoon,14,daylight,0,dry,0,5,2,1,1,0,0,0,0,3,slightly_injured
2018,2,Tue,3,52.50155233,13.38208145,morning,9,daylight,0,dry,0,5,3,1,1,0,0,0,0,3,slightly_injured
2018,2,Tue,3,52.49245211,13.39092716,morning,10,daylight,0,dry,0,5,2,1,1,0,0,0,0,3,slightly_injured
2018,2,Sun,1,52.48634203,13.43049069,evening,19,dark,2,dry,0,6,4,0,1,1,0,0,0,3,slightly_injured
2018,2,Thu,5,52.46005943,13.48036562,morning,9,daylight,0,dry,0,2,6,0,1,0,0,0,0,3,slightly_injured
2018,2,Fri,6,52.46490777,13.43277133,evening,19,dark,2,dry,0,2,6,0,1,0,0,0,0,3,slightly_injured
2018,2,Tue,3,52.5008339,13.31498654,afternoon,12,daylight,0,dry,0,5,2,0,1,0,0,0,0,3,slightly_injured
2018,2,Fri,6,52.52685305,13.48533267,morning,11,daylight,0,dry,0,2,6,0,1,0,0,0,0,3,slightly_injured
2018,2,Mon,2,52.56894582,13.57242848,evening,19,dark,2,dry,0,0,5,0,1,0,0,0,1,3,slightly_injured
2018,2,Fri,6,52.55863479,13.33732466,afternoon,15,daylight,0,dry,0,5,2,0,1,0,0,0,0,3,slightly_injured
2018,2,Mon,2,52.52085389,13.41524786,night,2,dark,2,dry,0,9,1,0,1,1,0,0,0,2,seriously_injured
2018,2,Mon,2,52.53466548,13.49966872,evening,20,dark,2,dry,0,6,7,0,1,1,0,0,0,3,slightly_injured
2018,2,Mon,2,52.50378559,13.41028986,evening,20,dark,2,dry,0,5,3,1,1,0,0,0,0,3,slightly_injured
2018,2,Tue,3,52.42950617,13.46506981,morning,9,daylight,0,dry,0,6,4,0,1,1,0,0,0,3,slightly_injured
2018,2,Mon,2,52.58200538,13.40929212,afternoon,17,dusk,1,dry,0,2,6,1,1,0,0,0,0,2,seriously_injured
2018,2,Mon,2,52.42603353,13.31773289,afternoon,14,daylight,0,dry,0,4,1,0,1,0,0,0,0,3,slightly_injured
2018,2,Mon,2,52.50428471,13.33593072,evening,18,dark,2,dry,0,3,6,1,1,0,0,0,0,3,slightly_injured
2018,2,Sun,1,52.49007279,13.41920842,night,2,dark,2,wet,1,5,7,0,1,0,0,0,0,3,slightly_injured
2018,2,Thu,5,52.5316664,13.41990863,afternoon,16,daylight,0,dry,0,0,2,1,1,0,0,0,0,3,slightly_injured
2018,2,Mon,2,52.62134858,13.48515869,afternoon,17,dusk,1,dry,0,2,7,0,1,0,0,0,1,3,slightly_injured
2018,2,Fri,6,52.46754525,13.3092444,night,3,dark,2,dry,0,5,3,0,1,0,0,0,0,3,slightly_injured
2018,2,Wed,4,52.53927823,13.15716364,evening,21,dark,2,dry,0,0,1,0,1,0,0,0,0,3,slightly_injured
2018,2,Mon,2,52.53494097,13.29603704,afternoon,16,daylight,0,dry,0,2,6,0,1,0,0,1,0,3,slightly_injured
2018,2,Thu,5,52.59751842,13.29654158,afternoon,14,daylight,0,dry,0,2,2,0,1,0,0,0,0,3,slightly_injured
2018,2,Mon,2,52.54151116,13.33523637,afternoon,16,daylight,0,dry,0,2,6,0,1,0,0,0,0,3,slightly_injured
2018,2,Mon,2,52.52476404,13.41021075,morning,8,daylight,0,dry,0,1,5,1,1,0,0,0,0,3,slightly_injured
2018,2,Thu,5,52.53827247,13.39602864,evening,23,dark,2,dry,0,5,2,0,1,0,0,0,0,2,seriously_injured
2018,2,Mon,2,52.49285128,13.38742538,afternoon,14,daylight,0,dry,0,5,3,1,0,0,0,0,1,3,slightly_injured
2018,2,Sat,7,52.50412794,13.32549959,evening,21,dark,2,dry,0,0,1,0,0,0,1,0,0,3,slightly_injured
2018,2,Mon,2,52.52435798,13.35128398,morning,9,daylight,0,dry,0,3,6,0,1,0,0,0,0,3,slightly_injured
2018,2,Mon,2,52.54802305,13.36158989,afternoon,14,daylight,0,dry,0,5,2,1,1,0,0,0,0,3,slightly_injured
2018,2,Mon,2,52.53340478,13.44335134,morning,6,dark,2,wet,1,5,3,0,1,0,0,0,0,3,slightly_injured
2018,2,Mon,2,52.44308767,13.315607,afternoon,14,daylight,0,dry,0,6,2,0,1,1,0,0,0,3,slightly_injured
2018,2,Sat,7,52.54950542,13.38640532,afternoon,16,daylight,0,dry,0,6,4,0,1,1,0,0,0,3,slightly_injured
2018,2,Thu,5,52.48177175,13.34829232,evening,20,dark,2,dry,0,5,7,0,1,0,0,0,0,3,slightly_injured
2018,2,Mon,2,52.55461575,13.39074783,afternoon,14,daylight,0,dry,0,1,5,0,1,0,0,0,1,3,slightly_injured
2018,2,Fri,6,52.56527137,13.57066557,afternoon,13,daylight,0,dry,0,6,4,0,1,1,0,0,0,3,slightly_injured
2018,2,Wed,4,52.53670734,13.26487703,afternoon,16,daylight,0,dry,0,5,7,0,1,0,0,0,0,3,slightly_injured
2018,2,Mon,2,52.58531481,13.2797946,afternoon,14,daylight,0,dry,0,5,3,0,1,0,0,0,0,3,slightly_injured
2018,2,Mon,2,52.55781204,13.5487417,afternoon,14,daylight,0,dry,0,5,3,1,1,0,0,0,0,2,seriously_injured
2018,2,Mon,2,52.5128165,13.28303647,morning,8,daylight,0,icy,2,2,6,0,1,0,0,0,0,3,slightly_injured
2018,2,Thu,5,52.52778882,13.19531367,morning,7,daylight,0,dry,0,6,2,0,1,1,0,0,0,3,slightly_injured
2018,2,Mon,2,52.51002145,13.46222031,morning,10,daylight,0,dry,0,5,3,0,1,0,0,0,0,3,slightly_injured
2018,2,Sat,7,52.54710589,13.37471153,afternoon,13,daylight,0,dry,0,1,5,1,1,0,0,0,0,3,slightly_injured
2018,2,Mon,2,52.49040601,13.31659085,morning,9,daylight,0,dry,0,5,5,1,1,0,0,0,0,3,slightly_injured
2018,2,Thu,5,52.57835693,13.30889415,morning,9,daylight,0,dry,0,6,7,0,1,1,0,0,0,3,slightly_injured
2018,2,Mon,2,52.55341257,13.43538877,morning,7,daylight,0,dry,0,6,7,0,1,1,0,0,0,3,slightly_injured
2018,2,Mon,2,52.46046481,13.43146359,morning,6,dark,2,dry,0,6,2,0,1,1,0,0,0,3,slightly_injured
2018,2,Tue,3,52.46012753,13.37562969,afternoon,16,daylight,0,dry,0,6,4,0,1,1,0,0,0,3,slightly_injured
2018,2,Mon,2,52.46364575,13.33584686,evening,20,dark,2,dry,0,1,5,1,1,0,0,0,0,3,slightly_injured
2018,2,Mon,2,52.52067156,13.47343464,afternoon,14,daylight,0,dry,0,5,3,1,1,0,0,0,0,2,seriously_injured
2018,2,Mon,2,52.43113112,13.32268904,afternoon,16,daylight,0,dry,0,5,3,1,1,0,0,0,0,2,seriously_injured
2018,2,Tue,3,52.55182211,13.43643764,afternoon,15,daylight,0,dry,0,5,3,0,1,0,0,0,0,3,slightly_injured
2018,2,Mon,2,52.46554576,13.48703072,evening,18,dark,2,dry,0,5,2,0,1,0,1,0,0,2,seriously_injured
2018,2,Mon,2,52.49889512,13.41864376,morning,10,daylight,0,dry,0,6,2,0,0,1,0,1,0,1,killed
2018,2,Sun,1,52.43313203,13.21582375,night,1,dark,2,wet,1,1,5,1,1,0,0,0,0,2,seriously_injured
2018,2,Thu,5,52.61691887,13.22063962,morning,8,daylight,0,dry,0,5,3,1,1,0,0,0,0,3,slightly_injured
2018,2,Sun,1,52.53125104,13.21794835,night,2,dark,2,dry,0,6,4,0,1,1,0,0,0,3,slightly_injured
2018,2,Sat,7,52.499127,13.42678104,night,0,dark,2,dry,0,0,1,1,0,0,0,0,0,3,slightly_injured
2018,2,Sun,1,52.46120297,13.43496395,evening,20,dark,2,dry,0,1,5,0,1,0,0,0,0,3,slightly_injured
2018,2,Sun,1,52.55357759,13.41465132,evening,18,dark,2,dry,0,2,6,0,1,0,0,0,0,3,slightly_injured
2018,2,Sun,1,52.50949971,13.51196503,afternoon,16,dusk,1,dry,0,6,4,0,1,1,0,0,0,2,seriously_injured
2018,2,Tue,3,52.42454283,13.43338742,night,5,dark,2,dry,0,5,3,0,1,0,1,0,1,2,seriously_injured
2018,2,Sun,1,52.61426662,13.46960502,afternoon,15,daylight,0,dry,0,6,4,0,1,1,0,0,0,3,slightly_injured
2018,2,Mon,2,52.53569686,13.19427218,afternoon,15,daylight,0,dry,0,2,6,0,1,0,0,0,1,3,slightly_injured
2018,2,Sun,1,52.41121722,13.33441637,morning,9,daylight,0,dry,0,5,3,1,1,0,0,0,0,2,seriously_injured
2018,2,Sun,1,52.52414452,13.38761834,afternoon,16,daylight,0,dry,0,2,6,0,1,0,0,0,0,3,slightly_injured
2018,2,Sun,1,52.48409959,13.40055899,morning,8,daylight,0,dry,0,6,7,0,0,1,0,0,1,3,slightly_injured
2018,2,Sun,1,52.52576726,13.30598714,afternoon,13,daylight,0,dry,0,5,2,0,1,0,0,0,0,2,seriously_injured
2018,2,Thu,5,52.55989984,13.42222861,morning,8,daylight,0,dry,0,5,3,0,1,0,0,0,0,3,slightly_injured
2018,2,Sun,1,52.50964534,13.46744266,morning,6,dark,2,dry,0,5,3,0,1,0,0,0,1,3,slightly_injured
2018,2,Fri,6,52.54340709,13.38661832,morning,6,dark,2,dry,0,0,2,0,1,0,1,0,0,3,slightly_injured
2018,2,Sun,1,52.60732647,13.42503641,night,2,dark,2,dry,0,0,1,1,0,0,0,0,0,3,slightly_injured
2018,2,Sun,1,52.512215,13.39149316,night,5,dark,2,dry,0,5,3,0,1,0,0,0,0,3,slightly_injured
2018,2,Tue,3,52.56419229,13.50735698,morning,10,daylight,0,dry,0,6,4,0,1,1,0,0,0,3,slightly_injured
2018,2,Sat,7,52.48015723,13.43627998,evening,20,dark,2,dry,0,6,7,0,1,1,0,0,0,3,slightly_injured
2018,2,Mon,2,52.43819655,13.30213952,afternoon,12,daylight,0,dry,0,5,3,0,1,0,0,0,0,3,slightly_injured
2018,2,Sat,7,52.45580802,13.38382465,night,0,dark,2,dry,0,2,3,0,1,0,0,0,0,3,slightly_injured
2018,2,Sat,7,52.44109301,13.4348348,afternoon,13,daylight,0,dry,0,2,6,0,1,0,0,0,0,3,slightly_injured
2018,2,Thu,5,52.56055576,13.47763277,night,5,dark,2,dry,0,5,3,1,1,0,0,0,0,3,slightly_injured
2018,2,Sat,7,52.53309599,13.47621843,afternoon,12,daylight,0,dry,0,5,2,0,1,0,0,0,0,2,seriously_injured
2018,2,Fri,6,52.5382778,13.39590861,morning,10,daylight,0,dry,0,5,3,0,1,0,0,0,0,2,seriously_injured
2018,2,Wed,4,52.50595453,13.32116919,evening,18,dark,2,dry,0,0,5,1,1,0,0,0,0,2,seriously_injured
2018,2,Sat,7,52.51346684,13.51910725,afternoon,12,daylight,0,dry,0,5,3,0,1,0,0,0,0,3,slightly_injured
2018,2,Thu,5,52.40056823,13.3565767,morning,6,dark,2,dry,0,0,5,0,1,0,0,0,0,3,slightly_injured
2018,2,Sat,7,52.50534763,13.34048385,afternoon,12,daylight,0,dry,0,6,6,1,0,1,0,0,0,3,slightly_injured
2018,2,Fri,6,52.58290607,13.42860814,morning,11,daylight,0,dry,0,6,4,0,0,1,0,0,1,3,slightly_injured
2018,2,Sat,7,52.50059447,13.31305122,morning,6,dusk,1,dry,0,5,3,0,1,0,0,0,0,3,slightly_injured
2018,2,Mon,2,52.46956484,13.33116251,afternoon,16,daylight,0,dry,0,5,3,1,1,0,0,0,0,2,seriously_injured
2018,2,Sat,7,52.45155042,13.59316301,morning,9,daylight,0,wet,1,0,1,0,0,0,1,0,0,3,slightly_injured
2018,2,Mon,2,52.60215054,13.32483415,morning,11,daylight,0,dry,0,2,6,0,1,0,0,0,1,2,seriously_injured
2018,2,Thu,5,52.51366745,13.59030513,morning,7,daylight,0,dry,0,1,5,1,1,0,0,0,1,3,slightly_injured
2018,2,Sat,7,52.52640274,13.39341195,evening,23,dark,2,dry,0,5,3,0,1,0,0,0,0,3,slightly_injured
2018,2,Sat,7,52.49031619,13.45202992,afternoon,15,daylight,0,dry,0,5,3,1,1,0,0,0,0,3,slightly_injured
2018,2,Thu,5,52.53396569,13.29362552,morning,7,daylight,0,dry,0,0,2,0,1,0,1,0,0,2,seriously_injured
2018,2,Fri,6,52.50846868,13.4255797,evening,18,dark,2,dry,0,1,5,1,1,0,0,0,0,3,slightly_injured
2018,2,Sat,7,52.54524049,13.35714279,evening,23,dark,2,dry,0,5,3,0,1,0,0,0,0,3,slightly_injured
2018,2,Fri,6,52.46903212,13.33279224,afternoon,16,daylight,0,dry,0,6,4,0,1,1,0,0,0,3,slightly_injured
2018,2,Wed,4,52.42336255,13.35722476,afternoon,14,daylight,0,dry,0,6,4,0,1,1,0,0,0,3,slightly_injured
2018,2,Sat,7,52.47798014,13.42881652,evening,23,dark,2,dry,0,2,1,0,1,0,0,0,0,3,slightly_injured
2018,2,Sat,7,52.53837019,13.21406837,evening,21,dark,2,dry,0,5,2,0,1,0,0,0,0,3,slightly_injured
2018,2,Mon,2,52.50361882,13.27890894,morning,7,daylight,0,icy,2,2,6,0,1,0,0,0,0,3,slightly_injured
2018,2,Thu,5,52.44304026,13.58052863,morning,9,daylight,0,dry,0,5,3,1,1,0,0,0,0,2,seriously_injured
2018,2,Sat,7,52.51106711,13.46111866,evening,18,dark,2,dry,0,6,4,0,1,1,0,0,0,2,seriously_injured
2018,2,Mon,2,52.45974284,13.40389265,morning,9,daylight,0,wet,1,5,2,1,0,0,0,1,0,3,slightly_injured
2018,2,Thu,5,52.45722857,13.42600463,afternoon,12,daylight,0,dry,0,5,2,0,1,0,0,0,0,3,slightly_injured
2018,2,Sat,7,52.53558226,13.19481525,evening,18,dark,2,dry,0,6,4,0,1,1,0,0,0,2,seriously_injured
2018,2,Sat,7,52.52945577,13.37924659,afternoon,16,daylight,0,dry,0,9,1,0,1,0,0,0,0,3,slightly_injured
2018,2,Sat,7,52.51978184,13.46245988,evening,18,dark,2,dry,0,5,2,1,1,0,0,0,0,3,slightly_injured
2018,2,Thu,5,52.55632696,13.42908302,night,5,dark,2,wet,1,5,2,0,1,0,0,0,0,3,slightly_injured
2018,2,Sat,7,52.44669495,13.62360816,afternoon,15,daylight,0,dry,0,5,7,1,1,0,0,0,0,3,slightly_injured
2018,2,Sat,7,52.52861103,13.57112504,afternoon,15,daylight,0,dry,0,2,6,0,1,0,0,0,0,3,slightly_injured
2018,2,Tue,3,52.50440336,13.44189366,evening,19,dark,2,dry,0,1,5,1,1,0,0,0,1,3,slightly_injured
2018,2,Sat,7,52.50715225,13.42867664,afternoon,15,daylight,0,dry,0,2,6,0,1,0,0,0,1,3,slightly_injured
2018,2,Fri,6,52.59658058,13.35411667,afternoon,17,dusk,1,dry,0,6,4,0,1,1,0,0,0,3,slightly_injured
2018,2,Sat,7,52.46245125,13.44487315,afternoon,14,daylight,0,dry,0,5,3,1,1,0,0,0,0,3,slightly_injured
2018,2,Sun,1,52.46475356,13.2977233,afternoon,13,daylight,0,dry,0,6,4,0,1,1,0,0,0,3,slightly_injured
2018,2,Thu,5,52.46347155,13.45316894,night,0,dark,2,wet,1,9,1,0,1,0,0,0,0,2,seriously_injured
2018,2,Fri,6,52.45751166,13.62553464,afternoon,13,daylight,0,dry,0,6,4,0,1,1,0,0,0,3,slightly_injured
2018,2,Fri,6,52.52323357,13.45637463,morning,7,daylight,0,dry,0,5,2,1,1,0,0,0,0,3,slightly_injured
2018,2,Fri,6,52.4247299,13.30200301,afternoon,17,dusk,1,dry,0,6,7,0,1,1,0,0,0,2,seriously_injured
2018,2,Thu,5,52.49838048,13.3345855,afternoon,13,daylight,0,dry,0,2,2,1,1,0,0,0,0,3,slightly_injured
2018,2,Fri,6,52.46484111,13.32847724,morning,7,daylight,0,wet,1,3,6,0,1,0,0,0,1,3,slightly_injured
2018,2,Fri,6,52.39978293,13.40953645,morning,7,dusk,1,dry,0,0,7,1,0,0,0,0,0,3,slightly_injured
2018,2,Fri,6,52.48201041,13.26246131,evening,19,dark,2,dry,0,1,1,0,1,0,0,0,0,3,slightly_injured
2018,2,Sat,7,52.52961114,13.29597856,morning,11,daylight,0,dry,0,2,6,0,1,0,0,0,0,3,slightly_injured
2018,2,Fri,6,52.59021859,13.28735485,evening,22,dark,2,dry,0,6,4,0,1,1,0,0,0,2,seriously_injured
2018,2,Thu,5,52.46568529,13.42562645,afternoon,14,daylight,0,dry,0,6,7,0,1,1,0,0,0,3,slightly_injured
2018,2,Fri,6,52.51386877,13.42274696,evening,22,dark,2,dry,0,2,6,0,1,0,0,0,0,3,slightly_injured
2018,2,Fri,6,52.47357271,13.32000337,evening,21,dark,2,dry,0,5,3,1,1,0,0,0,0,3,slightly_injured
2018,2,Tue,3,52.48888555,13.3991756,afternoon,14,daylight,0,dry,0,6,2,0,1,1,0,0,0,2,seriously_injured
2018,2,Fri,6,52.44278248,13.29689149,afternoon,12,daylight,0,dry,0,8,1,0,1,0,0,0,0,3,slightly_injured
2018,2,Fri,6,52.49828894,13.39947502,afternoon,13,daylight,0,dry,0,5,2,0,1,0,0,0,0,3,slightly_injured
2018,2,Sun,1,52.45832523,13.3331018,evening,23,dark,2,dry,0,1,1,1,1,0,0,0,0,2,seriously_injured
2018,2,Thu,5,52.45913658,13.40017675,afternoon,15,daylight,0,dry,0,5,2,0,1,0,0,0,0,3,slightly_injured
2018,2,Fri,6,52.51474484,13.38909533,afternoon,14,daylight,0,dry,0,5,3,0,1,0,0,0,0,3,slightly_injured
2018,2,Fri,6,52.48711145,13.42692148,afternoon,12,daylight,0,dry,0,5,3,1,1,0,0,0,0,3,slightly_injured
2018,2,Fri,6,52.42739699,13.55336078,afternoon,15,daylight,0,dry,0,2,2,0,1,0,0,0,0,3,slightly_injured
2018,2,Tue,3,52.45432657,13.39570274,afternoon,12,daylight,0,dry,0,0,3,0,1,0,0,0,1,3,slightly_injured
2018,2,Fri,6,52.41691599,13.39953955,afternoon,15,daylight,0,dry,0,6,4,0,1,1,0,0,0,2,seriously_injured
2018,2,Mon,2,52.53441206,13.50049039,afternoon,15,daylight,0,dry,0,2,6,0,1,0,0,0,0,3,slightly_injured
2018,2,Tue,3,52.48478495,13.44415286,morning,8,daylight,0,dry,0,5,2,1,1,0,0,0,0,2,seriously_injured
2018,2,Fri,6,52.50545116,13.42048625,afternoon,15,daylight,0,dry,0,1,6,1,0,0,0,0,1,3,slightly_injured
2018,2,Mon,2,52.51060074,13.50060466,afternoon,14,daylight,0,dry,0,2,2,0,1,0,0,1,0,3,slightly_injured
2018,2,Fri,6,52.43514018,13.30555103,afternoon,16,daylight,0,dry,0,5,3,1,1,0,0,0,0,3,slightly_injured
2018,2,Sun,1,52.45696474,13.43679297,afternoon,14,daylight,0,dry,0,5,3,0,1,0,0,0,0,3,slightly_injured
2018,2,Thu,5,52.50616985,13.33260038,afternoon,15,daylight,0,dry,0,5,2,1,0,0,0,0,1,3,slightly_injured
2018,2,Fri,6,52.45744538,13.31918273,afternoon,17,dark,2,dry,0,5,3,0,1,0,1,0,0,2,seriously_injured
2018,2,Fri,6,52.50545999,13.32783356,morning,9,daylight,0,dry,0,5,2,1,1,0,0,0,0,3,slightly_injured
2018,2,Wed,4,52.52994668,13.62452089,night,0,dark,2,dry,0,1,5,0,1,0,0,0,0,3,slightly_injured
2018,2,Fri,6,52.51848676,13.40084946,evening,23,dark,2,dry,0,0,1,1,0,0,0,0,0,3,slightly_injured
2018,2,Thu,5,52.47236384,13.29852413,morning,7,daylight,0,dry,0,0,1,1,0,0,0,0,0,2,seriously_injured
2018,2,Mon,2,52.55009921,13.38539182,evening,18,dark,2,dry,0,5,2,1,1,0,0,0,0,3,slightly_injured
2018,2,Fri,6,52.41461209,13.4301825,evening,20,dark,2,dry,0,5,7,0,1,0,0,0,0,2,seriously_injured
2018,2,Mon,2,52.50104551,13.34618173,morning,10,daylight,0,dry,0,5,2,0,1,0,0,0,0,3,slightly_injured
2018,2,Thu,5,52.54709825,13.40668857,afternoon,15,daylight,0,dry,0,2,6,0,1,0,1,0,0,3,slightly_injured
2018,2,Fri,6,52.50951242,13.40019291,evening,18,dark,2,dry,0,3,2,1,1,0,0,0,0,3,slightly_injured