ujahr,umonat,weekday,uwochentag,long,lat,time_of_day,ustunde,light_condition,ulichtverh,street_condition,ustrzustand,uart,utyp1,ist_rad,ist_pkw,ist_fuss,ist_krad,ist_gkfz,ist_sonstige,ukategorie,accident_outcome
2018,2,Sat,7,52.51180865,13.32210251,evening,18,dark,2,dry,0,5,2,1,1,0,0,0,0,2,seriously_injured
2018,2,Thu,5,52.56095849,13.38818896,afternoon,15,daylight,0,dry,0,5,2,1,1,0,0,0,0,3,slightly_injured
2018,2,Fri,6,52.49242227,13.37211931,evening,19,dark,2,dry,0,5,7,0,1,0,0,0,0,3,slightly_injured
2018,2,Fri,6,52.52726893,13.21157285,afternoon,12,daylight,0,dry,0,5,2,1,1,0,0,0,0,3,slightly_injured
2018,2,Sat,7,52.46002407,13.57813444,morning,11,daylight,0,dry,0,6,3,0,1,1,0,0,0,2,seriously_injured
2018,2,Fri,6,52.46253665,13.32216057,morning,11,daylight,0,dry,0,3,6,0,1,0,0,0,0,3,slightly_injured
2018,2,Fri,6,52.50524682,13.33372605,night,3,dark,2,dry,0,8,1,0,1,0,0,0,0,3,slightly_injured
2018,2,Wed,4,52.5296707,13.5580451,morning,6,dark,2,icy,2,5,3,0,1,0,0,0,0,3,slightly_injured
2018,2,Fri,6,52.55089154,13.38406678,morning,9,daylight,0,wet,1,2,6,1,1,0,0,0,0,3,slightly_injured
2018,2,Fri,6,52.56350995,13.402781,morning,8,daylight,0,wet,1,5,3,1,1,0,0,0,0,3,slightly_injured
2018,2,Mon,2,52.62519665,13.22961683,morning,8,daylight,0,dry,0,4,6,0,1,0,0,0,0,2,seriously_injured
2018,2,Fri,6,52.52851353,13.22680111,morning,6,dusk,1,wet,1,0,6,0,1,0,0,0,1,3,slightly_injured
2018,2,Sat,7,52.58375414,13.28549679,afternoon,13,daylight,0,dry,0,5,7,0,1,0,0,0,0,3,slightly_injured
2018,2,Fri,6,52.41424859,13.35034976,morning,6,dark,2,wet,1,6,2,0,1,1,0,0,0,2,seriously_injured
2018,2,Fri,6,52.43683111,13.57158954,morning,6,dusk,1,wet,1,1,5,0,1,0,0,0,0,3,slightly_injured
2018,2,Fri,6,52.49590407,13.38980677,night,5,dark,2,wet,1,6,2,0,1,1,0,0,0,3,slightly_injured
2018,2,Tue,3,52.46519957,13.42160119,afternoon,16,daylight,0,dry,0,6,2,0,0,1,0,0,1,3,slightly_injured
2018,2,Fri,6,52.45990038,13.57816266,night,2,dark,2,wet,1,0,1,1,0,0,0,0,0,3,slightly_injured
2018,2,Thu,5,52.54211524,13.33649774,afternoon,16,dark,2,dry,0,5,2,1,1,0,0,0,0,3,slightly_injured
2018,2,Tue,3,52.50369206,13.33039889,afternoon,15,daylight,0,dry,0,3,6,0,1,0,0,0,1,3,slightly_injured
2018,2,Thu,5,52.54472723,13.3786311,morning,10,daylight,0,dry,0,5,3,0,1,0,0,0,0,2,seriously_injured
2018,2,Thu,5,52.52416111,13.3320993,morning,10,daylight,0,dry,0,1,5,0,1,0,0,0,0,3,slightly_injured
2018,2,Mon,2,52.52654374,13.35402774,morning,7,dusk,1,icy,2,2,6,1,1,0,0,0,0,2,seriously_injured
2018,2,Thu,5,52.52835574,13.31958778,morning,9,daylight,0,dry,0,5,3,1,1,0,0,0,0,3,slightly_injured
2018,2,Sat,7,52.47154542,13.32910268,night,1,dark,2,dry,0,9,1,0,1,0,0,0,0,3,slightly_injured
2018,2,Thu,5,52.52200651,13.40448497,morning,9,daylight,0,dry,0,0,1,1,0,0,0,0,0,3,slightly_injured
2018,2,Thu,5,52.46612876,13.49592035,morning,8,daylight,0,dry,0,2,6,0,1,0,0,0,1,3,slightly_injured
2018,2,Thu,5,52.422911,13.29987628,morning,7,daylight,0,dry,0,1,5,0,1,0,0,0,0,3,slightly_injured
2018,2,Tue,3,52.4863294,13.32239154,afternoon,14,daylight,0,dry,0,6,2,0,1,1,0,0,0,2,seriously_injured
2018,2,Thu,5,52.5293716,13.62585246,morning,7,daylight,0,wet,1,8,1,0,1,0,0,0,0,3,slightly_injured
2018,2,Thu,5,52.47378643,13.4558115,morning,6,dark,2,dry,0,6,2,0,0,1,0,1,0,3,slightly_injured
2018,2,Sun,1,52.52356011,13.16177461,evening,18,dark,2,dry,0,5,2,0,1,0,0,0,0,3,slightly_injured
2018,2,Fri,6,52.49256672,13.3452853,evening,19,dark,2,dry,0,2,6,0,1,0,0,0,0,3,slightly_injured
2018,2,Thu,5,52.46079553,13.48125577,morning,6,dusk,1,dry,0,5,2,0,1,0,0,0,0,3,slightly_injured
2018,2,Fri,6,52.48430581,13.45613516,morning,11,daylight,0,dry,0,5,3,0,1,0,0,0,0,3,slightly_injured
2018,2,Sun,1,52.4174362,13.30648529,afternoon,13,daylight,0,dry,0,5,3,0,1,0,0,0,0,3,slightly_injured
2018,2,Thu,5,52.52039713,13.46966405,night,1,dark,2,dry,0,5,3,0,1,0,0,0,0,3,slightly_injured
2018,2,Fri,6,52.43479975,13.46983099,afternoon,16,daylight,0,dry,0,2,6,0,1,0,0,0,0,3,slightly_injured
2018,2,Thu,5,52.58942879,13.42081172,morning,8,daylight,0,dry,0,2,6,0,1,0,0,0,0,3,slightly_injured
2018,2,Thu,5,52.45853376,13.33756883,evening,19,dark,2,wet,1,6,2,0,1,1,0,0,0,3,slightly_injured
2018,2,Tue,3,52.54947639,13.35409963,morning,10,daylight,0,dry,0,6,4,0,1,1,0,0,0,3,slightly_injured
2018,2,Thu,5,52.46707837,13.38581939,evening,19,dark,2,dry,0,0,2,0,1,1,0,0,0,3,slightly_injured
2018,2,Mon,2,52.5346173,13.32833103,afternoon,13,daylight,0,dry,0,2,6,0,1,0,0,0,0,3,slightly_injured
2018,2,Thu,5,52.45806082,13.29274631,afternoon,15,daylight,0,dry,0,6,2,0,1,1,0,0,0,3,slightly_injured
2018,2,Sun,1,52.49145914,13.39426148,night,1,dark,2,dry,0,5,2,0,1,0,0,0,0,3,slightly_injured
2018,2,Fri,6,52.4942308,13.36120387,morning,8,daylight,0,dry,0,0,2,0,1,0,0,0,1,3,slightly_injured
2018,2,Wed,4,52.45203767,13.46967618,evening,18,dark,2,dry,0,2,6,0,1,0,0,0,0,2,seriously_injured
2018,2,Thu,5,52.52659171,13.41545158,afternoon,14,daylight,0,dry,0,2,6,0,1,0,0,0,0,3,slightly_injured
2018,2,Thu,5,52.58772444,13.41954484,morning,11,daylight,0,dry,0,5,3,0,1,0,0,0,0,2,seriously_injured
2018,2,Mon,2,52.44349458,13.37526436,morning,9,daylight,0,wet,1,5,3,0,1,0,0,0,1,3,slightly_injured
2018,3,Mon,2,52.5719786,13.42917982,afternoon,17,daylight,0,dry,0,2,6,0,1,0,0,0,0,3,slightly_injured
2018,3,Mon,2,52.42024599,13.50119547,afternoon,17,daylight,0,dry,0,1,5,1,1,0,0,0,0,3,slightly_injured
2018,3,Mon,2,52.43163597,13.53855146,afternoon,16,daylight,0,dry,0,6,4,0,1,1,0,0,0,3,slightly_injured
2018,3,Tue,3,52.45048938,13.31578715,night,1,dark,2,dry,0,9,1,0,1,0,0,0,0,3,slightly_injured
2018,3,Mon,2,52.49404262,13.40283377,afternoon,16,daylight,0,dry,0,5,2,1,1,0,0,0,0,3,slightly_injured
2018,3,Mon,2,52.55112806,13.38774808,afternoon,16,daylight,0,dry,0,6,4,0,1,1,0,0,0,3,slightly_injured
2018,3,Mon,2,52.51580343,13.45335481,afternoon,16,daylight,0,dry,0,2,6,0,1,0,0,0,0,3,slightly_injured
2018,3,Tue,3,52.53194461,13.15840204,afternoon,17,daylight,0,dry,0,6,7,0,1,1,0,0,0,2,seriously_injured
2018,3,Mon,2,52.48121862,13.29586108,afternoon,14,daylight,0,dry,0,5,3,0,1,0,0,0,0,3,slightly_injured
2018,3,Tue,3,52.50550603,13.51408512,afternoon,17,dusk,1,dry,0,6,4,0,1,1,0,0,0,2,seriously_injured
2018,3,Tue,3,52.41340098,13.3542672,evening,19,dark,2,wet,1,6,4,0,1,1,0,0,0,3,slightly_injured
2018,3,Tue,3,52.45288,13.33804586,evening,18,dusk,1,wet,1,6,7,0,0,1,0,0,1,3,slightly_injured
2018,3,Tue,3,52.53406943,13.40332543,evening,19,dark,2,wet,1,5,3,1,0,0,0,0,1,3,slightly_injured
2018,3,Mon,2,52.52443673,13.33364317,evening,20,dark,2,wet,1,6,4,0,1,1,0,0,1,3,slightly_injured
2018,3,Tue,3,52.48157376,13.44021033,evening,19,dark,2,wet,1,6,2,0,1,1,0,0,0,3,slightly_injured
2018,3,Tue,3,52.52246845,13.36642682,morning,9,daylight,0,dry,0,1,5,0,1,0,1,0,0,3,slightly_injured
2018,3,Tue,3,52.48887172,13.39977157,evening,20,dark,2,wet,1,1,5,1,1,0,0,0,0,3,slightly_injured
2018,2,Wed,4,52.48694785,13.42259871,morning,10,daylight,0,dry,0,2,7,1,1,0,0,0,0,3,slightly_injured
2018,3,Tue,3,52.54055181,13.37559149,evening,20,dark,2,wet,1,6,4,0,0,1,0,0,1,2,seriously_injured
2018,3,Mon,2,52.48846226,13.4116102,evening,19,dark,2,dry,0,2,6,0,1,0,0,0,0,3,slightly_injured
2018,3,Tue,3,52.48158883,13.43998206,evening,21,dark,2,wet,1,6,2,0,1,1,0,0,0,3,slightly_injured
2018,3,Tue,3,52.49902135,13.48097992,evening,21,dark,2,wet,1,2,7,0,1,0,0,0,0,3,slightly_injured
2018,3,Mon,2,52.54252879,13.19798366,evening,18,dusk,1,dry,0,6,4,0,1,1,0,0,0,3,slightly_injured
2018,3,Tue,3,52.53913876,13.34485827,evening,21,dark,2,wet,1,6,2,0,1,1,0,0,0,3,slightly_injured
2018,3,Mon,2,52.50684246,13.29940009,evening,20,dark,2,wet,1,6,4,0,1,1,0,0,0,2,seriously_injured
2018,3,Tue,3,52.5011045,13.34630856,evening,21,dark,2,wet,1,2,6,0,1,0,0,0,0,3,slightly_injured
2018,3,Tue,3,52.41305671,13.35774324,evening,21,dark,2,wet,1,9,1,0,1,0,0,0,0,2,seriously_injured
2018,3,Tue,3,52.49662067,13.52424639,evening,23,dark,2,wet,1,6,4,0,1,1,0,0,0,2,seriously_injured
2018,3,Mon,2,52.5225539,13.36722121,afternoon,16,daylight,0,wet,1,5,3,1,1,0,0,0,0,3,slightly_injured
2018,3,Mon,2,52.45602275,13.55854842,evening,22,dark,2,dry,0,2,6,0,1,0,0,0,0,3,slightly_injured
2018,3,Mon,2,52.51063901,13.39378018,afternoon,17,dusk,1,wet,1,5,3,0,1,0,1,0,0,3,slightly_injured
2018,3,Mon,2,52.4754867,13.3776492,morning,8,daylight,0,wet,1,2,6,0,1,0,0,0,0,3,slightly_injured
2018,3,Mon,2,52.53891413,13.20110527,afternoon,15,daylight,0,wet,1,0,6,0,1,0,1,0,0,3,slightly_injured
2018,3,Mon,2,52.56389873,13.42294818,morning,8,daylight,0,icy,2,1,1,0,1,0,1,0,0,3,slightly_injured
2018,3,Mon,2,52.55539372,13.32489967,afternoon,15,daylight,0,wet,1,5,3,1,1,0,0,0,0,3,slightly_injured
2018,3,Mon,2,52.46715565,13.33753096,afternoon,14,daylight,0,wet,1,5,2,0,0,0,0,0,1,3,slightly_injured
2018,3,Mon,2,52.4477944,13.44024894,morning,7,daylight,0,icy,2,6,4,0,0,1,0,0,1,2,seriously_injured
2018,3,Wed,4,52.44413715,13.33847714,afternoon,15,daylight,0,wet,1,2,6,0,1,0,0,0,0,3,slightly_injured
2018,3,Mon,2,52.51833872,13.27805801,afternoon,14,daylight,0,wet,1,5,2,0,1,0,0,0,0,3,slightly_injured
2018,3,Mon,2,52.52653501,13.49616579,morning,7,daylight,0,icy,2,5,3,0,1,0,0,0,0,3,slightly_injured
2018,3,Mon,2,52.47492149,13.47382062,evening,22,dark,2,wet,1,6,2,0,1,1,0,0,0,3,slightly_injured
2018,3,Mon,2,52.40303593,13.41293422,afternoon,14,daylight,0,wet,1,1,5,0,1,0,0,0,0,3,slightly_injured
2018,3,Mon,2,52.47452558,13.45458416,morning,7,daylight,0,icy,2,5,3,0,1,0,0,0,1,2,seriously_injured
2018,3,Mon,2,52.61126778,13.30128989,afternoon,13,daylight,0,wet,1,5,3,1,1,0,0,0,0,3,slightly_injured
2018,3,Mon,2,52.52776356,13.14417739,morning,6,dark,2,icy,2,0,1,1,0,0,0,0,0,3,slightly_injured
2018,3,Mon,2,52.58555802,13.36669061,afternoon,13,daylight,0,wet,1,5,3,0,1,0,0,0,0,3,slightly_injured
2018,3,Mon,2,52.51827978,13.27956368,morning,8,daylight,0,icy,2,3,6,0,1,0,0,1,0,3,slightly_injured
2018,3,Tue,3,52.50390356,13.41096761,evening,18,dark,2,wet,1,5,3,1,1,0,0,0,0,3,slightly_injured
2018,3,Mon,2,52.53929971,13.45239557,morning,7,daylight,0,dry,0,5,3,1,1,0,0,0,0,3,slightly_injured
2018,3,Mon,2,52.43054209,13.31420316,morning,10,daylight,0,dry,0,2,6,0,1,0,0,0,1,2,seriously_injured
2018,3,Tue,3,52.52086581,13.43684282,morning,11,daylight,0,dry,0,6,4,0,1,1,0,0,0,3,slightly_injured
2018,3,Mon,2,52.58734795,13.22585965,afternoon,15,daylight,0,wet,1,5,3,0,1,0,0,0,1,3,slightly_injured
2018,3,Mon,2,52.50117527,13.50898658,morning,11,daylight,0,dry,0,1,5,1,1,0,0,0,0,3,slightly_injured
2018,3,Mon,2,52.50635871,13.35175461,afternoon,12,daylight,0,dry,0,5,3,1,1,0,0,0,0,3,slightly_injured
2018,3,Mon,2,52.46634075,13.32836656,evening,19,dark,2,wet,1,6,2,0,1,1,0,0,0,3,slightly_injured
2018,2,Wed,4,52.50862913,13.39019577,morning,10,daylight,0,dry,0,5,3,0,1,0,0,0,0,3,slightly_injured
2018,3,Mon,2,52.45426088,13.39562763,afternoon,13,daylight,0,dry,0,5,3,0,1,0,0,0,1,3,slightly_injured
2018,3,Mon,2,52.497955,13.32029568,evening,18,dark,2,wet,1,5,2,1,1,0,0,0,0,3,slightly_injured
2018,3,Mon,2,52.53471863,13.36989683,afternoon,14,daylight,0,dry,0,6,7,0,1,1,0,0,0,3,slightly_injured
2018,3,Mon,2,52.59076738,13.28244519,evening,18,dark,2,wet,1,6,2,0,1,1,0,0,0,3,slightly_injured
2018,3,Mon,2,52.53695865,13.27540388,afternoon,14,daylight,0,dry,0,6,4,0,0,1,0,0,1,3,slightly_injured
2018,3,Tue,3,52.53044275,13.19648402,afternoon,13,daylight,0,dry,0,5,3,0,1,0,0,1,0,3,slightly_injured
2018,2,Wed,4,52.49967158,13.46595421,morning,8,daylight,0,dry,0,5,7,1,1,0,0,0,0,3,slightly_injured
2018,3,Mon,2,52.52745388,13.39292907,evening,18,dark,2,wet,1,2,2,1,1,0,0,0,0,3,slightly_injured
2018,3,Sun,1,52.4287374,13.22456553,evening,19,dark,2,dry,0,1,5,0,1,0,0,0,0,2,seriously_injured
2018,3,Mon,2,52.52529523,13.17759975,evening,18,dark,2,wet,1,6,4,0,1,1,0,0,0,3,slightly_injured
2018,3,Mon,2,52.5534843,13.3660745,afternoon,17,dusk,1,wet,1,6,4,0,1,1,0,0,0,3,slightly_injured
2018,3,Sun,1,52.51817037,13.30647293,morning,10,daylight,0,dry,0,5,3,0,1,0,0,0,0,3,slightly_injured
2018,3,Sun,1,52.45487194,13.56711344,afternoon,13,daylight,0,dry,0,5,2,0,1,0,0,0,1,3,slightly_injured
2018,3,Mon,2,52.57816478,13.2979037,evening,18,dark,2,wet,1,5,2,0,1,0,0,0,0,3,slightly_injured
2018,3,Mon,2,52.53745729,13.21789391,evening,19,dark,2,wet,1,2,6,0,1,0,0,0,0,3,slightly_injured
2018,3,Sun,1,52.54859336,13.38356305,afternoon,13,daylight,0,dry,0,2,6,0,1,0,0,0,0,3,slightly_injured
2018,3,Mon,2,52.48137562,13.52543957,evening,21,dark,2,wet,1,2,6,0,1,0,0,0,0,3,slightly_injured
2018,3,Sun,1,52.49687484,13.31588438,night,4,dark,2,dry,0,1,1,0,1,0,0,0,0,3,slightly_injured
2018,3,Mon,2,52.5698106,13.53823786,evening,20,dark,2,wet,1,5,3,1,1,0,0,0,0,3,slightly_injured
2018,3,Tue,3,52.52821121,13.22866046,morning,7,daylight,0,wet,1,5,2,0,1,0,1,0,0,2,seriously_injured
2018,3,Mon,2,52.53386241,13.35327025,evening,19,dark,2,wet,1,1,5,1,1,0,0,0,0,3,slightly_injured
2018,3,Mon,2,52.48964593,13.40831388,evening,19,dark,2,wet,1,1,5,1,1,0,0,0,0,3,slightly_injured
2018,3,Sun,1,52.55057197,13.41372528,night,1,dark,2,dry,0,5,2,0,1,0,0,0,0,3,slightly_injured
2018,3,Mon,2,52.51873328,13.3399983,evening,19,dark,2,wet,1,6,2,0,1,1,0,0,0,3,slightly_injured
2018,3,Mon,2,52.51558214,13.38905941,evening,19,dark,2,wet,1,5,3,0,1,0,0,0,0,3,slightly_injured
2018,3,Sun,1,52.52163978,13.1625962,evening,20,dark,2,dry,0,3,6,0,1,0,0,0,0,3,slightly_injured
2018,3,Mon,2,52.52104842,13.19793405,evening,19,dark,2,wet,1,6,2,0,1,1,0,0,0,3,slightly_injured
2018,3,Mon,2,52.45873135,13.34112998,morning,11,daylight,0,wet,1,1,5,0,1,0,0,0,0,3,slightly_injured
2018,3,Sun,1,52.43143878,13.30966569,evening,19,dark,2,dry,0,5,2,0,1,0,0,0,0,3,slightly_injured
2018,3,Mon,2,52.53590391,13.34923654,night,4,dark,2,dry,0,4,6,0,1,0,0,0,0,3,slightly_injured
2018,3,Sun,1,52.50265871,13.44676377,afternoon,16,daylight,0,dry,0,6,2,0,1,1,0,0,0,3,slightly_injured
2018,3,Mon,2,52.50618775,13.47033225,night,5,dark,2,dry,0,5,2,0,0,0,1,1,0,3,slightly_injured
2018,3,Tue,3,52.49646621,13.34991147,evening,19,dark,2,wet,1,6,4,1,0,1,0,0,0,3,slightly_injured
2018,3,Mon,2,52.51568455,13.48507937,morning,8,daylight,0,dry,0,2,6,0,1,0,0,0,0,3,slightly_injured
2018,3,Mon,2,52.54295923,13.19821082,morning,8,daylight,0,wet,1,2,6,0,1,0,0,0,0,3,slightly_injured
2018,3,Sun,1,52.54225251,13.41365338,afternoon,16,daylight,0,dry,0,6,7,0,1,1,0,0,0,3,slightly_injured
2018,3,Mon,2,52.5325576,13.39861713,morning,9,daylight,0,dry,0,0,1,1,0,0,0,0,0,3,slightly_injured
2018,3,Mon,2,52.42599233,13.40168231,morning,11,daylight,0,wet,1,5,3,0,1,0,0,0,0,2,seriously_injured
2018,3,Sun,1,52.49140572,13.39644647,afternoon,15,daylight,0,dry,0,5,3,1,0,0,0,0,1,3,slightly_injured
2018,3,Wed,4,52.55411903,13.39221387,afternoon,13,daylight,0,wet,1,5,3,0,1,0,0,0,0,3,slightly_injured
2018,3,Mon,2,52.49007619,13.38637573,morning,11,daylight,0,wet,1,5,7,0,1,0,0,0,0,3,slightly_injured
2018,3,Sun,1,52.55364804,13.47025321,afternoon,15,daylight,0,dry,0,5,2,0,1,0,0,0,1,3,slightly_injured
2018,3,Mon,2,52.39971589,13.57483454,evening,19,dark,2,wet,1,6,4,0,1,1,0,0,0,1,killed
2018,3,Sat,7,52.41703855,13.30487412,morning,11,daylight,0,dry,0,5,3,1,0,0,0,0,1,2,seriously_injured
2018,3,Sun,1,52.41935615,13.20874959,afternoon,14,daylight,0,dry,0,6,4,1,0,1,0,0,0,3,slightly_injured
2018,3,Mon,2,52.54890657,13.38161219,morning,6,dusk,1,icy,2,1,1,0,1,0,0,0,0,3,slightly_injured
2018,3,Sun,1,52.62695131,13.49771331,morning,6,daylight,0,dry,0,0,1,1,0,0,0,0,0,2,seriously_injured
2018,3,Sun,1,52.64301272,13.30337212,night,2,dark,2,dry,0,3,6,1,1,0,0,0,0,3,slightly_injured
2018,3,Sat,7,52.56442082,13.5079561,evening,20,dark,2,dry,0,2,6,0,1,0,0,0,1,3,slightly_injured
2018,3,Sun,1,52.59286373,13.31032248,afternoon,16,daylight,0,dry,0,1,6,1,1,0,0,0,1,3,slightly_injured
2018,3,Sat,7,52.45854087,13.49798051,evening,19,dark,2,dry,0,2,6,0,1,0,0,0,1,3,slightly_injured
2018,3,Sun,1,52.50013742,13.30697085,evening,18,dark,2,dry,0,5,2,1,1,0,0,0,0,3,slightly_injured
2018,3,Sat,7,52.49608961,13.61888929,night,0,dark,2,dry,0,1,5,0,1,0,0,0,0,3,slightly_injured
2018,3,Tue,3,52.4419811,13.56972276,afternoon,16,daylight,0,wet,1,5,2,1,1,0,0,0,0,3,slightly_injured
2018,3,Sun,1,52.53972286,13.3527141,afternoon,17,dusk,1,dry,0,5,3,1,1,0,0,0,0,3,slightly_injured
2018,3,Sat,7,52.41607054,13.49742366,morning,9,daylight,0,dry,0,5,3,0,1,0,0,0,1,3,slightly_injured
2018,3,Sat,7,52.39258697,13.41893102,night,4,dark,2,dry,0,1,7,0,1,0,0,0,0,3,slightly_injured
2018,3,Sun,1,52.55669338,13.37214742,afternoon,17,daylight,0,dry,0,2,6,0,1,0,0,0,0,3,slightly_injured
2018,2,Wed,4,52.50075117,13.42124376,morning,8,daylight,0,dry,0,1,6,1,0,0,0,0,1,3,slightly_injured
2018,3,Sun,1,52.54847515,13.18140846,afternoon,15,daylight,0,dry,0,5,3,1,1,0,0,0,0,3,slightly_injured
2018,3,Sat,7,52.50165752,13.30387603,morning,11,daylight,0,dry,0,1,5,1,1,0,0,0,0,2,seriously_injured
2018,3,Sun,1,52.51633331,13.38085472,afternoon,13,daylight,0,dry,0,0,2,1,0,0,0,0,1,3,slightly_injured
2018,3,Sat,7,52.54203898,13.33635208,afternoon,12,daylight,0,dry,0,2,6,0,1,0,0,0,0,3,slightly_injured
2018,3,Sat,7,52.52761149,13.23230632,afternoon,15,daylight,0,dry,0,2,6,0,1,0,0,0,0,3,slightly_injured
2018,3,Sun,1,52.50062771,13.22330468,morning,11,daylight,0,dry,0,1,5,1,1,0,0,0,0,2,seriously_injured
2018,3,Sat,7,52.5092847,13.47314977,afternoon,16,daylight,0,dry,0,2,2,1,1,0,0,0,0,3,slightly_injured
2018,3,Sun,1,52.55486724,13.44163036,morning,10,daylight,0,dry,0,5,2,0,1,0,0,0,0,3,slightly_injured
2018,3,Sat,7,52.49904257,13.3555138,afternoon,17,daylight,0,dry,0,6,7,0,1,1,0,0,0,3,slightly_injured
2018,3,Tue,3,52.55337633,13.38235837,afternoon,15,daylight,0,dry,0,9,1,0,1,0,0,0,0,3,slightly_injured
2018,3,Sun,1,52.41631523,13.3401268,morning,10,daylight,0,dry,0,5,3,1,1,0,0,0,0,3,slightly_injured
2018,3,Fri,6,52.50515419,13.47137645,evening,19,dark,2,dry,0,5,2,1,1,0,0,0,0,3,slightly_injured
2018,3,Fri,6,52.50635084,13.31404127,morning,9,daylight,0,dry,0,0,2,0,1,0,0,0,1,3,slightly_injured
2018,3,Sun,1,52.51106895,13.42805875,night,3,dark,2,wet,1,1,5,1,1,0,0,0,0,3,slightly_injured
2018,3,Sun,1,52.55112383,13.16535936,night,2,dark,2,wet,1,5,2,0,1,0,0,0,0,2,seriously_injured
2018,3,Fri,6,52.55104376,13.44265387,morning,10,daylight,0,dry,0,5,3,0,1,0,0,0,0,3,slightly_injured
2018,3,Sun,1,52.49716669,13.44535809,evening,20,dark,2,dry,0,6,7,0,1,1,0,0,0,3,slightly_injured
2018,3,Fri,6,52.5296365,13.55810637,morning,11,daylight,0,dry,0,5,3,0,1,0,0,0,0,3,slightly_injured
2018,3,Sun,1,52.43085874,13.34632523,evening,21,dark,2,dry,0,6,4,0,1,1,0,0,0,3,slightly_injured
2018,3,Tue,3,52.49730285,13.5223512,evening,19,dark,2,wet,1,6,4,0,1,1,0,0,0,3,slightly_injured
2018,3,Sat,7,52.48278783,13.57630403,afternoon,15,daylight,0,wet,1,0,6,0,1,0,0,1,0,3,slightly_injured
2018,3,Sat,7,52.58461586,13.31105863,afternoon,14,daylight,0,dry,0,5,2,1,1,0,0,0,0,3,slightly_injured
2018,3,Fri,6,52.50082864,13.31495156,afternoon,12,daylight,0,dry,0,5,3,0,1,0,0,0,0,2,seriously_injured
2018,3,Sat,7,52.59655892,13.3537516,afternoon,12,daylight,0,dry,0,2,6,0,1,0,0,0,0,3,slightly_injured
2018,3,Sat,7,52.58799726,13.2887724,morning,10,daylight,0,wet,1,5,7,1,1,0,0,0,0,3,slightly_injured
2018,3,Tue,3,52.54182514,13.60646157,evening,19,dark,2,wet,1,0,7,1,0,0,0,0,0,2,seriously_injured
2018,3,Sat,7,52.55227497,13.24943397,afternoon,17,dusk,1,dry,0,5,3,0,1,0,0,0,0,3,slightly_injured
2018,3,Fri,6,52.44634626,13.44340943,afternoon,13,daylight,0,dry,0,6,4,0,1,1,0,0,0,3,slightly_injured
2018,3,Sat,7,52.48281481,13.43806016,afternoon,13,daylight,0,dry,0,3,3,0,1,0,0,0,0,3,slightly_injured
2018,3,Sat,7,52.54202222,13.56390011,afternoon,12,daylight,0,wet,1,6,4,0,1,1,0,0,0,2,seriously_injured
2018,3,Fri,6,52.3805671,13.69836294,afternoon,13,daylight,0,dry,0,9,1,0,0,0,0,0,1,3,slightly_injured
2018,3,Sat,7,52.45716427,13.32347061,evening,18,dark,2,dry,0,6,3,0,1,1,0,0,0,3,slightly_injured
2018,3,Fri,6,52.4829248,13.28562739,afternoon,13,daylight,0,dry,0,5,3,0,1,0,1,0,0,3,slightly_injured
2018,3,Sat,7,52.42261463,13.1553737,morning,10,daylight,0,dry,0,1,7,0,1,0,0,0,0,3,slightly_injured
2018,3,Tue,3,52.53998203,13.38493439,evening,20,dark,2,wet,1,5,3,0,1,0,0,0,0,2,seriously_injured
2018,3,Sat,7,52.45818039,13.38421581,evening,23,dark,2,wet,1,6,4,0,1,1,0,0,0,2,seriously_injured
2018,3,Sat,7,52.55892996,13.54971233,morning,8,daylight,0,wet,1,5,3,0,1,0,0,0,1,2,seriously_injured
2018,3,Fri,6,52.58815985,13.33993633,afternoon,14,daylight,0,dry,0,5,3,1,1,0,0,0,0,3,slightly_injured
2018,3,Sat,7,52.5231758,13.43357199,morning,7,daylight,0,wet,1,6,4,0,1,1,0,0,0,3,slightly_injured
2018,3,Fri,6,52.44729588,13.39605374,evening,23,dark,2,dry,0,6,2,0,1,1,0,0,0,3,slightly_injured
2018,3,Sat,7,52.49021499,13.40575209,night,2,dark,2,dry,0,8,1,0,1,0,0,0,0,3,slightly_injured
2018,3,Fri,6,52.57005216,13.30028756,evening,20,dark,2,dry,0,5,3,1,1,0,0,0,0,3,slightly_injured
2018,3,Fri,6,52.61759459,13.48900314,evening,23,dark,2,wet,1,7,7,0,1,0,0,0,0,3,slightly_injured
2018,3,Fri,6,52.49917174,13.42764241,morning,8,daylight,0,dry,0,5,3,1,1,0,0,0,0,2,seriously_injured
2018,3,Wed,4,52.45052786,13.62402383,afternoon,15,daylight,0,dry,0,6,4,0,1,1,0,0,0,2,seriously_injured
2018,3,Fri,6,52.53298104,13.19845192,evening,21,dark,2,dry,0,2,2,0,1,0,0,0,0,3,slightly_injured
2018,3,Fri,6,52.43850046,13.24116907,morning,8,daylight,0,dry,0,5,3,0,1,0,0,0,0,2,seriously_injured
2018,3,Mon,2,52.56835732,13.56887545,afternoon,12,daylight,0,dry,0,5,5,0,1,0,0,0,0,3,slightly_injured
2018,3,Fri,6,52.47883001,13.32034406,morning,7,daylight,0,dry,0,5,2,1,1,0,0,0,0,3,slightly_injured