ujahr,umonat,weekday,uwochentag,long,lat,time_of_day,ustunde,light_condition,ulichtverh,street_condition,ustrzustand,uart,utyp1,ist_rad,ist_pkw,ist_fuss,ist_krad,ist_gkfz,ist_sonstige,ukategorie,accident_outcome
2018,3,Fri,6,52.42312889,13.3133663,morning,10,daylight,0,dry,0,5,3,0,1,0,0,0,0,3,slightly_injured
2018,3,Fri,6,52.44201374,13.56970514,morning,8,daylight,0,dry,0,6,2,0,1,1,0,0,0,3,slightly_injured
2018,3,Fri,6,52.57550353,13.33070249,morning,9,daylight,0,dry,0,0,5,0,1,0,0,0,0,3,slightly_injured
2018,3,Fri,6,52.48370427,13.43587957,afternoon,17,daylight,0,dry,0,6,2,0,1,1,0,0,0,3,slightly_injured
2018,3,Fri,6,52.52210361,13.40505223,morning,9,daylight,0,dry,0,1,5,1,1,0,0,0,0,3,slightly_injured
2018,3,Fri,6,52.48961728,13.429742,afternoon,17,daylight,0,dry,0,6,4,0,1,1,0,0,0,3,slightly_injured
2018,3,Tue,3,52.49183284,13.45103088,afternoon,17,dusk,1,wet,1,5,2,1,1,0,0,0,0,3,slightly_injured
2018,3,Fri,6,52.38667549,13.40392786,morning,9,daylight,0,dry,0,6,7,0,1,1,0,0,0,3,slightly_injured
2018,3,Fri,6,52.4938381,13.40336906,afternoon,15,daylight,0,dry,0,2,2,0,1,0,0,0,0,3,slightly_injured
2018,3,Fri,6,52.50206319,13.41661211,afternoon,15,daylight,0,dry,0,3,2,1,0,0,0,0,1,3,slightly_injured
2018,3,Fri,6,52.49843003,13.40665047,morning,8,daylight,0,dry,0,5,3,0,1,0,0,0,0,3,slightly_injured
2018,3,Wed,4,52.57758214,13.49769192,evening,19,dark,2,wet,1,8,1,0,0,0,0,0,1,3,slightly_injured
2018,3,Fri,6,52.42961609,13.21344682,morning,7,daylight,0,wet,1,5,3,1,1,0,0,0,0,3,slightly_injured
2018,3,Fri,6,52.4381181,13.47366512,afternoon,14,daylight,0,dry,0,0,4,0,0,1,0,0,1,3,slightly_injured
2018,3,Fri,6,52.45750135,13.31903362,evening,19,dark,2,wet,1,3,6,0,1,0,0,0,0,3,slightly_injured
2018,3,Fri,6,52.52986615,13.39213884,morning,7,daylight,0,dry,0,6,4,0,1,1,0,0,0,3,slightly_injured
2018,3,Fri,6,52.49769212,13.29426447,evening,19,dark,2,dry,0,5,7,1,1,0,0,0,0,3,slightly_injured
2018,3,Fri,6,52.55988183,13.31751794,morning,6,dusk,1,dry,0,5,2,0,1,0,0,0,0,3,slightly_injured
2018,3,Fri,6,52.58587204,13.30720561,morning,7,daylight,0,dry,0,6,4,0,1,1,0,0,0,3,slightly_injured
2018,3,Fri,6,52.52018603,13.42331656,night,4,dusk,1,dry,0,5,3,1,1,0,0,0,0,3,slightly_injured
2018,3,Tue,3,52.49205885,13.30934171,night,5,dark,2,wet,1,5,2,0,1,0,0,0,0,2,seriously_injured
2018,3,Fri,6,52.53693537,13.27370577,evening,18,dark,2,dry,0,6,4,0,1,1,0,0,0,3,slightly_injured
2018,3,Thu,5,52.49883863,13.41724125,evening,19,dark,2,dry,0,3,6,1,1,0,0,0,0,3,slightly_injured
2018,3,Thu,5,52.5187569,13.28574979,evening,19,dark,2,dry,0,2,6,0,1,0,0,0,0,3,slightly_injured
2018,3,Fri,6,52.50750914,13.45001575,morning,7,daylight,0,wet,1,2,2,0,1,0,1,0,0,3,slightly_injured
2018,3,Fri,6,52.54814634,13.29665529,evening,18,dusk,1,dry,0,5,3,0,1,0,0,0,0,3,slightly_injured
2018,3,Thu,5,52.52937557,13.46048624,afternoon,13,daylight,0,dry,0,2,6,0,1,0,0,0,0,3,slightly_injured
2018,3,Fri,6,52.48503043,13.38601594,afternoon,17,dusk,1,dry,0,5,2,0,1,0,1,0,0,3,slightly_injured
2018,3,Thu,5,52.50776446,13.4139517,afternoon,12,daylight,0,dry,0,5,5,1,1,0,0,0,0,3,slightly_injured
2018,3,Fri,6,52.54017551,13.37265471,afternoon,17,daylight,0,dry,0,1,1,0,1,0,0,0,0,3,slightly_injured
2018,3,Thu,5,52.6132432,13.48394104,morning,10,daylight,0,dry,0,2,6,0,1,0,0,0,0,2,seriously_injured
2018,3,Fri,6,52.53557809,13.27598816,afternoon,17,dusk,1,wet,1,1,5,0,1,0,0,0,1,3,slightly_injured
2018,3,Tue,3,52.54873327,13.1780196,morning,7,daylight,0,dry,0,5,2,0,1,0,0,0,0,3,slightly_injured
2018,3,Fri,6,52.44933737,13.66375011,morning,7,daylight,0,icy,2,0,1,1,0,0,0,0,0,3,slightly_injured
2018,3,Fri,6,52.54047256,13.41174496,morning,7,daylight,0,dry,0,1,5,0,1,0,0,1,0,3,slightly_injured
2018,3,Thu,5,52.55107865,13.42994621,morning,11,daylight,0,dry,0,2,2,1,1,0,0,0,0,3,slightly_injured
2018,3,Fri,6,52.50630877,13.36826275,afternoon,15,daylight,0,dry,0,5,2,1,1,0,0,0,0,3,slightly_injured
2018,3,Fri,6,52.46863538,13.43065012,afternoon,15,daylight,0,dry,0,2,6,0,1,0,1,0,0,3,slightly_injured
2018,3,Thu,5,52.55104727,13.43563395,morning,11,daylight,0,dry,0,5,3,0,1,0,0,0,0,3,slightly_injured
2018,3,Fri,6,52.51913587,13.26926953,afternoon,15,daylight,0,dry,0,5,3,0,1,0,0,0,0,3,slightly_injured
2018,3,Thu,5,52.51711445,13.30056312,morning,10,daylight,0,dry,0,6,7,0,1,1,0,0,0,3,slightly_injured
2018,3,Fri,6,52.46868418,13.37789492,afternoon,15,daylight,0,dry,0,5,3,0,1,0,0,1,0,2,seriously_injured
2018,3,Mon,2,52.577653,13.36139582,morning,8,daylight,0,icy,2,0,1,1,0,0,0,0,0,3,slightly_injured
2018,3,Thu,5,52.50692904,13.36430186,evening,22,dark,2,wet,1,0,7,0,1,0,0,0,0,3,slightly_injured
2018,3,Thu,5,52.51553067,13.46795526,evening,22,dark,2,dry,0,6,7,1,0,1,0,0,0,3,slightly_injured
2018,3,Thu,5,52.52162342,13.15576797,afternoon,15,daylight,0,dry,0,6,4,0,1,1,0,0,0,3,slightly_injured
2018,3,Thu,5,52.52854689,13.57135653,morning,9,daylight,0,dry,0,2,7,0,1,0,0,0,0,3,slightly_injured
2018,3,Thu,5,52.57440732,13.40990837,afternoon,17,daylight,0,dry,0,5,3,1,1,0,0,0,0,3,slightly_injured
2018,3,Tue,3,52.51195588,13.4433535,evening,19,dark,2,icy,2,5,3,0,1,0,0,0,1,2,seriously_injured
2018,3,Thu,5,52.44238012,13.29733784,evening,21,dark,2,wet,1,5,5,0,1,0,1,0,0,3,slightly_injured
2018,3,Thu,5,52.45056783,13.62300226,evening,19,dark,2,dry,0,5,2,1,1,0,0,0,0,3,slightly_injured
2018,3,Thu,5,52.52271996,13.38041813,morning,9,daylight,0,dry,0,5,2,1,1,0,0,0,0,3,slightly_injured
2018,3,Thu,5,52.54529119,13.34253559,afternoon,14,daylight,0,wet,1,2,6,0,1,0,0,0,0,3,slightly_injured
2018,3,Thu,5,52.44410735,13.32135154,afternoon,13,daylight,0,wet,1,2,2,0,1,0,0,0,0,3,slightly_injured
2018,3,Thu,5,52.50348032,13.41101973,morning,9,daylight,0,dry,0,5,2,1,1,0,0,0,0,3,slightly_injured
2018,3,Wed,4,52.50908845,13.45957478,afternoon,15,daylight,0,wet,1,0,6,0,1,0,0,0,1,3,slightly_injured
2018,3,Thu,5,52.52566483,13.54012811,afternoon,12,daylight,0,wet,1,5,2,1,1,0,0,0,0,3,slightly_injured
2018,3,Thu,5,52.42385474,13.39749752,morning,9,daylight,0,dry,0,5,3,0,1,0,0,0,0,3,slightly_injured
2018,3,Thu,5,52.53721632,13.29711385,evening,18,dark,2,dry,0,6,4,0,1,1,0,0,0,3,slightly_injured
2018,3,Thu,5,52.49703544,13.44922787,morning,9,daylight,0,dry,0,2,6,0,1,0,0,0,0,3,slightly_injured
2018,3,Thu,5,52.48570569,13.34394319,evening,18,dark,2,dry,0,5,3,0,1,0,0,0,0,3,slightly_injured
2018,3,Thu,5,52.46514356,13.4721447,morning,8,daylight,0,dry,0,5,3,0,1,0,0,0,0,3,slightly_injured
2018,3,Thu,5,52.43642899,13.53966455,morning,8,daylight,0,dry,0,2,6,0,1,0,0,0,0,3,slightly_injured
2018,3,Thu,5,52.43240254,13.5352166,morning,6,dusk,1,wet,1,5,2,1,0,0,0,1,0,3,slightly_injured
2018,3,Thu,5,52.46784251,13.4308924,evening,22,dark,2,dry,0,2,3,0,1,0,0,0,0,3,slightly_injured
2018,3,Thu,5,52.49369662,13.3656375,morning,10,daylight,0,wet,1,5,3,0,1,0,0,0,0,3,slightly_injured
2018,3,Thu,5,52.53348622,13.60755409,morning,8,daylight,0,dry,0,0,6,1,0,0,0,0,1,3,slightly_injured
2018,3,Tue,3,52.54501652,13.17660856,afternoon,14,daylight,0,dry,0,0,3,0,1,0,1,0,0,3,slightly_injured
2018,3,Thu,5,52.59549022,13.33314137,morning,10,daylight,0,dry,0,6,2,0,0,1,0,0,1,3,slightly_injured
2018,3,Thu,5,52.54272193,13.41196716,evening,20,dark,2,dry,0,6,4,0,1,1,0,0,0,3,slightly_injured
2018,3,Thu,5,52.50199115,13.4084288,afternoon,17,dark,2,dry,0,0,3,0,1,0,1,0,0,3,slightly_injured
2018,3,Thu,5,52.56967372,13.41515522,morning,10,daylight,0,wet,1,1,5,1,1,0,0,0,0,3,slightly_injured
2018,2,Wed,4,52.52687746,13.42516356,morning,8,daylight,0,dry,0,6,3,0,1,1,0,0,0,3,slightly_injured
2018,3,Thu,5,52.49691594,13.5067659,morning,7,daylight,0,dry,0,2,2,0,1,0,0,0,0,3,slightly_injured
2018,3,Thu,5,52.52381511,13.20342426,morning,8,daylight,0,wet,1,5,5,0,1,0,0,0,0,3,slightly_injured
2018,3,Thu,5,52.53217311,13.15459944,morning,7,daylight,0,dry,0,6,4,0,1,1,0,0,0,2,seriously_injured
2018,3,Thu,5,52.44280778,13.58208801,morning,10,daylight,0,wet,1,2,2,0,1,1,0,0,0,3,slightly_injured
2018,3,Thu,5,52.51172643,13.40790085,afternoon,17,dark,2,dry,0,1,5,1,1,0,0,0,0,3,slightly_injured
2018,3,Tue,3,52.54327937,13.44163537,morning,10,daylight,0,dry,0,6,4,1,0,1,0,0,0,3,slightly_injured
2018,3,Thu,5,52.43268534,13.55480541,afternoon,15,daylight,0,dry,0,5,3,0,1,0,0,0,0,3,slightly_injured
2018,3,Thu,5,52.43677353,13.3140757,morning,7,daylight,0,wet,1,5,3,1,1,0,0,0,0,3,slightly_injured
2018,3,Thu,5,52.52280689,13.46016581,afternoon,17,dark,2,dry,0,5,3,1,1,0,0,0,0,3,slightly_injured
2018,3,Tue,3,52.55103899,13.36228788,afternoon,16,daylight,0,dry,0,6,4,0,1,1,0,0,0,3,slightly_injured
2018,3,Thu,5,52.44744874,13.44795554,afternoon,15,daylight,0,dry,0,6,4,0,1,1,0,0,0,2,seriously_injured
2018,3,Thu,5,52.53815345,13.23072918,afternoon,14,daylight,0,dry,0,2,6,0,1,0,0,0,0,3,slightly_injured
2018,3,Thu,5,52.4415567,13.58534912,afternoon,15,daylight,0,dry,0,6,3,0,1,1,0,0,0,3,slightly_injured
2018,3,Thu,5,52.50768705,13.4717076,morning,9,daylight,0,wet,1,0,7,1,0,0,0,0,0,3,slightly_injured
2018,3,Wed,4,52.51501688,13.41933788,morning,8,daylight,0,dry,0,5,3,1,1,0,0,0,0,3,slightly_injured
2018,3,Thu,5,52.42800189,13.32547496,afternoon,14,daylight,0,dry,0,3,3,1,1,0,0,1,0,2,seriously_injured
2018,3,Wed,4,52.56144164,13.4561312,evening,19,dark,2,wet,1,5,2,0,1,0,0,0,0,2,seriously_injured
2018,3,Thu,5,52.42277713,13.52782692,afternoon,14,daylight,0,dry,0,5,3,1,1,0,0,0,0,3,slightly_injured
2018,3,Wed,4,52.47841991,13.43270256,evening,18,dark,2,wet,1,2,2,0,1,0,0,0,0,3,slightly_injured
2018,3,Tue,3,52.42154867,13.38576881,night,5,dark,2,dry,0,5,7,0,1,0,1,0,0,3,slightly_injured
2018,3,Wed,4,52.45416933,13.31862628,afternoon,17,daylight,0,dry,0,5,3,0,1,0,0,0,0,3,slightly_injured
2018,3,Wed,4,52.5070115,13.34762499,afternoon,12,daylight,0,wet,1,2,6,0,1,0,0,0,0,3,slightly_injured
2018,3,Thu,5,52.43620389,13.21662651,afternoon,14,daylight,0,dry,0,5,2,1,1,0,0,0,0,3,slightly_injured
2018,3,Wed,4,52.46932282,13.31493251,morning,10,daylight,0,wet,1,2,7,0,1,0,0,0,0,3,slightly_injured
2018,3,Wed,4,52.45259462,13.43860165,morning,10,daylight,0,wet,1,5,2,0,1,0,0,0,0,3,slightly_injured
2018,3,Thu,5,52.49120308,13.57576609,afternoon,13,daylight,0,dry,0,5,3,0,1,0,0,0,0,2,seriously_injured
2018,3,Wed,4,52.5157059,13.42668199,morning,9,daylight,0,wet,1,5,3,1,1,0,0,0,0,3,slightly_injured
2018,3,Wed,4,52.55821534,13.37695786,morning,8,daylight,0,wet,1,5,7,0,1,0,0,0,0,3,slightly_injured
2018,3,Thu,5,52.52756191,13.38913998,afternoon,13,daylight,0,dry,0,5,2,1,1,0,0,0,0,3,slightly_injured
2018,3,Wed,4,52.51222366,13.39163983,morning,8,daylight,0,wet,1,5,3,0,1,0,0,0,0,3,slightly_injured
2018,3,Thu,5,52.53890432,13.60837442,afternoon,13,daylight,0,dry,0,5,3,0,1,0,0,0,0,3,slightly_injured
2018,3,Wed,4,52.50966161,13.4019447,afternoon,13,daylight,0,wet,1,1,5,0,1,0,0,0,0,3,slightly_injured
2018,3,Tue,3,52.59622289,13.34740847,evening,20,dark,2,wet,1,6,2,0,1,1,0,0,0,3,slightly_injured
2018,3,Wed,4,52.51747599,13.4656529,morning,7,daylight,0,wet,1,6,4,0,1,1,0,0,0,3,slightly_injured
2018,3,Wed,4,52.46996208,13.55882496,night,5,dark,2,icy,2,0,1,0,1,0,0,0,1,3,slightly_injured
2018,3,Thu,5,52.47884766,13.32881392,afternoon,13,daylight,0,dry,0,5,2,1,1,0,0,0,0,3,slightly_injured
2018,3,Wed,4,52.53376793,13.17924712,morning,8,daylight,0,icy,2,5,3,1,1,0,0,0,0,2,seriously_injured
2018,3,Wed,4,52.50130603,13.41918875,night,2,dark,2,wet,1,6,4,0,0,1,0,0,1,3,slightly_injured
2018,2,Wed,4,52.48503361,13.37670878,afternoon,13,daylight,0,dry,0,5,2,1,0,0,0,0,1,3,slightly_injured
2018,3,Wed,4,52.45616633,13.47533646,afternoon,13,daylight,0,wet,1,2,6,0,1,0,0,0,0,3,slightly_injured
2018,3,Wed,4,52.5038205,13.33728337,evening,23,dark,2,dry,0,6,4,0,1,1,0,0,0,3,slightly_injured
2018,2,Wed,4,52.55178001,13.45303993,afternoon,14,daylight,0,dry,0,6,4,0,1,1,0,0,0,2,seriously_injured
2018,2,Wed,4,52.5058169,13.51966014,afternoon,13,daylight,0,dry,0,6,2,0,1,1,0,0,0,3,slightly_injured
2018,3,Wed,4,52.54475187,13.42964496,evening,21,dark,2,wet,1,1,1,0,1,0,0,0,0,2,seriously_injured
2018,2,Wed,4,52.52288867,13.49940101,afternoon,13,daylight,0,dry,0,2,2,0,1,0,0,0,0,3,slightly_injured
2018,3,Mon,2,52.44911396,13.35411645,afternoon,15,daylight,0,dry,0,2,6,0,1,0,0,0,0,3,slightly_injured
2018,3,Wed,4,52.51035085,13.42969045,evening,18,dark,2,wet,1,2,6,0,1,0,0,0,0,3,slightly_injured
2018,3,Wed,4,52.40221679,13.57755326,evening,18,dark,2,wet,1,5,3,1,1,0,0,0,0,2,seriously_injured
2018,2,Wed,4,52.58168748,13.40614821,afternoon,12,daylight,0,dry,0,5,2,1,1,0,0,0,0,3,slightly_injured
2018,3,Wed,4,52.47786561,13.30815402,evening,18,dusk,1,wet,1,5,2,0,1,0,0,0,0,2,seriously_injured
2018,2,Wed,4,52.52104658,13.19771473,afternoon,12,daylight,0,dry,0,6,2,0,1,1,0,0,0,3,slightly_injured
2018,3,Wed,4,52.49094285,13.32844495,afternoon,17,daylight,0,wet,1,7,7,1,0,0,0,0,0,3,slightly_injured
2018,2,Wed,4,52.50345723,13.38761419,morning,11,daylight,0,dry,0,2,6,0,1,0,0,0,1,3,slightly_injured
2018,3,Tue,3,52.49866981,13.35693024,afternoon,17,dusk,1,wet,1,5,3,1,1,0,0,0,0,2,seriously_injured
2018,2,Wed,4,52.52356987,13.58726859,morning,11,daylight,0,dry,0,5,3,0,1,0,0,0,0,3,slightly_injured
2018,2,Wed,4,52.54855084,13.27498631,morning,11,daylight,0,dry,0,2,6,0,1,0,0,0,1,3,slightly_injured
2018,3,Wed,4,52.4567635,13.3206821,afternoon,15,daylight,0,wet,1,2,2,0,1,0,0,1,1,3,slightly_injured
2018,2,Wed,4,52.50204565,13.41592073,evening,20,dark,2,dry,0,6,2,0,1,1,0,0,0,3,slightly_injured
2018,3,Tue,3,52.44458904,13.51710539,morning,10,daylight,0,wet,1,5,2,0,1,0,0,0,0,3,slightly_injured
2018,3,Mon,2,52.5382545,13.39602291,afternoon,13,daylight,0,wet,1,5,2,0,1,0,0,0,0,3,slightly_injured
2018,3,Tue,3,52.54495007,13.5916262,evening,19,dark,2,dry,0,5,2,0,1,0,0,0,0,3,slightly_injured
2018,3,Mon,2,52.48041898,13.43904999,afternoon,14,daylight,0,dry,0,5,3,0,1,0,0,0,1,3,slightly_injured
2018,3,Tue,3,52.50703345,13.37929592,evening,19,dark,2,dry,0,5,3,1,1,0,0,0,0,3,slightly_injured
2018,3,Mon,2,52.51611817,13.4793879,afternoon,16,daylight,0,dry,0,6,4,0,0,1,0,0,1,3,slightly_injured
2018,3,Mon,2,52.55148849,13.40385473,afternoon,16,daylight,0,dry,0,5,2,1,1,0,0,0,0,3,slightly_injured
2018,3,Tue,3,52.48683443,13.5251728,evening,19,dark,2,wet,1,6,4,0,1,1,0,0,0,2,seriously_injured
2018,3,Mon,2,52.42491478,13.43549403,afternoon,13,daylight,0,dry,0,6,4,0,0,1,0,1,0,3,slightly_injured
2018,3,Mon,2,52.48679792,13.31389119,morning,7,dusk,1,dry,0,6,4,1,0,1,0,0,0,3,slightly_injured
2018,3,Mon,2,52.51129186,13.53261485,afternoon,13,daylight,0,wet,1,6,4,0,0,1,1,0,0,2,seriously_injured
2018,3,Tue,3,52.48656658,13.42461961,evening,18,dusk,1,dry,0,0,6,0,1,0,1,0,0,3,slightly_injured
2018,3,Mon,2,52.56947682,13.56852697,afternoon,16,daylight,0,dry,0,5,2,0,1,0,1,0,0,2,seriously_injured
2018,3,Tue,3,52.53683283,13.60099701,evening,18,dark,2,wet,1,5,3,0,1,0,0,0,0,3,slightly_injured
2018,3,Mon,2,52.40548866,13.41211945,night,4,dark,2,dry,0,6,6,0,1,1,0,0,0,3,slightly_injured
2018,3,Tue,3,52.5243987,13.32748333,evening,18,dark,2,dry,0,2,2,0,1,0,0,0,0,3,slightly_injured
2018,3,Tue,3,52.55698746,13.55717276,afternoon,16,daylight,0,dry,0,6,4,0,1,1,0,0,0,2,seriously_injured
2018,3,Mon,2,52.43321469,13.35299756,afternoon,15,daylight,0,dry,0,2,2,1,1,0,0,0,0,3,slightly_injured
2018,3,Tue,3,52.57040545,13.32051478,afternoon,16,daylight,0,wet,1,2,6,1,1,0,0,0,0,3,slightly_injured
2018,3,Mon,2,52.54997495,13.43365636,afternoon,14,daylight,0,dry,0,3,6,0,1,0,0,0,0,3,slightly_injured
2018,3,Tue,3,52.49158529,13.32279177,afternoon,15,daylight,0,dry,0,0,5,1,1,0,0,0,0,3,slightly_injured
2018,3,Tue,3,52.5682156,13.35912263,afternoon,14,daylight,0,dry,0,5,3,0,1,0,0,0,0,3,slightly_injured
2018,3,Mon,2,52.47462845,13.35887444,afternoon,15,daylight,0,dry,0,5,3,0,1,0,0,0,0,3,slightly_injured
2018,3,Tue,3,52.50941115,13.35130447,night,5,dark,2,dry,0,5,7,0,1,0,1,0,0,3,slightly_injured
2018,3,Tue,3,52.46002176,13.58081668,morning,7,daylight,0,dry,0,5,2,1,1,0,0,0,0,3,slightly_injured
2018,3,Mon,2,52.49995793,13.27347417,afternoon,14,daylight,0,wet,1,5,3,0,1,0,0,0,0,2,seriously_injured
2018,3,Tue,3,52.51555148,13.18456508,morning,7,daylight,0,wet,1,5,2,0,1,0,0,0,0,3,slightly_injured
2018,3,Mon,2,52.50484099,13.34118115,afternoon,13,daylight,0,wet,1,0,1,1,0,0,0,0,0,3,slightly_injured
2018,3,Tue,3,52.46854931,13.42076877,morning,8,daylight,0,wet,1,5,2,1,1,0,0,0,0,3,slightly_injured
2018,3,Mon,2,52.54640163,13.38980577,evening,18,daylight,0,dry,0,3,6,0,1,0,0,0,0,3,slightly_injured
2018,3,Tue,3,52.62369947,13.23636048,morning,9,daylight,0,icy,2,4,6,0,1,0,0,0,0,3,slightly_injured
2018,3,Tue,3,52.5714418,13.3130475,morning,11,daylight,0,wet,1,6,2,0,1,1,0,0,0,3,slightly_injured
2018,3,Mon,2,52.41175247,13.38702775,evening,18,daylight,0,dry,0,2,6,0,1,0,0,0,0,3,slightly_injured
2018,3,Tue,3,52.43926118,13.34352892,morning,11,daylight,0,wet,1,2,6,0,0,0,0,1,0,3,slightly_injured
2018,3,Mon,2,52.52350267,13.37376233,evening,18,daylight,0,dry,0,5,3,1,1,0,0,0,0,3,slightly_injured
2018,3,Tue,3,52.54395876,13.37754116,afternoon,13,daylight,0,wet,1,2,6,0,1,0,0,0,1,3,slightly_injured
2018,3,Mon,2,52.52896577,13.40190851,afternoon,17,daylight,0,dry,0,5,2,1,1,0,0,0,0,3,slightly_injured
2018,3,Mon,2,52.52581252,13.36855259,night,5,dark,2,dry,0,6,4,0,1,1,0,0,0,3,slightly_injured
2018,3,Mon,2,52.54731484,13.36392864,afternoon,16,daylight,0,dry,0,4,6,0,1,0,0,0,0,3,slightly_injured
2018,3,Mon,2,52.61119566,13.21751334,afternoon,17,daylight,0,dry,0,5,3,0,1,0,0,0,0,3,slightly_injured
2018,3,Mon,2,52.56902279,13.37247805,afternoon,16,daylight,0,dry,0,4,2,0,1,0,0,0,0,2,seriously_injured
2018,3,Mon,2,52.5294297,13.397485,afternoon,15,daylight,0,dry,0,3,6,1,1,0,0,0,0,3,slightly_injured
2018,3,Mon,2,52.49527037,13.39753103,afternoon,16,daylight,0,dry,0,2,6,0,1,0,1,0,0,3,slightly_injured
2018,3,Sun,1,52.53574919,13.42142731,evening,18,dusk,1,dry,0,5,5,0,1,0,1,0,0,3,slightly_injured
2018,3,Mon,2,52.43926189,13.26266091,afternoon,15,daylight,0,dry,0,5,2,1,0,0,0,0,1,3,slightly_injured
2018,3,Sun,1,52.44688147,13.55928646,afternoon,17,daylight,0,dry,0,2,6,0,1,0,0,0,0,3,slightly_injured
2018,3,Mon,2,52.45134797,13.57254065,afternoon,15,daylight,0,dry,0,2,6,0,1,0,0,0,0,3,slightly_injured
2018,3,Sun,1,52.5571483,13.36595235,afternoon,17,daylight,0,dry,0,2,6,0,1,0,0,0,0,3,slightly_injured
2018,3,Mon,2,52.48376438,13.43584612,afternoon,15,daylight,0,dry,0,5,2,0,1,0,0,0,0,3,slightly_injured
2018,3,Sun,1,52.50691094,13.46854967,afternoon,14,daylight,0,dry,0,6,2,0,1,1,0,0,0,3,slightly_injured
2018,3,Sun,1,52.53548487,13.42790666,afternoon,15,daylight,0,dry,0,1,5,1,1,0,0,0,0,3,slightly_injured
2018,3,Mon,2,52.48847402,13.30187502,morning,9,daylight,0,dry,0,5,3,1,1,0,0,0,0,3,slightly_injured
2018,3,Sun,1,52.53545939,13.51712348,afternoon,12,daylight,0,dry,0,5,2,0,1,0,0,0,0,3,slightly_injured
2018,3,Sun,1,52.49039306,13.28232113,afternoon,12,daylight,0,dry,0,5,7,0,1,0,0,0,0,3,slightly_injured
2018,3,Mon,2,52.54794667,13.44943455,afternoon,16,daylight,0,dry,0,6,7,0,1,1,0,0,0,3,slightly_injured
2018,3,Sun,1,52.54076565,13.20609258,morning,11,daylight,0,dry,0,2,7,0,1,0,0,0,0,3,slightly_injured
2018,3,Sun,1,52.47924309,13.320344,afternoon,12,daylight,0,dry,0,5,7,0,1,0,1,0,0,2,seriously_injured
2018,3,Mon,2,52.51070612,13.46353623,morning,8,daylight,0,dry,0,2,6,0,1,0,0,0,1,3,slightly_injured
2018,3,Sun,1,52.58732696,13.33479758,afternoon,17,daylight,0,dry,0,5,3,0,1,0,0,0,0,2,seriously_injured
2018,3,Mon,2,52.41045266,13.36719641,morning,8,daylight,0,dry,0,2,6,0,1,0,0,0,0,3,slightly_injured
2018,3,Sun,1,52.53192967,13.40313227,afternoon,15,daylight,0,dry,0,0,1,1,0,0,0,0,0,3,slightly_injured
2018,3,Mon,2,52.54248103,13.36632384,afternoon,15,daylight,0,dry,0,6,4,0,1,1,0,0,0,3,slightly_injured
2018,3,Sun,1,52.52876976,13.40008278,evening,23,dark,2,dry,0,6,4,0,1,1,0,0,0,3,slightly_injured
2018,3,Sun,1,52.5351367,13.51409091,evening,20,dark,2,dry,0,2,6,0,1,0,1,0,0,3,slightly_injured
2018,3,Mon,2,52.50724727,13.46810706,morning,7,daylight,0,dry,0,5,3,1,1,0,0,0,0,3,slightly_injured
2018,3,Sun,1,52.52475638,13.32632164,evening,20,dark,2,dry,0,8,1,0,1,0,0,0,0,3,slightly_injured
2018,3,Mon,2,52.54141919,13.16875779,afternoon,14,daylight,0,dry,0,5,3,0,1,0,0,0,0,3,slightly_injured
2018,3,Mon,2,52.53504426,13.34122856,afternoon,14,daylight,0,dry,0,2,6,0,1,0,0,0,0,3,slightly_injured
2018,3,Sun,1,52.53831324,13.3961723,evening,19,dark,2,dry,0,6,2,0,1,1,0,0,0,3,slightly_injured
2018,3,Sun,1,52.54407833,13.41545392,afternoon,13,daylight,0,dry,0,5,2,1,1,0,0,0,0,3,slightly_injured
2018,3,Mon,2,52.4800061,13.3039872,afternoon,14,daylight,0,dry,0,5,2,1,1,0,0,0,0,3,slightly_injured
2018,3,Mon,2,52.49020454,13.35319732,afternoon,14,daylight,0,dry,0,1,5,0,1,0,1,0,0,3,slightly_injured
2018,3,Sun,1,52.54572454,13.50773379,morning,10,daylight,0,dry,0,8,1,0,1,0,0,0,0,2,seriously_injured
2018,3,Mon,2,52.40930832,13.37141261,afternoon,14,daylight,0,dry,0,2,6,0,1,0,0,0,0,3,slightly_injured
2018,3,Sun,1,52.53745645,13.2021765,morning,10,daylight,0,dry,0,1,5,0,1,0,0,0,0,3,slightly_injured
2018,3,Mon,2,52.5490198,13.1772362,afternoon,16,daylight,0,dry,0,6,4,1,0,1,0,0,0,3,slightly_injured
2018,3,Sun,1,52.48410392,13.39294844,morning,8,daylight,0,dry,0,6,7,0,0,1,0,0,1,3,slightly_injured
2018,3,Mon,2,52.55347926,13.38640263,afternoon,13,daylight,0,dry,0,5,3,0,1,0,0,0,0,3,slightly_injured
2018,3,Mon,2,52.54869583,13.41334266,morning,11,daylight,0,dry,0,2,2,0,1,0,0,0,0,3,slightly_injured
2018,3,Sun,1,52.52910853,13.23707066,morning,8,daylight,0,dry,0,5,3,0,1,0,0,0,1,2,seriously_injured
2018,3,Mon,2,52.4197024,13.37270434,afternoon,15,daylight,0,dry,0,5,3,0,1,0,0,0,0,3,slightly_injured