ujahr,umonat,weekday,uwochentag,long,lat,time_of_day,ustunde,light_condition,ulichtverh,street_condition,ustrzustand,uart,utyp1,ist_rad,ist_pkw,ist_fuss,ist_krad,ist_gkfz,ist_sonstige,ukategorie,accident_outcome
2018,3,Mon,2,52.52319775,13.30074606,afternoon,16,daylight,0,dry,0,6,7,0,1,1,0,0,0,3,slightly_injured
2018,3,Sun,1,52.43088354,13.72400564,morning,7,daylight,0,dry,0,9,1,0,1,0,0,0,0,2,seriously_injured
2018,3,Mon,2,52.54541799,13.3794274,afternoon,17,daylight,0,dry,0,5,2,1,1,0,0,0,0,2,seriously_injured
2018,3,Mon,2,52.42479578,13.62482032,afternoon,17,dusk,1,dry,0,2,7,0,1,0,0,0,0,3,slightly_injured
2018,3,Sun,1,52.52396558,13.41175779,night,3,dark,2,dry,0,5,3,0,1,0,0,0,0,3,slightly_injured
2018,3,Mon,2,52.44214077,13.38085899,morning,9,daylight,0,dry,0,2,6,0,1,0,0,0,1,3,slightly_injured
2018,3,Sat,7,52.53479324,13.19935419,evening,20,dark,2,dry,0,2,2,0,1,0,0,0,0,3,slightly_injured
2018,3,Mon,2,52.5635998,13.50575368,evening,18,dusk,1,dry,0,6,4,0,1,1,0,0,0,3,slightly_injured
2018,3,Sat,7,52.5349189,13.59861223,evening,20,dark,2,dry,0,2,6,0,1,0,0,0,0,3,slightly_injured
2018,3,Mon,2,52.45791843,13.31779578,evening,20,dark,2,dry,0,5,2,1,1,0,0,0,0,3,slightly_injured
2018,3,Mon,2,52.53329945,13.19857234,afternoon,13,daylight,0,dry,0,0,6,0,1,0,0,0,1,3,slightly_injured
2018,3,Sat,7,52.5479937,13.49416555,evening,20,dark,2,dry,0,0,1,1,0,0,0,0,0,2,seriously_injured
2018,3,Mon,2,52.51473876,13.31528236,evening,20,dark,2,dry,0,5,2,0,1,0,0,0,0,3,slightly_injured
2018,3,Mon,2,52.42515699,13.43539092,evening,18,dusk,1,dry,0,2,6,0,1,0,0,0,0,3,slightly_injured
2018,3,Sat,7,52.42364163,13.52003225,evening,19,dark,2,dry,0,9,1,0,0,0,1,0,0,2,seriously_injured
2018,3,Sat,7,52.5458812,13.44397441,evening,18,dusk,1,dry,0,5,2,0,1,0,1,0,0,3,slightly_injured
2018,3,Mon,2,52.56115463,13.21260611,night,5,daylight,0,dry,0,5,3,0,1,0,0,0,0,3,slightly_injured
2018,3,Sat,7,52.46462915,13.43276992,afternoon,17,daylight,0,dry,0,3,6,0,1,0,0,0,0,3,slightly_injured
2018,3,Mon,2,52.54017719,13.37985367,night,5,dark,2,dry,0,0,2,0,1,0,0,0,1,3,slightly_injured
2018,3,Sat,7,52.51311235,13.44761915,afternoon,16,daylight,0,dry,0,5,2,1,1,0,0,0,0,3,slightly_injured
2018,3,Sun,1,52.48833923,13.30444102,afternoon,12,daylight,0,dry,0,5,2,0,1,0,0,0,0,3,slightly_injured
2018,3,Sat,7,52.54188218,13.41325335,afternoon,16,daylight,0,dry,0,5,7,0,0,0,1,0,1,2,seriously_injured
2018,3,Sun,1,52.50219425,13.32380991,afternoon,17,dusk,1,dry,0,0,6,0,1,0,1,0,0,3,slightly_injured
2018,3,Sun,1,52.43121928,13.48360587,afternoon,15,daylight,0,dry,0,5,3,0,1,0,0,0,1,3,slightly_injured
2018,3,Sat,7,52.59242078,13.39842077,afternoon,14,daylight,0,dry,0,2,2,0,1,0,1,0,0,3,slightly_injured
2018,3,Sun,1,52.52331188,13.40313109,evening,20,dark,2,dry,0,1,5,1,1,0,0,0,1,3,slightly_injured
2018,3,Sat,7,52.52051859,13.38823269,afternoon,13,daylight,0,dry,0,6,4,1,0,1,0,0,0,2,seriously_injured
2018,3,Sun,1,52.55921546,13.20793699,afternoon,16,daylight,0,dry,0,2,4,0,1,1,0,0,0,3,slightly_injured
2018,3,Sat,7,52.41659678,13.40989778,afternoon,12,daylight,0,dry,0,6,7,0,1,1,0,0,0,3,slightly_injured
2018,3,Sat,7,52.42168174,13.29796902,morning,11,daylight,0,dry,0,6,4,0,1,1,0,0,0,3,slightly_injured
2018,3,Sun,1,52.56445216,13.39322795,morning,8,daylight,0,dry,0,6,2,0,1,1,0,0,0,3,slightly_injured
2018,3,Sat,7,52.53628284,13.49222758,morning,10,daylight,0,dry,0,1,7,0,1,0,0,0,0,3,slightly_injured
2018,3,Sat,7,52.43867077,13.56722907,morning,10,daylight,0,dry,0,2,6,0,1,0,0,0,0,3,slightly_injured
2018,3,Sun,1,52.40032425,13.48815014,morning,9,daylight,0,dry,0,2,6,0,1,0,0,0,1,3,slightly_injured
2018,3,Sun,1,52.5211282,13.32234537,night,5,dark,2,dry,0,8,1,0,1,0,1,0,0,2,seriously_injured
2018,3,Sat,7,52.48461617,13.42886949,morning,9,daylight,0,dry,0,5,3,0,1,0,0,0,1,3,slightly_injured
2018,3,Sun,1,52.54699214,13.18794399,afternoon,12,daylight,0,dry,0,2,6,0,1,0,0,0,0,3,slightly_injured
2018,3,Sat,7,52.46506007,13.32850702,night,0,dark,2,dry,0,5,2,0,1,0,0,0,1,3,slightly_injured
2018,3,Sat,7,52.45767444,13.49838435,night,3,dark,2,dry,0,8,1,0,1,0,0,0,0,2,seriously_injured
2018,3,Sun,1,52.41352234,13.34991306,morning,6,daylight,0,dry,0,1,1,0,1,0,0,0,0,3,slightly_injured
2018,3,Fri,6,52.54501734,13.1952077,evening,18,dark,2,dry,0,5,3,0,1,0,0,0,0,3,slightly_injured
2018,3,Sun,1,52.56078175,13.33363165,afternoon,13,daylight,0,dry,0,9,1,0,1,0,0,0,0,2,seriously_injured
2018,3,Fri,6,52.49130266,13.39255812,afternoon,17,daylight,0,dry,0,3,6,1,1,0,0,0,0,3,slightly_injured
2018,3,Fri,6,52.50563544,13.51605024,morning,9,daylight,0,dry,0,6,7,0,0,1,0,0,1,3,slightly_injured
2018,3,Sat,7,52.47689386,13.42644509,evening,21,dark,2,dry,0,6,4,0,1,1,0,0,0,3,slightly_injured
2018,3,Fri,6,52.54732262,13.40963603,night,5,dusk,1,wet,1,5,3,0,1,0,0,0,0,3,slightly_injured
2018,3,Fri,6,52.51620883,13.25949475,evening,23,dark,2,dry,0,1,7,0,1,0,0,0,0,2,seriously_injured
2018,3,Sat,7,52.50134118,13.35696514,night,2,dark,2,dry,0,7,7,0,0,0,1,0,0,3,slightly_injured
2018,3,Sat,7,52.52433556,13.36819999,night,3,dark,2,dry,0,8,1,0,1,0,0,0,0,2,seriously_injured
2018,3,Fri,6,52.49428737,13.39961462,morning,9,daylight,0,dry,0,5,3,1,1,0,0,0,0,3,slightly_injured
2018,3,Sat,7,52.51067357,13.43724107,morning,9,daylight,0,dry,0,0,4,0,0,1,0,0,1,3,slightly_injured
2018,3,Fri,6,52.54467965,13.37026196,afternoon,16,daylight,0,dry,0,5,2,0,1,0,0,0,0,3,slightly_injured
2018,3,Sat,7,52.44682665,13.62491012,morning,11,daylight,0,dry,0,2,6,0,1,0,0,0,0,3,slightly_injured
2018,3,Fri,6,52.53610676,13.35772138,afternoon,14,daylight,0,wet,1,2,6,0,1,0,0,0,0,3,slightly_injured
2018,3,Sat,7,52.54050089,13.37937423,afternoon,12,daylight,0,dry,0,2,6,0,1,0,0,0,0,3,slightly_injured
2018,3,Sat,7,52.46169522,13.47826895,night,0,dark,2,wet,1,1,1,0,1,0,0,0,0,2,seriously_injured
2018,3,Fri,6,52.51725827,13.61464348,afternoon,14,daylight,0,dry,0,2,6,0,1,0,0,0,0,3,slightly_injured
2018,3,Sat,7,52.43944096,13.55227858,night,0,dark,2,icy,2,5,3,0,1,0,0,0,0,3,slightly_injured
2018,3,Sat,7,52.59879188,13.34350932,afternoon,15,daylight,0,dry,0,5,3,1,1,0,0,0,0,3,slightly_injured
2018,3,Fri,6,52.53339879,13.40230707,afternoon,13,daylight,0,wet,1,1,5,0,1,0,0,0,0,3,slightly_injured
2018,3,Sat,7,52.49997551,13.40793285,afternoon,15,daylight,0,dry,0,5,3,0,1,0,0,0,0,3,slightly_injured
2018,3,Fri,6,52.60433162,13.47472379,afternoon,17,daylight,0,dry,0,5,2,0,1,0,0,0,1,3,slightly_injured
2018,3,Sat,7,52.42344319,13.32682858,afternoon,15,daylight,0,dry,0,1,5,0,1,0,0,0,0,3,slightly_injured
2018,3,Sat,7,52.59561629,13.33444023,afternoon,16,daylight,0,dry,0,0,2,0,0,0,0,0,1,3,slightly_injured
2018,3,Fri,6,52.50239195,13.48660981,afternoon,17,daylight,0,dry,0,5,2,1,1,0,0,0,0,3,slightly_injured
2018,3,Fri,6,52.44805178,13.3854078,afternoon,17,dusk,1,icy,2,2,2,0,1,0,0,0,0,3,slightly_injured
2018,3,Fri,6,52.49342757,13.32320373,afternoon,17,daylight,0,dry,0,2,6,0,1,0,0,0,0,3,slightly_injured
2018,3,Fri,6,52.56721214,13.41120145,afternoon,13,daylight,0,dry,0,6,4,0,1,1,0,0,0,3,slightly_injured
2018,3,Fri,6,52.46939307,13.32597296,afternoon,17,dusk,1,dry,0,2,6,0,1,0,0,0,0,3,slightly_injured
2018,3,Fri,6,52.54727979,13.55483247,afternoon,14,daylight,0,dry,0,5,3,1,0,0,0,0,1,3,slightly_injured
2018,3,Fri,6,52.49560509,13.43033261,evening,21,dark,2,icy,2,6,4,0,0,1,0,0,1,2,seriously_injured
2018,3,Fri,6,52.52969616,13.40482741,evening,19,dark,2,dry,0,3,6,1,1,0,0,0,0,3,slightly_injured
2018,3,Fri,6,52.4727687,13.45797043,evening,19,dark,2,icy,2,2,6,0,1,0,0,0,0,3,slightly_injured
2018,3,Fri,6,52.4880487,13.41475908,evening,21,dark,2,dry,0,2,6,0,1,0,0,0,0,3,slightly_injured
2018,3,Fri,6,52.41949065,13.30325635,evening,18,dark,2,icy,2,1,1,0,1,0,1,0,0,3,slightly_injured
2018,3,Fri,6,52.50361683,13.27905375,night,5,dark,2,wet,1,5,2,0,1,0,0,0,0,3,slightly_injured
2018,3,Fri,6,52.42085441,13.17630823,afternoon,13,daylight,0,wet,1,8,1,0,1,0,0,0,0,3,slightly_injured
2018,3,Fri,6,52.53835267,13.39631313,morning,7,daylight,0,wet,1,2,6,0,1,0,0,0,1,3,slightly_injured
2018,3,Fri,6,52.43040846,13.53141548,morning,8,daylight,0,wet,1,2,6,1,1,0,0,0,0,2,seriously_injured
2018,3,Fri,6,52.49928985,13.35410355,morning,10,daylight,0,dry,0,6,2,0,1,1,0,0,0,3,slightly_injured
2018,3,Fri,6,52.48202763,13.43962293,morning,8,daylight,0,wet,1,2,6,0,1,0,0,0,0,3,slightly_injured
2018,3,Fri,6,52.53283789,13.41190861,morning,8,daylight,0,wet,1,6,7,1,0,1,0,0,0,3,slightly_injured
2018,3,Fri,6,52.46548559,13.37779761,afternoon,15,daylight,0,wet,1,2,6,0,1,0,0,0,0,3,slightly_injured
2018,3,Fri,6,52.50864751,13.49743178,afternoon,15,daylight,0,wet,1,3,6,1,1,0,0,0,0,3,slightly_injured
2018,3,Fri,6,52.5217588,13.16254707,morning,10,daylight,0,wet,1,5,2,0,1,0,0,0,0,3,slightly_injured
2018,3,Fri,6,52.41868065,13.35254493,afternoon,16,daylight,0,wet,1,1,5,0,1,0,0,0,0,3,slightly_injured
2018,3,Fri,6,52.50680718,13.41321382,morning,11,daylight,0,wet,1,5,2,1,0,0,1,0,0,3,slightly_injured
2018,3,Fri,6,52.48881011,13.4077193,afternoon,16,daylight,0,wet,1,6,2,0,1,1,0,0,0,3,slightly_injured
2018,3,Fri,6,52.48168797,13.43402072,afternoon,13,daylight,0,wet,1,6,4,1,0,1,0,0,0,3,slightly_injured
2018,3,Fri,6,52.50657083,13.29923834,afternoon,13,daylight,0,dry,0,3,6,1,0,0,0,1,0,2,seriously_injured
2018,3,Fri,6,52.43149136,13.71836645,afternoon,17,dusk,1,wet,1,2,7,0,1,0,0,1,0,3,slightly_injured
2018,3,Fri,6,52.41021875,13.66574901,afternoon,13,daylight,0,dry,0,4,6,1,0,0,1,0,0,3,slightly_injured
2018,3,Fri,6,52.52317547,13.36975912,evening,20,dark,2,dry,0,9,1,0,0,0,1,0,0,1,killed
2018,3,Fri,6,52.41702745,13.47731712,evening,18,dark,2,wet,1,2,2,0,1,0,0,0,0,3,slightly_injured
2018,3,Thu,5,52.47073416,13.28898361,afternoon,15,daylight,0,wet,1,2,6,0,1,0,0,0,0,3,slightly_injured
2018,3,Tue,3,52.45846807,13.33532694,afternoon,12,daylight,0,dry,0,1,3,1,1,0,0,0,0,3,slightly_injured
2018,3,Thu,5,52.51479231,13.37968595,morning,8,daylight,0,dry,0,6,7,0,1,1,0,0,0,3,slightly_injured
2018,3,Thu,5,52.45801321,13.39330595,evening,20,dark,2,dry,0,6,2,0,1,1,0,0,0,3,slightly_injured
2018,3,Thu,5,52.50240315,13.43079238,evening,19,dark,2,dry,0,0,7,0,0,1,0,0,1,3,slightly_injured
2018,3,Thu,5,52.45018224,13.59348286,evening,18,dark,2,wet,1,2,6,0,1,0,0,0,1,3,slightly_injured
2018,3,Thu,5,52.46123963,13.57799523,evening,18,dusk,1,dry,0,5,2,0,1,0,0,0,0,3,slightly_injured
2018,3,Thu,5,52.49902851,13.42077654,evening,18,dark,2,wet,1,0,6,0,1,0,1,0,0,3,slightly_injured
2018,3,Tue,3,52.48298915,13.50145981,afternoon,13,daylight,0,dry,0,2,6,0,1,0,0,0,1,3,slightly_injured
2018,3,Thu,5,52.4859446,13.42317135,afternoon,14,daylight,0,dry,0,6,7,0,1,1,0,0,0,3,slightly_injured
2018,3,Thu,5,52.41403478,13.41052634,evening,18,dark,2,wet,1,5,3,0,1,0,0,0,0,3,slightly_injured
2018,3,Thu,5,52.52877106,13.12865113,evening,18,dark,2,dry,0,5,3,0,1,0,0,0,0,3,slightly_injured
2018,3,Tue,3,52.55039778,13.51006016,afternoon,12,daylight,0,dry,0,5,7,0,1,0,0,0,0,3,slightly_injured
2018,3,Thu,5,52.54371456,13.37439996,evening,19,dark,2,dry,0,5,3,0,1,0,0,0,0,2,seriously_injured
2018,3,Thu,5,52.53835314,13.27596777,afternoon,17,daylight,0,wet,1,5,3,1,1,0,0,0,0,3,slightly_injured
2018,3,Thu,5,52.49852507,13.40672236,afternoon,17,dusk,1,wet,1,6,2,0,1,1,0,0,0,3,slightly_injured
2018,3,Thu,5,52.53140306,13.46894694,evening,18,dusk,1,dry,0,5,2,0,1,0,0,0,0,3,slightly_injured
2018,3,Thu,5,52.586442,13.42530778,evening,20,dark,2,dry,0,2,2,0,1,0,0,0,0,3,slightly_injured
2018,3,Thu,5,52.41373073,13.4920445,afternoon,16,daylight,0,wet,1,2,6,0,1,0,0,0,0,3,slightly_injured
2018,3,Tue,3,52.54219981,13.3569884,afternoon,12,daylight,0,dry,0,6,2,0,1,1,0,0,0,3,slightly_injured
2018,3,Thu,5,52.52239138,13.45068095,morning,8,daylight,0,dry,0,5,2,1,0,0,0,0,1,3,slightly_injured
2018,3,Thu,5,52.54721513,13.3622589,afternoon,15,daylight,0,wet,1,1,5,0,1,0,0,0,0,3,slightly_injured
2018,3,Tue,3,52.55592497,13.42946294,afternoon,12,daylight,0,dry,0,5,2,1,0,0,0,0,1,2,seriously_injured
2018,3,Thu,5,52.55362913,13.41398371,morning,10,daylight,0,dry,0,2,6,0,1,0,0,0,0,3,slightly_injured
2018,3,Thu,5,52.57469577,13.37353228,afternoon,15,daylight,0,wet,1,5,3,1,1,0,0,0,0,3,slightly_injured
2018,3,Thu,5,52.50292114,13.41329959,morning,10,daylight,0,dry,0,5,2,1,1,0,0,0,0,3,slightly_injured
2018,3,Thu,5,52.54946162,13.55837358,afternoon,14,daylight,0,wet,1,1,7,0,1,0,0,0,0,3,slightly_injured
2018,3,Tue,3,52.45105522,13.33798241,morning,11,daylight,0,dry,0,5,2,0,1,0,0,0,0,3,slightly_injured
2018,3,Thu,5,52.5652864,13.32842227,morning,7,daylight,0,dry,0,6,4,0,1,1,0,0,0,2,seriously_injured
2018,3,Thu,5,52.47871488,13.52473991,morning,7,daylight,0,dry,0,2,6,0,1,0,0,0,0,3,slightly_injured
2018,3,Thu,5,52.51276026,13.41155212,afternoon,14,daylight,0,wet,1,5,2,1,1,0,0,0,0,3,slightly_injured
2018,3,Thu,5,52.4554817,13.6184282,morning,10,daylight,0,dry,0,6,7,0,1,1,0,0,0,2,seriously_injured
2018,3,Thu,5,52.53965908,13.48415703,morning,11,daylight,0,dry,0,5,3,1,1,0,0,0,0,3,slightly_injured
2018,3,Thu,5,52.48049772,13.44696776,afternoon,12,daylight,0,wet,1,5,3,0,1,0,0,0,0,3,slightly_injured
2018,3,Mon,2,52.53637896,13.19118741,evening,18,dusk,1,dry,0,0,4,0,0,1,1,0,0,3,slightly_injured
2018,3,Thu,5,52.52150943,13.64373139,morning,11,daylight,0,dry,0,5,3,0,1,0,0,0,0,3,slightly_injured
2018,3,Thu,5,52.50644357,13.35218134,evening,19,dark,2,wet,1,6,2,0,1,1,0,0,0,3,slightly_injured
2018,3,Thu,5,52.47593901,13.34441469,afternoon,12,daylight,0,wet,1,1,5,1,0,0,0,0,1,3,slightly_injured
2018,3,Thu,5,52.55003662,13.38788297,evening,20,dark,2,wet,1,5,2,1,0,0,0,0,1,2,seriously_injured
2018,3,Mon,2,52.54299849,13.39224637,evening,23,dark,2,dry,0,6,4,0,1,1,0,0,0,2,seriously_injured
2018,3,Thu,5,52.55068626,13.35281478,afternoon,12,daylight,0,dry,0,1,7,0,1,1,0,0,0,3,slightly_injured
2018,3,Thu,5,52.48845581,13.30274775,afternoon,13,daylight,0,dry,0,2,6,0,1,0,0,0,0,3,slightly_injured
2018,3,Thu,5,52.52400497,13.33124694,afternoon,14,daylight,0,dry,0,6,4,0,1,1,0,0,0,3,slightly_injured
2018,3,Thu,5,52.52945577,13.37924659,afternoon,12,daylight,0,wet,1,2,6,0,1,0,0,0,0,3,slightly_injured
2018,3,Thu,5,52.60068572,13.33352911,afternoon,13,daylight,0,dry,0,3,6,0,1,0,0,0,1,3,slightly_injured
2018,3,Thu,5,52.50670492,13.39035322,afternoon,12,daylight,0,wet,1,6,4,0,1,1,0,0,0,3,slightly_injured
2018,3,Mon,2,52.44149551,13.29831453,afternoon,14,daylight,0,dry,0,5,2,1,1,0,0,0,0,3,slightly_injured
2018,3,Thu,5,52.53380266,13.28206864,afternoon,15,daylight,0,dry,0,2,6,0,1,0,0,0,0,3,slightly_injured
2018,3,Thu,5,52.54306317,13.55041744,afternoon,16,daylight,0,dry,0,5,3,0,0,0,1,0,1,2,seriously_injured
2018,3,Thu,5,52.50205731,13.31691373,afternoon,12,daylight,0,wet,1,1,5,1,1,0,0,0,0,3,slightly_injured
2018,3,Thu,5,52.52657412,13.35444307,afternoon,16,dusk,1,dry,0,0,7,0,0,0,1,0,1,3,slightly_injured
2018,3,Wed,4,52.48099703,13.42639536,evening,18,dusk,1,dry,0,3,6,1,1,0,0,0,0,3,slightly_injured
2018,3,Thu,5,52.52571879,13.51942127,morning,11,daylight,0,wet,1,6,4,0,0,1,0,0,1,3,slightly_injured
2018,3,Thu,5,52.46834297,13.49059661,morning,7,daylight,0,wet,1,5,3,1,1,0,0,0,0,2,seriously_injured
2018,3,Mon,2,52.50342076,13.34269748,morning,11,daylight,0,dry,0,6,7,0,1,1,0,0,0,3,slightly_injured
2018,3,Wed,4,52.46989242,13.37194054,afternoon,14,daylight,0,dry,0,5,7,1,1,0,0,0,0,2,seriously_injured
2018,3,Thu,5,52.58010036,13.29731228,morning,7,daylight,0,wet,1,5,2,0,1,0,0,0,0,3,slightly_injured
2018,3,Wed,4,52.49205398,13.52688693,morning,10,daylight,0,dry,0,5,3,1,1,0,0,0,0,3,slightly_injured
2018,3,Thu,5,52.49043339,13.55833594,morning,8,daylight,0,wet,1,6,4,0,1,1,0,0,0,3,slightly_injured
2018,3,Wed,4,52.49985022,13.2964789,morning,7,daylight,0,wet,1,5,3,1,1,0,0,0,0,3,slightly_injured
2018,3,Thu,5,52.43566226,13.25608536,morning,8,daylight,0,wet,1,2,7,0,1,0,0,0,1,3,slightly_injured
2018,3,Thu,5,52.4888952,13.39739446,morning,8,daylight,0,wet,1,5,2,1,1,0,0,0,0,3,slightly_injured
2018,3,Wed,4,52.61041111,13.23105337,morning,6,daylight,0,wet,1,2,6,0,1,0,0,0,0,3,slightly_injured
2018,3,Thu,5,52.51103412,13.38076933,morning,10,daylight,0,wet,1,6,4,0,1,1,0,0,0,2,seriously_injured
2018,3,Wed,4,52.52706921,13.41513862,morning,8,daylight,0,wet,1,2,6,0,1,0,0,1,0,3,slightly_injured
2018,3,Thu,5,52.5095245,13.35153373,morning,10,daylight,0,wet,1,5,2,1,1,0,0,0,0,3,slightly_injured
2018,3,Thu,5,52.53836104,13.32610823,morning,11,daylight,0,wet,1,5,2,0,1,0,0,0,0,2,seriously_injured
2018,3,Mon,2,52.51809445,13.40990532,morning,11,daylight,0,dry,0,5,3,1,1,0,0,0,0,3,slightly_injured
2018,3,Wed,4,52.43488834,13.25079535,evening,18,dark,2,dry,0,5,2,0,1,0,0,0,0,3,slightly_injured
2018,3,Thu,5,52.42129159,13.25024837,morning,11,daylight,0,wet,1,5,3,0,1,0,0,0,0,3,slightly_injured
2018,3,Wed,4,52.50925712,13.47312623,afternoon,14,daylight,0,dry,0,2,6,0,1,0,0,0,0,3,slightly_injured
2018,3,Wed,4,52.48645677,13.35971486,evening,19,dark,2,dry,0,1,5,1,1,0,0,0,0,3,slightly_injured
2018,3,Wed,4,52.5318524,13.30575755,morning,8,daylight,0,dry,0,4,2,1,1,0,0,0,0,3,slightly_injured
2018,3,Wed,4,52.55110541,13.38370912,evening,20,dark,2,dry,0,6,7,0,1,1,0,0,0,3,slightly_injured
2018,3,Wed,4,52.51572338,13.26767897,afternoon,17,daylight,0,dry,0,5,3,0,1,0,0,0,0,3,slightly_injured
2018,3,Mon,2,52.47798316,13.28082667,afternoon,12,daylight,0,dry,0,5,7,0,1,0,0,0,0,3,slightly_injured
2018,3,Wed,4,52.4565373,13.57764454,afternoon,15,daylight,0,dry,0,6,4,0,1,1,0,0,0,3,slightly_injured
2018,3,Wed,4,52.3866687,13.40700863,afternoon,17,daylight,0,dry,0,5,2,1,1,0,0,0,0,2,seriously_injured
2018,3,Wed,4,52.3937636,13.40655118,afternoon,17,daylight,0,dry,0,5,3,0,1,0,0,0,0,3,slightly_injured
2018,3,Mon,2,52.56311672,13.32950222,afternoon,13,daylight,0,dry,0,6,4,0,1,1,0,0,0,3,slightly_injured
2018,3,Wed,4,52.52211332,13.45400014,afternoon,17,daylight,0,dry,0,6,4,0,1,1,0,0,0,3,slightly_injured
2018,3,Wed,4,52.5163662,13.38083762,afternoon,17,daylight,0,dry,0,5,2,1,1,0,0,0,0,3,slightly_injured
2018,3,Wed,4,52.52235269,13.45052514,afternoon,16,daylight,0,dry,0,5,2,0,1,0,1,0,0,3,slightly_injured
2018,3,Wed,4,52.52254941,13.37963175,afternoon,16,daylight,0,dry,0,5,2,1,1,0,0,0,0,3,slightly_injured
2018,3,Wed,4,52.59548507,13.33311018,afternoon,15,daylight,0,dry,0,6,4,0,1,1,0,0,0,3,slightly_injured
2018,3,Wed,4,52.50695879,13.35460533,afternoon,15,daylight,0,dry,0,0,7,1,0,0,0,0,0,3,slightly_injured
2018,3,Wed,4,52.5214335,13.44685539,afternoon,15,daylight,0,dry,0,2,6,1,0,0,0,0,0,3,slightly_injured
2018,3,Wed,4,52.51442814,13.43864843,afternoon,15,daylight,0,wet,1,6,4,0,1,1,0,0,0,2,seriously_injured
2018,3,Wed,4,52.48153086,13.43962194,afternoon,14,daylight,0,wet,1,1,5,1,1,0,0,0,0,3,slightly_injured
2018,3,Wed,4,52.42745961,13.52673705,afternoon,15,daylight,0,dry,0,1,5,0,0,0,1,0,1,3,slightly_injured
2018,3,Wed,4,52.5505181,13.37875557,afternoon,13,daylight,0,wet,1,6,4,0,1,1,0,0,0,2,seriously_injured
2018,3,Wed,4,52.50129834,13.28151083,evening,18,dark,2,dry,0,2,6,0,1,0,0,0,0,3,slightly_injured
2018,3,Wed,4,52.48041,13.31279868,afternoon,13,daylight,0,dry,0,5,2,0,1,0,0,0,0,3,slightly_injured
2018,3,Wed,4,52.57246525,13.40825093,evening,19,dark,2,dry,0,1,7,1,1,0,0,0,0,3,slightly_injured
2018,3,Wed,4,52.53759241,13.60480133,afternoon,12,daylight,0,wet,1,0,4,0,0,1,0,0,1,3,slightly_injured
2018,3,Wed,4,52.41365204,13.42603556,morning,11,daylight,0,wet,1,6,4,0,1,1,0,0,0,2,seriously_injured
2018,3,Wed,4,52.45102015,13.27050621,afternoon,15,daylight,0,dry,0,6,2,0,1,1,0,0,0,2,seriously_injured
2018,3,Wed,4,52.55064087,13.5118283,afternoon,12,daylight,0,wet,1,5,3,1,1,0,0,0,0,3,slightly_injured
2018,3,Wed,4,52.53556074,13.19491722,morning,10,daylight,0,dry,0,2,6,0,1,0,0,0,0,3,slightly_injured
2018,3,Wed,4,52.55113201,13.16536351,afternoon,14,daylight,0,dry,0,5,2,1,1,0,0,0,0,3,slightly_injured
2018,3,Tue,3,52.46873759,13.51469932,afternoon,17,dusk,1,wet,1,5,3,0,1,0,0,0,1,3,slightly_injured
2018,3,Tue,3,52.50416225,13.35109366,evening,18,dusk,1,dry,0,2,6,0,1,0,0,0,0,3,slightly_injured
2018,3,Wed,4,52.54337347,13.34773368,afternoon,14,daylight,0,dry,0,3,6,0,1,0,0,0,0,3,slightly_injured
2018,3,Tue,3,52.53539141,13.4742599,afternoon,12,daylight,0,dry,0,3,6,0,1,0,0,0,0,2,seriously_injured
2018,3,Wed,4,52.48062051,13.37892941,afternoon,14,daylight,0,dry,0,5,3,1,1,0,0,0,0,3,slightly_injured
2018,3,Tue,3,52.44905686,13.33860593,evening,18,dark,2,icy,2,6,4,1,0,1,0,0,0,2,seriously_injured
2018,3,Wed,4,52.53401468,13.49649985,afternoon,13,daylight,0,dry,0,5,3,1,1,0,0,0,0,3,slightly_injured
2018,3,Tue,3,52.4558241,13.38410725,afternoon,13,daylight,0,dry,0,3,6,1,1,0,0,0,0,3,slightly_injured
2018,3,Tue,3,52.47385989,13.52022407,morning,10,daylight,0,dry,0,0,7,1,0,0,0,0,0,3,slightly_injured
2018,3,Wed,4,52.51614503,13.40801055,afternoon,13,daylight,0,dry,0,2,6,0,1,0,0,0,1,3,slightly_injured
2018,3,Tue,3,52.43026954,13.25954728,afternoon,14,daylight,0,wet,1,6,4,0,1,1,0,0,0,3,slightly_injured
2018,3,Tue,3,52.45101037,13.2706948,afternoon,15,daylight,0,dry,0,5,2,0,1,0,0,0,0,3,slightly_injured
2018,3,Wed,4,52.52765927,13.6050894,afternoon,12,daylight,0,dry,0,2,2,0,1,0,0,0,0,3,slightly_injured
2018,3,Wed,4,52.45583655,13.3155299,morning,8,daylight,0,dry,0,1,5,1,1,0,0,0,1,3,slightly_injured
2018,3,Tue,3,52.55209461,13.43667952,afternoon,13,daylight,0,wet,1,6,4,0,1,1,0,0,0,3,slightly_injured
2018,3,Wed,4,52.48658141,13.52696065,morning,6,daylight,0,dry,0,5,2,1,1,0,0,0,0,3,slightly_injured
2018,3,Wed,4,52.41998786,13.49012871,morning,7,daylight,0,wet,1,5,3,0,1,0,0,0,0,3,slightly_injured
2018,3,Tue,3,52.49231767,13.34083459,afternoon,16,daylight,0,dry,0,1,5,1,1,0,0,0,0,3,slightly_injured