ujahr,umonat,weekday,uwochentag,long,lat,time_of_day,ustunde,light_condition,ulichtverh,street_condition,ustrzustand,uart,utyp1,ist_rad,ist_pkw,ist_fuss,ist_krad,ist_gkfz,ist_sonstige,ukategorie,accident_outcome
2018,3,Wed,4,52.49673618,13.44949901,morning,7,daylight,0,dry,0,5,3,1,1,0,0,0,0,3,slightly_injured
2018,3,Wed,4,52.50106976,13.39364708,morning,7,daylight,0,dry,0,1,5,0,1,0,0,0,1,3,slightly_injured
2018,3,Tue,3,52.58716813,13.3236132,afternoon,16,daylight,0,dry,0,5,2,1,1,0,0,0,0,3,slightly_injured
2018,3,Tue,3,52.49543756,13.331093,morning,10,daylight,0,dry,0,5,2,1,1,0,0,0,0,2,seriously_injured
2018,3,Wed,4,52.4103809,13.30666178,morning,7,daylight,0,dry,0,0,5,0,1,0,0,0,1,3,slightly_injured
2018,3,Tue,3,52.48041447,13.3127913,afternoon,16,daylight,0,dry,0,5,2,0,1,0,0,0,0,3,slightly_injured
2018,3,Wed,4,52.48468406,13.3529956,morning,7,daylight,0,dry,0,5,2,1,1,0,0,0,0,3,slightly_injured
2018,3,Tue,3,52.56215146,13.40101506,morning,8,daylight,0,dry,0,5,3,0,1,0,0,0,0,3,slightly_injured
2018,3,Wed,4,52.5420656,13.45336306,morning,8,daylight,0,dry,0,5,3,1,1,0,0,0,0,3,slightly_injured
2018,3,Wed,4,52.51185432,13.40250242,morning,9,daylight,0,dry,0,5,2,0,1,0,1,0,0,3,slightly_injured
2018,3,Wed,4,52.51362184,13.38535304,morning,9,daylight,0,dry,0,0,7,0,1,0,0,0,0,3,slightly_injured
2018,3,Wed,4,52.4454411,13.30193159,morning,8,daylight,0,wet,1,2,6,0,1,0,0,0,1,3,slightly_injured
2018,3,Tue,3,52.51528656,13.39727265,morning,8,daylight,0,wet,1,5,7,1,0,0,0,1,0,3,slightly_injured
2018,4,Mon,2,52.59093434,13.29504111,afternoon,14,daylight,0,dry,0,5,3,0,1,0,0,0,0,3,slightly_injured
2018,4,Mon,2,52.49145018,13.31283418,afternoon,16,daylight,0,dry,0,9,7,0,1,0,0,0,0,3,slightly_injured
2018,4,Tue,3,52.51091713,13.39796158,morning,9,daylight,0,wet,1,2,6,0,1,0,1,0,0,3,slightly_injured
2018,4,Mon,2,52.53058199,13.40194441,morning,9,daylight,0,dry,0,1,5,1,1,0,0,0,0,3,slightly_injured
2018,4,Tue,3,52.48393202,13.39446777,morning,9,daylight,0,wet,1,6,2,0,1,1,0,0,0,3,slightly_injured
2018,4,Mon,2,52.49188652,13.41332241,afternoon,15,daylight,0,dry,0,5,2,1,1,0,0,0,0,3,slightly_injured
2018,4,Tue,3,52.47235398,13.44104348,morning,8,daylight,0,wet,1,2,7,0,1,0,0,0,1,2,seriously_injured
2018,4,Tue,3,52.61329381,13.23605527,morning,8,daylight,0,wet,1,5,3,0,1,0,0,0,0,3,slightly_injured
2018,4,Mon,2,52.54263849,13.18244916,morning,9,daylight,0,dry,0,1,5,0,1,0,1,0,0,3,slightly_injured
2018,4,Tue,3,52.44561958,13.29379569,morning,7,daylight,0,wet,1,2,6,0,1,0,0,0,0,3,slightly_injured
2018,4,Tue,3,52.45430463,13.39581165,morning,7,daylight,0,wet,1,5,3,0,1,0,0,0,0,3,slightly_injured
2018,4,Mon,2,52.58392488,13.33155087,afternoon,15,daylight,0,dry,0,4,7,0,1,0,0,0,0,2,seriously_injured
2018,4,Tue,3,52.41834283,13.41694324,morning,6,daylight,0,wet,1,5,2,1,1,0,0,0,0,3,slightly_injured
2018,4,Mon,2,52.49008179,13.36097501,afternoon,12,daylight,0,dry,0,5,2,1,1,0,0,0,0,3,slightly_injured
2018,4,Tue,3,52.51479881,13.34897811,morning,6,dusk,1,wet,1,5,3,0,1,0,0,0,0,3,slightly_injured
2018,4,Mon,2,52.49877354,13.41219485,morning,9,daylight,0,dry,0,2,2,0,1,0,0,0,0,3,slightly_injured
2018,4,Tue,3,52.49369631,13.38428901,night,0,dark,2,dry,0,5,5,0,1,0,0,0,0,3,slightly_injured
2018,4,Mon,2,52.53365426,13.49656139,morning,10,daylight,0,dry,0,6,7,0,1,1,0,0,1,3,slightly_injured
2018,4,Mon,2,52.52877432,13.51921557,morning,10,daylight,0,dry,0,5,2,0,1,0,1,0,0,3,slightly_injured
2018,4,Tue,3,52.63700726,13.30580967,morning,9,daylight,0,dry,0,5,3,1,1,0,0,0,0,3,slightly_injured
2018,4,Mon,2,52.54569275,13.42752517,morning,7,daylight,0,dry,0,5,3,1,1,0,0,0,0,2,seriously_injured
2018,4,Mon,2,52.53736071,13.25598748,morning,7,daylight,0,dry,0,2,2,0,1,0,0,0,0,3,slightly_injured
2018,4,Tue,3,52.54475418,13.42278792,morning,8,daylight,0,dry,0,1,5,0,1,0,1,0,0,3,slightly_injured
2018,4,Mon,2,52.40370955,13.38280375,night,5,dusk,1,dry,0,5,3,1,0,0,0,1,0,2,seriously_injured
2018,4,Mon,2,52.5662671,13.20849127,afternoon,14,daylight,0,dry,0,1,5,0,1,0,1,0,0,3,slightly_injured
2018,4,Mon,2,52.5296211,13.45698556,morning,7,daylight,0,dry,0,1,5,1,0,0,0,0,1,3,slightly_injured
2018,4,Tue,3,52.50802506,13.5088179,morning,11,daylight,0,wet,1,0,2,0,0,0,1,0,1,2,seriously_injured
2018,4,Mon,2,52.41926481,13.26481244,morning,8,daylight,0,dry,0,9,1,0,1,0,0,0,0,2,seriously_injured
2018,4,Mon,2,52.59656115,13.35378906,evening,20,dark,2,dry,0,5,3,0,1,0,0,0,0,3,slightly_injured
2018,4,Mon,2,52.50567686,13.32611449,afternoon,12,daylight,0,dry,0,0,1,0,0,0,1,0,0,3,slightly_injured
2018,4,Mon,2,52.54288623,13.44224572,evening,19,dusk,1,dry,0,0,3,1,1,0,0,0,0,3,slightly_injured
2018,4,Mon,2,52.52267883,13.36568967,afternoon,15,daylight,0,dry,0,0,7,1,0,0,0,0,0,3,slightly_injured
2018,4,Mon,2,52.49964554,13.55031186,evening,18,daylight,0,dry,0,2,1,0,1,0,0,0,0,3,slightly_injured
2018,4,Sun,1,52.49936796,13.42642325,afternoon,16,daylight,0,dry,0,3,6,1,1,0,0,0,0,3,slightly_injured
2018,4,Mon,2,52.61632226,13.30109742,afternoon,15,daylight,0,dry,0,5,2,1,1,0,0,0,0,3,slightly_injured
2018,4,Sun,1,52.45558311,13.55830931,afternoon,17,daylight,0,dry,0,2,6,0,1,0,0,0,0,3,slightly_injured
2018,4,Sun,1,52.49953105,13.3168097,morning,7,daylight,0,dry,0,8,1,0,1,0,0,0,0,3,slightly_injured
2018,4,Tue,3,52.56407679,13.52565299,afternoon,13,daylight,0,dry,0,0,3,0,1,0,0,0,1,3,slightly_injured
2018,4,Mon,2,52.46526789,13.43258683,afternoon,15,daylight,0,dry,0,2,6,0,1,0,0,0,0,3,slightly_injured
2018,4,Sun,1,52.57552381,13.29195591,afternoon,13,daylight,0,dry,0,1,5,0,1,0,0,0,0,3,slightly_injured
2018,4,Mon,2,52.6290404,13.43517303,afternoon,14,daylight,0,dry,0,5,3,1,1,0,0,0,0,3,slightly_injured
2018,4,Sun,1,52.49393851,13.42869914,afternoon,12,daylight,0,dry,0,5,3,1,1,0,0,0,0,3,slightly_injured
2018,4,Tue,3,52.44924561,13.36598191,afternoon,15,daylight,0,dry,0,5,2,0,1,0,1,0,0,2,seriously_injured
2018,4,Mon,2,52.52527291,13.17733095,afternoon,12,daylight,0,dry,0,2,6,0,1,0,1,0,0,2,seriously_injured
2018,4,Sun,1,52.44618518,13.25870735,night,3,dark,2,dry,0,1,1,1,1,0,0,0,0,3,slightly_injured
2018,4,Sun,1,52.49892459,13.39581572,evening,22,dark,2,dry,0,5,3,0,1,0,0,0,0,3,slightly_injured
2018,4,Mon,2,52.43906684,13.3436638,afternoon,17,daylight,0,dry,0,2,6,0,1,0,0,0,0,3,slightly_injured
2018,4,Mon,2,52.47994295,13.55974201,afternoon,12,daylight,0,dry,0,2,6,0,1,0,0,0,0,3,slightly_injured
2018,4,Sun,1,52.50650078,13.2864685,evening,21,dark,2,dry,0,1,5,0,1,0,0,0,0,3,slightly_injured
2018,4,Mon,2,52.50549428,13.56174783,morning,11,daylight,0,dry,0,2,6,0,1,0,0,0,0,3,slightly_injured
2018,4,Mon,2,52.53410697,13.19911157,afternoon,15,daylight,0,dry,0,8,1,0,1,0,0,0,0,3,slightly_injured
2018,4,Sun,1,52.58148335,13.40424762,evening,18,daylight,0,dry,0,6,2,0,1,1,0,0,0,2,seriously_injured
2018,4,Tue,3,52.46092648,13.37659068,afternoon,17,daylight,0,dry,0,9,1,0,1,0,0,0,0,3,slightly_injured
2018,4,Mon,2,52.43089457,13.45740539,evening,21,dark,2,dry,0,5,3,0,1,0,0,0,0,3,slightly_injured
2018,4,Sun,1,52.49169564,13.41318636,afternoon,15,daylight,0,dry,0,5,2,1,1,0,0,0,0,3,slightly_injured
2018,4,Mon,2,52.60210001,13.23990597,evening,21,dark,2,dry,0,0,1,0,0,0,1,0,0,3,slightly_injured
2018,4,Sun,1,52.49938272,13.42865052,afternoon,14,daylight,0,dry,0,6,4,0,1,1,0,0,0,3,slightly_injured
2018,4,Sun,1,52.51446098,13.5827245,evening,22,dark,2,wet,1,5,3,0,1,0,0,0,0,3,slightly_injured
2018,4,Sun,1,52.49631998,13.39523632,evening,20,dark,2,wet,1,5,2,1,1,0,0,0,0,2,seriously_injured
2018,4,Sun,1,52.50203514,13.4165921,afternoon,14,daylight,0,dry,0,5,2,0,1,0,0,0,0,3,slightly_injured
2018,4,Sun,1,52.59109134,13.38099378,evening,19,dusk,1,wet,1,1,7,0,1,0,0,0,0,2,seriously_injured
2018,4,Sun,1,52.51783757,13.43288633,afternoon,16,daylight,0,wet,1,5,3,0,1,0,0,0,0,3,slightly_injured
2018,4,Sun,1,52.52923921,13.37851408,afternoon,13,daylight,0,dry,0,5,3,1,1,0,0,0,0,3,slightly_injured
2018,4,Sun,1,52.45804023,13.49219086,evening,22,dark,2,wet,1,8,1,0,1,0,0,0,0,3,slightly_injured
2018,4,Sun,1,52.61535598,13.44482378,afternoon,14,daylight,0,wet,1,5,7,0,1,0,0,0,0,2,seriously_injured
2018,4,Sun,1,52.41229347,13.6616858,afternoon,13,daylight,0,dry,0,5,3,0,1,0,1,0,0,3,slightly_injured
2018,4,Mon,2,52.41822204,13.41703355,morning,7,daylight,0,dry,0,6,2,0,1,1,0,0,0,3,slightly_injured
2018,4,Mon,2,52.42644117,13.52665347,afternoon,16,daylight,0,dry,0,5,2,0,1,0,1,0,0,3,slightly_injured
2018,4,Sun,1,52.56005811,13.37691687,afternoon,14,daylight,0,wet,1,0,5,0,1,0,0,0,1,3,slightly_injured
2018,4,Sun,1,52.51315509,13.57730079,afternoon,12,daylight,0,dry,0,5,2,1,1,0,0,0,0,3,slightly_injured
2018,4,Sun,1,52.5171527,13.44065024,afternoon,13,daylight,0,wet,1,2,2,0,1,0,0,0,0,3,slightly_injured
2018,4,Sun,1,52.51309758,13.5748727,morning,10,daylight,0,dry,0,5,7,0,1,0,0,0,0,3,slightly_injured
2018,4,Sun,1,52.55118861,13.16539246,morning,10,daylight,0,wet,1,5,2,0,1,0,0,0,0,3,slightly_injured
2018,4,Mon,2,52.43916766,13.300894,afternoon,14,daylight,0,dry,0,5,2,0,1,0,1,0,0,2,seriously_injured
2018,4,Sun,1,52.42935166,13.51308385,morning,6,dark,2,wet,1,9,1,0,1,0,0,0,0,3,slightly_injured
2018,4,Mon,2,52.51079671,13.50055367,morning,9,daylight,0,dry,0,2,2,0,1,0,0,0,0,3,slightly_injured
2018,4,Sun,1,52.5338444,13.282948,afternoon,16,daylight,0,dry,0,0,6,0,1,0,0,0,1,3,slightly_injured
2018,4,Sun,1,52.41472476,13.40167065,night,1,dark,2,wet,1,3,6,0,1,0,0,0,0,3,slightly_injured
2018,4,Sun,1,52.50672498,13.31591512,morning,7,daylight,0,dry,0,2,7,0,1,0,0,0,0,3,slightly_injured
2018,4,Mon,2,52.42006746,13.35899184,evening,22,dark,2,dry,0,5,2,0,1,0,1,0,0,2,seriously_injured
2018,4,Mon,2,52.49568929,13.28690274,afternoon,14,daylight,0,dry,0,5,2,0,1,0,1,0,0,2,seriously_injured
2018,4,Sun,1,52.52886946,13.40196397,afternoon,17,daylight,0,dry,0,0,1,1,0,0,0,0,0,3,slightly_injured
2018,4,Sun,1,52.4258191,13.48336671,night,1,dark,2,wet,1,6,7,0,1,1,0,0,0,3,slightly_injured
2018,3,Sat,7,52.55102741,13.44957761,evening,18,dusk,1,dry,0,0,3,1,1,0,0,0,0,3,slightly_injured
2018,4,Sun,1,52.45889457,13.28338015,afternoon,14,daylight,0,dry,0,0,3,1,1,0,0,0,0,1,killed
2018,4,Mon,2,52.50372111,13.4367368,evening,18,daylight,0,dry,0,5,5,0,1,0,1,0,0,3,slightly_injured
2018,4,Sun,1,52.4258273,13.31669694,evening,19,daylight,0,dry,0,2,6,0,1,0,1,0,0,3,slightly_injured
2018,3,Sat,7,52.45528847,13.61713544,afternoon,12,daylight,0,dry,0,5,3,1,1,0,0,0,0,3,slightly_injured
2018,4,Sun,1,52.54648516,13.20245171,afternoon,12,daylight,0,dry,0,5,3,1,1,0,0,0,0,2,seriously_injured
2018,3,Sat,7,52.51147967,13.40151987,afternoon,12,daylight,0,wet,1,2,6,0,1,0,0,0,0,3,slightly_injured
2018,4,Sat,7,52.54542845,13.49483708,evening,19,dark,2,dry,0,5,3,1,1,0,0,0,0,3,slightly_injured
2018,4,Mon,2,52.63342805,13.29028795,morning,7,daylight,0,dry,0,5,3,1,1,0,0,0,0,3,slightly_injured
2018,3,Sat,7,52.53497764,13.19828806,evening,20,dark,2,wet,1,6,4,0,1,1,0,0,0,3,slightly_injured
2018,4,Sat,7,52.47408827,13.17418594,afternoon,14,daylight,0,dry,0,2,6,0,1,0,0,0,0,3,slightly_injured
2018,4,Sat,7,52.53668094,13.52530258,evening,18,daylight,0,dry,0,0,6,0,1,0,1,0,0,3,slightly_injured
2018,3,Sat,7,52.5646167,13.32560929,evening,19,dark,2,wet,1,1,5,0,1,0,0,0,0,3,slightly_injured
2018,4,Sat,7,52.41105149,13.48120679,afternoon,13,daylight,0,dry,0,5,2,1,1,0,0,0,0,3,slightly_injured
2018,4,Sat,7,52.46956354,13.31519101,afternoon,13,daylight,0,dry,0,6,4,1,0,1,0,0,0,3,slightly_injured
2018,3,Sat,7,52.49470818,13.34592905,evening,19,dark,2,wet,1,2,6,0,1,0,0,0,0,3,slightly_injured
2018,4,Sat,7,52.51079913,13.46282041,afternoon,13,daylight,0,dry,0,6,2,0,1,1,0,0,0,2,seriously_injured
2018,4,Sat,7,52.42746809,13.54832694,afternoon,12,daylight,0,dry,0,3,6,0,1,0,1,0,0,2,seriously_injured
2018,3,Sat,7,52.50614608,13.36914145,evening,18,daylight,0,wet,1,0,6,0,1,0,1,0,0,3,slightly_injured
2018,4,Sat,7,52.50679104,13.39935298,afternoon,12,daylight,0,dry,0,3,6,1,0,0,0,0,0,3,slightly_injured
2018,3,Sat,7,52.49732037,13.36533002,afternoon,17,daylight,0,wet,1,6,2,0,1,1,0,0,0,3,slightly_injured
2018,4,Sat,7,52.52525565,13.36588846,morning,9,daylight,0,dry,0,5,2,1,0,0,0,0,1,3,slightly_injured
2018,3,Sat,7,52.44967023,13.59357948,afternoon,16,daylight,0,wet,1,2,6,0,1,0,0,0,0,3,slightly_injured
2018,4,Sat,7,52.53242747,13.14158548,morning,8,daylight,0,dry,0,5,2,0,1,0,0,1,0,3,slightly_injured
2018,4,Sat,7,52.43044804,13.53561947,morning,8,daylight,0,dry,0,5,3,0,1,0,0,0,0,3,slightly_injured
2018,4,Tue,3,52.41373579,13.25155509,afternoon,15,daylight,0,dry,0,5,3,0,1,0,1,0,0,2,seriously_injured
2018,3,Sat,7,52.42796348,13.51331057,afternoon,15,daylight,0,wet,1,5,3,0,1,0,0,0,0,3,slightly_injured
2018,4,Sat,7,52.50267217,13.40998201,afternoon,16,daylight,0,dry,0,5,2,1,1,0,0,0,0,3,slightly_injured
2018,4,Sat,7,52.44398474,13.5777699,afternoon,17,daylight,0,dry,0,1,5,1,1,0,0,0,1,3,slightly_injured
2018,3,Sat,7,52.48582456,13.43081212,afternoon,15,daylight,0,wet,1,1,5,0,1,0,0,0,0,3,slightly_injured
2018,3,Sat,7,52.52355541,13.16172332,afternoon,15,daylight,0,wet,1,5,2,0,1,0,0,0,0,3,slightly_injured
2018,4,Wed,4,52.5539768,13.35837824,evening,21,dark,2,dry,0,3,6,0,1,0,0,1,0,3,slightly_injured
2018,4,Mon,2,52.52858474,13.39376598,afternoon,13,daylight,0,dry,0,5,3,1,1,0,0,0,0,3,slightly_injured
2018,4,Sat,7,52.41109988,13.55643867,afternoon,17,daylight,0,dry,0,2,6,0,1,0,1,0,0,3,slightly_injured
2018,3,Sat,7,52.52888247,13.30651812,afternoon,15,daylight,0,wet,1,5,7,0,1,0,1,0,0,3,slightly_injured
2018,4,Sat,7,52.56138117,13.32589705,afternoon,17,daylight,0,dry,0,2,6,0,1,0,0,0,0,3,slightly_injured
2018,4,Mon,2,52.55508772,13.43294711,afternoon,16,daylight,0,dry,0,4,6,1,0,0,0,1,0,3,slightly_injured
2018,3,Sat,7,52.54835373,13.35224133,afternoon,14,daylight,0,wet,1,6,4,0,1,1,0,0,0,3,slightly_injured
2018,4,Sat,7,52.41392006,13.5742736,afternoon,16,daylight,0,dry,0,0,1,0,0,0,1,0,0,3,slightly_injured
2018,3,Sat,7,52.49602975,13.39069336,afternoon,14,daylight,0,wet,1,2,3,0,1,0,0,0,0,3,slightly_injured
2018,4,Sat,7,52.4599927,13.31092442,afternoon,16,daylight,0,dry,0,1,1,0,1,0,0,0,0,2,seriously_injured
2018,4,Sat,7,52.46428582,13.3301528,afternoon,16,daylight,0,dry,0,1,5,1,1,0,0,0,0,3,slightly_injured
2018,4,Tue,3,52.57154933,13.31192198,afternoon,12,daylight,0,dry,0,6,2,0,1,1,0,0,0,3,slightly_injured
2018,3,Sat,7,52.61476048,13.48493604,afternoon,13,daylight,0,wet,1,2,2,0,1,0,0,0,0,3,slightly_injured
2018,4,Sat,7,52.55310664,13.47941619,afternoon,16,daylight,0,dry,0,2,6,0,1,0,0,0,0,3,slightly_injured
2018,3,Sat,7,52.5140842,13.30119742,afternoon,12,daylight,0,wet,1,2,5,0,1,0,0,0,0,3,slightly_injured
2018,4,Sat,7,52.44260906,13.58198923,afternoon,16,daylight,0,dry,0,5,2,1,0,0,0,0,1,3,slightly_injured
2018,3,Sat,7,52.49899267,13.35701783,morning,11,daylight,0,wet,1,6,2,0,1,1,0,0,0,2,seriously_injured
2018,3,Sat,7,52.42764093,13.46816178,morning,10,daylight,0,wet,1,5,2,1,1,0,0,0,0,3,slightly_injured
2018,4,Tue,3,52.51608295,13.37688052,evening,23,dark,2,dry,0,9,1,0,0,0,1,0,0,3,slightly_injured
2018,4,Sat,7,52.61594478,13.48602147,afternoon,16,daylight,0,dry,0,5,3,0,1,0,1,0,0,3,slightly_injured
2018,3,Sat,7,52.53474482,13.19949482,morning,7,daylight,0,dry,0,5,2,0,1,0,0,0,0,3,slightly_injured
2018,3,Sat,7,52.4423545,13.47806909,night,3,dark,2,wet,1,0,7,0,1,0,0,0,0,3,slightly_injured
2018,4,Sat,7,52.41407905,13.1092373,afternoon,15,daylight,0,dry,0,5,3,0,1,0,1,0,0,3,slightly_injured
2018,4,Mon,2,52.49236649,13.39116723,morning,9,daylight,0,dry,0,2,6,0,1,0,0,0,0,3,slightly_injured
2018,4,Mon,2,52.42615518,13.27970714,afternoon,17,daylight,0,dry,0,5,3,1,0,0,1,0,0,3,slightly_injured
2018,4,Sat,7,52.61352762,13.34384671,afternoon,14,daylight,0,dry,0,5,3,1,1,0,0,0,0,3,slightly_injured
2018,3,Sat,7,52.54870737,13.17815692,evening,21,dark,2,wet,1,8,7,0,1,0,0,0,1,3,slightly_injured
2018,4,Tue,3,52.49969169,13.31940317,evening,19,dusk,1,dry,0,6,7,0,1,1,0,0,0,3,slightly_injured
2018,4,Sat,7,52.53256718,13.39866678,evening,21,dark,2,dry,0,0,1,1,0,0,0,0,0,3,slightly_injured
2018,3,Fri,6,52.53655842,13.5162972,afternoon,13,daylight,0,dry,0,2,6,0,1,0,0,0,0,3,slightly_injured
2018,3,Fri,6,52.51618519,13.31075094,afternoon,13,daylight,0,dry,0,2,6,0,1,0,0,0,0,3,slightly_injured
2018,4,Sat,7,52.5387442,13.60424278,afternoon,16,daylight,0,dry,0,2,2,0,1,0,0,0,0,3,slightly_injured
2018,3,Fri,6,52.49615185,13.39520118,evening,22,dark,2,dry,0,5,2,0,1,0,0,0,0,3,slightly_injured
2018,4,Fri,6,52.5028034,13.32161808,afternoon,14,daylight,0,dry,0,2,6,0,1,0,0,0,0,3,slightly_injured
2018,3,Fri,6,52.38482024,13.39628492,evening,19,dusk,1,dry,0,1,1,0,1,0,1,0,0,3,slightly_injured
2018,3,Fri,6,52.49773089,13.43879422,evening,18,dusk,1,dry,0,0,1,1,0,0,0,0,0,2,seriously_injured
2018,4,Tue,3,52.58758097,13.32396899,evening,19,daylight,0,dry,0,5,2,0,1,0,0,0,0,3,slightly_injured
2018,4,Fri,6,52.57732065,13.29422057,afternoon,17,daylight,0,dry,0,5,7,0,1,0,0,0,0,3,slightly_injured
2018,3,Fri,6,52.5079605,13.30136206,afternoon,16,daylight,0,dry,0,5,3,1,1,0,0,0,0,2,seriously_injured
2018,3,Fri,6,52.54029567,13.23953726,afternoon,15,daylight,0,dry,0,5,3,0,1,0,1,0,0,3,slightly_injured
2018,4,Fri,6,52.53645481,13.35847239,afternoon,15,daylight,0,dry,0,0,6,0,1,0,1,0,0,3,slightly_injured
2018,4,Mon,2,52.52932838,13.45921027,evening,20,dusk,1,dry,0,5,2,1,1,0,0,0,0,3,slightly_injured
2018,4,Fri,6,52.49993914,13.32493916,morning,9,daylight,0,dry,0,3,6,0,1,0,0,1,0,3,slightly_injured
2018,3,Fri,6,52.48081557,13.45168928,afternoon,15,daylight,0,dry,0,1,1,0,1,0,1,0,0,3,slightly_injured
2018,4,Tue,3,52.50323037,13.32827147,evening,19,daylight,0,dry,0,3,6,1,0,0,0,0,1,3,slightly_injured
2018,4,Fri,6,52.56612377,13.57868159,morning,9,daylight,0,dry,0,5,3,0,1,0,0,0,0,3,slightly_injured
2018,3,Fri,6,52.48163831,13.38571966,afternoon,14,daylight,0,dry,0,5,2,1,1,0,0,0,0,3,slightly_injured
2018,4,Fri,6,52.63653333,13.50310399,evening,18,daylight,0,dry,0,5,2,1,1,0,0,0,0,2,seriously_injured
2018,3,Fri,6,52.53473504,13.50596681,afternoon,13,daylight,0,dry,0,2,6,0,1,0,0,0,0,3,slightly_injured
2018,4,Tue,3,52.57562216,13.36005485,evening,18,daylight,0,dry,0,5,2,0,1,0,0,0,0,3,slightly_injured
2018,4,Fri,6,52.47873104,13.30984928,morning,11,daylight,0,dry,0,0,6,0,1,0,0,0,0,3,slightly_injured
2018,4,Fri,6,52.54224635,13.34946333,evening,23,dark,2,dry,0,5,2,0,1,0,0,0,0,3,slightly_injured
2018,4,Tue,3,52.51927273,13.29469329,afternoon,15,daylight,0,dry,0,3,6,0,1,0,1,0,0,3,slightly_injured
2018,3,Fri,6,52.42821787,13.46727096,morning,11,daylight,0,dry,0,2,2,0,0,0,1,0,1,3,slightly_injured
2018,4,Fri,6,52.51512408,13.34850085,evening,19,dusk,1,dry,0,2,6,0,1,0,0,0,0,3,slightly_injured
2018,4,Fri,6,52.46712327,13.38545059,evening,18,dusk,1,dry,0,2,6,0,1,0,0,0,0,3,slightly_injured
2018,3,Fri,6,52.56519627,13.4922984,morning,10,daylight,0,dry,0,5,2,1,1,0,0,0,0,3,slightly_injured
2018,4,Fri,6,52.60695218,13.36344165,evening,18,daylight,0,dry,0,6,4,0,1,1,0,0,0,3,slightly_injured
2018,3,Fri,6,52.51957423,13.37004718,evening,22,dark,2,dry,0,0,7,0,0,0,0,0,1,2,seriously_injured
2018,4,Fri,6,52.45582543,13.38411517,evening,18,daylight,0,dry,0,6,4,1,0,1,0,0,0,3,slightly_injured
2018,4,Mon,2,52.48300444,13.52566822,evening,19,dusk,1,dry,0,6,4,0,1,1,0,0,0,3,slightly_injured
2018,4,Fri,6,52.53236591,13.47347139,afternoon,17,daylight,0,dry,0,8,1,0,1,0,0,0,0,3,slightly_injured
2018,3,Thu,5,52.46159453,13.50550895,afternoon,12,daylight,0,wet,1,2,6,0,1,0,0,1,0,3,slightly_injured
2018,4,Tue,3,52.51572676,13.41825915,evening,18,daylight,0,dry,0,5,2,1,1,0,0,0,0,3,slightly_injured
2018,4,Fri,6,52.48416446,13.45613863,afternoon,17,daylight,0,dry,0,5,2,1,1,0,0,0,0,3,slightly_injured
2018,3,Thu,5,52.52544466,13.17703962,morning,9,daylight,0,dry,0,2,6,0,1,0,0,0,0,3,slightly_injured
2018,4,Fri,6,52.55713365,13.36573697,afternoon,17,daylight,0,dry,0,5,2,1,1,0,0,0,0,3,slightly_injured
2018,3,Thu,5,52.53853924,13.2008099,evening,20,dark,2,dry,0,5,2,0,1,0,1,0,0,3,slightly_injured
2018,4,Fri,6,52.44429834,13.39933281,afternoon,16,daylight,0,dry,0,2,6,0,1,0,0,0,0,3,slightly_injured
2018,4,Fri,6,52.47402795,13.30081956,afternoon,17,daylight,0,dry,0,5,3,0,1,0,0,0,0,2,seriously_injured
2018,4,Tue,3,52.51933703,13.27253591,afternoon,14,daylight,0,dry,0,5,2,0,1,0,1,0,0,2,seriously_injured
2018,3,Thu,5,52.5085418,13.42540523,evening,20,dark,2,dry,0,3,6,1,1,0,0,0,0,3,slightly_injured
2018,4,Fri,6,52.54899534,13.41972112,afternoon,17,daylight,0,dry,0,1,5,1,1,0,0,0,0,3,slightly_injured
2018,3,Thu,5,52.53397212,13.40903237,evening,19,dusk,1,dry,0,5,7,0,1,0,1,0,0,3,slightly_injured
2018,4,Fri,6,52.47373196,13.29587276,afternoon,16,daylight,0,dry,0,0,2,1,1,0,0,0,0,3,slightly_injured
2018,3,Thu,5,52.59696564,13.36148388,evening,18,dusk,1,dry,0,0,2,1,1,0,0,0,0,3,slightly_injured
2018,4,Fri,6,52.58751191,13.32370785,afternoon,16,daylight,0,dry,0,5,2,1,1,0,0,0,0,3,slightly_injured
2018,3,Thu,5,52.53905692,13.34510226,evening,18,daylight,0,dry,0,5,3,1,1,0,0,0,0,3,slightly_injured
2018,3,Thu,5,52.56098375,13.32462034,afternoon,17,daylight,0,dry,0,2,2,0,1,0,0,0,0,3,slightly_injured
2018,4,Tue,3,52.53836757,13.32610679,afternoon,17,daylight,0,dry,0,5,2,0,1,0,0,0,1,3,slightly_injured
2018,4,Fri,6,52.5321746,13.47262368,afternoon,15,daylight,0,dry,0,2,6,0,1,0,0,0,0,3,slightly_injured
2018,3,Thu,5,52.43236755,13.47350998,afternoon,16,daylight,0,dry,0,5,2,0,1,0,0,0,1,3,slightly_injured
2018,3,Thu,5,52.56946763,13.56855457,afternoon,16,daylight,0,dry,0,5,3,0,1,0,0,0,0,3,slightly_injured
2018,4,Fri,6,52.52816351,13.41180408,afternoon,15,daylight,0,dry,0,0,1,0,1,0,1,0,0,3,slightly_injured