ujahr,umonat,weekday,uwochentag,long,lat,time_of_day,ustunde,light_condition,ulichtverh,street_condition,ustrzustand,uart,utyp1,ist_rad,ist_pkw,ist_fuss,ist_krad,ist_gkfz,ist_sonstige,ukategorie,accident_outcome
2018,4,Thu,5,52.4524906,13.40800412,morning,8,daylight,0,dry,0,5,2,0,1,0,0,0,1,3,slightly_injured
2018,4,Tue,3,52.50223171,13.4566747,evening,23,dark,2,dry,0,2,6,1,1,0,0,0,1,3,slightly_injured
2018,4,Wed,4,52.59449585,13.28428136,evening,18,daylight,0,dry,0,5,2,0,1,0,0,0,0,3,slightly_injured
2018,4,Sat,7,52.54493205,13.36160331,evening,22,dark,2,dry,0,2,2,1,1,0,0,0,0,3,slightly_injured
2018,4,Wed,4,52.49034304,13.43435779,afternoon,17,daylight,0,dry,0,5,2,1,1,0,0,0,0,3,slightly_injured
2018,4,Thu,5,52.54950931,13.41872963,morning,8,daylight,0,dry,0,5,2,0,1,0,1,0,0,2,seriously_injured
2018,4,Tue,3,52.55660664,13.42944924,morning,8,daylight,0,dry,0,2,6,0,1,0,0,1,0,3,slightly_injured
2018,4,Wed,4,52.52107059,13.42966933,afternoon,17,daylight,0,dry,0,5,2,1,1,0,0,0,0,3,slightly_injured
2018,4,Thu,5,52.52735982,13.38813667,morning,8,daylight,0,dry,0,6,4,0,1,1,0,0,0,3,slightly_injured
2018,4,Tue,3,52.56229692,13.36287686,afternoon,12,daylight,0,dry,0,2,6,0,1,0,0,0,0,3,slightly_injured
2018,4,Wed,4,52.4315048,13.54694096,afternoon,17,daylight,0,dry,0,5,2,1,1,0,0,0,0,3,slightly_injured
2018,4,Wed,4,52.5427192,13.49644839,afternoon,16,daylight,0,dry,0,2,6,0,1,0,1,0,0,3,slightly_injured
2018,4,Thu,5,52.48806391,13.37018021,morning,8,daylight,0,dry,0,0,3,1,0,0,0,0,0,2,seriously_injured
2018,4,Mon,2,52.55984278,13.52433235,morning,9,daylight,0,wet,1,5,2,1,0,0,0,0,1,3,slightly_injured
2018,4,Tue,3,52.50900311,13.37190523,morning,7,daylight,0,dry,0,0,2,1,1,0,0,0,0,3,slightly_injured
2018,4,Tue,3,52.56679591,13.49278074,evening,19,dusk,1,dry,0,5,3,0,1,0,0,0,0,3,slightly_injured
2018,4,Thu,5,52.54953623,13.44116528,morning,7,daylight,0,dry,0,5,2,1,1,0,0,0,0,3,slightly_injured
2018,4,Wed,4,52.46460263,13.30524154,morning,8,daylight,0,dry,0,5,3,1,1,0,0,0,0,3,slightly_injured
2018,4,Sat,7,52.597862,13.29728114,morning,8,daylight,0,dry,0,0,5,0,1,0,1,0,0,3,slightly_injured
2018,4,Tue,3,52.52144354,13.29985439,evening,18,daylight,0,dry,0,3,6,0,1,0,0,1,0,3,slightly_injured
2018,4,Thu,5,52.53289997,13.32978849,morning,7,daylight,0,dry,0,2,3,0,1,0,0,0,0,3,slightly_injured
2018,4,Tue,3,52.53228041,13.45438439,evening,19,daylight,0,dry,0,1,5,1,1,0,0,0,1,3,slightly_injured
2018,4,Tue,3,52.56444571,13.50801998,evening,18,daylight,0,dry,0,0,2,1,1,0,0,0,0,3,slightly_injured
2018,4,Thu,5,52.58163132,13.39358605,morning,7,daylight,0,dry,0,2,5,1,1,0,0,0,0,3,slightly_injured
2018,4,Mon,2,52.57431811,13.44436845,evening,21,dark,2,dry,0,9,1,0,1,0,0,0,0,2,seriously_injured
2018,4,Tue,3,52.52397657,13.41697142,evening,18,daylight,0,dry,0,1,5,1,1,0,0,0,0,3,slightly_injured
2018,4,Tue,3,52.51283592,13.18282636,evening,18,daylight,0,dry,0,5,2,0,1,0,1,0,0,3,slightly_injured
2018,4,Thu,5,52.55089195,13.35321188,morning,7,daylight,0,dry,0,2,6,0,1,0,0,0,0,3,slightly_injured
2018,4,Sun,1,52.61467209,13.34644591,evening,18,daylight,0,dry,0,5,7,0,1,0,0,0,0,3,slightly_injured
2018,4,Thu,5,52.49401031,13.29957302,evening,22,dark,2,dry,0,5,3,0,1,0,0,0,0,3,slightly_injured
2018,4,Mon,2,52.4877594,13.39679855,morning,8,daylight,0,wet,1,0,2,1,1,0,0,0,0,3,slightly_injured
2018,4,Tue,3,52.48168793,13.43997881,evening,19,daylight,0,dry,0,5,3,0,1,0,1,0,0,3,slightly_injured
2018,4,Tue,3,52.52674253,13.29710582,afternoon,15,daylight,0,dry,0,2,6,0,1,0,0,0,0,3,slightly_injured
2018,4,Wed,4,52.51754376,13.39802689,afternoon,16,daylight,0,dry,0,2,6,1,1,0,0,0,0,3,slightly_injured
2018,4,Sun,1,52.47870479,13.43772533,afternoon,17,daylight,0,dry,0,2,6,1,1,0,0,0,0,3,slightly_injured
2018,4,Tue,3,52.59567303,13.33547915,evening,20,daylight,0,dry,0,5,7,0,1,0,1,0,0,2,seriously_injured
2018,4,Tue,3,52.54768283,13.41315591,evening,19,dusk,1,dry,0,5,2,1,1,0,0,0,0,3,slightly_injured
2018,4,Wed,4,52.50180398,13.41966808,evening,20,dark,2,dry,0,1,5,1,1,0,0,0,0,3,slightly_injured
2018,4,Wed,4,52.51805778,13.35499115,morning,7,daylight,0,dry,0,0,2,1,0,0,1,0,0,3,slightly_injured
2018,4,Sat,7,52.44277632,13.29689835,afternoon,13,daylight,0,wet,1,2,6,0,1,0,0,0,1,3,slightly_injured
2018,4,Wed,4,52.546779,13.60373754,afternoon,16,daylight,0,dry,0,3,6,0,1,0,0,0,0,3,slightly_injured
2018,4,Tue,3,52.53686229,13.37518482,evening,18,daylight,0,dry,0,1,5,1,1,0,0,0,0,3,slightly_injured
2018,4,Tue,3,52.54551353,13.42792712,evening,19,dark,2,dry,0,5,2,1,1,0,0,0,0,3,slightly_injured
2018,4,Wed,4,52.5305443,13.33453414,night,1,dark,2,dry,0,6,4,0,1,1,1,0,0,3,slightly_injured
2018,4,Mon,2,52.55696945,13.37242151,afternoon,17,daylight,0,wet,1,6,4,1,0,1,0,0,0,2,seriously_injured
2018,4,Tue,3,52.50002333,13.4077508,evening,19,dusk,1,dry,0,5,2,1,1,0,0,0,0,3,slightly_injured
2018,4,Wed,4,52.5066567,13.32587887,evening,21,dark,2,dry,0,0,3,1,1,0,0,0,0,3,slightly_injured
2018,4,Tue,3,52.50987114,13.30570974,evening,19,daylight,0,dry,0,6,4,0,0,1,0,0,1,3,slightly_injured
2018,4,Wed,4,52.50509045,13.34158205,afternoon,16,daylight,0,dry,0,2,6,0,1,0,0,0,0,3,slightly_injured
2018,4,Wed,4,52.47366462,13.12406926,evening,18,daylight,0,dry,0,5,3,1,1,0,0,0,0,3,slightly_injured
2018,4,Sat,7,52.45482036,13.37613999,afternoon,13,daylight,0,wet,1,2,6,0,1,0,0,0,1,3,slightly_injured
2018,4,Tue,3,52.48206308,13.43370879,evening,19,daylight,0,dry,0,2,3,1,1,0,0,0,0,3,slightly_injured
2018,4,Wed,4,52.44076732,13.5863872,afternoon,14,daylight,0,dry,0,2,6,1,0,0,0,0,1,3,slightly_injured
2018,4,Tue,3,52.5097022,13.35147068,morning,11,daylight,0,dry,0,5,2,1,1,0,0,0,0,3,slightly_injured
2018,4,Wed,4,52.5217091,13.41635919,evening,21,dark,2,dry,0,2,6,0,1,0,0,0,1,3,slightly_injured
2018,4,Tue,3,52.47940418,13.55957271,afternoon,17,daylight,0,dry,0,0,3,0,1,0,1,0,0,3,slightly_injured
2018,4,Wed,4,52.52892466,13.40378503,evening,19,daylight,0,dry,0,5,2,1,0,0,0,0,0,3,slightly_injured
2018,4,Tue,3,52.53209653,13.19755031,evening,20,dark,2,dry,0,2,6,0,1,0,0,0,0,3,slightly_injured
2018,4,Sat,7,52.46700484,13.39222538,evening,20,dark,2,dry,0,5,3,0,1,0,0,0,0,3,slightly_injured
2018,4,Wed,4,52.44890358,13.40414127,evening,18,daylight,0,dry,0,1,1,0,1,0,0,1,1,2,seriously_injured
2018,4,Tue,3,52.57572119,13.32607206,afternoon,16,daylight,0,dry,0,2,6,0,1,0,0,0,0,3,slightly_injured
2018,4,Tue,3,52.45480455,13.50432214,afternoon,17,daylight,0,dry,0,5,2,1,1,0,0,0,0,3,slightly_injured
2018,4,Wed,4,52.47325845,13.36563687,evening,18,daylight,0,dry,0,2,6,0,1,0,0,0,1,3,slightly_injured
2018,4,Mon,2,52.4959138,13.39070028,afternoon,16,daylight,0,wet,1,5,2,1,1,0,0,0,0,3,slightly_injured
2018,4,Tue,3,52.51668438,13.26055847,afternoon,17,daylight,0,dry,0,6,4,1,0,1,0,0,0,3,slightly_injured
2018,4,Wed,4,52.51920431,13.51947586,afternoon,17,daylight,0,dry,0,2,6,0,1,0,0,0,0,3,slightly_injured
2018,4,Tue,3,52.49153331,13.37669883,afternoon,17,daylight,0,dry,0,5,2,0,1,0,0,0,0,3,slightly_injured
2018,4,Wed,4,52.50787546,13.41403713,afternoon,17,daylight,0,dry,0,2,2,1,1,0,0,0,0,3,slightly_injured
2018,4,Wed,4,52.53213321,13.32847944,morning,6,daylight,0,dry,0,3,6,0,1,0,1,0,0,3,slightly_injured
2018,4,Wed,4,52.41149827,13.36457443,afternoon,17,daylight,0,dry,0,2,6,0,1,0,1,0,1,2,seriously_injured
2018,4,Sat,7,52.4326715,13.51824237,evening,19,daylight,0,dry,0,9,1,0,0,0,1,0,0,2,seriously_injured
2018,4,Tue,3,52.50030703,13.4829448,afternoon,16,daylight,0,dry,0,2,6,0,1,0,0,1,1,3,slightly_injured
2018,4,Wed,4,52.54768283,13.41315591,afternoon,17,daylight,0,dry,0,5,2,1,1,0,0,0,0,3,slightly_injured
2018,4,Tue,3,52.59564152,13.33490214,morning,9,daylight,0,dry,0,6,6,0,1,1,0,0,0,3,slightly_injured
2018,4,Wed,4,52.4226865,13.52859527,afternoon,17,daylight,0,dry,0,1,5,1,1,0,0,0,0,3,slightly_injured
2018,4,Tue,3,52.43414711,13.20659339,afternoon,14,daylight,0,dry,0,5,3,1,1,0,0,0,0,3,slightly_injured
2018,4,Tue,3,52.53384583,13.17901724,morning,7,daylight,0,dry,0,6,4,0,1,1,0,0,0,2,seriously_injured
2018,4,Tue,3,52.44611187,13.33383523,morning,7,daylight,0,dry,0,2,2,0,1,0,1,0,0,3,slightly_injured
2018,4,Wed,4,52.51888152,13.4286762,afternoon,17,daylight,0,dry,0,0,2,0,1,0,1,0,0,3,slightly_injured
2018,4,Mon,2,52.5002322,13.43820674,afternoon,13,daylight,0,dry,0,6,2,0,1,1,0,0,0,3,slightly_injured
2018,4,Tue,3,52.4466127,13.55917883,morning,8,daylight,0,dry,0,2,6,0,1,0,0,0,0,3,slightly_injured
2018,4,Tue,3,52.52345931,13.3598407,afternoon,15,daylight,0,dry,0,5,3,0,1,0,0,0,0,3,slightly_injured
2018,4,Tue,3,52.50585126,13.51965326,morning,8,daylight,0,dry,0,0,2,1,1,0,0,0,0,3,slightly_injured
2018,4,Wed,4,52.53672511,13.60304464,afternoon,17,daylight,0,dry,0,2,7,0,1,0,1,0,0,3,slightly_injured
2018,4,Mon,2,52.50055713,13.4883277,afternoon,14,daylight,0,dry,0,5,2,1,0,0,1,0,0,3,slightly_injured
2018,4,Tue,3,52.39359734,13.40474332,afternoon,16,daylight,0,dry,0,5,3,1,1,0,0,0,0,2,seriously_injured
2018,4,Tue,3,52.48849027,13.62015911,afternoon,16,daylight,0,dry,0,5,3,1,1,0,0,0,0,3,slightly_injured
2018,4,Wed,4,52.52608795,13.45905506,afternoon,17,daylight,0,dry,0,6,2,0,1,1,0,0,0,3,slightly_injured
2018,4,Wed,4,52.40992574,13.27365876,afternoon,14,daylight,0,dry,0,0,1,0,0,1,1,0,1,3,slightly_injured
2018,4,Wed,4,52.47573118,13.28741992,afternoon,16,daylight,0,dry,0,5,3,1,1,0,0,0,0,2,seriously_injured
2018,4,Sat,7,52.54019073,13.48500872,afternoon,15,daylight,0,wet,1,0,1,0,0,0,1,0,0,3,slightly_injured
2018,4,Tue,3,52.59617484,13.43274736,afternoon,16,daylight,0,dry,0,5,2,0,1,0,0,0,0,3,slightly_injured
2018,4,Wed,4,52.5361932,13.47355275,afternoon,16,daylight,0,dry,0,2,2,1,1,0,0,0,0,3,slightly_injured
2018,4,Tue,3,52.49922016,13.43041656,morning,7,daylight,0,dry,0,5,2,1,1,0,0,0,0,2,seriously_injured
2018,4,Tue,3,52.40812819,13.26749635,afternoon,16,daylight,0,dry,0,2,6,0,1,0,0,0,0,3,slightly_injured
2018,4,Wed,4,52.51610233,13.48262273,afternoon,16,daylight,0,dry,0,2,7,1,1,0,0,0,0,3,slightly_injured
2018,4,Tue,3,52.50657994,13.30777823,evening,19,daylight,0,dry,0,0,6,0,1,0,0,0,1,3,slightly_injured
2018,4,Tue,3,52.4531184,13.45560082,morning,11,daylight,0,dry,0,5,2,1,1,0,0,0,0,3,slightly_injured
2018,4,Tue,3,52.49269844,13.53135339,morning,11,daylight,0,dry,0,5,3,1,1,0,0,0,0,3,slightly_injured
2018,4,Mon,2,52.55398164,13.42089987,morning,7,daylight,0,wet,1,5,3,0,1,0,0,0,1,3,slightly_injured
2018,4,Tue,3,52.51867516,13.3183168,afternoon,16,daylight,0,dry,0,5,2,0,1,0,1,0,0,2,seriously_injured
2018,4,Tue,3,52.56293633,13.51234594,afternoon,15,daylight,0,dry,0,5,2,1,1,0,0,0,0,3,slightly_injured
2018,4,Wed,4,52.5317374,13.21403501,morning,8,daylight,0,dry,0,0,1,0,1,0,1,0,0,3,slightly_injured
2018,4,Tue,3,52.47692728,13.28085906,evening,18,daylight,0,dry,0,5,3,1,1,0,0,0,0,3,slightly_injured
2018,4,Thu,5,52.53843529,13.18234984,afternoon,17,daylight,0,wet,1,5,2,0,1,0,0,0,0,3,slightly_injured
2018,4,Mon,2,52.52302777,13.4995646,afternoon,14,daylight,0,dry,0,6,4,0,1,1,0,0,0,2,seriously_injured
2018,4,Mon,2,52.52965999,13.40223893,afternoon,14,daylight,0,dry,0,1,5,0,0,0,1,0,1,3,slightly_injured
2018,4,Thu,5,52.41162026,13.50345317,afternoon,17,daylight,0,dry,0,5,2,0,1,0,0,0,0,3,slightly_injured
2018,4,Mon,2,52.50177948,13.35514858,afternoon,12,daylight,0,dry,0,2,6,1,1,0,0,0,0,3,slightly_injured
2018,4,Thu,5,52.50006886,13.34573673,afternoon,16,daylight,0,dry,0,5,3,1,1,0,0,0,0,2,seriously_injured
2018,4,Mon,2,52.50858448,13.32741131,afternoon,12,daylight,0,dry,0,1,5,1,1,0,0,1,0,2,seriously_injured
2018,4,Thu,5,52.57340435,13.29696048,afternoon,16,daylight,0,wet,1,1,5,0,1,0,0,0,0,3,slightly_injured
2018,4,Mon,2,52.58042619,13.40068774,morning,10,daylight,0,dry,0,5,7,0,1,0,0,1,0,3,slightly_injured
2018,4,Mon,2,52.46694625,13.37827874,morning,10,daylight,0,dry,0,2,6,0,1,0,0,0,0,3,slightly_injured
2018,4,Mon,2,52.49071404,13.41734863,morning,10,daylight,0,dry,0,1,5,1,1,0,0,0,0,3,slightly_injured
2018,4,Mon,2,52.50371194,13.33118563,morning,10,daylight,0,dry,0,5,2,0,1,0,0,0,1,2,seriously_injured
2018,4,Thu,5,52.5066838,13.34572524,afternoon,16,daylight,0,wet,1,6,7,0,1,1,0,0,0,3,slightly_injured
2018,4,Mon,2,52.62690821,13.27521531,morning,9,daylight,0,wet,1,5,3,0,1,0,0,0,0,3,slightly_injured
2018,4,Thu,5,52.56184607,13.20835181,afternoon,16,daylight,0,wet,1,3,6,0,0,0,1,1,0,3,slightly_injured
2018,4,Thu,5,52.45145557,13.3793857,afternoon,15,daylight,0,wet,1,6,4,0,1,1,0,0,0,3,slightly_injured
2018,4,Thu,5,52.56674614,13.41699547,afternoon,15,daylight,0,dry,0,1,5,0,1,0,0,0,0,3,slightly_injured
2018,4,Mon,2,52.53276514,13.14796586,morning,8,daylight,0,wet,1,5,2,0,1,0,1,0,0,2,seriously_injured
2018,4,Thu,5,52.51471967,13.38169372,afternoon,15,daylight,0,wet,1,1,5,1,1,0,0,0,0,2,seriously_injured
2018,4,Thu,5,52.46099631,13.4350343,afternoon,15,daylight,0,wet,1,5,2,1,1,0,0,0,0,3,slightly_injured
2018,4,Thu,5,52.55815138,13.51588612,afternoon,15,dusk,1,wet,1,5,3,1,1,0,0,0,0,3,slightly_injured
2018,4,Mon,2,52.5284622,13.15979341,morning,8,daylight,0,wet,1,1,5,0,1,0,0,0,0,3,slightly_injured
2018,4,Thu,5,52.4451572,13.37503103,afternoon,15,daylight,0,wet,1,0,2,0,1,0,1,0,0,3,slightly_injured
2018,4,Mon,2,52.4690125,13.33277164,morning,8,daylight,0,dry,0,5,2,1,0,0,0,0,1,3,slightly_injured
2018,4,Mon,2,52.46793472,13.51338792,morning,7,daylight,0,dry,0,2,3,1,1,0,0,1,0,3,slightly_injured
2018,4,Thu,5,52.48047408,13.31268799,afternoon,14,daylight,0,dry,0,5,2,0,1,0,0,0,0,3,slightly_injured
2018,4,Mon,2,52.51197483,13.49258485,night,5,dusk,1,dry,0,2,6,0,1,0,0,0,0,3,slightly_injured
2018,4,Thu,5,52.5511346,13.16536483,afternoon,13,daylight,0,dry,0,5,2,0,1,0,0,0,0,3,slightly_injured
2018,4,Mon,2,52.60305895,13.30858073,evening,18,daylight,0,dry,0,0,1,1,0,0,0,0,0,3,slightly_injured
2018,4,Thu,5,52.5241566,13.34251594,afternoon,12,daylight,0,wet,1,0,2,1,1,0,0,0,0,3,slightly_injured
2018,4,Thu,5,52.51720973,13.32471305,afternoon,12,daylight,0,wet,1,0,6,0,1,0,1,0,0,2,seriously_injured
2018,4,Mon,2,52.58462517,13.44841101,afternoon,15,daylight,0,dry,0,0,1,0,0,0,1,0,0,3,slightly_injured
2018,4,Thu,5,52.57194501,13.56305288,morning,11,daylight,0,wet,1,5,3,0,1,0,1,0,0,3,slightly_injured
2018,4,Mon,2,52.49325368,13.52614434,afternoon,12,daylight,0,dry,0,0,1,1,0,0,0,0,0,3,slightly_injured
2018,4,Thu,5,52.54569971,13.42791883,morning,11,daylight,0,wet,1,5,2,1,1,0,0,0,0,3,slightly_injured
2018,4,Mon,2,52.51600767,13.31410524,morning,8,daylight,0,dry,0,8,1,0,1,0,0,0,0,3,slightly_injured
2018,4,Mon,2,52.51828438,13.35506567,morning,11,daylight,0,dry,0,2,6,0,1,0,0,0,1,3,slightly_injured
2018,4,Thu,5,52.52653375,13.39844198,morning,10,daylight,0,wet,1,0,3,1,0,0,0,0,1,3,slightly_injured
2018,4,Mon,2,52.592101,13.326605,evening,20,dark,2,dry,0,5,3,0,1,0,0,0,1,3,slightly_injured
2018,4,Thu,5,52.46570851,13.42581892,morning,9,daylight,0,wet,1,5,7,0,1,0,0,0,0,3,slightly_injured
2018,4,Sun,1,52.53049377,13.3350603,afternoon,17,daylight,0,dry,0,0,7,0,1,1,0,0,0,2,seriously_injured
2018,4,Thu,5,52.53567427,13.37502377,morning,9,daylight,0,wet,1,1,5,1,1,0,0,0,0,3,slightly_injured
2018,4,Sun,1,52.49984081,13.42448915,afternoon,15,daylight,0,dry,0,1,5,1,1,0,0,0,0,3,slightly_injured
2018,4,Thu,5,52.51940151,13.37193458,morning,9,daylight,0,wet,1,0,1,0,0,0,1,0,0,3,slightly_injured
2018,4,Sun,1,52.46976164,13.44217496,evening,18,daylight,0,dry,0,6,4,0,1,1,0,0,0,3,slightly_injured
2018,4,Thu,5,52.44635256,13.37933522,morning,8,daylight,0,wet,1,2,6,0,1,0,0,0,1,3,slightly_injured
2018,4,Sun,1,52.43092861,13.2217181,evening,20,dusk,1,dry,0,0,7,1,1,0,0,0,0,3,slightly_injured
2018,4,Sun,1,52.55091406,13.41038858,evening,22,dark,2,dry,0,5,3,1,1,0,0,0,0,3,slightly_injured
2018,4,Thu,5,52.50537583,13.32928504,morning,8,daylight,0,dry,0,6,4,0,1,1,0,0,0,3,slightly_injured
2018,4,Sun,1,52.49039851,13.40973246,afternoon,17,daylight,0,dry,0,1,5,1,1,0,0,0,0,3,slightly_injured
2018,4,Thu,5,52.54236126,13.36601258,morning,8,daylight,0,dry,0,3,6,1,0,0,0,1,0,3,slightly_injured
2018,4,Sun,1,52.54215456,13.57031218,afternoon,17,daylight,0,dry,0,2,6,0,1,0,0,0,0,3,slightly_injured
2018,4,Thu,5,52.54132018,13.26240682,morning,8,daylight,0,wet,1,5,3,1,1,0,0,0,0,3,slightly_injured
2018,4,Sun,1,52.48469042,13.43425625,afternoon,17,daylight,0,dry,0,3,6,0,1,0,1,0,0,3,slightly_injured
2018,4,Thu,5,52.44546498,13.34050636,morning,8,daylight,0,dry,0,5,3,0,1,0,0,0,1,3,slightly_injured
2018,4,Sun,1,52.56493423,13.32429603,afternoon,16,daylight,0,dry,0,1,5,1,1,0,0,0,0,3,slightly_injured
2018,4,Thu,5,52.54764353,13.41361219,morning,7,daylight,0,wet,1,5,3,0,1,0,0,0,0,3,slightly_injured
2018,4,Sun,1,52.53666071,13.2006297,afternoon,16,daylight,0,dry,0,5,3,1,1,0,0,0,0,3,slightly_injured
2018,4,Sun,1,52.45946966,13.33763036,afternoon,14,daylight,0,dry,0,5,3,1,1,0,0,0,0,3,slightly_injured
2018,4,Thu,5,52.4660988,13.38559079,morning,7,daylight,0,dry,0,5,3,1,1,0,0,0,0,3,slightly_injured
2018,4,Sun,1,52.47157507,13.32322011,afternoon,13,daylight,0,dry,0,5,7,1,1,0,0,0,0,3,slightly_injured
2018,4,Thu,5,52.51786221,13.58888942,morning,7,daylight,0,dry,0,2,6,0,1,0,0,0,0,3,slightly_injured
2018,4,Sun,1,52.51277266,13.45778028,morning,11,daylight,0,dry,0,5,2,1,1,0,0,0,0,3,slightly_injured
2018,4,Thu,5,52.54203619,13.3505186,morning,6,daylight,0,wet,1,1,5,1,1,0,0,0,0,3,slightly_injured
2018,4,Sun,1,52.45557762,13.43717242,morning,10,daylight,0,dry,0,5,3,1,1,0,0,0,0,3,slightly_injured
2018,4,Thu,5,52.41739159,13.49610281,night,0,dark,2,dry,0,0,7,0,1,0,0,0,0,3,slightly_injured
2018,4,Sun,1,52.54010612,13.37144034,morning,10,daylight,0,dry,0,1,7,0,1,0,1,0,0,3,slightly_injured
2018,4,Sun,1,52.56596148,13.50168313,morning,9,daylight,0,dry,0,5,3,1,1,0,0,0,0,3,slightly_injured
2018,4,Thu,5,52.52898491,13.3779296,afternoon,12,daylight,0,wet,1,0,1,0,0,0,1,0,0,3,slightly_injured
2018,4,Sun,1,52.45546495,13.57687927,night,0,dark,2,dry,0,2,6,0,1,0,1,0,0,3,slightly_injured
2018,4,Thu,5,52.59697164,13.46738794,morning,10,daylight,0,wet,1,0,1,1,0,0,0,0,0,3,slightly_injured
2018,4,Sun,1,52.52911387,13.41628378,afternoon,12,daylight,0,dry,0,5,2,1,0,0,1,0,0,3,slightly_injured
2018,4,Sun,1,52.49045515,13.27803736,afternoon,12,daylight,0,dry,0,1,5,1,1,0,0,0,0,2,seriously_injured
2018,4,Wed,4,52.4991626,13.41967243,night,3,dark,2,wet,1,2,6,0,1,0,0,1,0,3,slightly_injured
2018,4,Sun,1,52.54480842,13.42283634,afternoon,14,daylight,0,dry,0,2,7,0,1,0,0,0,0,3,slightly_injured
2018,4,Wed,4,52.52077809,13.45035708,evening,23,dark,2,dry,0,6,4,0,1,1,0,0,0,3,slightly_injured
2018,4,Sun,1,52.53459747,13.29752683,afternoon,14,daylight,0,dry,0,2,6,0,1,0,0,0,0,3,slightly_injured
2018,4,Wed,4,52.59976929,13.3548357,afternoon,13,daylight,0,dry,0,5,7,1,1,0,0,0,0,3,slightly_injured
2018,4,Wed,4,52.47927479,13.34368312,morning,7,daylight,0,wet,1,0,7,1,1,0,0,0,0,2,seriously_injured
2018,4,Wed,4,52.43254943,13.23366235,evening,20,dusk,1,dry,0,5,3,1,1,0,0,0,0,3,slightly_injured
2018,4,Wed,4,52.50486262,13.33151118,afternoon,17,daylight,0,dry,0,1,5,0,1,0,0,0,1,3,slightly_injured
2018,4,Sun,1,52.5975636,13.27567706,morning,9,daylight,0,dry,0,8,1,1,0,0,0,0,0,3,slightly_injured
2018,4,Wed,4,52.42008292,13.3589781,afternoon,15,daylight,0,dry,0,2,2,0,1,0,0,0,1,3,slightly_injured
2018,4,Sun,1,52.53410329,13.40521196,night,1,dark,2,dry,0,0,1,1,0,0,0,0,0,3,slightly_injured
2018,4,Wed,4,52.53690525,13.60462363,afternoon,16,daylight,0,dry,0,2,6,0,1,0,0,0,0,3,slightly_injured
2018,4,Wed,4,52.50814832,13.30199538,afternoon,17,daylight,0,dry,0,2,6,0,1,0,0,0,1,3,slightly_injured
2018,4,Sat,7,52.49239786,13.4313869,afternoon,12,daylight,0,dry,0,3,6,1,0,0,0,0,1,2,seriously_injured
2018,4,Wed,4,52.50241598,13.42898248,afternoon,17,daylight,0,dry,0,6,4,0,1,1,0,0,0,3,slightly_injured
2018,4,Sat,7,52.57537048,13.51546554,morning,9,daylight,0,dry,0,9,1,0,1,0,0,0,0,2,seriously_injured
2018,4,Wed,4,52.5226832,13.18724795,afternoon,17,daylight,0,dry,0,2,7,0,1,0,0,0,0,3,slightly_injured
2018,4,Wed,4,52.53805095,13.24768074,evening,18,daylight,0,dry,0,5,2,0,1,0,0,0,0,3,slightly_injured
2018,4,Sat,7,52.48117909,13.42496247,evening,19,dusk,1,dry,0,1,5,1,1,0,0,0,0,3,slightly_injured
2018,4,Wed,4,52.50111933,13.39442086,evening,18,daylight,0,dry,0,5,2,1,1,0,0,0,0,3,slightly_injured
2018,4,Sat,7,52.57571647,13.27885689,evening,19,dusk,1,dry,0,2,6,0,1,0,0,0,0,3,slightly_injured
2018,4,Wed,4,52.50459442,13.399544,evening,18,daylight,0,dry,0,5,3,0,1,0,1,0,0,3,slightly_injured
2018,4,Sat,7,52.48047842,13.31280505,evening,18,daylight,0,dry,0,5,2,0,1,0,0,0,0,3,slightly_injured
2018,4,Wed,4,52.5066075,13.379721,afternoon,16,daylight,0,dry,0,5,3,1,1,0,0,0,0,3,slightly_injured
2018,4,Sat,7,52.49843966,13.31434371,afternoon,17,daylight,0,dry,0,0,1,0,0,0,1,0,0,3,slightly_injured
2018,4,Wed,4,52.41478025,13.15023826,afternoon,15,daylight,0,dry,0,0,5,1,1,0,0,0,0,3,slightly_injured
2018,4,Sat,7,52.5054474,13.33435403,afternoon,17,daylight,0,dry,0,2,6,1,1,0,0,0,0,3,slightly_injured
2018,4,Wed,4,52.5909365,13.37970756,afternoon,15,daylight,0,dry,0,2,7,0,1,0,0,0,0,3,slightly_injured
2018,4,Sat,7,52.60829775,13.32541288,afternoon,17,daylight,0,dry,0,5,3,0,1,0,0,0,0,3,slightly_injured
2018,4,Sat,7,52.40851497,13.26136777,afternoon,17,daylight,0,dry,0,5,3,1,0,0,1,0,0,3,slightly_injured
2018,4,Sat,7,52.55965995,13.36970431,afternoon,17,daylight,0,dry,0,6,4,0,1,1,0,0,0,3,slightly_injured
2018,4,Wed,4,52.54409753,13.35483486,afternoon,15,daylight,0,dry,0,5,3,1,1,0,0,0,0,2,seriously_injured
2018,4,Wed,4,52.5537175,13.47039035,afternoon,13,daylight,0,dry,0,5,3,0,1,0,0,0,0,3,slightly_injured