ujahr,umonat,weekday,uwochentag,long,lat,time_of_day,ustunde,light_condition,ulichtverh,street_condition,ustrzustand,uart,utyp1,ist_rad,ist_pkw,ist_fuss,ist_krad,ist_gkfz,ist_sonstige,ukategorie,accident_outcome
2018,4,Sat,7,52.5008677,13.46118547,afternoon,17,daylight,0,dry,0,5,3,0,1,0,0,0,0,3,slightly_injured
2018,4,Wed,4,52.5326097,13.18627773,afternoon,14,daylight,0,dry,0,2,6,0,1,0,0,0,0,3,slightly_injured
2018,4,Sat,7,52.4732449,13.45706352,afternoon,17,daylight,0,dry,0,2,7,0,1,0,1,0,0,3,slightly_injured
2018,4,Wed,4,52.51361967,13.41410817,afternoon,14,daylight,0,wet,1,0,1,0,0,0,1,0,0,3,slightly_injured
2018,4,Sat,7,52.60879196,13.3221606,afternoon,17,daylight,0,dry,0,2,6,0,1,0,0,0,0,3,slightly_injured
2018,4,Wed,4,52.48115121,13.43478374,afternoon,13,daylight,0,dry,0,6,4,0,1,1,0,0,0,3,slightly_injured
2018,4,Sat,7,52.56166932,13.25443149,afternoon,16,daylight,0,dry,0,6,4,1,0,1,0,0,0,3,slightly_injured
2018,4,Wed,4,52.43233881,13.59159549,afternoon,12,daylight,0,dry,0,5,3,0,1,0,0,0,0,3,slightly_injured
2018,4,Sat,7,52.53225281,13.44157745,afternoon,17,daylight,0,dry,0,5,2,1,1,0,0,0,0,3,slightly_injured
2018,4,Wed,4,52.45874758,13.41478233,morning,11,daylight,0,wet,1,2,6,0,0,0,0,1,1,2,seriously_injured
2018,4,Sat,7,52.52963114,13.46085433,afternoon,16,daylight,0,dry,0,2,3,0,1,0,0,0,1,2,seriously_injured
2018,4,Sat,7,52.53236435,13.60511451,afternoon,14,daylight,0,dry,0,6,4,0,1,1,0,0,0,3,slightly_injured
2018,4,Wed,4,52.50965052,13.39195871,evening,22,dark,2,dry,0,5,3,0,1,0,0,0,0,3,slightly_injured
2018,4,Sat,7,52.54592685,13.3582619,evening,22,dark,2,dry,0,1,5,0,1,0,0,0,0,3,slightly_injured
2018,4,Wed,4,52.50589087,13.32228942,morning,10,daylight,0,dry,0,3,6,1,0,0,0,0,1,3,slightly_injured
2018,4,Sat,7,52.44695625,13.34249838,evening,20,dark,2,dry,0,6,2,0,1,1,0,0,0,3,slightly_injured
2018,4,Wed,4,52.52749428,13.37879456,evening,20,dark,2,dry,0,5,2,1,1,0,0,0,0,3,slightly_injured
2018,4,Sat,7,52.54454895,13.56411958,afternoon,15,daylight,0,dry,0,2,6,0,1,0,0,0,0,3,slightly_injured
2018,4,Wed,4,52.54878432,13.42081568,morning,10,daylight,0,dry,0,0,2,1,0,0,0,0,1,3,slightly_injured
2018,4,Sat,7,52.5936332,13.32107216,afternoon,15,daylight,0,dry,0,5,3,1,1,0,0,0,0,3,slightly_injured
2018,4,Wed,4,52.57185157,13.42958436,morning,10,daylight,0,dry,0,5,2,0,1,0,0,0,0,3,slightly_injured
2018,4,Sat,7,52.50706129,13.39604697,afternoon,14,daylight,0,dry,0,3,6,1,0,0,0,0,0,3,slightly_injured
2018,4,Wed,4,52.542136,13.34939051,morning,10,daylight,0,dry,0,2,2,0,1,0,0,0,1,3,slightly_injured
2018,4,Sat,7,52.47755474,13.47867961,evening,18,daylight,0,dry,0,5,2,1,1,0,0,0,0,3,slightly_injured
2018,4,Sat,7,52.48826202,13.37666889,afternoon,14,daylight,0,dry,0,2,6,0,1,0,0,0,0,3,slightly_injured
2018,4,Wed,4,52.51311023,13.1968572,evening,20,dark,2,dry,0,5,2,0,1,0,0,0,0,3,slightly_injured
2018,4,Sat,7,52.46208609,13.36672243,afternoon,13,daylight,0,dry,0,5,3,1,1,0,0,0,0,3,slightly_injured
2018,4,Wed,4,52.48600159,13.33107298,evening,19,dusk,1,dry,0,0,3,0,1,0,1,0,0,3,slightly_injured
2018,4,Sat,7,52.48620507,13.25650614,afternoon,13,daylight,0,dry,0,0,3,1,0,0,0,0,0,3,slightly_injured
2018,4,Wed,4,52.55894501,13.46201775,morning,10,daylight,0,dry,0,5,2,0,1,0,0,0,0,3,slightly_injured
2018,4,Sun,1,52.47642595,13.36415057,afternoon,17,daylight,0,dry,0,0,1,1,0,0,0,0,0,3,slightly_injured
2018,4,Wed,4,52.63559581,13.50015654,morning,7,daylight,0,wet,1,0,6,1,0,0,0,0,0,3,slightly_injured
2018,4,Wed,4,52.41694659,13.4241851,evening,19,daylight,0,dry,0,2,2,0,1,0,1,0,0,3,slightly_injured
2018,4,Sat,7,52.44510483,13.32679018,afternoon,13,daylight,0,dry,0,0,1,1,0,0,0,0,0,3,slightly_injured
2018,4,Sun,1,52.48163,13.52544977,afternoon,16,daylight,0,dry,0,0,6,1,1,0,0,0,0,2,seriously_injured
2018,4,Wed,4,52.5380958,13.24775115,evening,18,daylight,0,dry,0,5,2,0,1,0,0,0,0,2,seriously_injured
2018,4,Wed,4,52.50879912,13.39390133,morning,9,daylight,0,wet,1,0,3,1,1,0,0,0,0,3,slightly_injured
2018,4,Sun,1,52.40785265,13.37761323,afternoon,15,daylight,0,dry,0,8,1,0,1,0,0,0,0,2,seriously_injured
2018,4,Wed,4,52.53308999,13.47633226,evening,20,dark,2,dry,0,5,2,0,1,0,0,0,0,2,seriously_injured
2018,4,Sat,7,52.51617933,13.25984557,afternoon,13,daylight,0,dry,0,5,3,1,1,0,0,0,0,3,slightly_injured
2018,4,Sun,1,52.47156223,13.38548482,afternoon,15,daylight,0,dry,0,2,6,0,1,0,0,0,0,3,slightly_injured
2018,4,Wed,4,52.48756025,13.41950741,evening,19,daylight,0,dry,0,6,4,0,1,1,0,0,0,2,seriously_injured
2018,4,Sat,7,52.50181388,13.34822154,afternoon,12,daylight,0,dry,0,0,5,0,1,0,0,0,1,3,slightly_injured
2018,4,Sat,7,52.51986795,13.43332268,afternoon,12,daylight,0,dry,0,5,3,0,1,0,0,0,1,3,slightly_injured
2018,4,Wed,4,52.46598239,13.37020265,morning,9,daylight,0,wet,1,2,6,0,0,0,0,1,1,3,slightly_injured
2018,4,Sat,7,52.57643902,13.36057784,afternoon,12,daylight,0,dry,0,2,6,0,1,0,0,0,0,3,slightly_injured
2018,4,Sun,1,52.51761809,13.26093351,afternoon,13,daylight,0,dry,0,2,7,1,1,0,0,0,0,3,slightly_injured
2018,4,Wed,4,52.54306612,13.15783821,morning,8,daylight,0,wet,1,5,2,0,1,0,0,0,0,3,slightly_injured
2018,4,Sat,7,52.51750627,13.36709263,afternoon,12,daylight,0,dry,0,0,3,1,0,0,0,0,1,3,slightly_injured
2018,4,Sun,1,52.52928019,13.23488693,afternoon,13,daylight,0,dry,0,0,7,1,0,0,0,0,0,2,seriously_injured
2018,4,Wed,4,52.57579349,13.27396009,morning,8,daylight,0,wet,1,5,3,0,1,0,1,0,0,3,slightly_injured
2018,4,Sun,1,52.55409991,13.40601425,afternoon,13,daylight,0,dry,0,2,6,0,1,0,1,0,0,3,slightly_injured
2018,4,Wed,4,52.49598029,13.39075749,morning,7,daylight,0,wet,1,5,2,1,1,0,0,0,0,3,slightly_injured
2018,4,Sat,7,52.50468315,13.49511799,morning,11,daylight,0,dry,0,6,4,0,1,1,0,0,0,2,seriously_injured
2018,4,Wed,4,52.51655305,13.61398158,morning,7,daylight,0,wet,1,2,6,0,1,0,0,0,0,3,slightly_injured
2018,4,Sat,7,52.53842561,13.18241667,morning,11,daylight,0,dry,0,5,2,0,1,0,1,0,0,3,slightly_injured
2018,4,Sun,1,52.44440802,13.57313094,afternoon,12,daylight,0,dry,0,2,6,0,1,0,0,0,1,3,slightly_injured
2018,4,Wed,4,52.45689721,13.43682257,morning,7,daylight,0,wet,1,5,2,1,1,0,0,0,0,3,slightly_injured
2018,4,Sat,7,52.51622245,13.35286335,morning,10,daylight,0,dry,0,1,5,1,1,0,0,0,1,3,slightly_injured
2018,4,Sun,1,52.50962375,13.30194073,afternoon,12,daylight,0,dry,0,2,6,0,1,0,0,0,0,3,slightly_injured
2018,4,Wed,4,52.55877244,13.41839818,morning,7,daylight,0,dry,0,5,3,0,1,0,0,0,0,3,slightly_injured
2018,4,Sat,7,52.47680463,13.31991737,evening,22,dark,2,dry,0,2,6,1,1,0,0,0,0,3,slightly_injured
2018,4,Sun,1,52.56246578,13.42140183,morning,11,daylight,0,dry,0,5,3,1,1,0,0,0,0,3,slightly_injured
2018,4,Sat,7,52.51218864,13.4611613,morning,10,daylight,0,dry,0,0,4,0,0,1,1,0,0,3,slightly_injured
2018,4,Wed,4,52.53552828,13.51794118,night,5,dark,2,wet,1,2,6,0,1,0,0,0,1,2,seriously_injured
2018,4,Sat,7,52.41750033,13.44353538,morning,10,daylight,0,dry,0,5,3,0,1,0,0,0,0,3,slightly_injured
2018,4,Sun,1,52.45676835,13.32068702,morning,11,daylight,0,dry,0,5,2,1,1,0,0,0,0,3,slightly_injured
2018,4,Sat,7,52.46998973,13.44952211,evening,19,daylight,0,dry,0,1,1,0,1,0,0,0,0,3,slightly_injured
2018,4,Wed,4,52.52843673,13.38570828,night,5,dusk,1,wet,1,0,1,1,0,0,0,0,0,3,slightly_injured
2018,4,Sat,7,52.55632026,13.30815954,morning,7,daylight,0,dry,0,5,2,0,1,0,1,0,0,3,slightly_injured
2018,4,Sat,7,52.46716759,13.16534495,evening,23,dark,2,dry,0,4,6,0,1,0,0,0,0,2,seriously_injured
2018,4,Sat,7,52.54536951,13.39297756,evening,20,dusk,1,dry,0,5,7,0,1,0,1,0,0,3,slightly_injured
2018,4,Wed,4,52.51728567,13.38058506,morning,9,daylight,0,dry,0,8,1,1,0,0,0,0,0,3,slightly_injured
2018,4,Sat,7,52.5471655,13.38921624,evening,19,daylight,0,dry,0,5,3,1,1,0,0,0,0,3,slightly_injured
2018,4,Tue,3,52.44111,13.50021702,afternoon,15,daylight,0,dry,0,0,7,0,1,0,0,0,1,3,slightly_injured
2018,4,Sat,7,52.43702047,13.56219983,evening,22,dark,2,dry,0,8,1,0,0,0,1,0,0,2,seriously_injured
2018,4,Sat,7,52.44455188,13.29510087,evening,19,dusk,1,dry,0,5,3,0,1,0,0,0,1,3,slightly_injured
2018,4,Tue,3,52.49590831,13.3897664,evening,21,dark,2,dry,0,5,2,1,1,0,0,0,0,3,slightly_injured
2018,4,Sat,7,52.41819149,13.50295624,morning,6,daylight,0,dry,0,0,7,0,1,0,1,0,0,3,slightly_injured
2018,4,Sat,7,52.47466781,13.45449462,evening,18,daylight,0,dry,0,6,2,0,0,1,0,0,1,3,slightly_injured
2018,4,Tue,3,52.57391041,13.40765889,morning,7,daylight,0,dry,0,5,2,1,1,0,0,0,0,3,slightly_injured
2018,4,Sat,7,52.53864144,13.24309104,night,0,dark,2,dry,0,1,5,0,1,0,0,1,0,2,seriously_injured
2018,4,Sat,7,52.499794,13.30638353,afternoon,17,daylight,0,dry,0,2,6,0,1,0,0,0,0,2,seriously_injured
2018,4,Sat,7,52.59763966,13.37394716,afternoon,16,daylight,0,dry,0,5,2,1,1,0,0,0,0,3,slightly_injured
2018,4,Tue,3,52.52924768,13.37854285,afternoon,16,daylight,0,dry,0,0,1,1,0,0,0,0,0,2,seriously_injured
2018,4,Fri,6,52.52989848,13.40555559,morning,9,daylight,0,dry,0,1,7,1,1,0,0,0,0,3,slightly_injured
2018,4,Sat,7,52.45291082,13.62495659,afternoon,15,daylight,0,dry,0,3,6,1,1,0,0,0,0,3,slightly_injured
2018,4,Sat,7,52.52329134,13.40317858,afternoon,14,daylight,0,dry,0,6,4,0,1,1,0,0,0,3,slightly_injured
2018,4,Tue,3,52.49133406,13.34510518,afternoon,17,daylight,0,dry,0,5,3,0,1,0,0,0,0,3,slightly_injured
2018,4,Fri,6,52.5218303,13.33221892,afternoon,16,daylight,0,dry,0,6,7,0,1,1,0,0,0,3,slightly_injured
2018,4,Sat,7,52.62736176,13.30945819,afternoon,13,daylight,0,dry,0,5,3,0,1,0,0,0,0,3,slightly_injured
2018,4,Tue,3,52.45527897,13.43751652,afternoon,17,daylight,0,dry,0,2,6,0,1,0,0,0,0,3,slightly_injured
2018,4,Fri,6,52.50102154,13.3066778,evening,19,daylight,0,dry,0,0,6,0,1,0,1,0,0,3,slightly_injured
2018,4,Sat,7,52.50331309,13.42574914,afternoon,13,daylight,0,dry,0,5,2,1,1,0,0,0,0,3,slightly_injured
2018,4,Tue,3,52.48503473,13.38582718,afternoon,17,daylight,0,dry,0,5,2,1,0,0,0,0,1,3,slightly_injured
2018,4,Fri,6,52.42970485,13.49963739,afternoon,12,daylight,0,dry,0,1,7,0,1,0,1,0,0,2,seriously_injured
2018,4,Fri,6,52.50655188,13.30929778,evening,20,dark,2,dry,0,5,3,0,1,0,0,0,0,3,slightly_injured
2018,4,Sat,7,52.53628342,13.20454536,afternoon,13,daylight,0,dry,0,6,7,0,1,1,0,0,0,3,slightly_injured
2018,4,Tue,3,52.50986948,13.61326992,afternoon,16,daylight,0,dry,0,2,6,1,1,0,0,0,1,3,slightly_injured
2018,4,Fri,6,52.50196536,13.44592039,afternoon,12,daylight,0,dry,0,0,7,1,0,0,0,0,0,3,slightly_injured
2018,4,Sat,7,52.46982535,13.3720553,afternoon,12,daylight,0,dry,0,5,2,0,1,0,0,0,0,3,slightly_injured
2018,4,Tue,3,52.42759743,13.44893,afternoon,16,daylight,0,dry,0,1,7,0,1,0,0,0,0,3,slightly_injured
2018,4,Fri,6,52.57205516,13.49947585,evening,18,daylight,0,dry,0,1,5,1,1,0,0,0,0,3,slightly_injured
2018,4,Sat,7,52.45260288,13.14026959,morning,9,daylight,0,dry,0,5,3,1,1,0,0,0,0,3,slightly_injured
2018,4,Sat,7,52.51859592,13.40685786,afternoon,15,daylight,0,dry,0,2,6,0,0,0,1,1,0,3,slightly_injured
2018,4,Tue,3,52.58745849,13.33459616,afternoon,16,daylight,0,dry,0,5,2,0,1,0,0,0,0,3,slightly_injured
2018,4,Fri,6,52.41332312,13.35473387,morning,11,daylight,0,dry,0,0,3,0,1,0,0,0,0,3,slightly_injured
2018,4,Sat,7,52.49613424,13.29494247,afternoon,16,daylight,0,dry,0,1,5,0,1,0,1,0,0,3,slightly_injured
2018,4,Sat,7,52.53217443,13.61370477,afternoon,14,daylight,0,dry,0,6,4,0,1,1,0,0,0,2,seriously_injured
2018,4,Tue,3,52.49946446,13.43293646,afternoon,16,daylight,0,dry,0,5,2,1,0,0,0,0,1,3,slightly_injured
2018,4,Fri,6,52.4872453,13.43942815,night,4,daylight,0,dry,0,1,5,1,1,0,0,0,0,3,slightly_injured
2018,4,Fri,6,52.45404093,13.50588503,afternoon,12,daylight,0,dry,0,1,5,1,1,0,0,0,0,3,slightly_injured
2018,4,Tue,3,52.53008681,13.20475033,afternoon,16,daylight,0,dry,0,5,7,0,1,0,0,0,1,3,slightly_injured
2018,4,Fri,6,52.46323075,13.45397609,morning,8,daylight,0,dry,0,5,3,0,1,0,0,1,0,3,slightly_injured
2018,4,Sat,7,52.48594104,13.60376944,afternoon,15,daylight,0,dry,0,6,4,0,1,1,0,0,0,2,seriously_injured
2018,4,Fri,6,52.45275133,13.43258301,morning,8,daylight,0,dry,0,6,2,0,1,1,0,0,0,3,slightly_injured
2018,4,Tue,3,52.44252086,13.3777761,afternoon,16,daylight,0,dry,0,5,2,0,1,0,1,0,1,3,slightly_injured
2018,4,Fri,6,52.55391727,13.42215222,morning,9,daylight,0,dry,0,5,3,0,1,0,0,0,0,3,slightly_injured
2018,4,Sat,7,52.50110432,13.39418157,afternoon,16,daylight,0,dry,0,5,3,1,1,0,0,0,0,2,seriously_injured
2018,4,Tue,3,52.52689647,13.62762774,afternoon,16,daylight,0,dry,0,5,3,1,1,0,0,0,0,3,slightly_injured
2018,4,Fri,6,52.53706845,13.4494464,morning,9,daylight,0,dry,0,5,2,1,1,0,0,0,0,3,slightly_injured
2018,4,Sat,7,52.42566359,13.43530314,afternoon,12,daylight,0,dry,0,6,4,0,1,1,1,0,0,3,slightly_injured
2018,4,Tue,3,52.53717527,13.40826191,afternoon,15,daylight,0,dry,0,6,4,0,1,1,0,0,0,3,slightly_injured
2018,4,Sat,7,52.56701523,13.31570147,afternoon,13,daylight,0,dry,0,2,2,0,1,0,0,0,0,3,slightly_injured
2018,4,Tue,3,52.53412309,13.29393728,afternoon,15,daylight,0,wet,1,0,1,0,0,0,1,0,0,3,slightly_injured
2018,4,Tue,3,52.49040089,13.44867638,afternoon,15,daylight,0,dry,0,5,3,0,1,0,0,0,0,3,slightly_injured
2018,4,Fri,6,52.47599244,13.42594251,morning,10,daylight,0,dry,0,0,7,0,1,0,0,0,1,3,slightly_injured
2018,4,Sat,7,52.51070456,13.45193778,afternoon,12,daylight,0,dry,0,5,2,0,1,0,0,0,1,3,slightly_injured
2018,4,Tue,3,52.44018291,13.5000022,afternoon,15,daylight,0,dry,0,2,7,0,1,0,1,0,0,2,seriously_injured
2018,4,Fri,6,52.48671421,13.42317831,morning,10,daylight,0,dry,0,5,7,0,1,0,1,0,0,3,slightly_injured
2018,4,Tue,3,52.55596453,13.37226245,afternoon,15,daylight,0,dry,0,5,2,1,1,0,0,0,0,3,slightly_injured
2018,4,Fri,6,52.50341801,13.32538537,morning,9,daylight,0,dry,0,1,4,1,1,1,0,0,0,3,slightly_injured
2018,4,Sat,7,52.53888506,13.2071989,morning,11,daylight,0,dry,0,2,6,0,1,0,0,0,0,3,slightly_injured
2018,4,Tue,3,52.55814794,13.46843195,afternoon,14,daylight,0,wet,1,2,7,0,0,0,1,0,1,3,slightly_injured
2018,4,Fri,6,52.45014791,13.33729169,morning,9,daylight,0,wet,1,0,7,0,1,0,1,0,0,3,slightly_injured
2018,4,Sat,7,52.54661178,13.40140757,afternoon,12,daylight,0,dry,0,0,1,1,0,0,0,0,0,2,seriously_injured
2018,4,Tue,3,52.52027361,13.56413561,afternoon,14,daylight,0,dry,0,1,5,0,1,0,0,0,0,3,slightly_injured
2018,4,Sat,7,52.4906296,13.33102491,morning,9,daylight,0,dry,0,0,1,0,0,0,1,0,0,3,slightly_injured
2018,4,Tue,3,52.50341551,13.39497275,afternoon,14,daylight,0,dry,0,4,6,0,1,0,0,0,0,3,slightly_injured
2018,4,Fri,6,52.50093218,13.39151952,morning,9,daylight,0,dry,0,5,3,1,0,0,0,0,0,2,seriously_injured
2018,4,Tue,3,52.42375092,13.25151133,afternoon,13,daylight,0,dry,0,6,4,0,0,1,0,1,0,3,slightly_injured
2018,4,Tue,3,52.54491854,13.44617494,afternoon,13,daylight,0,dry,0,5,3,0,1,0,1,0,0,2,seriously_injured
2018,4,Fri,6,52.50945423,13.390118,morning,8,daylight,0,dry,0,5,3,0,1,0,1,0,0,3,slightly_injured
2018,4,Fri,6,52.52897672,13.40187435,afternoon,12,daylight,0,dry,0,5,2,1,0,0,0,0,0,3,slightly_injured
2018,4,Tue,3,52.45756347,13.39172338,afternoon,13,daylight,0,dry,0,1,5,1,0,0,0,1,0,2,seriously_injured
2018,4,Fri,6,52.51770465,13.4365357,morning,9,daylight,0,dry,0,5,2,1,0,0,0,0,1,3,slightly_injured
2018,4,Tue,3,52.49632168,13.4504326,afternoon,12,daylight,0,dry,0,5,3,1,0,0,0,1,0,2,seriously_injured
2018,4,Fri,6,52.45482477,13.31444906,morning,8,daylight,0,dry,0,1,5,1,1,0,0,0,0,2,seriously_injured
2018,4,Tue,3,52.54770792,13.34633288,morning,11,daylight,0,dry,0,2,6,0,1,0,0,0,0,3,slightly_injured
2018,4,Fri,6,52.56252039,13.45905375,morning,7,daylight,0,dry,0,2,6,0,1,0,0,0,0,3,slightly_injured
2018,4,Fri,6,52.53471031,13.33792284,evening,18,daylight,0,dry,0,5,7,0,1,0,1,0,0,2,seriously_injured
2018,4,Tue,3,52.53109988,13.38500339,morning,10,daylight,0,dry,0,1,5,1,1,0,0,0,0,3,slightly_injured
2018,4,Fri,6,52.57769868,13.35563618,morning,7,daylight,0,dry,0,5,3,0,1,0,1,0,0,3,slightly_injured
2018,4,Tue,3,52.47281119,13.4362443,morning,10,daylight,0,dry,0,5,2,1,0,0,0,0,1,3,slightly_injured
2018,4,Fri,6,52.43141418,13.5343418,morning,6,daylight,0,dry,0,5,3,1,1,0,0,0,0,3,slightly_injured
2018,4,Fri,6,52.5099789,13.41566139,evening,23,dark,2,dry,0,5,7,1,1,0,0,0,0,3,slightly_injured
2018,4,Fri,6,52.58927406,13.31826373,afternoon,14,daylight,0,dry,0,5,2,1,1,0,0,0,0,2,seriously_injured
2018,4,Tue,3,52.60913219,13.33834474,morning,9,daylight,0,dry,0,6,4,0,1,1,0,0,0,3,slightly_injured
2018,4,Fri,6,52.39790594,13.39343185,morning,10,daylight,0,dry,0,2,6,0,1,0,0,0,0,3,slightly_injured
2018,4,Fri,6,52.56410785,13.37112031,afternoon,13,daylight,0,dry,0,2,6,0,1,0,1,0,0,3,slightly_injured
2018,4,Tue,3,52.51805483,13.33908597,morning,8,daylight,0,dry,0,5,7,0,1,0,1,0,0,3,slightly_injured
2018,4,Fri,6,52.49153604,13.43550628,night,0,dark,2,dry,0,8,1,1,0,0,0,0,0,3,slightly_injured
2018,4,Fri,6,52.4923148,13.34040624,evening,23,dark,2,dry,0,5,7,0,1,0,1,0,0,3,slightly_injured
2018,4,Fri,6,52.45898537,13.35512382,afternoon,13,daylight,0,dry,0,1,5,1,1,0,0,0,1,3,slightly_injured
2018,4,Tue,3,52.43011814,13.27764863,morning,8,daylight,0,dry,0,1,7,1,1,0,0,0,0,3,slightly_injured
2018,4,Fri,6,52.54938072,13.38661564,evening,21,dark,2,dry,0,0,2,1,1,0,0,0,0,3,slightly_injured
2018,4,Fri,6,52.55327979,13.42019213,afternoon,12,daylight,0,dry,0,3,6,1,1,0,0,0,0,3,slightly_injured
2018,4,Fri,6,52.45586405,13.33270543,evening,18,daylight,0,dry,0,5,2,1,1,0,0,0,0,3,slightly_injured
2018,4,Fri,6,52.53419389,13.18485792,afternoon,12,daylight,0,dry,0,5,2,1,1,0,0,0,0,3,slightly_injured
2018,4,Tue,3,52.45245766,13.40833841,morning,8,daylight,0,dry,0,2,6,0,1,0,0,0,1,3,slightly_injured
2018,4,Fri,6,52.45147379,13.41532742,afternoon,17,daylight,0,dry,0,0,1,0,0,0,1,0,0,3,slightly_injured
2018,4,Fri,6,52.48979219,13.38899803,morning,11,daylight,0,dry,0,6,4,0,0,1,0,1,0,3,slightly_injured
2018,4,Tue,3,52.52317417,13.43317331,morning,6,daylight,0,dry,0,9,1,0,1,0,0,0,0,3,slightly_injured
2018,4,Fri,6,52.44141641,13.35316433,afternoon,16,daylight,0,dry,0,0,7,0,1,0,0,0,1,3,slightly_injured
2018,4,Fri,6,52.64138653,13.2864286,morning,10,daylight,0,dry,0,5,3,0,1,0,0,0,0,3,slightly_injured
2018,4,Fri,6,52.49177518,13.41324618,morning,9,daylight,0,dry,0,6,4,0,1,1,0,0,0,2,seriously_injured
2018,4,Tue,3,52.43399007,13.55324769,morning,6,daylight,0,dry,0,5,3,0,1,0,0,0,0,3,slightly_injured
2018,4,Fri,6,52.57579568,13.3480242,afternoon,16,daylight,0,dry,0,5,2,1,1,0,0,0,0,3,slightly_injured
2018,4,Fri,6,52.43589153,13.49989405,morning,8,daylight,0,dry,0,6,7,0,1,1,0,0,0,3,slightly_injured
2018,4,Fri,6,52.52306742,13.479784,morning,8,daylight,0,dry,0,5,2,1,0,0,0,0,1,2,seriously_injured
2018,4,Tue,3,52.53244205,13.38525082,morning,6,daylight,0,dry,0,6,2,0,1,1,0,0,0,3,slightly_injured
2018,4,Fri,6,52.52536471,13.33738421,afternoon,16,daylight,0,dry,0,5,2,0,1,0,1,0,0,3,slightly_injured
2018,4,Fri,6,52.44849662,13.32723538,afternoon,16,daylight,0,dry,0,2,7,0,1,0,0,0,0,3,slightly_injured
2018,4,Fri,6,52.44424797,13.56913648,morning,7,daylight,0,dry,0,2,6,0,1,0,0,0,1,3,slightly_injured
2018,4,Tue,3,52.50609296,13.40157941,afternoon,13,daylight,0,dry,0,6,4,1,0,1,0,0,0,3,slightly_injured
2018,4,Fri,6,52.48986108,13.31273433,afternoon,16,daylight,0,dry,0,0,4,0,0,1,1,0,0,2,seriously_injured
2018,4,Fri,6,52.49859043,13.61340178,night,5,dusk,1,dry,0,5,3,1,0,0,0,0,1,2,seriously_injured
2018,4,Tue,3,52.52856168,13.45673089,afternoon,16,daylight,0,dry,0,0,2,1,1,0,0,0,0,3,slightly_injured
2018,4,Fri,6,52.51137941,13.44469173,afternoon,16,daylight,0,dry,0,4,6,1,1,0,0,0,0,3,slightly_injured
2018,4,Fri,6,52.51554424,13.31220172,morning,11,daylight,0,dry,0,3,5,0,1,0,0,0,1,3,slightly_injured
2018,4,Fri,6,52.48645593,13.3592438,evening,21,dark,2,dry,0,3,6,1,1,0,0,0,0,3,slightly_injured
2018,4,Tue,3,52.51849474,13.28042829,evening,20,dark,2,dry,0,2,6,0,1,0,0,0,0,3,slightly_injured
2018,4,Fri,6,52.42431219,13.41384264,afternoon,15,daylight,0,dry,0,0,6,0,1,0,0,0,1,2,seriously_injured
2018,4,Tue,3,52.47109982,13.31878308,evening,20,dusk,1,dry,0,6,7,0,1,1,0,0,0,3,slightly_injured
2018,4,Fri,6,52.5150874,13.34945455,afternoon,15,daylight,0,dry,0,0,6,0,1,0,1,0,0,3,slightly_injured
2018,4,Fri,6,52.5151604,13.35068738,evening,21,dark,2,dry,0,5,3,0,1,0,0,0,0,3,slightly_injured
2018,4,Fri,6,52.48053796,13.41608556,evening,19,daylight,0,dry,0,6,4,1,0,1,0,0,0,3,slightly_injured
2018,4,Tue,3,52.50258978,13.35313807,evening,20,dusk,1,dry,0,2,6,0,1,0,0,0,0,3,slightly_injured
2018,4,Fri,6,52.49821521,13.4295426,afternoon,14,daylight,0,dry,0,5,3,0,1,0,0,0,0,3,slightly_injured
2018,4,Fri,6,52.51936314,13.29973919,evening,19,daylight,0,dry,0,5,7,1,1,0,0,0,0,3,slightly_injured
2018,4,Fri,6,52.51844074,13.41938247,evening,19,daylight,0,dry,0,0,5,0,1,0,1,0,0,3,slightly_injured
2018,4,Tue,3,52.50879802,13.32250415,evening,18,daylight,0,dry,0,6,4,0,1,1,0,0,0,2,seriously_injured
2018,4,Fri,6,52.41124461,13.3836566,afternoon,15,daylight,0,dry,0,2,6,0,1,0,0,0,0,3,slightly_injured
2018,4,Fri,6,52.44682194,13.33168654,afternoon,15,daylight,0,dry,0,5,2,1,0,0,0,0,0,2,seriously_injured
2018,4,Tue,3,52.46232799,13.51453095,evening,19,daylight,0,dry,0,0,1,1,0,0,0,0,0,2,seriously_injured
2018,4,Fri,6,52.55054194,13.38495227,afternoon,14,daylight,0,dry,0,3,6,0,1,0,1,0,0,3,slightly_injured
2018,4,Fri,6,52.46576251,13.3061122,afternoon,17,daylight,0,dry,0,4,6,1,0,0,0,0,0,3,slightly_injured
2018,4,Tue,3,52.5102935,13.49883527,afternoon,17,daylight,0,dry,0,6,4,0,0,1,0,0,1,1,killed
2018,4,Fri,6,52.54332559,13.57049219,afternoon,14,daylight,0,dry,0,3,6,1,0,0,0,0,1,3,slightly_injured
2018,4,Fri,6,52.55077738,13.43162464,afternoon,17,daylight,0,dry,0,0,2,0,1,0,1,0,0,3,slightly_injured
2018,4,Mon,2,52.55148468,13.40378421,evening,19,daylight,0,dry,0,5,2,1,1,0,0,0,0,3,slightly_injured