ujahr,umonat,weekday,uwochentag,long,lat,time_of_day,ustunde,light_condition,ulichtverh,street_condition,ustrzustand,uart,utyp1,ist_rad,ist_pkw,ist_fuss,ist_krad,ist_gkfz,ist_sonstige,ukategorie,accident_outcome
2018,4,Fri,6,52.54025489,13.34672688,afternoon,16,daylight,0,dry,0,5,2,1,0,0,0,0,1,3,slightly_injured
2018,4,Mon,2,52.50452411,13.56170604,morning,8,daylight,0,dry,0,2,6,0,1,0,0,0,0,3,slightly_injured
2018,4,Mon,2,52.59083942,13.3710437,evening,21,dark,2,dry,0,5,3,1,1,0,0,0,0,3,slightly_injured
2018,4,Fri,6,52.52460471,13.30592981,afternoon,14,daylight,0,dry,0,5,3,1,1,0,0,0,0,3,slightly_injured
2018,4,Fri,6,52.52852481,13.34535964,afternoon,16,daylight,0,dry,0,0,7,1,0,0,0,0,0,3,slightly_injured
2018,4,Mon,2,52.4971996,13.29081971,evening,19,daylight,0,dry,0,2,6,0,1,0,0,0,0,3,slightly_injured
2018,4,Fri,6,52.46556085,13.44731838,afternoon,14,daylight,0,dry,0,5,3,0,1,0,0,0,0,3,slightly_injured
2018,4,Mon,2,52.52221105,13.32850623,evening,19,daylight,0,dry,0,6,2,0,1,1,0,0,0,3,slightly_injured
2018,4,Fri,6,52.55062644,13.3848107,afternoon,15,daylight,0,dry,0,5,2,1,1,0,0,0,0,3,slightly_injured
2018,4,Mon,2,52.50351903,13.32959982,evening,18,daylight,0,dry,0,2,6,0,1,0,0,0,0,3,slightly_injured
2018,4,Fri,6,52.51649764,13.41800717,afternoon,13,daylight,0,dry,0,5,3,0,1,0,0,0,0,3,slightly_injured
2018,4,Fri,6,52.44523513,13.43356124,afternoon,13,daylight,0,dry,0,5,3,1,1,0,0,0,0,3,slightly_injured
2018,4,Mon,2,52.46939343,13.37150089,evening,18,daylight,0,dry,0,5,2,1,1,0,0,0,0,3,slightly_injured
2018,4,Fri,6,52.51537359,13.41806547,afternoon,12,daylight,0,dry,0,0,2,1,1,0,1,0,0,3,slightly_injured
2018,4,Fri,6,52.44888969,13.31544752,afternoon,16,daylight,0,dry,0,5,7,0,1,0,1,0,0,2,seriously_injured
2018,4,Mon,2,52.50226617,13.59739475,evening,18,daylight,0,dry,0,5,3,1,1,0,0,0,0,3,slightly_injured
2018,4,Fri,6,52.49222038,13.37932128,afternoon,12,daylight,0,dry,0,3,6,1,0,0,0,0,0,3,slightly_injured
2018,4,Fri,6,52.52799745,13.64082278,afternoon,16,daylight,0,dry,0,5,3,1,1,0,0,0,0,2,seriously_injured
2018,4,Mon,2,52.56979007,13.31136016,evening,18,daylight,0,dry,0,5,3,0,1,0,0,0,0,3,slightly_injured
2018,4,Fri,6,52.4993695,13.42618189,evening,22,dark,2,dry,0,5,7,0,1,0,0,0,0,3,slightly_injured
2018,4,Mon,2,52.43536668,13.25819524,evening,18,daylight,0,dry,0,5,2,1,1,0,0,0,0,3,slightly_injured
2018,4,Fri,6,52.42693894,13.49812514,afternoon,12,daylight,0,dry,0,0,6,1,1,0,0,0,0,3,slightly_injured
2018,4,Mon,2,52.42527791,13.47383562,afternoon,17,daylight,0,dry,0,0,2,0,1,0,1,0,0,3,slightly_injured
2018,4,Fri,6,52.50349721,13.50991956,morning,11,daylight,0,dry,0,5,3,0,1,0,0,0,0,3,slightly_injured
2018,4,Fri,6,52.51456793,13.42132133,afternoon,15,daylight,0,dry,0,3,6,0,1,0,0,0,0,3,slightly_injured
2018,4,Mon,2,52.51096991,13.41659975,afternoon,16,daylight,0,dry,0,5,3,1,1,0,0,0,0,3,slightly_injured
2018,4,Fri,6,52.48459002,13.43446027,afternoon,12,daylight,0,dry,0,3,6,0,1,0,0,0,0,3,slightly_injured
2018,4,Mon,2,52.50377446,13.43660827,afternoon,16,daylight,0,dry,0,2,6,0,1,0,0,0,0,3,slightly_injured
2018,4,Fri,6,52.46724535,13.33832567,morning,11,daylight,0,dry,0,2,6,0,1,0,0,0,0,3,slightly_injured
2018,4,Fri,6,52.45804688,13.29158154,afternoon,15,daylight,0,dry,0,2,6,0,1,0,1,0,0,3,slightly_injured
2018,4,Fri,6,52.44667939,13.62198554,afternoon,15,daylight,0,dry,0,1,7,0,1,0,0,0,0,3,slightly_injured
2018,4,Mon,2,52.48751775,13.41982034,afternoon,15,daylight,0,dry,0,6,7,1,0,1,0,0,0,3,slightly_injured
2018,4,Fri,6,52.41770236,13.30712509,evening,21,dark,2,dry,0,0,1,1,0,0,0,0,0,2,seriously_injured
2018,4,Fri,6,52.51233183,13.35057241,afternoon,16,daylight,0,wet,1,6,4,0,1,1,0,0,0,3,slightly_injured
2018,4,Fri,6,52.52178181,13.41623489,evening,20,dark,2,dry,0,0,1,1,0,0,0,0,0,3,slightly_injured
2018,4,Fri,6,52.50946828,13.31438776,morning,8,daylight,0,dry,0,2,6,0,1,0,0,0,1,3,slightly_injured
2018,4,Mon,2,52.51525325,13.49074385,afternoon,15,daylight,0,dry,0,6,4,0,1,1,0,0,0,3,slightly_injured
2018,4,Fri,6,52.4878197,13.41649276,evening,18,daylight,0,dry,0,0,1,0,0,0,1,0,0,3,slightly_injured
2018,4,Thu,5,52.41892002,13.42587297,morning,9,daylight,0,wet,1,0,4,0,0,1,0,0,1,3,slightly_injured
2018,4,Thu,5,52.46155275,13.37680067,afternoon,12,daylight,0,wet,1,2,6,0,1,0,0,0,0,2,seriously_injured
2018,4,Mon,2,52.5256377,13.30597859,afternoon,15,daylight,0,dry,0,5,2,1,1,0,0,0,0,3,slightly_injured
2018,4,Fri,6,52.34653157,13.64568079,afternoon,14,daylight,0,dry,0,9,1,0,1,0,0,0,0,2,seriously_injured
2018,4,Mon,2,52.53673766,13.35337045,afternoon,15,daylight,0,dry,0,5,2,1,1,0,0,0,0,2,seriously_injured
2018,4,Thu,5,52.52386691,13.38754611,afternoon,17,daylight,0,dry,0,3,2,1,1,0,0,0,0,3,slightly_injured
2018,4,Thu,5,52.53583072,13.34856103,evening,18,daylight,0,wet,1,5,3,0,1,0,1,0,0,3,slightly_injured
2018,4,Mon,2,52.42119617,13.25751533,afternoon,15,daylight,0,dry,0,5,3,0,1,0,0,0,0,3,slightly_injured
2018,4,Thu,5,52.50130237,13.44153514,afternoon,16,daylight,0,dry,0,5,3,1,1,0,0,0,0,2,seriously_injured
2018,4,Thu,5,52.61373524,13.49781679,night,5,daylight,0,dry,0,5,3,0,1,0,0,0,0,3,slightly_injured
2018,4,Mon,2,52.53087237,13.38415055,afternoon,15,daylight,0,dry,0,6,6,1,0,1,0,0,0,3,slightly_injured
2018,4,Thu,5,52.44488799,13.30252688,morning,8,daylight,0,dry,0,0,3,1,0,0,0,0,1,3,slightly_injured
2018,4,Thu,5,52.50141675,13.41879442,evening,21,dark,2,dry,0,2,7,1,1,0,0,0,0,2,seriously_injured
2018,4,Thu,5,52.52604192,13.39342964,evening,20,dark,2,dry,0,1,1,0,1,0,0,0,0,3,slightly_injured
2018,4,Thu,5,52.53616309,13.41787323,morning,8,daylight,0,dry,0,6,4,1,0,1,0,0,0,3,slightly_injured
2018,4,Thu,5,52.50573162,13.40322194,evening,18,daylight,0,wet,1,5,3,0,1,0,1,0,0,3,slightly_injured
2018,4,Thu,5,52.53797379,13.18501112,evening,18,daylight,0,wet,1,5,3,0,1,0,0,0,0,3,slightly_injured
2018,4,Thu,5,52.5407674,13.56976603,evening,22,dark,2,dry,0,5,2,0,1,0,0,0,0,2,seriously_injured
2018,5,Mon,2,52.50105668,13.3461293,afternoon,16,daylight,0,dry,0,5,2,0,1,0,1,0,0,3,slightly_injured
2018,5,Mon,2,52.49307431,13.45296157,afternoon,16,daylight,0,dry,0,6,4,0,1,1,0,0,0,3,slightly_injured
2018,5,Fri,6,52.57783459,13.31544277,morning,9,daylight,0,dry,0,5,2,0,1,0,0,0,1,3,slightly_injured
2018,5,Mon,2,52.50268371,13.4675128,afternoon,14,daylight,0,dry,0,6,4,0,0,1,1,0,0,3,slightly_injured
2018,5,Fri,6,52.52040236,13.46972542,morning,9,daylight,0,dry,0,5,2,1,1,0,0,0,0,3,slightly_injured
2018,5,Mon,2,52.5412785,13.40927558,afternoon,14,daylight,0,dry,0,1,5,0,1,0,1,0,0,3,slightly_injured
2018,5,Fri,6,52.4791677,13.42536423,evening,21,dark,2,dry,0,6,4,0,1,1,0,0,0,3,slightly_injured
2018,5,Fri,6,52.53678341,13.35432302,morning,8,daylight,0,dry,0,5,2,0,1,0,1,0,0,3,slightly_injured
2018,5,Mon,2,52.43415295,13.37559557,afternoon,14,daylight,0,dry,0,0,6,1,1,0,0,0,0,3,slightly_injured
2018,5,Fri,6,52.46364249,13.37721502,evening,23,dark,2,dry,0,1,5,1,1,0,0,0,0,2,seriously_injured
2018,5,Fri,6,52.55428642,13.4184494,morning,8,daylight,0,dry,0,5,3,0,1,0,0,0,0,3,slightly_injured
2018,5,Mon,2,52.44681272,13.5752409,afternoon,14,daylight,0,dry,0,1,5,1,1,0,0,0,0,3,slightly_injured
2018,5,Mon,2,52.48128833,13.43799569,afternoon,13,daylight,0,dry,0,0,5,1,0,0,0,0,1,3,slightly_injured
2018,5,Mon,2,52.54801101,13.29692662,afternoon,13,daylight,0,dry,0,5,2,0,1,0,0,0,0,3,slightly_injured
2018,5,Fri,6,52.44002645,13.39851857,morning,7,daylight,0,dry,0,5,3,0,1,0,0,1,0,3,slightly_injured
2018,5,Mon,2,52.56246947,13.36360865,afternoon,14,daylight,0,dry,0,6,4,0,1,1,1,0,0,3,slightly_injured
2018,5,Fri,6,52.53662887,13.41825537,morning,7,daylight,0,dry,0,5,3,1,1,0,0,0,0,3,slightly_injured
2018,5,Fri,6,52.50787586,13.41403743,morning,7,daylight,0,dry,0,5,2,1,0,0,0,1,0,2,seriously_injured
2018,5,Mon,2,52.57828337,13.2984578,afternoon,14,daylight,0,dry,0,5,2,0,1,0,1,0,0,2,seriously_injured
2018,5,Fri,6,52.52516271,13.55776665,morning,7,daylight,0,dry,0,1,5,1,1,0,0,0,0,3,slightly_injured
2018,5,Thu,5,52.50053232,13.33083894,afternoon,16,daylight,0,dry,0,5,2,0,1,0,1,0,0,3,slightly_injured
2018,5,Mon,2,52.44180968,13.5590403,afternoon,15,daylight,0,dry,0,6,4,0,1,1,0,0,0,2,seriously_injured
2018,5,Thu,5,52.51284649,13.27542059,afternoon,16,daylight,0,dry,0,5,3,0,1,0,1,0,0,3,slightly_injured
2018,5,Mon,2,52.43729612,13.44311355,afternoon,15,daylight,0,dry,0,5,7,0,1,0,0,0,0,3,slightly_injured
2018,5,Mon,2,52.49452169,13.34180007,afternoon,16,daylight,0,dry,0,0,7,0,1,0,0,0,0,3,slightly_injured
2018,5,Mon,2,52.44257043,13.33196264,afternoon,13,daylight,0,dry,0,2,6,0,1,0,0,0,0,3,slightly_injured
2018,5,Thu,5,52.41900913,13.28383615,afternoon,15,daylight,0,dry,0,6,7,0,1,1,0,0,0,3,slightly_injured
2018,5,Mon,2,52.56810909,13.54379859,afternoon,16,daylight,0,dry,0,2,6,0,1,0,1,0,0,3,slightly_injured
2018,5,Thu,5,52.42150662,13.53953307,morning,7,daylight,0,dry,0,5,3,1,1,0,0,0,0,3,slightly_injured
2018,5,Thu,5,52.52711601,13.45861652,evening,18,daylight,0,dry,0,5,3,0,1,0,0,0,0,3,slightly_injured
2018,5,Mon,2,52.53930448,13.3933291,morning,7,daylight,0,dry,0,0,3,0,0,0,1,1,0,3,slightly_injured
2018,5,Mon,2,52.5118063,13.46633771,evening,23,dark,2,dry,0,5,3,0,1,0,1,0,0,3,slightly_injured
2018,5,Thu,5,52.50335616,13.41052167,evening,19,dusk,1,dry,0,5,3,1,1,0,0,0,0,3,slightly_injured
2018,5,Mon,2,52.488832,13.40540984,evening,19,daylight,0,dry,0,5,2,1,0,0,0,0,0,2,seriously_injured
2018,5,Thu,5,52.54854189,13.58120783,evening,19,daylight,0,dry,0,2,6,0,1,0,0,0,0,3,slightly_injured
2018,5,Mon,2,52.56318832,13.37373335,evening,20,dusk,1,dry,0,5,3,1,1,0,0,0,0,3,slightly_injured
2018,5,Mon,2,52.5288519,13.34319032,morning,10,daylight,0,dry,0,3,2,0,1,0,0,0,1,3,slightly_injured
2018,5,Thu,5,52.49231547,13.33992188,evening,19,daylight,0,dry,0,2,7,1,0,0,0,0,1,3,slightly_injured
2018,5,Mon,2,52.48715833,13.32657153,evening,20,dusk,1,dry,0,5,2,1,1,0,0,0,0,3,slightly_injured
2018,5,Mon,2,52.47860304,13.44655679,evening,20,daylight,0,dry,0,6,7,0,1,1,0,0,0,3,slightly_injured
2018,5,Thu,5,52.55152431,13.46574248,morning,7,daylight,0,dry,0,0,6,1,0,0,0,0,1,3,slightly_injured
2018,5,Thu,5,52.4992591,13.42616874,evening,20,dusk,1,dry,0,5,3,1,0,0,0,0,1,3,slightly_injured
2018,5,Mon,2,52.43156314,13.53874248,afternoon,17,daylight,0,dry,0,6,2,0,1,1,0,0,0,3,slightly_injured
2018,5,Thu,5,52.6018739,13.2411685,afternoon,16,daylight,0,dry,0,4,1,0,1,0,0,0,0,3,slightly_injured
2018,5,Thu,5,52.56626957,13.31913118,afternoon,16,daylight,0,dry,0,0,5,1,0,0,0,0,1,3,slightly_injured
2018,5,Mon,2,52.52878598,13.59509451,evening,18,daylight,0,dry,0,1,5,0,0,0,0,1,1,3,slightly_injured
2018,5,Mon,2,52.48808724,13.32265046,evening,18,daylight,0,dry,0,5,7,1,1,0,0,0,0,3,slightly_injured
2018,5,Thu,5,52.53118639,13.34798399,evening,18,daylight,0,dry,0,3,6,1,1,0,0,0,0,3,slightly_injured
2018,5,Mon,2,52.52737618,13.23374642,night,0,dark,2,dry,0,8,1,0,1,0,0,0,0,3,slightly_injured
2018,5,Thu,5,52.49968852,13.30555945,afternoon,17,daylight,0,dry,0,5,7,0,1,0,0,0,1,3,slightly_injured
2018,5,Mon,2,52.4908515,13.32309821,evening,18,daylight,0,dry,0,5,2,1,0,0,1,0,0,3,slightly_injured
2018,5,Thu,5,52.55396697,13.15037243,afternoon,16,daylight,0,dry,0,2,6,0,1,0,0,0,0,3,slightly_injured
2018,5,Thu,5,52.47307348,13.42832574,evening,19,daylight,0,dry,0,2,6,0,1,0,0,0,0,3,slightly_injured
2018,5,Mon,2,52.52948992,13.19568138,evening,18,daylight,0,dry,0,0,2,0,1,0,0,0,1,3,slightly_injured
2018,5,Thu,5,52.5360461,13.6022295,evening,18,daylight,0,dry,0,5,2,0,1,0,1,0,0,2,seriously_injured
2018,5,Thu,5,52.59505635,13.28586911,evening,18,daylight,0,dry,0,5,3,0,1,0,0,0,0,2,seriously_injured
2018,5,Mon,2,52.51327738,13.39435548,evening,18,daylight,0,dry,0,1,5,0,1,0,1,0,0,3,slightly_injured
2018,5,Thu,5,52.55878211,13.46185051,afternoon,17,daylight,0,dry,0,2,6,0,1,0,0,0,0,3,slightly_injured
2018,5,Thu,5,52.46361358,13.62718923,afternoon,16,daylight,0,dry,0,5,3,1,1,0,0,0,0,2,seriously_injured
2018,5,Mon,2,52.40237915,13.52205119,morning,7,daylight,0,dry,0,5,2,1,1,0,0,0,0,3,slightly_injured
2018,5,Mon,2,52.55401017,13.15014434,morning,7,daylight,0,dry,0,5,7,0,1,0,1,0,0,2,seriously_injured
2018,5,Thu,5,52.54463738,13.44587688,afternoon,15,daylight,0,dry,0,5,3,1,1,0,0,0,0,2,seriously_injured
2018,5,Mon,2,52.45980528,13.56064657,morning,8,daylight,0,dry,0,5,7,0,1,0,0,0,0,3,slightly_injured
2018,5,Thu,5,52.54765619,13.20801904,evening,22,dark,2,dry,0,8,1,0,1,0,0,0,0,3,slightly_injured
2018,5,Mon,2,52.53335707,13.38764307,morning,7,daylight,0,dry,0,0,2,1,1,0,0,0,0,3,slightly_injured
2018,5,Thu,5,52.55607623,13.44039224,night,4,dark,2,dry,0,6,7,1,0,1,0,0,0,3,slightly_injured
2018,5,Thu,5,52.55009385,13.57263325,morning,7,daylight,0,dry,0,5,3,0,1,0,0,0,0,2,seriously_injured
2018,5,Mon,2,52.55051263,13.46653975,morning,7,daylight,0,wet,1,0,7,0,1,0,1,0,0,3,slightly_injured
2018,5,Thu,5,52.50103623,13.34710362,morning,7,daylight,0,dry,0,5,2,1,1,0,0,0,0,3,slightly_injured
2018,5,Mon,2,52.48831311,13.30193327,morning,8,daylight,0,dry,0,2,6,1,0,0,0,0,0,3,slightly_injured
2018,5,Mon,2,52.46528314,13.43871069,morning,9,daylight,0,dry,0,5,3,0,1,0,0,0,0,3,slightly_injured
2018,5,Mon,2,52.51060118,13.36858342,morning,7,daylight,0,dry,0,5,3,1,1,0,0,0,0,3,slightly_injured
2018,5,Thu,5,52.54973549,13.3863108,morning,9,daylight,0,dry,0,2,7,0,1,0,1,0,1,3,slightly_injured
2018,5,Thu,5,52.49385061,13.51532306,morning,9,daylight,0,dry,0,5,2,1,1,0,0,0,0,3,slightly_injured
2018,5,Mon,2,52.51928488,13.16646776,morning,8,daylight,0,dry,0,2,6,0,0,0,1,0,1,2,seriously_injured
2018,5,Mon,2,52.48799012,13.41618617,morning,9,daylight,0,dry,0,2,6,0,1,0,0,0,1,3,slightly_injured
2018,5,Mon,2,52.519222,13.30065174,morning,9,daylight,0,dry,0,2,6,0,1,0,0,0,0,3,slightly_injured
2018,5,Thu,5,52.41996476,13.3312507,morning,10,daylight,0,dry,0,5,3,1,1,0,0,0,0,3,slightly_injured
2018,5,Mon,2,52.46435798,13.32988695,morning,9,daylight,0,dry,0,5,2,1,1,0,0,0,0,3,slightly_injured
2018,5,Thu,5,52.46681882,13.30778476,morning,11,daylight,0,dry,0,6,4,1,0,1,0,0,0,3,slightly_injured
2018,5,Thu,5,52.52907357,13.40179369,afternoon,12,daylight,0,dry,0,0,1,1,0,0,0,0,0,2,seriously_injured
2018,5,Thu,5,52.50432589,13.41128735,afternoon,12,daylight,0,dry,0,4,6,0,1,0,0,0,0,3,slightly_injured
2018,5,Mon,2,52.59242725,13.39853941,morning,10,daylight,0,dry,0,5,3,0,1,0,0,0,0,3,slightly_injured
2018,5,Mon,2,52.4652577,13.2988622,morning,10,daylight,0,dry,0,5,3,1,1,0,0,0,0,3,slightly_injured
2018,5,Thu,5,52.59566617,13.36069452,afternoon,15,daylight,0,dry,0,6,4,0,1,1,0,0,0,3,slightly_injured
2018,5,Mon,2,52.51559106,13.38905808,morning,10,daylight,0,dry,0,5,3,1,1,0,0,0,0,3,slightly_injured
2018,5,Thu,5,52.58246121,13.3887027,afternoon,15,daylight,0,dry,0,5,3,0,1,0,0,0,0,3,slightly_injured
2018,5,Mon,2,52.63271723,13.28113387,morning,10,daylight,0,dry,0,0,3,0,1,0,0,0,1,3,slightly_injured
2018,5,Thu,5,52.39176668,13.1307005,afternoon,15,daylight,0,dry,0,2,6,1,1,0,0,0,0,3,slightly_injured
2018,5,Thu,5,52.50444521,13.31294269,afternoon,13,daylight,0,dry,0,1,5,1,1,0,0,0,0,3,slightly_injured
2018,5,Mon,2,52.45757928,13.31882233,morning,11,daylight,0,dry,0,3,6,1,1,0,0,0,0,3,slightly_injured
2018,5,Wed,4,52.47790704,13.44813086,night,0,dark,2,dry,0,3,6,1,1,0,0,0,0,3,slightly_injured
2018,5,Mon,2,52.52292582,13.40884833,morning,11,daylight,0,dry,0,6,2,0,1,1,0,0,0,2,seriously_injured
2018,5,Thu,5,52.48715244,13.42139214,afternoon,13,daylight,0,dry,0,1,5,1,1,0,0,0,0,3,slightly_injured
2018,5,Wed,4,52.44470161,13.5692346,afternoon,17,daylight,0,dry,0,0,2,1,1,0,0,0,0,3,slightly_injured
2018,5,Mon,2,52.53687173,13.26477139,afternoon,12,daylight,0,dry,0,0,2,0,1,0,1,0,0,3,slightly_injured
2018,5,Wed,4,52.53866454,13.39579256,afternoon,17,daylight,0,dry,0,3,6,1,1,0,0,0,0,3,slightly_injured
2018,5,Mon,2,52.52874301,13.39467029,afternoon,12,daylight,0,dry,0,5,7,0,1,0,0,0,1,3,slightly_injured
2018,5,Wed,4,52.55436576,13.35991481,evening,21,daylight,0,dry,0,5,2,1,1,0,0,0,0,3,slightly_injured
2018,5,Wed,4,52.48585508,13.43072724,evening,22,dark,2,dry,0,1,5,1,1,0,0,0,0,3,slightly_injured
2018,5,Wed,4,52.51183978,13.24031638,morning,11,daylight,0,dry,0,5,2,0,1,0,0,0,0,3,slightly_injured
2018,5,Mon,2,52.45683615,13.35940659,afternoon,12,daylight,0,dry,0,5,2,1,1,0,0,0,0,2,seriously_injured
2018,5,Wed,4,52.43856929,13.54987908,afternoon,13,daylight,0,dry,0,3,6,1,0,0,0,0,1,3,slightly_injured
2018,5,Wed,4,52.43551157,13.31333283,morning,7,daylight,0,dry,0,5,3,1,1,0,0,0,0,2,seriously_injured
2018,5,Mon,2,52.50526926,13.35220147,afternoon,12,daylight,0,dry,0,0,1,1,0,0,0,0,0,3,slightly_injured
2018,5,Mon,2,52.44954479,13.31530555,afternoon,12,daylight,0,dry,0,0,1,0,0,0,1,0,0,2,seriously_injured
2018,5,Sun,1,52.49312005,13.36870756,evening,20,dusk,1,dry,0,0,6,0,1,0,0,0,1,3,slightly_injured
2018,5,Wed,4,52.58927065,13.34449821,morning,8,daylight,0,dry,0,2,6,0,1,0,0,0,0,3,slightly_injured
2018,5,Wed,4,52.52673442,13.48291692,afternoon,13,daylight,0,dry,0,0,1,1,0,0,0,0,0,3,slightly_injured
2018,5,Wed,4,52.49603031,13.3906933,morning,11,daylight,0,dry,0,5,3,0,1,0,1,0,0,3,slightly_injured
2018,5,Wed,4,52.47590342,13.47552916,afternoon,13,daylight,0,dry,0,6,4,0,1,1,0,0,0,2,seriously_injured
2018,5,Sun,1,52.50983014,13.42980027,afternoon,16,daylight,0,dry,0,1,5,1,1,0,0,0,1,3,slightly_injured
2018,5,Wed,4,52.51659323,13.43247044,afternoon,12,daylight,0,dry,0,1,5,1,1,0,0,0,0,2,seriously_injured
2018,5,Sun,1,52.43309443,13.52892464,afternoon,17,daylight,0,dry,0,5,3,0,1,0,0,0,0,3,slightly_injured
2018,5,Wed,4,52.42050277,13.30909642,morning,11,daylight,0,dry,0,5,3,0,1,0,0,0,0,3,slightly_injured
2018,5,Wed,4,52.56257867,13.39448591,afternoon,12,daylight,0,dry,0,5,3,0,1,0,0,0,0,3,slightly_injured
2018,5,Sun,1,52.57627201,13.29438092,evening,18,daylight,0,dry,0,9,1,0,1,1,0,0,0,2,seriously_injured
2018,5,Wed,4,52.54763513,13.41370878,afternoon,13,daylight,0,dry,0,6,4,1,0,1,0,0,0,3,slightly_injured
2018,5,Wed,4,52.49953305,13.45816182,morning,9,daylight,0,dry,0,5,2,1,0,0,0,0,1,2,seriously_injured
2018,5,Sun,1,52.49857569,13.29986465,afternoon,14,daylight,0,dry,0,2,6,0,1,0,0,0,0,3,slightly_injured
2018,5,Wed,4,52.5229339,13.32984633,afternoon,13,daylight,0,dry,0,5,2,1,1,0,0,0,0,3,slightly_injured
2018,5,Wed,4,52.56630894,13.38097013,afternoon,12,daylight,0,dry,0,2,6,0,1,0,0,0,0,3,slightly_injured
2018,5,Wed,4,52.51214456,13.39028172,morning,10,daylight,0,dry,0,5,7,0,1,0,1,0,0,2,seriously_injured
2018,5,Sun,1,52.49774893,13.36177694,afternoon,13,daylight,0,dry,0,5,3,1,1,0,0,0,0,3,slightly_injured
2018,5,Wed,4,52.48365188,13.32041762,afternoon,13,daylight,0,dry,0,2,2,0,1,0,0,0,0,3,slightly_injured
2018,5,Wed,4,52.46483138,13.3282692,morning,10,daylight,0,dry,0,6,2,0,1,1,0,0,0,2,seriously_injured
2018,5,Wed,4,52.49974416,13.42483626,afternoon,17,daylight,0,dry,0,1,5,1,1,0,0,0,1,3,slightly_injured
2018,5,Sun,1,52.51031202,13.4103969,afternoon,13,daylight,0,dry,0,3,6,0,1,0,1,0,0,3,slightly_injured
2018,5,Sun,1,52.42392388,13.49096595,afternoon,12,daylight,0,dry,0,5,3,1,1,0,0,0,0,2,seriously_injured
2018,5,Wed,4,52.51087279,13.31460743,afternoon,16,daylight,0,dry,0,2,6,0,1,0,0,0,0,3,slightly_injured
2018,5,Sun,1,52.56771625,13.19171683,morning,11,daylight,0,dry,0,2,7,0,1,0,0,0,0,3,slightly_injured
2018,5,Wed,4,52.50916676,13.41637924,morning,9,daylight,0,dry,0,5,3,1,1,0,0,0,0,3,slightly_injured
2018,5,Wed,4,52.57013725,13.55535516,afternoon,16,daylight,0,dry,0,6,4,0,0,1,1,0,0,2,seriously_injured
2018,5,Sun,1,52.45665468,13.56289383,evening,18,daylight,0,dry,0,2,6,0,1,0,1,0,0,3,slightly_injured
2018,5,Wed,4,52.55473745,13.44677914,morning,9,daylight,0,dry,0,0,6,1,1,0,0,0,0,3,slightly_injured
2018,5,Wed,4,52.54765038,13.41353369,morning,9,daylight,0,dry,0,5,2,0,1,0,1,0,0,2,seriously_injured
2018,5,Wed,4,52.54626781,13.57253778,afternoon,16,daylight,0,dry,0,6,4,0,1,1,0,0,0,2,seriously_injured
2018,5,Sun,1,52.50350744,13.41116737,evening,18,daylight,0,dry,0,5,3,1,1,0,0,0,0,2,seriously_injured
2018,5,Wed,4,52.49317947,13.36707175,evening,22,dark,2,dry,0,5,7,1,1,0,0,0,0,3,slightly_injured
2018,5,Wed,4,52.53885675,13.32591137,afternoon,16,daylight,0,dry,0,0,3,0,0,0,1,1,0,3,slightly_injured
2018,5,Sun,1,52.51347254,13.2996037,evening,19,daylight,0,dry,0,0,1,1,1,0,0,0,0,3,slightly_injured
2018,5,Wed,4,52.4720458,13.45120598,evening,21,dusk,1,dry,0,5,3,0,1,0,0,0,0,3,slightly_injured
2018,5,Wed,4,52.5124237,13.40395441,morning,8,daylight,0,dry,0,5,3,1,1,0,0,0,0,3,slightly_injured
2018,5,Wed,4,52.49728454,13.36379942,afternoon,16,daylight,0,dry,0,6,7,0,0,1,1,0,0,3,slightly_injured
2018,5,Sun,1,52.44147092,13.38009535,morning,10,daylight,0,dry,0,5,7,0,1,0,0,0,0,3,slightly_injured
2018,5,Wed,4,52.50544078,13.42252508,morning,7,daylight,0,dry,0,0,7,1,1,0,0,0,0,3,slightly_injured
2018,5,Wed,4,52.43342548,13.27595728,night,5,daylight,0,dry,0,5,3,0,1,0,0,0,0,3,slightly_injured
2018,5,Wed,4,52.49432988,13.51825072,afternoon,16,daylight,0,dry,0,5,3,0,1,0,1,0,0,2,seriously_injured
2018,5,Sun,1,52.52311154,13.42986101,morning,10,daylight,0,dry,0,0,2,0,1,0,1,0,0,3,slightly_injured
2018,5,Sun,1,52.41789902,13.30510436,morning,9,daylight,0,dry,0,5,3,0,1,0,0,0,0,3,slightly_injured
2018,5,Wed,4,52.50670925,13.39042619,afternoon,16,daylight,0,dry,0,5,2,1,0,0,0,0,1,3,slightly_injured
2018,5,Sun,1,52.47884106,13.60366664,afternoon,17,daylight,0,dry,0,5,3,0,1,0,0,0,0,3,slightly_injured
2018,5,Wed,4,52.46877747,13.37389291,evening,20,dark,2,dry,0,2,6,0,1,0,0,0,0,3,slightly_injured
2018,5,Wed,4,52.50229341,13.42388571,afternoon,16,daylight,0,dry,0,0,3,0,1,0,0,0,1,3,slightly_injured
2018,5,Sun,1,52.53493172,13.19861534,morning,7,daylight,0,dry,0,0,1,0,0,0,1,0,0,3,slightly_injured