ujahr,umonat,weekday,uwochentag,long,lat,time_of_day,ustunde,light_condition,ulichtverh,street_condition,ustrzustand,uart,utyp1,ist_rad,ist_pkw,ist_fuss,ist_krad,ist_gkfz,ist_sonstige,ukategorie,accident_outcome
2018,5,Wed,4,52.48827256,13.36521041,afternoon,15,daylight,0,dry,0,1,5,1,1,0,0,0,0,3,slightly_injured
2018,5,Wed,4,52.47638885,13.44599253,evening,19,daylight,0,dry,0,0,3,0,1,0,0,0,1,3,slightly_injured
2018,5,Wed,4,52.50283199,13.42945383,afternoon,15,daylight,0,dry,0,6,4,0,1,1,0,0,0,3,slightly_injured
2018,5,Wed,4,52.51127383,13.26945373,afternoon,15,daylight,0,dry,0,3,6,1,1,0,0,0,0,2,seriously_injured
2018,5,Sun,1,52.61244336,13.43351155,afternoon,16,daylight,0,dry,0,0,2,1,1,0,0,0,0,3,slightly_injured
2018,5,Wed,4,52.50530935,13.33036438,afternoon,17,daylight,0,dry,0,6,7,0,1,1,0,0,0,2,seriously_injured
2018,5,Wed,4,52.55589791,13.38435051,afternoon,15,daylight,0,dry,0,5,2,1,1,0,0,0,0,3,slightly_injured
2018,5,Wed,4,52.54644181,13.59218263,afternoon,15,daylight,0,dry,0,6,4,0,1,1,0,0,0,2,seriously_injured
2018,5,Wed,4,52.4768073,13.32026948,afternoon,17,daylight,0,dry,0,5,2,1,1,0,0,0,0,3,slightly_injured
2018,5,Wed,4,52.44032582,13.45890292,afternoon,15,daylight,0,dry,0,5,2,0,1,0,0,0,0,3,slightly_injured
2018,5,Sun,1,52.51873636,13.33999086,morning,6,daylight,0,dry,0,5,3,1,1,0,0,0,0,3,slightly_injured
2018,5,Wed,4,52.54302975,13.42628432,morning,8,daylight,0,dry,0,5,2,1,1,0,0,0,0,3,slightly_injured
2018,5,Tue,3,52.57446899,13.35931536,morning,7,daylight,0,dry,0,3,6,0,1,0,1,0,0,3,slightly_injured
2018,5,Sun,1,52.48259636,13.26337271,afternoon,15,daylight,0,dry,0,5,2,1,1,0,0,0,0,3,slightly_injured
2018,5,Sun,1,52.51999212,13.25599749,night,2,dark,2,dry,0,1,5,0,1,0,0,0,0,3,slightly_injured
2018,5,Tue,3,52.50839152,13.35130518,afternoon,17,daylight,0,dry,0,5,3,1,0,0,0,0,0,3,slightly_injured
2018,5,Sun,1,52.5321494,13.4417204,afternoon,15,daylight,0,dry,0,5,2,1,1,0,0,0,0,3,slightly_injured
2018,5,Wed,4,52.51877153,13.51918063,afternoon,16,daylight,0,dry,0,2,6,0,0,0,1,0,1,2,seriously_injured
2018,5,Tue,3,52.55273227,13.58083774,afternoon,12,daylight,0,dry,0,6,7,1,0,1,0,0,0,3,slightly_injured
2018,5,Sun,1,52.59513906,13.28581824,afternoon,14,daylight,0,dry,0,5,2,1,1,0,0,0,0,2,seriously_injured
2018,5,Wed,4,52.50781677,13.37819616,morning,8,daylight,0,dry,0,0,6,0,1,0,0,0,1,3,slightly_injured
2018,5,Tue,3,52.41692662,13.53355714,afternoon,17,daylight,0,dry,0,3,6,1,1,0,0,0,0,3,slightly_injured
2018,5,Wed,4,52.45234039,13.43309224,afternoon,16,daylight,0,dry,0,5,2,1,1,0,0,0,0,3,slightly_injured
2018,5,Tue,3,52.46681201,13.33024463,afternoon,15,daylight,0,dry,0,6,7,0,1,1,0,0,0,3,slightly_injured
2018,5,Sat,7,52.54653936,13.34491695,evening,23,dark,2,dry,0,5,2,1,1,0,0,0,0,3,slightly_injured
2018,5,Tue,3,52.45081048,13.33994454,evening,19,daylight,0,dry,0,6,4,1,0,1,0,0,0,3,slightly_injured
2018,5,Sat,7,52.42237876,13.28006905,afternoon,12,daylight,0,dry,0,0,2,1,1,0,0,0,0,3,slightly_injured
2018,5,Wed,4,52.50868536,13.46637995,afternoon,15,daylight,0,dry,0,0,1,1,0,0,0,0,0,3,slightly_injured
2018,5,Tue,3,52.49129294,13.39657369,evening,22,dark,2,dry,0,5,3,1,1,0,0,0,0,3,slightly_injured
2018,5,Sat,7,52.52237744,13.37835926,evening,18,daylight,0,dry,0,3,6,1,1,0,0,0,0,3,slightly_injured
2018,5,Wed,4,52.51078898,13.41630256,night,1,dark,2,wet,1,0,1,0,0,0,1,0,0,3,slightly_injured
2018,5,Tue,3,52.52799426,13.42508555,evening,20,daylight,0,dry,0,1,5,0,1,0,1,0,0,3,slightly_injured
2018,5,Sat,7,52.53807791,13.24728599,evening,18,daylight,0,dry,0,2,6,0,1,0,0,0,0,3,slightly_injured
2018,5,Wed,4,52.61783621,13.4815206,afternoon,16,daylight,0,dry,0,3,6,1,0,0,0,0,1,2,seriously_injured
2018,5,Sat,7,52.49146368,13.37674169,afternoon,17,daylight,0,dry,0,5,2,1,1,0,0,0,0,3,slightly_injured
2018,5,Tue,3,52.47172602,13.38341492,evening,19,daylight,0,dry,0,5,2,1,1,0,0,0,0,3,slightly_injured
2018,5,Sat,7,52.41333769,13.48819358,afternoon,16,daylight,0,dry,0,5,3,1,1,0,0,0,0,3,slightly_injured
2018,5,Wed,4,52.4553746,13.58362577,afternoon,16,daylight,0,dry,0,5,3,1,0,0,0,0,0,3,slightly_injured
2018,5,Wed,4,52.52750437,13.41492216,afternoon,16,daylight,0,dry,0,2,6,0,1,0,0,0,1,3,slightly_injured
2018,5,Tue,3,52.54870151,13.17818775,evening,18,daylight,0,dry,0,5,2,1,0,0,0,0,1,3,slightly_injured
2018,5,Sat,7,52.44236184,13.68625454,afternoon,15,daylight,0,dry,0,5,2,1,1,0,0,0,0,3,slightly_injured
2018,5,Wed,4,52.56711787,13.30041114,afternoon,16,daylight,0,dry,0,2,7,0,1,0,0,0,0,3,slightly_injured
2018,5,Wed,4,52.53724432,13.36034465,afternoon,14,daylight,0,dry,0,5,2,1,1,0,0,0,0,3,slightly_injured
2018,5,Tue,3,52.47880679,13.32020087,evening,18,daylight,0,dry,0,5,2,1,1,0,0,0,0,3,slightly_injured
2018,5,Sat,7,52.55111102,13.44266232,afternoon,14,daylight,0,dry,0,5,2,1,1,0,0,0,0,3,slightly_injured
2018,5,Tue,3,52.58616668,13.38965699,evening,18,daylight,0,dry,0,5,2,1,0,0,0,0,1,3,slightly_injured
2018,5,Sat,7,52.4941273,13.36310751,afternoon,12,daylight,0,dry,0,5,2,1,1,0,0,0,0,3,slightly_injured
2018,5,Wed,4,52.55469475,13.38351994,afternoon,14,daylight,0,dry,0,3,6,1,0,0,0,0,0,3,slightly_injured
2018,5,Tue,3,52.51247841,13.45242041,evening,18,daylight,0,dry,0,5,3,1,1,0,0,0,0,3,slightly_injured
2018,5,Sat,7,52.53009258,13.34580811,afternoon,13,daylight,0,dry,0,2,7,0,1,0,0,0,0,3,slightly_injured
2018,5,Wed,4,52.55599633,13.38442002,afternoon,14,daylight,0,dry,0,5,3,0,1,0,0,0,0,3,slightly_injured
2018,5,Tue,3,52.63388231,13.2915544,afternoon,17,daylight,0,dry,0,1,5,0,1,0,1,0,0,3,slightly_injured
2018,5,Sat,7,52.54783795,13.3052304,evening,18,daylight,0,dry,0,3,6,0,1,0,0,0,0,3,slightly_injured
2018,5,Wed,4,52.49752234,13.36434212,afternoon,14,daylight,0,dry,0,5,3,0,1,0,1,0,0,3,slightly_injured
2018,5,Wed,4,52.49941485,13.43056008,night,2,dark,2,dry,0,0,7,0,0,1,0,0,1,1,killed
2018,5,Tue,3,52.51875925,13.38031828,afternoon,17,daylight,0,dry,0,5,3,1,1,0,0,0,0,3,slightly_injured
2018,5,Sat,7,52.50751499,13.44999463,afternoon,16,daylight,0,dry,0,6,4,0,1,1,0,0,0,3,slightly_injured
2018,5,Tue,3,52.43733519,13.54652024,morning,10,daylight,0,dry,0,6,7,0,1,1,0,0,0,3,slightly_injured
2018,5,Tue,3,52.49143002,13.43445637,evening,23,dark,2,dry,0,4,1,1,0,0,0,0,0,3,slightly_injured
2018,5,Tue,3,52.48097974,13.1972696,evening,20,dusk,1,dry,0,0,1,1,0,0,0,0,0,2,seriously_injured
2018,5,Sat,7,52.61700507,13.47287303,afternoon,15,daylight,0,dry,0,5,3,0,1,0,0,0,0,3,slightly_injured
2018,5,Tue,3,52.52761368,13.39789767,evening,20,dark,2,dry,0,2,6,1,1,0,0,0,0,3,slightly_injured
2018,5,Tue,3,52.6102737,13.48197191,afternoon,12,daylight,0,dry,0,5,2,0,0,0,1,0,1,3,slightly_injured
2018,5,Sat,7,52.5420565,13.39986602,evening,18,daylight,0,dry,0,3,5,0,1,0,0,0,1,2,seriously_injured
2018,5,Tue,3,52.48152027,13.32943909,evening,18,daylight,0,dry,0,5,2,1,1,0,0,0,0,3,slightly_injured
2018,5,Tue,3,52.52396575,13.40960909,morning,10,daylight,0,dry,0,5,2,1,1,0,0,0,0,3,slightly_injured
2018,5,Sat,7,52.43701218,13.44753668,afternoon,16,daylight,0,dry,0,0,2,0,1,0,0,0,1,3,slightly_injured
2018,5,Sat,7,52.45343274,13.56894315,evening,20,dusk,1,dry,0,0,1,1,0,0,0,0,0,2,seriously_injured
2018,5,Tue,3,52.52318078,13.40343423,afternoon,17,daylight,0,dry,0,6,4,0,1,1,0,0,0,3,slightly_injured
2018,5,Tue,3,52.50998647,13.23155614,morning,10,daylight,0,dry,0,2,2,0,1,0,0,0,1,3,slightly_injured
2018,5,Sat,7,52.51118886,13.40120943,afternoon,14,daylight,0,dry,0,3,1,0,1,0,1,0,0,2,seriously_injured
2018,5,Tue,3,52.43318828,13.3708109,afternoon,17,daylight,0,dry,0,1,5,0,0,0,1,1,0,3,slightly_injured
2018,5,Tue,3,52.56668214,13.19938543,morning,10,daylight,0,dry,0,1,5,1,1,0,0,0,0,3,slightly_injured
2018,5,Sat,7,52.53502458,13.25381705,afternoon,14,daylight,0,dry,0,9,1,0,1,0,0,0,0,3,slightly_injured
2018,5,Tue,3,52.55859943,13.44612486,afternoon,16,daylight,0,dry,0,6,4,0,0,1,1,0,0,3,slightly_injured
2018,5,Tue,3,52.54798534,13.18297603,afternoon,16,daylight,0,dry,0,5,2,1,0,0,0,0,1,3,slightly_injured
2018,5,Tue,3,52.5455935,13.20043604,morning,10,daylight,0,dry,0,1,5,1,1,0,0,0,0,3,slightly_injured
2018,5,Sat,7,52.52902504,13.40987361,afternoon,15,daylight,0,dry,0,5,3,1,1,0,0,0,0,2,seriously_injured
2018,5,Tue,3,52.5613287,13.37875506,afternoon,16,daylight,0,dry,0,6,4,0,1,1,0,0,0,2,seriously_injured
2018,5,Tue,3,52.56159496,13.37250474,afternoon,15,daylight,0,dry,0,5,3,1,1,0,0,0,0,3,slightly_injured
2018,5,Tue,3,52.54287296,13.36978004,morning,7,daylight,0,dry,0,2,2,0,0,0,1,1,0,3,slightly_injured
2018,5,Sat,7,52.55284972,13.42409558,afternoon,17,daylight,0,dry,0,5,3,0,1,0,0,0,0,3,slightly_injured
2018,5,Sat,7,52.41128164,13.42133565,morning,11,daylight,0,dry,0,7,7,1,0,0,0,0,0,3,slightly_injured
2018,5,Tue,3,52.43727808,13.56246228,morning,7,daylight,0,dry,0,5,2,1,1,0,0,0,0,3,slightly_injured
2018,5,Sat,7,52.51903301,13.29029036,evening,23,dark,2,dry,0,6,4,0,1,1,0,0,0,3,slightly_injured
2018,5,Tue,3,52.51250957,13.45223086,afternoon,15,daylight,0,dry,0,6,4,1,0,1,0,0,0,2,seriously_injured
2018,5,Sat,7,52.48053549,13.4160971,evening,21,dark,2,dry,0,3,6,1,0,0,0,0,0,2,seriously_injured
2018,5,Tue,3,52.51370763,13.45507166,morning,7,daylight,0,dry,0,5,2,1,1,0,0,0,0,3,slightly_injured
2018,5,Sat,7,52.56429089,13.32820494,afternoon,12,daylight,0,dry,0,5,7,0,1,0,1,0,0,3,slightly_injured
2018,5,Tue,3,52.46528252,13.50718815,afternoon,14,daylight,0,dry,0,6,4,0,1,1,0,0,0,3,slightly_injured
2018,5,Tue,3,52.42318653,13.52474383,morning,7,daylight,0,dry,0,5,2,0,1,0,1,0,0,3,slightly_injured
2018,5,Sat,7,52.41825878,13.41686175,morning,8,daylight,0,dry,0,5,3,0,1,0,0,0,0,2,seriously_injured
2018,5,Tue,3,52.55372894,13.3586904,afternoon,13,daylight,0,dry,0,2,6,0,1,0,0,0,0,3,slightly_injured
2018,5,Tue,3,52.52911242,13.3161296,morning,7,daylight,0,dry,0,6,4,0,1,1,0,0,0,3,slightly_injured
2018,5,Tue,3,52.54868729,13.38798516,afternoon,13,daylight,0,dry,0,3,6,0,1,0,0,0,1,2,seriously_injured
2018,5,Tue,3,52.52824865,13.37855636,morning,6,daylight,0,dry,0,5,3,1,1,0,0,0,0,3,slightly_injured
2018,5,Tue,3,52.51816396,13.42784537,morning,10,daylight,0,dry,0,5,2,1,1,0,0,0,0,3,slightly_injured
2018,5,Sat,7,52.44034296,13.45905843,morning,9,daylight,0,dry,0,5,3,1,1,0,0,0,0,3,slightly_injured
2018,5,Tue,3,52.454879,13.37608845,morning,11,daylight,0,dry,0,2,6,0,1,0,0,0,0,2,seriously_injured
2018,5,Tue,3,52.3985013,13.40664372,night,4,dusk,1,dry,0,5,2,1,0,0,0,0,1,2,seriously_injured
2018,5,Sat,7,52.50975029,13.42124044,morning,10,daylight,0,dry,0,2,2,0,0,0,1,0,1,3,slightly_injured
2018,5,Tue,3,52.489102,13.40565689,morning,9,daylight,0,dry,0,0,2,1,0,0,0,1,0,3,slightly_injured
2018,5,Sat,7,52.44190276,13.56966977,morning,10,daylight,0,dry,0,2,6,0,1,0,1,0,0,3,slightly_injured
2018,4,Mon,2,52.50690357,13.34837791,evening,23,dark,2,dry,0,8,1,0,1,0,0,0,0,3,slightly_injured
2018,5,Tue,3,52.51551902,13.42899665,morning,9,daylight,0,dry,0,5,3,0,1,0,0,0,0,3,slightly_injured
2018,5,Sat,7,52.55386414,13.56631398,morning,11,daylight,0,dry,0,5,3,1,1,0,0,0,0,2,seriously_injured
2018,4,Mon,2,52.50260754,13.44670455,evening,20,dusk,1,dry,0,5,2,1,1,0,0,0,0,2,seriously_injured
2018,5,Tue,3,52.5244763,13.35033176,morning,9,daylight,0,dry,0,5,3,1,1,0,0,0,0,3,slightly_injured
2018,4,Mon,2,52.49345155,13.31743459,morning,10,daylight,0,dry,0,1,5,1,1,0,0,0,0,3,slightly_injured
2018,5,Tue,3,52.50956841,13.39185399,morning,9,daylight,0,dry,0,5,3,0,1,0,0,0,0,3,slightly_injured
2018,5,Sat,7,52.50233234,13.34809981,morning,11,daylight,0,dry,0,2,6,0,1,0,0,0,0,3,slightly_injured
2018,5,Tue,3,52.41757357,13.3665236,morning,8,daylight,0,dry,0,6,2,0,1,1,0,0,0,3,slightly_injured
2018,5,Tue,3,52.54568005,13.49979467,morning,8,daylight,0,dry,0,1,5,0,1,0,0,0,1,3,slightly_injured
2018,5,Sat,7,52.54900085,13.1630324,afternoon,12,daylight,0,dry,0,1,5,1,1,0,0,0,0,3,slightly_injured
2018,4,Mon,2,52.53399598,13.49650304,morning,10,daylight,0,dry,0,5,3,1,1,0,0,0,0,3,slightly_injured
2018,5,Tue,3,52.55034078,13.42784799,morning,8,daylight,0,dry,0,5,3,1,0,0,0,0,1,3,slightly_injured
2018,4,Mon,2,52.49721907,13.34643323,morning,10,daylight,0,dry,0,1,5,1,1,0,0,0,0,3,slightly_injured
2018,5,Tue,3,52.50059837,13.43962858,morning,8,daylight,0,dry,0,2,6,1,0,0,0,0,0,3,slightly_injured
2018,5,Sat,7,52.45112176,13.33799844,afternoon,12,daylight,0,dry,0,3,6,0,1,0,1,0,0,3,slightly_injured
2018,5,Tue,3,52.44357332,13.57942207,morning,8,daylight,0,dry,0,6,4,0,0,1,0,0,1,2,seriously_injured
2018,5,Sat,7,52.43367104,13.24267704,afternoon,12,daylight,0,dry,0,5,3,0,1,0,0,0,0,3,slightly_injured
2018,4,Mon,2,52.53915531,13.61989308,morning,8,daylight,0,dry,0,6,4,0,1,1,0,0,0,3,slightly_injured
2018,5,Tue,3,52.52861525,13.20770061,morning,8,daylight,0,dry,0,2,6,0,1,0,0,0,0,3,slightly_injured
2018,5,Sat,7,52.53433194,13.4054261,night,4,dark,2,dry,0,0,1,1,0,0,0,0,0,2,seriously_injured
2018,5,Tue,3,52.46178598,13.51694987,morning,11,daylight,0,dry,0,6,4,0,1,1,0,0,0,3,slightly_injured
2018,5,Fri,6,52.63329309,13.29168189,afternoon,16,daylight,0,dry,0,6,2,0,1,1,0,0,0,3,slightly_injured
2018,4,Mon,2,52.4982566,13.39811866,evening,22,dark,2,dry,0,3,6,0,1,0,1,0,1,3,slightly_injured
2018,4,Mon,2,52.53303259,13.19820368,night,0,dark,2,dry,0,6,2,0,1,1,0,0,0,3,slightly_injured
2018,5,Tue,3,52.51838283,13.27804548,morning,9,daylight,0,dry,0,5,7,0,1,0,0,0,1,3,slightly_injured
2018,5,Fri,6,52.41399771,13.1466385,evening,20,daylight,0,dry,0,1,5,1,1,0,0,0,0,3,slightly_injured
2018,4,Mon,2,52.46577682,13.44238605,afternoon,14,daylight,0,dry,0,5,2,0,1,0,0,0,0,3,slightly_injured
2018,5,Tue,3,52.4737763,13.44192899,morning,11,daylight,0,dry,0,1,7,0,1,0,0,0,1,3,slightly_injured
2018,5,Fri,6,52.53696076,13.47676911,evening,21,dusk,1,dry,0,0,3,1,0,0,0,0,0,3,slightly_injured
2018,5,Fri,6,52.56291295,13.19657548,evening,19,dusk,1,dry,0,5,3,1,0,0,0,0,0,3,slightly_injured
2018,4,Mon,2,52.57819892,13.29796201,evening,19,daylight,0,dry,0,5,2,1,0,0,0,1,0,2,seriously_injured
2018,5,Tue,3,52.42275308,13.39157278,afternoon,12,daylight,0,dry,0,1,5,1,1,0,0,0,0,3,slightly_injured
2018,5,Fri,6,52.39416805,13.41108658,morning,7,daylight,0,dry,0,5,2,1,1,0,0,0,0,3,slightly_injured
2018,4,Mon,2,52.54124101,13.27168357,evening,19,daylight,0,dry,0,1,5,0,0,0,1,0,1,3,slightly_injured
2018,5,Fri,6,52.52581202,13.36834631,afternoon,15,daylight,0,dry,0,5,7,1,1,0,0,0,0,3,slightly_injured
2018,4,Mon,2,52.47348833,13.29806148,evening,20,daylight,0,dry,0,6,4,0,1,1,0,0,0,2,seriously_injured
2018,5,Tue,3,52.48825948,13.30444153,afternoon,12,daylight,0,dry,0,5,2,0,1,0,1,0,0,3,slightly_injured
2018,5,Fri,6,52.56838723,13.52729712,afternoon,17,daylight,0,dry,0,5,3,1,1,0,0,0,0,3,slightly_injured
2018,4,Mon,2,52.4535628,13.27205056,evening,18,daylight,0,dry,0,5,2,1,1,0,0,0,0,3,slightly_injured
2018,5,Tue,3,52.58330151,13.28207655,afternoon,12,daylight,0,dry,0,5,3,0,1,0,0,0,0,3,slightly_injured
2018,5,Fri,6,52.55647052,13.56395097,afternoon,17,daylight,0,dry,0,5,3,0,1,0,0,0,0,3,slightly_injured
2018,4,Mon,2,52.41325411,13.66004595,afternoon,17,daylight,0,dry,0,5,2,1,1,0,0,0,0,2,seriously_injured
2018,4,Mon,2,52.56895806,13.35641539,afternoon,17,daylight,0,dry,0,5,2,1,1,0,0,0,0,2,seriously_injured
2018,5,Tue,3,52.55422784,13.41827481,afternoon,12,daylight,0,dry,0,5,3,1,1,0,0,0,0,3,slightly_injured
2018,5,Fri,6,52.51269566,13.18294897,afternoon,16,daylight,0,dry,0,2,2,0,1,0,0,0,0,3,slightly_injured
2018,4,Mon,2,52.50121893,13.3174651,afternoon,17,daylight,0,dry,0,3,6,0,1,0,0,0,1,3,slightly_injured
2018,4,Mon,2,52.58307966,13.42859671,afternoon,17,daylight,0,dry,0,0,2,1,1,0,0,0,0,2,seriously_injured
2018,5,Tue,3,52.40242553,13.52225267,afternoon,13,daylight,0,dry,0,5,3,1,1,0,0,0,0,3,slightly_injured
2018,5,Fri,6,52.52383696,13.29882435,afternoon,16,daylight,0,dry,0,6,4,0,1,1,0,0,0,2,seriously_injured
2018,5,Fri,6,52.5469564,13.42455873,afternoon,16,daylight,0,dry,0,6,4,0,1,1,0,0,0,3,slightly_injured
2018,4,Mon,2,52.52431624,13.38759182,afternoon,17,daylight,0,dry,0,3,6,1,0,0,0,0,0,3,slightly_injured
2018,5,Tue,3,52.53645598,13.59674729,afternoon,13,daylight,0,dry,0,5,3,1,1,0,0,0,0,3,slightly_injured
2018,5,Fri,6,52.51884545,13.30234221,afternoon,14,daylight,0,dry,0,5,2,0,1,0,1,0,0,3,slightly_injured
2018,4,Mon,2,52.42315605,13.31339662,afternoon,16,daylight,0,dry,0,2,2,1,1,0,0,0,0,3,slightly_injured
2018,5,Tue,3,52.4458289,13.31531047,afternoon,14,daylight,0,dry,0,2,6,0,1,0,0,0,0,3,slightly_injured
2018,5,Fri,6,52.52271245,13.41537892,afternoon,14,daylight,0,dry,0,5,3,0,1,0,0,0,1,3,slightly_injured
2018,4,Mon,2,52.44197791,13.26515529,afternoon,16,daylight,0,dry,0,2,7,0,1,0,0,0,0,2,seriously_injured
2018,4,Mon,2,52.55394747,13.37409956,afternoon,16,daylight,0,dry,0,2,6,0,1,0,0,0,0,3,slightly_injured
2018,5,Tue,3,52.4035043,13.55308266,afternoon,14,daylight,0,dry,0,2,7,0,1,0,0,0,1,2,seriously_injured
2018,5,Fri,6,52.44702664,13.59180595,afternoon,14,daylight,0,dry,0,5,3,0,1,0,1,0,0,3,slightly_injured
2018,5,Tue,3,52.41379441,13.49223601,afternoon,14,daylight,0,dry,0,5,7,0,1,0,0,0,0,3,slightly_injured
2018,5,Fri,6,52.52298416,13.47695988,afternoon,14,daylight,0,dry,0,5,3,1,1,0,0,0,0,3,slightly_injured
2018,4,Mon,2,52.50398164,13.35285186,afternoon,16,daylight,0,dry,0,5,3,1,1,0,0,0,0,3,slightly_injured
2018,4,Mon,2,52.44840554,13.55913501,afternoon,15,daylight,0,dry,0,2,6,0,1,0,0,0,0,3,slightly_injured
2018,5,Tue,3,52.51892177,13.28857589,afternoon,15,daylight,0,dry,0,5,3,0,1,0,0,0,1,3,slightly_injured
2018,5,Fri,6,52.50037766,13.33038604,afternoon,14,daylight,0,dry,0,3,6,1,1,0,0,0,0,3,slightly_injured
2018,4,Mon,2,52.59681663,13.35863387,afternoon,15,daylight,0,dry,0,2,6,0,1,0,0,0,0,3,slightly_injured
2018,4,Mon,2,52.55652997,13.5288586,afternoon,15,daylight,0,dry,0,5,7,0,1,0,0,0,0,3,slightly_injured
2018,5,Tue,3,52.56391688,13.32802402,afternoon,15,daylight,0,dry,0,6,4,0,1,1,0,0,0,3,slightly_injured
2018,5,Fri,6,52.44779005,13.38950323,afternoon,14,daylight,0,dry,0,0,7,0,0,0,0,0,1,3,slightly_injured
2018,5,Fri,6,52.51575797,13.39111126,morning,11,daylight,0,dry,0,5,2,1,1,0,0,0,0,3,slightly_injured
2018,5,Tue,3,52.49994409,13.41832854,afternoon,15,daylight,0,dry,0,2,5,1,1,0,0,0,1,3,slightly_injured
2018,5,Fri,6,52.51454989,13.38594911,afternoon,17,daylight,0,dry,0,3,6,1,1,0,0,0,0,3,slightly_injured
2018,4,Mon,2,52.52582938,13.31987542,afternoon,15,daylight,0,dry,0,2,6,0,1,0,0,0,0,3,slightly_injured
2018,5,Tue,3,52.42814864,13.32714763,afternoon,16,daylight,0,dry,0,0,6,0,1,0,0,0,1,2,seriously_injured
2018,5,Fri,6,52.52645208,13.49611774,afternoon,15,daylight,0,dry,0,5,2,1,1,0,0,0,0,2,seriously_injured
2018,4,Mon,2,52.53833142,13.37285141,afternoon,14,daylight,0,dry,0,5,7,1,1,0,0,0,0,3,slightly_injured
2018,5,Tue,3,52.5465169,13.50921576,afternoon,16,daylight,0,dry,0,5,2,1,1,0,0,0,0,3,slightly_injured
2018,4,Mon,2,52.4096632,13.26727256,afternoon,14,daylight,0,dry,0,6,4,0,1,1,0,0,0,3,slightly_injured
2018,5,Tue,3,52.51782183,13.3708325,afternoon,17,daylight,0,dry,0,0,2,1,1,0,0,0,0,3,slightly_injured
2018,5,Tue,3,52.41232886,13.50495231,afternoon,16,daylight,0,dry,0,5,3,1,1,0,0,0,0,2,seriously_injured
2018,5,Fri,6,52.52403382,13.36817598,evening,19,daylight,0,dry,0,6,2,0,1,1,0,0,0,2,seriously_injured
2018,4,Mon,2,52.48638274,13.35080684,afternoon,14,daylight,0,dry,0,1,5,1,1,0,0,0,0,3,slightly_injured
2018,5,Tue,3,52.51693647,13.37035194,afternoon,17,daylight,0,dry,0,0,1,0,0,0,0,0,1,3,slightly_injured
2018,5,Fri,6,52.49111695,13.43544173,afternoon,13,daylight,0,dry,0,3,6,0,1,0,1,0,0,3,slightly_injured
2018,5,Tue,3,52.55008081,13.3682461,evening,22,dark,2,dry,0,5,5,0,1,0,0,0,0,3,slightly_injured
2018,4,Mon,2,52.45149208,13.58640869,afternoon,14,daylight,0,dry,0,5,2,0,1,0,1,0,0,2,seriously_injured
2018,5,Mon,2,52.56660116,13.55236491,afternoon,16,daylight,0,dry,0,5,3,0,1,0,0,0,0,3,slightly_injured
2018,5,Fri,6,52.42620401,13.18674716,afternoon,13,daylight,0,dry,0,5,2,1,1,0,0,0,0,3,slightly_injured
2018,5,Fri,6,52.42096118,13.33480211,afternoon,13,daylight,0,dry,0,5,3,0,1,0,1,0,0,3,slightly_injured
2018,5,Mon,2,52.53809948,13.21557864,morning,7,daylight,0,dry,0,5,2,1,1,0,0,0,0,3,slightly_injured
2018,5,Fri,6,52.61301976,13.31092068,afternoon,12,daylight,0,dry,0,5,3,1,1,0,0,0,0,3,slightly_injured
2018,4,Mon,2,52.44773761,13.51303204,afternoon,13,daylight,0,dry,0,5,3,0,1,0,0,0,0,2,seriously_injured
2018,5,Mon,2,52.45172553,13.62481936,morning,10,daylight,0,dry,0,0,2,1,1,0,0,0,0,3,slightly_injured
2018,5,Fri,6,52.4979671,13.43614725,afternoon,12,daylight,0,dry,0,5,3,1,0,0,0,0,0,3,slightly_injured
2018,4,Mon,2,52.41797171,13.47211516,afternoon,14,daylight,0,dry,0,0,1,1,0,0,0,0,0,3,slightly_injured
2018,5,Mon,2,52.5130527,13.39012109,evening,20,dusk,1,dry,0,5,3,0,1,0,0,0,0,3,slightly_injured
2018,4,Mon,2,52.49158321,13.30113113,afternoon,13,daylight,0,dry,0,0,4,0,1,1,0,0,0,3,slightly_injured
2018,5,Mon,2,52.49968731,13.41625126,afternoon,17,daylight,0,dry,0,5,7,1,1,0,0,0,0,2,seriously_injured
2018,5,Fri,6,52.48951487,13.40581736,morning,11,daylight,0,dry,0,5,2,1,1,0,0,0,0,3,slightly_injured
2018,5,Mon,2,52.42802518,13.5442118,afternoon,16,daylight,0,dry,0,2,7,0,1,0,1,0,0,3,slightly_injured
2018,5,Fri,6,52.45594914,13.64297593,morning,11,daylight,0,dry,0,5,2,0,1,0,0,0,1,3,slightly_injured
2018,4,Mon,2,52.53283929,13.47615623,afternoon,13,daylight,0,dry,0,6,2,0,0,1,0,0,1,3,slightly_injured
2018,5,Mon,2,52.53350064,13.38745447,morning,8,daylight,0,dry,0,5,2,1,1,0,0,0,0,3,slightly_injured
2018,5,Fri,6,52.55383266,13.35213354,morning,11,daylight,0,dry,0,5,7,0,1,0,0,0,0,3,slightly_injured