ujahr,umonat,weekday,uwochentag,long,lat,time_of_day,ustunde,light_condition,ulichtverh,street_condition,ustrzustand,uart,utyp1,ist_rad,ist_pkw,ist_fuss,ist_krad,ist_gkfz,ist_sonstige,ukategorie,accident_outcome
2018,5,Mon,2,52.57668524,13.31428753,night,0,dark,2,dry,0,5,3,0,1,0,0,1,0,3,slightly_injured
2018,5,Fri,6,52.5969833,13.46726648,morning,11,daylight,0,dry,0,5,3,0,1,0,0,0,0,3,slightly_injured
2018,4,Mon,2,52.54858686,13.56367347,afternoon,13,daylight,0,dry,0,6,4,0,1,1,0,0,0,3,slightly_injured
2018,4,Mon,2,52.48583426,13.42429771,afternoon,12,daylight,0,dry,0,1,5,1,1,0,0,0,1,3,slightly_injured
2018,5,Mon,2,52.59074613,13.44617806,afternoon,17,daylight,0,dry,0,4,6,1,0,0,0,0,0,3,slightly_injured
2018,5,Fri,6,52.55069323,13.37372242,afternoon,14,daylight,0,dry,0,5,3,1,1,0,0,0,0,3,slightly_injured
2018,4,Mon,2,52.54510108,13.35000758,afternoon,12,daylight,0,dry,0,5,3,1,1,0,0,0,0,3,slightly_injured
2018,5,Fri,6,52.6008381,13.34291574,evening,20,daylight,0,dry,0,1,5,0,0,0,1,0,1,3,slightly_injured
2018,4,Mon,2,52.5251168,13.56047671,afternoon,12,daylight,0,dry,0,3,6,1,1,0,0,0,0,3,slightly_injured
2018,5,Mon,2,52.51004102,13.40042566,afternoon,17,daylight,0,dry,0,5,3,1,1,0,0,0,0,3,slightly_injured
2018,5,Fri,6,52.51916428,13.40604603,evening,20,daylight,0,dry,0,5,7,0,1,0,1,0,0,3,slightly_injured
2018,4,Mon,2,52.50306933,13.32753084,afternoon,12,daylight,0,dry,0,0,7,1,0,0,0,0,1,3,slightly_injured
2018,4,Mon,2,52.52526665,13.34292337,afternoon,12,daylight,0,dry,0,0,2,1,0,0,0,0,1,3,slightly_injured
2018,5,Mon,2,52.49719827,13.29022033,afternoon,17,daylight,0,dry,0,5,3,1,1,0,0,0,0,3,slightly_injured
2018,5,Fri,6,52.5940086,13.28210927,morning,10,daylight,0,dry,0,5,2,1,1,0,0,0,0,3,slightly_injured
2018,5,Mon,2,52.43848386,13.72046943,afternoon,17,daylight,0,dry,0,5,7,0,1,0,1,0,0,3,slightly_injured
2018,5,Fri,6,52.57597297,13.29475108,evening,20,dusk,1,dry,0,6,4,0,1,1,0,0,0,2,seriously_injured
2018,4,Mon,2,52.55411479,13.4110467,afternoon,12,daylight,0,dry,0,5,2,1,1,0,0,0,0,3,slightly_injured
2018,5,Mon,2,52.55168132,13.42933585,afternoon,16,daylight,0,dry,0,3,6,1,0,0,0,1,0,3,slightly_injured
2018,5,Fri,6,52.50681566,13.39216928,evening,20,daylight,0,dry,0,6,4,1,0,1,0,0,0,3,slightly_injured
2018,4,Mon,2,52.47530845,13.36021375,morning,10,daylight,0,dry,0,2,6,0,1,0,1,0,0,3,slightly_injured
2018,5,Mon,2,52.50765574,13.39036478,afternoon,16,daylight,0,dry,0,5,2,1,1,0,0,0,0,3,slightly_injured
2018,5,Fri,6,52.42571548,13.58713836,morning,10,daylight,0,dry,0,1,5,1,1,0,0,0,0,3,slightly_injured
2018,4,Sun,1,52.4985129,13.39568509,evening,19,daylight,0,dry,0,2,6,0,1,0,0,0,0,3,slightly_injured
2018,4,Sun,1,52.49939849,13.38888243,evening,18,daylight,0,dry,0,0,1,0,1,0,1,0,0,2,seriously_injured
2018,5,Fri,6,52.55100676,13.44994672,morning,9,daylight,0,dry,0,4,6,1,1,0,0,0,0,3,slightly_injured
2018,4,Sun,1,52.50609067,13.49594411,evening,18,daylight,0,dry,0,6,7,0,1,1,0,0,0,2,seriously_injured
2018,4,Sun,1,52.42553933,13.54537701,evening,18,daylight,0,dry,0,2,6,0,1,0,0,0,0,3,slightly_injured
2018,5,Thu,5,52.54685602,13.156207,morning,7,daylight,0,dry,0,5,3,1,1,0,0,0,0,3,slightly_injured
2018,5,Mon,2,52.53985079,13.15745505,morning,10,daylight,0,dry,0,5,3,0,1,0,1,0,0,2,seriously_injured
2018,5,Thu,5,52.51413451,13.47782661,morning,7,daylight,0,dry,0,5,2,1,1,0,0,0,0,3,slightly_injured
2018,5,Mon,2,52.46338333,13.13106956,morning,10,daylight,0,dry,0,5,2,0,1,0,1,0,0,2,seriously_injured
2018,5,Thu,5,52.47226671,13.31102567,morning,7,daylight,0,dry,0,5,3,1,1,0,0,0,0,3,slightly_injured
2018,5,Mon,2,52.52589557,13.52194074,morning,7,daylight,0,dry,0,5,2,0,0,0,0,0,1,2,seriously_injured
2018,5,Mon,2,52.48600947,13.33286089,morning,11,daylight,0,dry,0,1,5,0,1,0,1,0,0,3,slightly_injured
2018,5,Thu,5,52.45196434,13.41842322,morning,6,daylight,0,dry,0,2,6,0,1,0,1,0,0,3,slightly_injured
2018,5,Mon,2,52.62234429,13.4914613,morning,11,daylight,0,dry,0,4,6,0,1,0,0,0,0,3,slightly_injured
2018,5,Mon,2,52.54953478,13.58751039,morning,7,daylight,0,dry,0,2,6,0,1,0,0,0,0,2,seriously_injured
2018,5,Mon,2,52.52233311,13.51944302,morning,6,daylight,0,dry,0,3,6,0,1,0,0,1,0,2,seriously_injured
2018,5,Thu,5,52.50840628,13.4518364,morning,6,daylight,0,dry,0,5,5,0,1,0,0,0,0,3,slightly_injured
2018,5,Mon,2,52.56386096,13.36819177,evening,19,daylight,0,dry,0,5,3,0,1,0,0,0,0,3,slightly_injured
2018,5,Thu,5,52.5119482,13.38964191,night,4,dark,2,dry,0,1,1,1,0,0,0,1,0,3,slightly_injured
2018,5,Mon,2,52.49847209,13.40671755,evening,19,dusk,1,dry,0,5,2,1,1,0,0,0,0,3,slightly_injured
2018,5,Thu,5,52.4244348,13.39564458,afternoon,12,daylight,0,dry,0,5,3,0,1,0,1,0,0,3,slightly_injured
2018,5,Thu,5,52.50532083,13.47515014,evening,20,daylight,0,dry,0,0,3,0,1,0,1,0,0,3,slightly_injured
2018,5,Mon,2,52.50939854,13.28943921,evening,19,daylight,0,dry,0,9,1,0,1,0,1,0,0,3,slightly_injured
2018,5,Thu,5,52.52853139,13.51948025,afternoon,13,daylight,0,dry,0,2,6,0,1,0,0,0,0,3,slightly_injured
2018,5,Mon,2,52.49927843,13.4265909,evening,18,daylight,0,dry,0,5,2,0,1,0,0,0,1,2,seriously_injured
2018,5,Thu,5,52.53651257,13.20038651,afternoon,13,daylight,0,dry,0,5,2,0,1,0,0,0,1,3,slightly_injured
2018,5,Thu,5,52.50479739,13.44086406,morning,11,daylight,0,dry,0,5,2,0,1,0,0,1,0,3,slightly_injured
2018,5,Mon,2,52.46017541,13.4353205,evening,18,daylight,0,dry,0,5,2,0,1,0,1,0,0,3,slightly_injured
2018,5,Thu,5,52.52618,13.45900144,morning,11,daylight,0,dry,0,2,2,0,1,0,0,0,0,3,slightly_injured
2018,5,Thu,5,52.51015378,13.17067109,morning,7,daylight,0,dry,0,5,2,1,1,0,0,0,0,3,slightly_injured
2018,5,Mon,2,52.4955697,13.32393121,evening,18,dusk,1,dry,0,5,2,1,1,0,0,0,0,3,slightly_injured
2018,5,Thu,5,52.56382442,13.49820319,night,5,dusk,1,dry,0,5,3,1,1,0,0,0,0,2,seriously_injured
2018,5,Mon,2,52.47410093,13.35226602,evening,18,daylight,0,dry,0,5,3,0,1,0,1,0,0,3,slightly_injured
2018,5,Thu,5,52.54856972,13.26437339,morning,7,daylight,0,dry,0,6,4,0,1,1,0,0,0,2,seriously_injured
2018,5,Mon,2,52.5496141,13.37733525,evening,18,daylight,0,dry,0,3,6,0,1,0,1,0,1,3,slightly_injured
2018,5,Thu,5,52.54395202,13.41546216,evening,19,daylight,0,dry,0,5,2,1,1,0,0,0,0,3,slightly_injured
2018,5,Thu,5,52.50987573,13.3591469,evening,18,daylight,0,dry,0,5,2,1,1,0,0,0,0,3,slightly_injured
2018,5,Mon,2,52.4229733,13.27113564,afternoon,17,daylight,0,dry,0,5,3,1,1,0,0,0,0,3,slightly_injured
2018,5,Thu,5,52.50685654,13.56162045,evening,18,daylight,0,dry,0,2,6,0,1,0,0,0,0,3,slightly_injured
2018,5,Mon,2,52.45128569,13.48833247,evening,18,daylight,0,dry,0,5,3,1,1,0,0,0,0,3,slightly_injured
2018,5,Thu,5,52.4216325,13.43078445,afternoon,17,daylight,0,dry,0,2,6,0,1,0,0,0,0,3,slightly_injured
2018,5,Mon,2,52.51658395,13.30894489,afternoon,16,daylight,0,dry,0,6,4,0,1,1,0,0,0,3,slightly_injured
2018,5,Thu,5,52.46483285,13.32841088,afternoon,17,daylight,0,dry,0,0,3,1,0,0,0,0,1,3,slightly_injured
2018,5,Thu,5,52.49350422,13.31030129,afternoon,17,daylight,0,dry,0,5,3,1,1,0,0,0,0,3,slightly_injured
2018,5,Mon,2,52.50241853,13.35289088,afternoon,17,daylight,0,dry,0,5,2,1,1,0,0,0,0,2,seriously_injured
2018,5,Mon,2,52.55583632,13.38410591,afternoon,17,daylight,0,dry,0,2,6,0,1,0,0,0,0,3,slightly_injured
2018,5,Thu,5,52.59146732,13.41948277,afternoon,16,daylight,0,dry,0,5,3,1,1,0,0,0,0,3,slightly_injured
2018,5,Mon,2,52.49699011,13.46628855,afternoon,17,daylight,0,dry,0,2,6,0,1,0,0,0,0,3,slightly_injured
2018,5,Mon,2,52.59696934,13.36155346,evening,18,daylight,0,dry,0,6,4,0,0,1,0,0,1,2,seriously_injured
2018,5,Thu,5,52.53113455,13.32858727,afternoon,16,daylight,0,dry,0,5,7,0,1,0,1,0,0,3,slightly_injured
2018,5,Mon,2,52.47874239,13.32430427,afternoon,16,daylight,0,dry,0,5,3,0,1,0,0,0,0,3,slightly_injured
2018,5,Thu,5,52.52013404,13.3882959,afternoon,16,daylight,0,dry,0,6,4,1,1,1,0,0,0,3,slightly_injured
2018,5,Mon,2,52.51554682,13.48799398,afternoon,16,daylight,0,dry,0,1,5,0,1,0,0,0,0,3,slightly_injured
2018,5,Thu,5,52.47446631,13.34048626,afternoon,16,daylight,0,dry,0,1,5,1,1,0,0,0,0,3,slightly_injured
2018,5,Mon,2,52.51813887,13.50193188,afternoon,16,daylight,0,dry,0,6,4,1,0,1,0,0,0,3,slightly_injured
2018,5,Mon,2,52.61713085,13.30193916,afternoon,15,daylight,0,dry,0,6,4,0,0,1,1,0,0,3,slightly_injured
2018,5,Thu,5,52.56841796,13.35450689,afternoon,16,daylight,0,dry,0,2,6,0,1,0,0,0,0,3,slightly_injured
2018,5,Mon,2,52.5948224,13.32195657,afternoon,15,daylight,0,dry,0,5,3,1,1,0,0,0,0,3,slightly_injured
2018,5,Mon,2,52.53050474,13.38277924,afternoon,15,daylight,0,dry,0,6,4,0,0,1,0,0,1,2,seriously_injured
2018,5,Thu,5,52.50015559,13.42302644,afternoon,15,daylight,0,dry,0,3,6,1,1,0,0,0,0,3,slightly_injured
2018,5,Mon,2,52.55363293,13.47024843,afternoon,15,daylight,0,dry,0,5,2,0,1,0,0,0,0,3,slightly_injured
2018,5,Mon,2,52.50551491,13.35217163,afternoon,15,daylight,0,dry,0,5,3,0,1,0,0,0,0,3,slightly_injured
2018,5,Thu,5,52.61802382,13.32699221,afternoon,16,daylight,0,dry,0,1,5,0,1,0,0,0,0,3,slightly_injured
2018,5,Mon,2,52.45553131,13.32535161,afternoon,15,daylight,0,dry,0,5,2,0,1,0,0,0,0,3,slightly_injured
2018,5,Thu,5,52.44200457,13.34165698,afternoon,15,daylight,0,dry,0,0,6,0,0,0,0,0,1,3,slightly_injured
2018,5,Mon,2,52.49514166,13.40447694,afternoon,15,daylight,0,dry,0,5,3,0,1,0,0,0,0,3,slightly_injured
2018,5,Thu,5,52.53311498,13.40428935,evening,21,dusk,1,dry,0,0,1,1,0,0,0,0,0,3,slightly_injured
2018,5,Mon,2,52.53838828,13.20072608,afternoon,14,daylight,0,dry,0,2,6,0,1,0,0,0,0,3,slightly_injured
2018,5,Mon,2,52.55873851,13.38609168,afternoon,15,daylight,0,dry,0,5,2,1,1,0,0,0,0,3,slightly_injured
2018,5,Wed,4,52.51597315,13.48515136,afternoon,16,daylight,0,dry,0,5,7,1,0,0,0,0,0,3,slightly_injured
2018,5,Mon,2,52.48077784,13.37738368,afternoon,15,daylight,0,dry,0,3,6,1,0,0,1,0,0,2,seriously_injured
2018,5,Wed,4,52.48248378,13.34215161,morning,10,daylight,0,dry,0,5,7,1,1,0,0,0,0,3,slightly_injured
2018,5,Wed,4,52.5330636,13.32841738,evening,23,dark,2,dry,0,6,2,0,0,1,0,0,1,3,slightly_injured
2018,5,Mon,2,52.52282473,13.47960467,afternoon,14,daylight,0,dry,0,2,6,0,1,0,0,0,0,3,slightly_injured
2018,5,Mon,2,52.54465923,13.18413084,afternoon,14,daylight,0,dry,0,2,6,0,1,0,1,0,0,3,slightly_injured
2018,5,Wed,4,52.50935017,13.45042784,evening,23,dark,2,dry,0,5,3,1,0,0,0,0,0,3,slightly_injured
2018,5,Wed,4,52.5230727,13.40367421,evening,21,dark,2,dry,0,2,6,1,1,0,0,0,0,3,slightly_injured
2018,5,Mon,2,52.56323474,13.47708357,afternoon,13,daylight,0,dry,0,0,3,0,1,0,0,0,1,3,slightly_injured
2018,5,Wed,4,52.51004294,13.45626017,evening,20,daylight,0,dry,0,2,7,1,1,0,0,0,0,3,slightly_injured
2018,5,Mon,2,52.46258515,13.29912689,afternoon,13,daylight,0,dry,0,1,5,1,1,0,0,0,0,3,slightly_injured
2018,5,Wed,4,52.61434594,13.24499431,evening,22,dark,2,dry,0,5,2,1,1,0,0,0,0,2,seriously_injured
2018,5,Mon,2,52.41958617,13.34834096,afternoon,13,daylight,0,dry,0,5,3,0,1,0,0,0,0,3,slightly_injured
2018,5,Wed,4,52.42115186,13.31054157,afternoon,13,daylight,0,dry,0,6,4,0,1,1,0,0,0,2,seriously_injured
2018,5,Wed,4,52.56196779,13.19701964,afternoon,15,daylight,0,dry,0,6,2,0,1,1,0,0,0,3,slightly_injured
2018,5,Mon,2,52.55506708,13.38356241,afternoon,13,daylight,0,dry,0,2,6,1,1,0,0,0,0,3,slightly_injured
2018,5,Wed,4,52.50676753,13.29750115,afternoon,17,daylight,0,dry,0,0,6,0,1,0,1,0,0,3,slightly_injured
2018,5,Wed,4,52.5060278,13.49590694,evening,18,daylight,0,dry,0,5,2,1,0,0,0,0,1,3,slightly_injured
2018,5,Mon,2,52.56676873,13.31673714,afternoon,16,daylight,0,dry,0,0,1,0,0,0,1,0,0,3,slightly_injured
2018,5,Wed,4,52.51045616,13.29712284,evening,18,daylight,0,dry,0,0,6,1,0,0,0,0,0,3,slightly_injured
2018,5,Wed,4,52.53593289,13.35735925,evening,18,daylight,0,dry,0,5,2,1,1,0,0,0,0,3,slightly_injured
2018,5,Mon,2,52.41512904,13.49782463,evening,20,dusk,1,dry,0,5,3,0,1,0,1,0,0,2,seriously_injured
2018,5,Wed,4,52.50428636,13.33392358,evening,19,daylight,0,dry,0,5,3,1,1,0,0,0,0,3,slightly_injured
2018,5,Mon,2,52.45313263,13.47126715,afternoon,13,daylight,0,dry,0,0,1,1,0,0,0,0,0,3,slightly_injured
2018,5,Wed,4,52.50583354,13.51965681,afternoon,15,daylight,0,dry,0,5,2,1,1,0,0,0,0,3,slightly_injured
2018,5,Mon,2,52.51611808,13.38593146,afternoon,12,daylight,0,dry,0,1,5,0,1,0,0,0,1,3,slightly_injured
2018,5,Wed,4,52.45306662,13.60770638,evening,19,daylight,0,dry,0,2,6,0,1,0,0,0,0,3,slightly_injured
2018,5,Wed,4,52.55013921,13.46664782,evening,20,daylight,0,dry,0,5,3,1,1,0,0,0,0,3,slightly_injured
2018,5,Sun,1,52.5228959,13.36258955,evening,23,dark,2,dry,0,0,7,0,0,0,1,0,0,3,slightly_injured
2018,5,Wed,4,52.43766127,13.52676401,afternoon,15,daylight,0,dry,0,5,3,1,1,0,0,0,0,3,slightly_injured
2018,5,Wed,4,52.45409921,13.2990138,afternoon,13,daylight,0,dry,0,6,4,1,0,1,0,0,0,3,slightly_injured
2018,5,Sun,1,52.51334915,13.42401589,afternoon,16,daylight,0,dry,0,5,3,1,1,0,0,0,0,3,slightly_injured
2018,5,Sun,1,52.48542258,13.44413246,evening,18,daylight,0,dry,0,5,7,0,1,0,1,0,0,3,slightly_injured
2018,5,Wed,4,52.58823353,13.31703106,afternoon,13,daylight,0,dry,0,5,2,0,1,0,0,0,1,3,slightly_injured
2018,5,Sun,1,52.50695494,13.39429084,afternoon,15,daylight,0,dry,0,5,3,0,1,0,0,0,1,3,slightly_injured
2018,5,Wed,4,52.5022096,13.48840625,afternoon,12,daylight,0,dry,0,5,3,1,0,0,0,0,1,3,slightly_injured
2018,5,Sun,1,52.46406561,13.42830975,afternoon,15,daylight,0,dry,0,1,5,0,1,0,1,0,0,3,slightly_injured
2018,5,Wed,4,52.428892,13.34673767,afternoon,12,daylight,0,dry,0,0,3,0,1,0,1,0,0,3,slightly_injured
2018,5,Sun,1,52.51789548,13.34203128,afternoon,15,daylight,0,dry,0,5,2,0,1,0,0,0,0,3,slightly_injured
2018,5,Wed,4,52.50961443,13.35297422,morning,10,daylight,0,dry,0,0,7,0,1,0,1,0,0,3,slightly_injured
2018,5,Wed,4,52.50284443,13.47533897,morning,9,daylight,0,dry,0,5,3,1,0,0,0,1,0,3,slightly_injured
2018,5,Sun,1,52.54638354,13.35926781,evening,18,daylight,0,dry,0,5,2,0,1,0,1,0,0,2,seriously_injured
2018,5,Wed,4,52.52883713,13.30640124,morning,8,daylight,0,dry,0,5,2,1,1,0,0,0,0,3,slightly_injured
2018,5,Sun,1,52.43791675,13.52721262,evening,19,daylight,0,dry,0,2,6,0,1,0,0,0,0,3,slightly_injured
2018,5,Wed,4,52.51764031,13.18621067,morning,8,daylight,0,dry,0,5,2,0,1,0,0,0,0,3,slightly_injured
2018,5,Sun,1,52.563632,13.20871931,afternoon,14,daylight,0,dry,0,1,7,0,1,0,0,0,0,2,seriously_injured
2018,5,Sun,1,52.4710165,13.45223898,evening,20,dusk,1,dry,0,5,3,0,1,0,0,0,0,3,slightly_injured
2018,5,Wed,4,52.55292688,13.37896622,afternoon,14,daylight,0,dry,0,0,1,0,1,0,1,0,0,2,seriously_injured
2018,5,Sun,1,52.50553764,13.27990204,afternoon,12,daylight,0,dry,0,2,6,0,1,0,0,0,0,3,slightly_injured
2018,5,Sun,1,52.52970977,13.40473724,afternoon,12,daylight,0,dry,0,1,5,1,1,0,0,0,1,3,slightly_injured
2018,5,Wed,4,52.45463317,13.57628567,afternoon,17,daylight,0,dry,0,5,3,1,1,0,0,0,0,2,seriously_injured
2018,5,Wed,4,52.48075011,13.43546561,evening,18,daylight,0,dry,0,6,4,1,0,1,0,0,0,2,seriously_injured
2018,5,Sun,1,52.44882102,13.35482045,afternoon,13,daylight,0,dry,0,0,3,0,1,0,1,0,0,3,slightly_injured
2018,5,Wed,4,52.52527723,13.21851361,afternoon,15,daylight,0,dry,0,1,1,0,1,0,0,0,0,3,slightly_injured
2018,5,Sun,1,52.45297008,13.39937536,afternoon,12,daylight,0,dry,0,3,2,0,1,0,1,0,0,3,slightly_injured
2018,5,Sun,1,52.53419769,13.18496232,afternoon,12,daylight,0,dry,0,5,3,0,1,0,0,0,0,3,slightly_injured
2018,5,Wed,4,52.50562296,13.39262704,afternoon,17,daylight,0,dry,0,1,5,1,0,0,0,0,1,3,slightly_injured
2018,5,Sun,1,52.48902182,13.34522966,morning,9,daylight,0,dry,0,6,2,0,1,1,0,0,0,3,slightly_injured
2018,5,Sun,1,52.4657702,13.42633025,afternoon,14,daylight,0,dry,0,6,4,0,1,1,0,0,0,2,seriously_injured
2018,5,Wed,4,52.48163806,13.52537123,afternoon,13,daylight,0,dry,0,0,1,1,0,0,0,0,0,2,seriously_injured
2018,5,Sun,1,52.56660815,13.36278829,morning,11,daylight,0,dry,0,5,7,0,1,0,1,0,0,2,seriously_injured
2018,5,Sun,1,52.46553352,13.39269314,evening,23,dark,2,dry,0,5,3,0,1,0,0,0,0,2,seriously_injured
2018,5,Sun,1,52.45269866,13.48116212,afternoon,16,daylight,0,dry,0,0,7,1,0,0,0,0,0,2,seriously_injured
2018,5,Wed,4,52.52404328,13.39656818,afternoon,15,daylight,0,dry,0,0,1,1,0,0,0,0,0,3,slightly_injured
2018,5,Sun,1,52.59793431,13.37360337,morning,11,daylight,0,dry,0,3,6,1,1,0,0,0,0,2,seriously_injured
2018,5,Sun,1,52.58423585,13.20740744,night,1,dark,2,dry,0,0,1,1,0,0,0,0,0,3,slightly_injured
2018,5,Sat,7,52.45887841,13.27426398,afternoon,14,daylight,0,dry,0,1,5,0,1,0,0,0,0,3,slightly_injured
2018,5,Wed,4,52.5446719,13.37029126,evening,19,daylight,0,dry,0,3,6,0,1,0,0,0,1,3,slightly_injured
2018,5,Sun,1,52.47013313,13.46456891,night,1,dark,2,dry,0,5,3,0,1,0,0,0,0,2,seriously_injured
2018,5,Sat,7,52.49845116,13.40390436,afternoon,17,daylight,0,dry,0,1,6,1,0,0,0,1,1,2,seriously_injured
2018,5,Wed,4,52.49424169,13.34570041,morning,8,daylight,0,dry,0,5,2,1,1,0,0,0,0,3,slightly_injured
2018,5,Sat,7,52.48378965,13.34150886,afternoon,17,daylight,0,dry,0,5,3,1,1,0,0,0,0,3,slightly_injured
2018,5,Sat,7,52.40932286,13.53463432,morning,11,daylight,0,dry,0,5,3,1,0,0,0,0,1,3,slightly_injured
2018,5,Wed,4,52.51819028,13.41843042,morning,7,daylight,0,dry,0,6,4,0,1,1,0,0,0,2,seriously_injured
2018,5,Sat,7,52.52290907,13.29996435,evening,23,dark,2,dry,0,0,5,0,1,0,0,0,1,3,slightly_injured
2018,5,Wed,4,52.60154807,13.47075664,morning,7,daylight,0,dry,0,5,3,0,1,0,1,0,0,2,seriously_injured
2018,5,Sat,7,52.46678665,13.43492617,evening,19,daylight,0,dry,0,5,7,0,1,0,0,0,0,3,slightly_injured
2018,5,Wed,4,52.56152043,13.50061143,night,5,daylight,0,dry,0,5,2,1,1,0,0,0,0,3,slightly_injured
2018,5,Wed,4,52.51311231,13.56773041,night,5,daylight,0,dry,0,1,5,0,1,0,0,0,1,3,slightly_injured
2018,5,Sat,7,52.50683147,13.37583982,evening,18,daylight,0,dry,0,6,4,0,1,1,0,0,0,3,slightly_injured
2018,5,Sat,7,52.51219019,13.4541969,evening,19,dusk,1,dry,0,5,7,1,1,0,0,0,0,3,slightly_injured
2018,5,Wed,4,52.52021187,13.41584988,night,0,dark,2,dry,0,2,6,0,1,0,0,0,0,3,slightly_injured
2018,5,Tue,3,52.44942425,13.36633471,morning,8,daylight,0,dry,0,3,6,0,1,0,0,0,1,3,slightly_injured
2018,5,Sat,7,52.38723344,13.40975836,evening,19,daylight,0,dry,0,5,3,1,1,0,0,0,0,3,slightly_injured
2018,5,Tue,3,52.55397088,13.38963874,evening,22,dark,2,wet,1,2,6,0,1,0,0,0,0,3,slightly_injured
2018,5,Sat,7,52.55325281,13.4476178,afternoon,15,daylight,0,dry,0,5,7,0,1,0,1,0,0,3,slightly_injured
2018,5,Sat,7,52.53838368,13.41469643,afternoon,16,daylight,0,dry,0,1,5,1,1,0,0,0,0,3,slightly_injured
2018,5,Tue,3,52.46360495,13.3185742,morning,9,daylight,0,dry,0,3,6,1,0,0,0,0,1,2,seriously_injured
2018,5,Sat,7,52.53600714,13.35750833,afternoon,15,daylight,0,dry,0,5,3,1,1,0,0,0,0,3,slightly_injured
2018,5,Sat,7,52.46887627,13.37062311,afternoon,14,daylight,0,dry,0,5,3,0,1,0,0,0,0,3,slightly_injured
2018,5,Tue,3,52.49832523,13.50190074,afternoon,15,daylight,0,dry,0,5,3,0,1,0,0,0,0,3,slightly_injured
2018,5,Sat,7,52.50081324,13.44243736,afternoon,13,daylight,0,dry,0,3,6,0,1,0,1,0,0,3,slightly_injured
2018,5,Sat,7,52.51471778,13.47796711,afternoon,13,daylight,0,dry,0,2,6,0,1,0,1,0,0,3,slightly_injured
2018,5,Tue,3,52.49150836,13.38280756,afternoon,15,daylight,0,dry,0,0,2,0,1,0,1,0,0,3,slightly_injured
2018,5,Sat,7,52.46757065,13.29299561,evening,18,daylight,0,dry,0,5,2,0,1,0,0,0,0,3,slightly_injured
2018,5,Sat,7,52.50029483,13.43755726,afternoon,13,daylight,0,dry,0,2,6,0,1,0,1,0,0,3,slightly_injured
2018,5,Tue,3,52.50074443,13.38869191,evening,18,daylight,0,wet,1,5,7,1,1,0,0,0,0,3,slightly_injured
2018,5,Sat,7,52.52723848,13.41559325,morning,11,daylight,0,dry,0,3,6,1,0,0,0,0,0,3,slightly_injured
2018,5,Tue,3,52.50966281,13.30004711,morning,11,daylight,0,dry,0,5,3,1,1,0,0,0,0,3,slightly_injured
2018,5,Sat,7,52.50853981,13.33441557,afternoon,12,daylight,0,dry,0,5,3,1,0,0,0,0,1,3,slightly_injured
2018,5,Tue,3,52.47947682,13.28522602,morning,10,daylight,0,dry,0,5,2,1,1,0,0,0,0,3,slightly_injured
2018,5,Sat,7,52.52799747,13.64099615,evening,20,dusk,1,dry,0,5,3,0,1,0,0,0,0,3,slightly_injured
2018,5,Sat,7,52.4119287,13.50412611,morning,10,daylight,0,dry,0,2,7,1,1,0,0,0,0,3,slightly_injured
2018,5,Tue,3,52.4949749,13.40674944,morning,10,daylight,0,dry,0,5,3,1,1,0,0,0,0,3,slightly_injured
2018,5,Sat,7,52.48219683,13.38201109,evening,20,dusk,1,dry,0,1,5,1,1,0,0,0,0,3,slightly_injured
2018,5,Sat,7,52.49562195,13.41603736,morning,6,daylight,0,dry,0,5,7,0,1,0,0,0,0,3,slightly_injured
2018,5,Tue,3,52.62224909,13.3110435,morning,10,daylight,0,dry,0,0,3,1,1,0,0,0,0,3,slightly_injured
2018,5,Sat,7,52.47070666,13.32972453,evening,20,daylight,0,dry,0,0,1,0,0,0,1,0,0,3,slightly_injured
2018,5,Sat,7,52.51807955,13.4180095,afternoon,15,daylight,0,dry,0,5,2,1,1,0,0,0,0,3,slightly_injured
2018,5,Sat,7,52.52988743,13.40326686,evening,18,daylight,0,dry,0,3,6,0,1,0,0,0,0,3,slightly_injured
2018,5,Tue,3,52.53411992,13.444473,morning,7,daylight,0,dry,0,6,7,1,0,1,0,0,0,3,slightly_injured
2018,5,Sat,7,52.47243975,13.37784163,afternoon,15,daylight,0,dry,0,5,2,0,1,0,0,0,0,2,seriously_injured
2018,5,Sat,7,52.45243317,13.43310207,afternoon,15,daylight,0,dry,0,5,3,0,1,0,0,0,0,3,slightly_injured
2018,5,Sat,7,52.49258903,13.35343562,afternoon,14,daylight,0,dry,0,1,5,0,1,0,0,0,1,3,slightly_injured
2018,5,Tue,3,52.53813003,13.39611358,evening,20,dark,2,wet,1,2,6,0,1,0,0,0,0,3,slightly_injured
2018,5,Sat,7,52.43507669,13.57146402,afternoon,14,daylight,0,dry,0,6,4,0,0,1,0,0,1,2,seriously_injured
2018,5,Sat,7,52.52406388,13.24917148,morning,11,daylight,0,dry,0,0,1,1,0,0,0,0,0,3,slightly_injured
2018,5,Fri,6,52.42814202,13.51967337,afternoon,15,daylight,0,dry,0,3,2,0,1,0,0,1,0,3,slightly_injured
2018,5,Tue,3,52.53442333,13.15721426,evening,19,dusk,1,wet,1,5,3,0,1,0,0,0,0,3,slightly_injured