ujahr,umonat,weekday,uwochentag,long,lat,time_of_day,ustunde,light_condition,ulichtverh,street_condition,ustrzustand,uart,utyp1,ist_rad,ist_pkw,ist_fuss,ist_krad,ist_gkfz,ist_sonstige,ukategorie,accident_outcome
2018,5,Sat,7,52.54470494,13.34591837,afternoon,13,daylight,0,dry,0,1,5,1,1,0,0,0,0,3,slightly_injured
2018,5,Tue,3,52.5849217,13.39804374,evening,19,dusk,1,wet,1,5,3,0,1,0,0,0,0,3,slightly_injured
2018,5,Sat,7,52.52589994,13.52185558,morning,8,daylight,0,dry,0,5,2,1,1,0,0,0,0,2,seriously_injured
2018,5,Fri,6,52.59659277,13.5049104,afternoon,15,daylight,0,dry,0,5,3,1,1,0,0,0,0,3,slightly_injured
2018,5,Tue,3,52.49783225,13.36272316,evening,18,daylight,0,wet,1,2,6,0,1,0,0,0,0,3,slightly_injured
2018,5,Sat,7,52.5743733,13.3683693,morning,8,daylight,0,dry,0,5,3,1,1,0,0,0,0,2,seriously_injured
2018,5,Fri,6,52.43718226,13.50531433,afternoon,15,daylight,0,dry,0,2,6,0,1,0,0,0,0,3,slightly_injured
2018,5,Tue,3,52.45189038,13.37827715,morning,9,daylight,0,dry,0,5,2,1,1,0,0,0,0,3,slightly_injured
2018,5,Sat,7,52.56271339,13.36464005,morning,9,daylight,0,dry,0,5,2,1,1,0,0,0,0,3,slightly_injured
2018,5,Fri,6,52.52778147,13.41041964,night,0,dark,2,dry,0,1,5,1,1,0,0,0,0,3,slightly_injured
2018,5,Fri,6,52.4979268,13.41689311,afternoon,17,daylight,0,dry,0,6,2,0,0,1,0,0,1,3,slightly_injured
2018,5,Tue,3,52.4546948,13.55830919,morning,9,daylight,0,dry,0,2,6,0,1,0,1,0,0,3,slightly_injured
2018,5,Sat,7,52.42461461,13.43571061,morning,10,daylight,0,dry,0,1,5,0,1,0,0,0,0,3,slightly_injured
2018,5,Fri,6,52.47056271,13.33439888,afternoon,16,daylight,0,dry,0,6,7,1,0,1,0,0,0,3,slightly_injured
2018,5,Fri,6,52.51933057,13.29621356,afternoon,15,daylight,0,dry,0,0,2,1,1,0,0,0,0,3,slightly_injured
2018,5,Tue,3,52.45461308,13.4094144,morning,9,daylight,0,dry,0,5,2,1,1,0,0,0,0,3,slightly_injured
2018,5,Sat,7,52.43774512,13.49525835,afternoon,12,daylight,0,dry,0,5,3,0,1,0,1,0,0,2,seriously_injured
2018,5,Fri,6,52.42426934,13.68942723,afternoon,15,daylight,0,dry,0,4,6,1,1,0,0,0,0,3,slightly_injured
2018,5,Tue,3,52.50187611,13.43029253,morning,8,daylight,0,dry,0,5,2,1,0,0,1,0,0,3,slightly_injured
2018,5,Sat,7,52.46908675,13.3326199,afternoon,12,daylight,0,dry,0,5,2,0,1,0,0,0,1,3,slightly_injured
2018,5,Fri,6,52.4810835,13.42776656,evening,18,daylight,0,dry,0,5,3,0,1,0,0,0,0,3,slightly_injured
2018,5,Tue,3,52.58260164,13.28954684,morning,8,daylight,0,dry,0,5,2,1,1,0,0,0,0,3,slightly_injured
2018,5,Sat,7,52.50827162,13.46330465,night,4,dusk,1,dry,0,5,3,1,1,0,0,0,0,2,seriously_injured
2018,5,Sat,7,52.53140041,13.1968867,night,1,dark,2,dry,0,5,3,0,1,0,0,0,0,3,slightly_injured
2018,5,Fri,6,52.57588302,13.26935384,afternoon,14,daylight,0,dry,0,2,6,0,1,0,0,0,0,3,slightly_injured
2018,5,Tue,3,52.6149677,13.46697106,morning,7,daylight,0,dry,0,5,3,0,1,0,1,0,0,3,slightly_injured
2018,5,Sat,7,52.46134759,13.38158836,night,0,dark,2,dry,0,9,1,0,1,0,0,0,0,3,slightly_injured
2018,5,Fri,6,52.62592417,13.22702156,afternoon,12,daylight,0,dry,0,5,3,1,1,0,0,0,0,3,slightly_injured
2018,5,Tue,3,52.48798629,13.49590637,morning,6,daylight,0,dry,0,5,7,0,1,0,0,0,1,2,seriously_injured
2018,5,Sat,7,52.52578336,13.54191485,afternoon,14,daylight,0,dry,0,6,4,0,1,1,0,0,0,2,seriously_injured
2018,5,Fri,6,52.51399763,13.3893148,morning,11,daylight,0,dry,0,1,5,1,1,0,0,0,0,3,slightly_injured
2018,5,Fri,6,52.51306073,13.28827095,morning,9,daylight,0,dry,0,0,2,1,1,0,0,0,0,3,slightly_injured
2018,5,Tue,3,52.49957589,13.42544065,afternoon,13,daylight,0,dry,0,5,3,1,1,0,0,0,0,3,slightly_injured
2018,5,Sat,7,52.44428549,13.57746689,afternoon,12,daylight,0,dry,0,0,1,1,0,0,0,0,0,3,slightly_injured
2018,5,Fri,6,52.50820325,13.36375106,morning,9,daylight,0,dry,0,5,3,1,1,0,0,0,0,3,slightly_injured
2018,5,Fri,6,52.44279388,13.56934748,morning,6,daylight,0,dry,0,5,3,1,1,0,0,0,0,3,slightly_injured
2018,5,Tue,3,52.46034598,13.33929739,evening,18,daylight,0,wet,1,5,3,0,1,0,0,0,0,3,slightly_injured
2018,5,Fri,6,52.45298208,13.31951008,morning,7,daylight,0,dry,0,2,6,0,1,0,1,1,0,3,slightly_injured
2018,5,Fri,6,52.42628141,13.40205103,evening,19,daylight,0,dry,0,1,5,0,1,0,0,0,0,3,slightly_injured
2018,5,Tue,3,52.52155602,13.3247811,morning,9,daylight,0,dry,0,2,6,1,1,0,0,0,0,3,slightly_injured
2018,5,Fri,6,52.53432225,13.18838996,evening,22,dark,2,dry,0,4,6,0,1,0,0,0,0,2,seriously_injured
2018,5,Fri,6,52.43371521,13.49786408,night,2,dark,2,dry,0,5,3,0,1,0,1,0,0,2,seriously_injured
2018,5,Fri,6,52.59810261,13.35593944,afternoon,17,daylight,0,dry,0,6,4,0,0,1,0,0,1,2,seriously_injured
2018,5,Tue,3,52.54633097,13.34374973,morning,10,daylight,0,dry,0,5,2,0,1,0,0,0,0,3,slightly_injured
2018,5,Fri,6,52.53110151,13.31841843,afternoon,17,daylight,0,dry,0,0,5,0,1,0,0,0,0,3,slightly_injured
2018,5,Fri,6,52.44282996,13.23996352,afternoon,12,daylight,0,dry,0,6,4,0,1,1,0,0,0,2,seriously_injured
2018,5,Tue,3,52.50599538,13.51962436,morning,7,daylight,0,dry,0,6,4,0,1,1,0,0,0,2,seriously_injured
2018,5,Fri,6,52.46766177,13.43122707,evening,20,daylight,0,dry,0,6,7,1,0,1,0,0,0,3,slightly_injured
2018,5,Fri,6,52.58639067,13.40692279,afternoon,16,daylight,0,dry,0,5,3,0,1,0,0,0,0,3,slightly_injured
2018,5,Tue,3,52.54053858,13.20418259,morning,8,daylight,0,dry,0,3,2,0,1,0,1,0,0,2,seriously_injured
2018,5,Fri,6,52.53719904,13.4495393,afternoon,17,daylight,0,dry,0,1,1,0,1,0,1,0,0,3,slightly_injured
2018,5,Tue,3,52.53429075,13.54352114,morning,8,daylight,0,dry,0,6,4,0,1,1,0,0,0,3,slightly_injured
2018,5,Tue,3,52.59791352,13.27493554,night,1,dark,2,dry,0,9,1,0,1,0,0,0,0,3,slightly_injured
2018,5,Fri,6,52.57265399,13.34747594,evening,19,daylight,0,dry,0,5,2,1,1,0,0,0,0,3,slightly_injured
2018,5,Fri,6,52.466658,13.57421721,afternoon,12,daylight,0,dry,0,2,6,0,1,0,0,0,0,3,slightly_injured
2018,5,Tue,3,52.44120947,13.29862529,evening,18,dusk,1,wet,1,0,3,0,1,0,0,0,0,3,slightly_injured
2018,5,Fri,6,52.5325689,13.32634281,evening,18,daylight,0,dry,0,2,6,0,1,0,0,0,0,3,slightly_injured
2018,5,Tue,3,52.49201861,13.53648079,afternoon,14,daylight,0,dry,0,6,4,0,1,1,0,0,0,2,seriously_injured
2018,5,Fri,6,52.47354553,13.44910754,evening,18,dusk,1,dry,0,6,2,0,1,1,0,0,0,3,slightly_injured
2018,5,Fri,6,52.5521382,13.42702546,evening,19,daylight,0,dry,0,5,3,0,1,0,1,0,0,2,seriously_injured
2018,5,Tue,3,52.52010637,13.41371658,evening,18,daylight,0,wet,1,0,1,1,0,0,0,0,0,2,seriously_injured
2018,5,Fri,6,52.46030795,13.33759781,morning,6,daylight,0,dry,0,0,3,1,1,0,0,0,0,3,slightly_injured
2018,5,Thu,5,52.56411183,13.3334416,afternoon,17,daylight,0,dry,0,1,5,0,1,0,0,0,1,3,slightly_injured
2018,5,Tue,3,52.50859157,13.39025983,evening,18,daylight,0,wet,1,5,3,1,1,0,0,0,0,3,slightly_injured
2018,5,Thu,5,52.54320666,13.49077286,evening,23,dark,2,wet,1,5,2,0,1,0,1,0,0,3,slightly_injured
2018,5,Tue,3,52.51700378,13.47995153,evening,18,dusk,1,wet,1,0,1,0,0,0,1,0,0,3,slightly_injured
2018,5,Fri,6,52.51032642,13.41905203,evening,18,daylight,0,dry,0,1,5,1,1,0,0,0,0,3,slightly_injured
2018,5,Tue,3,52.49264413,13.42791251,afternoon,17,daylight,0,wet,1,5,3,0,1,0,0,0,0,3,slightly_injured
2018,5,Tue,3,52.54243984,13.35222381,afternoon,16,daylight,0,wet,1,3,6,1,0,0,0,0,0,3,slightly_injured
2018,5,Fri,6,52.43430441,13.3897178,afternoon,17,daylight,0,dry,0,2,2,0,0,0,1,0,1,3,slightly_injured
2018,5,Thu,5,52.52403485,13.4668586,evening,22,dark,2,wet,1,5,2,0,1,0,1,0,0,3,slightly_injured
2018,5,Tue,3,52.5424054,13.2382081,afternoon,16,daylight,0,dry,0,5,3,1,1,0,0,0,0,3,slightly_injured
2018,5,Thu,5,52.48298027,13.5258527,evening,21,dark,2,wet,1,6,4,0,1,1,0,0,0,3,slightly_injured
2018,5,Tue,3,52.53850779,13.40252144,afternoon,16,daylight,0,dry,0,5,2,1,1,0,0,0,0,2,seriously_injured
2018,5,Fri,6,52.53402122,13.18031216,afternoon,17,daylight,0,dry,0,5,7,0,1,0,1,0,0,3,slightly_injured
2018,5,Tue,3,52.51980891,13.32689172,afternoon,16,daylight,0,dry,0,2,6,0,1,0,0,0,0,3,slightly_injured
2018,5,Fri,6,52.50874808,13.31794335,afternoon,16,daylight,0,dry,0,2,7,0,1,0,1,0,0,3,slightly_injured
2018,5,Thu,5,52.44058548,13.45406362,afternoon,17,daylight,0,dry,0,2,3,1,1,0,0,0,0,3,slightly_injured
2018,5,Tue,3,52.54383108,13.41533774,afternoon,16,daylight,0,wet,1,1,5,1,1,0,0,0,0,3,slightly_injured
2018,5,Fri,6,52.49948537,13.28125141,afternoon,16,daylight,0,dry,0,5,3,1,1,0,0,0,0,3,slightly_injured
2018,5,Tue,3,52.47471568,13.60015553,afternoon,16,daylight,0,dry,0,5,3,1,1,0,0,0,0,3,slightly_injured
2018,5,Fri,6,52.43887437,13.30924836,afternoon,16,daylight,0,dry,0,5,3,0,1,0,0,0,0,3,slightly_injured
2018,5,Thu,5,52.50346465,13.43007684,afternoon,17,daylight,0,dry,0,2,1,0,1,0,1,0,0,3,slightly_injured
2018,5,Thu,5,52.45577316,13.57715398,evening,20,dark,2,wet,1,5,2,1,1,0,0,0,0,2,seriously_injured
2018,5,Tue,3,52.5490916,13.50146856,afternoon,15,daylight,0,dry,0,5,2,1,1,0,0,0,0,2,seriously_injured
2018,5,Fri,6,52.59411675,13.28310241,afternoon,16,daylight,0,dry,0,2,2,0,1,0,0,0,1,2,seriously_injured
2018,5,Thu,5,52.50699481,13.39821256,evening,21,dark,2,wet,1,6,2,0,1,1,0,0,0,3,slightly_injured
2018,5,Tue,3,52.58947351,13.3695072,afternoon,14,daylight,0,dry,0,6,4,0,1,1,0,0,0,3,slightly_injured
2018,5,Fri,6,52.55994897,13.46722867,afternoon,15,daylight,0,dry,0,5,2,1,1,0,0,0,0,3,slightly_injured
2018,5,Fri,6,52.53789305,13.49065033,afternoon,15,daylight,0,dry,0,5,3,1,1,0,0,0,0,3,slightly_injured
2018,5,Thu,5,52.49919828,13.61333463,evening,19,dusk,1,wet,1,0,1,0,1,0,1,0,0,2,seriously_injured
2018,5,Tue,3,52.41393297,13.57449423,afternoon,14,daylight,0,dry,0,6,4,0,0,1,1,0,0,3,slightly_injured
2018,5,Fri,6,52.53576678,13.60132947,morning,10,daylight,0,dry,0,5,2,0,1,0,0,0,0,3,slightly_injured
2018,5,Thu,5,52.48094769,13.31395174,evening,18,daylight,0,dry,0,8,1,0,1,0,0,0,0,3,slightly_injured
2018,5,Fri,6,52.46858782,13.38555937,morning,10,daylight,0,dry,0,5,3,0,1,0,1,0,0,3,slightly_injured
2018,5,Thu,5,52.521816,13.25881938,afternoon,17,daylight,0,dry,0,2,6,0,1,0,0,0,0,3,slightly_injured
2018,5,Tue,3,52.55215073,13.36683917,morning,7,daylight,0,dry,0,5,2,1,1,0,0,0,0,3,slightly_injured
2018,5,Fri,6,52.49221491,13.37930402,morning,10,daylight,0,dry,0,5,2,1,1,0,0,0,0,3,slightly_injured
2018,5,Thu,5,52.57621519,13.37872218,afternoon,16,daylight,0,dry,0,5,2,1,1,0,0,0,0,3,slightly_injured
2018,5,Mon,2,52.53101824,13.34331487,evening,20,daylight,0,dry,0,1,5,1,1,0,0,0,1,3,slightly_injured
2018,5,Fri,6,52.41779918,13.25044101,morning,10,daylight,0,dry,0,1,5,0,1,0,0,0,0,3,slightly_injured
2018,5,Thu,5,52.52102497,13.19613899,afternoon,13,daylight,0,dry,0,5,3,1,1,0,0,0,0,3,slightly_injured
2018,5,Thu,5,52.44406802,13.25418652,afternoon,13,daylight,0,dry,0,7,7,0,1,0,0,0,0,3,slightly_injured
2018,5,Mon,2,52.56811198,13.36640183,afternoon,13,daylight,0,dry,0,3,6,1,1,0,0,0,0,3,slightly_injured
2018,5,Fri,6,52.53390088,13.39357227,morning,9,daylight,0,dry,0,0,1,0,0,0,1,0,0,3,slightly_injured
2018,5,Thu,5,52.45259326,13.43855805,afternoon,13,daylight,0,dry,0,5,2,0,1,0,1,0,0,2,seriously_injured
2018,5,Thu,5,52.5197068,13.49936589,morning,11,daylight,0,dry,0,6,7,0,1,1,0,0,0,2,seriously_injured
2018,5,Mon,2,52.5042589,13.40069977,afternoon,15,daylight,0,dry,0,5,2,1,1,0,0,0,0,3,slightly_injured
2018,5,Fri,6,52.46988629,13.44315789,morning,9,daylight,0,dry,0,5,2,1,1,0,0,0,0,3,slightly_injured
2018,5,Fri,6,52.52056364,13.38440884,morning,8,daylight,0,dry,0,6,4,1,0,1,0,0,0,2,seriously_injured
2018,5,Thu,5,52.47614841,13.34108723,night,0,dark,2,dry,0,6,4,0,1,1,0,0,0,3,slightly_injured
2018,5,Mon,2,52.50974403,13.3514552,afternoon,16,daylight,0,dry,0,2,2,0,1,0,0,1,0,3,slightly_injured
2018,5,Fri,6,52.52395694,13.36617106,morning,7,daylight,0,dry,0,3,6,1,1,0,0,1,0,2,seriously_injured
2018,5,Thu,5,52.59894925,13.23876751,afternoon,16,daylight,0,dry,0,0,5,1,0,0,0,0,1,2,seriously_injured
2018,5,Mon,2,52.59447897,13.43750706,afternoon,15,daylight,0,dry,0,5,3,1,1,0,0,0,0,3,slightly_injured
2018,5,Fri,6,52.47865439,13.6008478,morning,7,daylight,0,dry,0,2,6,0,1,0,0,0,0,3,slightly_injured
2018,5,Thu,5,52.49196761,13.39275009,afternoon,12,daylight,0,dry,0,5,2,0,1,0,0,0,1,3,slightly_injured
2018,5,Wed,4,52.47924548,13.44491884,afternoon,15,daylight,0,dry,0,1,5,1,1,0,0,0,0,3,slightly_injured
2018,5,Mon,2,52.50113239,13.31677723,afternoon,17,daylight,0,dry,0,0,2,1,1,0,0,0,0,3,slightly_injured
2018,5,Fri,6,52.45681926,13.32088501,morning,7,daylight,0,dry,0,6,2,0,1,1,0,0,0,3,slightly_injured
2018,5,Mon,2,52.53699085,13.2718515,evening,18,daylight,0,dry,0,0,2,1,1,0,0,0,0,3,slightly_injured
2018,5,Fri,6,52.55193785,13.43638039,night,5,dusk,1,dry,0,5,3,0,1,0,0,0,0,3,slightly_injured
2018,5,Wed,4,52.50917614,13.4233758,afternoon,14,daylight,0,dry,0,1,5,1,0,0,0,0,1,3,slightly_injured
2018,5,Wed,4,52.5384696,13.20077124,afternoon,16,daylight,0,dry,0,5,2,0,1,0,0,0,0,3,slightly_injured
2018,5,Mon,2,52.41210305,13.34729472,morning,6,daylight,0,dry,0,5,2,0,1,0,0,0,0,3,slightly_injured
2018,5,Fri,6,52.53043002,13.43534866,afternoon,14,daylight,0,dry,0,5,3,0,1,0,0,0,0,3,slightly_injured
2018,5,Wed,4,52.43691838,13.26144041,afternoon,16,daylight,0,dry,0,6,4,1,0,1,0,0,0,3,slightly_injured
2018,5,Wed,4,52.42066589,13.33066457,evening,21,dark,2,wet,1,5,3,0,1,0,0,0,0,2,seriously_injured
2018,5,Mon,2,52.4165954,13.26568351,morning,9,daylight,0,dry,0,0,7,0,0,0,1,0,0,3,slightly_injured
2018,5,Fri,6,52.53139585,13.20212802,afternoon,12,daylight,0,dry,0,0,1,0,0,0,0,0,1,3,slightly_injured
2018,5,Fri,6,52.56397146,13.32763822,afternoon,13,daylight,0,dry,0,0,2,0,0,1,0,0,1,3,slightly_injured
2018,5,Mon,2,52.53184293,13.34336008,evening,22,dark,2,dry,0,2,2,0,1,0,0,0,0,3,slightly_injured
2018,5,Fri,6,52.53920848,13.39518751,afternoon,13,daylight,0,dry,0,6,7,0,1,1,0,0,0,3,slightly_injured
2018,5,Wed,4,52.54683894,13.50144697,afternoon,14,daylight,0,dry,0,5,3,0,1,0,1,0,0,3,slightly_injured
2018,5,Mon,2,52.48626479,13.2564454,morning,7,daylight,0,dry,0,5,3,1,0,0,0,0,1,3,slightly_injured
2018,5,Fri,6,52.42086187,13.24988361,afternoon,13,daylight,0,dry,0,2,6,0,1,0,0,0,0,3,slightly_injured
2018,5,Wed,4,52.62062367,13.30585381,afternoon,13,daylight,0,dry,0,2,2,0,1,0,0,0,0,3,slightly_injured
2018,5,Mon,2,52.44221351,13.2656268,afternoon,15,daylight,0,dry,0,5,2,1,1,0,0,0,0,3,slightly_injured
2018,5,Wed,4,52.56947266,13.32810927,afternoon,12,daylight,0,dry,0,6,4,0,1,1,0,0,0,3,slightly_injured
2018,5,Mon,2,52.57552453,13.29204415,morning,11,daylight,0,dry,0,2,6,0,1,0,0,0,0,3,slightly_injured
2018,5,Mon,2,52.50325193,13.4916345,morning,11,daylight,0,dry,0,5,2,0,1,0,1,0,0,3,slightly_injured
2018,5,Thu,5,52.50236116,13.32489376,afternoon,16,daylight,0,dry,0,2,6,1,1,0,0,0,0,3,slightly_injured
2018,5,Wed,4,52.5194343,13.19467924,morning,11,daylight,0,dry,0,1,5,1,1,0,0,0,0,3,slightly_injured
2018,5,Mon,2,52.5015363,13.27563757,morning,10,daylight,0,dry,0,5,2,1,1,0,0,0,0,3,slightly_injured
2018,5,Thu,5,52.42934156,13.36900812,evening,21,daylight,0,dry,0,6,7,0,1,1,0,0,0,3,slightly_injured
2018,5,Mon,2,52.53070044,13.38288763,morning,10,daylight,0,dry,0,6,4,0,1,1,0,0,0,3,slightly_injured
2018,5,Wed,4,52.49006802,13.30853815,morning,9,daylight,0,dry,0,5,2,1,1,0,0,0,0,3,slightly_injured
2018,5,Mon,2,52.5074043,13.47144084,morning,9,daylight,0,dry,0,7,7,1,0,0,0,0,0,3,slightly_injured
2018,5,Thu,5,52.54181075,13.18337615,afternoon,15,daylight,0,dry,0,2,6,0,1,0,0,0,1,3,slightly_injured
2018,5,Thu,5,52.46165732,13.32539161,afternoon,15,daylight,0,dry,0,6,4,1,0,1,0,0,0,3,slightly_injured
2018,5,Mon,2,52.50553697,13.35213455,afternoon,12,daylight,0,dry,0,5,2,1,1,0,0,0,0,3,slightly_injured
2018,5,Thu,5,52.55864455,13.34360991,afternoon,14,daylight,0,dry,0,5,3,1,1,0,0,0,0,3,slightly_injured
2018,5,Wed,4,52.58735273,13.37663168,morning,9,daylight,0,dry,0,2,6,1,1,0,0,0,0,3,slightly_injured
2018,5,Mon,2,52.56839722,13.21122534,morning,8,daylight,0,dry,0,2,6,0,1,0,0,0,0,3,slightly_injured
2018,5,Thu,5,52.50705383,13.39838621,afternoon,14,daylight,0,dry,0,5,3,1,0,0,1,0,0,3,slightly_injured
2018,5,Wed,4,52.42830368,13.51956023,morning,9,daylight,0,dry,0,5,2,0,1,0,0,0,0,3,slightly_injured
2018,5,Mon,2,52.55274654,13.3799712,afternoon,13,daylight,0,dry,0,0,6,0,1,0,1,0,0,3,slightly_injured
2018,5,Wed,4,52.55766696,13.45211721,afternoon,14,daylight,0,dry,0,5,3,1,1,0,0,0,0,3,slightly_injured
2018,5,Mon,2,52.45887653,13.37631231,morning,8,daylight,0,dry,0,5,2,1,1,0,0,0,0,3,slightly_injured
2018,5,Thu,5,52.50569066,13.3258853,evening,23,dark,2,dry,0,2,6,0,1,0,0,0,0,3,slightly_injured
2018,5,Mon,2,52.46200791,13.43468248,morning,8,daylight,0,dry,0,5,2,0,1,0,0,0,0,3,slightly_injured
2018,5,Thu,5,52.52361977,13.35688645,evening,23,dark,2,dry,0,5,2,0,1,0,0,0,0,3,slightly_injured
2018,5,Wed,4,52.51802513,13.60771635,morning,6,daylight,0,dry,0,2,2,0,1,0,0,0,0,3,slightly_injured
2018,5,Mon,2,52.53620324,13.39115942,morning,8,daylight,0,dry,0,5,2,1,0,0,0,1,0,3,slightly_injured
2018,5,Thu,5,52.48124078,13.42863139,afternoon,14,daylight,0,dry,0,1,5,1,1,0,0,0,0,3,slightly_injured
2018,5,Mon,2,52.43263633,13.59315218,morning,8,daylight,0,dry,0,5,2,1,1,0,0,0,0,3,slightly_injured
2018,5,Thu,5,52.5137576,13.33128919,afternoon,13,daylight,0,dry,0,5,7,0,1,0,1,0,0,3,slightly_injured
2018,5,Wed,4,52.4142861,13.35015599,evening,22,dark,2,dry,0,5,2,0,1,0,1,0,0,2,seriously_injured
2018,5,Wed,4,52.51872042,13.28507244,evening,22,dark,2,dry,0,6,4,0,1,1,0,0,0,2,seriously_injured
2018,5,Mon,2,52.48932046,13.37548703,morning,8,daylight,0,dry,0,5,3,1,1,0,0,0,0,3,slightly_injured
2018,5,Thu,5,52.5319511,13.40315298,evening,22,dark,2,dry,0,0,1,1,0,0,0,0,0,2,seriously_injured
2018,5,Wed,4,52.54826257,13.37277726,evening,20,dusk,1,wet,1,0,1,1,0,0,0,0,0,3,slightly_injured
2018,5,Thu,5,52.42377861,13.52614407,afternoon,12,daylight,0,dry,0,6,4,0,1,1,0,0,0,3,slightly_injured
2018,5,Wed,4,52.50609942,13.31751052,evening,20,dusk,1,wet,1,5,2,0,1,0,0,0,0,3,slightly_injured
2018,5,Mon,2,52.54660981,13.44229416,morning,8,daylight,0,dry,0,5,3,1,0,0,0,0,1,3,slightly_injured
2018,5,Thu,5,52.48739254,13.42895511,morning,11,daylight,0,dry,0,2,2,0,1,0,1,0,0,3,slightly_injured
2018,5,Wed,4,52.55996118,13.46711005,evening,18,daylight,0,dry,0,2,6,1,1,0,0,0,0,3,slightly_injured
2018,5,Wed,4,52.49458867,13.35596272,evening,19,daylight,0,dry,0,6,4,1,0,1,0,0,0,2,seriously_injured
2018,5,Mon,2,52.55150402,13.44151052,morning,8,daylight,0,dry,0,5,7,1,1,0,0,0,0,3,slightly_injured
2018,5,Thu,5,52.43291894,13.28210007,evening,22,dark,2,dry,0,2,2,1,1,0,0,0,0,3,slightly_injured
2018,5,Mon,2,52.56041136,13.21755008,morning,7,daylight,0,dry,0,5,2,1,1,0,0,0,0,3,slightly_injured
2018,5,Thu,5,52.47862147,13.44882219,morning,11,daylight,0,dry,0,6,4,0,1,1,0,0,0,3,slightly_injured
2018,5,Wed,4,52.4898479,13.38233496,evening,19,daylight,0,dry,0,5,7,0,1,0,0,0,0,3,slightly_injured
2018,5,Mon,2,52.54424346,13.24654082,morning,6,daylight,0,dry,0,3,6,0,1,0,0,0,1,3,slightly_injured
2018,5,Thu,5,52.52794636,13.37424825,morning,11,daylight,0,dry,0,5,3,1,1,0,0,0,0,3,slightly_injured
2018,5,Wed,4,52.49538294,13.57686079,afternoon,17,daylight,0,dry,0,5,2,1,1,0,0,0,0,3,slightly_injured
2018,5,Mon,2,52.48587731,13.52656109,morning,6,daylight,0,dry,0,2,6,0,1,0,0,1,0,3,slightly_injured
2018,5,Thu,5,52.48779505,13.60557939,morning,11,daylight,0,dry,0,5,3,1,1,0,0,0,0,3,slightly_injured
2018,5,Wed,4,52.56443708,13.20890583,morning,8,daylight,0,dry,0,6,4,0,1,1,0,0,0,3,slightly_injured
2018,5,Wed,4,52.60131103,13.33869555,morning,7,daylight,0,dry,0,6,4,0,1,1,0,0,0,3,slightly_injured
2018,5,Thu,5,52.53142218,13.46921357,afternoon,14,daylight,0,dry,0,2,6,0,1,0,0,1,0,3,slightly_injured
2018,5,Wed,4,52.51380328,13.33793981,morning,7,daylight,0,dry,0,5,2,1,0,0,0,0,1,3,slightly_injured
2018,5,Sun,1,52.3984869,13.40630309,afternoon,15,daylight,0,dry,0,5,2,1,1,0,0,0,0,3,slightly_injured
2018,5,Thu,5,52.57109431,13.4089217,morning,9,daylight,0,dry,0,2,6,1,1,0,0,0,0,3,slightly_injured
2018,5,Fri,6,52.49391374,13.4029103,afternoon,13,daylight,0,dry,0,5,2,0,1,0,0,0,0,3,slightly_injured
2018,5,Wed,4,52.580582,13.31299729,afternoon,17,daylight,0,dry,0,6,4,0,1,1,0,0,0,3,slightly_injured
2018,5,Thu,5,52.4779259,13.37835988,evening,18,daylight,0,dry,0,5,2,0,1,0,1,0,0,3,slightly_injured
2018,5,Wed,4,52.51159339,13.35076173,morning,11,daylight,0,dry,0,6,6,1,0,1,0,0,0,3,slightly_injured
2018,5,Wed,4,52.46481555,13.3284541,evening,18,daylight,0,dry,0,5,2,0,1,0,1,0,0,3,slightly_injured
2018,5,Wed,4,52.41575595,13.49619358,afternoon,16,daylight,0,dry,0,0,2,0,1,0,0,0,1,3,slightly_injured
2018,5,Wed,4,52.49227958,13.33900754,morning,10,daylight,0,dry,0,5,2,1,1,0,0,0,0,3,slightly_injured
2018,5,Fri,6,52.58800966,13.33977132,afternoon,13,daylight,0,dry,0,5,2,1,0,0,0,0,1,3,slightly_injured
2018,5,Fri,6,52.59624997,13.34793064,morning,9,daylight,0,dry,0,2,6,0,1,0,0,0,0,3,slightly_injured
2018,5,Wed,4,52.49788471,13.55532437,afternoon,16,daylight,0,dry,0,5,3,1,1,0,0,0,0,3,slightly_injured
2018,5,Thu,5,52.58160381,13.42864374,afternoon,17,daylight,0,dry,0,4,7,1,0,0,0,0,0,3,slightly_injured
2018,5,Wed,4,52.51002589,13.37521828,evening,21,dark,2,dry,0,1,5,1,1,0,0,0,0,3,slightly_injured
2018,5,Wed,4,52.52537015,13.38741501,evening,20,daylight,0,dry,0,2,7,1,1,0,0,0,0,3,slightly_injured
2018,5,Thu,5,52.52594026,13.53996717,afternoon,16,daylight,0,dry,0,5,2,1,1,0,0,0,0,3,slightly_injured
2018,5,Wed,4,52.48635813,13.32262571,evening,19,daylight,0,dry,0,2,2,0,1,0,0,0,0,3,slightly_injured
2018,5,Thu,5,52.49994881,13.37065665,afternoon,15,daylight,0,dry,0,5,3,1,1,0,0,0,0,3,slightly_injured
2018,5,Wed,4,52.51343484,13.30556847,afternoon,14,daylight,0,dry,0,0,5,0,1,0,0,0,0,3,slightly_injured