ujahr,umonat,weekday,uwochentag,long,lat,time_of_day,ustunde,light_condition,ulichtverh,street_condition,ustrzustand,uart,utyp1,ist_rad,ist_pkw,ist_fuss,ist_krad,ist_gkfz,ist_sonstige,ukategorie,accident_outcome
2018,5,Thu,5,52.55352364,13.41843754,morning,6,daylight,0,dry,0,5,3,1,1,0,0,0,0,3,slightly_injured
2018,5,Sat,7,52.52172806,13.15490305,afternoon,16,daylight,0,dry,0,3,6,0,1,0,0,0,0,2,seriously_injured
2018,5,Wed,4,52.4900086,13.41982446,evening,19,daylight,0,dry,0,2,7,1,0,0,0,0,1,3,slightly_injured
2018,5,Fri,6,52.52472985,13.58800135,evening,21,daylight,0,dry,0,8,1,0,0,0,1,0,0,2,seriously_injured
2018,5,Fri,6,52.55506387,13.30648631,morning,8,daylight,0,dry,0,2,6,0,1,0,0,0,1,3,slightly_injured
2018,5,Wed,4,52.49354181,13.5259586,evening,19,daylight,0,dry,0,5,2,1,1,0,0,0,0,3,slightly_injured
2018,5,Thu,5,52.52669601,13.41575015,afternoon,15,daylight,0,dry,0,5,2,1,0,0,0,0,1,3,slightly_injured
2018,5,Wed,4,52.50518471,13.40522193,evening,18,daylight,0,dry,0,5,2,1,1,0,0,0,0,3,slightly_injured
2018,5,Wed,4,52.60288195,13.40230617,afternoon,17,daylight,0,dry,0,5,2,1,1,0,0,0,0,3,slightly_injured
2018,5,Wed,4,52.48888827,13.39872861,afternoon,17,daylight,0,dry,0,1,5,1,1,0,0,0,0,3,slightly_injured
2018,5,Fri,6,52.48905427,13.32277329,evening,18,daylight,0,dry,0,5,5,1,1,0,0,0,0,3,slightly_injured
2018,5,Wed,4,52.5005839,13.31194995,evening,22,dark,2,dry,0,0,2,0,1,0,0,0,1,3,slightly_injured
2018,5,Wed,4,52.44447314,13.57340519,evening,22,dark,2,dry,0,6,4,0,0,1,0,1,0,2,seriously_injured
2018,5,Fri,6,52.46799538,13.32840778,afternoon,17,daylight,0,dry,0,5,2,1,1,0,0,0,0,3,slightly_injured
2018,5,Thu,5,52.52776608,13.23136468,morning,10,daylight,0,dry,0,6,7,1,0,1,0,0,0,3,slightly_injured
2018,5,Wed,4,52.46898617,13.32759181,evening,18,daylight,0,dry,0,0,1,1,0,0,0,0,0,3,slightly_injured
2018,5,Wed,4,52.50370281,13.49454523,afternoon,15,daylight,0,dry,0,0,4,0,0,1,0,0,1,3,slightly_injured
2018,5,Wed,4,52.52979387,13.46090696,afternoon,15,daylight,0,dry,0,5,3,1,0,0,0,0,1,3,slightly_injured
2018,5,Wed,4,52.56688714,13.49596362,afternoon,15,daylight,0,dry,0,5,3,1,1,0,0,0,0,3,slightly_injured
2018,5,Wed,4,52.45529527,13.61713198,afternoon,16,daylight,0,dry,0,0,3,1,1,0,0,0,0,3,slightly_injured
2018,5,Fri,6,52.54462579,13.4226733,afternoon,15,daylight,0,dry,0,5,3,0,1,0,0,0,0,3,slightly_injured
2018,5,Wed,4,52.43995315,13.24546037,afternoon,16,daylight,0,dry,0,1,5,1,0,0,0,0,1,3,slightly_injured
2018,5,Thu,5,52.52793658,13.42516805,evening,19,daylight,0,dry,0,2,6,0,1,0,1,0,0,3,slightly_injured
2018,5,Wed,4,52.51014742,13.43016375,afternoon,16,daylight,0,dry,0,5,2,1,1,0,0,0,0,3,slightly_injured
2018,5,Wed,4,52.57816371,13.29790186,afternoon,15,daylight,0,dry,0,6,2,0,1,1,0,0,0,3,slightly_injured
2018,5,Thu,5,52.51546653,13.47024125,evening,20,dusk,1,dry,0,1,5,1,0,0,0,0,1,3,slightly_injured
2018,5,Wed,4,52.50101456,13.44453396,afternoon,15,daylight,0,dry,0,5,2,1,1,0,0,0,0,3,slightly_injured
2018,5,Wed,4,52.57540365,13.42146291,afternoon,15,daylight,0,dry,0,5,3,0,1,0,0,0,1,3,slightly_injured
2018,5,Wed,4,52.50965998,13.35448179,afternoon,15,daylight,0,dry,0,3,6,0,1,0,1,0,0,3,slightly_injured
2018,5,Wed,4,52.60928671,13.23081082,afternoon,16,daylight,0,dry,0,5,3,0,1,0,1,0,0,2,seriously_injured
2018,5,Thu,5,52.45258754,13.50876968,afternoon,14,daylight,0,dry,0,2,6,0,0,0,1,0,1,3,slightly_injured
2018,5,Wed,4,52.56136827,13.57651383,afternoon,16,daylight,0,dry,0,5,3,1,1,0,0,0,0,2,seriously_injured
2018,5,Fri,6,52.46917988,13.45400698,afternoon,12,daylight,0,dry,0,5,3,0,1,0,1,0,0,3,slightly_injured
2018,5,Wed,4,52.58518819,13.22951739,afternoon,15,daylight,0,dry,0,5,3,1,1,0,0,0,0,2,seriously_injured
2018,5,Thu,5,52.45036533,13.50823433,evening,20,daylight,0,dry,0,5,3,1,1,0,0,0,0,3,slightly_injured
2018,5,Wed,4,52.49690104,13.46617916,afternoon,15,daylight,0,dry,0,5,2,1,1,0,0,0,0,2,seriously_injured
2018,5,Thu,5,52.54307195,13.26162557,afternoon,14,daylight,0,dry,0,5,3,0,1,0,0,0,0,3,slightly_injured
2018,5,Wed,4,52.51179815,13.42697817,afternoon,15,daylight,0,dry,0,5,2,0,1,0,0,0,0,2,seriously_injured
2018,5,Thu,5,52.51113329,13.37124558,night,5,daylight,0,dry,0,5,2,1,0,0,1,0,0,3,slightly_injured
2018,5,Wed,4,52.55523452,13.51258984,afternoon,17,daylight,0,dry,0,6,4,0,1,1,0,0,0,2,seriously_injured
2018,5,Fri,6,52.54621543,13.19633567,evening,23,dark,2,dry,0,1,1,0,1,0,0,0,1,3,slightly_injured
2018,5,Thu,5,52.50088937,13.30676584,evening,18,daylight,0,dry,0,6,2,0,1,1,0,0,0,3,slightly_injured
2018,5,Wed,4,52.44671015,13.37191099,morning,7,daylight,0,dry,0,5,3,0,1,0,0,0,0,3,slightly_injured
2018,5,Wed,4,52.46393045,13.34112498,morning,7,daylight,0,dry,0,5,2,1,1,0,0,0,0,3,slightly_injured
2018,5,Fri,6,52.53482747,13.20648583,afternoon,17,daylight,0,dry,0,6,4,1,0,1,0,0,0,3,slightly_injured
2018,5,Fri,6,52.54901359,13.35972397,morning,6,daylight,0,dry,0,0,1,0,0,0,1,0,0,3,slightly_injured
2018,5,Wed,4,52.53485045,13.19910717,morning,7,daylight,0,dry,0,2,6,0,1,0,0,0,0,3,slightly_injured
2018,5,Thu,5,52.53728957,13.22343621,afternoon,16,daylight,0,dry,0,2,6,0,1,0,1,0,0,3,slightly_injured
2018,5,Wed,4,52.46978651,13.37212253,morning,6,daylight,0,dry,0,5,2,0,1,0,0,0,0,3,slightly_injured
2018,5,Thu,5,52.47709702,13.12699349,afternoon,14,daylight,0,dry,0,3,6,1,0,0,0,0,0,3,slightly_injured
2018,5,Wed,4,52.51726667,13.44068363,morning,6,daylight,0,dry,0,5,2,1,0,0,0,0,1,3,slightly_injured
2018,5,Sat,7,52.54160266,13.27481849,afternoon,12,daylight,0,dry,0,1,5,0,1,0,1,0,0,3,slightly_injured
2018,5,Wed,4,52.52069116,13.41528057,morning,6,daylight,0,dry,0,2,6,0,1,0,1,0,0,3,slightly_injured
2018,5,Fri,6,52.53219998,13.39404133,afternoon,15,daylight,0,dry,0,5,3,1,1,0,0,0,0,3,slightly_injured
2018,5,Fri,6,52.55587991,13.38135083,morning,7,daylight,0,dry,0,4,6,1,0,0,0,0,0,3,slightly_injured
2018,5,Wed,4,52.5102324,13.31450832,night,0,dark,2,dry,0,4,6,1,0,0,0,0,0,3,slightly_injured
2018,5,Fri,6,52.45876757,13.34186901,morning,9,daylight,0,dry,0,1,5,1,1,0,0,0,0,3,slightly_injured
2018,5,Wed,4,52.52575245,13.33969775,morning,6,daylight,0,dry,0,0,6,0,1,0,1,0,0,3,slightly_injured
2018,5,Thu,5,52.56806128,13.51207124,afternoon,17,daylight,0,dry,0,2,6,1,0,0,0,1,0,3,slightly_injured
2018,5,Wed,4,52.53346812,13.16507664,morning,6,daylight,0,dry,0,3,6,0,1,0,0,1,1,2,seriously_injured
2018,5,Wed,4,52.4362224,13.32879283,afternoon,13,daylight,0,dry,0,6,7,0,1,1,0,0,0,3,slightly_injured
2018,5,Wed,4,52.52497162,13.3461758,afternoon,13,daylight,0,dry,0,5,2,1,1,0,0,0,0,3,slightly_injured
2018,5,Fri,6,52.49851325,13.47970098,afternoon,17,daylight,0,dry,0,2,6,1,1,0,0,0,0,3,slightly_injured
2018,5,Thu,5,52.53838557,13.34455219,afternoon,13,daylight,0,dry,0,6,2,0,1,1,0,0,0,3,slightly_injured
2018,5,Wed,4,52.46525364,13.32867628,morning,6,daylight,0,dry,0,6,4,1,0,1,0,0,0,3,slightly_injured
2018,5,Wed,4,52.47838373,13.43271399,afternoon,12,daylight,0,dry,0,2,2,0,1,0,0,0,0,3,slightly_injured
2018,5,Thu,5,52.55221322,13.42698784,afternoon,16,daylight,0,dry,0,5,3,1,1,0,0,0,0,2,seriously_injured
2018,5,Thu,5,52.54090155,13.5442028,morning,7,daylight,0,dry,0,6,4,1,0,1,0,0,0,3,slightly_injured
2018,5,Wed,4,52.47616765,13.42676176,afternoon,12,daylight,0,dry,0,5,2,1,0,0,0,1,0,3,slightly_injured
2018,5,Sun,1,52.49863144,13.44652182,afternoon,14,daylight,0,dry,0,1,5,1,1,0,0,0,0,3,slightly_injured
2018,5,Wed,4,52.49145671,13.37674395,afternoon,12,daylight,0,dry,0,5,2,1,1,0,0,0,0,3,slightly_injured
2018,5,Wed,4,52.4534248,13.25036554,afternoon,12,daylight,0,dry,0,5,3,1,1,0,0,0,0,3,slightly_injured
2018,5,Wed,4,52.54375679,13.39166439,morning,11,daylight,0,dry,0,6,7,0,1,1,0,0,0,3,slightly_injured
2018,5,Fri,6,52.46712305,13.38541989,afternoon,16,daylight,0,dry,0,5,3,0,1,0,0,0,1,2,seriously_injured
2018,5,Wed,4,52.52916081,13.43329512,morning,11,daylight,0,dry,0,6,4,1,0,1,0,0,0,3,slightly_injured
2018,5,Thu,5,52.4599013,13.35559463,evening,20,daylight,0,dry,0,4,7,1,0,0,0,0,0,2,seriously_injured
2018,5,Wed,4,52.54378852,13.19718182,morning,10,daylight,0,dry,0,3,6,0,1,0,0,1,0,3,slightly_injured
2018,5,Wed,4,52.52811631,13.42487682,morning,10,daylight,0,dry,0,3,6,1,0,0,0,1,0,3,slightly_injured
2018,5,Thu,5,52.50368412,13.17986691,evening,18,daylight,0,dry,0,1,1,0,1,0,0,0,0,3,slightly_injured
2018,5,Wed,4,52.60159352,13.24307241,morning,10,daylight,0,dry,0,5,3,0,1,0,1,0,0,3,slightly_injured
2018,5,Wed,4,52.42229171,13.31244133,morning,10,daylight,0,dry,0,6,4,0,1,1,0,0,0,2,seriously_injured
2018,5,Thu,5,52.50505197,13.43360688,afternoon,13,daylight,0,dry,0,2,6,0,1,0,0,0,1,3,slightly_injured
2018,5,Fri,6,52.56793956,13.53207603,morning,7,daylight,0,dry,0,6,4,0,0,1,1,0,0,3,slightly_injured
2018,5,Wed,4,52.43971153,13.55306027,morning,10,daylight,0,dry,0,6,4,0,1,1,0,0,0,3,slightly_injured
2018,5,Thu,5,52.60819312,13.32493327,morning,6,daylight,0,dry,0,5,2,0,1,0,1,0,0,3,slightly_injured
2018,5,Thu,5,52.58059143,13.4314172,afternoon,16,daylight,0,dry,0,5,7,0,1,0,0,0,0,3,slightly_injured
2018,5,Wed,4,52.53245813,13.39665535,morning,9,daylight,0,dry,0,0,1,1,0,0,0,0,0,3,slightly_injured
2018,5,Wed,4,52.52573196,13.30702336,morning,8,daylight,0,dry,0,1,5,0,1,0,1,0,0,3,slightly_injured
2018,5,Fri,6,52.43074521,13.25932942,night,5,daylight,0,dry,0,5,3,1,0,0,0,0,0,2,seriously_injured
2018,5,Tue,3,52.48828019,13.34045062,afternoon,17,daylight,0,dry,0,2,6,1,0,0,0,0,0,2,seriously_injured
2018,5,Thu,5,52.50605143,13.31694189,evening,19,daylight,0,dry,0,6,7,0,0,1,0,0,1,3,slightly_injured
2018,5,Tue,3,52.51042388,13.39183184,evening,18,daylight,0,dry,0,3,6,1,1,0,0,0,0,3,slightly_injured
2018,5,Tue,3,52.54479638,13.56525965,afternoon,16,daylight,0,dry,0,2,6,0,1,0,1,0,0,3,slightly_injured
2018,5,Thu,5,52.44051842,13.29937746,morning,8,daylight,0,dry,0,5,2,0,1,0,1,0,0,2,seriously_injured
2018,5,Tue,3,52.52656031,13.44864361,morning,11,daylight,0,dry,0,3,6,0,0,0,1,1,0,2,seriously_injured
2018,5,Tue,3,52.52328705,13.42996347,morning,11,daylight,0,dry,0,5,2,1,1,0,0,0,0,3,slightly_injured
2018,5,Fri,6,52.57468675,13.38055083,afternoon,17,daylight,0,dry,0,3,6,0,1,0,1,0,0,3,slightly_injured
2018,5,Fri,6,52.63993133,13.50976139,morning,10,daylight,0,dry,0,5,3,1,1,0,0,0,0,3,slightly_injured
2018,5,Tue,3,52.55706221,13.45995936,morning,6,daylight,0,dry,0,5,3,1,0,0,1,0,0,3,slightly_injured
2018,5,Thu,5,52.52366423,13.4165814,morning,8,daylight,0,dry,0,0,1,1,0,0,0,0,0,2,seriously_injured
2018,5,Thu,5,52.51070646,13.29159149,afternoon,17,daylight,0,dry,0,5,3,1,1,0,0,0,0,3,slightly_injured
2018,5,Sun,1,52.52860727,13.39373738,afternoon,12,daylight,0,dry,0,4,2,0,1,0,1,0,0,3,slightly_injured
2018,5,Tue,3,52.45071207,13.54003757,afternoon,14,daylight,0,dry,0,2,3,1,0,0,0,0,0,3,slightly_injured
2018,5,Thu,5,52.56516792,13.49196458,afternoon,13,daylight,0,dry,0,2,6,0,1,0,0,0,0,3,slightly_injured
2018,5,Tue,3,52.54286878,13.19851571,evening,21,daylight,0,dry,0,5,2,0,1,0,0,0,0,3,slightly_injured
2018,5,Fri,6,52.40763425,13.52551196,afternoon,16,daylight,0,dry,0,0,1,1,1,0,0,0,0,3,slightly_injured
2018,5,Tue,3,52.54772432,13.25310587,evening,19,daylight,0,dry,0,5,7,1,1,0,0,0,0,3,slightly_injured
2018,5,Sat,7,52.48875303,13.40937051,afternoon,16,daylight,0,dry,0,0,6,1,1,0,0,0,0,3,slightly_injured
2018,5,Tue,3,52.43022593,13.41017043,evening,18,daylight,0,dry,0,5,3,0,1,0,0,0,0,3,slightly_injured
2018,5,Fri,6,52.50551514,13.38654725,evening,19,daylight,0,dry,0,2,2,1,0,0,0,0,1,3,slightly_injured
2018,5,Fri,6,52.5537598,13.44056963,morning,8,daylight,0,dry,0,5,3,1,1,0,0,0,0,3,slightly_injured
2018,5,Tue,3,52.47402907,13.4493031,evening,19,daylight,0,dry,0,2,6,1,1,0,0,0,0,3,slightly_injured
2018,5,Thu,5,52.50318817,13.32882712,afternoon,13,daylight,0,dry,0,6,7,0,1,1,0,0,0,3,slightly_injured
2018,5,Thu,5,52.5665719,13.50095041,afternoon,16,daylight,0,dry,0,5,2,1,1,0,0,0,0,3,slightly_injured
2018,5,Tue,3,52.56775902,13.39057569,afternoon,17,daylight,0,dry,0,4,2,1,1,0,0,0,0,3,slightly_injured
2018,5,Tue,3,52.52753265,13.23279274,afternoon,17,daylight,0,dry,0,5,3,0,1,0,1,0,0,3,slightly_injured
2018,5,Tue,3,52.43823222,13.26206266,afternoon,16,daylight,0,dry,0,5,2,1,1,0,0,0,0,3,slightly_injured
2018,5,Fri,6,52.49037611,13.376741,evening,18,daylight,0,dry,0,5,5,1,1,0,0,0,0,3,slightly_injured
2018,5,Tue,3,52.4583128,13.36953774,evening,18,daylight,0,dry,0,0,1,0,0,0,1,0,0,3,slightly_injured
2018,5,Thu,5,52.56831005,13.44077311,morning,9,daylight,0,dry,0,3,6,1,1,0,0,0,0,2,seriously_injured
2018,5,Tue,3,52.45124572,13.25586456,afternoon,17,daylight,0,dry,0,0,7,1,0,0,0,0,0,3,slightly_injured
2018,5,Fri,6,52.54073661,13.40505235,afternoon,15,daylight,0,dry,0,0,1,1,0,0,0,0,0,2,seriously_injured
2018,5,Tue,3,52.52928364,13.29639301,afternoon,16,daylight,0,dry,0,5,2,0,1,0,0,0,0,3,slightly_injured
2018,5,Tue,3,52.51278231,13.28128093,afternoon,16,daylight,0,dry,0,5,2,1,1,0,0,0,0,3,slightly_injured
2018,5,Thu,5,52.41781621,13.2868751,afternoon,12,daylight,0,dry,0,6,2,0,1,1,0,0,0,2,seriously_injured
2018,5,Tue,3,52.47630701,13.30974281,afternoon,15,daylight,0,dry,0,5,3,0,1,0,0,0,0,3,slightly_injured
2018,5,Tue,3,52.54813784,13.25887265,afternoon,15,daylight,0,dry,0,5,2,1,1,0,0,0,0,2,seriously_injured
2018,5,Tue,3,52.41954192,13.39839851,afternoon,15,daylight,0,dry,0,5,2,0,1,0,0,0,0,2,seriously_injured
2018,5,Fri,6,52.54240726,13.37734983,evening,20,daylight,0,dry,0,0,2,0,1,0,1,0,0,2,seriously_injured
2018,5,Tue,3,52.42833394,13.46709141,afternoon,14,daylight,0,dry,0,3,6,0,1,0,1,0,0,3,slightly_injured
2018,5,Thu,5,52.53929815,13.58825234,evening,19,daylight,0,dry,0,6,4,0,1,1,0,0,0,3,slightly_injured
2018,5,Tue,3,52.45533256,13.37565534,afternoon,14,daylight,0,dry,0,5,3,1,1,0,0,0,0,3,slightly_injured
2018,5,Tue,3,52.42853503,13.25995688,afternoon,14,daylight,0,dry,0,6,7,1,0,1,0,0,0,3,slightly_injured
2018,5,Thu,5,52.562302,13.36289843,afternoon,12,daylight,0,dry,0,2,6,0,1,0,0,0,1,3,slightly_injured
2018,5,Tue,3,52.46010582,13.53613849,afternoon,14,daylight,0,dry,0,5,2,1,1,0,0,0,0,3,slightly_injured
2018,5,Tue,3,52.49460955,13.32204804,afternoon,14,daylight,0,dry,0,2,7,1,0,0,0,0,1,3,slightly_injured
2018,5,Sat,7,52.45545399,13.14163113,afternoon,13,daylight,0,dry,0,8,7,0,1,0,0,0,0,3,slightly_injured
2018,5,Tue,3,52.53225721,13.46637875,afternoon,13,daylight,0,dry,0,1,7,0,1,0,0,0,0,3,slightly_injured
2018,5,Thu,5,52.5289559,13.40350997,morning,11,daylight,0,dry,0,1,5,1,1,0,0,0,0,2,seriously_injured
2018,5,Tue,3,52.50986944,13.34653079,afternoon,13,daylight,0,dry,0,1,5,1,1,0,0,0,0,3,slightly_injured
2018,5,Sun,1,52.50231833,13.38819885,night,0,dark,2,dry,0,1,5,1,1,0,0,0,0,3,slightly_injured
2018,5,Tue,3,52.48798002,13.41525289,afternoon,13,daylight,0,dry,0,3,6,1,0,0,0,1,0,3,slightly_injured
2018,5,Fri,6,52.46230523,13.51402959,afternoon,16,daylight,0,dry,0,6,4,1,0,1,0,0,0,3,slightly_injured
2018,5,Tue,3,52.51192748,13.24035745,afternoon,13,daylight,0,dry,0,5,2,0,1,0,1,0,0,2,seriously_injured
2018,5,Thu,5,52.40839882,13.26746626,morning,11,daylight,0,dry,0,5,3,1,1,0,0,0,0,3,slightly_injured
2018,5,Thu,5,52.48211071,13.43340731,evening,19,daylight,0,dry,0,0,1,1,0,0,0,0,0,3,slightly_injured
2018,5,Tue,3,52.46365833,13.40541922,afternoon,12,daylight,0,dry,0,3,6,0,1,0,1,0,0,2,seriously_injured
2018,5,Tue,3,52.43681524,13.26138174,afternoon,12,daylight,0,dry,0,6,7,0,1,1,0,0,0,3,slightly_injured
2018,5,Thu,5,52.5911938,13.38460171,morning,10,daylight,0,dry,0,2,6,0,1,0,1,0,0,3,slightly_injured
2018,5,Thu,5,52.42785506,13.4904302,morning,8,daylight,0,dry,0,5,3,0,1,0,0,0,0,3,slightly_injured
2018,5,Tue,3,52.51570604,13.49852508,morning,10,daylight,0,dry,0,4,2,0,1,0,0,1,0,3,slightly_injured
2018,5,Tue,3,52.51711489,13.30057428,morning,10,daylight,0,dry,0,5,2,0,1,0,0,0,0,3,slightly_injured
2018,5,Fri,6,52.45398426,13.31913878,afternoon,16,daylight,0,dry,0,2,6,0,1,0,1,0,0,3,slightly_injured
2018,5,Fri,6,52.46451552,13.32318666,morning,9,daylight,0,dry,0,5,3,1,1,0,0,0,0,3,slightly_injured
2018,5,Tue,3,52.4953082,13.32959762,morning,10,daylight,0,dry,0,3,6,0,1,0,1,0,0,3,slightly_injured
2018,5,Thu,5,52.4199849,13.33123742,morning,10,daylight,0,dry,0,5,2,1,1,0,0,0,0,3,slightly_injured
2018,5,Fri,6,52.58432139,13.40836716,afternoon,12,daylight,0,dry,0,2,2,0,0,0,1,0,1,3,slightly_injured
2018,5,Tue,3,52.51953233,13.42860465,morning,10,daylight,0,dry,0,5,3,0,1,0,0,0,0,3,slightly_injured
2018,5,Thu,5,52.54726187,13.34259034,morning,10,daylight,0,dry,0,5,7,0,1,0,0,0,0,2,seriously_injured
2018,5,Thu,5,52.62533696,13.2293879,afternoon,16,daylight,0,dry,0,6,7,1,0,1,0,0,0,3,slightly_injured
2018,5,Tue,3,52.47990728,13.48361787,morning,9,daylight,0,dry,0,2,7,0,1,0,0,0,0,3,slightly_injured
2018,5,Tue,3,52.51000207,13.38995816,morning,9,daylight,0,dry,0,6,4,0,1,1,0,0,0,3,slightly_injured
2018,5,Thu,5,52.4178505,13.28700442,morning,10,daylight,0,dry,0,5,2,0,1,0,1,0,0,3,slightly_injured
2018,5,Sat,7,52.52248092,13.36727646,afternoon,14,daylight,0,dry,0,5,2,0,1,0,1,0,0,3,slightly_injured
2018,5,Tue,3,52.45246623,13.4309516,morning,9,daylight,0,dry,0,3,6,0,1,0,1,0,0,3,slightly_injured
2018,5,Fri,6,52.48411032,13.53207918,afternoon,15,daylight,0,dry,0,5,3,1,1,0,0,0,0,3,slightly_injured
2018,5,Thu,5,52.47660923,13.45005121,afternoon,15,daylight,0,dry,0,5,2,1,1,0,0,0,0,3,slightly_injured
2018,5,Fri,6,52.51276523,13.28128343,morning,8,daylight,0,dry,0,6,4,0,0,1,0,1,0,2,seriously_injured
2018,5,Tue,3,52.50315143,13.31538244,morning,9,daylight,0,dry,0,5,2,1,1,0,0,0,0,3,slightly_injured
2018,5,Thu,5,52.52497863,13.34612003,morning,10,daylight,0,dry,0,5,2,1,1,0,0,0,0,3,slightly_injured
2018,5,Tue,3,52.57332265,13.56744655,morning,7,daylight,0,dry,0,5,3,0,1,0,0,0,0,3,slightly_injured
2018,5,Tue,3,52.50406009,13.34606192,morning,9,daylight,0,dry,0,5,2,1,1,0,0,0,0,3,slightly_injured
2018,5,Thu,5,52.41838829,13.57969199,morning,9,daylight,0,dry,0,9,7,0,1,0,0,1,0,2,seriously_injured
2018,5,Thu,5,52.59594566,13.29160878,afternoon,17,daylight,0,dry,0,5,2,0,1,0,0,0,0,3,slightly_injured
2018,5,Tue,3,52.52531865,13.34336218,morning,9,daylight,0,dry,0,2,6,0,1,0,0,1,0,3,slightly_injured
2018,5,Tue,3,52.45541669,13.37508443,morning,8,daylight,0,dry,0,2,2,1,1,0,0,0,0,3,slightly_injured
2018,5,Thu,5,52.51774558,13.40802238,morning,9,daylight,0,dry,0,2,6,1,1,0,0,0,0,3,slightly_injured
2018,5,Tue,3,52.49316083,13.33115525,morning,8,daylight,0,dry,0,6,4,1,0,1,0,0,0,2,seriously_injured
2018,5,Fri,6,52.40299901,13.50639223,afternoon,17,daylight,0,dry,0,5,3,1,1,0,0,0,0,3,slightly_injured
2018,5,Thu,5,52.51880434,13.28663061,morning,7,daylight,0,dry,0,0,2,0,1,0,1,0,1,3,slightly_injured
2018,5,Tue,3,52.54897677,13.38499511,morning,8,daylight,0,dry,0,2,6,0,1,0,1,0,0,3,slightly_injured
2018,5,Tue,3,52.54543412,13.49482887,morning,7,daylight,0,dry,0,5,3,1,1,0,0,0,0,3,slightly_injured
2018,5,Thu,5,52.58204412,13.30556685,morning,9,daylight,0,dry,0,6,4,0,1,1,0,0,0,3,slightly_injured
2018,5,Tue,3,52.54761105,13.44158296,morning,7,daylight,0,dry,0,6,7,0,1,1,0,0,0,3,slightly_injured
2018,5,Sun,1,52.49535947,13.33108107,afternoon,13,daylight,0,dry,0,5,2,0,1,0,0,0,0,3,slightly_injured
2018,5,Tue,3,52.49390618,13.55852821,morning,7,daylight,0,dry,0,5,3,0,1,0,0,1,0,3,slightly_injured
2018,5,Fri,6,52.41469375,13.34802594,afternoon,14,daylight,0,dry,0,6,2,0,1,1,0,0,0,2,seriously_injured
2018,5,Tue,3,52.46475049,13.52570748,morning,7,daylight,0,dry,0,5,3,1,0,0,0,0,1,3,slightly_injured
2018,5,Tue,3,52.47349778,13.29017721,afternoon,16,daylight,0,dry,0,6,2,0,1,1,0,0,0,3,slightly_injured
2018,5,Fri,6,52.59634088,13.21917331,evening,19,daylight,0,dry,0,5,2,0,1,0,0,0,0,3,slightly_injured
2018,5,Mon,2,52.514142,13.59082105,evening,23,dark,2,dry,0,0,3,1,0,0,0,0,1,2,seriously_injured
2018,5,Thu,5,52.55695743,13.38495171,evening,21,dusk,1,dry,0,6,4,0,1,1,0,0,0,3,slightly_injured
2018,5,Mon,2,52.50955931,13.35152259,morning,10,daylight,0,dry,0,5,2,1,1,0,0,0,0,3,slightly_injured
2018,5,Mon,2,52.46346368,13.46353545,afternoon,17,daylight,0,dry,0,5,2,1,1,0,0,0,0,3,slightly_injured
2018,5,Thu,5,52.56297806,13.39046345,morning,9,daylight,0,dry,0,5,2,1,1,0,0,0,0,3,slightly_injured
2018,5,Mon,2,52.56956095,13.35802923,morning,9,daylight,0,dry,0,6,4,0,1,1,0,0,0,3,slightly_injured
2018,5,Mon,2,52.45279989,13.31972504,afternoon,14,daylight,0,dry,0,1,5,0,1,0,1,0,0,3,slightly_injured
2018,5,Thu,5,52.47978075,13.42546869,afternoon,16,daylight,0,dry,0,5,2,0,1,0,0,0,1,3,slightly_injured
2018,5,Mon,2,52.49539336,13.33108735,afternoon,15,daylight,0,dry,0,5,3,0,1,0,0,0,0,3,slightly_injured
2018,5,Fri,6,52.41954102,13.39839414,evening,18,daylight,0,dry,0,5,2,0,1,0,0,0,0,3,slightly_injured
2018,5,Mon,2,52.4257284,13.54525373,afternoon,13,daylight,0,dry,0,5,2,0,1,0,0,0,0,3,slightly_injured
2018,5,Thu,5,52.58579449,13.42329174,morning,9,daylight,0,dry,0,6,4,0,1,1,0,0,0,2,seriously_injured
2018,5,Thu,5,52.54893629,13.17816299,afternoon,16,daylight,0,dry,0,5,3,1,1,0,0,0,0,3,slightly_injured
2018,5,Mon,2,52.51399998,13.49805111,afternoon,17,daylight,0,dry,0,5,3,0,1,0,1,0,0,3,slightly_injured
2018,5,Mon,2,52.45872556,13.35469098,afternoon,17,daylight,0,dry,0,6,7,0,1,1,0,0,0,3,slightly_injured
2018,5,Thu,5,52.46461391,13.43871726,morning,9,daylight,0,dry,0,1,5,0,1,0,1,0,0,3,slightly_injured
2018,5,Thu,5,52.52875519,13.41003411,evening,18,daylight,0,dry,0,6,4,1,0,1,0,0,0,3,slightly_injured
2018,5,Mon,2,52.49808272,13.39592026,evening,21,dark,2,dry,0,6,7,0,1,1,0,0,0,3,slightly_injured
2018,5,Mon,2,52.53347698,13.40264931,evening,19,daylight,0,dry,0,0,4,1,0,1,0,0,0,3,slightly_injured
2018,5,Mon,2,52.45892102,13.34839974,evening,18,daylight,0,dry,0,0,2,1,0,0,1,0,0,3,slightly_injured