ujahr,umonat,weekday,uwochentag,long,lat,time_of_day,ustunde,light_condition,ulichtverh,street_condition,ustrzustand,uart,utyp1,ist_rad,ist_pkw,ist_fuss,ist_krad,ist_gkfz,ist_sonstige,ukategorie,accident_outcome
2018,5,Mon,2,52.54663324,13.45288097,evening,19,daylight,0,dry,0,1,5,1,1,0,0,0,0,3,slightly_injured
2018,5,Fri,6,52.53150541,13.36120986,morning,7,daylight,0,dry,0,3,6,1,1,0,0,0,0,3,slightly_injured
2018,5,Fri,6,52.51922422,13.30636522,morning,11,daylight,0,dry,0,5,2,0,1,0,1,0,0,3,slightly_injured
2018,5,Mon,2,52.48080436,13.42506129,evening,18,daylight,0,dry,0,5,2,1,1,0,0,0,0,2,seriously_injured
2018,5,Thu,5,52.52832519,13.45562806,afternoon,15,daylight,0,dry,0,3,6,0,1,0,0,1,0,3,slightly_injured
2018,5,Mon,2,52.52452357,13.39471579,afternoon,17,daylight,0,dry,0,0,1,1,0,0,0,0,0,2,seriously_injured
2018,5,Mon,2,52.52010452,13.55579085,afternoon,13,daylight,0,dry,0,1,3,0,1,0,1,0,0,2,seriously_injured
2018,5,Mon,2,52.53635954,13.19125418,morning,9,daylight,0,dry,0,5,2,0,1,0,1,0,0,3,slightly_injured
2018,5,Fri,6,52.41056463,13.32496356,afternoon,12,daylight,0,dry,0,5,2,1,1,0,0,0,0,3,slightly_injured
2018,5,Fri,6,52.56104889,13.45721186,morning,7,daylight,0,dry,0,0,2,1,1,0,0,0,0,3,slightly_injured
2018,5,Sat,7,52.5478909,13.30229234,afternoon,17,daylight,0,dry,0,5,2,0,1,0,0,0,0,3,slightly_injured
2018,5,Mon,2,52.50889477,13.46590424,morning,7,daylight,0,dry,0,6,4,0,1,1,0,0,0,3,slightly_injured
2018,5,Fri,6,52.45253868,13.432855,evening,21,dark,2,dry,0,0,2,0,1,0,1,0,0,3,slightly_injured
2018,5,Fri,6,52.49591504,13.38970239,morning,8,daylight,0,dry,0,5,2,1,1,0,0,0,0,3,slightly_injured
2018,5,Mon,2,52.52425796,13.20151999,night,2,dark,2,dry,0,5,3,0,1,0,0,0,0,3,slightly_injured
2018,5,Thu,5,52.50133848,13.39138637,afternoon,17,daylight,0,dry,0,1,5,1,1,0,0,0,0,3,slightly_injured
2018,5,Mon,2,52.51098649,13.31824599,morning,10,daylight,0,dry,0,0,3,0,1,0,1,0,0,3,slightly_injured
2018,5,Mon,2,52.43017222,13.41081531,afternoon,12,daylight,0,dry,0,2,6,0,1,0,0,0,0,3,slightly_injured
2018,5,Mon,2,52.47836554,13.34368789,morning,6,daylight,0,dry,0,5,3,0,1,0,0,0,1,3,slightly_injured
2018,5,Fri,6,52.55194884,13.36569562,afternoon,17,daylight,0,dry,0,5,3,0,1,0,0,0,0,3,slightly_injured
2018,5,Thu,5,52.55380113,13.37702814,morning,9,daylight,0,dry,0,0,3,1,1,0,0,0,0,3,slightly_injured
2018,5,Sun,1,52.49288447,13.40896579,afternoon,14,daylight,0,dry,0,5,2,1,1,0,0,0,0,3,slightly_injured
2018,5,Sun,1,52.51363053,13.40635398,afternoon,16,daylight,0,dry,0,6,4,1,0,1,0,0,0,3,slightly_injured
2018,5,Thu,5,52.42694052,13.2967526,afternoon,14,daylight,0,dry,0,5,3,1,1,0,0,0,0,2,seriously_injured
2018,5,Sun,1,52.50269289,13.44680332,evening,23,dark,2,dry,0,5,2,1,1,0,0,0,0,3,slightly_injured
2018,5,Sun,1,52.41945934,13.44887956,evening,23,dark,2,dry,0,6,4,0,1,1,0,0,0,2,seriously_injured
2018,5,Sun,1,52.49288956,13.38847912,evening,22,dark,2,dry,0,6,7,1,0,1,0,0,0,3,slightly_injured
2018,5,Sun,1,52.48637929,13.44637535,evening,21,dark,2,dry,0,5,2,1,1,0,0,0,0,3,slightly_injured
2018,5,Sun,1,52.46873038,13.51429949,evening,19,daylight,0,dry,0,5,2,1,1,0,0,0,0,3,slightly_injured
2018,5,Fri,6,52.48473764,13.32217215,evening,18,daylight,0,dry,0,1,5,1,1,0,0,0,0,2,seriously_injured
2018,5,Sun,1,52.52888298,13.12450862,evening,18,daylight,0,dry,0,2,6,0,1,0,0,0,0,3,slightly_injured
2018,5,Thu,5,52.45953774,13.40237783,evening,20,dusk,1,dry,0,5,3,0,1,0,1,0,0,3,slightly_injured
2018,5,Sun,1,52.52110301,13.20348943,evening,19,daylight,0,dry,0,5,3,0,1,0,0,0,1,3,slightly_injured
2018,5,Sun,1,52.49976192,13.37744445,afternoon,15,daylight,0,dry,0,5,3,1,0,0,0,0,1,3,slightly_injured
2018,5,Sun,1,52.48736309,13.38611932,afternoon,16,daylight,0,dry,0,5,2,1,1,0,0,0,0,3,slightly_injured
2018,5,Sat,7,52.51024841,13.37457664,evening,21,dusk,1,dry,0,0,7,1,0,0,0,0,0,3,slightly_injured
2018,5,Thu,5,52.45367552,13.55848794,afternoon,17,daylight,0,dry,0,2,6,0,1,0,0,0,0,2,seriously_injured
2018,5,Fri,6,52.53245561,13.40364527,afternoon,17,daylight,0,dry,0,0,1,1,0,0,0,0,0,3,slightly_injured
2018,5,Sun,1,52.51782547,13.40791204,afternoon,16,daylight,0,dry,0,0,1,1,0,0,0,0,0,2,seriously_injured
2018,5,Mon,2,52.56092682,13.33323052,night,5,daylight,0,dry,0,5,3,1,1,0,1,0,0,3,slightly_injured
2018,5,Wed,4,52.54800294,13.29730423,morning,10,daylight,0,dry,0,2,6,0,1,0,0,0,1,3,slightly_injured
2018,5,Mon,2,52.53251719,13.14189173,evening,22,dark,2,dry,0,0,4,0,1,1,0,0,0,3,slightly_injured
2018,5,Tue,3,52.52867454,13.42916149,morning,9,daylight,0,dry,0,1,5,1,1,0,0,0,0,3,slightly_injured
2018,5,Mon,2,52.45586919,13.5771642,afternoon,14,daylight,0,dry,0,6,4,0,1,1,0,0,0,3,slightly_injured
2018,6,Fri,6,52.4200351,13.48982035,afternoon,12,daylight,0,dry,0,5,3,0,1,0,0,0,0,2,seriously_injured
2018,5,Mon,2,52.422893,13.50919723,evening,19,daylight,0,dry,0,5,2,0,1,0,1,0,0,2,seriously_injured
2018,5,Mon,2,52.4392076,13.34356492,evening,20,dusk,1,dry,0,5,2,1,0,0,1,0,0,3,slightly_injured
2018,6,Fri,6,52.49846694,13.40602676,morning,10,daylight,0,dry,0,1,5,0,1,0,0,0,1,3,slightly_injured
2018,5,Tue,3,52.51814399,13.41773479,evening,19,daylight,0,dry,0,6,4,1,0,1,0,0,0,2,seriously_injured
2018,5,Mon,2,52.49634071,13.56339983,evening,19,daylight,0,dry,0,2,2,0,1,0,0,0,0,2,seriously_injured
2018,6,Fri,6,52.55241313,13.45068956,morning,10,daylight,0,dry,0,0,2,0,1,0,0,0,1,3,slightly_injured
2018,5,Tue,3,52.48507302,13.36809979,afternoon,12,daylight,0,dry,0,6,4,0,1,1,0,0,0,3,slightly_injured
2018,6,Fri,6,52.51622595,13.38091053,morning,10,daylight,0,dry,0,6,4,1,0,1,0,0,0,3,slightly_injured
2018,5,Tue,3,52.49262129,13.38849223,afternoon,17,daylight,0,dry,0,5,3,1,0,0,0,0,0,2,seriously_injured
2018,5,Mon,2,52.51337295,13.5192026,evening,20,daylight,0,dry,0,6,4,1,0,1,0,0,0,2,seriously_injured
2018,6,Fri,6,52.58803237,13.28539807,morning,9,daylight,0,dry,0,3,6,1,1,0,0,0,0,3,slightly_injured
2018,5,Tue,3,52.62747489,13.29684431,afternoon,13,daylight,0,dry,0,5,2,0,1,0,1,0,0,3,slightly_injured
2018,6,Fri,6,52.49438597,13.35874398,morning,9,daylight,0,dry,0,0,3,0,1,0,0,0,1,3,slightly_injured
2018,5,Mon,2,52.48186826,13.46407962,evening,18,daylight,0,dry,0,0,3,1,1,0,0,0,0,3,slightly_injured
2018,6,Fri,6,52.54640324,13.19153233,morning,7,daylight,0,dry,0,5,2,1,1,0,0,0,0,3,slightly_injured
2018,5,Mon,2,52.49930929,13.33514662,evening,18,daylight,0,dry,0,2,6,0,1,0,1,0,0,2,seriously_injured
2018,5,Mon,2,52.44949191,13.29389064,evening,18,daylight,0,dry,0,5,3,0,1,0,0,0,0,3,slightly_injured
2018,6,Fri,6,52.49125405,13.43522651,morning,8,daylight,0,dry,0,5,3,1,0,0,0,0,1,3,slightly_injured
2018,5,Tue,3,52.43005578,13.16082143,afternoon,17,daylight,0,dry,0,3,6,1,1,0,0,0,0,3,slightly_injured
2018,5,Mon,2,52.53567795,13.35662225,evening,18,daylight,0,dry,0,2,2,1,1,0,0,0,0,3,slightly_injured
2018,6,Fri,6,52.47046413,13.37061208,morning,8,daylight,0,dry,0,5,2,1,0,0,0,1,0,2,seriously_injured
2018,5,Tue,3,52.52216136,13.39164486,morning,7,daylight,0,dry,0,2,2,0,1,0,0,0,1,3,slightly_injured
2018,6,Fri,6,52.5240714,13.46670166,morning,8,daylight,0,dry,0,0,1,0,0,0,1,0,0,2,seriously_injured
2018,6,Fri,6,52.46475588,13.51381787,morning,7,daylight,0,dry,0,5,3,1,1,0,0,0,0,3,slightly_injured
2018,5,Mon,2,52.52920104,13.23557039,afternoon,17,daylight,0,dry,0,5,3,1,1,0,0,0,0,2,seriously_injured
2018,6,Fri,6,52.50043432,13.38751639,morning,6,daylight,0,dry,0,1,5,1,1,0,0,0,0,3,slightly_injured
2018,6,Fri,6,52.48483296,13.57348562,morning,6,daylight,0,dry,0,2,6,0,1,0,0,0,0,3,slightly_injured
2018,5,Mon,2,52.41971448,13.16029559,afternoon,17,daylight,0,dry,0,5,2,1,1,0,0,0,0,2,seriously_injured
2018,5,Mon,2,52.58042767,13.43125831,afternoon,17,daylight,0,dry,0,5,2,0,0,0,1,0,1,3,slightly_injured
2018,6,Fri,6,52.51595351,13.25498521,afternoon,17,daylight,0,dry,0,5,3,0,1,0,1,0,0,3,slightly_injured
2018,5,Tue,3,52.44197299,13.56972714,morning,7,daylight,0,dry,0,2,2,0,1,0,0,0,0,3,slightly_injured
2018,6,Fri,6,52.43908471,13.41193743,morning,8,daylight,0,dry,0,8,1,0,0,0,1,0,0,3,slightly_injured
2018,6,Fri,6,52.42012568,13.53851407,afternoon,15,daylight,0,dry,0,5,3,1,1,0,0,0,0,3,slightly_injured
2018,5,Tue,3,52.52075537,13.37191726,afternoon,12,daylight,0,dry,0,5,2,0,1,0,1,0,0,3,slightly_injured
2018,6,Fri,6,52.53468382,13.50729985,afternoon,14,daylight,0,dry,0,0,1,0,0,0,1,0,0,2,seriously_injured
2018,6,Fri,6,52.52039779,13.45152046,afternoon,14,daylight,0,dry,0,5,2,1,0,0,0,0,1,3,slightly_injured
2018,5,Mon,2,52.56272585,13.36469564,afternoon,16,daylight,0,dry,0,6,4,0,1,1,0,0,0,3,slightly_injured
2018,6,Fri,6,52.60553219,13.42156755,afternoon,16,daylight,0,dry,0,2,6,0,1,0,0,0,0,3,slightly_injured
2018,5,Mon,2,52.3938084,13.40724193,afternoon,14,daylight,0,dry,0,2,7,1,1,0,0,0,0,3,slightly_injured
2018,6,Fri,6,52.51904279,13.43697232,morning,7,daylight,0,dry,0,5,3,1,1,0,0,0,0,3,slightly_injured
2018,5,Tue,3,52.56611558,13.20968438,afternoon,16,daylight,0,dry,0,5,2,0,1,0,1,0,0,2,seriously_injured
2018,6,Fri,6,52.46030042,13.48050877,night,5,daylight,0,dry,0,2,2,0,1,0,1,0,0,3,slightly_injured
2018,5,Mon,2,52.5342545,13.40535349,afternoon,13,daylight,0,dry,0,4,1,1,0,0,0,0,1,3,slightly_injured
2018,5,Thu,5,52.50516856,13.33776222,morning,10,daylight,0,dry,0,3,6,1,0,0,1,0,0,3,slightly_injured
2018,5,Tue,3,52.48113012,13.36622497,evening,19,daylight,0,dry,0,5,3,1,1,0,0,0,0,2,seriously_injured
2018,5,Thu,5,52.4400643,13.43614158,evening,23,dark,2,dry,0,3,6,0,1,0,0,0,0,3,slightly_injured
2018,5,Thu,5,52.53287963,13.40005149,evening,23,dark,2,dry,0,0,7,1,0,0,0,0,0,2,seriously_injured
2018,5,Tue,3,52.55725927,13.37312447,morning,7,daylight,0,dry,0,5,2,1,1,0,0,0,0,3,slightly_injured
2018,5,Thu,5,52.4816534,13.44009168,evening,21,dark,2,dry,0,5,2,0,1,0,0,0,0,3,slightly_injured
2018,5,Thu,5,52.54011318,13.17492652,evening,21,dusk,1,dry,0,0,7,0,1,0,0,0,0,3,slightly_injured
2018,5,Mon,2,52.60217025,13.32986522,afternoon,12,daylight,0,dry,0,2,6,0,1,0,0,0,1,3,slightly_injured
2018,5,Thu,5,52.53798325,13.34409395,evening,19,daylight,0,dry,0,5,3,1,1,0,0,0,0,3,slightly_injured
2018,5,Tue,3,52.53433239,13.49171676,afternoon,17,daylight,0,dry,0,5,7,1,1,0,0,0,0,3,slightly_injured
2018,5,Mon,2,52.50070584,13.421412,afternoon,12,daylight,0,dry,0,1,5,1,1,0,0,0,0,3,slightly_injured
2018,5,Thu,5,52.51808495,13.38038367,evening,19,daylight,0,dry,0,5,2,1,1,0,0,0,0,3,slightly_injured
2018,5,Tue,3,52.51351879,13.30495,morning,10,daylight,0,dry,0,6,7,0,0,1,0,1,0,3,slightly_injured
2018,5,Thu,5,52.49200631,13.50608265,evening,19,daylight,0,dry,0,5,3,1,1,0,0,0,0,3,slightly_injured
2018,5,Thu,5,52.54587294,13.49589922,evening,18,daylight,0,dry,0,5,5,1,1,0,0,0,0,3,slightly_injured
2018,5,Mon,2,52.41780187,13.49556954,morning,11,daylight,0,dry,0,6,4,0,1,1,0,0,0,3,slightly_injured
2018,5,Thu,5,52.49387616,13.5618793,afternoon,17,daylight,0,dry,0,5,2,1,0,0,0,0,1,3,slightly_injured
2018,5,Mon,2,52.59205756,13.34632257,morning,8,daylight,0,dry,0,0,5,0,0,0,0,0,1,3,slightly_injured
2018,5,Thu,5,52.4808542,13.43523396,evening,18,daylight,0,dry,0,3,6,0,0,0,1,1,0,3,slightly_injured
2018,5,Mon,2,52.59662889,13.35493111,morning,8,daylight,0,dry,0,6,4,0,1,1,0,0,0,3,slightly_injured
2018,5,Mon,2,52.53470656,13.33790262,afternoon,13,daylight,0,dry,0,5,7,0,1,0,1,0,0,2,seriously_injured
2018,5,Thu,5,52.50469564,13.3994827,evening,18,daylight,0,dry,0,5,3,0,1,0,0,0,0,3,slightly_injured
2018,5,Tue,3,52.49933032,13.43202733,evening,23,dark,2,dry,0,0,7,0,1,0,1,0,0,3,slightly_injured
2018,5,Mon,2,52.52552462,13.33802509,afternoon,14,daylight,0,dry,0,0,2,0,1,0,1,0,0,3,slightly_injured
2018,5,Thu,5,52.51507424,13.34935035,afternoon,17,daylight,0,dry,0,5,2,1,1,0,0,0,0,3,slightly_injured
2018,5,Tue,3,52.41964082,13.39002741,afternoon,14,daylight,0,dry,0,5,3,1,1,0,0,0,0,3,slightly_injured
2018,5,Thu,5,52.44281785,13.43035635,afternoon,17,daylight,0,dry,0,5,3,1,1,0,0,0,0,2,seriously_injured
2018,5,Mon,2,52.5238123,13.32953324,morning,11,daylight,0,dry,0,5,3,1,1,0,0,0,0,2,seriously_injured
2018,5,Thu,5,52.43560991,13.54088113,evening,22,dark,2,dry,0,2,6,0,1,0,0,0,0,3,slightly_injured
2018,5,Mon,2,52.42863614,13.32800573,morning,10,daylight,0,dry,0,5,7,0,1,0,0,0,1,2,seriously_injured
2018,5,Mon,2,52.57555993,13.28513212,afternoon,14,daylight,0,dry,0,2,6,0,1,0,0,0,0,3,slightly_injured
2018,5,Thu,5,52.41466171,13.43048584,afternoon,17,daylight,0,dry,0,1,5,1,1,0,0,0,0,3,slightly_injured
2018,5,Tue,3,52.51523579,13.3511885,afternoon,17,daylight,0,dry,0,6,4,0,1,1,0,0,0,3,slightly_injured
2018,5,Mon,2,52.46562768,13.28854244,afternoon,16,daylight,0,dry,0,2,6,0,1,0,0,0,0,3,slightly_injured
2018,5,Thu,5,52.51348516,13.52431048,afternoon,16,daylight,0,dry,0,2,6,0,1,0,0,0,1,3,slightly_injured
2018,5,Tue,3,52.45164814,13.40714379,morning,9,daylight,0,dry,0,0,7,1,0,0,0,0,1,3,slightly_injured
2018,5,Mon,2,52.45636669,13.56261328,afternoon,16,daylight,0,dry,0,5,2,1,0,0,0,0,1,3,slightly_injured
2018,5,Thu,5,52.52872634,13.44924735,afternoon,16,daylight,0,dry,0,5,3,0,1,0,0,0,0,3,slightly_injured
2018,5,Tue,3,52.48527598,13.28405077,afternoon,12,daylight,0,dry,0,5,2,1,1,0,0,0,0,3,slightly_injured
2018,5,Thu,5,52.47923519,13.60114907,afternoon,16,daylight,0,dry,0,5,3,1,1,0,0,0,0,3,slightly_injured
2018,5,Thu,5,52.52363178,13.4237679,evening,20,daylight,0,dry,0,0,7,1,0,0,0,0,0,2,seriously_injured
2018,5,Mon,2,52.45365432,13.43817945,afternoon,16,daylight,0,dry,0,3,6,0,1,0,1,0,0,3,slightly_injured
2018,5,Mon,2,52.53576678,13.60132947,afternoon,16,daylight,0,dry,0,5,2,0,1,0,0,0,0,3,slightly_injured
2018,5,Thu,5,52.4498102,13.3161042,afternoon,15,daylight,0,dry,0,6,2,0,1,1,0,0,0,3,slightly_injured
2018,5,Tue,3,52.48510503,13.44475438,afternoon,15,daylight,0,dry,0,5,3,0,1,0,0,0,0,3,slightly_injured
2018,5,Thu,5,52.50637892,13.31098493,afternoon,15,daylight,0,dry,0,1,5,1,1,0,0,0,0,3,slightly_injured
2018,5,Thu,5,52.46318209,13.43421638,afternoon,15,daylight,0,dry,0,5,3,0,1,0,0,0,0,3,slightly_injured
2018,5,Tue,3,52.51579264,13.48510611,morning,7,daylight,0,dry,0,0,2,1,1,0,0,0,0,3,slightly_injured
2018,5,Thu,5,52.43973517,13.22667404,afternoon,15,daylight,0,dry,0,5,3,1,1,0,0,0,0,3,slightly_injured
2018,5,Thu,5,52.43610376,13.43518397,afternoon,17,daylight,0,dry,0,5,3,1,1,0,0,0,0,2,seriously_injured
2018,5,Tue,3,52.52601084,13.45896122,afternoon,12,daylight,0,dry,0,2,2,0,1,0,0,0,0,3,slightly_injured
2018,5,Thu,5,52.43640993,13.54398499,afternoon,12,daylight,0,dry,0,0,6,0,1,0,1,0,0,3,slightly_injured
2018,5,Thu,5,52.44668278,13.61688491,afternoon,13,daylight,0,dry,0,4,2,1,1,0,0,0,0,3,slightly_injured
2018,5,Mon,2,52.51051764,13.41832508,afternoon,15,daylight,0,dry,0,5,2,1,1,0,0,0,0,3,slightly_injured
2018,5,Thu,5,52.47627231,13.34100279,afternoon,14,daylight,0,dry,0,5,3,0,1,0,1,0,0,2,seriously_injured
2018,5,Mon,2,52.43379407,13.54354021,afternoon,14,daylight,0,dry,0,5,3,1,1,0,0,0,0,3,slightly_injured
2018,5,Thu,5,52.56280102,13.41269839,afternoon,12,daylight,0,dry,0,5,2,1,0,0,0,0,1,3,slightly_injured
2018,5,Tue,3,52.41796765,13.30478786,evening,18,daylight,0,dry,0,3,6,0,1,0,1,0,0,2,seriously_injured
2018,5,Thu,5,52.4568596,13.28665785,afternoon,15,daylight,0,dry,0,1,5,1,1,0,0,0,0,2,seriously_injured
2018,5,Thu,5,52.51520066,13.38911656,afternoon,12,daylight,0,dry,0,2,6,0,1,0,0,0,0,3,slightly_injured
2018,5,Tue,3,52.53918541,13.45261103,afternoon,13,daylight,0,dry,0,5,2,1,1,0,0,0,0,3,slightly_injured
2018,5,Thu,5,52.60784016,13.30367541,morning,8,daylight,0,dry,0,0,5,0,1,0,0,1,0,3,slightly_injured
2018,5,Mon,2,52.53081178,13.4021404,morning,8,daylight,0,dry,0,0,1,1,0,0,0,0,0,3,slightly_injured
2018,5,Thu,5,52.51003963,13.4004288,afternoon,12,daylight,0,dry,0,3,2,1,0,0,0,0,0,3,slightly_injured
2018,5,Tue,3,52.43990698,13.30006982,evening,18,daylight,0,dry,0,0,3,0,1,0,1,0,0,3,slightly_injured
2018,5,Mon,2,52.61384459,13.48433524,morning,6,daylight,0,dry,0,5,3,1,1,0,0,0,0,3,slightly_injured
2018,5,Thu,5,52.45739192,13.44914088,afternoon,13,daylight,0,dry,0,2,6,1,1,0,0,0,0,2,seriously_injured
2018,5,Thu,5,52.53647812,13.26654423,afternoon,13,daylight,0,dry,0,5,3,1,1,0,0,0,0,3,slightly_injured
2018,5,Mon,2,52.55659889,13.37710921,morning,7,daylight,0,dry,0,5,2,1,1,0,0,0,0,3,slightly_injured
2018,5,Thu,5,52.52358815,13.24937875,afternoon,14,daylight,0,dry,0,3,6,0,1,0,1,0,0,3,slightly_injured
2018,5,Mon,2,52.5534687,13.15359894,morning,7,daylight,0,dry,0,5,2,1,1,0,0,0,0,2,seriously_injured
2018,5,Thu,5,52.54873368,13.24788372,afternoon,14,daylight,0,dry,0,5,3,0,1,0,0,0,0,3,slightly_injured
2018,5,Tue,3,52.48776747,13.33312533,morning,8,daylight,0,dry,0,5,3,1,1,0,0,0,0,3,slightly_injured
2018,5,Thu,5,52.52100697,13.19388237,morning,8,daylight,0,dry,0,2,2,0,1,0,0,0,0,3,slightly_injured
2018,5,Thu,5,52.4391472,13.69302425,afternoon,14,daylight,0,dry,0,5,3,0,1,0,1,0,0,3,slightly_injured
2018,5,Mon,2,52.48786689,13.32455003,afternoon,15,daylight,0,dry,0,1,5,1,1,0,0,0,0,3,slightly_injured
2018,5,Thu,5,52.46175835,13.51707087,morning,8,daylight,0,dry,0,0,2,1,1,0,0,0,0,3,slightly_injured
2018,5,Mon,2,52.46901885,13.33277831,morning,8,daylight,0,dry,0,5,2,1,1,0,0,0,0,3,slightly_injured
2018,5,Mon,2,52.44557272,13.32982212,morning,8,daylight,0,dry,0,2,6,0,1,0,1,0,0,3,slightly_injured
2018,5,Thu,5,52.43525982,13.57147915,morning,7,daylight,0,dry,0,0,2,1,1,0,0,0,0,3,slightly_injured
2018,5,Tue,3,52.52716511,13.59347782,evening,20,daylight,0,dry,0,5,3,1,1,0,0,0,0,2,seriously_injured
2018,5,Mon,2,52.46095613,13.31846533,morning,7,daylight,0,wet,1,0,1,0,0,0,1,0,0,3,slightly_injured
2018,5,Thu,5,52.55352355,13.41843754,morning,7,daylight,0,dry,0,2,3,1,1,0,0,0,0,3,slightly_injured
2018,5,Tue,3,52.52671219,13.47759256,afternoon,14,daylight,0,dry,0,5,3,1,1,0,0,0,0,3,slightly_injured
2018,5,Thu,5,52.45167681,13.53507253,morning,7,daylight,0,dry,0,5,3,0,1,0,1,0,0,3,slightly_injured
2018,5,Thu,5,52.53905114,13.34490087,morning,7,daylight,0,dry,0,6,4,0,1,1,0,0,0,3,slightly_injured
2018,5,Mon,2,52.51079758,13.29730676,morning,8,daylight,0,dry,0,5,2,1,1,0,0,0,0,3,slightly_injured
2018,5,Tue,3,52.54951361,13.24822811,afternoon,15,daylight,0,dry,0,0,7,1,0,0,0,0,0,3,slightly_injured
2018,5,Thu,5,52.45677183,13.41106191,morning,7,daylight,0,dry,0,5,3,1,0,0,0,0,1,3,slightly_injured
2018,5,Mon,2,52.50280726,13.44665954,morning,6,daylight,0,dry,0,5,3,1,1,0,0,0,0,2,seriously_injured
2018,5,Thu,5,52.5938365,13.28085203,afternoon,14,daylight,0,dry,0,5,3,0,1,0,0,0,0,3,slightly_injured
2018,5,Mon,2,52.47844507,13.30932997,night,5,daylight,0,dry,0,5,2,1,1,0,0,0,0,3,slightly_injured
2018,5,Mon,2,52.50967776,13.35467734,morning,8,daylight,0,dry,0,3,6,1,1,0,0,0,0,3,slightly_injured
2018,5,Thu,5,52.48171474,13.44016964,night,2,dark,2,dry,0,5,2,1,1,0,0,0,0,3,slightly_injured
2018,5,Tue,3,52.46854609,13.4495944,afternoon,16,daylight,0,dry,0,0,1,0,1,0,0,0,0,3,slightly_injured
2018,5,Mon,2,52.55727766,13.37323416,afternoon,12,daylight,0,dry,0,5,3,0,1,0,1,0,0,1,killed
2018,5,Thu,5,52.48841418,13.42682905,night,1,dark,2,dry,0,5,3,1,1,0,0,0,0,3,slightly_injured
2018,5,Tue,3,52.59060756,13.44500284,afternoon,13,daylight,0,dry,0,5,2,0,1,0,1,0,0,3,slightly_injured
2018,5,Thu,5,52.52810294,13.64080084,afternoon,14,daylight,0,dry,0,5,3,0,1,0,1,0,0,2,seriously_injured
2018,5,Thu,5,52.53418814,13.49927932,afternoon,15,daylight,0,dry,0,2,6,0,1,0,0,0,1,3,slightly_injured
2018,5,Sun,1,52.40149156,13.52146307,morning,7,daylight,0,dry,0,1,5,1,0,0,0,1,0,3,slightly_injured
2018,5,Thu,5,52.54050895,13.20417102,morning,11,daylight,0,dry,0,5,2,0,1,0,1,0,0,3,slightly_injured
2018,5,Sun,1,52.49702841,13.29148784,morning,9,daylight,0,dry,0,1,5,1,1,0,0,0,0,3,slightly_injured
2018,5,Thu,5,52.5289693,13.4020268,morning,11,daylight,0,dry,0,5,2,1,1,0,0,0,0,3,slightly_injured
2018,5,Tue,3,52.54794407,13.37331532,afternoon,17,daylight,0,dry,0,2,7,0,1,0,1,0,0,3,slightly_injured
2018,5,Sun,1,52.51501571,13.33809028,afternoon,13,daylight,0,dry,0,5,2,1,1,0,0,0,0,3,slightly_injured
2018,5,Thu,5,52.56668019,13.46418483,morning,10,daylight,0,dry,0,5,2,1,1,0,0,0,0,3,slightly_injured
2018,5,Tue,3,52.48118266,13.29588101,evening,18,daylight,0,dry,0,5,2,1,1,0,0,0,0,3,slightly_injured
2018,5,Thu,5,52.49305946,13.38759142,morning,10,daylight,0,dry,0,0,2,1,0,0,0,1,0,3,slightly_injured
2018,5,Thu,5,52.48618998,13.43023312,morning,9,daylight,0,dry,0,5,2,1,1,0,0,0,0,3,slightly_injured
2018,5,Tue,3,52.41427827,13.35069904,afternoon,12,daylight,0,dry,0,5,7,0,1,0,1,0,0,2,seriously_injured
2018,5,Thu,5,52.54874794,13.17806891,morning,8,daylight,0,dry,0,5,2,0,1,0,0,0,0,3,slightly_injured
2018,5,Thu,5,52.49890037,13.3570555,morning,8,daylight,0,dry,0,5,2,1,1,0,0,0,0,3,slightly_injured
2018,5,Sun,1,52.59562853,13.4261507,afternoon,15,daylight,0,wet,1,1,1,0,1,0,1,0,0,3,slightly_injured
2018,5,Thu,5,52.49932528,13.43199741,morning,8,daylight,0,dry,0,5,2,1,1,0,0,0,0,3,slightly_injured
2018,5,Sun,1,52.50109751,13.34630027,afternoon,15,daylight,0,dry,0,5,3,0,1,0,0,0,0,3,slightly_injured
2018,5,Thu,5,52.42803747,13.58663487,morning,8,daylight,0,dry,0,5,3,1,1,0,0,0,0,2,seriously_injured
2018,5,Tue,3,52.54621798,13.45555946,afternoon,17,daylight,0,dry,0,0,7,1,0,0,0,0,0,3,slightly_injured
2018,5,Thu,5,52.49770066,13.39196414,morning,11,daylight,0,dry,0,0,1,1,0,0,0,0,0,3,slightly_injured
2018,5,Wed,4,52.50351288,13.41114846,afternoon,15,daylight,0,dry,0,5,3,1,1,0,0,0,0,3,slightly_injured
2018,5,Tue,3,52.45757479,13.58075052,night,2,dark,2,dry,0,0,7,0,1,0,0,0,1,3,slightly_injured
2018,5,Wed,4,52.51372297,13.31950831,morning,11,daylight,0,dry,0,5,2,1,1,0,0,0,0,3,slightly_injured