ujahr,umonat,weekday,uwochentag,long,lat,time_of_day,ustunde,light_condition,ulichtverh,street_condition,ustrzustand,uart,utyp1,ist_rad,ist_pkw,ist_fuss,ist_krad,ist_gkfz,ist_sonstige,ukategorie,accident_outcome
2018,5,Sun,1,52.58777867,13.28550425,afternoon,16,daylight,0,wet,1,5,7,0,1,0,0,0,0,3,slightly_injured
2018,5,Wed,4,52.52454215,13.40791973,morning,10,daylight,0,dry,0,2,7,1,1,0,0,0,0,3,slightly_injured
2018,5,Wed,4,52.47389795,13.45579138,evening,18,daylight,0,dry,0,6,2,0,1,1,0,0,0,3,slightly_injured
2018,5,Tue,3,52.46881179,13.50014574,morning,7,daylight,0,dry,0,2,6,0,1,0,0,0,1,3,slightly_injured
2018,5,Wed,4,52.5258698,13.5402863,morning,8,daylight,0,dry,0,5,2,0,0,0,0,0,1,3,slightly_injured
2018,5,Wed,4,52.51044779,13.43032624,evening,19,daylight,0,dry,0,5,2,1,0,0,1,0,0,3,slightly_injured
2018,5,Sun,1,52.50483669,13.39471718,afternoon,16,daylight,0,dry,0,6,4,1,0,1,0,0,0,3,slightly_injured
2018,5,Wed,4,52.51888872,13.380295,evening,19,daylight,0,dry,0,5,2,1,1,0,0,0,0,3,slightly_injured
2018,5,Wed,4,52.48294145,13.37719198,afternoon,14,daylight,0,wet,1,2,6,0,0,0,1,0,1,3,slightly_injured
2018,5,Sun,1,52.43435782,13.39007594,night,0,dark,2,dry,0,5,3,0,1,0,0,0,0,3,slightly_injured
2018,5,Wed,4,52.51624832,13.31055448,afternoon,17,daylight,0,dry,0,5,2,1,1,0,0,0,0,2,seriously_injured
2018,5,Tue,3,52.42926626,13.25997445,morning,9,daylight,0,dry,0,6,2,0,1,1,0,0,0,2,seriously_injured
2018,5,Wed,4,52.46497713,13.32861092,afternoon,17,daylight,0,dry,0,0,4,1,0,1,0,0,0,3,slightly_injured
2018,5,Wed,4,52.52329413,13.35945466,afternoon,17,daylight,0,dry,0,5,2,1,1,0,0,0,0,3,slightly_injured
2018,5,Mon,2,52.55377022,13.15368814,morning,7,daylight,0,dry,0,3,6,0,1,0,1,0,0,2,seriously_injured
2018,5,Wed,4,52.42186569,13.43170765,afternoon,17,daylight,0,dry,0,6,4,0,1,1,0,0,0,2,seriously_injured
2018,5,Sun,1,52.52383899,13.39734056,evening,18,daylight,0,dry,0,1,1,1,1,0,0,0,0,3,slightly_injured
2018,5,Sun,1,52.45910391,13.34772974,evening,19,daylight,0,dry,0,5,3,0,1,0,1,0,0,3,slightly_injured
2018,5,Wed,4,52.52662065,13.45881976,afternoon,17,daylight,0,dry,0,5,2,1,1,0,0,0,0,2,seriously_injured
2018,5,Tue,3,52.49923509,13.33558027,evening,20,daylight,0,dry,0,5,3,1,1,0,0,0,0,3,slightly_injured
2018,5,Sun,1,52.48055436,13.42513579,evening,19,daylight,0,dry,0,6,4,0,1,1,0,0,0,3,slightly_injured
2018,5,Wed,4,52.51550064,13.27416387,afternoon,16,daylight,0,dry,0,5,3,0,1,0,0,0,0,3,slightly_injured
2018,5,Tue,3,52.48220085,13.43378337,evening,18,daylight,0,dry,0,6,7,1,0,1,0,0,0,3,slightly_injured
2018,5,Sun,1,52.47682001,13.45024551,evening,20,daylight,0,dry,0,5,3,1,1,0,0,0,0,3,slightly_injured
2018,5,Wed,4,52.5120246,13.49259751,afternoon,16,daylight,0,dry,0,5,2,1,0,0,0,0,1,3,slightly_injured
2018,5,Tue,3,52.54771495,13.38860706,morning,10,daylight,0,dry,0,5,3,1,0,0,0,0,1,2,seriously_injured
2018,5,Wed,4,52.50458619,13.36725525,afternoon,16,daylight,0,dry,0,5,2,0,1,0,0,0,0,3,slightly_injured
2018,5,Sun,1,52.5448209,13.33329791,afternoon,14,daylight,0,dry,0,1,5,1,1,0,0,0,1,3,slightly_injured
2018,5,Wed,4,52.46427012,13.44359035,afternoon,16,daylight,0,dry,0,5,3,0,1,0,0,0,1,3,slightly_injured
2018,5,Sun,1,52.55503306,13.36118593,evening,18,daylight,0,dry,0,5,3,1,1,0,0,0,0,2,seriously_injured
2018,5,Sun,1,52.61483786,13.48498681,morning,10,daylight,0,dry,0,8,1,0,1,0,0,0,0,3,slightly_injured
2018,5,Wed,4,52.49844953,13.38517611,afternoon,16,daylight,0,dry,0,3,6,1,1,0,0,0,0,3,slightly_injured
2018,5,Tue,3,52.48983879,13.38221747,evening,18,daylight,0,dry,0,5,5,1,1,0,0,0,0,3,slightly_injured
2018,5,Wed,4,52.50358181,13.33131396,afternoon,15,daylight,0,dry,0,6,4,0,0,1,0,0,1,3,slightly_injured
2018,5,Tue,3,52.518867,13.16847765,morning,6,daylight,0,dry,0,3,6,0,1,0,1,0,0,3,slightly_injured
2018,5,Wed,4,52.47074775,13.51225479,afternoon,15,daylight,0,dry,0,5,2,0,1,0,0,1,0,3,slightly_injured
2018,5,Sun,1,52.5418052,13.43762158,morning,11,daylight,0,dry,0,0,1,1,0,0,0,0,0,3,slightly_injured
2018,5,Wed,4,52.52128547,13.35273679,morning,8,daylight,0,dry,0,5,3,1,1,0,0,0,0,3,slightly_injured
2018,5,Tue,3,52.43141712,13.30959382,afternoon,12,daylight,0,dry,0,5,2,1,1,0,0,0,0,2,seriously_injured
2018,5,Wed,4,52.52577196,13.51975496,morning,8,daylight,0,dry,0,2,2,1,1,0,0,0,0,3,slightly_injured
2018,5,Wed,4,52.53667437,13.48474353,morning,8,daylight,0,dry,0,1,5,1,1,0,0,0,0,3,slightly_injured
2018,5,Sun,1,52.50502539,13.35146979,afternoon,15,daylight,0,dry,0,2,6,0,1,0,0,0,0,3,slightly_injured
2018,5,Sun,1,52.53536333,13.51758982,afternoon,15,daylight,0,wet,1,5,3,0,1,0,0,0,0,3,slightly_injured
2018,5,Wed,4,52.42840335,13.52235236,morning,8,daylight,0,dry,0,5,2,0,1,0,0,0,0,3,slightly_injured
2018,5,Tue,3,52.55549566,13.39092673,afternoon,15,daylight,0,dry,0,2,6,0,1,0,0,0,0,3,slightly_injured
2018,5,Wed,4,52.49532231,13.52473647,morning,8,daylight,0,dry,0,5,2,1,1,0,0,0,0,3,slightly_injured
2018,5,Wed,4,52.53065325,13.41080293,morning,8,daylight,0,dry,0,5,3,1,1,0,0,0,0,3,slightly_injured
2018,5,Tue,3,52.51689153,13.29678265,morning,9,daylight,0,dry,0,0,1,1,0,0,0,0,0,3,slightly_injured
2018,5,Wed,4,52.48748948,13.51919386,morning,7,daylight,0,dry,0,6,4,0,1,1,0,0,0,3,slightly_injured
2018,5,Wed,4,52.50690736,13.27851139,morning,6,daylight,0,dry,0,2,6,0,1,0,0,0,0,3,slightly_injured
2018,5,Sun,1,52.60035166,13.28140822,afternoon,16,daylight,0,dry,0,9,1,1,0,0,0,0,0,2,seriously_injured
2018,5,Wed,4,52.53374481,13.38810785,morning,6,daylight,0,dry,0,5,2,1,1,0,0,0,0,3,slightly_injured
2018,5,Wed,4,52.50948434,13.40001981,evening,19,daylight,0,dry,0,5,3,1,0,0,0,0,0,2,seriously_injured
2018,5,Sat,7,52.56989415,13.50400793,afternoon,13,daylight,0,dry,0,2,6,1,0,0,0,0,1,2,seriously_injured
2018,5,Wed,4,52.51042312,13.43039104,night,5,daylight,0,dry,0,5,3,0,1,0,0,0,1,3,slightly_injured
2018,5,Sat,7,52.56191885,13.36028541,night,0,dark,2,dry,0,1,5,0,1,0,0,0,0,3,slightly_injured
2018,5,Wed,4,52.57073111,13.47141332,night,4,dusk,1,dry,0,7,7,0,0,0,1,0,0,3,slightly_injured
2018,5,Tue,3,52.54786618,13.42848932,evening,18,daylight,0,dry,0,3,6,1,0,0,0,1,0,2,seriously_injured
2018,5,Wed,4,52.50274089,13.4464974,night,0,dusk,1,dry,0,0,1,1,0,0,0,0,0,2,seriously_injured
2018,5,Wed,4,52.50861387,13.37703403,evening,19,daylight,0,dry,0,5,2,1,0,0,0,0,1,3,slightly_injured
2018,5,Tue,3,52.53802717,13.32624225,morning,7,daylight,0,dry,0,5,2,0,1,0,0,0,0,2,seriously_injured
2018,5,Wed,4,52.55713697,13.36578581,evening,23,dark,2,dry,0,2,6,0,1,0,0,0,0,3,slightly_injured
2018,5,Wed,4,52.50928322,13.51917064,evening,22,dark,2,dry,0,5,3,1,0,0,1,0,0,3,slightly_injured
2018,5,Sat,7,52.48503376,13.4488269,evening,21,dusk,1,dry,0,5,3,0,1,0,0,0,0,3,slightly_injured
2018,5,Wed,4,52.46804003,13.44500966,evening,20,dusk,1,dry,0,1,5,1,1,0,0,0,0,3,slightly_injured
2018,5,Tue,3,52.4205614,13.49306131,evening,19,daylight,0,dry,0,5,7,0,0,0,1,0,1,3,slightly_injured
2018,5,Sat,7,52.47422968,13.4493847,evening,20,daylight,0,dry,0,2,6,0,1,0,0,0,0,3,slightly_injured
2018,5,Wed,4,52.42852949,13.21846891,evening,20,daylight,0,dry,0,6,4,0,1,1,0,0,0,3,slightly_injured
2018,5,Tue,3,52.52401983,13.40271338,afternoon,15,daylight,0,dry,0,6,4,0,1,1,0,0,0,3,slightly_injured
2018,5,Wed,4,52.53046132,13.33617869,evening,20,daylight,0,dry,0,2,3,0,1,0,1,0,0,3,slightly_injured
2018,5,Sat,7,52.4937819,13.38343575,evening,20,daylight,0,dry,0,5,3,1,1,0,0,0,0,2,seriously_injured
2018,5,Wed,4,52.5300381,13.36245535,night,0,dark,2,dry,0,0,6,1,1,0,0,0,0,3,slightly_injured
2018,5,Tue,3,52.45454359,13.62516303,morning,8,daylight,0,dry,0,1,5,1,0,0,0,1,0,3,slightly_injured
2018,5,Wed,4,52.44537898,13.6774076,afternoon,14,daylight,0,dry,0,4,1,0,1,0,1,0,0,3,slightly_injured
2018,5,Wed,4,52.54404784,13.37765638,afternoon,13,daylight,0,dry,0,5,2,0,1,0,1,0,0,3,slightly_injured
2018,5,Mon,2,52.53682377,13.26518738,morning,11,daylight,0,dry,0,2,6,0,1,0,0,0,0,3,slightly_injured
2018,5,Wed,4,52.48932815,13.29398401,afternoon,13,daylight,0,dry,0,1,5,1,1,0,0,0,0,3,slightly_injured
2018,5,Sat,7,52.38869773,13.39848063,evening,19,daylight,0,dry,0,1,5,1,1,0,0,0,0,2,seriously_injured
2018,5,Sat,7,52.47541983,13.33283205,evening,19,daylight,0,dry,0,5,3,1,1,0,0,0,0,3,slightly_injured
2018,5,Wed,4,52.46709086,13.32801836,afternoon,12,daylight,0,dry,0,0,3,1,0,0,0,0,1,3,slightly_injured
2018,5,Tue,3,52.46306071,13.51388324,evening,21,dusk,1,dry,0,6,7,0,1,1,0,0,0,3,slightly_injured
2018,5,Sat,7,52.50486601,13.47159418,evening,18,daylight,0,dry,0,3,6,1,1,0,0,0,0,3,slightly_injured
2018,5,Wed,4,52.5034958,13.2792442,morning,11,daylight,0,dry,0,5,7,0,0,0,0,1,1,3,slightly_injured
2018,5,Tue,3,52.50755162,13.4277494,afternoon,14,daylight,0,dry,0,5,2,0,1,0,0,0,0,3,slightly_injured
2018,5,Wed,4,52.48643655,13.3226766,morning,11,daylight,0,dry,0,5,2,1,1,0,0,0,0,3,slightly_injured
2018,5,Wed,4,52.44743614,13.57538357,morning,6,daylight,0,dry,0,0,2,1,1,0,0,0,0,3,slightly_injured
2018,5,Sat,7,52.61177296,13.43396802,morning,10,daylight,0,dry,0,5,3,0,1,0,1,0,0,3,slightly_injured
2018,5,Sat,7,52.53010675,13.22795505,afternoon,17,daylight,0,dry,0,1,5,0,1,0,1,0,0,2,seriously_injured
2018,5,Sat,7,52.48757315,13.41941245,morning,8,daylight,0,dry,0,0,7,0,1,0,1,0,0,3,slightly_injured
2018,5,Wed,4,52.42266579,13.45761357,morning,9,daylight,0,dry,0,6,2,0,1,1,0,0,0,3,slightly_injured
2018,5,Sat,7,52.53406425,13.18135753,afternoon,12,daylight,0,dry,0,2,6,0,1,0,0,0,0,3,slightly_injured
2018,5,Sat,7,52.53499741,13.25414557,afternoon,17,daylight,0,dry,0,1,7,0,1,0,0,1,0,3,slightly_injured
2018,5,Wed,4,52.51067794,13.4520878,morning,8,daylight,0,dry,0,3,2,1,1,0,0,0,0,3,slightly_injured
2018,5,Tue,3,52.41431981,13.35025395,evening,19,daylight,0,dry,0,5,2,0,1,0,0,0,0,3,slightly_injured
2018,5,Sat,7,52.51473792,13.29086721,night,5,dusk,1,dry,0,5,5,1,1,0,0,0,0,3,slightly_injured
2018,5,Wed,4,52.48263872,13.37732455,afternoon,14,daylight,0,wet,1,1,1,1,1,0,0,0,0,3,slightly_injured
2018,5,Tue,3,52.51767185,13.30056141,afternoon,12,daylight,0,dry,0,2,6,0,1,0,1,0,0,3,slightly_injured
2018,5,Wed,4,52.43401387,13.55307028,afternoon,14,daylight,0,wet,1,5,3,1,0,0,0,0,1,3,slightly_injured
2018,5,Wed,4,52.52310338,13.47962005,morning,11,daylight,0,dry,0,5,3,1,0,0,0,0,1,2,seriously_injured
2018,5,Sat,7,52.48712522,13.42713035,night,0,dark,2,dry,0,3,6,0,1,0,0,0,1,3,slightly_injured
2018,5,Sat,7,52.49883348,13.46806116,night,2,dark,2,dry,0,1,1,1,1,0,0,0,0,2,seriously_injured
2018,5,Wed,4,52.46176313,13.51704992,morning,11,daylight,0,dry,0,0,3,0,1,0,1,0,0,2,seriously_injured
2018,5,Tue,3,52.4455758,13.29384299,evening,19,daylight,0,dry,0,5,2,0,1,0,1,0,0,3,slightly_injured
2018,5,Wed,4,52.55509699,13.39191366,morning,9,daylight,0,dry,0,2,6,0,1,0,1,0,0,2,seriously_injured
2018,5,Wed,4,52.50441364,13.27946522,afternoon,14,daylight,0,dry,0,3,6,0,1,0,0,1,0,2,seriously_injured
2018,5,Tue,3,52.58154341,13.42878287,morning,8,daylight,0,dry,0,2,6,0,1,0,0,0,0,3,slightly_injured
2018,5,Wed,4,52.55973292,13.36983444,afternoon,14,daylight,0,wet,1,5,2,0,1,0,0,0,0,3,slightly_injured
2018,5,Tue,3,52.50674712,13.34604059,evening,18,daylight,0,dry,0,5,2,1,1,0,0,0,0,3,slightly_injured
2018,5,Wed,4,52.50961064,13.35142884,afternoon,12,daylight,0,dry,0,5,2,0,1,0,0,0,0,2,seriously_injured
2018,5,Tue,3,52.51660387,13.38071567,morning,11,daylight,0,dry,0,5,2,1,1,0,0,0,0,3,slightly_injured
2018,5,Wed,4,52.58658461,13.28975235,afternoon,12,daylight,0,dry,0,6,4,0,1,1,0,0,0,2,seriously_injured
2018,5,Wed,4,52.5260955,13.36781458,afternoon,14,daylight,0,dry,0,5,2,0,1,0,0,0,0,3,slightly_injured
2018,5,Sat,7,52.49620188,13.50954436,morning,10,daylight,0,dry,0,5,2,0,1,0,1,0,0,3,slightly_injured
2018,5,Wed,4,52.46806581,13.42745021,afternoon,15,daylight,0,wet,1,2,6,0,1,0,0,0,0,3,slightly_injured
2018,5,Sat,7,52.54155024,13.39354216,afternoon,17,daylight,0,dry,0,5,3,1,1,0,0,0,0,2,seriously_injured
2018,5,Wed,4,52.52697375,13.37104361,morning,9,daylight,0,dry,0,0,6,0,1,0,0,0,1,2,seriously_injured
2018,5,Tue,3,52.44466105,13.56865903,evening,19,daylight,0,dry,0,5,3,1,1,0,0,0,0,2,seriously_injured
2018,5,Wed,4,52.56524663,13.20914044,morning,9,daylight,0,dry,0,2,2,0,1,0,0,0,0,3,slightly_injured
2018,5,Tue,3,52.52687358,13.41542306,morning,8,daylight,0,dry,0,5,3,1,0,0,1,0,0,2,seriously_injured
2018,5,Wed,4,52.54294022,13.49025935,afternoon,12,daylight,0,dry,0,0,1,1,0,0,0,0,0,2,seriously_injured
2018,5,Sat,7,52.56596835,13.35193207,afternoon,12,daylight,0,dry,0,5,3,0,1,0,0,0,1,2,seriously_injured
2018,5,Sat,7,52.52424065,13.20446549,night,2,dark,2,dry,0,4,6,0,1,0,0,0,0,2,seriously_injured
2018,6,Thu,5,52.5068455,13.39241397,evening,18,daylight,0,dry,0,5,2,1,1,0,0,0,0,3,slightly_injured
2018,6,Thu,5,52.51582245,13.39088849,evening,20,daylight,0,dry,0,0,3,1,1,0,0,0,0,3,slightly_injured
2018,6,Tue,3,52.43362113,13.53286761,morning,11,daylight,0,dry,0,5,3,0,1,0,0,0,0,3,slightly_injured
2018,6,Thu,5,52.55396315,13.56642471,evening,20,dusk,1,dry,0,5,3,1,1,0,0,0,0,3,slightly_injured
2018,6,Tue,3,52.50668568,13.30626286,morning,11,daylight,0,dry,0,3,6,1,1,0,0,0,0,3,slightly_injured
2018,6,Tue,3,52.57207932,13.35604974,morning,11,daylight,0,dry,0,1,7,0,0,0,0,1,1,3,slightly_injured
2018,6,Thu,5,52.49156126,13.37676053,evening,21,dusk,1,dry,0,5,2,0,1,0,0,0,0,3,slightly_injured
2018,6,Tue,3,52.46125685,13.50244564,morning,10,daylight,0,dry,0,5,3,1,1,0,0,0,0,3,slightly_injured
2018,6,Thu,5,52.44565495,13.4799109,evening,18,daylight,0,dry,0,5,3,0,0,0,1,0,1,2,seriously_injured
2018,6,Tue,3,52.54239213,13.34904729,morning,10,daylight,0,dry,0,2,6,0,1,0,0,0,1,3,slightly_injured
2018,6,Thu,5,52.49145206,13.38278766,afternoon,15,daylight,0,dry,0,5,2,1,1,0,0,0,0,3,slightly_injured
2018,6,Tue,3,52.46447171,13.43732499,evening,21,dusk,1,dry,0,5,3,0,1,0,0,0,0,3,slightly_injured
2018,6,Tue,3,52.49292462,13.40144654,morning,8,daylight,0,dry,0,5,5,0,1,0,1,0,0,3,slightly_injured
2018,6,Thu,5,52.52237655,13.36716782,afternoon,16,daylight,0,dry,0,3,6,1,1,0,0,1,0,3,slightly_injured
2018,6,Tue,3,52.51005583,13.37659212,morning,8,daylight,0,dry,0,3,2,1,0,0,1,0,0,3,slightly_injured
2018,6,Tue,3,52.53529153,13.38528085,evening,21,dark,2,dry,0,2,7,0,1,0,1,0,0,2,seriously_injured
2018,6,Thu,5,52.49916435,13.41993745,afternoon,16,daylight,0,dry,0,2,1,1,1,0,1,0,0,3,slightly_injured
2018,6,Tue,3,52.53749227,13.37415236,morning,8,daylight,0,dry,0,3,6,1,1,0,0,0,0,3,slightly_injured
2018,6,Thu,5,52.53588595,13.52288145,afternoon,16,daylight,0,dry,0,5,2,1,1,0,0,0,0,3,slightly_injured
2018,6,Tue,3,52.520441,13.49941303,morning,8,daylight,0,dry,0,4,6,1,1,0,0,0,0,3,slightly_injured
2018,6,Tue,3,52.53661566,13.26493552,morning,8,daylight,0,dry,0,5,2,1,1,0,0,0,0,3,slightly_injured
2018,6,Thu,5,52.58626588,13.28699934,afternoon,15,daylight,0,dry,0,0,4,0,0,1,0,0,1,3,slightly_injured
2018,6,Tue,3,52.51013819,13.17071112,morning,7,daylight,0,dry,0,5,2,1,1,0,0,0,0,2,seriously_injured
2018,6,Thu,5,52.50550048,13.26465096,afternoon,15,daylight,0,dry,0,5,7,0,1,0,1,0,0,3,slightly_injured
2018,6,Tue,3,52.42783671,13.34336972,morning,7,daylight,0,dry,0,2,7,1,1,0,0,0,0,3,slightly_injured
2018,6,Thu,5,52.44165231,13.38104202,afternoon,15,daylight,0,dry,0,1,5,1,1,0,0,0,0,2,seriously_injured
2018,6,Tue,3,52.53233328,13.40627757,morning,7,daylight,0,dry,0,5,3,1,1,0,0,0,0,2,seriously_injured
2018,6,Tue,3,52.53720053,13.44938071,morning,7,daylight,0,dry,0,5,2,0,1,0,0,0,0,3,slightly_injured
2018,6,Thu,5,52.50798052,13.29855015,evening,23,dark,2,dry,0,5,3,0,1,0,1,0,0,3,slightly_injured
2018,6,Mon,2,52.43277411,13.53442876,afternoon,17,dusk,1,dry,0,1,5,1,1,0,0,0,1,3,slightly_injured
2018,6,Mon,2,52.49981196,13.46843379,morning,9,daylight,0,dry,0,2,3,1,1,0,0,0,0,3,slightly_injured
2018,6,Thu,5,52.47619765,13.34114956,afternoon,15,daylight,0,dry,0,0,2,0,0,0,1,0,1,3,slightly_injured
2018,6,Mon,2,52.53706847,13.3605383,evening,18,daylight,0,dry,0,3,6,0,1,0,1,0,0,3,slightly_injured
2018,6,Thu,5,52.4803023,13.3318982,afternoon,15,daylight,0,dry,0,5,2,1,1,0,0,0,0,3,slightly_injured
2018,6,Thu,5,52.39835801,13.38907992,afternoon,15,daylight,0,dry,0,5,2,1,1,0,0,0,0,3,slightly_injured
2018,6,Mon,2,52.50589801,13.37400703,afternoon,14,daylight,0,dry,0,6,4,0,1,1,0,0,0,3,slightly_injured
2018,6,Thu,5,52.49600176,13.51150334,afternoon,14,daylight,0,dry,0,1,5,1,0,0,0,0,1,3,slightly_injured
2018,6,Thu,5,52.45455189,13.31851587,afternoon,13,daylight,0,dry,0,2,6,0,1,0,0,0,0,3,slightly_injured
2018,6,Mon,2,52.46092251,13.48140936,morning,7,daylight,0,dry,0,6,2,0,1,1,0,0,0,3,slightly_injured
2018,6,Mon,2,52.59564858,13.33503143,evening,18,daylight,0,dry,0,6,4,0,1,1,0,0,0,3,slightly_injured
2018,6,Thu,5,52.50522544,13.5617412,afternoon,13,daylight,0,dry,0,5,2,0,1,0,1,0,0,3,slightly_injured
2018,6,Mon,2,52.52575143,13.31604107,evening,18,daylight,0,dry,0,5,2,0,1,0,0,0,0,3,slightly_injured
2018,6,Thu,5,52.41170575,13.30369288,morning,11,daylight,0,dry,0,2,6,0,1,0,0,0,0,3,slightly_injured
2018,6,Thu,5,52.54280562,13.45205432,morning,11,daylight,0,dry,0,2,6,0,1,0,0,0,0,3,slightly_injured
2018,6,Mon,2,52.55294435,13.46997176,evening,18,daylight,0,dry,0,1,5,1,1,0,0,0,0,3,slightly_injured
2018,6,Thu,5,52.53933203,13.58884263,morning,11,daylight,0,dry,0,5,2,0,1,0,0,0,0,3,slightly_injured
2018,6,Thu,5,52.55065019,13.3698148,morning,11,daylight,0,dry,0,5,3,0,1,0,0,0,0,3,slightly_injured
2018,6,Mon,2,52.47841213,13.43286338,evening,18,daylight,0,dry,0,2,6,0,0,0,1,0,1,3,slightly_injured
2018,6,Thu,5,52.41450735,13.53003968,evening,20,daylight,0,dry,0,0,1,0,0,0,1,0,0,3,slightly_injured
2018,6,Mon,2,52.5107382,13.3917884,evening,18,daylight,0,dry,0,1,5,1,1,0,0,0,0,3,slightly_injured
2018,6,Thu,5,52.53611632,13.38425966,evening,20,daylight,0,dry,0,0,1,0,0,0,1,0,0,2,seriously_injured
2018,6,Mon,2,52.4606195,13.52574226,evening,19,daylight,0,dry,0,6,4,0,1,1,0,0,0,3,slightly_injured
2018,6,Thu,5,52.50719406,13.32809332,evening,20,daylight,0,dry,0,0,7,1,0,0,0,0,0,3,slightly_injured
2018,6,Mon,2,52.48396962,13.31365682,evening,19,daylight,0,dry,0,6,4,0,1,1,0,0,0,3,slightly_injured
2018,6,Thu,5,52.49812633,13.35428112,morning,11,daylight,0,dry,0,0,1,1,0,0,0,0,0,3,slightly_injured
2018,6,Mon,2,52.49992691,13.312971,evening,20,daylight,0,dry,0,5,2,1,1,0,0,0,0,3,slightly_injured
2018,6,Thu,5,52.47019875,13.46434863,morning,10,daylight,0,dry,0,6,2,0,1,1,0,0,0,3,slightly_injured
2018,6,Thu,5,52.49859931,13.35769443,morning,9,daylight,0,dry,0,6,4,0,1,1,0,0,0,3,slightly_injured
2018,6,Mon,2,52.46661098,13.42120112,evening,20,daylight,0,dry,0,0,7,1,0,0,0,0,0,2,seriously_injured
2018,6,Thu,5,52.53430961,13.54324136,morning,9,daylight,0,dry,0,6,2,0,1,1,0,0,0,3,slightly_injured
2018,6,Thu,5,52.52816817,13.24121471,morning,9,daylight,0,dry,0,2,6,0,1,0,0,0,0,3,slightly_injured
2018,6,Mon,2,52.52610138,13.30022086,evening,20,daylight,0,dry,0,8,1,0,0,0,0,0,1,2,seriously_injured
2018,6,Thu,5,52.56306211,13.4522871,morning,9,daylight,0,dry,0,0,2,1,1,0,0,0,0,3,slightly_injured
2018,6,Mon,2,52.44626865,13.59366824,morning,7,daylight,0,dry,0,5,3,1,1,0,0,0,0,3,slightly_injured
2018,6,Mon,2,52.50187745,13.4403947,evening,23,dark,2,dry,0,1,5,1,1,0,0,0,0,3,slightly_injured
2018,6,Thu,5,52.47946594,13.53287896,morning,9,daylight,0,dry,0,5,3,0,1,0,1,0,0,3,slightly_injured
2018,6,Mon,2,52.47504914,13.30820337,evening,18,daylight,0,dry,0,5,7,1,1,0,0,0,0,3,slightly_injured
2018,6,Thu,5,52.51645365,13.32398721,morning,8,daylight,0,dry,0,2,6,0,1,0,0,0,0,3,slightly_injured
2018,6,Thu,5,52.62566818,13.29149064,morning,7,daylight,0,dry,0,5,3,0,1,0,0,0,0,3,slightly_injured
2018,6,Mon,2,52.53458806,13.29751559,afternoon,17,daylight,0,dry,0,5,3,0,1,0,0,1,0,3,slightly_injured
2018,6,Thu,5,52.57704538,13.41790349,morning,7,daylight,0,dry,0,6,4,0,1,1,0,0,0,3,slightly_injured
2018,6,Mon,2,52.52628512,13.34306061,afternoon,17,daylight,0,dry,0,5,3,1,0,0,0,0,1,2,seriously_injured
2018,6,Thu,5,52.51675904,13.29210151,morning,7,daylight,0,dry,0,5,3,1,1,0,0,0,0,3,slightly_injured
2018,6,Mon,2,52.57760565,13.35570368,afternoon,17,daylight,0,dry,0,5,2,1,0,0,0,0,1,3,slightly_injured
2018,6,Mon,2,52.43229641,13.53517589,afternoon,17,daylight,0,dry,0,5,2,0,0,0,1,0,0,3,slightly_injured
2018,6,Thu,5,52.5380951,13.21559841,morning,7,daylight,0,dry,0,5,7,0,1,0,0,0,0,2,seriously_injured
2018,6,Mon,2,52.53083403,13.31700074,afternoon,17,daylight,0,dry,0,1,5,0,1,0,1,0,0,3,slightly_injured
2018,6,Mon,2,52.51216331,13.20127985,afternoon,16,daylight,0,dry,0,2,6,0,1,0,0,0,0,3,slightly_injured
2018,6,Thu,5,52.61747622,13.48713978,morning,6,daylight,0,dry,0,5,2,1,1,0,0,0,0,3,slightly_injured
2018,6,Mon,2,52.50288723,13.38791668,afternoon,16,daylight,0,dry,0,5,3,0,1,0,0,0,0,3,slightly_injured
2018,6,Thu,5,52.50419643,13.38172188,evening,19,daylight,0,dry,0,0,6,1,0,0,0,0,1,3,slightly_injured
2018,6,Mon,2,52.39928719,13.54456381,afternoon,17,daylight,0,dry,0,5,2,1,1,0,0,0,0,3,slightly_injured
2018,6,Thu,5,52.49104952,13.34496323,night,2,dark,2,dry,0,3,6,0,1,0,0,0,0,3,slightly_injured
2018,6,Mon,2,52.51586391,13.48512381,afternoon,16,daylight,0,dry,0,5,2,0,1,0,0,0,0,3,slightly_injured
2018,6,Mon,2,52.51029727,13.45418788,afternoon,16,daylight,0,dry,0,1,5,1,1,0,0,0,0,3,slightly_injured
2018,6,Thu,5,52.49879611,13.38024848,night,0,dark,2,dry,0,5,3,0,1,0,0,0,0,3,slightly_injured
2018,6,Mon,2,52.49089759,13.35500444,afternoon,16,daylight,0,dry,0,5,2,1,0,0,0,0,0,2,seriously_injured
2018,6,Mon,2,52.56364327,13.32857114,afternoon,16,daylight,0,dry,0,2,7,0,1,0,1,0,0,3,slightly_injured
2018,6,Thu,5,52.53614794,13.12968299,evening,18,daylight,0,dry,0,6,4,0,1,1,0,0,0,2,seriously_injured