ujahr,umonat,weekday,uwochentag,long,lat,time_of_day,ustunde,light_condition,ulichtverh,street_condition,ustrzustand,uart,utyp1,ist_rad,ist_pkw,ist_fuss,ist_krad,ist_gkfz,ist_sonstige,ukategorie,accident_outcome
2018,6,Mon,2,52.50965289,13.49054891,afternoon,16,daylight,0,dry,0,5,7,0,1,0,1,0,0,3,slightly_injured
2018,6,Mon,2,52.52049827,13.32744477,afternoon,15,daylight,0,dry,0,2,2,1,1,0,0,0,0,3,slightly_injured
2018,6,Thu,5,52.50860089,13.34904354,morning,6,daylight,0,dry,0,5,3,1,0,0,0,0,1,3,slightly_injured
2018,6,Mon,2,52.57882186,13.29278652,afternoon,15,daylight,0,dry,0,5,3,0,1,0,0,0,0,3,slightly_injured
2018,6,Wed,4,52.54664004,13.34511016,morning,11,daylight,0,dry,0,5,2,1,1,0,0,0,0,3,slightly_injured
2018,6,Wed,4,52.49966958,13.46838075,evening,19,daylight,0,dry,0,5,7,1,0,0,0,0,0,3,slightly_injured
2018,6,Mon,2,52.52543221,13.41972125,afternoon,15,daylight,0,dry,0,2,2,1,1,0,0,0,0,2,seriously_injured
2018,6,Mon,2,52.53967132,13.14285371,afternoon,15,daylight,0,dry,0,5,3,0,1,0,0,0,0,3,slightly_injured
2018,6,Wed,4,52.56209194,13.35412249,morning,9,daylight,0,dry,0,5,2,1,1,0,0,0,0,3,slightly_injured
2018,6,Mon,2,52.48275649,13.38078345,afternoon,15,daylight,0,dry,0,1,5,1,1,0,0,0,0,3,slightly_injured
2018,6,Wed,4,52.50101329,13.4533224,morning,9,daylight,0,dry,0,5,2,1,1,0,0,0,0,3,slightly_injured
2018,6,Wed,4,52.52081,13.37359996,morning,8,daylight,0,dry,0,0,2,1,1,0,0,0,0,3,slightly_injured
2018,6,Mon,2,52.53911814,13.3450244,afternoon,15,daylight,0,dry,0,5,2,0,1,0,1,0,0,2,seriously_injured
2018,6,Wed,4,52.42571448,13.54526281,night,5,daylight,0,dry,0,5,2,1,1,0,0,0,0,3,slightly_injured
2018,6,Wed,4,52.55056323,13.41476784,morning,8,daylight,0,dry,0,1,5,1,0,0,0,0,1,3,slightly_injured
2018,6,Mon,2,52.47686423,13.32861559,afternoon,15,daylight,0,dry,0,1,5,0,1,0,0,0,0,3,slightly_injured
2018,6,Wed,4,52.51577009,13.38903046,morning,8,daylight,0,dry,0,1,5,1,1,0,0,0,1,3,slightly_injured
2018,6,Wed,4,52.47137982,13.46693472,morning,8,daylight,0,dry,0,5,2,1,1,0,0,0,0,3,slightly_injured
2018,6,Mon,2,52.46663015,13.30990216,afternoon,14,daylight,0,dry,0,5,3,1,1,0,0,0,0,3,slightly_injured
2018,6,Wed,4,52.49800363,13.44760399,morning,8,daylight,0,dry,0,5,7,1,1,0,0,0,0,3,slightly_injured
2018,6,Mon,2,52.49207539,13.52701016,afternoon,14,daylight,0,dry,0,5,2,0,1,0,0,0,1,3,slightly_injured
2018,6,Wed,4,52.4922791,13.33900765,morning,8,daylight,0,dry,0,5,2,1,1,0,0,0,0,3,slightly_injured
2018,6,Mon,2,52.5529526,13.33757742,afternoon,13,daylight,0,dry,0,0,7,1,1,0,0,0,0,3,slightly_injured
2018,6,Wed,4,52.52595004,13.540309,morning,9,daylight,0,dry,0,2,2,1,1,0,0,0,0,3,slightly_injured
2018,6,Wed,4,52.54883516,13.1782157,evening,19,daylight,0,dry,0,5,2,1,1,0,0,0,0,3,slightly_injured
2018,6,Mon,2,52.419564,13.17594597,afternoon,13,daylight,0,dry,0,5,3,1,0,0,0,0,1,3,slightly_injured
2018,6,Wed,4,52.56386819,13.51767571,evening,19,daylight,0,dry,0,5,2,0,1,0,1,0,0,3,slightly_injured
2018,6,Mon,2,52.46185067,13.48253665,afternoon,12,daylight,0,dry,0,5,7,0,1,0,1,0,0,2,seriously_injured
2018,6,Wed,4,52.45807115,13.33923169,evening,19,daylight,0,dry,0,0,1,0,0,0,1,0,0,3,slightly_injured
2018,6,Mon,2,52.43568138,13.34446761,morning,11,daylight,0,dry,0,0,3,1,0,0,1,0,0,3,slightly_injured
2018,6,Mon,2,52.50823257,13.39902627,morning,11,daylight,0,dry,0,5,2,1,1,0,0,0,0,3,slightly_injured
2018,6,Wed,4,52.56760584,13.36408569,evening,19,daylight,0,dry,0,5,3,1,0,0,0,0,1,3,slightly_injured
2018,6,Wed,4,52.45659008,13.39981882,evening,19,daylight,0,dry,0,1,5,1,1,0,0,0,0,3,slightly_injured
2018,6,Mon,2,52.52949927,13.19568574,morning,11,daylight,0,dry,0,5,2,1,1,0,0,0,0,3,slightly_injured
2018,6,Wed,4,52.56517756,13.44473935,evening,20,daylight,0,dry,0,2,6,0,1,0,0,0,0,2,seriously_injured
2018,6,Mon,2,52.55659994,13.37709382,morning,10,daylight,0,dry,0,5,3,1,1,0,0,0,0,2,seriously_injured
2018,6,Wed,4,52.56385479,13.46096348,evening,20,dusk,1,dry,0,5,3,1,1,0,0,0,0,3,slightly_injured
2018,6,Mon,2,52.49786732,13.43055594,morning,10,daylight,0,dry,0,0,7,0,1,1,0,0,1,3,slightly_injured
2018,6,Wed,4,52.54141919,13.42275004,evening,21,dusk,1,dry,0,5,3,1,1,0,0,0,0,3,slightly_injured
2018,6,Wed,4,52.51522314,13.43135425,evening,22,dark,2,dry,0,0,5,1,1,0,0,0,0,3,slightly_injured
2018,6,Mon,2,52.53429524,13.38875197,morning,8,daylight,0,dry,0,6,4,0,1,1,0,0,0,3,slightly_injured
2018,6,Wed,4,52.5113187,13.40336749,afternoon,17,daylight,0,dry,0,0,1,1,0,0,0,0,0,3,slightly_injured
2018,6,Mon,2,52.44758257,13.34938342,morning,7,daylight,0,dry,0,1,5,1,1,0,0,0,0,3,slightly_injured
2018,6,Mon,2,52.54454935,13.56410487,morning,7,daylight,0,wet,1,0,7,0,0,0,1,0,0,3,slightly_injured
2018,6,Wed,4,52.50792608,13.30420679,afternoon,17,daylight,0,dry,0,5,3,1,1,0,0,0,0,3,slightly_injured
2018,6,Mon,2,52.49389168,13.28515011,afternoon,12,daylight,0,dry,0,5,3,0,0,0,1,0,1,3,slightly_injured
2018,6,Sun,1,52.5254024,13.16121287,evening,18,daylight,0,dry,0,5,3,0,1,0,1,0,0,3,slightly_injured
2018,6,Wed,4,52.46946427,13.23623206,afternoon,16,daylight,0,dry,0,5,3,1,0,0,0,0,0,2,seriously_injured
2018,6,Sun,1,52.50144302,13.3250999,afternoon,14,daylight,0,dry,0,6,4,0,1,1,0,0,0,3,slightly_injured
2018,6,Wed,4,52.53669702,13.41770233,evening,21,daylight,0,dry,0,0,1,0,0,0,1,0,0,3,slightly_injured
2018,6,Wed,4,52.55221448,13.34195406,afternoon,16,daylight,0,dry,0,6,4,0,1,1,0,0,0,2,seriously_injured
2018,6,Sun,1,52.48150118,13.31737475,morning,9,daylight,0,dry,0,6,4,0,1,1,0,0,0,3,slightly_injured
2018,6,Sun,1,52.52387043,13.43946209,evening,22,dark,2,dry,0,0,7,0,1,0,0,0,1,3,slightly_injured
2018,6,Wed,4,52.55106877,13.44974618,afternoon,16,daylight,0,dry,0,5,3,1,1,0,0,0,0,3,slightly_injured
2018,6,Sun,1,52.45556885,13.62529306,afternoon,17,daylight,0,dry,0,0,1,1,0,0,0,0,0,3,slightly_injured
2018,6,Wed,4,52.54699777,13.42478984,afternoon,16,daylight,0,dry,0,5,3,1,0,0,0,1,0,3,slightly_injured
2018,6,Sun,1,52.46728506,13.37649982,afternoon,15,daylight,0,dry,0,0,7,0,0,0,1,0,0,3,slightly_injured
2018,6,Sun,1,52.52268316,13.25056699,afternoon,16,daylight,0,dry,0,2,6,1,0,0,0,0,0,3,slightly_injured
2018,6,Wed,4,52.58551245,13.31310321,afternoon,15,daylight,0,dry,0,0,1,0,0,0,1,0,0,3,slightly_injured
2018,6,Sun,1,52.45037759,13.62465881,afternoon,15,daylight,0,dry,0,0,4,1,0,1,0,0,0,3,slightly_injured
2018,6,Sun,1,52.43180461,13.43500537,afternoon,14,daylight,0,dry,0,0,7,0,1,1,0,0,0,3,slightly_injured
2018,6,Wed,4,52.50151125,13.49050483,evening,19,daylight,0,dry,0,5,2,0,1,0,1,0,0,3,slightly_injured
2018,6,Sun,1,52.48073145,13.44224471,afternoon,13,daylight,0,dry,0,2,6,0,1,0,0,0,0,3,slightly_injured
2018,6,Wed,4,52.50105635,13.30665462,afternoon,16,daylight,0,dry,0,2,6,0,1,0,0,0,0,3,slightly_injured
2018,6,Wed,4,52.45559004,13.55539233,afternoon,15,dark,2,dry,0,5,2,0,1,0,1,0,0,3,slightly_injured
2018,6,Sun,1,52.46509067,13.43699242,afternoon,13,daylight,0,dry,0,5,3,0,1,0,0,0,0,3,slightly_injured
2018,6,Wed,4,52.51067549,13.2087675,afternoon,15,daylight,0,dry,0,5,2,0,1,0,1,0,0,3,slightly_injured
2018,6,Sun,1,52.52867554,13.37661032,morning,11,daylight,0,wet,1,2,6,0,1,0,0,0,0,3,slightly_injured
2018,6,Wed,4,52.52763692,13.32640575,afternoon,14,daylight,0,dry,0,5,3,0,1,0,0,0,0,3,slightly_injured
2018,6,Sun,1,52.46287025,13.31790763,morning,9,daylight,0,dry,0,1,1,1,1,0,0,0,0,3,slightly_injured
2018,6,Sun,1,52.43442678,13.54502558,morning,9,daylight,0,dry,0,5,3,0,1,0,0,0,0,2,seriously_injured
2018,6,Wed,4,52.43701138,13.59655845,afternoon,15,daylight,0,dry,0,0,1,0,0,0,1,0,0,3,slightly_injured
2018,6,Sun,1,52.49193959,13.37448783,night,5,daylight,0,dry,0,8,1,0,0,0,1,0,0,2,seriously_injured
2018,6,Wed,4,52.5222313,13.37747024,evening,18,daylight,0,dry,0,5,3,0,1,0,1,0,0,3,slightly_injured
2018,6,Wed,4,52.50090991,13.40506206,afternoon,15,daylight,0,dry,0,5,3,1,1,0,0,0,0,3,slightly_injured
2018,6,Sun,1,52.60474576,13.43234994,night,2,dark,2,dry,0,6,7,0,1,1,0,0,0,3,slightly_injured
2018,6,Wed,4,52.41864756,13.43821464,afternoon,15,daylight,0,dry,0,6,4,0,1,1,0,0,0,3,slightly_injured
2018,6,Wed,4,52.45690451,13.5297212,afternoon,15,daylight,0,dry,0,0,7,0,0,0,1,0,0,3,slightly_injured
2018,6,Sun,1,52.53437258,13.49981643,afternoon,17,daylight,0,dry,0,5,3,0,1,0,0,0,0,2,seriously_injured
2018,6,Wed,4,52.57366104,13.56817147,afternoon,15,daylight,0,dry,0,2,6,0,1,0,0,0,0,3,slightly_injured
2018,6,Sun,1,52.53023085,13.46125587,evening,18,daylight,0,dry,0,6,4,0,1,1,0,0,0,2,seriously_injured
2018,6,Wed,4,52.55538966,13.35636101,afternoon,14,daylight,0,dry,0,5,3,0,1,0,0,0,0,3,slightly_injured
2018,6,Sun,1,52.48556081,13.32273339,evening,22,dark,2,dry,0,0,3,1,1,0,0,0,0,3,slightly_injured
2018,6,Wed,4,52.4892412,13.40520461,afternoon,14,daylight,0,dry,0,2,6,0,1,0,0,0,0,3,slightly_injured
2018,6,Wed,4,52.5555576,13.41841565,afternoon,14,daylight,0,dry,0,5,3,1,1,0,0,0,0,3,slightly_injured
2018,6,Sun,1,52.51841007,13.28008253,morning,11,daylight,0,dry,0,5,3,1,1,0,0,0,0,2,seriously_injured
2018,6,Wed,4,52.49991437,13.35373062,afternoon,14,daylight,0,dry,0,3,2,1,1,0,0,0,0,3,slightly_injured
2018,6,Sat,7,52.42133686,13.24999812,afternoon,17,daylight,0,dry,0,5,3,0,1,0,0,0,0,3,slightly_injured
2018,6,Wed,4,52.55866984,13.36805042,afternoon,12,daylight,0,dry,0,5,3,0,1,0,1,0,0,3,slightly_injured
2018,6,Thu,5,52.47530724,13.45320677,morning,6,daylight,0,dry,0,0,2,1,1,0,0,0,0,3,slightly_injured
2018,6,Wed,4,52.51635663,13.44039813,morning,11,daylight,0,dry,0,6,7,0,1,1,0,0,0,3,slightly_injured
2018,6,Sat,7,52.43915332,13.55147973,afternoon,17,daylight,0,dry,0,2,6,0,1,0,1,0,0,3,slightly_injured
2018,6,Wed,4,52.54879289,13.17843732,morning,11,daylight,0,dry,0,2,6,0,1,0,0,0,0,3,slightly_injured
2018,6,Wed,4,52.49023227,13.40179113,morning,11,daylight,0,dry,0,2,6,0,1,0,0,0,0,3,slightly_injured
2018,6,Sat,7,52.49210762,13.38300647,afternoon,15,daylight,0,dry,0,1,5,1,1,0,0,0,0,3,slightly_injured
2018,6,Wed,4,52.52717743,13.3314026,morning,11,daylight,0,dry,0,5,7,0,1,0,1,0,0,3,slightly_injured
2018,6,Sat,7,52.51893311,13.2887637,afternoon,15,daylight,0,dry,0,0,7,1,1,0,0,0,0,3,slightly_injured
2018,6,Thu,5,52.42108412,13.3585462,morning,7,daylight,0,dry,0,5,3,0,1,0,1,0,0,3,slightly_injured
2018,6,Sat,7,52.50115382,13.41974927,afternoon,14,daylight,0,dry,0,1,5,1,1,0,0,0,1,3,slightly_injured
2018,6,Wed,4,52.52997444,13.6269822,morning,10,daylight,0,dry,0,5,3,0,1,0,0,0,0,3,slightly_injured
2018,6,Sat,7,52.42778089,13.51336933,afternoon,14,daylight,0,dry,0,4,6,0,1,0,0,0,0,2,seriously_injured
2018,6,Wed,4,52.51378489,13.41770128,morning,10,daylight,0,dry,0,6,2,0,1,1,0,0,0,3,slightly_injured
2018,6,Thu,5,52.5568888,13.52826787,afternoon,15,daylight,0,dry,0,5,2,1,1,0,0,0,0,3,slightly_injured
2018,6,Wed,4,52.51297916,13.33030877,morning,8,daylight,0,dry,0,5,3,1,1,0,0,0,0,3,slightly_injured
2018,6,Sat,7,52.52098822,13.64690984,morning,11,daylight,0,wet,1,2,6,0,1,0,0,0,0,3,slightly_injured
2018,6,Wed,4,52.54162501,13.38187776,morning,9,daylight,0,dry,0,2,6,0,1,0,1,0,1,2,seriously_injured
2018,6,Sat,7,52.48614156,13.35075379,morning,11,daylight,0,dry,0,6,4,1,0,1,0,0,0,3,slightly_injured
2018,6,Sat,7,52.51809216,13.42072301,morning,11,daylight,0,dry,0,1,5,0,1,0,1,0,0,3,slightly_injured
2018,6,Wed,4,52.50090224,13.44199844,morning,7,daylight,0,dry,0,2,6,1,1,0,0,0,0,3,slightly_injured
2018,6,Sat,7,52.55622164,13.48268933,morning,8,daylight,0,dry,0,5,3,0,1,0,0,0,0,3,slightly_injured
2018,6,Thu,5,52.49384157,13.55407863,afternoon,16,daylight,0,dry,0,5,3,0,1,0,1,0,0,3,slightly_injured
2018,6,Sat,7,52.45729311,13.57821034,afternoon,15,daylight,0,wet,1,6,4,0,1,1,0,0,0,3,slightly_injured
2018,6,Wed,4,52.48923804,13.36230419,morning,7,daylight,0,dry,0,0,5,1,1,0,0,0,0,3,slightly_injured
2018,6,Sat,7,52.54112448,13.41101704,evening,22,dark,2,dry,0,2,6,0,1,0,0,0,0,3,slightly_injured
2018,6,Thu,5,52.42787244,13.32613407,afternoon,16,daylight,0,dry,0,2,6,0,0,0,1,0,1,3,slightly_injured
2018,6,Sat,7,52.53210799,13.38114155,evening,21,dark,2,dry,0,6,4,0,0,1,1,0,0,3,slightly_injured
2018,6,Wed,4,52.453845,13.25031794,morning,7,daylight,0,dry,0,2,6,0,1,0,0,0,0,3,slightly_injured
2018,6,Sat,7,52.48153353,13.58700708,evening,19,daylight,0,dry,0,5,3,0,1,0,1,0,0,3,slightly_injured
2018,6,Wed,4,52.55554875,13.39027792,morning,7,daylight,0,dry,0,5,2,1,1,0,0,0,0,3,slightly_injured
2018,6,Thu,5,52.54990233,13.41728902,afternoon,17,daylight,0,dry,0,5,3,1,1,0,0,0,0,3,slightly_injured
2018,6,Sat,7,52.38691772,13.41578048,evening,19,daylight,0,dry,0,6,4,0,1,1,0,0,0,2,seriously_injured
2018,6,Wed,4,52.54754721,13.2477181,morning,6,daylight,0,dry,0,3,6,0,1,0,1,0,0,3,slightly_injured
2018,6,Sat,7,52.48727515,13.3225828,evening,19,daylight,0,dry,0,5,5,1,1,0,0,0,0,3,slightly_injured
2018,6,Sat,7,52.39941875,13.55284177,morning,10,daylight,0,dry,0,2,2,1,0,0,0,0,1,3,slightly_injured
2018,6,Wed,4,52.50281651,13.44664055,morning,6,daylight,0,dry,0,5,2,1,1,0,0,0,0,3,slightly_injured
2018,6,Sat,7,52.5344838,13.5373869,morning,9,daylight,0,dry,0,5,3,1,1,0,0,0,0,2,seriously_injured
2018,6,Thu,5,52.44498746,13.57411031,afternoon,17,daylight,0,dry,0,1,1,1,1,0,0,0,0,3,slightly_injured
2018,6,Wed,4,52.48970441,13.37928712,morning,8,daylight,0,dry,0,5,3,1,1,0,0,0,0,3,slightly_injured
2018,6,Sat,7,52.55777452,13.45857846,morning,8,daylight,0,dry,0,5,3,0,1,0,0,0,0,3,slightly_injured
2018,6,Wed,4,52.50672721,13.29917053,evening,21,dark,2,dry,0,5,7,0,1,1,0,0,0,1,killed
2018,6,Thu,5,52.54194752,13.34921944,afternoon,17,daylight,0,dry,0,2,6,0,1,0,0,0,0,3,slightly_injured
2018,6,Sat,7,52.49911956,13.48038737,morning,7,daylight,0,dry,0,5,7,0,1,0,0,0,1,3,slightly_injured
2018,6,Tue,3,52.46862357,13.42075358,evening,18,daylight,0,dry,0,5,2,1,1,0,0,0,0,3,slightly_injured
2018,6,Sat,7,52.50382439,13.41097596,afternoon,12,daylight,0,dry,0,0,2,1,1,0,0,0,0,3,slightly_injured
2018,6,Tue,3,52.52285184,13.47721237,morning,7,daylight,0,dry,0,5,3,1,1,0,0,0,0,3,slightly_injured
2018,6,Thu,5,52.44776477,13.36302335,afternoon,17,daylight,0,dry,0,5,3,0,1,0,0,0,0,3,slightly_injured
2018,6,Tue,3,52.48636509,13.32623133,afternoon,16,daylight,0,dry,0,5,3,1,1,0,0,0,0,3,slightly_injured
2018,6,Sat,7,52.41204827,13.38838936,morning,10,daylight,0,dry,0,5,7,0,1,0,0,1,0,3,slightly_injured
2018,6,Sat,7,52.50282786,13.44661725,morning,6,daylight,0,dry,0,6,4,0,1,1,0,0,0,3,slightly_injured
2018,6,Tue,3,52.5246653,13.1973648,afternoon,17,daylight,0,dry,0,6,7,0,1,1,0,0,0,3,slightly_injured
2018,6,Sat,7,52.44979187,13.2551561,morning,8,daylight,0,wet,1,5,3,0,1,0,0,0,0,2,seriously_injured
2018,6,Tue,3,52.560168,13.4244384,evening,21,dark,2,dry,0,0,3,1,0,0,0,0,0,3,slightly_injured
2018,6,Thu,5,52.51130089,13.4136709,evening,18,daylight,0,dry,0,5,3,1,1,0,0,0,0,3,slightly_injured
2018,6,Tue,3,52.55460387,13.43172496,evening,18,daylight,0,dry,0,0,4,0,1,1,0,0,0,3,slightly_injured
2018,6,Sat,7,52.5439839,13.33928132,night,1,dark,2,dry,0,8,1,0,1,0,0,0,0,3,slightly_injured
2018,6,Tue,3,52.51638475,13.51901238,morning,8,daylight,0,dry,0,6,4,0,1,1,0,0,0,3,slightly_injured
2018,6,Tue,3,52.51460886,13.39310633,afternoon,14,daylight,0,dry,0,6,4,0,1,1,0,0,0,3,slightly_injured
2018,6,Sat,7,52.51719517,13.44066221,evening,23,dark,2,dry,0,5,2,0,1,0,1,0,0,3,slightly_injured
2018,6,Tue,3,52.59640052,13.35081016,afternoon,13,daylight,0,dry,0,2,2,0,1,0,0,0,0,3,slightly_injured
2018,6,Tue,3,52.52308062,13.31446051,afternoon,13,daylight,0,dry,0,5,3,1,1,0,0,0,0,3,slightly_injured
2018,6,Fri,6,52.56118118,13.41032842,evening,19,daylight,0,dry,0,5,7,1,1,0,0,0,0,3,slightly_injured
2018,6,Tue,3,52.50727681,13.37867031,afternoon,12,daylight,0,dry,0,3,6,1,0,0,0,0,0,3,slightly_injured
2018,6,Fri,6,52.51007925,13.41573978,evening,18,daylight,0,dry,0,1,5,1,1,0,0,0,0,3,slightly_injured
2018,6,Tue,3,52.51013746,13.41578525,afternoon,14,daylight,0,dry,0,2,6,0,1,0,0,0,0,3,slightly_injured
2018,6,Fri,6,52.51402094,13.41775144,evening,18,daylight,0,dry,0,1,5,1,1,0,0,0,1,3,slightly_injured
2018,6,Tue,3,52.50227974,13.34178164,afternoon,12,daylight,0,dry,0,3,6,0,0,0,1,0,1,3,slightly_injured
2018,6,Thu,5,52.5072543,13.42817898,evening,18,daylight,0,dry,0,2,2,1,1,0,0,0,0,3,slightly_injured
2018,6,Tue,3,52.49441886,13.39986077,afternoon,14,daylight,0,dry,0,5,3,1,1,0,0,0,0,2,seriously_injured
2018,6,Fri,6,52.50667539,13.29494227,afternoon,15,daylight,0,dry,0,5,2,1,1,0,0,0,0,3,slightly_injured
2018,6,Tue,3,52.4049652,13.26877159,afternoon,14,daylight,0,dry,0,5,3,1,1,0,0,0,0,3,slightly_injured
2018,6,Tue,3,52.42988352,13.46450988,afternoon,12,daylight,0,dry,0,0,6,0,1,0,1,0,0,2,seriously_injured
2018,6,Fri,6,52.46065718,13.27483862,night,2,dark,2,dry,0,7,7,0,1,0,0,0,0,3,slightly_injured
2018,6,Tue,3,52.56541925,13.54025946,afternoon,13,daylight,0,dry,0,2,6,0,1,0,0,0,0,3,slightly_injured
2018,6,Fri,6,52.5280658,13.39155153,evening,18,daylight,0,wet,1,5,2,0,1,0,1,0,0,3,slightly_injured
2018,6,Thu,5,52.50541537,13.42221415,evening,18,daylight,0,dry,0,6,2,0,1,1,0,0,0,3,slightly_injured
2018,6,Fri,6,52.44067937,13.3511518,night,5,daylight,0,dry,0,0,6,1,1,0,0,0,0,3,slightly_injured
2018,6,Tue,3,52.5542194,13.34552283,afternoon,15,daylight,0,dry,0,0,6,0,0,0,1,0,1,3,slightly_injured
2018,6,Fri,6,52.48390753,13.43982751,evening,23,dark,2,wet,1,5,3,0,1,0,0,0,0,3,slightly_injured
2018,6,Tue,3,52.52074852,13.49942803,afternoon,15,daylight,0,dry,0,2,6,1,0,0,0,0,1,3,slightly_injured
2018,6,Thu,5,52.47643649,13.47655664,evening,18,daylight,0,dry,0,5,2,1,1,0,0,0,0,3,slightly_injured
2018,6,Fri,6,52.53913808,13.3448638,evening,22,dark,2,wet,1,6,2,0,1,1,0,0,0,3,slightly_injured
2018,6,Tue,3,52.54934263,13.38667889,evening,23,dark,2,dry,0,5,3,1,1,0,0,0,0,3,slightly_injured
2018,6,Fri,6,52.46511806,13.31427042,evening,21,dark,2,wet,1,2,6,0,1,0,0,0,1,3,slightly_injured
2018,6,Tue,3,52.45239844,13.13365589,evening,20,dark,2,dry,0,5,3,1,0,0,0,0,0,2,seriously_injured
2018,6,Tue,3,52.54975612,13.35739843,evening,20,daylight,0,dry,0,0,1,0,0,0,1,0,0,3,slightly_injured
2018,6,Fri,6,52.54004732,13.40576504,afternoon,13,daylight,0,dry,0,3,6,1,0,0,1,0,0,3,slightly_injured
2018,6,Tue,3,52.52806438,13.40248741,evening,19,daylight,0,dry,0,5,3,1,1,0,0,0,0,3,slightly_injured
2018,6,Fri,6,52.51196235,13.32177178,evening,20,dusk,1,wet,1,3,6,0,1,0,0,0,0,3,slightly_injured
2018,6,Fri,6,52.55056188,13.41390308,evening,20,dusk,1,wet,1,2,6,0,1,0,0,0,1,3,slightly_injured
2018,6,Tue,3,52.53119272,13.40246532,evening,18,daylight,0,dry,0,1,5,1,1,0,0,0,0,3,slightly_injured
2018,6,Fri,6,52.52658691,13.39838276,evening,19,daylight,0,wet,1,5,2,1,1,0,0,0,0,3,slightly_injured
2018,6,Fri,6,52.56721441,13.41121208,evening,19,dusk,1,wet,1,0,1,1,0,0,0,0,0,3,slightly_injured
2018,6,Tue,3,52.50696703,13.39448102,evening,18,daylight,0,dry,0,5,3,1,1,0,0,0,0,3,slightly_injured
2018,6,Fri,6,52.54129864,13.40904793,evening,19,daylight,0,wet,1,6,4,1,0,1,0,0,0,3,slightly_injured
2018,6,Tue,3,52.53839167,13.32610277,evening,18,daylight,0,dry,0,5,2,0,1,0,0,0,0,3,slightly_injured
2018,6,Tue,3,52.51360528,13.33794769,afternoon,17,daylight,0,dry,0,5,3,1,1,0,0,0,0,3,slightly_injured
2018,6,Fri,6,52.5480721,13.42791258,evening,18,daylight,0,dry,0,5,7,0,1,0,1,0,0,3,slightly_injured
2018,6,Fri,6,52.52898648,13.38502444,evening,18,daylight,0,dry,0,1,5,1,1,0,0,0,1,3,slightly_injured
2018,6,Fri,6,52.56751252,13.46758683,evening,18,daylight,0,dry,0,0,1,1,0,0,0,0,0,3,slightly_injured
2018,6,Tue,3,52.52432576,13.58377999,afternoon,17,daylight,0,dry,0,5,2,0,1,0,0,0,0,3,slightly_injured
2018,6,Fri,6,52.50310273,13.35047882,afternoon,16,daylight,0,dry,0,2,6,0,1,0,0,0,0,3,slightly_injured
2018,6,Fri,6,52.49265704,13.39680937,afternoon,17,daylight,0,dry,0,0,1,1,0,0,0,0,0,3,slightly_injured
2018,6,Tue,3,52.50193096,13.40863422,afternoon,17,daylight,0,dry,0,0,5,1,1,0,0,0,1,3,slightly_injured
2018,6,Fri,6,52.53735917,13.37470868,evening,19,dusk,1,wet,1,1,5,0,1,0,0,0,0,2,seriously_injured
2018,6,Fri,6,52.59217771,13.28181501,evening,19,daylight,0,dry,0,3,6,0,1,0,1,0,0,2,seriously_injured
2018,6,Tue,3,52.51055972,13.42921316,afternoon,17,daylight,0,dry,0,2,6,1,1,0,0,0,0,3,slightly_injured
2018,6,Fri,6,52.44543359,13.38248419,evening,18,daylight,0,dry,0,0,1,1,0,0,0,0,0,2,seriously_injured
2018,6,Tue,3,52.55870558,13.38626854,afternoon,17,daylight,0,dry,0,5,2,0,1,0,0,0,0,3,slightly_injured
2018,6,Tue,3,52.47334827,13.37780864,afternoon,17,daylight,0,dry,0,5,3,0,1,0,0,0,0,3,slightly_injured
2018,6,Fri,6,52.43969468,13.40234628,afternoon,17,daylight,0,dry,0,1,2,0,1,0,1,0,0,2,seriously_injured
2018,6,Fri,6,52.54847995,13.26315313,afternoon,16,daylight,0,dry,0,6,4,0,1,1,0,0,0,2,seriously_injured
2018,6,Tue,3,52.51346292,13.51931296,afternoon,17,daylight,0,dry,0,6,2,0,1,1,0,0,0,3,slightly_injured
2018,6,Fri,6,52.47071556,13.28900885,evening,21,dusk,1,wet,1,0,1,0,0,0,1,0,0,3,slightly_injured
2018,6,Tue,3,52.49903603,13.39548201,afternoon,16,daylight,0,dry,0,5,3,1,1,0,0,0,0,3,slightly_injured
2018,6,Tue,3,52.50292181,13.3078142,afternoon,16,daylight,0,dry,0,5,3,0,1,0,1,0,0,3,slightly_injured
2018,6,Fri,6,52.51506648,13.3491063,afternoon,15,daylight,0,dry,0,0,6,0,1,0,1,0,0,3,slightly_injured
2018,6,Tue,3,52.43492649,13.26036646,afternoon,16,daylight,0,dry,0,6,4,0,1,1,0,0,0,2,seriously_injured
2018,6,Fri,6,52.53219917,13.42506303,morning,10,daylight,0,dry,0,5,7,1,0,0,0,0,1,3,slightly_injured
2018,6,Tue,3,52.54144464,13.24744729,afternoon,16,daylight,0,dry,0,0,3,0,1,0,1,0,0,3,slightly_injured
2018,6,Fri,6,52.4627347,13.52993983,afternoon,14,daylight,0,dry,0,3,6,0,1,0,1,0,0,3,slightly_injured
2018,6,Tue,3,52.59213624,13.32649924,afternoon,16,daylight,0,dry,0,5,2,1,1,0,0,0,0,3,slightly_injured