ujahr,umonat,weekday,uwochentag,long,lat,time_of_day,ustunde,light_condition,ulichtverh,street_condition,ustrzustand,uart,utyp1,ist_rad,ist_pkw,ist_fuss,ist_krad,ist_gkfz,ist_sonstige,ukategorie,accident_outcome
2018,6,Tue,3,52.50048442,13.33082847,afternoon,16,daylight,0,dry,0,5,2,0,1,0,1,0,0,3,slightly_injured
2018,6,Fri,6,52.48088286,13.45182944,afternoon,14,daylight,0,dry,0,5,2,1,1,0,0,0,0,3,slightly_injured
2018,6,Tue,3,52.54453291,13.52310902,afternoon,14,daylight,0,dry,0,5,3,0,1,0,1,0,0,2,seriously_injured
2018,6,Fri,6,52.53125606,13.38219903,afternoon,13,daylight,0,dry,0,1,5,1,1,0,0,0,1,3,slightly_injured
2018,6,Tue,3,52.532946,13.19795111,afternoon,12,daylight,0,dry,0,6,4,0,0,1,0,0,1,2,seriously_injured
2018,6,Fri,6,52.61298,13.43455749,afternoon,13,daylight,0,dry,0,5,3,0,1,0,0,0,0,3,slightly_injured
2018,6,Tue,3,52.49617251,13.34627703,afternoon,12,daylight,0,dry,0,2,6,0,1,0,0,0,0,3,slightly_injured
2018,6,Fri,6,52.5671873,13.36627994,afternoon,13,daylight,0,dry,0,6,4,0,1,1,0,0,0,3,slightly_injured
2018,6,Tue,3,52.49739247,13.38480875,afternoon,12,daylight,0,dry,0,3,6,1,1,0,0,0,0,3,slightly_injured
2018,6,Fri,6,52.4930021,13.30972663,afternoon,12,daylight,0,dry,0,5,7,0,0,0,1,0,1,3,slightly_injured
2018,6,Mon,2,52.55246662,13.46663308,afternoon,13,daylight,0,dry,0,3,6,0,1,0,0,0,0,2,seriously_injured
2018,6,Mon,2,52.52600903,13.46560148,afternoon,13,daylight,0,dry,0,1,5,1,1,0,0,0,0,3,slightly_injured
2018,6,Fri,6,52.49333342,13.38618946,night,2,dark,2,dry,0,2,6,0,1,0,0,0,0,3,slightly_injured
2018,6,Mon,2,52.53111552,13.38506202,morning,11,daylight,0,dry,0,6,4,1,0,1,0,0,0,3,slightly_injured
2018,6,Fri,6,52.53408164,13.18177154,morning,10,daylight,0,dry,0,0,4,0,0,1,0,0,1,3,slightly_injured
2018,6,Thu,5,52.43696125,13.4480064,afternoon,17,daylight,0,dry,0,6,4,0,1,1,0,0,0,3,slightly_injured
2018,6,Mon,2,52.44046623,13.43489138,morning,11,daylight,0,dry,0,6,2,0,1,1,0,0,0,3,slightly_injured
2018,6,Thu,5,52.43081842,13.29489638,afternoon,12,daylight,0,dry,0,4,6,0,1,0,1,0,0,3,slightly_injured
2018,6,Mon,2,52.43081461,13.31750668,morning,10,daylight,0,dry,0,5,2,0,1,0,0,0,0,3,slightly_injured
2018,6,Thu,5,52.52150175,13.32447188,afternoon,16,daylight,0,dry,0,3,6,0,1,0,1,0,0,3,slightly_injured
2018,6,Mon,2,52.48508169,13.33068854,morning,10,daylight,0,dry,0,2,3,1,1,0,0,0,0,3,slightly_injured
2018,6,Thu,5,52.63401856,13.28072846,afternoon,16,daylight,0,dry,0,5,3,1,1,0,0,0,0,2,seriously_injured
2018,6,Thu,5,52.54221595,13.48888219,afternoon,17,daylight,0,dry,0,0,5,1,1,0,0,0,0,3,slightly_injured
2018,6,Mon,2,52.55249775,13.4273775,morning,7,daylight,0,dry,0,5,3,1,1,0,0,0,0,3,slightly_injured
2018,6,Thu,5,52.53064798,13.41921895,morning,8,daylight,0,dry,0,6,4,0,1,1,0,0,0,3,slightly_injured
2018,6,Thu,5,52.525883,13.45925927,morning,8,daylight,0,dry,0,2,6,0,1,0,0,0,0,3,slightly_injured
2018,6,Mon,2,52.45065826,13.33467877,morning,7,daylight,0,dry,0,6,4,1,0,1,0,0,0,3,slightly_injured
2018,6,Thu,5,52.46573046,13.38567788,evening,22,dark,2,dry,0,8,1,0,1,0,0,0,0,3,slightly_injured
2018,6,Mon,2,52.53852241,13.24193226,morning,8,daylight,0,dry,0,2,6,0,1,0,1,0,0,3,slightly_injured
2018,6,Thu,5,52.53533692,13.19606571,evening,22,dark,2,dry,0,0,2,0,1,0,1,0,0,3,slightly_injured
2018,6,Thu,5,52.49840328,13.42066198,evening,21,dusk,1,dry,0,1,5,0,1,0,0,0,0,3,slightly_injured
2018,6,Mon,2,52.57584326,13.40462304,morning,8,daylight,0,wet,1,4,1,1,1,0,0,0,0,3,slightly_injured
2018,6,Thu,5,52.6099719,13.33458047,evening,21,daylight,0,dry,0,5,3,1,1,0,0,0,0,3,slightly_injured
2018,6,Fri,6,52.52928337,13.49995493,morning,9,daylight,0,dry,0,2,6,0,1,0,0,0,1,3,slightly_injured
2018,6,Mon,2,52.49788717,13.39579808,morning,8,daylight,0,dry,0,2,3,0,1,0,1,0,0,3,slightly_injured
2018,6,Fri,6,52.53253492,13.39823956,afternoon,13,daylight,0,dry,0,0,1,1,0,0,0,0,0,3,slightly_injured
2018,6,Thu,5,52.4573696,13.35573108,evening,20,daylight,0,dry,0,5,2,1,0,0,1,0,0,3,slightly_injured
2018,6,Mon,2,52.50838071,13.37761243,morning,9,daylight,0,dry,0,5,3,1,1,0,0,0,0,3,slightly_injured
2018,6,Thu,5,52.48937842,13.20495187,evening,20,daylight,0,dry,0,2,1,0,1,0,1,0,0,2,seriously_injured
2018,6,Thu,5,52.4959111,13.39607383,evening,19,daylight,0,dry,0,0,7,1,0,0,0,0,0,3,slightly_injured
2018,6,Mon,2,52.47438273,13.42761691,morning,10,daylight,0,dry,0,5,2,1,1,0,0,0,0,2,seriously_injured
2018,6,Thu,5,52.51963589,13.35549879,evening,19,daylight,0,dry,0,5,2,1,1,0,0,0,0,2,seriously_injured
2018,6,Thu,5,52.54422804,13.23195628,evening,19,daylight,0,dry,0,6,4,0,1,1,0,0,0,2,seriously_injured
2018,6,Mon,2,52.50171626,13.32513827,morning,10,daylight,0,dry,0,0,5,0,1,0,1,0,0,3,slightly_injured
2018,6,Thu,5,52.50472464,13.49023427,evening,19,daylight,0,dry,0,5,3,0,1,0,0,0,0,3,slightly_injured
2018,6,Mon,2,52.42486051,13.37311809,morning,9,daylight,0,dry,0,3,6,0,1,0,0,1,0,3,slightly_injured
2018,6,Mon,2,52.62227559,13.49139173,morning,9,daylight,0,dry,0,0,1,1,0,0,0,0,0,3,slightly_injured
2018,6,Thu,5,52.51122573,13.38228238,evening,19,daylight,0,dry,0,6,7,0,1,1,0,0,0,2,seriously_injured
2018,6,Mon,2,52.50271901,13.32588956,afternoon,13,daylight,0,dry,0,0,6,0,1,0,0,0,1,3,slightly_injured
2018,6,Fri,6,52.50417514,13.30383457,afternoon,14,daylight,0,dry,0,0,5,1,1,0,0,0,0,3,slightly_injured
2018,6,Mon,2,52.51856225,13.38617653,afternoon,14,daylight,0,dry,0,5,3,0,1,0,0,0,1,3,slightly_injured
2018,6,Thu,5,52.48505458,13.37197177,evening,18,daylight,0,dry,0,5,2,0,1,0,1,0,0,3,slightly_injured
2018,6,Fri,6,52.45244297,13.57862489,afternoon,16,daylight,0,dry,0,5,3,0,1,0,0,0,0,3,slightly_injured
2018,6,Thu,5,52.49733437,13.46485521,evening,18,daylight,0,dry,0,5,2,1,1,0,0,0,0,3,slightly_injured
2018,6,Mon,2,52.55972619,13.56139373,evening,18,daylight,0,dry,0,5,3,1,0,0,0,0,1,3,slightly_injured
2018,6,Thu,5,52.52850634,13.46679236,evening,18,daylight,0,dry,0,5,3,1,1,0,0,0,0,3,slightly_injured
2018,6,Sun,1,52.5460555,13.37126007,afternoon,13,daylight,0,dry,0,1,5,1,1,0,0,0,0,3,slightly_injured
2018,6,Sun,1,52.50043608,13.4224132,afternoon,17,daylight,0,wet,1,6,2,1,0,1,0,0,0,3,slightly_injured
2018,6,Thu,5,52.53895022,13.39189657,evening,18,daylight,0,dry,0,5,3,1,1,0,0,0,0,3,slightly_injured
2018,6,Sun,1,52.45066597,13.62540679,evening,18,daylight,0,wet,1,0,2,1,1,0,0,0,0,3,slightly_injured
2018,6,Sun,1,52.57365678,13.35181369,evening,23,dark,2,dry,0,5,2,1,0,0,0,0,1,3,slightly_injured
2018,6,Thu,5,52.49885253,13.41752261,afternoon,17,daylight,0,dry,0,3,6,1,1,0,0,0,0,3,slightly_injured
2018,6,Sun,1,52.5307962,13.4777563,evening,20,dusk,1,dry,0,5,7,0,1,0,0,0,0,2,seriously_injured
2018,6,Thu,5,52.49906359,13.48051003,evening,18,daylight,0,dry,0,5,2,0,1,0,1,0,0,2,seriously_injured
2018,6,Sun,1,52.42574394,13.47396816,evening,20,daylight,0,wet,1,5,2,0,1,0,0,0,0,2,seriously_injured
2018,6,Thu,5,52.48690029,13.33120702,afternoon,17,daylight,0,dry,0,5,3,1,1,0,0,0,0,3,slightly_injured
2018,6,Sun,1,52.50055947,13.33089853,evening,19,daylight,0,dry,0,2,2,0,1,0,0,0,0,3,slightly_injured
2018,6,Thu,5,52.5005621,13.33097647,afternoon,17,daylight,0,dry,0,5,2,1,1,0,0,0,0,3,slightly_injured
2018,6,Sun,1,52.54876204,13.42065535,evening,19,daylight,0,wet,1,5,3,0,1,0,0,0,1,2,seriously_injured
2018,6,Thu,5,52.52341165,13.40724371,afternoon,16,daylight,0,dry,0,0,7,1,0,0,0,0,0,3,slightly_injured
2018,6,Sun,1,52.53412691,13.29337181,evening,18,daylight,0,wet,1,0,6,0,1,0,1,0,0,3,slightly_injured
2018,6,Sun,1,52.46952606,13.44168289,evening,18,daylight,0,wet,1,2,6,0,1,0,0,0,0,3,slightly_injured
2018,6,Thu,5,52.52112179,13.37988341,afternoon,15,daylight,0,dry,0,0,1,1,0,0,0,0,0,3,slightly_injured
2018,6,Sun,1,52.52485566,13.40803946,afternoon,16,daylight,0,wet,1,1,5,1,1,0,0,0,0,3,slightly_injured
2018,6,Fri,6,52.57775385,13.27583142,evening,19,daylight,0,dry,0,8,1,1,0,0,0,0,0,2,seriously_injured
2018,6,Sun,1,52.57778475,13.2972676,afternoon,14,daylight,0,wet,1,5,2,1,0,0,0,0,1,3,slightly_injured
2018,6,Thu,5,52.53979223,13.40144187,afternoon,15,daylight,0,dry,0,5,2,1,1,0,0,0,0,3,slightly_injured
2018,6,Sun,1,52.42334142,13.55933894,afternoon,14,daylight,0,dry,0,5,3,0,1,0,0,0,0,3,slightly_injured
2018,6,Thu,5,52.43020774,13.45506135,afternoon,15,daylight,0,dry,0,2,6,0,1,0,0,0,0,3,slightly_injured
2018,6,Thu,5,52.54760571,13.47481143,afternoon,15,daylight,0,dry,0,0,5,1,1,0,0,0,0,3,slightly_injured
2018,6,Sun,1,52.57496618,13.38021703,afternoon,14,daylight,0,dry,0,0,2,0,1,0,1,0,0,3,slightly_injured
2018,6,Thu,5,52.46609565,13.38543895,afternoon,14,daylight,0,dry,0,0,2,1,1,0,0,0,0,3,slightly_injured
2018,6,Fri,6,52.56059048,13.37698749,morning,8,daylight,0,dry,0,2,6,0,0,0,1,0,1,3,slightly_injured
2018,6,Sun,1,52.54198833,13.40806806,afternoon,13,daylight,0,dry,0,5,3,1,1,0,0,0,0,3,slightly_injured
2018,6,Fri,6,52.53255523,13.38869606,morning,8,daylight,0,dry,0,1,5,1,1,0,0,0,0,3,slightly_injured
2018,6,Sun,1,52.48711397,13.36480533,afternoon,13,daylight,0,dry,0,0,7,0,1,0,1,0,0,3,slightly_injured
2018,6,Thu,5,52.46094812,13.50194028,morning,7,daylight,0,dry,0,5,3,1,0,0,0,0,1,3,slightly_injured
2018,6,Fri,6,52.50004513,13.40788424,morning,10,daylight,0,dry,0,2,2,1,1,0,0,0,0,3,slightly_injured
2018,6,Sun,1,52.54922496,13.56361244,morning,11,daylight,0,dry,0,4,5,0,1,0,0,0,0,3,slightly_injured
2018,6,Thu,5,52.54465735,13.34598387,morning,7,daylight,0,dry,0,3,6,1,1,0,0,0,0,3,slightly_injured
2018,6,Sun,1,52.46946325,13.2362374,morning,11,daylight,0,dry,0,5,3,1,1,0,0,0,0,2,seriously_injured
2018,6,Thu,5,52.54768031,13.41312827,morning,7,daylight,0,dry,0,5,2,1,1,0,0,0,0,3,slightly_injured
2018,6,Thu,5,52.51323723,13.44724873,morning,8,daylight,0,dry,0,1,5,1,1,0,0,0,0,3,slightly_injured
2018,6,Sun,1,52.48942897,13.26047242,morning,10,daylight,0,dry,0,6,4,1,0,1,0,0,0,3,slightly_injured
2018,6,Thu,5,52.50005259,13.41840796,morning,9,daylight,0,dry,0,6,4,1,0,1,0,0,0,3,slightly_injured
2018,6,Thu,5,52.55637515,13.4292262,morning,9,daylight,0,dry,0,2,6,0,1,0,1,0,0,3,slightly_injured
2018,6,Sun,1,52.43393326,13.24255085,morning,9,daylight,0,dry,0,0,3,1,1,0,0,0,0,3,slightly_injured
2018,6,Thu,5,52.42677766,13.44651128,morning,9,daylight,0,dry,0,3,6,0,1,0,1,0,0,3,slightly_injured
2018,6,Fri,6,52.55022698,13.29640998,evening,21,dusk,1,dry,0,5,3,1,1,0,0,0,0,3,slightly_injured
2018,6,Sun,1,52.44316554,13.56927309,morning,9,daylight,0,dry,0,5,3,0,1,0,0,0,0,3,slightly_injured
2018,6,Thu,5,52.55148798,13.42982245,morning,10,daylight,0,dry,0,2,6,0,1,0,0,1,0,3,slightly_injured
2018,6,Sun,1,52.51557282,13.41815248,night,2,dark,2,dry,0,5,2,0,1,0,0,0,0,3,slightly_injured
2018,6,Thu,5,52.44826847,13.36403401,morning,11,daylight,0,dry,0,5,2,1,1,0,0,0,0,3,slightly_injured
2018,6,Thu,5,52.45399729,13.37823925,morning,11,daylight,0,dry,0,1,5,1,1,0,0,0,0,3,slightly_injured
2018,6,Sun,1,52.41732254,13.31489729,afternoon,16,daylight,0,dry,0,0,7,0,0,0,1,0,0,3,slightly_injured
2018,6,Thu,5,52.6369261,13.49237913,afternoon,13,daylight,0,dry,0,6,2,0,1,1,0,0,0,3,slightly_injured
2018,6,Thu,5,52.54632792,13.35891588,afternoon,13,daylight,0,dry,0,6,2,0,1,1,0,0,0,3,slightly_injured
2018,6,Sun,1,52.49987404,13.27350147,afternoon,12,daylight,0,dry,0,0,1,1,0,0,0,0,0,2,seriously_injured
2018,6,Thu,5,52.40439456,13.40632404,afternoon,13,daylight,0,dry,0,5,2,0,1,0,1,0,0,3,slightly_injured
2018,6,Thu,5,52.51369251,13.38646635,afternoon,13,daylight,0,dry,0,5,3,1,1,0,0,0,0,3,slightly_injured
2018,6,Sun,1,52.55297455,13.22582064,morning,6,daylight,0,dry,0,9,1,0,0,0,1,0,0,3,slightly_injured
2018,6,Thu,5,52.48428089,13.43508846,afternoon,13,daylight,0,dry,0,2,6,0,1,0,0,0,0,3,slightly_injured
2018,6,Sun,1,52.49916212,13.41959951,evening,18,daylight,0,dry,0,0,1,1,0,0,0,0,0,3,slightly_injured
2018,6,Sat,7,52.49180114,13.41305669,afternoon,17,daylight,0,dry,0,5,3,1,0,0,1,0,0,3,slightly_injured
2018,6,Thu,5,52.53458897,13.32833462,afternoon,14,daylight,0,dry,0,2,6,0,1,0,0,0,0,3,slightly_injured
2018,6,Fri,6,52.57064158,13.31157526,afternoon,17,daylight,0,dry,0,0,1,0,0,0,1,0,0,3,slightly_injured
2018,6,Thu,5,52.60769504,13.43355503,morning,9,daylight,0,dry,0,5,3,1,1,0,0,0,0,2,seriously_injured
2018,6,Sat,7,52.46163822,13.53293918,afternoon,17,daylight,0,dry,0,2,2,0,1,0,0,0,0,3,slightly_injured
2018,6,Thu,5,52.52605051,13.54441252,morning,10,daylight,0,dry,0,5,3,0,1,0,0,0,0,3,slightly_injured
2018,6,Sat,7,52.51544188,13.24944732,morning,9,daylight,0,dry,0,5,2,1,1,0,0,0,0,3,slightly_injured
2018,6,Mon,2,52.52745447,13.39292872,evening,19,daylight,0,dry,0,5,3,1,1,0,0,0,0,3,slightly_injured
2018,6,Fri,6,52.62791618,13.22579026,afternoon,12,daylight,0,dry,0,0,5,1,0,0,0,0,1,3,slightly_injured
2018,6,Sat,7,52.46434669,13.3389602,night,3,dark,2,dry,0,6,7,1,0,1,0,0,0,3,slightly_injured
2018,6,Thu,5,52.45560518,13.2734317,morning,10,daylight,0,dry,0,5,3,0,1,0,0,0,0,2,seriously_injured
2018,6,Sat,7,52.49874664,13.41217521,afternoon,14,daylight,0,dry,0,6,4,0,1,1,0,0,0,3,slightly_injured
2018,6,Sat,7,52.54881822,13.17810416,evening,23,dark,2,dry,0,5,2,0,1,0,0,0,0,3,slightly_injured
2018,6,Thu,5,52.42092314,13.33499139,afternoon,13,daylight,0,dry,0,5,3,0,1,0,0,0,0,3,slightly_injured
2018,6,Sat,7,52.5134316,13.42442045,evening,20,daylight,0,dry,0,5,3,1,1,0,0,0,0,3,slightly_injured
2018,6,Sat,7,52.42629777,13.37469522,evening,20,daylight,0,dry,0,2,6,0,1,0,1,0,0,2,seriously_injured
2018,6,Thu,5,52.50255293,13.3485764,afternoon,14,daylight,0,dry,0,0,5,0,1,0,1,0,0,2,seriously_injured
2018,6,Sat,7,52.49569629,13.443137,evening,19,daylight,0,dry,0,6,7,0,1,1,0,0,0,3,slightly_injured
2018,6,Fri,6,52.53537593,13.51776068,afternoon,14,daylight,0,dry,0,5,2,1,1,0,0,0,0,3,slightly_injured
2018,6,Thu,5,52.5091381,13.61358382,morning,11,daylight,0,dry,0,0,1,1,0,0,0,0,0,3,slightly_injured
2018,6,Sat,7,52.54504601,13.39202007,evening,20,daylight,0,dry,0,0,7,0,1,0,1,0,0,3,slightly_injured
2018,6,Thu,5,52.46014941,13.53603787,afternoon,13,daylight,0,dry,0,0,1,1,0,0,0,0,0,3,slightly_injured
2018,6,Sat,7,52.63267172,13.50052295,evening,19,daylight,0,dry,0,2,6,0,1,0,0,0,0,3,slightly_injured
2018,6,Mon,2,52.43742384,13.34483377,evening,19,daylight,0,dry,0,3,6,0,1,0,0,0,0,3,slightly_injured
2018,6,Sat,7,52.56932203,13.35752561,evening,18,daylight,0,dry,0,2,6,0,1,0,0,1,0,3,slightly_injured
2018,6,Thu,5,52.52428249,13.44025775,morning,11,daylight,0,dry,0,6,4,0,1,1,0,0,0,3,slightly_injured
2018,6,Sat,7,52.57283389,13.3080374,evening,18,daylight,0,dry,0,0,5,0,1,0,0,0,1,3,slightly_injured
2018,6,Fri,6,52.51242088,13.37698147,morning,8,daylight,0,dry,0,0,2,1,1,0,0,0,0,2,seriously_injured
2018,6,Wed,4,52.5275232,13.1951814,afternoon,12,daylight,0,dry,0,2,6,0,1,0,0,0,0,3,slightly_injured
2018,6,Sat,7,52.45567698,13.36752304,afternoon,17,daylight,0,dry,0,0,3,0,1,0,1,0,0,3,slightly_injured
2018,6,Wed,4,52.53886388,13.37203561,morning,9,daylight,0,dry,0,3,6,1,0,0,0,1,0,3,slightly_injured
2018,6,Mon,2,52.51345467,13.52003355,evening,19,daylight,0,dry,0,5,7,0,1,0,0,0,1,3,slightly_injured
2018,6,Wed,4,52.5638568,13.36489262,afternoon,16,daylight,0,dry,0,6,4,0,1,1,0,0,0,3,slightly_injured
2018,6,Sat,7,52.50665753,13.29279277,afternoon,17,daylight,0,dry,0,5,3,0,1,0,1,0,0,2,seriously_injured
2018,6,Sat,7,52.52863108,13.12252851,afternoon,17,daylight,0,dry,0,0,7,0,1,0,0,0,0,2,seriously_injured
2018,6,Wed,4,52.55862333,13.49231944,morning,9,daylight,0,dry,0,5,7,0,1,0,0,0,0,3,slightly_injured
2018,6,Sat,7,52.50105963,13.46089119,afternoon,17,daylight,0,dry,0,5,5,0,1,0,0,0,0,3,slightly_injured
2018,6,Wed,4,52.46484243,13.3285838,afternoon,14,daylight,0,dry,0,0,3,0,1,0,0,0,1,3,slightly_injured
2018,6,Sat,7,52.50674222,13.28041611,afternoon,16,daylight,0,dry,0,2,6,0,1,0,0,0,0,3,slightly_injured
2018,6,Wed,4,52.53790034,13.32629815,evening,19,daylight,0,dry,0,5,2,1,0,0,1,0,0,3,slightly_injured
2018,6,Sat,7,52.51557282,13.41815248,afternoon,15,daylight,0,dry,0,5,2,0,1,0,0,0,0,3,slightly_injured
2018,6,Mon,2,52.47157073,13.38457243,evening,18,daylight,0,dry,0,5,2,1,1,0,0,0,0,3,slightly_injured
2018,6,Sat,7,52.4865365,13.32616487,afternoon,14,daylight,0,dry,0,1,5,1,0,0,0,0,1,3,slightly_injured
2018,6,Wed,4,52.53233757,13.19797009,afternoon,16,daylight,0,dry,0,3,6,0,1,0,1,0,0,3,slightly_injured
2018,6,Sat,7,52.51186332,13.40248744,afternoon,14,daylight,0,dry,0,5,2,0,1,0,1,0,0,3,slightly_injured
2018,6,Wed,4,52.58833489,13.43011484,afternoon,16,daylight,0,dry,0,2,2,0,1,0,1,0,0,3,slightly_injured
2018,6,Wed,4,52.53697248,13.44977222,afternoon,16,daylight,0,dry,0,2,6,0,1,0,0,1,0,3,slightly_injured
2018,6,Sat,7,52.53421731,13.32835609,afternoon,14,daylight,0,dry,0,6,4,0,1,1,0,0,0,3,slightly_injured
2018,6,Wed,4,52.429117,13.47049788,afternoon,16,daylight,0,dry,0,6,2,0,1,1,0,0,0,3,slightly_injured
2018,6,Mon,2,52.52563738,13.30597857,evening,18,daylight,0,dry,0,5,2,1,1,0,0,0,0,3,slightly_injured
2018,6,Wed,4,52.47900632,13.31419285,afternoon,14,daylight,0,dry,0,5,3,1,1,0,0,0,0,3,slightly_injured
2018,6,Sat,7,52.49832638,13.40652718,afternoon,14,daylight,0,dry,0,5,2,0,1,0,0,0,0,2,seriously_injured
2018,6,Wed,4,52.51145087,13.46312674,afternoon,14,daylight,0,dry,0,5,3,1,1,0,0,0,0,3,slightly_injured
2018,6,Sat,7,52.58627855,13.42461859,afternoon,13,daylight,0,dry,0,5,3,1,1,0,0,0,0,3,slightly_injured
2018,6,Mon,2,52.51049418,13.45310273,evening,18,daylight,0,dry,0,0,7,0,1,0,0,0,0,3,slightly_injured
2018,6,Sat,7,52.47786311,13.42878018,afternoon,12,daylight,0,dry,0,0,3,1,0,0,0,0,1,3,slightly_injured
2018,6,Wed,4,52.5652603,13.39473106,afternoon,13,daylight,0,dry,0,0,5,1,1,0,0,0,0,3,slightly_injured
2018,6,Wed,4,52.44196389,13.4063619,evening,18,daylight,0,dry,0,0,5,0,1,0,0,0,1,2,seriously_injured
2018,6,Sat,7,52.51087407,13.49128914,afternoon,12,daylight,0,dry,0,2,2,0,1,0,1,0,0,3,slightly_injured
2018,6,Wed,4,52.44105337,13.59804068,evening,20,daylight,0,dry,0,5,3,0,1,0,0,0,0,3,slightly_injured
2018,6,Sat,7,52.43043424,13.53559384,morning,9,daylight,0,dry,0,5,3,0,1,0,0,0,0,3,slightly_injured
2018,6,Wed,4,52.42644521,13.43519418,evening,18,daylight,0,dry,0,5,2,0,1,0,0,0,0,3,slightly_injured
2018,6,Wed,4,52.53419883,13.491734,afternoon,13,daylight,0,dry,0,0,2,0,1,0,0,0,1,3,slightly_injured
2018,6,Sat,7,52.49552428,13.52301355,morning,10,daylight,0,dry,0,5,3,1,1,0,0,0,0,3,slightly_injured
2018,6,Wed,4,52.52988334,13.63307459,afternoon,13,daylight,0,dry,0,5,3,0,1,0,0,1,0,3,slightly_injured
2018,6,Wed,4,52.53350709,13.33077975,afternoon,12,daylight,0,dry,0,5,2,0,1,0,1,0,0,3,slightly_injured
2018,6,Sat,7,52.49356022,13.33452764,morning,10,daylight,0,dry,0,0,3,0,1,0,1,0,0,3,slightly_injured
2018,6,Wed,4,52.41481372,13.34775855,afternoon,12,daylight,0,dry,0,6,7,0,0,1,0,0,1,3,slightly_injured
2018,6,Sat,7,52.58814031,13.28528621,morning,11,daylight,0,dry,0,2,6,0,1,0,1,0,0,3,slightly_injured
2018,6,Sat,7,52.55322357,13.19879629,afternoon,12,daylight,0,dry,0,6,4,0,1,1,0,0,0,3,slightly_injured
2018,6,Wed,4,52.51479979,13.37972524,afternoon,12,daylight,0,dry,0,2,6,0,1,0,0,0,0,3,slightly_injured
2018,6,Sat,7,52.5331369,13.40431076,afternoon,13,daylight,0,dry,0,5,2,1,1,0,0,0,0,3,slightly_injured
2018,6,Fri,6,52.54552215,13.24801649,afternoon,15,daylight,0,dry,0,5,3,0,1,0,1,0,0,3,slightly_injured
2018,6,Wed,4,52.50826003,13.37765631,afternoon,12,daylight,0,dry,0,0,7,0,0,0,1,0,0,3,slightly_injured
2018,6,Sat,7,52.51891281,13.33971347,morning,9,daylight,0,dry,0,5,3,0,1,0,0,0,0,3,slightly_injured
2018,6,Wed,4,52.49152639,13.31277691,morning,10,daylight,0,dry,0,5,7,0,1,0,0,0,0,3,slightly_injured
2018,6,Fri,6,52.50081446,13.36360975,afternoon,16,daylight,0,dry,0,2,6,0,1,0,0,0,0,3,slightly_injured
2018,6,Wed,4,52.55165929,13.38272525,morning,10,daylight,0,dry,0,1,5,1,1,0,0,0,0,3,slightly_injured
2018,6,Sat,7,52.41470168,13.402113,morning,11,daylight,0,dry,0,2,6,0,1,0,0,0,0,3,slightly_injured
2018,6,Wed,4,52.46845275,13.37794806,morning,10,daylight,0,dry,0,2,6,0,1,0,1,0,0,3,slightly_injured
2018,6,Sat,7,52.4993536,13.43036891,night,3,dusk,1,dry,0,0,1,1,0,0,0,0,0,2,seriously_injured
2018,6,Sat,7,52.55539396,13.35635302,afternoon,15,daylight,0,dry,0,5,3,0,0,0,1,0,1,3,slightly_injured
2018,6,Wed,4,52.48241225,13.46526626,morning,9,daylight,0,dry,0,9,1,1,0,0,0,0,0,3,slightly_injured
2018,6,Fri,6,52.49307926,13.26084703,afternoon,17,daylight,0,dry,0,5,3,1,1,0,0,0,0,3,slightly_injured
2018,6,Fri,6,52.50528534,13.35224376,afternoon,14,daylight,0,dry,0,5,3,1,1,0,0,0,0,3,slightly_injured
2018,6,Wed,4,52.55242298,13.355382,morning,8,daylight,0,dry,0,2,6,0,1,0,0,0,0,3,slightly_injured
2018,6,Fri,6,52.38959789,13.41386571,evening,18,daylight,0,dry,0,0,2,1,1,0,0,0,0,3,slightly_injured
2018,6,Wed,4,52.54760127,13.3111541,morning,7,daylight,0,dry,0,3,6,0,1,0,0,0,0,3,slightly_injured
2018,6,Fri,6,52.43214486,13.31036044,morning,8,daylight,0,dry,0,0,7,1,0,0,0,0,0,3,slightly_injured
2018,6,Wed,4,52.53962257,13.53680721,morning,6,daylight,0,dry,0,3,6,0,1,0,0,1,0,3,slightly_injured
2018,6,Fri,6,52.47156029,13.38576531,afternoon,12,daylight,0,dry,0,5,3,1,1,0,0,0,0,3,slightly_injured
2018,6,Fri,6,52.4556489,13.5786964,evening,20,daylight,0,dry,0,6,6,0,1,1,0,0,0,3,slightly_injured
2018,6,Wed,4,52.48503392,13.26868332,night,4,dusk,1,dry,0,1,1,0,1,0,0,0,0,3,slightly_injured
2018,6,Fri,6,52.46297513,13.34829052,evening,18,daylight,0,dry,0,5,7,1,1,0,0,0,0,3,slightly_injured
2018,6,Wed,4,52.51834427,13.28059123,night,1,dark,2,dry,0,1,5,0,1,0,0,0,0,3,slightly_injured
2018,6,Fri,6,52.451541,13.59316339,afternoon,17,daylight,0,dry,0,3,2,0,1,0,1,0,0,3,slightly_injured
2018,6,Mon,2,52.47064184,13.57377078,evening,18,daylight,0,dry,0,6,4,0,1,1,0,0,0,2,seriously_injured