ujahr,umonat,weekday,uwochentag,long,lat,time_of_day,ustunde,light_condition,ulichtverh,street_condition,ustrzustand,uart,utyp1,ist_rad,ist_pkw,ist_fuss,ist_krad,ist_gkfz,ist_sonstige,ukategorie,accident_outcome
2018,6,Fri,6,52.38667402,13.40404702,afternoon,17,daylight,0,dry,0,6,7,0,1,1,0,0,0,3,slightly_injured
2018,6,Wed,4,52.55352664,13.29441065,afternoon,14,daylight,0,dry,0,1,5,0,1,0,0,0,1,3,slightly_injured
2018,6,Fri,6,52.48549369,13.28420084,afternoon,17,daylight,0,dry,0,3,6,1,1,0,0,0,0,3,slightly_injured
2018,6,Fri,6,52.44440102,13.29513047,afternoon,16,daylight,0,dry,0,0,2,1,1,0,0,0,0,3,slightly_injured
2018,6,Wed,4,52.53413012,13.1816985,morning,7,daylight,0,dry,0,5,2,1,0,0,0,1,0,1,killed
2018,6,Fri,6,52.53185398,13.19734399,evening,19,dusk,1,dry,0,2,6,0,1,0,0,0,0,3,slightly_injured
2018,6,Tue,3,52.52953436,13.39933235,afternoon,13,daylight,0,dry,0,2,6,0,1,0,0,0,0,3,slightly_injured
2018,6,Mon,2,52.55179738,13.38281098,evening,18,daylight,0,dry,0,1,5,1,1,0,0,0,0,2,seriously_injured
2018,6,Tue,3,52.48479331,13.33319071,afternoon,15,daylight,0,dry,0,1,5,1,1,0,0,0,0,3,slightly_injured
2018,6,Fri,6,52.51417144,13.43159729,evening,20,dusk,1,dry,0,1,5,1,1,0,0,0,0,3,slightly_injured
2018,6,Tue,3,52.5229339,13.32984633,afternoon,15,daylight,0,dry,0,5,2,1,1,0,0,0,0,3,slightly_injured
2018,6,Fri,6,52.47108865,13.45212621,afternoon,16,daylight,0,dry,0,5,2,1,1,0,0,0,0,3,slightly_injured
2018,6,Mon,2,52.53309131,13.47618661,evening,18,daylight,0,dry,0,5,2,0,1,0,0,0,0,3,slightly_injured
2018,6,Fri,6,52.50326551,13.34891728,morning,10,daylight,0,dry,0,3,6,0,1,0,0,0,0,2,seriously_injured
2018,6,Fri,6,52.45549859,13.31717522,afternoon,16,daylight,0,dry,0,6,4,1,0,1,0,0,0,3,slightly_injured
2018,6,Tue,3,52.41555165,13.49612495,afternoon,15,daylight,0,dry,0,0,6,0,1,0,1,0,0,3,slightly_injured
2018,6,Fri,6,52.49815315,13.34932086,evening,20,daylight,0,dry,0,1,5,1,1,0,0,0,0,3,slightly_injured
2018,6,Tue,3,52.60099531,13.50178574,evening,21,dusk,1,dry,0,0,1,0,0,0,1,0,0,3,slightly_injured
2018,6,Tue,3,52.53707901,13.21899467,evening,20,daylight,0,dry,0,1,7,0,1,0,0,0,1,2,seriously_injured
2018,6,Fri,6,52.45706246,13.32075702,evening,20,daylight,0,dry,0,6,4,0,1,1,0,0,0,3,slightly_injured
2018,6,Tue,3,52.54782926,13.20125545,afternoon,14,daylight,0,dry,0,2,2,0,1,0,0,0,1,3,slightly_injured
2018,6,Mon,2,52.53524607,13.35600541,afternoon,17,daylight,0,dry,0,3,6,1,1,0,0,0,0,3,slightly_injured
2018,6,Tue,3,52.50249976,13.49108711,afternoon,14,daylight,0,dry,0,5,3,0,1,0,0,0,0,3,slightly_injured
2018,6,Fri,6,52.53407736,13.40518771,evening,21,daylight,0,dry,0,5,3,1,1,0,0,0,0,3,slightly_injured
2018,6,Tue,3,52.45091986,13.43769043,afternoon,14,daylight,0,dry,0,6,7,0,1,1,0,0,0,3,slightly_injured
2018,6,Mon,2,52.54242353,13.48929116,afternoon,16,daylight,0,dry,0,5,2,1,1,0,0,0,0,3,slightly_injured
2018,6,Tue,3,52.50140606,13.31316326,afternoon,14,daylight,0,dry,0,2,6,0,1,0,0,0,0,3,slightly_injured
2018,6,Fri,6,52.47970884,13.28512851,afternoon,15,daylight,0,dry,0,5,3,1,1,0,0,0,0,2,seriously_injured
2018,6,Tue,3,52.4997357,13.418176,afternoon,13,daylight,0,dry,0,0,5,1,1,0,0,0,0,3,slightly_injured
2018,6,Fri,6,52.54310918,13.49058511,afternoon,15,daylight,0,dry,0,3,6,0,1,0,1,0,0,3,slightly_injured
2018,6,Mon,2,52.49995865,13.57922649,afternoon,16,daylight,0,dry,0,5,3,0,1,0,1,0,0,3,slightly_injured
2018,6,Tue,3,52.5515684,13.44124188,afternoon,12,daylight,0,dry,0,6,4,0,1,1,0,0,0,2,seriously_injured
2018,6,Fri,6,52.53249237,13.39743756,afternoon,15,daylight,0,dry,0,0,6,1,0,0,0,0,1,3,slightly_injured
2018,6,Tue,3,52.46115412,13.43498058,afternoon,14,daylight,0,dry,0,3,6,0,1,0,1,0,0,3,slightly_injured
2018,6,Fri,6,52.44748348,13.57549502,afternoon,13,daylight,0,dry,0,5,3,1,1,0,0,0,0,3,slightly_injured
2018,6,Tue,3,52.51041106,13.43705707,afternoon,15,daylight,0,dry,0,5,2,0,1,1,1,0,0,3,slightly_injured
2018,6,Fri,6,52.55291877,13.38226564,afternoon,14,daylight,0,dry,0,1,5,1,1,0,0,0,0,3,slightly_injured
2018,6,Tue,3,52.50362005,13.37397193,afternoon,16,daylight,0,dry,0,3,6,0,1,0,1,0,0,3,slightly_injured
2018,6,Mon,2,52.50570459,13.32564517,afternoon,16,daylight,0,dry,0,8,1,1,0,0,0,0,0,3,slightly_injured
2018,6,Fri,6,52.52189986,13.2591116,afternoon,13,daylight,0,dry,0,3,6,0,1,0,0,1,0,3,slightly_injured
2018,6,Tue,3,52.50191115,13.31323146,afternoon,16,daylight,0,dry,0,5,5,1,1,0,0,0,0,3,slightly_injured
2018,6,Fri,6,52.50732222,13.26233856,afternoon,12,daylight,0,dry,0,2,6,0,1,0,1,0,0,3,slightly_injured
2018,6,Mon,2,52.50155688,13.31942767,afternoon,16,daylight,0,dry,0,5,7,0,1,0,0,0,0,3,slightly_injured
2018,6,Tue,3,52.56328373,13.42722949,afternoon,17,daylight,0,dry,0,2,2,0,1,0,0,0,0,3,slightly_injured
2018,6,Fri,6,52.44233623,13.35398342,afternoon,13,daylight,0,dry,0,0,6,0,1,0,1,0,0,3,slightly_injured
2018,6,Tue,3,52.50063133,13.31363779,afternoon,16,daylight,0,dry,0,0,6,0,1,0,0,0,1,3,slightly_injured
2018,6,Fri,6,52.46573503,13.38921707,afternoon,15,daylight,0,dry,0,3,6,1,0,0,1,0,0,2,seriously_injured
2018,6,Mon,2,52.53542344,13.39018978,afternoon,16,daylight,0,dry,0,5,2,1,1,0,0,0,0,3,slightly_injured
2018,6,Fri,6,52.44809043,13.40342124,afternoon,14,daylight,0,dry,0,6,7,0,1,1,0,0,0,3,slightly_injured
2018,6,Tue,3,52.43116391,13.18539586,afternoon,17,daylight,0,dry,0,5,2,1,1,0,0,0,0,3,slightly_injured
2018,6,Fri,6,52.50609658,13.2956091,afternoon,16,daylight,0,dry,0,0,1,0,0,0,1,0,0,2,seriously_injured
2018,6,Tue,3,52.46899258,13.49117814,afternoon,17,daylight,0,dry,0,5,2,1,0,0,0,1,0,3,slightly_injured
2018,6,Fri,6,52.54282981,13.55010753,evening,21,dusk,1,dry,0,5,2,0,1,0,0,0,0,2,seriously_injured
2018,6,Tue,3,52.5279708,13.57277227,afternoon,17,daylight,0,dry,0,5,3,1,1,0,0,0,0,3,slightly_injured
2018,6,Fri,6,52.4531478,13.60806525,evening,18,daylight,0,dry,0,2,6,0,1,0,0,0,1,3,slightly_injured
2018,6,Mon,2,52.50175447,13.48977803,afternoon,14,daylight,0,dry,0,2,6,0,1,0,0,0,0,3,slightly_injured
2018,6,Fri,6,52.48625294,13.42410423,afternoon,17,daylight,0,dry,0,0,4,0,1,1,1,0,0,3,slightly_injured
2018,6,Tue,3,52.54016324,13.37936833,evening,18,daylight,0,dry,0,5,3,1,1,0,0,0,0,2,seriously_injured
2018,6,Fri,6,52.44149239,13.35327448,afternoon,15,daylight,0,dry,0,0,6,0,1,0,1,0,1,3,slightly_injured
2018,6,Fri,6,52.61129181,13.21741533,afternoon,16,daylight,0,dry,0,5,3,0,1,0,0,0,0,3,slightly_injured
2018,6,Tue,3,52.50003331,13.30682121,afternoon,12,daylight,0,dry,0,5,2,1,0,0,0,0,1,3,slightly_injured
2018,6,Fri,6,52.52917005,13.19553198,afternoon,16,daylight,0,dry,0,0,2,0,1,0,0,0,1,3,slightly_injured
2018,6,Fri,6,52.41790772,13.30506423,afternoon,15,daylight,0,dry,0,0,3,1,0,0,0,0,1,3,slightly_injured
2018,6,Tue,3,52.42102068,13.54114078,morning,11,daylight,0,dry,0,1,7,1,1,0,0,0,0,3,slightly_injured
2018,6,Fri,6,52.44249148,13.2297899,afternoon,14,daylight,0,dry,0,5,3,0,1,0,0,0,0,3,slightly_injured
2018,6,Fri,6,52.43506499,13.34609541,afternoon,14,daylight,0,dry,0,1,1,0,1,0,1,0,0,3,slightly_injured
2018,6,Tue,3,52.49585066,13.39667166,morning,11,daylight,0,dry,0,3,6,1,1,0,0,0,0,2,seriously_injured
2018,6,Fri,6,52.41952375,13.34811671,afternoon,17,daylight,0,dry,0,5,3,0,1,0,0,0,0,3,slightly_injured
2018,6,Tue,3,52.55878219,13.22768775,morning,11,daylight,0,dry,0,3,2,0,1,0,0,1,0,3,slightly_injured
2018,6,Fri,6,52.48100967,13.42651419,afternoon,16,daylight,0,dry,0,6,4,0,1,1,0,0,0,3,slightly_injured
2018,6,Mon,2,52.52903194,13.45777609,afternoon,14,daylight,0,dry,0,5,2,1,1,0,0,0,0,3,slightly_injured
2018,6,Fri,6,52.55762592,13.45842526,evening,19,daylight,0,dry,0,5,3,0,1,0,0,0,0,3,slightly_injured
2018,6,Tue,3,52.50156824,13.31942928,morning,11,daylight,0,dry,0,5,3,0,1,0,0,0,0,3,slightly_injured
2018,6,Fri,6,52.52304224,13.42622568,afternoon,15,daylight,0,dry,0,0,1,0,0,0,1,0,0,3,slightly_injured
2018,6,Fri,6,52.52400409,13.40998628,morning,7,daylight,0,dry,0,3,6,1,0,0,0,0,0,3,slightly_injured
2018,6,Fri,6,52.55878093,13.4618493,afternoon,13,daylight,0,dry,0,0,6,0,1,0,1,0,0,3,slightly_injured
2018,6,Tue,3,52.57646176,13.29446199,morning,10,daylight,0,dry,0,6,4,0,1,1,0,0,0,3,slightly_injured
2018,6,Fri,6,52.51067869,13.31447841,afternoon,13,daylight,0,dry,0,5,2,1,1,0,0,0,0,3,slightly_injured
2018,6,Tue,3,52.50736242,13.41364232,morning,10,daylight,0,dry,0,3,6,0,1,0,1,0,0,3,slightly_injured
2018,6,Mon,2,52.52079364,13.19781414,afternoon,13,daylight,0,dry,0,6,4,0,1,1,0,0,0,2,seriously_injured
2018,6,Tue,3,52.50445802,13.38228739,morning,10,daylight,0,dry,0,5,2,0,1,0,0,0,0,3,slightly_injured
2018,6,Fri,6,52.55212321,13.36570117,afternoon,12,daylight,0,dry,0,5,3,1,1,0,0,0,0,3,slightly_injured
2018,6,Tue,3,52.52328829,13.43000604,morning,9,daylight,0,dry,0,2,2,0,1,0,0,0,0,3,slightly_injured
2018,6,Fri,6,52.5658899,13.32882496,afternoon,12,daylight,0,dry,0,5,7,1,0,0,0,0,0,3,slightly_injured
2018,6,Mon,2,52.50380345,13.35053129,afternoon,13,daylight,0,dry,0,3,6,0,1,0,0,0,1,3,slightly_injured
2018,6,Tue,3,52.57321642,13.23079465,morning,7,daylight,0,dry,0,1,5,1,1,0,0,0,0,2,seriously_injured
2018,6,Fri,6,52.6181119,13.44890354,afternoon,12,daylight,0,dry,0,0,7,0,1,0,0,0,0,2,seriously_injured
2018,6,Tue,3,52.59468475,13.35629705,morning,8,daylight,0,dry,0,1,5,1,1,0,0,0,0,3,slightly_injured
2018,6,Fri,6,52.60622927,13.42027652,afternoon,12,daylight,0,dry,0,2,2,0,1,0,0,0,1,3,slightly_injured
2018,6,Fri,6,52.61596975,13.48574447,afternoon,12,daylight,0,dry,0,1,5,0,1,0,1,0,0,3,slightly_injured
2018,6,Tue,3,52.47871349,13.32800195,afternoon,13,daylight,0,dry,0,0,1,0,0,0,1,0,0,2,seriously_injured
2018,6,Fri,6,52.52422498,13.3425412,afternoon,12,daylight,0,dry,0,5,2,1,1,0,0,0,0,2,seriously_injured
2018,6,Tue,3,52.52393947,13.3969606,afternoon,12,daylight,0,dry,0,0,1,0,0,0,1,0,0,3,slightly_injured
2018,6,Tue,3,52.51410197,13.59099656,morning,8,daylight,0,dry,0,0,1,0,0,0,1,0,0,3,slightly_injured
2018,6,Fri,6,52.50836478,13.43515698,morning,11,daylight,0,dry,0,2,6,0,1,0,0,0,0,3,slightly_injured
2018,6,Tue,3,52.52749761,13.45209848,evening,18,daylight,0,dry,0,2,6,0,1,0,0,0,0,3,slightly_injured
2018,6,Tue,3,52.53795789,13.22821328,morning,8,daylight,0,dry,0,2,6,0,1,0,0,0,1,3,slightly_injured
2018,6,Fri,6,52.45361964,13.37714602,morning,11,daylight,0,dry,0,5,2,1,1,0,0,0,0,3,slightly_injured
2018,6,Tue,3,52.5972246,13.37582226,morning,7,daylight,0,dry,0,0,1,0,0,0,1,0,0,3,slightly_injured
2018,6,Fri,6,52.47250631,13.37925094,morning,10,daylight,0,dry,0,5,3,1,1,0,0,0,0,3,slightly_injured
2018,6,Fri,6,52.48762639,13.34519191,morning,9,daylight,0,dry,0,1,1,0,1,0,0,0,0,3,slightly_injured
2018,6,Tue,3,52.42171742,13.46161099,morning,7,daylight,0,dry,0,5,3,1,1,0,0,0,0,3,slightly_injured
2018,6,Tue,3,52.56445994,13.39319212,morning,7,daylight,0,dry,0,6,4,0,1,1,0,0,0,2,seriously_injured
2018,6,Tue,3,52.55647225,13.52896351,morning,6,daylight,0,dry,0,0,2,1,1,0,0,0,0,3,slightly_injured
2018,6,Fri,6,52.53803431,13.37323193,morning,9,daylight,0,dry,0,5,2,1,1,0,0,0,0,3,slightly_injured
2018,6,Tue,3,52.51113111,13.37123177,morning,6,daylight,0,dry,0,5,2,1,1,0,0,0,0,3,slightly_injured
2018,6,Tue,3,52.43636881,13.5438721,morning,6,daylight,0,dry,0,8,1,1,0,0,0,0,0,2,seriously_injured
2018,6,Fri,6,52.43066228,13.26661917,morning,9,daylight,0,dry,0,5,2,1,0,0,0,1,0,3,slightly_injured
2018,6,Tue,3,52.48353116,13.5023711,evening,18,daylight,0,dry,0,5,2,1,0,0,0,0,1,1,killed
2018,6,Mon,2,52.41682862,13.26561393,afternoon,16,daylight,0,dry,0,5,2,1,1,0,0,0,0,3,slightly_injured
2018,6,Fri,6,52.53912363,13.39525325,morning,8,daylight,0,dry,0,2,6,0,1,0,0,0,0,3,slightly_injured
2018,6,Mon,2,52.5448816,13.34602207,afternoon,15,daylight,0,dry,0,3,6,0,1,0,1,0,0,2,seriously_injured
2018,6,Fri,6,52.54851513,13.55570595,morning,7,daylight,0,dry,0,5,3,0,1,0,0,0,0,3,slightly_injured
2018,6,Fri,6,52.50208961,13.50942311,morning,7,daylight,0,dry,0,0,6,1,0,0,0,0,1,2,seriously_injured
2018,6,Mon,2,52.58831254,13.34103267,afternoon,13,daylight,0,dry,0,2,6,0,1,0,0,0,0,3,slightly_injured
2018,6,Fri,6,52.41834424,13.56889551,afternoon,15,daylight,0,dry,0,3,6,0,1,0,1,0,0,3,slightly_injured
2018,6,Mon,2,52.49137558,13.39439314,evening,18,daylight,0,dry,0,5,2,1,0,0,0,1,0,3,slightly_injured
2018,6,Fri,6,52.49611769,13.61525431,morning,6,daylight,0,dry,0,5,3,0,1,0,1,0,0,3,slightly_injured
2018,6,Mon,2,52.56801533,13.31196154,morning,8,daylight,0,dry,0,5,2,1,1,0,0,0,0,3,slightly_injured
2018,6,Fri,6,52.63280881,13.51475437,morning,6,daylight,0,dry,0,5,3,0,1,0,0,0,0,3,slightly_injured
2018,6,Fri,6,52.51040951,13.43705597,afternoon,12,daylight,0,dry,0,2,7,1,1,0,0,0,0,3,slightly_injured
2018,6,Fri,6,52.51229342,13.31481017,morning,7,daylight,0,dry,0,5,2,1,1,0,0,0,0,3,slightly_injured
2018,6,Mon,2,52.58765767,13.31946794,evening,20,daylight,0,dry,0,0,2,0,1,0,1,0,0,2,seriously_injured
2018,6,Fri,6,52.56524897,13.44444522,morning,7,daylight,0,dry,0,5,2,1,1,0,0,0,0,3,slightly_injured
2018,6,Mon,2,52.56249609,13.35377689,evening,22,dark,2,dry,0,1,1,0,1,0,0,0,0,2,seriously_injured
2018,6,Fri,6,52.50629918,13.33232596,morning,6,daylight,0,dry,0,5,2,1,1,0,0,0,0,2,seriously_injured
2018,6,Mon,2,52.53919542,13.32984563,evening,22,dark,2,dry,0,0,1,0,0,0,1,0,0,3,slightly_injured
2018,6,Fri,6,52.54590733,13.58626157,night,0,dark,2,dry,0,9,1,0,0,0,1,0,0,2,seriously_injured
2018,6,Thu,5,52.4443708,13.33883735,evening,18,daylight,0,dry,0,5,2,0,1,0,0,0,0,3,slightly_injured
2018,6,Mon,2,52.49498368,13.28966186,evening,21,dusk,1,dry,0,6,4,0,1,1,0,0,0,3,slightly_injured
2018,6,Thu,5,52.52326261,13.34219383,evening,23,dark,2,dry,0,2,7,1,0,0,0,0,0,3,slightly_injured
2018,6,Fri,6,52.46346706,13.40399515,afternoon,14,daylight,0,dry,0,5,2,0,1,0,1,0,0,3,slightly_injured
2018,6,Mon,2,52.52283354,13.1736977,evening,20,daylight,0,dry,0,0,1,0,0,0,1,0,0,3,slightly_injured
2018,6,Thu,5,52.52796976,13.37432471,evening,18,daylight,0,dry,0,5,3,1,1,0,0,0,0,3,slightly_injured
2018,6,Mon,2,52.53273666,13.1490246,evening,20,daylight,0,dry,0,1,5,1,1,0,0,0,0,3,slightly_injured
2018,6,Thu,5,52.48829631,13.51317373,morning,8,daylight,0,dry,0,3,6,1,0,0,0,0,0,3,slightly_injured
2018,6,Mon,2,52.54304271,13.20608044,evening,20,daylight,0,dry,0,6,4,0,1,1,0,0,0,3,slightly_injured
2018,6,Thu,5,52.4937834,13.36513722,morning,11,daylight,0,dry,0,0,6,0,1,0,0,0,1,3,slightly_injured
2018,6,Fri,6,52.61034681,13.31955867,morning,6,daylight,0,dry,0,5,2,0,1,0,0,0,0,3,slightly_injured
2018,6,Tue,3,52.51320704,13.33025329,afternoon,16,daylight,0,dry,0,5,2,0,1,0,1,0,0,3,slightly_injured
2018,6,Tue,3,52.53719272,13.2057172,afternoon,16,daylight,0,dry,0,6,7,1,0,1,0,0,0,3,slightly_injured
2018,6,Fri,6,52.47964431,13.31128059,afternoon,12,daylight,0,wet,1,5,5,1,0,0,0,0,1,3,slightly_injured
2018,6,Tue,3,52.50323935,13.33874619,afternoon,16,daylight,0,dry,0,3,6,1,1,0,0,0,0,3,slightly_injured
2018,6,Fri,6,52.56329139,13.32726236,morning,11,daylight,0,wet,1,2,6,0,1,0,0,0,1,3,slightly_injured
2018,6,Fri,6,52.57793649,13.31543093,morning,10,daylight,0,wet,1,5,2,0,1,0,0,0,0,3,slightly_injured
2018,6,Tue,3,52.50517928,13.4333134,afternoon,16,daylight,0,dry,0,5,2,0,1,0,1,0,0,3,slightly_injured
2018,6,Fri,6,52.48219542,13.51612833,morning,10,daylight,0,dry,0,5,3,0,1,0,0,0,0,3,slightly_injured
2018,6,Tue,3,52.44103652,13.26476404,afternoon,16,daylight,0,dry,0,5,3,1,1,0,0,0,0,3,slightly_injured
2018,6,Sun,1,52.4977372,13.36183431,afternoon,13,daylight,0,wet,1,5,3,0,1,1,0,0,1,2,seriously_injured
2018,6,Fri,6,52.49386354,13.37959462,morning,10,daylight,0,dry,0,5,3,0,0,0,1,0,1,3,slightly_injured
2018,6,Tue,3,52.49335693,13.42628396,afternoon,16,daylight,0,dry,0,4,6,1,1,0,0,0,0,3,slightly_injured
2018,6,Fri,6,52.51219213,13.31727491,morning,8,daylight,0,dry,0,5,3,0,1,0,1,0,0,3,slightly_injured
2018,6,Fri,6,52.49947939,13.30467018,morning,8,daylight,0,dry,0,3,6,0,1,0,0,0,1,3,slightly_injured
2018,6,Tue,3,52.48354907,13.32006948,afternoon,16,daylight,0,dry,0,5,2,1,1,0,0,0,0,3,slightly_injured
2018,6,Fri,6,52.43084091,13.27888772,morning,8,daylight,0,dry,0,5,2,1,1,0,0,0,0,3,slightly_injured
2018,6,Fri,6,52.49893792,13.51989355,morning,8,daylight,0,dry,0,6,7,0,1,1,0,0,0,3,slightly_injured
2018,6,Tue,3,52.54189526,13.34912027,afternoon,16,daylight,0,dry,0,0,6,0,0,0,1,0,1,3,slightly_injured
2018,6,Fri,6,52.52521048,13.33777317,morning,8,daylight,0,dry,0,5,2,1,1,0,0,0,0,3,slightly_injured
2018,6,Tue,3,52.46914364,13.49136016,afternoon,16,daylight,0,dry,0,5,2,0,1,0,0,0,0,2,seriously_injured
2018,6,Fri,6,52.44219324,13.35395734,night,5,daylight,0,dry,0,0,6,0,0,0,1,0,1,3,slightly_injured
2018,6,Fri,6,52.56253846,13.32665943,evening,22,dark,2,dry,0,5,2,0,1,0,0,0,0,3,slightly_injured
2018,6,Tue,3,52.52813915,13.45397482,afternoon,17,daylight,0,dry,0,3,7,1,0,0,0,0,0,3,slightly_injured
2018,6,Fri,6,52.5876081,13.28906942,evening,21,dark,2,dry,0,5,3,0,1,0,1,0,0,3,slightly_injured
2018,6,Sat,7,52.55512291,13.42352335,evening,19,daylight,0,dry,0,5,2,0,1,0,1,0,0,2,seriously_injured
2018,6,Tue,3,52.42664855,13.39413537,afternoon,16,daylight,0,dry,0,2,6,0,1,0,0,0,0,3,slightly_injured
2018,6,Sun,1,52.51585596,13.44041796,afternoon,12,daylight,0,wet,1,5,3,1,1,0,0,0,0,3,slightly_injured
2018,6,Sat,7,52.52858704,13.39376307,afternoon,17,daylight,0,dry,0,5,3,1,0,0,0,0,1,3,slightly_injured
2018,6,Fri,6,52.45753943,13.62562945,evening,21,dusk,1,dry,0,5,3,0,1,0,0,0,0,3,slightly_injured
2018,6,Tue,3,52.52612823,13.54794181,afternoon,17,daylight,0,dry,0,5,2,1,1,0,0,0,0,3,slightly_injured
2018,6,Fri,6,52.50007263,13.30706749,evening,21,dark,2,dry,0,5,2,0,1,0,0,0,0,3,slightly_injured
2018,6,Fri,6,52.55618702,13.3784209,morning,9,daylight,0,dry,0,3,6,0,0,0,1,1,0,2,seriously_injured
2018,6,Tue,3,52.5055193,13.35216424,afternoon,14,daylight,0,dry,0,5,2,0,1,0,0,0,0,3,slightly_injured
2018,6,Fri,6,52.57988558,13.30134621,morning,9,daylight,0,wet,1,6,4,0,0,1,0,0,1,2,seriously_injured
2018,6,Mon,2,52.59512197,13.28537489,morning,9,daylight,0,dry,0,2,6,0,1,0,1,0,0,3,slightly_injured
2018,6,Fri,6,52.55028314,13.45243258,evening,21,daylight,0,dry,0,1,5,1,1,0,0,0,0,3,slightly_injured
2018,6,Tue,3,52.45780313,13.57866592,afternoon,14,daylight,0,dry,0,6,4,0,0,1,1,0,0,2,seriously_injured
2018,6,Fri,6,52.54414523,13.39154028,evening,19,daylight,0,dry,0,3,6,0,1,0,1,0,0,2,seriously_injured
2018,6,Tue,3,52.49320307,13.42206853,afternoon,13,daylight,0,dry,0,2,6,1,1,0,0,0,0,3,slightly_injured
2018,6,Tue,3,52.50581747,13.38053926,afternoon,12,daylight,0,dry,0,6,4,0,1,1,0,0,0,3,slightly_injured
2018,6,Fri,6,52.44748345,13.57549596,evening,18,daylight,0,dry,0,5,3,1,1,0,0,0,0,3,slightly_injured
2018,6,Tue,3,52.50905077,13.26424034,afternoon,12,daylight,0,dry,0,6,4,0,1,1,0,0,0,2,seriously_injured
2018,6,Tue,3,52.52354363,13.40160322,afternoon,12,daylight,0,dry,0,5,3,1,0,0,0,0,0,3,slightly_injured
2018,6,Fri,6,52.50318933,13.27921012,evening,18,daylight,0,dry,0,3,6,0,1,0,1,0,0,2,seriously_injured
2018,6,Fri,6,52.5663688,13.44114272,evening,18,daylight,0,dry,0,2,6,0,1,0,1,0,0,3,slightly_injured
2018,6,Tue,3,52.5526713,13.50390544,afternoon,12,daylight,0,dry,0,5,3,0,1,0,1,0,0,3,slightly_injured
2018,6,Fri,6,52.49812377,13.42146916,evening,18,daylight,0,dry,0,5,2,1,1,0,0,0,0,3,slightly_injured
2018,6,Tue,3,52.54411048,13.35955096,afternoon,12,daylight,0,dry,0,5,3,0,1,0,0,0,1,3,slightly_injured
2018,6,Sun,1,52.47378016,13.4562225,morning,10,daylight,0,wet,1,2,6,0,1,0,0,0,0,3,slightly_injured
2018,6,Tue,3,52.46159221,13.51779828,morning,11,daylight,0,dry,0,5,2,0,1,0,0,0,0,3,slightly_injured
2018,6,Fri,6,52.52904997,13.34318848,afternoon,16,daylight,0,dry,0,6,4,1,0,1,0,0,0,2,seriously_injured
2018,6,Tue,3,52.44651934,13.34324128,morning,11,daylight,0,dry,0,0,5,0,1,0,1,0,0,3,slightly_injured
2018,6,Tue,3,52.49902561,13.39584643,morning,11,daylight,0,dry,0,5,3,1,1,0,0,0,0,3,slightly_injured
2018,6,Fri,6,52.5150874,13.34945455,afternoon,16,daylight,0,dry,0,3,6,0,1,0,1,0,0,3,slightly_injured
2018,6,Tue,3,52.50026612,13.44349624,morning,11,daylight,0,dry,0,1,5,1,1,0,0,0,0,3,slightly_injured
2018,6,Fri,6,52.54047695,13.40387755,night,1,dark,2,dry,0,9,1,1,0,0,0,0,0,3,slightly_injured
2018,6,Tue,3,52.5044464,13.36756569,morning,10,daylight,0,dry,0,1,5,0,1,0,0,0,1,3,slightly_injured
2018,6,Fri,6,52.52947614,13.14008816,morning,7,daylight,0,dry,0,0,1,1,0,0,0,0,0,3,slightly_injured
2018,6,Tue,3,52.54755021,13.18424048,morning,9,daylight,0,dry,0,2,6,0,1,0,0,0,0,3,slightly_injured
2018,6,Sun,1,52.48301297,13.35333048,afternoon,15,daylight,0,wet,1,5,2,0,1,0,0,0,0,3,slightly_injured
2018,6,Fri,6,52.46565382,13.48716233,afternoon,13,daylight,0,dry,0,6,4,0,1,1,0,0,0,3,slightly_injured
2018,6,Tue,3,52.45971197,13.3266306,morning,10,daylight,0,dry,0,5,5,1,1,0,0,0,0,3,slightly_injured
2018,6,Fri,6,52.46127626,13.37667207,afternoon,16,daylight,0,wet,1,3,6,0,0,0,1,1,0,3,slightly_injured
2018,6,Tue,3,52.48841738,13.35699244,morning,9,daylight,0,dry,0,1,5,1,1,0,0,0,0,3,slightly_injured
2018,6,Sun,1,52.50417505,13.47420619,evening,18,daylight,0,wet,1,1,5,0,1,0,0,0,0,3,slightly_injured
2018,6,Tue,3,52.43189957,13.46018794,morning,8,daylight,0,dry,0,5,2,0,1,0,0,0,0,3,slightly_injured
2018,6,Fri,6,52.49976409,13.46875525,afternoon,16,daylight,0,dry,0,0,1,0,0,0,1,0,0,3,slightly_injured
2018,6,Tue,3,52.51013249,13.40317517,morning,8,daylight,0,dry,0,0,5,1,1,0,0,0,1,3,slightly_injured
2018,6,Sat,7,52.47867965,13.36508712,afternoon,17,daylight,0,wet,1,4,6,0,1,0,0,0,0,3,slightly_injured
2018,6,Tue,3,52.48527557,13.28425623,morning,8,daylight,0,dry,0,5,3,1,1,0,0,0,0,3,slightly_injured
2018,6,Fri,6,52.55334861,13.41957748,afternoon,15,daylight,0,dry,0,2,6,0,1,0,0,0,0,3,slightly_injured