ujahr,umonat,weekday,uwochentag,long,lat,time_of_day,ustunde,light_condition,ulichtverh,street_condition,ustrzustand,uart,utyp1,ist_rad,ist_pkw,ist_fuss,ist_krad,ist_gkfz,ist_sonstige,ukategorie,accident_outcome
2018,6,Tue,3,52.47866284,13.28394074,morning,8,daylight,0,dry,0,2,6,0,1,0,0,0,0,3,slightly_injured
2018,6,Fri,6,52.49614054,13.29491293,afternoon,14,daylight,0,dry,0,6,7,0,1,1,0,0,0,3,slightly_injured
2018,6,Fri,6,52.48519745,13.34109349,afternoon,14,daylight,0,dry,0,1,5,1,1,0,0,0,0,3,slightly_injured
2018,6,Tue,3,52.53663383,13.4182151,morning,8,daylight,0,dry,0,5,3,1,1,0,0,0,0,3,slightly_injured
2018,6,Fri,6,52.46805887,13.33153945,afternoon,13,daylight,0,wet,1,1,5,1,1,0,0,0,0,3,slightly_injured
2018,6,Sat,7,52.50194392,13.39128183,evening,18,daylight,0,dry,0,6,4,0,1,1,0,0,0,2,seriously_injured
2018,6,Tue,3,52.46428463,13.44357617,morning,8,daylight,0,dry,0,5,7,1,1,0,0,0,0,3,slightly_injured
2018,6,Sun,1,52.48766789,13.3082328,morning,11,daylight,0,wet,1,6,2,0,1,1,0,0,0,3,slightly_injured
2018,6,Sat,7,52.50419762,13.29517556,afternoon,17,daylight,0,dry,0,5,3,0,1,0,0,0,0,3,slightly_injured
2018,6,Tue,3,52.48775282,13.37555247,morning,7,daylight,0,dry,0,2,6,1,1,0,0,0,0,3,slightly_injured
2018,6,Fri,6,52.49608492,13.33458506,afternoon,13,daylight,0,dry,0,5,7,1,1,0,0,0,0,3,slightly_injured
2018,6,Sat,7,52.5258254,13.51975284,evening,19,daylight,0,wet,1,5,2,0,1,0,1,0,0,3,slightly_injured
2018,6,Tue,3,52.49783032,13.35212177,morning,7,daylight,0,dry,0,1,5,1,1,0,0,0,0,3,slightly_injured
2018,6,Fri,6,52.43530471,13.57148229,afternoon,13,daylight,0,dry,0,5,3,0,0,0,0,0,1,3,slightly_injured
2018,6,Tue,3,52.50665213,13.29097385,morning,7,daylight,0,dry,0,2,6,0,1,0,1,0,0,3,slightly_injured
2018,6,Fri,6,52.54308089,13.15786839,afternoon,13,daylight,0,wet,1,5,2,0,1,0,1,0,0,2,seriously_injured
2018,6,Fri,6,52.55413931,13.3391974,afternoon,13,daylight,0,dry,0,5,3,0,1,0,0,0,0,3,slightly_injured
2018,6,Tue,3,52.47020522,13.34909059,morning,7,daylight,0,dry,0,5,3,1,1,0,0,0,0,3,slightly_injured
2018,6,Thu,5,52.42308099,13.37333094,afternoon,15,daylight,0,dry,0,5,3,1,0,0,0,0,1,3,slightly_injured
2018,6,Thu,5,52.50151011,13.31936111,afternoon,14,daylight,0,wet,1,5,3,1,1,0,0,0,0,3,slightly_injured
2018,6,Tue,3,52.59577604,13.28490208,morning,6,daylight,0,wet,1,0,6,0,1,0,1,0,0,3,slightly_injured
2018,6,Thu,5,52.52173148,13.4005429,afternoon,15,daylight,0,dry,0,0,5,1,0,0,0,0,1,3,slightly_injured
2018,6,Sat,7,52.49535193,13.43795132,evening,18,daylight,0,dry,0,4,6,0,1,0,0,0,0,3,slightly_injured
2018,6,Tue,3,52.55850617,13.38620969,evening,22,dark,2,dry,0,6,4,1,0,1,0,0,0,3,slightly_injured
2018,6,Sat,7,52.50680381,13.228401,evening,23,dark,2,wet,1,5,3,0,1,0,0,0,1,3,slightly_injured
2018,6,Thu,5,52.46529073,13.47206484,evening,23,dark,2,dry,0,6,4,0,1,1,0,0,0,3,slightly_injured
2018,6,Tue,3,52.50311363,13.36558482,evening,21,dusk,1,dry,0,5,2,1,1,0,0,0,0,3,slightly_injured
2018,6,Thu,5,52.52101144,13.42964149,evening,21,dusk,1,dry,0,0,1,1,0,0,0,0,0,3,slightly_injured
2018,6,Thu,5,52.52523028,13.4130842,evening,20,dusk,1,dry,0,5,3,1,1,0,0,0,0,3,slightly_injured
2018,6,Tue,3,52.49621656,13.35944801,evening,19,daylight,0,dry,0,3,6,1,1,0,0,0,0,3,slightly_injured
2018,6,Thu,5,52.53747436,13.37418219,evening,20,daylight,0,dry,0,6,4,0,1,1,0,0,0,3,slightly_injured
2018,6,Mon,2,52.40338237,13.39860692,morning,8,daylight,0,wet,1,5,3,0,1,0,0,0,0,3,slightly_injured
2018,6,Thu,5,52.49731589,13.50530871,evening,19,daylight,0,dry,0,6,4,1,0,1,0,0,0,3,slightly_injured
2018,6,Tue,3,52.51474255,13.38905839,evening,19,daylight,0,dry,0,5,2,1,1,0,0,0,0,3,slightly_injured
2018,6,Thu,5,52.54253523,13.60378172,evening,18,daylight,0,dry,0,5,3,1,1,0,0,0,0,3,slightly_injured
2018,6,Mon,2,52.47424064,13.31448235,afternoon,13,daylight,0,dry,0,6,4,0,1,1,0,0,0,3,slightly_injured
2018,6,Thu,5,52.53867522,13.15704436,evening,18,daylight,0,dry,0,3,6,1,1,0,0,0,0,3,slightly_injured
2018,6,Tue,3,52.49743377,13.29220422,evening,18,daylight,0,dry,0,1,5,1,1,0,0,0,0,3,slightly_injured
2018,6,Thu,5,52.52741361,13.40313669,afternoon,17,daylight,0,dry,0,5,2,1,1,0,0,0,0,3,slightly_injured
2018,6,Tue,3,52.54658793,13.49726226,afternoon,17,daylight,0,dry,0,5,5,0,1,0,1,0,0,3,slightly_injured
2018,6,Tue,3,52.48152621,13.43959078,afternoon,17,daylight,0,dry,0,1,5,1,1,0,0,0,0,3,slightly_injured
2018,6,Thu,5,52.51556666,13.45056721,afternoon,17,daylight,0,dry,0,5,3,1,1,0,0,0,0,3,slightly_injured
2018,6,Thu,5,52.50348651,13.41124018,afternoon,16,daylight,0,dry,0,2,2,0,1,0,0,0,0,3,slightly_injured
2018,6,Tue,3,52.45178952,13.27134119,afternoon,12,daylight,0,dry,0,8,1,0,1,0,0,0,0,3,slightly_injured
2018,6,Thu,5,52.44673427,13.62727345,evening,19,daylight,0,dry,0,5,3,0,1,0,0,0,0,3,slightly_injured
2018,6,Tue,3,52.46237481,13.51433826,afternoon,15,daylight,0,dry,0,0,1,1,0,0,0,0,0,2,seriously_injured
2018,6,Sun,1,52.51712136,13.41243472,evening,22,dark,2,wet,1,5,3,1,1,0,0,0,0,3,slightly_injured
2018,6,Sat,7,52.49809405,13.38896038,evening,22,dark,2,wet,1,2,6,0,1,0,0,0,0,3,slightly_injured
2018,6,Sat,7,52.52887341,13.3434,evening,22,dark,2,wet,1,5,3,0,1,0,0,0,0,2,seriously_injured
2018,6,Tue,3,52.534085,13.40519486,afternoon,13,daylight,0,dry,0,0,1,1,0,0,0,0,0,3,slightly_injured
2018,6,Thu,5,52.5105717,13.46500113,afternoon,16,daylight,0,dry,0,5,3,0,1,0,1,0,0,3,slightly_injured
2018,6,Tue,3,52.44359345,13.59351598,afternoon,16,daylight,0,dry,0,0,1,1,0,0,0,0,0,3,slightly_injured
2018,6,Mon,2,52.56628754,13.50204818,afternoon,17,daylight,0,dry,0,6,7,0,1,1,0,0,0,3,slightly_injured
2018,6,Thu,5,52.61380861,13.3131088,afternoon,16,daylight,0,wet,1,5,2,1,1,0,0,0,0,3,slightly_injured
2018,6,Mon,2,52.54636044,13.43806394,morning,8,daylight,0,dry,0,5,2,1,1,0,0,0,0,3,slightly_injured
2018,6,Mon,2,52.49802982,13.56347433,afternoon,13,daylight,0,dry,0,6,4,0,1,1,0,0,0,3,slightly_injured
2018,6,Thu,5,52.55188346,13.51610986,afternoon,15,daylight,0,wet,1,5,2,1,0,0,0,0,1,2,seriously_injured
2018,6,Mon,2,52.50589969,13.62335515,morning,6,daylight,0,dry,0,2,6,1,1,0,0,0,0,3,slightly_injured
2018,6,Thu,5,52.43251769,13.31866714,afternoon,15,daylight,0,wet,1,5,3,0,1,0,1,0,0,3,slightly_injured
2018,6,Mon,2,52.51559801,13.41817621,evening,23,dark,2,dry,0,5,2,0,1,0,0,0,0,3,slightly_injured
2018,6,Thu,5,52.49083585,13.33080362,afternoon,15,daylight,0,wet,1,2,3,0,1,0,1,0,0,3,slightly_injured
2018,6,Mon,2,52.49895602,13.38533675,evening,22,dark,2,dry,0,5,2,0,0,0,1,0,0,2,seriously_injured
2018,6,Sun,1,52.43407199,13.38823154,evening,19,daylight,0,wet,1,0,1,0,0,0,1,0,0,2,seriously_injured
2018,6,Sat,7,52.5644887,13.39328164,afternoon,16,daylight,0,dry,0,0,4,0,0,1,0,0,1,2,seriously_injured
2018,6,Mon,2,52.52186776,13.41671334,evening,20,daylight,0,dry,0,6,4,0,1,1,0,0,0,2,seriously_injured
2018,6,Thu,5,52.49130491,13.38669629,afternoon,15,daylight,0,wet,1,5,2,1,1,0,0,0,0,3,slightly_injured
2018,6,Mon,2,52.52608289,13.4575733,evening,18,daylight,0,dry,0,0,7,1,0,0,0,0,0,3,slightly_injured
2018,6,Sat,7,52.45538553,13.37531527,afternoon,17,daylight,0,dry,0,2,2,0,1,0,0,0,0,3,slightly_injured
2018,6,Thu,5,52.54551353,13.42792712,afternoon,15,daylight,0,wet,1,5,2,1,1,0,0,0,0,3,slightly_injured
2018,6,Mon,2,52.42480186,13.37322148,evening,18,daylight,0,dry,0,6,2,0,0,1,0,0,1,3,slightly_injured
2018,6,Thu,5,52.55858643,13.33780704,afternoon,15,daylight,0,wet,1,2,6,0,1,0,0,0,0,3,slightly_injured
2018,6,Sat,7,52.53461326,13.19964664,afternoon,16,daylight,0,wet,1,5,3,0,1,0,0,0,1,3,slightly_injured
2018,6,Thu,5,52.48933243,13.37670854,afternoon,15,daylight,0,wet,1,6,4,0,0,1,0,0,1,3,slightly_injured
2018,6,Mon,2,52.56234855,13.54927084,evening,18,daylight,0,dry,0,5,2,0,1,0,0,0,0,3,slightly_injured
2018,6,Mon,2,52.51039891,13.35108215,afternoon,16,daylight,0,dry,0,5,3,1,1,0,0,0,0,3,slightly_injured
2018,6,Thu,5,52.52900885,13.3777366,afternoon,15,daylight,0,wet,1,5,2,1,1,0,0,0,0,3,slightly_injured
2018,6,Mon,2,52.49040518,13.39949092,afternoon,16,daylight,0,dry,0,3,6,0,1,0,0,0,0,3,slightly_injured
2018,6,Thu,5,52.52014957,13.16231857,afternoon,15,daylight,0,wet,1,2,6,0,1,0,0,0,0,3,slightly_injured
2018,6,Mon,2,52.43595002,13.5300998,afternoon,16,daylight,0,dry,0,5,3,1,1,0,0,0,0,3,slightly_injured
2018,6,Thu,5,52.50678608,13.29914678,afternoon,14,daylight,0,wet,1,0,1,0,0,0,1,0,0,3,slightly_injured
2018,6,Mon,2,52.45086572,13.33486365,afternoon,16,daylight,0,dry,0,1,5,1,1,0,0,0,0,3,slightly_injured
2018,6,Sun,1,52.41469791,13.65742277,afternoon,14,daylight,0,wet,1,2,7,0,1,0,0,0,0,3,slightly_injured
2018,6,Sat,7,52.49227003,13.37285675,afternoon,15,daylight,0,dry,0,2,6,0,1,0,0,0,0,3,slightly_injured
2018,6,Mon,2,52.53250776,13.61210352,afternoon,16,daylight,0,dry,0,2,6,0,1,0,0,0,1,3,slightly_injured
2018,6,Thu,5,52.5302459,13.39165152,afternoon,14,daylight,0,wet,1,0,1,1,0,0,0,0,0,3,slightly_injured
2018,6,Mon,2,52.41471662,13.40217634,afternoon,15,daylight,0,dry,0,5,3,1,1,0,0,0,0,3,slightly_injured
2018,6,Thu,5,52.48481395,13.43362297,afternoon,14,daylight,0,wet,1,0,2,1,1,0,0,0,0,3,slightly_injured
2018,6,Thu,5,52.45506059,13.63286432,afternoon,14,daylight,0,dry,0,1,5,1,1,0,0,0,0,3,slightly_injured
2018,6,Mon,2,52.48003355,13.42813769,afternoon,15,daylight,0,dry,0,5,3,0,1,0,0,0,1,3,slightly_injured
2018,6,Thu,5,52.53882778,13.20782642,afternoon,13,daylight,0,wet,1,2,6,0,1,0,0,0,0,3,slightly_injured
2018,6,Sat,7,52.53956953,13.29607673,afternoon,15,daylight,0,wet,1,8,1,0,1,0,0,0,0,3,slightly_injured
2018,6,Thu,5,52.4394942,13.40475447,afternoon,13,daylight,0,wet,1,0,1,1,0,0,0,0,0,3,slightly_injured
2018,6,Mon,2,52.42133361,13.2500165,afternoon,15,daylight,0,dry,0,5,3,1,0,0,0,0,1,2,seriously_injured
2018,6,Thu,5,52.51204615,13.3935188,afternoon,13,daylight,0,wet,1,0,5,0,1,0,1,0,0,3,slightly_injured
2018,6,Mon,2,52.44494176,13.43343041,afternoon,15,daylight,0,dry,0,2,6,0,1,0,0,0,0,2,seriously_injured
2018,6,Sat,7,52.50106551,13.31647123,afternoon,14,daylight,0,dry,0,2,6,0,1,0,0,0,0,3,slightly_injured
2018,6,Mon,2,52.45709846,13.62549135,morning,7,daylight,0,dry,0,6,4,0,1,1,0,0,0,2,seriously_injured
2018,6,Thu,5,52.42422961,13.47352846,afternoon,13,daylight,0,dry,0,5,3,1,1,0,0,0,0,3,slightly_injured
2018,6,Thu,5,52.50589573,13.31974497,afternoon,12,daylight,0,wet,1,0,6,0,1,0,1,0,0,3,slightly_injured
2018,6,Mon,2,52.54224758,13.34946615,afternoon,15,daylight,0,dry,0,5,2,1,1,0,0,0,0,3,slightly_injured
2018,6,Sun,1,52.4990015,13.35571614,night,3,dark,2,wet,1,9,1,0,1,0,0,0,0,2,seriously_injured
2018,6,Thu,5,52.43786096,13.38028761,morning,10,daylight,0,dry,0,5,3,0,1,0,0,0,0,3,slightly_injured
2018,6,Mon,2,52.50218573,13.50307596,morning,7,daylight,0,dry,0,5,3,1,0,0,0,0,1,3,slightly_injured
2018,6,Thu,5,52.45312605,13.33636911,morning,10,daylight,0,dry,0,5,3,1,0,0,0,0,1,2,seriously_injured
2018,6,Thu,5,52.51316519,13.32233499,morning,10,daylight,0,dry,0,2,6,0,1,0,1,0,0,3,slightly_injured
2018,6,Mon,2,52.53369456,13.42072187,morning,8,daylight,0,dry,0,5,2,1,0,0,0,0,0,2,seriously_injured
2018,6,Thu,5,52.55220659,13.42702745,morning,10,daylight,0,dry,0,5,3,0,1,0,0,0,0,3,slightly_injured
2018,6,Mon,2,52.51081555,13.28183561,afternoon,12,daylight,0,dry,0,2,6,0,1,0,0,1,0,3,slightly_injured
2018,6,Thu,5,52.48963212,13.31195842,morning,10,daylight,0,dry,0,1,1,1,1,0,0,0,0,3,slightly_injured
2018,6,Mon,2,52.56801266,13.4398269,morning,9,daylight,0,dry,0,2,6,0,0,0,0,0,1,3,slightly_injured
2018,6,Thu,5,52.55543822,13.39152756,morning,10,daylight,0,dry,0,5,2,1,0,0,0,0,1,3,slightly_injured
2018,6,Mon,2,52.494959,13.28574348,morning,9,daylight,0,dry,0,2,6,0,1,0,0,0,0,2,seriously_injured
2018,6,Mon,2,52.55009385,13.50851225,morning,10,daylight,0,dry,0,5,3,0,1,0,0,0,0,3,slightly_injured
2018,6,Thu,5,52.59439618,13.29669662,morning,9,daylight,0,dry,0,6,7,1,0,1,0,0,0,3,slightly_injured
2018,6,Mon,2,52.51282434,13.28119685,morning,10,daylight,0,dry,0,6,7,1,0,1,0,0,0,3,slightly_injured
2018,6,Thu,5,52.48593543,13.43050374,morning,9,daylight,0,dry,0,5,7,0,1,0,1,0,0,3,slightly_injured
2018,6,Mon,2,52.48677101,13.32836863,morning,11,daylight,0,dry,0,6,7,0,1,1,0,0,0,3,slightly_injured
2018,6,Thu,5,52.46104001,13.38242928,morning,9,daylight,0,dry,0,0,3,0,1,0,0,0,1,3,slightly_injured
2018,6,Thu,5,52.58191646,13.40637201,morning,9,daylight,0,dry,0,6,4,0,1,1,0,0,0,3,slightly_injured
2018,6,Mon,2,52.51863106,13.56396774,afternoon,12,daylight,0,dry,0,2,6,0,1,0,1,0,0,3,slightly_injured
2018,6,Thu,5,52.44748228,13.57552619,morning,8,daylight,0,dry,0,5,3,1,1,0,0,0,0,3,slightly_injured
2018,6,Mon,2,52.52841608,13.40915297,afternoon,14,daylight,0,dry,0,0,1,1,0,0,0,0,0,3,slightly_injured
2018,6,Mon,2,52.59583163,13.33921284,morning,8,daylight,0,dry,0,5,3,0,1,0,0,0,0,2,seriously_injured
2018,6,Mon,2,52.53167807,13.21376342,morning,7,daylight,0,wet,1,0,7,1,0,0,0,0,0,3,slightly_injured
2018,6,Thu,5,52.52875669,13.59533264,morning,8,daylight,0,dry,0,5,2,1,1,0,0,0,0,3,slightly_injured
2018,6,Mon,2,52.50962895,13.42105426,night,2,dark,2,dry,0,0,1,1,0,0,0,0,0,3,slightly_injured
2018,6,Mon,2,52.59948138,13.33236815,afternoon,15,daylight,0,dry,0,2,7,0,1,0,0,1,0,3,slightly_injured
2018,6,Thu,5,52.54158547,13.37775206,morning,7,daylight,0,dry,0,6,4,0,1,1,0,0,0,3,slightly_injured
2018,6,Mon,2,52.53033153,13.29600578,afternoon,14,daylight,0,dry,0,5,2,1,0,0,0,0,1,3,slightly_injured
2018,6,Thu,5,52.54435992,13.36033659,morning,7,daylight,0,dry,0,5,2,1,1,0,0,0,0,3,slightly_injured
2018,6,Sun,1,52.50454549,13.32767691,night,4,daylight,0,dry,0,1,7,0,1,1,0,0,0,3,slightly_injured
2018,6,Thu,5,52.64070418,13.49778354,morning,7,daylight,0,dry,0,5,3,1,1,0,0,0,0,3,slightly_injured
2018,6,Sun,1,52.46138614,13.43490076,evening,23,dark,2,dry,0,5,2,0,1,0,0,0,0,3,slightly_injured
2018,6,Sun,1,52.62633414,13.2910852,afternoon,17,daylight,0,dry,0,8,1,0,1,0,0,0,0,3,slightly_injured
2018,6,Sun,1,52.53142748,13.34471058,evening,23,dark,2,dry,0,6,4,0,1,1,0,0,0,3,slightly_injured
2018,6,Thu,5,52.50240066,13.41578206,morning,8,daylight,0,dry,0,6,4,1,0,1,0,0,0,3,slightly_injured
2018,6,Sun,1,52.54222735,13.34941953,evening,21,dusk,1,dry,0,5,2,0,1,0,0,0,0,3,slightly_injured
2018,6,Thu,5,52.53836356,13.20071236,morning,7,daylight,0,dry,0,2,6,0,1,0,0,0,0,3,slightly_injured
2018,6,Sun,1,52.53565698,13.40676759,evening,21,daylight,0,dry,0,6,4,0,1,1,0,0,0,2,seriously_injured
2018,6,Sun,1,52.45120518,13.57235591,evening,19,daylight,0,wet,1,2,6,0,1,0,0,0,1,3,slightly_injured
2018,6,Sat,7,52.51117999,13.37155964,afternoon,14,daylight,0,dry,0,2,6,0,1,0,1,0,0,3,slightly_injured
2018,6,Sun,1,52.55055519,13.37828798,evening,20,daylight,0,dry,0,5,3,1,1,0,0,0,0,3,slightly_injured
2018,6,Thu,5,52.54950171,13.4412816,morning,8,daylight,0,dry,0,5,3,1,1,0,0,0,0,3,slightly_injured
2018,6,Sun,1,52.47190702,13.42905331,evening,19,daylight,0,dry,0,5,3,1,1,0,0,0,0,3,slightly_injured
2018,6,Sun,1,52.54264376,13.36600307,evening,19,daylight,0,dry,0,5,2,1,1,0,0,0,0,3,slightly_injured
2018,6,Wed,4,52.5296431,13.40156294,afternoon,15,daylight,0,dry,0,2,2,1,1,0,1,0,0,3,slightly_injured
2018,6,Sun,1,52.42243871,13.3706679,afternoon,17,daylight,0,dry,0,6,2,0,1,1,0,0,0,2,seriously_injured
2018,6,Wed,4,52.52341791,13.45002941,morning,9,daylight,0,dry,0,5,7,0,1,0,0,1,0,2,seriously_injured
2018,6,Sat,7,52.53856426,13.20931126,morning,11,daylight,0,dry,0,2,6,0,1,0,0,0,1,3,slightly_injured
2018,6,Wed,4,52.55316336,13.43113038,evening,19,daylight,0,dry,0,5,3,1,0,0,0,0,0,2,seriously_injured
2018,6,Sun,1,52.51497882,13.18434956,morning,10,daylight,0,dry,0,0,3,0,0,0,1,0,1,3,slightly_injured
2018,6,Wed,4,52.54796823,13.44599997,evening,19,daylight,0,dry,0,6,4,1,0,1,0,0,0,3,slightly_injured
2018,6,Sun,1,52.56102221,13.33320868,afternoon,17,daylight,0,dry,0,0,2,1,1,0,0,0,0,3,slightly_injured
2018,6,Sun,1,52.50780565,13.2494827,afternoon,12,daylight,0,wet,1,2,6,0,1,0,0,0,0,3,slightly_injured
2018,6,Sat,7,52.58686242,13.40847266,morning,11,daylight,0,dry,0,5,3,0,1,0,0,0,0,3,slightly_injured
2018,6,Sat,7,52.55868788,13.38627598,evening,19,daylight,0,dry,0,2,2,0,1,0,0,0,0,3,slightly_injured
2018,6,Sun,1,52.45487545,13.18961996,afternoon,16,daylight,0,dry,0,5,2,1,0,0,0,0,0,3,slightly_injured
2018,6,Wed,4,52.49789372,13.36239428,evening,19,daylight,0,dry,0,6,4,0,1,1,0,0,0,3,slightly_injured
2018,6,Sun,1,52.51271117,13.45812564,afternoon,16,daylight,0,dry,0,1,5,1,1,0,0,0,0,2,seriously_injured
2018,6,Wed,4,52.51297042,13.28681845,evening,19,daylight,0,dry,0,5,3,1,1,0,0,0,0,3,slightly_injured
2018,6,Wed,4,52.52959548,13.40055911,evening,18,daylight,0,dry,0,2,6,0,1,0,1,0,0,3,slightly_injured
2018,6,Sun,1,52.55746416,13.3729916,afternoon,16,daylight,0,dry,0,6,4,0,0,1,1,0,0,2,seriously_injured
2018,6,Wed,4,52.5271675,13.12928986,evening,18,daylight,0,dry,0,2,2,0,1,0,0,0,0,2,seriously_injured
2018,6,Mon,2,52.41904605,13.49762639,afternoon,13,daylight,0,dry,0,1,5,1,1,0,0,0,0,3,slightly_injured
2018,6,Sat,7,52.50649558,13.28353459,morning,10,daylight,0,dry,0,6,2,0,0,1,1,0,0,3,slightly_injured
2018,6,Wed,4,52.50959891,13.37661039,evening,18,daylight,0,dry,0,3,6,0,1,0,0,1,0,3,slightly_injured
2018,6,Sun,1,52.53265313,13.19832545,afternoon,15,daylight,0,dry,0,2,6,0,1,0,0,0,0,3,slightly_injured
2018,6,Wed,4,52.50695516,13.50195048,evening,18,daylight,0,dry,0,5,2,0,1,0,1,0,0,3,slightly_injured
2018,6,Sat,7,52.4944594,13.34608521,morning,9,daylight,0,dry,0,2,4,0,1,1,1,0,0,3,slightly_injured
2018,6,Wed,4,52.39725619,13.38331989,evening,18,daylight,0,dry,0,5,3,1,1,0,0,0,0,2,seriously_injured
2018,6,Sun,1,52.5404507,13.3800469,afternoon,15,daylight,0,dry,0,5,2,1,1,0,0,0,0,3,slightly_injured
2018,6,Wed,4,52.42224867,13.34988414,afternoon,17,daylight,0,dry,0,0,3,1,0,0,1,0,0,2,seriously_injured
2018,6,Sun,1,52.43923654,13.34359207,afternoon,14,daylight,0,dry,0,5,3,1,1,0,0,0,0,3,slightly_injured
2018,6,Sun,1,52.53834505,13.32611175,morning,9,daylight,0,wet,1,5,2,0,1,0,0,0,0,3,slightly_injured
2018,6,Sat,7,52.5190533,13.34450781,night,2,dark,2,wet,1,2,6,0,1,0,0,0,0,3,slightly_injured
2018,6,Wed,4,52.50043857,13.35009138,afternoon,17,daylight,0,dry,0,6,7,0,1,1,0,0,0,3,slightly_injured
2018,6,Sun,1,52.54646613,13.46641653,afternoon,14,daylight,0,dry,0,5,3,1,1,0,0,0,0,3,slightly_injured
2018,6,Wed,4,52.52939651,13.31030386,afternoon,17,daylight,0,dry,0,2,6,0,1,0,0,0,0,3,slightly_injured
2018,6,Sat,7,52.52818695,13.38601939,evening,22,dark,2,wet,1,0,1,0,0,0,1,0,1,2,seriously_injured
2018,6,Wed,4,52.56563959,13.40124064,afternoon,17,daylight,0,dry,0,2,6,1,1,0,0,0,0,3,slightly_injured
2018,6,Sun,1,52.54206992,13.54430118,afternoon,14,daylight,0,dry,0,1,5,0,1,1,0,0,0,3,slightly_injured
2018,6,Wed,4,52.48303516,13.5014203,afternoon,17,daylight,0,dry,0,5,2,1,1,0,0,0,0,3,slightly_injured
2018,6,Mon,2,52.51654917,13.61397795,morning,8,daylight,0,dry,0,2,6,0,1,0,1,0,0,3,slightly_injured
2018,6,Sat,7,52.56528802,13.38894797,evening,23,dark,2,wet,1,1,5,0,1,0,0,0,0,2,seriously_injured
2018,6,Sun,1,52.51068378,13.2087742,afternoon,13,daylight,0,dry,0,5,2,0,1,0,0,0,0,3,slightly_injured
2018,6,Wed,4,52.51539134,13.40393409,afternoon,17,daylight,0,dry,0,5,2,1,1,0,0,0,0,3,slightly_injured
2018,6,Sun,1,52.53918933,13.23226749,afternoon,13,daylight,0,dry,0,2,6,0,1,0,0,0,0,3,slightly_injured
2018,6,Fri,6,52.4448944,13.2601796,afternoon,14,daylight,0,dry,0,5,7,0,1,0,1,0,0,3,slightly_injured
2018,6,Wed,4,52.52669235,13.45879468,afternoon,17,daylight,0,dry,0,0,2,1,0,0,0,0,1,3,slightly_injured
2018,6,Sun,1,52.58959637,13.38758148,afternoon,12,daylight,0,dry,0,0,1,1,0,0,0,0,0,3,slightly_injured
2018,6,Wed,4,52.40183075,13.57365231,afternoon,16,daylight,0,dry,0,5,3,0,1,0,0,0,0,3,slightly_injured
2018,6,Sun,1,52.48566945,13.53711929,morning,10,daylight,0,dry,0,5,3,0,1,0,0,0,0,3,slightly_injured
2018,6,Fri,6,52.56725671,13.36249575,afternoon,17,daylight,0,dry,0,6,4,0,1,1,0,0,0,3,slightly_injured
2018,6,Sun,1,52.55803344,13.36556931,morning,7,daylight,0,dry,0,5,3,1,1,0,0,0,0,3,slightly_injured
2018,6,Wed,4,52.45757061,13.27386046,afternoon,16,daylight,0,dry,0,2,6,0,1,0,0,0,0,3,slightly_injured
2018,6,Wed,4,52.50402885,13.62062851,afternoon,16,daylight,0,dry,0,2,6,0,1,0,0,0,0,3,slightly_injured
2018,6,Sun,1,52.52362105,13.35688697,night,3,dark,2,dry,0,5,2,0,1,0,0,0,0,2,seriously_injured
2018,6,Wed,4,52.51563389,13.3891311,afternoon,16,daylight,0,dry,0,5,3,1,1,0,0,0,0,3,slightly_injured
2018,6,Sun,1,52.59242075,13.26069571,night,0,dark,2,dry,0,1,5,1,1,0,0,0,0,3,slightly_injured
2018,6,Sun,1,52.46909403,13.49130055,morning,9,daylight,0,wet,1,5,2,0,1,0,0,0,0,3,slightly_injured
2018,6,Fri,6,52.47598974,13.56920822,afternoon,12,daylight,0,dry,0,4,7,0,1,0,0,0,0,3,slightly_injured
2018,6,Sun,1,52.51291534,13.26666563,afternoon,15,daylight,0,dry,0,1,5,1,1,0,0,0,0,3,slightly_injured
2018,6,Wed,4,52.53104847,13.48535639,afternoon,16,daylight,0,dry,0,2,6,0,1,0,0,0,1,3,slightly_injured
2018,6,Sat,7,52.45054978,13.62920284,afternoon,13,daylight,0,dry,0,1,5,1,1,0,0,0,0,3,slightly_injured
2018,6,Sat,7,52.47855523,13.37140845,morning,10,daylight,0,dry,0,6,6,0,1,1,0,0,0,3,slightly_injured
2018,6,Wed,4,52.48732085,13.42701847,afternoon,15,daylight,0,dry,0,0,2,0,1,0,0,0,1,3,slightly_injured
2018,6,Sat,7,52.4608951,13.53125929,morning,10,daylight,0,dry,0,1,3,1,1,0,0,0,0,3,slightly_injured
2018,6,Sat,7,52.41450615,13.40129876,night,1,dark,2,dry,0,5,2,0,0,0,1,0,0,2,seriously_injured
2018,6,Wed,4,52.46896955,13.33259967,afternoon,15,daylight,0,dry,0,5,2,0,1,0,0,0,0,3,slightly_injured
2018,6,Sat,7,52.45603747,13.38045049,night,0,dark,2,dry,0,0,3,0,1,0,1,0,0,3,slightly_injured