ujahr,umonat,weekday,uwochentag,long,lat,time_of_day,ustunde,light_condition,ulichtverh,street_condition,ustrzustand,uart,utyp1,ist_rad,ist_pkw,ist_fuss,ist_krad,ist_gkfz,ist_sonstige,ukategorie,accident_outcome
2018,7,Sun,1,52.4525452,13.45226532,afternoon,15,daylight,0,dry,0,2,6,0,1,0,0,0,0,3,slightly_injured
2018,6,Wed,4,52.54573405,13.37105193,evening,19,daylight,0,dry,0,0,1,0,0,0,0,0,1,3,slightly_injured
2018,6,Sat,7,52.47519083,13.35962084,afternoon,17,daylight,0,dry,0,2,6,0,1,0,0,0,0,3,slightly_injured
2018,6,Wed,4,52.46586763,13.37788944,afternoon,14,daylight,0,dry,0,5,2,1,1,0,0,0,0,3,slightly_injured
2018,6,Wed,4,52.49991851,13.33075268,afternoon,14,daylight,0,dry,0,2,7,0,1,0,1,0,0,3,slightly_injured
2018,6,Fri,6,52.61266963,13.23156689,morning,7,daylight,0,dry,0,5,3,1,1,0,0,0,0,3,slightly_injured
2018,6,Sat,7,52.54830704,13.16125339,evening,18,daylight,0,dry,0,5,3,1,1,0,0,0,0,3,slightly_injured
2018,6,Wed,4,52.63345806,13.29035994,afternoon,14,daylight,0,dry,0,6,2,0,1,1,0,0,0,3,slightly_injured
2018,6,Wed,4,52.4917591,13.43341459,afternoon,13,daylight,0,dry,0,3,6,1,1,0,0,0,0,3,slightly_injured
2018,6,Fri,6,52.46999782,13.42989151,evening,18,daylight,0,dry,0,6,4,0,1,1,0,0,0,2,seriously_injured
2018,6,Wed,4,52.56599437,13.20976308,afternoon,13,daylight,0,dry,0,0,7,1,0,0,0,0,0,3,slightly_injured
2018,7,Mon,2,52.46165061,13.57733522,afternoon,14,daylight,0,dry,0,6,4,0,0,1,1,0,0,3,slightly_injured
2018,6,Wed,4,52.48942707,13.37683776,afternoon,13,daylight,0,dry,0,5,2,1,1,0,0,0,0,3,slightly_injured
2018,6,Fri,6,52.53724226,13.36034692,morning,6,daylight,0,dry,0,5,2,1,1,0,0,0,0,3,slightly_injured
2018,6,Wed,4,52.45902309,13.58036398,afternoon,13,daylight,0,dry,0,6,7,0,1,1,0,0,0,3,slightly_injured
2018,7,Sun,1,52.40310142,13.53952322,afternoon,13,daylight,0,dry,0,2,2,0,1,0,0,0,0,3,slightly_injured
2018,7,Tue,3,52.53266644,13.20752551,evening,18,daylight,0,dry,0,5,2,0,0,0,1,0,1,3,slightly_injured
2018,6,Wed,4,52.53124318,13.15688328,afternoon,13,daylight,0,dry,0,0,7,1,0,0,0,0,0,3,slightly_injured
2018,7,Tue,3,52.51748593,13.41020861,evening,18,daylight,0,dry,0,5,2,1,1,0,0,0,0,3,slightly_injured
2018,6,Sat,7,52.44374026,13.57895697,afternoon,14,daylight,0,dry,0,5,2,1,0,0,0,0,1,3,slightly_injured
2018,7,Tue,3,52.53634524,13.55761878,evening,18,daylight,0,dry,0,5,3,0,1,0,0,0,0,3,slightly_injured
2018,6,Wed,4,52.45574299,13.55817999,afternoon,13,daylight,0,dry,0,5,3,0,1,0,0,0,0,3,slightly_injured
2018,7,Tue,3,52.44815736,13.37951797,evening,18,daylight,0,dry,0,6,4,1,0,1,0,0,0,3,slightly_injured
2018,6,Fri,6,52.4935021,13.38338598,evening,19,daylight,0,dry,0,5,3,0,1,0,1,0,0,3,slightly_injured
2018,6,Wed,4,52.52067273,13.34135306,morning,10,daylight,0,dry,0,5,7,1,1,0,0,0,0,3,slightly_injured
2018,7,Mon,2,52.57510687,13.30565759,morning,9,daylight,0,dry,0,6,2,0,1,1,0,0,0,2,seriously_injured
2018,7,Tue,3,52.52164759,13.41629423,afternoon,17,daylight,0,dry,0,3,6,1,0,0,0,0,0,3,slightly_injured
2018,6,Wed,4,52.50181527,13.34225157,afternoon,12,daylight,0,dry,0,6,4,0,1,1,0,0,0,3,slightly_injured
2018,6,Fri,6,52.54017605,13.37985481,afternoon,15,daylight,0,dry,0,5,3,1,1,0,0,0,0,3,slightly_injured
2018,6,Wed,4,52.53349376,13.16507442,afternoon,12,daylight,0,dry,0,5,3,1,1,0,0,0,0,2,seriously_injured
2018,7,Mon,2,52.54747302,13.56103365,afternoon,12,daylight,0,dry,0,0,4,0,0,1,0,0,1,3,slightly_injured
2018,7,Tue,3,52.55751055,13.52744565,evening,18,daylight,0,dry,0,5,2,1,1,0,0,0,0,3,slightly_injured
2018,6,Wed,4,52.57386026,13.32337649,afternoon,12,daylight,0,dry,0,1,5,1,1,0,0,0,0,3,slightly_injured
2018,7,Tue,3,52.50049676,13.40596042,evening,18,daylight,0,dry,0,5,3,1,0,0,0,0,0,3,slightly_injured
2018,6,Fri,6,52.53030393,13.55825871,morning,6,daylight,0,dry,0,5,3,1,1,0,0,0,0,2,seriously_injured
2018,7,Sun,1,52.54220499,13.37341534,evening,20,daylight,0,dry,0,5,3,1,1,0,0,0,0,2,seriously_injured
2018,7,Tue,3,52.54119125,13.31520951,evening,19,daylight,0,dry,0,2,2,1,1,0,0,0,0,3,slightly_injured
2018,6,Wed,4,52.50568043,13.30566128,morning,11,daylight,0,dry,0,6,7,0,0,1,0,1,0,2,seriously_injured
2018,7,Tue,3,52.50452477,13.45253586,afternoon,17,daylight,0,dry,0,5,3,0,1,0,0,0,0,3,slightly_injured
2018,6,Sat,7,52.44011348,13.30100459,morning,10,daylight,0,dry,0,5,3,1,1,0,0,0,0,3,slightly_injured
2018,7,Tue,3,52.57995219,13.39727006,afternoon,17,daylight,0,dry,0,5,3,1,1,0,0,0,0,3,slightly_injured
2018,6,Wed,4,52.51354463,13.45554388,morning,10,daylight,0,dry,0,5,2,0,1,0,1,0,0,3,slightly_injured
2018,7,Tue,3,52.47616917,13.19866968,afternoon,16,daylight,0,dry,0,4,6,1,1,0,0,0,0,3,slightly_injured
2018,6,Fri,6,52.52409558,13.42311471,afternoon,13,daylight,0,dry,0,0,1,0,0,0,1,0,0,3,slightly_injured
2018,6,Wed,4,52.50693301,13.39395976,morning,9,daylight,0,dry,0,0,6,1,0,0,0,1,0,3,slightly_injured
2018,7,Mon,2,52.6352106,13.49881754,morning,7,daylight,0,dry,0,5,3,1,1,0,0,0,0,3,slightly_injured
2018,7,Tue,3,52.4706721,13.31770745,afternoon,15,daylight,0,dry,0,1,5,1,1,0,0,0,0,3,slightly_injured
2018,6,Wed,4,52.52415232,13.4090187,morning,9,daylight,0,dry,0,5,2,1,0,0,0,0,1,3,slightly_injured
2018,7,Tue,3,52.52560143,13.34094514,afternoon,15,daylight,0,dry,0,6,4,0,1,1,0,0,0,3,slightly_injured
2018,6,Fri,6,52.53949972,13.23617113,night,3,dark,2,dry,0,1,1,0,1,0,0,0,1,3,slightly_injured
2018,6,Sat,7,52.53867452,13.60446308,evening,22,dark,2,dry,0,5,2,0,1,0,0,0,0,3,slightly_injured
2018,7,Tue,3,52.49534304,13.29861765,afternoon,15,daylight,0,dry,0,1,5,1,0,0,0,0,1,3,slightly_injured
2018,6,Wed,4,52.45264781,13.43571654,morning,8,daylight,0,dry,0,5,2,1,0,0,0,0,1,3,slightly_injured
2018,7,Tue,3,52.49257847,13.35343294,afternoon,15,daylight,0,dry,0,1,5,1,1,0,0,0,0,3,slightly_injured
2018,6,Wed,4,52.59134983,13.34602713,morning,8,daylight,0,dry,0,2,6,0,1,0,0,0,0,3,slightly_injured
2018,7,Tue,3,52.51110793,13.38166198,afternoon,15,daylight,0,dry,0,5,3,1,1,0,0,0,0,3,slightly_injured
2018,6,Fri,6,52.61958536,13.47578551,evening,18,daylight,0,dry,0,5,3,1,1,0,0,0,0,3,slightly_injured
2018,7,Sun,1,52.46573342,13.38541465,morning,7,daylight,0,dry,0,5,3,0,1,0,0,0,1,2,seriously_injured
2018,7,Tue,3,52.47149168,13.45324205,afternoon,14,daylight,0,dry,0,1,5,0,1,0,0,0,1,3,slightly_injured
2018,6,Wed,4,52.49789956,13.395869,morning,8,daylight,0,dry,0,5,2,1,0,0,0,0,1,3,slightly_injured
2018,7,Tue,3,52.51132311,13.41373451,afternoon,14,daylight,0,dry,0,5,3,1,1,0,0,0,0,3,slightly_injured
2018,6,Sat,7,52.48988942,13.38223536,morning,7,daylight,0,dry,0,5,2,1,1,0,0,0,0,3,slightly_injured
2018,7,Tue,3,52.41572583,13.3035144,afternoon,14,daylight,0,dry,0,2,6,0,1,0,0,0,0,3,slightly_injured
2018,6,Wed,4,52.51128924,13.41363757,morning,7,daylight,0,dry,0,5,3,1,1,0,0,0,0,3,slightly_injured
2018,7,Tue,3,52.46907818,13.51478403,evening,18,daylight,0,dry,0,2,6,0,1,0,0,0,0,3,slightly_injured
2018,6,Wed,4,52.51167758,13.63214288,morning,7,daylight,0,dry,0,5,3,1,1,0,0,0,0,2,seriously_injured
2018,6,Fri,6,52.49000922,13.44234497,morning,11,daylight,0,dry,0,5,3,1,1,0,0,0,0,3,slightly_injured
2018,6,Wed,4,52.51320447,13.50220642,morning,6,daylight,0,dry,0,0,1,1,1,0,0,0,0,3,slightly_injured
2018,7,Mon,2,52.44527374,13.37943342,night,0,dark,2,dry,0,0,1,0,1,0,1,0,0,3,slightly_injured
2018,7,Tue,3,52.46748595,13.24759141,afternoon,14,daylight,0,dry,0,5,2,0,1,0,0,0,0,2,seriously_injured
2018,6,Wed,4,52.50689518,13.39440619,night,0,dark,2,dry,0,5,3,0,1,0,0,0,0,3,slightly_injured
2018,7,Tue,3,52.57783293,13.31544764,afternoon,17,daylight,0,dry,0,5,2,0,1,0,0,0,0,3,slightly_injured
2018,6,Fri,6,52.50281637,13.32633733,evening,22,dark,2,dry,0,2,6,0,1,0,0,0,0,3,slightly_injured
2018,6,Sat,7,52.5231016,13.42953029,evening,19,daylight,0,dry,0,5,2,1,1,0,0,0,0,3,slightly_injured
2018,7,Tue,3,52.53435468,13.50206698,afternoon,15,daylight,0,dry,0,2,6,0,1,0,0,0,0,3,slightly_injured
2018,6,Tue,3,52.53837803,13.20072039,morning,9,daylight,0,dry,0,2,6,0,1,0,0,0,0,3,slightly_injured
2018,7,Tue,3,52.55435908,13.20784414,afternoon,14,daylight,0,dry,0,0,6,0,0,0,0,0,1,2,seriously_injured
2018,6,Tue,3,52.48078543,13.42506641,evening,21,dark,2,dry,0,5,3,0,1,0,0,0,1,3,slightly_injured
2018,6,Fri,6,52.54118767,13.31521676,afternoon,16,daylight,0,dry,0,2,2,0,1,0,1,0,0,3,slightly_injured
2018,6,Tue,3,52.54794486,13.36156581,evening,19,daylight,0,dry,0,5,2,0,1,0,0,0,0,2,seriously_injured
2018,7,Tue,3,52.50872488,13.21815311,afternoon,12,daylight,0,dry,0,5,2,0,1,0,1,0,0,2,seriously_injured
2018,6,Tue,3,52.45755474,13.54305707,evening,18,daylight,0,dry,0,2,6,0,1,0,0,0,1,3,slightly_injured
2018,6,Fri,6,52.50630148,13.31493755,evening,22,dark,2,dry,0,1,5,1,1,0,0,0,0,3,slightly_injured
2018,6,Fri,6,52.43157474,13.30935534,evening,19,daylight,0,dry,0,6,4,0,0,1,0,0,1,3,slightly_injured
2018,6,Tue,3,52.57365785,13.35181389,evening,18,daylight,0,dry,0,2,2,1,1,0,0,0,0,3,slightly_injured
2018,7,Tue,3,52.51148515,13.4389749,afternoon,12,daylight,0,dry,0,6,4,0,1,1,0,0,0,3,slightly_injured
2018,6,Tue,3,52.46445606,13.33812237,afternoon,17,daylight,0,dry,0,1,5,1,1,0,0,0,0,3,slightly_injured
2018,6,Fri,6,52.5411991,13.41017338,morning,10,daylight,0,dry,0,2,7,1,1,0,0,0,0,3,slightly_injured
2018,6,Tue,3,52.50007802,13.41842657,morning,10,daylight,0,dry,0,4,7,1,0,0,0,0,0,3,slightly_injured
2018,7,Sun,1,52.41597155,13.4828547,evening,18,daylight,0,dry,0,5,3,0,1,0,0,0,0,3,slightly_injured
2018,7,Tue,3,52.48502892,13.34669756,afternoon,12,daylight,0,dry,0,1,5,1,1,0,0,0,0,3,slightly_injured
2018,6,Tue,3,52.57473142,13.37194838,afternoon,17,daylight,0,dry,0,5,2,1,1,0,0,0,0,2,seriously_injured
2018,7,Tue,3,52.49834428,13.39557416,afternoon,12,daylight,0,dry,0,5,2,1,1,0,0,0,0,3,slightly_injured
2018,6,Fri,6,52.50687688,13.22839125,afternoon,13,daylight,0,dry,0,6,2,0,1,1,0,0,0,3,slightly_injured
2018,6,Sat,7,52.47765483,13.42644017,evening,18,daylight,0,dry,0,3,6,0,0,0,1,0,1,3,slightly_injured
2018,6,Tue,3,52.44258893,13.37760149,afternoon,17,daylight,0,dry,0,2,6,0,1,0,0,0,0,3,slightly_injured
2018,7,Tue,3,52.54798649,13.20982776,afternoon,13,daylight,0,dry,0,6,4,0,1,1,0,0,0,2,seriously_injured
2018,6,Tue,3,52.52298354,13.47690008,afternoon,16,daylight,0,dry,0,2,7,0,1,0,0,0,0,3,slightly_injured
2018,6,Fri,6,52.43171108,13.44617534,evening,19,daylight,0,dry,0,5,7,1,1,0,0,0,0,3,slightly_injured
2018,6,Tue,3,52.54760718,13.41402998,afternoon,16,daylight,0,dry,0,5,3,1,1,0,0,0,0,2,seriously_injured
2018,7,Mon,2,52.49324174,13.56488203,afternoon,13,daylight,0,dry,0,5,2,0,1,0,1,0,0,3,slightly_injured
2018,7,Tue,3,52.47683056,13.28096969,afternoon,13,daylight,0,dry,0,5,3,0,1,0,0,0,0,3,slightly_injured
2018,6,Tue,3,52.46775868,13.49300554,afternoon,16,daylight,0,dry,0,5,3,1,1,0,0,0,0,2,seriously_injured
2018,6,Fri,6,52.5014477,13.33098703,afternoon,14,daylight,0,dry,0,2,6,0,1,0,0,0,0,3,slightly_injured
2018,7,Sun,1,52.54977074,13.42746196,morning,7,daylight,0,dry,0,5,3,0,1,0,0,0,0,3,slightly_injured
2018,7,Tue,3,52.5164334,13.5192759,morning,11,daylight,0,dry,0,5,2,1,1,0,0,0,0,3,slightly_injured
2018,6,Tue,3,52.54017764,13.37985321,afternoon,15,daylight,0,dry,0,5,3,1,1,0,0,0,0,3,slightly_injured
2018,7,Tue,3,52.50736583,13.39041449,morning,10,daylight,0,dry,0,6,4,1,0,1,0,0,0,3,slightly_injured
2018,6,Tue,3,52.49843015,13.40142412,afternoon,15,daylight,0,dry,0,6,7,0,1,1,0,0,0,2,seriously_injured
2018,7,Sun,1,52.53529124,13.51453608,afternoon,14,daylight,0,dry,0,2,6,0,1,0,0,0,0,3,slightly_injured
2018,7,Tue,3,52.43519727,13.5592692,morning,10,daylight,0,dry,0,3,6,0,1,0,1,0,0,3,slightly_injured
2018,6,Tue,3,52.4916263,13.29036932,afternoon,14,daylight,0,dry,0,5,3,0,1,0,0,0,1,3,slightly_injured
2018,7,Tue,3,52.51930681,13.32648891,morning,10,daylight,0,dry,0,5,2,1,1,0,0,0,0,3,slightly_injured
2018,6,Sat,7,52.5336322,13.4848013,afternoon,16,daylight,0,dry,0,6,4,0,0,1,1,0,0,2,seriously_injured
2018,7,Tue,3,52.54004682,13.42797185,morning,9,daylight,0,dry,0,5,2,1,1,0,0,0,0,3,slightly_injured
2018,6,Tue,3,52.52248452,13.38779871,afternoon,13,daylight,0,dry,0,5,3,1,1,0,0,0,0,3,slightly_injured
2018,6,Fri,6,52.55924362,13.43344602,afternoon,15,daylight,0,dry,0,3,6,0,1,0,1,0,0,2,seriously_injured
2018,6,Tue,3,52.53944792,13.32661926,afternoon,12,daylight,0,dry,0,3,6,0,1,0,1,0,0,3,slightly_injured
2018,7,Mon,2,52.57791651,13.31524455,morning,10,daylight,0,dry,0,0,2,1,1,0,0,0,0,3,slightly_injured
2018,7,Tue,3,52.52886338,13.20752106,morning,9,daylight,0,dry,0,0,2,1,1,0,0,0,0,3,slightly_injured
2018,6,Tue,3,52.58106457,13.2922512,afternoon,12,daylight,0,dry,0,2,6,0,1,0,0,0,0,3,slightly_injured
2018,7,Tue,3,52.52988435,13.60711185,morning,8,daylight,0,dry,0,5,3,1,1,0,0,0,0,3,slightly_injured
2018,6,Fri,6,52.4309034,13.2787964,morning,10,daylight,0,dry,0,2,6,0,1,0,1,0,0,3,slightly_injured
2018,7,Sun,1,52.43549461,13.54134157,afternoon,13,daylight,0,dry,0,5,2,0,1,0,0,0,1,2,seriously_injured
2018,7,Tue,3,52.44806657,13.31074199,morning,8,daylight,0,dry,0,2,2,0,1,0,0,0,0,3,slightly_injured
2018,6,Tue,3,52.45399712,13.5192321,morning,11,daylight,0,dry,0,5,3,1,1,0,0,0,0,3,slightly_injured
2018,7,Tue,3,52.52736008,13.21122582,morning,8,daylight,0,dry,0,5,2,1,0,0,0,1,0,3,slightly_injured
2018,6,Sat,7,52.52527723,13.33775994,morning,9,daylight,0,dry,0,5,3,1,1,0,0,0,0,3,slightly_injured
2018,7,Tue,3,52.43565272,13.3114116,morning,7,daylight,0,dry,0,5,3,1,1,0,0,0,0,3,slightly_injured
2018,6,Tue,3,52.52553442,13.34148293,morning,10,daylight,0,dry,0,6,7,0,1,1,0,0,0,3,slightly_injured
2018,7,Tue,3,52.53979971,13.20454054,morning,7,daylight,0,dry,0,4,6,1,0,0,0,0,0,3,slightly_injured
2018,6,Fri,6,52.50669028,13.34575754,afternoon,13,daylight,0,dry,0,2,6,0,1,0,1,0,0,3,slightly_injured
2018,6,Sat,7,52.50003684,13.30815209,afternoon,12,daylight,0,dry,0,1,5,1,1,0,0,0,0,3,slightly_injured
2018,7,Tue,3,52.46780498,13.4898647,morning,7,daylight,0,dry,0,5,3,0,1,0,1,0,0,3,slightly_injured
2018,6,Tue,3,52.42413065,13.30130674,morning,8,daylight,0,dry,0,6,4,0,0,1,1,0,0,3,slightly_injured
2018,7,Tue,3,52.51323335,13.5767559,morning,7,daylight,0,dry,0,5,3,1,1,0,0,0,0,3,slightly_injured
2018,6,Fri,6,52.45550189,13.32564788,morning,10,daylight,0,dry,0,5,3,1,1,0,0,0,0,3,slightly_injured
2018,6,Tue,3,52.51840355,13.45245548,morning,7,daylight,0,dry,0,5,2,1,1,0,0,0,0,3,slightly_injured
2018,7,Mon,2,52.4885321,13.3079402,morning,8,daylight,0,dry,0,0,2,0,1,0,0,0,1,3,slightly_injured
2018,7,Tue,3,52.58762845,13.3241286,morning,7,daylight,0,dry,0,5,2,1,1,0,0,0,0,3,slightly_injured
2018,6,Tue,3,52.50958352,13.39209073,morning,7,daylight,0,dry,0,5,3,1,1,0,0,0,0,2,seriously_injured
2018,7,Tue,3,52.53282055,13.47481164,morning,7,daylight,0,dry,0,2,6,0,1,0,0,0,1,3,slightly_injured
2018,6,Fri,6,52.52871416,13.33422355,morning,7,daylight,0,dry,0,0,1,1,0,0,0,0,0,3,slightly_injured
2018,7,Sun,1,52.50144553,13.47558492,night,0,dark,2,dry,0,5,3,1,1,0,0,0,0,2,seriously_injured
2018,7,Tue,3,52.4996644,13.46839565,morning,7,daylight,0,dry,0,5,2,1,1,0,0,0,0,3,slightly_injured
2018,6,Tue,3,52.47669522,13.36385792,morning,7,daylight,0,dry,0,1,5,1,1,0,0,0,0,3,slightly_injured
2018,7,Tue,3,52.50225622,13.32421233,afternoon,12,daylight,0,dry,0,2,6,0,1,0,0,0,0,3,slightly_injured
2018,6,Sat,7,52.55170081,13.20955906,night,4,daylight,0,dry,0,5,3,1,1,0,0,0,0,2,seriously_injured
2018,7,Tue,3,52.59738364,13.36938605,morning,6,daylight,0,dry,0,5,3,0,1,0,1,0,0,3,slightly_injured
2018,6,Tue,3,52.51290304,13.30429608,afternoon,17,daylight,0,dry,0,0,4,1,0,1,0,0,0,3,slightly_injured
2018,7,Tue,3,52.51041613,13.40119277,morning,9,daylight,0,dry,0,5,2,1,1,0,0,0,0,3,slightly_injured
2018,6,Tue,3,52.53801522,13.32624785,morning,6,daylight,0,dry,0,5,2,0,1,0,0,0,0,3,slightly_injured
2018,6,Fri,6,52.49214335,13.52708795,morning,11,daylight,0,dry,0,5,2,1,1,0,0,0,0,3,slightly_injured
2018,6,Tue,3,52.56348569,13.32916147,afternoon,15,daylight,0,dry,0,2,6,0,1,0,1,0,0,3,slightly_injured
2018,7,Sun,1,52.52356128,13.36001572,evening,19,daylight,0,dry,0,3,6,0,1,0,0,0,1,3,slightly_injured
2018,7,Tue,3,52.56689733,13.44058726,morning,7,daylight,0,dry,0,0,6,1,1,0,0,0,0,3,slightly_injured
2018,6,Tue,3,52.50675598,13.33346106,afternoon,17,daylight,0,dry,0,2,6,0,1,0,1,0,0,3,slightly_injured
2018,7,Tue,3,52.51314236,13.5762114,morning,7,daylight,0,dry,0,2,6,0,1,0,0,0,0,3,slightly_injured
2018,6,Fri,6,52.51792459,13.32537924,morning,7,daylight,0,dry,0,1,5,1,1,0,0,0,0,2,seriously_injured
2018,6,Sat,7,52.51249786,13.45230206,evening,18,daylight,0,dry,0,5,2,1,1,0,0,0,0,3,slightly_injured
2018,6,Tue,3,52.55361719,13.41417896,morning,9,daylight,0,dry,0,3,6,1,0,0,0,0,0,3,slightly_injured
2018,7,Mon,2,52.46920369,13.45398362,morning,7,daylight,0,dry,0,5,3,1,1,0,0,0,0,3,slightly_injured
2018,7,Tue,3,52.45198735,13.34832191,morning,7,daylight,0,dry,0,1,5,0,1,0,0,0,0,3,slightly_injured
2018,6,Tue,3,52.51518749,13.31347353,afternoon,16,daylight,0,dry,0,5,3,0,0,0,1,0,1,2,seriously_injured
2018,7,Tue,3,52.57489793,13.39580559,morning,8,daylight,0,dry,0,1,5,0,1,0,0,0,0,3,slightly_injured
2018,6,Fri,6,52.49910039,13.48042938,morning,6,daylight,0,dry,0,5,3,1,1,0,0,0,0,3,slightly_injured
2018,6,Sat,7,52.45948995,13.48687961,evening,21,dusk,1,dry,0,6,4,0,1,1,0,0,0,2,seriously_injured
2018,7,Tue,3,52.49445864,13.32605145,morning,8,daylight,0,dry,0,6,4,0,1,1,0,0,0,2,seriously_injured
2018,6,Tue,3,52.54660565,13.38964937,afternoon,14,daylight,0,dry,0,6,7,1,0,1,0,0,0,3,slightly_injured
2018,7,Tue,3,52.49999125,13.3458813,morning,9,daylight,0,dry,0,0,1,1,0,0,0,0,0,3,slightly_injured
2018,6,Tue,3,52.50555365,13.35371145,morning,9,daylight,0,wet,1,2,2,0,1,0,0,0,0,3,slightly_injured
2018,6,Fri,6,52.52045425,13.45871423,morning,7,daylight,0,dry,0,5,3,1,1,0,0,0,0,3,slightly_injured
2018,6,Tue,3,52.44891014,13.60929991,afternoon,15,daylight,0,dry,0,2,2,1,1,0,0,0,0,3,slightly_injured
2018,7,Mon,2,52.46623161,13.43024512,evening,23,dark,2,dry,0,5,3,0,1,0,1,0,0,3,slightly_injured
2018,6,Tue,3,52.42071998,13.16188617,afternoon,16,daylight,0,dry,0,0,1,0,0,0,1,0,0,3,slightly_injured
2018,6,Tue,3,52.54615148,13.42403606,morning,9,daylight,0,dry,0,0,1,1,0,0,0,0,0,2,seriously_injured
2018,7,Sun,1,52.5338183,13.28198962,afternoon,16,daylight,0,dry,0,2,6,0,1,0,0,0,0,3,slightly_injured
2018,7,Mon,2,52.55356389,13.414779,afternoon,16,daylight,0,dry,0,6,4,1,0,1,0,0,0,3,slightly_injured
2018,6,Mon,2,52.45724886,13.51075729,evening,20,daylight,0,dry,0,1,5,1,1,0,0,0,0,3,slightly_injured
2018,7,Mon,2,52.42452108,13.49105274,morning,7,daylight,0,dry,0,3,6,1,0,0,0,0,1,3,slightly_injured
2018,6,Fri,6,52.57655623,13.31519905,morning,9,daylight,0,dry,0,5,2,1,0,0,0,1,0,3,slightly_injured
2018,6,Sat,7,52.39818221,13.53804845,afternoon,17,daylight,0,dry,0,1,7,1,1,0,0,0,0,3,slightly_injured
2018,7,Mon,2,52.47669105,13.32026742,evening,20,daylight,0,dry,0,5,2,0,1,0,1,0,0,3,slightly_injured
2018,6,Mon,2,52.56140423,13.38863585,morning,8,daylight,0,dry,0,3,6,1,0,0,0,0,0,2,seriously_injured
2018,6,Fri,6,52.55403386,13.20789486,evening,20,daylight,0,dry,0,5,2,1,1,0,0,0,0,2,seriously_injured
2018,6,Mon,2,52.53990217,13.2038622,evening,20,daylight,0,dry,0,5,2,1,0,0,0,0,1,3,slightly_injured
2018,6,Mon,2,52.53493162,13.39794547,evening,20,daylight,0,dry,0,5,2,1,1,0,0,0,0,3,slightly_injured
2018,7,Mon,2,52.500188,13.35128665,evening,18,daylight,0,dry,0,6,7,0,1,1,0,0,0,3,slightly_injured
2018,6,Mon,2,52.55362854,13.41399333,evening,20,daylight,0,dry,0,2,6,0,1,0,0,0,1,3,slightly_injured
2018,6,Fri,6,52.44864134,13.55902283,evening,18,daylight,0,dry,0,0,1,0,0,0,1,0,0,3,slightly_injured
2018,6,Mon,2,52.43192794,13.39121509,evening,20,daylight,0,dry,0,5,2,0,1,0,0,0,0,2,seriously_injured
2018,7,Mon,2,52.45256457,13.43859623,afternoon,14,daylight,0,dry,0,3,6,1,1,0,0,0,0,3,slightly_injured
2018,7,Mon,2,52.51742653,13.36704546,evening,18,daylight,0,dry,0,0,7,1,1,0,0,0,0,3,slightly_injured
2018,6,Mon,2,52.52437764,13.33331216,evening,20,dusk,1,dry,0,5,7,0,1,0,0,0,0,3,slightly_injured
2018,6,Fri,6,52.44226372,13.26673431,afternoon,14,daylight,0,dry,0,2,6,0,1,0,0,0,0,3,slightly_injured
2018,6,Mon,2,52.51625291,13.316569,evening,19,daylight,0,dry,0,2,3,0,1,0,0,0,0,3,slightly_injured
2018,7,Sun,1,52.53051697,13.29564117,afternoon,14,daylight,0,dry,0,2,6,0,1,0,0,0,0,3,slightly_injured
2018,7,Mon,2,52.52974537,13.38408105,evening,18,daylight,0,dry,0,1,1,1,1,0,0,0,0,3,slightly_injured
2018,6,Mon,2,52.53218857,13.20080543,evening,18,daylight,0,dry,0,2,6,0,1,0,0,0,0,3,slightly_injured
2018,7,Mon,2,52.58075977,13.36332582,afternoon,17,daylight,0,dry,0,2,2,0,1,0,0,0,0,3,slightly_injured
2018,6,Sat,7,52.49240191,13.39098631,afternoon,14,daylight,0,dry,0,5,2,1,1,0,0,0,0,3,slightly_injured
2018,7,Mon,2,52.49592532,13.3610002,afternoon,16,daylight,0,dry,0,6,2,0,1,1,0,0,0,3,slightly_injured
2018,6,Mon,2,52.54879121,13.36301592,evening,18,daylight,0,dry,0,5,3,0,1,0,0,0,0,3,slightly_injured
2018,6,Fri,6,52.56712097,13.32908211,afternoon,15,daylight,0,dry,0,5,3,0,1,0,1,0,0,3,slightly_injured
2018,6,Mon,2,52.52647427,13.42183309,evening,18,daylight,0,dry,0,5,2,1,1,0,0,0,0,3,slightly_injured
2018,7,Mon,2,52.48921812,13.34515258,morning,9,daylight,0,dry,0,2,2,1,1,0,0,0,0,3,slightly_injured
2018,7,Mon,2,52.53799173,13.41243277,afternoon,16,daylight,0,dry,0,5,2,1,1,0,0,0,0,3,slightly_injured
2018,6,Mon,2,52.59103471,13.36954357,afternoon,17,daylight,0,dry,0,5,3,1,1,0,0,0,0,3,slightly_injured
2018,7,Mon,2,52.52957039,13.40005551,afternoon,16,daylight,0,dry,0,3,6,0,1,0,1,0,0,3,slightly_injured
2018,6,Fri,6,52.51319232,13.33025678,morning,10,daylight,0,dry,0,5,3,1,1,0,0,0,0,3,slightly_injured