ujahr,umonat,weekday,uwochentag,long,lat,time_of_day,ustunde,light_condition,ulichtverh,street_condition,ustrzustand,uart,utyp1,ist_rad,ist_pkw,ist_fuss,ist_krad,ist_gkfz,ist_sonstige,ukategorie,accident_outcome
2018,7,Sun,1,52.60450347,13.36596107,morning,11,daylight,0,dry,0,2,6,0,0,0,1,0,0,2,seriously_injured
2018,7,Mon,2,52.49883758,13.34590005,afternoon,16,daylight,0,dry,0,0,2,0,0,0,0,0,1,3,slightly_injured
2018,6,Mon,2,52.42831376,13.52236813,afternoon,16,daylight,0,dry,0,5,3,0,1,0,0,0,0,3,slightly_injured
2018,7,Mon,2,52.51344065,13.40663169,afternoon,13,daylight,0,dry,0,5,3,1,1,0,0,0,0,3,slightly_injured
2018,7,Mon,2,52.46027184,13.52074487,afternoon,15,daylight,0,dry,0,4,6,1,1,0,0,0,0,3,slightly_injured
2018,6,Mon,2,52.43859314,13.23362145,afternoon,16,daylight,0,dry,0,0,2,1,1,0,0,0,0,3,slightly_injured
2018,6,Fri,6,52.41536544,13.51261786,afternoon,13,daylight,0,dry,0,6,7,0,1,1,0,0,0,2,seriously_injured
2018,7,Sun,1,52.49828716,13.39940055,evening,22,dark,2,dry,0,5,3,0,1,0,0,0,0,2,seriously_injured
2018,7,Mon,2,52.49869581,13.44640957,afternoon,15,daylight,0,dry,0,6,4,1,0,1,0,0,0,3,slightly_injured
2018,6,Mon,2,52.41320565,13.42227226,afternoon,16,daylight,0,dry,0,1,5,0,1,0,0,0,0,3,slightly_injured
2018,7,Mon,2,52.46974148,13.33353683,afternoon,15,daylight,0,dry,0,5,7,0,1,0,1,0,0,3,slightly_injured
2018,6,Sat,7,52.59119568,13.38464577,morning,11,daylight,0,dry,0,2,2,0,1,0,0,0,0,3,slightly_injured
2018,7,Mon,2,52.48286237,13.43757126,afternoon,14,daylight,0,dry,0,1,5,1,1,0,0,0,0,3,slightly_injured
2018,6,Mon,2,52.57021339,13.31141172,afternoon,16,daylight,0,dry,0,2,6,0,1,0,0,0,0,3,slightly_injured
2018,7,Mon,2,52.42834823,13.32743821,afternoon,14,daylight,0,dry,0,3,6,1,0,0,0,1,0,3,slightly_injured
2018,6,Fri,6,52.60510652,13.43254291,morning,7,daylight,0,dry,0,5,2,1,1,0,0,0,0,3,slightly_injured
2018,6,Mon,2,52.43287816,13.28311135,afternoon,16,daylight,0,dry,0,5,3,0,1,0,1,0,0,3,slightly_injured
2018,7,Mon,2,52.46944543,13.34918549,morning,7,daylight,0,dry,0,1,5,1,1,0,0,0,0,3,slightly_injured
2018,7,Mon,2,52.5830883,13.42859671,afternoon,14,daylight,0,dry,0,2,6,1,0,0,0,0,0,3,slightly_injured
2018,6,Mon,2,52.48653698,13.32076298,afternoon,14,daylight,0,dry,0,1,6,0,1,0,0,0,0,3,slightly_injured
2018,7,Mon,2,52.49921744,13.44549975,afternoon,14,daylight,0,dry,0,2,6,0,1,0,0,0,0,3,slightly_injured
2018,6,Thu,5,52.50290399,13.41016491,afternoon,17,daylight,0,dry,0,1,5,1,1,0,0,0,0,3,slightly_injured
2018,6,Sat,7,52.445206,13.43354316,evening,20,dusk,1,dry,0,3,6,1,1,0,0,0,0,2,seriously_injured
2018,6,Mon,2,52.42889794,13.25659337,afternoon,13,daylight,0,dry,0,5,3,1,1,0,0,0,0,3,slightly_injured
2018,6,Fri,6,52.4529207,13.5090511,afternoon,16,daylight,0,dry,0,2,6,1,1,0,0,0,0,3,slightly_injured
2018,7,Wed,4,52.5385993,13.20059252,afternoon,13,daylight,0,dry,0,0,2,1,1,0,0,0,0,3,slightly_injured
2018,7,Wed,4,52.54521043,13.5077398,afternoon,13,daylight,0,dry,0,6,4,0,1,1,0,0,0,3,slightly_injured
2018,7,Sat,7,52.55009728,13.38546003,morning,8,daylight,0,dry,0,5,7,0,1,0,0,0,0,3,slightly_injured
2018,7,Wed,4,52.51128318,13.61235322,morning,11,daylight,0,dry,0,0,1,1,0,0,0,0,0,3,slightly_injured
2018,7,Fri,6,52.51678805,13.3266599,afternoon,16,daylight,0,dry,0,5,3,1,1,0,0,0,0,3,slightly_injured
2018,7,Fri,6,52.5169988,13.44060359,afternoon,13,daylight,0,dry,0,3,6,1,0,0,0,0,0,2,seriously_injured
2018,7,Wed,4,52.48441004,13.4245619,morning,10,daylight,0,dry,0,5,7,0,1,0,0,0,0,3,slightly_injured
2018,7,Fri,6,52.51790638,13.38658981,morning,9,daylight,0,dry,0,6,7,0,1,0,0,0,1,3,slightly_injured
2018,7,Wed,4,52.54789053,13.30232024,morning,10,daylight,0,dry,0,5,2,0,1,0,0,0,0,3,slightly_injured
2018,7,Fri,6,52.5382145,13.39605205,morning,11,daylight,0,dry,0,2,2,1,1,0,0,0,0,3,slightly_injured
2018,7,Wed,4,52.4926808,13.38076306,morning,9,daylight,0,dry,0,1,5,1,1,0,0,0,0,3,slightly_injured
2018,7,Fri,6,52.49857936,13.41413699,night,2,dark,2,dry,0,5,3,0,1,0,0,0,0,3,slightly_injured
2018,7,Fri,6,52.52825803,13.23277698,morning,7,daylight,0,dry,0,1,5,1,1,0,0,0,0,3,slightly_injured
2018,7,Wed,4,52.52672159,13.36440612,morning,8,daylight,0,dry,0,5,3,0,1,0,1,0,0,3,slightly_injured
2018,7,Fri,6,52.52324037,13.42963596,night,2,dark,2,dry,0,5,2,0,1,0,0,0,0,3,slightly_injured
2018,7,Fri,6,52.53380266,13.28206864,afternoon,15,daylight,0,dry,0,2,6,0,1,0,0,0,0,3,slightly_injured
2018,7,Wed,4,52.43424505,13.43528595,morning,8,daylight,0,dry,0,1,7,0,1,0,0,0,1,3,slightly_injured
2018,7,Fri,6,52.50964066,13.35253436,night,0,dark,2,dry,0,0,7,1,0,0,0,0,0,3,slightly_injured
2018,7,Wed,4,52.54315283,13.49081712,afternoon,16,daylight,0,dry,0,0,1,0,0,0,1,0,0,3,slightly_injured
2018,7,Fri,6,52.42856313,13.52233056,evening,22,dark,2,dry,0,5,3,1,1,0,0,0,0,3,slightly_injured
2018,7,Fri,6,52.48850823,13.30741481,afternoon,17,daylight,0,dry,0,5,2,0,1,0,0,0,0,3,slightly_injured
2018,7,Wed,4,52.49617013,13.39520508,evening,23,dark,2,wet,1,5,2,1,1,0,0,0,0,3,slightly_injured
2018,7,Fri,6,52.47710394,13.37320194,evening,20,dusk,1,dry,0,4,6,1,1,0,0,0,0,3,slightly_injured
2018,7,Wed,4,52.50413215,13.33245625,morning,6,daylight,0,dry,0,3,6,0,1,0,0,0,1,3,slightly_injured
2018,7,Fri,6,52.53019904,13.40569464,evening,20,daylight,0,dry,0,1,5,1,1,0,0,0,0,3,slightly_injured
2018,7,Wed,4,52.50161046,13.47521406,evening,22,dark,2,wet,1,5,3,1,1,0,0,0,0,3,slightly_injured
2018,7,Fri,6,52.53948456,13.49664293,evening,19,daylight,0,dry,0,5,3,1,1,0,0,0,0,3,slightly_injured
2018,7,Fri,6,52.49294068,13.44439261,evening,19,dusk,1,dry,0,5,3,0,1,0,1,0,0,3,slightly_injured
2018,7,Wed,4,52.47606639,13.44753947,morning,6,daylight,0,dry,0,5,3,0,1,0,0,0,0,3,slightly_injured
2018,7,Fri,6,52.48737013,13.426437,evening,19,daylight,0,dry,0,1,5,1,1,0,0,0,0,2,seriously_injured
2018,7,Fri,6,52.47346803,13.32856918,evening,19,daylight,0,dry,0,5,2,1,1,0,0,0,0,3,slightly_injured
2018,7,Wed,4,52.53413478,13.49330997,night,5,daylight,0,wet,1,0,1,0,0,0,1,0,0,3,slightly_injured
2018,7,Fri,6,52.49825194,13.39792329,evening,19,daylight,0,dry,0,5,3,1,0,0,0,0,0,3,slightly_injured
2018,7,Wed,4,52.52278805,13.51947594,night,5,daylight,0,wet,1,0,1,0,0,0,1,0,0,3,slightly_injured
2018,7,Wed,4,52.50011898,13.41452205,night,0,dark,2,wet,1,5,3,1,1,0,0,0,0,3,slightly_injured
2018,7,Fri,6,52.45104065,13.33884925,evening,18,daylight,0,dry,0,0,2,0,1,0,1,0,0,3,slightly_injured
2018,7,Wed,4,52.41450498,13.40129384,night,0,dark,2,wet,1,5,2,0,1,0,0,0,0,3,slightly_injured
2018,7,Wed,4,52.56252447,13.32685935,evening,20,dusk,1,dry,0,5,3,1,1,0,0,0,0,3,slightly_injured
2018,7,Fri,6,52.44939511,13.31546705,afternoon,16,daylight,0,dry,0,2,6,1,0,0,0,0,1,3,slightly_injured
2018,7,Fri,6,52.5442404,13.4866346,afternoon,17,daylight,0,dry,0,4,5,1,1,0,0,0,0,3,slightly_injured
2018,7,Wed,4,52.48846947,13.30443797,afternoon,17,daylight,0,wet,1,5,3,0,1,0,1,0,0,3,slightly_injured
2018,7,Fri,6,52.55729002,13.36797115,afternoon,16,daylight,0,dry,0,1,1,1,1,0,0,0,0,3,slightly_injured
2018,7,Wed,4,52.44634428,13.59353569,afternoon,17,daylight,0,dry,0,5,3,0,1,0,0,0,1,3,slightly_injured
2018,7,Wed,4,52.55177053,13.43049892,afternoon,16,daylight,0,dry,0,5,2,1,1,0,0,0,0,3,slightly_injured
2018,7,Fri,6,52.45261774,13.50872696,afternoon,16,daylight,0,dry,0,3,2,1,1,0,0,0,0,3,slightly_injured
2018,7,Wed,4,52.46880704,13.31983797,afternoon,16,daylight,0,wet,1,5,3,0,1,0,0,0,0,3,slightly_injured
2018,7,Wed,4,52.51635492,13.35355681,afternoon,16,daylight,0,wet,1,2,6,0,1,0,1,0,0,3,slightly_injured
2018,7,Fri,6,52.46468262,13.34256797,afternoon,16,daylight,0,dry,0,5,3,1,1,0,0,0,0,3,slightly_injured
2018,7,Wed,4,52.41259499,13.36129239,afternoon,16,daylight,0,wet,1,2,2,0,1,0,0,0,0,3,slightly_injured
2018,7,Fri,6,52.57213901,13.4142793,afternoon,15,daylight,0,dry,0,5,2,0,1,0,1,0,0,3,slightly_injured
2018,7,Wed,4,52.51062578,13.38985244,afternoon,16,daylight,0,wet,1,1,5,1,1,0,0,0,1,3,slightly_injured
2018,7,Fri,6,52.52384071,13.36089716,afternoon,15,daylight,0,dry,0,3,6,1,1,0,0,0,0,3,slightly_injured
2018,7,Wed,4,52.51509237,13.4319266,afternoon,16,daylight,0,dry,0,6,2,0,1,1,0,0,0,3,slightly_injured
2018,7,Fri,6,52.54654639,13.46828296,afternoon,15,daylight,0,dry,0,6,2,0,1,1,0,0,0,3,slightly_injured
2018,7,Wed,4,52.53497769,13.20211449,afternoon,16,daylight,0,wet,1,5,3,0,1,0,1,0,0,3,slightly_injured
2018,7,Fri,6,52.55423691,13.40260995,afternoon,15,daylight,0,dry,0,5,3,1,0,0,1,0,0,3,slightly_injured
2018,7,Wed,4,52.50875234,13.50648224,afternoon,16,daylight,0,dry,0,5,2,0,1,0,0,0,0,3,slightly_injured
2018,7,Wed,4,52.48221961,13.29600081,afternoon,16,daylight,0,wet,1,2,7,1,1,0,0,0,0,3,slightly_injured
2018,7,Fri,6,52.56708968,13.31576152,afternoon,15,daylight,0,dry,0,2,6,0,1,0,0,0,0,3,slightly_injured
2018,7,Wed,4,52.50788411,13.30203979,evening,22,dark,2,wet,1,6,4,0,1,1,0,0,0,2,seriously_injured
2018,7,Wed,4,52.54826222,13.18121951,evening,19,daylight,0,dry,0,2,6,0,1,0,0,0,0,2,seriously_injured
2018,7,Fri,6,52.42464631,13.37838902,afternoon,14,daylight,0,dry,0,2,2,0,1,0,0,0,0,3,slightly_injured
2018,7,Wed,4,52.5599018,13.41550776,evening,18,daylight,0,wet,1,1,5,1,1,0,0,0,0,3,slightly_injured
2018,7,Fri,6,52.45919182,13.52489148,afternoon,14,daylight,0,dry,0,6,4,1,0,1,0,0,0,2,seriously_injured
2018,7,Fri,6,52.53353685,13.41012345,afternoon,12,daylight,0,dry,0,2,6,1,1,0,0,0,0,3,slightly_injured
2018,7,Wed,4,52.43703774,13.56221172,evening,22,dark,2,dry,0,8,1,0,0,0,1,0,0,3,slightly_injured
2018,7,Fri,6,52.4980308,13.44755829,afternoon,12,daylight,0,dry,0,1,5,1,0,0,0,1,0,3,slightly_injured
2018,7,Tue,3,52.50423087,13.47233221,morning,7,daylight,0,dry,0,5,3,1,1,0,0,0,0,3,slightly_injured
2018,7,Tue,3,52.52329234,13.35946877,evening,18,daylight,0,dry,0,5,2,1,1,0,0,0,0,3,slightly_injured
2018,7,Fri,6,52.54014829,13.45439163,afternoon,12,daylight,0,dry,0,5,3,1,1,0,0,0,0,3,slightly_injured
2018,7,Tue,3,52.52519844,13.41951182,evening,23,dark,2,wet,1,5,2,1,0,0,0,0,1,3,slightly_injured
2018,7,Fri,6,52.45659647,13.3220037,evening,19,daylight,0,dry,0,0,6,0,1,0,0,0,1,3,slightly_injured
2018,7,Tue,3,52.50868293,13.32679626,afternoon,15,daylight,0,dry,0,5,2,1,1,0,0,0,0,3,slightly_injured
2018,7,Fri,6,52.52556921,13.35647065,evening,18,daylight,0,dry,0,5,3,0,1,0,0,0,0,3,slightly_injured
2018,7,Fri,6,52.53406155,13.18129505,evening,19,daylight,0,dry,0,2,6,0,1,0,0,0,0,3,slightly_injured
2018,7,Tue,3,52.5019633,13.37697535,afternoon,14,daylight,0,dry,0,5,2,1,0,0,0,1,0,2,seriously_injured
2018,7,Fri,6,52.48925695,13.49459045,evening,19,daylight,0,dry,0,2,6,0,1,0,0,0,0,3,slightly_injured
2018,7,Fri,6,52.50117179,13.44266379,evening,19,daylight,0,dry,0,1,5,1,1,0,0,0,1,3,slightly_injured
2018,7,Tue,3,52.47847716,13.43352646,morning,11,daylight,0,dry,0,5,5,0,1,0,0,0,0,3,slightly_injured
2018,7,Fri,6,52.4603069,13.52641635,evening,21,daylight,0,dry,0,1,5,0,1,0,0,0,0,3,slightly_injured
2018,7,Tue,3,52.41304206,13.31928943,morning,11,daylight,0,dry,0,5,2,1,1,0,0,0,0,3,slightly_injured
2018,7,Thu,5,52.59691423,13.36051697,morning,11,daylight,0,dry,0,5,2,0,1,0,0,0,0,3,slightly_injured
2018,7,Tue,3,52.5035758,13.38358755,morning,10,daylight,0,dry,0,1,5,0,0,0,1,0,1,3,slightly_injured
2018,7,Thu,5,52.51170852,13.47527407,night,0,dark,2,dry,0,2,6,1,0,0,1,0,0,3,slightly_injured
2018,7,Thu,5,52.56064224,13.32329935,morning,9,daylight,0,dry,0,3,6,0,1,0,0,0,1,3,slightly_injured
2018,7,Tue,3,52.5438225,13.42658935,morning,9,daylight,0,dry,0,5,3,1,1,0,0,0,0,3,slightly_injured
2018,7,Thu,5,52.56078417,13.50109977,afternoon,14,daylight,0,dry,0,5,7,0,1,0,1,0,0,3,slightly_injured
2018,7,Thu,5,52.51474177,13.34902078,morning,11,daylight,0,dry,0,2,6,0,1,0,0,0,0,3,slightly_injured
2018,7,Tue,3,52.45804813,13.29133318,morning,9,daylight,0,dry,0,1,7,0,1,0,0,0,1,3,slightly_injured
2018,7,Thu,5,52.52314753,13.40351111,morning,11,daylight,0,dry,0,6,4,0,1,1,0,0,0,3,slightly_injured
2018,7,Thu,5,52.54386099,13.3546183,morning,10,daylight,0,dry,0,2,6,0,1,0,0,0,0,3,slightly_injured
2018,7,Tue,3,52.54986981,13.20043152,morning,8,daylight,0,dry,0,2,6,0,0,0,1,0,1,3,slightly_injured
2018,7,Thu,5,52.52410076,13.5338208,morning,9,daylight,0,dry,0,5,3,1,1,0,0,0,0,2,seriously_injured
2018,7,Tue,3,52.49648411,13.41965668,morning,8,daylight,0,dry,0,2,2,0,1,0,0,0,1,3,slightly_injured
2018,7,Sun,1,52.56918373,13.50189579,evening,19,daylight,0,dry,0,1,5,1,1,0,0,0,0,3,slightly_injured
2018,7,Tue,3,52.54812451,13.29671897,morning,8,daylight,0,dry,0,5,2,0,1,0,0,0,0,3,slightly_injured
2018,7,Thu,5,52.49633034,13.46775294,morning,9,daylight,0,dry,0,5,7,1,1,0,0,0,0,3,slightly_injured
2018,7,Sun,1,52.49847859,13.35826049,evening,21,daylight,0,dry,0,9,1,0,1,0,0,0,0,2,seriously_injured
2018,7,Thu,5,52.51474109,13.31527494,morning,9,daylight,0,dry,0,5,2,1,1,0,0,0,0,3,slightly_injured
2018,7,Sun,1,52.4765575,13.42659177,night,3,dark,2,dry,0,0,7,1,0,0,0,0,0,3,slightly_injured
2018,7,Tue,3,52.51248959,13.45235233,morning,8,daylight,0,dry,0,5,2,1,1,0,0,0,0,3,slightly_injured
2018,7,Thu,5,52.51237408,13.40535969,morning,8,daylight,0,dry,0,1,7,1,1,0,0,0,0,3,slightly_injured
2018,7,Tue,3,52.45154582,13.57130086,morning,8,daylight,0,dry,0,2,6,0,1,0,0,0,1,3,slightly_injured
2018,7,Sun,1,52.56075832,13.37696123,afternoon,14,daylight,0,dry,0,5,3,0,1,0,0,0,1,3,slightly_injured
2018,7,Sat,7,52.46178008,13.51697572,afternoon,14,daylight,0,dry,0,0,2,1,1,0,0,0,0,3,slightly_injured
2018,7,Tue,3,52.47030964,13.46456575,night,5,daylight,0,dry,0,2,6,0,1,0,0,1,0,3,slightly_injured
2018,7,Thu,5,52.59249387,13.43655827,morning,6,daylight,0,dry,0,5,3,1,1,0,0,0,0,3,slightly_injured
2018,7,Tue,3,52.46780012,13.33560234,night,5,daylight,0,dry,0,1,5,0,1,0,1,0,0,3,slightly_injured
2018,7,Sat,7,52.52985282,13.40255902,afternoon,12,daylight,0,dry,0,6,4,0,1,1,0,0,0,2,seriously_injured
2018,7,Sat,7,52.51557264,13.2496453,evening,22,dark,2,dry,0,5,3,1,1,0,0,0,0,3,slightly_injured
2018,7,Tue,3,52.506772,13.33100152,afternoon,15,daylight,0,dry,0,2,7,0,0,0,0,1,1,3,slightly_injured
2018,7,Thu,5,52.52896058,13.34333418,afternoon,14,daylight,0,dry,0,5,3,1,1,0,0,0,0,2,seriously_injured
2018,7,Tue,3,52.51025626,13.30947995,morning,11,daylight,0,dry,0,5,3,1,1,0,0,0,0,2,seriously_injured
2018,7,Sat,7,52.49917802,13.4220129,evening,20,dusk,1,dry,0,5,7,1,1,0,0,0,0,3,slightly_injured
2018,7,Tue,3,52.50928175,13.32595165,afternoon,13,daylight,0,dry,0,5,2,0,1,0,0,0,0,2,seriously_injured
2018,7,Thu,5,52.54245756,13.23813466,morning,7,daylight,0,dry,0,4,6,0,1,0,0,0,1,2,seriously_injured
2018,7,Tue,3,52.45291376,13.45433481,morning,9,daylight,0,dry,0,6,3,0,1,1,0,0,0,2,seriously_injured
2018,7,Sat,7,52.49197129,13.39455617,evening,19,daylight,0,dry,0,1,5,1,1,0,0,0,0,3,slightly_injured
2018,7,Thu,5,52.54992317,13.57269571,afternoon,14,daylight,0,dry,0,2,6,0,1,0,0,0,0,3,slightly_injured
2018,7,Sat,7,52.47972505,13.45408058,evening,18,daylight,0,dry,0,5,2,0,1,0,1,0,0,3,slightly_injured
2018,7,Tue,3,52.47396954,13.45564061,morning,9,daylight,0,dry,0,4,1,0,1,0,0,1,1,2,seriously_injured
2018,7,Thu,5,52.50673415,13.27809732,morning,9,daylight,0,dry,0,0,3,0,1,0,0,0,1,3,slightly_injured
2018,7,Tue,3,52.53459739,13.44555722,afternoon,12,daylight,0,dry,0,5,3,1,1,0,0,0,0,3,slightly_injured
2018,7,Sat,7,52.52594884,13.54024799,evening,18,daylight,0,dry,0,5,2,1,1,0,0,0,0,3,slightly_injured
2018,7,Sat,7,52.42915219,13.3546629,afternoon,16,daylight,0,dry,0,5,2,0,1,0,0,0,0,3,slightly_injured
2018,7,Tue,3,52.500908,13.27483681,morning,8,daylight,0,dry,0,3,6,0,1,0,1,0,0,2,seriously_injured
2018,7,Thu,5,52.4256551,13.18659061,night,0,dark,2,dry,0,8,1,0,1,0,0,0,0,3,slightly_injured
2018,7,Tue,3,52.50079382,13.28127233,afternoon,14,daylight,0,dry,0,0,1,1,0,0,0,0,0,3,slightly_injured
2018,7,Sat,7,52.47483973,13.45414837,afternoon,14,daylight,0,dry,0,3,6,1,0,0,0,0,1,3,slightly_injured
2018,7,Thu,5,52.51130569,13.51914839,night,3,dark,2,dry,0,0,7,1,0,0,0,0,0,3,slightly_injured
2018,7,Tue,3,52.49842582,13.40094567,evening,22,dark,2,dry,0,2,6,0,1,0,0,0,0,2,seriously_injured
2018,7,Thu,5,52.5101844,13.4547997,morning,10,daylight,0,dry,0,0,1,1,0,0,0,0,0,2,seriously_injured
2018,7,Sat,7,52.53924466,13.39534005,afternoon,14,daylight,0,dry,0,6,4,0,1,1,0,0,0,3,slightly_injured
2018,7,Thu,5,52.5168024,13.26019825,afternoon,12,daylight,0,dry,0,0,7,1,0,0,0,0,0,3,slightly_injured
2018,7,Sat,7,52.52037706,13.46942248,afternoon,13,daylight,0,dry,0,5,3,0,1,0,0,0,0,3,slightly_injured
2018,7,Tue,3,52.43922077,13.54806018,evening,21,dusk,1,dry,0,1,5,1,1,0,0,0,0,3,slightly_injured
2018,7,Tue,3,52.49768795,13.46482735,evening,19,daylight,0,dry,0,0,6,0,1,0,1,0,0,3,slightly_injured
2018,7,Thu,5,52.45348226,13.33643702,evening,18,daylight,0,dry,0,1,6,1,1,0,0,0,0,3,slightly_injured
2018,7,Tue,3,52.51910388,13.29103167,evening,18,daylight,0,dry,0,3,6,0,1,0,0,0,0,3,slightly_injured
2018,7,Sat,7,52.5673576,13.21058391,afternoon,13,daylight,0,dry,0,2,6,0,1,0,0,0,0,3,slightly_injured
2018,7,Thu,5,52.43910503,13.24787373,evening,19,daylight,0,dry,0,1,5,1,0,0,0,0,1,3,slightly_injured
2018,7,Sat,7,52.64122831,13.3033636,afternoon,13,daylight,0,dry,0,5,3,0,1,0,0,0,0,3,slightly_injured
2018,7,Tue,3,52.50980348,13.35643934,afternoon,17,daylight,0,dry,0,3,2,0,1,0,1,0,0,3,slightly_injured
2018,7,Thu,5,52.5009077,13.44225454,evening,22,dark,2,dry,0,5,2,1,1,0,0,0,0,3,slightly_injured
2018,7,Tue,3,52.56075661,13.21510539,afternoon,17,daylight,0,dry,0,5,2,0,1,0,1,0,0,3,slightly_injured
2018,7,Sat,7,52.51684592,13.17812093,afternoon,12,daylight,0,dry,0,2,6,0,1,0,0,0,0,3,slightly_injured
2018,7,Sat,7,52.45203448,13.58067577,morning,10,daylight,0,dry,0,5,3,0,1,0,0,0,0,3,slightly_injured
2018,7,Mon,2,52.57005216,13.30028756,evening,22,dark,2,dry,0,0,3,1,1,0,0,0,0,3,slightly_injured
2018,7,Thu,5,52.53943481,13.29527605,evening,21,dusk,1,dry,0,2,6,0,1,0,0,0,0,3,slightly_injured
2018,7,Mon,2,52.42896229,13.46598615,evening,20,daylight,0,dry,0,5,3,0,0,0,1,0,1,3,slightly_injured
2018,7,Thu,5,52.57427182,13.38982561,evening,20,daylight,0,dry,0,2,2,0,1,0,0,0,0,3,slightly_injured
2018,7,Sat,7,52.43297346,13.33227696,morning,9,daylight,0,dry,0,4,6,1,1,0,0,0,0,3,slightly_injured
2018,7,Thu,5,52.5600626,13.50136281,afternoon,15,daylight,0,dry,0,6,7,1,0,1,0,0,0,3,slightly_injured
2018,7,Mon,2,52.49921896,13.4223595,evening,20,daylight,0,dry,0,3,6,1,1,0,0,0,0,3,slightly_injured
2018,7,Thu,5,52.60906816,13.29406273,evening,18,daylight,0,dry,0,2,6,0,1,0,0,0,0,3,slightly_injured
2018,7,Thu,5,52.49266779,13.3708515,evening,18,daylight,0,dry,0,5,2,1,0,0,0,0,1,3,slightly_injured
2018,7,Sat,7,52.4343326,13.34237276,morning,10,daylight,0,dry,0,2,6,0,1,0,0,0,0,3,slightly_injured
2018,7,Mon,2,52.48843224,13.30782495,evening,19,daylight,0,dry,0,5,2,1,1,0,0,0,0,3,slightly_injured
2018,7,Thu,5,52.51640843,13.3808155,evening,18,daylight,0,dry,0,2,2,0,1,0,0,0,0,3,slightly_injured
2018,7,Mon,2,52.52332129,13.4336843,evening,18,daylight,0,dry,0,6,4,1,0,1,0,0,0,3,slightly_injured
2018,7,Sat,7,52.49686665,13.50694436,morning,9,daylight,0,dry,0,5,2,1,1,0,0,0,0,3,slightly_injured
2018,7,Mon,2,52.56538152,13.40655163,evening,18,daylight,0,dry,0,5,2,1,1,0,0,0,0,3,slightly_injured
2018,7,Thu,5,52.53996443,13.19564585,evening,18,daylight,0,dry,0,5,2,0,0,0,1,0,1,3,slightly_injured
2018,7,Thu,5,52.53861812,13.37241214,evening,19,daylight,0,dry,0,0,1,1,0,0,0,0,0,2,seriously_injured
2018,7,Mon,2,52.55555857,13.38637004,afternoon,17,daylight,0,dry,0,2,6,0,1,0,1,0,0,3,slightly_injured
2018,7,Sat,7,52.46036086,13.27494459,morning,9,daylight,0,dry,0,5,2,1,1,0,0,0,0,3,slightly_injured
2018,7,Sat,7,52.52276127,13.41544084,evening,23,dark,2,dry,0,6,4,1,0,1,0,0,0,3,slightly_injured
2018,7,Thu,5,52.57128734,13.44321229,evening,18,daylight,0,dry,0,8,1,0,1,0,0,0,0,3,slightly_injured
2018,7,Mon,2,52.51642669,13.38587354,afternoon,17,daylight,0,dry,0,2,6,0,1,0,0,0,0,3,slightly_injured
2018,7,Thu,5,52.40925479,13.59339388,evening,22,dark,2,dry,0,0,1,0,0,0,1,0,0,3,slightly_injured
2018,7,Sat,7,52.50346853,13.45188328,evening,23,dark,2,dry,0,5,3,0,1,0,0,0,0,3,slightly_injured
2018,7,Thu,5,52.44878533,13.40402132,afternoon,17,daylight,0,dry,0,5,3,0,1,0,0,0,1,2,seriously_injured
2018,7,Sat,7,52.49743192,13.46465142,evening,19,daylight,0,dry,0,5,2,0,1,0,1,0,0,2,seriously_injured
2018,7,Mon,2,52.52781404,13.32476284,afternoon,17,daylight,0,dry,0,5,3,0,1,0,1,0,0,3,slightly_injured
2018,7,Thu,5,52.52927487,13.2963981,evening,18,daylight,0,dry,0,5,2,0,1,0,0,0,0,3,slightly_injured
2018,7,Sat,7,52.56039933,13.33336689,afternoon,12,daylight,0,dry,0,6,4,0,0,1,1,0,0,2,seriously_injured
2018,7,Thu,5,52.47992151,13.32804051,afternoon,17,daylight,0,dry,0,5,2,1,1,0,0,0,0,3,slightly_injured
2018,7,Sat,7,52.55445438,13.34536128,night,3,dark,2,dry,0,9,1,0,1,0,0,0,0,3,slightly_injured
2018,7,Mon,2,52.5336258,13.19460477,afternoon,17,daylight,0,dry,0,6,2,0,1,1,0,0,0,3,slightly_injured
2018,7,Thu,5,52.4649785,13.32854992,afternoon,17,daylight,0,dry,0,0,2,1,1,0,0,0,0,3,slightly_injured
2018,7,Mon,2,52.55164171,13.30396546,afternoon,14,daylight,0,dry,0,3,6,1,0,0,0,0,1,3,slightly_injured
2018,7,Sat,7,52.53827389,13.59881095,night,1,dark,2,dry,0,9,1,0,0,0,1,0,0,2,seriously_injured
2018,7,Mon,2,52.4507977,13.63670121,evening,20,daylight,0,dry,0,5,3,0,1,0,0,0,0,3,slightly_injured
2018,7,Thu,5,52.50786022,13.45944828,afternoon,17,daylight,0,dry,0,6,4,0,1,1,0,0,0,3,slightly_injured
2018,7,Mon,2,52.4932459,13.39501428,evening,20,daylight,0,dry,0,5,3,1,1,0,0,0,0,2,seriously_injured
2018,7,Fri,6,52.51726667,13.44068363,morning,8,daylight,0,dry,0,5,2,1,0,0,0,0,1,2,seriously_injured