ujahr,umonat,weekday,uwochentag,long,lat,time_of_day,ustunde,light_condition,ulichtverh,street_condition,ustrzustand,uart,utyp1,ist_rad,ist_pkw,ist_fuss,ist_krad,ist_gkfz,ist_sonstige,ukategorie,accident_outcome
2018,7,Thu,5,52.53396463,13.49650839,afternoon,17,daylight,0,dry,0,5,3,1,1,0,0,0,0,3,slightly_injured
2018,7,Fri,6,52.54877677,13.19851979,morning,8,daylight,0,dry,0,1,3,0,1,0,0,0,1,3,slightly_injured
2018,7,Mon,2,52.54164723,13.56326989,afternoon,17,daylight,0,dry,0,5,3,0,1,0,1,0,0,2,seriously_injured
2018,7,Thu,5,52.48691926,13.44000745,afternoon,17,daylight,0,dry,0,5,2,1,1,0,0,0,0,3,slightly_injured
2018,7,Fri,6,52.48936812,13.37670986,morning,6,daylight,0,dry,0,5,2,1,1,0,0,0,0,3,slightly_injured
2018,7,Thu,5,52.53449356,13.32833947,afternoon,15,daylight,0,dry,0,2,6,0,1,0,0,0,0,3,slightly_injured
2018,7,Fri,6,52.46940883,13.44170746,afternoon,16,daylight,0,dry,0,2,7,1,1,0,0,0,0,3,slightly_injured
2018,7,Mon,2,52.54979507,13.49796955,afternoon,17,daylight,0,dry,0,1,5,1,1,0,0,0,0,2,seriously_injured
2018,7,Thu,5,52.51571255,13.41730454,afternoon,15,daylight,0,dry,0,5,2,1,0,0,0,1,0,3,slightly_injured
2018,7,Mon,2,52.4819695,13.34819774,afternoon,17,daylight,0,dry,0,5,2,1,1,0,0,0,0,3,slightly_injured
2018,7,Fri,6,52.50646974,13.30938735,evening,22,dark,2,dry,0,6,4,1,1,1,0,0,0,3,slightly_injured
2018,7,Fri,6,52.47750017,13.37501684,afternoon,17,daylight,0,dry,0,1,5,0,1,0,0,0,0,3,slightly_injured
2018,7,Mon,2,52.51033513,13.43019551,morning,8,daylight,0,dry,0,3,6,1,0,0,0,1,0,3,slightly_injured
2018,7,Thu,5,52.4810749,13.42776959,afternoon,15,daylight,0,dry,0,0,3,0,1,0,1,0,0,3,slightly_injured
2018,7,Mon,2,52.47059731,13.34738919,morning,8,daylight,0,dry,0,5,2,0,1,0,0,0,0,3,slightly_injured
2018,7,Fri,6,52.47763089,13.44817428,afternoon,16,daylight,0,dry,0,5,2,1,1,0,0,0,0,3,slightly_injured
2018,7,Mon,2,52.51871035,13.28503978,morning,9,daylight,0,dry,0,0,6,0,1,0,1,0,0,3,slightly_injured
2018,7,Thu,5,52.53460531,13.29753619,afternoon,16,daylight,0,dry,0,5,2,1,1,0,0,0,0,3,slightly_injured
2018,7,Mon,2,52.49963511,13.35466199,morning,9,daylight,0,dry,0,2,6,0,1,0,0,0,1,3,slightly_injured
2018,7,Fri,6,52.52876598,13.56954692,afternoon,17,daylight,0,dry,0,5,3,1,1,0,0,0,0,3,slightly_injured
2018,7,Thu,5,52.4591173,13.38689643,afternoon,14,daylight,0,dry,0,6,4,0,1,1,0,0,0,2,seriously_injured
2018,7,Fri,6,52.46482072,13.3855146,afternoon,16,daylight,0,dry,0,5,3,1,0,0,0,0,1,3,slightly_injured
2018,7,Mon,2,52.43554135,13.45258818,afternoon,15,daylight,0,dry,0,6,4,0,0,1,0,0,1,2,seriously_injured
2018,7,Thu,5,52.49453377,13.41492028,afternoon,14,daylight,0,dry,0,0,4,1,0,1,0,0,0,3,slightly_injured
2018,7,Mon,2,52.44853758,13.31219775,morning,11,daylight,0,dry,0,1,5,1,1,0,0,0,0,3,slightly_injured
2018,7,Fri,6,52.4965643,13.45001507,night,2,dark,2,wet,1,6,4,0,1,1,0,0,0,3,slightly_injured
2018,7,Fri,6,52.46536686,13.33867366,afternoon,15,daylight,0,dry,0,5,3,1,1,0,0,0,0,2,seriously_injured
2018,7,Mon,2,52.54789949,13.18310967,morning,11,daylight,0,dry,0,5,7,0,1,0,0,0,0,3,slightly_injured
2018,7,Thu,5,52.54750086,13.4471599,afternoon,13,daylight,0,dry,0,1,5,1,1,0,0,0,0,3,slightly_injured
2018,7,Mon,2,52.4951992,13.36628342,afternoon,12,daylight,0,dry,0,5,3,0,1,0,0,0,0,3,slightly_injured
2018,7,Thu,5,52.44471102,13.57946091,afternoon,17,daylight,0,dry,0,6,7,1,0,1,0,0,0,3,slightly_injured
2018,7,Mon,2,52.42303294,13.31016801,afternoon,12,daylight,0,dry,0,1,5,1,1,0,0,0,0,3,slightly_injured
2018,7,Fri,6,52.45138022,13.58798188,afternoon,15,daylight,0,dry,0,5,2,1,1,0,0,0,0,3,slightly_injured
2018,7,Fri,6,52.56834234,13.2110698,afternoon,15,daylight,0,dry,0,5,3,0,1,0,1,0,0,2,seriously_injured
2018,7,Mon,2,52.51875892,13.28666539,afternoon,13,daylight,0,dry,0,5,2,1,1,0,0,0,0,3,slightly_injured
2018,7,Thu,5,52.52611148,13.4181028,evening,23,dark,2,dry,0,0,1,0,0,0,1,0,0,3,slightly_injured
2018,7,Mon,2,52.60650685,13.42044803,afternoon,16,daylight,0,dry,0,2,6,0,1,0,0,0,0,3,slightly_injured
2018,7,Fri,6,52.46401479,13.40914799,afternoon,13,daylight,0,dry,0,2,6,0,1,0,0,0,0,2,seriously_injured
2018,7,Mon,2,52.5311372,13.3285592,afternoon,15,daylight,0,dry,0,5,2,0,1,0,1,0,0,3,slightly_injured
2018,7,Thu,5,52.46717481,13.48481784,morning,11,daylight,0,dry,0,0,1,0,1,0,1,0,0,1,killed
2018,7,Mon,2,52.43115838,13.18539179,afternoon,15,daylight,0,dry,0,5,7,1,1,0,0,0,0,3,slightly_injured
2018,7,Wed,4,52.45297701,13.60730972,afternoon,12,daylight,0,dry,0,2,6,0,1,0,0,0,0,3,slightly_injured
2018,7,Fri,6,52.4986951,13.35722452,afternoon,14,daylight,0,dry,0,6,7,0,0,1,0,0,1,2,seriously_injured
2018,7,Wed,4,52.42899197,13.73810011,morning,10,daylight,0,dry,0,4,6,1,0,0,0,0,0,3,slightly_injured
2018,7,Fri,6,52.49999027,13.32486819,afternoon,13,daylight,0,dry,0,5,2,0,1,0,0,0,1,3,slightly_injured
2018,7,Mon,2,52.51048151,13.43023866,afternoon,14,daylight,0,dry,0,5,2,0,1,0,0,1,0,3,slightly_injured
2018,7,Wed,4,52.61798506,13.44872782,evening,22,dark,2,dry,0,5,2,1,1,0,0,0,0,3,slightly_injured
2018,7,Mon,2,52.60813437,13.32477949,afternoon,15,daylight,0,dry,0,6,3,0,1,1,0,0,0,2,seriously_injured
2018,7,Fri,6,52.47620417,13.36316113,afternoon,13,daylight,0,dry,0,6,2,0,1,1,0,0,0,2,seriously_injured
2018,7,Fri,6,52.45045145,13.51054128,afternoon,12,daylight,0,dry,0,5,2,1,1,0,0,0,0,3,slightly_injured
2018,7,Mon,2,52.55131996,13.36688457,afternoon,15,daylight,0,dry,0,1,1,0,1,0,0,0,1,2,seriously_injured
2018,7,Wed,4,52.45091298,13.27030765,evening,21,dark,2,dry,0,5,3,1,1,0,0,0,0,3,slightly_injured
2018,7,Mon,2,52.45149968,13.41505089,afternoon,16,daylight,0,dry,0,2,1,0,1,0,0,0,0,2,seriously_injured
2018,7,Wed,4,52.59038965,13.40116829,evening,21,daylight,0,dry,0,5,2,1,1,0,0,0,0,3,slightly_injured
2018,7,Fri,6,52.53857404,13.18147609,afternoon,12,daylight,0,dry,0,0,1,1,0,0,0,0,0,3,slightly_injured
2018,7,Wed,4,52.54870751,13.5062446,evening,19,daylight,0,dry,0,5,2,0,1,0,1,0,0,3,slightly_injured
2018,7,Mon,2,52.51769005,13.38051126,morning,7,daylight,0,dry,0,3,6,1,0,0,0,0,1,3,slightly_injured
2018,7,Wed,4,52.43985234,13.40046042,evening,18,daylight,0,dry,0,2,6,0,1,0,0,0,1,3,slightly_injured
2018,7,Fri,6,52.43885913,13.47448878,afternoon,12,daylight,0,dry,0,2,2,0,0,0,1,0,1,3,slightly_injured
2018,7,Fri,6,52.50995896,13.3641902,afternoon,12,daylight,0,dry,0,5,2,0,1,0,1,0,0,3,slightly_injured
2018,7,Wed,4,52.46584184,13.32434059,evening,18,daylight,0,dry,0,5,3,0,1,0,0,0,0,3,slightly_injured
2018,7,Mon,2,52.49998835,13.30687263,morning,6,daylight,0,dry,0,5,2,0,0,0,1,0,1,3,slightly_injured
2018,7,Wed,4,52.60819759,13.42291521,evening,18,daylight,0,dry,0,5,3,1,1,0,0,0,0,3,slightly_injured
2018,7,Fri,6,52.56580152,13.35084688,morning,11,daylight,0,dry,0,1,5,1,1,0,0,0,0,3,slightly_injured
2018,7,Wed,4,52.45805849,13.57890025,evening,18,daylight,0,dry,0,6,4,0,1,1,0,0,0,3,slightly_injured
2018,7,Fri,6,52.52322913,13.4830247,morning,11,daylight,0,wet,1,2,6,0,0,0,1,0,0,3,slightly_injured
2018,7,Mon,2,52.43157096,13.53745062,morning,8,daylight,0,dry,0,2,6,1,1,0,0,0,0,3,slightly_injured
2018,7,Wed,4,52.49155235,13.32308285,afternoon,17,daylight,0,dry,0,5,2,1,1,0,0,0,0,3,slightly_injured
2018,7,Mon,2,52.55352373,13.41843754,morning,8,daylight,0,dry,0,0,3,1,1,0,0,0,0,3,slightly_injured
2018,7,Fri,6,52.5580313,13.36529554,afternoon,16,daylight,0,dry,0,5,3,0,0,0,1,0,1,3,slightly_injured
2018,7,Fri,6,52.4954304,13.29823483,morning,10,daylight,0,wet,1,6,7,0,1,1,0,0,0,3,slightly_injured
2018,7,Wed,4,52.58639424,13.40693468,afternoon,17,daylight,0,dry,0,5,3,1,1,0,0,0,0,3,slightly_injured
2018,7,Mon,2,52.51574252,13.41810946,morning,8,daylight,0,dry,0,2,2,0,1,0,0,0,0,3,slightly_injured
2018,7,Wed,4,52.48987184,13.39765633,evening,20,daylight,0,dry,0,1,5,0,1,0,0,0,1,3,slightly_injured
2018,7,Fri,6,52.57083511,13.43282122,morning,9,daylight,0,dry,0,5,2,1,1,0,0,0,0,3,slightly_injured
2018,7,Wed,4,52.50993253,13.45606346,evening,20,daylight,0,dry,0,6,4,1,0,1,0,0,0,2,seriously_injured
2018,7,Fri,6,52.52091133,13.19781455,morning,9,daylight,0,dry,0,0,1,0,0,0,1,0,0,3,slightly_injured
2018,7,Mon,2,52.46656183,13.31598987,morning,8,daylight,0,dry,0,1,5,0,1,0,1,0,0,3,slightly_injured
2018,7,Wed,4,52.55496299,13.38391407,evening,20,daylight,0,dry,0,5,2,0,1,0,1,0,0,2,seriously_injured
2018,7,Fri,6,52.44627728,13.55909812,morning,7,daylight,0,wet,1,2,6,0,1,0,0,1,0,3,slightly_injured
2018,7,Fri,6,52.55311225,13.42213756,morning,6,daylight,0,dry,0,5,3,1,1,0,0,0,0,3,slightly_injured
2018,7,Mon,2,52.50138053,13.41936716,night,0,dark,2,dry,0,0,1,0,0,0,1,0,0,3,slightly_injured
2018,7,Wed,4,52.51966114,13.38016119,morning,8,daylight,0,dry,0,0,2,1,1,0,0,0,0,3,slightly_injured
2018,7,Mon,2,52.53257484,13.39891665,afternoon,16,daylight,0,dry,0,5,3,0,1,0,0,0,1,3,slightly_injured
2018,7,Wed,4,52.53849349,13.44608181,night,2,dark,2,dry,0,1,5,0,1,0,0,0,0,3,slightly_injured
2018,7,Thu,5,52.5453166,13.37046239,afternoon,17,daylight,0,wet,1,5,2,0,1,0,0,0,0,3,slightly_injured
2018,7,Sun,1,52.44164252,13.26488277,evening,19,daylight,0,dry,0,1,5,0,1,0,0,0,0,3,slightly_injured
2018,7,Wed,4,52.43624124,13.32207642,afternoon,17,daylight,0,dry,0,2,6,0,1,0,0,0,1,3,slightly_injured
2018,7,Sun,1,52.54560386,13.39041728,afternoon,14,daylight,0,dry,0,5,7,0,1,0,1,0,0,3,slightly_injured
2018,7,Thu,5,52.44277475,13.3806219,afternoon,17,daylight,0,dry,0,5,2,0,1,0,1,0,0,2,seriously_injured
2018,7,Sun,1,52.5156154,13.4181926,evening,19,daylight,0,dry,0,5,2,0,1,0,0,0,0,2,seriously_injured
2018,7,Wed,4,52.49712492,13.3662262,afternoon,17,daylight,0,dry,0,0,6,0,1,0,1,0,0,3,slightly_injured
2018,7,Thu,5,52.44718313,13.37129528,afternoon,17,daylight,0,wet,1,6,4,0,1,1,0,0,0,3,slightly_injured
2018,7,Wed,4,52.545918,13.35137041,afternoon,17,daylight,0,dry,0,5,3,0,1,0,0,0,0,3,slightly_injured
2018,7,Thu,5,52.43682702,13.54511374,afternoon,17,daylight,0,wet,1,6,2,0,0,1,0,0,1,3,slightly_injured
2018,7,Sun,1,52.43770682,13.58224457,evening,19,daylight,0,wet,1,3,6,1,1,0,0,0,0,3,slightly_injured
2018,7,Wed,4,52.43376247,13.3412174,afternoon,16,daylight,0,dry,0,5,2,1,1,0,0,0,0,3,slightly_injured
2018,7,Sun,1,52.54759535,13.18469991,afternoon,17,daylight,0,dry,0,5,2,0,1,0,0,0,0,3,slightly_injured
2018,7,Thu,5,52.54959305,13.46641338,evening,19,daylight,0,wet,1,5,3,1,1,0,0,0,0,3,slightly_injured
2018,7,Thu,5,52.52841535,13.37574439,afternoon,12,daylight,0,wet,1,0,1,0,0,0,1,0,0,3,slightly_injured
2018,7,Sun,1,52.41099095,13.48919085,evening,19,daylight,0,dry,0,6,4,0,1,1,0,0,0,3,slightly_injured
2018,7,Wed,4,52.55534675,13.47264297,afternoon,15,daylight,0,dry,0,5,2,1,1,0,0,0,0,3,slightly_injured
2018,7,Sun,1,52.47715073,13.53707919,afternoon,17,daylight,0,dry,0,1,5,1,1,0,0,0,0,3,slightly_injured
2018,7,Thu,5,52.50806969,13.47397701,evening,19,daylight,0,wet,1,0,7,0,1,0,0,0,0,2,seriously_injured
2018,7,Sun,1,52.42362263,13.43655962,afternoon,13,daylight,0,dry,0,3,6,1,1,0,0,0,0,3,slightly_injured
2018,7,Wed,4,52.51774164,13.30053269,afternoon,16,daylight,0,dry,0,5,3,0,1,0,0,0,0,3,slightly_injured
2018,7,Sun,1,52.47880391,13.34418976,morning,7,daylight,0,dry,0,2,6,0,1,0,0,0,0,3,slightly_injured
2018,7,Thu,5,52.57180616,13.31041204,evening,21,dark,2,wet,1,0,1,0,0,0,1,0,0,2,seriously_injured
2018,7,Thu,5,52.52506848,13.40334673,evening,21,dark,2,wet,1,5,2,1,1,0,0,0,0,3,slightly_injured
2018,7,Sun,1,52.46644493,13.37814443,afternoon,12,daylight,0,dry,0,5,2,0,1,0,0,0,0,3,slightly_injured
2018,7,Wed,4,52.60805134,13.41628065,afternoon,15,daylight,0,dry,0,0,7,1,0,0,0,0,0,3,slightly_injured
2018,7,Sun,1,52.41203669,13.66297394,morning,9,daylight,0,dry,0,5,3,1,1,0,0,0,0,2,seriously_injured
2018,7,Thu,5,52.48098483,13.4413893,evening,23,dark,2,wet,1,6,2,0,1,1,0,0,0,2,seriously_injured
2018,7,Wed,4,52.52454468,13.47338175,afternoon,15,daylight,0,dry,0,5,3,1,1,0,0,0,0,3,slightly_injured
2018,7,Thu,5,52.52597533,13.45889632,evening,23,dark,2,wet,1,5,3,1,1,0,0,0,0,3,slightly_injured
2018,7,Sun,1,52.42334061,13.3961105,morning,9,daylight,0,dry,0,5,2,0,1,0,0,0,0,3,slightly_injured
2018,7,Wed,4,52.47192742,13.38565802,afternoon,15,daylight,0,wet,1,0,2,0,1,0,1,0,0,3,slightly_injured
2018,7,Sun,1,52.46910735,13.49131656,morning,8,daylight,0,dry,0,5,2,0,1,0,1,0,0,3,slightly_injured
2018,7,Thu,5,52.5337865,13.45290858,afternoon,15,daylight,0,wet,1,5,2,1,1,0,0,0,0,2,seriously_injured
2018,7,Thu,5,52.59146857,13.29184458,afternoon,15,daylight,0,wet,1,2,2,1,1,0,0,0,0,3,slightly_injured
2018,7,Sun,1,52.53899258,13.34484929,night,4,dark,2,dry,0,8,1,0,1,1,0,0,0,3,slightly_injured
2018,7,Wed,4,52.49749453,13.36447815,evening,22,dark,2,dry,0,0,1,1,0,0,0,0,0,3,slightly_injured
2018,7,Sun,1,52.49030138,13.4188249,night,1,dark,2,dry,0,1,5,1,1,0,0,0,0,3,slightly_injured
2018,7,Thu,5,52.49879338,13.30102663,afternoon,14,daylight,0,wet,1,0,1,0,1,0,1,0,0,3,slightly_injured
2018,7,Sat,7,52.51433814,13.4674363,evening,18,daylight,0,dry,0,5,2,1,1,0,0,0,0,3,slightly_injured
2018,7,Wed,4,52.55987865,13.38722134,afternoon,13,daylight,0,dry,0,5,2,1,1,0,0,0,0,3,slightly_injured
2018,7,Sat,7,52.52974284,13.46216958,evening,23,dark,2,dry,0,6,4,0,1,1,0,0,0,3,slightly_injured
2018,7,Wed,4,52.4178408,13.49551381,afternoon,12,daylight,0,dry,0,0,5,0,1,0,0,0,0,3,slightly_injured
2018,7,Thu,5,52.49746937,13.18008884,afternoon,14,daylight,0,wet,1,2,6,0,1,0,0,0,0,3,slightly_injured
2018,7,Wed,4,52.42651341,13.52665785,afternoon,13,daylight,0,dry,0,5,2,0,1,0,0,0,0,3,slightly_injured
2018,7,Thu,5,52.49648649,13.39503572,afternoon,13,daylight,0,wet,1,0,6,0,0,0,1,0,1,3,slightly_injured
2018,7,Sat,7,52.52362988,13.38769569,evening,23,dark,2,dry,0,2,6,0,1,0,1,0,0,3,slightly_injured
2018,7,Wed,4,52.53372947,13.28236167,afternoon,12,daylight,0,dry,0,0,6,0,0,0,1,0,1,3,slightly_injured
2018,7,Sat,7,52.53684486,13.3752131,evening,21,dusk,1,dry,0,0,1,1,0,0,0,0,0,3,slightly_injured
2018,7,Thu,5,52.43349101,13.55192527,afternoon,12,daylight,0,wet,1,5,7,0,1,0,0,0,0,3,slightly_injured
2018,7,Thu,5,52.56403643,13.3276998,afternoon,12,daylight,0,wet,1,5,2,0,1,0,0,0,0,3,slightly_injured
2018,7,Wed,4,52.51304457,13.33029527,afternoon,12,daylight,0,dry,0,5,2,1,0,0,0,1,0,3,slightly_injured
2018,7,Thu,5,52.50534324,13.39700373,afternoon,12,daylight,0,wet,1,5,2,0,1,0,0,0,0,3,slightly_injured
2018,7,Sat,7,52.54021122,13.44147025,evening,19,daylight,0,dry,0,0,1,0,1,0,1,0,0,3,slightly_injured
2018,7,Wed,4,52.49932482,13.38885494,morning,11,daylight,0,dry,0,5,2,1,1,0,0,0,0,3,slightly_injured
2018,7,Sat,7,52.54018039,13.40252854,evening,20,daylight,0,dry,0,5,3,1,1,0,0,0,0,3,slightly_injured
2018,7,Thu,5,52.50673937,13.30231602,morning,11,daylight,0,wet,1,0,2,0,1,0,0,0,1,3,slightly_injured
2018,7,Thu,5,52.52931254,13.37954535,morning,11,daylight,0,wet,1,2,6,0,1,0,0,0,0,3,slightly_injured
2018,7,Sat,7,52.55516024,13.30658148,evening,18,daylight,0,dry,0,5,2,1,1,0,0,0,0,3,slightly_injured
2018,7,Wed,4,52.43790076,13.47427665,morning,10,daylight,0,dry,0,1,5,0,1,0,1,0,0,3,slightly_injured
2018,7,Sat,7,52.51112858,13.37121575,evening,18,daylight,0,dry,0,5,2,0,1,0,0,0,0,3,slightly_injured
2018,7,Wed,4,52.56404334,13.50696041,morning,10,daylight,0,dry,0,5,2,1,1,0,0,0,0,3,slightly_injured
2018,7,Thu,5,52.49598335,13.30318895,morning,11,daylight,0,wet,1,5,2,1,1,0,0,0,0,3,slightly_injured
2018,7,Wed,4,52.52354331,13.39160824,morning,10,daylight,0,dry,0,1,5,1,1,0,0,0,0,3,slightly_injured
2018,7,Sat,7,52.46179639,13.5824086,evening,18,daylight,0,dry,0,5,2,1,1,0,0,0,0,3,slightly_injured
2018,7,Wed,4,52.53223071,13.32477602,morning,10,daylight,0,dry,0,5,2,1,1,0,0,0,0,3,slightly_injured
2018,7,Wed,4,52.49600177,13.39069639,morning,10,daylight,0,dry,0,5,2,1,1,0,0,0,0,3,slightly_injured
2018,7,Thu,5,52.5022261,13.39123332,morning,9,daylight,0,wet,1,1,5,1,0,0,0,0,1,3,slightly_injured
2018,7,Sat,7,52.45194072,13.60262028,evening,18,daylight,0,dry,0,3,6,1,1,0,0,0,0,2,seriously_injured
2018,7,Wed,4,52.50352439,13.30921453,morning,9,daylight,0,dry,0,0,7,1,1,0,0,0,0,3,slightly_injured
2018,7,Sat,7,52.51707646,13.44062844,afternoon,17,daylight,0,dry,0,5,3,1,0,0,1,0,0,3,slightly_injured
2018,7,Thu,5,52.50816187,13.3990644,morning,8,daylight,0,wet,1,5,2,1,1,0,0,0,0,3,slightly_injured
2018,7,Thu,5,52.52499102,13.44273776,morning,8,daylight,0,wet,1,2,6,0,1,0,0,1,0,3,slightly_injured
2018,7,Sat,7,52.55239952,13.17899082,afternoon,17,daylight,0,dry,0,5,3,1,1,0,0,0,0,3,slightly_injured
2018,7,Wed,4,52.56819186,13.3106567,morning,8,daylight,0,dry,0,5,3,1,1,0,0,0,0,3,slightly_injured
2018,7,Thu,5,52.49993297,13.35402482,morning,8,daylight,0,wet,1,5,3,0,1,0,0,0,0,3,slightly_injured
2018,7,Wed,4,52.5119568,13.38706406,morning,8,daylight,0,dry,0,1,5,1,1,0,0,0,0,3,slightly_injured
2018,7,Wed,4,52.48371968,13.40023521,morning,8,daylight,0,dry,0,5,2,1,1,0,0,0,0,3,slightly_injured
2018,7,Sat,7,52.54130209,13.49357638,afternoon,16,daylight,0,dry,0,5,3,0,1,0,0,0,0,3,slightly_injured
2018,7,Wed,4,52.50649867,13.30894763,morning,7,daylight,0,dry,0,2,6,0,1,0,0,0,0,3,slightly_injured
2018,7,Thu,5,52.5569125,13.37699316,morning,8,daylight,0,wet,1,3,6,0,1,0,0,0,1,3,slightly_injured
2018,7,Wed,4,52.51582329,13.42666686,morning,7,daylight,0,dry,0,5,2,1,1,0,0,0,0,3,slightly_injured
2018,7,Thu,5,52.53916045,13.39920312,afternoon,14,daylight,0,wet,1,0,1,0,0,0,1,0,0,3,slightly_injured
2018,7,Sat,7,52.50113836,13.42795505,afternoon,15,daylight,0,dry,0,5,3,0,1,0,0,0,0,3,slightly_injured
2018,7,Wed,4,52.60681918,13.45447525,morning,7,daylight,0,dry,0,5,3,1,1,0,0,0,0,3,slightly_injured
2018,7,Thu,5,52.46126733,13.32903563,afternoon,14,daylight,0,dry,0,0,7,0,1,0,0,0,0,2,seriously_injured
2018,7,Wed,4,52.40454449,13.51061774,afternoon,13,daylight,0,dry,0,0,2,0,1,0,0,0,1,3,slightly_injured
2018,7,Thu,5,52.44613698,13.62005844,morning,6,dusk,1,wet,1,4,1,0,1,0,0,0,0,2,seriously_injured
2018,7,Sat,7,52.53077058,13.41043877,afternoon,15,daylight,0,dry,0,0,1,1,0,0,0,0,0,2,seriously_injured
2018,7,Wed,4,52.52882768,13.45795684,afternoon,12,daylight,0,dry,0,2,6,0,1,0,0,0,0,3,slightly_injured
2018,7,Sat,7,52.53076267,13.22246184,afternoon,14,daylight,0,dry,0,1,1,1,1,0,0,0,1,3,slightly_injured
2018,7,Thu,5,52.49007372,13.38644945,morning,6,dusk,1,wet,1,5,3,1,1,0,0,0,0,2,seriously_injured
2018,7,Sat,7,52.54169291,13.23520177,afternoon,14,daylight,0,dry,0,1,5,0,1,0,0,0,0,3,slightly_injured
2018,7,Wed,4,52.50773022,13.50976064,afternoon,12,daylight,0,dry,0,6,4,1,0,1,0,0,0,3,slightly_injured
2018,7,Thu,5,52.56660473,13.51431061,night,0,dark,2,wet,1,2,6,0,1,0,1,0,0,2,seriously_injured
2018,7,Wed,4,52.42563625,13.32778323,morning,9,daylight,0,dry,0,2,7,0,1,0,0,0,0,3,slightly_injured
2018,7,Wed,4,52.50006189,13.34561849,evening,23,dark,2,wet,1,2,6,0,1,0,0,0,0,3,slightly_injured
2018,7,Sat,7,52.5665173,13.56196853,afternoon,14,daylight,0,dry,0,5,3,0,1,0,0,0,0,3,slightly_injured
2018,7,Wed,4,52.44040719,13.24479079,morning,7,daylight,0,dry,0,5,3,0,1,0,0,0,0,2,seriously_injured
2018,7,Sat,7,52.52541294,13.40828662,afternoon,13,daylight,0,dry,0,1,5,1,1,0,0,0,0,3,slightly_injured
2018,7,Wed,4,52.42762993,13.32639232,evening,23,dark,2,wet,1,5,3,1,1,0,0,0,0,3,slightly_injured
2018,7,Wed,4,52.52735498,13.45081981,morning,9,daylight,0,dry,0,5,2,1,1,0,0,0,0,3,slightly_injured
2018,7,Sat,7,52.49375265,13.35372729,afternoon,13,daylight,0,dry,0,4,6,1,1,0,0,0,0,3,slightly_injured
2018,7,Wed,4,52.56056522,13.57211407,night,5,daylight,0,dry,0,5,3,0,1,0,0,0,0,3,slightly_injured
2018,7,Wed,4,52.5403115,13.54225155,evening,18,daylight,0,dry,0,2,6,0,1,0,0,0,1,3,slightly_injured
2018,7,Sat,7,52.46706998,13.38819683,afternoon,12,daylight,0,dry,0,1,5,1,0,0,0,1,0,3,slightly_injured
2018,7,Wed,4,52.47357224,13.57055203,morning,6,daylight,0,dry,0,5,2,1,1,0,0,0,0,3,slightly_injured
2018,7,Wed,4,52.46094058,13.15564051,afternoon,16,daylight,0,wet,1,5,2,1,1,0,0,0,0,3,slightly_injured
2018,7,Wed,4,52.5004813,13.61179279,afternoon,16,daylight,0,dry,0,5,3,1,1,0,0,0,0,3,slightly_injured
2018,7,Sat,7,52.45202521,13.46959713,afternoon,13,daylight,0,dry,0,2,2,0,1,0,1,0,0,3,slightly_injured
2018,7,Tue,3,52.50457479,13.36727902,morning,10,daylight,0,dry,0,2,6,0,1,0,0,0,0,3,slightly_injured
2018,7,Sat,7,52.43402276,13.19825992,afternoon,12,daylight,0,dry,0,2,6,0,1,0,0,0,0,3,slightly_injured
2018,7,Wed,4,52.50440927,13.33454984,afternoon,15,daylight,0,dry,0,5,5,0,1,0,1,0,0,3,slightly_injured
2018,7,Sat,7,52.43591573,13.25594883,afternoon,12,daylight,0,dry,0,5,3,1,1,0,0,0,0,3,slightly_injured
2018,7,Tue,3,52.4390594,13.58737173,afternoon,13,daylight,0,dry,0,5,3,1,1,0,0,0,0,3,slightly_injured
2018,7,Sat,7,52.53202283,13.19294376,afternoon,12,daylight,0,dry,0,5,3,0,1,0,0,0,0,3,slightly_injured
2018,7,Wed,4,52.55632435,13.56383515,afternoon,16,daylight,0,wet,1,5,2,0,1,0,0,0,1,3,slightly_injured
2018,7,Tue,3,52.5635998,13.50575368,afternoon,16,daylight,0,dry,0,6,4,1,0,1,0,0,0,3,slightly_injured
2018,7,Wed,4,52.50017405,13.30794865,afternoon,15,daylight,0,dry,0,2,6,1,0,0,0,1,0,2,seriously_injured
2018,7,Sat,7,52.49882594,13.34946791,morning,11,daylight,0,dry,0,0,5,1,1,0,0,0,0,3,slightly_injured
2018,7,Tue,3,52.40824463,13.34978874,afternoon,17,daylight,0,dry,0,5,3,1,0,0,0,0,0,3,slightly_injured
2018,7,Sat,7,52.44134067,13.70005202,morning,10,daylight,0,dry,0,5,3,1,1,0,0,0,0,2,seriously_injured
2018,7,Wed,4,52.49713204,13.35455007,afternoon,13,daylight,0,dry,0,5,3,0,1,0,1,0,0,3,slightly_injured
2018,7,Wed,4,52.45644214,13.63793426,afternoon,13,daylight,0,dry,0,0,2,1,0,0,0,0,1,3,slightly_injured
2018,7,Tue,3,52.49772152,13.39527855,evening,18,daylight,0,dry,0,0,6,0,1,0,1,0,0,3,slightly_injured
2018,7,Thu,5,52.55073746,13.4115744,afternoon,15,daylight,0,dry,0,2,6,0,1,0,0,0,1,3,slightly_injured