ujahr,umonat,weekday,uwochentag,long,lat,time_of_day,ustunde,light_condition,ulichtverh,street_condition,ustrzustand,uart,utyp1,ist_rad,ist_pkw,ist_fuss,ist_krad,ist_gkfz,ist_sonstige,ukategorie,accident_outcome
2018,7,Tue,3,52.52483496,13.62181115,afternoon,14,daylight,0,wet,1,0,7,0,0,0,1,0,0,3,slightly_injured
2018,7,Tue,3,52.45532127,13.32588264,afternoon,14,daylight,0,dry,0,0,6,1,0,0,0,0,1,3,slightly_injured
2018,7,Thu,5,52.54765613,13.18479238,afternoon,14,daylight,0,dry,0,6,7,1,0,1,0,0,0,3,slightly_injured
2018,7,Tue,3,52.51501489,13.39313845,afternoon,13,daylight,0,dry,0,5,3,1,1,0,0,0,0,2,seriously_injured
2018,7,Thu,5,52.4123648,13.26037982,afternoon,14,daylight,0,dry,0,5,3,1,1,0,0,0,0,3,slightly_injured
2018,7,Tue,3,52.53622309,13.27326503,afternoon,13,daylight,0,dry,0,2,6,0,1,0,0,1,0,3,slightly_injured
2018,7,Thu,5,52.51832121,13.17107696,afternoon,13,daylight,0,dry,0,2,6,0,1,0,0,0,0,3,slightly_injured
2018,7,Thu,5,52.50560721,13.3030456,afternoon,12,daylight,0,dry,0,6,2,0,1,1,0,0,0,3,slightly_injured
2018,7,Tue,3,52.4746338,13.45461801,afternoon,13,daylight,0,dry,0,5,3,0,0,0,1,0,1,3,slightly_injured
2018,7,Tue,3,52.53347554,13.48464603,afternoon,13,daylight,0,dry,0,2,6,0,1,0,0,1,0,3,slightly_injured
2018,7,Thu,5,52.55557175,13.38998847,afternoon,12,daylight,0,dry,0,5,3,1,0,0,1,0,0,3,slightly_injured
2018,7,Tue,3,52.46777823,13.48991436,afternoon,12,daylight,0,dry,0,0,3,1,1,0,0,0,0,3,slightly_injured
2018,7,Tue,3,52.54617848,13.35893356,afternoon,12,daylight,0,dry,0,2,6,0,1,0,0,0,0,3,slightly_injured
2018,7,Tue,3,52.53216241,13.38107403,morning,10,daylight,0,dry,0,0,3,0,1,0,1,0,0,3,slightly_injured
2018,7,Thu,5,52.44603024,13.67521198,afternoon,12,daylight,0,wet,1,0,5,0,1,0,1,0,0,3,slightly_injured
2018,7,Tue,3,52.60159406,13.24306869,morning,9,daylight,0,dry,0,5,2,0,1,0,1,0,0,3,slightly_injured
2018,7,Sat,7,52.53047585,13.41879606,evening,23,dark,2,dry,0,6,4,0,1,1,0,0,0,2,seriously_injured
2018,7,Tue,3,52.63420453,13.29000837,morning,9,daylight,0,dry,0,1,5,1,1,0,0,0,0,3,slightly_injured
2018,7,Thu,5,52.50694386,13.56160508,morning,11,daylight,0,dry,0,2,6,0,1,0,0,0,0,3,slightly_injured
2018,7,Tue,3,52.59061794,13.29199351,morning,8,daylight,0,dry,0,5,3,0,1,0,0,0,1,3,slightly_injured
2018,7,Thu,5,52.64518846,13.30202986,morning,9,daylight,0,dry,0,5,3,0,1,0,0,0,0,3,slightly_injured
2018,7,Sat,7,52.5723448,13.33112749,evening,22,dark,2,dry,0,6,4,0,0,1,0,0,1,2,seriously_injured
2018,7,Tue,3,52.44996803,13.34704397,morning,8,daylight,0,dry,0,0,6,0,1,0,1,0,0,3,slightly_injured
2018,7,Sat,7,52.52396608,13.41177321,evening,22,dark,2,dry,0,5,2,0,1,0,0,0,0,3,slightly_injured
2018,7,Thu,5,52.4959531,13.29594469,morning,9,daylight,0,dry,0,5,2,1,1,0,0,0,0,3,slightly_injured
2018,7,Thu,5,52.49157703,13.37678222,morning,8,daylight,0,dry,0,2,2,0,1,0,0,0,0,3,slightly_injured
2018,7,Tue,3,52.55107079,13.42996636,morning,7,daylight,0,dry,0,5,2,1,1,0,0,0,0,3,slightly_injured
2018,7,Sat,7,52.5197189,13.38653646,evening,21,dark,2,wet,1,0,1,1,1,0,0,0,0,3,slightly_injured
2018,7,Tue,3,52.51277168,13.46703685,morning,6,daylight,0,dry,0,5,3,0,1,0,1,0,0,3,slightly_injured
2018,7,Thu,5,52.46288383,13.34830182,morning,9,daylight,0,dry,0,5,2,1,1,0,0,0,0,3,slightly_injured
2018,7,Tue,3,52.49005775,13.35496509,morning,10,daylight,0,dry,0,5,2,0,1,0,0,0,0,3,slightly_injured
2018,7,Thu,5,52.4543065,13.3958195,morning,8,daylight,0,dry,0,5,3,0,1,0,0,0,1,3,slightly_injured
2018,7,Sat,7,52.46702824,13.30937642,evening,20,dusk,1,wet,1,5,3,0,1,0,0,0,0,3,slightly_injured
2018,7,Tue,3,52.46388232,13.40776211,morning,11,daylight,0,dry,0,5,7,0,1,0,0,0,0,3,slightly_injured
2018,7,Thu,5,52.53588105,13.35643146,morning,8,daylight,0,dry,0,5,2,0,1,0,1,0,0,3,slightly_injured
2018,7,Tue,3,52.49956752,13.44340671,morning,8,daylight,0,dry,0,1,5,1,0,0,0,0,1,2,seriously_injured
2018,7,Thu,5,52.56204626,13.35368283,morning,7,daylight,0,dry,0,5,2,1,1,0,0,0,0,3,slightly_injured
2018,7,Sat,7,52.54917766,13.35439809,evening,20,daylight,0,wet,1,6,4,0,0,1,0,0,1,3,slightly_injured
2018,7,Tue,3,52.53403085,13.5583793,morning,7,daylight,0,dry,0,6,4,0,1,1,0,0,0,2,seriously_injured
2018,7,Fri,6,52.48448598,13.52647338,evening,18,daylight,0,dry,0,2,7,0,1,0,1,0,0,3,slightly_injured
2018,7,Thu,5,52.51001774,13.40047821,morning,7,daylight,0,dry,0,0,3,0,1,0,1,0,0,3,slightly_injured
2018,7,Fri,6,52.42088055,13.2807585,afternoon,17,daylight,0,dry,0,2,2,1,1,0,0,0,0,3,slightly_injured
2018,7,Tue,3,52.42121748,13.31071916,morning,11,daylight,0,dry,0,0,1,0,0,0,1,0,0,3,slightly_injured
2018,7,Fri,6,52.49245161,13.34502211,afternoon,14,daylight,0,dry,0,3,6,0,1,0,1,0,0,3,slightly_injured
2018,7,Thu,5,52.52518867,13.41321168,morning,6,daylight,0,dry,0,5,3,1,0,0,0,0,1,3,slightly_injured
2018,7,Fri,6,52.49457299,13.51445916,afternoon,13,daylight,0,dry,0,2,2,1,1,0,0,0,0,3,slightly_injured
2018,7,Tue,3,52.52321277,13.43391524,night,2,dark,2,dry,0,0,1,1,0,0,0,0,0,3,slightly_injured
2018,7,Thu,5,52.56448832,13.32650038,morning,6,daylight,0,dry,0,1,5,1,1,0,0,0,1,3,slightly_injured
2018,7,Mon,2,52.43681794,13.47238353,evening,18,daylight,0,dry,0,0,1,1,0,0,0,0,0,3,slightly_injured
2018,7,Thu,5,52.52845655,13.40769538,night,0,dark,2,dry,0,1,5,1,0,0,1,0,0,3,slightly_injured
2018,7,Fri,6,52.43509903,13.43524075,afternoon,13,daylight,0,dry,0,1,1,0,1,0,0,0,0,3,slightly_injured
2018,7,Mon,2,52.53419883,13.491734,morning,10,daylight,0,dry,0,5,2,0,1,0,0,0,1,2,seriously_injured
2018,7,Fri,6,52.43244476,13.21867331,afternoon,12,daylight,0,dry,0,5,2,1,1,0,0,0,0,3,slightly_injured
2018,7,Wed,4,52.48184859,13.43379238,evening,18,daylight,0,dry,0,2,2,1,1,0,0,0,0,3,slightly_injured
2018,7,Wed,4,52.51067302,13.46374422,afternoon,12,daylight,0,dry,0,6,4,0,1,1,0,0,0,3,slightly_injured
2018,7,Fri,6,52.42033416,13.30863927,morning,10,daylight,0,dry,0,5,3,0,1,0,1,0,0,3,slightly_injured
2018,7,Mon,2,52.44417088,13.37522258,morning,10,daylight,0,dry,0,1,5,0,1,0,0,0,0,3,slightly_injured
2018,7,Fri,6,52.50255389,13.41464503,morning,10,daylight,0,dry,0,1,5,1,1,0,0,0,0,3,slightly_injured
2018,7,Wed,4,52.5316935,13.34334554,morning,11,daylight,0,dry,0,5,2,1,1,0,0,0,0,3,slightly_injured
2018,7,Fri,6,52.52399877,13.4100901,morning,8,daylight,0,dry,0,5,2,1,1,0,0,0,0,3,slightly_injured
2018,7,Mon,2,52.53432716,13.5664179,morning,10,daylight,0,dry,0,5,3,0,1,0,1,0,0,2,seriously_injured
2018,7,Fri,6,52.46861581,13.51456622,morning,8,daylight,0,dry,0,0,2,1,1,0,0,0,0,3,slightly_injured
2018,7,Wed,4,52.530226,13.38178272,morning,11,daylight,0,dry,0,6,7,0,1,1,0,0,0,3,slightly_injured
2018,7,Mon,2,52.53866709,13.23438657,morning,9,daylight,0,dry,0,3,6,0,1,0,0,1,0,3,slightly_injured
2018,7,Wed,4,52.54057204,13.54336072,afternoon,15,daylight,0,dry,0,2,6,0,1,0,0,0,0,3,slightly_injured
2018,7,Fri,6,52.53799415,13.41244637,afternoon,14,daylight,0,dry,0,5,2,1,1,0,0,0,0,3,slightly_injured
2018,7,Mon,2,52.40469261,13.51029756,morning,9,daylight,0,dry,0,0,6,0,0,0,0,0,1,3,slightly_injured
2018,7,Fri,6,52.43225602,13.4736186,morning,7,daylight,0,dry,0,6,2,0,1,1,0,0,0,3,slightly_injured
2018,7,Wed,4,52.46454652,13.52538737,afternoon,15,daylight,0,dry,0,2,6,1,0,0,0,0,1,3,slightly_injured
2018,7,Wed,4,52.4258261,13.31669972,afternoon,14,daylight,0,dry,0,2,6,0,1,0,1,0,0,3,slightly_injured
2018,7,Mon,2,52.52408813,13.33169855,morning,9,daylight,0,dry,0,0,2,0,1,0,1,0,0,3,slightly_injured
2018,7,Wed,4,52.50848205,13.39022119,afternoon,14,daylight,0,dry,0,6,4,1,0,1,0,0,0,3,slightly_injured
2018,7,Fri,6,52.50306881,13.43813649,morning,7,daylight,0,dry,0,1,5,1,1,0,0,0,0,3,slightly_injured
2018,7,Mon,2,52.49220024,13.37320362,morning,8,daylight,0,dry,0,4,6,1,0,0,0,0,0,3,slightly_injured
2018,7,Fri,6,52.58109059,13.29288689,afternoon,17,daylight,0,dry,0,5,7,0,1,0,1,0,0,3,slightly_injured
2018,7,Wed,4,52.50143782,13.34668841,afternoon,13,daylight,0,dry,0,3,6,0,0,0,1,0,1,3,slightly_injured
2018,7,Wed,4,52.52659017,13.23915621,afternoon,13,daylight,0,dry,0,2,6,0,1,0,0,0,0,3,slightly_injured
2018,7,Fri,6,52.54290776,13.392316,afternoon,17,daylight,0,dry,0,0,7,1,0,0,0,0,0,3,slightly_injured
2018,7,Mon,2,52.53293651,13.32925398,morning,7,daylight,0,dry,0,5,7,1,1,0,0,0,0,3,slightly_injured
2018,7,Fri,6,52.52852242,13.39385871,evening,18,daylight,0,dry,0,5,2,0,1,0,1,0,0,3,slightly_injured
2018,7,Wed,4,52.54658143,13.57369485,afternoon,13,daylight,0,dry,0,5,2,1,1,0,0,0,0,3,slightly_injured
2018,7,Fri,6,52.57457852,13.5191153,afternoon,14,daylight,0,dry,0,2,2,0,1,0,0,0,0,3,slightly_injured
2018,7,Mon,2,52.4320126,13.46018391,night,5,daylight,0,dry,0,5,3,0,1,0,1,0,0,3,slightly_injured
2018,7,Fri,6,52.45981413,13.37651063,afternoon,12,daylight,0,dry,0,0,5,1,0,0,0,0,1,3,slightly_injured
2018,7,Mon,2,52.51125305,13.5219441,afternoon,17,daylight,0,dry,0,6,7,0,1,1,0,0,0,3,slightly_injured
2018,7,Wed,4,52.47030149,13.42968581,afternoon,13,daylight,0,dry,0,6,4,0,0,1,1,0,0,3,slightly_injured
2018,7,Mon,2,52.5319076,13.32849404,evening,20,dusk,1,dry,0,2,2,0,0,0,1,0,1,3,slightly_injured
2018,7,Wed,4,52.59880676,13.34348266,afternoon,13,daylight,0,dry,0,2,6,0,1,0,0,0,0,3,slightly_injured
2018,7,Fri,6,52.53797775,13.21612804,morning,11,daylight,0,dry,0,0,2,1,1,0,0,0,0,2,seriously_injured
2018,7,Mon,2,52.53215014,13.39923999,evening,20,daylight,0,dry,0,3,6,1,1,0,0,0,0,3,slightly_injured
2018,7,Fri,6,52.46863246,13.37781783,morning,10,daylight,0,dry,0,5,2,0,1,0,1,0,0,2,seriously_injured
2018,7,Wed,4,52.4982485,13.39777941,afternoon,12,daylight,0,dry,0,2,6,1,1,0,0,0,0,3,slightly_injured
2018,7,Wed,4,52.45650903,13.32251841,afternoon,12,daylight,0,dry,0,6,2,0,1,1,0,0,0,3,slightly_injured
2018,7,Fri,6,52.52514043,13.49970245,morning,9,daylight,0,dry,0,2,2,0,1,0,0,0,0,3,slightly_injured
2018,7,Mon,2,52.50551938,13.35216411,afternoon,17,daylight,0,dry,0,5,3,0,1,0,1,0,0,3,slightly_injured
2018,7,Wed,4,52.51590364,13.4261396,morning,11,daylight,0,dry,0,5,3,1,0,0,0,0,1,2,seriously_injured
2018,7,Wed,4,52.53758645,13.47195763,morning,9,daylight,0,dry,0,5,7,0,1,0,0,0,0,3,slightly_injured
2018,7,Fri,6,52.4500408,13.34647342,morning,7,daylight,0,dry,0,5,2,1,0,0,0,1,0,2,seriously_injured
2018,7,Mon,2,52.47404562,13.29445728,afternoon,17,daylight,0,dry,0,5,2,1,1,0,0,0,0,3,slightly_injured
2018,7,Fri,6,52.49878948,13.27199712,night,1,dark,2,dry,0,9,1,0,1,0,0,0,0,3,slightly_injured
2018,7,Mon,2,52.55135709,13.4301511,afternoon,17,daylight,0,dry,0,5,2,0,1,0,0,0,0,3,slightly_injured
2018,7,Wed,4,52.45272226,13.60618054,morning,9,daylight,0,dry,0,2,6,0,1,0,0,0,0,3,slightly_injured
2018,7,Mon,2,52.47082584,13.51202141,afternoon,16,daylight,0,dry,0,2,2,0,1,0,0,1,0,3,slightly_injured
2018,7,Fri,6,52.61856056,13.48803449,evening,21,dusk,1,wet,1,5,3,1,0,0,0,0,0,3,slightly_injured
2018,7,Mon,2,52.58050261,13.40016386,afternoon,15,daylight,0,dry,0,5,3,1,1,0,0,0,0,3,slightly_injured
2018,7,Mon,2,52.51595909,13.32344502,afternoon,14,daylight,0,dry,0,5,2,1,1,0,0,0,0,3,slightly_injured
2018,7,Wed,4,52.50803091,13.36478787,morning,8,daylight,0,dry,0,5,2,0,1,0,1,0,0,2,seriously_injured
2018,7,Fri,6,52.4834712,13.38766249,evening,19,daylight,0,dry,0,6,4,1,0,1,0,0,0,2,seriously_injured
2018,7,Mon,2,52.43300773,13.33622546,afternoon,14,daylight,0,dry,0,1,5,1,1,0,0,0,0,3,slightly_injured
2018,7,Fri,6,52.49843396,13.40665346,evening,20,dusk,1,dry,0,5,2,0,1,0,0,0,0,3,slightly_injured
2018,7,Wed,4,52.425325,13.43535334,morning,7,daylight,0,dry,0,2,2,0,1,0,1,0,0,2,seriously_injured
2018,7,Wed,4,52.40969367,13.49313187,morning,7,daylight,0,dry,0,7,7,0,1,0,0,0,0,3,slightly_injured
2018,7,Mon,2,52.44891972,13.62925414,afternoon,13,daylight,0,dry,0,5,3,0,1,0,1,0,0,3,slightly_injured
2018,7,Fri,6,52.48692348,13.42813537,evening,20,daylight,0,dry,0,1,5,1,1,0,0,0,0,3,slightly_injured
2018,7,Mon,2,52.53356877,13.48620032,afternoon,13,daylight,0,dry,0,2,6,0,0,0,0,0,1,3,slightly_injured
2018,7,Wed,4,52.5107666,13.3730021,morning,9,daylight,0,dry,0,0,5,1,1,0,0,0,0,3,slightly_injured
2018,7,Mon,2,52.50457784,13.30803639,afternoon,13,daylight,0,dry,0,1,5,1,1,0,0,0,0,3,slightly_injured
2018,7,Wed,4,52.47020862,13.46460223,evening,22,dark,2,dry,0,5,2,0,1,0,0,0,0,3,slightly_injured
2018,7,Fri,6,52.49842948,13.42171974,evening,19,dusk,1,dry,0,2,4,1,0,1,0,0,0,3,slightly_injured
2018,7,Mon,2,52.51698252,13.30769469,afternoon,12,daylight,0,dry,0,6,7,0,1,1,0,0,0,3,slightly_injured
2018,7,Wed,4,52.53457011,13.29749416,evening,19,daylight,0,dry,0,5,2,0,1,0,0,0,0,3,slightly_injured
2018,7,Mon,2,52.52299382,13.47316194,afternoon,15,daylight,0,dry,0,2,6,0,1,0,0,0,0,3,slightly_injured
2018,7,Fri,6,52.43004015,13.49327901,evening,18,daylight,0,dry,0,2,6,0,1,0,0,0,0,3,slightly_injured
2018,7,Mon,2,52.52766338,13.23286191,morning,11,daylight,0,dry,0,2,6,0,1,0,0,0,0,3,slightly_injured
2018,7,Wed,4,52.49388386,13.40283777,evening,18,daylight,0,dry,0,5,2,1,1,0,0,0,0,3,slightly_injured
2018,7,Mon,2,52.4767182,13.4500072,afternoon,14,daylight,0,dry,0,5,3,0,1,0,0,0,1,3,slightly_injured
2018,7,Fri,6,52.41757304,13.51229898,morning,9,daylight,0,dry,0,5,3,1,1,0,0,0,0,3,slightly_injured
2018,7,Mon,2,52.44484887,13.59360638,evening,18,daylight,0,dry,0,5,3,1,0,0,1,0,0,2,seriously_injured
2018,7,Thu,5,52.49099129,13.39804259,afternoon,17,daylight,0,dry,0,5,3,1,1,0,0,0,0,3,slightly_injured
2018,7,Wed,4,52.55029338,13.44193776,afternoon,17,daylight,0,dry,0,0,2,1,1,0,0,0,0,3,slightly_injured
2018,7,Thu,5,52.45665741,13.56245654,afternoon,17,daylight,0,dry,0,5,3,1,1,0,0,0,0,3,slightly_injured
2018,7,Mon,2,52.46476552,13.34266762,afternoon,17,daylight,0,dry,0,5,3,0,1,0,1,0,1,2,seriously_injured
2018,7,Wed,4,52.50874676,13.49943273,afternoon,14,daylight,0,dry,0,5,7,0,1,0,0,0,0,3,slightly_injured
2018,7,Mon,2,52.45250421,13.24192758,afternoon,16,daylight,0,dry,0,0,1,1,0,0,0,0,0,2,seriously_injured
2018,7,Wed,4,52.51005784,13.37512615,afternoon,15,daylight,0,dry,0,1,5,1,1,0,0,0,1,3,slightly_injured
2018,7,Thu,5,52.51300763,13.46405838,evening,22,dark,2,dry,0,5,3,0,1,0,1,0,0,3,slightly_injured
2018,7,Mon,2,52.50633276,13.31436961,afternoon,16,daylight,0,dry,0,1,5,1,1,0,0,0,0,3,slightly_injured
2018,7,Thu,5,52.56411022,13.32754319,evening,19,daylight,0,dry,0,5,3,1,1,0,0,0,0,3,slightly_injured
2018,7,Wed,4,52.4920697,13.4473821,evening,22,dark,2,dry,0,1,5,1,1,0,0,0,0,2,seriously_injured
2018,7,Wed,4,52.39675858,13.41085286,evening,22,dark,2,dry,0,1,5,1,1,0,0,0,0,2,seriously_injured
2018,7,Thu,5,52.61554084,13.34841715,evening,19,daylight,0,dry,0,4,6,0,0,0,0,0,1,3,slightly_injured
2018,7,Mon,2,52.51189262,13.43080175,morning,10,daylight,0,dry,0,1,6,1,1,0,0,1,0,3,slightly_injured
2018,7,Thu,5,52.5142512,13.49553589,evening,18,daylight,0,dry,0,4,6,0,1,0,0,0,0,3,slightly_injured
2018,7,Wed,4,52.56866023,13.43285401,evening,19,daylight,0,dry,0,1,5,1,1,0,0,0,0,2,seriously_injured
2018,7,Wed,4,52.56828158,13.54321726,afternoon,17,daylight,0,dry,0,5,2,1,1,0,0,0,0,2,seriously_injured
2018,7,Thu,5,52.55501322,13.38352405,evening,18,daylight,0,dry,0,1,7,1,1,0,0,0,0,3,slightly_injured
2018,7,Sun,1,52.50765136,13.28096319,evening,20,daylight,0,dry,0,1,5,1,1,0,0,0,0,2,seriously_injured
2018,7,Thu,5,52.54758967,13.21135235,evening,18,daylight,0,dry,0,5,2,0,1,0,1,0,0,3,slightly_injured
2018,7,Wed,4,52.49208331,13.52704379,evening,21,dark,2,dry,0,5,2,1,0,0,0,0,1,1,killed
2018,7,Thu,5,52.48180231,13.52758484,evening,18,daylight,0,dry,0,1,1,0,1,0,1,0,0,3,slightly_injured
2018,7,Sun,1,52.53965154,13.29431765,afternoon,14,daylight,0,dry,0,0,6,0,1,0,1,0,0,3,slightly_injured
2018,7,Thu,5,52.57589766,13.32162614,evening,21,dusk,1,dry,0,2,6,0,1,0,0,0,0,3,slightly_injured
2018,7,Tue,3,52.54035167,13.49942348,morning,10,daylight,0,dry,0,2,6,0,1,0,0,0,0,3,slightly_injured
2018,7,Sun,1,52.52896144,13.40176352,afternoon,13,daylight,0,dry,0,0,3,1,1,0,0,0,0,3,slightly_injured
2018,7,Tue,3,52.50737747,13.37275895,evening,20,daylight,0,dry,0,6,7,0,0,1,1,0,0,3,slightly_injured
2018,7,Thu,5,52.52586919,13.36786952,evening,20,daylight,0,dry,0,0,2,0,1,0,0,0,1,3,slightly_injured
2018,7,Sun,1,52.49174409,13.37083681,afternoon,13,daylight,0,dry,0,5,3,1,1,0,0,0,0,3,slightly_injured
2018,7,Thu,5,52.51793144,13.43291048,evening,21,dark,2,dry,0,5,3,1,1,0,0,0,0,2,seriously_injured
2018,7,Tue,3,52.56565897,13.40092657,evening,21,dusk,1,dry,0,3,6,0,1,0,0,0,1,3,slightly_injured
2018,7,Tue,3,52.5052288,13.33174601,evening,20,daylight,0,dry,0,5,7,0,1,0,1,0,0,3,slightly_injured
2018,7,Thu,5,52.50433381,13.35124204,evening,19,daylight,0,dry,0,0,2,1,1,0,1,0,0,3,slightly_injured
2018,7,Sun,1,52.43528943,13.54133294,afternoon,13,daylight,0,dry,0,6,2,0,1,1,0,0,0,3,slightly_injured
2018,7,Thu,5,52.44440102,13.29513047,evening,18,daylight,0,dry,0,5,2,1,1,0,0,0,0,2,seriously_injured
2018,7,Tue,3,52.48660052,13.3275868,afternoon,17,daylight,0,dry,0,5,2,1,1,0,0,0,0,3,slightly_injured
2018,7,Sun,1,52.50701702,13.39438623,afternoon,13,daylight,0,dry,0,5,3,0,1,0,0,0,0,3,slightly_injured
2018,7,Thu,5,52.54652192,13.2022908,afternoon,16,daylight,0,dry,0,5,3,1,1,0,0,0,0,2,seriously_injured
2018,7,Sun,1,52.53334,13.16261547,afternoon,13,daylight,0,dry,0,5,3,1,1,0,0,0,0,3,slightly_injured
2018,7,Tue,3,52.57854932,13.34739433,afternoon,12,daylight,0,dry,0,0,2,1,1,0,0,0,0,3,slightly_injured
2018,7,Sun,1,52.49780702,13.28374882,afternoon,13,daylight,0,dry,0,4,6,1,0,0,0,0,0,3,slightly_injured
2018,7,Tue,3,52.46495989,13.29843582,morning,6,daylight,0,dry,0,5,3,1,1,0,0,0,0,3,slightly_injured
2018,7,Thu,5,52.52345472,13.35987691,afternoon,17,daylight,0,dry,0,0,3,0,1,0,1,0,0,3,slightly_injured
2018,7,Thu,5,52.53638724,13.35207409,afternoon,17,daylight,0,dry,0,2,6,0,1,0,1,0,0,2,seriously_injured
2018,7,Sun,1,52.50623306,13.31616321,afternoon,12,daylight,0,dry,0,2,6,0,1,0,1,0,0,3,slightly_injured
2018,7,Thu,5,52.58852115,13.43017971,afternoon,17,daylight,0,dry,0,5,3,1,0,0,0,0,1,3,slightly_injured
2018,7,Tue,3,52.49743872,13.46465609,morning,7,daylight,0,dry,0,0,2,0,1,0,0,0,0,3,slightly_injured
2018,7,Sun,1,52.53063961,13.33356284,morning,11,daylight,0,dry,0,1,5,0,1,0,0,0,1,3,slightly_injured
2018,7,Tue,3,52.49770632,13.36198534,night,0,dark,2,dry,0,0,2,0,1,0,0,0,0,3,slightly_injured
2018,7,Thu,5,52.44959083,13.30418287,afternoon,17,daylight,0,dry,0,5,3,0,1,0,0,0,0,3,slightly_injured
2018,7,Sun,1,52.47847485,13.19794054,morning,10,daylight,0,dry,0,2,6,0,1,0,1,0,0,3,slightly_injured
2018,7,Thu,5,52.53973088,13.37070396,afternoon,17,daylight,0,dry,0,2,6,0,1,0,0,0,0,3,slightly_injured
2018,7,Tue,3,52.50685646,13.39441182,morning,11,daylight,0,dry,0,2,6,1,1,0,0,0,0,3,slightly_injured
2018,7,Tue,3,52.56648594,13.43806409,afternoon,12,daylight,0,dry,0,0,1,1,1,0,0,0,0,3,slightly_injured
2018,7,Thu,5,52.54669579,13.6031772,afternoon,17,daylight,0,dry,0,2,6,0,1,0,0,1,0,3,slightly_injured
2018,7,Sun,1,52.56615537,13.51610657,morning,10,daylight,0,dry,0,8,1,0,0,0,1,0,0,3,slightly_injured
2018,7,Thu,5,52.5110592,13.38697405,afternoon,16,daylight,0,dry,0,2,6,1,1,0,0,0,0,3,slightly_injured
2018,7,Sun,1,52.42904396,13.44764208,morning,9,daylight,0,dry,0,1,5,1,1,0,0,0,0,3,slightly_injured
2018,7,Tue,3,52.52199578,13.32728171,evening,20,daylight,0,dry,0,5,7,0,1,0,1,0,0,2,seriously_injured
2018,7,Sun,1,52.50918927,13.46167554,night,1,dark,2,dry,0,1,5,1,1,0,0,0,1,2,seriously_injured
2018,7,Thu,5,52.47069392,13.28927604,afternoon,15,daylight,0,dry,0,5,2,1,0,0,0,1,0,2,seriously_injured
2018,7,Sun,1,52.50768151,13.39021828,afternoon,16,daylight,0,dry,0,5,3,1,1,0,0,0,0,3,slightly_injured
2018,7,Sat,7,52.50303833,13.34986555,evening,18,daylight,0,dry,0,5,2,0,1,0,1,0,0,3,slightly_injured
2018,7,Tue,3,52.53408063,13.18174373,evening,20,daylight,0,dry,0,5,2,1,1,0,0,0,0,3,slightly_injured
2018,7,Thu,5,52.5890391,13.34402857,afternoon,15,daylight,0,dry,0,2,6,0,1,0,0,0,1,3,slightly_injured
2018,7,Sat,7,52.46315085,13.31959764,evening,18,daylight,0,dry,0,3,6,1,1,0,0,0,0,3,slightly_injured
2018,7,Thu,5,52.4957545,13.28668058,afternoon,15,daylight,0,dry,0,6,2,0,1,1,0,0,0,3,slightly_injured
2018,7,Tue,3,52.52443857,13.47075774,evening,19,daylight,0,dry,0,6,4,0,1,1,0,0,0,2,seriously_injured
2018,7,Thu,5,52.56723585,13.51529527,afternoon,15,daylight,0,dry,0,5,2,1,1,0,0,0,0,3,slightly_injured
2018,7,Sat,7,52.54758989,13.18473109,afternoon,17,daylight,0,dry,0,5,2,0,1,0,1,0,0,3,slightly_injured
2018,7,Sat,7,52.54991108,13.17174452,afternoon,16,daylight,0,dry,0,2,6,1,0,0,0,0,0,3,slightly_injured
2018,7,Thu,5,52.42564953,13.48329313,afternoon,15,daylight,0,dry,0,8,1,0,0,0,1,0,0,3,slightly_injured
2018,7,Tue,3,52.54784279,13.34662959,afternoon,17,daylight,0,dry,0,2,6,0,1,0,0,0,0,3,slightly_injured
2018,7,Tue,3,52.52609677,13.36492041,evening,18,daylight,0,dry,0,6,4,0,1,1,0,0,0,2,seriously_injured
2018,7,Sat,7,52.56255994,13.33047731,afternoon,16,daylight,0,dry,0,2,2,0,1,0,1,0,0,3,slightly_injured
2018,7,Thu,5,52.49901567,13.3954941,afternoon,15,daylight,0,dry,0,5,3,1,1,0,0,0,0,3,slightly_injured
2018,7,Sat,7,52.44299953,13.29665288,afternoon,13,daylight,0,dry,0,0,2,0,1,0,1,0,0,3,slightly_injured
2018,7,Tue,3,52.441008,13.29884416,evening,18,daylight,0,dry,0,0,5,1,1,0,0,0,0,3,slightly_injured
2018,7,Sat,7,52.65586564,13.29049619,afternoon,12,daylight,0,dry,0,5,3,1,1,0,0,0,0,3,slightly_injured
2018,7,Tue,3,52.48211024,13.43363869,evening,18,daylight,0,dry,0,5,2,0,1,0,0,0,0,3,slightly_injured
2018,7,Thu,5,52.54725422,13.16220589,afternoon,17,daylight,0,dry,0,2,6,0,1,0,0,0,0,3,slightly_injured
2018,7,Sat,7,52.45890329,13.34423468,afternoon,12,daylight,0,dry,0,1,5,1,1,0,0,0,0,3,slightly_injured