ujahr,umonat,weekday,uwochentag,long,lat,time_of_day,ustunde,light_condition,ulichtverh,street_condition,ustrzustand,uart,utyp1,ist_rad,ist_pkw,ist_fuss,ist_krad,ist_gkfz,ist_sonstige,ukategorie,accident_outcome
2018,7,Tue,3,52.50382916,13.41096859,morning,9,daylight,0,dry,0,5,2,1,0,0,0,0,1,3,slightly_injured
2018,7,Sat,7,52.5155349,13.18496465,morning,10,daylight,0,dry,0,0,2,1,1,0,0,0,0,3,slightly_injured
2018,7,Tue,3,52.44335394,13.43135284,morning,7,daylight,0,dry,0,1,1,0,0,0,1,1,1,2,seriously_injured
2018,7,Thu,5,52.4927746,13.38780445,afternoon,15,daylight,0,dry,0,5,1,1,1,0,0,0,0,2,seriously_injured
2018,7,Sat,7,52.45993919,13.53702752,morning,10,daylight,0,dry,0,5,2,0,1,0,1,0,0,3,slightly_injured
2018,7,Thu,5,52.54740313,13.3941373,morning,10,daylight,0,dry,0,5,3,1,0,0,0,0,1,3,slightly_injured
2018,7,Tue,3,52.45209437,13.50937403,morning,6,daylight,0,dry,0,9,1,0,0,0,1,0,0,3,slightly_injured
2018,7,Thu,5,52.41331007,13.35481207,morning,10,daylight,0,dry,0,1,5,0,1,0,0,0,1,3,slightly_injured
2018,7,Sat,7,52.5028998,13.33121963,afternoon,14,daylight,0,dry,0,5,2,1,1,0,0,0,0,3,slightly_injured
2018,7,Thu,5,52.53812195,13.42003075,morning,8,daylight,0,dry,0,5,3,1,1,0,0,0,0,3,slightly_injured
2018,7,Tue,3,52.46265724,13.33519698,morning,11,daylight,0,dry,0,5,3,0,1,0,0,0,0,3,slightly_injured
2018,7,Sat,7,52.49924027,13.31224448,afternoon,13,daylight,0,dry,0,1,5,1,1,0,0,0,0,3,slightly_injured
2018,7,Tue,3,52.57464611,13.36966359,afternoon,17,daylight,0,dry,0,3,6,0,1,0,0,0,0,3,slightly_injured
2018,7,Thu,5,52.49491949,13.18025466,morning,8,daylight,0,dry,0,2,6,0,1,0,0,0,0,2,seriously_injured
2018,7,Sat,7,52.45780675,13.39343958,afternoon,12,daylight,0,dry,0,0,1,0,0,0,1,0,0,3,slightly_injured
2018,7,Tue,3,52.51618692,13.31074556,afternoon,16,daylight,0,dry,0,5,3,1,0,0,1,0,0,3,slightly_injured
2018,7,Sat,7,52.47118355,13.32850549,afternoon,13,daylight,0,dry,0,9,1,0,0,0,1,0,0,2,seriously_injured
2018,7,Tue,3,52.56259035,13.49949967,afternoon,16,daylight,0,dry,0,6,4,1,0,1,0,0,0,3,slightly_injured
2018,7,Thu,5,52.52665336,13.48648668,afternoon,14,daylight,0,dry,0,5,3,0,1,0,0,0,0,3,slightly_injured
2018,7,Sat,7,52.54224703,13.15766146,night,0,dark,2,dry,0,0,1,0,0,0,1,0,0,3,slightly_injured
2018,7,Thu,5,52.44878779,13.51177802,morning,7,daylight,0,dry,0,5,2,1,1,0,0,0,0,3,slightly_injured
2018,7,Tue,3,52.56270375,13.36459739,afternoon,16,daylight,0,dry,0,5,2,0,1,0,0,0,0,2,seriously_injured
2018,7,Tue,3,52.55430164,13.40250912,afternoon,15,daylight,0,dry,0,0,2,1,1,0,0,0,0,3,slightly_injured
2018,7,Thu,5,52.51667937,13.38888731,afternoon,13,daylight,0,dry,0,2,6,0,0,0,1,1,0,2,seriously_injured
2018,7,Sat,7,52.43109119,13.72211955,evening,19,daylight,0,dry,0,2,7,0,1,0,0,0,0,2,seriously_injured
2018,7,Thu,5,52.47813004,13.43925953,afternoon,13,daylight,0,dry,0,5,3,0,1,0,0,0,1,3,slightly_injured
2018,7,Tue,3,52.44611435,13.56157918,afternoon,15,daylight,0,dry,0,5,2,1,0,0,0,0,1,3,slightly_injured
2018,7,Thu,5,52.54180932,13.1636488,afternoon,13,daylight,0,dry,0,0,6,0,1,0,1,0,0,3,slightly_injured
2018,7,Sat,7,52.49175877,13.41362667,evening,19,daylight,0,dry,0,1,5,0,1,0,1,0,0,3,slightly_injured
2018,7,Thu,5,52.43653068,13.31414158,morning,6,daylight,0,dry,0,1,7,0,1,0,0,0,0,3,slightly_injured
2018,7,Tue,3,52.51260394,13.4516572,afternoon,15,daylight,0,dry,0,1,5,1,1,0,0,0,0,3,slightly_injured
2018,7,Sat,7,52.43279651,13.70531636,evening,19,daylight,0,dry,0,1,5,1,1,0,0,0,0,3,slightly_injured
2018,7,Tue,3,52.42735557,13.44819721,afternoon,14,daylight,0,dry,0,0,6,0,0,0,1,0,1,3,slightly_injured
2018,7,Thu,5,52.43376546,13.53311792,afternoon,13,daylight,0,dry,0,5,3,0,1,0,0,0,0,2,seriously_injured
2018,7,Sat,7,52.51542098,13.18466182,evening,18,daylight,0,dry,0,5,2,0,0,0,1,0,0,3,slightly_injured
2018,7,Thu,5,52.53309075,13.17974871,afternoon,13,daylight,0,dry,0,6,4,1,0,1,0,0,0,3,slightly_injured
2018,7,Tue,3,52.50318614,13.41208688,afternoon,14,daylight,0,dry,0,0,3,0,1,0,1,0,0,3,slightly_injured
2018,7,Tue,3,52.4821467,13.32035751,afternoon,14,daylight,0,dry,0,5,7,0,1,0,1,0,0,3,slightly_injured
2018,7,Thu,5,52.4517144,13.32067639,afternoon,13,daylight,0,dry,0,6,2,0,1,1,0,0,0,3,slightly_injured
2018,7,Fri,6,52.42835659,13.327744,afternoon,14,daylight,0,dry,0,5,3,1,0,0,0,1,0,3,slightly_injured
2018,7,Thu,5,52.5611761,13.41081188,afternoon,12,daylight,0,dry,0,5,3,0,1,0,0,0,0,3,slightly_injured
2018,7,Fri,6,52.5733226,13.56744673,morning,8,daylight,0,dry,0,5,3,1,0,0,0,0,1,3,slightly_injured
2018,7,Thu,5,52.546384,13.50796716,afternoon,12,daylight,0,dry,0,5,3,0,1,0,0,0,0,3,slightly_injured
2018,7,Tue,3,52.45921388,13.57823504,afternoon,13,daylight,0,dry,0,5,3,1,1,0,0,0,0,3,slightly_injured
2018,7,Tue,3,52.55147826,13.35818021,afternoon,13,daylight,0,dry,0,4,5,0,1,0,1,0,0,3,slightly_injured
2018,7,Thu,5,52.48535245,13.42890269,afternoon,12,daylight,0,dry,0,1,5,0,1,0,1,0,0,3,slightly_injured
2018,7,Fri,6,52.53204531,13.40618845,morning,8,daylight,0,dry,0,1,5,1,1,0,0,0,0,3,slightly_injured
2018,7,Thu,5,52.47030977,13.33413337,morning,11,daylight,0,dry,0,1,5,0,1,0,0,0,0,3,slightly_injured
2018,7,Mon,2,52.49107571,13.31655518,afternoon,14,daylight,0,dry,0,5,3,0,1,0,0,0,0,3,slightly_injured
2018,7,Thu,5,52.53454871,13.19966067,morning,10,daylight,0,dry,0,5,2,0,1,0,0,0,0,2,seriously_injured
2018,7,Fri,6,52.39437816,13.4122476,morning,7,daylight,0,dry,0,6,4,1,0,1,0,0,0,3,slightly_injured
2018,7,Thu,5,52.519329,13.27998065,morning,10,daylight,0,dry,0,2,6,0,1,0,0,1,0,3,slightly_injured
2018,7,Fri,6,52.62602704,13.49577679,morning,7,daylight,0,dry,0,5,3,0,1,0,0,0,0,3,slightly_injured
2018,7,Mon,2,52.49413611,13.52582729,afternoon,13,daylight,0,dry,0,2,6,0,0,0,1,0,1,3,slightly_injured
2018,7,Fri,6,52.48768124,13.42600711,night,5,daylight,0,dry,0,1,5,1,1,0,0,0,0,3,slightly_injured
2018,7,Mon,2,52.55047791,13.38475852,afternoon,12,daylight,0,dry,0,6,7,0,1,1,0,0,0,3,slightly_injured
2018,7,Thu,5,52.54321313,13.49058853,morning,8,daylight,0,dry,0,5,3,1,1,0,0,0,0,3,slightly_injured
2018,7,Fri,6,52.57164523,13.29853171,night,1,dark,2,dry,0,1,1,0,1,0,1,0,0,2,seriously_injured
2018,7,Thu,5,52.58937333,13.33886672,morning,10,daylight,0,dry,0,5,2,0,1,0,1,0,0,2,seriously_injured
2018,7,Mon,2,52.51702024,13.44061045,morning,9,daylight,0,dry,0,2,2,1,1,0,0,0,0,3,slightly_injured
2018,7,Mon,2,52.53409194,13.18205457,afternoon,17,daylight,0,dry,0,0,6,0,1,0,0,0,1,3,slightly_injured
2018,7,Wed,4,52.53652529,13.60443516,evening,18,daylight,0,dry,0,2,6,0,1,0,0,0,0,3,slightly_injured
2018,7,Fri,6,52.50627427,13.34368684,evening,22,dark,2,dry,0,0,1,0,1,0,1,0,0,3,slightly_injured
2018,7,Wed,4,52.4916752,13.3946718,night,0,dark,2,dry,0,6,4,0,1,1,0,0,0,2,seriously_injured
2018,7,Fri,6,52.45079623,13.33781163,evening,18,daylight,0,dry,0,3,2,0,1,0,0,1,0,3,slightly_injured
2018,7,Mon,2,52.61717116,13.45439206,afternoon,15,daylight,0,dry,0,5,3,1,1,0,0,0,0,3,slightly_injured
2018,7,Fri,6,52.49345622,13.36711598,afternoon,17,daylight,0,dry,0,5,7,1,1,0,0,0,0,3,slightly_injured
2018,7,Wed,4,52.55542897,13.39158227,morning,8,daylight,0,dry,0,5,2,1,1,0,0,0,0,3,slightly_injured
2018,7,Fri,6,52.46865872,13.3753353,afternoon,17,daylight,0,dry,0,5,3,0,1,0,1,0,0,3,slightly_injured
2018,7,Mon,2,52.52264951,13.37997307,evening,18,daylight,0,dry,0,1,5,1,1,0,0,0,0,3,slightly_injured
2018,7,Mon,2,52.51568068,13.4266591,evening,19,daylight,0,dry,0,5,3,1,1,0,0,0,0,3,slightly_injured
2018,7,Fri,6,52.5171527,13.44065024,afternoon,16,daylight,0,dry,0,5,3,0,1,0,1,0,0,3,slightly_injured
2018,7,Wed,4,52.48922875,13.34638564,morning,9,daylight,0,wet,1,0,7,0,0,0,1,0,0,3,slightly_injured
2018,7,Fri,6,52.43785608,13.38025187,afternoon,16,daylight,0,dry,0,2,2,0,1,0,0,0,0,3,slightly_injured
2018,7,Mon,2,52.45731131,13.57822625,afternoon,17,daylight,0,dry,0,6,4,1,0,1,0,0,0,3,slightly_injured
2018,7,Fri,6,52.56169837,13.32596016,afternoon,15,daylight,0,dry,0,5,7,0,1,0,0,0,0,3,slightly_injured
2018,7,Mon,2,52.55668525,13.37225204,evening,21,dark,2,dry,0,6,4,0,0,1,0,0,1,3,slightly_injured
2018,7,Wed,4,52.51185445,13.3074673,morning,8,daylight,0,dry,0,5,3,1,1,0,0,0,0,3,slightly_injured
2018,7,Fri,6,52.47278723,13.30375314,afternoon,15,daylight,0,dry,0,5,5,0,1,0,1,0,0,3,slightly_injured
2018,7,Wed,4,52.52859189,13.41093947,morning,9,daylight,0,dry,0,2,6,1,0,0,0,0,1,3,slightly_injured
2018,7,Mon,2,52.58433049,13.41846649,evening,19,daylight,0,dry,0,5,2,0,1,0,1,0,0,3,slightly_injured
2018,7,Mon,2,52.55538087,13.42652774,evening,20,daylight,0,dry,0,5,3,0,1,0,0,0,0,3,slightly_injured
2018,7,Fri,6,52.614291,13.46974286,evening,21,dark,2,dry,0,4,6,1,1,0,0,0,0,3,slightly_injured
2018,7,Wed,4,52.47501471,13.50759283,morning,10,daylight,0,dry,0,5,2,0,1,0,1,0,0,3,slightly_injured
2018,7,Fri,6,52.51124377,13.33055969,evening,19,daylight,0,dry,0,2,6,0,1,0,0,0,0,3,slightly_injured
2018,7,Mon,2,52.51394326,13.41473352,evening,19,daylight,0,dry,0,1,5,1,0,0,0,0,1,3,slightly_injured
2018,7,Fri,6,52.47758148,13.28763529,evening,19,dusk,1,dry,0,5,3,1,0,0,0,0,0,3,slightly_injured
2018,7,Mon,2,52.41983649,13.30736428,afternoon,16,daylight,0,dry,0,5,3,0,1,0,0,0,0,3,slightly_injured
2018,7,Wed,4,52.41041442,13.26689475,afternoon,12,daylight,0,dry,0,2,6,0,1,0,0,0,0,3,slightly_injured
2018,7,Fri,6,52.51829468,13.27977544,evening,18,daylight,0,dry,0,8,1,0,1,0,0,0,0,3,slightly_injured
2018,7,Mon,2,52.52759654,13.19521792,afternoon,15,daylight,0,dry,0,2,6,0,1,0,0,0,0,3,slightly_injured
2018,7,Mon,2,52.52222698,13.30013459,afternoon,14,daylight,0,dry,0,3,6,1,0,0,0,0,0,3,slightly_injured
2018,7,Wed,4,52.43421157,13.19016995,afternoon,12,daylight,0,dry,0,5,3,0,1,0,0,0,0,3,slightly_injured
2018,7,Fri,6,52.53051961,13.62162499,evening,19,daylight,0,dry,0,6,4,0,1,1,0,0,0,3,slightly_injured
2018,7,Wed,4,52.56006538,13.46410824,evening,19,daylight,0,dry,0,5,2,1,1,0,0,0,0,3,slightly_injured
2018,7,Fri,6,52.42732298,13.44809622,afternoon,15,daylight,0,dry,0,5,3,0,1,0,0,0,1,3,slightly_injured
2018,7,Mon,2,52.44582952,13.29356783,afternoon,13,daylight,0,dry,0,5,2,1,1,0,0,0,0,3,slightly_injured
2018,7,Wed,4,52.43211528,13.49571312,morning,7,daylight,0,dry,0,0,6,1,1,0,0,0,0,3,slightly_injured
2018,7,Fri,6,52.50009896,13.30876016,afternoon,15,daylight,0,dry,0,6,4,0,1,1,0,0,0,3,slightly_injured
2018,7,Wed,4,52.41600529,13.25671524,evening,18,daylight,0,dry,0,3,6,0,0,0,1,0,1,3,slightly_injured
2018,7,Mon,2,52.51341676,13.39133287,afternoon,12,daylight,0,dry,0,1,5,1,1,0,0,0,0,3,slightly_injured
2018,7,Wed,4,52.42006756,13.48977855,afternoon,16,daylight,0,dry,0,0,2,1,1,0,0,0,0,3,slightly_injured
2018,7,Fri,6,52.50770081,13.25755573,morning,8,daylight,0,dry,0,5,3,1,1,0,0,0,0,3,slightly_injured
2018,7,Mon,2,52.53404202,13.18084412,evening,21,dusk,1,dry,0,0,2,0,1,0,0,0,1,3,slightly_injured
2018,7,Fri,6,52.57780912,13.41754229,afternoon,16,daylight,0,dry,0,1,5,0,1,0,0,0,0,3,slightly_injured
2018,7,Mon,2,52.56374583,13.39189291,evening,22,dusk,1,dry,0,6,4,0,1,1,0,0,0,2,seriously_injured
2018,7,Wed,4,52.59846694,13.26329551,afternoon,16,daylight,0,dry,0,4,6,0,1,0,0,0,0,3,slightly_injured
2018,7,Fri,6,52.51517988,13.35113041,morning,11,daylight,0,dry,0,2,6,0,1,0,0,0,0,3,slightly_injured
2018,7,Wed,4,52.4703259,13.4415309,afternoon,16,daylight,0,dry,0,2,6,0,1,0,0,0,1,3,slightly_injured
2018,7,Mon,2,52.60790751,13.36251041,evening,20,daylight,0,dry,0,0,1,0,0,0,1,0,0,2,seriously_injured
2018,7,Mon,2,52.53280882,13.3394114,evening,18,daylight,0,dry,0,1,5,1,1,0,0,0,0,3,slightly_injured
2018,7,Wed,4,52.53588728,13.35635153,afternoon,16,daylight,0,dry,0,5,2,1,1,0,0,0,0,3,slightly_injured
2018,7,Fri,6,52.53468361,13.50729671,morning,11,daylight,0,dry,0,2,6,0,1,0,0,1,0,3,slightly_injured
2018,7,Wed,4,52.43122643,13.48359127,afternoon,16,daylight,0,dry,0,5,3,0,1,0,0,0,1,3,slightly_injured
2018,7,Mon,2,52.52448673,13.3628651,afternoon,13,daylight,0,dry,0,6,4,0,1,1,0,0,0,2,seriously_injured
2018,7,Wed,4,52.41254383,13.49499887,afternoon,15,daylight,0,dry,0,5,3,0,1,0,0,0,0,2,seriously_injured
2018,7,Fri,6,52.52852723,13.22760441,afternoon,12,daylight,0,dry,0,2,6,0,1,0,0,0,0,3,slightly_injured
2018,7,Wed,4,52.54654086,13.36287069,afternoon,15,daylight,0,dry,0,5,3,0,1,0,0,0,0,3,slightly_injured
2018,7,Mon,2,52.57563199,13.21151615,afternoon,13,daylight,0,dry,0,0,1,0,1,0,1,0,0,2,seriously_injured
2018,7,Mon,2,52.42791911,13.4050725,afternoon,13,daylight,0,dry,0,0,1,0,0,0,1,0,0,3,slightly_injured
2018,7,Wed,4,52.57059923,13.3988228,afternoon,15,daylight,0,dry,0,6,4,0,1,1,0,0,0,3,slightly_injured
2018,7,Fri,6,52.43477843,13.55828658,afternoon,13,daylight,0,dry,0,5,2,0,1,0,1,0,0,3,slightly_injured
2018,7,Wed,4,52.53891784,13.20710738,afternoon,15,daylight,0,dry,0,0,1,0,1,0,1,0,0,3,slightly_injured
2018,7,Mon,2,52.61018838,13.33219144,afternoon,12,daylight,0,dry,0,1,5,0,1,0,0,0,0,3,slightly_injured
2018,7,Fri,6,52.50703046,13.37924518,morning,7,daylight,0,dry,0,5,3,1,1,0,0,0,0,3,slightly_injured
2018,7,Mon,2,52.50524365,13.33145172,night,0,dark,2,dry,0,5,3,0,1,0,0,0,0,3,slightly_injured
2018,7,Wed,4,52.43152148,13.51187037,afternoon,15,daylight,0,dry,0,2,6,1,1,0,0,0,0,3,slightly_injured
2018,7,Fri,6,52.46371977,13.46395894,night,5,daylight,0,dry,0,5,7,1,1,0,0,0,0,3,slightly_injured
2018,7,Wed,4,52.44965931,13.28612628,afternoon,14,daylight,0,dry,0,5,3,0,1,0,0,0,0,3,slightly_injured
2018,7,Mon,2,52.53009148,13.40094757,night,2,dark,2,dry,0,0,1,1,0,0,0,0,0,3,slightly_injured
2018,7,Mon,2,52.50920317,13.61360471,morning,6,daylight,0,dry,0,8,1,0,1,0,0,0,0,3,slightly_injured
2018,7,Wed,4,52.44126161,13.43458937,afternoon,14,daylight,0,dry,0,5,2,1,1,0,0,0,0,3,slightly_injured
2018,7,Fri,6,52.53952229,13.51089597,afternoon,13,daylight,0,dry,0,5,3,0,1,0,1,0,0,3,slightly_injured
2018,7,Wed,4,52.5192794,13.38021127,afternoon,13,daylight,0,dry,0,2,6,0,1,0,0,0,0,3,slightly_injured
2018,7,Mon,2,52.50701168,13.39854128,morning,7,daylight,0,dry,0,3,6,0,1,0,0,0,0,3,slightly_injured
2018,7,Wed,4,52.49896451,13.44278804,afternoon,13,daylight,0,dry,0,5,3,1,0,0,0,0,0,3,slightly_injured
2018,7,Fri,6,52.53189851,13.41977737,morning,8,daylight,0,dry,0,2,3,1,1,0,0,0,0,3,slightly_injured
2018,7,Wed,4,52.58688985,13.20363418,morning,11,daylight,0,dry,0,2,6,0,1,0,1,0,0,2,seriously_injured
2018,7,Fri,6,52.5053098,13.33035686,afternoon,13,daylight,0,dry,0,2,6,0,1,0,0,0,1,3,slightly_injured
2018,7,Mon,2,52.55710831,13.36538087,morning,8,daylight,0,dry,0,0,2,1,1,0,0,0,0,3,slightly_injured
2018,7,Fri,6,52.54945184,13.22718215,morning,9,daylight,0,dry,0,5,2,0,1,0,1,0,0,3,slightly_injured
2018,7,Mon,2,52.48067634,13.37558022,morning,8,daylight,0,dry,0,5,3,0,1,0,0,0,0,3,slightly_injured
2018,7,Wed,4,52.48595894,13.44717925,evening,23,dark,2,dry,0,4,6,1,1,0,0,0,0,3,slightly_injured
2018,7,Fri,6,52.50948102,13.35113286,morning,10,daylight,0,dry,0,5,2,1,0,0,0,1,0,3,slightly_injured
2018,7,Wed,4,52.53211433,13.19288734,evening,23,dark,2,dry,0,5,3,0,1,0,1,0,0,3,slightly_injured
2018,7,Mon,2,52.54955338,13.44110163,morning,8,daylight,0,dry,0,5,3,0,1,0,0,0,0,3,slightly_injured
2018,7,Mon,2,52.51769924,13.39795239,morning,8,daylight,0,dry,0,2,7,1,0,0,0,0,0,3,slightly_injured
2018,7,Fri,6,52.49180219,13.41326538,morning,10,daylight,0,dry,0,5,2,0,1,0,0,0,0,3,slightly_injured
2018,7,Mon,2,52.56037928,13.42569996,morning,9,daylight,0,dry,0,1,5,1,1,0,0,0,0,3,slightly_injured
2018,7,Wed,4,52.40765367,13.37808289,evening,21,dusk,1,dry,0,5,3,0,1,0,0,0,0,3,slightly_injured
2018,7,Fri,6,52.42883719,13.52677252,afternoon,13,daylight,0,dry,0,5,2,0,1,0,0,0,0,2,seriously_injured
2018,7,Wed,4,52.47954298,13.28501417,evening,20,dusk,1,dry,0,3,6,0,1,0,1,0,0,3,slightly_injured
2018,7,Mon,2,52.53621223,13.39129001,morning,9,daylight,0,dry,0,5,2,1,1,0,0,0,0,3,slightly_injured
2018,7,Mon,2,52.50677582,13.29551211,morning,9,daylight,0,dry,0,3,6,1,1,0,0,0,0,3,slightly_injured
2018,7,Wed,4,52.49456359,13.34612899,evening,20,daylight,0,dry,0,5,2,1,1,0,0,0,0,3,slightly_injured
2018,7,Fri,6,52.52680644,13.35514654,morning,9,daylight,0,dry,0,2,6,1,0,0,0,0,0,3,slightly_injured
2018,7,Wed,4,52.55369547,13.41634007,evening,19,daylight,0,dry,0,1,5,1,1,0,0,0,0,3,slightly_injured
2018,7,Fri,6,52.56670501,13.31734722,morning,7,daylight,0,dry,0,2,6,0,1,0,0,0,0,3,slightly_injured
2018,7,Mon,2,52.43481547,13.37829014,morning,9,daylight,0,dry,0,5,2,0,1,0,0,1,0,3,slightly_injured
2018,7,Fri,6,52.55728671,13.36668348,morning,6,daylight,0,dry,0,5,3,1,1,0,0,0,0,3,slightly_injured
2018,7,Wed,4,52.51379522,13.25957889,evening,18,daylight,0,dry,0,5,3,0,1,0,0,0,0,2,seriously_injured
2018,7,Fri,6,52.59682942,13.35888063,morning,7,daylight,0,dry,0,5,2,1,1,0,0,0,0,2,seriously_injured
2018,7,Fri,6,52.45098673,13.5390056,morning,8,daylight,0,dry,0,5,3,1,1,0,0,0,0,3,slightly_injured
2018,7,Mon,2,52.50984266,13.36025674,morning,9,daylight,0,dry,0,5,2,1,0,0,1,0,0,3,slightly_injured
2018,7,Wed,4,52.49834148,13.42978998,evening,18,daylight,0,dry,0,5,3,1,1,0,0,0,0,3,slightly_injured
2018,7,Fri,6,52.52504507,13.34262148,morning,9,daylight,0,dry,0,0,1,1,0,0,0,0,0,3,slightly_injured
2018,7,Wed,4,52.39882828,13.40837315,evening,18,daylight,0,dry,0,5,2,1,1,0,0,0,0,3,slightly_injured
2018,7,Mon,2,52.53106901,13.19685673,morning,10,daylight,0,dry,0,3,6,0,1,0,0,0,1,3,slightly_injured
2018,7,Mon,2,52.52727709,13.40321521,morning,10,daylight,0,dry,0,2,7,0,1,0,0,0,0,3,slightly_injured
2018,7,Wed,4,52.52701925,13.38711274,afternoon,12,daylight,0,dry,0,0,1,0,0,0,1,0,0,3,slightly_injured
2018,7,Fri,6,52.41267312,13.66104291,afternoon,14,daylight,0,dry,0,4,7,0,1,0,0,0,0,3,slightly_injured
2018,7,Mon,2,52.44385598,13.32070065,morning,10,daylight,0,dry,0,5,7,0,1,0,1,0,0,3,slightly_injured
2018,7,Fri,6,52.50577765,13.3218307,night,0,dark,2,dry,0,0,1,1,0,0,0,0,0,3,slightly_injured
2018,7,Thu,5,52.47994877,13.31214324,afternoon,16,daylight,0,dry,0,1,5,1,1,0,0,0,1,2,seriously_injured
2018,7,Tue,3,52.51833146,13.28038417,evening,22,dark,2,dry,0,5,2,1,1,0,0,0,0,3,slightly_injured
2018,7,Thu,5,52.46851271,13.31261819,evening,23,dark,2,dry,0,1,1,1,1,0,0,0,0,3,slightly_injured
2018,7,Mon,2,52.49063679,13.33102488,morning,10,daylight,0,dry,0,2,6,0,1,0,0,0,0,3,slightly_injured
2018,7,Thu,5,52.51871987,13.38853049,evening,21,dusk,1,dry,0,0,2,1,1,0,0,0,0,3,slightly_injured
2018,7,Mon,2,52.50421791,13.62063589,morning,10,daylight,0,dry,0,5,2,0,0,0,1,1,0,2,seriously_injured
2018,7,Tue,3,52.57156383,13.4086923,evening,19,daylight,0,dry,0,1,5,0,1,0,1,0,0,3,slightly_injured
2018,7,Thu,5,52.5509174,13.38432986,afternoon,15,daylight,0,dry,0,1,5,1,1,0,0,0,0,3,slightly_injured
2018,7,Mon,2,52.55532566,13.1986507,morning,11,daylight,0,dry,0,2,2,0,1,0,0,0,0,3,slightly_injured
2018,7,Thu,5,52.46789036,13.33928776,morning,7,daylight,0,dry,0,1,5,1,1,0,0,0,0,3,slightly_injured
2018,7,Mon,2,52.48244766,13.45385668,morning,11,daylight,0,dry,0,5,3,0,1,0,0,0,0,3,slightly_injured
2018,7,Tue,3,52.54154639,13.20521162,evening,18,daylight,0,dry,0,6,4,0,1,1,0,0,0,3,slightly_injured
2018,7,Thu,5,52.49226633,13.34469224,evening,21,dusk,1,dry,0,9,1,0,1,0,0,0,0,3,slightly_injured
2018,7,Tue,3,52.56640125,13.41251123,evening,18,daylight,0,dry,0,9,1,0,1,0,0,0,0,3,slightly_injured
2018,7,Mon,2,52.53665177,13.38363395,morning,8,daylight,0,dry,0,0,4,0,1,1,0,0,0,3,slightly_injured
2018,7,Tue,3,52.54194399,13.23022983,evening,18,daylight,0,dry,0,5,7,0,1,0,0,1,0,3,slightly_injured
2018,7,Thu,5,52.50417533,13.35982717,evening,22,dark,2,dry,0,2,2,1,1,0,0,0,0,3,slightly_injured
2018,7,Sun,1,52.57097468,13.41627537,afternoon,12,daylight,0,dry,0,5,3,1,1,0,0,0,0,3,slightly_injured
2018,7,Thu,5,52.49426222,13.36089825,evening,20,daylight,0,dry,0,5,2,1,1,0,0,0,0,3,slightly_injured
2018,7,Sun,1,52.53216695,13.40336332,afternoon,16,daylight,0,dry,0,0,1,1,0,0,0,0,0,2,seriously_injured
2018,7,Tue,3,52.55490075,13.37715786,evening,18,daylight,0,dry,0,2,7,0,1,0,0,0,1,3,slightly_injured
2018,7,Thu,5,52.52179567,13.37976624,evening,20,daylight,0,dry,0,1,5,1,1,0,0,0,0,3,slightly_injured
2018,7,Tue,3,52.50119804,13.4415752,afternoon,17,daylight,0,dry,0,5,2,1,1,0,0,0,0,2,seriously_injured
2018,7,Sun,1,52.47798604,13.26045604,afternoon,13,daylight,0,dry,0,4,6,0,1,0,0,0,0,2,seriously_injured
2018,7,Sun,1,52.51305768,13.45980163,afternoon,15,daylight,0,dry,0,6,7,0,1,1,0,0,0,3,slightly_injured
2018,7,Tue,3,52.51762003,13.61498294,afternoon,16,daylight,0,dry,0,2,5,0,1,0,1,0,0,2,seriously_injured
2018,7,Thu,5,52.47930559,13.60094266,evening,19,daylight,0,dry,0,5,3,1,1,0,0,0,0,2,seriously_injured
2018,7,Sun,1,52.43988175,13.38751574,afternoon,17,daylight,0,wet,1,0,7,0,0,0,1,0,1,3,slightly_injured
2018,7,Tue,3,52.55363827,13.15211629,afternoon,16,daylight,0,dry,0,2,6,0,1,0,0,0,0,3,slightly_injured
2018,7,Thu,5,52.52713809,13.45077928,evening,18,daylight,0,dry,0,5,3,1,1,0,0,0,0,3,slightly_injured
2018,7,Sun,1,52.4402778,13.45882658,afternoon,14,daylight,0,dry,0,5,2,0,1,0,0,0,0,3,slightly_injured
2018,7,Sun,1,52.4243811,13.18497885,afternoon,15,daylight,0,dry,0,1,5,1,1,0,0,0,0,2,seriously_injured
2018,7,Tue,3,52.51309087,13.32097795,afternoon,16,daylight,0,dry,0,5,3,0,1,0,0,0,0,3,slightly_injured
2018,7,Thu,5,52.51321097,13.32148344,evening,18,daylight,0,dry,0,2,6,0,1,0,1,0,0,3,slightly_injured
2018,7,Tue,3,52.55442226,13.41622391,afternoon,16,daylight,0,dry,0,1,5,1,1,0,0,0,0,3,slightly_injured
2018,7,Sun,1,52.50925126,13.28169338,afternoon,15,daylight,0,dry,0,0,3,0,1,0,1,0,0,3,slightly_injured
2018,7,Tue,3,52.41794836,13.36028286,afternoon,15,daylight,0,dry,0,5,2,1,1,0,0,0,0,3,slightly_injured
2018,7,Thu,5,52.4799084,13.43663002,evening,19,daylight,0,dry,0,2,2,0,1,0,1,0,0,3,slightly_injured