ujahr,umonat,weekday,uwochentag,long,lat,time_of_day,ustunde,light_condition,ulichtverh,street_condition,ustrzustand,uart,utyp1,ist_rad,ist_pkw,ist_fuss,ist_krad,ist_gkfz,ist_sonstige,ukategorie,accident_outcome
2018,7,Tue,3,52.46516819,13.33607976,afternoon,15,daylight,0,dry,0,5,3,1,1,0,0,0,0,3,slightly_injured
2018,7,Sun,1,52.62000318,13.31374853,afternoon,14,daylight,0,dry,0,5,3,0,1,0,1,0,0,2,seriously_injured
2018,7,Thu,5,52.52034868,13.19766147,afternoon,17,daylight,0,dry,0,5,3,0,1,0,0,0,0,3,slightly_injured
2018,7,Sun,1,52.4295189,13.2807226,morning,10,daylight,0,dry,0,5,3,1,1,0,0,0,0,2,seriously_injured
2018,7,Tue,3,52.51312871,13.27301983,afternoon,15,daylight,0,dry,0,5,2,1,1,0,0,0,0,2,seriously_injured
2018,7,Thu,5,52.52062999,13.41535323,afternoon,17,daylight,0,dry,0,2,2,0,0,0,1,0,0,3,slightly_injured
2018,7,Tue,3,52.5343395,13.29429708,afternoon,14,daylight,0,dry,0,3,6,0,0,0,1,0,1,3,slightly_injured
2018,7,Sun,1,52.52527351,13.41344988,morning,9,daylight,0,dry,0,0,4,0,0,1,0,0,1,3,slightly_injured
2018,7,Sun,1,52.49076536,13.43653114,afternoon,12,daylight,0,dry,0,2,6,1,1,0,0,0,0,3,slightly_injured
2018,8,Tue,3,52.47890886,13.6037597,morning,8,daylight,0,dry,0,5,2,0,1,0,1,0,0,3,slightly_injured
2018,8,Thu,5,52.55353254,13.36174189,morning,8,daylight,0,dry,0,0,3,0,1,0,1,0,0,3,slightly_injured
2018,8,Tue,3,52.39836299,13.38907723,morning,8,daylight,0,dry,0,5,2,1,1,0,0,0,0,3,slightly_injured
2018,8,Fri,6,52.52597061,13.41712022,afternoon,16,daylight,0,dry,0,0,2,1,0,0,0,0,1,3,slightly_injured
2018,8,Tue,3,52.48371638,13.4002636,morning,8,daylight,0,dry,0,5,2,1,1,0,0,0,0,3,slightly_injured
2018,8,Fri,6,52.51528802,13.28983087,afternoon,17,dusk,1,dry,0,5,3,1,0,0,0,0,0,3,slightly_injured
2018,8,Thu,5,52.56232717,13.49976085,morning,6,daylight,0,dry,0,6,7,0,1,1,0,0,0,3,slightly_injured
2018,8,Fri,6,52.52547112,13.34277133,afternoon,14,daylight,0,dry,0,5,2,1,1,0,0,0,0,3,slightly_injured
2018,8,Wed,4,52.50235686,13.35302537,evening,18,dusk,1,dry,0,5,2,0,1,0,0,0,0,3,slightly_injured
2018,8,Tue,3,52.49821356,13.39946197,morning,8,daylight,0,dry,0,5,3,1,1,0,0,0,0,3,slightly_injured
2018,8,Fri,6,52.4317209,13.49519298,afternoon,15,daylight,0,dry,0,5,2,0,1,0,0,0,0,3,slightly_injured
2018,8,Tue,3,52.49598573,13.33458891,morning,8,daylight,0,dry,0,5,2,1,1,0,0,0,0,3,slightly_injured
2018,8,Wed,4,52.51760536,13.28055356,afternoon,14,daylight,0,dry,0,2,6,0,1,0,0,0,0,3,slightly_injured
2018,8,Wed,4,52.49901101,13.35693474,afternoon,14,daylight,0,dry,0,1,7,0,1,0,0,0,1,3,slightly_injured
2018,8,Fri,6,52.55415597,13.35872371,afternoon,14,daylight,0,dry,0,5,2,1,0,0,0,1,0,3,slightly_injured
2018,8,Tue,3,52.45849024,13.33667325,morning,7,daylight,0,dry,0,3,6,1,1,0,0,0,0,3,slightly_injured
2018,8,Fri,6,52.5815103,13.44517473,afternoon,14,daylight,0,dry,0,5,2,1,1,0,0,0,0,3,slightly_injured
2018,8,Wed,4,52.41525671,13.65642513,afternoon,12,daylight,0,dry,0,6,4,0,1,1,0,0,0,2,seriously_injured
2018,8,Fri,6,52.41232206,13.39017755,afternoon,14,daylight,0,dry,0,1,5,0,1,0,0,0,1,3,slightly_injured
2018,8,Tue,3,52.5196359,13.32675292,morning,7,daylight,0,dry,0,2,6,0,1,0,0,0,1,3,slightly_injured
2018,8,Fri,6,52.48021883,13.3126873,morning,11,daylight,0,dry,0,2,6,0,1,0,0,0,0,3,slightly_injured
2018,8,Fri,6,52.54218614,13.37762969,morning,8,daylight,0,dry,0,5,3,1,1,0,0,0,0,3,slightly_injured
2018,8,Wed,4,52.49171675,13.31790118,morning,11,daylight,0,dry,0,5,5,1,1,0,0,0,0,3,slightly_injured
2018,8,Fri,6,52.53601935,13.35753443,morning,7,daylight,0,dry,0,5,3,1,1,0,0,0,0,3,slightly_injured
2018,8,Tue,3,52.54634384,13.51184807,morning,6,daylight,0,dry,0,5,2,0,0,0,1,1,0,2,seriously_injured
2018,8,Fri,6,52.53204414,13.19745863,morning,11,daylight,0,dry,0,0,2,0,1,0,0,0,1,3,slightly_injured
2018,8,Wed,4,52.5171155,13.30058986,morning,9,daylight,0,dry,0,5,2,0,1,0,0,0,0,3,slightly_injured
2018,8,Fri,6,52.42788052,13.40505013,afternoon,13,daylight,0,dry,0,0,6,0,1,0,0,1,0,3,slightly_injured
2018,8,Wed,4,52.47261998,13.34348686,morning,9,daylight,0,dry,0,5,3,0,1,0,0,0,0,3,slightly_injured
2018,8,Tue,3,52.48668147,13.42881809,night,1,dark,2,dry,0,6,4,0,1,1,0,0,0,2,seriously_injured
2018,8,Fri,6,52.48162704,13.52536974,afternoon,14,daylight,0,dry,0,0,6,1,1,0,0,0,0,3,slightly_injured
2018,8,Sun,1,52.46696039,13.30949526,afternoon,15,daylight,0,dry,0,5,2,1,0,0,0,0,0,3,slightly_injured
2018,8,Tue,3,52.50522609,13.35202695,afternoon,17,daylight,0,dry,0,0,2,0,1,0,1,0,0,2,seriously_injured
2018,8,Wed,4,52.55230936,13.3815697,morning,9,daylight,0,dry,0,5,2,1,1,0,0,0,0,2,seriously_injured
2018,8,Sun,1,52.50584057,13.35188166,afternoon,14,daylight,0,dry,0,3,6,0,1,0,1,0,0,3,slightly_injured
2018,8,Wed,4,52.50474679,13.38693776,morning,8,daylight,0,dry,0,2,6,1,0,0,0,0,0,3,slightly_injured
2018,8,Fri,6,52.56535601,13.25653119,morning,7,daylight,0,dry,0,1,5,1,1,0,0,0,0,3,slightly_injured
2018,8,Tue,3,52.589517,13.38712855,morning,11,daylight,0,dry,0,0,3,1,1,0,0,0,0,3,slightly_injured
2018,8,Fri,6,52.55283169,13.401419,morning,7,daylight,0,dry,0,5,3,1,0,0,0,0,0,3,slightly_injured
2018,8,Wed,4,52.52473562,13.62171657,morning,7,daylight,0,dry,0,5,2,0,1,0,1,0,0,2,seriously_injured
2018,8,Fri,6,52.45409481,13.31910282,morning,6,daylight,0,dry,0,5,3,0,1,0,0,0,0,3,slightly_injured
2018,8,Wed,4,52.51182466,13.37529141,morning,7,daylight,0,dry,0,5,2,1,1,0,0,0,0,3,slightly_injured
2018,8,Mon,2,52.54030782,13.26308576,afternoon,17,daylight,0,dry,0,5,3,1,1,0,0,0,0,3,slightly_injured
2018,8,Fri,6,52.3780059,13.64348027,morning,7,daylight,0,dry,0,5,3,1,1,0,0,0,0,2,seriously_injured
2018,8,Wed,4,52.56504766,13.31820115,morning,7,daylight,0,dry,0,2,3,1,0,0,0,0,1,3,slightly_injured
2018,8,Fri,6,52.54165755,13.55403823,evening,21,dark,2,dry,0,3,6,1,0,0,0,0,0,2,seriously_injured
2018,8,Wed,4,52.45554973,13.27340798,morning,10,daylight,0,dry,0,2,7,0,1,0,0,0,0,3,slightly_injured
2018,8,Mon,2,52.49904128,13.42205732,afternoon,17,daylight,0,dry,0,5,2,0,1,0,0,0,1,3,slightly_injured
2018,8,Fri,6,52.41268673,13.39256136,evening,21,dark,2,dry,0,6,2,0,1,1,0,0,0,2,seriously_injured
2018,8,Mon,2,52.5219102,13.27969713,afternoon,17,daylight,0,dry,0,5,7,0,1,0,1,0,0,3,slightly_injured
2018,8,Wed,4,52.60158467,13.44278173,morning,7,daylight,0,dry,0,3,6,1,0,0,0,0,0,3,slightly_injured
2018,8,Mon,2,52.55217527,13.35131874,afternoon,14,daylight,0,dry,0,1,5,1,1,0,0,0,0,3,slightly_injured
2018,8,Fri,6,52.56617967,13.50179783,evening,20,daylight,0,dry,0,5,3,0,1,0,0,0,1,3,slightly_injured
2018,8,Mon,2,52.56238123,13.3292897,afternoon,15,daylight,0,dry,0,5,2,1,1,0,0,0,0,3,slightly_injured
2018,8,Wed,4,52.49461695,13.28557162,morning,10,daylight,0,dry,0,0,1,0,0,0,1,0,0,3,slightly_injured
2018,8,Mon,2,52.53556861,13.5202868,afternoon,14,daylight,0,dry,0,3,6,0,1,0,0,1,0,3,slightly_injured
2018,8,Fri,6,52.53196212,13.44142447,evening,19,daylight,0,dry,0,5,2,0,1,0,0,0,0,2,seriously_injured
2018,8,Wed,4,52.50208763,13.32311731,night,0,dark,2,dry,0,0,1,0,0,0,1,0,0,3,slightly_injured
2018,8,Fri,6,52.46537362,13.33876195,evening,19,daylight,0,dry,0,3,6,0,1,0,1,0,0,3,slightly_injured
2018,8,Wed,4,52.532535,13.39824095,evening,22,dark,2,dry,0,0,1,1,0,0,0,0,0,3,slightly_injured
2018,8,Mon,2,52.53980922,13.54728369,evening,19,daylight,0,dry,0,1,5,1,1,0,0,0,0,3,slightly_injured
2018,8,Fri,6,52.42916818,13.30715415,evening,19,daylight,0,dry,0,6,4,1,0,1,0,0,0,3,slightly_injured
2018,8,Mon,2,52.52086111,13.48031713,morning,7,daylight,0,dry,0,3,6,1,0,0,0,0,1,3,slightly_injured
2018,8,Wed,4,52.44414269,13.57709756,evening,22,dark,2,dry,0,0,7,0,0,0,1,0,0,2,seriously_injured
2018,8,Wed,4,52.5518542,13.38248783,evening,19,daylight,0,dry,0,5,2,0,1,0,1,0,0,3,slightly_injured
2018,8,Mon,2,52.50631691,13.31465734,morning,11,daylight,0,dry,0,1,5,1,1,0,0,0,0,3,slightly_injured
2018,8,Fri,6,52.52860145,13.45691415,evening,18,daylight,0,dry,0,1,5,1,0,0,0,0,1,3,slightly_injured
2018,8,Mon,2,52.5609547,13.36253957,afternoon,12,daylight,0,dry,0,5,3,1,1,0,0,0,0,3,slightly_injured
2018,8,Wed,4,52.48852968,13.30794137,evening,18,daylight,0,dry,0,5,2,0,1,0,0,0,0,3,slightly_injured
2018,8,Mon,2,52.61226863,13.35868057,morning,10,daylight,0,dry,0,6,4,0,1,1,0,0,0,3,slightly_injured
2018,8,Fri,6,52.48575262,13.43846654,afternoon,16,daylight,0,dry,0,6,7,1,0,1,0,0,0,3,slightly_injured
2018,8,Mon,2,52.5140491,13.33077241,morning,9,daylight,0,dry,0,5,2,0,1,0,1,0,0,3,slightly_injured
2018,8,Wed,4,52.47826449,13.28088892,evening,18,daylight,0,dry,0,5,7,0,1,0,1,0,0,2,seriously_injured
2018,8,Fri,6,52.51088537,13.61249603,afternoon,17,daylight,0,dry,0,2,2,0,1,0,0,0,0,3,slightly_injured
2018,8,Wed,4,52.51781772,13.43288046,evening,18,daylight,0,dry,0,5,2,1,1,0,0,0,0,3,slightly_injured
2018,8,Mon,2,52.60318736,13.33495937,morning,9,daylight,0,dry,0,2,6,0,1,0,1,0,0,3,slightly_injured
2018,8,Fri,6,52.60253489,13.3518478,afternoon,16,daylight,0,dry,0,5,2,1,1,0,0,0,0,3,slightly_injured
2018,8,Mon,2,52.48756111,13.41950109,evening,19,daylight,0,dry,0,5,3,1,1,0,0,0,0,3,slightly_injured
2018,8,Wed,4,52.50378887,13.4102775,evening,18,daylight,0,dry,0,5,3,1,1,0,0,0,0,3,slightly_injured
2018,8,Wed,4,52.48486775,13.30694121,afternoon,17,daylight,0,dry,0,5,2,0,1,0,0,0,0,3,slightly_injured
2018,8,Fri,6,52.55192532,13.42872176,afternoon,16,daylight,0,dry,0,6,4,0,0,1,0,0,1,2,seriously_injured
2018,8,Wed,4,52.45492029,13.32687646,afternoon,16,daylight,0,dry,0,5,2,1,1,0,0,0,0,3,slightly_injured
2018,8,Mon,2,52.51319679,13.38248257,morning,8,daylight,0,dry,0,5,7,1,1,0,0,0,0,3,slightly_injured
2018,8,Fri,6,52.51557823,13.24970907,afternoon,16,daylight,0,dry,0,5,3,1,1,0,0,0,0,3,slightly_injured
2018,8,Mon,2,52.51377961,13.35005906,morning,8,daylight,0,dry,0,4,6,1,0,0,0,0,0,3,slightly_injured
2018,8,Wed,4,52.52328029,13.42968803,afternoon,15,daylight,0,dry,0,5,2,0,1,0,0,0,0,3,slightly_injured
2018,8,Wed,4,52.5458305,13.45068818,afternoon,15,daylight,0,dry,0,5,7,1,1,0,0,0,0,3,slightly_injured
2018,8,Mon,2,52.49436229,13.34578295,morning,8,daylight,0,dry,0,2,6,0,1,0,0,0,0,3,slightly_injured
2018,8,Fri,6,52.49832619,13.40649774,afternoon,16,daylight,0,dry,0,5,2,0,1,0,0,0,0,3,slightly_injured
2018,8,Mon,2,52.51701809,13.44060976,morning,8,daylight,0,dry,0,5,2,1,0,0,0,0,1,3,slightly_injured
2018,8,Sun,1,52.56179985,13.2545063,afternoon,12,daylight,0,dry,0,5,3,1,0,0,0,0,0,2,seriously_injured
2018,8,Wed,4,52.48962949,13.34490953,afternoon,15,daylight,0,dry,0,2,6,0,1,0,0,0,1,3,slightly_injured
2018,8,Mon,2,52.52718508,13.45095265,morning,8,daylight,0,dry,0,5,2,1,1,0,0,0,0,3,slightly_injured
2018,8,Fri,6,52.48879675,13.32273324,evening,18,daylight,0,dry,0,0,7,1,0,0,0,0,0,2,seriously_injured
2018,8,Mon,2,52.51591335,13.41171436,afternoon,16,daylight,0,dry,0,1,5,1,0,0,0,0,1,3,slightly_injured
2018,8,Thu,5,52.53325386,13.40441979,morning,7,daylight,0,dry,0,0,1,1,0,0,0,0,0,2,seriously_injured
2018,8,Wed,4,52.51747176,13.30613591,afternoon,14,daylight,0,dry,0,2,6,0,1,0,0,0,1,3,slightly_injured
2018,8,Thu,5,52.52255552,13.410185,evening,22,dark,2,dry,0,0,2,0,1,0,0,0,1,3,slightly_injured
2018,8,Wed,4,52.49321973,13.36803583,afternoon,14,daylight,0,dry,0,0,7,0,1,0,1,0,0,2,seriously_injured
2018,8,Mon,2,52.50823134,13.39900722,afternoon,15,daylight,0,dry,0,5,2,1,1,0,0,1,0,3,slightly_injured
2018,8,Thu,5,52.43853502,13.59251634,evening,21,dark,2,dry,0,6,2,0,1,1,0,0,0,3,slightly_injured
2018,8,Sun,1,52.45616415,13.52612765,afternoon,15,daylight,0,dry,0,9,1,0,0,0,1,0,0,2,seriously_injured
2018,8,Mon,2,52.51650371,13.61393528,morning,7,daylight,0,dry,0,2,6,0,1,0,0,0,1,3,slightly_injured
2018,8,Wed,4,52.56467404,13.44834461,afternoon,14,daylight,0,dry,0,5,3,1,1,0,0,0,0,3,slightly_injured
2018,8,Sun,1,52.48847515,13.30207854,morning,11,daylight,0,dry,0,5,2,1,1,0,0,0,0,3,slightly_injured
2018,7,Tue,3,52.55043055,13.51021878,evening,21,dark,2,dry,0,6,4,0,0,1,1,0,0,3,slightly_injured
2018,8,Mon,2,52.44582741,13.56293648,evening,20,dusk,1,dry,0,6,2,0,1,1,0,0,0,3,slightly_injured
2018,8,Thu,5,52.42466853,13.43566704,evening,20,dusk,1,dry,0,2,6,0,1,0,1,0,0,3,slightly_injured
2018,7,Tue,3,52.53162198,13.34396642,evening,21,daylight,0,dry,0,1,1,1,1,0,0,0,0,3,slightly_injured
2018,7,Tue,3,52.4229841,13.27112923,morning,8,daylight,0,dry,0,5,3,1,1,0,0,0,0,3,slightly_injured
2018,8,Mon,2,52.46638874,13.37803108,afternoon,12,daylight,0,dry,0,5,2,0,1,0,0,0,0,3,slightly_injured
2018,8,Thu,5,52.42171431,13.47848013,evening,20,daylight,0,dry,0,6,4,0,1,1,0,0,0,3,slightly_injured
2018,8,Mon,2,52.55506091,13.39220495,morning,11,daylight,0,dry,0,5,2,0,1,0,0,0,0,3,slightly_injured
2018,8,Thu,5,52.55743071,13.33982319,evening,18,daylight,0,dry,0,3,6,1,0,0,0,0,0,3,slightly_injured
2018,7,Tue,3,52.40767021,13.37811286,evening,18,daylight,0,dry,0,5,3,1,1,0,0,0,0,3,slightly_injured
2018,8,Thu,5,52.56879056,13.54958314,evening,18,daylight,0,dry,0,2,6,0,1,0,0,0,0,3,slightly_injured
2018,8,Mon,2,52.43740648,13.37713945,morning,6,daylight,0,dry,0,0,2,0,0,0,0,0,1,3,slightly_injured
2018,8,Thu,5,52.53015246,13.40089705,evening,18,daylight,0,dry,0,5,7,0,1,0,1,0,0,2,seriously_injured
2018,8,Thu,5,52.49795415,13.39600849,afternoon,15,daylight,0,dry,0,5,3,1,1,0,0,0,0,3,slightly_injured
2018,7,Tue,3,52.53578892,13.51686612,afternoon,13,daylight,0,dry,0,2,6,0,1,0,0,0,0,3,slightly_injured
2018,8,Mon,2,52.46904739,13.62868053,afternoon,16,daylight,0,dry,0,2,6,0,1,0,0,0,0,3,slightly_injured
2018,8,Thu,5,52.51666548,13.30923634,afternoon,15,daylight,0,dry,0,2,6,0,1,0,0,0,0,3,slightly_injured
2018,8,Sun,1,52.52492939,13.34651176,afternoon,15,daylight,0,dry,0,0,3,1,0,0,0,0,0,3,slightly_injured
2018,8,Mon,2,52.49165859,13.57384338,afternoon,16,daylight,0,dry,0,5,3,0,1,0,0,0,0,3,slightly_injured
2018,7,Tue,3,52.6094313,13.32926244,morning,10,daylight,0,dry,0,6,7,0,0,1,0,0,1,3,slightly_injured
2018,7,Tue,3,52.51724972,13.4406784,evening,19,daylight,0,dry,0,0,2,1,0,0,1,0,0,3,slightly_injured
2018,8,Thu,5,52.50370367,13.48942512,afternoon,14,daylight,0,dry,0,5,2,0,1,0,0,0,0,2,seriously_injured
2018,8,Mon,2,52.51963672,13.26696226,morning,6,daylight,0,dry,0,5,3,0,1,0,1,0,0,2,seriously_injured
2018,8,Thu,5,52.45511484,13.57663675,afternoon,14,daylight,0,dry,0,0,4,0,1,1,0,0,0,2,seriously_injured
2018,7,Tue,3,52.52438522,13.39526575,morning,10,daylight,0,dry,0,0,1,1,0,0,0,0,0,3,slightly_injured
2018,8,Thu,5,52.50382711,13.41500081,afternoon,12,daylight,0,dry,0,1,5,1,1,0,0,0,0,3,slightly_injured
2018,7,Tue,3,52.54732995,13.34565321,morning,10,daylight,0,dry,0,2,6,0,1,0,0,0,0,3,slightly_injured
2018,8,Mon,2,52.52436145,13.35125568,afternoon,17,daylight,0,dry,0,2,6,0,1,1,0,0,0,2,seriously_injured
2018,8,Thu,5,52.48620239,13.35097235,afternoon,13,daylight,0,dry,0,5,2,1,1,0,0,0,0,3,slightly_injured
2018,7,Tue,3,52.53849953,13.40249248,afternoon,17,daylight,0,dry,0,5,2,1,0,0,0,0,1,3,slightly_injured
2018,8,Thu,5,52.41993099,13.33089739,afternoon,13,daylight,0,dry,0,0,1,1,0,0,0,0,0,3,slightly_injured
2018,8,Mon,2,52.51071122,13.50762215,afternoon,15,daylight,0,dry,0,5,3,1,1,0,0,0,0,2,seriously_injured
2018,8,Thu,5,52.47691545,13.34453261,afternoon,13,daylight,0,dry,0,0,7,0,1,0,0,0,0,3,slightly_injured
2018,7,Tue,3,52.56336378,13.32937661,morning,9,daylight,0,dry,0,3,6,1,0,0,0,0,0,2,seriously_injured
2018,8,Thu,5,52.52959916,13.55802587,night,2,dark,2,dry,0,5,3,0,1,0,0,0,0,2,seriously_injured
2018,8,Mon,2,52.51569719,13.38904179,morning,10,daylight,0,dry,0,5,3,0,1,0,1,0,0,2,seriously_injured
2018,8,Thu,5,52.5800164,13.35216233,afternoon,12,daylight,0,dry,0,5,2,0,1,0,0,1,0,3,slightly_injured
2018,8,Mon,2,52.49858997,13.29994013,morning,9,daylight,0,dry,0,6,4,0,0,1,1,0,0,2,seriously_injured
2018,7,Tue,3,52.44264892,13.58237718,evening,20,dusk,1,dry,0,0,2,0,1,0,1,0,0,3,slightly_injured
2018,8,Mon,2,52.56091078,13.37836851,evening,18,daylight,0,dry,0,5,3,0,1,0,1,0,0,2,seriously_injured
2018,8,Thu,5,52.52381573,13.27936398,morning,11,daylight,0,dry,0,0,2,1,1,0,0,0,0,3,slightly_injured
2018,7,Tue,3,52.46727099,13.33113777,evening,20,daylight,0,dry,0,5,3,1,1,0,0,0,0,2,seriously_injured
2018,8,Thu,5,52.41774986,13.47817262,morning,11,daylight,0,dry,0,5,3,1,1,0,0,0,0,3,slightly_injured
2018,7,Tue,3,52.51566951,13.38119978,morning,9,daylight,0,dry,0,2,6,0,1,0,1,0,0,3,slightly_injured
2018,8,Mon,2,52.41734286,13.49616217,evening,21,dark,2,dry,0,1,5,1,1,0,0,0,0,3,slightly_injured
2018,8,Thu,5,52.56083622,13.52259017,morning,11,daylight,0,dry,0,0,3,0,1,0,1,0,0,3,slightly_injured
2018,8,Mon,2,52.48172977,13.45014366,night,3,dark,2,dry,0,2,6,0,0,0,0,0,1,3,slightly_injured
2018,7,Tue,3,52.54223306,13.34943268,evening,20,daylight,0,dry,0,5,2,0,1,0,0,0,0,3,slightly_injured
2018,8,Sun,1,52.55506409,13.30706763,morning,10,daylight,0,dry,0,5,3,0,1,0,0,0,0,3,slightly_injured
2018,7,Tue,3,52.47126715,13.29976966,morning,9,daylight,0,dry,0,2,7,1,1,0,0,0,0,3,slightly_injured
2018,8,Sun,1,52.51986005,13.33762803,evening,21,dusk,1,dry,0,5,3,1,0,0,0,0,0,3,slightly_injured
2018,8,Thu,5,52.63031534,13.27568023,morning,10,daylight,0,dry,0,5,3,0,1,0,0,0,0,3,slightly_injured
2018,8,Sun,1,52.49132435,13.36090801,evening,21,dusk,1,dry,0,5,3,1,1,0,0,0,0,3,slightly_injured
2018,7,Tue,3,52.5326193,13.51908442,evening,18,daylight,0,dry,0,2,6,0,1,0,0,0,1,3,slightly_injured
2018,7,Tue,3,52.49091866,13.41624935,morning,8,daylight,0,dry,0,5,2,1,1,0,0,0,0,3,slightly_injured
2018,8,Sun,1,52.44947102,13.35116554,evening,19,daylight,0,dry,0,1,5,1,1,0,0,0,0,3,slightly_injured
2018,8,Thu,5,52.49337892,13.33066811,morning,10,daylight,0,dry,0,2,6,0,1,0,0,0,0,3,slightly_injured
2018,8,Sun,1,52.44798162,13.40320243,evening,18,daylight,0,dry,0,1,1,0,1,0,1,0,0,2,seriously_injured
2018,7,Tue,3,52.49391856,13.36589237,morning,7,daylight,0,dry,0,0,6,0,1,0,0,0,1,3,slightly_injured
2018,8,Sun,1,52.5705272,13.36126139,evening,18,daylight,0,dry,0,2,6,0,1,0,0,0,0,3,slightly_injured
2018,8,Thu,5,52.55262298,13.38178262,morning,9,daylight,0,dry,0,3,6,1,0,0,0,0,0,3,slightly_injured
2018,8,Sun,1,52.54583428,13.16144689,afternoon,16,daylight,0,dry,0,3,6,0,1,0,1,0,0,3,slightly_injured
2018,7,Tue,3,52.5559423,13.38157572,evening,18,daylight,0,dry,0,2,6,0,1,0,0,0,0,3,slightly_injured
2018,8,Thu,5,52.56102638,13.3332013,morning,7,daylight,0,dry,0,2,2,0,1,0,1,0,0,3,slightly_injured
2018,7,Tue,3,52.46155677,13.37673734,evening,18,daylight,0,dry,0,5,2,1,1,0,0,0,0,3,slightly_injured
2018,8,Sun,1,52.4888977,13.40814435,afternoon,16,daylight,0,dry,0,5,7,0,1,0,1,0,0,2,seriously_injured
2018,8,Thu,5,52.46470272,13.43287638,morning,6,daylight,0,dry,0,5,2,0,0,0,1,1,0,3,slightly_injured
2018,8,Sun,1,52.50660043,13.41305203,afternoon,14,daylight,0,dry,0,3,6,1,0,0,0,0,0,2,seriously_injured
2018,7,Tue,3,52.46056755,13.32434307,afternoon,17,daylight,0,dry,0,3,6,1,0,0,0,0,1,2,seriously_injured
2018,8,Sun,1,52.572549,13.56508415,morning,10,daylight,0,dry,0,4,6,1,0,0,0,0,0,3,slightly_injured
2018,7,Tue,3,52.57794361,13.42870519,afternoon,17,daylight,0,dry,0,5,2,1,1,0,0,0,0,3,slightly_injured
2018,8,Sun,1,52.50661544,13.37950933,afternoon,15,daylight,0,dry,0,5,2,0,1,0,1,0,0,3,slightly_injured
2018,8,Thu,5,52.54416236,13.35971435,night,5,daylight,0,dry,0,1,1,0,1,0,0,0,0,3,slightly_injured
2018,8,Sun,1,52.53684342,13.60113012,afternoon,14,daylight,0,dry,0,5,3,1,1,0,0,0,0,3,slightly_injured
2018,8,Sun,1,52.54251368,13.39261844,morning,11,daylight,0,dry,0,5,3,0,1,0,0,0,0,3,slightly_injured
2018,7,Tue,3,52.53926275,13.61985527,morning,6,daylight,0,dry,0,6,4,0,1,1,0,0,0,3,slightly_injured
2018,8,Thu,5,52.53785647,13.24999792,morning,7,daylight,0,dry,0,5,2,0,1,0,0,0,0,2,seriously_injured
2018,8,Sun,1,52.52654762,13.49125681,afternoon,13,daylight,0,wet,1,0,7,0,1,0,1,0,0,3,slightly_injured
2018,8,Thu,5,52.5067738,13.29496891,morning,6,daylight,0,dry,0,5,2,1,1,0,0,0,0,3,slightly_injured
2018,7,Tue,3,52.50036197,13.61293174,afternoon,16,daylight,0,dry,0,0,7,0,1,0,0,0,1,3,slightly_injured
2018,8,Sun,1,52.5347341,13.50595224,morning,8,daylight,0,dry,0,2,6,0,1,0,0,0,0,2,seriously_injured
2018,8,Thu,5,52.53116929,13.38230648,morning,8,daylight,0,dry,0,2,6,1,1,0,0,0,0,3,slightly_injured
2018,7,Tue,3,52.50699858,13.50198606,afternoon,16,daylight,0,dry,0,5,3,0,1,0,0,0,0,3,slightly_injured
2018,8,Sun,1,52.47340777,13.45141606,afternoon,12,daylight,0,dry,0,5,3,1,0,0,0,0,0,3,slightly_injured
2018,8,Sun,1,52.58894799,13.31377665,night,0,dark,2,dry,0,0,7,0,0,0,0,0,1,2,seriously_injured
2018,8,Thu,5,52.46880703,13.31983846,morning,9,daylight,0,dry,0,5,3,0,1,0,0,0,1,3,slightly_injured
2018,8,Sun,1,52.43010144,13.73124634,evening,22,dark,2,dry,0,3,6,1,1,0,0,0,0,2,seriously_injured
2018,7,Tue,3,52.56773952,13.37885149,afternoon,16,daylight,0,dry,0,2,6,0,1,0,0,0,1,3,slightly_injured
2018,8,Thu,5,52.51797113,13.44306123,morning,10,daylight,0,dry,0,4,6,0,1,0,0,0,1,3,slightly_injured
2018,7,Tue,3,52.49747951,13.40590803,afternoon,16,daylight,0,dry,0,1,5,1,1,0,0,0,0,3,slightly_injured
2018,8,Sat,7,52.5075986,13.44970494,night,4,dark,2,dry,0,0,1,0,0,0,1,0,0,3,slightly_injured
2018,8,Thu,5,52.48145847,13.33911241,morning,8,daylight,0,dry,0,0,1,0,0,0,1,0,0,2,seriously_injured
2018,8,Sat,7,52.53583594,13.60131385,evening,22,dark,2,dry,0,5,3,0,1,0,1,0,0,3,slightly_injured
2018,7,Tue,3,52.57484515,13.51787828,afternoon,15,daylight,0,dry,0,5,3,0,1,0,1,0,0,3,slightly_injured
2018,8,Sun,1,52.4940299,13.40291019,morning,8,daylight,0,dry,0,3,6,0,1,0,0,0,0,3,slightly_injured
2018,7,Tue,3,52.49589002,13.36118832,afternoon,14,daylight,0,dry,0,6,4,0,1,1,0,0,0,3,slightly_injured
2018,8,Sat,7,52.50983844,13.36042743,afternoon,17,daylight,0,dry,0,2,6,0,1,0,0,0,1,3,slightly_injured