ujahr,umonat,weekday,uwochentag,long,lat,time_of_day,ustunde,light_condition,ulichtverh,street_condition,ustrzustand,uart,utyp1,ist_rad,ist_pkw,ist_fuss,ist_krad,ist_gkfz,ist_sonstige,ukategorie,accident_outcome
2018,8,Thu,5,52.52662756,13.47967139,morning,6,daylight,0,dry,0,0,1,1,0,0,0,0,0,3,slightly_injured
2018,8,Sat,7,52.45644355,13.32294035,afternoon,16,daylight,0,dry,0,0,4,0,0,1,1,0,0,2,seriously_injured
2018,8,Thu,5,52.49077345,13.3310244,afternoon,16,daylight,0,dry,0,5,2,1,1,0,0,0,0,3,slightly_injured
2018,7,Tue,3,52.57920635,13.42882115,afternoon,14,daylight,0,dry,0,2,2,0,1,0,0,0,1,3,slightly_injured
2018,8,Thu,5,52.44096773,13.35232757,evening,23,dark,2,wet,1,0,6,1,1,0,0,0,0,3,slightly_injured
2018,8,Sat,7,52.5372569,13.36019274,afternoon,15,daylight,0,dry,0,5,2,1,1,0,0,0,0,3,slightly_injured
2018,8,Thu,5,52.48574171,13.2963857,afternoon,13,daylight,0,dry,0,5,3,1,1,0,0,0,0,3,slightly_injured
2018,8,Sat,7,52.52266897,13.37961182,evening,19,daylight,0,dry,0,5,3,0,1,0,0,0,0,3,slightly_injured
2018,8,Wed,4,52.53808279,13.39614798,afternoon,15,daylight,0,dry,0,2,6,0,1,0,0,0,0,3,slightly_injured
2018,7,Tue,3,52.50050611,13.32496549,afternoon,13,daylight,0,dry,0,2,6,1,1,0,0,0,0,3,slightly_injured
2018,8,Sat,7,52.5163662,13.38083762,afternoon,13,daylight,0,dry,0,5,2,1,1,0,0,0,0,3,slightly_injured
2018,8,Wed,4,52.56268895,13.36453268,evening,20,dusk,1,dry,0,5,2,0,1,0,0,0,0,2,seriously_injured
2018,8,Sat,7,52.54661562,13.20987429,afternoon,12,daylight,0,dry,0,5,3,1,1,0,0,0,0,3,slightly_injured
2018,8,Sat,7,52.56318641,13.36578618,afternoon,13,daylight,0,dry,0,5,3,1,1,0,0,0,0,3,slightly_injured
2018,7,Tue,3,52.46306044,13.38201035,morning,6,daylight,0,dry,0,6,7,1,0,1,0,0,0,3,slightly_injured
2018,8,Sat,7,52.47442897,13.45453694,afternoon,12,daylight,0,dry,0,5,3,0,1,0,0,0,1,3,slightly_injured
2018,8,Wed,4,52.56311609,13.36732086,evening,20,daylight,0,dry,0,6,4,0,0,1,0,0,1,2,seriously_injured
2018,8,Wed,4,52.50512531,13.4219402,evening,18,daylight,0,dry,0,5,3,1,0,0,0,0,0,3,slightly_injured
2018,8,Sat,7,52.55051822,13.51064321,afternoon,12,daylight,0,dry,0,0,6,0,1,0,1,0,0,3,slightly_injured
2018,7,Tue,3,52.52037305,13.48595856,afternoon,12,daylight,0,dry,0,2,2,1,1,0,0,0,0,3,slightly_injured
2018,7,Tue,3,52.56765263,13.52802814,morning,11,daylight,0,dry,0,5,3,1,1,0,0,0,0,3,slightly_injured
2018,8,Wed,4,52.5228934,13.3299792,evening,18,daylight,0,dry,0,2,6,0,1,0,0,0,0,3,slightly_injured
2018,8,Sat,7,52.53179947,13.34329651,morning,11,daylight,0,dry,0,5,2,0,1,0,0,0,0,3,slightly_injured
2018,8,Wed,4,52.52618158,13.38792003,morning,6,daylight,0,dry,0,2,6,1,1,0,0,0,0,3,slightly_injured
2018,7,Tue,3,52.42024773,13.57810925,morning,10,daylight,0,dry,0,0,2,1,1,0,0,0,0,3,slightly_injured
2018,8,Wed,4,52.54877324,13.1780814,evening,18,daylight,0,dry,0,5,3,0,1,0,0,0,0,3,slightly_injured
2018,7,Tue,3,52.53454823,13.29314899,evening,20,dusk,1,dry,0,0,7,1,0,0,0,0,0,3,slightly_injured
2018,8,Sat,7,52.49155739,13.37641953,morning,10,daylight,0,dry,0,5,2,1,1,0,0,0,0,3,slightly_injured
2018,8,Wed,4,52.53542782,13.39018086,afternoon,17,daylight,0,dry,0,5,2,1,1,0,0,0,0,3,slightly_injured
2018,7,Tue,3,52.57861963,13.31625925,afternoon,14,daylight,0,dry,0,0,2,0,1,0,0,0,1,3,slightly_injured
2018,8,Wed,4,52.49584116,13.28720999,afternoon,17,daylight,0,dry,0,5,2,1,1,0,0,0,0,3,slightly_injured
2018,7,Tue,3,52.53412109,13.49593208,afternoon,13,daylight,0,dry,0,2,6,0,1,0,0,0,0,3,slightly_injured
2018,8,Sat,7,52.6052464,13.23289713,morning,10,daylight,0,dry,0,5,3,0,1,0,0,0,1,2,seriously_injured
2018,8,Wed,4,52.45557537,13.32524297,afternoon,17,daylight,0,dry,0,5,2,1,1,0,0,0,0,3,slightly_injured
2018,8,Sat,7,52.45102312,13.33787893,morning,10,daylight,0,dry,0,5,2,0,1,0,0,0,0,3,slightly_injured
2018,7,Tue,3,52.50792137,13.29875679,morning,7,daylight,0,dry,0,5,3,0,1,0,0,0,1,3,slightly_injured
2018,8,Sat,7,52.51840218,13.28152771,morning,9,daylight,0,dry,0,3,6,0,1,0,1,0,0,2,seriously_injured
2018,8,Wed,4,52.4916638,13.57384635,afternoon,17,daylight,0,dry,0,0,3,0,1,0,0,0,1,3,slightly_injured
2018,8,Sat,7,52.47760799,13.44856183,evening,22,dark,2,dry,0,0,7,1,0,0,0,0,0,2,seriously_injured
2018,7,Mon,2,52.5457218,13.57153919,afternoon,14,daylight,0,dry,0,2,6,0,1,0,0,0,0,3,slightly_injured
2018,8,Wed,4,52.54862695,13.42630568,morning,10,daylight,0,dry,0,6,2,0,1,0,0,0,1,2,seriously_injured
2018,7,Mon,2,52.42538162,13.67818476,evening,18,daylight,0,dry,0,4,6,1,0,0,0,0,0,3,slightly_injured
2018,8,Sat,7,52.50122787,13.4416801,night,5,daylight,0,dry,0,5,2,1,1,0,0,0,0,2,seriously_injured
2018,8,Wed,4,52.41657467,13.27339222,afternoon,16,daylight,0,dry,0,5,2,0,1,0,1,0,0,3,slightly_injured
2018,7,Mon,2,52.50299406,13.34425195,evening,18,daylight,0,dry,0,6,7,0,1,1,0,0,0,3,slightly_injured
2018,8,Wed,4,52.41106972,13.39401249,afternoon,16,daylight,0,dry,0,2,6,0,1,0,1,0,0,3,slightly_injured
2018,7,Mon,2,52.4836467,13.40086256,morning,8,daylight,0,dry,0,3,6,1,0,0,0,0,0,3,slightly_injured
2018,8,Fri,6,52.54597424,13.4641396,evening,19,daylight,0,dry,0,6,2,0,1,1,0,0,0,3,slightly_injured
2018,8,Wed,4,52.53250016,13.43065473,afternoon,15,daylight,0,dry,0,1,5,0,1,0,1,0,0,3,slightly_injured
2018,8,Fri,6,52.50999957,13.30168686,evening,19,daylight,0,dry,0,2,6,0,1,0,0,0,0,3,slightly_injured
2018,7,Mon,2,52.57043808,13.56562399,afternoon,16,daylight,0,dry,0,5,2,0,1,0,1,0,0,2,seriously_injured
2018,7,Mon,2,52.51338303,13.3316004,afternoon,16,daylight,0,dry,0,5,2,1,0,0,1,0,0,3,slightly_injured
2018,8,Fri,6,52.52524801,13.39302053,afternoon,17,daylight,0,dry,0,3,6,1,1,0,0,0,0,3,slightly_injured
2018,8,Wed,4,52.5923905,13.39833109,afternoon,15,daylight,0,dry,0,5,3,0,1,0,0,0,0,3,slightly_injured
2018,8,Fri,6,52.56414275,13.39264921,afternoon,16,daylight,0,dry,0,5,2,1,1,0,0,0,0,3,slightly_injured
2018,7,Mon,2,52.51984456,13.38843219,afternoon,16,daylight,0,dry,0,0,4,0,0,1,1,0,0,2,seriously_injured
2018,8,Fri,6,52.48954848,13.31532226,afternoon,16,daylight,0,dry,0,5,7,0,1,0,1,0,0,3,slightly_injured
2018,8,Wed,4,52.49025015,13.50872152,afternoon,15,daylight,0,dry,0,5,2,0,1,0,0,0,0,3,slightly_injured
2018,8,Fri,6,52.43810431,13.56556381,afternoon,17,daylight,0,dry,0,5,3,1,1,0,0,0,0,3,slightly_injured
2018,7,Mon,2,52.51057515,13.45265649,afternoon,16,daylight,0,dry,0,4,1,1,1,0,0,0,0,3,slightly_injured
2018,8,Wed,4,52.51516545,13.31345539,afternoon,12,daylight,0,dry,0,5,2,1,1,0,0,0,0,3,slightly_injured
2018,7,Mon,2,52.55283894,13.42419424,afternoon,15,daylight,0,dry,0,5,3,0,1,0,0,0,0,2,seriously_injured
2018,8,Fri,6,52.45071761,13.63684746,afternoon,15,daylight,0,dry,0,5,3,0,1,0,0,0,0,3,slightly_injured
2018,8,Wed,4,52.52902504,13.40987361,morning,11,daylight,0,dry,0,5,3,1,1,0,0,0,0,3,slightly_injured
2018,8,Fri,6,52.46880704,13.31983797,afternoon,16,daylight,0,dry,0,5,3,0,1,0,1,0,0,3,slightly_injured
2018,7,Mon,2,52.44527126,13.3954884,afternoon,15,daylight,0,dry,0,5,7,0,1,0,1,0,0,3,slightly_injured
2018,7,Mon,2,52.46866923,13.37408271,afternoon,15,daylight,0,dry,0,2,6,0,1,0,0,0,1,3,slightly_injured
2018,8,Fri,6,52.50955875,13.49049179,evening,19,daylight,0,dry,0,4,6,0,1,0,0,0,0,3,slightly_injured
2018,8,Wed,4,52.41954102,13.39839414,morning,11,daylight,0,dry,0,5,2,0,1,0,1,0,0,3,slightly_injured
2018,8,Fri,6,52.57161268,13.34973532,evening,19,daylight,0,dry,0,0,1,0,1,0,1,0,0,3,slightly_injured
2018,8,Wed,4,52.50516938,13.47131083,morning,10,daylight,0,dry,0,5,2,1,1,0,0,0,0,3,slightly_injured
2018,8,Fri,6,52.53062324,13.44738657,evening,20,dusk,1,dry,0,5,3,1,0,0,1,0,0,3,slightly_injured
2018,7,Mon,2,52.46482072,13.3855146,afternoon,15,daylight,0,dry,0,2,6,0,1,0,0,0,0,3,slightly_injured
2018,8,Sat,7,52.56735754,13.3978526,evening,18,daylight,0,dry,0,2,7,0,1,0,0,0,0,3,slightly_injured
2018,7,Mon,2,52.44433848,13.57443262,afternoon,17,daylight,0,dry,0,4,6,1,0,0,0,0,0,2,seriously_injured
2018,8,Fri,6,52.49439326,13.35864053,afternoon,17,daylight,0,dry,0,1,5,0,1,0,1,0,0,3,slightly_injured
2018,8,Wed,4,52.41590557,13.26589212,morning,9,daylight,0,dry,0,5,3,0,1,0,0,0,0,3,slightly_injured
2018,8,Fri,6,52.54837887,13.16126888,evening,21,dusk,1,dry,0,5,3,0,1,0,1,0,0,3,slightly_injured
2018,7,Mon,2,52.57044598,13.56560021,afternoon,15,daylight,0,dry,0,5,2,0,1,0,0,0,0,3,slightly_injured
2018,8,Fri,6,52.5097282,13.50355375,afternoon,13,daylight,0,dry,0,5,2,1,1,0,0,0,0,3,slightly_injured
2018,8,Wed,4,52.55632717,13.42908367,afternoon,13,daylight,0,dry,0,5,2,0,1,0,0,0,0,2,seriously_injured
2018,8,Fri,6,52.56410875,13.32777346,afternoon,17,daylight,0,dry,0,2,2,0,1,0,0,0,0,3,slightly_injured
2018,8,Wed,4,52.50608065,13.43120559,afternoon,13,daylight,0,dry,0,0,5,0,1,0,0,0,1,3,slightly_injured
2018,7,Mon,2,52.51258784,13.3506899,afternoon,15,daylight,0,dry,0,2,6,0,1,0,0,0,0,3,slightly_injured
2018,8,Sat,7,52.48774095,13.44827947,morning,11,daylight,0,dry,0,1,5,1,1,0,0,0,0,3,slightly_injured
2018,8,Wed,4,52.4889223,13.34490401,afternoon,13,daylight,0,dry,0,6,2,0,1,1,0,0,0,3,slightly_injured
2018,7,Mon,2,52.537621,13.25329838,afternoon,14,daylight,0,dry,0,5,3,0,1,0,0,0,0,3,slightly_injured
2018,8,Fri,6,52.51182321,13.47537663,evening,20,dusk,1,wet,1,0,7,0,1,0,1,0,0,3,slightly_injured
2018,8,Wed,4,52.50207112,13.4402259,afternoon,13,daylight,0,dry,0,5,3,0,0,0,1,0,0,3,slightly_injured
2018,8,Fri,6,52.49561237,13.5245476,evening,20,daylight,0,dry,0,3,6,0,1,0,0,0,0,3,slightly_injured
2018,7,Mon,2,52.53335591,13.48256189,afternoon,14,daylight,0,dry,0,2,6,0,1,0,0,0,0,3,slightly_injured
2018,8,Sat,7,52.50996435,13.45590887,afternoon,16,daylight,0,dry,0,1,5,1,0,0,0,0,1,3,slightly_injured
2018,8,Sun,1,52.47167347,13.31906171,afternoon,15,daylight,0,dry,0,2,6,0,1,0,1,0,0,3,slightly_injured
2018,7,Mon,2,52.52443003,13.4407763,afternoon,14,daylight,0,dry,0,6,3,0,0,1,0,0,1,3,slightly_injured
2018,8,Fri,6,52.53423478,13.2932128,afternoon,17,daylight,0,dry,0,0,1,0,0,0,1,0,0,3,slightly_injured
2018,8,Wed,4,52.48112405,13.4369477,afternoon,14,daylight,0,dry,0,3,5,1,0,0,0,0,1,3,slightly_injured
2018,8,Fri,6,52.50506182,13.47125662,afternoon,15,daylight,0,dry,0,6,2,0,1,1,0,0,0,3,slightly_injured
2018,8,Wed,4,52.4349093,13.31302446,morning,9,daylight,0,dry,0,3,6,1,0,0,0,1,0,3,slightly_injured
2018,7,Mon,2,52.57729156,13.29399568,afternoon,13,daylight,0,dry,0,5,3,0,1,0,1,0,0,3,slightly_injured
2018,8,Wed,4,52.52829623,13.46806282,morning,8,daylight,0,dry,0,6,4,1,0,1,0,0,0,3,slightly_injured
2018,8,Fri,6,52.52395688,13.24904248,afternoon,13,daylight,0,dry,0,2,6,0,1,0,0,0,0,3,slightly_injured
2018,8,Wed,4,52.55505349,13.19591031,afternoon,14,daylight,0,dry,0,5,3,1,1,0,0,0,0,3,slightly_injured
2018,7,Mon,2,52.50684596,13.29867838,afternoon,13,daylight,0,dry,0,5,7,0,1,0,1,0,0,2,seriously_injured
2018,8,Sat,7,52.48356089,13.42480672,evening,22,dark,2,dry,0,5,7,0,1,0,1,0,0,2,seriously_injured
2018,7,Mon,2,52.52948585,13.43607862,afternoon,13,daylight,0,dry,0,5,7,0,1,0,1,0,0,3,slightly_injured
2018,8,Wed,4,52.51329348,13.4408906,morning,7,daylight,0,dry,0,5,2,0,0,0,1,0,1,2,seriously_injured
2018,8,Fri,6,52.52577748,13.36756918,afternoon,15,daylight,0,dry,0,0,2,0,1,0,0,0,1,3,slightly_injured
2018,8,Wed,4,52.42951161,13.46532627,morning,6,daylight,0,dry,0,3,6,0,1,0,1,0,0,2,seriously_injured
2018,7,Mon,2,52.54111896,13.34770142,afternoon,15,daylight,0,dry,0,2,6,0,1,0,0,0,0,3,slightly_injured
2018,8,Sat,7,52.4336605,13.19173449,afternoon,17,daylight,0,dry,0,5,3,0,1,0,1,0,0,2,seriously_injured
2018,8,Wed,4,52.46720104,13.33743482,morning,8,daylight,0,dry,0,6,2,0,1,1,0,0,0,3,slightly_injured
2018,7,Mon,2,52.50706931,13.33069934,evening,23,dark,2,dry,0,3,6,0,1,0,0,0,1,3,slightly_injured
2018,8,Fri,6,52.44570844,13.28402414,afternoon,13,daylight,0,dry,0,5,2,1,1,0,0,0,0,2,seriously_injured
2018,8,Wed,4,52.50694956,13.3942096,night,4,daylight,0,dry,0,6,4,0,1,1,1,0,0,3,slightly_injured
2018,8,Fri,6,52.4570527,13.43675441,afternoon,12,daylight,0,dry,0,5,3,0,1,0,1,0,0,2,seriously_injured
2018,7,Mon,2,52.51204626,13.46147642,evening,20,dusk,1,dry,0,5,3,1,1,0,0,0,0,3,slightly_injured
2018,8,Sat,7,52.50549377,13.36341536,afternoon,16,daylight,0,dry,0,0,7,1,0,0,0,0,0,2,seriously_injured
2018,7,Mon,2,52.50495138,13.39080601,evening,20,daylight,0,dry,0,1,5,0,1,0,1,0,0,3,slightly_injured
2018,8,Wed,4,52.61435509,13.24497983,morning,10,daylight,0,dry,0,5,2,1,1,0,0,0,0,2,seriously_injured
2018,8,Fri,6,52.53784885,13.3263199,afternoon,12,daylight,0,dry,0,2,6,0,1,0,0,0,0,3,slightly_injured
2018,8,Wed,4,52.44964678,13.3496484,afternoon,12,daylight,0,dry,0,0,1,0,0,0,1,0,0,3,slightly_injured
2018,7,Mon,2,52.50703345,13.37929592,evening,19,daylight,0,dry,0,5,3,1,1,0,0,0,0,3,slightly_injured
2018,8,Wed,4,52.60704959,13.31991852,morning,8,daylight,0,dry,0,0,7,0,0,0,0,1,0,2,seriously_injured
2018,7,Mon,2,52.52253662,13.38678032,evening,19,daylight,0,dry,0,4,2,1,1,0,0,0,0,3,slightly_injured
2018,8,Fri,6,52.50477468,13.46893244,afternoon,12,daylight,0,dry,0,5,3,1,0,0,0,0,0,3,slightly_injured
2018,8,Wed,4,52.57187839,13.4271739,night,1,dark,2,dry,0,0,1,1,0,0,0,0,0,2,seriously_injured
2018,7,Mon,2,52.52682197,13.41647395,evening,18,daylight,0,dry,0,2,6,0,1,0,1,0,0,3,slightly_injured
2018,8,Sat,7,52.49722087,13.2918763,afternoon,14,daylight,0,dry,0,2,2,0,1,0,0,0,0,3,slightly_injured
2018,7,Mon,2,52.52186378,13.41672333,afternoon,14,daylight,0,dry,0,5,2,1,0,0,0,1,0,3,slightly_injured
2018,8,Fri,6,52.49339702,13.48999118,morning,11,daylight,0,dry,0,5,3,1,1,0,0,0,0,3,slightly_injured
2018,8,Wed,4,52.51553533,13.48504245,afternoon,15,daylight,0,dry,0,0,1,1,0,0,0,0,0,2,seriously_injured
2018,8,Fri,6,52.51500942,13.58365541,morning,10,daylight,0,dry,0,5,2,0,1,0,1,0,0,2,seriously_injured
2018,8,Sat,7,52.52425023,13.29820108,afternoon,12,daylight,0,dry,0,0,7,1,1,0,0,0,0,3,slightly_injured
2018,8,Wed,4,52.55059862,13.20995054,morning,11,daylight,0,dry,0,2,6,1,0,0,0,0,1,3,slightly_injured
2018,7,Mon,2,52.41298875,13.27673409,afternoon,12,daylight,0,dry,0,5,2,1,0,0,0,0,1,3,slightly_injured
2018,8,Fri,6,52.43618918,13.21650194,morning,10,daylight,0,dry,0,5,3,1,1,0,0,0,0,3,slightly_injured
2018,8,Wed,4,52.44088519,13.4600012,morning,10,daylight,0,dry,0,0,7,1,0,0,0,0,0,2,seriously_injured
2018,8,Fri,6,52.5033838,13.40371402,morning,9,daylight,0,dry,0,6,7,0,0,1,0,0,1,2,seriously_injured
2018,8,Sat,7,52.55360275,13.4143833,morning,10,daylight,0,dry,0,5,3,1,1,0,0,0,0,3,slightly_injured
2018,7,Mon,2,52.57648386,13.29481066,afternoon,12,daylight,0,dry,0,4,6,1,0,0,0,0,0,3,slightly_injured
2018,8,Fri,6,52.47029626,13.42963975,morning,7,daylight,0,dry,0,2,6,1,0,0,0,1,0,3,slightly_injured
2018,8,Wed,4,52.48332355,13.2658174,morning,9,daylight,0,dry,0,3,2,1,0,0,0,1,0,1,killed
2018,7,Mon,2,52.48748906,13.33310288,morning,11,daylight,0,dry,0,5,7,1,1,0,0,0,0,3,slightly_injured
2018,8,Tue,3,52.40731658,13.37838541,afternoon,13,daylight,0,dry,0,2,6,0,1,0,0,0,0,3,slightly_injured
2018,7,Mon,2,52.43086575,13.27897764,morning,11,daylight,0,dry,0,2,2,0,1,0,0,0,0,3,slightly_injured
2018,8,Fri,6,52.54415424,13.24699961,afternoon,13,daylight,0,dry,0,0,1,0,0,0,1,0,0,3,slightly_injured
2018,8,Tue,3,52.55327037,13.48010966,evening,21,dusk,1,dry,0,0,2,1,1,0,0,0,0,3,slightly_injured
2018,8,Fri,6,52.53522579,13.40626422,morning,8,daylight,0,dry,0,3,6,1,0,0,0,0,1,2,seriously_injured
2018,7,Mon,2,52.56159175,13.2086572,morning,10,daylight,0,dry,0,6,2,0,1,1,0,0,0,2,seriously_injured
2018,8,Sat,7,52.55813076,13.19639841,morning,8,daylight,0,dry,0,5,3,0,1,0,0,0,0,3,slightly_injured
2018,7,Mon,2,52.57657475,13.31506339,morning,11,daylight,0,dry,0,2,2,0,1,0,0,0,0,3,slightly_injured
2018,8,Fri,6,52.43810901,13.54864215,evening,20,daylight,0,dry,0,6,4,0,1,1,0,0,0,3,slightly_injured
2018,8,Tue,3,52.54834272,13.55572593,afternoon,15,daylight,0,dry,0,5,2,1,1,0,0,0,0,3,slightly_injured
2018,8,Fri,6,52.62185665,13.30970649,morning,6,daylight,0,dry,0,1,5,0,1,0,0,0,0,3,slightly_injured
2018,7,Mon,2,52.52346477,13.40277757,morning,10,daylight,0,dry,0,5,3,0,1,0,1,0,0,3,slightly_injured
2018,8,Fri,6,52.51247522,13.49776579,night,5,dusk,1,dry,0,0,1,1,1,0,0,0,0,3,slightly_injured
2018,8,Tue,3,52.492986,13.3879706,evening,19,daylight,0,dry,0,5,2,1,1,0,0,0,0,3,slightly_injured
2018,8,Fri,6,52.3715986,13.69453645,evening,23,dark,2,dry,0,3,6,0,1,0,0,0,0,3,slightly_injured
2018,7,Mon,2,52.43136502,13.3098472,morning,9,daylight,0,dry,0,0,2,0,0,0,0,0,1,3,slightly_injured
2018,7,Mon,2,52.48370945,13.40032313,morning,9,daylight,0,dry,0,5,2,1,1,0,0,0,0,3,slightly_injured
2018,8,Fri,6,52.43148517,13.71842617,afternoon,13,daylight,0,dry,0,5,3,0,1,0,0,0,1,1,killed
2018,8,Tue,3,52.55290602,13.3790853,evening,19,daylight,0,dry,0,2,6,0,1,0,0,0,1,3,slightly_injured
2018,8,Thu,5,52.50282939,13.30867586,evening,20,daylight,0,dry,0,3,6,1,0,0,0,0,0,3,slightly_injured
2018,7,Mon,2,52.4593088,13.37640394,afternoon,13,daylight,0,dry,0,2,6,0,1,0,0,0,1,3,slightly_injured
2018,8,Tue,3,52.45498015,13.56723183,evening,19,daylight,0,dry,0,5,2,1,1,0,0,0,0,3,slightly_injured
2018,7,Sun,1,52.48244281,13.45385046,evening,23,dark,2,dry,0,5,3,1,1,0,0,0,0,3,slightly_injured
2018,8,Thu,5,52.52493674,13.42093003,morning,6,daylight,0,dry,0,6,4,1,0,1,0,0,0,3,slightly_injured
2018,8,Tue,3,52.52872005,13.41022895,evening,18,daylight,0,dry,0,2,2,0,1,0,1,0,0,3,slightly_injured
2018,8,Thu,5,52.38751243,13.41944244,afternoon,16,daylight,0,dry,0,2,6,1,0,0,0,0,0,2,seriously_injured
2018,7,Sun,1,52.52649319,13.34310914,evening,22,dark,2,dry,0,2,6,0,1,0,0,0,0,3,slightly_injured
2018,8,Sat,7,52.54320265,13.33856328,morning,9,daylight,0,dry,0,2,6,0,1,0,0,0,0,3,slightly_injured
2018,7,Sun,1,52.57205043,13.42887701,evening,21,daylight,0,dry,0,5,2,0,1,0,0,0,0,3,slightly_injured
2018,8,Thu,5,52.47050569,13.34745521,evening,19,daylight,0,dry,0,0,2,1,1,0,0,0,0,3,slightly_injured
2018,8,Tue,3,52.52446668,13.34953645,afternoon,17,daylight,0,dry,0,6,2,0,1,1,0,0,0,3,slightly_injured
2018,8,Thu,5,52.43056899,13.25838985,afternoon,13,daylight,0,dry,0,1,5,1,0,0,0,0,1,3,slightly_injured
2018,8,Sun,1,52.53815707,13.41336357,morning,10,daylight,0,dry,0,5,3,1,0,0,1,0,0,3,slightly_injured
2018,7,Sun,1,52.52493984,13.40636298,evening,20,daylight,0,dry,0,5,2,1,1,0,0,0,0,3,slightly_injured
2018,8,Thu,5,52.45299884,13.6074065,afternoon,13,daylight,0,dry,0,5,2,0,0,0,1,0,1,3,slightly_injured
2018,8,Tue,3,52.61540961,13.34810627,evening,18,daylight,0,dry,0,5,7,0,1,0,1,0,0,2,seriously_injured
2018,8,Thu,5,52.50214382,13.3195182,afternoon,13,daylight,0,dry,0,1,5,0,1,0,0,0,0,3,slightly_injured
2018,8,Tue,3,52.58064317,13.30268976,evening,18,daylight,0,dry,0,0,1,0,0,0,1,0,0,3,slightly_injured
2018,7,Sun,1,52.50343025,13.3312939,evening,20,dusk,1,dry,0,6,4,1,0,1,0,0,0,3,slightly_injured
2018,8,Sat,7,52.54812277,13.45941138,morning,10,daylight,0,dry,0,5,3,0,1,0,0,0,0,3,slightly_injured
2018,8,Tue,3,52.50221377,13.41995931,afternoon,17,daylight,0,dry,0,5,2,1,1,0,0,0,0,3,slightly_injured
2018,7,Sun,1,52.54858435,13.34005485,evening,20,daylight,0,dry,0,2,7,0,1,0,1,0,0,3,slightly_injured
2018,8,Thu,5,52.46023822,13.32402222,afternoon,12,daylight,0,dry,0,2,6,1,0,0,0,0,1,3,slightly_injured
2018,8,Tue,3,52.54234667,13.23770933,afternoon,17,daylight,0,dry,0,5,2,0,1,0,1,0,0,3,slightly_injured
2018,8,Thu,5,52.49148909,13.39411035,morning,11,daylight,0,dry,0,2,6,0,1,0,1,0,0,3,slightly_injured
2018,7,Sun,1,52.48607899,13.42892382,evening,19,daylight,0,dry,0,2,6,0,1,0,0,0,0,3,slightly_injured
2018,8,Sat,7,52.51048828,13.376824,morning,6,daylight,0,dry,0,8,1,0,0,0,1,0,0,3,slightly_injured
2018,7,Sun,1,52.48653897,13.44076762,evening,19,daylight,0,dry,0,6,4,1,0,1,0,0,0,3,slightly_injured
2018,8,Tue,3,52.54304059,13.24036556,afternoon,17,daylight,0,dry,0,3,6,0,1,0,1,0,0,3,slightly_injured
2018,7,Sun,1,52.56811956,13.30561529,evening,19,daylight,0,dry,0,2,6,0,1,0,0,0,0,3,slightly_injured
2018,8,Thu,5,52.45672678,13.63289004,morning,11,daylight,0,dry,0,2,2,0,1,0,0,0,0,2,seriously_injured
2018,8,Tue,3,52.46058389,13.46934633,afternoon,17,daylight,0,dry,0,5,3,0,1,0,0,0,0,3,slightly_injured
2018,8,Thu,5,52.46569434,13.31709023,morning,10,daylight,0,dry,0,2,6,0,1,0,0,0,0,3,slightly_injured
2018,7,Sun,1,52.50545797,13.42218589,afternoon,17,daylight,0,dry,0,5,2,1,1,0,0,0,0,3,slightly_injured
2018,7,Sun,1,52.54074362,13.39244492,afternoon,16,daylight,0,dry,0,2,6,1,1,0,0,0,0,3,slightly_injured
2018,8,Thu,5,52.45571462,13.55424025,morning,10,daylight,0,dry,0,2,2,0,1,0,0,0,0,3,slightly_injured
2018,8,Tue,3,52.54950447,13.44127297,afternoon,17,daylight,0,dry,0,5,3,0,1,0,0,0,0,3,slightly_injured
2018,8,Thu,5,52.4562763,13.5603446,morning,9,daylight,0,dry,0,2,6,0,1,0,0,0,1,3,slightly_injured
2018,8,Tue,3,52.54801237,13.29679212,afternoon,16,daylight,0,dry,0,2,6,0,1,0,0,0,0,3,slightly_injured
2018,7,Sun,1,52.45255534,13.45231739,afternoon,15,daylight,0,dry,0,5,3,0,1,0,0,0,0,3,slightly_injured
2018,8,Tue,3,52.4262313,13.59281296,afternoon,16,daylight,0,dry,0,1,5,1,1,0,0,0,0,3,slightly_injured
2018,8,Thu,5,52.53197173,13.42355943,morning,8,daylight,0,dry,0,1,5,1,1,0,0,0,0,3,slightly_injured
2018,8,Tue,3,52.52658286,13.33781132,afternoon,16,daylight,0,dry,0,2,6,0,1,0,0,0,1,3,slightly_injured
2018,8,Tue,3,52.53602132,13.35011219,afternoon,16,daylight,0,dry,0,5,2,0,1,0,1,0,0,3,slightly_injured
2018,7,Sun,1,52.53310964,13.40437245,afternoon,14,daylight,0,dry,0,6,2,0,1,1,0,0,0,3,slightly_injured
2018,8,Thu,5,52.55661675,13.37404046,morning,7,daylight,0,dry,0,5,3,1,0,0,0,0,1,3,slightly_injured
2018,8,Tue,3,52.58397311,13.3486522,afternoon,16,daylight,0,dry,0,0,7,0,1,0,0,0,0,2,seriously_injured