ujahr,umonat,weekday,uwochentag,long,lat,time_of_day,ustunde,light_condition,ulichtverh,street_condition,ustrzustand,uart,utyp1,ist_rad,ist_pkw,ist_fuss,ist_krad,ist_gkfz,ist_sonstige,ukategorie,accident_outcome
2018,8,Thu,5,52.50565025,13.43188344,morning,6,daylight,0,dry,0,5,2,0,1,0,1,0,0,2,seriously_injured
2018,7,Sun,1,52.44977688,13.34844841,afternoon,13,daylight,0,dry,0,1,5,0,1,0,0,0,1,3,slightly_injured
2018,7,Sun,1,52.49556342,13.26399452,morning,11,daylight,0,dry,0,4,6,1,1,0,0,0,0,3,slightly_injured
2018,8,Thu,5,52.49876121,13.3956047,evening,22,dark,2,dry,0,4,6,0,1,0,1,0,0,3,slightly_injured
2018,8,Tue,3,52.48208647,13.43367463,afternoon,15,daylight,0,dry,0,5,2,1,1,0,0,0,0,3,slightly_injured
2018,7,Sun,1,52.53374312,13.37101975,morning,11,daylight,0,dry,0,1,5,1,1,0,0,0,0,3,slightly_injured
2018,8,Tue,3,52.47392062,13.42786478,afternoon,15,daylight,0,dry,0,3,6,1,1,0,0,0,0,3,slightly_injured
2018,8,Tue,3,52.51229582,13.46053048,afternoon,15,daylight,0,dry,0,1,5,1,1,0,0,0,0,3,slightly_injured
2018,8,Thu,5,52.54762811,13.31058027,evening,21,daylight,0,dry,0,3,6,0,1,0,0,0,0,3,slightly_injured
2018,8,Tue,3,52.39429665,13.41250318,afternoon,15,daylight,0,dry,0,5,3,0,1,0,0,0,0,3,slightly_injured
2018,7,Sun,1,52.50312928,13.33942494,night,4,dark,2,wet,1,5,2,0,1,0,0,0,0,3,slightly_injured
2018,8,Tue,3,52.51562663,13.38901705,afternoon,14,daylight,0,dry,0,5,2,0,1,0,1,0,0,3,slightly_injured
2018,7,Sun,1,52.51905333,13.30287544,morning,9,daylight,0,dry,0,0,7,0,1,1,0,0,0,3,slightly_injured
2018,8,Thu,5,52.40978993,13.66642192,evening,20,daylight,0,dry,0,5,2,1,1,0,0,0,0,3,slightly_injured
2018,8,Tue,3,52.54105371,13.33415033,afternoon,13,daylight,0,dry,0,2,6,0,1,0,0,0,1,2,seriously_injured
2018,7,Sat,7,52.4611169,13.57828272,evening,18,daylight,0,dry,0,5,2,0,1,0,1,0,0,3,slightly_injured
2018,8,Tue,3,52.50976134,13.45679571,afternoon,13,daylight,0,dry,0,0,1,1,0,0,0,0,0,3,slightly_injured
2018,7,Sat,7,52.45531756,13.57678014,afternoon,16,daylight,0,dry,0,6,4,0,1,1,0,0,0,3,slightly_injured
2018,8,Thu,5,52.538083,13.26962466,afternoon,16,daylight,0,dry,0,4,6,1,0,0,0,0,1,3,slightly_injured
2018,8,Tue,3,52.44291136,13.24018758,afternoon,13,daylight,0,dry,0,6,4,0,1,1,0,0,0,3,slightly_injured
2018,8,Thu,5,52.51206107,13.46971897,evening,18,daylight,0,dry,0,1,5,1,1,0,1,0,0,3,slightly_injured
2018,7,Sat,7,52.50200405,13.34745753,afternoon,15,daylight,0,dry,0,6,6,1,0,1,0,0,0,3,slightly_injured
2018,8,Thu,5,52.51325428,13.51919948,afternoon,16,daylight,0,dry,0,2,6,0,1,0,0,0,0,3,slightly_injured
2018,8,Tue,3,52.50388104,13.40993107,afternoon,13,daylight,0,dry,0,0,6,0,1,0,0,0,1,3,slightly_injured
2018,7,Sat,7,52.41502017,13.3923549,afternoon,15,daylight,0,dry,0,0,3,1,0,0,1,0,0,3,slightly_injured
2018,8,Tue,3,52.50311828,13.36556069,afternoon,13,daylight,0,dry,0,5,2,1,1,0,0,0,0,3,slightly_injured
2018,7,Sat,7,52.51542981,13.38908223,afternoon,15,daylight,0,dry,0,6,4,0,1,1,0,0,0,3,slightly_injured
2018,8,Thu,5,52.45321378,13.50946854,afternoon,16,daylight,0,dry,0,1,5,1,0,0,0,0,1,3,slightly_injured
2018,8,Tue,3,52.44890016,13.43620845,afternoon,12,daylight,0,dry,0,5,2,0,1,0,0,0,0,2,seriously_injured
2018,8,Thu,5,52.45568943,13.5580962,afternoon,15,daylight,0,dry,0,5,2,0,1,0,1,0,0,3,slightly_injured
2018,7,Sat,7,52.54682899,13.35998264,afternoon,17,daylight,0,dry,0,5,2,0,1,0,1,0,0,2,seriously_injured
2018,7,Sat,7,52.47020069,13.46470337,afternoon,13,daylight,0,dry,0,5,2,0,1,0,1,0,0,2,seriously_injured
2018,8,Thu,5,52.49846721,13.42879529,afternoon,15,daylight,0,dry,0,5,7,1,1,0,0,1,0,3,slightly_injured
2018,8,Tue,3,52.55974687,13.22211098,morning,11,daylight,0,dry,0,2,6,0,1,0,0,0,0,3,slightly_injured
2018,7,Sat,7,52.43012163,13.3365383,morning,10,daylight,0,dry,0,6,4,1,0,1,0,0,0,3,slightly_injured
2018,8,Thu,5,52.47064436,13.56960303,afternoon,14,daylight,0,dry,0,2,7,1,1,0,0,0,0,3,slightly_injured
2018,8,Tue,3,52.50290252,13.43142059,morning,11,daylight,0,dry,0,5,3,0,1,0,1,0,0,3,slightly_injured
2018,7,Sat,7,52.45636633,13.56259612,morning,10,daylight,0,dry,0,5,3,1,0,0,0,0,1,3,slightly_injured
2018,7,Sat,7,52.43380146,13.19317945,morning,9,daylight,0,dry,0,5,2,0,1,0,1,0,0,3,slightly_injured
2018,8,Thu,5,52.54331785,13.60750861,afternoon,14,daylight,0,dry,0,6,4,0,1,1,0,0,0,3,slightly_injured
2018,8,Tue,3,52.52492444,13.17666157,morning,10,daylight,0,dry,0,1,5,0,1,0,0,0,1,3,slightly_injured
2018,8,Thu,5,52.52724868,13.41556963,afternoon,14,daylight,0,dry,0,0,1,1,0,0,0,0,0,3,slightly_injured
2018,7,Sat,7,52.46362643,13.33587505,morning,7,daylight,0,dry,0,6,4,1,0,1,0,0,0,3,slightly_injured
2018,8,Thu,5,52.39705548,13.41081287,afternoon,14,daylight,0,dry,0,5,3,1,1,0,0,0,0,3,slightly_injured
2018,8,Tue,3,52.53326369,13.1970531,morning,9,daylight,0,dry,0,2,6,0,1,0,0,0,0,3,slightly_injured
2018,8,Thu,5,52.51216331,13.20127985,afternoon,13,daylight,0,dry,0,2,6,0,1,0,0,1,0,3,slightly_injured
2018,7,Sat,7,52.50035265,13.43795263,afternoon,17,daylight,0,dry,0,6,4,1,0,1,0,0,0,3,slightly_injured
2018,8,Tue,3,52.52120033,13.42946107,morning,9,daylight,0,dry,0,5,2,1,1,0,0,0,0,3,slightly_injured
2018,7,Sat,7,52.50192225,13.47535084,night,1,dark,2,dry,0,5,2,1,1,0,0,0,0,3,slightly_injured
2018,8,Thu,5,52.5117589,13.43811651,afternoon,13,daylight,0,dry,0,6,4,0,0,1,1,0,0,3,slightly_injured
2018,8,Tue,3,52.44555393,13.44983834,morning,8,daylight,0,dry,0,0,6,0,1,0,0,0,1,2,seriously_injured
2018,8,Thu,5,52.4989981,13.40681626,afternoon,13,daylight,0,dry,0,0,7,1,0,0,0,0,0,3,slightly_injured
2018,7,Sat,7,52.53538883,13.51718436,night,1,dark,2,dry,0,0,1,0,0,0,1,0,0,2,seriously_injured
2018,8,Thu,5,52.50134606,13.41934267,morning,9,daylight,0,dry,0,6,4,0,0,1,1,0,0,2,seriously_injured
2018,8,Fri,6,52.49809746,13.31869912,night,0,dark,2,dry,0,5,3,0,1,0,0,0,0,2,seriously_injured
2018,8,Thu,5,52.43070766,13.34654776,afternoon,15,daylight,0,dry,0,5,2,1,1,0,0,0,0,3,slightly_injured
2018,8,Thu,5,52.56047155,13.42761446,afternoon,15,daylight,0,dry,0,5,3,1,1,0,0,0,0,2,seriously_injured
2018,8,Sun,1,52.53867751,13.60425849,afternoon,17,daylight,0,dry,0,3,6,0,1,0,0,0,0,3,slightly_injured
2018,8,Thu,5,52.51189316,13.4024244,morning,8,daylight,0,dry,0,2,2,1,1,0,0,0,0,3,slightly_injured
2018,8,Thu,5,52.5473305,13.4391176,afternoon,14,daylight,0,dry,0,5,2,1,1,0,0,0,0,3,slightly_injured
2018,8,Fri,6,52.52421897,13.62122557,afternoon,15,daylight,0,dry,0,2,6,0,1,0,0,0,0,3,slightly_injured
2018,8,Thu,5,52.53375561,13.44253096,morning,8,daylight,0,dry,0,1,5,1,1,0,0,0,0,3,slightly_injured
2018,8,Sun,1,52.52277817,13.32978749,evening,19,daylight,0,dry,0,5,2,1,1,0,0,0,0,3,slightly_injured
2018,8,Thu,5,52.44818741,13.37905594,morning,8,daylight,0,dry,0,6,2,0,1,1,0,0,0,3,slightly_injured
2018,8,Sat,7,52.43100906,13.38345118,afternoon,15,daylight,0,dry,0,1,5,1,1,0,0,0,0,3,slightly_injured
2018,8,Thu,5,52.52330622,13.42563889,morning,8,daylight,0,dry,0,5,2,1,1,0,0,0,0,3,slightly_injured
2018,8,Thu,5,52.45204965,13.53348271,morning,7,daylight,0,dry,0,5,2,1,1,0,0,0,0,3,slightly_injured
2018,8,Fri,6,52.51064695,13.45225463,evening,21,dark,2,dry,0,4,6,0,1,0,1,0,0,3,slightly_injured
2018,8,Sat,7,52.48015852,13.44307415,evening,19,dusk,1,dry,0,2,6,1,1,0,0,0,0,3,slightly_injured
2018,8,Thu,5,52.55638259,13.4292477,morning,7,daylight,0,dry,0,5,2,1,0,0,0,0,1,3,slightly_injured
2018,8,Fri,6,52.54021544,13.41143282,evening,19,daylight,0,dry,0,6,4,0,0,1,0,0,1,3,slightly_injured
2018,8,Thu,5,52.49463503,13.35534811,morning,6,daylight,0,dry,0,5,3,1,0,0,0,0,0,2,seriously_injured
2018,8,Fri,6,52.49316081,13.33142088,afternoon,12,daylight,0,dry,0,5,3,0,1,0,1,0,0,3,slightly_injured
2018,8,Thu,5,52.54542102,13.23149793,morning,6,daylight,0,dry,0,1,5,0,0,0,1,0,1,2,seriously_injured
2018,8,Thu,5,52.45073031,13.5723421,night,0,dark,2,dry,0,2,6,0,1,0,0,0,0,3,slightly_injured
2018,8,Mon,2,52.50587541,13.51964841,morning,11,daylight,0,dry,0,5,3,0,1,0,0,0,1,2,seriously_injured
2018,8,Thu,5,52.59297394,13.43142521,afternoon,15,daylight,0,dry,0,2,6,0,1,0,0,0,0,3,slightly_injured
2018,8,Thu,5,52.54144102,13.33445044,afternoon,15,daylight,0,dry,0,3,6,0,0,0,1,0,1,3,slightly_injured
2018,8,Sat,7,52.45636565,13.56368893,afternoon,14,daylight,0,dry,0,0,6,0,1,0,0,0,1,3,slightly_injured
2018,8,Thu,5,52.43983514,13.40066439,afternoon,15,daylight,0,dry,0,2,6,0,1,0,0,0,0,3,slightly_injured
2018,8,Fri,6,52.50684154,13.27825053,morning,6,daylight,0,dry,0,5,2,1,1,0,0,0,0,3,slightly_injured
2018,8,Thu,5,52.57476949,13.37336643,afternoon,15,daylight,0,dry,0,5,2,1,1,0,0,0,0,3,slightly_injured
2018,8,Fri,6,52.51708627,13.46109364,morning,8,daylight,0,dry,0,5,2,0,1,0,1,0,0,3,slightly_injured
2018,8,Thu,5,52.56464613,13.32585489,afternoon,14,daylight,0,dry,0,5,2,1,1,0,0,0,0,3,slightly_injured
2018,8,Thu,5,52.43602213,13.38217747,afternoon,13,daylight,0,dry,0,5,3,0,1,0,0,0,0,3,slightly_injured
2018,8,Sun,1,52.37418145,13.65758518,morning,11,daylight,0,dry,0,4,6,1,0,0,0,0,0,3,slightly_injured
2018,8,Thu,5,52.42763305,13.35505454,afternoon,13,daylight,0,dry,0,0,2,0,1,1,0,0,0,3,slightly_injured
2018,8,Thu,5,52.45261057,13.57773517,afternoon,13,daylight,0,dry,0,2,6,0,1,0,0,0,0,3,slightly_injured
2018,8,Sat,7,52.59117421,13.29772816,evening,21,dark,2,dry,0,9,1,0,1,0,0,0,0,3,slightly_injured
2018,8,Thu,5,52.52018357,13.18734662,afternoon,12,daylight,0,dry,0,5,2,0,1,0,0,0,0,3,slightly_injured
2018,8,Fri,6,52.50583557,13.51988425,afternoon,14,daylight,0,dry,0,5,2,1,1,0,0,0,0,3,slightly_injured
2018,8,Thu,5,52.54592377,13.43405005,afternoon,12,daylight,0,dry,0,2,6,1,1,0,0,0,0,3,slightly_injured
2018,8,Thu,5,52.41554715,13.49611556,afternoon,12,daylight,0,dry,0,2,6,0,1,0,0,0,0,3,slightly_injured
2018,8,Sun,1,52.55633401,13.42910478,evening,21,dark,2,dry,0,9,1,0,1,0,1,0,0,2,seriously_injured
2018,8,Thu,5,52.44233053,13.2973928,afternoon,12,daylight,0,dry,0,5,7,0,1,0,0,0,0,3,slightly_injured
2018,8,Thu,5,52.4901495,13.18030698,evening,19,daylight,0,dry,0,5,2,0,1,0,0,0,0,3,slightly_injured
2018,8,Thu,5,52.4504638,13.34280429,evening,19,daylight,0,dry,0,5,2,0,1,0,0,0,1,3,slightly_injured
2018,8,Sun,1,52.49538763,13.39780401,afternoon,17,daylight,0,dry,0,5,2,1,1,0,0,0,0,3,slightly_injured
2018,8,Thu,5,52.50880824,13.21826371,afternoon,17,daylight,0,dry,0,5,3,0,1,0,0,0,0,3,slightly_injured
2018,8,Thu,5,52.40915166,13.37629494,afternoon,16,daylight,0,dry,0,5,2,0,1,0,0,0,0,3,slightly_injured
2018,8,Sat,7,52.49904008,13.38536334,night,2,dark,2,dry,0,5,3,1,1,0,0,0,0,3,slightly_injured
2018,8,Fri,6,52.42363962,13.43662478,evening,19,daylight,0,dry,0,5,2,0,1,0,1,0,0,2,seriously_injured
2018,8,Wed,4,52.51847135,13.28264629,afternoon,12,daylight,0,dry,0,2,6,0,1,0,0,0,0,3,slightly_injured
2018,8,Fri,6,52.49761008,13.30790891,afternoon,16,daylight,0,dry,0,2,7,1,1,0,0,0,0,3,slightly_injured
2018,8,Wed,4,52.50035576,13.3605975,afternoon,12,daylight,0,dry,0,2,7,0,1,0,1,0,0,3,slightly_injured
2018,8,Wed,4,52.5521209,13.4138646,morning,11,daylight,0,dry,0,0,3,1,0,0,0,0,1,3,slightly_injured
2018,8,Fri,6,52.5274296,13.40312749,evening,20,dusk,1,dry,0,6,4,1,0,1,0,0,0,3,slightly_injured
2018,8,Sat,7,52.49885267,13.41753771,evening,20,dusk,1,dry,0,2,6,0,1,0,1,0,0,3,slightly_injured
2018,8,Wed,4,52.52127156,13.2997971,morning,11,daylight,0,dry,0,6,4,0,1,1,0,0,0,3,slightly_injured
2018,8,Fri,6,52.56979198,13.31134613,evening,18,daylight,0,dry,0,5,3,0,1,0,0,0,0,3,slightly_injured
2018,8,Wed,4,52.63225129,13.2873553,morning,11,daylight,0,dry,0,6,2,0,1,1,0,0,0,3,slightly_injured
2018,8,Fri,6,52.43122633,13.48359148,afternoon,13,daylight,0,dry,0,5,3,0,1,0,0,0,0,3,slightly_injured
2018,8,Wed,4,52.47634698,13.28014112,morning,10,daylight,0,dry,0,0,6,0,1,0,1,0,0,3,slightly_injured
2018,8,Fri,6,52.5161057,13.3104449,evening,21,dark,2,dry,0,2,2,0,1,0,0,0,0,3,slightly_injured
2018,8,Wed,4,52.55018895,13.29548416,morning,10,daylight,0,dry,0,2,2,0,1,0,0,0,0,3,slightly_injured
2018,8,Fri,6,52.50579362,13.32153682,afternoon,14,daylight,0,dry,0,6,4,0,1,1,0,0,0,3,slightly_injured
2018,8,Wed,4,52.49966275,13.46840039,morning,9,daylight,0,dry,0,5,2,1,1,0,0,0,0,3,slightly_injured
2018,8,Sun,1,52.4290574,13.5507132,evening,18,daylight,0,dry,0,2,6,0,1,0,1,0,0,2,seriously_injured
2018,8,Wed,4,52.50964122,13.43620219,morning,8,daylight,0,dry,0,5,7,0,1,0,0,0,0,3,slightly_injured
2018,8,Fri,6,52.55444149,13.22599047,evening,19,daylight,0,dry,0,5,3,1,1,0,0,0,0,3,slightly_injured
2018,8,Sat,7,52.50867827,13.32506522,evening,18,daylight,0,dry,0,5,3,0,1,0,0,0,0,3,slightly_injured
2018,8,Wed,4,52.43984487,13.400549,evening,20,daylight,0,dry,0,5,2,0,1,0,1,0,0,3,slightly_injured
2018,8,Wed,4,52.53255355,13.3985496,evening,19,daylight,0,dry,0,2,6,1,0,0,0,0,0,3,slightly_injured
2018,8,Fri,6,52.44196723,13.29779545,morning,10,daylight,0,dry,0,0,1,0,0,0,1,0,0,3,slightly_injured
2018,8,Wed,4,52.46863147,13.3779222,evening,18,daylight,0,dry,0,5,2,0,1,0,1,0,0,2,seriously_injured
2018,8,Wed,4,52.48913565,13.39361605,afternoon,17,daylight,0,dry,0,0,2,1,1,0,0,0,0,3,slightly_injured
2018,8,Sun,1,52.58725847,13.32368902,afternoon,16,daylight,0,dry,0,2,6,0,1,0,0,0,1,3,slightly_injured
2018,8,Wed,4,52.53105617,13.40234885,morning,11,daylight,0,dry,0,0,1,1,0,0,0,0,0,2,seriously_injured
2018,8,Wed,4,52.54767249,13.31103331,afternoon,12,daylight,0,dry,0,5,3,0,1,0,0,0,0,3,slightly_injured
2018,8,Sun,1,52.51621244,13.4807741,afternoon,17,daylight,0,dry,0,2,6,0,1,0,0,0,0,3,slightly_injured
2018,8,Sat,7,52.56313381,13.32977815,afternoon,14,daylight,0,dry,0,0,5,0,1,0,0,0,1,3,slightly_injured
2018,8,Wed,4,52.44925761,13.66405565,afternoon,17,daylight,0,dry,0,0,1,1,0,0,0,0,0,2,seriously_injured
2018,8,Fri,6,52.56052919,13.43299382,morning,7,daylight,0,dry,0,5,3,1,0,0,0,0,0,3,slightly_injured
2018,8,Wed,4,52.55290063,13.44348813,afternoon,17,daylight,0,dry,0,1,5,1,0,0,0,0,1,3,slightly_injured
2018,8,Wed,4,52.5255404,13.366797,afternoon,12,daylight,0,dry,0,0,1,1,0,0,0,0,0,2,seriously_injured
2018,8,Sun,1,52.60645284,13.4332805,afternoon,14,daylight,0,dry,0,2,6,0,1,0,0,0,0,3,slightly_injured
2018,8,Wed,4,52.43465756,13.53950844,afternoon,17,daylight,0,dry,0,5,2,1,1,0,0,0,0,3,slightly_injured
2018,8,Fri,6,52.52550117,13.19401831,afternoon,15,daylight,0,dry,0,6,4,0,0,1,0,0,1,3,slightly_injured
2018,8,Sun,1,52.45709938,13.5106156,afternoon,17,daylight,0,dry,0,1,5,1,1,0,0,0,0,3,slightly_injured
2018,8,Wed,4,52.58073176,13.3028736,afternoon,16,daylight,0,dry,0,5,2,1,1,0,0,0,0,3,slightly_injured
2018,8,Sat,7,52.53988512,13.4218396,morning,11,daylight,0,dry,0,1,5,1,1,0,0,0,0,3,slightly_injured
2018,8,Wed,4,52.53218606,13.39388721,afternoon,16,daylight,0,dry,0,0,1,1,0,0,0,0,0,3,slightly_injured
2018,8,Fri,6,52.46427577,13.33507224,afternoon,12,daylight,0,dry,0,5,2,1,1,0,0,0,0,2,seriously_injured
2018,8,Wed,4,52.4628398,13.58328791,afternoon,16,daylight,0,dry,0,2,6,0,1,0,0,0,0,3,slightly_injured
2018,8,Sat,7,52.49495934,13.43888894,afternoon,13,daylight,0,dry,0,0,2,1,1,0,0,0,0,3,slightly_injured
2018,8,Wed,4,52.49116698,13.49289245,afternoon,16,daylight,0,dry,0,3,6,1,0,0,0,0,0,3,slightly_injured
2018,8,Fri,6,52.56185879,13.50972766,afternoon,16,daylight,0,dry,0,5,3,0,1,0,0,0,0,3,slightly_injured
2018,8,Wed,4,52.4610214,13.58197637,afternoon,16,daylight,0,dry,0,0,6,0,1,0,0,0,1,2,seriously_injured
2018,8,Wed,4,52.44668813,13.62842697,afternoon,15,daylight,0,dry,0,5,2,1,1,0,0,0,0,3,slightly_injured
2018,8,Sun,1,52.54104238,13.41194525,evening,19,daylight,0,dry,0,5,2,1,1,0,0,0,0,3,slightly_injured
2018,8,Wed,4,52.6068355,13.36355598,afternoon,15,daylight,0,dry,0,2,2,0,0,0,1,0,1,3,slightly_injured
2018,8,Thu,5,52.37648535,13.61422757,morning,8,daylight,0,dry,0,5,3,1,0,0,0,0,1,3,slightly_injured
2018,8,Wed,4,52.49860861,13.44482724,afternoon,15,daylight,0,dry,0,2,6,1,0,0,1,0,0,3,slightly_injured
2018,8,Fri,6,52.49398517,13.34582158,afternoon,13,daylight,0,dry,0,5,7,0,1,0,1,0,0,3,slightly_injured
2018,8,Fri,6,52.54860467,13.34807695,evening,18,daylight,0,dry,0,5,3,1,0,0,0,0,0,2,seriously_injured
2018,8,Wed,4,52.47113031,13.46613093,afternoon,15,daylight,0,dry,0,6,4,0,0,1,1,0,0,2,seriously_injured
2018,8,Wed,4,52.55806678,13.47809221,afternoon,15,daylight,0,dry,0,5,3,1,0,0,0,0,0,3,slightly_injured
2018,8,Thu,5,52.55003142,13.38581001,evening,20,daylight,0,dry,0,2,6,0,1,0,0,0,0,3,slightly_injured
2018,8,Wed,4,52.49936485,13.30384014,afternoon,15,daylight,0,dry,0,5,2,1,1,0,0,0,0,3,slightly_injured
2018,8,Wed,4,52.43173819,13.22030273,afternoon,14,daylight,0,dry,0,2,7,0,1,0,0,0,0,3,slightly_injured
2018,8,Wed,4,52.52411994,13.46095309,afternoon,14,daylight,0,dry,0,0,1,1,0,0,0,0,0,2,seriously_injured
2018,8,Sun,1,52.548548,13.29637802,evening,21,dark,2,dry,0,2,6,0,1,0,0,0,0,3,slightly_injured
2018,8,Wed,4,52.50122647,13.31644503,afternoon,14,daylight,0,dry,0,1,5,1,1,0,0,0,0,3,slightly_injured
2018,8,Thu,5,52.61891333,13.36456621,evening,20,dark,2,dry,0,4,6,0,1,0,1,0,0,2,seriously_injured
2018,8,Wed,4,52.42005688,13.48979229,afternoon,14,daylight,0,dry,0,5,3,0,1,0,1,0,0,3,slightly_injured
2018,8,Fri,6,52.547884,13.30300103,afternoon,14,daylight,0,dry,0,5,7,0,1,0,1,0,0,3,slightly_injured
2018,8,Wed,4,52.59332041,13.38249863,afternoon,13,daylight,0,dry,0,5,2,0,1,0,0,0,1,3,slightly_injured
2018,8,Sun,1,52.42061072,13.43812926,evening,21,dark,2,dry,0,1,5,0,0,0,1,0,0,3,slightly_injured
2018,8,Thu,5,52.50623039,13.31375647,evening,23,dark,2,dry,0,2,3,0,1,0,0,0,0,3,slightly_injured
2018,8,Wed,4,52.49897515,13.42762172,afternoon,12,daylight,0,dry,0,6,4,1,0,1,0,0,0,3,slightly_injured
2018,8,Sat,7,52.52831474,13.59912897,afternoon,15,daylight,0,dry,0,5,3,1,1,0,0,0,0,3,slightly_injured
2018,8,Thu,5,52.48856933,13.39442614,evening,21,dark,2,dry,0,9,1,0,1,0,0,0,0,3,slightly_injured
2018,8,Tue,3,52.59545884,13.33298849,afternoon,15,daylight,0,dry,0,5,2,0,1,0,0,0,0,3,slightly_injured
2018,8,Fri,6,52.54766098,13.41341186,morning,9,daylight,0,dry,0,2,6,0,1,0,1,0,0,3,slightly_injured
2018,8,Sat,7,52.51599023,13.19737619,evening,20,dark,2,dry,0,5,7,1,1,0,0,0,0,2,seriously_injured
2018,8,Tue,3,52.50169258,13.41781214,morning,11,daylight,0,dry,0,6,7,1,0,1,0,0,0,3,slightly_injured
2018,8,Tue,3,52.55357195,13.41470391,evening,22,dark,2,dry,0,5,2,1,1,0,0,0,0,3,slightly_injured
2018,8,Fri,6,52.53953819,13.23318566,afternoon,12,daylight,0,dry,0,3,6,0,1,0,1,0,0,3,slightly_injured
2018,8,Tue,3,52.46748091,13.34426674,evening,20,dark,2,dry,0,6,4,0,1,1,0,0,0,3,slightly_injured
2018,8,Tue,3,52.43156753,13.55393616,evening,18,daylight,0,wet,1,0,3,0,1,0,1,0,0,3,slightly_injured
2018,8,Mon,2,52.50245109,13.47553288,morning,10,daylight,0,dry,0,5,2,1,0,0,0,0,1,3,slightly_injured
2018,8,Tue,3,52.51829543,13.60586431,evening,18,daylight,0,dry,0,0,7,1,0,0,0,0,0,3,slightly_injured
2018,8,Thu,5,52.44505261,13.4001285,afternoon,16,daylight,0,dry,0,5,2,1,0,0,0,0,1,3,slightly_injured
2018,8,Tue,3,52.50345783,13.49636849,afternoon,17,daylight,0,dry,0,5,3,0,1,0,0,0,0,3,slightly_injured
2018,8,Sat,7,52.54099657,13.33404128,afternoon,14,daylight,0,dry,0,0,1,0,0,0,1,0,0,3,slightly_injured
2018,8,Tue,3,52.51702323,13.44061141,afternoon,17,daylight,0,dry,0,5,2,1,1,0,0,0,0,3,slightly_injured
2018,8,Fri,6,52.53803843,13.32623697,morning,7,daylight,0,dry,0,5,2,0,1,0,0,0,1,3,slightly_injured
2018,8,Tue,3,52.53180368,13.37743692,afternoon,17,daylight,0,dry,0,5,5,1,1,0,0,0,0,3,slightly_injured
2018,8,Tue,3,52.50592248,13.51986207,afternoon,15,daylight,0,dry,0,5,2,1,1,0,0,0,0,3,slightly_injured
2018,8,Sun,1,52.51119982,13.23056381,afternoon,16,daylight,0,dry,0,6,7,0,1,1,0,0,0,3,slightly_injured
2018,8,Tue,3,52.50411775,13.4175065,afternoon,15,daylight,0,dry,0,5,3,0,1,0,0,0,0,3,slightly_injured
2018,8,Tue,3,52.50215982,13.34248115,afternoon,15,daylight,0,dry,0,5,3,1,0,0,1,0,0,3,slightly_injured
2018,8,Sun,1,52.42185051,13.17951622,morning,11,daylight,0,dry,0,2,7,1,0,0,0,0,1,3,slightly_injured
2018,8,Tue,3,52.47483894,13.38038863,afternoon,15,daylight,0,dry,0,6,7,0,1,1,0,0,0,3,slightly_injured
2018,8,Thu,5,52.57775898,13.30429745,morning,10,daylight,0,dry,0,2,6,0,1,0,0,0,0,3,slightly_injured
2018,8,Tue,3,52.41453059,13.40090237,afternoon,15,daylight,0,dry,0,5,2,1,0,0,0,0,1,3,slightly_injured
2018,8,Sat,7,52.53732393,13.36033519,evening,21,dark,2,dry,0,2,6,0,1,0,0,0,0,3,slightly_injured
2018,8,Tue,3,52.50054074,13.33063704,afternoon,13,daylight,0,dry,0,6,2,0,1,1,0,0,0,3,slightly_injured
2018,8,Fri,6,52.56409524,13.37095884,afternoon,16,daylight,0,dry,0,6,4,0,1,1,0,0,0,2,seriously_injured
2018,8,Tue,3,52.51149006,13.39168641,afternoon,12,daylight,0,dry,0,6,4,1,0,1,0,0,0,3,slightly_injured
2018,8,Tue,3,52.54045014,13.32690518,evening,20,dusk,1,dry,0,5,5,0,1,0,0,0,0,3,slightly_injured
2018,8,Sun,1,52.56501689,13.335142,morning,11,daylight,0,dry,0,2,6,0,1,0,1,0,0,2,seriously_injured
2018,8,Tue,3,52.41956326,13.44027996,evening,21,dark,2,dry,0,2,6,0,0,0,1,0,0,3,slightly_injured
2018,8,Thu,5,52.55408782,13.40622447,afternoon,16,daylight,0,dry,0,5,2,1,1,0,0,0,0,3,slightly_injured
2018,8,Tue,3,52.52727571,13.33034981,afternoon,16,daylight,0,dry,0,0,2,0,0,1,1,0,0,3,slightly_injured
2018,8,Fri,6,52.51344111,13.44080638,morning,7,daylight,0,dry,0,5,2,1,1,0,0,0,0,3,slightly_injured
2018,8,Tue,3,52.58608621,13.38970285,afternoon,15,daylight,0,dry,0,5,2,1,1,0,0,0,0,2,seriously_injured
2018,8,Thu,5,52.50517215,13.33304252,morning,11,daylight,0,dry,0,0,7,0,0,0,1,0,0,3,slightly_injured
2018,8,Tue,3,52.50259679,13.58829057,afternoon,16,daylight,0,dry,0,5,3,0,1,0,1,0,0,2,seriously_injured
2018,8,Sat,7,52.57205821,13.42880291,morning,9,daylight,0,dry,0,5,2,0,1,0,0,0,0,3,slightly_injured