ujahr,umonat,weekday,uwochentag,long,lat,time_of_day,ustunde,light_condition,ulichtverh,street_condition,ustrzustand,uart,utyp1,ist_rad,ist_pkw,ist_fuss,ist_krad,ist_gkfz,ist_sonstige,ukategorie,accident_outcome
2018,8,Tue,3,52.57141939,13.42507183,afternoon,14,daylight,0,dry,0,5,3,0,1,0,1,0,0,2,seriously_injured
2018,8,Fri,6,52.5722206,13.31216007,evening,19,dusk,1,dry,0,1,5,1,1,0,0,0,1,3,slightly_injured
2018,8,Tue,3,52.52631865,13.35089643,afternoon,14,daylight,0,dry,0,1,5,1,0,0,0,0,1,3,slightly_injured
2018,8,Thu,5,52.48203833,13.4291444,afternoon,17,daylight,0,dry,0,1,5,1,1,0,0,0,0,3,slightly_injured
2018,8,Tue,3,52.4598744,13.53667269,afternoon,14,daylight,0,dry,0,5,3,0,1,0,0,0,0,3,slightly_injured
2018,8,Sun,1,52.52667778,13.48542099,evening,18,daylight,0,dry,0,5,3,0,1,0,0,0,0,3,slightly_injured
2018,8,Tue,3,52.48062907,13.42431813,morning,10,daylight,0,dry,0,0,6,0,1,0,1,0,0,3,slightly_injured
2018,8,Thu,5,52.50279053,13.34986818,evening,18,daylight,0,wet,1,0,7,0,0,0,1,0,1,2,seriously_injured
2018,8,Fri,6,52.49896011,13.35716974,evening,22,dark,2,dry,0,5,3,0,1,0,0,0,0,3,slightly_injured
2018,8,Tue,3,52.57192093,13.33076801,morning,10,daylight,0,dry,0,1,5,1,1,0,0,0,0,3,slightly_injured
2018,8,Fri,6,52.53070978,13.4020534,afternoon,15,daylight,0,dry,0,6,4,1,0,1,0,0,0,3,slightly_injured
2018,8,Tue,3,52.42794268,13.49035898,morning,9,daylight,0,dry,0,5,2,0,1,0,0,0,0,3,slightly_injured
2018,8,Tue,3,52.46172975,13.32528966,morning,8,daylight,0,dry,0,5,3,1,1,0,0,0,0,3,slightly_injured
2018,8,Thu,5,52.43240199,13.27963255,evening,18,daylight,0,dry,0,2,2,0,1,0,0,0,0,3,slightly_injured
2018,8,Tue,3,52.44414499,13.33110403,morning,8,daylight,0,dry,0,2,6,1,0,0,0,0,0,3,slightly_injured
2018,8,Tue,3,52.45286108,13.56962973,morning,7,daylight,0,dry,0,3,6,1,1,0,0,0,0,3,slightly_injured
2018,8,Thu,5,52.49007686,13.38628153,afternoon,17,daylight,0,dry,0,5,2,1,1,0,0,0,0,3,slightly_injured
2018,8,Tue,3,52.56300165,13.36578487,morning,7,daylight,0,dry,0,5,3,1,1,0,0,0,0,3,slightly_injured
2018,8,Sat,7,52.46084891,13.48132021,afternoon,16,daylight,0,dry,0,5,2,0,1,0,0,0,1,2,seriously_injured
2018,8,Tue,3,52.5428808,13.19853527,morning,10,daylight,0,dry,0,5,2,0,1,0,1,0,0,2,seriously_injured
2018,8,Thu,5,52.52610789,13.24125668,evening,18,daylight,0,dry,0,5,2,1,0,0,0,0,0,3,slightly_injured
2018,8,Tue,3,52.53773672,13.25332537,night,5,dusk,1,dry,0,5,7,1,1,0,0,0,0,2,seriously_injured
2018,8,Fri,6,52.52584359,13.51984447,morning,10,daylight,0,dry,0,5,2,1,1,0,0,0,0,3,slightly_injured
2018,8,Fri,6,52.46949284,13.44168985,evening,22,dark,2,dry,0,2,6,0,1,0,0,0,0,3,slightly_injured
2018,8,Tue,3,52.53737979,13.2185359,morning,8,daylight,0,dry,0,2,6,0,1,0,0,0,0,3,slightly_injured
2018,8,Tue,3,52.48012271,13.32893957,morning,11,daylight,0,dry,0,5,2,1,1,0,0,0,0,2,seriously_injured
2018,8,Mon,2,52.59370507,13.28107741,morning,10,daylight,0,dry,0,5,3,1,0,0,1,0,0,3,slightly_injured
2018,8,Tue,3,52.50306538,13.3658115,evening,18,daylight,0,dry,0,5,2,1,1,0,0,0,0,3,slightly_injured
2018,8,Thu,5,52.44796517,13.570488,evening,18,daylight,0,dry,0,6,7,0,0,1,0,0,1,3,slightly_injured
2018,8,Mon,2,52.5242785,13.3510348,morning,8,daylight,0,dry,0,6,4,1,0,1,0,0,0,3,slightly_injured
2018,8,Sat,7,52.48189207,13.52719068,morning,10,daylight,0,dry,0,5,7,1,1,0,0,0,0,2,seriously_injured
2018,8,Thu,5,52.53324495,13.47810478,evening,18,daylight,0,dry,0,2,6,0,1,0,0,0,0,2,seriously_injured
2018,8,Mon,2,52.46550958,13.4241702,afternoon,13,daylight,0,dry,0,2,6,0,1,0,0,0,1,3,slightly_injured
2018,8,Sat,7,52.45826068,13.1381309,afternoon,15,daylight,0,dry,0,5,2,1,0,0,0,0,1,2,seriously_injured
2018,8,Thu,5,52.51998467,13.41633717,evening,19,daylight,0,dry,0,5,2,1,1,0,0,0,0,3,slightly_injured
2018,8,Mon,2,52.52401694,13.40975114,morning,11,daylight,0,dry,0,5,2,1,1,0,0,0,0,3,slightly_injured
2018,8,Fri,6,52.53820016,13.4199448,morning,8,daylight,0,dry,0,5,3,1,1,0,0,0,0,3,slightly_injured
2018,8,Mon,2,52.49272975,13.43034186,evening,22,dark,2,dry,0,5,3,1,0,0,0,0,0,3,slightly_injured
2018,8,Mon,2,52.60348204,13.30931162,evening,21,dark,2,dry,0,2,2,0,1,0,0,0,0,3,slightly_injured
2018,8,Sun,1,52.53906472,13.39886278,afternoon,12,daylight,0,dry,0,5,2,1,1,0,0,0,0,3,slightly_injured
2018,8,Mon,2,52.51038503,13.38989087,evening,21,dark,2,dry,0,5,2,0,1,0,1,0,0,3,slightly_injured
2018,8,Thu,5,52.42446053,13.32897695,afternoon,17,daylight,0,dry,0,5,7,0,1,0,0,0,0,3,slightly_injured
2018,8,Mon,2,52.529008,13.39575754,evening,19,daylight,0,dry,0,5,2,1,1,0,0,0,0,3,slightly_injured
2018,8,Sat,7,52.44349768,13.39867762,morning,11,daylight,0,dry,0,5,2,0,1,0,1,0,0,3,slightly_injured
2018,8,Mon,2,52.50878168,13.21446595,morning,8,daylight,0,dry,0,0,6,0,1,0,1,0,0,3,slightly_injured
2018,8,Fri,6,52.58539653,13.2812636,afternoon,12,daylight,0,dry,0,5,3,0,1,0,1,0,0,2,seriously_injured
2018,8,Mon,2,52.5148737,13.39097107,afternoon,17,daylight,0,dry,0,5,2,1,0,0,0,0,0,3,slightly_injured
2018,8,Mon,2,52.52952556,13.39915581,afternoon,17,daylight,0,wet,1,2,6,0,1,0,1,0,0,3,slightly_injured
2018,8,Fri,6,52.49813222,13.42958038,night,5,daylight,0,dry,0,5,3,0,1,0,0,0,0,3,slightly_injured
2018,8,Mon,2,52.56549984,13.32196604,afternoon,17,daylight,0,dry,0,0,2,1,1,0,0,0,0,3,slightly_injured
2018,8,Mon,2,52.55632706,13.33495795,afternoon,16,daylight,0,dry,0,3,6,0,0,0,1,0,1,3,slightly_injured
2018,8,Sun,1,52.41485874,13.39231085,afternoon,17,daylight,0,dry,0,5,2,0,1,0,0,0,0,3,slightly_injured
2018,8,Mon,2,52.48614532,13.42411256,afternoon,16,daylight,0,dry,0,2,6,1,1,0,0,0,0,3,slightly_injured
2018,8,Thu,5,52.53400925,13.55223822,afternoon,16,daylight,0,dry,0,0,2,0,1,0,0,0,1,3,slightly_injured
2018,8,Mon,2,52.50951896,13.43182675,afternoon,15,daylight,0,dry,0,4,6,1,0,0,0,0,0,3,slightly_injured
2018,8,Sat,7,52.51821919,13.4799803,afternoon,15,daylight,0,dry,0,3,6,0,1,0,1,0,0,3,slightly_injured
2018,8,Fri,6,52.55528641,13.39232709,afternoon,17,daylight,0,dry,0,2,2,0,1,0,0,0,1,3,slightly_injured
2018,8,Mon,2,52.5511752,13.16498726,afternoon,15,daylight,0,dry,0,6,4,0,1,1,0,0,0,3,slightly_injured
2018,8,Mon,2,52.49825556,13.39807508,afternoon,15,daylight,0,dry,0,0,6,0,1,0,1,0,0,3,slightly_injured
2018,8,Thu,5,52.44030117,13.4349063,morning,10,daylight,0,dry,0,5,2,1,0,0,0,1,0,3,slightly_injured
2018,8,Mon,2,52.56055615,13.42744211,afternoon,15,daylight,0,dry,0,5,3,1,1,0,0,0,0,3,slightly_injured
2018,8,Sat,7,52.43536307,13.54123843,afternoon,17,daylight,0,dry,0,5,3,0,1,0,0,0,0,3,slightly_injured
2018,8,Mon,2,52.47386516,13.50884679,afternoon,14,daylight,0,dry,0,2,6,0,1,0,1,0,0,3,slightly_injured
2018,8,Thu,5,52.46883961,13.43053078,morning,10,daylight,0,dry,0,3,6,0,0,0,1,1,0,3,slightly_injured
2018,8,Mon,2,52.49331798,13.36712711,afternoon,14,daylight,0,dry,0,5,7,1,1,0,0,0,0,3,slightly_injured
2018,8,Mon,2,52.50286448,13.4785932,afternoon,13,daylight,0,dry,0,5,3,0,0,0,1,0,1,3,slightly_injured
2018,8,Sun,1,52.5445609,13.56517888,night,5,dusk,1,dry,0,8,1,0,1,0,0,0,0,2,seriously_injured
2018,8,Mon,2,52.42761049,13.54855661,afternoon,16,daylight,0,dry,0,5,2,1,1,0,0,0,0,2,seriously_injured
2018,8,Mon,2,52.46031236,13.37266183,afternoon,16,daylight,0,dry,0,5,3,0,1,0,0,0,0,2,seriously_injured
2018,8,Fri,6,52.59751136,13.36963001,afternoon,14,daylight,0,dry,0,5,3,1,1,0,0,0,0,3,slightly_injured
2018,8,Mon,2,52.55536085,13.43876155,afternoon,12,daylight,0,dry,0,6,4,1,0,1,0,0,0,2,seriously_injured
2018,8,Sun,1,52.5431177,13.37645329,evening,20,dusk,1,dry,0,5,2,1,1,0,0,0,0,3,slightly_injured
2018,8,Mon,2,52.4414487,13.38013656,afternoon,13,daylight,0,dry,0,1,5,0,1,0,0,0,1,2,seriously_injured
2018,8,Sat,7,52.48942722,13.37683959,afternoon,15,daylight,0,dry,0,5,2,1,1,0,0,0,0,3,slightly_injured
2018,8,Mon,2,52.45849528,13.332572,afternoon,13,daylight,0,dry,0,0,6,0,1,0,1,0,0,2,seriously_injured
2018,8,Mon,2,52.44467732,13.41827058,afternoon,16,daylight,0,dry,0,6,7,1,1,1,1,0,0,3,slightly_injured
2018,8,Fri,6,52.48307049,13.48079597,morning,9,daylight,0,dry,0,2,6,0,1,0,0,0,0,3,slightly_injured
2018,8,Mon,2,52.48948302,13.35006082,evening,21,dark,2,dry,0,0,1,0,0,0,1,0,0,3,slightly_injured
2018,8,Fri,6,52.54916319,13.58363141,afternoon,12,daylight,0,dry,0,2,6,0,1,0,0,0,0,3,slightly_injured
2018,8,Mon,2,52.57366427,13.26142522,afternoon,17,daylight,0,dry,0,2,6,0,1,0,0,0,0,3,slightly_injured
2018,8,Mon,2,52.56639041,13.51375371,afternoon,16,daylight,0,dry,0,0,7,0,0,1,0,0,1,3,slightly_injured
2018,8,Mon,2,52.54619237,13.36798939,morning,10,daylight,0,dry,0,2,7,0,1,0,0,0,0,3,slightly_injured
2018,8,Mon,2,52.53831612,13.32612249,afternoon,12,daylight,0,dry,0,2,6,0,1,0,0,0,0,3,slightly_injured
2018,8,Mon,2,52.43885882,13.25612567,afternoon,12,daylight,0,dry,0,1,5,0,1,0,1,0,0,2,seriously_injured
2018,8,Sat,7,52.52343751,13.30590561,afternoon,14,daylight,0,dry,0,6,4,0,1,1,0,0,0,3,slightly_injured
2018,8,Mon,2,52.48947262,13.45321964,morning,11,daylight,0,dry,0,6,4,0,1,1,0,0,0,2,seriously_injured
2018,8,Fri,6,52.49505973,13.33021036,morning,7,daylight,0,dry,0,2,6,0,1,0,1,0,0,3,slightly_injured
2018,8,Mon,2,52.50557723,13.51653543,morning,11,daylight,0,dry,0,0,1,0,0,0,1,0,0,3,slightly_injured
2018,8,Mon,2,52.50139863,13.29665019,morning,10,daylight,0,dry,0,5,3,0,1,0,0,0,0,2,seriously_injured
2018,8,Sun,1,52.50744942,13.33399203,afternoon,16,daylight,0,dry,0,2,6,0,1,0,1,0,0,3,slightly_injured
2018,8,Mon,2,52.53632482,13.35819352,morning,10,daylight,0,dry,0,5,7,0,1,0,1,0,0,3,slightly_injured
2018,8,Sun,1,52.39848607,13.40625692,afternoon,16,daylight,0,dry,0,5,2,1,1,0,0,0,0,3,slightly_injured
2018,8,Mon,2,52.44630748,13.47835545,morning,9,daylight,0,dry,0,1,5,1,1,0,0,0,0,3,slightly_injured
2018,8,Sat,7,52.48649252,13.42317493,morning,10,daylight,0,dry,0,5,3,1,1,0,0,0,0,2,seriously_injured
2018,8,Mon,2,52.47832779,13.34409287,morning,10,daylight,0,dry,0,5,3,1,1,0,0,0,0,2,seriously_injured
2018,8,Sun,1,52.53272994,13.39940676,morning,10,daylight,0,dry,0,1,5,1,1,0,0,0,0,3,slightly_injured
2018,8,Mon,2,52.5258121,13.36837574,morning,10,daylight,0,dry,0,1,5,1,1,0,0,0,1,3,slightly_injured
2018,8,Mon,2,52.41415156,13.42098225,morning,9,daylight,0,dry,0,1,5,1,1,0,0,0,0,3,slightly_injured
2018,8,Sat,7,52.50684921,13.29508055,afternoon,13,daylight,0,dry,0,5,2,0,1,0,0,0,0,3,slightly_injured
2018,8,Mon,2,52.49893255,13.35730242,morning,8,daylight,0,dry,0,0,1,0,0,0,1,0,0,3,slightly_injured
2018,8,Fri,6,52.46209633,13.32999812,afternoon,15,daylight,0,dry,0,2,6,0,1,0,0,0,0,3,slightly_injured
2018,8,Sun,1,52.48982124,13.38878816,night,1,dark,2,dry,0,0,1,1,0,0,0,0,0,2,seriously_injured
2018,8,Sun,1,52.50309176,13.36569837,night,5,dark,2,dry,0,5,2,0,1,0,0,0,0,3,slightly_injured
2018,8,Sun,1,52.41263894,13.39275282,afternoon,13,daylight,0,dry,0,5,3,0,1,0,1,0,0,2,seriously_injured
2018,8,Sun,1,52.58161381,13.44524522,afternoon,16,daylight,0,dry,0,5,3,0,1,0,0,0,0,3,slightly_injured
2018,8,Fri,6,52.52597873,13.3790361,afternoon,13,daylight,0,dry,0,1,5,1,1,0,0,0,0,3,slightly_injured
2018,8,Fri,6,52.5303032,13.40077214,afternoon,15,daylight,0,dry,0,1,5,0,1,0,1,0,0,3,slightly_injured
2018,8,Sun,1,52.55135035,13.42882346,evening,19,daylight,0,dry,0,5,3,1,1,0,0,0,0,3,slightly_injured
2018,8,Wed,4,52.53368709,13.1938158,evening,19,daylight,0,dry,0,5,3,1,1,0,0,0,0,2,seriously_injured
2018,8,Tue,3,52.49208434,13.30935211,evening,18,daylight,0,dry,0,5,3,1,1,0,0,0,0,3,slightly_injured
2018,8,Tue,3,52.52493375,13.40655641,afternoon,17,daylight,0,dry,0,0,7,0,1,0,0,0,0,3,slightly_injured
2018,8,Tue,3,52.51188726,13.30933589,afternoon,17,daylight,0,dry,0,5,2,1,1,0,0,0,0,3,slightly_injured
2018,8,Wed,4,52.53268855,13.41233668,morning,7,daylight,0,dry,0,5,3,1,1,0,0,0,0,3,slightly_injured
2018,8,Tue,3,52.48897847,13.39741373,evening,23,dark,2,dry,0,0,1,0,0,0,1,0,0,3,slightly_injured
2018,8,Wed,4,52.54918784,13.58373012,afternoon,12,daylight,0,dry,0,3,6,0,1,0,0,0,1,3,slightly_injured
2018,8,Tue,3,52.45568567,13.55445015,afternoon,17,daylight,0,dry,0,2,2,0,1,0,0,0,0,3,slightly_injured
2018,8,Tue,3,52.5135058,13.30952792,evening,19,daylight,0,dry,0,5,3,0,1,0,0,0,0,3,slightly_injured
2018,8,Tue,3,52.45199949,13.4384346,afternoon,16,daylight,0,dry,0,0,7,0,1,0,0,0,0,3,slightly_injured
2018,8,Mon,2,52.4528935,13.45420966,morning,9,daylight,0,dry,0,5,2,1,1,0,0,0,0,3,slightly_injured
2018,8,Wed,4,52.59780327,13.3507443,morning,11,daylight,0,dry,0,6,7,0,1,1,0,0,0,3,slightly_injured
2018,8,Tue,3,52.45548345,13.51499604,afternoon,16,daylight,0,dry,0,5,5,1,1,0,0,0,0,3,slightly_injured
2018,8,Wed,4,52.57201142,13.34737137,morning,11,daylight,0,dry,0,0,6,0,1,0,0,0,1,3,slightly_injured
2018,8,Tue,3,52.50439514,13.38215168,afternoon,15,daylight,0,dry,0,5,3,1,1,0,0,0,0,3,slightly_injured
2018,8,Tue,3,52.45619212,13.51769038,afternoon,15,dusk,1,dry,0,5,2,1,1,0,0,0,0,2,seriously_injured
2018,8,Wed,4,52.48748712,13.31874944,morning,9,daylight,0,dry,0,2,6,0,1,0,0,0,0,3,slightly_injured
2018,8,Tue,3,52.43261858,13.29279185,afternoon,15,daylight,0,dry,0,5,3,1,1,0,0,0,0,3,slightly_injured
2018,8,Wed,4,52.53614696,13.19558671,afternoon,15,daylight,0,dry,0,5,2,1,1,0,0,0,0,2,seriously_injured
2018,8,Wed,4,52.52668755,13.30233618,morning,10,daylight,0,dry,0,1,5,1,0,0,0,0,1,3,slightly_injured
2018,8,Tue,3,52.52831432,13.59913221,afternoon,14,daylight,0,dry,0,5,3,0,1,0,0,0,0,2,seriously_injured
2018,8,Wed,4,52.49003294,13.38490885,afternoon,16,daylight,0,dry,0,1,5,1,1,0,0,0,1,3,slightly_injured
2018,8,Tue,3,52.43148369,13.71844046,afternoon,14,daylight,0,dry,0,5,3,1,1,0,0,0,0,3,slightly_injured
2018,8,Sun,1,52.50633438,13.31434023,evening,19,daylight,0,dry,0,0,6,0,1,0,0,0,1,3,slightly_injured
2018,8,Tue,3,52.60455262,13.34949598,afternoon,14,daylight,0,dry,0,2,6,0,1,0,0,0,0,3,slightly_injured
2018,8,Wed,4,52.54880283,13.17838523,evening,20,dark,2,dry,0,6,4,0,1,1,0,0,0,2,seriously_injured
2018,8,Sun,1,52.41752051,13.31459362,afternoon,13,daylight,0,dry,0,2,6,0,1,0,0,0,0,3,slightly_injured
2018,8,Tue,3,52.52903197,13.45777621,afternoon,13,daylight,0,dry,0,2,2,0,1,0,0,0,0,3,slightly_injured
2018,8,Tue,3,52.44348276,13.58323061,afternoon,15,daylight,0,dry,0,5,3,0,1,0,0,0,0,3,slightly_injured
2018,8,Sun,1,52.5455866,13.18412592,evening,19,daylight,0,dry,0,0,1,0,0,0,1,0,0,3,slightly_injured
2018,8,Sun,1,52.52576426,13.41792175,afternoon,16,daylight,0,dry,0,0,1,0,0,0,1,0,0,3,slightly_injured
2018,8,Tue,3,52.51940108,13.37197817,afternoon,13,daylight,0,dry,0,5,2,1,1,0,0,0,0,3,slightly_injured
2018,8,Sun,1,52.43330522,13.27358911,morning,8,daylight,0,dry,0,5,2,0,1,0,1,0,0,3,slightly_injured
2018,8,Sun,1,52.5330656,13.19894062,morning,8,daylight,0,dry,0,5,3,1,0,0,0,0,1,3,slightly_injured
2018,8,Sat,7,52.50170452,13.42404138,afternoon,16,daylight,0,wet,1,2,6,0,1,0,0,0,0,3,slightly_injured
2018,8,Tue,3,52.42805644,13.54408757,afternoon,13,daylight,0,dry,0,5,3,0,1,0,1,0,0,2,seriously_injured
2018,8,Sat,7,52.50140233,13.47568123,evening,20,dark,2,dry,0,2,6,0,1,0,0,0,0,3,slightly_injured
2018,8,Sat,7,52.54101045,13.35107165,evening,20,dusk,1,dry,0,3,2,0,1,0,0,0,0,3,slightly_injured
2018,8,Tue,3,52.55059649,13.41462234,afternoon,17,daylight,0,dry,0,5,2,0,1,0,1,0,0,2,seriously_injured
2018,8,Mon,2,52.48795071,13.33078823,morning,9,daylight,0,dry,0,1,5,0,1,0,1,0,0,3,slightly_injured
2018,8,Wed,4,52.46586148,13.37788796,evening,18,daylight,0,dry,0,5,3,1,1,0,0,0,0,3,slightly_injured
2018,8,Sat,7,52.43772462,13.21578339,morning,11,daylight,0,dry,0,4,6,0,1,0,0,0,0,3,slightly_injured
2018,8,Tue,3,52.50881091,13.26529676,afternoon,13,daylight,0,dry,0,2,6,0,1,0,0,0,0,3,slightly_injured
2018,8,Tue,3,52.52291626,13.32990871,evening,21,dark,2,dry,0,5,3,1,1,0,0,0,0,3,slightly_injured
2018,8,Sat,7,52.54462256,13.41459035,afternoon,13,daylight,0,dry,0,6,7,1,0,1,0,0,0,3,slightly_injured
2018,8,Sat,7,52.51914836,13.38845599,afternoon,13,daylight,0,dry,0,2,6,0,1,0,0,0,0,3,slightly_injured
2018,8,Tue,3,52.52887087,13.39839951,afternoon,12,daylight,0,dry,0,1,5,1,1,0,0,0,0,3,slightly_injured
2018,8,Sat,7,52.49235076,13.43153652,afternoon,12,daylight,0,dry,0,1,5,1,1,0,0,0,0,3,slightly_injured
2018,8,Mon,2,52.50091824,13.42776292,morning,8,daylight,0,dry,0,1,5,0,1,0,1,0,0,2,seriously_injured
2018,8,Wed,4,52.48448413,13.50569658,afternoon,13,daylight,0,dry,0,5,3,1,1,0,0,0,0,3,slightly_injured
2018,8,Sat,7,52.4398623,13.30012042,morning,11,daylight,0,dry,0,2,2,0,1,0,0,0,0,3,slightly_injured
2018,8,Tue,3,52.54079784,13.48615393,afternoon,12,daylight,0,dry,0,1,7,1,1,0,0,0,0,2,seriously_injured
2018,8,Wed,4,52.44668189,13.62897315,afternoon,17,daylight,0,dry,0,6,4,0,1,1,0,0,0,2,seriously_injured
2018,8,Sat,7,52.56467238,13.44835706,morning,10,daylight,0,dry,0,6,2,0,1,1,0,0,0,3,slightly_injured
2018,8,Wed,4,52.47625852,13.28446655,afternoon,14,daylight,0,dry,0,1,5,0,1,0,1,0,0,3,slightly_injured
2018,8,Sat,7,52.55362913,13.41398371,morning,8,daylight,0,dry,0,2,6,0,1,0,0,0,1,3,slightly_injured
2018,8,Tue,3,52.57666913,13.31440068,afternoon,12,daylight,0,dry,0,5,2,1,1,0,0,0,0,3,slightly_injured
2018,8,Wed,4,52.41270097,13.36021367,afternoon,17,daylight,0,dry,0,0,5,0,1,0,0,0,0,3,slightly_injured
2018,8,Sat,7,52.55121371,13.43051303,morning,6,daylight,0,dry,0,5,3,1,1,0,0,0,0,3,slightly_injured
2018,8,Tue,3,52.52325869,13.37951496,evening,18,daylight,0,dry,0,1,5,0,1,0,1,0,0,3,slightly_injured
2018,8,Sat,7,52.54761137,13.31091438,afternoon,12,daylight,0,dry,0,5,2,0,1,0,0,0,0,2,seriously_injured
2018,8,Sat,7,52.5184037,13.28155228,morning,11,daylight,0,dry,0,2,6,0,1,0,0,0,0,3,slightly_injured
2018,8,Tue,3,52.50613605,13.36393952,morning,8,daylight,0,dry,0,5,3,1,1,0,0,0,0,3,slightly_injured
2018,8,Sat,7,52.46504727,13.44282181,evening,18,dusk,1,wet,1,2,2,0,1,0,0,0,0,3,slightly_injured
2018,8,Wed,4,52.43073218,13.34674263,morning,10,daylight,0,dry,0,5,3,1,1,0,0,0,0,3,slightly_injured
2018,8,Sat,7,52.59120533,13.38505004,morning,10,daylight,0,dry,0,2,6,0,1,0,0,0,0,3,slightly_injured
2018,8,Tue,3,52.54542845,13.49483708,morning,11,daylight,0,dry,0,5,3,1,1,0,0,0,0,3,slightly_injured
2018,8,Wed,4,52.51348231,13.18317337,morning,9,daylight,0,dry,0,5,3,0,1,0,1,0,0,2,seriously_injured
2018,8,Sat,7,52.49332718,13.42593452,afternoon,17,daylight,0,dry,0,5,3,1,0,0,0,0,0,3,slightly_injured
2018,8,Sat,7,52.54006705,13.47063843,morning,11,daylight,0,dry,0,2,7,1,1,0,0,0,0,3,slightly_injured
2018,8,Tue,3,52.4202175,13.35055534,morning,11,daylight,0,dry,0,5,2,0,1,0,1,0,0,3,slightly_injured
2018,8,Sat,7,52.47913787,13.44513604,afternoon,17,daylight,0,dry,0,2,2,0,1,0,0,0,0,3,slightly_injured
2018,8,Sat,7,52.46954063,13.3491736,afternoon,16,daylight,0,wet,1,5,3,1,1,0,0,0,0,2,seriously_injured
2018,8,Sat,7,52.51509114,13.31339246,afternoon,16,daylight,0,dry,0,6,2,0,1,1,0,0,0,3,slightly_injured
2018,8,Tue,3,52.55139272,13.43006219,morning,10,daylight,0,dry,0,5,2,0,1,0,0,0,0,3,slightly_injured
2018,8,Wed,4,52.58752651,13.33506172,morning,9,daylight,0,dry,0,2,6,0,1,0,0,1,0,3,slightly_injured
2018,8,Sat,7,52.53143841,13.38661576,afternoon,15,daylight,0,wet,1,5,2,1,1,0,0,0,0,3,slightly_injured
2018,8,Tue,3,52.52134226,13.40274888,morning,10,daylight,0,dry,0,0,1,0,0,0,1,0,0,3,slightly_injured
2018,8,Wed,4,52.53462956,13.59140516,afternoon,16,daylight,0,dry,0,5,3,1,1,0,0,0,0,2,seriously_injured
2018,8,Sat,7,52.51716182,13.56103815,afternoon,15,daylight,0,dry,0,5,3,1,1,0,0,0,0,3,slightly_injured
2018,8,Sat,7,52.50703219,13.47108976,afternoon,15,daylight,0,dry,0,5,3,0,1,0,1,0,0,3,slightly_injured
2018,8,Tue,3,52.53419665,13.18493372,morning,9,daylight,0,dry,0,5,3,0,1,0,1,0,0,3,slightly_injured
2018,8,Sat,7,52.46837613,13.37459154,afternoon,15,daylight,0,wet,1,2,6,0,1,0,0,0,1,3,slightly_injured
2018,8,Sat,7,52.57449982,13.5193294,afternoon,14,daylight,0,dry,0,8,1,0,1,0,0,0,0,2,seriously_injured
2018,8,Tue,3,52.51688627,13.38578885,morning,8,daylight,0,dry,0,3,2,1,0,0,0,1,0,3,slightly_injured
2018,8,Wed,4,52.5249503,13.39286567,evening,19,dusk,1,dry,0,5,2,1,1,0,0,0,0,2,seriously_injured
2018,8,Sat,7,52.54758393,13.40752534,afternoon,14,daylight,0,dry,0,1,5,1,1,0,0,0,0,3,slightly_injured
2018,8,Tue,3,52.53284316,13.35124442,morning,8,daylight,0,dry,0,2,6,0,1,0,0,0,0,3,slightly_injured
2018,8,Sat,7,52.51283628,13.28139778,afternoon,14,daylight,0,dry,0,5,2,0,1,0,0,0,0,3,slightly_injured
2018,8,Tue,3,52.50004617,13.46611598,morning,8,daylight,0,dry,0,5,2,1,1,0,0,0,0,3,slightly_injured
2018,8,Wed,4,52.45903753,13.30363809,morning,8,daylight,0,dry,0,5,3,1,1,0,0,0,0,3,slightly_injured
2018,8,Sat,7,52.49402719,13.33098465,afternoon,13,daylight,0,dry,0,0,6,1,0,0,0,0,0,2,seriously_injured
2018,8,Tue,3,52.56981546,13.30009248,morning,8,daylight,0,dry,0,6,4,1,0,1,0,0,0,3,slightly_injured
2018,8,Wed,4,52.5463983,13.43795976,afternoon,15,daylight,0,dry,0,5,3,1,0,0,0,0,0,2,seriously_injured
2018,8,Sat,7,52.60141617,13.2428922,afternoon,13,daylight,0,dry,0,5,2,1,1,0,0,0,0,3,slightly_injured
2018,8,Sat,7,52.48355517,13.46167102,afternoon,13,daylight,0,dry,0,2,6,0,1,0,0,0,0,3,slightly_injured
2018,8,Tue,3,52.56587977,13.42070963,morning,8,daylight,0,dry,0,5,2,1,1,0,0,0,0,2,seriously_injured
2018,8,Fri,6,52.4872417,13.42160905,afternoon,12,daylight,0,dry,0,4,6,1,0,0,0,0,0,3,slightly_injured
2018,8,Fri,6,52.50862724,13.21801082,afternoon,15,daylight,0,dry,0,5,3,0,1,0,0,0,0,3,slightly_injured
2018,8,Tue,3,52.42471145,13.37824286,morning,8,daylight,0,dry,0,1,7,1,1,0,0,0,0,3,slightly_injured
2018,8,Mon,2,52.4564915,13.54999184,night,0,dark,2,dry,0,1,1,0,1,0,0,0,1,3,slightly_injured
2018,8,Wed,4,52.46555304,13.32896772,evening,18,daylight,0,dry,0,2,7,1,1,0,0,0,0,3,slightly_injured