ujahr,umonat,weekday,uwochentag,long,lat,time_of_day,ustunde,light_condition,ulichtverh,street_condition,ustrzustand,uart,utyp1,ist_rad,ist_pkw,ist_fuss,ist_krad,ist_gkfz,ist_sonstige,ukategorie,accident_outcome
2018,8,Fri,6,52.4440761,13.57751868,evening,22,dark,2,dry,0,2,6,0,1,0,0,0,0,3,slightly_injured
2018,8,Tue,3,52.56127398,13.38850526,evening,20,dark,2,dry,0,0,5,0,1,0,1,0,0,3,slightly_injured
2018,8,Fri,6,52.47774372,13.42607298,evening,23,dark,2,dry,0,2,6,0,1,0,0,0,0,3,slightly_injured
2018,8,Fri,6,52.50345395,13.41046207,evening,21,dark,2,dry,0,2,2,1,1,0,0,0,0,3,slightly_injured
2018,8,Tue,3,52.52896477,13.45743734,afternoon,17,daylight,0,dry,0,2,2,1,1,0,0,0,0,3,slightly_injured
2018,8,Fri,6,52.55886264,13.56466276,evening,20,dusk,1,dry,0,5,3,1,1,0,0,0,0,3,slightly_injured
2018,8,Fri,6,52.50968732,13.27150437,evening,20,dark,2,dry,0,3,6,0,1,0,0,0,0,3,slightly_injured
2018,8,Tue,3,52.49257677,13.51689245,morning,7,daylight,0,dry,0,5,5,1,1,0,0,0,0,3,slightly_injured
2018,8,Fri,6,52.55187674,13.4402692,evening,18,daylight,0,dry,0,6,4,0,1,1,0,0,0,3,slightly_injured
2018,8,Wed,4,52.56347375,13.32937437,evening,18,daylight,0,dry,0,5,3,1,1,0,0,0,0,3,slightly_injured
2018,8,Fri,6,52.57998326,13.29166496,evening,18,daylight,0,dry,0,5,3,1,1,0,0,0,0,3,slightly_injured
2018,8,Tue,3,52.54479124,13.34583013,morning,7,daylight,0,dry,0,5,2,0,1,0,0,0,1,3,slightly_injured
2018,8,Wed,4,52.51949754,13.42877248,afternoon,17,daylight,0,dry,0,5,7,1,1,0,0,0,0,3,slightly_injured
2018,8,Fri,6,52.44314061,13.31560059,evening,18,daylight,0,dry,0,5,2,0,1,0,0,0,0,3,slightly_injured
2018,8,Fri,6,52.5024414,13.32536468,morning,10,daylight,0,dry,0,3,5,1,0,0,0,0,1,3,slightly_injured
2018,8,Fri,6,52.51892053,13.29008791,afternoon,17,daylight,0,dry,0,5,7,0,1,0,0,0,1,3,slightly_injured
2018,8,Tue,3,52.48042449,13.28538662,morning,6,daylight,0,dry,0,2,7,1,0,0,0,0,1,3,slightly_injured
2018,8,Wed,4,52.54902086,13.19331433,morning,9,daylight,0,dry,0,5,2,1,1,0,0,0,0,3,slightly_injured
2018,8,Fri,6,52.50062816,13.3136167,afternoon,17,daylight,0,dry,0,2,6,0,1,0,0,0,0,3,slightly_injured
2018,8,Tue,3,52.48995641,13.52782703,morning,6,daylight,0,dry,0,5,2,0,1,0,0,0,1,3,slightly_injured
2018,8,Tue,3,52.49902663,13.39585108,night,5,dusk,1,dry,0,5,3,1,1,0,0,0,0,3,slightly_injured
2018,8,Fri,6,52.49711851,13.52356163,afternoon,16,daylight,0,dry,0,5,3,1,0,0,0,0,0,2,seriously_injured
2018,8,Wed,4,52.4511068,13.26882055,morning,11,daylight,0,dry,0,0,7,0,0,0,0,0,1,3,slightly_injured
2018,8,Fri,6,52.4806082,13.31293647,afternoon,16,daylight,0,dry,0,5,2,1,1,0,0,0,0,3,slightly_injured
2018,8,Mon,2,52.51543944,13.18467475,morning,11,daylight,0,dry,0,0,2,0,1,0,0,0,0,2,seriously_injured
2018,8,Wed,4,52.54848585,13.26323324,afternoon,17,daylight,0,dry,0,6,4,0,1,1,0,0,0,2,seriously_injured
2018,8,Fri,6,52.47462462,13.12773883,afternoon,15,daylight,0,dry,0,5,3,1,1,0,0,0,0,3,slightly_injured
2018,8,Fri,6,52.46858787,13.38553049,afternoon,13,daylight,0,wet,1,5,3,1,0,0,1,0,0,3,slightly_injured
2018,8,Mon,2,52.55725042,13.37326772,night,1,dark,2,dry,0,6,2,0,1,1,0,0,0,3,slightly_injured
2018,8,Fri,6,52.46096729,13.4805996,afternoon,13,daylight,0,dry,0,5,2,0,1,0,0,0,0,3,slightly_injured
2018,8,Fri,6,52.51169471,13.42729762,afternoon,12,daylight,0,dry,0,3,6,0,1,0,1,0,0,3,slightly_injured
2018,8,Mon,2,52.50378598,13.41028837,afternoon,15,daylight,0,wet,1,0,3,1,0,0,0,0,1,3,slightly_injured
2018,8,Wed,4,52.50684309,13.34828249,evening,23,dark,2,dry,0,5,3,1,1,0,0,0,0,3,slightly_injured
2018,8,Fri,6,52.42853561,13.52233436,afternoon,12,daylight,0,wet,1,5,3,0,1,0,1,0,0,3,slightly_injured
2018,8,Mon,2,52.53835873,13.32610873,evening,23,dark,2,dry,0,5,2,0,1,0,0,0,0,3,slightly_injured
2018,8,Wed,4,52.57419654,13.38967398,afternoon,15,daylight,0,dry,0,0,3,1,1,0,0,0,0,3,slightly_injured
2018,8,Fri,6,52.53352674,13.38742017,afternoon,12,daylight,0,dry,0,5,2,1,1,0,0,0,0,3,slightly_injured
2018,8,Fri,6,52.55018895,13.29548416,morning,10,daylight,0,dry,0,2,6,0,1,0,0,0,0,3,slightly_injured
2018,8,Mon,2,52.49713471,13.35464774,evening,23,dark,2,dry,0,6,2,0,1,1,0,0,0,3,slightly_injured
2018,8,Wed,4,52.46431126,13.43033991,afternoon,16,daylight,0,dry,0,6,4,0,1,1,0,0,0,3,slightly_injured
2018,8,Fri,6,52.51799475,13.31500107,morning,9,daylight,0,dry,0,2,6,1,1,0,0,0,0,3,slightly_injured
2018,8,Fri,6,52.55701349,13.52808853,morning,9,daylight,0,dry,0,5,2,1,1,0,0,0,0,3,slightly_injured
2018,8,Mon,2,52.45418932,13.43816262,evening,23,dark,2,dry,0,1,5,0,1,0,0,0,1,3,slightly_injured
2018,8,Fri,6,52.52332381,13.43420278,morning,8,daylight,0,dry,0,6,4,1,0,1,0,0,0,3,slightly_injured
2018,8,Fri,6,52.52958279,13.59052255,morning,7,daylight,0,dry,0,5,2,1,1,0,0,0,0,2,seriously_injured
2018,8,Mon,2,52.43938084,13.5521086,evening,22,dark,2,dry,0,2,2,0,1,0,1,0,0,3,slightly_injured
2018,8,Wed,4,52.54620493,13.43049373,night,1,dark,2,dry,0,0,1,0,0,0,1,0,0,3,slightly_injured
2018,8,Fri,6,52.53798446,13.41206526,morning,7,daylight,0,dry,0,5,2,1,1,0,0,0,0,3,slightly_injured
2018,8,Mon,2,52.49878512,13.27216373,evening,21,dark,2,wet,1,0,7,0,0,0,1,0,1,3,slightly_injured
2018,8,Wed,4,52.53860919,13.604196,afternoon,14,daylight,0,dry,0,5,2,1,1,0,0,0,0,3,slightly_injured
2018,8,Fri,6,52.46677684,13.4348438,morning,7,daylight,0,dry,0,2,6,0,1,0,0,0,0,3,slightly_injured
2018,8,Fri,6,52.59274129,13.39796474,morning,7,daylight,0,dry,0,5,7,1,1,0,0,0,0,3,slightly_injured
2018,8,Mon,2,52.46432655,13.52327987,evening,19,daylight,0,dry,0,1,5,1,1,0,0,0,0,3,slightly_injured
2018,8,Fri,6,52.52009706,13.62929701,morning,7,daylight,0,dry,0,5,3,0,1,0,0,0,0,3,slightly_injured
2018,8,Fri,6,52.5908626,13.41760172,morning,6,daylight,0,dry,0,5,2,1,1,0,0,0,0,3,slightly_injured
2018,8,Mon,2,52.44003471,13.43493045,morning,9,daylight,0,dry,0,2,6,0,1,0,0,0,0,3,slightly_injured
2018,8,Fri,6,52.45285446,13.57608612,morning,6,daylight,0,dry,0,5,2,1,1,0,0,0,0,3,slightly_injured
2018,8,Fri,6,52.57056947,13.39876841,morning,6,daylight,0,dry,0,5,3,1,1,0,0,0,0,3,slightly_injured
2018,8,Mon,2,52.48380417,13.43567752,evening,19,daylight,0,dry,0,5,2,0,1,0,1,0,0,3,slightly_injured
2018,8,Wed,4,52.50688501,13.49641381,evening,19,daylight,0,dry,0,4,6,1,1,0,0,0,0,3,slightly_injured
2018,8,Fri,6,52.41852649,13.27404656,morning,6,daylight,0,dry,0,5,2,0,1,0,0,0,0,3,slightly_injured
2018,8,Mon,2,52.5061314,13.47984971,evening,19,dark,2,dry,0,0,1,1,0,0,0,0,0,3,slightly_injured
2018,8,Tue,3,52.57166767,13.40095627,afternoon,15,daylight,0,dry,0,6,7,1,0,1,0,0,0,3,slightly_injured
2018,8,Fri,6,52.5306456,13.41082668,morning,6,dusk,1,dry,0,5,3,1,1,0,0,0,0,3,slightly_injured
2018,8,Fri,6,52.50568818,13.43191649,afternoon,17,daylight,0,dry,0,0,1,0,0,0,1,0,0,3,slightly_injured
2018,8,Mon,2,52.53034493,13.40174221,evening,18,daylight,0,dry,0,0,7,0,0,0,1,0,0,2,seriously_injured
2018,8,Fri,6,52.45835973,13.31827091,afternoon,15,daylight,0,dry,0,0,1,1,0,0,0,0,0,2,seriously_injured
2018,8,Wed,4,52.50197356,13.30238188,afternoon,13,daylight,0,dry,0,5,3,1,1,0,0,0,0,3,slightly_injured
2018,8,Fri,6,52.53854732,13.40971096,afternoon,16,daylight,0,dry,0,0,1,1,0,0,0,0,0,3,slightly_injured
2018,8,Mon,2,52.48519226,13.3472786,evening,18,daylight,0,dry,0,1,5,1,1,0,0,0,0,3,slightly_injured
2018,8,Wed,4,52.53409575,13.56012213,afternoon,17,daylight,0,dry,0,2,6,0,1,0,0,0,0,3,slightly_injured
2018,8,Thu,5,52.53574613,13.27477786,morning,7,daylight,0,dry,0,3,6,0,1,0,0,0,0,3,slightly_injured
2018,8,Thu,5,52.52742954,13.38676904,afternoon,17,daylight,0,dry,0,0,6,1,1,0,0,0,0,3,slightly_injured
2018,8,Wed,4,52.49855965,13.42887283,night,1,dark,2,dry,0,6,7,0,1,1,0,0,0,3,slightly_injured
2018,8,Thu,5,52.49866361,13.38020009,morning,9,daylight,0,dry,0,0,2,1,1,0,0,0,0,3,slightly_injured
2018,8,Tue,3,52.54344527,13.54900621,evening,19,daylight,0,dry,0,0,4,0,1,1,0,0,0,3,slightly_injured
2018,8,Thu,5,52.53505446,13.59909933,morning,9,daylight,0,dry,0,0,6,0,0,0,0,0,1,3,slightly_injured
2018,8,Thu,5,52.51436182,13.38479208,evening,18,dusk,1,dry,0,5,3,1,0,0,1,0,0,3,slightly_injured
2018,8,Mon,2,52.41629047,13.28227724,afternoon,16,daylight,0,dry,0,1,5,0,1,0,0,0,0,3,slightly_injured
2018,8,Thu,5,52.57981856,13.42572499,afternoon,16,daylight,0,dry,0,6,4,0,1,1,0,0,0,3,slightly_injured
2018,8,Wed,4,52.51551172,13.38604525,morning,10,daylight,0,dry,0,2,2,1,0,0,0,0,1,3,slightly_injured
2018,8,Thu,5,52.51216331,13.20127985,afternoon,16,daylight,0,dry,0,5,2,1,0,0,0,0,0,3,slightly_injured
2018,8,Mon,2,52.54184586,13.32469182,afternoon,16,daylight,0,dry,0,3,6,0,1,0,1,0,0,3,slightly_injured
2018,8,Wed,4,52.55675373,13.14878919,morning,10,daylight,0,dry,0,0,1,1,0,0,0,0,0,3,slightly_injured
2018,8,Thu,5,52.55865277,13.40314245,evening,19,daylight,0,dry,0,1,5,1,1,0,0,0,0,2,seriously_injured
2018,8,Thu,5,52.46342927,13.40314424,evening,19,daylight,0,dry,0,5,3,0,1,0,0,0,0,3,slightly_injured
2018,8,Mon,2,52.51912951,13.29220272,afternoon,16,daylight,0,dry,0,1,5,0,1,0,1,0,0,3,slightly_injured
2018,8,Thu,5,52.58967241,13.34645892,evening,19,daylight,0,dry,0,5,2,1,1,0,0,0,0,3,slightly_injured
2018,8,Thu,5,52.4663619,13.43135337,evening,18,daylight,0,dry,0,6,4,0,1,1,0,0,0,2,seriously_injured
2018,8,Mon,2,52.44858157,13.30474093,afternoon,16,daylight,0,dry,0,5,7,0,1,0,0,0,0,3,slightly_injured
2018,8,Wed,4,52.60873611,13.29116241,morning,8,daylight,0,dry,0,2,6,1,1,0,0,0,0,3,slightly_injured
2018,8,Thu,5,52.5642543,13.37290383,evening,18,dusk,1,dry,0,2,6,0,1,0,0,0,0,3,slightly_injured
2018,8,Mon,2,52.53744661,13.45567922,afternoon,15,daylight,0,dry,0,4,5,1,0,0,0,0,1,3,slightly_injured
2018,8,Wed,4,52.41543437,13.3435871,morning,9,daylight,0,dry,0,5,3,1,1,0,0,0,0,3,slightly_injured
2018,8,Thu,5,52.44000779,13.35137492,evening,18,daylight,0,dry,0,0,4,0,1,1,0,0,0,2,seriously_injured
2018,8,Mon,2,52.50428357,13.40785896,afternoon,15,daylight,0,dry,0,5,3,1,1,0,0,0,0,3,slightly_injured
2018,8,Wed,4,52.54348971,13.45020746,afternoon,16,daylight,0,dry,0,5,3,0,1,0,0,0,0,3,slightly_injured
2018,8,Thu,5,52.42637424,13.54646236,afternoon,17,daylight,0,dry,0,5,2,0,1,0,0,0,0,3,slightly_injured
2018,8,Thu,5,52.54460907,13.42255198,afternoon,17,daylight,0,dry,0,5,3,1,1,0,0,0,0,3,slightly_injured
2018,8,Mon,2,52.49416691,13.61001883,afternoon,15,daylight,0,dry,0,2,6,0,1,0,0,0,0,3,slightly_injured
2018,8,Thu,5,52.53032677,13.31438234,afternoon,17,daylight,0,dry,0,5,2,0,1,0,1,0,0,2,seriously_injured
2018,8,Thu,5,52.54120953,13.37555693,evening,20,dusk,1,dry,0,5,2,0,1,0,1,0,0,3,slightly_injured
2018,8,Mon,2,52.51701474,13.35465944,afternoon,15,daylight,0,wet,1,0,1,1,0,0,0,0,0,3,slightly_injured
2018,8,Wed,4,52.53473081,13.29371871,evening,19,daylight,0,dry,0,0,6,0,1,0,0,0,0,3,slightly_injured
2018,8,Thu,5,52.56271705,13.37754045,evening,21,dark,2,dry,0,5,2,0,1,0,1,0,0,3,slightly_injured
2018,8,Mon,2,52.53993497,13.4512102,afternoon,15,daylight,0,dry,0,2,6,1,1,0,0,0,0,3,slightly_injured
2018,8,Tue,3,52.43338231,13.46653534,afternoon,15,daylight,0,dry,0,5,3,1,1,0,0,0,0,2,seriously_injured
2018,8,Thu,5,52.5343337,13.37834533,afternoon,16,daylight,0,dry,0,2,2,0,1,0,0,0,0,2,seriously_injured
2018,8,Thu,5,52.52578417,13.40364775,afternoon,16,daylight,0,dry,0,6,4,1,0,1,0,0,0,3,slightly_injured
2018,8,Mon,2,52.53473475,13.50596225,morning,6,daylight,0,dry,0,2,6,0,1,0,0,0,1,3,slightly_injured
2018,8,Wed,4,52.50855442,13.30609682,afternoon,15,daylight,0,dry,0,6,7,1,0,0,0,0,1,3,slightly_injured
2018,8,Thu,5,52.44956502,13.59341882,afternoon,13,daylight,0,dry,0,5,3,0,0,0,0,1,1,2,seriously_injured
2018,8,Thu,5,52.51210328,13.46150261,afternoon,16,daylight,0,dry,0,5,2,0,1,0,1,0,0,3,slightly_injured
2018,8,Mon,2,52.52629756,13.50287607,morning,7,daylight,0,dry,0,0,7,1,1,0,0,0,0,3,slightly_injured
2018,8,Thu,5,52.47596562,13.48717425,afternoon,15,daylight,0,dry,0,2,7,0,1,0,0,0,0,3,slightly_injured
2018,8,Thu,5,52.41431981,13.35025395,afternoon,14,daylight,0,dry,0,5,2,0,1,0,0,0,0,3,slightly_injured
2018,8,Mon,2,52.54810568,13.29668576,afternoon,15,daylight,0,wet,1,5,2,0,1,0,0,0,0,3,slightly_injured
2018,8,Mon,2,52.51185712,13.25889598,morning,9,daylight,0,dry,0,5,3,0,1,0,0,0,0,2,seriously_injured
2018,8,Wed,4,52.45706741,13.54608462,evening,18,daylight,0,dry,0,2,6,0,1,0,0,0,0,3,slightly_injured
2018,8,Thu,5,52.54071307,13.19748566,evening,21,dark,2,dry,0,1,5,1,1,0,0,0,0,3,slightly_injured
2018,8,Tue,3,52.57862403,13.51974962,morning,6,daylight,0,dry,0,5,3,1,1,0,0,0,0,3,slightly_injured
2018,8,Thu,5,52.43765713,13.37880844,afternoon,14,daylight,0,dry,0,5,2,0,1,0,1,0,0,3,slightly_injured
2018,8,Thu,5,52.51744969,13.40494676,afternoon,14,daylight,0,dry,0,6,4,0,0,1,1,0,0,3,slightly_injured
2018,8,Mon,2,52.45335021,13.45698606,afternoon,15,daylight,0,dry,0,5,7,0,1,0,1,0,0,3,slightly_injured
2018,8,Thu,5,52.4448573,13.33069039,afternoon,14,daylight,0,dry,0,4,6,0,1,1,0,0,1,3,slightly_injured
2018,8,Wed,4,52.54860468,13.34807697,afternoon,13,daylight,0,dry,0,2,6,0,1,0,0,0,1,3,slightly_injured
2018,8,Thu,5,52.46648296,13.43237722,afternoon,13,daylight,0,dry,0,6,4,0,1,1,0,0,0,3,slightly_injured
2018,8,Thu,5,52.44395406,13.58413983,afternoon,13,daylight,0,dry,0,2,6,0,1,0,1,0,0,3,slightly_injured
2018,8,Mon,2,52.50087993,13.3470103,afternoon,15,daylight,0,dry,0,5,2,1,1,0,0,0,0,3,slightly_injured
2018,8,Thu,5,52.49832609,13.40648268,afternoon,12,daylight,0,dry,0,5,2,0,1,0,1,0,0,3,slightly_injured
2018,8,Wed,4,52.5881074,13.34017841,afternoon,16,daylight,0,dry,0,2,6,0,1,0,0,0,0,3,slightly_injured
2018,8,Thu,5,52.4961884,13.31862585,morning,11,daylight,0,dry,0,1,5,1,1,0,0,0,0,3,slightly_injured
2018,8,Mon,2,52.49804092,13.32031213,afternoon,15,daylight,0,dry,0,5,3,0,1,0,0,0,0,3,slightly_injured
2018,8,Wed,4,52.61027534,13.47077444,afternoon,17,daylight,0,dry,0,5,3,0,1,0,0,0,1,2,seriously_injured
2018,8,Thu,5,52.48792641,13.60520756,morning,8,daylight,0,dry,0,0,3,0,0,0,0,0,1,3,slightly_injured
2018,8,Thu,5,52.58807992,13.34006397,morning,9,daylight,0,dry,0,0,7,0,1,0,1,0,0,3,slightly_injured
2018,8,Thu,5,52.5338481,13.44404878,morning,9,daylight,0,dry,0,0,4,1,0,1,0,0,0,3,slightly_injured
2018,8,Mon,2,52.46850649,13.4492687,afternoon,15,daylight,0,dry,0,5,3,0,1,0,1,0,0,3,slightly_injured
2018,8,Thu,5,52.5383517,13.38699198,morning,8,daylight,0,dry,0,4,6,0,1,0,1,0,0,3,slightly_injured
2018,8,Wed,4,52.46324359,13.50745898,morning,10,daylight,0,dry,0,5,2,1,1,0,0,0,0,3,slightly_injured
2018,8,Thu,5,52.53045781,13.39137753,evening,19,daylight,0,dry,0,0,7,1,0,0,0,0,0,3,slightly_injured
2018,8,Mon,2,52.56057497,13.47755262,afternoon,14,daylight,0,dry,0,5,2,0,1,0,1,0,0,3,slightly_injured
2018,8,Wed,4,52.59168664,13.32624825,morning,6,daylight,0,dry,0,0,1,0,0,0,1,0,0,3,slightly_injured
2018,8,Thu,5,52.46516153,13.45129328,afternoon,12,daylight,0,dry,0,0,7,0,1,0,0,0,0,2,seriously_injured
2018,8,Mon,2,52.59559546,13.28829745,afternoon,14,daylight,0,dry,0,2,6,0,1,0,1,0,0,3,slightly_injured
2018,8,Wed,4,52.42748191,13.54834923,morning,11,daylight,0,dry,0,3,6,0,1,0,0,0,0,3,slightly_injured
2018,8,Thu,5,52.60698338,13.47275621,evening,19,daylight,0,dry,0,0,1,1,0,0,0,0,0,2,seriously_injured
2018,8,Thu,5,52.49926201,13.41772159,morning,8,daylight,0,wet,1,0,7,1,0,0,0,0,1,3,slightly_injured
2018,8,Mon,2,52.54538191,13.35762432,afternoon,14,daylight,0,dry,0,0,7,1,0,0,0,0,0,2,seriously_injured
2018,8,Thu,5,52.50324064,13.3614145,evening,21,dark,2,wet,1,0,1,1,0,0,0,0,0,3,slightly_injured
2018,8,Thu,5,52.5060221,13.33253216,morning,8,daylight,0,dry,0,2,4,0,1,1,0,0,0,3,slightly_injured
2018,8,Mon,2,52.57787937,13.30350906,afternoon,14,daylight,0,dry,0,8,1,0,0,0,0,0,1,3,slightly_injured
2018,8,Wed,4,52.54868712,13.47343316,morning,9,daylight,0,dry,0,2,6,0,1,0,0,0,0,3,slightly_injured
2018,8,Thu,5,52.53439592,13.19480787,morning,8,daylight,0,dry,0,5,3,0,1,0,0,0,0,3,slightly_injured
2018,8,Mon,2,52.47786561,13.30815402,afternoon,14,daylight,0,wet,1,5,2,0,1,0,1,0,0,2,seriously_injured
2018,8,Wed,4,52.52513608,13.3251032,morning,8,daylight,0,dry,0,3,6,0,0,0,1,0,1,3,slightly_injured
2018,8,Thu,5,52.49926927,13.41769648,morning,8,daylight,0,wet,1,0,7,1,0,0,0,0,1,3,slightly_injured
2018,8,Thu,5,52.54066411,13.23222891,morning,8,daylight,0,dry,0,5,2,0,1,0,0,0,0,3,slightly_injured
2018,8,Mon,2,52.49583364,13.3460323,afternoon,14,daylight,0,dry,0,5,3,1,1,0,0,0,0,3,slightly_injured
2018,8,Thu,5,52.52111677,13.32228695,morning,8,daylight,0,dry,0,5,2,1,1,0,0,0,0,3,slightly_injured
2018,8,Thu,5,52.48117339,13.29595125,morning,7,daylight,0,dry,0,0,3,1,1,0,0,0,0,3,slightly_injured
2018,8,Mon,2,52.51839311,13.27776395,afternoon,13,daylight,0,dry,0,2,6,0,1,0,0,0,0,3,slightly_injured
2018,8,Thu,5,52.53394823,13.5505067,morning,7,daylight,0,dry,0,5,3,1,1,0,0,0,0,3,slightly_injured
2018,8,Mon,2,52.4965319,13.33143388,afternoon,12,daylight,0,dry,0,2,6,0,1,0,1,0,0,3,slightly_injured
2018,8,Thu,5,52.44458904,13.51710539,morning,7,daylight,0,dry,0,5,2,0,1,0,1,0,0,3,slightly_injured
2018,8,Thu,5,52.52965373,13.38419555,morning,6,daylight,0,dry,0,0,7,1,0,0,0,0,0,3,slightly_injured
2018,8,Mon,2,52.51781931,13.43288093,afternoon,12,daylight,0,dry,0,5,2,1,1,0,0,0,0,3,slightly_injured
2018,8,Wed,4,52.54168918,13.27353374,evening,22,dark,2,dry,0,5,3,0,1,0,0,0,0,3,slightly_injured
2018,8,Thu,5,52.51413557,13.45356431,night,5,daylight,0,dry,0,3,2,1,0,0,0,1,0,2,seriously_injured
2018,8,Mon,2,52.56953511,13.31251217,afternoon,12,daylight,0,dry,0,5,3,0,1,0,0,0,0,3,slightly_injured
2018,8,Wed,4,52.47683056,13.28096969,afternoon,14,daylight,0,dry,0,5,2,0,1,0,0,0,0,3,slightly_injured
2018,8,Thu,5,52.52687577,13.41530803,night,5,dark,2,dry,0,6,4,0,0,1,1,0,0,2,seriously_injured
2018,8,Thu,5,52.55443955,13.22579598,morning,10,daylight,0,dry,0,5,2,1,1,0,0,0,0,3,slightly_injured
2018,8,Mon,2,52.45150534,13.43436357,morning,7,daylight,0,dry,0,5,2,1,1,0,0,0,0,3,slightly_injured
2018,8,Wed,4,52.61813948,13.24113348,night,5,dusk,1,dry,0,5,7,1,1,0,0,0,0,3,slightly_injured
2018,8,Mon,2,52.4758967,13.36416215,morning,7,daylight,0,dry,0,5,7,1,1,0,0,0,0,3,slightly_injured
2018,8,Mon,2,52.50751623,13.55267047,morning,11,daylight,0,dry,0,6,2,0,0,1,0,0,1,2,seriously_injured
2018,8,Wed,4,52.56725856,13.36250491,morning,7,daylight,0,dry,0,5,2,0,1,0,0,0,0,3,slightly_injured
2018,9,Mon,2,52.60621246,13.43314037,afternoon,16,daylight,0,dry,0,5,3,0,1,0,1,0,0,2,seriously_injured
2018,8,Thu,5,52.53796189,13.24875101,morning,6,dusk,1,dry,0,3,6,0,1,0,0,0,0,3,slightly_injured
2018,9,Mon,2,52.53258011,13.39873383,evening,23,dark,2,dry,0,0,1,1,0,0,0,0,0,3,slightly_injured
2018,9,Mon,2,52.49581754,13.28680019,afternoon,17,daylight,0,dry,0,5,2,0,1,0,1,0,0,3,slightly_injured
2018,8,Thu,5,52.48620031,13.34318434,morning,7,daylight,0,wet,1,5,5,1,1,0,0,0,0,2,seriously_injured
2018,8,Thu,5,52.43432589,13.35997634,afternoon,15,daylight,0,wet,1,5,3,0,1,0,0,0,1,3,slightly_injured
2018,9,Mon,2,52.54745811,13.31461129,afternoon,13,daylight,0,dry,0,5,3,0,1,0,0,0,0,3,slightly_injured
2018,8,Thu,5,52.58397595,13.46328872,morning,9,daylight,0,wet,1,4,1,0,1,0,0,0,0,2,seriously_injured
2018,9,Mon,2,52.42591864,13.40110444,afternoon,16,daylight,0,dry,0,1,5,0,1,0,0,0,0,3,slightly_injured
2018,8,Thu,5,52.40980445,13.27333074,afternoon,13,daylight,0,wet,1,2,6,0,1,0,0,1,0,3,slightly_injured
2018,9,Mon,2,52.47271178,13.45840515,afternoon,14,daylight,0,dry,0,8,1,0,0,0,1,0,0,3,slightly_injured
2018,9,Mon,2,52.45519305,13.18922518,afternoon,15,daylight,0,dry,0,8,1,0,1,0,0,0,0,3,slightly_injured
2018,8,Thu,5,52.49905929,13.48051947,morning,11,daylight,0,wet,1,5,2,0,1,0,0,0,0,3,slightly_injured
2018,8,Thu,5,52.41401069,13.10925267,afternoon,12,daylight,0,wet,1,5,2,0,1,0,0,0,0,3,slightly_injured
2018,8,Thu,5,52.54286398,13.19836502,morning,11,daylight,0,wet,1,2,6,0,1,0,0,0,0,2,seriously_injured
2018,9,Mon,2,52.46573261,13.38539191,afternoon,13,daylight,0,dry,0,5,3,1,0,0,0,0,0,3,slightly_injured
2018,9,Mon,2,52.45990299,13.34651504,afternoon,13,daylight,0,dry,0,5,3,1,1,0,0,0,0,3,slightly_injured
2018,8,Thu,5,52.54759089,13.30892797,morning,10,daylight,0,dry,0,5,3,0,1,0,0,0,0,3,slightly_injured
2018,8,Thu,5,52.62140926,13.4870016,morning,8,daylight,0,dry,0,5,5,0,1,0,0,0,0,2,seriously_injured
2018,9,Mon,2,52.51733175,13.16839467,afternoon,13,daylight,0,dry,0,1,5,1,1,0,0,0,0,2,seriously_injured
2018,8,Thu,5,52.59583105,13.33919551,morning,9,daylight,0,wet,1,9,1,0,1,0,0,0,0,3,slightly_injured
2018,8,Sun,1,52.47140101,13.4611098,morning,10,daylight,0,dry,0,0,4,1,0,1,0,0,0,3,slightly_injured
2018,9,Mon,2,52.51961736,13.29998706,afternoon,13,daylight,0,dry,0,2,6,0,1,0,1,0,0,3,slightly_injured
2018,8,Thu,5,52.50085244,13.33691528,evening,23,dark,2,wet,1,5,2,0,1,0,1,0,0,3,slightly_injured
2018,9,Mon,2,52.43749762,13.30274897,afternoon,12,daylight,0,dry,0,6,4,0,1,1,0,0,0,3,slightly_injured
2018,9,Mon,2,52.49888383,13.41893539,afternoon,12,daylight,0,dry,0,0,2,1,1,0,0,0,0,3,slightly_injured
2018,8,Thu,5,52.51062976,13.45235126,evening,21,dark,2,wet,1,1,1,1,1,0,0,0,0,3,slightly_injured
2018,8,Thu,5,52.43197768,13.71367466,evening,21,dark,2,wet,1,5,3,0,1,0,0,0,0,3,slightly_injured
2018,9,Mon,2,52.52102004,13.32179276,morning,11,daylight,0,dry,0,2,7,0,1,0,1,0,0,3,slightly_injured
2018,8,Thu,5,52.49536028,13.39777897,evening,20,dark,2,wet,1,0,3,0,1,0,0,0,1,3,slightly_injured
2018,8,Thu,5,52.58574207,13.36698874,evening,19,dusk,1,dry,0,2,6,1,1,0,0,0,0,3,slightly_injured
2018,9,Mon,2,52.53367465,13.17083179,morning,10,daylight,0,dry,0,5,3,0,1,0,0,0,0,3,slightly_injured
2018,9,Mon,2,52.50261179,13.44670947,morning,10,daylight,0,dry,0,5,2,1,0,0,0,1,0,3,slightly_injured