ujahr,umonat,weekday,uwochentag,long,lat,time_of_day,ustunde,light_condition,ulichtverh,street_condition,ustrzustand,uart,utyp1,ist_rad,ist_pkw,ist_fuss,ist_krad,ist_gkfz,ist_sonstige,ukategorie,accident_outcome
2018,8,Thu,5,52.51750784,13.325024,evening,19,dark,2,wet,1,5,2,1,1,0,0,0,0,3,slightly_injured
2018,9,Mon,2,52.41161925,13.50345419,morning,10,daylight,0,dry,0,5,2,1,1,0,0,0,0,2,seriously_injured
2018,9,Mon,2,52.52480448,13.33491166,morning,9,daylight,0,dry,0,5,3,1,1,0,0,0,0,3,slightly_injured
2018,9,Mon,2,52.48137775,13.52532873,night,5,dark,2,dry,0,3,6,1,1,0,0,0,0,3,slightly_injured
2018,8,Thu,5,52.52451859,13.42108642,evening,18,daylight,0,wet,1,2,6,0,1,0,1,0,0,3,slightly_injured
2018,9,Mon,2,52.50659961,13.38857814,morning,8,daylight,0,dry,0,1,5,1,1,0,0,0,0,3,slightly_injured
2018,9,Mon,2,52.44283041,13.43399216,morning,9,daylight,0,dry,0,5,7,0,1,0,0,0,0,3,slightly_injured
2018,8,Thu,5,52.56105613,13.21280199,evening,18,daylight,0,wet,1,6,4,0,1,1,0,0,0,3,slightly_injured
2018,8,Thu,5,52.5401015,13.57707486,evening,18,daylight,0,wet,1,2,1,0,1,0,0,0,0,3,slightly_injured
2018,9,Mon,2,52.50608586,13.38625269,morning,8,daylight,0,dry,0,3,6,1,0,0,0,0,0,2,seriously_injured
2018,8,Thu,5,52.4993554,13.42623255,evening,18,dusk,1,wet,1,2,6,0,1,0,1,0,0,3,slightly_injured
2018,9,Mon,2,52.50187389,13.32172836,morning,8,daylight,0,dry,0,0,3,1,0,0,1,0,0,3,slightly_injured
2018,9,Mon,2,52.54338822,13.24168325,morning,8,daylight,0,dry,0,5,2,0,1,0,1,0,0,2,seriously_injured
2018,8,Thu,5,52.52902687,13.40987296,afternoon,17,daylight,0,wet,1,0,3,1,1,0,0,0,0,3,slightly_injured
2018,9,Mon,2,52.4430759,13.31580438,morning,8,daylight,0,dry,0,5,2,1,0,0,0,1,0,3,slightly_injured
2018,9,Mon,2,52.54129249,13.4091174,morning,7,daylight,0,dry,0,3,6,1,0,0,0,0,0,2,seriously_injured
2018,8,Thu,5,52.63018314,13.5015314,afternoon,17,daylight,0,wet,1,0,3,0,1,0,1,0,0,2,seriously_injured
2018,8,Thu,5,52.50976556,13.39500856,afternoon,16,daylight,0,dry,0,5,3,0,1,0,0,0,0,3,slightly_injured
2018,9,Mon,2,52.46719975,13.51305693,morning,7,daylight,0,dry,0,3,2,1,1,0,0,0,0,3,slightly_injured
2018,8,Thu,5,52.52344605,13.37088903,evening,20,dark,2,dry,0,0,1,1,0,0,0,0,0,2,seriously_injured
2018,8,Thu,5,52.50467335,13.40707412,evening,18,daylight,0,wet,1,0,1,0,0,0,1,0,0,3,slightly_injured
2018,8,Thu,5,52.50915129,13.18017311,afternoon,17,daylight,0,wet,1,0,1,0,0,0,1,0,0,3,slightly_injured
2018,9,Mon,2,52.53642878,13.52446948,morning,8,daylight,0,dry,0,0,4,0,0,1,1,0,0,3,slightly_injured
2018,8,Thu,5,52.58744885,13.32654192,morning,11,daylight,0,wet,1,5,2,0,1,0,0,0,1,3,slightly_injured
2018,8,Thu,5,52.53122399,13.40249199,morning,6,daylight,0,dry,0,5,7,1,0,0,0,0,1,3,slightly_injured
2018,9,Mon,2,52.53835485,13.182975,morning,7,daylight,0,dry,0,5,7,0,1,0,1,0,0,3,slightly_injured
2018,8,Sun,1,52.53833902,13.39626437,afternoon,12,daylight,0,dry,0,2,6,1,0,0,0,0,0,3,slightly_injured
2018,9,Mon,2,52.4984714,13.40662879,morning,7,daylight,0,dry,0,5,2,0,1,0,0,0,0,3,slightly_injured
2018,8,Wed,4,52.46409937,13.33456393,afternoon,13,daylight,0,dry,0,0,3,0,1,0,0,0,1,3,slightly_injured
2018,9,Mon,2,52.46205677,13.44058267,morning,7,daylight,0,dry,0,5,3,1,1,0,0,0,0,3,slightly_injured
2018,9,Mon,2,52.57432227,13.36097917,morning,7,daylight,0,dry,0,2,6,1,1,0,0,0,0,3,slightly_injured
2018,8,Wed,4,52.55267993,13.35665738,evening,18,daylight,0,dry,0,3,6,0,1,0,1,0,0,2,seriously_injured
2018,8,Wed,4,52.53866609,13.60434212,evening,19,dusk,1,dry,0,5,2,0,1,0,1,0,0,3,slightly_injured
2018,9,Mon,2,52.52006876,13.16269701,morning,7,daylight,0,dry,0,5,2,1,1,0,0,0,0,3,slightly_injured
2018,8,Wed,4,52.49826054,13.42976847,evening,22,dark,2,dry,0,5,3,1,1,0,0,0,0,3,slightly_injured
2018,8,Sun,1,52.55012102,13.1719358,afternoon,13,daylight,0,dry,0,5,3,1,1,0,0,0,0,3,slightly_injured
2018,9,Mon,2,52.52955718,13.45704797,morning,7,daylight,0,dry,0,0,1,1,0,0,0,0,0,3,slightly_injured
2018,8,Wed,4,52.46594921,13.33257553,evening,20,dusk,1,dry,0,0,7,0,1,0,1,0,0,3,slightly_injured
2018,9,Mon,2,52.52904017,13.45781589,morning,6,daylight,0,dry,0,5,2,1,1,0,0,0,0,3,slightly_injured
2018,9,Mon,2,52.50571584,13.43206287,night,5,dark,2,wet,1,6,2,0,1,1,0,0,0,2,seriously_injured
2018,8,Wed,4,52.47759269,13.47875032,evening,20,dark,2,dry,0,5,2,0,1,0,0,0,0,3,slightly_injured
2018,9,Mon,2,52.51214183,13.33116067,morning,6,daylight,0,wet,1,4,1,0,1,0,0,0,0,3,slightly_injured
2018,8,Wed,4,52.605595,13.3387096,evening,19,dusk,1,dry,0,0,3,0,1,0,1,0,0,3,slightly_injured
2018,9,Mon,2,52.60661192,13.22971632,night,5,daylight,0,dry,0,5,3,0,1,0,1,0,0,3,slightly_injured
2018,9,Mon,2,52.52341984,13.38772636,afternoon,15,daylight,0,dry,0,3,6,1,0,0,0,0,1,3,slightly_injured
2018,8,Wed,4,52.56214229,13.46847816,afternoon,17,daylight,0,dry,0,5,2,0,1,0,0,0,0,3,slightly_injured
2018,9,Mon,2,52.54859949,13.36043137,afternoon,17,daylight,0,dry,0,5,3,1,1,0,0,0,0,3,slightly_injured
2018,8,Wed,4,52.5289585,13.45740413,evening,19,daylight,0,dry,0,6,2,0,0,1,0,1,0,2,seriously_injured
2018,8,Wed,4,52.52595544,13.36815195,evening,18,daylight,0,dry,0,6,4,0,1,1,0,0,0,3,slightly_injured
2018,9,Mon,2,52.47332473,13.42819139,evening,20,dark,2,dry,0,6,4,0,0,1,1,0,0,2,seriously_injured
2018,8,Wed,4,52.44805834,13.52246492,afternoon,16,daylight,0,dry,0,0,1,1,0,0,0,0,0,3,slightly_injured
2018,9,Sun,1,52.56404933,13.39247014,evening,18,daylight,0,dry,0,2,6,0,1,0,0,0,0,3,slightly_injured
2018,8,Wed,4,52.61815163,13.48769672,afternoon,16,daylight,0,dry,0,2,2,0,1,0,0,0,0,3,slightly_injured
2018,9,Sun,1,52.49867962,13.41212629,evening,19,daylight,0,dry,0,5,3,1,0,0,0,0,0,3,slightly_injured
2018,9,Sun,1,52.54550926,13.42793673,evening,20,dark,2,dry,0,5,2,1,0,0,0,0,1,3,slightly_injured
2018,8,Wed,4,52.498909,13.34668633,afternoon,15,daylight,0,dry,0,1,5,1,1,0,0,0,0,3,slightly_injured
2018,8,Wed,4,52.43468542,13.36199381,afternoon,15,daylight,0,dry,0,5,3,0,1,0,0,0,1,3,slightly_injured
2018,9,Sun,1,52.52167479,13.38645351,evening,20,dark,2,dry,0,6,4,1,0,1,0,0,0,3,slightly_injured
2018,8,Wed,4,52.48704237,13.52364242,afternoon,15,daylight,0,dry,0,5,3,0,1,0,0,0,0,3,slightly_injured
2018,8,Wed,4,52.42302502,13.32914135,afternoon,14,daylight,0,dry,0,5,3,0,1,0,0,0,0,3,slightly_injured
2018,8,Wed,4,52.51866744,13.30294354,afternoon,14,daylight,0,dry,0,5,2,1,1,0,0,0,0,3,slightly_injured
2018,9,Sun,1,52.51141198,13.31468691,evening,18,daylight,0,dry,0,5,7,0,0,0,1,0,1,3,slightly_injured
2018,9,Sun,1,52.51559021,13.41816886,night,5,dark,2,dry,0,5,2,0,1,0,0,0,0,3,slightly_injured
2018,8,Wed,4,52.4198342,13.42373882,afternoon,14,daylight,0,dry,0,1,6,0,1,0,1,0,0,3,slightly_injured
2018,9,Sun,1,52.40380052,13.54061496,morning,10,daylight,0,dry,0,5,3,0,1,0,1,0,0,3,slightly_injured
2018,9,Sun,1,52.53854492,13.21397543,afternoon,14,daylight,0,dry,0,2,6,0,1,0,0,0,0,3,slightly_injured
2018,8,Wed,4,52.45267506,13.59320697,afternoon,14,daylight,0,dry,0,5,2,1,1,0,0,0,0,3,slightly_injured
2018,8,Wed,4,52.49522896,13.40384861,afternoon,14,daylight,0,dry,0,6,4,0,1,1,0,0,0,3,slightly_injured
2018,9,Sun,1,52.43174871,13.495092,afternoon,14,daylight,0,dry,0,5,3,1,0,0,0,0,0,3,slightly_injured
2018,8,Wed,4,52.4960835,13.28770211,afternoon,14,daylight,0,dry,0,0,2,0,1,0,0,0,1,3,slightly_injured
2018,8,Wed,4,52.50037029,13.41390222,afternoon,13,daylight,0,dry,0,5,3,0,1,0,0,0,0,3,slightly_injured
2018,9,Sun,1,52.44996352,13.49225964,afternoon,15,daylight,0,dry,0,5,3,0,0,0,1,0,1,3,slightly_injured
2018,9,Sun,1,52.55091745,13.38432977,afternoon,14,daylight,0,dry,0,6,7,1,0,1,0,0,0,3,slightly_injured
2018,8,Wed,4,52.45421207,13.46084958,afternoon,12,daylight,0,dry,0,5,3,1,1,0,0,0,0,3,slightly_injured
2018,9,Sun,1,52.50611444,13.31751297,afternoon,13,daylight,0,wet,1,5,7,0,1,0,0,0,0,2,seriously_injured
2018,8,Wed,4,52.52909438,13.45749981,afternoon,12,daylight,0,dry,0,5,3,1,1,0,0,0,0,3,slightly_injured
2018,9,Sun,1,52.55244458,13.37911028,night,3,dark,2,dry,0,0,7,1,0,0,0,0,0,3,slightly_injured
2018,9,Sun,1,52.56783942,13.39081996,night,4,dark,2,dry,0,0,1,1,0,0,0,0,0,2,seriously_injured
2018,8,Wed,4,52.55290566,13.37982731,afternoon,12,daylight,0,dry,0,0,6,1,1,0,0,0,0,3,slightly_injured
2018,9,Sat,7,52.52745697,13.45227333,afternoon,12,daylight,0,dry,0,5,3,1,1,0,0,0,0,3,slightly_injured
2018,9,Sat,7,52.56553849,13.40332701,morning,11,daylight,0,dry,0,2,7,0,1,0,1,0,0,3,slightly_injured
2018,8,Wed,4,52.55743321,13.30876588,morning,11,daylight,0,dry,0,2,6,0,1,0,0,0,0,3,slightly_injured
2018,8,Wed,4,52.42924388,13.33041313,morning,10,daylight,0,dry,0,1,5,1,1,0,0,0,1,3,slightly_injured
2018,9,Sat,7,52.54629049,13.36850628,evening,23,dark,2,dry,0,4,6,1,1,0,0,0,0,3,slightly_injured
2018,8,Wed,4,52.42752408,13.23048493,morning,10,daylight,0,dry,0,1,5,1,0,0,0,1,0,2,seriously_injured
2018,8,Wed,4,52.41272133,13.39287562,morning,9,daylight,0,dry,0,6,4,0,1,1,0,0,0,2,seriously_injured
2018,9,Sat,7,52.55108627,13.40095597,afternoon,13,daylight,0,dry,0,2,6,1,0,0,0,0,0,3,slightly_injured
2018,8,Sun,1,52.53477409,13.19948158,afternoon,17,daylight,0,dry,0,5,2,0,1,0,0,0,1,3,slightly_injured
2018,9,Sat,7,52.48833302,13.42383114,afternoon,15,daylight,0,dry,0,6,4,1,0,1,0,0,0,3,slightly_injured
2018,8,Wed,4,52.51969648,13.34689773,morning,9,daylight,0,dry,0,5,3,1,1,0,0,0,0,3,slightly_injured
2018,9,Sat,7,52.52561887,13.3311867,evening,18,daylight,0,dry,0,4,5,0,1,0,1,0,0,3,slightly_injured
2018,8,Wed,4,52.52575089,13.30189604,morning,9,daylight,0,dry,0,6,4,1,0,1,0,0,0,3,slightly_injured
2018,8,Wed,4,52.52851548,13.41837691,morning,8,daylight,0,dry,0,0,1,0,0,0,1,0,0,3,slightly_injured
2018,9,Sat,7,52.52556663,13.42961395,evening,19,dusk,1,dry,0,0,6,1,1,0,0,0,0,3,slightly_injured
2018,8,Wed,4,52.5701353,13.49688332,morning,8,daylight,0,dry,0,0,3,0,1,0,0,0,1,3,slightly_injured
2018,8,Wed,4,52.52537457,13.34289588,morning,8,daylight,0,dry,0,5,2,0,1,0,1,0,0,3,slightly_injured
2018,9,Sat,7,52.53148542,13.34333443,afternoon,17,daylight,0,dry,0,3,6,0,1,0,1,0,0,2,seriously_injured
2018,8,Wed,4,52.50564801,13.51835233,morning,7,daylight,0,dry,0,6,4,0,1,1,0,0,0,2,seriously_injured
2018,9,Sat,7,52.50034657,13.40652841,evening,18,daylight,0,dry,0,1,5,1,1,0,0,0,0,2,seriously_injured
2018,8,Wed,4,52.59138343,13.45345726,morning,7,daylight,0,dry,0,5,2,1,1,0,0,0,0,3,slightly_injured
2018,9,Sat,7,52.48729148,13.42710096,afternoon,12,daylight,0,dry,0,3,3,0,1,0,0,0,0,3,slightly_injured
2018,9,Sat,7,52.48922537,13.34635108,afternoon,15,daylight,0,dry,0,1,5,1,1,0,0,0,0,3,slightly_injured
2018,8,Wed,4,52.51186982,13.40247661,morning,6,daylight,0,dry,0,5,2,0,1,0,1,0,0,3,slightly_injured
2018,8,Wed,4,52.51473555,13.31529261,morning,6,daylight,0,dry,0,5,2,1,1,0,0,0,0,3,slightly_injured
2018,8,Wed,4,52.45484706,13.59248402,night,2,dark,2,dry,0,9,7,0,1,0,0,0,0,2,seriously_injured
2018,9,Sat,7,52.48780597,13.51722721,afternoon,16,daylight,0,dry,0,6,4,1,1,1,0,0,0,3,slightly_injured
2018,9,Sat,7,52.52928364,13.29639301,afternoon,14,daylight,0,dry,0,5,2,0,1,0,0,0,0,3,slightly_injured
2018,8,Wed,4,52.504366,13.40818368,morning,8,daylight,0,dry,0,1,5,1,1,0,0,0,0,3,slightly_injured
2018,9,Sat,7,52.45761947,13.54223417,evening,18,daylight,0,dry,0,3,6,0,1,0,0,0,1,3,slightly_injured
2018,9,Sat,7,52.49608467,13.31117128,morning,10,daylight,0,dry,0,5,3,0,1,0,1,0,0,3,slightly_injured
2018,8,Tue,3,52.50438689,13.5657232,afternoon,15,daylight,0,dry,0,0,3,1,0,0,0,0,1,3,slightly_injured
2018,9,Sat,7,52.43076493,13.49421895,afternoon,13,daylight,0,dry,0,0,1,1,0,0,0,0,0,2,seriously_injured
2018,8,Tue,3,52.509651,13.41115557,afternoon,15,daylight,0,dry,0,0,6,1,0,0,0,0,0,3,slightly_injured
2018,9,Sat,7,52.50317902,13.41233561,afternoon,14,daylight,0,dry,0,0,1,0,0,0,1,0,0,2,seriously_injured
2018,9,Sat,7,52.51614008,13.3312105,morning,9,daylight,0,dry,0,7,7,0,0,0,0,0,1,3,slightly_injured
2018,8,Tue,3,52.48736797,13.30886381,afternoon,17,daylight,0,dry,0,1,7,1,1,0,0,0,0,3,slightly_injured
2018,8,Tue,3,52.53949052,13.30089602,afternoon,16,daylight,0,dry,0,0,4,0,0,1,1,0,0,3,slightly_injured
2018,9,Sat,7,52.5809285,13.28889266,evening,20,dark,2,dry,0,1,5,1,1,0,1,0,0,3,slightly_injured
2018,8,Tue,3,52.51284118,13.35044696,afternoon,15,daylight,0,dry,0,2,6,1,0,0,0,0,0,3,slightly_injured
2018,8,Tue,3,52.47159718,13.32026537,afternoon,15,daylight,0,dry,0,6,7,0,1,1,0,0,0,3,slightly_injured
2018,9,Sat,7,52.45700328,13.30205035,morning,8,daylight,0,dry,0,1,5,1,1,0,0,0,0,3,slightly_injured
2018,9,Sat,7,52.56577116,13.39890258,morning,6,daylight,0,dry,0,1,6,0,1,0,0,0,0,3,slightly_injured
2018,8,Tue,3,52.57495036,13.31312925,afternoon,14,daylight,0,dry,0,5,2,0,1,0,0,0,0,3,slightly_injured
2018,9,Sat,7,52.43933581,13.55228959,evening,20,dark,2,dry,0,5,3,0,1,0,0,0,0,3,slightly_injured
2018,9,Sat,7,52.50088354,13.34699345,evening,20,dark,2,dry,0,5,2,1,1,0,0,0,0,3,slightly_injured
2018,8,Tue,3,52.43985197,13.44677181,afternoon,14,daylight,0,dry,0,2,6,0,1,0,1,0,0,3,slightly_injured
2018,8,Tue,3,52.5042017,13.40876972,afternoon,13,daylight,0,dry,0,5,7,0,1,0,1,0,0,3,slightly_injured
2018,9,Sat,7,52.51589825,13.42616561,night,4,dark,2,dry,0,5,3,1,1,0,0,0,0,3,slightly_injured
2018,9,Sat,7,52.53258512,13.39875982,night,2,dark,2,dry,0,0,1,1,0,0,0,0,0,2,seriously_injured
2018,8,Tue,3,52.4881651,13.31756158,morning,11,daylight,0,dry,0,3,6,1,0,0,0,0,1,3,slightly_injured
2018,8,Tue,3,52.45746142,13.27406589,morning,9,daylight,0,dry,0,1,5,1,1,0,0,0,0,3,slightly_injured
2018,9,Sat,7,52.4791521,13.44519557,evening,18,daylight,0,dry,0,5,2,0,1,0,1,0,0,2,seriously_injured
2018,8,Tue,3,52.4928062,13.3693186,morning,9,daylight,0,dry,0,5,3,1,1,0,0,0,0,3,slightly_injured
2018,8,Tue,3,52.53023741,13.31441557,morning,9,daylight,0,dry,0,5,3,1,1,0,0,0,0,3,slightly_injured
2018,9,Sat,7,52.55514944,13.57463291,evening,21,dark,2,dry,0,0,1,0,0,0,1,0,0,2,seriously_injured
2018,8,Fri,6,52.57100116,13.30690138,morning,8,daylight,0,dry,0,6,7,1,0,1,0,0,0,3,slightly_injured
2018,8,Tue,3,52.51223521,13.45391992,morning,7,daylight,0,dry,0,0,2,1,1,0,0,0,0,3,slightly_injured
2018,8,Fri,6,52.42649577,13.52665666,afternoon,16,daylight,0,dry,0,5,2,0,1,0,0,0,0,3,slightly_injured
2018,8,Fri,6,52.54703431,13.18771689,evening,19,daylight,0,dry,0,2,7,0,1,0,0,0,0,3,slightly_injured
2018,8,Tue,3,52.43788233,13.55403933,morning,7,daylight,0,dry,0,6,2,0,1,1,0,0,0,3,slightly_injured
2018,8,Tue,3,52.6154803,13.44506515,morning,7,daylight,0,dry,0,2,6,0,1,0,0,0,0,3,slightly_injured
2018,8,Fri,6,52.5024262,13.34056345,afternoon,12,daylight,0,dry,0,6,2,0,1,1,0,0,0,3,slightly_injured
2018,8,Tue,3,52.47241702,13.44583501,afternoon,15,daylight,0,dry,0,6,4,0,1,1,0,0,0,2,seriously_injured
2018,8,Tue,3,52.53918687,13.19797274,afternoon,15,daylight,0,dry,0,0,7,1,0,0,0,0,0,2,seriously_injured
2018,8,Fri,6,52.54662679,13.34508473,afternoon,17,daylight,0,dry,0,5,2,1,1,0,0,0,0,3,slightly_injured
2018,8,Tue,3,52.45423689,13.31796062,afternoon,15,daylight,0,dry,0,0,1,0,0,0,1,0,0,3,slightly_injured
2018,8,Tue,3,52.48581296,13.34957327,afternoon,14,daylight,0,dry,0,3,3,1,1,0,0,0,0,3,slightly_injured
2018,8,Fri,6,52.51557132,13.17728505,afternoon,17,daylight,0,dry,0,5,3,1,1,0,0,0,0,3,slightly_injured
2018,8,Fri,6,52.4264281,13.43519656,afternoon,17,daylight,0,dry,0,5,2,0,1,0,1,0,0,3,slightly_injured
2018,8,Tue,3,52.53380549,13.55216281,afternoon,12,daylight,0,dry,0,0,7,1,0,0,0,0,0,3,slightly_injured
2018,8,Fri,6,52.54996447,13.38739031,afternoon,17,daylight,0,dry,0,6,4,0,1,1,0,0,0,3,slightly_injured
2018,8,Fri,6,52.52156989,13.43800224,afternoon,15,daylight,0,dry,0,6,4,0,1,1,0,0,0,3,slightly_injured
2018,8,Tue,3,52.42010221,13.28824926,morning,11,daylight,0,dry,0,0,7,0,0,0,1,0,1,3,slightly_injured
2018,8,Tue,3,52.52415491,13.40281493,evening,21,dark,2,dry,0,6,4,1,0,1,0,0,0,3,slightly_injured
2018,8,Fri,6,52.49127694,13.31680433,afternoon,15,daylight,0,dry,0,5,3,1,1,0,0,0,0,3,slightly_injured
2018,8,Tue,3,52.49291786,13.38327463,evening,18,daylight,0,dry,0,1,5,1,1,0,0,0,0,3,slightly_injured
2018,8,Fri,6,52.54955394,13.44109956,afternoon,14,daylight,0,dry,0,6,2,0,1,1,0,0,0,3,slightly_injured
2018,8,Tue,3,52.46635798,13.33002094,evening,18,daylight,0,dry,0,0,3,1,1,0,0,0,0,3,slightly_injured
2018,8,Fri,6,52.42488723,13.37306942,afternoon,15,daylight,0,dry,0,5,3,0,1,0,0,0,0,3,slightly_injured
2018,8,Fri,6,52.51454388,13.43173046,afternoon,14,daylight,0,dry,0,6,3,0,1,1,0,0,0,3,slightly_injured
2018,8,Tue,3,52.51076054,13.45165494,afternoon,17,daylight,0,dry,0,3,6,0,0,0,1,0,1,2,seriously_injured
2018,8,Tue,3,52.59153662,13.34602243,afternoon,17,daylight,0,dry,0,5,2,1,1,0,0,0,0,2,seriously_injured
2018,8,Fri,6,52.56940152,13.3286089,afternoon,14,daylight,0,dry,0,5,2,1,1,0,0,0,0,3,slightly_injured
2018,8,Tue,3,52.49311417,13.52623434,evening,22,dark,2,dry,0,2,6,1,0,0,0,0,1,2,seriously_injured
2018,8,Fri,6,52.54812398,13.29674626,afternoon,13,daylight,0,dry,0,5,3,0,1,0,0,0,0,3,slightly_injured
2018,8,Tue,3,52.48118797,13.45219949,afternoon,16,daylight,0,dry,0,5,3,0,1,0,0,0,1,3,slightly_injured
2018,8,Tue,3,52.41822171,13.41688292,morning,7,daylight,0,dry,0,5,2,0,0,0,1,1,0,1,killed
2018,8,Fri,6,52.52651824,13.39841414,afternoon,13,daylight,0,dry,0,5,7,1,1,0,0,0,0,3,slightly_injured
2018,8,Mon,2,52.43879385,13.55300497,morning,10,daylight,0,dry,0,1,5,1,1,0,0,0,0,3,slightly_injured
2018,8,Fri,6,52.43122156,13.55354114,afternoon,15,daylight,0,dry,0,2,6,0,1,0,0,0,0,3,slightly_injured
2018,8,Mon,2,52.52531382,13.36556482,afternoon,15,daylight,0,dry,0,0,2,0,1,0,1,0,0,3,slightly_injured
2018,8,Fri,6,52.43029976,13.45566806,afternoon,17,daylight,0,dry,0,2,6,0,1,0,0,0,0,3,slightly_injured
2018,8,Fri,6,52.44256694,13.58273074,afternoon,16,daylight,0,dry,0,2,6,0,1,0,0,0,0,3,slightly_injured
2018,8,Mon,2,52.47618717,13.52244251,afternoon,16,daylight,0,dry,0,2,6,0,1,0,0,0,0,3,slightly_injured
2018,8,Mon,2,52.51033394,13.40293649,evening,22,dark,2,dry,0,6,4,1,0,1,0,0,0,3,slightly_injured
2018,8,Fri,6,52.53963354,13.19844291,afternoon,13,daylight,0,dry,0,2,2,1,1,0,0,0,0,2,seriously_injured
2018,8,Mon,2,52.5287596,13.41000969,evening,20,dusk,1,dry,0,2,6,0,1,0,1,0,0,3,slightly_injured
2018,8,Mon,2,52.46416439,13.43325824,evening,18,daylight,0,dry,0,6,4,0,1,1,0,0,0,3,slightly_injured
2018,8,Fri,6,52.63353455,13.49884463,afternoon,14,daylight,0,dry,0,5,3,0,1,0,0,0,1,3,slightly_injured
2018,8,Fri,6,52.52944943,13.37922529,evening,19,dusk,1,dry,0,9,1,0,1,0,0,0,0,3,slightly_injured
2018,8,Mon,2,52.52974974,13.3801666,evening,18,daylight,0,dry,0,3,6,1,0,0,1,0,0,3,slightly_injured
2018,8,Fri,6,52.5438452,13.42653588,afternoon,13,daylight,0,dry,0,5,3,1,0,0,0,0,0,3,slightly_injured
2018,9,Mon,2,52.52940647,13.40151644,afternoon,17,daylight,0,dry,0,2,7,1,0,0,0,0,1,3,slightly_injured
2018,8,Fri,6,52.50031541,13.27409553,evening,22,dark,2,dry,0,3,6,0,1,0,1,0,0,2,seriously_injured
2018,8,Mon,2,52.49071439,13.41696399,evening,18,daylight,0,dry,0,2,6,0,1,0,1,0,0,3,slightly_injured
2018,8,Fri,6,52.51569038,13.49868862,evening,21,dark,2,dry,0,0,6,1,0,0,0,0,1,3,slightly_injured
2018,8,Fri,6,52.55480335,13.37154872,evening,21,dark,2,dry,0,1,7,0,1,0,0,0,0,3,slightly_injured
2018,8,Mon,2,52.45256759,13.44505607,evening,18,daylight,0,dry,0,5,3,1,1,0,0,0,0,3,slightly_injured
2018,8,Mon,2,52.46891168,13.51460507,afternoon,17,daylight,0,dry,0,2,2,0,1,0,0,0,0,3,slightly_injured
2018,8,Fri,6,52.53224335,13.40624423,evening,21,dark,2,dry,0,2,2,1,1,0,0,0,0,3,slightly_injured
2018,8,Mon,2,52.48712129,13.33311693,afternoon,17,daylight,0,dry,0,5,2,1,0,0,0,0,0,3,slightly_injured
2018,9,Mon,2,52.49252327,13.371594,afternoon,16,daylight,0,dry,0,6,4,1,0,1,0,0,0,3,slightly_injured
2018,8,Mon,2,52.48624327,13.45039122,afternoon,17,daylight,0,dry,0,5,2,0,1,0,1,0,0,3,slightly_injured
2018,8,Fri,6,52.54513356,13.19475607,evening,20,dark,2,dry,0,0,6,0,0,0,1,0,0,3,slightly_injured
2018,8,Fri,6,52.41039484,13.49857605,evening,19,daylight,0,dry,0,5,3,1,0,0,0,0,1,3,slightly_injured
2018,8,Mon,2,52.4430086,13.43416942,afternoon,17,daylight,0,dry,0,5,2,1,1,0,0,0,0,3,slightly_injured
2018,8,Fri,6,52.49847108,13.40658489,evening,18,daylight,0,dry,0,5,3,1,0,0,1,0,0,2,seriously_injured
2018,8,Fri,6,52.5118844,13.62417792,evening,18,daylight,0,dry,0,5,3,1,1,0,0,0,0,3,slightly_injured
2018,8,Mon,2,52.50001247,13.42387257,afternoon,15,daylight,0,dry,0,2,6,1,1,0,0,0,0,3,slightly_injured
2018,8,Mon,2,52.5094256,13.46710234,evening,18,daylight,0,dry,0,0,1,0,0,0,1,0,0,3,slightly_injured
2018,8,Fri,6,52.48586327,13.4311472,afternoon,17,daylight,0,dry,0,2,6,0,1,0,0,0,1,3,slightly_injured
2018,8,Fri,6,52.52928461,13.45899852,morning,10,daylight,0,dry,0,5,2,1,0,0,0,0,1,3,slightly_injured
2018,8,Mon,2,52.60078581,13.35691426,evening,18,dusk,1,dry,0,5,3,0,1,0,0,0,0,3,slightly_injured
2018,8,Mon,2,52.49647009,13.48647715,evening,19,dusk,1,dry,0,8,1,0,0,0,1,0,0,2,seriously_injured
2018,8,Fri,6,52.39132066,13.41244531,morning,10,daylight,0,dry,0,1,5,1,1,0,0,0,0,3,slightly_injured
2018,8,Mon,2,52.52458721,13.42182473,afternoon,15,daylight,0,dry,0,0,6,0,1,0,0,0,0,3,slightly_injured
2018,9,Mon,2,52.42069609,13.42773334,afternoon,17,daylight,0,dry,0,2,2,1,1,0,0,0,0,3,slightly_injured
2018,8,Mon,2,52.49975117,13.38881176,afternoon,17,daylight,0,dry,0,5,3,1,1,0,0,0,0,3,slightly_injured
2018,8,Fri,6,52.49797681,13.30610683,morning,10,daylight,0,dry,0,0,6,0,1,0,0,0,1,3,slightly_injured
2018,8,Sun,1,52.55715243,13.37314302,afternoon,14,daylight,0,dry,0,2,6,1,1,0,0,0,0,3,slightly_injured
2018,8,Fri,6,52.46790421,13.48987895,morning,9,daylight,0,dry,0,2,6,0,1,0,0,0,0,3,slightly_injured
2018,8,Mon,2,52.58217037,13.41080733,afternoon,17,daylight,0,dry,0,5,7,0,1,0,1,0,0,2,seriously_injured