ujahr,umonat,weekday,uwochentag,long,lat,time_of_day,ustunde,light_condition,ulichtverh,street_condition,ustrzustand,uart,utyp1,ist_rad,ist_pkw,ist_fuss,ist_krad,ist_gkfz,ist_sonstige,ukategorie,accident_outcome
2018,8,Fri,6,52.48104968,13.34488091,morning,9,daylight,0,dry,0,2,6,0,1,0,0,0,0,3,slightly_injured
2018,8,Mon,2,52.54205396,13.34942145,morning,7,daylight,0,dry,0,5,3,0,1,0,0,0,0,3,slightly_injured
2018,9,Mon,2,52.56168422,13.32605593,afternoon,15,daylight,0,dry,0,5,2,0,1,0,1,0,0,3,slightly_injured
2018,8,Mon,2,52.52298524,13.4770643,morning,7,daylight,0,dry,0,6,4,0,1,1,0,0,0,3,slightly_injured
2018,8,Fri,6,52.4984535,13.44683217,morning,9,daylight,0,dry,0,6,4,1,0,1,0,0,0,2,seriously_injured
2018,8,Mon,2,52.48280798,13.43458461,morning,8,daylight,0,dry,0,5,2,1,1,0,0,0,0,3,slightly_injured
2018,9,Mon,2,52.52209143,13.17001911,afternoon,13,daylight,0,dry,0,5,3,1,1,0,0,0,0,2,seriously_injured
2018,8,Fri,6,52.54389053,13.34703928,morning,9,daylight,0,dry,0,3,6,1,1,0,0,0,0,3,slightly_injured
2018,8,Mon,2,52.50773418,13.37248047,night,2,dark,2,dry,0,6,4,0,1,1,0,0,0,2,seriously_injured
2018,8,Mon,2,52.53337903,13.19545228,morning,8,daylight,0,dry,0,5,3,0,1,0,0,0,0,3,slightly_injured
2018,8,Fri,6,52.51885234,13.42866432,morning,8,daylight,0,dry,0,3,6,0,1,0,0,0,0,3,slightly_injured
2018,8,Mon,2,52.50447846,13.3823267,morning,8,daylight,0,dry,0,0,1,0,0,0,1,0,0,3,slightly_injured
2018,8,Fri,6,52.59056211,13.29204529,morning,8,daylight,0,dry,0,5,2,0,1,0,1,0,0,2,seriously_injured
2018,8,Mon,2,52.54768092,13.4131792,morning,9,daylight,0,dry,0,2,2,1,1,0,0,0,0,3,slightly_injured
2018,8,Fri,6,52.50625799,13.32180021,morning,7,daylight,0,dry,0,5,7,0,1,0,1,0,0,3,slightly_injured
2018,8,Fri,6,52.5048325,13.49520559,morning,7,daylight,0,dry,0,5,3,1,0,0,0,0,0,3,slightly_injured
2018,8,Mon,2,52.53238649,13.39904331,morning,11,daylight,0,dry,0,3,6,0,1,0,1,0,0,3,slightly_injured
2018,8,Mon,2,52.49689017,13.40544482,morning,11,daylight,0,dry,0,0,6,1,0,0,0,0,0,3,slightly_injured
2018,8,Mon,2,52.48647475,13.42899296,afternoon,12,daylight,0,dry,0,5,2,1,1,0,0,0,0,3,slightly_injured
2018,8,Fri,6,52.44269035,13.56914825,morning,7,daylight,0,dry,0,5,3,0,1,0,1,0,0,3,slightly_injured
2018,8,Mon,2,52.45806989,13.28962977,afternoon,13,daylight,0,dry,0,6,4,0,1,1,0,0,0,3,slightly_injured
2018,8,Fri,6,52.56410779,13.54380022,morning,6,dusk,1,dry,0,0,6,0,0,0,1,0,1,3,slightly_injured
2018,8,Mon,2,52.50766203,13.29884482,morning,9,daylight,0,dry,0,5,2,0,1,0,1,0,0,3,slightly_injured
2018,8,Fri,6,52.54262012,13.46942157,night,5,dusk,1,dry,0,5,2,1,1,0,0,0,0,3,slightly_injured
2018,8,Fri,6,52.5445539,13.42260897,morning,8,daylight,0,dry,0,5,3,1,0,0,0,0,1,2,seriously_injured
2018,8,Mon,2,52.51138389,13.26879721,evening,18,daylight,0,dry,0,5,2,0,1,0,0,0,0,3,slightly_injured
2018,8,Fri,6,52.39442853,13.41306821,morning,11,daylight,0,dry,0,5,2,1,1,0,0,0,0,2,seriously_injured
2018,8,Fri,6,52.42877334,13.32854701,morning,11,daylight,0,dry,0,0,1,0,0,0,1,0,0,3,slightly_injured
2018,8,Mon,2,52.4444424,13.57157058,afternoon,14,daylight,0,dry,0,2,6,1,1,0,0,0,0,3,slightly_injured
2018,8,Mon,2,52.525785,13.31427434,morning,8,daylight,0,dry,0,5,2,1,1,0,0,0,0,3,slightly_injured
2018,8,Thu,5,52.47749063,13.28066671,afternoon,13,daylight,0,dry,0,6,7,0,1,1,0,0,0,3,slightly_injured
2018,8,Mon,2,52.45302256,13.52387736,afternoon,15,daylight,0,dry,0,5,3,0,1,0,1,0,0,3,slightly_injured
2018,8,Mon,2,52.43833146,13.50737338,afternoon,15,daylight,0,dry,0,2,2,1,1,0,0,0,0,3,slightly_injured
2018,8,Thu,5,52.56157567,13.15800636,morning,9,daylight,0,wet,1,5,5,0,1,0,1,0,0,3,slightly_injured
2018,8,Thu,5,52.51847135,13.28264629,morning,9,daylight,0,wet,1,2,6,0,1,0,0,0,0,3,slightly_injured
2018,8,Mon,2,52.56881892,13.52059122,afternoon,15,daylight,0,dry,0,6,2,0,1,1,0,0,0,3,slightly_injured
2018,8,Thu,5,52.56289557,13.36565313,morning,10,daylight,0,wet,1,3,6,0,1,0,0,0,0,3,slightly_injured
2018,8,Thu,5,52.51637921,13.38083081,morning,10,daylight,0,wet,1,5,2,1,1,0,0,0,0,3,slightly_injured
2018,8,Mon,2,52.52639552,13.39337281,afternoon,15,daylight,0,dry,0,5,3,0,1,0,0,0,0,3,slightly_injured
2018,8,Mon,2,52.45036574,13.50823116,afternoon,15,daylight,0,dry,0,5,3,0,1,0,1,0,0,3,slightly_injured
2018,8,Thu,5,52.46058355,13.5345607,morning,11,daylight,0,wet,1,5,3,1,1,0,0,0,0,3,slightly_injured
2018,8,Mon,2,52.57979417,13.31727063,afternoon,16,daylight,0,dry,0,2,6,0,1,0,0,0,0,3,slightly_injured
2018,8,Mon,2,52.51083147,13.37780458,afternoon,14,daylight,0,dry,0,5,7,0,1,0,0,0,0,3,slightly_injured
2018,8,Thu,5,52.50974807,13.42124868,morning,11,daylight,0,wet,1,5,2,1,0,0,0,1,0,3,slightly_injured
2018,8,Mon,2,52.59151759,13.2241912,morning,10,daylight,0,dry,0,4,6,0,1,0,0,0,0,2,seriously_injured
2018,8,Thu,5,52.47957427,13.28528264,morning,11,daylight,0,wet,1,5,2,0,1,0,0,0,1,3,slightly_injured
2018,8,Mon,2,52.57226838,13.41502201,morning,11,daylight,0,wet,1,0,1,0,0,0,1,0,0,3,slightly_injured
2018,8,Mon,2,52.47152975,13.29839768,night,5,dusk,1,dry,0,0,1,0,0,0,1,0,0,3,slightly_injured
2018,8,Thu,5,52.50520093,13.33238377,morning,9,daylight,0,dry,0,3,6,1,0,0,0,0,1,3,slightly_injured
2018,8,Thu,5,52.46483361,13.34405222,afternoon,12,daylight,0,wet,1,5,7,1,1,0,0,0,0,3,slightly_injured
2018,8,Mon,2,52.4413979,13.59333566,afternoon,17,daylight,0,dry,0,0,1,0,0,0,1,0,1,3,slightly_injured
2018,8,Thu,5,52.39141918,13.38578393,afternoon,14,daylight,0,dry,0,5,3,0,1,0,0,0,0,3,slightly_injured
2018,8,Thu,5,52.39384719,13.40411783,morning,9,daylight,0,dry,0,5,3,1,1,0,0,0,0,3,slightly_injured
2018,8,Sun,1,52.51886648,13.28766081,afternoon,14,daylight,0,dry,0,2,6,0,1,0,0,0,0,3,slightly_injured
2018,8,Sun,1,52.54288085,13.36990411,evening,18,daylight,0,dry,0,5,2,1,1,0,0,0,0,3,slightly_injured
2018,8,Thu,5,52.5956768,13.33626129,morning,9,daylight,0,wet,1,2,6,0,1,0,0,0,0,3,slightly_injured
2018,8,Sun,1,52.49851918,13.43127464,morning,10,daylight,0,dry,0,6,4,0,1,1,0,0,0,3,slightly_injured
2018,8,Thu,5,52.5010028,13.44450354,morning,9,daylight,0,wet,1,5,2,1,1,0,0,0,0,3,slightly_injured
2018,8,Sun,1,52.46559278,13.3290064,afternoon,12,daylight,0,dry,0,6,7,0,0,1,1,0,0,3,slightly_injured
2018,9,Thu,5,52.57606651,13.31900359,afternoon,17,daylight,0,dry,0,5,2,1,1,0,0,0,0,2,seriously_injured
2018,9,Tue,3,52.43200249,13.49455404,morning,6,dark,2,dry,0,2,6,0,1,0,1,0,0,2,seriously_injured
2018,9,Thu,5,52.50147453,13.41858866,afternoon,17,daylight,0,dry,0,1,5,1,1,0,0,0,0,3,slightly_injured
2018,9,Thu,5,52.44649972,13.43448215,afternoon,17,daylight,0,dry,0,5,2,1,1,0,0,0,0,3,slightly_injured
2018,9,Tue,3,52.53834252,13.21162911,night,5,dusk,1,dry,0,3,6,0,1,0,1,0,0,3,slightly_injured
2018,9,Tue,3,52.44915245,13.32292582,afternoon,13,daylight,0,dry,0,5,3,1,1,0,0,0,0,3,slightly_injured
2018,9,Thu,5,52.48989738,13.53470765,afternoon,16,daylight,0,dry,0,2,6,0,1,0,0,0,0,2,seriously_injured
2018,9,Tue,3,52.58205257,13.40972548,night,5,dark,2,wet,1,5,7,0,1,0,1,0,0,3,slightly_injured
2018,9,Thu,5,52.62070721,13.43025912,afternoon,15,daylight,0,dry,0,2,6,0,1,0,0,0,0,3,slightly_injured
2018,9,Tue,3,52.53259963,13.32650876,afternoon,12,daylight,0,dry,0,6,2,0,1,1,0,0,0,3,slightly_injured
2018,9,Thu,5,52.49795485,13.39203229,afternoon,15,daylight,0,dry,0,3,6,1,0,0,0,0,1,3,slightly_injured
2018,9,Thu,5,52.58451615,13.22693084,evening,18,daylight,0,dry,0,5,3,0,1,0,0,0,0,3,slightly_injured
2018,9,Tue,3,52.50387531,13.30424369,morning,11,daylight,0,dry,0,2,6,0,0,0,1,0,1,3,slightly_injured
2018,9,Tue,3,52.56270813,13.4218298,morning,11,daylight,0,dry,0,5,3,1,0,0,0,0,1,2,seriously_injured
2018,9,Tue,3,52.5466086,13.60369343,morning,11,daylight,0,dry,0,5,2,1,1,0,0,0,0,3,slightly_injured
2018,9,Thu,5,52.52395147,13.4111639,afternoon,14,daylight,0,dry,0,2,6,0,1,0,1,0,1,3,slightly_injured
2018,9,Thu,5,52.49628255,13.34601685,afternoon,14,daylight,0,dry,0,0,4,0,0,1,0,0,1,3,slightly_injured
2018,9,Tue,3,52.56064562,13.37149241,morning,9,daylight,0,dry,0,5,3,0,1,0,0,0,0,3,slightly_injured
2018,9,Tue,3,52.63774084,13.49135095,morning,9,daylight,0,dry,0,5,3,1,1,0,0,0,0,3,slightly_injured
2018,9,Tue,3,52.53412257,13.49619699,afternoon,15,daylight,0,dry,0,2,6,0,1,0,0,0,0,3,slightly_injured
2018,9,Thu,5,52.55564415,13.43407197,afternoon,14,daylight,0,dry,0,5,3,0,1,0,1,0,0,3,slightly_injured
2018,9,Tue,3,52.50437989,13.38865823,morning,9,daylight,0,dry,0,1,5,0,1,0,0,0,0,3,slightly_injured
2018,9,Tue,3,52.4641414,13.51074978,morning,8,daylight,0,dry,0,5,2,1,1,0,0,0,0,2,seriously_injured
2018,9,Thu,5,52.51156384,13.37688814,afternoon,13,daylight,0,dry,0,3,6,1,1,0,0,0,0,3,slightly_injured
2018,9,Tue,3,52.49825645,13.29817727,morning,9,daylight,0,dry,0,2,6,0,1,0,0,0,0,3,slightly_injured
2018,9,Thu,5,52.40509545,13.53137527,afternoon,13,daylight,0,dry,0,5,3,0,1,0,0,0,0,3,slightly_injured
2018,9,Thu,5,52.50615267,13.2955683,morning,10,daylight,0,dry,0,6,4,0,1,1,0,0,0,3,slightly_injured
2018,9,Tue,3,52.56515747,13.40074665,morning,9,daylight,0,dry,0,6,4,0,1,1,0,0,0,3,slightly_injured
2018,9,Tue,3,52.51819586,13.4278591,afternoon,13,daylight,0,dry,0,2,6,0,1,0,0,0,0,3,slightly_injured
2018,9,Thu,5,52.50462906,13.47437452,morning,10,daylight,0,dry,0,5,3,1,1,0,0,0,0,3,slightly_injured
2018,9,Tue,3,52.52957161,13.43683341,afternoon,13,daylight,0,dry,0,5,3,0,1,0,1,0,0,3,slightly_injured
2018,9,Mon,2,52.44153594,13.35333762,afternoon,17,daylight,0,dry,0,5,7,0,1,0,0,0,0,3,slightly_injured
2018,9,Thu,5,52.50124684,13.41940403,morning,9,daylight,0,dry,0,0,2,1,1,0,0,0,0,3,slightly_injured
2018,9,Thu,5,52.52433126,13.40847711,morning,9,daylight,0,dry,0,2,7,1,1,0,0,0,0,3,slightly_injured
2018,9,Mon,2,52.49536803,13.29850814,afternoon,13,daylight,0,dry,0,0,1,1,1,0,0,0,0,3,slightly_injured
2018,9,Thu,5,52.6260391,13.49588229,morning,9,daylight,0,dry,0,5,3,0,1,0,0,0,0,3,slightly_injured
2018,9,Thu,5,52.49051453,13.40038809,morning,8,daylight,0,dry,0,5,2,1,1,0,0,0,0,3,slightly_injured
2018,9,Thu,5,52.49193897,13.35328386,morning,8,daylight,0,dry,0,3,2,1,0,0,1,0,0,3,slightly_injured
2018,9,Mon,2,52.43895081,13.26262416,evening,18,daylight,0,dry,0,2,6,0,1,0,0,0,0,3,slightly_injured
2018,9,Thu,5,52.49066107,13.32306378,morning,7,daylight,0,dry,0,5,2,1,1,0,0,0,0,3,slightly_injured
2018,9,Thu,5,52.48626725,13.31380983,morning,7,daylight,0,dry,0,5,3,1,0,0,0,0,0,3,slightly_injured
2018,9,Mon,2,52.50090328,13.4422631,evening,18,daylight,0,dry,0,5,2,1,1,0,0,0,0,3,slightly_injured
2018,9,Mon,2,52.51345671,13.33158914,afternoon,17,daylight,0,dry,0,5,2,1,1,0,0,0,0,3,slightly_injured
2018,9,Thu,5,52.5632478,13.21456402,morning,6,daylight,0,dry,0,5,2,0,1,0,1,0,0,3,slightly_injured
2018,9,Mon,2,52.46513299,13.16277532,afternoon,17,daylight,0,dry,0,2,6,0,1,0,0,0,1,3,slightly_injured
2018,9,Thu,5,52.49951837,13.30385396,afternoon,13,daylight,0,dry,0,5,3,0,1,0,0,0,1,3,slightly_injured
2018,9,Thu,5,52.4472271,13.40263124,morning,11,daylight,0,dry,0,3,6,1,0,0,0,0,0,3,slightly_injured
2018,9,Mon,2,52.51190423,13.24051682,afternoon,17,daylight,0,dry,0,3,2,0,1,0,1,0,0,3,slightly_injured
2018,9,Thu,5,52.5615494,13.55175409,afternoon,13,daylight,0,dry,0,5,3,1,1,0,0,0,0,3,slightly_injured
2018,9,Thu,5,52.5046121,13.34278414,morning,9,daylight,0,dry,0,5,2,1,1,1,0,0,0,3,slightly_injured
2018,9,Mon,2,52.48046489,13.31278228,afternoon,16,daylight,0,dry,0,5,2,0,1,0,1,0,0,2,seriously_injured
2018,9,Mon,2,52.53242665,13.37910996,afternoon,16,daylight,0,dry,0,6,4,0,1,1,0,0,0,2,seriously_injured
2018,9,Thu,5,52.47085497,13.42947006,afternoon,13,daylight,0,dry,0,2,2,1,1,0,0,0,0,3,slightly_injured
2018,9,Mon,2,52.58939539,13.3697741,afternoon,15,daylight,0,dry,0,5,3,1,1,0,0,0,0,3,slightly_injured
2018,9,Mon,2,52.54491423,13.39076352,afternoon,15,daylight,0,dry,0,2,6,0,1,0,1,0,0,3,slightly_injured
2018,9,Mon,2,52.41731293,13.31490723,afternoon,14,daylight,0,dry,0,2,6,0,1,0,0,0,1,3,slightly_injured
2018,9,Thu,5,52.49585684,13.30311737,morning,9,daylight,0,dry,0,5,2,0,1,0,1,0,0,2,seriously_injured
2018,9,Mon,2,52.54630585,13.57188189,afternoon,14,daylight,0,dry,0,5,2,1,1,0,0,0,0,3,slightly_injured
2018,9,Mon,2,52.43724266,13.27243913,afternoon,13,daylight,0,dry,0,5,2,1,1,0,0,0,0,2,seriously_injured
2018,9,Thu,5,52.5068811,13.39240815,morning,8,daylight,0,dry,0,5,3,0,1,0,1,0,0,3,slightly_injured
2018,9,Tue,3,52.48931595,13.52766228,morning,8,daylight,0,dry,0,2,6,0,0,0,0,1,0,3,slightly_injured
2018,9,Thu,5,52.46537105,13.4475094,morning,8,daylight,0,dry,0,9,1,0,1,0,0,0,0,3,slightly_injured
2018,9,Mon,2,52.46779124,13.4427307,afternoon,12,daylight,0,dry,0,3,6,1,0,0,0,1,0,3,slightly_injured
2018,9,Thu,5,52.44945598,13.44513289,morning,7,daylight,0,dry,0,5,3,1,0,0,0,0,0,2,seriously_injured
2018,9,Thu,5,52.53608742,13.60215576,afternoon,13,daylight,0,dry,0,5,3,1,1,0,0,0,0,3,slightly_injured
2018,9,Mon,2,52.53837919,13.21400263,afternoon,12,daylight,0,dry,0,2,2,0,1,0,0,0,1,3,slightly_injured
2018,9,Mon,2,52.48641582,13.32144137,afternoon,12,daylight,0,dry,0,3,6,0,0,0,1,0,1,3,slightly_injured
2018,9,Tue,3,52.5009253,13.44202901,afternoon,14,daylight,0,dry,0,3,6,0,1,0,0,1,0,3,slightly_injured
2018,9,Thu,5,52.45555704,13.37540114,afternoon,12,daylight,0,dry,0,5,2,0,1,0,0,0,0,3,slightly_injured
2018,9,Mon,2,52.47815862,13.42591625,morning,11,daylight,0,dry,0,6,4,0,0,1,0,0,1,3,slightly_injured
2018,9,Tue,3,52.5624309,13.32844698,morning,8,daylight,0,dry,0,5,2,1,0,0,0,1,0,3,slightly_injured
2018,9,Thu,5,52.61031577,13.25423576,afternoon,12,daylight,0,dry,0,0,7,1,1,0,0,0,0,2,seriously_injured
2018,9,Mon,2,52.49878212,13.41674408,afternoon,14,daylight,0,dry,0,2,6,0,1,0,0,0,0,3,slightly_injured
2018,9,Thu,5,52.53955424,13.27090975,afternoon,12,daylight,0,dry,0,5,3,0,1,0,0,0,0,2,seriously_injured
2018,9,Thu,5,52.46205043,13.43475646,afternoon,12,daylight,0,dry,0,3,6,0,1,0,1,0,0,3,slightly_injured
2018,9,Mon,2,52.48564304,13.3401814,afternoon,16,daylight,0,dry,0,0,7,1,0,0,0,0,0,3,slightly_injured
2018,9,Tue,3,52.58825771,13.31690504,afternoon,15,daylight,0,dry,0,5,2,1,1,0,0,0,0,3,slightly_injured
2018,9,Thu,5,52.54304727,13.1578276,morning,11,daylight,0,dry,0,5,2,0,1,0,0,0,0,3,slightly_injured
2018,9,Mon,2,52.55733457,13.33999499,evening,20,dark,2,dry,0,6,4,0,1,1,0,0,0,2,seriously_injured
2018,9,Thu,5,52.43353233,13.49757973,morning,11,daylight,0,dry,0,3,6,1,0,0,0,0,0,3,slightly_injured
2018,9,Thu,5,52.45882953,13.37734583,morning,11,daylight,0,dry,0,1,3,0,1,0,0,0,1,3,slightly_injured
2018,9,Mon,2,52.47470758,13.50792792,morning,10,daylight,0,dry,0,2,6,0,1,0,0,0,0,3,slightly_injured
2018,9,Thu,5,52.5063804,13.31095894,morning,11,daylight,0,dry,0,2,2,0,1,0,0,0,0,3,slightly_injured
2018,9,Mon,2,52.49583715,13.31318715,morning,10,daylight,0,dry,0,5,3,1,1,0,0,0,0,3,slightly_injured
2018,9,Mon,2,52.58669245,13.31597783,morning,10,daylight,0,dry,0,2,6,0,1,0,0,0,0,3,slightly_injured
2018,9,Tue,3,52.55163638,13.44102984,afternoon,14,daylight,0,dry,0,0,1,1,0,0,0,0,0,2,seriously_injured
2018,9,Thu,5,52.54879259,13.22331423,morning,10,daylight,0,dry,0,2,6,1,0,0,0,0,1,3,slightly_injured
2018,9,Mon,2,52.52734462,13.19601915,morning,9,daylight,0,dry,0,5,3,1,1,0,0,0,0,3,slightly_injured
2018,9,Thu,5,52.44421508,13.2740033,morning,7,daylight,0,dry,0,6,7,1,0,1,0,0,0,3,slightly_injured
2018,9,Mon,2,52.50726024,13.39840351,morning,9,daylight,0,dry,0,2,6,0,1,0,0,0,0,3,slightly_injured
2018,9,Thu,5,52.48431333,13.38593332,afternoon,15,daylight,0,dry,0,3,6,0,0,0,0,0,1,2,seriously_injured
2018,9,Wed,4,52.52576442,13.53490079,morning,7,daylight,0,dry,0,2,7,0,1,0,0,0,0,3,slightly_injured
2018,9,Mon,2,52.48324941,13.37705713,morning,9,daylight,0,dry,0,3,6,1,1,0,0,0,0,3,slightly_injured
2018,9,Mon,2,52.5338847,13.2826018,afternoon,16,daylight,0,dry,0,5,2,1,1,0,0,0,0,3,slightly_injured
2018,9,Wed,4,52.49346483,13.28510424,morning,11,daylight,0,dry,0,2,6,0,1,0,0,0,0,3,slightly_injured
2018,9,Mon,2,52.56841228,13.57507387,morning,9,daylight,0,dry,0,6,4,0,1,1,0,0,0,2,seriously_injured
2018,9,Mon,2,52.55078336,13.56831985,evening,22,dark,2,dry,0,6,2,0,1,1,0,0,0,3,slightly_injured
2018,9,Mon,2,52.53081051,13.38391867,evening,21,dark,2,dry,0,5,7,0,1,0,1,0,0,3,slightly_injured
2018,9,Wed,4,52.55875701,13.38630721,evening,18,daylight,0,dry,0,0,2,1,1,0,0,0,0,3,slightly_injured
2018,9,Wed,4,52.53973322,13.40123131,evening,20,dark,2,dry,0,3,6,0,1,0,1,0,0,3,slightly_injured
2018,9,Mon,2,52.53144414,13.3819652,evening,21,dark,2,dry,0,5,2,1,1,0,0,0,0,3,slightly_injured
2018,9,Wed,4,52.43546164,13.28075542,evening,18,daylight,0,dry,0,2,6,0,1,0,1,0,0,3,slightly_injured
2018,9,Wed,4,52.42893165,13.55074997,evening,20,dusk,1,dry,0,5,2,1,1,0,0,0,0,3,slightly_injured
2018,9,Mon,2,52.61093562,13.33548003,evening,20,dark,2,dry,0,5,7,0,1,0,0,0,1,3,slightly_injured
2018,9,Mon,2,52.55262761,13.51844501,evening,19,dark,2,dry,0,2,6,0,1,0,0,0,0,3,slightly_injured
2018,9,Wed,4,52.50192066,13.29921666,evening,19,daylight,0,dry,0,1,5,0,1,0,1,0,0,3,slightly_injured
2018,9,Mon,2,52.51420854,13.56279939,evening,19,dusk,1,dry,0,2,3,1,1,0,0,0,0,3,slightly_injured
2018,9,Fri,6,52.53126575,13.38523367,morning,9,daylight,0,dry,0,5,3,1,0,0,0,0,0,3,slightly_injured
2018,9,Tue,3,52.46945175,13.23629733,afternoon,16,daylight,0,dry,0,5,2,1,1,0,0,0,0,3,slightly_injured
2018,9,Mon,2,52.525685,13.30380917,evening,19,daylight,0,dry,0,0,3,0,1,0,1,0,0,3,slightly_injured
2018,9,Wed,4,52.56034416,13.21068095,evening,18,daylight,0,dry,0,0,7,1,0,0,0,0,0,2,seriously_injured
2018,9,Wed,4,52.44819003,13.38007189,evening,18,daylight,0,dry,0,3,5,0,1,0,0,0,0,3,slightly_injured
2018,9,Mon,2,52.39475599,13.4191531,evening,19,daylight,0,dry,0,0,4,0,0,1,0,0,1,3,slightly_injured
2018,9,Wed,4,52.5649256,13.32433169,afternoon,17,daylight,0,dry,0,5,2,1,1,0,0,0,0,3,slightly_injured
2018,9,Mon,2,52.49812676,13.2974918,morning,9,daylight,0,dry,0,3,6,0,0,0,0,0,1,3,slightly_injured
2018,9,Wed,4,52.51113086,13.40122029,afternoon,17,daylight,0,dry,0,0,3,0,1,0,1,0,0,3,slightly_injured
2018,9,Wed,4,52.4365861,13.34540208,afternoon,17,daylight,0,dry,0,2,6,0,1,0,1,0,0,3,slightly_injured
2018,9,Mon,2,52.50987967,13.35902965,morning,8,daylight,0,dry,0,5,3,1,1,0,0,0,0,3,slightly_injured
2018,9,Wed,4,52.47564749,13.45218466,afternoon,13,daylight,0,dry,0,2,6,0,1,0,0,0,1,3,slightly_injured
2018,9,Wed,4,52.53453683,13.50504777,afternoon,16,daylight,0,dry,0,2,6,0,1,0,0,0,0,3,slightly_injured
2018,9,Mon,2,52.51473186,13.31530435,morning,8,daylight,0,dry,0,5,2,0,1,0,0,0,0,3,slightly_injured
2018,9,Mon,2,52.45706137,13.5464157,evening,21,dark,2,dry,0,8,1,0,1,0,0,0,1,2,seriously_injured
2018,9,Wed,4,52.45247242,13.28520323,afternoon,16,daylight,0,dry,0,3,6,1,1,0,0,0,0,2,seriously_injured
2018,9,Mon,2,52.51577819,13.3890292,evening,21,dark,2,dry,0,0,1,1,0,0,0,0,0,2,seriously_injured
2018,9,Fri,6,52.58698938,13.37505086,morning,8,daylight,0,wet,1,2,7,0,0,0,1,0,1,3,slightly_injured
2018,9,Mon,2,52.51008708,13.45531271,evening,20,dusk,1,dry,0,0,1,1,0,0,0,0,0,2,seriously_injured
2018,9,Wed,4,52.41637688,13.37343944,afternoon,16,daylight,0,dry,0,5,3,1,1,0,0,0,0,3,slightly_injured
2018,9,Tue,3,52.45840553,13.36941017,afternoon,13,daylight,0,dry,0,0,1,0,0,0,1,0,0,3,slightly_injured
2018,9,Wed,4,52.4488914,13.49599502,afternoon,16,daylight,0,dry,0,2,6,0,1,0,1,0,0,3,slightly_injured
2018,9,Mon,2,52.41546393,13.53116591,morning,8,daylight,0,dry,0,2,2,1,1,0,0,0,0,3,slightly_injured
2018,9,Wed,4,52.46573513,13.38546269,afternoon,16,daylight,0,dry,0,5,3,0,1,0,1,0,0,3,slightly_injured
2018,9,Mon,2,52.43584208,13.25601759,morning,7,daylight,0,dry,0,5,2,1,1,0,0,0,0,3,slightly_injured
2018,9,Fri,6,52.51332955,13.47678418,afternoon,14,daylight,0,dry,0,5,2,1,1,0,0,0,0,3,slightly_injured
2018,9,Mon,2,52.50706364,13.34745573,morning,7,daylight,0,dry,0,0,4,1,0,1,0,0,0,3,slightly_injured
2018,9,Wed,4,52.59654473,13.37767472,afternoon,13,daylight,0,dry,0,5,3,0,1,0,0,0,1,3,slightly_injured
2018,9,Mon,2,52.45661038,13.56256396,night,5,dusk,1,dry,0,5,2,0,0,0,1,0,1,3,slightly_injured
2018,9,Mon,2,52.58826162,13.34082061,morning,9,daylight,0,dry,0,2,6,0,1,0,0,0,0,3,slightly_injured
2018,9,Wed,4,52.43022265,13.27658415,afternoon,13,daylight,0,dry,0,5,3,1,1,0,0,0,0,3,slightly_injured
2018,9,Mon,2,52.53353931,13.19568077,afternoon,16,daylight,0,dry,0,6,7,0,1,1,0,0,0,2,seriously_injured
2018,9,Fri,6,52.5104626,13.41853434,morning,8,daylight,0,wet,1,3,6,0,1,0,1,0,0,3,slightly_injured
2018,9,Wed,4,52.50089312,13.34694883,morning,10,daylight,0,dry,0,5,2,1,1,0,0,0,0,2,seriously_injured
2018,9,Sun,1,52.584315,13.40834984,afternoon,14,daylight,0,dry,0,5,3,1,1,0,0,0,0,3,slightly_injured
2018,9,Wed,4,52.51242083,13.37698613,morning,10,daylight,0,dry,0,5,2,1,1,0,0,0,0,3,slightly_injured
2018,9,Wed,4,52.50671306,13.27912358,afternoon,15,daylight,0,dry,0,6,4,0,0,1,1,0,0,2,seriously_injured
2018,9,Sun,1,52.4287459,13.43510217,afternoon,15,daylight,0,dry,0,3,6,0,1,0,0,0,0,3,slightly_injured
2018,9,Sun,1,52.53245756,13.14160237,afternoon,14,daylight,0,dry,0,5,2,0,1,0,0,0,0,3,slightly_injured
2018,9,Fri,6,52.51598252,13.31138155,afternoon,13,daylight,0,dry,0,2,6,0,1,0,1,0,0,3,slightly_injured
2018,9,Sun,1,52.5259894,13.47953314,afternoon,14,daylight,0,dry,0,1,7,0,1,0,0,0,0,3,slightly_injured
2018,9,Wed,4,52.42937639,13.45337625,afternoon,14,daylight,0,dry,0,2,6,0,1,0,0,0,0,3,slightly_injured
2018,9,Fri,6,52.52434904,13.38758675,afternoon,12,daylight,0,dry,0,1,5,1,1,0,0,0,0,3,slightly_injured
2018,9,Wed,4,52.5528134,13.3727125,morning,10,daylight,0,dry,0,1,5,0,1,0,0,0,0,3,slightly_injured
2018,9,Sun,1,52.44109842,13.28250521,afternoon,14,daylight,0,dry,0,5,5,0,1,0,0,0,0,3,slightly_injured