ujahr,umonat,weekday,uwochentag,long,lat,time_of_day,ustunde,light_condition,ulichtverh,street_condition,ustrzustand,uart,utyp1,ist_rad,ist_pkw,ist_fuss,ist_krad,ist_gkfz,ist_sonstige,ukategorie,accident_outcome
2018,9,Wed,4,52.57270387,13.38362257,afternoon,15,daylight,0,dry,0,0,3,1,1,0,0,0,0,3,slightly_injured
2018,9,Wed,4,52.47110067,13.45219229,afternoon,15,daylight,0,dry,0,5,2,1,1,0,0,0,0,3,slightly_injured
2018,9,Sun,1,52.48011479,13.19735433,afternoon,13,daylight,0,dry,0,5,2,1,1,0,0,0,0,2,seriously_injured
2018,9,Wed,4,52.54881499,13.45272952,afternoon,14,daylight,0,dry,0,6,4,0,1,1,0,0,0,3,slightly_injured
2018,9,Sun,1,52.51276675,13.45781348,afternoon,13,daylight,0,dry,0,5,3,0,1,0,0,0,0,3,slightly_injured
2018,9,Wed,4,52.55636237,13.38450157,afternoon,14,daylight,0,dry,0,6,4,0,1,1,0,0,0,3,slightly_injured
2018,9,Wed,4,52.53308754,13.32974381,afternoon,14,daylight,0,dry,0,5,3,1,1,0,0,0,0,3,slightly_injured
2018,9,Sun,1,52.52298639,13.19769361,morning,11,daylight,0,dry,0,5,2,1,1,0,0,0,0,3,slightly_injured
2018,9,Sun,1,52.46983982,13.3720305,morning,10,daylight,0,dry,0,5,2,0,1,0,0,0,1,3,slightly_injured
2018,9,Wed,4,52.48112918,13.42763795,afternoon,14,daylight,0,dry,0,5,3,0,1,0,1,0,0,3,slightly_injured
2018,9,Sun,1,52.46945986,13.23625505,morning,10,daylight,0,dry,0,5,3,1,0,0,0,0,0,3,slightly_injured
2018,9,Fri,6,52.51043929,13.38394658,morning,8,daylight,0,wet,1,1,5,1,1,0,0,0,0,3,slightly_injured
2018,9,Sun,1,52.4458619,13.56278151,evening,21,dark,2,dry,0,4,2,0,1,0,0,0,1,2,seriously_injured
2018,9,Wed,4,52.49505317,13.31117915,morning,10,daylight,0,dry,0,1,5,1,0,0,0,0,1,3,slightly_injured
2018,9,Wed,4,52.55480805,13.40885472,morning,9,daylight,0,dry,0,1,5,1,1,0,0,0,0,3,slightly_injured
2018,9,Sun,1,52.52384808,13.36092096,morning,7,daylight,0,dry,0,8,1,0,1,0,0,0,0,2,seriously_injured
2018,9,Wed,4,52.52632352,13.50150594,morning,9,daylight,0,dry,0,5,3,1,0,0,0,0,0,3,slightly_injured
2018,9,Wed,4,52.50192294,13.40939169,morning,8,daylight,0,dry,0,1,5,1,1,0,0,0,0,3,slightly_injured
2018,9,Sun,1,52.54949328,13.35047218,evening,21,dark,2,dry,0,0,7,0,1,0,1,0,0,3,slightly_injured
2018,9,Sun,1,52.45706996,13.54594447,morning,6,daylight,0,dry,0,1,1,0,1,0,0,0,0,2,seriously_injured
2018,9,Wed,4,52.59883745,13.27440787,morning,8,daylight,0,dry,0,0,1,1,0,0,0,0,0,3,slightly_injured
2018,9,Wed,4,52.44681892,13.40199228,morning,7,daylight,0,dry,0,5,2,1,1,0,0,0,0,3,slightly_injured
2018,9,Sun,1,52.41209662,13.25811423,evening,18,daylight,0,dry,0,5,2,0,1,0,1,0,0,3,slightly_injured
2018,9,Sun,1,52.50410891,13.34046231,afternoon,17,daylight,0,dry,0,1,5,1,1,0,0,0,1,3,slightly_injured
2018,9,Wed,4,52.50830893,13.25807891,night,5,dark,2,dry,0,0,2,1,0,0,0,0,1,3,slightly_injured
2018,9,Sun,1,52.51064856,13.43034291,night,1,dark,2,dry,0,0,1,1,0,0,0,0,0,3,slightly_injured
2018,9,Fri,6,52.49179143,13.39258738,morning,8,daylight,0,wet,1,5,3,0,1,0,1,0,0,3,slightly_injured
2018,9,Sun,1,52.53096529,13.40022381,morning,11,daylight,0,dry,0,0,1,1,0,0,0,0,0,2,seriously_injured
2018,9,Wed,4,52.46103846,13.41887113,night,0,dark,2,dry,0,5,3,0,1,0,1,0,0,2,seriously_injured
2018,9,Wed,4,52.49938243,13.42643565,evening,21,dark,2,dry,0,2,2,0,1,0,0,0,0,3,slightly_injured
2018,9,Sun,1,52.52659171,13.41545158,afternoon,16,daylight,0,dry,0,2,6,0,1,0,1,0,0,3,slightly_injured
2018,9,Wed,4,52.42089668,13.42760041,morning,10,daylight,0,dry,0,6,2,0,0,1,0,1,0,1,killed
2018,9,Tue,3,52.49112407,13.33079649,afternoon,17,daylight,0,dry,0,6,4,1,0,1,0,0,0,3,slightly_injured
2018,9,Sun,1,52.45604409,13.3803569,afternoon,15,daylight,0,dry,0,3,6,0,1,0,1,0,0,3,slightly_injured
2018,9,Sun,1,52.54777381,13.42874338,evening,20,dark,2,dry,0,5,2,0,1,0,1,0,0,2,seriously_injured
2018,9,Tue,3,52.58969311,13.36842012,afternoon,16,daylight,0,dry,0,5,3,0,1,0,1,0,0,3,slightly_injured
2018,9,Sun,1,52.48165398,13.52548681,afternoon,17,daylight,0,dry,0,0,1,1,0,0,0,0,0,2,seriously_injured
2018,9,Fri,6,52.44162812,13.4241693,morning,8,daylight,0,wet,1,5,2,0,1,0,1,0,0,2,seriously_injured
2018,9,Sat,7,52.52478099,13.40720399,evening,20,dusk,1,dry,0,6,4,1,0,1,0,0,0,3,slightly_injured
2018,9,Tue,3,52.42691899,13.44698459,afternoon,15,daylight,0,dry,0,5,2,1,1,0,0,0,0,3,slightly_injured
2018,9,Sat,7,52.54300975,13.23263638,afternoon,13,daylight,0,dry,0,1,1,0,1,0,0,0,0,3,slightly_injured
2018,9,Fri,6,52.53205281,13.62133949,morning,7,daylight,0,wet,1,5,3,0,1,0,0,0,0,3,slightly_injured
2018,9,Sat,7,52.60811688,13.41614364,afternoon,12,daylight,0,dry,0,6,7,0,1,1,0,0,0,3,slightly_injured
2018,9,Tue,3,52.48378838,13.57289632,afternoon,15,daylight,0,dry,0,5,3,1,1,0,0,0,0,3,slightly_injured
2018,9,Tue,3,52.58548923,13.28120996,afternoon,15,daylight,0,dry,0,5,2,1,1,0,0,0,0,3,slightly_injured
2018,9,Sat,7,52.48254982,13.45384123,afternoon,13,daylight,0,dry,0,5,3,0,1,0,0,0,0,3,slightly_injured
2018,9,Tue,3,52.54621435,13.37618287,afternoon,15,daylight,0,dry,0,6,4,1,0,1,0,0,0,3,slightly_injured
2018,9,Tue,3,52.52834061,13.3858281,afternoon,14,daylight,0,dry,0,1,1,0,1,0,1,0,0,3,slightly_injured
2018,9,Sat,7,52.50226011,13.4396607,afternoon,12,daylight,0,dry,0,1,5,1,1,0,0,0,1,3,slightly_injured
2018,9,Fri,6,52.47129162,13.32007327,morning,7,daylight,0,wet,1,0,5,1,1,0,0,0,0,2,seriously_injured
2018,9,Sat,7,52.56070668,13.34688244,morning,11,daylight,0,dry,0,5,2,1,1,0,0,0,0,3,slightly_injured
2018,9,Tue,3,52.50720357,13.27651974,afternoon,14,daylight,0,dry,0,3,6,0,1,0,1,0,0,2,seriously_injured
2018,9,Sat,7,52.56404982,13.50697768,morning,11,daylight,0,dry,0,5,2,1,1,0,0,0,0,3,slightly_injured
2018,9,Fri,6,52.46713827,13.34401991,morning,6,dusk,1,wet,1,5,3,1,1,0,0,0,0,3,slightly_injured
2018,9,Tue,3,52.42701234,13.29448919,afternoon,15,daylight,0,dry,0,5,3,1,0,0,0,0,0,2,seriously_injured
2018,9,Tue,3,52.5109566,13.26433976,afternoon,13,daylight,0,dry,0,5,2,1,1,0,0,0,0,3,slightly_injured
2018,9,Sat,7,52.51610866,13.26126506,morning,11,daylight,0,dry,0,2,6,0,1,0,0,0,0,3,slightly_injured
2018,9,Tue,3,52.49142696,13.29289564,afternoon,13,daylight,0,dry,0,1,5,1,1,0,0,0,0,3,slightly_injured
2018,9,Tue,3,52.38213465,13.40128901,afternoon,13,daylight,0,dry,0,2,2,1,1,0,0,0,0,3,slightly_injured
2018,9,Sat,7,52.55682021,13.36550762,morning,11,daylight,0,dry,0,5,2,0,1,0,0,0,0,3,slightly_injured
2018,9,Sat,7,52.50670312,13.29271477,morning,11,daylight,0,dry,0,2,3,1,1,0,0,0,0,2,seriously_injured
2018,9,Thu,5,52.52413754,13.44829886,afternoon,16,daylight,0,dry,0,5,7,0,1,0,0,0,0,3,slightly_injured
2018,9,Tue,3,52.54679271,13.57187979,afternoon,13,daylight,0,dry,0,2,6,0,1,0,0,0,0,3,slightly_injured
2018,9,Sat,7,52.48826907,13.36481013,morning,10,daylight,0,dry,0,2,7,1,1,0,0,0,0,3,slightly_injured
2018,9,Tue,3,52.55723819,13.36669208,afternoon,12,daylight,0,dry,0,5,2,1,1,0,0,0,0,3,slightly_injured
2018,9,Sat,7,52.47859944,13.33278256,morning,6,dusk,1,dry,0,2,4,0,1,1,1,0,0,3,slightly_injured
2018,9,Thu,5,52.44840314,13.55913616,afternoon,13,daylight,0,dry,0,2,2,0,1,0,0,0,0,3,slightly_injured
2018,9,Sat,7,52.41516359,13.65683667,morning,10,daylight,0,dry,0,9,1,0,1,0,0,0,0,3,slightly_injured
2018,9,Tue,3,52.43389348,13.30674597,afternoon,12,daylight,0,dry,0,2,6,0,1,0,0,0,0,3,slightly_injured
2018,9,Sat,7,52.46119463,13.57786735,evening,18,daylight,0,dry,0,4,6,0,1,0,0,0,0,2,seriously_injured
2018,9,Thu,5,52.60850822,13.29312567,afternoon,14,daylight,0,dry,0,9,1,0,1,0,0,0,0,3,slightly_injured
2018,9,Tue,3,52.50546151,13.36226119,afternoon,12,daylight,0,dry,0,5,2,1,1,0,0,0,0,3,slightly_injured
2018,9,Sat,7,52.5643577,13.39305367,evening,18,daylight,0,dry,0,6,4,0,0,1,0,0,1,3,slightly_injured
2018,9,Tue,3,52.45913258,13.40014884,afternoon,14,daylight,0,dry,0,5,2,0,1,0,0,1,0,3,slightly_injured
2018,9,Tue,3,52.50055848,13.30695031,afternoon,16,daylight,0,dry,0,3,6,0,1,0,1,0,0,3,slightly_injured
2018,9,Tue,3,52.5184308,13.17056239,morning,10,daylight,0,dry,0,2,6,0,1,0,0,0,0,3,slightly_injured
2018,9,Sat,7,52.45312007,13.33128615,evening,18,daylight,0,dry,0,5,2,0,1,0,0,0,0,3,slightly_injured
2018,9,Sat,7,52.50319936,13.34979016,evening,18,daylight,0,dry,0,5,2,0,1,0,0,0,0,3,slightly_injured
2018,9,Tue,3,52.51832833,13.30820925,morning,9,daylight,0,dry,0,6,4,0,0,1,1,0,0,3,slightly_injured
2018,9,Sat,7,52.53546033,13.39981963,afternoon,17,daylight,0,dry,0,5,7,0,1,0,1,0,0,3,slightly_injured
2018,9,Sat,7,52.49361264,13.32368527,afternoon,16,daylight,0,dry,0,5,2,1,1,0,0,0,0,3,slightly_injured
2018,9,Tue,3,52.50040893,13.34505972,morning,9,daylight,0,dry,0,0,1,0,1,0,1,0,0,3,slightly_injured
2018,9,Tue,3,52.54878098,13.42082358,evening,22,dark,2,dry,0,5,3,1,1,0,0,0,0,2,seriously_injured
2018,9,Sat,7,52.49858766,13.41524354,afternoon,16,daylight,0,dry,0,2,6,1,1,0,0,0,0,3,slightly_injured
2018,9,Tue,3,52.42117488,13.41496208,evening,21,dark,2,dry,0,5,3,1,0,0,0,0,1,3,slightly_injured
2018,9,Thu,5,52.46799003,13.44453579,afternoon,16,daylight,0,dry,0,6,4,1,0,1,0,0,0,3,slightly_injured
2018,9,Tue,3,52.56064528,13.37147616,evening,20,dusk,1,dry,0,5,3,0,1,0,1,0,0,3,slightly_injured
2018,9,Sat,7,52.49733055,13.4383964,afternoon,15,daylight,0,dry,0,5,3,1,1,0,0,0,0,3,slightly_injured
2018,9,Tue,3,52.47884249,13.43762736,evening,19,daylight,0,dry,0,6,7,0,1,1,0,0,0,3,slightly_injured
2018,9,Tue,3,52.52746517,13.21083931,morning,9,daylight,0,dry,0,2,6,0,1,0,0,0,0,3,slightly_injured
2018,9,Sat,7,52.49721675,13.27025173,afternoon,15,daylight,0,dry,0,0,1,1,0,0,0,0,0,2,seriously_injured
2018,9,Sat,7,52.53745612,13.39662516,afternoon,15,daylight,0,dry,0,5,3,1,0,0,1,0,0,3,slightly_injured
2018,9,Tue,3,52.52917996,13.37831423,evening,19,daylight,0,dry,0,5,2,1,1,0,0,0,0,3,slightly_injured
2018,9,Sat,7,52.47244689,13.45076217,afternoon,13,daylight,0,dry,0,6,4,0,0,1,0,0,1,3,slightly_injured
2018,9,Thu,5,52.47218239,13.33526234,evening,20,dark,2,dry,0,6,7,1,0,1,0,0,0,3,slightly_injured
2018,9,Sat,7,52.50786312,13.31005753,afternoon,15,daylight,0,dry,0,1,5,1,1,0,0,0,0,3,slightly_injured
2018,9,Tue,3,52.488025,13.41591655,night,0,dark,2,dry,0,5,2,1,1,0,0,0,0,3,slightly_injured
2018,9,Tue,3,52.56169586,13.50015527,morning,9,daylight,0,dry,0,5,3,1,1,0,0,0,0,3,slightly_injured
2018,9,Sat,7,52.43477268,13.35247144,evening,21,dark,2,dry,0,0,6,1,1,0,0,0,0,2,seriously_injured
2018,9,Tue,3,52.53300297,13.47603001,morning,9,daylight,0,dry,0,0,3,0,1,0,1,0,0,2,seriously_injured
2018,9,Tue,3,52.53893697,13.60705838,evening,18,daylight,0,dry,0,6,4,0,1,1,0,0,0,2,seriously_injured
2018,9,Sat,7,52.56745211,13.57435348,evening,22,dark,2,dry,0,5,2,0,1,0,0,0,1,3,slightly_injured
2018,9,Sat,7,52.52017616,13.42330886,evening,21,dark,2,dry,0,2,6,1,1,0,0,0,0,2,seriously_injured
2018,9,Tue,3,52.55029494,13.39123638,morning,9,daylight,0,dry,0,5,3,1,0,0,0,1,0,2,seriously_injured
2018,9,Tue,3,52.58341992,13.30839966,morning,9,daylight,0,dry,0,5,2,1,0,0,0,0,1,2,seriously_injured
2018,9,Sat,7,52.42444524,13.31413875,evening,19,dark,2,dry,0,5,7,0,1,0,1,0,0,3,slightly_injured
2018,9,Sat,7,52.49208231,13.34527355,evening,19,daylight,0,dry,0,2,6,0,1,0,1,0,0,3,slightly_injured
2018,9,Tue,3,52.5493715,13.44107268,morning,8,daylight,0,dry,0,0,1,0,0,0,1,0,0,3,slightly_injured
2018,9,Sat,7,52.56191926,13.20836587,afternoon,13,daylight,0,dry,0,5,3,1,1,0,0,0,0,3,slightly_injured
2018,9,Thu,5,52.49681496,13.50712749,evening,19,dusk,1,dry,0,5,2,1,1,0,0,0,0,3,slightly_injured
2018,9,Sat,7,52.48030317,13.31297733,afternoon,13,daylight,0,dry,0,0,2,1,1,0,0,0,0,3,slightly_injured
2018,9,Tue,3,52.49190763,13.3775148,morning,8,daylight,0,dry,0,2,6,0,1,0,1,0,0,3,slightly_injured
2018,9,Tue,3,52.46464219,13.39919461,morning,6,daylight,0,dry,0,5,7,0,1,0,0,0,1,3,slightly_injured
2018,9,Tue,3,52.52589776,13.45923464,morning,8,daylight,0,dry,0,2,6,0,1,0,0,0,0,3,slightly_injured
2018,9,Sat,7,52.49898286,13.39566054,night,1,dark,2,dry,0,5,7,0,1,0,0,0,1,3,slightly_injured
2018,9,Tue,3,52.51460432,13.46473669,evening,18,dusk,1,dry,0,2,6,0,1,0,1,0,0,3,slightly_injured
2018,9,Sat,7,52.54019906,13.41148277,evening,20,dusk,1,dry,0,0,7,1,0,0,0,1,0,1,killed
2018,9,Thu,5,52.45912351,13.30379691,evening,19,daylight,0,dry,0,5,2,1,1,0,0,0,0,2,seriously_injured
2018,9,Fri,6,52.5641584,13.3273837,evening,23,dark,2,wet,1,2,6,0,1,0,0,0,0,3,slightly_injured
2018,9,Tue,3,52.44763695,13.55921559,evening,18,dusk,1,dry,0,2,6,0,1,0,1,0,0,3,slightly_injured
2018,9,Fri,6,52.5368316,13.20268923,evening,20,dusk,1,dry,0,6,7,0,0,1,0,1,0,3,slightly_injured
2018,9,Thu,5,52.63061316,13.49927346,evening,18,daylight,0,dry,0,5,3,1,1,0,0,0,0,3,slightly_injured
2018,9,Tue,3,52.48898356,13.34515827,evening,18,dusk,1,dry,0,5,2,1,1,0,0,0,0,3,slightly_injured
2018,9,Fri,6,52.48771183,13.41734424,evening,20,dark,2,dry,0,1,5,1,1,0,0,0,0,3,slightly_injured
2018,9,Fri,6,52.51556819,13.41814812,evening,22,dark,2,dry,0,5,2,0,1,0,0,0,0,3,slightly_injured
2018,9,Tue,3,52.40761764,13.26758438,morning,8,daylight,0,dry,0,0,1,1,0,0,0,0,0,3,slightly_injured
2018,9,Fri,6,52.55656583,13.52879955,morning,7,daylight,0,wet,1,0,3,0,0,0,1,1,0,3,slightly_injured
2018,9,Tue,3,52.50008311,13.30713463,evening,18,daylight,0,dry,0,5,2,0,1,0,0,0,0,3,slightly_injured
2018,9,Fri,6,52.45722847,13.3197637,evening,19,dark,2,dry,0,6,7,0,1,1,0,0,0,2,seriously_injured
2018,9,Tue,3,52.4290789,13.55083023,evening,18,daylight,0,dry,0,2,6,0,1,0,0,0,0,3,slightly_injured
2018,9,Tue,3,52.45147594,13.12194052,morning,7,daylight,0,dry,0,4,2,1,1,0,0,0,0,3,slightly_injured
2018,9,Fri,6,52.46837286,13.44814378,evening,19,dusk,1,dry,0,3,6,1,0,0,1,0,0,3,slightly_injured
2018,9,Fri,6,52.52154111,13.18887206,evening,19,daylight,0,dry,0,5,2,1,1,0,0,0,0,3,slightly_injured
2018,9,Fri,6,52.52327866,13.4296202,evening,18,daylight,0,dry,0,5,3,1,1,0,0,0,0,3,slightly_injured
2018,9,Tue,3,52.52296342,13.16202025,afternoon,17,daylight,0,dry,0,5,3,1,1,0,0,0,0,3,slightly_injured
2018,9,Fri,6,52.54958434,13.38627052,evening,18,daylight,0,dry,0,2,4,0,1,1,1,0,0,3,slightly_injured
2018,9,Tue,3,52.39910486,13.54529938,morning,7,daylight,0,dry,0,2,6,0,1,0,0,0,1,3,slightly_injured
2018,9,Fri,6,52.59315727,13.40270618,evening,18,daylight,0,dry,0,5,3,0,1,0,1,0,0,2,seriously_injured
2018,9,Tue,3,52.50178081,13.35514333,afternoon,17,daylight,0,dry,0,3,6,0,1,0,1,0,0,3,slightly_injured
2018,9,Tue,3,52.56796122,13.31018284,afternoon,17,daylight,0,dry,0,2,6,0,1,0,0,0,0,3,slightly_injured
2018,9,Fri,6,52.50132579,13.34585684,evening,18,daylight,0,dry,0,5,2,0,1,0,1,0,0,3,slightly_injured
2018,9,Tue,3,52.41770202,13.4957125,afternoon,16,daylight,0,dry,0,6,4,0,1,1,0,0,0,3,slightly_injured
2018,9,Tue,3,52.45595335,13.55401979,afternoon,16,daylight,0,dry,0,2,6,0,1,0,0,0,0,3,slightly_injured
2018,9,Fri,6,52.5515283,13.35444041,afternoon,17,daylight,0,dry,0,1,5,1,1,0,0,0,1,3,slightly_injured
2018,9,Fri,6,52.44537147,13.56513444,afternoon,15,daylight,0,dry,0,1,5,1,0,0,0,0,0,3,slightly_injured
2018,9,Tue,3,52.52448804,13.33393057,afternoon,16,daylight,0,dry,0,2,2,1,1,0,0,0,0,3,slightly_injured
2018,9,Fri,6,52.50878887,13.26470636,afternoon,15,daylight,0,dry,0,0,1,0,0,0,1,0,0,3,slightly_injured
2018,9,Fri,6,52.50097613,13.28137304,afternoon,14,daylight,0,dry,0,3,6,0,1,0,0,0,0,3,slightly_injured
2018,9,Tue,3,52.42892866,13.30676726,night,0,dark,2,dry,0,5,3,0,1,0,0,0,0,3,slightly_injured
2018,9,Tue,3,52.44416378,13.43354936,evening,18,daylight,0,dry,0,0,1,0,0,0,1,0,0,3,slightly_injured
2018,9,Fri,6,52.47153975,13.33542189,afternoon,14,daylight,0,dry,0,2,6,0,1,0,0,0,0,3,slightly_injured
2018,9,Tue,3,52.50630887,13.31480337,night,0,dark,2,dry,0,5,7,0,1,0,0,0,0,3,slightly_injured
2018,9,Tue,3,52.50629925,13.33232581,evening,23,dark,2,dry,0,5,3,0,1,0,0,0,0,3,slightly_injured
2018,9,Fri,6,52.52346518,13.35979435,afternoon,14,daylight,0,dry,0,5,3,0,1,0,0,0,0,3,slightly_injured
2018,9,Fri,6,52.56888868,13.55000353,afternoon,13,daylight,0,dry,0,6,7,0,0,1,0,0,1,3,slightly_injured
2018,9,Tue,3,52.49533737,13.41515593,evening,22,dark,2,dry,0,6,7,0,1,1,0,0,0,3,slightly_injured
2018,9,Fri,6,52.51559372,13.41833299,night,1,dark,2,dry,0,5,3,1,1,0,0,0,0,3,slightly_injured
2018,9,Tue,3,52.61065091,13.29614839,afternoon,15,daylight,0,dry,0,1,7,0,1,0,1,0,0,2,seriously_injured
2018,9,Fri,6,52.48637423,13.32239295,morning,9,daylight,0,wet,1,5,2,1,0,0,0,0,1,3,slightly_injured
2018,9,Tue,3,52.43471906,13.4548166,afternoon,13,daylight,0,dry,0,5,2,1,1,0,0,0,0,3,slightly_injured
2018,9,Fri,6,52.56336901,13.33205055,morning,9,daylight,0,wet,1,0,1,0,0,1,1,0,0,3,slightly_injured
2018,9,Tue,3,52.61728171,13.29756399,morning,6,daylight,0,dry,0,5,3,1,1,0,0,0,0,3,slightly_injured
2018,9,Fri,6,52.42771699,13.25495757,morning,7,daylight,0,wet,1,2,1,0,1,0,0,0,1,3,slightly_injured
2018,9,Fri,6,52.52680433,13.33545625,morning,9,daylight,0,dry,0,5,2,1,0,0,1,0,0,2,seriously_injured
2018,9,Mon,2,52.49821527,13.50177629,evening,19,dusk,1,dry,0,5,3,1,1,0,0,0,0,3,slightly_injured
2018,9,Mon,2,52.49618551,13.30826461,afternoon,17,daylight,0,dry,0,5,2,0,1,0,0,0,0,3,slightly_injured
2018,9,Fri,6,52.56228888,13.32660785,morning,9,daylight,0,wet,1,2,6,0,1,0,0,1,0,3,slightly_injured
2018,9,Mon,2,52.41584603,13.40695793,afternoon,16,daylight,0,dry,0,5,2,0,1,0,0,0,1,3,slightly_injured
2018,9,Mon,2,52.45844461,13.38149936,afternoon,17,daylight,0,dry,0,0,2,0,1,1,0,0,0,3,slightly_injured
2018,9,Fri,6,52.50547631,13.32752271,morning,9,daylight,0,wet,1,2,6,0,1,0,0,0,0,3,slightly_injured
2018,9,Fri,6,52.51034513,13.27423321,morning,9,daylight,0,wet,1,2,7,0,1,0,1,0,0,3,slightly_injured
2018,9,Mon,2,52.57929979,13.44085268,afternoon,17,daylight,0,dry,0,2,6,0,1,0,0,0,0,3,slightly_injured
2018,9,Fri,6,52.5262684,13.47138552,morning,9,daylight,0,wet,1,2,6,1,1,0,0,0,0,3,slightly_injured
2018,9,Mon,2,52.4680052,13.44468108,afternoon,17,daylight,0,dry,0,5,2,1,1,0,0,0,0,3,slightly_injured
2018,9,Wed,4,52.47869341,13.33275377,evening,20,dark,2,dry,0,5,7,1,1,0,0,0,0,3,slightly_injured
2018,9,Sat,7,52.44849495,13.35750513,night,0,dark,2,dry,0,2,2,0,1,0,0,0,0,3,slightly_injured
2018,9,Wed,4,52.51647446,13.47787266,afternoon,13,daylight,0,dry,0,0,1,0,0,0,1,0,0,2,seriously_injured
2018,9,Fri,6,52.51989839,13.21830461,morning,10,daylight,0,dry,0,9,1,0,0,0,0,0,1,2,seriously_injured
2018,9,Wed,4,52.56857013,13.34677129,evening,19,dark,2,dry,0,5,2,1,1,0,0,0,0,3,slightly_injured
2018,9,Sat,7,52.47563228,13.37760602,evening,23,dark,2,wet,1,5,3,0,1,0,0,0,0,3,slightly_injured
2018,9,Sat,7,52.5209124,13.37132158,evening,20,dark,2,dry,0,6,4,0,0,1,1,0,0,3,slightly_injured
2018,9,Wed,4,52.56912053,13.40153165,evening,19,dusk,1,dry,0,0,3,1,1,0,0,0,0,3,slightly_injured
2018,9,Sat,7,52.55399657,13.37158834,evening,19,dusk,1,dry,0,5,2,0,1,0,0,0,1,2,seriously_injured
2018,9,Wed,4,52.55329751,13.41726097,afternoon,17,daylight,0,dry,0,1,5,1,1,0,0,0,0,3,slightly_injured
2018,9,Sat,7,52.50572182,13.43875738,evening,19,daylight,0,dry,0,2,6,1,1,0,0,0,0,3,slightly_injured
2018,9,Wed,4,52.51021004,13.4300122,afternoon,17,daylight,0,dry,0,3,2,1,1,0,0,0,0,3,slightly_injured
2018,9,Wed,4,52.52821102,13.32101314,afternoon,13,daylight,0,dry,0,2,6,0,1,0,1,0,0,3,slightly_injured
2018,9,Sat,7,52.47948141,13.28523334,afternoon,17,daylight,0,dry,0,5,2,1,1,0,0,0,0,3,slightly_injured
2018,9,Thu,5,52.5199336,13.39594431,evening,20,dark,2,dry,0,0,1,1,0,0,0,0,0,2,seriously_injured
2018,9,Sat,7,52.48431333,13.38593332,afternoon,15,daylight,0,dry,0,2,2,0,1,0,0,0,1,3,slightly_injured
2018,9,Sat,7,52.5643263,13.42688367,afternoon,13,daylight,0,dry,0,5,3,1,1,0,0,0,0,3,slightly_injured
2018,9,Wed,4,52.54955799,13.44108454,morning,11,daylight,0,dry,0,5,2,1,1,0,0,0,0,3,slightly_injured
2018,9,Thu,5,52.54815304,13.4673897,evening,18,dusk,1,dry,0,2,7,0,1,0,0,0,0,3,slightly_injured
2018,9,Wed,4,52.46760962,13.37819828,morning,11,daylight,0,dry,0,5,2,1,0,0,0,0,1,3,slightly_injured
2018,9,Sat,7,52.5528796,13.37994768,morning,11,daylight,0,dry,0,6,4,0,1,1,0,0,0,3,slightly_injured
2018,9,Sat,7,52.56757768,13.35098946,evening,23,dark,2,dry,0,8,1,0,0,0,1,0,0,2,seriously_injured
2018,9,Thu,5,52.50257025,13.44666141,afternoon,16,daylight,0,dry,0,5,3,1,1,0,0,0,0,3,slightly_injured
2018,9,Wed,4,52.41174557,13.26124365,morning,11,daylight,0,dry,0,1,5,1,0,0,0,0,1,3,slightly_injured
2018,9,Fri,6,52.53456427,13.40564394,evening,19,dusk,1,dry,0,6,4,1,0,1,0,0,0,3,slightly_injured
2018,9,Thu,5,52.48580448,13.33705328,afternoon,15,daylight,0,dry,0,6,4,1,0,1,0,0,0,3,slightly_injured
2018,9,Wed,4,52.5218114,13.44841504,morning,10,daylight,0,dry,0,5,3,1,1,0,0,0,0,3,slightly_injured
2018,9,Fri,6,52.57764617,13.29735626,evening,23,dark,2,dry,0,5,2,0,1,0,1,0,0,3,slightly_injured
2018,9,Wed,4,52.544751,13.44589925,morning,9,daylight,0,dry,0,5,3,0,1,0,0,0,0,3,slightly_injured
2018,9,Wed,4,52.52557855,13.41201571,morning,10,daylight,0,dry,0,1,5,1,0,0,0,0,1,3,slightly_injured
2018,9,Fri,6,52.47991646,13.4253409,evening,18,daylight,0,dry,0,1,5,1,1,0,0,0,0,3,slightly_injured
2018,9,Fri,6,52.48113599,13.42770206,evening,19,daylight,0,dry,0,5,2,1,1,0,0,0,0,3,slightly_injured
2018,9,Thu,5,52.50031836,13.32160597,morning,10,daylight,0,dry,0,6,7,0,1,1,0,0,0,3,slightly_injured
2018,9,Wed,4,52.49607406,13.31116691,morning,8,daylight,0,dry,0,5,3,0,1,0,0,0,0,3,slightly_injured
2018,9,Fri,6,52.52316272,13.43249058,evening,19,dusk,1,dry,0,4,6,1,0,0,0,0,0,3,slightly_injured
2018,9,Fri,6,52.50550794,13.32896435,morning,8,daylight,0,dry,0,1,5,1,1,0,0,0,0,3,slightly_injured
2018,9,Wed,4,52.55324178,13.43388565,morning,9,daylight,0,dry,0,1,5,1,1,0,0,0,0,3,slightly_injured
2018,9,Wed,4,52.50311556,13.42058126,morning,9,daylight,0,dry,0,2,2,1,1,0,0,0,0,3,slightly_injured