ujahr,umonat,weekday,uwochentag,long,lat,time_of_day,ustunde,light_condition,ulichtverh,street_condition,ustrzustand,uart,utyp1,ist_rad,ist_pkw,ist_fuss,ist_krad,ist_gkfz,ist_sonstige,ukategorie,accident_outcome
2018,9,Fri,6,52.54701539,13.57529624,evening,23,dark,2,dry,0,5,3,1,1,0,0,0,0,2,seriously_injured
2018,9,Wed,4,52.54000909,13.616976,afternoon,16,daylight,0,dry,0,6,4,0,1,1,0,0,0,3,slightly_injured
2018,9,Wed,4,52.51277537,13.46703779,afternoon,16,daylight,0,dry,0,2,6,1,1,0,0,0,0,3,slightly_injured
2018,9,Wed,4,52.53654869,13.60452122,afternoon,16,daylight,0,dry,0,6,4,0,1,1,0,0,0,2,seriously_injured
2018,9,Fri,6,52.50336654,13.41052986,evening,22,dark,2,dry,0,2,2,0,1,0,0,0,0,3,slightly_injured
2018,9,Wed,4,52.50023788,13.55257279,afternoon,16,daylight,0,dry,0,5,2,1,1,0,0,0,0,2,seriously_injured
2018,9,Wed,4,52.50380079,13.41045238,afternoon,15,daylight,0,dry,0,5,2,1,1,0,0,0,0,3,slightly_injured
2018,9,Fri,6,52.57523602,13.34131656,morning,10,daylight,0,dry,0,5,7,1,1,0,0,0,0,3,slightly_injured
2018,9,Fri,6,52.48154396,13.50223217,morning,9,daylight,0,dry,0,2,2,0,1,0,0,0,0,3,slightly_injured
2018,9,Thu,5,52.49606028,13.39606273,morning,8,daylight,0,dry,0,0,1,1,0,0,0,0,0,3,slightly_injured
2018,9,Wed,4,52.59747565,13.43943811,afternoon,15,daylight,0,dry,0,1,5,1,1,0,0,0,0,3,slightly_injured
2018,9,Fri,6,52.46841874,13.33400147,morning,9,daylight,0,dry,0,0,6,0,1,0,0,1,0,3,slightly_injured
2018,9,Wed,4,52.49046103,13.40065336,afternoon,15,daylight,0,dry,0,5,3,1,1,0,0,0,0,3,slightly_injured
2018,9,Wed,4,52.4984616,13.39964904,afternoon,15,daylight,0,dry,0,3,6,1,0,0,0,0,0,3,slightly_injured
2018,9,Fri,6,52.53589397,13.27491839,morning,9,daylight,0,dry,0,1,5,1,1,0,0,0,0,2,seriously_injured
2018,9,Wed,4,52.44030082,13.33250872,afternoon,14,daylight,0,dry,0,5,3,1,1,0,0,0,0,3,slightly_injured
2018,9,Fri,6,52.51977035,13.3406383,morning,9,daylight,0,dry,0,0,6,1,1,0,0,0,0,3,slightly_injured
2018,9,Wed,4,52.43408921,13.4984789,afternoon,15,daylight,0,dry,0,2,6,0,1,0,0,0,0,3,slightly_injured
2018,9,Fri,6,52.47908432,13.44958201,evening,18,dusk,1,dry,0,6,4,1,0,1,0,0,0,2,seriously_injured
2018,9,Fri,6,52.4296333,13.32698015,morning,8,daylight,0,dry,0,6,7,1,0,1,0,0,0,3,slightly_injured
2018,9,Wed,4,52.53027658,13.29602187,afternoon,16,daylight,0,dry,0,2,6,0,1,0,0,0,0,3,slightly_injured
2018,9,Fri,6,52.46590657,13.2889405,night,0,dark,2,dry,0,0,5,1,1,0,0,0,0,3,slightly_injured
2018,9,Fri,6,52.5065822,13.30774573,evening,18,daylight,0,dry,0,2,6,0,1,0,1,0,0,3,slightly_injured
2018,9,Fri,6,52.52844761,13.40917817,morning,10,daylight,0,dry,0,0,1,1,0,0,0,0,0,3,slightly_injured
2018,9,Thu,5,52.48172067,13.43265076,morning,6,daylight,0,dry,0,5,7,0,1,0,1,0,0,2,seriously_injured
2018,9,Wed,4,52.51834676,13.30393785,afternoon,15,daylight,0,dry,0,0,1,1,0,0,0,0,0,3,slightly_injured
2018,9,Fri,6,52.49785475,13.29243293,morning,8,daylight,0,dry,0,5,5,0,1,0,1,0,0,3,slightly_injured
2018,9,Fri,6,52.48657308,13.42912806,evening,18,daylight,0,dry,0,3,6,1,0,0,0,0,1,2,seriously_injured
2018,9,Wed,4,52.49770513,13.29425833,afternoon,13,daylight,0,dry,0,0,4,0,0,1,0,1,1,2,seriously_injured
2018,9,Thu,5,52.52929007,13.40724919,afternoon,15,daylight,0,dry,0,3,6,1,1,0,0,0,0,2,seriously_injured
2018,9,Wed,4,52.42839297,13.46700012,afternoon,17,daylight,0,dry,0,6,4,0,1,1,0,0,0,3,slightly_injured
2018,9,Fri,6,52.48827633,13.42437389,morning,8,daylight,0,wet,1,6,4,1,0,1,0,0,0,3,slightly_injured
2018,9,Wed,4,52.48556915,13.341216,afternoon,17,daylight,0,dry,0,5,2,1,0,0,1,0,0,3,slightly_injured
2018,9,Thu,5,52.44758092,13.3493832,evening,19,dark,2,dry,0,1,5,1,1,0,0,0,0,3,slightly_injured
2018,9,Wed,4,52.48440709,13.52758922,afternoon,16,daylight,0,dry,0,5,3,0,1,0,0,0,0,3,slightly_injured
2018,9,Fri,6,52.52595652,13.5405572,afternoon,17,daylight,0,dry,0,2,6,1,1,0,0,0,0,3,slightly_injured
2018,9,Fri,6,52.46433927,13.43057142,morning,7,daylight,0,dry,0,6,4,0,1,1,0,0,0,3,slightly_injured
2018,9,Thu,5,52.46566919,13.32930219,afternoon,16,daylight,0,dry,0,2,7,0,1,0,0,0,0,3,slightly_injured
2018,9,Wed,4,52.51010417,13.3766457,afternoon,12,daylight,0,dry,0,5,7,0,1,0,0,0,0,3,slightly_injured
2018,9,Fri,6,52.50957127,13.58380966,morning,7,daylight,0,wet,1,5,3,1,1,0,0,0,0,3,slightly_injured
2018,9,Thu,5,52.49321318,13.36708587,afternoon,15,daylight,0,dry,0,5,3,1,1,0,0,0,0,3,slightly_injured
2018,9,Wed,4,52.49894235,13.50003837,afternoon,12,daylight,0,dry,0,2,2,0,1,0,0,0,0,3,slightly_injured
2018,9,Fri,6,52.52519289,13.49970561,morning,7,daylight,0,dry,0,5,3,0,1,0,1,0,0,2,seriously_injured
2018,9,Wed,4,52.59190108,13.52727673,afternoon,17,daylight,0,dry,0,2,6,0,1,0,0,0,0,3,slightly_injured
2018,9,Wed,4,52.49215361,13.39225461,morning,11,daylight,0,dry,0,5,3,1,0,0,0,0,0,3,slightly_injured
2018,9,Fri,6,52.50438059,13.3929534,morning,7,daylight,0,dry,0,0,1,0,0,0,1,0,0,3,slightly_injured
2018,9,Thu,5,52.5687642,13.54947035,afternoon,17,daylight,0,dry,0,5,2,1,1,0,0,0,0,2,seriously_injured
2018,9,Wed,4,52.53429711,13.40539344,afternoon,17,daylight,0,dry,0,0,1,1,0,0,0,0,0,2,seriously_injured
2018,9,Fri,6,52.49319586,13.43714838,afternoon,16,daylight,0,dry,0,3,6,1,1,0,0,0,0,3,slightly_injured
2018,9,Wed,4,52.51241074,13.45283998,morning,9,daylight,0,dry,0,3,6,1,0,0,0,0,1,3,slightly_injured
2018,9,Wed,4,52.54486572,13.39098307,morning,8,daylight,0,dry,0,6,2,0,0,1,0,0,1,3,slightly_injured
2018,9,Fri,6,52.59843073,13.29827905,afternoon,16,daylight,0,dry,0,5,3,0,1,0,0,0,0,3,slightly_injured
2018,9,Thu,5,52.49813452,13.29753284,evening,18,daylight,0,dry,0,0,7,0,1,0,0,0,1,3,slightly_injured
2018,9,Wed,4,52.50267404,13.3170025,morning,9,daylight,0,dry,0,5,2,1,1,0,0,0,0,3,slightly_injured
2018,9,Fri,6,52.52774058,13.39382504,afternoon,16,daylight,0,dry,0,6,6,1,0,1,0,0,0,3,slightly_injured
2018,9,Fri,6,52.57554894,13.29524003,afternoon,15,daylight,0,dry,0,5,2,0,1,0,1,0,0,2,seriously_injured
2018,9,Thu,5,52.52151575,13.40327452,afternoon,16,daylight,0,dry,0,6,4,1,0,1,0,0,0,3,slightly_injured
2018,9,Wed,4,52.50800533,13.27444167,morning,9,daylight,0,dry,0,0,3,0,1,0,1,0,0,3,slightly_injured
2018,9,Fri,6,52.50697144,13.33056583,evening,20,dark,2,dry,0,1,5,1,0,0,0,0,1,3,slightly_injured
2018,9,Wed,4,52.48503691,13.44894393,morning,7,daylight,0,dry,0,5,3,0,1,0,1,0,0,3,slightly_injured
2018,9,Fri,6,52.51699296,13.33847012,afternoon,15,daylight,0,dry,0,5,2,0,1,0,1,0,0,3,slightly_injured
2018,9,Wed,4,52.54542906,13.4948362,morning,6,daylight,0,dry,0,5,3,1,1,0,0,0,0,3,slightly_injured
2018,9,Wed,4,52.51960197,13.41442591,afternoon,16,daylight,0,dry,0,6,7,1,0,1,0,0,0,3,slightly_injured
2018,9,Fri,6,52.57383634,13.32392959,afternoon,15,daylight,0,dry,0,1,5,1,1,0,0,0,0,2,seriously_injured
2018,9,Fri,6,52.52464735,13.34872704,afternoon,15,daylight,0,dry,0,1,5,1,1,0,0,0,0,3,slightly_injured
2018,9,Thu,5,52.46910485,13.37331885,morning,10,daylight,0,dry,0,6,7,1,0,1,0,0,0,3,slightly_injured
2018,9,Wed,4,52.53728091,13.3929687,night,5,dusk,1,dry,0,2,6,0,1,0,0,0,0,3,slightly_injured
2018,9,Fri,6,52.6377623,13.49138095,afternoon,14,daylight,0,dry,0,6,2,0,0,1,0,0,1,3,slightly_injured
2018,9,Thu,5,52.54755923,13.18460548,afternoon,12,daylight,0,dry,0,5,2,0,1,0,0,0,0,2,seriously_injured
2018,9,Fri,6,52.48675584,13.43367666,afternoon,13,daylight,0,dry,0,5,7,1,1,0,0,0,0,3,slightly_injured
2018,9,Fri,6,52.55197916,13.24910949,afternoon,13,daylight,0,dry,0,2,6,0,1,0,1,0,0,3,slightly_injured
2018,9,Wed,4,52.45809046,13.4918758,afternoon,15,daylight,0,dry,0,8,1,0,0,0,1,0,0,1,killed
2018,9,Tue,3,52.47451768,13.45458184,afternoon,14,daylight,0,dry,0,5,2,0,1,0,0,0,0,3,slightly_injured
2018,9,Fri,6,52.48613619,13.33079072,morning,11,daylight,0,dry,0,5,2,1,1,0,0,0,0,3,slightly_injured
2018,9,Tue,3,52.5086902,13.32678002,afternoon,12,daylight,0,dry,0,6,4,0,1,1,0,0,0,3,slightly_injured
2018,9,Tue,3,52.49917147,13.42763816,morning,11,daylight,0,dry,0,5,2,1,1,0,0,0,0,3,slightly_injured
2018,9,Fri,6,52.46571162,13.38480363,morning,9,daylight,0,dry,0,6,4,0,1,1,0,0,0,2,seriously_injured
2018,9,Thu,5,52.53551114,13.45121367,evening,20,dark,2,dry,0,3,6,1,0,0,0,0,0,3,slightly_injured
2018,9,Thu,5,52.49866911,13.4121799,morning,7,daylight,0,dry,0,5,3,1,1,0,0,0,0,3,slightly_injured
2018,9,Tue,3,52.511106,13.33045926,morning,11,daylight,0,dry,0,5,2,0,0,0,1,0,0,3,slightly_injured
2018,9,Thu,5,52.54458357,13.42260973,afternoon,17,daylight,0,dry,0,5,3,1,1,0,0,0,0,3,slightly_injured
2018,9,Thu,5,52.51307718,13.32097907,afternoon,14,daylight,0,dry,0,5,3,0,1,0,0,0,0,3,slightly_injured
2018,9,Thu,5,52.46088454,13.48087043,afternoon,16,daylight,0,dry,0,2,6,0,1,0,0,0,1,3,slightly_injured
2018,9,Thu,5,52.53865136,13.60413989,evening,22,dark,2,wet,1,6,4,0,1,1,0,0,0,3,slightly_injured
2018,9,Tue,3,52.5222931,13.30035444,morning,11,daylight,0,dry,0,2,6,0,1,0,0,0,0,3,slightly_injured
2018,9,Tue,3,52.52479649,13.19961623,morning,10,daylight,0,dry,0,1,5,1,1,0,0,0,0,3,slightly_injured
2018,9,Thu,5,52.53392922,13.28226897,evening,22,dark,2,wet,1,6,2,0,1,1,0,0,0,3,slightly_injured
2018,9,Tue,3,52.44885788,13.34511844,morning,10,daylight,0,dry,0,5,2,0,1,0,1,0,0,3,slightly_injured
2018,9,Thu,5,52.48893069,13.45401913,evening,22,dark,2,dry,0,5,2,1,1,0,0,0,0,3,slightly_injured
2018,9,Tue,3,52.51283786,13.45784698,morning,9,daylight,0,dry,0,5,3,1,1,0,0,0,0,3,slightly_injured
2018,9,Tue,3,52.52399554,13.41016337,morning,9,daylight,0,dry,0,5,2,1,1,0,0,0,0,3,slightly_injured
2018,9,Thu,5,52.54102791,13.19724364,evening,19,daylight,0,dry,0,0,7,0,0,0,1,0,0,3,slightly_injured
2018,9,Tue,3,52.54223231,13.34926271,morning,9,daylight,0,dry,0,5,2,1,0,0,1,0,0,3,slightly_injured
2018,9,Tue,3,52.49447954,13.34759015,morning,9,daylight,0,dry,0,0,6,0,0,0,1,0,1,3,slightly_injured
2018,9,Thu,5,52.5495002,13.38641424,evening,19,dark,2,wet,1,5,2,0,1,0,0,0,0,3,slightly_injured
2018,9,Thu,5,52.49740199,13.39232483,evening,19,dark,2,wet,1,2,6,0,1,0,1,0,0,3,slightly_injured
2018,9,Thu,5,52.55142634,13.56609245,morning,6,dusk,1,dry,0,1,5,1,1,0,0,0,0,3,slightly_injured
2018,9,Tue,3,52.48924293,13.40742891,morning,6,dusk,1,dry,0,6,4,1,0,1,0,0,0,3,slightly_injured
2018,9,Thu,5,52.49715663,13.29424043,morning,11,daylight,0,wet,1,1,5,1,1,0,0,0,0,3,slightly_injured
2018,9,Thu,5,52.56572776,13.39969539,afternoon,14,daylight,0,dry,0,1,5,0,1,0,1,0,0,3,slightly_injured
2018,9,Thu,5,52.49841426,13.39966797,evening,19,dusk,1,dry,0,5,3,0,1,0,0,0,0,3,slightly_injured
2018,9,Tue,3,52.43915689,13.38854685,morning,8,daylight,0,dry,0,0,7,0,1,1,0,0,0,2,seriously_injured
2018,9,Thu,5,52.41971892,13.30707179,afternoon,15,daylight,0,dry,0,2,6,0,1,0,0,0,0,3,slightly_injured
2018,9,Tue,3,52.41167952,13.50348172,morning,6,daylight,0,dry,0,5,2,1,1,0,0,0,0,3,slightly_injured
2018,9,Thu,5,52.50991785,13.30463863,afternoon,15,daylight,0,dry,0,2,6,0,1,0,0,0,0,3,slightly_injured
2018,9,Thu,5,52.41762939,13.4012137,night,0,dusk,1,dry,0,1,5,0,1,0,0,0,1,3,slightly_injured
2018,9,Tue,3,52.56210106,13.35454195,morning,8,daylight,0,dry,0,1,5,0,1,0,0,0,0,3,slightly_injured
2018,9,Thu,5,52.46914794,13.43034728,afternoon,13,daylight,0,dry,0,3,2,1,1,0,0,0,0,3,slightly_injured
2018,9,Thu,5,52.52681251,13.21528058,afternoon,14,daylight,0,dry,0,2,6,0,1,0,0,0,0,3,slightly_injured
2018,9,Thu,5,52.53326934,13.40174049,morning,11,daylight,0,wet,1,5,7,0,1,0,0,0,0,3,slightly_injured
2018,9,Fri,6,52.55543128,13.39156859,morning,6,dusk,1,dry,0,0,2,1,0,0,0,0,1,3,slightly_injured
2018,9,Tue,3,52.51323102,13.57657778,morning,8,daylight,0,dry,0,3,6,1,1,0,0,0,0,3,slightly_injured
2018,9,Thu,5,52.46030232,13.43012249,evening,18,daylight,0,dry,0,4,6,0,1,0,0,0,0,3,slightly_injured
2018,9,Thu,5,52.55473147,13.38332341,morning,11,daylight,0,wet,1,5,2,1,0,0,0,1,0,3,slightly_injured
2018,9,Tue,3,52.44261009,13.56048404,morning,11,daylight,0,dry,0,0,1,0,0,0,1,0,0,3,slightly_injured
2018,9,Thu,5,52.54072653,13.57020886,evening,18,dusk,1,wet,1,9,1,0,1,0,0,0,0,3,slightly_injured
2018,9,Thu,5,52.49457124,13.34589011,night,4,dark,2,dry,0,5,3,0,1,0,1,0,0,3,slightly_injured
2018,9,Tue,3,52.48736614,13.3449428,afternoon,15,daylight,0,dry,0,1,5,1,1,0,0,0,0,3,slightly_injured
2018,9,Thu,5,52.48927897,13.34689908,morning,10,daylight,0,wet,1,0,7,0,1,0,1,0,0,3,slightly_injured
2018,9,Tue,3,52.41529097,13.49557933,afternoon,17,daylight,0,dry,0,5,2,0,1,0,0,0,0,2,seriously_injured
2018,9,Tue,3,52.51888998,13.42867965,afternoon,17,daylight,0,dry,0,3,2,0,0,0,1,0,1,3,slightly_injured
2018,9,Thu,5,52.54490357,13.34606456,morning,10,daylight,0,wet,1,5,3,0,1,0,0,0,0,3,slightly_injured
2018,9,Thu,5,52.50991019,13.42987114,afternoon,17,daylight,0,dry,0,2,6,0,1,0,0,0,0,3,slightly_injured
2018,9,Thu,5,52.4903082,13.31451587,morning,9,daylight,0,wet,1,5,3,1,1,0,0,0,0,2,seriously_injured
2018,9,Thu,5,52.49550361,13.20002796,afternoon,13,daylight,0,dry,0,3,6,1,1,0,0,0,0,3,slightly_injured
2018,9,Thu,5,52.50093888,13.39162298,morning,9,daylight,0,wet,1,5,3,1,0,0,0,0,0,3,slightly_injured
2018,9,Tue,3,52.53958843,13.2948519,afternoon,17,daylight,0,dry,0,5,2,1,1,0,0,0,0,3,slightly_injured
2018,9,Thu,5,52.53596578,13.35749457,night,0,dark,2,dry,0,5,3,0,1,0,0,0,0,3,slightly_injured
2018,9,Tue,3,52.5482321,13.4558411,afternoon,17,daylight,0,dry,0,1,5,0,1,0,0,0,0,3,slightly_injured
2018,9,Thu,5,52.51666268,13.38069876,morning,9,daylight,0,wet,1,2,2,0,1,0,0,0,0,3,slightly_injured
2018,9,Tue,3,52.54515717,13.23184315,evening,21,dark,2,dry,0,5,3,0,1,0,0,0,0,2,seriously_injured
2018,9,Tue,3,52.44792238,13.19649415,evening,21,dark,2,dry,0,8,7,0,1,0,0,0,0,3,slightly_injured
2018,9,Thu,5,52.52801311,13.41055421,morning,9,daylight,0,wet,1,5,3,1,0,0,0,0,0,3,slightly_injured
2018,9,Tue,3,52.60209476,13.32968766,evening,19,dusk,1,dry,0,2,2,0,1,0,0,0,0,3,slightly_injured
2018,9,Thu,5,52.53261964,13.38050673,morning,8,daylight,0,wet,1,3,6,1,1,0,0,0,0,3,slightly_injured
2018,9,Tue,3,52.53790759,13.34435809,evening,18,daylight,0,dry,0,5,7,0,1,0,1,0,0,3,slightly_injured
2018,9,Tue,3,52.54860383,13.45273786,evening,18,daylight,0,dry,0,5,3,1,0,0,0,0,1,3,slightly_injured
2018,9,Thu,5,52.60823645,13.32488508,morning,8,daylight,0,wet,1,5,3,0,1,0,0,0,0,3,slightly_injured
2018,9,Thu,5,52.59408409,13.32944002,morning,7,daylight,0,wet,1,5,7,0,1,0,1,0,0,3,slightly_injured
2018,9,Thu,5,52.41391276,13.57444303,afternoon,12,daylight,0,dry,0,5,3,0,1,0,0,0,0,3,slightly_injured
2018,9,Tue,3,52.5077632,13.37826217,evening,18,daylight,0,dry,0,6,4,1,0,1,0,0,0,3,slightly_injured
2018,9,Thu,5,52.5175982,13.49910759,morning,6,dusk,1,dry,0,6,4,0,1,1,0,0,0,3,slightly_injured
2018,9,Thu,5,52.46802997,13.44491493,afternoon,17,daylight,0,dry,0,5,2,1,0,0,0,0,1,3,slightly_injured
2018,9,Thu,5,52.54881264,13.17810132,evening,18,dusk,1,wet,1,5,3,0,1,0,0,0,0,3,slightly_injured
2018,9,Tue,3,52.52570672,13.33930709,evening,18,daylight,0,dry,0,5,2,0,0,0,1,0,1,3,slightly_injured
2018,9,Tue,3,52.5150357,13.47331112,afternoon,17,daylight,0,dry,0,6,4,0,1,1,0,0,0,3,slightly_injured
2018,9,Thu,5,52.50868988,13.42877533,evening,18,daylight,0,wet,1,5,3,0,1,0,1,0,0,3,slightly_injured
2018,9,Tue,3,52.5405969,13.55701594,afternoon,16,daylight,0,dry,0,1,5,1,1,0,0,0,0,3,slightly_injured
2018,9,Tue,3,52.54851969,13.43645931,afternoon,15,daylight,0,dry,0,5,2,0,1,0,1,0,0,2,seriously_injured
2018,9,Thu,5,52.6304787,13.49920123,morning,8,daylight,0,wet,1,0,1,0,0,0,1,0,0,2,seriously_injured
2018,9,Thu,5,52.51536459,13.18532969,morning,8,daylight,0,wet,1,2,6,0,1,0,0,1,0,3,slightly_injured
2018,9,Thu,5,52.53854543,13.40265556,morning,7,daylight,0,dry,0,5,3,1,1,0,0,0,0,3,slightly_injured
2018,9,Tue,3,52.51226003,13.2887321,afternoon,15,daylight,0,dry,0,5,3,0,1,0,0,0,0,3,slightly_injured
2018,9,Tue,3,52.52583152,13.44146695,afternoon,14,daylight,0,dry,0,5,7,0,1,0,1,0,0,3,slightly_injured
2018,9,Thu,5,52.54336117,13.3767682,evening,18,daylight,0,wet,1,2,1,0,1,0,1,0,0,3,slightly_injured
2018,9,Thu,5,52.57709247,13.36102691,morning,11,daylight,0,wet,1,0,1,0,0,0,1,0,0,3,slightly_injured
2018,9,Thu,5,52.572362,13.48064251,morning,9,daylight,0,dry,0,1,5,0,1,0,1,0,0,3,slightly_injured
2018,9,Tue,3,52.55755033,13.3769724,afternoon,14,daylight,0,dry,0,5,2,0,1,0,0,0,0,3,slightly_injured
2018,9,Thu,5,52.52240862,13.58262583,morning,10,daylight,0,wet,1,0,1,0,0,0,1,0,0,3,slightly_injured
2018,9,Thu,5,52.54025272,13.23220149,afternoon,16,daylight,0,dry,0,2,6,0,1,0,0,0,1,3,slightly_injured
2018,9,Thu,5,52.46858872,13.38532357,afternoon,16,daylight,0,dry,0,5,3,1,1,0,0,0,0,3,slightly_injured
2018,9,Tue,3,52.50431146,13.41676998,afternoon,13,daylight,0,dry,0,5,3,0,1,0,0,0,0,3,slightly_injured
2018,9,Tue,3,52.40661331,13.40208921,afternoon,12,daylight,0,dry,0,5,3,0,1,0,0,0,0,3,slightly_injured
2018,9,Thu,5,52.51894984,13.29008295,afternoon,16,daylight,0,dry,0,5,2,1,1,0,0,0,0,3,slightly_injured
2018,9,Tue,3,52.52461237,13.53851882,afternoon,14,daylight,0,dry,0,0,1,0,0,0,1,0,0,2,seriously_injured
2018,9,Fri,6,52.52401505,13.40978578,morning,9,daylight,0,dry,0,5,2,1,1,0,0,0,0,3,slightly_injured
2018,9,Mon,2,52.47991105,13.32803687,afternoon,17,daylight,0,dry,0,0,2,1,1,0,0,0,0,3,slightly_injured
2018,9,Thu,5,52.50720857,13.39836606,afternoon,15,daylight,0,dry,0,3,6,0,1,0,1,0,0,3,slightly_injured
2018,9,Thu,5,52.44589957,13.34420196,afternoon,15,daylight,0,dry,0,5,3,0,1,0,0,0,0,3,slightly_injured
2018,9,Mon,2,52.46351704,13.48457523,evening,22,dark,2,dry,0,0,3,1,1,0,0,0,0,3,slightly_injured
2018,9,Thu,5,52.50636563,13.31377156,afternoon,15,daylight,0,dry,0,5,2,1,1,0,0,0,0,3,slightly_injured
2018,9,Thu,5,52.47728124,13.32826472,afternoon,17,daylight,0,dry,0,2,4,1,0,1,0,0,0,3,slightly_injured
2018,9,Thu,5,52.52952481,13.39914071,morning,8,daylight,0,dry,0,2,6,0,1,0,0,0,0,3,slightly_injured
2018,9,Mon,2,52.52976255,13.34515228,evening,22,dark,2,dry,0,1,5,0,1,0,1,0,0,3,slightly_injured
2018,9,Thu,5,52.42372493,13.43698515,morning,9,daylight,0,wet,1,3,6,0,0,0,1,1,0,3,slightly_injured
2018,9,Thu,5,52.59718211,13.37545467,morning,7,dusk,1,dry,0,0,2,1,1,0,0,0,0,3,slightly_injured
2018,9,Thu,5,52.5053654,13.35213291,morning,10,daylight,0,wet,1,2,6,0,1,0,0,1,0,3,slightly_injured
2018,9,Mon,2,52.51448362,13.38623736,afternoon,15,daylight,0,dry,0,2,6,1,1,0,0,0,0,3,slightly_injured
2018,9,Mon,2,52.55375532,13.44058517,afternoon,14,daylight,0,dry,0,5,3,0,1,0,1,0,0,3,slightly_injured
2018,9,Wed,4,52.53441178,13.15714885,evening,18,daylight,0,dry,0,5,3,1,1,0,0,0,0,3,slightly_injured
2018,9,Mon,2,52.53863761,13.39562983,afternoon,14,daylight,0,dry,0,5,2,1,1,0,0,0,0,3,slightly_injured
2018,9,Thu,5,52.58750663,13.32383353,evening,21,dark,2,dry,0,5,2,0,1,0,0,0,0,3,slightly_injured
2018,9,Mon,2,52.42130547,13.49467858,afternoon,13,daylight,0,dry,0,5,2,1,1,0,0,0,0,3,slightly_injured
2018,9,Wed,4,52.52497583,13.34614234,afternoon,16,daylight,0,dry,0,2,7,0,1,0,0,0,0,3,slightly_injured
2018,9,Wed,4,52.55272596,13.43271056,morning,7,daylight,0,dry,0,1,5,1,1,0,0,0,0,3,slightly_injured
2018,9,Wed,4,52.5196639,13.52779838,morning,8,daylight,0,dry,0,5,3,1,1,0,0,0,0,3,slightly_injured
2018,9,Mon,2,52.41368539,13.42582659,afternoon,13,daylight,0,dry,0,5,3,1,1,0,0,0,0,3,slightly_injured
2018,9,Wed,4,52.48576445,13.37660138,evening,19,dusk,1,dry,0,5,5,0,1,0,1,0,0,3,slightly_injured
2018,9,Wed,4,52.52224735,13.45012225,evening,19,dusk,1,dry,0,6,4,1,0,1,0,0,0,3,slightly_injured
2018,9,Thu,5,52.49436241,13.59859773,afternoon,16,daylight,0,dry,0,5,3,1,1,0,0,0,0,3,slightly_injured
2018,9,Mon,2,52.510162,13.36539532,afternoon,13,daylight,0,dry,0,2,6,0,0,0,1,0,1,3,slightly_injured
2018,9,Wed,4,52.41503031,13.34624755,evening,18,daylight,0,dry,0,5,2,1,1,0,0,0,0,3,slightly_injured
2018,9,Mon,2,52.51888461,13.28662474,evening,19,dark,2,dry,0,5,3,1,1,0,0,0,0,3,slightly_injured
2018,9,Mon,2,52.63266878,13.5005299,afternoon,13,daylight,0,dry,0,2,7,0,1,0,1,0,0,3,slightly_injured
2018,9,Wed,4,52.53629541,13.61690693,evening,18,daylight,0,dry,0,1,7,1,1,0,0,0,0,3,slightly_injured
2018,9,Thu,5,52.43168954,13.22028372,afternoon,12,daylight,0,dry,0,5,2,1,1,0,0,0,0,3,slightly_injured
2018,9,Wed,4,52.61443463,13.44243201,morning,7,daylight,0,dry,0,2,6,0,1,0,0,0,0,3,slightly_injured
2018,9,Wed,4,52.48957436,13.37869926,evening,23,dark,2,dry,0,0,5,0,0,0,1,0,1,2,seriously_injured
2018,9,Mon,2,52.47518884,13.4271618,morning,11,daylight,0,dry,0,5,2,0,1,0,1,0,0,2,seriously_injured
2018,9,Wed,4,52.53827987,13.41846813,morning,7,daylight,0,dry,0,0,7,0,1,0,0,0,0,3,slightly_injured
2018,9,Thu,5,52.43082889,13.25559756,evening,18,daylight,0,dry,0,2,6,1,1,0,0,0,0,3,slightly_injured
2018,9,Mon,2,52.50668089,13.29194235,morning,11,daylight,0,dry,0,1,5,0,1,0,0,0,1,3,slightly_injured
2018,9,Wed,4,52.5657907,13.37833172,morning,7,daylight,0,dry,0,1,5,1,0,0,0,0,1,2,seriously_injured
2018,9,Wed,4,52.49360628,13.31951657,morning,10,daylight,0,dry,0,2,7,1,1,0,0,0,0,3,slightly_injured
2018,9,Wed,4,52.57162236,13.50202916,morning,7,daylight,0,dry,0,1,5,1,1,0,0,0,0,3,slightly_injured
2018,9,Mon,2,52.50088704,13.45576075,evening,19,dusk,1,dry,0,6,4,0,0,1,1,0,0,3,slightly_injured
2018,9,Wed,4,52.58288706,13.41854686,morning,7,daylight,0,dry,0,5,3,1,0,0,0,0,0,3,slightly_injured
2018,9,Wed,4,52.57651386,13.37835607,afternoon,16,daylight,0,dry,0,5,3,1,1,0,0,0,0,3,slightly_injured
2018,9,Mon,2,52.44127093,13.50025543,morning,9,daylight,0,dry,0,6,2,0,1,1,0,0,0,3,slightly_injured
2018,9,Wed,4,52.49184125,13.31880508,afternoon,14,daylight,0,dry,0,5,2,1,0,0,1,0,0,2,seriously_injured
2018,9,Mon,2,52.53894171,13.27246494,morning,9,daylight,0,dry,0,5,3,1,0,0,0,0,1,3,slightly_injured