ujahr,umonat,weekday,uwochentag,long,lat,time_of_day,ustunde,light_condition,ulichtverh,street_condition,ustrzustand,uart,utyp1,ist_rad,ist_pkw,ist_fuss,ist_krad,ist_gkfz,ist_sonstige,ukategorie,accident_outcome
2018,9,Thu,5,52.52291422,13.3299159,night,5,dark,2,dry,0,5,3,1,1,0,0,0,0,3,slightly_injured
2018,9,Mon,2,52.51204766,13.46171122,evening,18,dusk,1,dry,0,1,5,1,1,0,0,0,0,2,seriously_injured
2018,9,Wed,4,52.51523498,13.43590604,morning,7,daylight,0,dry,0,6,4,1,0,1,0,0,0,2,seriously_injured
2018,9,Wed,4,52.52681663,13.34318358,afternoon,13,daylight,0,dry,0,7,7,1,0,0,0,0,0,3,slightly_injured
2018,9,Thu,5,52.52574275,13.30874702,morning,10,daylight,0,dry,0,0,1,0,0,0,1,0,0,3,slightly_injured
2018,9,Mon,2,52.47756813,13.47870455,morning,9,daylight,0,dry,0,6,2,0,0,1,0,0,1,3,slightly_injured
2018,9,Wed,4,52.50369198,13.34709224,afternoon,13,daylight,0,dry,0,1,5,1,1,0,0,0,0,2,seriously_injured
2018,9,Wed,4,52.48166857,13.43220584,morning,11,daylight,0,dry,0,3,6,1,1,0,0,0,0,3,slightly_injured
2018,9,Mon,2,52.52447548,13.39490514,morning,9,daylight,0,dry,0,1,5,1,1,0,0,0,1,3,slightly_injured
2018,9,Mon,2,52.54387928,13.33908636,morning,7,daylight,0,dry,0,5,3,1,0,0,1,0,0,2,seriously_injured
2018,9,Wed,4,52.50460486,13.34278362,morning,11,daylight,0,dry,0,5,2,1,1,0,0,0,0,3,slightly_injured
2018,9,Mon,2,52.43592646,13.53005916,morning,7,daylight,0,dry,0,5,3,1,1,0,0,0,0,2,seriously_injured
2018,9,Wed,4,52.52915233,13.4017281,afternoon,14,daylight,0,dry,0,0,1,1,0,0,0,0,0,2,seriously_injured
2018,9,Mon,2,52.48894556,13.4511802,morning,7,daylight,0,dry,0,5,3,0,1,0,1,0,0,3,slightly_injured
2018,9,Wed,4,52.4421196,13.33135704,morning,11,daylight,0,dry,0,5,3,1,1,0,0,0,0,3,slightly_injured
2018,9,Mon,2,52.49376498,13.3101647,evening,18,dusk,1,dry,0,5,3,1,1,0,0,0,0,3,slightly_injured
2018,9,Mon,2,52.53433309,13.1886696,afternoon,12,daylight,0,dry,0,3,6,0,1,0,1,0,0,3,slightly_injured
2018,9,Wed,4,52.49980495,13.31916941,morning,9,daylight,0,dry,0,5,3,1,1,0,0,0,0,3,slightly_injured
2018,9,Wed,4,52.52559515,13.30478587,evening,18,daylight,0,dry,0,5,7,1,1,0,0,0,0,3,slightly_injured
2018,9,Thu,5,52.49670546,13.30416152,morning,8,daylight,0,dry,0,2,6,0,1,0,0,0,0,3,slightly_injured
2018,9,Mon,2,52.50856542,13.34941899,evening,18,daylight,0,dry,0,5,3,0,0,0,1,0,1,2,seriously_injured
2018,9,Wed,4,52.55362796,13.41400283,evening,18,daylight,0,dry,0,2,6,0,1,0,1,0,0,3,slightly_injured
2018,9,Wed,4,52.56789788,13.36216934,afternoon,13,daylight,0,dry,0,5,2,0,1,0,1,0,0,2,seriously_injured
2018,9,Wed,4,52.52848017,13.40920419,morning,9,daylight,0,dry,0,0,1,1,0,0,0,0,0,3,slightly_injured
2018,9,Mon,2,52.5222545,13.45415574,evening,18,daylight,0,dry,0,2,6,0,1,0,1,0,0,3,slightly_injured
2018,9,Mon,2,52.44356675,13.2960494,afternoon,17,daylight,0,dry,0,5,2,0,1,0,1,0,0,3,slightly_injured
2018,9,Wed,4,52.55599536,13.34206941,evening,18,daylight,0,dry,0,5,2,1,1,0,0,0,0,3,slightly_injured
2018,9,Mon,2,52.48753365,13.35482944,afternoon,17,daylight,0,dry,0,1,1,0,1,0,1,0,0,3,slightly_injured
2018,9,Fri,6,52.52668823,13.33668422,afternoon,14,daylight,0,dry,0,6,4,0,1,1,0,0,0,3,slightly_injured
2018,9,Mon,2,52.54036972,13.57405824,afternoon,16,daylight,0,dry,0,5,2,0,0,0,1,0,1,3,slightly_injured
2018,9,Wed,4,52.56501402,13.35407089,morning,8,daylight,0,dry,0,6,2,0,1,1,0,0,0,2,seriously_injured
2018,9,Wed,4,52.56144143,13.45613169,afternoon,17,daylight,0,dry,0,2,3,0,1,0,0,0,0,3,slightly_injured
2018,9,Mon,2,52.48090532,13.43381838,afternoon,16,daylight,0,dry,0,6,7,0,1,1,0,0,0,3,slightly_injured
2018,9,Mon,2,52.534362,13.43114918,afternoon,17,daylight,0,dry,0,3,6,1,1,0,0,0,0,3,slightly_injured
2018,9,Wed,4,52.52751595,13.40306057,morning,8,daylight,0,dry,0,6,4,1,0,1,0,0,0,3,slightly_injured
2018,9,Wed,4,52.47881624,13.43764604,afternoon,17,daylight,0,dry,0,3,6,1,1,0,0,0,0,3,slightly_injured
2018,9,Thu,5,52.47062106,13.51693213,morning,6,daylight,0,dry,0,3,6,0,1,0,1,0,0,3,slightly_injured
2018,9,Mon,2,52.54245999,13.5504858,afternoon,16,daylight,0,dry,0,6,7,1,0,1,0,0,0,3,slightly_injured
2018,9,Wed,4,52.52616607,13.34302281,afternoon,16,daylight,0,dry,0,0,2,1,1,0,0,0,0,3,slightly_injured
2018,9,Wed,4,52.59587036,13.34066748,afternoon,13,daylight,0,dry,0,5,7,0,1,0,0,0,1,3,slightly_injured
2018,9,Wed,4,52.52740694,13.60645633,afternoon,16,daylight,0,dry,0,5,3,1,1,0,0,0,0,3,slightly_injured
2018,9,Mon,2,52.42121392,13.34986949,afternoon,15,daylight,0,dry,0,5,7,1,1,0,0,0,0,3,slightly_injured
2018,9,Thu,5,52.45876815,13.30381599,afternoon,14,daylight,0,dry,0,5,3,1,1,0,0,0,0,3,slightly_injured
2018,9,Mon,2,52.40501604,13.38421934,afternoon,15,daylight,0,dry,0,1,5,0,1,0,0,0,0,3,slightly_injured
2018,9,Wed,4,52.4998388,13.43185811,morning,8,daylight,0,dry,0,5,3,1,0,0,0,0,0,3,slightly_injured
2018,9,Thu,5,52.59061315,13.4450503,evening,19,dark,2,dry,0,5,3,0,1,0,0,0,0,3,slightly_injured
2018,9,Mon,2,52.4418746,13.56962674,afternoon,15,daylight,0,dry,0,2,2,0,1,0,0,0,0,3,slightly_injured
2018,9,Wed,4,52.45329126,13.28601461,evening,23,dark,2,dry,0,2,6,0,1,0,0,0,1,3,slightly_injured
2018,9,Wed,4,52.47280258,13.43618213,afternoon,13,daylight,0,dry,0,5,3,1,1,0,0,0,0,3,slightly_injured
2018,9,Wed,4,52.53939052,13.45268666,afternoon,16,daylight,0,dry,0,2,6,0,1,0,1,0,0,3,slightly_injured
2018,9,Mon,2,52.50706972,13.42024552,evening,23,dark,2,dry,0,3,6,1,0,0,1,0,0,3,slightly_injured
2018,9,Wed,4,52.46487022,13.37745394,afternoon,15,daylight,0,dry,0,5,2,1,1,0,0,0,0,3,slightly_injured
2018,9,Wed,4,52.54971914,13.35020851,evening,21,dark,2,dry,0,5,2,0,1,0,0,0,0,3,slightly_injured
2018,9,Mon,2,52.5163662,13.38083762,morning,11,daylight,0,dry,0,0,2,1,1,0,0,0,0,3,slightly_injured
2018,9,Wed,4,52.50548628,13.51386999,morning,8,daylight,0,dry,0,5,2,1,0,0,0,0,1,3,slightly_injured
2018,9,Wed,4,52.49324854,13.2021112,afternoon,17,daylight,0,dry,0,3,6,1,1,0,0,0,0,3,slightly_injured
2018,9,Sun,1,52.55367208,13.15193252,evening,23,dark,2,dry,0,5,3,0,1,0,0,0,1,3,slightly_injured
2018,9,Wed,4,52.42699146,13.44689398,evening,21,dark,2,dry,0,5,2,0,1,0,0,0,0,3,slightly_injured
2018,9,Sun,1,52.48602367,13.43525635,evening,21,dark,2,dry,0,5,3,1,1,0,0,0,0,3,slightly_injured
2018,9,Wed,4,52.44411216,13.43340802,morning,8,daylight,0,dry,0,5,2,1,0,0,0,0,1,3,slightly_injured
2018,9,Sun,1,52.41623451,13.26579265,afternoon,17,daylight,0,dry,0,3,6,1,0,0,0,0,0,2,seriously_injured
2018,9,Sun,1,52.56808149,13.32940502,afternoon,16,daylight,0,dry,0,5,3,0,1,0,0,0,0,3,slightly_injured
2018,9,Wed,4,52.46228411,13.48307801,evening,20,dark,2,dry,0,5,5,0,1,0,0,0,0,3,slightly_injured
2018,9,Thu,5,52.5498089,13.35112867,evening,22,dark,2,dry,0,1,5,1,1,0,0,0,1,3,slightly_injured
2018,9,Wed,4,52.45170946,13.58463723,morning,8,daylight,0,dry,0,2,6,0,1,0,0,0,1,3,slightly_injured
2018,9,Wed,4,52.4860594,13.40722047,morning,8,daylight,0,dry,0,5,7,1,1,0,0,0,0,3,slightly_injured
2018,9,Sun,1,52.50037637,13.33036973,afternoon,15,daylight,0,dry,0,2,7,0,1,0,1,0,0,3,slightly_injured
2018,9,Wed,4,52.5835568,13.38914748,afternoon,15,daylight,0,dry,0,2,7,0,1,0,1,0,0,3,slightly_injured
2018,9,Sun,1,52.54641758,13.39922004,afternoon,15,daylight,0,dry,0,3,6,1,0,0,1,0,0,3,slightly_injured
2018,9,Wed,4,52.4235997,13.37161046,afternoon,16,daylight,0,dry,0,5,3,0,1,0,1,0,0,2,seriously_injured
2018,9,Sun,1,52.54143966,13.40814901,afternoon,13,daylight,0,dry,0,5,3,0,1,0,0,0,1,3,slightly_injured
2018,9,Sun,1,52.48242726,13.40730976,afternoon,13,daylight,0,dry,0,5,3,1,0,0,1,0,0,3,slightly_injured
2018,9,Wed,4,52.55058534,13.2108644,afternoon,15,daylight,0,dry,0,6,4,0,1,1,0,0,0,2,seriously_injured
2018,9,Sun,1,52.4287915,13.52666175,afternoon,13,daylight,0,dry,0,5,2,0,1,0,0,0,0,2,seriously_injured
2018,9,Sun,1,52.53747688,13.36065539,afternoon,12,daylight,0,dry,0,3,6,0,1,0,0,0,0,3,slightly_injured
2018,9,Wed,4,52.40932919,13.37611636,morning,7,daylight,0,dry,0,5,3,1,1,0,0,0,0,3,slightly_injured
2018,9,Wed,4,52.55016726,13.38956763,afternoon,15,daylight,0,dry,0,5,5,0,1,0,1,0,0,2,seriously_injured
2018,9,Thu,5,52.46647685,13.43232595,morning,11,daylight,0,dry,0,2,6,0,1,0,0,0,1,3,slightly_injured
2018,9,Sun,1,52.50959274,13.46425137,afternoon,12,daylight,0,dry,0,5,3,0,1,0,0,0,0,3,slightly_injured
2018,9,Wed,4,52.46964457,13.28468774,afternoon,15,daylight,0,dry,0,0,3,1,1,0,0,0,0,3,slightly_injured
2018,9,Wed,4,52.4404279,13.45908933,afternoon,13,daylight,0,dry,0,5,3,1,1,0,0,0,0,3,slightly_injured
2018,9,Sun,1,52.42646562,13.30398879,morning,11,daylight,0,dry,0,2,6,0,1,0,0,0,0,3,slightly_injured
2018,9,Sun,1,52.50208203,13.27724141,morning,10,daylight,0,dry,0,0,1,0,0,0,1,0,0,2,seriously_injured
2018,9,Wed,4,52.4902685,13.45209717,morning,8,daylight,0,dry,0,0,2,1,0,0,1,0,0,3,slightly_injured
2018,9,Sun,1,52.58733448,13.22608291,morning,9,daylight,0,dry,0,5,3,0,1,0,0,0,0,3,slightly_injured
2018,9,Sun,1,52.48923516,13.34753707,morning,8,daylight,0,dry,0,6,4,0,1,1,0,0,0,3,slightly_injured
2018,9,Tue,3,52.45537778,13.37559775,afternoon,17,daylight,0,dry,0,2,6,1,1,0,0,0,0,3,slightly_injured
2018,9,Tue,3,52.41944113,13.27519251,morning,7,dusk,1,dry,0,1,5,1,0,0,0,0,1,3,slightly_injured
2018,9,Thu,5,52.62761086,13.31222304,morning,7,daylight,0,dry,0,5,3,1,1,0,0,0,0,3,slightly_injured
2018,9,Sun,1,52.47295507,13.50968753,afternoon,12,daylight,0,dry,0,2,2,0,1,0,0,0,0,3,slightly_injured
2018,9,Tue,3,52.40317403,13.50684686,afternoon,13,daylight,0,dry,0,1,5,0,1,0,0,0,0,3,slightly_injured
2018,9,Thu,5,52.49837546,13.39958356,afternoon,16,daylight,0,dry,0,5,3,0,1,0,1,0,0,2,seriously_injured
2018,9,Tue,3,52.52571279,13.30519567,evening,21,dark,2,dry,0,0,6,0,1,0,1,0,0,3,slightly_injured
2018,9,Sat,7,52.42188648,13.48808663,morning,10,daylight,0,dry,0,2,6,0,1,0,0,0,0,3,slightly_injured
2018,9,Tue,3,52.51367549,13.38620154,evening,19,dusk,1,dry,0,0,3,0,1,0,1,0,0,3,slightly_injured
2018,9,Thu,5,52.54999166,13.40871073,morning,10,daylight,0,dry,0,5,5,1,1,0,0,0,0,3,slightly_injured
2018,9,Sat,7,52.49592063,13.46740461,morning,6,daylight,0,dry,0,5,2,1,1,0,0,0,0,3,slightly_injured
2018,9,Tue,3,52.50512475,13.42194416,evening,22,dark,2,dry,0,0,3,0,1,0,1,0,0,3,slightly_injured
2018,9,Tue,3,52.55505024,13.36121867,evening,18,daylight,0,dry,0,0,1,1,0,0,0,0,0,3,slightly_injured
2018,9,Sat,7,52.55502536,13.36117128,night,5,dark,2,dry,0,0,4,0,1,1,0,0,0,3,slightly_injured
2018,9,Sat,7,52.52253475,13.37929737,morning,9,daylight,0,dry,0,0,2,0,1,0,1,0,0,3,slightly_injured
2018,9,Tue,3,52.4984731,13.42042087,evening,18,daylight,0,dry,0,6,4,0,1,1,0,0,0,3,slightly_injured
2018,9,Sat,7,52.54050949,13.61475402,morning,11,daylight,0,dry,0,2,2,1,1,0,0,0,1,3,slightly_injured
2018,9,Fri,6,52.50949077,13.35122825,morning,9,daylight,0,dry,0,0,7,0,1,0,1,0,0,3,slightly_injured
2018,9,Sat,7,52.56059878,13.21621573,morning,11,daylight,0,dry,0,5,3,0,1,0,0,0,0,3,slightly_injured
2018,9,Tue,3,52.49788263,13.32028051,evening,18,daylight,0,dry,0,5,3,0,1,0,1,0,0,2,seriously_injured
2018,9,Tue,3,52.49778606,13.32328686,evening,18,daylight,0,dry,0,0,5,1,1,0,0,0,0,3,slightly_injured
2018,9,Sat,7,52.55915275,13.46155808,morning,10,daylight,0,dry,0,2,6,0,1,0,0,0,0,3,slightly_injured
2018,9,Tue,3,52.49319169,13.38236134,afternoon,17,daylight,0,dry,0,3,6,0,1,0,1,0,0,3,slightly_injured
2018,9,Wed,4,52.42111834,13.32639275,morning,9,daylight,0,dry,0,5,3,0,1,0,0,0,0,3,slightly_injured
2018,9,Tue,3,52.5554336,13.39155491,afternoon,14,daylight,0,dry,0,5,2,1,1,0,0,0,0,2,seriously_injured
2018,9,Tue,3,52.47402514,13.29036566,afternoon,14,daylight,0,dry,0,1,5,1,1,0,0,0,0,3,slightly_injured
2018,9,Tue,3,52.56264401,13.36434886,morning,8,daylight,0,dry,0,5,2,1,1,0,0,0,0,3,slightly_injured
2018,9,Tue,3,52.45812742,13.32962771,afternoon,14,daylight,0,dry,0,5,3,1,1,0,0,0,0,3,slightly_injured
2018,9,Thu,5,52.61671087,13.24239572,evening,18,daylight,0,dry,0,4,6,1,0,0,0,0,0,3,slightly_injured
2018,9,Tue,3,52.5163662,13.38083762,morning,9,daylight,0,dry,0,4,2,1,1,0,0,0,0,3,slightly_injured
2018,9,Wed,4,52.47483326,13.32854145,evening,18,daylight,0,dry,0,9,1,0,0,0,1,0,0,3,slightly_injured
2018,9,Tue,3,52.55006859,13.38829032,morning,11,daylight,0,dry,0,1,5,0,0,0,1,0,1,3,slightly_injured
2018,9,Mon,2,52.55108129,13.44275604,morning,7,daylight,0,dry,0,5,3,0,1,0,1,0,0,3,slightly_injured
2018,9,Tue,3,52.54761178,13.41397713,afternoon,16,daylight,0,dry,0,1,5,1,0,0,0,0,1,3,slightly_injured
2018,9,Mon,2,52.53884264,13.39176166,afternoon,17,daylight,0,wet,1,5,3,0,1,0,0,0,0,3,slightly_injured
2018,9,Tue,3,52.50698588,13.39820622,morning,9,daylight,0,dry,0,6,2,0,1,1,0,0,0,3,slightly_injured
2018,9,Thu,5,52.46502478,13.37752769,afternoon,17,daylight,0,dry,0,3,6,0,1,0,1,0,0,3,slightly_injured
2018,9,Mon,2,52.45992075,13.40990002,afternoon,17,daylight,0,wet,1,2,6,0,1,0,0,0,0,3,slightly_injured
2018,9,Tue,3,52.50664179,13.28925162,morning,9,daylight,0,dry,0,2,6,0,1,0,1,0,0,3,slightly_injured
2018,9,Mon,2,52.49166708,13.41355119,afternoon,14,daylight,0,dry,0,2,7,0,1,0,0,0,1,3,slightly_injured
2018,9,Thu,5,52.58001894,13.30159661,afternoon,16,daylight,0,dry,0,2,7,0,1,0,0,0,1,3,slightly_injured
2018,9,Mon,2,52.53624924,13.3759798,afternoon,16,daylight,0,wet,1,2,2,1,1,0,0,0,0,3,slightly_injured
2018,9,Wed,4,52.52393423,13.43968042,afternoon,16,daylight,0,dry,0,3,2,0,1,0,0,0,0,3,slightly_injured
2018,9,Mon,2,52.46617622,13.48779747,afternoon,16,daylight,0,wet,1,2,6,0,1,0,0,0,0,3,slightly_injured
2018,9,Mon,2,52.50649217,13.30926687,afternoon,16,daylight,0,wet,1,0,1,0,0,0,1,0,0,2,seriously_injured
2018,9,Tue,3,52.52039544,13.47545496,afternoon,13,daylight,0,dry,0,5,2,1,1,0,0,0,0,3,slightly_injured
2018,9,Mon,2,52.51688783,13.28724083,afternoon,16,daylight,0,wet,1,2,7,0,1,0,0,0,0,3,slightly_injured
2018,9,Fri,6,52.55864404,13.33733894,afternoon,15,daylight,0,dry,0,5,2,0,1,0,0,0,0,3,slightly_injured
2018,9,Fri,6,52.4821382,13.52549456,afternoon,16,daylight,0,dry,0,5,3,1,0,0,0,0,1,3,slightly_injured
2018,9,Tue,3,52.54427943,13.4388166,afternoon,17,daylight,0,dry,0,5,3,0,1,0,1,0,0,3,slightly_injured
2018,9,Mon,2,52.43693923,13.44704846,afternoon,16,daylight,0,wet,1,6,4,0,1,1,0,0,0,2,seriously_injured
2018,9,Thu,5,52.54568694,13.19454869,afternoon,15,daylight,0,dry,0,5,2,1,1,0,0,0,0,3,slightly_injured
2018,9,Mon,2,52.52282552,13.40666251,afternoon,15,daylight,0,dry,0,0,5,1,1,0,0,0,0,3,slightly_injured
2018,9,Wed,4,52.49826607,13.35925688,evening,18,dusk,1,dry,0,6,4,1,0,1,0,0,0,3,slightly_injured
2018,9,Mon,2,52.50728284,13.17949284,afternoon,15,daylight,0,dry,0,6,4,1,0,1,0,0,0,2,seriously_injured
2018,9,Mon,2,52.58226387,13.41151906,afternoon,15,daylight,0,wet,1,2,7,0,1,0,0,0,0,3,slightly_injured
2018,9,Tue,3,52.51360118,13.38937627,morning,9,daylight,0,dry,0,1,5,0,1,0,1,0,0,3,slightly_injured
2018,9,Mon,2,52.53302369,13.19824794,afternoon,15,daylight,0,wet,1,5,2,1,0,0,0,0,1,3,slightly_injured
2018,9,Wed,4,52.54306177,13.4117604,afternoon,16,daylight,0,dry,0,5,3,1,1,0,0,0,0,3,slightly_injured
2018,9,Mon,2,52.53900994,13.53564375,afternoon,15,daylight,0,wet,1,3,6,1,1,0,0,0,0,2,seriously_injured
2018,9,Mon,2,52.55677357,13.37495976,afternoon,14,daylight,0,wet,1,2,6,0,1,0,0,0,0,3,slightly_injured
2018,9,Tue,3,52.46976622,13.37205981,morning,11,daylight,0,dry,0,5,2,0,1,0,0,0,0,3,slightly_injured
2018,9,Mon,2,52.59511432,13.28538018,afternoon,14,daylight,0,wet,1,2,6,0,1,0,0,0,0,3,slightly_injured
2018,9,Fri,6,52.51851331,13.38544362,afternoon,15,daylight,0,dry,0,5,2,1,1,0,0,0,0,3,slightly_injured
2018,9,Thu,5,52.50020421,13.30048238,evening,18,dusk,1,dry,0,5,2,1,1,0,0,0,0,3,slightly_injured
2018,9,Tue,3,52.45412002,13.31864839,morning,10,daylight,0,dry,0,5,2,1,0,0,0,1,0,2,seriously_injured
2018,9,Mon,2,52.42876295,13.3235902,afternoon,14,daylight,0,wet,1,2,6,0,1,0,0,0,0,3,slightly_injured
2018,9,Thu,5,52.53797192,13.20267853,morning,10,daylight,0,dry,0,2,1,0,1,0,1,0,0,3,slightly_injured
2018,9,Mon,2,52.46461009,13.5256151,afternoon,14,daylight,0,wet,1,2,6,0,1,0,1,0,0,3,slightly_injured
2018,9,Wed,4,52.55136122,13.43014088,morning,11,daylight,0,dry,0,5,2,0,1,0,0,0,0,3,slightly_injured
2018,9,Mon,2,52.59054729,13.30900045,afternoon,14,daylight,0,wet,1,2,6,0,1,0,0,0,0,3,slightly_injured
2018,9,Mon,2,52.54379462,13.24320402,afternoon,14,daylight,0,dry,0,2,6,0,1,0,0,0,1,3,slightly_injured
2018,9,Tue,3,52.46653847,13.33021011,morning,11,daylight,0,dry,0,1,5,1,1,0,0,0,0,2,seriously_injured
2018,9,Mon,2,52.52853689,13.22100692,evening,23,dark,2,wet,1,2,4,0,1,1,0,0,0,3,slightly_injured
2018,9,Thu,5,52.53077269,13.3471968,evening,20,dark,2,dry,0,5,2,1,1,0,0,0,0,3,slightly_injured
2018,9,Mon,2,52.4590676,13.40011275,evening,22,dark,2,dry,0,5,3,0,1,0,0,0,0,3,slightly_injured
2018,9,Fri,6,52.56210103,13.35454054,afternoon,13,daylight,0,dry,0,2,6,0,1,0,0,0,1,3,slightly_injured
2018,9,Thu,5,52.48148097,13.43065019,morning,8,daylight,0,dry,0,3,6,1,1,0,0,0,0,3,slightly_injured
2018,9,Tue,3,52.51003671,13.40059465,morning,10,daylight,0,dry,0,5,3,1,1,0,0,0,0,2,seriously_injured
2018,9,Mon,2,52.41422409,13.35020616,evening,21,dusk,1,dry,0,5,3,1,1,0,0,0,0,2,seriously_injured
2018,9,Thu,5,52.54145851,13.24744347,afternoon,15,daylight,0,dry,0,5,3,0,1,0,1,0,0,2,seriously_injured
2018,9,Mon,2,52.49388618,13.32392952,evening,19,dusk,1,wet,1,2,1,0,1,0,1,0,0,3,slightly_injured
2018,9,Wed,4,52.5595244,13.31582971,morning,9,daylight,0,dry,0,0,6,1,0,0,0,0,1,3,slightly_injured
2018,9,Mon,2,52.51060361,13.29736299,afternoon,17,daylight,0,wet,1,5,3,1,1,0,0,0,0,3,slightly_injured
2018,9,Mon,2,52.5044274,13.36194477,evening,18,dusk,1,wet,1,5,7,0,1,0,1,0,0,3,slightly_injured
2018,9,Tue,3,52.51662246,13.38064194,afternoon,17,daylight,0,dry,0,5,2,1,0,0,0,0,0,3,slightly_injured
2018,9,Mon,2,52.4643091,13.27686718,afternoon,17,daylight,0,dry,0,1,5,0,1,0,0,0,0,3,slightly_injured
2018,9,Thu,5,52.58881935,13.38811423,evening,18,dusk,1,dry,0,5,2,1,1,0,0,0,0,3,slightly_injured
2018,9,Mon,2,52.51021483,13.27125009,afternoon,16,dusk,1,wet,1,0,7,0,1,0,1,0,0,3,slightly_injured
2018,9,Wed,4,52.46164137,13.53230183,afternoon,17,daylight,0,dry,0,5,3,0,1,0,0,0,0,2,seriously_injured
2018,9,Mon,2,52.52323459,13.46629593,afternoon,17,daylight,0,dry,0,0,3,0,1,0,0,0,0,3,slightly_injured
2018,9,Mon,2,52.50544699,13.33435852,afternoon,17,daylight,0,wet,1,3,6,1,0,0,0,0,0,3,slightly_injured
2018,9,Tue,3,52.51591418,13.41811681,afternoon,15,daylight,0,dry,0,2,6,0,1,0,0,0,0,3,slightly_injured
2018,9,Mon,2,52.46866977,13.49078786,evening,21,dark,2,wet,1,2,7,0,1,0,1,0,0,3,slightly_injured
2018,9,Wed,4,52.53396278,13.40524787,morning,10,daylight,0,dry,0,0,3,1,1,0,0,0,0,3,slightly_injured
2018,9,Mon,2,52.63531689,13.4408677,evening,21,dark,2,wet,1,0,7,0,0,0,1,1,0,3,slightly_injured
2018,9,Mon,2,52.45872978,13.31573346,afternoon,13,daylight,0,dry,0,2,1,0,1,0,1,0,0,2,seriously_injured
2018,9,Wed,4,52.40478923,13.57977476,morning,7,daylight,0,wet,1,0,6,0,1,0,1,0,0,3,slightly_injured
2018,9,Mon,2,52.45088124,13.33928467,afternoon,13,daylight,0,dry,0,5,7,0,1,0,1,0,0,2,seriously_injured
2018,9,Tue,3,52.4636379,13.50823449,morning,8,daylight,0,dry,0,3,6,0,1,0,0,0,0,3,slightly_injured
2018,9,Mon,2,52.55563845,13.38395947,afternoon,12,daylight,0,dry,0,6,4,0,0,1,0,1,0,3,slightly_injured
2018,9,Thu,5,52.46577535,13.44238647,afternoon,17,daylight,0,dry,0,5,2,0,1,0,1,0,0,3,slightly_injured
2018,9,Mon,2,52.52858171,13.39376983,afternoon,12,daylight,0,dry,0,5,3,0,1,0,1,0,0,2,seriously_injured
2018,9,Wed,4,52.63073148,13.50362603,afternoon,15,daylight,0,dry,0,3,6,1,1,0,0,0,0,3,slightly_injured
2018,9,Mon,2,52.44019001,13.45886259,afternoon,12,daylight,0,dry,0,6,7,0,1,1,0,0,0,3,slightly_injured
2018,9,Mon,2,52.50426505,13.33675005,afternoon,12,daylight,0,dry,0,0,6,0,1,0,0,0,1,3,slightly_injured
2018,9,Tue,3,52.41868694,13.53755999,afternoon,13,daylight,0,dry,0,2,7,0,1,0,0,0,0,3,slightly_injured
2018,9,Mon,2,52.48634112,13.3449667,afternoon,12,daylight,0,dry,0,2,1,0,1,0,0,0,1,3,slightly_injured
2018,9,Fri,6,52.50362811,13.44378058,afternoon,15,daylight,0,dry,0,5,3,1,0,0,1,0,0,3,slightly_injured
2018,9,Fri,6,52.48507916,13.33076247,morning,11,daylight,0,dry,0,5,2,1,1,0,0,0,0,3,slightly_injured
2018,9,Tue,3,52.52397325,13.37939831,morning,8,daylight,0,dry,0,3,6,1,1,0,0,0,0,3,slightly_injured
2018,9,Mon,2,52.51894285,13.42870118,morning,11,daylight,0,dry,0,5,2,1,1,0,0,0,0,3,slightly_injured
2018,9,Thu,5,52.50546107,13.36226654,afternoon,13,daylight,0,dry,0,5,3,0,1,0,0,0,0,3,slightly_injured
2018,9,Fri,6,52.51808416,13.3803724,morning,8,daylight,0,dry,0,5,2,1,0,0,0,0,1,3,slightly_injured
2018,9,Tue,3,52.43091588,13.23003166,morning,8,daylight,0,dry,0,5,2,0,1,0,0,0,0,3,slightly_injured
2018,9,Thu,5,52.53338213,13.20695159,afternoon,15,daylight,0,dry,0,6,4,1,0,1,0,0,0,3,slightly_injured
2018,9,Mon,2,52.49933514,13.43205592,morning,8,daylight,0,dry,0,5,3,0,1,0,0,0,0,3,slightly_injured
2018,9,Wed,4,52.46582615,13.37770676,evening,23,dark,2,dry,0,3,6,1,1,0,0,0,0,2,seriously_injured
2018,9,Mon,2,52.39472437,13.41732837,morning,11,daylight,0,dry,0,0,3,0,1,0,1,0,0,3,slightly_injured
2018,9,Mon,2,52.56047021,13.33312184,morning,11,daylight,0,wet,1,0,2,1,1,0,0,0,0,3,slightly_injured
2018,9,Tue,3,52.42946298,13.32120184,morning,10,daylight,0,dry,0,5,3,1,1,0,0,0,0,3,slightly_injured
2018,9,Mon,2,52.52886956,13.22489697,morning,9,daylight,0,dry,0,2,6,0,1,0,0,0,0,3,slightly_injured
2018,9,Fri,6,52.51423561,13.33607703,morning,8,daylight,0,dry,0,5,2,1,1,0,0,0,0,2,seriously_injured
2018,9,Thu,5,52.47319497,13.37797218,morning,9,daylight,0,dry,0,1,5,1,1,0,0,0,0,3,slightly_injured
2018,9,Tue,3,52.50963398,13.35113864,morning,8,daylight,0,dry,0,5,2,1,1,0,0,0,0,3,slightly_injured