ujahr,umonat,weekday,uwochentag,long,lat,time_of_day,ustunde,light_condition,ulichtverh,street_condition,ustrzustand,uart,utyp1,ist_rad,ist_pkw,ist_fuss,ist_krad,ist_gkfz,ist_sonstige,ukategorie,accident_outcome
2018,9,Mon,2,52.60716137,13.42307086,morning,8,daylight,0,dry,0,5,3,1,1,0,0,0,0,3,slightly_injured
2018,9,Thu,5,52.4094611,13.2673105,afternoon,13,daylight,0,dry,0,6,4,0,1,1,0,0,0,2,seriously_injured
2018,9,Mon,2,52.53966591,13.53704238,morning,8,daylight,0,dry,0,2,6,0,0,0,1,0,1,3,slightly_injured
2018,9,Wed,4,52.44251903,13.33199012,morning,10,daylight,0,dry,0,2,2,0,1,0,0,0,0,3,slightly_injured
2018,9,Mon,2,52.50041591,13.34986087,morning,8,daylight,0,dry,0,5,3,0,1,0,0,0,0,3,slightly_injured
2018,9,Mon,2,52.51210123,13.31734813,morning,8,daylight,0,wet,1,0,3,1,0,0,0,0,1,3,slightly_injured
2018,9,Mon,2,52.41815928,13.14772181,morning,7,daylight,0,wet,1,2,2,0,1,0,0,0,0,3,slightly_injured
2018,9,Wed,4,52.56478039,13.46182965,afternoon,13,daylight,0,dry,0,5,2,1,1,0,0,0,0,3,slightly_injured
2018,9,Mon,2,52.5876386,13.32387758,morning,6,dark,2,wet,1,2,2,0,1,0,0,0,0,3,slightly_injured
2018,9,Mon,2,52.44281422,13.43421273,night,5,dark,2,wet,1,8,1,0,1,0,0,0,0,3,slightly_injured
2018,9,Mon,2,52.43511644,13.45365463,afternoon,16,daylight,0,dry,0,2,6,0,1,0,0,0,1,3,slightly_injured
2018,9,Thu,5,52.57650041,13.31510742,evening,22,dark,2,dry,0,5,3,0,1,0,0,0,0,2,seriously_injured
2018,9,Tue,3,52.49397423,13.28502769,afternoon,17,daylight,0,dry,0,5,2,1,1,0,0,0,0,3,slightly_injured
2018,9,Sun,1,52.41037582,13.49858251,night,5,dark,2,dry,0,5,3,0,1,0,0,0,0,3,slightly_injured
2018,9,Thu,5,52.5281569,13.37714757,afternoon,12,daylight,0,dry,0,0,7,1,0,0,0,0,0,3,slightly_injured
2018,9,Sun,1,52.48129715,13.45235033,evening,23,dark,2,wet,1,5,3,0,1,0,0,0,0,3,slightly_injured
2018,9,Wed,4,52.56294314,13.37759982,morning,8,daylight,0,dry,0,5,2,0,1,0,1,0,0,2,seriously_injured
2018,9,Sun,1,52.55235749,13.15945047,evening,19,dark,2,wet,1,6,2,0,1,1,0,0,0,3,slightly_injured
2018,9,Tue,3,52.39390837,13.40359401,morning,8,daylight,0,dry,0,6,6,0,1,1,0,0,0,2,seriously_injured
2018,9,Sun,1,52.51954266,13.42855712,evening,19,dark,2,wet,1,5,3,0,1,0,0,0,0,3,slightly_injured
2018,9,Thu,5,52.51364599,13.29665981,afternoon,17,daylight,0,dry,0,5,2,1,1,0,0,0,0,3,slightly_injured
2018,9,Tue,3,52.42715221,13.55371137,morning,7,daylight,0,dry,0,2,6,0,1,0,0,0,0,3,slightly_injured
2018,9,Sun,1,52.49444181,13.36085677,evening,19,dusk,1,wet,1,6,4,0,1,1,0,0,0,2,seriously_injured
2018,9,Thu,5,52.54952299,13.17456332,evening,19,dusk,1,dry,0,1,5,0,0,0,1,1,0,2,seriously_injured
2018,9,Sun,1,52.53060488,13.38314352,evening,18,dusk,1,wet,1,5,3,0,1,0,0,1,0,3,slightly_injured
2018,9,Wed,4,52.4938587,13.45417842,afternoon,17,daylight,0,dry,0,5,2,1,1,0,0,0,0,3,slightly_injured
2018,9,Sun,1,52.54718007,13.35048222,afternoon,17,daylight,0,wet,1,5,3,0,1,0,0,0,0,3,slightly_injured
2018,9,Sun,1,52.42319794,13.54168421,afternoon,17,daylight,0,wet,1,2,6,0,1,0,0,0,0,3,slightly_injured
2018,9,Wed,4,52.59604547,13.43293553,morning,11,daylight,0,wet,1,2,2,0,1,0,0,0,0,2,seriously_injured
2018,9,Sun,1,52.54367907,13.42696769,afternoon,16,dusk,1,wet,1,5,3,1,0,0,0,0,1,3,slightly_injured
2018,9,Tue,3,52.61609147,13.47193054,morning,7,daylight,0,dry,0,5,2,0,1,0,1,0,0,3,slightly_injured
2018,9,Thu,5,52.55119246,13.18666988,afternoon,16,daylight,0,dry,0,6,7,0,1,1,0,0,0,3,slightly_injured
2018,9,Sun,1,52.48579358,13.45828532,afternoon,15,daylight,0,wet,1,2,2,0,1,0,0,0,1,3,slightly_injured
2018,9,Wed,4,52.55053416,13.46645098,afternoon,15,daylight,0,dry,0,0,2,1,0,0,0,0,1,3,slightly_injured
2018,9,Sun,1,52.56452044,13.57716375,afternoon,13,daylight,0,wet,1,0,3,1,1,0,0,0,0,3,slightly_injured
2018,9,Sun,1,52.51745255,13.44074096,afternoon,12,daylight,0,dry,0,2,2,0,1,0,0,0,0,3,slightly_injured
2018,9,Sun,1,52.51027899,13.50162163,afternoon,12,daylight,0,dry,0,5,3,1,1,0,0,0,0,2,seriously_injured
2018,9,Wed,4,52.48182003,13.34489514,afternoon,16,daylight,0,dry,0,2,6,0,1,0,0,0,0,3,slightly_injured
2018,9,Sun,1,52.46888072,13.29896098,morning,11,daylight,0,dry,0,3,6,1,1,0,0,0,0,3,slightly_injured
2018,9,Sun,1,52.48576602,13.29642944,night,5,dark,2,dry,0,6,4,0,1,1,0,0,0,2,seriously_injured
2018,9,Tue,3,52.49319883,13.36707986,evening,20,dark,2,dry,0,5,2,1,1,0,0,0,0,3,slightly_injured
2018,9,Sun,1,52.5041069,13.33654875,night,3,dark,2,dry,0,9,1,0,1,0,0,0,0,2,seriously_injured
2018,9,Fri,6,52.43768602,13.56334273,afternoon,15,daylight,0,dry,0,5,3,1,1,0,0,0,0,3,slightly_injured
2018,9,Fri,6,52.50392173,13.33146199,evening,23,dark,2,dry,0,0,7,0,1,0,0,0,0,3,slightly_injured
2018,9,Tue,3,52.45415919,13.32877701,evening,19,dusk,1,dry,0,5,2,1,1,0,0,0,0,3,slightly_injured
2018,9,Sun,1,52.59926703,13.34265806,night,0,dark,2,wet,1,2,2,0,0,0,0,0,1,2,seriously_injured
2018,9,Thu,5,52.52560964,13.30367519,afternoon,17,daylight,0,dry,0,5,3,0,1,0,0,0,0,3,slightly_injured
2018,9,Sun,1,52.5118164,13.32209209,morning,8,daylight,0,dry,0,5,3,1,1,0,0,0,0,3,slightly_injured
2018,9,Wed,4,52.43406195,13.32013809,evening,19,dark,2,dry,0,5,3,0,1,0,0,0,0,3,slightly_injured
2018,9,Sun,1,52.44511719,13.3398669,evening,18,dusk,1,wet,1,0,1,0,0,0,1,0,0,3,slightly_injured
2018,9,Sun,1,52.50768719,13.39032056,evening,22,dark,2,wet,1,5,3,0,1,0,0,0,1,3,slightly_injured
2018,9,Tue,3,52.48856143,13.34078462,evening,18,daylight,0,dry,0,5,3,1,1,0,0,0,0,3,slightly_injured
2018,9,Sat,7,52.45297033,13.39281869,afternoon,16,daylight,0,dry,0,5,7,0,1,0,0,0,0,3,slightly_injured
2018,9,Fri,6,52.52440304,13.395192,afternoon,14,daylight,0,dry,0,6,4,1,0,1,0,0,0,3,slightly_injured
2018,9,Thu,5,52.4642122,13.51363728,morning,8,daylight,0,dry,0,3,6,1,1,0,0,0,0,2,seriously_injured
2018,9,Tue,3,52.53805926,13.2504057,morning,7,daylight,0,dry,0,2,6,0,1,0,0,0,0,3,slightly_injured
2018,9,Sat,7,52.54693323,13.36014711,afternoon,15,daylight,0,dry,0,6,4,0,1,1,0,0,0,3,slightly_injured
2018,9,Tue,3,52.57612566,13.33241124,afternoon,12,daylight,0,dry,0,2,6,0,1,0,1,0,0,3,slightly_injured
2018,9,Sat,7,52.60769235,13.24012728,afternoon,15,daylight,0,dry,0,5,3,0,1,0,0,0,0,3,slightly_injured
2018,9,Fri,6,52.46150453,13.51818215,afternoon,15,daylight,0,dry,0,5,2,1,1,0,0,0,0,3,slightly_injured
2018,9,Thu,5,52.55006664,13.46427546,afternoon,14,daylight,0,dry,0,1,5,1,0,0,0,0,1,3,slightly_injured
2018,9,Tue,3,52.41454871,13.40147776,night,5,dark,2,dry,0,6,2,0,1,1,0,0,0,3,slightly_injured
2018,9,Sat,7,52.55069507,13.51182674,afternoon,14,daylight,0,dry,0,5,3,0,1,0,0,0,0,3,slightly_injured
2018,9,Thu,5,52.46435561,13.43721155,morning,11,daylight,0,dry,0,5,3,1,1,0,0,0,0,3,slightly_injured
2018,9,Sun,1,52.48129886,13.3795788,afternoon,17,daylight,0,dry,0,5,3,0,1,0,1,0,0,3,slightly_injured
2018,9,Sat,7,52.55682783,13.36564713,afternoon,13,daylight,0,dry,0,5,2,0,1,0,0,0,0,3,slightly_injured
2018,9,Wed,4,52.51843551,13.4617795,afternoon,12,daylight,0,dry,0,0,5,1,0,0,0,0,1,3,slightly_injured
2018,9,Sat,7,52.46554378,13.34797683,afternoon,12,daylight,0,wet,1,3,6,1,1,0,0,0,0,3,slightly_injured
2018,9,Sun,1,52.48853205,13.36909437,afternoon,17,daylight,0,dry,0,6,4,0,1,1,0,0,0,3,slightly_injured
2018,9,Sat,7,52.52492711,13.32584734,afternoon,12,daylight,0,dry,0,5,3,0,1,0,1,0,0,2,seriously_injured
2018,9,Tue,3,52.56724894,13.46701902,afternoon,17,daylight,0,dry,0,4,1,0,1,0,0,0,0,3,slightly_injured
2018,9,Sat,7,52.4543014,13.51713163,morning,11,daylight,0,dry,0,2,6,0,1,0,0,0,0,3,slightly_injured
2018,9,Sun,1,52.49804995,13.46921683,afternoon,16,daylight,0,dry,0,4,6,1,1,0,0,0,0,3,slightly_injured
2018,9,Thu,5,52.55056325,13.47579937,evening,20,dark,2,dry,0,0,3,1,1,0,0,0,0,2,seriously_injured
2018,9,Sun,1,52.44628893,13.57493663,afternoon,12,daylight,0,dry,0,2,6,0,1,0,0,0,1,3,slightly_injured
2018,9,Sat,7,52.58995058,13.33851909,morning,9,daylight,0,wet,1,5,3,0,1,0,0,0,0,3,slightly_injured
2018,9,Sun,1,52.45307977,13.57460698,afternoon,15,daylight,0,dry,0,2,6,1,0,0,0,0,0,3,slightly_injured
2018,9,Thu,5,52.60981718,13.33063256,evening,19,dusk,1,dry,0,0,1,0,0,0,1,0,0,2,seriously_injured
2018,9,Sun,1,52.42858911,13.27790447,afternoon,14,daylight,0,dry,0,5,3,0,1,0,1,0,0,3,slightly_injured
2018,9,Sat,7,52.50524523,13.33142557,morning,8,daylight,0,dry,0,5,3,1,1,0,0,0,0,3,slightly_injured
2018,9,Sun,1,52.48920801,13.42192713,afternoon,13,daylight,0,dry,0,3,6,0,1,0,1,0,0,3,slightly_injured
2018,9,Thu,5,52.58864637,13.42938198,afternoon,12,daylight,0,dry,0,5,3,1,1,0,0,0,0,2,seriously_injured
2018,9,Sun,1,52.46859547,13.49976413,morning,11,daylight,0,dry,0,0,7,1,0,0,0,0,0,2,seriously_injured
2018,9,Sat,7,52.48728135,13.44759895,night,2,dark,2,dry,0,1,1,0,1,0,0,0,0,3,slightly_injured
2018,9,Wed,4,52.51547889,13.39822472,morning,9,daylight,0,dry,0,2,6,0,1,0,1,0,0,3,slightly_injured
2018,9,Sat,7,52.50096013,13.44471409,night,1,dark,2,dry,0,6,4,0,1,1,0,0,0,3,slightly_injured
2018,9,Sun,1,52.51064373,13.53254388,evening,19,dark,2,dry,0,5,3,0,1,0,0,0,0,2,seriously_injured
2018,9,Sat,7,52.46749032,13.42222543,night,2,dark,2,wet,1,6,7,0,1,1,0,0,0,3,slightly_injured
2018,9,Tue,3,52.46923749,13.46282529,afternoon,16,daylight,0,dry,0,6,4,0,1,1,0,0,0,3,slightly_injured
2018,9,Sat,7,52.50909089,13.50539711,evening,21,dark,2,dry,0,5,2,0,1,0,1,0,0,2,seriously_injured
2018,9,Sun,1,52.44376833,13.57886753,afternoon,15,daylight,0,dry,0,1,1,0,1,0,0,0,0,2,seriously_injured
2018,9,Thu,5,52.53524214,13.51424205,evening,18,daylight,0,dry,0,5,2,0,1,0,1,0,0,2,seriously_injured
2018,9,Sun,1,52.45568312,13.64469834,evening,18,daylight,0,dry,0,8,1,0,0,0,1,0,0,2,seriously_injured
2018,9,Sat,7,52.52617443,13.19655219,evening,21,dark,2,wet,1,2,6,0,1,0,0,0,0,3,slightly_injured
2018,9,Sun,1,52.46051809,13.27500569,afternoon,14,daylight,0,dry,0,0,1,0,0,0,1,0,0,3,slightly_injured
2018,9,Wed,4,52.59693631,13.3605138,afternoon,17,daylight,0,dry,0,5,2,0,1,0,0,0,1,2,seriously_injured
2018,9,Sat,7,52.5149356,13.58361395,evening,20,dark,2,dry,0,5,2,0,1,0,0,0,0,3,slightly_injured
2018,9,Sun,1,52.52540205,13.16121055,evening,23,dark,2,dry,0,5,3,0,0,0,0,0,1,3,slightly_injured
2018,9,Sat,7,52.506728,13.27811999,evening,18,daylight,0,dry,0,5,3,1,1,0,0,0,0,2,seriously_injured
2018,9,Tue,3,52.52504432,13.39625328,evening,19,daylight,0,dry,0,0,2,1,1,0,0,0,0,3,slightly_injured
2018,9,Sat,7,52.48699696,13.42749788,afternoon,17,daylight,0,dry,0,6,4,0,1,1,0,0,0,3,slightly_injured
2018,9,Sat,7,52.53264567,13.32844627,night,1,dark,2,dry,0,8,1,0,1,0,0,0,0,2,seriously_injured
2018,9,Tue,3,52.53169589,13.3059926,afternoon,16,daylight,0,dry,0,5,2,1,0,0,0,1,0,3,slightly_injured
2018,9,Sat,7,52.5070114,13.39438728,night,1,dark,2,dry,0,5,3,0,1,0,0,0,0,2,seriously_injured
2018,9,Wed,4,52.48419112,13.39143563,morning,7,daylight,0,dry,0,5,2,1,1,0,0,0,0,3,slightly_injured
2018,9,Sat,7,52.53309284,13.47619701,evening,22,dark,2,wet,1,5,2,0,1,0,0,0,0,3,slightly_injured
2018,9,Sat,7,52.59378059,13.28091318,afternoon,16,daylight,0,dry,0,5,2,0,1,0,0,0,0,3,slightly_injured
2018,9,Tue,3,52.50693428,13.39882603,morning,10,daylight,0,dry,0,3,6,0,1,0,0,0,1,3,slightly_injured
2018,9,Fri,6,52.44740432,13.57754394,morning,11,daylight,0,dry,0,5,7,0,1,0,0,0,0,3,slightly_injured
2018,9,Sat,7,52.48834283,13.42380557,afternoon,15,daylight,0,dry,0,6,7,0,1,1,0,0,0,2,seriously_injured
2018,9,Thu,5,52.46012237,13.37640359,morning,6,dark,2,dry,0,2,2,0,1,0,1,1,0,2,seriously_injured
2018,9,Sat,7,52.53305881,13.17915047,afternoon,15,daylight,0,dry,0,5,3,0,1,0,1,0,0,3,slightly_injured
2018,9,Fri,6,52.47339409,13.42789218,morning,7,daylight,0,dry,0,5,3,1,1,0,0,0,0,3,slightly_injured
2018,9,Sat,7,52.41818933,13.26728484,afternoon,15,daylight,0,dry,0,0,1,0,0,0,1,0,0,3,slightly_injured
2018,9,Wed,4,52.48652767,13.42400563,afternoon,15,daylight,0,dry,0,5,2,1,1,0,0,0,0,3,slightly_injured
2018,9,Fri,6,52.52751946,13.29686191,evening,22,dark,2,wet,1,6,4,1,0,1,0,0,0,3,slightly_injured
2018,9,Sat,7,52.56033823,13.21483845,evening,22,dark,2,dry,0,1,1,0,1,0,0,0,0,3,slightly_injured
2018,9,Fri,6,52.55501384,13.38383428,morning,7,daylight,0,dry,0,5,3,1,1,0,0,0,0,3,slightly_injured
2018,9,Tue,3,52.43632526,13.40338316,afternoon,13,daylight,0,dry,0,1,5,1,1,0,0,0,0,3,slightly_injured
2018,9,Fri,6,52.49565997,13.45568038,morning,7,daylight,0,dry,0,5,7,1,1,0,0,0,0,3,slightly_injured
2018,9,Sat,7,52.54947948,13.22726077,evening,21,dark,2,dry,0,2,6,0,1,0,0,0,0,3,slightly_injured
2018,9,Fri,6,52.44553971,13.35381541,afternoon,15,daylight,0,dry,0,2,6,0,1,0,0,0,0,3,slightly_injured
2018,9,Fri,6,52.51748978,13.4102062,night,0,dark,2,dry,0,0,1,1,0,0,0,0,0,3,slightly_injured
2018,9,Sat,7,52.42384798,13.25157112,afternoon,13,daylight,0,dry,0,5,2,1,1,0,0,0,0,3,slightly_injured
2018,9,Tue,3,52.48987203,13.35333555,afternoon,16,daylight,0,dry,0,5,3,1,1,0,0,0,0,2,seriously_injured
2018,9,Fri,6,52.53294176,13.39877463,morning,7,daylight,0,dry,0,4,6,1,0,0,0,0,0,3,slightly_injured
2018,9,Sat,7,52.44930346,13.40474794,evening,19,dark,2,dry,0,5,7,0,1,0,1,0,0,3,slightly_injured
2018,9,Thu,5,52.45310696,13.39012126,afternoon,14,daylight,0,dry,0,5,7,1,1,0,0,0,0,3,slightly_injured
2018,9,Sat,7,52.4873681,13.38605579,evening,18,dusk,1,dry,0,0,6,0,1,0,1,0,0,3,slightly_injured
2018,9,Fri,6,52.57661502,13.31478061,evening,22,dark,2,wet,1,2,6,0,1,0,0,0,1,3,slightly_injured
2018,9,Wed,4,52.50956092,13.5191363,afternoon,14,daylight,0,dry,0,2,6,0,1,0,0,0,1,2,seriously_injured
2018,9,Fri,6,52.55658245,13.36342344,evening,21,dark,2,wet,1,9,1,0,1,0,0,0,0,3,slightly_injured
2018,9,Thu,5,52.55430068,13.40252519,afternoon,17,daylight,0,dry,0,5,2,1,0,0,0,0,1,3,slightly_injured
2018,9,Sat,7,52.54881295,13.38388472,afternoon,13,daylight,0,dry,0,6,4,0,1,1,0,0,0,3,slightly_injured
2018,9,Fri,6,52.54171969,13.48802416,evening,20,dark,2,wet,1,5,3,0,1,0,1,0,0,3,slightly_injured
2018,9,Wed,4,52.52426891,13.24471156,afternoon,15,daylight,0,wet,1,0,7,1,0,0,0,0,0,2,seriously_injured
2018,9,Fri,6,52.50822738,13.39894595,evening,20,dark,2,wet,1,5,3,0,1,0,1,0,0,3,slightly_injured
2018,9,Sat,7,52.49796674,13.34819497,afternoon,17,daylight,0,dry,0,5,3,1,1,0,0,0,0,3,slightly_injured
2018,9,Fri,6,52.44845419,13.55911187,afternoon,17,dusk,1,wet,1,5,3,0,1,0,0,0,0,3,slightly_injured
2018,9,Tue,3,52.53892305,13.24081956,morning,10,daylight,0,dry,0,3,6,0,1,0,1,0,0,3,slightly_injured
2018,9,Fri,6,52.54389989,13.60351985,morning,7,daylight,0,dry,0,2,6,0,1,0,0,0,0,3,slightly_injured
2018,9,Sat,7,52.43522176,13.20625074,afternoon,13,daylight,0,dry,0,5,3,0,1,0,0,0,0,3,slightly_injured
2018,9,Fri,6,52.52712272,13.21313877,afternoon,14,daylight,0,dry,0,3,6,0,1,0,0,0,0,3,slightly_injured
2018,9,Thu,5,52.41840068,13.50588932,afternoon,17,daylight,0,dry,0,5,3,1,0,0,0,0,0,3,slightly_injured
2018,9,Sat,7,52.53000669,13.19608731,afternoon,16,daylight,0,dry,0,6,4,0,1,1,0,0,0,2,seriously_injured
2018,9,Tue,3,52.50042865,13.27423574,afternoon,16,daylight,0,dry,0,0,2,1,0,0,0,1,0,3,slightly_injured
2018,9,Fri,6,52.44225889,13.26538546,morning,9,daylight,0,dry,0,5,3,0,1,0,0,0,0,3,slightly_injured
2018,9,Sat,7,52.48055249,13.42363671,afternoon,13,daylight,0,dry,0,1,5,1,1,0,0,0,0,3,slightly_injured
2018,9,Thu,5,52.4328422,13.28133765,evening,18,daylight,0,dry,0,1,1,0,1,0,0,0,0,2,seriously_injured
2018,9,Sat,7,52.48840428,13.41205676,afternoon,16,daylight,0,dry,0,0,7,0,0,0,1,0,0,2,seriously_injured
2018,9,Fri,6,52.42047956,13.53876865,evening,19,dark,2,wet,1,6,2,0,1,1,0,0,0,3,slightly_injured
2018,9,Wed,4,52.49360994,13.56174909,morning,11,daylight,0,dry,0,5,2,0,1,0,0,0,0,3,slightly_injured
2018,9,Fri,6,52.53407091,13.55944573,afternoon,16,daylight,0,dry,0,5,2,1,1,0,0,0,0,2,seriously_injured
2018,9,Sat,7,52.46769392,13.33587414,afternoon,12,daylight,0,dry,0,1,5,0,1,0,0,0,0,2,seriously_injured
2018,9,Fri,6,52.50371579,13.41036731,evening,19,dark,2,wet,1,5,3,1,1,0,0,0,0,2,seriously_injured
2018,9,Tue,3,52.52106834,13.26288965,afternoon,16,daylight,0,dry,0,5,2,0,1,0,0,0,0,3,slightly_injured
2018,9,Fri,6,52.47025988,13.32014612,evening,18,daylight,0,wet,1,0,1,0,0,0,1,0,0,3,slightly_injured
2018,9,Sat,7,52.50221573,13.32289424,morning,11,daylight,0,dry,0,0,1,0,0,0,1,0,0,3,slightly_injured
2018,9,Sat,7,52.62956288,13.29442728,morning,9,daylight,0,dry,0,5,3,0,1,0,0,0,0,3,slightly_injured
2018,9,Fri,6,52.46712628,13.36922347,evening,18,dusk,1,wet,1,5,2,0,1,0,0,0,0,3,slightly_injured
2018,9,Fri,6,52.53386058,13.28280899,evening,18,dark,2,wet,1,2,6,0,1,0,0,0,1,3,slightly_injured
2018,9,Sat,7,52.43192506,13.45443537,morning,7,daylight,0,dry,0,6,7,1,0,1,0,0,0,3,slightly_injured
2018,9,Thu,5,52.50108801,13.41999357,morning,9,daylight,0,dry,0,0,6,1,1,0,0,0,0,3,slightly_injured
2018,9,Sat,7,52.50688982,13.42329971,night,3,dark,2,dry,0,9,1,0,1,0,0,0,0,3,slightly_injured
2018,9,Tue,3,52.5295095,13.49996932,afternoon,16,daylight,0,dry,0,5,7,0,1,0,1,0,0,2,seriously_injured
2018,9,Fri,6,52.58500408,13.27727361,afternoon,17,daylight,0,wet,1,0,1,0,0,0,1,0,0,3,slightly_injured
2018,9,Sat,7,52.57020962,13.53207188,night,4,dark,2,dry,0,3,6,1,0,0,0,0,1,3,slightly_injured
2018,9,Thu,5,52.53303602,13.15463369,afternoon,16,daylight,0,dry,0,5,3,0,1,0,1,0,0,3,slightly_injured
2018,9,Fri,6,52.46702837,13.30937621,evening,23,dark,2,dry,0,5,3,0,1,0,1,0,0,2,seriously_injured
2018,9,Fri,6,52.5005243,13.47731071,afternoon,17,daylight,0,wet,1,2,2,0,1,0,0,0,0,3,slightly_injured
2018,9,Wed,4,52.54505874,13.41543638,morning,8,daylight,0,dry,0,0,1,0,0,0,1,0,0,2,seriously_injured
2018,9,Fri,6,52.53484658,13.19913056,afternoon,17,daylight,0,wet,1,6,4,0,1,1,0,0,0,2,seriously_injured
2018,9,Fri,6,52.51345477,13.30095307,evening,22,dark,2,dry,0,5,3,0,1,0,0,0,0,2,seriously_injured
2018,9,Tue,3,52.49846595,13.29842392,afternoon,15,daylight,0,dry,0,2,1,0,1,0,0,0,0,3,slightly_injured
2018,9,Fri,6,52.43073709,13.34680616,afternoon,17,daylight,0,dry,0,2,7,1,1,0,0,0,0,3,slightly_injured
2018,9,Fri,6,52.55508267,13.36128044,evening,21,dark,2,dry,0,5,3,0,1,0,1,0,0,2,seriously_injured
2018,9,Thu,5,52.55361364,13.3775778,morning,10,daylight,0,dry,0,2,6,0,1,0,0,0,0,3,slightly_injured
2018,9,Fri,6,52.5836461,13.28193796,evening,19,dark,2,dry,0,5,3,0,1,0,0,0,0,3,slightly_injured
2018,9,Fri,6,52.52129547,13.4026039,afternoon,17,daylight,0,wet,1,2,7,1,1,0,0,0,0,3,slightly_injured
2018,9,Fri,6,52.61162476,13.48261352,evening,19,dark,2,dry,0,5,3,1,1,0,0,0,0,3,slightly_injured
2018,9,Wed,4,52.48653762,13.3203204,afternoon,16,daylight,0,dry,0,5,3,0,1,0,0,0,0,3,slightly_injured
2018,9,Fri,6,52.53806572,13.21573105,afternoon,16,daylight,0,wet,1,5,3,0,1,0,0,1,0,3,slightly_injured
2018,9,Fri,6,52.5566655,13.51424748,afternoon,17,daylight,0,dry,0,5,3,1,1,0,0,0,0,3,slightly_injured
2018,9,Thu,5,52.50804816,13.4265831,evening,19,dusk,1,dry,0,5,2,1,0,0,1,0,0,3,slightly_injured
2018,9,Fri,6,52.50299402,13.43119899,afternoon,17,daylight,0,dry,0,6,4,0,1,1,0,0,0,3,slightly_injured
2018,9,Fri,6,52.51369597,13.44123936,afternoon,15,daylight,0,dry,0,5,3,1,1,0,0,0,0,3,slightly_injured
2018,9,Fri,6,52.5209585,13.34784107,afternoon,17,daylight,0,dry,0,2,6,0,1,0,0,0,0,3,slightly_injured
2018,9,Wed,4,52.45587726,13.55466589,afternoon,12,daylight,0,dry,0,2,2,0,1,0,1,0,0,2,seriously_injured
2018,9,Fri,6,52.53356799,13.16833325,afternoon,15,daylight,0,dry,0,3,6,0,1,0,1,0,0,2,seriously_injured
2018,9,Fri,6,52.41048611,13.54430327,afternoon,17,daylight,0,dry,0,5,3,0,1,0,0,0,0,3,slightly_injured
2018,9,Fri,6,52.5122877,13.39270653,afternoon,15,daylight,0,dry,0,5,5,1,1,0,0,0,0,3,slightly_injured
2018,9,Wed,4,52.47923732,13.60113205,afternoon,15,daylight,0,dry,0,5,3,1,1,0,0,0,0,3,slightly_injured
2018,9,Fri,6,52.59056595,13.29208146,afternoon,15,daylight,0,dry,0,5,2,0,1,0,0,0,0,3,slightly_injured
2018,9,Fri,6,52.54716204,13.41639878,afternoon,16,daylight,0,dry,0,2,6,1,1,0,0,0,0,3,slightly_injured
2018,9,Tue,3,52.52865333,13.4819147,afternoon,15,daylight,0,dry,0,5,3,1,1,0,0,0,0,3,slightly_injured
2018,9,Fri,6,52.5193519,13.41679601,evening,21,dark,2,dry,0,0,6,0,1,0,1,0,0,3,slightly_injured
2018,9,Thu,5,52.4555658,13.45363601,evening,18,daylight,0,dry,0,5,3,1,1,0,0,0,0,3,slightly_injured
2018,9,Fri,6,52.5110201,13.46100208,evening,19,dusk,1,dry,0,5,3,1,1,0,0,0,0,3,slightly_injured
2018,9,Fri,6,52.5362383,13.60292766,afternoon,14,daylight,0,dry,0,5,3,1,1,0,0,0,0,3,slightly_injured
2018,9,Fri,6,52.55054355,13.20996877,afternoon,16,daylight,0,dry,0,6,4,0,0,1,0,0,1,3,slightly_injured
2018,9,Wed,4,52.59582164,13.33932862,afternoon,15,daylight,0,dry,0,5,2,0,1,0,0,0,0,3,slightly_injured
2018,9,Fri,6,52.45430228,13.39580178,afternoon,15,daylight,0,dry,0,5,3,0,1,0,0,0,0,3,slightly_injured
2018,9,Fri,6,52.50742442,13.38564412,morning,11,daylight,0,dry,0,6,2,0,1,1,0,0,0,3,slightly_injured
2018,9,Fri,6,52.55433035,13.5029981,afternoon,14,daylight,0,dry,0,2,2,0,1,0,1,0,0,3,slightly_injured
2018,9,Tue,3,52.53476916,13.2020525,afternoon,13,daylight,0,dry,0,0,2,0,1,0,1,0,0,3,slightly_injured
2018,9,Fri,6,52.55763683,13.45843589,afternoon,15,daylight,0,dry,0,5,3,0,1,0,0,0,0,3,slightly_injured
2018,9,Fri,6,52.56310012,13.50504439,morning,10,daylight,0,dry,0,5,3,0,1,0,0,0,0,3,slightly_injured
2018,9,Fri,6,52.55577698,13.38405874,morning,7,dusk,1,dry,0,5,3,0,1,1,1,0,0,3,slightly_injured
2018,9,Fri,6,52.47905179,13.64327651,evening,20,dark,2,dry,0,8,1,0,0,0,1,0,0,1,killed
2018,9,Fri,6,52.50617432,13.39763082,afternoon,15,daylight,0,dry,0,5,2,0,1,0,0,0,0,3,slightly_injured
2018,9,Tue,3,52.44033339,13.49980434,evening,22,dark,2,dry,0,8,1,0,1,0,0,0,0,3,slightly_injured
2018,9,Fri,6,52.49160024,13.43557027,afternoon,14,daylight,0,dry,0,5,3,1,0,0,0,0,1,3,slightly_injured