ujahr,umonat,weekday,uwochentag,long,lat,time_of_day,ustunde,light_condition,ulichtverh,street_condition,ustrzustand,uart,utyp1,ist_rad,ist_pkw,ist_fuss,ist_krad,ist_gkfz,ist_sonstige,ukategorie,accident_outcome
2018,9,Fri,6,52.38224302,13.40949692,morning,9,daylight,0,dry,0,5,3,1,1,0,0,0,0,2,seriously_injured
2018,9,Fri,6,52.51565519,13.39099156,afternoon,16,daylight,0,dry,0,2,6,1,1,0,0,0,0,3,slightly_injured
2018,9,Fri,6,52.51907786,13.39134247,afternoon,12,daylight,0,dry,0,0,1,1,0,0,0,0,0,3,slightly_injured
2018,9,Fri,6,52.53888273,13.2072054,afternoon,14,daylight,0,dry,0,2,6,0,1,0,0,1,0,3,slightly_injured
2018,9,Tue,3,52.52896269,13.12025267,afternoon,15,daylight,0,dry,0,2,6,0,1,0,0,0,0,3,slightly_injured
2018,9,Fri,6,52.50552125,13.33400727,afternoon,14,daylight,0,dry,0,5,2,0,1,0,1,1,0,3,slightly_injured
2018,9,Fri,6,52.46904314,13.33245722,afternoon,13,daylight,0,dry,0,5,3,1,1,0,0,0,0,3,slightly_injured
2018,9,Thu,5,52.60636513,13.43322937,afternoon,15,daylight,0,dry,0,5,3,0,1,0,0,0,1,3,slightly_injured
2018,9,Fri,6,52.58871166,13.32498948,afternoon,13,daylight,0,dry,0,2,6,0,1,0,0,0,0,3,slightly_injured
2018,9,Fri,6,52.50579337,13.32154111,afternoon,14,daylight,0,dry,0,5,3,1,0,0,0,0,1,3,slightly_injured
2018,9,Wed,4,52.48121171,13.45237095,evening,22,dark,2,dry,0,5,3,0,1,0,0,0,0,3,slightly_injured
2018,9,Fri,6,52.54341389,13.2300286,afternoon,14,daylight,0,dry,0,1,5,1,1,0,0,0,0,3,slightly_injured
2018,9,Fri,6,52.53030383,13.31414861,afternoon,13,daylight,0,dry,0,2,2,0,1,0,0,0,0,3,slightly_injured
2018,9,Fri,6,52.4200916,13.43820086,afternoon,13,daylight,0,dry,0,2,2,1,0,0,0,0,1,3,slightly_injured
2018,9,Tue,3,52.42949203,13.22409543,morning,10,daylight,0,wet,1,2,2,0,1,0,1,0,0,3,slightly_injured
2018,9,Fri,6,52.51579909,13.45340239,afternoon,13,daylight,0,dry,0,2,6,0,1,0,0,1,0,3,slightly_injured
2018,9,Fri,6,52.46609849,13.48770297,afternoon,13,daylight,0,dry,0,6,4,0,0,1,1,0,0,3,slightly_injured
2018,9,Fri,6,52.55214885,13.36675985,afternoon,14,daylight,0,dry,0,6,2,0,0,1,0,0,1,2,seriously_injured
2018,9,Thu,5,52.52116371,13.30627987,morning,9,daylight,0,dry,0,5,3,0,1,0,0,0,0,3,slightly_injured
2018,9,Fri,6,52.43191138,13.27775387,morning,9,daylight,0,dry,0,5,2,1,1,0,0,0,0,3,slightly_injured
2018,9,Tue,3,52.53156789,13.48269046,afternoon,15,daylight,0,dry,0,1,7,0,1,0,0,0,0,2,seriously_injured
2018,9,Fri,6,52.5150348,13.18774663,afternoon,13,daylight,0,dry,0,2,6,0,1,0,1,0,0,3,slightly_injured
2018,9,Fri,6,52.49579595,13.52422588,afternoon,13,daylight,0,dry,0,5,2,1,1,0,0,0,0,3,slightly_injured
2018,9,Thu,5,52.40981783,13.27337096,afternoon,13,daylight,0,dry,0,5,2,0,1,0,1,0,0,2,seriously_injured
2018,9,Fri,6,52.52737876,13.34319249,morning,9,daylight,0,dry,0,2,6,1,1,0,0,0,0,3,slightly_injured
2018,9,Fri,6,52.49911834,13.31646281,afternoon,12,daylight,0,dry,0,3,6,1,1,0,0,0,0,3,slightly_injured
2018,9,Fri,6,52.59687024,13.35966814,afternoon,12,daylight,0,dry,0,5,7,0,1,0,1,0,0,3,slightly_injured
2018,9,Tue,3,52.53664325,13.52517824,afternoon,15,daylight,0,dry,0,2,1,0,1,0,0,0,0,3,slightly_injured
2018,9,Fri,6,52.51702587,13.35466828,afternoon,12,daylight,0,dry,0,5,2,1,0,0,0,0,1,2,seriously_injured
2018,9,Fri,6,52.51123869,13.40118762,afternoon,12,daylight,0,dry,0,2,6,1,0,0,0,0,0,3,slightly_injured
2018,9,Thu,5,52.42034224,13.16718824,morning,11,daylight,0,dry,0,5,3,1,1,0,0,0,0,3,slightly_injured
2018,9,Fri,6,52.55205287,13.29403187,morning,8,daylight,0,dry,0,2,6,0,1,0,0,0,0,3,slightly_injured
2018,9,Fri,6,52.44544682,13.34033913,morning,11,daylight,0,dry,0,5,2,1,1,0,0,0,0,3,slightly_injured
2018,9,Wed,4,52.48639367,13.39776478,afternoon,12,daylight,0,dry,0,6,4,0,0,1,0,0,1,3,slightly_injured
2018,9,Fri,6,52.58496071,13.27699349,morning,11,daylight,0,dry,0,5,3,0,1,0,0,0,0,3,slightly_injured
2018,9,Fri,6,52.41956146,13.39849438,afternoon,16,daylight,0,dry,0,0,2,0,0,0,0,0,1,3,slightly_injured
2018,9,Fri,6,52.53859482,13.60460292,morning,10,daylight,0,dry,0,2,2,0,1,0,0,0,0,3,slightly_injured
2018,9,Tue,3,52.54434582,13.19628211,afternoon,15,daylight,0,dry,0,2,6,0,1,0,0,0,0,3,slightly_injured
2018,9,Fri,6,52.48821321,13.4268726,morning,9,daylight,0,dry,0,0,3,1,1,0,0,0,0,3,slightly_injured
2018,9,Fri,6,52.49527448,13.36617625,afternoon,12,daylight,0,dry,0,5,3,1,1,0,0,0,0,3,slightly_injured
2018,9,Thu,5,52.49931431,13.4272989,evening,21,dark,2,dry,0,3,6,0,1,0,1,0,0,3,slightly_injured
2018,9,Fri,6,52.49941452,13.33478463,afternoon,16,daylight,0,dry,0,2,6,0,1,0,0,0,0,3,slightly_injured
2018,9,Fri,6,52.54980727,13.43407977,morning,9,daylight,0,dry,0,6,4,0,0,1,0,1,0,3,slightly_injured
2018,9,Thu,5,52.4959393,13.34615691,afternoon,12,daylight,0,dry,0,0,1,1,0,0,0,0,0,3,slightly_injured
2018,9,Wed,4,52.53615964,13.47369928,morning,8,daylight,0,dry,0,5,2,1,1,0,0,0,0,3,slightly_injured
2018,10,Fri,6,52.48853122,13.30794062,afternoon,12,daylight,0,dry,0,5,2,0,1,0,0,0,0,3,slightly_injured
2018,10,Tue,3,52.46536359,13.43878551,afternoon,14,daylight,0,dry,0,5,3,0,1,0,0,0,0,3,slightly_injured
2018,10,Fri,6,52.49832628,13.40651257,afternoon,15,daylight,0,dry,0,5,2,0,1,0,0,0,0,3,slightly_injured
2018,10,Tue,3,52.48770168,13.43854069,evening,19,dark,2,dry,0,1,5,1,1,0,0,0,0,3,slightly_injured
2018,10,Fri,6,52.42849635,13.51955677,morning,11,daylight,0,dry,0,5,2,1,0,0,0,1,0,1,killed
2018,10,Tue,3,52.42712782,13.33103134,afternoon,13,daylight,0,dry,0,2,6,0,1,0,0,0,0,3,slightly_injured
2018,10,Tue,3,52.49664304,13.48610913,evening,19,dark,2,dry,0,5,3,1,1,0,0,0,0,3,slightly_injured
2018,10,Thu,5,52.509584,13.39209843,afternoon,14,daylight,0,dry,0,6,4,0,1,1,0,0,0,3,slightly_injured
2018,10,Tue,3,52.49850847,13.40308413,afternoon,13,daylight,0,dry,0,5,3,1,1,0,0,0,0,3,slightly_injured
2018,10,Thu,5,52.41236909,13.26038946,afternoon,17,daylight,0,dry,0,5,3,1,1,0,0,0,0,3,slightly_injured
2018,10,Tue,3,52.55140357,13.38321201,evening,18,dark,2,dry,0,1,5,1,1,0,0,0,1,3,slightly_injured
2018,10,Thu,5,52.38180768,13.39773216,afternoon,16,daylight,0,dry,0,5,3,0,1,0,0,0,0,3,slightly_injured
2018,10,Tue,3,52.50905914,13.18018332,afternoon,13,daylight,0,dry,0,5,2,0,1,0,1,0,0,3,slightly_injured
2018,10,Thu,5,52.54629633,13.51163968,afternoon,16,daylight,0,dry,0,2,6,0,0,0,1,0,0,3,slightly_injured
2018,10,Tue,3,52.48613091,13.43040058,afternoon,12,daylight,0,dry,0,5,2,0,1,0,0,0,1,3,slightly_injured
2018,10,Thu,5,52.52928014,13.43430366,afternoon,16,daylight,0,dry,0,5,2,0,1,0,1,0,0,3,slightly_injured
2018,10,Tue,3,52.59556734,13.40293122,evening,18,dusk,1,dry,0,5,3,0,1,0,1,0,0,2,seriously_injured
2018,10,Thu,5,52.56388455,13.37358411,afternoon,16,daylight,0,dry,0,1,5,0,1,0,1,0,0,3,slightly_injured
2018,10,Tue,3,52.47925603,13.60098248,evening,18,daylight,0,dry,0,5,2,1,1,0,0,0,0,2,seriously_injured
2018,10,Tue,3,52.52553955,13.34144031,afternoon,17,daylight,0,dry,0,6,4,0,0,1,0,0,1,3,slightly_injured
2018,10,Thu,5,52.52339575,13.4073112,afternoon,15,daylight,0,dry,0,5,3,1,1,0,0,0,0,3,slightly_injured
2018,10,Tue,3,52.54800414,13.30239705,afternoon,12,daylight,0,dry,0,5,2,0,1,0,0,0,0,3,slightly_injured
2018,10,Thu,5,52.48749048,13.27374704,afternoon,15,daylight,0,dry,0,5,3,0,1,0,0,0,0,3,slightly_injured
2018,10,Tue,3,52.46214794,13.51533453,afternoon,17,daylight,0,dry,0,5,3,1,0,0,0,0,0,2,seriously_injured
2018,10,Thu,5,52.44039082,13.46864795,afternoon,15,daylight,0,dry,0,1,5,0,1,0,1,0,0,3,slightly_injured
2018,10,Thu,5,52.43677053,13.2613563,afternoon,15,daylight,0,dry,0,2,6,0,1,0,0,0,0,3,slightly_injured
2018,10,Tue,3,52.48414245,13.45610956,afternoon,16,daylight,0,dry,0,5,2,1,1,0,0,0,0,3,slightly_injured
2018,10,Thu,5,52.54947365,13.3864596,afternoon,13,daylight,0,dry,0,5,2,0,1,0,0,0,0,3,slightly_injured
2018,10,Tue,3,52.51142677,13.38334115,afternoon,16,daylight,0,dry,0,5,3,0,1,0,0,0,0,3,slightly_injured
2018,10,Thu,5,52.49860476,13.41205858,afternoon,13,daylight,0,dry,0,5,3,0,0,0,1,0,1,3,slightly_injured
2018,10,Tue,3,52.5010682,13.37504202,morning,11,daylight,0,dry,0,1,5,1,1,0,0,0,0,3,slightly_injured
2018,10,Thu,5,52.54285182,13.54970728,morning,9,daylight,0,dry,0,2,6,0,1,0,1,0,0,3,slightly_injured
2018,10,Tue,3,52.5258887,13.5220745,afternoon,16,daylight,0,dry,0,6,2,0,1,1,0,0,0,3,slightly_injured
2018,10,Thu,5,52.51030155,13.42980311,morning,10,daylight,0,dry,0,2,6,0,1,0,1,0,0,3,slightly_injured
2018,10,Thu,5,52.52095771,13.32152876,morning,9,daylight,0,dry,0,0,2,1,1,0,0,0,0,3,slightly_injured
2018,10,Tue,3,52.45588208,13.55460813,morning,10,daylight,0,dry,0,5,3,0,1,0,0,0,1,2,seriously_injured
2018,10,Thu,5,52.52696166,13.23622842,morning,8,daylight,0,dry,0,2,7,0,1,0,0,0,0,3,slightly_injured
2018,10,Tue,3,52.5343276,13.56602419,morning,6,dark,2,dry,0,2,6,0,1,0,0,0,0,3,slightly_injured
2018,10,Thu,5,52.53887145,13.36032332,morning,8,daylight,0,dry,0,5,3,1,1,0,0,0,0,3,slightly_injured
2018,10,Thu,5,52.56193265,13.40517681,morning,8,daylight,0,dry,0,6,7,1,0,1,0,0,1,3,slightly_injured
2018,10,Tue,3,52.4686116,13.24104881,morning,9,daylight,0,dry,0,8,1,0,1,0,0,0,0,2,seriously_injured
2018,10,Thu,5,52.49327609,13.42533953,morning,8,daylight,0,dry,0,6,7,0,1,1,0,0,0,2,seriously_injured
2018,10,Thu,5,52.41157481,13.3395885,morning,8,daylight,0,dry,0,4,1,0,1,0,0,0,0,3,slightly_injured
2018,10,Tue,3,52.50245399,13.48691285,evening,21,dark,2,dry,0,0,1,0,0,0,1,0,0,3,slightly_injured
2018,10,Thu,5,52.554984,13.57447799,morning,7,daylight,0,dry,0,5,2,1,1,0,0,0,0,3,slightly_injured
2018,10,Tue,3,52.49464871,13.34591213,evening,18,dusk,1,dry,0,0,1,0,0,0,1,0,0,3,slightly_injured
2018,10,Thu,5,52.53316598,13.15801936,morning,6,dusk,1,dry,0,5,2,0,1,0,0,0,0,2,seriously_injured
2018,10,Tue,3,52.50859141,13.39025711,morning,9,daylight,0,dry,0,5,3,1,1,0,0,0,0,3,slightly_injured
2018,10,Thu,5,52.47552501,13.42714194,night,4,dark,2,dry,0,5,3,0,1,0,0,0,0,3,slightly_injured
2018,10,Tue,3,52.54218661,13.20611993,morning,9,daylight,0,dry,0,6,4,0,1,1,0,0,0,3,slightly_injured
2018,10,Tue,3,52.51388508,13.31749113,morning,9,daylight,0,dry,0,5,3,0,1,0,1,0,0,2,seriously_injured
2018,10,Tue,3,52.50690106,13.39440534,morning,8,daylight,0,dry,0,5,2,1,1,0,0,0,0,3,slightly_injured
2018,10,Thu,5,52.4514609,13.2386022,night,2,dark,2,dry,0,7,7,0,0,0,1,0,0,3,slightly_injured
2018,10,Thu,5,52.41199404,13.36330922,morning,8,daylight,0,dry,0,5,2,0,1,0,0,0,1,3,slightly_injured
2018,10,Tue,3,52.5358044,13.35762854,morning,7,daylight,0,dry,0,2,6,0,0,0,1,0,1,3,slightly_injured
2018,10,Thu,5,52.52677002,13.23819396,morning,8,daylight,0,dry,0,2,6,0,1,0,0,1,1,3,slightly_injured
2018,10,Tue,3,52.52406466,13.20194395,morning,8,daylight,0,dry,0,6,4,0,1,1,0,0,0,3,slightly_injured
2018,10,Thu,5,52.41880747,13.48692023,afternoon,12,daylight,0,dry,0,2,2,0,1,0,1,0,0,3,slightly_injured
2018,10,Tue,3,52.44703037,13.31517541,morning,7,dusk,1,dry,0,5,2,1,1,0,0,0,0,3,slightly_injured
2018,10,Thu,5,52.47918979,13.44954389,morning,11,daylight,0,dry,0,5,3,1,1,0,0,0,0,3,slightly_injured
2018,10,Tue,3,52.48807234,13.41458909,morning,7,daylight,0,dry,0,0,7,0,1,0,1,0,0,3,slightly_injured
2018,10,Thu,5,52.45122261,13.34812254,morning,11,daylight,0,dry,0,2,2,0,1,0,0,0,0,3,slightly_injured
2018,10,Tue,3,52.52275242,13.36409143,morning,10,daylight,0,dry,0,8,1,0,1,0,0,0,0,3,slightly_injured
2018,10,Thu,5,52.52058304,13.34140949,evening,22,dark,2,dry,0,5,2,1,1,0,0,0,0,3,slightly_injured
2018,10,Tue,3,52.48033613,13.31340976,evening,18,dusk,1,dry,0,2,6,0,1,0,0,0,0,3,slightly_injured
2018,10,Mon,2,52.49533187,13.39771963,morning,7,dusk,1,dry,0,5,3,0,1,0,0,0,1,3,slightly_injured
2018,10,Thu,5,52.50315408,13.39499136,evening,18,dusk,1,dry,0,5,3,1,1,0,0,0,0,3,slightly_injured
2018,10,Mon,2,52.47842641,13.34420922,morning,9,daylight,0,dry,0,4,6,1,0,0,0,0,0,3,slightly_injured
2018,10,Thu,5,52.51590997,13.42610907,evening,18,daylight,0,dry,0,5,3,1,1,0,0,0,0,3,slightly_injured
2018,10,Mon,2,52.56567182,13.32178995,evening,19,dark,2,dry,0,5,2,0,1,0,0,0,1,3,slightly_injured
2018,10,Thu,5,52.51306264,13.28830154,afternoon,17,daylight,0,dry,0,5,2,1,1,0,0,0,0,3,slightly_injured
2018,10,Mon,2,52.51576399,13.41237792,afternoon,17,dusk,1,dry,0,3,2,1,1,0,0,0,0,3,slightly_injured
2018,10,Thu,5,52.52071776,13.41547205,afternoon,17,daylight,0,dry,0,5,3,1,1,0,0,0,0,2,seriously_injured
2018,10,Mon,2,52.45539631,13.42905277,afternoon,17,daylight,0,dry,0,6,7,1,0,1,0,0,0,3,slightly_injured
2018,10,Thu,5,52.41614921,13.53215165,afternoon,17,daylight,0,dry,0,5,2,1,1,0,0,0,0,2,seriously_injured
2018,10,Mon,2,52.50525601,13.61561956,afternoon,17,daylight,0,dry,0,5,3,1,1,0,0,0,0,3,slightly_injured
2018,10,Thu,5,52.57245773,13.41801526,afternoon,16,daylight,0,dry,0,1,5,0,1,0,1,0,0,2,seriously_injured
2018,10,Mon,2,52.48338715,13.5259811,afternoon,16,daylight,0,dry,0,2,6,0,1,0,0,0,0,3,slightly_injured
2018,10,Mon,2,52.53246767,13.3968733,afternoon,16,daylight,0,dry,0,0,7,1,1,0,0,0,0,3,slightly_injured
2018,10,Thu,5,52.54870105,13.41325983,morning,10,daylight,0,dry,0,5,3,1,1,0,0,0,0,3,slightly_injured
2018,10,Mon,2,52.57178983,13.31200834,afternoon,16,daylight,0,dry,0,2,6,0,1,0,0,0,0,3,slightly_injured
2018,10,Thu,5,52.48198921,13.43359,morning,10,daylight,0,dry,0,5,2,1,0,0,0,0,1,3,slightly_injured
2018,10,Mon,2,52.45758242,13.56212152,afternoon,16,daylight,0,dry,0,4,7,0,1,0,0,0,0,2,seriously_injured
2018,10,Wed,4,52.53513011,13.49160075,evening,20,dark,2,dry,0,0,7,1,0,0,0,0,0,2,seriously_injured
2018,10,Wed,4,52.50006156,13.41841453,evening,18,dark,2,wet,1,6,4,0,0,1,1,0,0,3,slightly_injured
2018,10,Mon,2,52.43610424,13.47144583,afternoon,16,daylight,0,dry,0,5,3,0,1,0,1,0,0,3,slightly_injured
2018,10,Wed,4,52.55631823,13.37677765,afternoon,17,dusk,1,dry,0,2,6,0,1,0,0,0,0,2,seriously_injured
2018,10,Mon,2,52.56697979,13.31646852,evening,23,dark,2,dry,0,0,3,0,1,0,1,0,0,3,slightly_injured
2018,10,Wed,4,52.4918089,13.49192956,night,2,dark,2,dry,0,5,7,0,1,0,0,0,0,3,slightly_injured
2018,10,Wed,4,52.48171692,13.32941362,morning,7,dusk,1,wet,1,5,3,0,1,0,0,0,0,2,seriously_injured
2018,10,Wed,4,52.56839166,13.39356436,morning,8,daylight,0,wet,1,6,4,0,0,1,1,0,0,3,slightly_injured
2018,10,Mon,2,52.52128344,13.43175823,afternoon,15,daylight,0,dry,0,5,5,1,1,0,0,0,0,3,slightly_injured
2018,10,Wed,4,52.54104571,13.41190757,afternoon,17,daylight,0,dry,0,6,4,0,1,1,0,0,0,3,slightly_injured
2018,10,Mon,2,52.5199615,13.41636163,evening,20,dusk,1,dry,0,5,2,1,0,0,0,0,1,3,slightly_injured
2018,10,Wed,4,52.5009019,13.31503212,afternoon,16,daylight,0,dry,0,0,3,0,1,0,1,0,0,3,slightly_injured
2018,10,Mon,2,52.52459318,13.4030955,afternoon,15,daylight,0,dry,0,0,1,1,0,0,0,0,0,3,slightly_injured
2018,10,Wed,4,52.44385233,13.3155251,afternoon,15,daylight,0,wet,1,6,7,0,1,1,0,0,0,2,seriously_injured
2018,10,Thu,5,52.48947189,13.32468513,afternoon,17,daylight,0,dry,0,2,2,1,1,0,0,0,0,3,slightly_injured
2018,10,Mon,2,52.54698305,13.42499162,evening,19,dusk,1,dry,0,2,6,0,1,0,1,0,0,3,slightly_injured
2018,10,Wed,4,52.56261328,13.38996997,afternoon,15,daylight,0,wet,1,2,6,0,1,0,0,0,0,3,slightly_injured
2018,10,Wed,4,52.45110839,13.28719134,afternoon,14,daylight,0,dry,0,2,2,0,1,0,0,0,0,3,slightly_injured
2018,10,Mon,2,52.50420533,13.37343459,evening,19,dark,2,dry,0,5,2,0,1,0,1,0,0,2,seriously_injured
2018,10,Wed,4,52.5558648,13.38253682,afternoon,14,daylight,0,dry,0,2,6,0,1,0,0,0,0,3,slightly_injured
2018,10,Thu,5,52.56479632,13.32843228,afternoon,15,daylight,0,dry,0,0,3,1,1,0,0,0,0,3,slightly_injured
2018,10,Mon,2,52.54516909,13.24062077,evening,19,dusk,1,dry,0,6,7,0,1,1,0,0,0,3,slightly_injured
2018,10,Wed,4,52.42886931,13.25632017,afternoon,13,daylight,0,wet,1,0,2,0,0,0,1,0,0,3,slightly_injured
2018,10,Mon,2,52.51102791,13.4304933,afternoon,14,daylight,0,dry,0,5,2,1,1,0,0,0,0,3,slightly_injured
2018,10,Thu,5,52.49879683,13.27196882,afternoon,13,daylight,0,dry,0,5,3,0,1,0,1,0,0,3,slightly_injured
2018,10,Wed,4,52.53258275,13.39891236,afternoon,12,daylight,0,wet,1,5,2,0,1,0,0,0,0,3,slightly_injured
2018,10,Thu,5,52.50850841,13.27340439,afternoon,13,daylight,0,dry,0,3,6,0,1,0,0,1,0,3,slightly_injured
2018,10,Mon,2,52.54851331,13.33629578,afternoon,15,daylight,0,dry,0,5,2,1,1,0,0,0,0,3,slightly_injured
2018,10,Thu,5,52.4960769,13.28768871,afternoon,12,daylight,0,dry,0,5,2,1,0,0,0,0,1,3,slightly_injured
2018,10,Mon,2,52.50525746,13.34014077,evening,18,dusk,1,dry,0,2,6,0,1,0,1,0,0,3,slightly_injured
2018,10,Thu,5,52.6054615,13.41716373,afternoon,12,daylight,0,dry,0,5,2,1,1,0,0,0,0,3,slightly_injured
2018,10,Wed,4,52.54703812,13.42482566,morning,11,daylight,0,wet,1,2,7,0,1,0,0,0,0,3,slightly_injured
2018,10,Thu,5,52.4898913,13.38223603,afternoon,16,daylight,0,dry,0,0,2,1,1,0,0,0,0,3,slightly_injured
2018,10,Mon,2,52.49171756,13.32325415,afternoon,14,daylight,0,dry,0,2,6,0,1,0,0,0,0,3,slightly_injured
2018,10,Thu,5,52.5064188,13.27995347,morning,11,daylight,0,dry,0,3,6,0,1,0,0,0,1,3,slightly_injured
2018,10,Thu,5,52.56222529,13.35390396,afternoon,16,daylight,0,dry,0,5,2,1,1,0,0,0,0,3,slightly_injured
2018,10,Mon,2,52.51108848,13.43067485,morning,9,daylight,0,dry,0,5,3,1,0,0,0,0,0,3,slightly_injured
2018,10,Wed,4,52.47078114,13.51235847,morning,11,daylight,0,wet,1,5,2,0,1,0,0,0,0,3,slightly_injured
2018,10,Mon,2,52.49698169,13.32438997,afternoon,12,daylight,0,dry,0,9,1,0,1,1,0,0,0,3,slightly_injured
2018,10,Wed,4,52.51828467,13.40106185,night,2,dark,2,wet,1,5,2,0,0,0,0,0,1,3,slightly_injured
2018,10,Thu,5,52.41781952,13.28688758,afternoon,16,daylight,0,dry,0,2,2,1,1,0,0,0,0,3,slightly_injured
2018,10,Mon,2,52.4950097,13.32382978,morning,11,daylight,0,dry,0,2,7,1,1,0,0,0,0,3,slightly_injured
2018,10,Tue,3,52.48999442,13.31473197,evening,23,dark,2,wet,1,5,7,0,1,0,1,0,0,3,slightly_injured
2018,10,Mon,2,52.49004244,13.52784199,morning,6,daylight,0,dry,0,2,2,0,1,0,0,0,1,3,slightly_injured
2018,10,Thu,5,52.43165045,13.53548958,afternoon,16,daylight,0,dry,0,1,5,1,1,0,0,0,0,3,slightly_injured
2018,10,Tue,3,52.45571137,13.37005277,evening,21,dark,2,wet,1,6,2,0,0,1,0,0,1,3,slightly_injured
2018,10,Thu,5,52.49387082,13.45432239,afternoon,15,daylight,0,dry,0,5,3,1,1,0,0,0,0,3,slightly_injured
2018,10,Mon,2,52.45563962,13.55478399,morning,11,daylight,0,dry,0,5,2,1,1,0,0,0,0,3,slightly_injured
2018,10,Tue,3,52.51193256,13.47483036,evening,20,dark,2,wet,1,0,5,1,0,0,0,0,1,3,slightly_injured
2018,10,Thu,5,52.5067695,13.29483186,afternoon,15,daylight,0,dry,0,3,6,1,1,0,0,0,0,3,slightly_injured
2018,10,Mon,2,52.44278017,13.24032577,morning,11,daylight,0,dry,0,5,2,1,1,0,0,0,0,3,slightly_injured
2018,10,Tue,3,52.5056073,13.30304554,evening,23,dark,2,wet,1,6,2,0,1,1,0,0,0,3,slightly_injured
2018,10,Mon,2,52.61056607,13.29542932,morning,8,daylight,0,dry,0,5,2,0,1,0,0,0,0,3,slightly_injured
2018,10,Tue,3,52.41048539,13.36057408,afternoon,16,dark,2,wet,1,0,3,0,1,0,1,0,0,3,slightly_injured
2018,10,Thu,5,52.50230343,13.34049092,afternoon,15,daylight,0,dry,0,2,7,0,1,0,1,0,0,3,slightly_injured
2018,10,Mon,2,52.55263361,13.38751185,morning,8,daylight,0,dry,0,5,3,0,1,0,0,0,0,3,slightly_injured
2018,10,Tue,3,52.51884199,13.27621106,afternoon,12,daylight,0,dry,0,2,6,0,1,0,0,0,0,3,slightly_injured
2018,10,Mon,2,52.48211892,13.42485309,morning,7,daylight,0,dry,0,5,3,0,1,0,0,0,0,3,slightly_injured
2018,10,Thu,5,52.47713025,13.6005952,afternoon,15,daylight,0,dry,0,6,4,0,1,1,0,0,0,3,slightly_injured
2018,10,Mon,2,52.42404434,13.37987803,morning,6,dark,2,dry,0,5,7,0,1,0,1,0,0,3,slightly_injured
2018,10,Tue,3,52.54759508,13.41219087,afternoon,13,daylight,0,wet,1,1,5,1,1,0,0,0,0,3,slightly_injured
2018,10,Thu,5,52.51569847,13.41738127,afternoon,15,daylight,0,dry,0,6,4,0,1,1,0,0,0,3,slightly_injured
2018,10,Mon,2,52.525607,13.30382189,night,5,dark,2,dry,0,5,3,0,1,0,0,0,0,3,slightly_injured
2018,10,Thu,5,52.43660969,13.47200189,afternoon,15,daylight,0,dry,0,5,2,1,0,0,1,0,0,3,slightly_injured
2018,10,Tue,3,52.52169608,13.41634543,afternoon,13,daylight,0,wet,1,0,1,0,0,0,1,0,0,3,slightly_injured
2018,10,Thu,5,52.51103301,13.30535004,afternoon,14,daylight,0,dry,0,6,4,0,1,1,0,0,0,2,seriously_injured
2018,10,Mon,2,52.49605171,13.38969162,night,4,dark,2,dry,0,5,3,0,1,0,0,0,0,3,slightly_injured
2018,10,Tue,3,52.52886933,13.44909015,afternoon,13,daylight,0,wet,1,5,3,0,1,0,0,0,0,3,slightly_injured
2018,10,Mon,2,52.43147486,13.49571285,morning,10,daylight,0,dry,0,6,4,0,0,1,0,1,0,1,killed
2018,10,Tue,3,52.53475455,13.29387327,afternoon,13,daylight,0,dry,0,3,6,0,1,0,0,0,0,3,slightly_injured
2018,10,Sun,1,52.51240567,13.45287117,afternoon,13,daylight,0,dry,0,2,2,1,1,0,0,0,0,3,slightly_injured
2018,10,Thu,5,52.43548585,13.55736315,afternoon,16,daylight,0,dry,0,5,3,0,1,0,0,1,0,3,slightly_injured
2018,10,Tue,3,52.46115971,13.32165918,afternoon,12,daylight,0,dry,0,6,7,0,1,1,0,0,0,3,slightly_injured
2018,10,Thu,5,52.52628358,13.23988938,morning,11,daylight,0,dry,0,2,6,0,1,0,0,0,1,3,slightly_injured
2018,10,Sun,1,52.56975249,13.32603624,night,3,dark,2,dry,0,1,5,0,1,0,0,0,0,3,slightly_injured
2018,10,Thu,5,52.54865389,13.24784848,afternoon,14,daylight,0,dry,0,2,6,0,1,0,0,0,0,3,slightly_injured
2018,10,Thu,5,52.40184698,13.57379181,morning,11,daylight,0,dry,0,5,2,0,1,0,0,0,0,3,slightly_injured
2018,10,Sun,1,52.5476041,13.59274566,evening,19,dusk,1,dry,0,6,4,0,1,1,0,0,0,2,seriously_injured
2018,10,Tue,3,52.57633573,13.29501563,evening,23,dark,2,wet,1,6,2,0,1,1,0,0,0,3,slightly_injured
2018,10,Thu,5,52.55318854,13.47956538,afternoon,14,daylight,0,dry,0,5,2,0,1,0,0,0,0,3,slightly_injured
2018,10,Sun,1,52.4793877,13.55981209,afternoon,16,daylight,0,dry,0,6,4,0,1,1,0,0,0,3,slightly_injured