ujahr,umonat,weekday,uwochentag,long,lat,time_of_day,ustunde,light_condition,ulichtverh,street_condition,ustrzustand,uart,utyp1,ist_rad,ist_pkw,ist_fuss,ist_krad,ist_gkfz,ist_sonstige,ukategorie,accident_outcome
2018,10,Thu,5,52.53751568,13.42866653,morning,10,daylight,0,dry,0,5,3,0,1,0,0,0,0,3,slightly_injured
2018,10,Tue,3,52.53464595,13.19971232,morning,11,daylight,0,dry,0,2,2,0,1,0,0,0,0,3,slightly_injured
2018,10,Thu,5,52.4728537,13.50979653,morning,9,daylight,0,dry,0,3,2,0,1,0,0,0,0,3,slightly_injured
2018,10,Sun,1,52.49296612,13.36945229,afternoon,16,daylight,0,dry,0,0,6,0,1,0,1,0,0,2,seriously_injured
2018,10,Tue,3,52.50671687,13.304939,morning,11,daylight,0,dry,0,2,6,0,1,0,0,0,1,3,slightly_injured
2018,10,Tue,3,52.50376449,13.49458042,morning,11,daylight,0,dry,0,5,3,1,1,0,0,0,0,3,slightly_injured
2018,10,Sun,1,52.51398543,13.31712572,afternoon,16,daylight,0,dry,0,0,6,0,1,0,0,0,0,3,slightly_injured
2018,10,Tue,3,52.49347757,13.49014816,morning,10,daylight,0,dry,0,5,7,0,1,0,0,0,1,3,slightly_injured
2018,10,Thu,5,52.51802801,13.19778875,afternoon,16,daylight,0,dry,0,2,6,0,1,0,0,0,0,2,seriously_injured
2018,10,Sun,1,52.49494417,13.37967666,afternoon,15,daylight,0,dry,0,1,5,1,1,0,0,0,0,3,slightly_injured
2018,10,Tue,3,52.56390382,13.39201153,evening,20,dark,2,wet,1,5,3,0,0,0,1,0,1,3,slightly_injured
2018,10,Sun,1,52.50739741,13.44203408,afternoon,15,daylight,0,dry,0,2,6,0,1,0,0,0,0,3,slightly_injured
2018,10,Thu,5,52.49988495,13.47906383,morning,9,daylight,0,dry,0,2,6,0,1,0,1,0,0,3,slightly_injured
2018,10,Tue,3,52.44555432,13.44982868,evening,20,dark,2,wet,1,6,2,0,1,1,0,0,0,3,slightly_injured
2018,10,Thu,5,52.44017746,13.3873384,morning,8,daylight,0,dry,0,2,2,0,1,0,0,0,1,3,slightly_injured
2018,10,Sat,7,52.48557777,13.34423903,afternoon,14,daylight,0,dry,0,6,7,1,0,1,0,0,0,3,slightly_injured
2018,10,Thu,5,52.50583707,13.40283629,morning,8,daylight,0,dry,0,0,6,0,0,0,0,0,1,3,slightly_injured
2018,10,Tue,3,52.51675655,13.30894837,morning,10,daylight,0,dry,0,6,7,0,1,1,0,0,0,3,slightly_injured
2018,10,Thu,5,52.52339469,13.34910567,morning,8,daylight,0,dry,0,6,7,0,1,1,0,0,0,3,slightly_injured
2018,10,Sat,7,52.51985821,13.38833301,evening,23,dark,2,dry,0,6,2,0,1,1,0,0,0,3,slightly_injured
2018,10,Tue,3,52.53657672,13.2004044,morning,8,daylight,0,dry,0,0,2,0,0,0,0,0,1,3,slightly_injured
2018,10,Tue,3,52.51150978,13.28146736,morning,8,daylight,0,dry,0,5,2,1,1,0,0,0,0,3,slightly_injured
2018,10,Sat,7,52.5258523,13.38733329,evening,22,dark,2,dry,0,3,6,1,0,0,0,0,1,3,slightly_injured
2018,10,Tue,3,52.53803224,13.24791889,evening,21,dark,2,wet,1,8,1,0,1,0,0,0,0,2,seriously_injured
2018,10,Thu,5,52.43811982,13.47382195,morning,7,dusk,1,dry,0,6,4,0,0,1,1,0,0,3,slightly_injured
2018,10,Tue,3,52.50930468,13.26864736,morning,7,daylight,0,dry,0,2,2,1,1,0,0,0,0,3,slightly_injured
2018,10,Thu,5,52.53498734,13.20235252,afternoon,16,daylight,0,dry,0,0,1,0,0,0,1,0,0,3,slightly_injured
2018,10,Sat,7,52.46319475,13.34450613,evening,21,dark,2,dry,0,1,1,0,1,0,0,0,1,3,slightly_injured
2018,10,Tue,3,52.46445211,13.48569781,evening,20,dark,2,wet,1,5,3,0,1,0,1,0,0,2,seriously_injured
2018,10,Tue,3,52.50225243,13.38528181,evening,20,dark,2,wet,1,6,2,0,1,1,0,0,0,3,slightly_injured
2018,10,Tue,3,52.52306359,13.4797073,morning,6,dusk,1,dry,0,5,3,0,1,0,0,0,0,3,slightly_injured
2018,10,Thu,5,52.42930131,13.51349238,afternoon,15,daylight,0,dry,0,0,1,0,0,0,1,0,0,3,slightly_injured
2018,10,Tue,3,52.51009027,13.37639894,evening,19,dark,2,wet,1,5,3,1,1,0,0,0,0,3,slightly_injured
2018,10,Sat,7,52.45259863,13.3196439,evening,20,dark,2,dry,0,5,2,1,1,0,0,0,0,3,slightly_injured
2018,10,Thu,5,52.48406206,13.34537646,evening,20,dark,2,dry,0,0,3,1,1,0,0,0,0,3,slightly_injured
2018,10,Tue,3,52.56793841,13.42767708,evening,19,dusk,1,wet,1,5,2,0,1,0,0,0,0,3,slightly_injured
2018,10,Thu,5,52.50673886,13.30237546,evening,19,dark,2,dry,0,5,2,0,1,0,1,0,0,3,slightly_injured
2018,10,Sat,7,52.50856341,13.30211838,evening,19,dusk,1,dry,0,3,6,0,1,0,0,0,0,3,slightly_injured
2018,10,Thu,5,52.55603579,13.38422474,afternoon,12,daylight,0,dry,0,5,3,1,0,0,0,0,1,3,slightly_injured
2018,10,Tue,3,52.49832367,13.39596196,morning,6,dark,2,wet,1,5,3,0,1,0,0,0,0,3,slightly_injured
2018,10,Wed,4,52.4523629,13.43306408,afternoon,16,daylight,0,dry,0,5,3,0,1,0,0,0,0,3,slightly_injured
2018,10,Sat,7,52.61439095,13.24468845,evening,19,dark,2,dry,0,8,2,0,1,0,0,0,0,3,slightly_injured
2018,10,Tue,3,52.50653934,13.41780415,evening,18,dusk,1,wet,1,5,3,0,1,0,1,0,0,3,slightly_injured
2018,10,Sat,7,52.52575843,13.40056797,morning,8,daylight,0,dry,0,6,4,1,0,1,0,0,0,3,slightly_injured
2018,10,Wed,4,52.43749514,13.30275172,afternoon,14,daylight,0,dry,0,6,4,0,1,1,0,0,0,3,slightly_injured
2018,10,Sat,7,52.46404005,13.43730895,afternoon,17,dusk,1,dry,0,1,5,1,1,0,0,0,0,3,slightly_injured
2018,10,Tue,3,52.49917125,13.4276347,evening,18,dusk,1,wet,1,6,4,0,1,1,0,0,0,3,slightly_injured
2018,10,Sat,7,52.50559028,13.33384233,afternoon,17,daylight,0,dry,0,6,2,0,1,1,0,0,0,3,slightly_injured
2018,10,Wed,4,52.53440246,13.19481043,afternoon,15,daylight,0,dry,0,2,6,0,1,0,0,0,0,2,seriously_injured
2018,10,Sat,7,52.54957496,13.38473002,afternoon,16,daylight,0,dry,0,1,7,0,1,0,1,0,0,3,slightly_injured
2018,10,Tue,3,52.56059461,13.32205,afternoon,17,dusk,1,wet,1,2,6,0,1,0,0,0,0,3,slightly_injured
2018,10,Sat,7,52.55057371,13.49514262,morning,10,daylight,0,dry,0,6,7,0,1,1,0,0,0,3,slightly_injured
2018,10,Wed,4,52.4893154,13.3767079,morning,9,daylight,0,dry,0,5,2,1,1,0,0,0,0,3,slightly_injured
2018,10,Tue,3,52.53186226,13.34336323,afternoon,17,daylight,0,wet,1,5,2,1,1,0,0,0,0,3,slightly_injured
2018,10,Wed,4,52.56896018,13.49428254,afternoon,16,daylight,0,dry,0,0,4,0,1,1,0,0,0,2,seriously_injured
2018,10,Sat,7,52.61468722,13.34648024,morning,9,daylight,0,dry,0,1,5,0,1,0,0,0,0,3,slightly_injured
2018,10,Wed,4,52.50562363,13.5164026,afternoon,15,daylight,0,dry,0,5,2,1,1,0,0,0,0,3,slightly_injured
2018,10,Tue,3,52.56550424,13.20926762,afternoon,17,daylight,0,wet,1,5,3,1,1,0,0,0,0,3,slightly_injured
2018,10,Wed,4,52.55405642,13.40676057,evening,19,dark,2,dry,0,2,6,0,1,0,0,0,0,3,slightly_injured
2018,10,Sat,7,52.51760899,13.36358893,night,2,dark,2,dry,0,5,2,1,1,0,0,0,0,3,slightly_injured
2018,10,Tue,3,52.53795313,13.2025778,afternoon,17,daylight,0,wet,1,6,4,0,1,1,0,0,0,3,slightly_injured
2018,10,Sat,7,52.54898895,13.58335548,night,0,dark,2,dry,0,5,3,1,1,0,0,0,0,3,slightly_injured
2018,10,Wed,4,52.52956787,13.400005,evening,19,dark,2,dry,0,5,7,0,1,0,1,0,0,2,seriously_injured
2018,10,Sat,7,52.45251575,13.40777656,morning,11,daylight,0,dry,0,5,3,0,1,0,0,1,0,2,seriously_injured
2018,10,Tue,3,52.45781248,13.37589265,afternoon,17,daylight,0,wet,1,2,6,0,1,0,1,0,0,3,slightly_injured
2018,10,Wed,4,52.51102511,13.46138503,evening,18,dusk,1,dry,0,3,6,1,0,0,0,0,1,3,slightly_injured
2018,10,Sat,7,52.52796038,13.29694379,morning,11,daylight,0,dry,0,2,6,0,1,0,0,0,0,2,seriously_injured
2018,10,Wed,4,52.45685231,13.56238595,evening,19,dark,2,dry,0,6,6,0,1,1,0,0,0,3,slightly_injured
2018,10,Tue,3,52.57182072,13.42968262,afternoon,16,daylight,0,wet,1,5,2,1,0,0,0,0,1,3,slightly_injured
2018,10,Wed,4,52.52730791,13.38695912,evening,19,dark,2,dry,0,6,4,0,1,1,0,0,0,2,seriously_injured
2018,10,Sat,7,52.50369288,13.30368201,afternoon,16,daylight,0,dry,0,5,3,1,1,0,0,0,0,3,slightly_injured
2018,10,Tue,3,52.53752211,13.21814546,afternoon,16,daylight,0,wet,1,2,6,0,1,0,1,0,0,3,slightly_injured
2018,10,Sat,7,52.52364481,13.40059726,afternoon,15,daylight,0,dry,0,6,4,0,0,1,0,0,1,3,slightly_injured
2018,10,Tue,3,52.46967775,13.20031836,afternoon,14,daylight,0,wet,1,4,1,0,1,0,0,0,1,2,seriously_injured
2018,10,Wed,4,52.49839832,13.44692842,evening,19,dusk,1,dry,0,0,7,1,1,0,0,0,0,3,slightly_injured
2018,10,Sat,7,52.45102312,13.33787893,afternoon,15,daylight,0,dry,0,5,2,0,1,0,0,0,0,3,slightly_injured
2018,10,Tue,3,52.55632771,13.3766598,afternoon,15,daylight,0,wet,1,2,6,0,1,0,1,0,0,3,slightly_injured
2018,10,Wed,4,52.42006751,13.33118435,evening,18,dusk,1,dry,0,5,3,0,1,0,0,0,1,3,slightly_injured
2018,10,Sat,7,52.50864707,13.4504895,afternoon,15,daylight,0,dry,0,6,4,1,0,1,0,0,0,3,slightly_injured
2018,10,Tue,3,52.43316944,13.25950766,afternoon,14,daylight,0,wet,1,5,2,1,1,0,0,0,0,3,slightly_injured
2018,10,Sat,7,52.50423524,13.58128034,afternoon,14,daylight,0,dry,0,2,6,0,1,0,0,0,0,3,slightly_injured
2018,10,Wed,4,52.48275417,13.44813487,evening,18,dark,2,dry,0,1,5,1,1,0,0,0,0,3,slightly_injured
2018,10,Sat,7,52.44272534,13.58168482,afternoon,14,daylight,0,dry,0,3,6,1,0,0,0,0,0,3,slightly_injured
2018,10,Tue,3,52.40914955,13.37628109,afternoon,14,daylight,0,wet,1,5,2,0,1,0,0,0,0,2,seriously_injured
2018,10,Wed,4,52.48889401,13.39788899,evening,18,dusk,1,dry,0,2,6,1,0,0,0,0,0,3,slightly_injured
2018,10,Sat,7,52.4291539,13.35467512,afternoon,14,daylight,0,dry,0,5,2,0,1,0,0,0,0,3,slightly_injured
2018,10,Wed,4,52.55963016,13.46041221,afternoon,17,daylight,0,dry,0,0,1,1,0,0,0,0,0,3,slightly_injured
2018,10,Tue,3,52.53881703,13.24167477,night,0,dark,2,dry,0,1,5,0,1,0,0,1,1,2,seriously_injured
2018,10,Wed,4,52.50394099,13.44322824,afternoon,17,daylight,0,dry,0,5,2,1,1,0,0,0,0,3,slightly_injured
2018,10,Sat,7,52.45213917,13.63064302,afternoon,13,daylight,0,dry,0,5,3,1,0,0,0,0,0,3,slightly_injured
2018,10,Tue,3,52.53870407,13.20827399,evening,18,dusk,1,wet,1,0,1,0,1,0,1,0,0,3,slightly_injured
2018,10,Tue,3,52.42842685,13.34234509,afternoon,16,daylight,0,wet,1,0,1,0,0,0,1,0,0,3,slightly_injured
2018,10,Sat,7,52.47009461,13.37159498,afternoon,13,daylight,0,dry,0,2,6,0,1,0,0,1,0,3,slightly_injured
2018,10,Tue,3,52.54094429,13.48663462,morning,9,daylight,0,dry,0,5,3,0,1,0,0,0,0,3,slightly_injured
2018,10,Wed,4,52.47056371,13.46389378,afternoon,17,daylight,0,dry,0,0,6,0,1,0,1,0,0,3,slightly_injured
2018,10,Sat,7,52.57856981,13.29893823,afternoon,12,daylight,0,dry,0,5,2,1,1,0,0,0,0,3,slightly_injured
2018,10,Mon,2,52.49925698,13.30382679,afternoon,13,daylight,0,dry,0,6,2,0,1,1,0,0,0,3,slightly_injured
2018,10,Sat,7,52.47839345,13.32861396,morning,11,daylight,0,dry,0,2,1,0,1,0,0,0,1,2,seriously_injured
2018,10,Wed,4,52.55231734,13.57354073,afternoon,17,daylight,0,dry,0,2,7,0,1,0,1,0,0,3,slightly_injured
2018,10,Mon,2,52.44923747,13.35323765,afternoon,16,daylight,0,wet,1,0,2,1,1,0,0,0,0,3,slightly_injured
2018,10,Wed,4,52.52561042,13.5368843,afternoon,17,daylight,0,dry,0,2,6,0,1,0,0,0,0,3,slightly_injured
2018,10,Mon,2,52.56209105,13.35408159,afternoon,17,daylight,0,dry,0,5,3,1,1,0,0,0,0,3,slightly_injured
2018,10,Fri,6,52.5184503,13.40943709,evening,20,dark,2,dry,0,5,3,1,1,0,0,0,0,3,slightly_injured
2018,10,Wed,4,52.47783539,13.53606538,afternoon,16,daylight,0,dry,0,2,2,1,1,0,0,0,0,3,slightly_injured
2018,10,Mon,2,52.48173311,13.32035109,afternoon,17,daylight,0,wet,1,0,2,1,1,0,0,0,0,3,slightly_injured
2018,10,Wed,4,52.54056024,13.39178969,afternoon,16,daylight,0,dry,0,6,7,0,1,1,0,0,0,3,slightly_injured
2018,10,Fri,6,52.51817875,13.59467306,evening,19,dark,2,dry,0,5,2,1,1,0,0,0,0,3,slightly_injured
2018,10,Wed,4,52.43935153,13.47500845,afternoon,15,daylight,0,dry,0,2,6,0,1,0,0,0,1,3,slightly_injured
2018,10,Mon,2,52.48045268,13.44247564,evening,22,dark,2,dry,0,6,4,1,0,1,0,0,0,3,slightly_injured
2018,10,Wed,4,52.49998005,13.27364314,afternoon,15,daylight,0,dry,0,2,6,0,1,0,1,0,1,3,slightly_injured
2018,10,Fri,6,52.4196545,13.39004885,evening,18,dark,2,dry,0,5,3,0,1,0,1,0,0,3,slightly_injured
2018,10,Mon,2,52.52974587,13.4611469,evening,20,dark,2,dry,0,5,3,1,1,0,0,0,0,3,slightly_injured
2018,10,Mon,2,52.50257596,13.50965892,afternoon,17,daylight,0,wet,1,5,3,1,1,0,0,0,0,2,seriously_injured
2018,10,Fri,6,52.57767595,13.42847942,evening,18,daylight,0,dry,0,5,3,1,1,0,0,0,0,3,slightly_injured
2018,10,Mon,2,52.51282587,13.28395631,afternoon,17,daylight,0,dry,0,2,2,1,1,0,0,0,0,2,seriously_injured
2018,10,Wed,4,52.50180767,13.43202683,afternoon,15,daylight,0,dry,0,6,4,0,0,1,1,0,0,3,slightly_injured
2018,10,Fri,6,52.52553819,13.33301258,evening,18,dusk,1,dry,0,6,4,0,1,1,0,0,0,3,slightly_injured
2018,10,Mon,2,52.47237763,13.37781991,afternoon,15,daylight,0,dry,0,5,2,1,1,0,0,0,0,3,slightly_injured
2018,10,Fri,6,52.53430684,13.29424271,afternoon,17,daylight,0,dry,0,0,2,0,1,0,1,0,0,3,slightly_injured
2018,10,Wed,4,52.53599094,13.35747368,afternoon,15,daylight,0,dry,0,3,6,0,1,0,0,0,1,3,slightly_injured
2018,10,Mon,2,52.49369561,13.3100118,evening,22,dark,2,dry,0,5,2,0,1,0,1,0,0,3,slightly_injured
2018,10,Wed,4,52.50769786,13.46534395,afternoon,15,daylight,0,dry,0,5,2,1,1,0,0,0,0,3,slightly_injured
2018,10,Fri,6,52.52720549,13.41606986,evening,23,dark,2,dry,0,6,4,0,1,1,0,0,0,3,slightly_injured
2018,10,Wed,4,52.61128464,13.21742131,evening,22,dark,2,dry,0,5,3,0,1,0,0,0,0,3,slightly_injured
2018,10,Mon,2,52.46116146,13.32491018,afternoon,15,daylight,0,dry,0,6,4,0,1,1,0,0,0,3,slightly_injured
2018,10,Wed,4,52.43469447,13.45471164,evening,21,dark,2,dry,0,5,3,0,1,0,1,0,0,2,seriously_injured
2018,10,Fri,6,52.55510616,13.30690869,evening,22,dark,2,dry,0,6,4,0,1,1,0,0,0,2,seriously_injured
2018,10,Fri,6,52.44211636,13.33135932,evening,21,dark,2,dry,0,5,3,1,1,0,0,0,0,3,slightly_injured
2018,10,Wed,4,52.49418474,13.52579737,evening,20,dark,2,dry,0,3,6,0,1,0,0,1,0,3,slightly_injured
2018,10,Wed,4,52.44155483,13.28121294,afternoon,12,daylight,0,dry,0,5,3,1,1,0,0,0,0,2,seriously_injured
2018,10,Fri,6,52.47490233,13.5077155,afternoon,17,dusk,1,dry,0,5,2,1,1,0,0,0,0,2,seriously_injured
2018,10,Mon,2,52.55018176,13.38555572,afternoon,14,daylight,0,dry,0,6,7,0,1,1,0,0,0,3,slightly_injured
2018,10,Fri,6,52.55016517,13.38954037,afternoon,17,dusk,1,dry,0,5,7,0,0,0,1,0,0,3,slightly_injured
2018,10,Mon,2,52.50424446,13.33555429,afternoon,14,daylight,0,wet,1,0,4,0,0,1,1,0,0,3,slightly_injured
2018,10,Wed,4,52.40447336,13.51068923,afternoon,14,daylight,0,dry,0,6,4,0,1,1,0,0,0,3,slightly_injured
2018,10,Fri,6,52.49371,13.6144769,afternoon,15,daylight,0,dry,0,5,3,1,1,0,0,0,0,3,slightly_injured
2018,10,Mon,2,52.55530416,13.30672004,afternoon,14,daylight,0,dry,0,2,6,0,1,0,0,0,0,3,slightly_injured
2018,10,Fri,6,52.54734242,13.39721249,afternoon,15,daylight,0,dry,0,2,6,0,1,0,0,0,0,3,slightly_injured
2018,10,Wed,4,52.54284309,13.54155958,afternoon,14,daylight,0,dry,0,5,3,0,0,0,0,0,1,3,slightly_injured
2018,10,Mon,2,52.50507419,13.338179,afternoon,13,daylight,0,wet,1,1,5,1,1,0,0,0,1,3,slightly_injured
2018,10,Wed,4,52.53412588,13.19216609,afternoon,13,daylight,0,dry,0,5,3,0,1,0,1,0,0,3,slightly_injured
2018,10,Fri,6,52.47579624,13.12056981,afternoon,15,daylight,0,dry,0,5,7,1,1,0,0,0,0,3,slightly_injured
2018,10,Mon,2,52.52496621,13.34621888,afternoon,13,daylight,0,dry,0,6,3,0,1,1,0,0,0,3,slightly_injured
2018,10,Wed,4,52.52773468,13.23155533,afternoon,13,daylight,0,dry,0,2,6,0,1,0,0,1,0,3,slightly_injured
2018,10,Fri,6,52.40403877,13.50521271,evening,18,daylight,0,dry,0,6,4,0,1,1,0,0,0,3,slightly_injured
2018,10,Mon,2,52.53953806,13.61995455,morning,7,daylight,0,dry,0,5,3,1,1,0,0,0,0,3,slightly_injured
2018,10,Fri,6,52.51807934,13.43294662,morning,7,daylight,0,dry,0,5,3,1,0,0,0,0,1,3,slightly_injured
2018,10,Wed,4,52.49745272,13.29232508,afternoon,13,daylight,0,dry,0,3,6,1,1,0,0,0,0,3,slightly_injured
2018,10,Fri,6,52.44815376,13.33998357,afternoon,15,daylight,0,dry,0,0,2,1,1,0,0,0,0,3,slightly_injured
2018,10,Mon,2,52.50951576,13.40004357,afternoon,17,daylight,0,wet,1,5,2,1,0,0,1,0,0,3,slightly_injured
2018,10,Wed,4,52.49664952,13.61197946,afternoon,12,daylight,0,dry,0,5,3,0,1,0,1,0,0,3,slightly_injured
2018,10,Fri,6,52.52564143,13.40362068,afternoon,16,daylight,0,dry,0,6,4,1,0,1,0,0,0,3,slightly_injured
2018,10,Mon,2,52.52384087,13.49961887,afternoon,17,daylight,0,dry,0,0,3,0,1,0,0,0,1,2,seriously_injured
2018,10,Fri,6,52.50624874,13.36872403,afternoon,16,daylight,0,dry,0,5,3,0,1,1,0,0,1,2,seriously_injured
2018,10,Wed,4,52.4703169,13.46458015,afternoon,12,daylight,0,dry,0,5,3,1,0,0,0,0,1,3,slightly_injured
2018,10,Fri,6,52.50987604,13.45632547,afternoon,15,daylight,0,dry,0,6,4,0,1,1,0,0,0,3,slightly_injured
2018,10,Mon,2,52.49951445,13.42654884,afternoon,15,daylight,0,wet,1,2,6,0,1,0,0,0,0,3,slightly_injured
2018,10,Wed,4,52.47931579,13.60094383,afternoon,12,daylight,0,dry,0,5,3,1,1,0,0,0,0,3,slightly_injured
2018,10,Fri,6,52.54395096,13.61992052,afternoon,16,daylight,0,dry,0,2,6,0,1,0,0,0,0,3,slightly_injured
2018,10,Wed,4,52.42715089,13.54506187,morning,11,daylight,0,dry,0,5,3,1,1,0,0,0,0,3,slightly_injured
2018,10,Mon,2,52.52589871,13.4997481,afternoon,16,daylight,0,dry,0,3,6,0,1,0,0,0,1,3,slightly_injured
2018,10,Wed,4,52.48309282,13.31359651,morning,10,daylight,0,dry,0,5,3,0,1,0,0,0,0,3,slightly_injured
2018,10,Fri,6,52.53858317,13.20077622,morning,9,daylight,0,dry,0,5,2,0,1,0,0,0,0,3,slightly_injured
2018,10,Mon,2,52.47439569,13.29465392,afternoon,13,daylight,0,dry,0,1,5,1,1,0,0,0,1,3,slightly_injured
2018,10,Fri,6,52.42736478,13.30505623,afternoon,16,daylight,0,dry,0,0,1,1,0,0,0,0,0,2,seriously_injured
2018,10,Mon,2,52.43389063,13.23004776,morning,8,daylight,0,dry,0,0,3,1,0,0,0,0,1,3,slightly_injured
2018,10,Fri,6,52.52194267,13.32698033,afternoon,12,daylight,0,dry,0,4,7,0,1,1,0,0,1,2,seriously_injured
2018,10,Wed,4,52.49970914,13.41815656,morning,9,daylight,0,dry,0,3,6,1,1,0,0,0,0,3,slightly_injured
2018,10,Fri,6,52.43020581,13.46064138,afternoon,17,daylight,0,dry,0,1,5,0,1,0,0,0,0,3,slightly_injured
2018,10,Mon,2,52.51785363,13.46148958,morning,7,daylight,0,dry,0,0,7,1,0,0,0,0,1,3,slightly_injured
2018,10,Wed,4,52.60250526,13.23876959,morning,9,daylight,0,dry,0,5,3,1,1,0,0,0,0,3,slightly_injured
2018,10,Fri,6,52.60761507,13.34235374,afternoon,16,daylight,0,dry,0,5,3,0,1,0,1,0,0,3,slightly_injured
2018,10,Wed,4,52.51727064,13.44068485,morning,9,daylight,0,dry,0,5,2,1,0,0,0,0,1,3,slightly_injured
2018,10,Mon,2,52.49276723,13.3878375,morning,7,daylight,0,dry,0,5,2,1,1,0,0,0,0,2,seriously_injured
2018,10,Wed,4,52.50543456,13.23362169,afternoon,15,daylight,0,dry,0,0,2,1,1,0,0,0,0,3,slightly_injured
2018,10,Fri,6,52.51058022,13.42916631,afternoon,13,daylight,0,dry,0,1,5,1,1,0,0,0,1,3,slightly_injured
2018,10,Mon,2,52.54137123,13.33431428,morning,8,daylight,0,dry,0,2,6,0,1,0,0,0,0,3,slightly_injured
2018,10,Mon,2,52.48088113,13.28774946,morning,8,daylight,0,dry,0,0,2,1,1,0,0,0,0,2,seriously_injured
2018,10,Wed,4,52.50062309,13.46635649,evening,18,dusk,1,dry,0,0,6,0,1,0,1,0,0,3,slightly_injured
2018,10,Mon,2,52.52552511,13.36601233,morning,9,daylight,0,dry,0,6,4,1,0,1,0,0,0,3,slightly_injured
2018,10,Wed,4,52.4988991,13.41864816,morning,8,daylight,0,dry,0,3,6,1,1,0,0,0,0,3,slightly_injured
2018,10,Fri,6,52.44923822,13.3532335,afternoon,13,daylight,0,dry,0,5,3,0,1,0,1,0,0,2,seriously_injured
2018,10,Mon,2,52.50516406,13.39691184,morning,10,daylight,0,dry,0,2,6,0,1,0,0,0,0,3,slightly_injured
2018,10,Mon,2,52.51040841,13.43042975,morning,11,daylight,0,dry,0,5,3,1,1,0,0,0,0,3,slightly_injured
2018,10,Fri,6,52.50078511,13.34676571,morning,11,daylight,0,dry,0,6,4,0,1,1,0,0,0,2,seriously_injured
2018,10,Mon,2,52.57475759,13.37346379,morning,7,daylight,0,dry,0,5,2,1,0,0,0,0,1,3,slightly_injured
2018,10,Wed,4,52.53292735,13.32826869,morning,8,daylight,0,dry,0,3,6,1,0,0,0,0,1,2,seriously_injured
2018,10,Fri,6,52.54830404,13.29653768,morning,11,daylight,0,dry,0,2,6,0,1,0,0,0,0,3,slightly_injured
2018,10,Mon,2,52.55803102,13.36544525,afternoon,13,daylight,0,dry,0,5,3,0,1,0,0,0,0,3,slightly_injured
2018,10,Fri,6,52.49850524,13.33451889,afternoon,13,daylight,0,dry,0,5,3,0,1,0,1,0,0,3,slightly_injured
2018,10,Wed,4,52.56710825,13.46536777,morning,7,daylight,0,dry,0,5,2,1,1,0,0,0,0,3,slightly_injured
2018,10,Mon,2,52.50379617,13.41044543,morning,7,daylight,0,dry,0,0,7,1,0,0,0,0,0,2,seriously_injured
2018,10,Wed,4,52.4777833,13.44786563,morning,7,daylight,0,dry,0,5,3,1,1,0,0,0,0,3,slightly_injured
2018,10,Fri,6,52.50963497,13.35200146,morning,10,daylight,0,dry,0,2,6,0,1,0,0,0,1,3,slightly_injured
2018,10,Wed,4,52.51400882,13.58152214,afternoon,12,daylight,0,dry,0,6,7,0,1,1,0,0,0,3,slightly_injured
2018,10,Mon,2,52.4037461,13.58358904,morning,7,daylight,0,dry,0,8,1,0,1,0,0,0,0,3,slightly_injured
2018,10,Wed,4,52.50963475,13.35114425,evening,19,dark,2,dry,0,5,2,1,0,0,0,0,1,3,slightly_injured
2018,10,Fri,6,52.49625105,13.50956934,morning,10,daylight,0,dry,0,5,2,1,1,0,0,0,0,3,slightly_injured
2018,9,Sun,1,52.43503881,13.59022953,afternoon,17,dusk,1,dry,0,5,3,0,1,0,0,0,0,3,slightly_injured
2018,9,Sun,1,52.43940348,13.58189179,evening,20,dark,2,dry,0,3,6,0,1,0,1,0,0,2,seriously_injured
2018,10,Fri,6,52.45577233,13.57716479,afternoon,13,daylight,0,dry,0,5,2,1,1,0,0,0,0,3,slightly_injured
2018,9,Sun,1,52.44122799,13.28254683,afternoon,12,daylight,0,dry,0,6,4,1,0,1,0,0,0,3,slightly_injured
2018,10,Tue,3,52.5145664,13.3862239,morning,8,daylight,0,dry,0,0,2,0,0,0,1,0,1,3,slightly_injured
2018,10,Fri,6,52.53987417,13.53770556,morning,9,daylight,0,dry,0,2,1,1,1,0,0,0,0,3,slightly_injured
2018,9,Sun,1,52.50047592,13.29968508,morning,10,daylight,0,dry,0,0,7,0,0,0,1,0,0,3,slightly_injured
2018,10,Fri,6,52.53842241,13.18244186,afternoon,12,daylight,0,wet,1,5,2,0,1,0,0,0,0,2,seriously_injured
2018,10,Tue,3,52.50018088,13.30956225,afternoon,15,daylight,0,dry,0,1,5,1,1,0,0,0,0,3,slightly_injured
2018,10,Fri,6,52.47041106,13.44160413,morning,9,daylight,0,dry,0,2,2,1,1,0,0,0,0,3,slightly_injured
2018,9,Sun,1,52.53429373,13.37841418,morning,10,daylight,0,dry,0,3,2,0,1,0,0,0,0,3,slightly_injured
2018,10,Tue,3,52.49890339,13.34946226,afternoon,16,daylight,0,dry,0,1,5,1,1,0,0,0,0,3,slightly_injured