ujahr,umonat,weekday,uwochentag,long,lat,time_of_day,ustunde,light_condition,ulichtverh,street_condition,ustrzustand,uart,utyp1,ist_rad,ist_pkw,ist_fuss,ist_krad,ist_gkfz,ist_sonstige,ukategorie,accident_outcome
2018,10,Fri,6,52.53590967,13.18200038,afternoon,12,daylight,0,wet,1,0,7,0,1,0,1,0,0,3,slightly_injured
2018,9,Sun,1,52.56495097,13.49318421,morning,7,daylight,0,dry,0,1,5,0,1,0,0,1,0,3,slightly_injured
2018,10,Fri,6,52.52296006,13.49572456,morning,9,daylight,0,dry,0,5,3,0,1,0,1,0,0,2,seriously_injured
2018,10,Tue,3,52.43075002,13.27023131,afternoon,16,daylight,0,dry,0,1,5,0,1,0,0,0,0,2,seriously_injured
2018,9,Sun,1,52.49659746,13.35895578,night,0,dark,2,dry,0,0,1,1,1,0,0,0,0,3,slightly_injured
2018,10,Tue,3,52.49118203,13.57584264,afternoon,15,daylight,0,dry,0,0,2,1,1,0,0,0,0,3,slightly_injured
2018,10,Fri,6,52.52474219,13.38632454,morning,9,daylight,0,dry,0,3,2,1,1,0,0,0,0,3,slightly_injured
2018,10,Tue,3,52.53051887,13.40581824,evening,22,dark,2,dry,0,5,2,1,1,0,0,0,0,3,slightly_injured
2018,9,Sun,1,52.47871828,13.43468112,evening,20,dark,2,dry,0,5,3,1,1,0,0,0,0,3,slightly_injured
2018,10,Tue,3,52.45963629,13.3420436,morning,11,daylight,0,dry,0,0,7,0,1,0,0,0,0,2,seriously_injured
2018,10,Fri,6,52.5169034,13.38065483,morning,8,daylight,0,dry,0,5,3,1,1,0,0,0,0,3,slightly_injured
2018,9,Sun,1,52.53739751,13.47759391,evening,18,daylight,0,dry,0,5,7,0,1,0,1,0,0,3,slightly_injured
2018,10,Fri,6,52.42959878,13.45392821,afternoon,12,daylight,0,dry,0,0,6,0,1,0,0,0,1,3,slightly_injured
2018,10,Tue,3,52.56853927,13.52081728,evening,20,dark,2,dry,0,6,4,0,1,1,0,0,0,2,seriously_injured
2018,9,Sun,1,52.43697337,13.5968975,evening,18,daylight,0,dry,0,5,2,1,1,0,0,0,0,3,slightly_injured
2018,10,Thu,5,52.5572911,13.42320338,afternoon,16,daylight,0,dry,0,6,7,0,1,1,0,0,0,3,slightly_injured
2018,10,Mon,2,52.38669685,13.40818479,morning,7,daylight,0,dry,0,3,6,1,1,0,0,0,1,3,slightly_injured
2018,10,Mon,2,52.51491011,13.58364221,morning,7,daylight,0,dry,0,5,2,0,1,0,1,0,0,3,slightly_injured
2018,10,Thu,5,52.47880593,13.32020524,morning,8,daylight,0,dry,0,5,2,1,1,0,0,0,0,3,slightly_injured
2018,10,Mon,2,52.49763366,13.46479005,night,5,dark,2,dry,0,2,6,0,1,0,1,0,0,3,slightly_injured
2018,10,Thu,5,52.51026915,13.47077075,afternoon,16,daylight,0,dry,0,5,2,1,1,0,0,0,0,3,slightly_injured
2018,10,Mon,2,52.53000595,13.22879179,night,4,dark,2,dry,0,4,6,0,1,0,0,1,0,2,seriously_injured
2018,10,Tue,3,52.5072469,13.56556607,morning,10,daylight,0,wet,1,5,3,0,1,0,0,1,0,3,slightly_injured
2018,10,Thu,5,52.49061699,13.43461918,morning,8,daylight,0,dry,0,5,7,1,1,0,0,0,0,3,slightly_injured
2018,10,Mon,2,52.40231774,13.57761137,afternoon,14,daylight,0,dry,0,5,3,1,1,0,0,0,0,2,seriously_injured
2018,10,Tue,3,52.44788143,13.59388711,morning,6,dark,2,dry,0,5,3,1,1,0,0,0,0,3,slightly_injured
2018,10,Mon,2,52.54057975,13.41186168,afternoon,14,daylight,0,dry,0,0,1,1,0,0,0,0,0,3,slightly_injured
2018,10,Thu,5,52.55346808,13.4185103,afternoon,15,daylight,0,dry,0,5,3,1,1,0,0,0,0,3,slightly_injured
2018,10,Mon,2,52.54065865,13.20424983,afternoon,13,daylight,0,dry,0,5,3,1,1,0,0,0,0,3,slightly_injured
2018,10,Tue,3,52.52846348,13.38567494,afternoon,12,daylight,0,wet,1,0,1,1,0,0,0,0,0,3,slightly_injured
2018,10,Thu,5,52.53302038,13.15449122,afternoon,15,dusk,1,dry,0,5,7,1,1,0,0,0,0,2,seriously_injured
2018,10,Mon,2,52.45897988,13.34935361,evening,18,dark,2,wet,1,7,7,1,0,0,0,0,0,3,slightly_injured
2018,10,Thu,5,52.42464856,13.35679051,afternoon,14,daylight,0,dry,0,5,3,1,1,0,0,0,0,2,seriously_injured
2018,10,Mon,2,52.50039769,13.3116851,afternoon,13,daylight,0,wet,1,5,3,1,0,0,0,0,1,3,slightly_injured
2018,10,Mon,2,52.51314834,13.58946102,afternoon,13,daylight,0,dry,0,3,6,0,1,0,0,0,1,3,slightly_injured
2018,10,Thu,5,52.53818048,13.26970861,afternoon,14,daylight,0,dry,0,6,2,0,1,1,0,0,0,3,slightly_injured
2018,10,Mon,2,52.55221385,13.42698404,afternoon,14,daylight,0,dry,0,5,3,1,1,0,0,0,0,3,slightly_injured
2018,10,Mon,2,52.50342284,13.33129292,afternoon,12,daylight,0,wet,1,2,6,0,1,0,0,0,0,3,slightly_injured
2018,10,Thu,5,52.50871211,13.4974678,afternoon,14,daylight,0,dry,0,1,5,0,1,0,0,0,1,2,seriously_injured
2018,10,Mon,2,52.60434502,13.42042355,morning,11,daylight,0,wet,1,6,7,0,1,1,0,0,0,3,slightly_injured
2018,10,Mon,2,52.50534707,13.44126756,afternoon,12,daylight,0,dry,0,5,3,0,1,0,0,0,1,3,slightly_injured
2018,10,Mon,2,52.51031621,13.38401634,morning,11,daylight,0,wet,1,5,2,1,1,0,0,0,0,3,slightly_injured
2018,10,Thu,5,52.57775479,13.29721659,evening,18,dark,2,wet,1,0,1,0,0,0,1,0,0,3,slightly_injured
2018,10,Mon,2,52.49296538,13.32174439,morning,11,daylight,0,dry,0,5,2,0,1,0,1,0,0,2,seriously_injured
2018,10,Mon,2,52.52360949,13.58699629,morning,11,daylight,0,wet,1,0,1,0,0,0,1,0,0,3,slightly_injured
2018,10,Mon,2,52.51186982,13.40247661,morning,11,daylight,0,dry,0,0,6,0,1,0,0,0,1,3,slightly_injured
2018,10,Thu,5,52.53035871,13.40175397,morning,10,daylight,0,dry,0,0,1,1,0,0,0,0,0,3,slightly_injured
2018,10,Mon,2,52.54958772,13.43384291,morning,11,daylight,0,dry,0,5,7,1,1,0,0,0,0,3,slightly_injured
2018,10,Mon,2,52.49943266,13.2812992,morning,10,daylight,0,dry,0,5,3,1,1,0,0,0,0,2,seriously_injured
2018,10,Thu,5,52.453059,13.38772899,evening,20,dark,2,wet,1,0,1,0,0,0,1,0,0,3,slightly_injured
2018,10,Thu,5,52.53256222,13.19485274,morning,8,daylight,0,dry,0,5,3,0,1,0,0,0,0,2,seriously_injured
2018,10,Mon,2,52.46347317,13.40405907,afternoon,17,dusk,1,dry,0,5,3,0,1,0,0,0,1,3,slightly_injured
2018,10,Thu,5,52.53582592,13.34851396,morning,8,daylight,0,dry,0,5,3,1,0,0,0,0,1,3,slightly_injured
2018,10,Mon,2,52.48160463,13.44003178,morning,11,daylight,0,dry,0,5,3,1,1,0,0,0,0,3,slightly_injured
2018,10,Mon,2,52.53604845,13.52354125,afternoon,16,daylight,0,dry,0,2,6,0,1,0,0,0,0,3,slightly_injured
2018,10,Thu,5,52.55280883,13.34113805,morning,8,daylight,0,dry,0,1,5,1,1,0,0,0,0,3,slightly_injured
2018,10,Mon,2,52.52811466,13.41279202,morning,8,daylight,0,dry,0,0,1,0,0,0,1,0,0,3,slightly_injured
2018,10,Mon,2,52.39835412,13.38908202,morning,11,daylight,0,dry,0,5,3,0,1,0,0,0,1,3,slightly_injured
2018,10,Thu,5,52.54894221,13.4590196,morning,8,daylight,0,dry,0,5,3,0,1,0,0,0,0,3,slightly_injured
2018,10,Mon,2,52.44580593,13.29359348,morning,11,daylight,0,dry,0,5,2,0,1,0,1,0,0,2,seriously_injured
2018,10,Mon,2,52.51076983,13.37690304,afternoon,16,daylight,0,wet,1,5,3,0,1,0,1,0,0,3,slightly_injured
2018,10,Mon,2,52.44555361,13.26775417,morning,10,daylight,0,dry,0,5,2,1,1,0,0,0,0,3,slightly_injured
2018,10,Thu,5,52.48959435,13.39411426,morning,8,daylight,0,dry,0,6,7,0,1,1,0,0,0,3,slightly_injured
2018,10,Mon,2,52.53839715,13.20952274,morning,10,daylight,0,dry,0,2,6,0,1,0,0,0,0,3,slightly_injured
2018,10,Thu,5,52.49005657,13.38691838,morning,7,daylight,0,dry,0,3,6,1,1,0,0,0,0,3,slightly_injured
2018,10,Mon,2,52.54064879,13.20424086,morning,9,daylight,0,dry,0,5,3,1,1,0,0,0,0,3,slightly_injured
2018,10,Mon,2,52.52793349,13.36407343,morning,8,daylight,0,dry,0,5,1,0,1,0,1,0,0,3,slightly_injured
2018,10,Mon,2,52.53825649,13.39597278,morning,9,daylight,0,dry,0,5,2,0,1,0,0,0,0,3,slightly_injured
2018,10,Thu,5,52.55115582,13.42312256,morning,6,daylight,0,dry,0,0,3,0,1,0,1,0,0,2,seriously_injured
2018,10,Mon,2,52.47018571,13.34199978,morning,9,daylight,0,dry,0,5,3,1,0,0,0,0,0,3,slightly_injured
2018,10,Mon,2,52.51847899,13.28013087,afternoon,16,daylight,0,wet,1,5,2,0,1,0,0,0,0,3,slightly_injured
2018,10,Thu,5,52.51559869,13.41831809,morning,6,dark,2,dry,0,5,3,0,1,0,1,0,0,2,seriously_injured
2018,10,Thu,5,52.50255987,13.4466494,evening,18,dusk,1,dry,0,3,6,0,0,0,1,1,0,3,slightly_injured
2018,10,Mon,2,52.53440472,13.29440566,afternoon,16,daylight,0,wet,1,2,6,0,1,0,0,0,0,3,slightly_injured
2018,10,Thu,5,52.55426017,13.40260023,afternoon,15,dark,2,dry,0,5,2,1,1,0,0,0,0,3,slightly_injured
2018,10,Mon,2,52.54605944,13.45026967,morning,9,daylight,0,dry,0,4,2,1,1,0,0,0,0,3,slightly_injured
2018,10,Thu,5,52.50635184,13.31402312,morning,11,daylight,0,dry,0,2,3,0,1,0,0,0,0,3,slightly_injured
2018,10,Mon,2,52.48494773,13.37650104,afternoon,15,daylight,0,wet,1,5,3,1,1,0,0,0,0,3,slightly_injured
2018,10,Mon,2,52.5179092,13.41785289,morning,9,daylight,0,dry,0,6,4,1,0,1,0,0,0,3,slightly_injured
2018,10,Wed,4,52.49456691,13.39904854,afternoon,12,daylight,0,dry,0,5,2,1,1,0,0,0,0,3,slightly_injured
2018,10,Mon,2,52.51256288,13.26678731,morning,9,daylight,0,dry,0,1,5,1,1,0,0,0,0,3,slightly_injured
2018,10,Mon,2,52.52942605,13.37941096,morning,8,daylight,0,dry,0,0,3,1,1,0,0,0,0,3,slightly_injured
2018,10,Mon,2,52.50670029,13.33115817,afternoon,12,daylight,0,dry,0,2,6,1,1,0,0,0,0,3,slightly_injured
2018,10,Wed,4,52.50779303,13.31438957,evening,18,dusk,1,dry,0,1,5,1,1,0,0,0,0,3,slightly_injured
2018,10,Mon,2,52.42869613,13.3456302,afternoon,14,daylight,0,dry,0,5,3,1,0,0,0,0,1,2,seriously_injured
2018,10,Mon,2,52.58762272,13.28580556,afternoon,15,daylight,0,wet,1,2,6,0,1,0,0,0,0,3,slightly_injured
2018,10,Wed,4,52.46564434,13.4560938,morning,9,daylight,0,dry,0,2,2,0,1,0,0,0,0,3,slightly_injured
2018,10,Mon,2,52.52906703,13.62581686,morning,6,dusk,1,dry,0,2,6,0,1,0,0,0,0,2,seriously_injured
2018,10,Sun,1,52.49897447,13.38534133,afternoon,16,daylight,0,dry,0,5,2,0,1,0,0,0,0,3,slightly_injured
2018,10,Mon,2,52.5365197,13.27133989,afternoon,15,daylight,0,wet,1,0,6,0,1,0,1,0,0,2,seriously_injured
2018,10,Mon,2,52.45136155,13.31526458,afternoon,14,daylight,0,wet,1,5,3,0,1,0,1,0,0,2,seriously_injured
2018,10,Wed,4,52.51530704,13.43068638,afternoon,17,daylight,0,dry,0,5,3,1,0,0,1,0,0,3,slightly_injured
2018,10,Wed,4,52.46493787,13.41882793,afternoon,16,daylight,0,dry,0,5,2,1,1,0,0,0,0,3,slightly_injured
2018,10,Mon,2,52.45108821,13.33835042,afternoon,14,daylight,0,wet,1,2,6,0,1,0,0,0,0,3,slightly_injured
2018,10,Wed,4,52.53337003,13.40375195,afternoon,16,daylight,0,dry,0,6,4,0,1,1,0,0,0,3,slightly_injured
2018,10,Sun,1,52.42761705,13.46808165,afternoon,13,daylight,0,dry,0,5,2,1,1,0,0,0,0,2,seriously_injured
2018,10,Mon,2,52.53508405,13.19962982,afternoon,15,daylight,0,wet,1,2,6,0,1,0,0,0,0,2,seriously_injured
2018,10,Wed,4,52.54207317,13.45337092,evening,18,dusk,1,dry,0,5,3,1,1,0,0,0,0,3,slightly_injured
2018,10,Mon,2,52.4679259,13.30859365,afternoon,14,daylight,0,wet,1,2,6,0,1,0,0,0,0,3,slightly_injured
2018,10,Sun,1,52.41530392,13.28060224,morning,11,daylight,0,dry,0,1,7,0,1,0,1,0,0,2,seriously_injured
2018,10,Wed,4,52.39376388,13.40656495,evening,18,dusk,1,dry,0,5,2,0,1,0,0,0,0,2,seriously_injured
2018,10,Sun,1,52.53452737,13.19964757,morning,11,daylight,0,dry,0,5,2,1,1,0,0,0,0,2,seriously_injured
2018,10,Mon,2,52.44821049,13.40343822,afternoon,14,daylight,0,wet,1,2,6,0,0,0,0,1,1,3,slightly_injured
2018,10,Sun,1,52.51405708,13.30302031,morning,11,daylight,0,dry,0,1,5,1,1,0,0,0,0,3,slightly_injured
2018,10,Wed,4,52.51211423,13.31478861,evening,18,dark,2,dry,0,5,2,1,1,0,0,0,0,3,slightly_injured
2018,10,Sun,1,52.49592759,13.29591144,morning,11,daylight,0,dry,0,5,2,0,1,0,1,0,0,2,seriously_injured
2018,10,Mon,2,52.44856674,13.55905832,night,5,dark,2,dry,0,2,6,0,1,0,0,0,0,3,slightly_injured
2018,10,Wed,4,52.53579441,13.27462749,evening,19,dark,2,dry,0,1,5,0,1,0,0,1,0,3,slightly_injured
2018,10,Mon,2,52.57495227,13.38018259,night,5,dark,2,dry,0,5,2,0,1,0,1,0,0,2,seriously_injured
2018,10,Sun,1,52.56391606,13.49843559,morning,9,daylight,0,dry,0,5,3,1,1,0,0,0,0,3,slightly_injured
2018,10,Mon,2,52.52044129,13.48023687,afternoon,13,daylight,0,wet,1,2,6,0,1,0,0,1,0,3,slightly_injured
2018,10,Wed,4,52.4563657,13.56368761,afternoon,16,daylight,0,dry,0,0,6,0,0,0,1,0,0,3,slightly_injured
2018,10,Sun,1,52.44236114,13.5820604,morning,9,daylight,0,dry,0,6,4,1,0,1,0,0,0,2,seriously_injured
2018,10,Mon,2,52.41519392,13.40420122,afternoon,14,daylight,0,wet,1,2,6,0,1,0,0,0,1,2,seriously_injured
2018,10,Sun,1,52.51228671,13.48966865,morning,8,daylight,0,dry,0,5,3,0,1,0,0,0,0,3,slightly_injured
2018,10,Wed,4,52.49039985,13.31391819,afternoon,15,daylight,0,dry,0,6,4,0,1,1,0,0,0,3,slightly_injured
2018,10,Sun,1,52.54297653,13.23264244,morning,6,dusk,1,dry,0,1,1,0,1,0,0,0,0,3,slightly_injured
2018,10,Mon,2,52.52305087,13.42739199,afternoon,17,dusk,1,dry,0,6,4,0,1,1,0,0,0,2,seriously_injured
2018,10,Wed,4,52.42838763,13.58480745,afternoon,16,daylight,0,dry,0,0,1,1,0,0,0,0,0,3,slightly_injured
2018,10,Sun,1,52.56809487,13.54384653,evening,23,dark,2,dry,0,4,6,0,0,0,0,0,1,3,slightly_injured
2018,10,Mon,2,52.51394338,13.38932442,afternoon,16,daylight,0,dry,0,0,1,0,0,0,1,0,0,3,slightly_injured
2018,10,Sun,1,52.53644877,13.60524153,evening,20,dark,2,dry,0,0,6,0,1,0,1,0,0,3,slightly_injured
2018,10,Wed,4,52.5211295,13.25625555,afternoon,16,daylight,0,dry,0,5,3,0,1,0,0,0,0,3,slightly_injured
2018,10,Sun,1,52.5121728,13.39157448,night,5,dark,2,dry,0,5,3,0,1,0,0,0,0,3,slightly_injured
2018,10,Mon,2,52.386677,13.39771313,evening,20,dark,2,dry,0,6,4,0,0,1,0,0,1,3,slightly_injured
2018,10,Wed,4,52.57905007,13.30904971,afternoon,15,daylight,0,wet,1,0,1,1,0,0,0,0,0,3,slightly_injured
2018,10,Sun,1,52.57138706,13.31334814,evening,19,dark,2,wet,1,0,7,0,1,0,1,0,0,2,seriously_injured
2018,10,Mon,2,52.46085094,13.38470809,evening,19,dark,2,dry,0,5,2,1,0,0,0,0,1,2,seriously_injured
2018,10,Wed,4,52.43260601,13.59303909,afternoon,15,daylight,0,dry,0,5,3,0,1,0,0,0,0,3,slightly_injured
2018,10,Mon,2,52.52837002,13.38050787,evening,19,dark,2,dry,0,6,2,0,1,1,0,0,0,3,slightly_injured
2018,10,Sun,1,52.584504,13.3753654,evening,19,dark,2,dry,0,1,5,0,1,0,0,0,0,3,slightly_injured
2018,10,Mon,2,52.55817373,13.38582241,evening,19,dark,2,dry,0,5,7,0,1,0,0,0,0,3,slightly_injured
2018,10,Wed,4,52.50072576,13.3132546,afternoon,14,daylight,0,dry,0,2,6,0,1,0,0,0,0,3,slightly_injured
2018,10,Sun,1,52.50857597,13.3342934,evening,18,dusk,1,wet,1,0,7,1,0,0,0,0,1,3,slightly_injured
2018,10,Mon,2,52.53483772,13.34169654,evening,19,dark,2,dry,0,5,3,0,1,0,0,0,1,3,slightly_injured
2018,10,Sun,1,52.42856869,13.34694365,evening,18,dusk,1,dry,0,6,4,0,1,1,0,0,0,2,seriously_injured
2018,10,Wed,4,52.44281573,13.58206619,afternoon,14,daylight,0,dry,0,5,2,1,1,0,0,0,0,2,seriously_injured
2018,10,Sun,1,52.48769909,13.30030597,afternoon,15,daylight,0,dry,0,2,2,0,1,0,0,0,0,3,slightly_injured
2018,10,Mon,2,52.44715239,13.30793439,evening,18,dusk,1,dry,0,1,5,1,1,0,0,0,0,3,slightly_injured
2018,10,Wed,4,52.54593109,13.19164591,afternoon,13,daylight,0,dry,0,2,7,1,1,0,0,0,0,3,slightly_injured
2018,10,Wed,4,52.60752303,13.34229603,morning,9,daylight,0,dry,0,5,2,0,1,0,0,0,0,3,slightly_injured
2018,10,Mon,2,52.5127412,13.45082273,afternoon,17,dusk,1,wet,1,0,1,1,0,0,0,0,0,3,slightly_injured
2018,10,Wed,4,52.45366913,13.37714704,morning,8,daylight,0,dry,0,5,2,1,1,0,0,0,0,3,slightly_injured
2018,10,Sun,1,52.53519761,13.37727717,afternoon,13,daylight,0,dry,0,0,7,1,1,0,0,0,0,3,slightly_injured
2018,10,Mon,2,52.50092776,13.42777123,afternoon,17,daylight,0,wet,1,1,5,1,0,0,0,0,1,3,slightly_injured
2018,10,Wed,4,52.52298771,13.38210975,morning,8,daylight,0,dry,0,5,7,0,1,0,1,0,0,3,slightly_injured
2018,10,Wed,4,52.4866296,13.32659197,morning,7,daylight,0,dry,0,4,6,1,0,0,0,0,0,3,slightly_injured
2018,10,Wed,4,52.51201013,13.35065165,afternoon,13,daylight,0,dry,0,5,3,1,0,0,0,0,0,3,slightly_injured
2018,10,Sun,1,52.53466839,13.32832455,morning,11,daylight,0,dry,0,2,6,0,1,0,0,0,0,3,slightly_injured
2018,10,Wed,4,52.46727804,13.4454286,morning,7,daylight,0,dry,0,5,3,0,1,0,0,0,0,3,slightly_injured
2018,10,Sun,1,52.53115941,13.40243691,night,5,dark,2,dry,0,1,1,1,1,0,0,0,0,2,seriously_injured
2018,10,Sat,7,52.48835863,13.45482739,afternoon,14,daylight,0,dry,0,1,5,1,1,0,0,0,0,3,slightly_injured
2018,10,Wed,4,52.51802985,13.51939316,morning,6,dusk,1,dry,0,5,3,1,1,0,0,0,0,3,slightly_injured
2018,10,Sat,7,52.48450772,13.38877558,evening,20,dark,2,dry,0,3,6,0,1,0,0,0,0,3,slightly_injured
2018,10,Sun,1,52.51858267,13.16984792,afternoon,14,daylight,0,dry,0,3,6,0,1,0,1,0,0,3,slightly_injured
2018,10,Sat,7,52.49170368,13.57396401,evening,18,dark,2,dry,0,5,3,0,1,0,0,0,1,3,slightly_injured
2018,10,Wed,4,52.53253509,13.38061163,afternoon,12,daylight,0,dry,0,5,2,1,1,0,0,0,0,3,slightly_injured
2018,10,Sat,7,52.50349045,13.33130187,evening,18,dusk,1,dry,0,2,7,0,1,0,1,0,0,3,slightly_injured
2018,10,Sun,1,52.57204766,13.42890342,night,0,dark,2,dry,0,5,2,0,1,0,0,0,0,3,slightly_injured
2018,10,Wed,4,52.51898156,13.48099435,morning,11,daylight,0,dry,0,1,5,1,1,0,0,0,0,3,slightly_injured
2018,10,Wed,4,52.54480834,13.37864001,morning,6,dusk,1,dry,0,5,2,1,1,0,0,0,0,3,slightly_injured
2018,10,Sun,1,52.52271245,13.41537892,evening,21,dark,2,dry,0,6,4,0,1,1,0,0,0,2,seriously_injured
2018,10,Wed,4,52.44256527,13.29550949,morning,11,daylight,0,dry,0,5,2,0,1,0,0,0,0,3,slightly_injured
2018,10,Sat,7,52.52574492,13.36746257,evening,18,dusk,1,dry,0,6,7,0,1,1,0,0,0,3,slightly_injured
2018,10,Sun,1,52.54753482,13.19797391,evening,21,dark,2,dry,0,6,4,0,1,1,0,0,0,2,seriously_injured
2018,10,Wed,4,52.56679033,13.21012415,morning,11,daylight,0,dry,0,6,4,0,1,1,0,0,0,3,slightly_injured
2018,10,Sun,1,52.54799678,13.36147417,evening,19,dark,2,dry,0,5,3,0,1,0,1,0,0,3,slightly_injured
2018,10,Sat,7,52.42500066,13.31389206,evening,18,dark,2,dry,0,2,6,0,1,0,1,0,0,3,slightly_injured
2018,10,Wed,4,52.5155665,13.18457664,morning,10,daylight,0,dry,0,5,2,0,1,0,1,0,0,3,slightly_injured
2018,10,Sat,7,52.50124115,13.34627741,afternoon,17,daylight,0,dry,0,5,2,1,0,0,0,0,1,2,seriously_injured
2018,10,Sun,1,52.52990064,13.59048624,evening,18,dusk,1,dry,0,9,1,0,0,0,1,0,0,3,slightly_injured
2018,10,Sat,7,52.60548495,13.41712797,afternoon,17,daylight,0,dry,0,5,2,0,1,0,1,0,0,3,slightly_injured
2018,10,Sun,1,52.56991323,13.43564569,afternoon,17,daylight,0,dry,0,5,3,1,1,0,0,0,0,3,slightly_injured
2018,10,Sat,7,52.51005109,13.40061284,afternoon,16,daylight,0,dry,0,5,2,0,1,0,0,0,1,3,slightly_injured
2018,10,Wed,4,52.51924508,13.27408908,morning,10,daylight,0,dry,0,5,2,0,1,0,0,0,1,2,seriously_injured
2018,10,Sat,7,52.5239018,13.24971733,night,2,dark,2,dry,0,2,6,0,1,0,0,0,0,3,slightly_injured
2018,10,Sun,1,52.45666881,13.36945929,afternoon,14,daylight,0,dry,0,2,2,0,1,0,1,0,0,3,slightly_injured
2018,10,Sat,7,52.54207547,13.34959489,afternoon,16,daylight,0,dry,0,5,2,1,1,0,0,0,0,2,seriously_injured
2018,10,Sat,7,52.45692059,13.32083888,afternoon,16,daylight,0,dry,0,5,2,1,1,0,0,0,0,3,slightly_injured
2018,10,Sun,1,52.49615768,13.39471662,afternoon,14,daylight,0,dry,0,2,7,0,1,0,1,0,0,3,slightly_injured
2018,10,Wed,4,52.56289817,13.39034355,evening,20,dark,2,dry,0,0,2,1,1,0,0,0,0,3,slightly_injured
2018,10,Sun,1,52.49792988,13.42130956,afternoon,13,daylight,0,dry,0,1,5,1,1,0,0,0,0,3,slightly_injured
2018,10,Wed,4,52.5041022,13.34026509,morning,9,daylight,0,dry,0,1,5,1,0,0,0,1,0,3,slightly_injured
2018,10,Sat,7,52.47071059,13.51243679,afternoon,15,daylight,0,dry,0,5,7,0,1,0,1,0,0,3,slightly_injured
2018,10,Sun,1,52.50076359,13.4444206,night,2,dark,2,dry,0,0,1,0,0,0,1,0,0,3,slightly_injured
2018,10,Wed,4,52.54841046,13.29666653,morning,9,daylight,0,dry,0,2,6,0,1,0,0,0,0,3,slightly_injured
2018,10,Sat,7,52.54923989,13.36357272,evening,21,dark,2,dry,0,3,6,0,1,0,1,0,0,3,slightly_injured
2018,10,Sat,7,52.4875606,13.33293905,afternoon,15,daylight,0,dry,0,2,6,0,1,0,0,0,0,3,slightly_injured
2018,10,Wed,4,52.51820101,13.38052153,afternoon,15,daylight,0,dry,0,3,2,0,1,0,1,0,0,3,slightly_injured
2018,10,Sat,7,52.5124627,13.2971026,afternoon,15,daylight,0,dry,0,2,6,1,0,0,0,0,0,3,slightly_injured
2018,10,Sat,7,52.43515489,13.50074293,evening,20,dark,2,dry,0,5,3,0,1,0,0,0,0,3,slightly_injured
2018,10,Wed,4,52.53386385,13.49114436,evening,20,dark,2,dry,0,3,6,0,1,0,0,0,0,3,slightly_injured
2018,10,Sat,7,52.50748359,13.34858378,afternoon,15,daylight,0,dry,0,5,3,0,1,0,0,0,0,3,slightly_injured
2018,10,Sat,7,52.59583154,13.33921024,afternoon,13,daylight,0,dry,0,5,2,1,1,0,0,0,0,3,slightly_injured
2018,10,Wed,4,52.49453492,13.44423216,morning,9,daylight,0,dry,0,0,7,0,1,0,1,0,0,3,slightly_injured
2018,10,Sat,7,52.44162396,13.37978096,evening,19,dark,2,dry,0,5,7,0,1,0,0,0,0,3,slightly_injured
2018,10,Wed,4,52.43802475,13.547084,morning,9,daylight,0,dry,0,6,7,0,1,1,0,0,0,3,slightly_injured
2018,10,Sat,7,52.52722454,13.12902122,afternoon,15,daylight,0,dry,0,5,3,0,1,0,0,0,0,3,slightly_injured
2018,10,Sat,7,52.46117415,13.31766518,evening,18,dark,2,dry,0,5,3,0,1,0,1,0,0,3,slightly_injured
2018,10,Wed,4,52.51218763,13.46116724,evening,19,dark,2,dry,0,1,5,1,1,0,0,0,0,3,slightly_injured
2018,10,Sat,7,52.50034508,13.41862008,afternoon,17,dusk,1,dry,0,1,5,1,1,0,0,0,1,3,slightly_injured
2018,10,Sat,7,52.51285883,13.47308522,afternoon,15,daylight,0,dry,0,6,7,0,1,1,0,0,0,3,slightly_injured
2018,10,Sat,7,52.42304888,13.48703292,afternoon,16,daylight,0,dry,0,9,1,0,1,0,0,0,0,3,slightly_injured
2018,10,Tue,3,52.58637803,13.28087188,evening,18,dusk,1,dry,0,5,3,0,1,0,0,0,0,3,slightly_injured
2018,10,Sat,7,52.52445451,13.61826046,afternoon,16,daylight,0,dry,0,6,7,1,0,1,0,0,0,2,seriously_injured
2018,10,Sat,7,52.46184917,13.3241537,afternoon,15,daylight,0,dry,0,6,7,0,1,1,0,0,0,3,slightly_injured
2018,10,Sat,7,52.49842205,13.4653318,afternoon,14,daylight,0,dry,0,1,5,1,1,0,0,0,0,3,slightly_injured
2018,10,Tue,3,52.556419,13.37944695,afternoon,17,dark,2,wet,1,0,1,0,0,0,1,0,0,3,slightly_injured
2018,10,Sat,7,52.52580757,13.33927317,afternoon,13,daylight,0,dry,0,6,2,0,1,1,0,0,0,3,slightly_injured
2018,10,Sat,7,52.4245657,13.22851235,afternoon,13,daylight,0,dry,0,1,1,1,1,0,0,0,0,3,slightly_injured