ujahr,umonat,weekday,uwochentag,long,lat,time_of_day,ustunde,light_condition,ulichtverh,street_condition,ustrzustand,uart,utyp1,ist_rad,ist_pkw,ist_fuss,ist_krad,ist_gkfz,ist_sonstige,ukategorie,accident_outcome
2018,10,Tue,3,52.4884655,13.33310861,morning,8,daylight,0,dry,0,6,4,1,0,1,0,0,0,3,slightly_injured
2018,10,Sat,7,52.46388029,13.5820101,afternoon,12,daylight,0,dry,0,5,2,0,1,0,0,0,0,3,slightly_injured
2018,10,Tue,3,52.5271305,13.45075077,afternoon,16,daylight,0,dry,0,5,2,1,1,0,0,0,0,3,slightly_injured
2018,10,Sat,7,52.46971747,13.37224458,morning,11,daylight,0,dry,0,2,6,0,1,0,0,0,0,3,slightly_injured
2018,10,Sat,7,52.45691433,13.36948123,afternoon,13,daylight,0,dry,0,2,6,0,1,0,0,0,1,3,slightly_injured
2018,10,Tue,3,52.51195387,13.26911482,morning,8,daylight,0,dry,0,5,7,1,1,0,0,0,0,3,slightly_injured
2018,10,Sat,7,52.42907854,13.32974508,afternoon,12,daylight,0,dry,0,4,6,1,0,0,0,0,0,3,slightly_injured
2018,10,Sat,7,52.615788,13.46300268,afternoon,12,daylight,0,dry,0,2,2,0,1,0,1,0,0,3,slightly_injured
2018,10,Sat,7,52.52779689,13.23204628,afternoon,12,daylight,0,dry,0,2,6,0,1,0,0,0,1,3,slightly_injured
2018,10,Sat,7,52.51809215,13.40990832,afternoon,12,daylight,0,dry,0,5,3,1,0,0,0,0,0,3,slightly_injured
2018,10,Sat,7,52.40762672,13.66935695,night,2,dark,2,dry,0,9,1,0,1,0,0,0,0,2,seriously_injured
2018,10,Tue,3,52.49269803,13.38814797,evening,19,dark,2,dry,0,3,5,0,1,0,0,0,0,3,slightly_injured
2018,10,Sat,7,52.53582919,13.52181596,morning,11,daylight,0,dry,0,2,6,0,1,0,0,0,0,3,slightly_injured
2018,10,Sat,7,52.47086311,13.50200556,evening,19,dark,2,dry,0,0,1,0,0,0,1,0,0,2,seriously_injured
2018,10,Sat,7,52.42784831,13.4051283,morning,11,daylight,0,dry,0,5,3,0,1,0,1,0,0,3,slightly_injured
2018,10,Tue,3,52.49276699,13.38783859,afternoon,17,daylight,0,dry,0,5,2,1,1,0,0,0,0,3,slightly_injured
2018,10,Sat,7,52.51932782,13.42885795,morning,11,daylight,0,dry,0,1,5,0,1,0,0,0,0,3,slightly_injured
2018,10,Fri,6,52.45396617,13.37688838,afternoon,16,daylight,0,dry,0,2,6,0,1,0,0,0,0,3,slightly_injured
2018,10,Tue,3,52.43661349,13.50362066,evening,23,dark,2,dry,0,0,1,0,0,0,1,0,0,3,slightly_injured
2018,10,Tue,3,52.50944178,13.45806172,evening,22,dark,2,dry,0,6,4,1,0,1,0,0,0,3,slightly_injured
2018,10,Fri,6,52.5286821,13.39732105,afternoon,16,daylight,0,dry,0,5,3,1,0,0,0,0,0,3,slightly_injured
2018,10,Tue,3,52.49971732,13.42493265,evening,19,dark,2,dry,0,1,5,1,1,0,0,0,0,3,slightly_injured
2018,10,Sat,7,52.48502932,13.44882084,morning,11,daylight,0,dry,0,5,3,1,1,0,0,0,0,2,seriously_injured
2018,10,Fri,6,52.48635198,13.42409657,afternoon,15,daylight,0,dry,0,2,2,0,1,0,0,0,0,3,slightly_injured
2018,10,Tue,3,52.47009499,13.33367494,evening,18,dusk,1,dry,0,2,6,0,1,0,1,0,0,3,slightly_injured
2018,10,Fri,6,52.44260218,13.37756753,afternoon,15,daylight,0,dry,0,2,6,0,1,0,0,0,0,3,slightly_injured
2018,10,Sat,7,52.50513211,13.37201659,morning,10,daylight,0,dry,0,5,3,0,1,0,0,0,0,3,slightly_injured
2018,10,Tue,3,52.46392075,13.50942261,evening,18,dusk,1,dry,0,5,3,1,1,0,0,0,0,3,slightly_injured
2018,10,Sat,7,52.4330102,13.71005111,morning,10,daylight,0,dry,0,5,7,0,1,0,1,0,0,3,slightly_injured
2018,10,Fri,6,52.52245168,13.2458737,afternoon,15,daylight,0,dry,0,5,3,1,1,0,0,0,0,3,slightly_injured
2018,10,Sat,7,52.53867747,13.60450189,morning,10,daylight,0,dry,0,5,2,0,1,0,0,0,1,3,slightly_injured
2018,10,Tue,3,52.52161249,13.41625715,afternoon,17,dusk,1,dry,0,3,6,0,1,0,0,0,0,3,slightly_injured
2018,10,Sat,7,52.5840971,13.4176987,morning,10,daylight,0,dry,0,5,3,1,1,0,0,0,0,2,seriously_injured
2018,10,Fri,6,52.45045709,13.62610176,afternoon,15,daylight,0,dry,0,3,6,1,0,0,0,0,0,3,slightly_injured
2018,10,Tue,3,52.61804014,13.48760475,afternoon,17,dusk,1,dry,0,5,3,1,1,0,0,0,0,3,slightly_injured
2018,10,Tue,3,52.5010065,13.31508827,afternoon,17,daylight,0,dry,0,5,3,0,1,0,0,0,0,3,slightly_injured
2018,10,Fri,6,52.41596077,13.48284135,afternoon,15,daylight,0,dry,0,5,3,0,1,0,0,0,0,3,slightly_injured
2018,10,Tue,3,52.56689922,13.47704673,afternoon,16,daylight,0,dry,0,5,2,1,1,0,0,0,0,3,slightly_injured
2018,10,Sat,7,52.55348582,13.36191489,morning,10,daylight,0,dry,0,5,3,0,1,0,0,0,0,3,slightly_injured
2018,10,Tue,3,52.52435732,13.34238117,afternoon,16,daylight,0,dry,0,4,6,1,0,0,0,0,0,3,slightly_injured
2018,10,Sat,7,52.58426184,13.37458558,morning,9,daylight,0,dry,0,5,2,1,1,0,0,0,0,3,slightly_injured
2018,10,Fri,6,52.48670878,13.42893814,evening,22,dark,2,dry,0,0,3,0,1,0,0,0,1,3,slightly_injured
2018,10,Tue,3,52.59612371,13.37444511,afternoon,16,daylight,0,dry,0,2,6,0,1,0,0,0,0,3,slightly_injured
2018,10,Tue,3,52.44496913,13.51122899,afternoon,15,daylight,0,dry,0,5,2,1,1,0,0,0,0,3,slightly_injured
2018,10,Tue,3,52.52172726,13.15582835,afternoon,15,daylight,0,dry,0,5,2,1,1,0,0,0,0,3,slightly_injured
2018,10,Sat,7,52.44426563,13.43354626,morning,9,daylight,0,dry,0,5,2,1,1,0,0,0,0,3,slightly_injured
2018,10,Tue,3,52.42746422,13.23067565,afternoon,15,daylight,0,wet,1,2,7,0,1,0,0,0,1,3,slightly_injured
2018,10,Fri,6,52.46859193,13.46732067,evening,20,dark,2,dry,0,6,2,0,1,1,0,0,0,3,slightly_injured
2018,10,Sat,7,52.50215738,13.48824222,morning,7,dark,2,dry,0,8,1,0,1,0,0,0,0,2,seriously_injured
2018,10,Tue,3,52.48072287,13.36914569,morning,8,daylight,0,dry,0,5,3,1,1,0,0,0,0,3,slightly_injured
2018,10,Sat,7,52.4974182,13.46464199,night,2,dark,2,dry,0,5,2,0,1,0,0,0,0,3,slightly_injured
2018,10,Fri,6,52.52899932,13.39323956,evening,20,dark,2,dry,0,0,6,1,1,0,0,0,0,3,slightly_injured
2018,10,Sat,7,52.56081085,13.38066846,afternoon,14,daylight,0,dry,0,6,4,0,1,1,0,0,0,2,seriously_injured
2018,10,Tue,3,52.54620333,13.37150517,morning,8,daylight,0,dry,0,2,6,1,1,0,0,0,0,3,slightly_injured
2018,10,Fri,6,52.4979933,13.36187966,afternoon,14,daylight,0,dry,0,6,2,0,1,1,0,0,0,3,slightly_injured
2018,10,Fri,6,52.56543087,13.52333077,evening,18,dusk,1,dry,0,5,3,1,1,0,0,0,0,3,slightly_injured
2018,10,Tue,3,52.507061,13.46838066,morning,8,daylight,0,dry,0,5,2,1,1,0,0,0,0,3,slightly_injured
2018,10,Fri,6,52.49427016,13.37981336,afternoon,15,daylight,0,dry,0,5,3,1,1,0,0,0,0,3,slightly_injured
2018,10,Fri,6,52.43752813,13.30271512,afternoon,14,daylight,0,dry,0,6,4,0,1,1,0,0,0,2,seriously_injured
2018,10,Fri,6,52.5043621,13.3149556,afternoon,17,dusk,1,dry,0,1,5,1,0,0,0,0,1,3,slightly_injured
2018,10,Tue,3,52.51541538,13.39792826,morning,8,daylight,0,dry,0,3,6,1,0,0,0,0,0,3,slightly_injured
2018,10,Fri,6,52.4547116,13.57634284,afternoon,15,daylight,0,dry,0,6,7,0,0,1,0,0,1,3,slightly_injured
2018,10,Fri,6,52.53765422,13.24600622,afternoon,14,daylight,0,dry,0,3,6,1,1,0,0,0,0,2,seriously_injured
2018,10,Fri,6,52.52063692,13.32095742,afternoon,14,daylight,0,dry,0,5,2,0,1,0,1,0,0,3,slightly_injured
2018,10,Tue,3,52.54126114,13.32817015,morning,7,daylight,0,dry,0,4,6,1,0,0,0,0,0,3,slightly_injured
2018,10,Fri,6,52.51749596,13.28706326,afternoon,14,daylight,0,dry,0,6,4,0,1,1,0,0,0,3,slightly_injured
2018,10,Fri,6,52.51656781,13.26123395,afternoon,13,daylight,0,dry,0,2,6,0,1,0,0,0,0,3,slightly_injured
2018,10,Tue,3,52.54085601,13.44014532,morning,7,daylight,0,dry,0,5,2,1,1,0,0,0,0,2,seriously_injured
2018,10,Fri,6,52.53843701,13.32609688,afternoon,13,daylight,0,dry,0,5,3,0,1,0,0,0,0,3,slightly_injured
2018,10,Fri,6,52.51421475,13.42171872,evening,18,dusk,1,dry,0,5,2,1,1,0,0,0,0,3,slightly_injured
2018,10,Fri,6,52.44129056,13.58593701,afternoon,13,daylight,0,dry,0,5,3,1,1,0,0,0,0,3,slightly_injured
2018,10,Tue,3,52.49670184,13.28386421,afternoon,16,daylight,0,dry,0,2,6,0,1,0,0,0,0,3,slightly_injured
2018,10,Fri,6,52.47965608,13.31130239,afternoon,13,daylight,0,dry,0,0,1,1,0,0,0,0,0,3,slightly_injured
2018,10,Fri,6,52.46748196,13.34428816,afternoon,14,daylight,0,dry,0,0,4,0,0,1,0,0,1,3,slightly_injured
2018,10,Tue,3,52.58167669,13.40603753,morning,6,dusk,1,dry,0,2,6,0,1,0,0,0,0,3,slightly_injured
2018,10,Fri,6,52.51757507,13.44834608,evening,18,dusk,1,dry,0,1,5,1,1,0,0,0,0,3,slightly_injured
2018,10,Fri,6,52.4919797,13.30948482,afternoon,12,daylight,0,dry,0,5,3,0,1,0,1,0,0,3,slightly_injured
2018,10,Fri,6,52.51481553,13.26393228,afternoon,13,daylight,0,dry,0,2,6,0,1,0,1,0,0,3,slightly_injured
2018,10,Tue,3,52.55119652,13.18665541,afternoon,16,daylight,0,dry,0,2,6,0,1,0,1,0,0,3,slightly_injured
2018,10,Fri,6,52.49219528,13.48764927,afternoon,12,daylight,0,dry,0,6,7,0,1,1,0,0,0,3,slightly_injured
2018,10,Fri,6,52.41228944,13.36197915,afternoon,13,daylight,0,dry,0,0,6,0,1,0,1,0,0,2,seriously_injured
2018,10,Fri,6,52.49810492,13.39568296,afternoon,12,daylight,0,dry,0,2,6,0,0,0,1,0,1,3,slightly_injured
2018,10,Tue,3,52.48939879,13.39586484,afternoon,16,daylight,0,dry,0,5,2,1,1,0,0,0,0,3,slightly_injured
2018,10,Fri,6,52.55440949,13.34486098,morning,11,daylight,0,dry,0,2,6,0,1,0,0,0,0,3,slightly_injured
2018,10,Fri,6,52.50533373,13.30322259,afternoon,17,dusk,1,dry,0,2,6,0,1,0,0,0,0,3,slightly_injured
2018,10,Tue,3,52.54177825,13.20535284,morning,6,dark,2,dry,0,5,3,1,0,0,0,0,1,3,slightly_injured
2018,10,Fri,6,52.53569057,13.35660274,afternoon,12,daylight,0,dry,0,5,3,1,1,0,0,0,0,3,slightly_injured
2018,10,Tue,3,52.53162921,13.32126302,morning,6,dark,2,dry,0,2,6,0,1,0,1,0,0,3,slightly_injured
2018,10,Fri,6,52.56464432,13.50914368,morning,11,daylight,0,dry,0,2,6,0,1,0,0,0,0,3,slightly_injured
2018,10,Fri,6,52.61242844,13.43125346,afternoon,17,daylight,0,dry,0,2,6,0,1,0,0,0,0,3,slightly_injured
2018,10,Tue,3,52.42552275,13.33636171,afternoon,15,daylight,0,dry,0,3,5,1,1,0,0,0,0,3,slightly_injured
2018,10,Fri,6,52.51744488,13.40493479,morning,11,daylight,0,dry,0,1,5,1,1,0,0,0,0,3,slightly_injured
2018,10,Fri,6,52.54425541,13.41428586,afternoon,12,daylight,0,dry,0,0,4,0,0,1,1,0,0,3,slightly_injured
2018,10,Tue,3,52.51327877,13.33023635,afternoon,15,daylight,0,dry,0,5,2,1,0,0,0,0,1,3,slightly_injured
2018,10,Fri,6,52.52651221,13.41616464,afternoon,17,dusk,1,dry,0,2,6,1,1,0,0,0,0,3,slightly_injured
2018,10,Fri,6,52.54703182,13.50079786,morning,10,daylight,0,dry,0,6,4,0,1,1,0,0,0,2,seriously_injured
2018,10,Fri,6,52.53084565,13.40216929,evening,23,dark,2,dry,0,0,1,1,0,0,0,0,0,2,seriously_injured
2018,10,Tue,3,52.50861419,13.45070174,afternoon,15,daylight,0,dry,0,5,3,1,1,0,0,0,0,3,slightly_injured
2018,10,Fri,6,52.50672498,13.30399615,morning,10,daylight,0,dry,0,2,7,1,1,0,0,0,0,3,slightly_injured
2018,10,Fri,6,52.51192685,13.40851875,morning,7,daylight,0,dry,0,2,6,0,1,0,1,0,0,3,slightly_injured
2018,10,Fri,6,52.49241096,13.5161965,morning,10,daylight,0,dry,0,5,3,1,1,0,0,0,0,3,slightly_injured
2018,10,Tue,3,52.57963887,13.38147831,afternoon,15,daylight,0,dry,0,1,5,1,1,0,0,0,0,3,slightly_injured
2018,10,Fri,6,52.50359874,13.32996791,morning,9,daylight,0,dry,0,6,2,0,1,1,0,0,0,3,slightly_injured
2018,10,Fri,6,52.49536064,13.40307193,morning,8,daylight,0,wet,1,5,3,0,1,0,1,0,0,3,slightly_injured
2018,10,Tue,3,52.58320055,13.41445202,afternoon,15,daylight,0,dry,0,5,3,1,1,0,0,0,0,3,slightly_injured
2018,10,Tue,3,52.43080508,13.23003182,afternoon,15,daylight,0,wet,1,5,3,0,1,0,1,0,0,3,slightly_injured
2018,10,Fri,6,52.49610841,13.38934847,morning,8,daylight,0,dry,0,5,2,1,1,0,0,0,0,3,slightly_injured
2018,10,Tue,3,52.46225187,13.33769841,afternoon,14,daylight,0,dry,0,5,3,1,0,0,0,0,0,3,slightly_injured
2018,10,Fri,6,52.386684,13.40161802,morning,9,daylight,0,dry,0,6,4,0,1,1,0,0,0,2,seriously_injured
2018,10,Fri,6,52.50569321,13.43192087,morning,9,daylight,0,dry,0,6,4,0,0,1,0,0,1,3,slightly_injured
2018,10,Tue,3,52.43962368,13.41451273,afternoon,15,daylight,0,dry,0,2,2,0,1,0,0,0,0,3,slightly_injured
2018,10,Fri,6,52.499818,13.30566423,morning,10,daylight,0,dry,0,2,6,0,1,0,0,0,0,2,seriously_injured
2018,10,Fri,6,52.50393874,13.44323464,morning,8,daylight,0,dry,0,5,2,1,0,0,0,0,1,3,slightly_injured
2018,10,Tue,3,52.56514895,13.36379903,afternoon,13,daylight,0,dry,0,5,3,0,1,0,1,0,0,3,slightly_injured
2018,10,Fri,6,52.5148053,13.37742114,afternoon,17,dusk,1,dry,0,3,6,1,0,0,0,0,0,3,slightly_injured
2018,10,Tue,3,52.42384239,13.51461257,afternoon,13,daylight,0,dry,0,5,3,0,1,0,0,1,0,2,seriously_injured
2018,10,Fri,6,52.58492946,13.4079943,morning,10,daylight,0,dry,0,6,4,0,1,1,0,0,0,3,slightly_injured
2018,10,Fri,6,52.57256237,13.41858653,morning,8,daylight,0,dry,0,5,7,0,1,0,1,0,0,3,slightly_injured
2018,10,Tue,3,52.53805456,13.22891152,afternoon,12,daylight,0,dry,0,2,6,0,1,0,0,1,0,3,slightly_injured
2018,10,Fri,6,52.59583536,13.3393248,morning,7,daylight,0,dry,0,5,2,0,1,0,0,0,0,3,slightly_injured
2018,10,Fri,6,52.4302064,13.36624823,morning,10,daylight,0,dry,0,5,3,0,1,0,0,0,0,3,slightly_injured
2018,10,Fri,6,52.54439193,13.4128338,evening,22,dark,2,dry,0,5,3,1,1,0,0,0,0,3,slightly_injured
2018,10,Tue,3,52.4338703,13.3415505,morning,11,daylight,0,dry,0,2,6,0,1,0,0,0,1,3,slightly_injured
2018,10,Fri,6,52.56000545,13.45575158,evening,22,dark,2,dry,0,5,3,0,1,0,1,0,0,3,slightly_injured
2018,10,Fri,6,52.53316253,13.40424933,morning,11,daylight,0,dry,0,5,3,1,1,0,0,0,0,2,seriously_injured
2018,10,Tue,3,52.41135336,13.48237899,morning,10,daylight,0,dry,0,5,3,0,0,0,1,0,1,3,slightly_injured
2018,10,Tue,3,52.48356472,13.3201219,morning,10,daylight,0,dry,0,5,2,1,1,0,0,0,0,3,slightly_injured
2018,10,Fri,6,52.5543841,13.37663351,morning,11,daylight,0,dry,0,2,6,0,1,0,0,0,0,3,slightly_injured
2018,10,Tue,3,52.46436857,13.43720755,morning,9,daylight,0,dry,0,5,3,1,1,0,0,0,0,3,slightly_injured
2018,10,Fri,6,52.56055426,13.4274237,evening,21,dark,2,dry,0,5,3,1,1,0,0,0,0,3,slightly_injured
2018,10,Fri,6,52.48159378,13.44017024,morning,11,daylight,0,dry,0,0,4,0,0,1,0,0,1,3,slightly_injured
2018,10,Tue,3,52.50177963,13.40915071,morning,9,daylight,0,dry,0,5,2,1,1,0,0,0,0,3,slightly_injured
2018,10,Fri,6,52.49051517,13.39233242,morning,11,daylight,0,dry,0,5,2,1,0,0,0,0,1,3,slightly_injured
2018,10,Fri,6,52.57109407,13.37612065,evening,20,dark,2,dry,0,2,6,1,1,0,0,0,0,2,seriously_injured
2018,10,Tue,3,52.43894541,13.29819952,morning,9,daylight,0,dry,0,5,3,1,1,0,0,0,0,3,slightly_injured
2018,10,Fri,6,52.48227285,13.44088727,evening,20,dark,2,dry,0,1,5,1,1,0,0,0,0,3,slightly_injured
2018,10,Fri,6,52.5165688,13.38073148,morning,7,daylight,0,dry,0,2,2,0,1,0,0,0,0,3,slightly_injured
2018,10,Fri,6,52.52399287,13.48550856,morning,7,daylight,0,dry,0,5,3,0,1,0,0,0,0,3,slightly_injured
2018,10,Tue,3,52.46900924,13.62867008,morning,8,daylight,0,dry,0,0,7,0,1,0,0,0,0,3,slightly_injured
2018,10,Fri,6,52.56677494,13.34549991,morning,7,daylight,0,dry,0,0,2,1,1,0,0,0,0,2,seriously_injured
2018,10,Fri,6,52.53708379,13.32641473,morning,7,daylight,0,dry,0,5,2,1,1,0,0,0,0,3,slightly_injured
2018,10,Fri,6,52.5162604,13.52747129,morning,6,dusk,1,dry,0,6,4,0,0,1,0,0,1,2,seriously_injured
2018,10,Fri,6,52.51040784,13.41874249,morning,7,daylight,0,dry,0,5,2,1,1,0,0,0,0,3,slightly_injured
2018,10,Fri,6,52.51420462,13.42174878,afternoon,15,daylight,0,dry,0,5,2,1,1,0,0,0,0,3,slightly_injured
2018,10,Fri,6,52.50100179,13.47657418,morning,6,dark,2,dry,0,6,4,0,0,1,0,1,0,3,slightly_injured
2018,10,Tue,3,52.50353448,13.32967117,morning,9,daylight,0,dry,0,6,7,0,1,1,0,0,0,3,slightly_injured
2018,10,Fri,6,52.59245531,13.28150504,morning,6,dark,2,dry,0,0,3,0,1,0,1,0,0,2,seriously_injured
2018,10,Tue,3,52.57121895,13.44316865,morning,8,daylight,0,dry,0,5,3,0,1,0,1,0,0,3,slightly_injured
2018,10,Fri,6,52.64124546,13.303436,afternoon,16,daylight,0,dry,0,5,3,0,1,0,1,0,0,2,seriously_injured
2018,10,Fri,6,52.55632101,13.42906464,morning,6,dark,2,dry,0,5,3,0,1,0,0,0,1,3,slightly_injured
2018,10,Tue,3,52.49943568,13.43034161,afternoon,13,daylight,0,dry,0,0,3,0,1,0,1,0,0,3,slightly_injured
2018,10,Fri,6,52.52448013,13.39260537,night,3,dark,2,dry,0,0,1,1,0,0,0,0,0,3,slightly_injured
2018,10,Fri,6,52.46539022,13.43387473,morning,6,dusk,1,dry,0,2,1,0,1,0,1,0,0,3,slightly_injured
2018,10,Tue,3,52.41438628,13.35015632,morning,8,daylight,0,dry,0,6,2,0,1,1,0,0,0,3,slightly_injured
2018,10,Fri,6,52.51722257,13.25921832,afternoon,16,daylight,0,dry,0,2,6,0,1,0,0,0,0,3,slightly_injured
2018,10,Fri,6,52.54249376,13.39255415,night,0,dark,2,dry,0,5,3,0,1,0,0,0,0,3,slightly_injured
2018,10,Mon,2,52.49223593,13.31941936,morning,11,daylight,0,dry,0,5,2,1,1,0,0,0,0,3,slightly_injured
2018,10,Fri,6,52.5022866,13.41990768,afternoon,17,daylight,0,dry,0,5,3,1,0,0,0,0,1,3,slightly_injured
2018,10,Fri,6,52.57608899,13.31370971,morning,10,daylight,0,dry,0,5,2,0,1,0,0,0,1,3,slightly_injured
2018,10,Mon,2,52.56369263,13.42100066,evening,18,daylight,0,dry,0,5,3,1,1,0,0,0,0,3,slightly_injured
2018,10,Thu,5,52.47136336,13.335131,afternoon,15,daylight,0,dry,0,5,2,1,1,0,0,0,0,3,slightly_injured
2018,10,Fri,6,52.55038876,13.3391659,afternoon,17,daylight,0,dry,0,5,2,0,1,0,0,0,0,3,slightly_injured
2018,10,Thu,5,52.5496204,13.36218723,morning,10,daylight,0,dry,0,7,7,1,0,0,0,0,0,3,slightly_injured
2018,10,Mon,2,52.41419915,13.36191964,afternoon,17,daylight,0,dry,0,5,2,0,1,0,1,0,0,3,slightly_injured
2018,10,Fri,6,52.61870822,13.24010333,evening,19,dark,2,dry,0,5,2,0,1,0,1,0,0,3,slightly_injured
2018,10,Thu,5,52.563966,13.33316708,morning,7,dusk,1,dry,0,5,7,0,1,0,1,0,0,1,killed
2018,10,Mon,2,52.51813827,13.29594404,afternoon,17,daylight,0,dry,0,5,2,1,1,0,0,0,0,3,slightly_injured
2018,10,Thu,5,52.54091422,13.48669857,afternoon,14,daylight,0,dry,0,5,3,1,1,0,0,0,0,3,slightly_injured
2018,10,Fri,6,52.53540913,13.5162058,evening,19,dark,2,dry,0,2,6,0,1,0,0,0,0,3,slightly_injured
2018,10,Thu,5,52.52264059,13.30099743,afternoon,14,daylight,0,dry,0,2,6,0,1,0,0,0,0,3,slightly_injured
2018,10,Mon,2,52.54558158,13.42777206,afternoon,16,daylight,0,dry,0,5,2,0,1,0,0,0,1,3,slightly_injured
2018,10,Fri,6,52.51684857,13.38886037,evening,19,dark,2,dry,0,6,4,1,0,1,0,0,0,3,slightly_injured
2018,10,Thu,5,52.51570364,13.25113845,afternoon,14,daylight,0,dry,0,5,7,0,1,0,0,0,1,3,slightly_injured
2018,10,Fri,6,52.5127749,13.28128202,evening,19,dark,2,dry,0,5,2,1,1,0,0,0,0,3,slightly_injured
2018,10,Mon,2,52.48377219,13.32027315,afternoon,17,daylight,0,dry,0,5,7,0,1,0,1,0,0,2,seriously_injured
2018,10,Fri,6,52.50107177,13.37106694,evening,20,dark,2,dry,0,1,5,1,1,0,0,0,0,3,slightly_injured
2018,10,Thu,5,52.5158036,13.41526883,afternoon,14,daylight,0,dry,0,6,7,1,0,1,0,0,0,3,slightly_injured
2018,10,Mon,2,52.5363681,13.47733721,afternoon,17,daylight,0,dry,0,5,3,1,0,0,0,0,0,3,slightly_injured
2018,10,Thu,5,52.48388964,13.57279042,afternoon,12,daylight,0,dry,0,2,6,0,1,0,1,0,0,3,slightly_injured
2018,10,Mon,2,52.54956631,13.24825138,afternoon,16,daylight,0,dry,0,5,2,0,1,0,1,0,0,3,slightly_injured
2018,10,Thu,5,52.52153255,13.16409533,morning,11,daylight,0,dry,0,6,2,0,1,1,0,0,0,3,slightly_injured
2018,10,Fri,6,52.41905958,13.39378992,evening,18,daylight,0,dry,0,1,7,0,1,0,0,0,0,3,slightly_injured
2018,10,Thu,5,52.57147284,13.43079046,morning,11,daylight,0,dry,0,5,3,1,0,0,0,0,1,3,slightly_injured
2018,10,Mon,2,52.55241643,13.42739815,afternoon,16,daylight,0,dry,0,5,3,1,1,0,0,0,0,3,slightly_injured
2018,10,Fri,6,52.41900644,13.30595869,night,2,dark,2,dry,0,8,1,0,1,0,0,0,0,3,slightly_injured
2018,10,Thu,5,52.51892584,13.48581256,morning,11,daylight,0,dry,0,5,3,0,1,1,0,0,0,3,slightly_injured
2018,10,Fri,6,52.49524284,13.39758769,afternoon,15,daylight,0,dry,0,5,3,0,1,0,1,0,0,3,slightly_injured
2018,10,Mon,2,52.54804952,13.50006095,afternoon,15,daylight,0,dry,0,5,3,1,1,0,0,0,0,3,slightly_injured
2018,10,Fri,6,52.52099897,13.32168507,afternoon,15,daylight,0,dry,0,6,4,0,0,1,0,0,1,3,slightly_injured
2018,10,Thu,5,52.45283805,13.38599854,morning,10,daylight,0,dry,0,5,7,0,1,0,1,0,0,3,slightly_injured
2018,10,Mon,2,52.47767604,13.4503481,afternoon,16,daylight,0,dry,0,6,4,0,1,1,0,0,0,3,slightly_injured
2018,10,Mon,2,52.52213952,13.30150043,afternoon,15,daylight,0,dry,0,1,5,0,1,0,1,0,0,3,slightly_injured
2018,10,Fri,6,52.53270739,13.19898082,afternoon,15,daylight,0,dry,0,2,6,0,1,0,0,0,1,3,slightly_injured
2018,10,Mon,2,52.5235599,13.39204864,afternoon,15,daylight,0,dry,0,2,2,0,1,0,0,0,0,3,slightly_injured
2018,10,Fri,6,52.58749841,13.33455049,afternoon,15,daylight,0,dry,0,2,6,0,1,0,0,0,0,3,slightly_injured
2018,10,Thu,5,52.5063225,13.28029217,evening,21,dark,2,wet,1,5,3,0,1,0,0,0,0,2,seriously_injured
2018,10,Mon,2,52.63415661,13.27934394,afternoon,15,daylight,0,dry,0,5,3,1,1,0,0,0,0,3,slightly_injured
2018,10,Mon,2,52.53807617,13.3961528,afternoon,15,daylight,0,dry,0,2,6,0,1,0,0,0,0,3,slightly_injured
2018,10,Thu,5,52.51120761,13.39170743,evening,19,dark,2,dry,0,2,6,1,0,0,0,0,0,3,slightly_injured
2018,10,Mon,2,52.5248186,13.44263533,afternoon,15,daylight,0,dry,0,5,3,1,1,0,0,0,0,3,slightly_injured
2018,10,Fri,6,52.55491948,13.39373617,afternoon,15,daylight,0,dry,0,2,6,1,1,0,0,0,0,3,slightly_injured
2018,10,Thu,5,52.53885392,13.23571851,morning,9,daylight,0,dry,0,5,2,1,1,0,0,0,0,3,slightly_injured
2018,10,Mon,2,52.50782925,13.45506617,evening,22,dark,2,dry,0,6,4,0,0,1,1,0,0,3,slightly_injured
2018,10,Thu,5,52.51180692,13.29704392,evening,19,dark,2,wet,1,0,3,1,1,0,0,0,0,3,slightly_injured
2018,10,Fri,6,52.53303038,13.4758211,afternoon,15,daylight,0,dry,0,2,6,0,1,0,0,0,0,3,slightly_injured
2018,10,Mon,2,52.45921869,13.48781097,evening,21,dark,2,dry,0,5,7,0,1,0,1,0,0,2,seriously_injured
2018,10,Fri,6,52.50430118,13.35121371,afternoon,14,daylight,0,dry,0,5,2,1,0,0,0,1,0,3,slightly_injured
2018,10,Thu,5,52.49836159,13.50179041,evening,19,dusk,1,wet,1,0,6,0,1,0,1,0,0,3,slightly_injured
2018,10,Thu,5,52.42929349,13.51353866,afternoon,15,daylight,0,dry,0,0,3,0,1,0,1,0,0,3,slightly_injured
2018,10,Mon,2,52.50464075,13.36714022,afternoon,16,daylight,0,dry,0,5,3,1,1,0,0,0,0,3,slightly_injured