ujahr,umonat,weekday,uwochentag,long,lat,time_of_day,ustunde,light_condition,ulichtverh,street_condition,ustrzustand,uart,utyp1,ist_rad,ist_pkw,ist_fuss,ist_krad,ist_gkfz,ist_sonstige,ukategorie,accident_outcome
2018,10,Thu,5,52.55357042,13.41471814,afternoon,17,daylight,0,dry,0,5,2,1,1,0,0,0,0,3,slightly_injured
2018,10,Thu,5,52.49973606,13.46876353,afternoon,17,dusk,1,dry,0,5,3,1,1,0,0,0,0,3,slightly_injured
2018,10,Mon,2,52.50202753,13.38834309,evening,20,dark,2,dry,0,2,6,0,1,0,0,0,0,3,slightly_injured
2018,10,Mon,2,52.45561448,13.37579713,evening,18,dusk,1,dry,0,5,3,0,1,0,1,0,0,3,slightly_injured
2018,10,Thu,5,52.5098525,13.30571515,morning,9,daylight,0,dry,0,6,7,0,1,1,0,0,0,2,seriously_injured
2018,10,Mon,2,52.57038097,13.36090451,evening,18,dusk,1,dry,0,5,2,0,1,0,0,0,1,3,slightly_injured
2018,10,Thu,5,52.44006698,13.35144239,morning,8,daylight,0,dry,0,5,2,1,0,0,0,0,1,3,slightly_injured
2018,10,Thu,5,52.53286764,13.38019851,afternoon,17,daylight,0,dry,0,5,2,1,1,0,0,0,0,3,slightly_injured
2018,10,Mon,2,52.46897771,13.33258359,evening,19,dark,2,dry,0,5,2,0,1,0,1,0,0,2,seriously_injured
2018,10,Thu,5,52.49985045,13.37691367,afternoon,16,daylight,0,dry,0,1,5,1,1,0,0,0,0,3,slightly_injured
2018,10,Thu,5,52.54563955,13.18349389,evening,21,dark,2,dry,0,1,7,1,1,0,0,0,0,2,seriously_injured
2018,10,Thu,5,52.44571895,13.56342375,afternoon,16,daylight,0,dry,0,5,2,1,1,0,0,0,0,3,slightly_injured
2018,10,Mon,2,52.49885393,13.41766907,afternoon,16,daylight,0,dry,0,6,4,1,0,1,0,0,0,2,seriously_injured
2018,10,Thu,5,52.55214694,13.29368235,evening,21,dark,2,dry,0,3,6,0,1,0,0,0,1,3,slightly_injured
2018,10,Thu,5,52.4684815,13.46713151,afternoon,16,daylight,0,dry,0,5,3,0,1,0,0,0,0,3,slightly_injured
2018,10,Mon,2,52.493699,13.38427396,afternoon,17,dusk,1,dry,0,6,4,0,1,1,0,0,0,2,seriously_injured
2018,10,Thu,5,52.49032334,13.34516103,morning,9,daylight,0,dry,0,5,2,0,1,0,0,0,1,2,seriously_injured
2018,10,Thu,5,52.61744958,13.4870457,evening,20,dark,2,dry,0,5,2,1,1,0,0,0,0,3,slightly_injured
2018,10,Mon,2,52.49113082,13.57597583,afternoon,15,daylight,0,dry,0,5,3,1,1,0,0,0,0,3,slightly_injured
2018,10,Thu,5,52.50683845,13.37714653,evening,19,dark,2,dry,0,6,4,0,1,1,0,0,0,3,slightly_injured
2018,10,Thu,5,52.48437366,13.51144465,afternoon,16,daylight,0,dry,0,5,3,1,1,0,0,0,0,3,slightly_injured
2018,10,Thu,5,52.41766745,13.44696626,evening,19,dark,2,dry,0,4,6,0,1,0,0,0,1,3,slightly_injured
2018,10,Mon,2,52.44714755,13.36010413,morning,8,daylight,0,dry,0,6,4,0,1,1,0,0,0,2,seriously_injured
2018,10,Thu,5,52.58790218,13.28740339,evening,19,dark,2,dry,0,6,7,0,1,1,0,0,0,3,slightly_injured
2018,10,Thu,5,52.44503455,13.33054958,afternoon,16,daylight,0,dry,0,2,6,0,1,0,0,0,0,3,slightly_injured
2018,10,Mon,2,52.49223016,13.34188016,morning,10,daylight,0,dry,0,5,3,1,1,0,0,0,0,3,slightly_injured
2018,10,Thu,5,52.51777927,13.37088312,morning,8,daylight,0,dry,0,5,3,0,1,0,0,0,0,3,slightly_injured
2018,10,Thu,5,52.56102908,13.33347598,evening,18,daylight,0,dry,0,2,6,0,1,0,0,0,0,3,slightly_injured
2018,11,Thu,5,52.55032173,13.33913438,afternoon,14,daylight,0,dry,0,2,2,0,1,0,0,0,0,3,slightly_injured
2018,10,Sun,1,52.457517,13.39125515,night,5,dark,2,dry,0,9,1,0,1,0,0,0,0,3,slightly_injured
2018,11,Thu,5,52.54483561,13.36746672,afternoon,13,daylight,0,dry,0,1,5,1,1,0,0,0,0,3,slightly_injured
2018,10,Sun,1,52.55465116,13.40105873,night,1,dark,2,dry,0,9,1,0,1,0,0,0,0,2,seriously_injured
2018,11,Thu,5,52.53041708,13.40829336,morning,11,daylight,0,dry,0,5,3,0,1,0,1,0,0,3,slightly_injured
2018,10,Sat,7,52.56409719,13.32776136,evening,20,dusk,1,dry,0,5,2,0,1,0,0,0,0,3,slightly_injured
2018,10,Sat,7,52.50241831,13.59756729,morning,8,daylight,0,dry,0,5,3,1,1,0,0,0,0,3,slightly_injured
2018,11,Thu,5,52.46574129,13.39043386,morning,11,daylight,0,dry,0,0,3,0,1,0,1,0,0,3,slightly_injured
2018,10,Sat,7,52.57433133,13.38966898,afternoon,14,daylight,0,dry,0,5,3,0,1,0,0,0,0,3,slightly_injured
2018,11,Thu,5,52.55518206,13.39113571,morning,10,daylight,0,dry,0,6,4,0,0,1,0,0,1,2,seriously_injured
2018,10,Sat,7,52.63794213,13.29044366,night,1,dark,2,wet,1,9,1,0,1,0,0,0,0,2,seriously_injured
2018,11,Thu,5,52.48588265,13.44565551,morning,10,daylight,0,dry,0,6,4,0,1,1,0,0,0,2,seriously_injured
2018,10,Sat,7,52.48135452,13.43843952,afternoon,14,daylight,0,dry,0,1,5,1,1,0,0,0,0,3,slightly_injured
2018,11,Thu,5,52.47557575,13.27877462,morning,9,daylight,0,dry,0,6,4,0,1,1,0,0,0,2,seriously_injured
2018,10,Sat,7,52.5243029,13.44895193,afternoon,13,daylight,0,dry,0,5,3,0,1,0,1,0,0,3,slightly_injured
2018,11,Thu,5,52.42640191,13.52803791,morning,9,daylight,0,dry,0,3,6,0,1,0,0,1,1,2,seriously_injured
2018,10,Sat,7,52.57611631,13.31372897,afternoon,12,daylight,0,dry,0,5,2,0,1,0,1,0,0,2,seriously_injured
2018,11,Thu,5,52.4759678,13.30822847,morning,9,daylight,0,dry,0,1,5,1,1,0,0,0,0,2,seriously_injured
2018,10,Sat,7,52.48128866,13.58764923,morning,11,daylight,0,dry,0,1,5,1,1,0,0,0,0,2,seriously_injured
2018,10,Sat,7,52.58556588,13.28119805,morning,8,daylight,0,dry,0,5,3,0,1,0,0,0,0,3,slightly_injured
2018,11,Thu,5,52.52571436,13.38990169,morning,9,daylight,0,dry,0,5,2,1,1,0,0,0,0,3,slightly_injured
2018,10,Sat,7,52.50267897,13.56160055,afternoon,15,daylight,0,dry,0,2,1,0,1,0,0,0,0,3,slightly_injured
2018,11,Thu,5,52.46708093,13.30952913,morning,9,daylight,0,dry,0,2,6,0,1,0,0,0,0,3,slightly_injured
2018,10,Sat,7,52.506731,13.3907849,afternoon,15,daylight,0,dry,0,2,6,0,1,0,0,0,1,3,slightly_injured
2018,11,Thu,5,52.51110245,13.38977634,morning,8,daylight,0,dry,0,3,6,1,1,0,0,0,0,3,slightly_injured
2018,11,Thu,5,52.50857127,13.29428769,morning,8,daylight,0,dry,0,1,5,1,0,0,0,1,0,3,slightly_injured
2018,10,Sat,7,52.53856621,13.24158661,afternoon,15,daylight,0,dry,0,0,1,0,0,0,1,0,0,3,slightly_injured
2018,11,Thu,5,52.62623327,13.29120506,night,0,dark,2,dry,0,8,1,0,0,0,1,0,0,3,slightly_injured
2018,10,Sat,7,52.50056889,13.34549994,night,0,dark,2,dry,0,2,6,0,1,0,1,0,0,3,slightly_injured
2018,10,Wed,4,52.51755224,13.58912058,afternoon,15,daylight,0,dry,0,5,2,0,1,0,0,0,0,3,slightly_injured
2018,10,Fri,6,52.52696983,13.41541844,evening,23,dark,2,dry,0,5,2,0,1,0,0,0,0,2,seriously_injured
2018,10,Wed,4,52.49704579,13.32408189,afternoon,17,dusk,1,dry,0,6,4,1,0,1,0,0,0,3,slightly_injured
2018,10,Fri,6,52.53840892,13.19709705,evening,18,dark,2,dry,0,5,2,0,0,0,1,0,0,2,seriously_injured
2018,11,Tue,3,52.53062589,13.38298097,morning,10,daylight,0,dry,0,6,2,0,1,1,0,0,0,3,slightly_injured
2018,10,Wed,4,52.51820582,13.40975989,afternoon,16,dusk,1,dry,0,5,3,1,0,0,0,0,0,3,slightly_injured
2018,11,Tue,3,52.52545294,13.33494101,morning,11,daylight,0,dry,0,1,1,0,1,0,0,0,0,3,slightly_injured
2018,10,Wed,4,52.53201487,13.38125709,evening,19,dark,2,dry,0,1,5,1,1,0,0,0,1,3,slightly_injured
2018,11,Tue,3,52.52777997,13.46657807,afternoon,12,daylight,0,dry,0,2,6,0,1,0,0,0,0,3,slightly_injured
2018,10,Fri,6,52.56850016,13.52051856,evening,18,dusk,1,dry,0,6,2,0,1,1,0,0,0,3,slightly_injured
2018,11,Tue,3,52.52038685,13.40431038,afternoon,12,daylight,0,dry,0,5,2,1,0,0,0,0,1,3,slightly_injured
2018,10,Wed,4,52.41247932,13.36126963,evening,18,dark,2,dry,0,6,4,0,0,1,1,0,0,3,slightly_injured
2018,11,Tue,3,52.43730836,13.30540817,morning,7,daylight,0,dry,0,1,5,1,1,0,0,0,0,3,slightly_injured
2018,10,Fri,6,52.52644346,13.3936329,afternoon,17,dusk,1,dry,0,0,3,1,1,0,0,0,0,3,slightly_injured
2018,10,Wed,4,52.5647263,13.32840601,evening,18,dark,2,dry,0,1,7,0,1,0,0,0,0,3,slightly_injured
2018,10,Wed,4,52.50723224,13.3825241,afternoon,16,dusk,1,dry,0,0,1,1,0,0,0,0,0,3,slightly_injured
2018,10,Fri,6,52.46688665,13.30925681,afternoon,16,dusk,1,dry,0,3,6,0,1,0,0,0,0,3,slightly_injured
2018,10,Wed,4,52.54933506,13.18497288,afternoon,16,daylight,0,dry,0,5,3,0,1,0,0,0,1,3,slightly_injured
2018,11,Tue,3,52.44713907,13.63280888,morning,8,daylight,0,dry,0,5,2,1,0,0,0,0,1,3,slightly_injured
2018,10,Wed,4,52.56323627,13.47706927,afternoon,15,dusk,1,dry,0,5,3,0,1,0,0,0,1,3,slightly_injured
2018,10,Fri,6,52.53519849,13.51504905,afternoon,15,daylight,0,dry,0,3,6,0,1,0,0,0,0,3,slightly_injured
2018,11,Tue,3,52.51518185,13.31334522,afternoon,13,daylight,0,dry,0,0,1,0,0,0,1,0,0,3,slightly_injured
2018,10,Wed,4,52.49904321,13.48055472,afternoon,15,daylight,0,dry,0,5,2,0,1,0,0,0,1,3,slightly_injured
2018,11,Tue,3,52.47648098,13.28172515,afternoon,17,dark,2,dry,0,5,3,1,1,0,0,0,0,3,slightly_injured
2018,10,Fri,6,52.50609709,13.31856257,afternoon,15,daylight,0,dry,0,2,6,0,1,0,0,0,0,3,slightly_injured
2018,11,Tue,3,52.54627509,13.35909235,morning,10,daylight,0,dry,0,5,2,1,0,0,0,1,0,2,seriously_injured
2018,10,Wed,4,52.54697829,13.5008827,afternoon,15,daylight,0,dry,0,0,1,1,0,0,0,0,0,3,slightly_injured
2018,11,Tue,3,52.48779826,13.30017341,afternoon,17,dark,2,dry,0,5,2,1,1,0,0,0,0,2,seriously_injured
2018,10,Fri,6,52.57347463,13.3589826,afternoon,14,daylight,0,wet,1,5,2,1,1,0,0,0,0,3,slightly_injured
2018,10,Wed,4,52.58212698,13.30573291,afternoon,14,daylight,0,dry,0,2,6,0,1,0,0,0,0,3,slightly_injured
2018,10,Fri,6,52.4878565,13.37344989,afternoon,12,daylight,0,wet,1,5,3,1,1,0,0,0,0,2,seriously_injured
2018,11,Tue,3,52.55244041,13.41937133,morning,9,daylight,0,dry,0,6,4,0,1,1,0,0,0,3,slightly_injured
2018,10,Fri,6,52.45087208,13.27090772,morning,10,daylight,0,dry,0,6,2,0,1,1,0,0,0,2,seriously_injured
2018,10,Fri,6,52.48612644,13.57391761,morning,10,daylight,0,dry,0,5,3,0,1,0,0,0,0,3,slightly_injured
2018,10,Wed,4,52.54758989,13.18473109,afternoon,14,daylight,0,dry,0,5,2,0,1,0,0,0,0,3,slightly_injured
2018,10,Wed,4,52.47148903,13.33672747,afternoon,14,daylight,0,dry,0,6,4,0,1,1,0,0,0,3,slightly_injured
2018,10,Fri,6,52.50748529,13.35158975,morning,8,daylight,0,dry,0,5,2,1,1,0,0,0,1,3,slightly_injured
2018,10,Wed,4,52.43350616,13.46638836,afternoon,14,daylight,0,dry,0,5,2,1,1,0,0,0,0,3,slightly_injured
2018,11,Tue,3,52.52226175,13.40433296,morning,9,daylight,0,dry,0,1,5,1,1,0,0,0,1,3,slightly_injured
2018,10,Fri,6,52.43732333,13.34755102,morning,7,daylight,0,dry,0,1,5,1,1,0,0,0,0,3,slightly_injured
2018,10,Wed,4,52.46655389,13.33852107,afternoon,12,daylight,0,dry,0,2,6,0,1,0,0,0,0,3,slightly_injured
2018,10,Fri,6,52.52435824,13.24819386,morning,6,dark,2,dry,0,5,3,1,1,0,0,0,0,3,slightly_injured
2018,11,Tue,3,52.45559117,13.37232422,afternoon,17,dark,2,dry,0,5,3,0,0,0,1,0,1,3,slightly_injured
2018,10,Wed,4,52.52354713,13.35708351,afternoon,12,daylight,0,dry,0,5,2,1,1,0,0,0,0,2,seriously_injured
2018,11,Tue,3,52.49528287,13.39781737,morning,9,daylight,0,dry,0,5,3,1,1,0,0,0,0,3,slightly_injured
2018,10,Thu,5,52.43932119,13.26311647,evening,19,dark,2,wet,1,6,7,0,1,1,0,0,0,3,slightly_injured
2018,11,Tue,3,52.55074197,13.38478949,afternoon,15,daylight,0,dry,0,5,3,1,1,0,0,0,0,3,slightly_injured
2018,10,Wed,4,52.58420037,13.38928646,morning,11,daylight,0,dry,0,1,5,0,1,0,0,0,0,3,slightly_injured
2018,11,Tue,3,52.51161981,13.4136614,morning,8,daylight,0,dry,0,5,2,0,1,0,1,0,1,3,slightly_injured
2018,10,Thu,5,52.42190847,13.29841877,afternoon,13,daylight,0,wet,1,5,2,1,1,0,0,0,0,3,slightly_injured
2018,10,Wed,4,52.53729194,13.52776406,morning,11,daylight,0,dry,0,3,6,0,1,0,0,1,0,3,slightly_injured
2018,10,Thu,5,52.49464818,13.35516898,night,0,dark,2,dry,0,6,2,0,1,1,0,0,0,3,slightly_injured
2018,11,Tue,3,52.45651711,13.54991666,afternoon,15,daylight,0,dry,0,3,6,1,0,0,0,0,0,3,slightly_injured
2018,10,Thu,5,52.49098221,13.41602333,evening,19,dark,2,dry,0,0,2,0,1,0,0,0,1,3,slightly_injured
2018,10,Wed,4,52.53368892,13.28294574,afternoon,17,dark,2,dry,0,8,1,0,1,0,0,0,0,2,seriously_injured
2018,11,Tue,3,52.41863013,13.35988173,morning,8,daylight,0,dry,0,5,3,0,1,0,1,0,0,2,seriously_injured
2018,10,Thu,5,52.51748587,13.17499885,evening,19,dark,2,dry,0,0,6,0,1,0,0,0,0,3,slightly_injured
2018,11,Tue,3,52.48267478,13.34503614,night,0,dark,2,dry,0,5,3,0,1,0,0,0,0,2,seriously_injured
2018,10,Wed,4,52.42647727,13.54672903,evening,18,dark,2,dry,0,2,6,0,1,0,0,0,0,3,slightly_injured
2018,11,Tue,3,52.44353079,13.33659965,afternoon,15,daylight,0,dry,0,6,4,0,1,1,0,0,0,3,slightly_injured
2018,10,Thu,5,52.52613919,13.24011947,afternoon,17,dusk,1,wet,1,5,2,1,1,0,0,0,0,3,slightly_injured
2018,10,Wed,4,52.49284823,13.38744282,afternoon,17,dark,2,dry,0,5,3,1,1,0,0,0,0,3,slightly_injured
2018,11,Tue,3,52.54262169,13.19813602,afternoon,15,daylight,0,dry,0,0,2,0,1,0,1,0,0,3,slightly_injured
2018,10,Thu,5,52.49055151,13.44155525,afternoon,16,daylight,0,wet,1,5,3,1,1,0,0,0,0,3,slightly_injured
2018,11,Tue,3,52.44395248,13.43379303,morning,8,daylight,0,dry,0,2,6,0,1,0,0,0,0,3,slightly_injured
2018,10,Wed,4,52.52582179,13.31845679,afternoon,16,daylight,0,dry,0,5,7,0,1,0,1,0,0,3,slightly_injured
2018,11,Tue,3,52.42696895,13.27323856,morning,8,daylight,0,dry,0,5,3,0,1,0,0,0,0,3,slightly_injured
2018,10,Thu,5,52.47869831,13.33350473,afternoon,15,daylight,0,wet,1,3,6,1,1,0,0,0,0,3,slightly_injured
2018,10,Wed,4,52.58082002,13.31815579,morning,11,daylight,0,dry,0,6,4,0,0,1,0,1,0,3,slightly_injured
2018,11,Tue,3,52.53304718,13.1580984,morning,7,daylight,0,dry,0,2,2,0,1,0,0,0,0,3,slightly_injured
2018,10,Thu,5,52.62109628,13.23590475,afternoon,15,daylight,0,dry,0,5,2,1,1,0,0,0,0,2,seriously_injured
2018,10,Wed,4,52.50604608,13.51961419,morning,9,daylight,0,dry,0,2,6,0,1,0,0,0,0,3,slightly_injured
2018,10,Thu,5,52.54460509,13.39100277,afternoon,15,daylight,0,dry,0,5,7,0,1,0,0,0,0,3,slightly_injured
2018,11,Tue,3,52.40607487,13.52765578,morning,7,daylight,0,dry,0,6,4,0,1,1,0,0,0,3,slightly_injured
2018,10,Thu,5,52.57327685,13.22924919,afternoon,15,daylight,0,wet,1,5,3,0,1,0,0,0,0,3,slightly_injured
2018,10,Wed,4,52.54053179,13.24765327,morning,9,daylight,0,dry,0,0,6,0,1,0,1,0,0,3,slightly_injured
2018,11,Tue,3,52.48054915,13.41603316,morning,7,daylight,0,dry,0,5,3,1,1,0,0,0,0,3,slightly_injured
2018,10,Thu,5,52.46984413,13.37202312,afternoon,14,daylight,0,wet,1,5,3,0,1,0,0,0,0,3,slightly_injured
2018,11,Tue,3,52.50725028,13.55727229,morning,7,daylight,0,dry,0,5,3,1,1,0,0,0,0,2,seriously_injured
2018,10,Wed,4,52.53722678,13.36012819,afternoon,14,daylight,0,dry,0,6,7,1,0,1,0,0,0,3,slightly_injured
2018,11,Tue,3,52.57723991,13.48685377,morning,6,dusk,1,dry,0,2,6,1,1,0,0,0,0,3,slightly_injured
2018,10,Thu,5,52.50172079,13.35313781,afternoon,14,daylight,0,wet,1,5,3,1,1,0,0,0,0,3,slightly_injured
2018,10,Wed,4,52.51807878,13.38029642,morning,7,daylight,0,dry,0,0,2,1,1,0,0,0,0,2,seriously_injured
2018,10,Wed,4,52.51247958,13.48824105,morning,7,daylight,0,dry,0,5,2,1,1,0,0,0,0,3,slightly_injured
2018,10,Thu,5,52.55531872,13.30673392,afternoon,14,daylight,0,wet,1,2,6,0,1,0,0,0,0,3,slightly_injured
2018,10,Wed,4,52.4529042,13.39938322,morning,6,daylight,0,dry,0,5,3,1,1,0,0,0,0,3,slightly_injured
2018,11,Tue,3,52.51881141,13.5638118,afternoon,14,daylight,0,dry,0,0,7,0,0,0,0,0,1,3,slightly_injured
2018,10,Thu,5,52.55195274,13.35525817,afternoon,14,daylight,0,wet,1,3,6,0,1,0,0,0,0,3,slightly_injured
2018,10,Wed,4,52.50394105,13.32758914,evening,19,dark,2,dry,0,1,6,1,1,0,0,0,0,3,slightly_injured
2018,10,Wed,4,52.48685609,13.44525658,morning,9,daylight,0,dry,0,0,3,0,0,0,1,0,1,3,slightly_injured
2018,10,Wed,4,52.55404804,13.19781659,night,2,dark,2,dry,0,1,5,0,1,0,0,0,1,3,slightly_injured
2018,10,Thu,5,52.53188155,13.34319796,afternoon,13,daylight,0,wet,1,5,2,0,1,0,0,0,0,3,slightly_injured
2018,10,Tue,3,52.45588569,13.55456482,evening,18,dark,2,wet,1,5,2,0,1,0,0,0,1,3,slightly_injured
2018,10,Thu,5,52.50770876,13.48797158,afternoon,13,daylight,0,dry,0,5,3,0,1,0,0,0,1,3,slightly_injured
2018,11,Tue,3,52.46071657,13.30416941,afternoon,14,daylight,0,dry,0,1,5,1,0,0,0,0,1,3,slightly_injured
2018,10,Tue,3,52.47839945,13.43270963,afternoon,17,dusk,1,wet,1,5,3,0,1,0,0,1,0,2,seriously_injured
2018,11,Tue,3,52.53484264,13.40718478,afternoon,17,dark,2,dry,0,2,6,0,1,0,0,0,1,3,slightly_injured
2018,10,Thu,5,52.53770033,13.40881643,afternoon,13,daylight,0,wet,1,1,1,1,1,0,0,0,0,3,slightly_injured
2018,11,Mon,2,52.42529305,13.37225914,morning,6,dark,2,dry,0,5,3,1,1,0,0,0,0,3,slightly_injured
2018,10,Tue,3,52.43253982,13.462311,afternoon,16,daylight,0,wet,1,5,3,0,1,0,0,0,0,3,slightly_injured
2018,11,Mon,2,52.50148674,13.41944264,evening,23,dark,2,dry,0,1,5,1,1,0,0,0,0,3,slightly_injured
2018,10,Thu,5,52.53686537,13.22138408,afternoon,13,daylight,0,wet,1,5,2,1,1,0,0,0,0,3,slightly_injured
2018,10,Tue,3,52.56648476,13.56206858,afternoon,16,dusk,1,dry,0,5,3,0,1,0,1,0,0,3,slightly_injured
2018,10,Tue,3,52.44768087,13.36285502,afternoon,15,daylight,0,dry,0,1,5,0,1,0,0,0,0,3,slightly_injured
2018,10,Thu,5,52.52909388,13.45807575,afternoon,13,daylight,0,wet,1,2,6,0,1,0,0,0,0,3,slightly_injured
2018,10,Tue,3,52.48293937,13.4417685,afternoon,15,daylight,0,wet,1,5,2,1,1,0,0,0,0,3,slightly_injured
2018,11,Mon,2,52.50234272,13.46993897,evening,20,dark,2,dry,0,6,4,1,0,1,0,0,0,3,slightly_injured
2018,10,Thu,5,52.52574855,13.3096751,afternoon,12,daylight,0,wet,1,5,2,1,0,0,0,0,1,3,slightly_injured
2018,10,Tue,3,52.46816814,13.43337021,afternoon,15,daylight,0,wet,1,1,5,1,1,0,0,0,0,3,slightly_injured
2018,10,Thu,5,52.59561606,13.33443601,afternoon,12,daylight,0,wet,1,0,4,0,0,1,1,0,0,3,slightly_injured
2018,11,Mon,2,52.49975355,13.36270078,afternoon,15,daylight,0,dry,0,6,7,0,1,1,0,0,0,3,slightly_injured
2018,10,Tue,3,52.52461071,13.36338989,afternoon,14,daylight,0,dry,0,2,6,0,1,0,0,0,0,3,slightly_injured
2018,11,Mon,2,52.53787043,13.40564715,evening,19,dark,2,dry,0,1,5,1,0,0,0,0,1,3,slightly_injured
2018,10,Thu,5,52.52540205,13.52867056,afternoon,12,daylight,0,wet,1,3,6,1,1,0,0,0,0,2,seriously_injured
2018,11,Mon,2,52.53876214,13.37219148,evening,18,dusk,1,dry,0,2,6,0,1,0,0,0,0,3,slightly_injured
2018,10,Thu,5,52.50545467,13.32792544,morning,11,daylight,0,wet,1,6,2,0,1,1,0,0,0,3,slightly_injured
2018,11,Mon,2,52.50537086,13.31741142,morning,9,daylight,0,dry,0,3,6,0,1,0,0,0,0,3,slightly_injured
2018,10,Tue,3,52.52364301,13.58565473,afternoon,14,daylight,0,dry,0,6,4,0,1,1,0,0,0,3,slightly_injured
2018,11,Mon,2,52.51827586,13.41785343,morning,9,daylight,0,dry,0,3,6,1,1,0,0,0,0,3,slightly_injured
2018,10,Thu,5,52.51204673,13.38962625,morning,10,daylight,0,wet,1,6,4,0,1,1,0,0,0,3,slightly_injured
2018,11,Mon,2,52.50010896,13.31922448,morning,9,daylight,0,dry,0,1,5,1,1,0,0,0,0,3,slightly_injured
2018,11,Mon,2,52.48035468,13.44300681,morning,9,daylight,0,dry,0,2,6,0,1,0,0,0,0,3,slightly_injured
2018,10,Thu,5,52.55588513,13.3822847,afternoon,12,daylight,0,wet,1,3,6,0,1,0,0,1,0,3,slightly_injured
2018,10,Tue,3,52.43787484,13.54801693,afternoon,14,daylight,0,dry,0,2,2,0,1,0,0,0,0,3,slightly_injured
2018,10,Thu,5,52.50839529,13.4624713,afternoon,12,daylight,0,wet,1,0,1,1,0,0,0,0,0,3,slightly_injured
2018,10,Tue,3,52.48589871,13.37660468,afternoon,13,daylight,0,dry,0,1,5,1,1,0,0,0,0,3,slightly_injured
2018,11,Mon,2,52.52794429,13.24327206,morning,10,daylight,0,dry,0,2,5,0,1,0,0,0,0,3,slightly_injured
2018,10,Thu,5,52.47372849,13.33779242,morning,11,daylight,0,wet,1,5,7,0,1,0,1,0,0,3,slightly_injured
2018,10,Tue,3,52.57346847,13.43746737,afternoon,13,daylight,0,dry,0,5,1,0,0,0,0,0,1,3,slightly_injured
2018,10,Thu,5,52.48442576,13.3332001,morning,8,daylight,0,wet,1,5,7,0,1,0,1,0,0,3,slightly_injured
2018,11,Mon,2,52.54487584,13.43705646,morning,11,daylight,0,dry,0,1,7,1,1,0,0,0,0,3,slightly_injured
2018,10,Tue,3,52.59296825,13.43175588,afternoon,13,daylight,0,dry,0,5,2,0,0,0,0,1,1,3,slightly_injured
2018,11,Mon,2,52.52455979,13.60622091,morning,11,daylight,0,dry,0,5,3,0,1,0,0,0,0,3,slightly_injured
2018,10,Thu,5,52.57793247,13.31542362,morning,8,daylight,0,wet,1,5,2,0,1,0,0,1,0,3,slightly_injured
2018,10,Tue,3,52.44000659,13.35174048,afternoon,13,daylight,0,dry,0,2,6,0,1,0,0,0,0,3,slightly_injured
2018,11,Mon,2,52.52743782,13.38852392,afternoon,12,daylight,0,dry,0,5,7,0,1,0,0,0,0,3,slightly_injured
2018,10,Thu,5,52.52499972,13.33656123,morning,8,daylight,0,wet,1,5,2,1,1,0,0,0,0,3,slightly_injured
2018,10,Tue,3,52.49538351,13.61090097,afternoon,13,daylight,0,dry,0,5,2,1,1,0,0,0,0,3,slightly_injured
2018,10,Thu,5,52.5907726,13.37121235,morning,8,daylight,0,wet,1,5,2,1,0,0,0,0,1,3,slightly_injured
2018,10,Tue,3,52.57747183,13.30632862,afternoon,12,daylight,0,dry,0,5,3,0,1,0,0,0,0,3,slightly_injured
2018,11,Mon,2,52.54585019,13.42755463,afternoon,14,daylight,0,dry,0,6,4,0,1,1,0,0,0,3,slightly_injured
2018,10,Thu,5,52.53269484,13.26676976,morning,8,daylight,0,dry,0,5,7,0,1,0,1,0,0,2,seriously_injured
2018,10,Tue,3,52.52964605,13.46070487,afternoon,12,daylight,0,dry,0,5,7,0,1,0,0,0,1,3,slightly_injured
2018,10,Thu,5,52.51517745,13.3133591,morning,8,daylight,0,wet,1,0,3,1,1,0,0,0,0,3,slightly_injured
2018,11,Mon,2,52.41523195,13.34506862,afternoon,14,daylight,0,dry,0,8,1,0,1,0,0,0,0,3,slightly_injured
2018,10,Thu,5,52.52540996,13.27908494,morning,8,daylight,0,wet,1,2,2,0,1,0,0,0,1,2,seriously_injured
2018,10,Tue,3,52.52971179,13.35106556,afternoon,12,daylight,0,dry,0,5,3,0,1,0,0,0,0,3,slightly_injured
2018,11,Mon,2,52.55207649,13.35471392,afternoon,15,daylight,0,dry,0,5,3,1,0,0,0,0,0,2,seriously_injured
2018,10,Thu,5,52.58417442,13.47591774,morning,8,daylight,0,wet,1,4,1,0,1,0,0,0,0,3,slightly_injured
2018,11,Mon,2,52.48480451,13.44411427,afternoon,16,dusk,1,dry,0,0,3,0,1,0,0,0,1,3,slightly_injured
2018,10,Tue,3,52.50285148,13.33192796,morning,11,daylight,0,dry,0,5,7,0,1,0,1,0,0,3,slightly_injured
2018,11,Mon,2,52.4417738,13.34181092,evening,18,dark,2,dry,0,0,2,0,0,0,0,0,1,3,slightly_injured