ujahr,umonat,weekday,uwochentag,long,lat,time_of_day,ustunde,light_condition,ulichtverh,street_condition,ustrzustand,uart,utyp1,ist_rad,ist_pkw,ist_fuss,ist_krad,ist_gkfz,ist_sonstige,ukategorie,accident_outcome
2018,10,Thu,5,52.54317325,13.3563193,morning,7,daylight,0,wet,1,5,2,1,1,0,0,0,0,3,slightly_injured
2018,10,Tue,3,52.47911266,13.48433713,morning,11,daylight,0,dry,0,1,5,0,1,0,0,0,1,3,slightly_injured
2018,10,Thu,5,52.54067586,13.56961314,morning,6,dusk,1,wet,1,6,2,0,1,1,0,0,0,3,slightly_injured
2018,10,Tue,3,52.45324193,13.50951053,morning,10,daylight,0,dry,0,3,6,1,0,0,0,1,0,3,slightly_injured
2018,10,Thu,5,52.47928645,13.60094047,morning,6,dusk,1,wet,1,0,3,0,1,0,1,0,0,3,slightly_injured
2018,11,Mon,2,52.42201408,13.38480159,afternoon,17,dark,2,dry,0,6,4,0,1,1,0,0,0,2,seriously_injured
2018,10,Tue,3,52.56209198,13.35380108,morning,10,daylight,0,dry,0,3,6,0,1,0,0,0,1,3,slightly_injured
2018,11,Mon,2,52.48964745,13.34491009,afternoon,17,dark,2,dry,0,2,6,0,1,0,0,0,0,3,slightly_injured
2018,10,Thu,5,52.55341583,13.15351557,morning,6,dark,2,wet,1,5,2,0,1,0,0,0,0,3,slightly_injured
2018,11,Mon,2,52.41426886,13.36192322,afternoon,17,dark,2,dry,0,2,6,0,1,0,0,0,0,3,slightly_injured
2018,11,Mon,2,52.5296824,13.40138658,afternoon,17,dark,2,dry,0,3,2,0,1,0,1,0,0,3,slightly_injured
2018,10,Thu,5,52.58148335,13.40424762,night,5,dark,2,wet,1,5,2,1,1,0,0,0,0,3,slightly_injured
2018,10,Tue,3,52.41863326,13.28926439,morning,10,daylight,0,dry,0,5,3,1,0,0,0,1,0,3,slightly_injured
2018,11,Mon,2,52.4499317,13.27004071,morning,9,daylight,0,dry,0,5,7,0,1,0,0,0,0,3,slightly_injured
2018,10,Thu,5,52.56987015,13.46047004,morning,10,daylight,0,wet,1,0,1,0,0,0,1,0,0,3,slightly_injured
2018,11,Mon,2,52.50041381,13.41405887,morning,8,daylight,0,dry,0,5,3,0,1,0,0,0,0,3,slightly_injured
2018,10,Tue,3,52.53688641,13.6046278,morning,10,daylight,0,dry,0,2,6,0,1,0,0,0,1,3,slightly_injured
2018,11,Mon,2,52.42288198,13.35764862,morning,7,daylight,0,dry,0,6,4,0,1,1,0,0,0,2,seriously_injured
2018,10,Wed,4,52.51120835,13.40949737,evening,18,daylight,0,dry,0,1,5,1,1,0,0,0,0,3,slightly_injured
2018,10,Tue,3,52.44534428,13.51168905,morning,9,daylight,0,dry,0,5,3,1,1,0,0,0,0,3,slightly_injured
2018,10,Tue,3,52.44529186,13.35701786,morning,9,daylight,0,dry,0,2,6,0,1,0,0,0,0,3,slightly_injured
2018,10,Wed,4,52.50165006,13.3194416,morning,10,daylight,0,dry,0,5,2,1,1,0,0,0,0,3,slightly_injured
2018,10,Tue,3,52.63497795,13.49935831,morning,7,daylight,0,dry,0,5,3,1,0,0,1,0,0,3,slightly_injured
2018,11,Mon,2,52.62613426,13.31864834,morning,6,daylight,0,dry,0,6,7,1,1,1,0,0,0,3,slightly_injured
2018,10,Wed,4,52.53844896,13.19001413,afternoon,16,daylight,0,dry,0,1,5,0,1,0,0,0,0,3,slightly_injured
2018,10,Tue,3,52.54648544,13.34404401,morning,9,daylight,0,dry,0,2,6,0,0,0,1,1,0,2,seriously_injured
2018,10,Wed,4,52.46525447,13.43694374,morning,9,daylight,0,dry,0,5,3,0,1,0,1,0,0,3,slightly_injured
2018,11,Mon,2,52.58629099,13.28697852,afternoon,16,daylight,0,dry,0,6,2,0,1,1,0,0,0,3,slightly_injured
2018,10,Tue,3,52.52378128,13.41672824,morning,8,daylight,0,wet,1,0,5,1,0,0,0,0,1,3,slightly_injured
2018,11,Mon,2,52.53690304,13.39705299,morning,7,daylight,0,dry,0,3,6,0,1,0,0,1,0,3,slightly_injured
2018,10,Wed,4,52.50050549,13.34977321,morning,10,daylight,0,dry,0,6,2,0,1,1,0,0,0,2,seriously_injured
2018,11,Mon,2,52.46860912,13.45011283,morning,9,daylight,0,dry,0,5,3,0,1,1,0,0,1,2,seriously_injured
2018,10,Tue,3,52.50266948,13.32642982,morning,7,daylight,0,dry,0,6,4,0,1,1,0,0,0,3,slightly_injured
2018,11,Sun,1,52.62303834,13.29981828,evening,19,dusk,1,dry,0,3,6,1,1,0,0,0,0,2,seriously_injured
2018,10,Wed,4,52.45571131,13.55799094,morning,10,daylight,0,wet,1,2,6,0,1,0,0,0,0,3,slightly_injured
2018,10,Tue,3,52.41881976,13.49784591,morning,7,daylight,0,wet,1,6,2,0,0,1,0,0,1,3,slightly_injured
2018,10,Tue,3,52.52493734,13.34644851,morning,7,daylight,0,wet,1,5,3,0,1,0,1,0,0,3,slightly_injured
2018,10,Wed,4,52.57995847,13.29187435,morning,10,daylight,0,wet,1,3,2,1,0,0,0,0,1,3,slightly_injured
2018,10,Tue,3,52.5216823,13.32550055,morning,6,dark,2,wet,1,0,5,0,1,0,1,0,0,3,slightly_injured
2018,11,Sun,1,52.50747443,13.45014098,afternoon,17,dusk,1,dry,0,3,6,0,1,0,0,0,0,3,slightly_injured
2018,10,Tue,3,52.48653804,13.3202489,evening,23,dark,2,wet,1,5,3,0,1,0,0,0,0,3,slightly_injured
2018,11,Sun,1,52.4759259,13.42537226,afternoon,17,dusk,1,dry,0,6,4,0,1,1,0,0,0,2,seriously_injured
2018,10,Wed,4,52.61212947,13.43114649,evening,18,dusk,1,dry,0,5,2,1,1,0,0,0,0,3,slightly_injured
2018,10,Tue,3,52.4644381,13.51205578,morning,6,dusk,1,wet,1,5,3,1,1,0,0,0,0,3,slightly_injured
2018,10,Tue,3,52.53945987,13.41065228,morning,8,daylight,0,wet,1,3,6,1,1,0,0,0,0,3,slightly_injured
2018,10,Tue,3,52.55874319,13.46253759,evening,21,dark,2,dry,0,4,6,0,1,0,0,0,1,3,slightly_injured
2018,11,Sun,1,52.4515524,13.41635788,afternoon,16,daylight,0,dry,0,5,2,0,1,0,0,0,1,3,slightly_injured
2018,10,Tue,3,52.51348734,13.51886106,evening,20,dusk,1,dry,0,6,7,0,1,1,0,0,0,3,slightly_injured
2018,10,Wed,4,52.56686804,13.51499588,evening,18,dusk,1,dry,0,2,6,0,1,0,0,0,0,3,slightly_injured
2018,11,Sun,1,52.52339184,13.44528107,afternoon,14,daylight,0,dry,0,5,3,1,1,0,0,0,0,2,seriously_injured
2018,10,Tue,3,52.40903708,13.37627739,evening,19,dark,2,wet,1,2,6,0,1,0,0,0,0,3,slightly_injured
2018,11,Sun,1,52.48656903,13.45081181,afternoon,13,daylight,0,dry,0,5,3,1,1,0,0,0,0,3,slightly_injured
2018,10,Wed,4,52.55949312,13.36916543,evening,18,dusk,1,dry,0,5,3,0,1,0,1,0,0,2,seriously_injured
2018,11,Sun,1,52.4470053,13.29238206,morning,11,daylight,0,dry,0,1,5,0,1,0,0,0,0,2,seriously_injured
2018,10,Tue,3,52.50216541,13.331102,evening,19,dark,2,wet,1,5,7,0,1,0,0,0,0,3,slightly_injured
2018,11,Sun,1,52.52623206,13.37971309,afternoon,17,dusk,1,dry,0,9,1,0,0,0,1,0,0,3,slightly_injured
2018,10,Wed,4,52.49525223,13.31082778,evening,18,dusk,1,dry,0,6,4,0,1,1,0,0,0,2,seriously_injured
2018,10,Tue,3,52.51150885,13.41672248,evening,19,dark,2,wet,1,5,7,1,1,0,0,0,0,3,slightly_injured
2018,10,Wed,4,52.41135452,13.3843831,evening,18,dusk,1,dry,0,1,5,1,1,0,0,0,1,3,slightly_injured
2018,11,Sun,1,52.49610065,13.39499296,morning,6,dusk,1,wet,1,9,1,0,1,0,0,0,0,3,slightly_injured
2018,10,Wed,4,52.54953462,13.3644453,afternoon,17,daylight,0,dry,0,6,2,0,1,1,0,0,0,3,slightly_injured
2018,10,Tue,3,52.48944605,13.39142902,evening,19,dark,2,wet,1,0,4,1,0,1,0,0,0,3,slightly_injured
2018,10,Wed,4,52.44635333,13.3793351,afternoon,17,daylight,0,dry,0,2,6,0,1,0,0,0,1,3,slightly_injured
2018,11,Sun,1,52.50743641,13.42829504,night,4,dark,2,dry,0,0,1,1,0,0,0,0,0,3,slightly_injured
2018,10,Wed,4,52.50775338,13.3020622,afternoon,17,daylight,0,dry,0,2,6,0,1,0,0,0,0,3,slightly_injured
2018,10,Tue,3,52.43695019,13.34514616,evening,19,dark,2,wet,1,1,7,0,1,0,0,0,1,3,slightly_injured
2018,10,Wed,4,52.57429345,13.38976868,afternoon,16,daylight,0,dry,0,5,3,1,1,0,0,0,0,3,slightly_injured
2018,11,Sun,1,52.61480265,13.37006623,night,3,dark,2,dry,0,9,1,0,1,0,0,0,0,3,slightly_injured
2018,10,Tue,3,52.46466151,13.32304259,evening,18,dark,2,wet,1,6,4,1,0,1,0,0,0,2,seriously_injured
2018,11,Sat,7,52.55101194,13.40785865,afternoon,15,daylight,0,dry,0,2,6,0,1,0,0,0,0,3,slightly_injured
2018,10,Wed,4,52.526298,13.50285164,afternoon,15,daylight,0,dry,0,5,7,0,1,0,0,0,0,3,slightly_injured
2018,11,Sat,7,52.51809735,13.31373472,evening,20,dark,2,dry,0,5,3,0,1,0,1,0,0,2,seriously_injured
2018,10,Tue,3,52.51142265,13.45887045,evening,18,dark,2,wet,1,5,2,0,1,0,0,0,0,3,slightly_injured
2018,11,Sat,7,52.50298245,13.4133676,afternoon,15,daylight,0,dry,0,5,3,0,1,0,1,0,0,3,slightly_injured
2018,10,Wed,4,52.56874567,13.39982913,afternoon,14,daylight,0,dry,0,2,6,0,1,0,0,0,0,3,slightly_injured
2018,10,Tue,3,52.4984697,13.33443912,afternoon,17,dark,2,wet,1,5,2,1,1,0,0,0,0,3,slightly_injured
2018,10,Wed,4,52.53137886,13.46835557,afternoon,14,daylight,0,dry,0,3,6,0,1,0,0,1,0,3,slightly_injured
2018,11,Sat,7,52.51533174,13.46021448,afternoon,14,daylight,0,dry,0,0,1,1,0,0,0,0,0,2,seriously_injured
2018,10,Wed,4,52.4996672,13.31898851,afternoon,14,daylight,0,dry,0,6,4,0,1,1,0,0,0,2,seriously_injured
2018,10,Tue,3,52.48091353,13.2695155,evening,18,dark,2,wet,1,2,6,1,1,0,0,0,0,3,slightly_injured
2018,11,Sat,7,52.51145623,13.33473236,afternoon,13,daylight,0,dry,0,5,3,1,1,0,0,0,0,3,slightly_injured
2018,10,Wed,4,52.50511544,13.32245285,afternoon,13,daylight,0,dry,0,6,7,0,1,1,0,0,0,3,slightly_injured
2018,11,Sat,7,52.50623757,13.3136223,afternoon,13,daylight,0,dry,0,5,7,1,1,0,0,0,0,3,slightly_injured
2018,10,Tue,3,52.53503594,13.19779853,evening,18,dark,2,wet,1,5,3,0,1,0,0,0,0,3,slightly_injured
2018,11,Sat,7,52.44546304,13.26793322,morning,11,daylight,0,dry,0,5,3,1,1,0,0,0,0,3,slightly_injured
2018,10,Wed,4,52.56454327,13.16003077,afternoon,13,daylight,0,dry,0,5,3,1,1,0,0,0,0,3,slightly_injured
2018,10,Tue,3,52.5896411,13.41485793,morning,10,daylight,0,dry,0,5,2,0,1,0,1,0,0,2,seriously_injured
2018,10,Wed,4,52.50029114,13.4375318,afternoon,12,daylight,0,dry,0,6,2,0,1,1,0,0,0,2,seriously_injured
2018,10,Tue,3,52.54340923,13.38045868,evening,18,daylight,0,wet,1,2,6,0,1,0,0,0,0,3,slightly_injured
2018,11,Sat,7,52.50939013,13.37662719,morning,11,daylight,0,dry,0,5,2,1,1,0,0,0,0,3,slightly_injured
2018,10,Wed,4,52.52598069,13.40365447,afternoon,12,daylight,0,dry,0,5,2,1,1,0,0,0,0,3,slightly_injured
2018,10,Tue,3,52.50448547,13.42155444,evening,18,dark,2,dry,0,5,3,1,1,0,0,0,0,3,slightly_injured
2018,11,Sat,7,52.50446262,13.38248179,morning,10,daylight,0,dry,0,5,2,1,1,0,0,0,0,3,slightly_injured
2018,10,Wed,4,52.6255547,13.32676307,afternoon,12,daylight,0,dry,0,6,7,1,0,1,0,0,0,3,slightly_injured
2018,10,Tue,3,52.55027503,13.35221245,evening,18,dark,2,wet,1,6,4,0,1,1,0,0,0,3,slightly_injured
2018,10,Wed,4,52.54920882,13.35377025,afternoon,12,daylight,0,dry,0,6,4,0,1,1,0,0,0,3,slightly_injured
2018,11,Sat,7,52.56277402,13.39017704,morning,8,daylight,0,dry,0,1,5,0,1,0,0,0,1,3,slightly_injured
2018,10,Wed,4,52.49342829,13.36618128,morning,10,daylight,0,wet,1,3,6,0,1,0,1,0,0,3,slightly_injured
2018,10,Tue,3,52.52516086,13.17809466,afternoon,12,daylight,0,dry,0,2,6,0,1,0,1,0,0,3,slightly_injured
2018,11,Sat,7,52.55542579,13.36117352,afternoon,12,daylight,0,dry,0,5,7,1,0,0,0,0,1,3,slightly_injured
2018,10,Wed,4,52.48669503,13.57736439,morning,11,daylight,0,wet,1,5,3,0,1,0,0,0,1,3,slightly_injured
2018,11,Fri,6,52.42786291,13.34708073,afternoon,12,daylight,0,dry,0,0,7,0,0,0,0,0,1,3,slightly_injured
2018,10,Tue,3,52.51186632,13.47842763,night,5,dark,2,wet,1,6,2,0,1,1,0,0,0,3,slightly_injured
2018,11,Fri,6,52.47341564,13.42808618,afternoon,17,daylight,0,dry,0,5,2,0,1,0,1,0,0,2,seriously_injured
2018,10,Wed,4,52.5131701,13.4482771,morning,11,daylight,0,dry,0,1,5,0,1,0,1,0,0,2,seriously_injured
2018,10,Tue,3,52.45631346,13.30133037,morning,10,daylight,0,dry,0,2,6,0,1,0,0,0,0,3,slightly_injured
2018,10,Tue,3,52.59950296,13.42849638,morning,8,daylight,0,wet,1,5,3,0,1,0,0,0,1,3,slightly_injured
2018,10,Wed,4,52.42383115,13.25171746,morning,8,daylight,0,wet,1,0,3,0,0,0,1,1,0,3,slightly_injured
2018,10,Tue,3,52.47433808,13.45513463,morning,7,daylight,0,wet,1,0,4,1,0,1,0,0,0,3,slightly_injured
2018,11,Fri,6,52.49738275,13.39166242,evening,20,dark,2,dry,0,2,6,0,1,0,0,0,0,3,slightly_injured
2018,10,Wed,4,52.55248578,13.18177735,morning,7,daylight,0,wet,1,6,2,0,1,1,0,0,0,3,slightly_injured
2018,10,Tue,3,52.55704358,13.37327847,afternoon,14,daylight,0,dry,0,5,2,1,0,0,0,1,0,3,slightly_injured
2018,10,Wed,4,52.54064885,13.23263778,morning,7,dusk,1,wet,1,6,2,0,1,1,0,0,0,3,slightly_injured
2018,11,Fri,6,52.5062296,13.31377108,afternoon,17,dark,2,dry,0,5,2,0,1,0,0,0,0,3,slightly_injured
2018,10,Tue,3,52.53934921,13.34527602,afternoon,12,daylight,0,dry,0,2,6,0,1,0,0,0,0,3,slightly_injured
2018,11,Fri,6,52.50483665,13.44044518,evening,22,dark,2,dry,0,2,6,0,1,0,0,0,0,3,slightly_injured
2018,10,Mon,2,52.44838448,13.3040066,afternoon,16,daylight,0,dry,0,1,5,1,1,0,0,0,0,3,slightly_injured
2018,10,Wed,4,52.43681321,13.45102536,morning,6,dark,2,wet,1,6,2,0,1,1,0,0,0,3,slightly_injured
2018,11,Fri,6,52.4948839,13.38396421,evening,19,dusk,1,dry,0,6,4,0,1,1,0,0,0,2,seriously_injured
2018,10,Mon,2,52.51269083,13.58689958,night,5,dark,2,dry,0,5,2,1,1,0,0,0,0,3,slightly_injured
2018,11,Fri,6,52.45301031,13.39143574,afternoon,16,daylight,0,dry,0,5,2,0,1,0,0,0,0,3,slightly_injured
2018,10,Wed,4,52.51883456,13.59639421,night,5,dark,2,wet,1,5,3,1,1,0,0,0,0,2,seriously_injured
2018,11,Fri,6,52.52379167,13.33006115,afternoon,15,daylight,0,dry,0,2,6,0,1,0,0,0,0,3,slightly_injured
2018,10,Mon,2,52.46420415,13.58430053,afternoon,17,dark,2,wet,1,6,2,0,1,1,0,0,0,3,slightly_injured
2018,11,Fri,6,52.46412355,13.33454721,afternoon,15,daylight,0,dry,0,5,2,1,1,0,0,0,0,3,slightly_injured
2018,10,Wed,4,52.53427392,13.49973536,night,4,dark,2,wet,1,5,2,0,1,0,0,0,0,3,slightly_injured
2018,10,Mon,2,52.5569361,13.37341215,evening,21,dark,2,dry,0,6,4,0,1,1,0,0,0,3,slightly_injured
2018,10,Mon,2,52.52958303,13.40030932,evening,20,dark,2,wet,1,0,5,1,1,0,0,0,0,3,slightly_injured
2018,10,Tue,3,52.48170734,13.45585387,morning,9,daylight,0,dry,0,5,3,1,0,0,0,0,0,3,slightly_injured
2018,10,Mon,2,52.48498812,13.38424678,evening,20,dark,2,wet,1,1,5,0,1,0,0,0,0,3,slightly_injured
2018,11,Fri,6,52.54646152,13.35922342,afternoon,15,daylight,0,dry,0,5,3,0,1,0,0,0,0,3,slightly_injured
2018,10,Tue,3,52.43277454,13.52272421,evening,20,dark,2,wet,1,5,2,1,1,0,0,0,0,3,slightly_injured
2018,10,Mon,2,52.49826054,13.42976847,evening,18,dusk,1,wet,1,5,3,0,1,0,0,0,0,3,slightly_injured
2018,10,Tue,3,52.55536438,13.43876961,evening,20,dark,2,wet,1,5,7,1,1,0,0,0,0,3,slightly_injured
2018,11,Fri,6,52.44965889,13.43555078,afternoon,14,daylight,0,dry,0,2,6,0,1,0,0,0,0,3,slightly_injured
2018,10,Mon,2,52.45835538,13.63126261,evening,18,dark,2,wet,1,5,2,0,1,0,0,0,1,2,seriously_injured
2018,11,Fri,6,52.54317146,13.33774942,afternoon,14,daylight,0,dry,0,2,6,0,1,0,0,0,0,3,slightly_injured
2018,10,Tue,3,52.52659521,13.33039954,evening,22,dark,2,wet,1,5,7,0,1,0,1,0,0,3,slightly_injured
2018,11,Fri,6,52.52351469,13.3707087,evening,19,dark,2,dry,0,5,3,0,1,0,0,0,0,3,slightly_injured
2018,10,Mon,2,52.52501823,13.34283261,evening,18,dusk,1,wet,1,3,6,0,1,0,0,1,0,3,slightly_injured
2018,11,Fri,6,52.49263224,13.37102577,morning,9,daylight,0,dry,0,0,2,1,0,0,1,0,0,3,slightly_injured
2018,10,Tue,3,52.4663407,13.52142098,evening,22,dark,2,wet,1,5,3,0,1,0,0,0,0,3,slightly_injured
2018,10,Tue,3,52.62681515,13.29760787,evening,21,dark,2,wet,1,2,6,0,1,0,0,0,0,3,slightly_injured
2018,11,Fri,6,52.52419286,13.30618311,morning,8,daylight,0,dry,0,2,6,0,1,0,1,0,0,3,slightly_injured
2018,11,Fri,6,52.44128345,13.50021542,morning,8,daylight,0,dry,0,5,3,1,1,0,0,0,0,3,slightly_injured
2018,10,Tue,3,52.60688857,13.29137593,evening,20,dark,2,wet,1,8,1,0,1,0,0,0,0,3,slightly_injured
2018,10,Mon,2,52.46110781,13.31768676,evening,18,dusk,1,wet,1,2,6,0,1,0,0,0,0,3,slightly_injured
2018,10,Tue,3,52.56908013,13.49441412,evening,20,dark,2,wet,1,6,2,0,1,1,0,0,0,3,slightly_injured
2018,10,Mon,2,52.54027231,13.37462111,evening,18,dusk,1,wet,1,0,5,0,1,0,1,0,0,3,slightly_injured
2018,11,Fri,6,52.45804086,13.49761025,night,3,dark,2,wet,1,9,1,0,1,0,0,0,0,3,slightly_injured
2018,10,Tue,3,52.44213628,13.38086067,evening,19,dark,2,wet,1,5,7,0,1,0,0,0,0,3,slightly_injured
2018,10,Mon,2,52.56529035,13.44391883,afternoon,17,dusk,1,wet,1,2,6,0,1,0,0,0,0,3,slightly_injured
2018,10,Tue,3,52.39471803,13.41953874,evening,18,dark,2,wet,1,6,2,0,1,1,0,0,0,3,slightly_injured
2018,11,Fri,6,52.42548839,13.48217349,afternoon,13,daylight,0,dry,0,5,3,1,1,0,0,0,0,3,slightly_injured
2018,10,Mon,2,52.54314994,13.35274961,afternoon,17,dusk,1,wet,1,5,7,0,1,0,1,0,0,3,slightly_injured
2018,11,Fri,6,52.49909328,13.32467675,afternoon,12,daylight,0,dry,0,2,6,0,1,0,0,0,0,2,seriously_injured
2018,10,Tue,3,52.57466759,13.3702281,evening,18,dark,2,wet,1,6,4,0,1,1,0,0,0,2,seriously_injured
2018,10,Mon,2,52.57422845,13.38993974,afternoon,16,dark,2,wet,1,2,6,0,1,0,0,0,0,3,slightly_injured
2018,11,Fri,6,52.55760401,13.15676218,morning,11,daylight,0,dry,0,5,7,1,1,0,0,0,0,3,slightly_injured
2018,10,Tue,3,52.47210591,13.31437405,evening,18,dark,2,wet,1,5,2,1,1,0,0,0,0,3,slightly_injured
2018,10,Mon,2,52.55144566,13.42992895,afternoon,14,daylight,0,dry,0,6,4,0,1,1,0,0,0,2,seriously_injured
2018,10,Tue,3,52.47527393,13.29023485,evening,18,dark,2,wet,1,6,2,0,1,1,0,0,0,3,slightly_injured
2018,11,Fri,6,52.4567457,13.32066404,morning,10,daylight,0,dry,0,6,2,0,0,1,0,0,1,3,slightly_injured
2018,10,Tue,3,52.51736022,13.41822694,afternoon,17,dusk,1,wet,1,5,2,1,1,0,0,0,0,3,slightly_injured
2018,10,Mon,2,52.54132075,13.26238949,afternoon,14,daylight,0,dry,0,5,3,1,1,0,0,0,0,2,seriously_injured
2018,11,Fri,6,52.42879278,13.52667006,morning,10,daylight,0,dry,0,5,2,0,1,0,0,0,0,2,seriously_injured
2018,10,Tue,3,52.54958449,13.38627026,afternoon,16,dusk,1,wet,1,6,4,0,1,1,0,0,0,3,slightly_injured
2018,10,Mon,2,52.46920496,13.45398237,afternoon,14,daylight,0,dry,0,5,3,1,1,0,0,0,0,3,slightly_injured
2018,10,Tue,3,52.50822967,13.3989814,afternoon,16,dark,2,wet,1,5,3,0,1,0,0,0,0,3,slightly_injured
2018,11,Fri,6,52.47763168,13.44817269,evening,20,dark,2,dry,0,0,2,0,0,1,0,0,1,3,slightly_injured
2018,10,Tue,3,52.44350846,13.33130105,afternoon,16,daylight,0,wet,1,5,3,0,1,0,1,0,0,3,slightly_injured
2018,10,Mon,2,52.53448869,13.29316961,afternoon,13,daylight,0,dry,0,2,6,0,1,0,1,0,0,2,seriously_injured
2018,11,Fri,6,52.51355261,13.3069201,morning,9,daylight,0,dry,0,2,2,0,1,0,0,0,0,3,slightly_injured
2018,10,Tue,3,52.51535307,13.47087192,afternoon,14,daylight,0,wet,1,2,6,1,0,0,0,0,0,3,slightly_injured
2018,11,Fri,6,52.50681585,13.35843486,morning,9,daylight,0,dry,0,2,6,0,1,0,0,0,0,3,slightly_injured
2018,10,Mon,2,52.54866478,13.42619294,afternoon,13,daylight,0,dry,0,5,3,0,1,0,1,0,0,3,slightly_injured
2018,11,Fri,6,52.50309824,13.42056933,morning,8,daylight,0,dry,0,2,6,1,1,0,0,0,0,3,slightly_injured
2018,10,Tue,3,52.46949272,13.37164975,morning,11,daylight,0,wet,1,0,1,0,0,0,1,0,0,3,slightly_injured
2018,10,Mon,2,52.50948563,13.3717397,afternoon,12,daylight,0,dry,0,2,6,0,1,0,0,0,1,3,slightly_injured
2018,10,Tue,3,52.45304046,13.45511716,afternoon,15,daylight,0,wet,1,2,6,0,1,0,0,0,0,2,seriously_injured
2018,10,Mon,2,52.49162887,13.2943457,morning,9,daylight,0,dry,0,5,3,0,1,0,0,0,0,3,slightly_injured
2018,10,Tue,3,52.55629203,13.36364364,afternoon,15,daylight,0,wet,1,1,5,0,1,0,0,0,1,3,slightly_injured
2018,11,Thu,5,52.4576611,13.33284049,evening,23,dark,2,dry,0,1,1,0,1,0,0,0,1,3,slightly_injured
2018,10,Tue,3,52.41730268,13.39284859,afternoon,14,daylight,0,wet,1,5,3,1,1,0,0,0,0,3,slightly_injured
2018,10,Mon,2,52.4148144,13.55204189,evening,21,dark,2,wet,1,8,1,0,1,0,0,0,0,2,seriously_injured
2018,11,Thu,5,52.50470417,13.46562475,evening,23,dark,2,dry,0,6,7,1,0,1,0,0,0,3,slightly_injured
2018,10,Tue,3,52.50372176,13.55456774,afternoon,14,daylight,0,wet,1,5,3,0,1,0,1,0,0,3,slightly_injured
2018,11,Thu,5,52.51413557,13.45356431,evening,22,dark,2,dry,0,5,3,1,0,0,0,0,1,3,slightly_injured
2018,10,Mon,2,52.51377016,13.45489049,afternoon,17,dusk,1,wet,1,0,1,1,0,0,0,0,0,3,slightly_injured
2018,11,Thu,5,52.50926232,13.3998519,evening,19,dark,2,dry,0,1,5,1,1,0,0,0,0,3,slightly_injured
2018,10,Tue,3,52.47489871,13.27865515,afternoon,14,daylight,0,wet,1,1,3,0,1,0,0,0,0,3,slightly_injured
2018,10,Mon,2,52.50951917,13.45774103,morning,8,daylight,0,dry,0,5,3,0,1,0,1,0,0,3,slightly_injured
2018,10,Mon,2,52.52997833,13.62697185,morning,6,dusk,1,dry,0,5,3,0,1,0,1,0,0,2,seriously_injured
2018,11,Thu,5,52.50079044,13.33682046,evening,19,dark,2,dry,0,5,3,0,1,0,0,0,0,3,slightly_injured
2018,10,Mon,2,52.42501178,13.62391589,night,2,dark,2,wet,1,7,7,0,1,0,0,0,0,2,seriously_injured
2018,11,Thu,5,52.50853889,13.37705357,evening,18,dark,2,dry,0,5,3,0,1,0,1,0,0,2,seriously_injured
2018,10,Tue,3,52.54626238,13.51947479,afternoon,13,daylight,0,wet,1,5,3,0,0,0,0,0,1,3,slightly_injured
2018,10,Sun,1,52.46168415,13.43479581,evening,19,dusk,1,wet,1,5,7,0,1,0,1,0,0,3,slightly_injured
2018,10,Sun,1,52.5414767,13.35741127,afternoon,17,dusk,1,dry,0,1,5,1,1,0,0,0,0,3,slightly_injured
2018,10,Tue,3,52.40858137,13.37662336,afternoon,13,daylight,0,wet,1,8,1,0,1,0,0,0,0,3,slightly_injured
2018,10,Sun,1,52.43242774,13.19283665,afternoon,17,dusk,1,wet,1,6,4,0,0,1,0,0,1,2,seriously_injured
2018,11,Thu,5,52.5009436,13.31503808,evening,18,dark,2,dry,0,0,3,0,1,0,0,0,1,3,slightly_injured
2018,10,Tue,3,52.47222494,13.42875549,afternoon,13,daylight,0,wet,1,1,5,0,1,0,0,0,0,3,slightly_injured
2018,10,Sun,1,52.48390813,13.44286042,afternoon,17,dusk,1,dry,0,5,3,0,1,0,1,0,0,3,slightly_injured
2018,10,Tue,3,52.51936799,13.42887431,afternoon,13,daylight,0,wet,1,3,1,1,1,0,0,0,0,2,seriously_injured
2018,11,Thu,5,52.45820415,13.32478471,afternoon,17,dark,2,dry,0,2,2,0,1,1,0,0,0,3,slightly_injured
2018,10,Sun,1,52.5133472,13.37892311,afternoon,14,daylight,0,dry,0,1,5,1,0,0,0,0,1,3,slightly_injured
2018,11,Thu,5,52.53170185,13.46980549,afternoon,17,dark,2,dry,0,5,3,1,0,0,0,0,1,2,seriously_injured
2018,10,Tue,3,52.52898018,13.56565068,afternoon,13,daylight,0,wet,1,0,2,1,1,0,0,0,0,2,seriously_injured
2018,11,Thu,5,52.51078053,13.30174772,afternoon,16,dusk,1,dry,0,2,6,0,1,0,0,0,0,3,slightly_injured
2018,10,Sun,1,52.41136427,13.48216158,afternoon,12,daylight,0,dry,0,3,6,1,1,0,0,0,0,2,seriously_injured
2018,11,Thu,5,52.56735104,13.47381849,afternoon,16,dusk,1,dry,0,5,3,0,1,0,0,0,0,3,slightly_injured