ujahr,umonat,weekday,uwochentag,long,lat,time_of_day,ustunde,light_condition,ulichtverh,street_condition,ustrzustand,uart,utyp1,ist_rad,ist_pkw,ist_fuss,ist_krad,ist_gkfz,ist_sonstige,ukategorie,accident_outcome
2018,10,Tue,3,52.42188477,13.48808824,afternoon,13,daylight,0,wet,1,0,6,0,1,0,1,0,0,2,seriously_injured
2018,10,Sun,1,52.52346608,13.35978724,evening,21,dark,2,wet,1,5,3,0,1,0,0,0,0,2,seriously_injured
2018,10,Sun,1,52.50043874,13.31303724,evening,21,dark,2,wet,1,6,2,0,1,1,0,0,0,2,seriously_injured
2018,10,Tue,3,52.60730895,13.29168446,afternoon,12,daylight,0,wet,1,4,6,0,1,0,0,0,1,3,slightly_injured
2018,10,Sun,1,52.55177053,13.43049892,evening,18,dusk,1,dry,0,2,2,0,1,0,0,0,0,3,slightly_injured
2018,11,Thu,5,52.45431211,13.37676938,morning,8,daylight,0,dry,0,5,3,0,1,0,0,0,0,3,slightly_injured
2018,10,Tue,3,52.56224375,13.33131001,afternoon,12,daylight,0,wet,1,3,6,0,1,0,0,0,0,3,slightly_injured
2018,10,Sun,1,52.52868468,13.39443096,afternoon,16,daylight,0,dry,0,0,1,1,0,0,0,0,0,3,slightly_injured
2018,10,Tue,3,52.55133595,13.40209399,morning,11,daylight,0,wet,1,0,7,0,1,0,0,0,0,2,seriously_injured
2018,11,Thu,5,52.52820779,13.38599367,afternoon,16,daylight,0,dry,0,0,1,1,0,0,0,0,0,3,slightly_injured
2018,10,Tue,3,52.51905317,13.38025841,morning,11,daylight,0,wet,1,1,5,1,1,0,0,0,0,3,slightly_injured
2018,10,Sun,1,52.42599254,13.37536853,morning,11,daylight,0,dry,0,8,1,0,1,0,0,0,0,3,slightly_injured
2018,11,Thu,5,52.42744538,13.54829032,afternoon,16,daylight,0,dry,0,2,6,0,1,0,0,0,0,3,slightly_injured
2018,10,Tue,3,52.48654879,13.31540306,morning,10,daylight,0,wet,1,2,2,1,1,0,0,0,0,3,slightly_injured
2018,10,Sun,1,52.60506693,13.35457871,morning,10,daylight,0,dry,0,7,7,0,0,0,0,0,1,3,slightly_injured
2018,10,Tue,3,52.43061829,13.3150705,morning,9,daylight,0,wet,1,2,6,0,1,0,0,0,0,3,slightly_injured
2018,11,Thu,5,52.5626826,13.4097868,afternoon,15,daylight,0,dry,0,5,7,0,1,0,1,0,0,2,seriously_injured
2018,10,Sun,1,52.50730349,13.42831564,morning,10,daylight,0,dry,0,5,3,1,1,0,0,0,0,3,slightly_injured
2018,11,Thu,5,52.49601906,13.3467261,afternoon,15,daylight,0,dry,0,1,5,0,1,0,0,0,0,3,slightly_injured
2018,10,Tue,3,52.48553797,13.29638681,morning,9,daylight,0,wet,1,5,3,0,0,0,1,0,0,3,slightly_injured
2018,11,Thu,5,52.47834518,13.43263433,afternoon,14,daylight,0,dry,0,5,2,1,0,0,0,0,1,3,slightly_injured
2018,10,Sun,1,52.50456512,13.39940741,night,1,dark,2,dry,0,5,3,0,1,0,0,0,0,3,slightly_injured
2018,11,Thu,5,52.41449283,13.4012427,afternoon,13,daylight,0,dry,0,5,2,0,1,0,0,0,0,3,slightly_injured
2018,10,Tue,3,52.53332399,13.47947347,morning,8,daylight,0,dry,0,2,6,0,1,0,0,0,0,3,slightly_injured
2018,10,Sun,1,52.49136787,13.42903573,night,0,dark,2,dry,0,6,4,0,1,1,0,0,0,3,slightly_injured
2018,10,Tue,3,52.51663587,13.58951086,morning,7,dusk,1,wet,1,5,3,1,1,0,0,0,0,3,slightly_injured
2018,11,Thu,5,52.51442945,13.61135944,morning,9,daylight,0,dry,0,1,5,0,1,0,0,0,1,3,slightly_injured
2018,11,Sat,7,52.51358777,13.31925594,afternoon,17,dark,2,dry,0,6,4,0,0,1,1,0,0,3,slightly_injured
2018,11,Tue,3,52.49061162,13.33102497,evening,19,dark,2,wet,1,2,6,0,1,0,0,0,0,3,slightly_injured
2018,11,Sat,7,52.44179053,13.45543959,afternoon,16,dusk,1,dry,0,5,7,0,1,0,1,0,0,3,slightly_injured
2018,11,Tue,3,52.43460241,13.32050206,afternoon,15,daylight,0,wet,1,2,5,0,1,0,0,0,1,3,slightly_injured
2018,11,Sat,7,52.40326492,13.54269149,afternoon,15,daylight,0,dry,0,6,4,0,1,1,0,0,0,3,slightly_injured
2018,11,Mon,2,52.54859094,13.44018853,morning,9,daylight,0,dry,0,5,3,0,0,0,1,0,1,3,slightly_injured
2018,11,Sat,7,52.48417195,13.45614852,afternoon,15,daylight,0,dry,0,5,2,0,1,0,1,0,0,3,slightly_injured
2018,11,Mon,2,52.53808504,13.23023161,night,5,dark,2,wet,1,2,6,0,1,0,0,0,0,3,slightly_injured
2018,11,Sat,7,52.50641277,13.35237449,afternoon,14,daylight,0,dry,0,0,1,1,0,0,0,0,0,3,slightly_injured
2018,11,Tue,3,52.55001319,13.19114884,afternoon,16,dusk,1,wet,1,5,3,1,1,0,0,0,0,3,slightly_injured
2018,11,Sat,7,52.588276,13.43018287,afternoon,13,daylight,0,dry,0,2,6,0,1,0,1,0,0,3,slightly_injured
2018,11,Tue,3,52.41433227,13.34991478,morning,8,daylight,0,wet,1,2,6,0,1,0,0,0,0,3,slightly_injured
2018,11,Sat,7,52.58313326,13.42859673,afternoon,13,daylight,0,dry,0,5,3,1,1,0,0,0,0,3,slightly_injured
2018,11,Sat,7,52.59473788,13.28514934,afternoon,12,daylight,0,dry,0,2,6,0,1,0,0,0,0,3,slightly_injured
2018,11,Tue,3,52.56080015,13.56970896,afternoon,14,daylight,0,wet,1,2,6,0,1,0,1,0,0,3,slightly_injured
2018,11,Sat,7,52.55956635,13.33877808,afternoon,12,daylight,0,dry,0,5,3,0,1,0,0,0,0,3,slightly_injured
2018,11,Sun,1,52.55220038,13.19963824,afternoon,17,dusk,1,wet,1,0,1,0,0,0,1,0,0,2,seriously_injured
2018,11,Sun,1,52.50447082,13.42154399,afternoon,17,dark,2,wet,1,0,5,0,1,0,1,0,0,2,seriously_injured
2018,11,Sat,7,52.55221515,13.24919216,morning,11,daylight,0,dry,0,5,3,1,1,0,0,0,0,3,slightly_injured
2018,11,Sun,1,52.49604309,13.34159378,evening,20,dark,2,dry,0,0,7,1,0,0,0,0,0,3,slightly_injured
2018,11,Sat,7,52.56662401,13.36287547,morning,7,daylight,0,dry,0,5,3,0,1,0,0,0,0,3,slightly_injured
2018,11,Sat,7,52.56505657,13.41296405,morning,10,daylight,0,dry,0,5,3,1,1,0,0,0,0,3,slightly_injured
2018,11,Tue,3,52.47378016,13.4562225,afternoon,12,daylight,0,wet,1,2,6,0,1,0,0,0,0,2,seriously_injured
2018,11,Sat,7,52.46951518,13.46302905,morning,11,daylight,0,dry,0,0,3,1,1,0,0,0,0,3,slightly_injured
2018,11,Sat,7,52.39003072,13.57102605,morning,11,daylight,0,wet,1,5,2,0,1,0,0,0,1,3,slightly_injured
2018,11,Tue,3,52.51874056,13.43308399,morning,8,daylight,0,wet,1,5,2,1,1,0,0,0,0,3,slightly_injured
2018,11,Sat,7,52.51358413,13.35044062,morning,11,daylight,0,dry,0,2,6,0,1,0,0,0,0,3,slightly_injured
2018,11,Sat,7,52.50426523,13.39286854,evening,21,dark,2,dry,0,5,3,0,1,0,0,0,0,3,slightly_injured
2018,11,Fri,6,52.45399609,13.25383667,evening,18,dark,2,dry,0,2,7,0,1,0,1,0,0,3,slightly_injured
2018,11,Fri,6,52.61268261,13.4946544,morning,7,daylight,0,dry,0,5,3,0,1,0,0,0,0,3,slightly_injured
2018,11,Fri,6,52.50206098,13.3532769,morning,7,daylight,0,wet,1,0,2,1,0,0,0,0,1,3,slightly_injured
2018,11,Fri,6,52.50654818,13.30232116,afternoon,13,daylight,0,dry,0,1,5,1,1,0,0,0,0,3,slightly_injured
2018,11,Tue,3,52.4923089,13.39088639,morning,9,daylight,0,wet,1,5,3,1,1,0,0,0,0,3,slightly_injured
2018,11,Fri,6,52.52651324,13.33882251,evening,21,dark,2,dry,0,3,6,0,1,0,1,0,0,3,slightly_injured
2018,11,Fri,6,52.45577233,13.57716479,evening,19,dark,2,dry,0,4,2,1,1,0,0,0,0,3,slightly_injured
2018,11,Mon,2,52.49737079,13.29180274,night,0,dark,2,wet,1,2,6,0,1,0,0,0,0,3,slightly_injured
2018,11,Fri,6,52.49298276,13.38798819,morning,8,daylight,0,wet,1,0,2,1,0,0,0,0,1,3,slightly_injured
2018,11,Fri,6,52.43201339,13.43502695,evening,18,dark,2,dry,0,1,5,0,1,0,0,0,0,2,seriously_injured
2018,11,Fri,6,52.47417966,13.29474218,morning,9,daylight,0,wet,1,6,4,0,1,1,0,0,0,3,slightly_injured
2018,11,Tue,3,52.5138855,13.38939424,morning,7,dark,2,wet,1,6,4,0,1,1,0,0,0,3,slightly_injured
2018,11,Fri,6,52.51807706,13.43294615,morning,9,daylight,0,wet,1,0,1,1,0,0,0,0,0,3,slightly_injured
2018,11,Fri,6,52.50965942,13.39195725,afternoon,15,daylight,0,dry,0,5,3,0,1,0,0,0,0,3,slightly_injured
2018,11,Tue,3,52.41792117,13.36016299,morning,7,daylight,0,wet,1,5,3,0,1,0,1,0,0,3,slightly_injured
2018,11,Fri,6,52.48392089,13.33149817,morning,9,daylight,0,wet,1,5,3,1,1,0,0,0,0,3,slightly_injured
2018,11,Fri,6,52.39725635,13.39236469,afternoon,15,daylight,0,dry,0,8,1,0,1,0,0,0,0,3,slightly_injured
2018,11,Mon,2,52.55160166,13.44113812,evening,18,dark,2,dry,0,6,4,0,1,1,0,0,0,2,seriously_injured
2018,11,Fri,6,52.41225392,13.29922643,morning,8,daylight,0,wet,1,2,6,0,1,0,0,1,0,3,slightly_injured
2018,11,Mon,2,52.53480902,13.39737248,afternoon,15,daylight,0,dry,0,0,5,1,1,0,0,0,0,3,slightly_injured
2018,11,Sun,1,52.53390403,13.48936012,afternoon,17,dusk,1,wet,1,3,6,0,1,0,0,1,0,2,seriously_injured
2018,11,Fri,6,52.4303959,13.45590669,afternoon,15,daylight,0,dry,0,6,7,0,1,1,0,0,0,3,slightly_injured
2018,11,Tue,3,52.41458565,13.34790492,evening,18,dark,2,wet,1,5,3,1,1,0,0,0,0,3,slightly_injured
2018,11,Fri,6,52.51430904,13.26701133,morning,8,daylight,0,wet,1,5,3,0,1,0,0,0,0,3,slightly_injured
2018,11,Tue,3,52.52638004,13.29721767,afternoon,14,daylight,0,wet,1,2,6,0,1,0,0,0,0,3,slightly_injured
2018,11,Fri,6,52.50509667,13.50029568,afternoon,15,daylight,0,dry,0,5,3,0,1,0,0,0,0,3,slightly_injured
2018,11,Sun,1,52.50674037,13.50305907,afternoon,17,dusk,1,wet,1,5,3,0,1,0,0,0,0,3,slightly_injured
2018,11,Sun,1,52.47053642,13.4352312,afternoon,17,dusk,1,wet,1,5,3,0,1,0,0,0,0,3,slightly_injured
2018,11,Fri,6,52.44272079,13.24016759,morning,8,daylight,0,wet,1,5,2,0,1,0,0,0,0,3,slightly_injured
2018,11,Mon,2,52.47192781,13.37790483,afternoon,13,daylight,0,dry,0,3,6,0,1,0,0,0,0,3,slightly_injured
2018,11,Fri,6,52.54979651,13.45060233,morning,8,daylight,0,wet,1,1,5,1,1,0,0,0,0,3,slightly_injured
2018,11,Mon,2,52.48205662,13.28115415,morning,11,daylight,0,wet,1,5,2,0,1,0,1,0,0,2,seriously_injured
2018,11,Sun,1,52.48935594,13.38712547,evening,18,dark,2,wet,1,6,4,0,1,1,0,0,0,2,seriously_injured
2018,11,Fri,6,52.50442936,13.49160502,afternoon,14,daylight,0,dry,0,5,3,0,1,0,0,0,0,3,slightly_injured
2018,11,Mon,2,52.42517588,13.57469449,morning,7,daylight,0,wet,1,0,1,1,0,0,0,0,0,2,seriously_injured
2018,11,Fri,6,52.49832494,13.40630645,afternoon,14,daylight,0,dry,0,6,4,0,1,1,0,0,0,3,slightly_injured
2018,11,Tue,3,52.5624749,13.32650187,afternoon,14,daylight,0,wet,1,8,1,0,1,0,0,0,0,3,slightly_injured
2018,11,Fri,6,52.47154023,13.33556257,morning,8,daylight,0,wet,1,6,2,0,1,1,0,0,0,3,slightly_injured
2018,11,Tue,3,52.58154305,13.42878288,afternoon,13,daylight,0,wet,1,2,6,0,1,0,0,0,0,3,slightly_injured
2018,11,Fri,6,52.48177013,13.44023928,afternoon,14,daylight,0,dry,0,6,4,0,1,1,0,0,0,3,slightly_injured
2018,11,Sun,1,52.54573649,13.35820711,afternoon,17,dark,2,wet,1,1,5,0,1,0,1,0,0,2,seriously_injured
2018,11,Fri,6,52.49680739,13.50715431,morning,6,daylight,0,wet,1,2,6,0,1,0,0,1,0,3,slightly_injured
2018,11,Sun,1,52.54789843,13.30191596,evening,21,dark,2,wet,1,2,6,0,1,0,1,0,0,3,slightly_injured
2018,11,Fri,6,52.51222286,13.39162663,night,5,dark,2,wet,1,5,3,0,1,0,0,0,1,3,slightly_injured
2018,11,Fri,6,52.50130682,13.27534509,afternoon,13,daylight,0,dry,0,5,7,0,1,0,0,0,0,3,slightly_injured
2018,11,Tue,3,52.55886662,13.15635218,afternoon,12,daylight,0,wet,1,5,7,0,1,0,0,0,0,2,seriously_injured
2018,11,Fri,6,52.51191599,13.33266071,morning,7,dusk,1,wet,1,1,5,1,1,0,0,0,0,3,slightly_injured
2018,11,Fri,6,52.50063657,13.30655949,afternoon,13,daylight,0,dry,0,2,6,1,1,0,0,0,0,3,slightly_injured
2018,11,Tue,3,52.45801457,13.43629738,afternoon,14,daylight,0,wet,1,0,4,1,0,1,0,0,0,3,slightly_injured
2018,11,Fri,6,52.50149763,13.31825106,night,1,dark,2,dry,0,0,1,1,0,0,0,0,0,3,slightly_injured
2018,11,Fri,6,52.52800394,13.19505373,afternoon,12,daylight,0,dry,0,4,6,1,0,0,0,0,0,3,slightly_injured
2018,11,Tue,3,52.57346246,13.44430682,afternoon,12,daylight,0,wet,1,0,7,0,1,0,0,0,0,3,slightly_injured
2018,11,Fri,6,52.55357551,13.35838713,night,5,dusk,1,wet,1,2,6,0,1,0,1,0,0,3,slightly_injured
2018,11,Tue,3,52.53281904,13.19816835,morning,8,daylight,0,wet,1,6,2,0,1,1,0,0,0,2,seriously_injured
2018,11,Fri,6,52.48864351,13.30798096,afternoon,12,daylight,0,wet,1,5,2,0,1,0,0,0,1,3,slightly_injured
2018,11,Fri,6,52.47690464,13.28094576,afternoon,12,daylight,0,wet,1,5,2,0,1,0,0,0,0,3,slightly_injured
2018,11,Fri,6,52.46948054,13.43259878,morning,11,daylight,0,dry,0,5,3,0,1,0,0,0,0,3,slightly_injured
2018,11,Fri,6,52.42648641,13.52665602,morning,11,daylight,0,dry,0,5,2,0,1,0,0,0,0,3,slightly_injured
2018,11,Tue,3,52.44247556,13.24063565,morning,7,daylight,0,wet,1,6,4,0,1,1,0,0,0,3,slightly_injured
2018,11,Fri,6,52.5233833,13.46560113,morning,10,daylight,0,dry,0,5,3,0,1,0,0,0,0,3,slightly_injured
2018,11,Fri,6,52.49237099,13.37890364,afternoon,13,daylight,0,dry,0,0,7,0,1,0,0,0,0,3,slightly_injured
2018,11,Sun,1,52.48021285,13.42112016,afternoon,15,daylight,0,wet,1,0,1,0,1,0,0,0,0,3,slightly_injured
2018,11,Sun,1,52.49988158,13.3540476,evening,19,dark,2,wet,1,8,1,0,1,0,0,0,0,3,slightly_injured
2018,11,Mon,2,52.5381124,13.24774907,evening,19,dusk,1,dry,0,5,2,0,1,0,0,0,0,3,slightly_injured
2018,11,Fri,6,52.55126509,13.38344206,evening,18,dark,2,dry,0,2,6,0,1,0,0,0,0,3,slightly_injured
2018,11,Mon,2,52.53800195,13.18512849,afternoon,16,dusk,1,dry,0,5,2,1,1,0,0,0,0,3,slightly_injured
2018,11,Fri,6,52.55090391,13.38435207,afternoon,17,dark,2,dry,0,3,6,1,1,0,0,0,0,3,slightly_injured
2018,11,Fri,6,52.53060901,13.51927801,afternoon,17,dark,2,dry,0,2,6,0,1,0,0,0,0,3,slightly_injured
2018,11,Tue,3,52.49904981,13.36774683,afternoon,17,dark,2,dry,0,3,6,1,0,0,0,0,1,3,slightly_injured
2018,11,Tue,3,52.52334275,13.43289037,morning,7,daylight,0,wet,1,5,2,0,1,0,1,0,0,3,slightly_injured
2018,11,Fri,6,52.46468323,13.43288637,morning,8,daylight,0,dry,0,0,2,1,1,0,0,0,0,3,slightly_injured
2018,11,Thu,5,52.46972893,13.34386295,evening,18,dark,2,dry,0,1,5,1,1,0,0,0,0,3,slightly_injured
2018,11,Sun,1,52.55664268,13.36354034,afternoon,15,daylight,0,wet,1,1,1,0,1,0,1,0,0,3,slightly_injured
2018,11,Mon,2,52.4643032,13.39978677,afternoon,12,daylight,0,dry,0,5,3,0,1,0,0,0,1,3,slightly_injured
2018,11,Thu,5,52.56286157,13.51235545,evening,22,dark,2,dry,0,5,3,0,1,0,0,0,1,3,slightly_injured
2018,11,Mon,2,52.45711815,13.32081386,afternoon,14,daylight,0,dry,0,2,6,0,1,0,0,0,0,3,slightly_injured
2018,11,Sun,1,52.56269335,13.3645519,afternoon,17,dark,2,wet,1,5,2,0,1,0,0,0,0,3,slightly_injured
2018,11,Thu,5,52.47804331,13.42595981,evening,21,dark,2,dry,0,1,5,1,1,0,0,0,0,3,slightly_injured
2018,11,Tue,3,52.43368438,13.34613981,afternoon,17,dark,2,wet,1,6,4,0,1,1,0,0,0,2,seriously_injured
2018,11,Thu,5,52.54800297,13.29730311,evening,19,dark,2,dry,0,2,6,0,1,0,1,0,0,3,slightly_injured
2018,11,Sun,1,52.54941137,13.38647336,afternoon,13,daylight,0,wet,1,5,3,0,1,0,0,0,0,3,slightly_injured
2018,11,Tue,3,52.45316205,13.39159581,afternoon,14,daylight,0,wet,1,5,3,0,1,0,0,0,0,3,slightly_injured
2018,11,Thu,5,52.47400391,13.45556823,evening,19,dark,2,dry,0,6,4,0,1,1,0,0,0,2,seriously_injured
2018,11,Thu,5,52.48652914,13.44651429,evening,19,dark,2,dry,0,0,1,1,0,0,0,0,0,3,slightly_injured
2018,11,Tue,3,52.4850313,13.38595072,afternoon,15,daylight,0,wet,1,5,2,0,1,0,0,0,0,3,slightly_injured
2018,11,Thu,5,52.5046851,13.3966038,afternoon,14,daylight,0,dry,0,3,6,0,1,0,1,0,0,3,slightly_injured
2018,11,Sun,1,52.51300161,13.46393566,afternoon,13,daylight,0,wet,1,5,2,1,1,0,0,0,0,3,slightly_injured
2018,11,Mon,2,52.51080874,13.29157335,morning,10,daylight,0,dry,0,5,7,1,1,0,0,0,0,3,slightly_injured
2018,11,Thu,5,52.42394014,13.50361909,afternoon,13,daylight,0,dry,0,6,4,1,0,1,0,0,0,2,seriously_injured
2018,11,Mon,2,52.41778879,13.30516582,morning,6,dusk,1,wet,1,5,2,0,1,0,0,0,0,3,slightly_injured
2018,11,Thu,5,52.40191468,13.52174343,afternoon,12,daylight,0,dry,0,6,4,0,0,1,1,0,0,2,seriously_injured
2018,11,Tue,3,52.52231993,13.33158015,afternoon,16,dusk,1,wet,1,5,3,0,1,0,0,0,0,3,slightly_injured
2018,11,Thu,5,52.51012782,13.40070995,evening,19,dusk,1,dry,0,3,6,0,1,0,1,0,0,2,seriously_injured
2018,11,Sun,1,52.59421399,13.28304416,afternoon,13,daylight,0,wet,1,5,3,0,1,0,0,0,0,3,slightly_injured
2018,11,Tue,3,52.49261308,13.37967781,morning,9,daylight,0,wet,1,5,2,1,1,0,0,0,0,3,slightly_injured
2018,11,Thu,5,52.49032305,13.34498375,evening,19,dark,2,dry,0,5,7,1,1,0,0,0,0,3,slightly_injured
2018,11,Sun,1,52.47843858,13.27540525,morning,11,daylight,0,wet,1,5,3,0,1,0,0,0,0,3,slightly_injured
2018,11,Thu,5,52.49432311,13.30921262,morning,10,daylight,0,dry,0,6,4,1,0,1,0,0,0,3,slightly_injured
2018,11,Thu,5,52.52103807,13.45910504,evening,18,dark,2,dry,0,1,5,1,1,0,0,0,0,3,slightly_injured
2018,11,Sun,1,52.57932189,13.42073704,evening,19,dark,2,dry,0,0,6,0,1,0,1,0,0,3,slightly_injured
2018,11,Thu,5,52.55229646,13.41069151,morning,10,daylight,0,dry,0,5,3,1,1,0,0,0,0,3,slightly_injured
2018,11,Thu,5,52.51990194,13.46224499,evening,18,dark,2,dry,0,2,6,0,1,0,0,0,0,3,slightly_injured
2018,11,Tue,3,52.48905968,13.34563535,afternoon,12,daylight,0,wet,1,2,6,0,1,0,0,0,0,3,slightly_injured
2018,11,Thu,5,52.46036009,13.15464829,morning,9,daylight,0,dry,0,5,2,1,1,0,0,0,0,3,slightly_injured
2018,11,Thu,5,52.53861814,13.23403765,morning,8,daylight,0,dry,0,3,6,0,1,0,1,0,1,3,slightly_injured
2018,11,Sun,1,52.53452548,13.19981718,morning,9,daylight,0,wet,1,6,2,0,1,1,0,0,0,2,seriously_injured
2018,11,Tue,3,52.54654537,13.34356239,morning,8,daylight,0,wet,1,2,6,0,1,0,1,0,0,3,slightly_injured
2018,11,Thu,5,52.52823248,13.34319874,morning,8,daylight,0,dry,0,0,2,1,1,0,0,0,0,3,slightly_injured
2018,11,Thu,5,52.55597467,13.3811264,evening,18,dark,2,dry,0,2,6,0,1,0,0,0,0,3,slightly_injured
2018,11,Thu,5,52.51129719,13.17088965,morning,8,daylight,0,dry,0,2,6,0,1,0,0,0,1,3,slightly_injured
2018,11,Thu,5,52.48045571,13.31276683,morning,7,daylight,0,wet,1,5,2,0,1,0,0,0,0,2,seriously_injured
2018,11,Tue,3,52.61450197,13.2453983,morning,7,daylight,0,wet,1,2,6,0,1,0,0,0,0,3,slightly_injured
2018,11,Thu,5,52.39257296,13.41869538,morning,7,daylight,0,dry,0,6,4,0,1,1,0,0,0,3,slightly_injured
2018,11,Thu,5,52.53982643,13.18318068,afternoon,17,dark,2,dry,0,5,2,1,1,0,0,0,0,3,slightly_injured
2018,11,Thu,5,52.48102187,13.42662893,morning,7,daylight,0,dry,0,1,5,1,1,0,0,0,0,2,seriously_injured
2018,11,Thu,5,52.53364472,13.19451223,morning,7,dusk,1,dry,0,5,3,1,1,0,0,0,0,3,slightly_injured
2018,11,Tue,3,52.5288291,13.45773255,morning,10,daylight,0,wet,1,5,3,0,1,0,0,1,0,3,slightly_injured
2018,11,Thu,5,52.44447357,13.57339211,morning,6,dark,2,dry,0,2,6,0,1,0,0,0,0,3,slightly_injured
2018,11,Thu,5,52.45837599,13.33926196,afternoon,17,dark,2,dry,0,5,3,0,1,0,0,0,0,3,slightly_injured
2018,11,Sun,1,52.43379923,13.54353293,morning,9,daylight,0,wet,1,5,3,1,0,0,0,0,1,3,slightly_injured
2018,11,Mon,2,52.49371762,13.43655342,morning,8,dusk,1,dry,0,6,4,0,1,1,0,0,0,3,slightly_injured
2018,11,Thu,5,52.5558761,13.47864204,afternoon,16,dark,2,dry,0,5,2,1,1,0,0,0,0,3,slightly_injured
2018,11,Thu,5,52.50701016,13.28084674,afternoon,15,dusk,1,dry,0,2,6,0,0,0,1,0,1,3,slightly_injured
2018,11,Thu,5,52.48267105,13.5599853,afternoon,16,dark,2,dry,0,5,2,1,1,0,0,0,0,3,slightly_injured
2018,11,Tue,3,52.43885204,13.55088721,morning,7,dusk,1,wet,1,5,3,1,1,0,0,0,0,3,slightly_injured
2018,11,Thu,5,52.50675432,13.30007818,morning,10,daylight,0,dry,0,0,1,0,0,0,1,0,0,3,slightly_injured
2018,11,Sun,1,52.50636396,13.2554936,morning,9,daylight,0,wet,1,6,7,1,0,1,0,0,0,3,slightly_injured
2018,11,Mon,2,52.50380239,13.33090847,afternoon,17,dark,2,dry,0,6,4,0,1,1,0,0,0,2,seriously_injured
2018,11,Thu,5,52.45201825,13.2505327,afternoon,16,dark,2,wet,1,5,2,0,1,0,1,0,0,2,seriously_injured
2018,11,Mon,2,52.43379867,13.25987301,afternoon,14,dusk,1,dry,0,6,4,1,0,1,0,0,0,2,seriously_injured
2018,11,Sun,1,52.50164096,13.44550303,night,2,dark,2,dry,0,5,7,0,1,0,0,0,0,3,slightly_injured
2018,11,Mon,2,52.5192831,13.29975289,afternoon,13,daylight,0,wet,1,6,4,1,0,1,0,0,0,3,slightly_injured
2018,11,Thu,5,52.50200507,13.44597147,afternoon,16,dark,2,dry,0,3,7,1,1,0,0,0,0,3,slightly_injured
2018,11,Mon,2,52.52661174,13.48531752,morning,8,daylight,0,wet,1,5,2,1,0,0,0,1,0,3,slightly_injured
2018,11,Thu,5,52.51035661,13.60257019,afternoon,16,dusk,1,dry,0,0,3,0,0,0,0,0,1,3,slightly_injured
2018,11,Tue,3,52.49510969,13.30147044,evening,19,dark,2,wet,1,0,2,1,1,0,0,0,0,3,slightly_injured
2018,11,Thu,5,52.60735938,13.32144069,afternoon,15,daylight,0,dry,0,2,6,0,1,0,0,0,1,3,slightly_injured
2018,11,Sun,1,52.51868928,13.28377585,afternoon,15,daylight,0,wet,1,2,6,0,1,0,0,0,0,3,slightly_injured
2018,11,Tue,3,52.57789896,13.33292084,morning,6,dusk,1,wet,1,0,1,0,0,0,1,0,0,3,slightly_injured
2018,11,Thu,5,52.5597589,13.36999033,afternoon,15,daylight,0,dry,0,2,2,0,1,0,0,0,0,3,slightly_injured
2018,11,Sun,1,52.43623547,13.37987852,afternoon,12,daylight,0,wet,1,0,7,0,0,0,1,0,0,3,slightly_injured
2018,11,Sun,1,52.52039873,13.49722334,evening,18,dark,2,wet,1,1,5,0,1,0,1,0,0,2,seriously_injured
2018,11,Thu,5,52.52534165,13.49971457,afternoon,14,daylight,0,dry,0,2,6,0,0,0,0,0,1,3,slightly_injured
2018,11,Mon,2,52.38282546,13.41281487,night,5,dark,2,wet,1,2,6,0,1,0,0,0,0,3,slightly_injured
2018,11,Thu,5,52.58392165,13.41711983,evening,18,dark,2,dry,0,5,2,0,1,0,0,0,0,3,slightly_injured
2018,11,Tue,3,52.49102044,13.42125258,afternoon,13,daylight,0,wet,1,2,7,0,1,0,1,0,0,3,slightly_injured
2018,11,Thu,5,52.50181699,13.41967733,night,1,dark,2,dry,0,6,4,1,0,1,0,0,0,3,slightly_injured
2018,11,Sun,1,52.50088104,13.44464769,morning,10,daylight,0,wet,1,9,1,0,1,0,0,0,0,3,slightly_injured
2018,11,Thu,5,52.53381339,13.19364178,afternoon,17,dark,2,dry,0,2,6,0,1,0,0,0,0,3,slightly_injured
2018,11,Tue,3,52.51871832,13.28668027,afternoon,16,dark,2,wet,1,6,2,0,1,1,0,0,0,3,slightly_injured
2018,11,Wed,4,52.45337292,13.33067287,evening,18,dark,2,dry,0,0,6,0,1,0,0,0,1,3,slightly_injured
2018,11,Sun,1,52.50199585,13.47538806,afternoon,13,daylight,0,wet,1,0,1,1,0,0,0,0,0,2,seriously_injured
2018,11,Tue,3,52.55713266,13.3657224,afternoon,13,daylight,0,wet,1,5,2,1,1,0,0,0,0,3,slightly_injured
2018,11,Wed,4,52.4983739,13.43491157,evening,22,dark,2,dry,0,0,7,1,0,0,0,0,0,3,slightly_injured
2018,11,Sun,1,52.4666964,13.33855428,evening,22,dark,2,dry,0,5,2,1,1,0,0,0,0,3,slightly_injured
2018,11,Wed,4,52.54865576,13.50837118,evening,21,dark,2,dry,0,0,1,1,0,0,0,0,0,2,seriously_injured