ujahr,umonat,weekday,uwochentag,long,lat,time_of_day,ustunde,light_condition,ulichtverh,street_condition,ustrzustand,uart,utyp1,ist_rad,ist_pkw,ist_fuss,ist_krad,ist_gkfz,ist_sonstige,ukategorie,accident_outcome
2018,11,Sun,1,52.52017707,13.16219121,afternoon,14,daylight,0,wet,1,2,6,0,1,0,0,0,1,3,slightly_injured
2018,11,Sun,1,52.51048783,13.5325267,evening,20,dark,2,wet,1,5,3,0,1,0,0,0,0,3,slightly_injured
2018,11,Wed,4,52.48684358,13.42836076,evening,21,dark,2,dry,0,1,5,1,1,0,0,0,0,3,slightly_injured
2018,11,Wed,4,52.45863204,13.30377583,evening,20,dusk,1,dry,0,5,3,0,1,0,0,0,0,3,slightly_injured
2018,11,Tue,3,52.48452541,13.35948428,afternoon,12,daylight,0,wet,1,0,1,1,0,0,0,0,0,2,seriously_injured
2018,11,Wed,4,52.43271464,13.27688558,evening,20,dark,2,dry,0,5,3,0,1,0,0,0,0,2,seriously_injured
2018,11,Wed,4,52.44435639,13.29502321,evening,18,dark,2,dry,0,6,4,1,0,1,0,0,0,3,slightly_injured
2018,11,Sat,7,52.45539458,13.58434709,evening,19,dark,2,dry,0,6,4,0,1,1,0,0,0,2,seriously_injured
2018,11,Tue,3,52.41279268,13.39265798,afternoon,17,dark,2,wet,1,6,2,0,1,1,0,0,0,3,slightly_injured
2018,11,Wed,4,52.5211355,13.20330424,afternoon,17,dark,2,dry,0,6,2,0,1,1,0,0,0,3,slightly_injured
2018,11,Sat,7,52.47024408,13.34908574,evening,18,dark,2,dry,0,1,1,0,1,0,0,0,0,3,slightly_injured
2018,11,Wed,4,52.53207499,13.19753189,afternoon,17,dark,2,dry,0,0,2,0,1,0,0,0,1,3,slightly_injured
2018,11,Tue,3,52.56294565,13.45255564,morning,8,daylight,0,wet,1,5,5,0,1,0,0,0,0,3,slightly_injured
2018,11,Wed,4,52.49550362,13.33046703,afternoon,16,dusk,1,dry,0,2,7,0,1,0,1,0,0,3,slightly_injured
2018,11,Sun,1,52.42443836,13.56207865,evening,18,dark,2,wet,1,4,2,0,1,0,0,0,0,3,slightly_injured
2018,11,Wed,4,52.38723344,13.40975836,afternoon,16,dusk,1,dry,0,6,2,0,0,1,0,0,1,3,slightly_injured
2018,11,Wed,4,52.51628128,13.40909023,afternoon,15,daylight,0,dry,0,2,6,0,1,0,0,0,0,3,slightly_injured
2018,11,Wed,4,52.48632332,13.45766135,afternoon,15,dusk,1,dry,0,2,6,1,1,0,0,0,0,3,slightly_injured
2018,11,Tue,3,52.43262649,13.46234471,morning,7,daylight,0,wet,1,5,3,0,1,0,0,0,0,3,slightly_injured
2018,11,Wed,4,52.52149921,13.32822855,afternoon,15,daylight,0,dry,0,5,7,0,1,0,0,0,1,3,slightly_injured
2018,11,Wed,4,52.52010682,13.3471971,morning,7,daylight,0,wet,1,2,6,1,1,0,0,0,0,3,slightly_injured
2018,11,Sun,1,52.44047838,13.55509304,afternoon,15,daylight,0,dry,0,0,3,1,1,0,0,0,0,3,slightly_injured
2018,11,Mon,2,52.51010982,13.30757486,evening,19,dark,2,dry,0,0,3,1,0,0,0,0,0,3,slightly_injured
2018,11,Wed,4,52.39836431,13.41633211,afternoon,15,daylight,0,dry,0,5,3,0,0,0,1,0,1,2,seriously_injured
2018,11,Mon,2,52.49342232,13.38573453,morning,7,daylight,0,dry,0,2,7,0,1,0,0,0,1,3,slightly_injured
2018,11,Wed,4,52.46460263,13.30524154,morning,7,daylight,0,wet,1,5,3,1,1,0,0,0,0,3,slightly_injured
2018,11,Wed,4,52.4735386,13.32207105,morning,7,daylight,0,dry,0,5,3,1,1,0,0,0,0,3,slightly_injured
2018,11,Tue,3,52.45892753,13.34821835,evening,18,dark,2,dry,0,2,6,0,1,0,0,0,0,3,slightly_injured
2018,11,Tue,3,52.50466199,13.35153513,morning,7,dusk,1,wet,1,2,6,0,1,0,0,0,0,3,slightly_injured
2018,11,Wed,4,52.49350941,13.49011542,morning,7,daylight,0,dry,0,5,2,1,0,0,0,0,0,2,seriously_injured
2018,11,Wed,4,52.48090874,13.31400596,morning,7,daylight,0,dry,0,5,7,1,1,0,0,0,0,3,slightly_injured
2018,11,Sat,7,52.55323575,13.38656971,evening,23,dark,2,dry,0,1,5,1,1,0,0,0,0,3,slightly_injured
2018,11,Mon,2,52.55220132,13.38116747,afternoon,17,dark,2,wet,1,6,2,0,1,1,0,0,0,2,seriously_injured
2018,11,Wed,4,52.42118315,13.32651144,morning,7,daylight,0,wet,1,5,3,0,1,0,0,0,1,2,seriously_injured
2018,11,Mon,2,52.44773655,13.50553384,morning,7,daylight,0,dry,0,6,4,1,0,1,0,0,0,3,slightly_injured
2018,11,Sun,1,52.53902546,13.39532932,afternoon,16,dusk,1,wet,1,0,1,0,0,0,1,0,0,3,slightly_injured
2018,11,Wed,4,52.49206989,13.35113959,afternoon,14,daylight,0,dry,0,5,3,0,1,0,0,0,0,2,seriously_injured
2018,11,Tue,3,52.53853245,13.18242703,afternoon,17,dark,2,wet,1,5,2,1,1,0,0,0,0,3,slightly_injured
2018,11,Wed,4,52.53538999,13.51795127,afternoon,13,daylight,0,dry,0,2,6,0,1,0,0,0,1,3,slightly_injured
2018,11,Sat,7,52.52815338,13.40256252,evening,23,dark,2,dry,0,2,6,0,1,0,0,0,0,3,slightly_injured
2018,11,Tue,3,52.48400959,13.30808598,afternoon,14,daylight,0,wet,1,2,6,0,1,0,0,0,0,3,slightly_injured
2018,11,Wed,4,52.51185954,13.24030881,afternoon,13,daylight,0,dry,0,5,2,0,1,0,0,0,0,3,slightly_injured
2018,11,Sat,7,52.4600429,13.42806727,evening,22,dark,2,dry,0,6,2,0,1,1,0,0,0,3,slightly_injured
2018,11,Wed,4,52.51639554,13.38082226,afternoon,12,daylight,0,dry,0,5,2,1,1,0,0,0,0,2,seriously_injured
2018,11,Mon,2,52.5347344,13.50595681,afternoon,16,daylight,0,dry,0,2,6,0,1,0,0,0,0,3,slightly_injured
2018,11,Tue,3,52.44423719,13.35425342,afternoon,16,dark,2,wet,1,2,2,0,1,0,0,0,0,3,slightly_injured
2018,11,Wed,4,52.55248454,13.38115406,morning,11,daylight,0,dry,0,2,6,0,1,0,1,0,0,3,slightly_injured
2018,11,Mon,2,52.50319559,13.31489709,morning,10,daylight,0,dry,0,1,5,1,1,0,0,0,0,3,slightly_injured
2018,11,Wed,4,52.55729071,13.51495605,morning,11,daylight,0,dry,0,5,2,0,1,0,0,0,0,3,slightly_injured
2018,11,Mon,2,52.51686366,13.17803351,morning,7,daylight,0,wet,1,5,3,0,1,0,1,0,0,2,seriously_injured
2018,11,Wed,4,52.57115589,13.33049761,morning,10,daylight,0,dry,0,6,4,0,1,1,0,0,0,2,seriously_injured
2018,11,Tue,3,52.46546975,13.39473344,afternoon,16,dark,2,wet,1,6,2,0,1,1,0,0,0,3,slightly_injured
2018,11,Wed,4,52.54001839,13.44240204,morning,10,daylight,0,wet,1,2,6,0,1,0,0,0,0,3,slightly_injured
2018,11,Tue,3,52.51472348,13.31518512,morning,9,daylight,0,wet,1,5,7,0,1,0,0,0,0,3,slightly_injured
2018,11,Wed,4,52.52277041,13.38073685,morning,10,daylight,0,dry,0,5,7,1,1,0,0,0,0,3,slightly_injured
2018,11,Wed,4,52.52621769,13.29726602,morning,10,daylight,0,dry,0,5,2,1,0,0,0,0,0,3,slightly_injured
2018,11,Wed,4,52.50343032,13.29097897,morning,9,daylight,0,dry,0,5,3,0,1,0,0,0,0,3,slightly_injured
2018,11,Wed,4,52.50487814,13.29995471,morning,8,daylight,0,dry,0,5,2,0,1,0,1,0,0,2,seriously_injured
2018,11,Tue,3,52.61463363,13.44310019,morning,11,daylight,0,wet,1,2,6,0,1,0,0,0,0,3,slightly_injured
2018,11,Wed,4,52.51187964,13.40245465,morning,8,daylight,0,dry,0,5,2,1,1,0,0,0,0,3,slightly_injured
2018,11,Wed,4,52.51875726,13.30224141,morning,8,daylight,0,dry,0,5,7,1,1,0,0,0,0,3,slightly_injured
2018,11,Wed,4,52.51218026,13.33148138,morning,7,daylight,0,wet,1,6,7,0,1,1,0,0,0,3,slightly_injured
2018,11,Tue,3,52.53027963,13.20436566,afternoon,12,daylight,0,wet,1,2,6,0,1,0,0,0,0,3,slightly_injured
2018,11,Wed,4,52.3966901,13.53986538,morning,7,daylight,0,wet,1,0,1,0,0,0,1,0,0,3,slightly_injured
2018,11,Wed,4,52.49140809,13.39451764,morning,6,dusk,1,dry,0,6,2,0,1,1,0,0,0,3,slightly_injured
2018,11,Tue,3,52.45804349,13.34892218,morning,8,daylight,0,wet,1,2,6,0,1,0,0,0,1,3,slightly_injured
2018,11,Wed,4,52.48919308,13.45060975,night,5,dark,2,wet,1,2,2,1,1,0,0,0,0,3,slightly_injured
2018,11,Wed,4,52.50122776,13.42803347,morning,10,daylight,0,dry,0,3,6,1,1,0,0,0,0,3,slightly_injured
2018,11,Wed,4,52.50683963,13.29430318,afternoon,14,daylight,0,dry,0,8,1,0,1,0,0,0,0,3,slightly_injured
2018,11,Wed,4,52.47741025,13.32048766,morning,8,daylight,0,wet,1,0,1,1,0,0,0,0,0,2,seriously_injured
2018,11,Tue,3,52.60704427,13.29142415,morning,7,daylight,0,wet,1,5,3,1,1,0,0,0,0,3,slightly_injured
2018,11,Tue,3,52.56063304,13.19734614,evening,19,dark,2,dry,0,0,6,0,0,0,0,0,1,3,slightly_injured
2018,11,Tue,3,52.53226215,13.61437704,evening,21,daylight,0,dry,0,5,3,1,0,0,0,0,1,3,slightly_injured
2018,11,Sun,1,52.52566473,13.54012811,evening,18,dark,2,wet,1,5,2,1,1,0,0,0,0,2,seriously_injured
2018,11,Mon,2,52.52281284,13.49955024,evening,18,dark,2,wet,1,2,2,1,1,0,0,0,0,3,slightly_injured
2018,11,Tue,3,52.50280546,13.47531378,morning,9,daylight,0,dry,0,0,3,1,1,0,0,0,0,3,slightly_injured
2018,11,Mon,2,52.52626327,13.39354371,morning,8,daylight,0,dry,0,5,3,1,1,0,0,0,0,3,slightly_injured
2018,11,Tue,3,52.52703271,13.41549483,evening,19,dark,2,dry,0,0,1,0,0,0,1,0,0,3,slightly_injured
2018,11,Tue,3,52.53520767,13.32817079,morning,11,daylight,0,wet,1,3,6,0,1,0,0,0,0,3,slightly_injured
2018,11,Tue,3,52.48117536,13.42805282,evening,19,dark,2,dry,0,2,1,0,1,0,1,0,0,2,seriously_injured
2018,11,Tue,3,52.52739686,13.21176317,evening,18,dark,2,dry,0,5,2,1,0,0,0,0,1,3,slightly_injured
2018,11,Tue,3,52.50056946,13.32883741,evening,18,dark,2,dry,0,0,7,0,1,0,1,0,0,3,slightly_injured
2018,11,Tue,3,52.50307228,13.45711584,morning,7,dusk,1,wet,1,2,6,0,1,0,1,0,0,3,slightly_injured
2018,11,Tue,3,52.50318367,13.35011057,evening,18,dark,2,dry,0,5,2,1,0,0,1,0,0,3,slightly_injured
2018,11,Mon,2,52.5058259,13.51604574,afternoon,12,daylight,0,wet,1,6,4,0,1,1,0,0,0,3,slightly_injured
2018,11,Mon,2,52.55166761,13.18558396,morning,7,daylight,0,dry,0,2,6,0,1,0,0,0,0,3,slightly_injured
2018,11,Sun,1,52.55112003,13.35290105,afternoon,16,daylight,0,wet,1,2,6,0,1,0,0,0,0,3,slightly_injured
2018,11,Tue,3,52.56594519,13.51195074,morning,10,daylight,0,dry,0,2,6,0,1,0,0,0,0,3,slightly_injured
2018,11,Tue,3,52.53950351,13.20596566,afternoon,15,dusk,1,wet,1,3,6,1,0,0,0,0,0,3,slightly_injured
2018,11,Thu,5,52.42930415,13.32210327,afternoon,17,dark,2,dry,0,4,7,1,0,0,0,0,0,3,slightly_injured
2018,11,Sun,1,52.52981722,13.60782938,afternoon,12,daylight,0,dry,0,0,2,0,0,1,1,0,0,3,slightly_injured
2018,11,Wed,4,52.49250779,13.41693904,morning,8,daylight,0,dry,0,5,2,1,1,0,0,0,0,3,slightly_injured
2018,11,Sun,1,52.53338552,13.38760572,evening,20,dark,2,dry,0,5,2,1,1,0,0,0,0,3,slightly_injured
2018,11,Wed,4,52.51074022,13.27729198,evening,19,dark,2,dry,0,5,3,0,1,0,0,0,0,3,slightly_injured
2018,11,Sun,1,52.47342149,13.29971321,afternoon,12,daylight,0,dry,0,5,2,1,1,0,0,0,0,2,seriously_injured
2018,11,Wed,4,52.49854767,13.49040716,morning,10,daylight,0,dry,0,2,6,1,0,0,0,0,1,3,slightly_injured
2018,11,Sun,1,52.46806547,13.50489818,morning,10,daylight,0,dry,0,5,3,0,1,0,0,0,0,3,slightly_injured
2018,11,Wed,4,52.52981602,13.38038892,morning,7,daylight,0,dry,0,5,2,1,1,0,0,0,0,3,slightly_injured
2018,11,Thu,5,52.49149052,13.39410311,morning,8,daylight,0,dry,0,0,1,0,1,0,1,0,0,3,slightly_injured
2018,11,Sun,1,52.53042763,13.47796411,morning,8,daylight,0,dry,0,1,5,0,1,0,0,0,0,3,slightly_injured
2018,11,Wed,4,52.45650838,13.32252227,morning,7,daylight,0,dry,0,6,4,0,1,1,0,0,0,3,slightly_injured
2018,11,Sun,1,52.52271245,13.41537892,night,1,dark,2,dry,0,6,4,0,1,1,0,0,0,3,slightly_injured
2018,11,Wed,4,52.44577027,13.29363067,morning,6,daylight,0,dry,0,2,2,0,1,0,0,0,0,3,slightly_injured
2018,11,Sun,1,52.44237399,13.58207192,evening,22,dark,2,wet,1,1,5,0,1,0,0,0,0,3,slightly_injured
2018,11,Fri,6,52.55679601,13.37699695,afternoon,13,daylight,0,dry,0,2,6,0,1,0,0,0,1,3,slightly_injured
2018,11,Sun,1,52.56257372,13.33063169,evening,22,dark,2,wet,1,5,2,0,1,0,0,0,1,3,slightly_injured
2018,11,Wed,4,52.41964872,13.38399633,morning,6,daylight,0,dry,0,1,1,0,1,0,1,0,0,2,seriously_injured
2018,11,Sun,1,52.52980811,13.35104676,afternoon,17,dusk,1,wet,1,5,3,0,1,0,1,0,0,3,slightly_injured
2018,11,Sun,1,52.48724072,13.42724353,evening,18,dark,2,wet,1,1,5,1,1,0,0,0,0,3,slightly_injured
2018,11,Wed,4,52.43783551,13.34454719,morning,11,daylight,0,dry,0,0,2,0,1,0,0,0,1,3,slightly_injured
2018,11,Thu,5,52.50275188,13.44645935,night,4,dark,2,dry,0,5,2,0,1,0,0,0,0,2,seriously_injured
2018,11,Sun,1,52.55385953,13.41477023,evening,18,dark,2,wet,1,2,2,1,1,0,0,0,0,3,slightly_injured
2018,11,Sun,1,52.4994048,13.28127079,evening,19,dark,2,dry,0,3,6,0,1,0,0,0,0,3,slightly_injured
2018,11,Tue,3,52.53246639,13.39684397,evening,20,dark,2,dry,0,1,5,1,1,0,0,0,0,3,slightly_injured
2018,11,Sun,1,52.43438041,13.19880255,evening,20,dark,2,wet,1,0,1,0,1,0,0,0,0,2,seriously_injured
2018,11,Sat,7,52.4895665,13.34980387,night,3,dark,2,dry,0,3,6,1,0,0,0,0,1,2,seriously_injured
2018,11,Tue,3,52.5106641,13.20875831,afternoon,15,daylight,0,dry,0,5,2,0,1,0,0,0,0,3,slightly_injured
2018,11,Sat,7,52.52546214,13.33839415,afternoon,17,dark,2,dry,0,2,5,0,1,0,0,0,0,3,slightly_injured
2018,11,Fri,6,52.53467493,13.59141258,morning,7,dusk,1,wet,1,6,4,0,1,1,0,0,0,2,seriously_injured
2018,11,Sat,7,52.43766627,13.52677271,morning,7,dusk,1,dry,0,5,3,1,1,0,0,0,0,3,slightly_injured
2018,11,Wed,4,52.55035669,13.39133684,afternoon,17,dark,2,dry,0,5,2,0,1,0,0,0,0,3,slightly_injured
2018,11,Sat,7,52.52158055,13.2999387,evening,20,dark,2,dry,0,9,1,0,1,0,0,0,0,2,seriously_injured
2018,11,Sat,7,52.55365126,13.37723639,evening,20,dark,2,dry,0,6,2,0,1,1,0,0,0,2,seriously_injured
2018,11,Wed,4,52.50780086,13.3777089,evening,19,dark,2,wet,1,2,2,1,1,0,0,0,0,3,slightly_injured
2018,11,Sat,7,52.49045502,13.31466753,afternoon,12,daylight,0,dry,0,1,5,1,1,0,0,0,1,3,slightly_injured
2018,11,Sat,7,52.46957752,13.55328579,morning,11,daylight,0,dry,0,2,2,0,1,0,0,0,0,3,slightly_injured
2018,11,Tue,3,52.52726386,13.45048802,afternoon,17,dark,2,dry,0,6,4,0,0,1,0,0,1,1,killed
2018,11,Sat,7,52.51978915,13.29966585,morning,11,daylight,0,dry,0,5,2,1,1,0,0,0,0,3,slightly_injured
2018,11,Sat,7,52.43681527,13.34523514,morning,11,daylight,0,dry,0,0,7,0,1,0,0,0,1,3,slightly_injured
2018,11,Tue,3,52.51554798,13.18456239,evening,22,dark,2,dry,0,5,2,0,1,0,0,0,0,2,seriously_injured
2018,11,Sat,7,52.49868198,13.41415053,morning,10,daylight,0,dry,0,5,3,0,0,0,1,0,1,3,slightly_injured
2018,11,Thu,5,52.53277226,13.38031735,evening,19,dark,2,dry,0,1,5,0,1,0,0,0,0,3,slightly_injured
2018,11,Sat,7,52.44599569,13.26762529,morning,10,daylight,0,dry,0,5,3,0,1,0,0,0,0,3,slightly_injured
2018,11,Wed,4,52.53725164,13.42279175,morning,9,daylight,0,dry,0,2,6,1,0,0,0,0,0,3,slightly_injured
2018,11,Sat,7,52.6041813,13.41048977,morning,6,dark,2,dry,0,0,7,0,1,0,0,0,0,3,slightly_injured
2018,11,Tue,3,52.49386041,13.40345339,evening,21,dark,2,dry,0,5,2,1,1,0,0,0,0,3,slightly_injured
2018,11,Sat,7,52.52067764,13.45260632,night,0,dark,2,dry,0,1,1,0,1,0,1,0,0,3,slightly_injured
2018,11,Sat,7,52.56699383,13.41023146,evening,20,dark,2,dry,0,5,3,1,1,0,0,0,0,3,slightly_injured
2018,11,Tue,3,52.58148335,13.40424762,evening,21,dark,2,dry,0,6,2,0,1,1,0,0,0,2,seriously_injured
2018,11,Sat,7,52.48067218,13.32881193,evening,18,dark,2,dry,0,9,1,0,1,0,0,0,0,3,slightly_injured
2018,11,Sat,7,52.45192777,13.50864358,afternoon,15,daylight,0,dry,0,3,6,0,1,0,0,0,1,3,slightly_injured
2018,11,Tue,3,52.53818069,13.24774052,evening,21,dark,2,dry,0,5,3,0,1,0,0,0,0,3,slightly_injured
2018,11,Sat,7,52.54732965,13.48416364,afternoon,15,daylight,0,dry,0,1,5,0,1,0,0,1,0,3,slightly_injured
2018,11,Tue,3,52.51325541,13.32237428,evening,21,dusk,1,dry,0,9,1,0,0,0,1,0,0,3,slightly_injured
2018,11,Thu,5,52.45594119,13.33231684,afternoon,16,dark,2,dry,0,5,3,1,1,0,0,0,0,3,slightly_injured
2018,11,Sat,7,52.44866967,13.43604447,afternoon,14,daylight,0,dry,0,2,6,0,1,0,0,0,0,3,slightly_injured
2018,11,Tue,3,52.46515939,13.300139,evening,19,dark,2,dry,0,0,3,0,1,0,1,0,0,3,slightly_injured
2018,11,Sat,7,52.49525903,13.39755437,afternoon,13,daylight,0,dry,0,5,3,0,1,0,0,0,0,3,slightly_injured
2018,11,Tue,3,52.42045753,13.39135851,evening,18,dark,2,dry,0,5,3,0,1,0,1,0,0,3,slightly_injured
2018,11,Sat,7,52.55863207,13.3374156,afternoon,13,daylight,0,wet,1,5,7,0,1,0,0,0,0,3,slightly_injured
2018,11,Fri,6,52.51239515,13.2594191,afternoon,13,daylight,0,dry,0,4,6,1,1,0,0,0,0,3,slightly_injured
2018,11,Tue,3,52.4900761,13.38637829,evening,18,dark,2,dry,0,6,2,0,0,1,0,0,1,3,slightly_injured
2018,11,Thu,5,52.41405324,13.39969001,morning,7,daylight,0,dry,0,5,3,0,1,0,0,0,0,3,slightly_injured
2018,11,Fri,6,52.55117715,13.37981217,afternoon,17,dark,2,dry,0,2,6,0,1,0,0,0,1,3,slightly_injured
2018,11,Tue,3,52.46240633,13.37693294,afternoon,17,dark,2,dry,0,2,6,0,1,0,0,0,1,3,slightly_injured
2018,11,Fri,6,52.50378598,13.41028837,evening,19,dark,2,dry,0,5,3,1,1,0,0,0,0,3,slightly_injured
2018,11,Tue,3,52.50366154,13.33132451,afternoon,17,dark,2,wet,1,0,3,0,1,0,0,0,1,3,slightly_injured
2018,11,Thu,5,52.55127231,13.35318925,morning,9,daylight,0,dry,0,3,6,0,0,0,1,1,0,2,seriously_injured
2018,11,Fri,6,52.54380169,13.24323049,afternoon,16,dusk,1,dry,0,5,2,0,1,0,1,0,0,3,slightly_injured
2018,11,Tue,3,52.52394938,13.41125451,afternoon,17,dark,2,dry,0,2,6,0,1,0,1,0,0,3,slightly_injured
2018,11,Fri,6,52.56576175,13.39907434,morning,8,daylight,0,dry,0,1,5,1,1,0,0,0,0,3,slightly_injured
2018,11,Tue,3,52.51086299,13.46241333,afternoon,17,dark,2,dry,0,1,5,1,1,0,0,0,0,3,slightly_injured
2018,11,Fri,6,52.49434096,13.34613235,evening,18,dark,2,dry,0,6,2,0,1,1,0,0,0,3,slightly_injured
2018,11,Fri,6,52.51206457,13.47279264,afternoon,14,daylight,0,dry,0,5,3,1,0,0,0,0,1,3,slightly_injured
2018,11,Fri,6,52.62656828,13.302152,afternoon,17,dark,2,dry,0,5,3,0,1,0,1,0,0,2,seriously_injured
2018,11,Tue,3,52.52289184,13.49923768,morning,8,daylight,0,dry,0,3,6,1,0,0,0,1,0,3,slightly_injured
2018,11,Wed,4,52.53631528,13.29371084,evening,20,dark,2,wet,1,0,1,1,0,0,0,0,0,2,seriously_injured
2018,11,Fri,6,52.40747904,13.39465955,afternoon,17,dark,2,dry,0,1,7,0,1,0,0,0,0,2,seriously_injured
2018,11,Fri,6,52.56450745,13.32606257,afternoon,16,dark,2,dry,0,1,5,1,1,0,0,0,1,3,slightly_injured
2018,11,Tue,3,52.54292506,13.34833082,morning,7,daylight,0,dry,0,3,6,0,1,0,0,0,0,3,slightly_injured
2018,11,Fri,6,52.503202,13.37960719,afternoon,15,dusk,1,dry,0,0,4,0,1,1,0,0,0,3,slightly_injured
2018,11,Fri,6,52.45248119,13.38272637,afternoon,16,dusk,1,dry,0,2,7,0,1,0,0,0,0,3,slightly_injured
2018,11,Tue,3,52.44648945,13.51412408,morning,7,dusk,1,dry,0,5,2,1,1,0,0,0,0,3,slightly_injured
2018,11,Fri,6,52.51519827,13.40420167,morning,8,daylight,0,dry,0,1,5,1,1,0,0,0,0,3,slightly_injured
2018,11,Fri,6,52.5303227,13.20427931,afternoon,12,daylight,0,dry,0,8,1,0,1,0,0,0,0,3,slightly_injured
2018,11,Tue,3,52.57031895,13.55612421,morning,6,dark,2,wet,1,6,4,0,1,1,0,0,0,2,seriously_injured
2018,11,Fri,6,52.42576538,13.44392091,morning,11,daylight,0,dry,0,2,6,0,1,0,0,0,1,3,slightly_injured
2018,11,Tue,3,52.48766992,13.42559233,evening,21,dark,2,dry,0,5,2,1,1,0,0,0,0,3,slightly_injured
2018,11,Fri,6,52.55006664,13.36820281,morning,11,daylight,0,dry,0,5,3,1,1,0,0,0,0,3,slightly_injured
2018,11,Fri,6,52.53356694,13.48616972,evening,20,dark,2,dry,0,0,6,0,1,0,0,0,0,3,slightly_injured
2018,11,Fri,6,52.49308745,13.32189694,afternoon,15,daylight,0,dry,0,4,6,1,0,0,0,0,0,3,slightly_injured
2018,11,Wed,4,52.48504525,13.37326572,afternoon,17,dark,2,dry,0,5,2,1,1,0,0,0,0,3,slightly_injured
2018,11,Fri,6,52.50097366,13.31588303,morning,11,daylight,0,dry,0,2,6,0,1,0,0,0,1,3,slightly_injured
2018,11,Fri,6,52.62599973,13.309834,morning,11,daylight,0,dry,0,5,3,0,1,0,0,0,0,3,slightly_injured
2018,11,Tue,3,52.49006328,13.42535337,afternoon,16,dusk,1,wet,1,2,6,0,1,0,1,0,0,3,slightly_injured
2018,11,Fri,6,52.46487744,13.41819217,morning,10,daylight,0,dry,0,6,4,0,1,1,0,0,0,2,seriously_injured
2018,11,Fri,6,52.53255932,13.35067736,morning,10,daylight,0,wet,1,0,2,1,0,0,1,0,0,3,slightly_injured
2018,11,Tue,3,52.52186446,13.322214,afternoon,16,dusk,1,dry,0,6,4,1,0,1,0,0,0,3,slightly_injured
2018,11,Fri,6,52.48509716,13.43283529,morning,9,daylight,0,dry,0,3,6,0,0,0,1,0,1,3,slightly_injured
2018,11,Tue,3,52.50581582,13.32114852,afternoon,13,daylight,0,dry,0,1,5,1,1,0,0,0,0,3,slightly_injured
2018,11,Thu,5,52.51455032,13.47813286,evening,18,dark,2,dry,0,6,2,0,1,1,0,0,0,2,seriously_injured
2018,11,Fri,6,52.51519614,13.43196395,morning,9,daylight,0,dry,0,5,2,0,1,0,0,0,1,3,slightly_injured
2018,11,Thu,5,52.53877265,13.32610492,evening,23,dark,2,dry,0,5,3,0,1,0,0,0,0,2,seriously_injured
2018,11,Fri,6,52.51040194,13.38988817,morning,8,daylight,0,dry,0,5,2,1,0,0,0,0,1,3,slightly_injured
2018,11,Wed,4,52.4720532,13.3201201,afternoon,16,dusk,1,dry,0,5,2,0,1,0,0,0,0,2,seriously_injured
2018,11,Fri,6,52.48385717,13.32032808,morning,8,daylight,0,dry,0,2,2,1,1,0,0,0,0,3,slightly_injured
2018,11,Tue,3,52.43074793,13.33619802,afternoon,12,daylight,0,dry,0,6,2,0,1,1,0,0,0,3,slightly_injured
2018,11,Fri,6,52.55984522,13.42241645,morning,7,daylight,0,dry,0,3,2,1,1,0,0,0,0,2,seriously_injured
2018,11,Fri,6,52.524388,13.36266579,morning,7,daylight,0,dry,0,6,4,0,1,1,0,0,0,2,seriously_injured
2018,11,Tue,3,52.5128739,13.28525246,afternoon,12,daylight,0,dry,0,5,3,1,1,0,0,0,0,3,slightly_injured
2018,11,Fri,6,52.52898402,13.56584005,morning,7,daylight,0,dry,0,0,2,1,1,0,0,0,0,3,slightly_injured
2018,11,Tue,3,52.51124672,13.3917067,morning,11,daylight,0,dry,0,5,7,1,1,0,0,0,0,3,slightly_injured
2018,11,Thu,5,52.48657913,13.4291106,afternoon,13,daylight,0,dry,0,5,3,1,0,0,0,0,1,3,slightly_injured
2018,11,Thu,5,52.47691914,13.33276049,evening,18,dark,2,dry,0,1,5,1,1,0,0,0,0,3,slightly_injured
2018,11,Tue,3,52.49836622,13.39578077,morning,10,daylight,0,dry,0,3,6,1,1,0,0,0,0,3,slightly_injured
2018,11,Thu,5,52.51840378,13.40093667,evening,18,dark,2,dry,0,5,3,1,1,0,0,0,0,3,slightly_injured
2018,11,Tue,3,52.52727863,13.33032116,morning,8,daylight,0,dry,0,5,2,1,1,0,0,0,0,3,slightly_injured
2018,11,Thu,5,52.51361344,13.31077398,afternoon,17,dark,2,dry,0,0,1,1,0,0,0,0,0,3,slightly_injured
2018,11,Thu,5,52.42690535,13.27361158,afternoon,17,dark,2,dry,0,1,5,0,1,0,0,0,0,2,seriously_injured
2018,11,Tue,3,52.53000905,13.2287661,morning,8,daylight,0,dry,0,5,2,0,1,0,0,0,0,3,slightly_injured
2018,11,Thu,5,52.41282833,13.3596069,afternoon,16,dusk,1,dry,0,5,2,1,1,0,0,0,0,3,slightly_injured
2018,11,Tue,3,52.52523398,13.29883049,morning,8,daylight,0,dry,0,4,6,1,1,0,0,0,0,3,slightly_injured