ujahr,umonat,weekday,uwochentag,long,lat,time_of_day,ustunde,light_condition,ulichtverh,street_condition,ustrzustand,uart,utyp1,ist_rad,ist_pkw,ist_fuss,ist_krad,ist_gkfz,ist_sonstige,ukategorie,accident_outcome
2018,11,Thu,5,52.52078903,13.41538756,afternoon,15,daylight,0,dry,0,5,3,1,0,0,0,0,1,3,slightly_injured
2018,11,Tue,3,52.42876688,13.32357935,morning,8,daylight,0,dry,0,2,7,0,1,0,0,0,1,3,slightly_injured
2018,11,Thu,5,52.52859593,13.45688875,morning,9,daylight,0,dry,0,1,5,1,1,0,0,0,1,2,seriously_injured
2018,11,Thu,5,52.53016296,13.20495848,afternoon,15,daylight,0,dry,0,5,2,0,1,0,0,0,1,3,slightly_injured
2018,11,Mon,2,52.47031746,13.33034692,evening,19,dark,2,dry,0,5,2,1,1,0,0,0,0,3,slightly_injured
2018,11,Thu,5,52.45253978,13.4368198,afternoon,15,daylight,0,wet,1,5,2,0,1,0,1,0,0,2,seriously_injured
2018,11,Mon,2,52.64222237,13.49527557,evening,19,dark,2,wet,1,6,6,0,1,1,0,0,0,3,slightly_injured
2018,11,Thu,5,52.53208878,13.34348126,afternoon,17,dusk,1,dry,0,5,2,1,1,0,0,0,0,3,slightly_injured
2018,11,Fri,6,52.45611369,13.41046105,afternoon,14,daylight,0,dry,0,6,4,0,1,1,0,0,0,2,seriously_injured
2018,11,Thu,5,52.48189824,13.5168158,afternoon,14,daylight,0,dry,0,6,4,0,0,1,0,0,1,2,seriously_injured
2018,11,Wed,4,52.48100798,13.43621563,evening,19,dark,2,dry,0,5,7,1,1,0,0,0,0,3,slightly_injured
2018,11,Thu,5,52.4975113,13.43163204,evening,22,dark,2,dry,0,0,7,0,1,0,1,0,0,3,slightly_injured
2018,11,Mon,2,52.49561467,13.54977062,evening,19,dark,2,wet,1,6,4,1,0,1,0,0,0,3,slightly_injured
2018,11,Thu,5,52.41317598,13.4211639,morning,7,dusk,1,dry,0,2,2,0,1,0,0,0,0,3,slightly_injured
2018,11,Thu,5,52.52332885,13.40713981,afternoon,12,daylight,0,dry,0,6,4,0,1,1,0,0,0,3,slightly_injured
2018,11,Thu,5,52.57784439,13.31541403,evening,19,dark,2,dry,0,5,2,0,1,0,0,0,0,3,slightly_injured
2018,11,Mon,2,52.55015652,13.23619979,evening,18,dusk,1,wet,1,4,1,0,1,0,0,0,0,3,slightly_injured
2018,11,Thu,5,52.48382134,13.37682815,afternoon,12,daylight,0,dry,0,1,5,1,1,0,0,0,0,3,slightly_injured
2018,11,Thu,5,52.51906065,13.30116871,afternoon,12,daylight,0,dry,0,5,3,1,1,0,0,0,0,3,slightly_injured
2018,11,Mon,2,52.52903661,13.20715972,evening,18,dark,2,wet,1,2,6,0,1,0,0,0,0,3,slightly_injured
2018,11,Thu,5,52.42811569,13.57276425,afternoon,12,daylight,0,dry,0,2,6,0,1,0,0,0,0,3,slightly_injured
2018,11,Fri,6,52.49918156,13.42245588,morning,7,daylight,0,dry,0,5,2,1,0,0,0,1,0,3,slightly_injured
2018,11,Thu,5,52.49981573,13.50832951,evening,18,dark,2,dry,0,6,4,0,1,1,0,0,0,2,seriously_injured
2018,11,Wed,4,52.47605773,13.44787091,afternoon,17,dark,2,dry,0,6,7,0,1,1,0,0,0,2,seriously_injured
2018,11,Thu,5,52.52874768,13.30653744,afternoon,17,dark,2,dry,0,5,2,0,1,0,1,0,0,3,slightly_injured
2018,11,Thu,5,52.49867109,13.29953216,afternoon,12,daylight,0,dry,0,1,5,1,1,0,0,0,0,3,slightly_injured
2018,11,Mon,2,52.53920415,13.60406911,afternoon,16,dark,2,wet,1,5,3,0,1,0,0,0,0,3,slightly_injured
2018,11,Thu,5,52.42780858,13.57283379,morning,11,daylight,0,dry,0,0,7,1,1,0,0,0,0,3,slightly_injured
2018,11,Thu,5,52.51400392,13.49801177,morning,10,daylight,0,dry,0,5,3,0,1,0,0,0,1,3,slightly_injured
2018,11,Thu,5,52.53242994,13.39601115,morning,9,daylight,0,dry,0,0,1,0,0,0,1,0,0,3,slightly_injured
2018,11,Thu,5,52.49333896,13.36776751,morning,9,daylight,0,dry,0,2,2,0,1,0,0,0,0,3,slightly_injured
2018,11,Mon,2,52.486771,13.28431683,afternoon,15,daylight,0,wet,1,5,2,0,1,0,0,0,1,3,slightly_injured
2018,11,Thu,5,52.50698203,13.3982035,morning,9,daylight,0,dry,0,5,3,1,1,0,0,0,0,3,slightly_injured
2018,11,Thu,5,52.49953392,13.33903013,morning,8,daylight,0,dry,0,2,6,0,1,0,0,0,0,3,slightly_injured
2018,11,Mon,2,52.58064902,13.31800819,afternoon,14,daylight,0,wet,1,6,4,0,1,1,0,0,0,3,slightly_injured
2018,11,Thu,5,52.50152956,13.33761385,morning,8,daylight,0,dry,0,1,5,1,1,0,0,0,0,3,slightly_injured
2018,11,Thu,5,52.48586442,13.34497439,evening,19,dark,2,dry,0,2,6,1,1,0,0,0,0,3,slightly_injured
2018,11,Thu,5,52.50212434,13.4493305,morning,8,daylight,0,dry,0,5,2,1,1,0,0,0,0,3,slightly_injured
2018,11,Wed,4,52.53245311,13.32571732,afternoon,16,dark,2,dry,0,5,3,0,1,0,1,0,0,2,seriously_injured
2018,11,Thu,5,52.45913149,13.34874467,morning,8,daylight,0,dry,0,0,2,1,0,0,0,0,1,3,slightly_injured
2018,11,Mon,2,52.43030908,13.43484517,afternoon,14,daylight,0,wet,1,5,7,0,1,0,0,0,0,3,slightly_injured
2018,11,Thu,5,52.40259071,13.57361523,morning,7,daylight,0,wet,1,5,3,1,1,0,0,0,0,3,slightly_injured
2018,11,Mon,2,52.58756144,13.42746916,afternoon,14,daylight,0,wet,1,5,2,1,1,0,0,0,0,3,slightly_injured
2018,11,Thu,5,52.49140572,13.39644647,morning,6,dusk,1,dry,0,2,3,1,1,0,0,0,0,3,slightly_injured
2018,11,Mon,2,52.52388295,13.41685527,afternoon,13,daylight,0,wet,1,0,1,1,0,0,0,0,0,2,seriously_injured
2018,11,Thu,5,52.41065862,13.35007968,afternoon,12,daylight,0,dry,0,2,7,0,1,0,1,0,0,3,slightly_injured
2018,11,Mon,2,52.57182712,13.33073413,afternoon,13,daylight,0,wet,1,5,3,0,1,0,0,0,0,3,slightly_injured
2018,11,Thu,5,52.44887062,13.54872718,night,5,dark,2,wet,1,8,1,0,1,0,0,0,0,3,slightly_injured
2018,11,Mon,2,52.42297935,13.35726809,afternoon,13,daylight,0,wet,1,5,3,1,1,0,0,0,0,3,slightly_injured
2018,11,Thu,5,52.63019507,13.27784988,afternoon,17,dark,2,dry,0,6,7,1,0,1,0,0,0,3,slightly_injured
2018,11,Thu,5,52.50575403,13.43197386,night,0,dark,2,dry,0,2,6,0,1,0,0,0,0,3,slightly_injured
2018,11,Mon,2,52.59549927,13.33319624,afternoon,13,daylight,0,wet,1,5,2,1,1,0,0,0,0,3,slightly_injured
2018,11,Wed,4,52.53210488,13.3432106,evening,21,dark,2,dry,0,2,6,0,1,0,0,0,0,2,seriously_injured
2018,11,Mon,2,52.53103993,13.34769547,afternoon,12,daylight,0,dry,0,1,5,0,1,0,0,0,1,3,slightly_injured
2018,11,Wed,4,52.50302872,13.30778603,evening,20,dark,2,dry,0,0,7,0,1,0,1,0,0,2,seriously_injured
2018,11,Wed,4,52.51399031,13.39112719,evening,19,dark,2,dry,0,6,4,0,1,1,0,0,0,3,slightly_injured
2018,11,Mon,2,52.49925034,13.61332163,afternoon,13,daylight,0,wet,1,2,6,0,1,0,0,0,0,3,slightly_injured
2018,11,Thu,5,52.45634889,13.32959475,morning,8,daylight,0,dry,0,5,3,1,1,0,0,0,0,3,slightly_injured
2018,11,Wed,4,52.49722226,13.46524173,evening,19,dark,2,dry,0,3,6,1,1,0,0,0,0,3,slightly_injured
2018,11,Mon,2,52.53163115,13.38847501,afternoon,12,daylight,0,wet,1,0,6,0,1,0,0,0,1,3,slightly_injured
2018,11,Wed,4,52.5360361,13.3760282,morning,7,dark,2,dry,0,0,6,1,0,0,0,0,1,3,slightly_injured
2018,11,Wed,4,52.50019093,13.33622247,evening,19,dark,2,wet,1,1,5,1,1,0,0,0,0,3,slightly_injured
2018,11,Mon,2,52.46152302,13.30847375,afternoon,12,daylight,0,wet,1,0,7,0,1,0,0,0,0,3,slightly_injured
2018,11,Wed,4,52.50683445,13.30215329,afternoon,17,dark,2,dry,0,3,6,0,1,0,1,0,0,3,slightly_injured
2018,11,Mon,2,52.46084718,13.34581787,morning,9,daylight,0,dry,0,2,6,0,1,0,0,0,0,3,slightly_injured
2018,11,Wed,4,52.43734463,13.37669989,afternoon,17,dark,2,dry,0,1,5,0,1,0,1,0,0,2,seriously_injured
2018,11,Wed,4,52.57581238,13.50328795,afternoon,17,dark,2,wet,1,5,2,0,0,0,1,0,0,3,slightly_injured
2018,11,Mon,2,52.57430877,13.42367468,morning,9,daylight,0,wet,1,2,6,0,1,0,1,0,1,2,seriously_injured
2018,11,Wed,4,52.46049428,13.46953272,morning,8,daylight,0,dry,0,1,5,1,1,0,0,0,0,3,slightly_injured
2018,11,Wed,4,52.54099975,13.42502715,afternoon,17,dark,2,dry,0,5,3,1,1,0,0,0,0,3,slightly_injured
2018,11,Wed,4,52.47073264,13.34372942,afternoon,16,dark,2,wet,1,1,5,0,1,0,1,0,0,2,seriously_injured
2018,11,Mon,2,52.49119811,13.42447192,morning,9,daylight,0,wet,1,0,5,0,1,0,0,0,0,3,slightly_injured
2018,11,Wed,4,52.47011374,13.55878575,evening,18,dark,2,wet,1,0,1,1,0,0,0,0,0,3,slightly_injured
2018,11,Wed,4,52.52764121,13.38909649,afternoon,16,dusk,1,dry,0,5,3,1,0,0,0,0,1,3,slightly_injured
2018,11,Mon,2,52.56682551,13.21010698,morning,9,daylight,0,dry,0,2,2,0,1,0,0,0,1,3,slightly_injured
2018,11,Wed,4,52.40766624,13.37788223,afternoon,15,daylight,0,dry,0,5,3,1,1,0,0,0,0,2,seriously_injured
2018,11,Thu,5,52.53724901,13.44972896,evening,19,dark,2,dry,0,6,2,0,1,1,0,0,0,3,slightly_injured
2018,11,Wed,4,52.49344979,13.35345582,afternoon,14,daylight,0,dry,0,5,3,1,1,0,0,0,0,3,slightly_injured
2018,11,Mon,2,52.4398513,13.30033539,morning,8,daylight,0,dry,0,0,3,1,0,0,0,0,1,2,seriously_injured
2018,11,Wed,4,52.58807992,13.34006397,evening,18,dusk,1,dry,0,2,2,0,1,0,0,0,0,2,seriously_injured
2018,11,Fri,6,52.50918638,13.60861141,afternoon,12,daylight,0,wet,1,5,3,0,1,0,0,0,0,3,slightly_injured
2018,11,Wed,4,52.49772997,13.3953076,evening,18,daylight,0,dry,0,2,6,0,1,0,0,0,0,3,slightly_injured
2018,11,Wed,4,52.47991987,13.52489056,evening,18,dark,2,wet,1,0,1,0,1,0,0,0,0,2,seriously_injured
2018,11,Wed,4,52.497262,13.46662247,afternoon,15,dusk,1,wet,1,5,7,1,1,0,0,0,0,3,slightly_injured
2018,11,Wed,4,52.51946008,13.39772503,afternoon,17,dusk,1,dry,0,5,7,1,1,0,0,0,0,3,slightly_injured
2018,11,Mon,2,52.53070633,13.41893095,morning,9,daylight,0,wet,1,5,2,1,0,0,0,0,1,3,slightly_injured
2018,11,Wed,4,52.51650455,13.3983785,afternoon,12,daylight,0,dry,0,1,5,1,0,0,0,0,1,3,slightly_injured
2018,11,Wed,4,52.43008319,13.47742134,morning,7,daylight,0,wet,1,2,2,0,1,0,0,0,0,3,slightly_injured
2018,11,Mon,2,52.53236949,13.19778381,afternoon,17,dark,2,wet,1,0,7,0,0,0,1,0,0,3,slightly_injured
2018,11,Wed,4,52.43357537,13.19095968,morning,7,daylight,0,wet,1,5,2,0,1,0,0,0,0,3,slightly_injured
2018,11,Mon,2,52.48720179,13.33054814,afternoon,17,dark,2,dry,0,2,6,1,1,0,0,0,0,3,slightly_injured
2018,11,Thu,5,52.40874551,13.30276222,evening,18,dark,2,dry,0,1,5,1,1,0,0,0,0,3,slightly_injured
2018,11,Wed,4,52.53397244,13.35348835,morning,6,dusk,1,dry,0,1,5,1,1,0,0,0,0,3,slightly_injured
2018,11,Wed,4,52.53568742,13.4345218,morning,9,daylight,0,dry,0,6,4,0,0,1,1,0,0,3,slightly_injured
2018,11,Wed,4,52.5478654,13.57198602,night,5,dark,2,wet,1,3,6,0,1,0,1,0,0,3,slightly_injured
2018,11,Wed,4,52.48903921,13.52757336,afternoon,17,dark,2,dry,0,5,2,1,1,0,0,0,0,3,slightly_injured
2018,11,Wed,4,52.54364849,13.41514989,afternoon,13,daylight,0,dry,0,5,2,0,0,0,1,0,1,3,slightly_injured
2018,11,Mon,2,52.42677895,13.50596235,morning,7,dusk,1,dry,0,5,3,1,1,0,0,0,0,3,slightly_injured
2018,11,Wed,4,52.498041,13.33391525,afternoon,14,daylight,0,dry,0,2,6,0,1,0,0,0,0,3,slightly_injured
2018,11,Wed,4,52.49309361,13.42192005,morning,11,daylight,0,dry,0,5,3,1,1,0,0,0,0,3,slightly_injured
2018,11,Mon,2,52.48441505,13.6031401,morning,7,dusk,1,dry,0,5,3,1,1,0,0,0,0,3,slightly_injured
2018,11,Wed,4,52.54048836,13.23220253,morning,10,daylight,0,wet,1,3,6,0,1,0,0,0,0,3,slightly_injured
2018,11,Mon,2,52.46837265,13.43003699,afternoon,17,dark,2,dry,0,6,4,1,0,1,0,0,1,3,slightly_injured
2018,11,Thu,5,52.54884339,13.17817253,afternoon,15,daylight,0,dry,0,5,2,0,1,0,0,0,0,3,slightly_injured
2018,11,Wed,4,52.5048093,13.41207935,morning,10,daylight,0,wet,1,5,5,1,1,0,0,0,0,3,slightly_injured
2018,11,Mon,2,52.57049691,13.43386062,morning,6,dark,2,dry,0,0,3,0,0,0,1,0,1,3,slightly_injured
2018,11,Wed,4,52.4952976,13.36592634,morning,9,daylight,0,wet,1,5,3,1,1,0,0,0,0,3,slightly_injured
2018,11,Mon,2,52.55995435,13.46717641,night,5,dark,2,wet,1,5,3,0,1,0,0,0,0,3,slightly_injured
2018,11,Wed,4,52.51130758,13.40115176,morning,6,dark,2,wet,1,6,2,0,1,1,0,0,0,2,seriously_injured
2018,11,Wed,4,52.41664471,13.1468399,morning,8,daylight,0,wet,1,2,6,0,1,0,0,0,0,3,slightly_injured
2018,11,Mon,2,52.48563034,13.34054453,afternoon,17,dark,2,wet,1,2,6,0,1,0,0,0,0,3,slightly_injured
2018,11,Mon,2,52.57555502,13.28937261,night,4,dark,2,wet,1,5,7,0,1,0,1,0,0,2,seriously_injured
2018,11,Wed,4,52.56037928,13.380203,morning,8,daylight,0,wet,1,2,6,0,1,0,0,0,0,3,slightly_injured
2018,11,Mon,2,52.54531328,13.39301959,night,3,dark,2,wet,1,0,3,0,1,0,1,0,0,3,slightly_injured
2018,11,Wed,4,52.42324734,13.47063479,morning,8,daylight,0,wet,1,2,6,0,1,0,0,0,0,3,slightly_injured
2018,11,Mon,2,52.39909552,13.40969692,night,3,dark,2,wet,1,1,7,0,1,0,0,0,0,3,slightly_injured
2018,11,Thu,5,52.54495845,13.59162916,morning,9,daylight,0,wet,1,5,2,0,1,0,0,0,0,3,slightly_injured
2018,11,Wed,4,52.54462107,13.34049538,morning,8,daylight,0,wet,1,0,7,1,1,0,0,0,0,3,slightly_injured
2018,11,Mon,2,52.51721226,13.58916393,afternoon,16,dark,2,wet,1,2,6,0,1,0,0,0,0,3,slightly_injured
2018,11,Wed,4,52.52437281,13.18099633,afternoon,12,daylight,0,dry,0,2,6,0,1,0,0,0,0,2,seriously_injured
2018,11,Mon,2,52.51837717,13.19779835,night,2,dark,2,wet,1,1,1,0,1,0,0,0,1,3,slightly_injured
2018,11,Wed,4,52.45601047,13.55846139,morning,9,daylight,0,wet,1,5,3,1,0,0,1,0,0,2,seriously_injured
2018,11,Fri,6,52.53889917,13.49761177,afternoon,15,daylight,0,dry,0,6,4,0,1,1,0,0,0,3,slightly_injured
2018,11,Wed,4,52.53836134,13.21413301,morning,8,daylight,0,wet,1,5,2,1,1,0,0,0,0,2,seriously_injured
2018,11,Wed,4,52.50275348,13.34983233,evening,20,dark,2,wet,1,2,6,0,1,0,1,0,0,3,slightly_injured
2018,11,Wed,4,52.59620492,13.34707265,morning,8,daylight,0,wet,1,2,6,0,1,0,0,0,0,3,slightly_injured
2018,11,Wed,4,52.43146351,13.30969024,afternoon,13,daylight,0,dry,0,5,2,0,1,0,0,0,0,3,slightly_injured
2018,11,Mon,2,52.47014,13.55878853,afternoon,16,dark,2,wet,1,2,2,0,1,0,0,0,0,3,slightly_injured
2018,11,Wed,4,52.51863941,13.62746873,afternoon,14,daylight,0,dry,0,0,7,0,0,0,0,0,1,3,slightly_injured
2018,11,Thu,5,52.58108231,13.39976294,morning,7,daylight,0,dry,0,4,6,1,1,0,0,0,0,3,slightly_injured
2018,11,Wed,4,52.51624832,13.31055448,afternoon,15,daylight,0,wet,1,0,2,1,1,0,0,0,0,3,slightly_injured
2018,11,Wed,4,52.54667875,13.37081717,evening,19,dark,2,dry,0,6,7,1,0,1,0,0,0,3,slightly_injured
2018,11,Mon,2,52.52737651,13.41585658,night,0,dark,2,wet,1,6,4,1,0,1,0,0,0,2,seriously_injured
2018,11,Wed,4,52.48945049,13.39139857,evening,21,dark,2,dry,0,1,5,1,1,0,0,0,0,3,slightly_injured
2018,11,Wed,4,52.46101207,13.41902536,evening,22,dark,2,dry,0,5,2,1,1,0,0,0,0,3,slightly_injured
2018,11,Mon,2,52.55984326,13.4599223,afternoon,16,dark,2,wet,1,6,4,0,1,1,0,0,0,3,slightly_injured
2018,11,Wed,4,52.43144633,13.54703651,morning,9,daylight,0,dry,0,2,6,0,1,0,0,0,0,3,slightly_injured
2018,11,Fri,6,52.55984174,13.45992597,morning,9,daylight,0,dry,0,6,4,1,0,1,0,0,0,3,slightly_injured
2018,11,Wed,4,52.46724313,13.28929027,morning,6,dark,2,wet,1,0,3,0,1,0,1,0,0,2,seriously_injured
2018,11,Wed,4,52.43973259,13.22668074,afternoon,17,dark,2,dry,0,5,3,0,1,0,0,0,1,3,slightly_injured
2018,11,Wed,4,52.57765093,13.30501669,night,2,dark,2,wet,1,0,6,0,1,0,0,0,0,1,killed
2018,11,Tue,3,52.50869644,13.3901843,afternoon,16,daylight,0,dry,0,6,4,0,0,1,0,0,1,3,slightly_injured
2018,11,Mon,2,52.48763524,13.3226032,afternoon,16,daylight,0,dry,0,5,3,0,1,0,1,0,0,3,slightly_injured
2018,11,Tue,3,52.45713591,13.57815238,morning,6,dark,2,dry,0,0,2,1,1,0,0,0,0,3,slightly_injured
2018,11,Tue,3,52.49827939,13.39907442,afternoon,17,dark,2,wet,1,0,7,1,0,0,0,0,0,3,slightly_injured
2018,11,Mon,2,52.55380543,13.50323454,afternoon,15,dusk,1,wet,1,6,4,0,1,1,0,0,0,2,seriously_injured
2018,11,Tue,3,52.45576714,13.37572288,afternoon,17,dark,2,dry,0,6,2,0,1,1,0,0,0,3,slightly_injured
2018,11,Mon,2,52.54469296,13.37021168,afternoon,15,dusk,1,wet,1,5,2,0,1,0,0,0,0,3,slightly_injured
2018,11,Tue,3,52.52728028,13.39806512,morning,9,daylight,0,wet,1,6,2,0,1,1,0,0,0,3,slightly_injured
2018,11,Mon,2,52.54311214,13.15773519,afternoon,15,daylight,0,wet,1,5,2,1,1,0,0,0,0,3,slightly_injured
2018,11,Tue,3,52.55690369,13.52824334,morning,7,daylight,0,wet,1,5,2,0,1,0,0,0,1,3,slightly_injured
2018,11,Thu,5,52.51191814,13.38646802,evening,20,dark,2,dry,0,2,6,1,1,0,0,0,0,3,slightly_injured
2018,11,Tue,3,52.53121404,13.40882258,evening,21,dark,2,wet,1,5,3,1,1,0,0,0,0,3,slightly_injured
2018,11,Wed,4,52.54207777,13.23667787,afternoon,16,dark,2,dry,0,2,6,0,1,0,1,0,0,3,slightly_injured
2018,11,Tue,3,52.53042288,13.31434483,evening,21,dark,2,wet,1,5,3,0,1,0,0,0,0,3,slightly_injured
2018,11,Mon,2,52.51282763,13.28294884,afternoon,14,daylight,0,dry,0,1,5,0,1,0,0,0,0,3,slightly_injured
2018,11,Tue,3,52.42898712,13.35998642,evening,20,dark,2,wet,1,1,3,0,1,0,1,0,0,3,slightly_injured
2018,11,Mon,2,52.53562992,13.20346903,afternoon,15,daylight,0,wet,1,6,2,0,1,1,0,0,0,3,slightly_injured
2018,11,Mon,2,52.50534112,13.4770918,afternoon,14,daylight,0,wet,1,0,1,0,0,0,1,0,0,3,slightly_injured
2018,11,Thu,5,52.50374966,13.49457196,afternoon,13,daylight,0,dry,0,0,3,0,1,0,1,0,0,3,slightly_injured
2018,11,Tue,3,52.39382025,13.40438427,morning,8,dark,2,wet,1,6,4,0,1,1,0,0,0,3,slightly_injured
2018,11,Wed,4,52.4566095,13.5625574,afternoon,13,daylight,0,dry,0,5,2,0,0,0,1,0,1,2,seriously_injured
2018,12,Mon,2,52.5221693,13.38794064,evening,21,dark,2,dry,0,1,5,1,1,0,0,0,1,3,slightly_injured
2018,11,Wed,4,52.56337314,13.51339005,afternoon,12,daylight,0,dry,0,5,3,1,1,0,0,0,0,3,slightly_injured
2018,12,Mon,2,52.45493249,13.32684599,afternoon,17,dark,2,wet,1,2,6,0,1,0,0,0,0,3,slightly_injured
2018,11,Wed,4,52.44555011,13.45479665,afternoon,12,daylight,0,dry,0,6,2,0,1,1,0,0,0,2,seriously_injured
2018,12,Mon,2,52.44532363,13.43362084,afternoon,16,dark,2,dry,0,5,3,0,1,0,0,0,0,3,slightly_injured
2018,11,Wed,4,52.53176658,13.41584692,afternoon,14,daylight,0,dry,0,3,6,1,1,0,0,0,0,3,slightly_injured
2018,11,Wed,4,52.5630218,13.37762047,morning,11,daylight,0,dry,0,2,6,0,1,0,0,1,0,3,slightly_injured
2018,12,Mon,2,52.52719495,13.21715646,evening,18,dark,2,wet,1,3,6,0,1,0,0,0,0,3,slightly_injured
2018,11,Wed,4,52.55294071,13.29264865,morning,11,daylight,0,dry,0,2,6,0,1,0,0,0,0,3,slightly_injured
2018,11,Wed,4,52.60317209,13.4167807,morning,11,daylight,0,dry,0,5,3,0,1,0,0,0,0,3,slightly_injured
2018,12,Mon,2,52.52964563,13.55797229,evening,19,dark,2,wet,1,5,3,0,1,0,0,0,1,2,seriously_injured
2018,11,Wed,4,52.47297075,13.3567355,evening,18,dark,2,dry,0,2,7,0,1,0,0,0,1,2,seriously_injured
2018,12,Mon,2,52.55997647,13.33351228,evening,18,dark,2,dry,0,2,6,0,1,0,0,0,0,3,slightly_injured
2018,11,Wed,4,52.5137936,13.49811723,evening,18,dark,2,dry,0,3,6,1,1,0,0,0,0,3,slightly_injured
2018,12,Mon,2,52.47576379,13.48735572,afternoon,17,dark,2,wet,1,5,2,1,1,0,0,0,0,3,slightly_injured
2018,11,Wed,4,52.50950595,13.49796289,evening,18,dark,2,dry,0,5,7,0,1,0,0,0,0,3,slightly_injured
2018,12,Mon,2,52.51633903,13.31054705,morning,9,daylight,0,wet,1,5,3,1,1,0,0,0,0,3,slightly_injured
2018,11,Wed,4,52.54965632,13.41350077,night,1,dark,2,dry,0,6,2,0,1,1,0,0,0,3,slightly_injured
2018,12,Mon,2,52.54854177,13.24781484,morning,8,daylight,0,wet,1,0,6,0,0,0,1,0,1,2,seriously_injured
2018,12,Mon,2,52.46010109,13.37639864,morning,8,dusk,1,wet,1,5,3,1,1,0,0,0,0,3,slightly_injured
2018,11,Wed,4,52.49542061,13.3311736,afternoon,17,dark,2,dry,0,5,3,1,1,0,0,0,0,3,slightly_injured
2018,11,Wed,4,52.48173928,13.35091137,evening,18,dark,2,dry,0,6,7,0,1,1,0,0,0,3,slightly_injured
2018,12,Mon,2,52.52529224,13.17761077,morning,8,daylight,0,wet,1,6,4,0,1,1,0,0,0,3,slightly_injured
2018,12,Mon,2,52.51275363,13.27978606,morning,8,daylight,0,wet,1,0,6,0,1,0,1,0,0,3,slightly_injured
2018,11,Wed,4,52.51082736,13.6125197,afternoon,17,dark,2,dry,0,5,2,0,1,0,1,0,0,3,slightly_injured
2018,12,Mon,2,52.43506834,13.34856225,morning,7,dusk,1,wet,1,5,3,1,1,0,0,0,0,3,slightly_injured
2018,12,Mon,2,52.43765148,13.52674697,morning,7,dusk,1,wet,1,5,3,1,1,0,0,0,0,3,slightly_injured
2018,11,Wed,4,52.47156011,13.1231338,afternoon,17,dark,2,dry,0,6,4,0,1,1,0,0,0,3,slightly_injured
2018,12,Mon,2,52.4156419,13.4061086,morning,7,dusk,1,wet,1,5,3,1,1,0,0,0,0,2,seriously_injured
2018,11,Wed,4,52.51624397,13.31001125,afternoon,17,dark,2,dry,0,6,4,0,0,1,0,0,1,3,slightly_injured
2018,12,Mon,2,52.41997502,13.43821694,morning,7,dusk,1,wet,1,6,4,0,1,1,0,0,0,3,slightly_injured
2018,11,Wed,4,52.47349068,13.57060985,morning,10,daylight,0,dry,0,5,3,0,1,0,0,0,0,3,slightly_injured
2018,12,Mon,2,52.5553528,13.36103057,morning,11,daylight,0,wet,1,5,3,1,1,0,0,0,0,2,seriously_injured
2018,12,Mon,2,52.53674066,13.27185154,morning,7,dark,2,wet,1,6,2,0,1,1,0,0,0,3,slightly_injured
2018,11,Wed,4,52.50588391,13.3199555,morning,10,daylight,0,dry,0,2,2,1,1,0,0,0,0,3,slightly_injured
2018,12,Mon,2,52.44920867,13.36590897,morning,6,dark,2,wet,1,5,3,0,1,0,0,0,1,3,slightly_injured
2018,12,Mon,2,52.56853999,13.52082305,morning,6,dark,2,wet,1,6,2,0,0,1,0,0,1,3,slightly_injured
2018,11,Wed,4,52.57335706,13.22909202,morning,10,daylight,0,dry,0,2,2,1,1,0,0,0,0,2,seriously_injured
2018,12,Mon,2,52.53255008,13.39849192,night,5,dark,2,wet,1,0,1,1,0,0,0,0,0,2,seriously_injured
2018,12,Sun,1,52.58643259,13.36753943,evening,21,dark,2,wet,1,6,2,0,1,1,0,0,0,3,slightly_injured
2018,11,Wed,4,52.57718397,13.3775221,morning,10,daylight,0,dry,0,1,5,0,1,0,0,0,0,3,slightly_injured
2018,12,Sun,1,52.52811176,13.19545836,evening,20,dark,2,wet,1,6,4,0,0,1,0,0,1,2,seriously_injured
2018,11,Wed,4,52.43800725,13.5437137,morning,9,daylight,0,dry,0,5,3,1,1,0,0,0,0,3,slightly_injured
2018,12,Sun,1,52.55629111,13.48456917,evening,19,dark,2,wet,1,5,2,1,1,0,0,0,0,3,slightly_injured
2018,11,Wed,4,52.50189516,13.34207856,morning,9,daylight,0,dry,0,2,6,0,1,0,0,1,0,3,slightly_injured
2018,12,Sun,1,52.53896152,13.60827294,evening,19,dark,2,wet,1,6,4,0,1,1,0,0,0,3,slightly_injured
2018,11,Wed,4,52.54114861,13.36220681,morning,9,daylight,0,dry,0,6,4,0,1,1,0,0,0,3,slightly_injured
2018,12,Sun,1,52.50327542,13.34969683,evening,19,dark,2,wet,1,6,2,0,1,1,0,0,0,3,slightly_injured
2018,11,Wed,4,52.51135853,13.38342556,morning,6,dusk,1,dry,0,6,2,0,1,1,0,0,0,3,slightly_injured
2018,12,Sun,1,52.54276743,13.19604713,evening,19,dark,2,wet,1,1,5,0,1,0,0,0,1,3,slightly_injured
2018,11,Wed,4,52.46711708,13.31992542,morning,8,dusk,1,dry,0,6,2,0,0,1,0,0,1,3,slightly_injured