ujahr,umonat,weekday,uwochentag,long,lat,time_of_day,ustunde,light_condition,ulichtverh,street_condition,ustrzustand,uart,utyp1,ist_rad,ist_pkw,ist_fuss,ist_krad,ist_gkfz,ist_sonstige,ukategorie,accident_outcome
2018,12,Sun,1,52.56197115,13.33152377,evening,18,dark,2,wet,1,2,6,0,1,0,0,0,0,3,slightly_injured
2018,12,Sun,1,52.46380096,13.32926443,afternoon,14,daylight,0,dry,0,0,7,0,1,0,1,0,0,3,slightly_injured
2018,11,Wed,4,52.5310788,13.37572957,evening,18,dark,2,dry,0,2,2,1,1,0,0,0,0,3,slightly_injured
2018,11,Wed,4,52.41067622,13.5083805,morning,8,daylight,0,dry,0,5,3,1,1,0,0,0,0,3,slightly_injured
2018,12,Sun,1,52.51083609,13.51879756,evening,18,dark,2,wet,1,2,6,0,1,0,0,0,0,3,slightly_injured
2018,11,Wed,4,52.43889613,13.4745304,morning,8,daylight,0,dry,0,2,2,0,1,0,0,0,0,3,slightly_injured
2018,11,Wed,4,52.49933116,13.43203228,morning,7,daylight,0,dry,0,5,3,0,1,0,0,0,0,3,slightly_injured
2018,12,Sun,1,52.52277663,13.32979166,evening,18,dark,2,wet,1,6,2,0,1,1,0,0,0,3,slightly_injured
2018,11,Wed,4,52.48032427,13.37735143,morning,6,dark,2,dry,0,3,6,0,1,0,0,1,0,3,slightly_injured
2018,12,Sun,1,52.51247961,13.45241309,afternoon,13,daylight,0,dry,0,5,2,1,1,0,0,0,0,3,slightly_injured
2018,11,Wed,4,52.56794176,13.4275478,morning,6,dark,2,dry,0,5,2,1,1,0,0,0,0,3,slightly_injured
2018,12,Sun,1,52.50808921,13.32812159,afternoon,12,daylight,0,dry,0,5,3,0,1,0,0,0,0,3,slightly_injured
2018,11,Wed,4,52.48951442,13.40584679,afternoon,14,daylight,0,dry,0,5,2,1,1,0,0,0,0,3,slightly_injured
2018,12,Sun,1,52.50226261,13.46998571,afternoon,17,dark,2,wet,1,6,2,0,1,1,0,0,0,3,slightly_injured
2018,11,Wed,4,52.55482892,13.44694474,morning,6,dusk,1,dry,0,6,4,0,1,1,0,0,0,3,slightly_injured
2018,11,Wed,4,52.59931863,13.25863594,afternoon,16,dark,2,dry,0,7,7,0,1,0,0,0,0,3,slightly_injured
2018,12,Sun,1,52.5276251,13.45869289,afternoon,17,dusk,1,wet,1,6,4,0,0,1,0,0,1,2,seriously_injured
2018,11,Wed,4,52.52360055,13.4642333,morning,10,daylight,0,dry,0,6,2,0,1,1,0,0,0,3,slightly_injured
2018,12,Sun,1,52.44530178,13.37933345,afternoon,16,dusk,1,wet,1,6,2,0,1,1,0,0,0,2,seriously_injured
2018,11,Wed,4,52.56325647,13.4768774,afternoon,16,dark,2,dry,0,5,3,0,1,0,0,0,0,3,slightly_injured
2018,11,Wed,4,52.53124977,13.41207336,afternoon,15,daylight,0,dry,0,6,4,1,0,1,0,0,0,2,seriously_injured
2018,12,Sun,1,52.53836735,13.39602438,afternoon,16,dusk,1,wet,1,6,2,0,1,1,0,0,0,2,seriously_injured
2018,11,Wed,4,52.49962679,13.45821356,afternoon,15,daylight,0,dry,0,5,3,1,1,0,0,0,0,3,slightly_injured
2018,12,Sun,1,52.53708656,13.21960019,afternoon,15,dusk,1,wet,1,5,3,0,1,0,0,0,0,3,slightly_injured
2018,11,Wed,4,52.50353478,13.30059898,afternoon,14,daylight,0,dry,0,3,6,1,1,0,0,0,0,3,slightly_injured
2018,12,Sun,1,52.53264618,13.38857663,afternoon,15,dusk,1,wet,1,1,5,1,1,0,0,0,1,3,slightly_injured
2018,11,Wed,4,52.54973964,13.38630378,morning,7,daylight,0,dry,0,0,7,1,1,0,0,0,0,3,slightly_injured
2018,12,Sun,1,52.55937006,13.45514128,afternoon,14,daylight,0,wet,1,2,3,0,1,0,1,0,0,3,slightly_injured
2018,11,Tue,3,52.54856882,13.34877495,afternoon,14,daylight,0,dry,0,0,4,1,0,1,0,0,0,3,slightly_injured
2018,11,Tue,3,52.52034868,13.19766178,afternoon,17,dark,2,dry,0,5,3,0,1,0,0,0,0,3,slightly_injured
2018,12,Sun,1,52.5210861,13.42971815,afternoon,14,daylight,0,wet,1,5,3,0,1,0,0,0,0,3,slightly_injured
2018,12,Sun,1,52.50267752,13.3880207,afternoon,13,dusk,1,wet,1,1,5,1,1,0,0,0,0,2,seriously_injured
2018,11,Tue,3,52.49438049,13.34679851,afternoon,16,dusk,1,dry,0,2,6,0,1,0,0,0,0,3,slightly_injured
2018,12,Sun,1,52.48184228,13.41005818,morning,8,daylight,0,dry,0,1,1,0,1,0,0,1,0,2,seriously_injured
2018,12,Sun,1,52.47199512,13.38524054,morning,6,dark,2,wet,1,8,1,0,1,0,0,0,0,2,seriously_injured
2018,11,Tue,3,52.49525198,13.39756888,afternoon,15,daylight,0,dry,0,0,1,1,0,0,0,0,0,3,slightly_injured
2018,12,Sun,1,52.53741626,13.52817791,night,5,dark,2,wet,1,9,1,0,1,0,0,0,0,2,seriously_injured
2018,12,Sun,1,52.42013268,13.48995995,afternoon,17,dark,2,wet,1,6,4,0,1,1,0,0,0,1,killed
2018,11,Tue,3,52.47417164,13.45521501,afternoon,15,daylight,0,dry,0,2,6,0,1,0,0,0,0,3,slightly_injured
2018,12,Sat,7,52.56648673,13.56206248,afternoon,17,dark,2,wet,1,5,3,0,1,0,0,0,1,3,slightly_injured
2018,11,Tue,3,52.46342426,13.40282351,afternoon,12,daylight,0,dry,0,2,6,0,1,0,0,0,0,3,slightly_injured
2018,12,Sat,7,52.4650545,13.32850995,afternoon,17,dusk,1,wet,1,5,2,0,1,0,1,0,0,3,slightly_injured
2018,11,Tue,3,52.48953066,13.37814701,morning,9,daylight,0,dry,0,2,6,0,1,0,1,0,0,3,slightly_injured
2018,12,Sat,7,52.47781137,13.43388978,afternoon,16,daylight,0,dry,0,5,5,0,1,0,1,0,0,3,slightly_injured
2018,11,Tue,3,52.4632504,13.33642393,morning,9,daylight,0,dry,0,3,2,1,1,0,0,0,0,3,slightly_injured
2018,12,Sat,7,52.41912913,13.35959913,afternoon,17,dark,2,wet,1,2,6,0,1,0,0,0,0,3,slightly_injured
2018,12,Sat,7,52.58195802,13.4455007,afternoon,17,dark,2,wet,1,2,6,0,1,0,0,0,0,3,slightly_injured
2018,11,Tue,3,52.54600417,13.39512954,afternoon,17,dark,2,dry,0,5,3,1,1,0,0,0,0,3,slightly_injured
2018,12,Sat,7,52.47177367,13.3196658,afternoon,17,dark,2,wet,1,0,6,0,0,1,1,0,0,3,slightly_injured
2018,12,Sat,7,52.42807657,13.44980828,afternoon,17,dark,2,wet,1,3,6,0,1,0,0,0,0,3,slightly_injured
2018,11,Tue,3,52.50480806,13.34302268,morning,9,daylight,0,dry,0,5,3,1,1,0,0,0,0,3,slightly_injured
2018,12,Sat,7,52.52888175,13.45769109,afternoon,16,dark,2,wet,1,5,2,0,1,0,0,0,0,3,slightly_injured
2018,11,Tue,3,52.4319936,13.46009959,morning,9,daylight,0,dry,0,5,2,0,1,0,0,0,0,2,seriously_injured
2018,11,Tue,3,52.53702421,13.50542434,morning,8,daylight,0,dry,0,2,2,1,1,0,0,0,0,3,slightly_injured
2018,12,Sat,7,52.59190951,13.28618278,afternoon,15,daylight,0,wet,1,5,3,0,1,0,1,0,0,3,slightly_injured
2018,11,Tue,3,52.51012536,13.43022212,morning,8,daylight,0,dry,0,5,3,1,0,0,0,0,0,2,seriously_injured
2018,12,Sat,7,52.40896418,13.26731162,afternoon,15,dusk,1,wet,1,5,3,0,1,0,1,0,0,2,seriously_injured
2018,11,Tue,3,52.47320149,13.32861685,morning,8,daylight,0,dry,0,2,6,0,1,0,0,0,0,3,slightly_injured
2018,12,Sat,7,52.51146046,13.26914044,afternoon,14,daylight,0,wet,1,2,6,0,1,0,0,0,0,3,slightly_injured
2018,11,Tue,3,52.41663482,13.40975986,morning,7,daylight,0,dry,0,5,3,1,1,0,0,0,0,3,slightly_injured
2018,12,Sat,7,52.42119617,13.25751533,afternoon,14,daylight,0,wet,1,5,3,0,1,0,0,0,0,3,slightly_injured
2018,12,Sat,7,52.59089558,13.28234306,afternoon,13,daylight,0,wet,1,5,2,0,1,0,0,0,0,3,slightly_injured
2018,11,Wed,4,52.57625801,13.51876052,morning,7,dusk,1,dry,0,5,3,1,1,0,0,0,0,3,slightly_injured
2018,11,Tue,3,52.54644045,13.59218212,morning,7,daylight,0,wet,1,6,2,0,1,1,0,0,0,3,slightly_injured
2018,12,Sat,7,52.41103046,13.6545626,afternoon,12,daylight,0,wet,1,5,3,0,1,0,0,0,0,3,slightly_injured
2018,11,Tue,3,52.52552918,13.30374158,morning,7,dusk,1,dry,0,5,3,1,1,0,0,0,0,2,seriously_injured
2018,11,Tue,3,52.54811069,13.47779253,morning,6,dark,2,wet,1,5,3,1,1,0,0,0,0,3,slightly_injured
2018,12,Sat,7,52.45710579,13.32340129,morning,11,daylight,0,dry,0,6,3,0,1,1,0,0,0,2,seriously_injured
2018,11,Tue,3,52.51351368,13.6121888,morning,6,dark,2,dry,0,1,5,1,1,0,0,0,0,3,slightly_injured
2018,12,Sat,7,52.54848184,13.59253156,evening,19,dark,2,wet,1,2,6,0,1,0,0,0,1,3,slightly_injured
2018,11,Tue,3,52.43329554,13.3530915,evening,21,dark,2,dry,0,5,3,0,1,0,0,0,0,3,slightly_injured
2018,12,Sat,7,52.49982286,13.4182398,night,2,dark,2,dry,0,3,6,1,1,0,0,0,0,3,slightly_injured
2018,12,Sat,7,52.42404727,13.31431945,evening,18,dark,2,dry,0,6,2,0,1,1,0,0,0,3,slightly_injured
2018,11,Tue,3,52.49974545,13.42483164,evening,20,dark,2,dry,0,2,6,1,0,0,0,0,0,3,slightly_injured
2018,12,Sat,7,52.50481176,13.4407671,night,5,dark,2,wet,1,0,1,0,0,0,0,0,1,3,slightly_injured
2018,11,Wed,4,52.45711733,13.53240077,afternoon,13,daylight,0,dry,0,6,7,0,1,1,0,0,0,3,slightly_injured
2018,11,Tue,3,52.47950326,13.45560509,evening,19,dark,2,dry,0,6,2,0,1,1,0,0,0,3,slightly_injured
2018,12,Sat,7,52.50949955,13.28950855,afternoon,15,daylight,0,wet,1,0,2,1,1,0,0,0,0,3,slightly_injured
2018,11,Tue,3,52.523458,13.35971189,evening,18,dusk,1,dry,0,5,3,0,1,0,0,0,0,3,slightly_injured
2018,11,Tue,3,52.5656768,13.25672036,night,1,dark,2,dry,0,1,5,0,1,0,1,0,0,2,seriously_injured
2018,11,Fri,6,52.48500435,13.38092137,evening,21,dark,2,wet,1,0,7,0,1,0,0,0,0,3,slightly_injured
2018,11,Mon,2,52.456278,13.30129325,morning,8,daylight,0,dry,0,1,5,1,1,0,0,0,1,2,seriously_injured
2018,11,Fri,6,52.49387001,13.4028346,evening,22,dark,2,wet,1,5,2,1,1,0,0,0,0,3,slightly_injured
2018,11,Mon,2,52.56842582,13.36784413,evening,22,dark,2,dry,0,1,5,1,1,0,0,0,0,3,slightly_injured
2018,11,Fri,6,52.53303115,13.19864239,evening,20,dark,2,wet,1,6,2,0,1,1,0,0,0,3,slightly_injured
2018,11,Mon,2,52.47620229,13.33274275,evening,19,dark,2,dry,0,6,4,1,0,1,0,0,0,3,slightly_injured
2018,11,Fri,6,52.59678682,13.36053477,evening,19,dark,2,wet,1,6,2,0,1,1,0,0,0,3,slightly_injured
2018,11,Mon,2,52.51474918,13.30473,evening,19,dark,2,dry,0,6,4,0,1,1,0,0,0,3,slightly_injured
2018,11,Wed,4,52.49839571,13.33437905,afternoon,14,daylight,0,dry,0,5,3,1,1,0,0,0,0,3,slightly_injured
2018,11,Fri,6,52.5146149,13.37740002,evening,19,dark,2,wet,1,0,2,0,1,0,1,0,0,3,slightly_injured
2018,11,Mon,2,52.4467365,13.4019918,evening,19,dark,2,dry,0,5,7,0,1,0,0,0,0,3,slightly_injured
2018,11,Mon,2,52.42301258,13.35744729,evening,18,dark,2,dry,0,5,7,0,1,0,0,0,0,2,seriously_injured
2018,11,Fri,6,52.53238988,13.3507065,evening,19,dark,2,wet,1,6,2,0,1,1,0,0,0,3,slightly_injured
2018,11,Fri,6,52.41684245,13.58106764,evening,19,dark,2,wet,1,0,2,1,0,0,0,1,0,3,slightly_injured
2018,11,Mon,2,52.52398021,13.3896784,evening,18,dark,2,dry,0,1,5,0,1,0,1,0,0,3,slightly_injured
2018,11,Fri,6,52.58889641,13.28816058,evening,19,dark,2,wet,1,2,7,0,1,0,0,0,0,3,slightly_injured
2018,11,Fri,6,52.44550366,13.26788184,evening,18,dark,2,wet,1,5,3,1,1,0,0,0,0,3,slightly_injured
2018,11,Mon,2,52.43085898,13.23003337,evening,18,dark,2,dry,0,5,2,0,1,0,0,0,1,3,slightly_injured
2018,11,Fri,6,52.48738172,13.42684759,evening,18,dark,2,wet,1,6,7,0,1,1,0,0,0,3,slightly_injured
2018,11,Mon,2,52.59503824,13.28588048,evening,18,dark,2,wet,1,3,2,0,1,0,0,0,1,3,slightly_injured
2018,11,Fri,6,52.52668949,13.33557297,evening,18,dark,2,wet,1,6,2,0,1,1,0,0,0,2,seriously_injured
2018,11,Mon,2,52.52774803,13.21906742,afternoon,17,dark,2,dry,0,2,7,0,1,0,0,0,0,3,slightly_injured
2018,11,Fri,6,52.46209936,13.5829046,afternoon,14,daylight,0,wet,1,2,6,0,1,0,0,0,1,3,slightly_injured
2018,11,Fri,6,52.50519297,13.62083684,afternoon,14,daylight,0,wet,1,5,3,1,1,0,0,0,0,3,slightly_injured
2018,11,Mon,2,52.56086565,13.41608665,afternoon,17,dark,2,dry,0,6,6,0,1,1,0,0,0,2,seriously_injured
2018,11,Fri,6,52.56528844,13.50823181,afternoon,14,daylight,0,wet,1,0,2,1,1,0,0,0,0,3,slightly_injured
2018,11,Fri,6,52.44553057,13.26784781,afternoon,14,dusk,1,wet,1,5,3,1,1,0,0,0,0,3,slightly_injured
2018,11,Fri,6,52.52535396,13.3565106,afternoon,13,daylight,0,wet,1,1,5,0,1,0,0,1,0,2,seriously_injured
2018,11,Fri,6,52.51512184,13.34888375,evening,18,dark,2,wet,1,5,3,1,1,0,0,0,0,3,slightly_injured
2018,11,Mon,2,52.53608591,13.60215608,afternoon,16,dark,2,dry,0,5,3,0,1,0,0,0,0,3,slightly_injured
2018,11,Fri,6,52.49813877,13.42958692,morning,11,daylight,0,wet,1,5,3,0,1,0,0,1,0,3,slightly_injured
2018,11,Fri,6,52.50572406,13.32293061,evening,18,dark,2,wet,1,6,2,0,1,1,0,0,0,3,slightly_injured
2018,11,Mon,2,52.52687713,13.48533385,afternoon,16,dark,2,dry,0,0,1,1,0,0,0,0,0,3,slightly_injured
2018,11,Fri,6,52.52883024,13.45773165,morning,9,daylight,0,dry,0,5,2,0,1,0,0,0,0,3,slightly_injured
2018,11,Mon,2,52.50222327,13.47071397,afternoon,16,dark,2,dry,0,3,6,0,1,0,0,0,0,3,slightly_injured
2018,11,Fri,6,52.54630401,13.34369842,morning,10,daylight,0,wet,1,5,2,1,1,0,0,0,0,2,seriously_injured
2018,11,Mon,2,52.44555918,13.38565574,afternoon,15,dusk,1,dry,0,6,6,0,0,1,0,1,0,3,slightly_injured
2018,11,Fri,6,52.63279366,13.28097573,morning,9,daylight,0,dry,0,5,3,0,1,0,0,0,0,3,slightly_injured
2018,11,Mon,2,52.52633531,13.46585125,afternoon,15,dusk,1,dry,0,1,5,0,1,0,0,0,0,3,slightly_injured
2018,11,Fri,6,52.55501152,13.46786286,morning,8,daylight,0,dry,0,6,4,0,1,1,0,0,0,3,slightly_injured
2018,11,Wed,4,52.48772155,13.37620803,evening,18,dark,2,wet,1,0,7,1,0,0,0,0,0,3,slightly_injured
2018,12,Mon,2,52.45664134,13.35934741,afternoon,16,dark,2,wet,1,6,2,0,1,1,0,0,0,3,slightly_injured
2018,11,Mon,2,52.48117951,13.41309452,afternoon,17,dusk,1,dry,0,2,6,0,1,0,0,0,0,3,slightly_injured
2018,11,Fri,6,52.54204061,13.20457011,morning,8,daylight,0,dry,0,5,7,0,1,0,0,0,1,3,slightly_injured
2018,11,Mon,2,52.52882028,13.40970344,afternoon,14,daylight,0,dry,0,0,7,0,0,0,0,0,1,3,slightly_injured
2018,11,Mon,2,52.51829515,13.44096872,morning,9,daylight,0,dry,0,1,7,0,1,0,0,0,0,3,slightly_injured
2018,12,Mon,2,52.45341543,13.51018257,morning,11,daylight,0,dry,0,6,7,1,0,1,0,0,0,3,slightly_injured
2018,11,Mon,2,52.51851781,13.28339446,morning,8,daylight,0,dry,0,2,2,0,1,0,0,0,1,3,slightly_injured
2018,11,Fri,6,52.46030848,13.32833947,morning,7,dusk,1,dry,0,5,2,0,1,0,0,0,0,3,slightly_injured
2018,11,Mon,2,52.49832291,13.40599635,afternoon,12,daylight,0,dry,0,3,6,1,0,0,0,0,1,3,slightly_injured
2018,11,Mon,2,52.59716449,13.36527637,afternoon,15,dark,2,dry,0,0,5,0,1,0,0,0,1,3,slightly_injured
2018,11,Fri,6,52.53917536,13.32978475,night,0,dark,2,dry,0,9,1,0,1,0,0,0,0,3,slightly_injured
2018,11,Mon,2,52.55956595,13.49481139,afternoon,15,daylight,0,dry,0,5,7,0,0,0,0,1,1,3,slightly_injured
2018,11,Fri,6,52.45310635,13.5240013,afternoon,17,dark,2,wet,1,6,2,0,1,1,0,0,0,3,slightly_injured
2018,12,Mon,2,52.53076488,13.35106424,afternoon,15,daylight,0,wet,1,0,7,1,1,0,0,0,0,3,slightly_injured
2018,11,Mon,2,52.55263897,13.38076086,afternoon,13,daylight,0,dry,0,1,5,0,1,0,0,1,0,3,slightly_injured
2018,11,Fri,6,52.51604381,13.44029804,afternoon,17,dark,2,wet,1,6,7,1,0,1,0,0,0,3,slightly_injured
2018,11,Wed,4,52.58486633,13.39801245,afternoon,14,daylight,0,dry,0,5,3,0,1,0,0,0,1,3,slightly_injured
2018,12,Mon,2,52.46092295,13.27534483,afternoon,15,daylight,0,wet,1,5,3,1,1,0,0,0,0,3,slightly_injured
2018,11,Fri,6,52.53707317,13.44945374,afternoon,16,dark,2,wet,1,5,2,1,1,0,0,0,0,3,slightly_injured
2018,11,Mon,2,52.50051596,13.33033306,afternoon,12,daylight,0,dry,0,1,5,1,1,0,0,0,1,3,slightly_injured
2018,11,Mon,2,52.49596848,13.33458948,afternoon,12,daylight,0,dry,0,5,3,0,1,0,0,0,1,3,slightly_injured
2018,11,Fri,6,52.5120101,13.37589652,afternoon,16,dark,2,wet,1,4,7,1,1,0,0,0,0,3,slightly_injured
2018,11,Mon,2,52.51879884,13.28652847,afternoon,12,daylight,0,dry,0,5,2,1,0,0,0,0,1,3,slightly_injured
2018,11,Fri,6,52.50385317,13.35277783,afternoon,16,dark,2,wet,1,3,2,0,1,0,1,0,0,3,slightly_injured
2018,12,Mon,2,52.57800495,13.33284269,afternoon,13,daylight,0,wet,1,0,1,0,0,0,1,0,0,3,slightly_injured
2018,11,Fri,6,52.49651814,13.35789348,afternoon,17,dark,2,wet,1,6,4,0,1,1,0,0,0,3,slightly_injured
2018,11,Mon,2,52.60488339,13.42292543,morning,11,daylight,0,dry,0,5,3,1,0,0,0,0,1,3,slightly_injured
2018,11,Fri,6,52.40889774,13.26741079,afternoon,15,dark,2,wet,1,2,2,0,1,0,0,0,0,3,slightly_injured
2018,12,Mon,2,52.43175222,13.46015593,evening,21,dark,2,wet,1,6,2,0,1,1,0,0,0,3,slightly_injured
2018,11,Mon,2,52.57736049,13.30809172,morning,11,daylight,0,dry,0,2,6,0,1,0,0,0,0,3,slightly_injured
2018,11,Fri,6,52.47812876,13.44818485,afternoon,16,dark,2,wet,1,2,6,0,1,0,0,0,0,3,slightly_injured
2018,12,Mon,2,52.45544018,13.61824335,evening,20,dark,2,wet,1,6,3,0,1,1,0,0,0,3,slightly_injured
2018,11,Fri,6,52.5830612,13.34335114,afternoon,16,dark,2,wet,1,2,6,0,1,0,0,0,0,3,slightly_injured
2018,11,Mon,2,52.54774183,13.57732419,morning,10,daylight,0,dry,0,5,3,1,1,0,0,0,0,3,slightly_injured
2018,11,Mon,2,52.49927549,13.33529531,morning,10,daylight,0,dry,0,2,2,0,1,0,0,0,0,3,slightly_injured
2018,11,Fri,6,52.4994397,13.29051886,afternoon,16,dark,2,wet,1,6,4,0,1,1,0,0,0,3,slightly_injured
2018,11,Fri,6,52.56403473,13.50693751,afternoon,17,dark,2,wet,1,6,4,0,0,1,0,0,1,2,seriously_injured
2018,11,Mon,2,52.52662065,13.45881976,morning,10,daylight,0,dry,0,5,2,1,1,0,0,0,0,3,slightly_injured
2018,11,Fri,6,52.49201003,13.30944623,evening,19,dark,2,wet,1,2,6,0,1,0,0,0,0,3,slightly_injured
2018,11,Fri,6,52.4845356,13.35273587,afternoon,16,dark,2,wet,1,6,4,0,1,1,0,0,0,3,slightly_injured
2018,12,Mon,2,52.4989024,13.34520064,evening,19,dark,2,dry,0,0,2,1,1,0,0,0,0,3,slightly_injured
2018,11,Sun,1,52.46701412,13.38267705,afternoon,17,dusk,1,dry,0,5,3,0,1,0,0,0,0,3,slightly_injured
2018,11,Fri,6,52.58381678,13.28704482,afternoon,17,dark,2,wet,1,1,5,1,1,0,0,0,0,3,slightly_injured
2018,11,Sun,1,52.55197213,13.29407813,afternoon,17,dark,2,dry,0,2,7,0,1,0,0,0,0,3,slightly_injured
2018,12,Mon,2,52.51099993,13.32340896,evening,18,dark,2,wet,1,5,2,0,1,0,1,0,0,3,slightly_injured
2018,11,Fri,6,52.5559428,13.44009905,afternoon,16,dark,2,wet,1,5,3,1,1,0,0,0,0,3,slightly_injured
2018,11,Sun,1,52.52641161,13.34137035,evening,19,dark,2,dry,0,2,6,0,1,0,0,0,0,3,slightly_injured
2018,11,Fri,6,52.55135616,13.34065227,afternoon,15,dusk,1,wet,1,6,4,0,1,1,0,0,0,3,slightly_injured
2018,11,Sun,1,52.58957366,13.32543049,afternoon,16,dark,2,dry,0,0,2,1,1,0,0,0,0,3,slightly_injured
2018,12,Mon,2,52.43810457,13.5486303,afternoon,13,daylight,0,wet,1,6,7,1,0,1,0,0,0,3,slightly_injured
2018,11,Fri,6,52.62310799,13.30299198,afternoon,15,daylight,0,wet,1,1,5,0,1,0,0,0,0,3,slightly_injured
2018,11,Sun,1,52.53212327,13.40332064,afternoon,16,dusk,1,dry,0,1,5,1,1,0,0,0,0,3,slightly_injured
2018,11,Fri,6,52.48130697,13.45236337,afternoon,17,dark,2,wet,1,5,3,0,1,0,0,0,0,3,slightly_injured
2018,11,Fri,6,52.52866829,13.41051589,night,5,dark,2,dry,0,1,5,0,1,0,0,0,1,1,killed
2018,11,Sun,1,52.51825565,13.17138476,afternoon,14,daylight,0,dry,0,2,2,0,1,0,0,0,0,3,slightly_injured
2018,11,Thu,5,52.50262801,13.44672824,evening,19,dark,2,dry,0,5,2,1,1,0,0,0,0,3,slightly_injured
2018,11,Thu,5,52.52491294,13.3792364,morning,11,daylight,0,dry,0,1,5,1,1,0,0,0,0,3,slightly_injured
2018,12,Mon,2,52.56246514,13.33042385,afternoon,17,dark,2,wet,1,6,4,0,1,1,0,0,0,2,seriously_injured
2018,11,Sun,1,52.51008785,13.37635753,afternoon,12,daylight,0,dry,0,5,3,1,1,0,0,0,0,3,slightly_injured
2018,11,Thu,5,52.5464457,13.35925118,morning,11,daylight,0,dry,0,5,2,0,1,0,0,0,0,2,seriously_injured
2018,11,Sun,1,52.55125027,13.41855396,morning,11,daylight,0,dry,0,5,3,0,1,0,0,0,0,3,slightly_injured
2018,11,Sun,1,52.50673537,13.47609084,morning,6,dark,2,wet,1,2,6,0,1,0,0,0,0,3,slightly_injured
2018,11,Thu,5,52.41263746,13.3927537,morning,11,daylight,0,dry,0,6,2,0,1,1,0,0,0,3,slightly_injured
2018,11,Sun,1,52.50037288,13.43808998,night,3,dark,2,dry,0,2,6,0,1,0,0,0,0,3,slightly_injured
2018,11,Thu,5,52.51697758,13.30648836,morning,9,daylight,0,dry,0,2,6,0,1,0,1,0,0,3,slightly_injured
2018,11,Sun,1,52.51695829,13.31698133,night,1,dark,2,dry,0,1,5,1,1,0,0,0,0,3,slightly_injured
2018,11,Thu,5,52.55682174,13.37434237,morning,8,daylight,0,dry,0,3,6,1,0,0,0,0,0,3,slightly_injured
2018,11,Sat,7,52.43976041,13.25548355,afternoon,12,daylight,0,wet,1,6,7,1,0,1,0,0,0,3,slightly_injured
2018,11,Thu,5,52.47437472,13.29048229,morning,7,daylight,0,dry,0,1,5,1,1,0,0,0,0,3,slightly_injured
2018,11,Thu,5,52.59692767,13.29584985,morning,7,dusk,1,dry,0,4,7,1,1,0,0,0,0,3,slightly_injured
2018,11,Wed,4,52.57772833,13.29717155,evening,18,dark,2,dry,0,6,2,0,1,1,0,0,0,3,slightly_injured
2018,12,Mon,2,52.50242781,13.4694844,afternoon,17,dark,2,wet,1,2,2,0,1,0,0,0,0,3,slightly_injured
2018,11,Sat,7,52.47084905,13.51667158,evening,20,dark,2,dry,0,5,2,0,1,0,0,0,1,3,slightly_injured
2018,11,Thu,5,52.50280962,13.58705033,morning,7,daylight,0,dry,0,5,2,1,1,0,0,0,0,3,slightly_injured
2018,11,Sat,7,52.5159345,13.46034386,evening,19,dark,2,dry,0,5,3,1,0,0,0,0,0,3,slightly_injured
2018,11,Sat,7,52.52600031,13.34318815,afternoon,16,dark,2,dry,0,3,6,0,1,0,0,0,0,3,slightly_injured
2018,11,Thu,5,52.45053144,13.31534068,evening,20,dark,2,dry,0,5,3,1,1,0,0,0,0,3,slightly_injured
2018,11,Sat,7,52.56701603,13.41436275,afternoon,16,dark,2,dry,0,2,6,0,1,0,0,0,0,3,slightly_injured
2018,11,Thu,5,52.59558488,13.33627259,afternoon,17,dark,2,dry,0,5,3,1,1,0,0,0,0,3,slightly_injured
2018,12,Mon,2,52.52394051,13.3308969,afternoon,17,dark,2,wet,1,3,6,0,1,0,0,0,1,3,slightly_injured
2018,11,Sat,7,52.46920496,13.45398237,afternoon,15,dusk,1,dry,0,5,3,1,0,0,0,0,1,3,slightly_injured
2018,11,Thu,5,52.51461297,13.57985583,morning,11,daylight,0,dry,0,2,7,0,1,0,0,0,0,3,slightly_injured
2018,11,Wed,4,52.51627379,13.27703091,afternoon,14,daylight,0,dry,0,1,5,1,1,0,0,0,0,3,slightly_injured
2018,12,Mon,2,52.54908443,13.5888358,afternoon,17,dark,2,dry,0,2,6,0,1,0,0,0,0,3,slightly_injured
2018,11,Thu,5,52.52509373,13.34519888,morning,10,daylight,0,dry,0,0,6,0,1,0,0,0,1,3,slightly_injured
2018,11,Sat,7,52.58496008,13.31184356,afternoon,15,dusk,1,dry,0,3,6,1,1,0,0,0,0,3,slightly_injured
2018,11,Sat,7,52.50264976,13.316999,afternoon,14,daylight,0,dry,0,1,5,0,1,0,0,0,0,3,slightly_injured
2018,11,Thu,5,52.54792966,13.57804305,morning,9,daylight,0,dry,0,3,6,0,1,0,0,0,1,2,seriously_injured
2018,11,Wed,4,52.46406772,13.32469227,evening,18,dark,2,dry,0,6,4,1,0,1,0,0,0,3,slightly_injured
2018,11,Sat,7,52.39376315,13.40635368,evening,18,dark,2,dry,0,6,2,0,1,1,0,0,0,3,slightly_injured
2018,11,Thu,5,52.57540511,13.51077157,evening,18,dark,2,dry,0,6,4,0,1,1,0,0,0,3,slightly_injured
2018,11,Sat,7,52.47252227,13.32773161,afternoon,14,daylight,0,dry,0,5,3,1,0,0,0,0,1,3,slightly_injured