ujahr,umonat,weekday,uwochentag,long,lat,time_of_day,ustunde,light_condition,ulichtverh,street_condition,ustrzustand,uart,utyp1,ist_rad,ist_pkw,ist_fuss,ist_krad,ist_gkfz,ist_sonstige,ukategorie,accident_outcome
2018,11,Sat,7,52.55183553,13.38246604,evening,23,dark,2,dry,0,6,4,0,1,1,0,0,0,2,seriously_injured
2018,11,Thu,5,52.53337169,13.29432306,morning,10,daylight,0,dry,0,2,6,0,1,0,0,0,0,3,slightly_injured
2018,11,Sat,7,52.43695415,13.44774405,afternoon,17,dusk,1,dry,0,6,4,0,1,1,0,0,0,2,seriously_injured
2018,11,Thu,5,52.51811408,13.4278239,afternoon,17,dusk,1,dry,0,3,6,1,0,0,0,0,0,3,slightly_injured
2018,11,Sat,7,52.49820199,13.35956087,afternoon,17,dark,2,dry,0,6,4,0,1,1,0,0,0,2,seriously_injured
2018,11,Thu,5,52.48218585,13.424611,afternoon,17,dusk,1,dry,0,6,2,0,1,1,0,0,0,3,slightly_injured
2018,11,Sat,7,52.50187224,13.32171765,afternoon,13,daylight,0,dry,0,5,3,1,1,0,0,0,0,2,seriously_injured
2018,11,Thu,5,52.50621193,13.62115164,afternoon,16,dark,2,dry,0,5,7,0,1,0,1,0,0,3,slightly_injured
2018,11,Sat,7,52.52896056,13.40173412,afternoon,13,daylight,0,dry,0,5,3,0,1,0,1,0,0,2,seriously_injured
2018,11,Thu,5,52.49185531,13.31884624,afternoon,15,dusk,1,dry,0,5,2,1,1,0,0,0,0,3,slightly_injured
2018,11,Thu,5,52.57559995,13.32916665,afternoon,15,dusk,1,dry,0,5,3,0,1,0,0,0,0,3,slightly_injured
2018,11,Sat,7,52.47493178,13.47366074,evening,21,dark,2,wet,1,6,2,0,1,1,0,0,0,3,slightly_injured
2018,11,Thu,5,52.5160867,13.31049702,afternoon,15,dusk,1,dry,0,0,3,0,1,0,0,0,1,3,slightly_injured
2018,11,Sat,7,52.52329425,13.30607007,afternoon,12,daylight,0,dry,0,5,2,0,1,0,0,0,1,3,slightly_injured
2018,11,Thu,5,52.54878122,13.17776036,afternoon,14,daylight,0,dry,0,2,6,0,1,0,0,0,0,3,slightly_injured
2018,11,Thu,5,52.52037971,13.32734965,afternoon,14,daylight,0,dry,0,6,2,0,1,1,0,0,0,3,slightly_injured
2018,11,Sat,7,52.51982579,13.43764666,morning,11,daylight,0,dry,0,1,5,1,1,0,0,0,0,3,slightly_injured
2018,11,Thu,5,52.57569898,13.32328334,afternoon,13,daylight,0,dry,0,5,3,1,1,0,0,0,0,3,slightly_injured
2018,11,Thu,5,52.44465135,13.51039938,afternoon,13,daylight,0,dry,0,5,3,1,1,0,0,0,0,3,slightly_injured
2018,11,Sat,7,52.48383139,13.32033337,morning,10,daylight,0,dry,0,5,7,0,1,0,1,0,0,3,slightly_injured
2018,11,Thu,5,52.44438627,13.33876242,afternoon,13,daylight,0,dry,0,5,2,0,1,0,0,0,0,2,seriously_injured
2018,11,Sat,7,52.52661117,13.38718939,night,1,dark,2,dry,0,0,1,1,0,0,0,0,0,3,slightly_injured
2018,11,Thu,5,52.51728932,13.44069061,afternoon,13,daylight,0,dry,0,5,2,1,0,0,0,0,0,3,slightly_injured
2018,11,Sat,7,52.50608207,13.41967866,night,3,dark,2,wet,1,5,3,0,1,0,0,0,0,3,slightly_injured
2018,11,Thu,5,52.43693752,13.44674095,afternoon,12,daylight,0,dry,0,5,3,0,1,0,1,0,0,2,seriously_injured
2018,11,Thu,5,52.46356798,13.46863139,afternoon,12,daylight,0,dry,0,5,2,0,1,0,0,0,0,3,slightly_injured
2018,11,Sat,7,52.51828648,13.30885368,afternoon,15,dusk,1,dry,0,5,3,1,0,0,1,0,0,3,slightly_injured
2018,11,Thu,5,52.50125549,13.31662405,night,0,dark,2,dry,0,9,1,0,1,0,0,0,0,3,slightly_injured
2018,11,Thu,5,52.55406868,13.41114853,afternoon,13,daylight,0,dry,0,5,3,0,1,0,0,0,1,2,seriously_injured
2018,11,Fri,6,52.53979495,13.20266414,evening,19,dark,2,dry,0,2,6,0,1,0,0,0,0,3,slightly_injured
2018,11,Wed,4,52.49097535,13.57584338,afternoon,15,dusk,1,wet,1,6,4,0,1,1,0,0,0,3,slightly_injured
2018,11,Fri,6,52.42737753,13.57244849,evening,21,dark,2,wet,1,1,5,1,1,0,0,0,0,3,slightly_injured
2018,11,Wed,4,52.52332034,13.40311152,morning,9,daylight,0,wet,1,2,7,1,0,0,0,0,1,3,slightly_injured
2018,11,Fri,6,52.46425707,13.44360309,evening,21,dark,2,dry,0,3,6,0,1,0,0,1,0,3,slightly_injured
2018,11,Wed,4,52.52133523,13.29980194,afternoon,12,daylight,0,dry,0,6,4,0,1,1,0,0,0,3,slightly_injured
2018,11,Fri,6,52.54676683,13.18876649,evening,20,dark,2,dry,0,6,4,0,1,1,0,0,0,2,seriously_injured
2018,11,Wed,4,52.53201344,13.38125886,evening,20,daylight,0,dry,0,2,6,0,1,0,0,0,0,3,slightly_injured
2018,11,Fri,6,52.54260501,13.32373573,evening,20,dark,2,dry,0,6,4,0,1,1,0,0,0,2,seriously_injured
2018,11,Wed,4,52.5049623,13.43128404,evening,19,dark,2,dry,0,1,5,0,1,0,0,0,1,3,slightly_injured
2018,11,Fri,6,52.52854915,13.39387488,evening,19,dark,2,dry,0,5,2,0,1,0,0,0,0,3,slightly_injured
2018,11,Wed,4,52.53688726,13.40795777,evening,19,dark,2,dry,0,1,5,1,1,0,0,0,0,3,slightly_injured
2018,11,Wed,4,52.49828824,13.39944571,evening,23,dark,2,dry,0,5,2,0,1,0,0,0,0,3,slightly_injured
2018,11,Fri,6,52.53255442,13.3985642,evening,18,dusk,1,dry,0,2,6,1,1,0,0,0,0,3,slightly_injured
2018,11,Fri,6,52.43194055,13.46015026,afternoon,16,dark,2,wet,1,5,7,0,1,0,1,0,0,2,seriously_injured
2018,11,Fri,6,52.57387738,13.33165849,afternoon,16,dark,2,dry,0,1,5,1,1,0,0,0,0,3,slightly_injured
2018,12,Fri,6,52.51704679,13.17713101,afternoon,12,daylight,0,wet,1,2,6,0,1,0,0,0,0,3,slightly_injured
2018,12,Wed,4,52.52667723,13.48544461,afternoon,15,daylight,0,dry,0,5,3,1,1,0,0,0,0,3,slightly_injured
2018,12,Fri,6,52.53038184,13.19702078,afternoon,13,daylight,0,wet,1,5,3,0,1,0,1,0,0,3,slightly_injured
2018,12,Wed,4,52.59414813,13.42441044,afternoon,14,daylight,0,dry,0,5,2,0,1,0,1,0,0,3,slightly_injured
2018,12,Fri,6,52.47897132,13.60089425,afternoon,12,daylight,0,wet,1,5,2,0,1,0,0,0,1,3,slightly_injured
2018,12,Wed,4,52.42363038,13.43658933,afternoon,17,dark,2,dry,0,2,2,0,1,0,0,0,0,3,slightly_injured
2018,12,Fri,6,52.51869143,13.3161213,morning,11,daylight,0,wet,1,5,7,1,1,0,0,0,0,3,slightly_injured
2018,12,Fri,6,52.53487314,13.19952895,morning,10,daylight,0,wet,1,6,4,0,0,1,0,1,0,2,seriously_injured
2018,12,Wed,4,52.54481136,13.56242121,afternoon,13,daylight,0,dry,0,2,6,0,1,0,0,0,0,3,slightly_injured
2018,12,Fri,6,52.53399801,13.60730924,morning,11,daylight,0,wet,1,5,3,1,1,0,0,0,0,3,slightly_injured
2018,12,Fri,6,52.57909812,13.42893294,morning,9,daylight,0,wet,1,5,3,0,1,0,0,0,0,3,slightly_injured
2018,12,Wed,4,52.44582206,13.26768427,afternoon,12,daylight,0,wet,1,2,6,0,1,0,0,0,0,3,slightly_injured
2018,12,Fri,6,52.5231526,13.43396695,morning,9,daylight,0,wet,1,5,3,1,1,0,0,0,0,2,seriously_injured
2018,12,Wed,4,52.54927388,13.4345414,morning,11,daylight,0,wet,1,2,6,0,1,0,0,0,0,3,slightly_injured
2018,12,Fri,6,52.56243783,13.49943176,morning,7,daylight,0,wet,1,5,3,1,1,0,0,0,0,2,seriously_injured
2018,12,Wed,4,52.43165619,13.49530133,morning,6,dusk,1,wet,1,5,2,0,1,0,0,0,0,3,slightly_injured
2018,12,Fri,6,52.46651234,13.47053848,morning,7,dusk,1,wet,1,2,6,0,1,0,0,0,0,3,slightly_injured
2018,12,Wed,4,52.51262719,13.61220824,morning,6,dark,2,wet,1,5,3,1,1,0,0,0,0,3,slightly_injured
2018,12,Fri,6,52.42959159,13.35170461,morning,7,dusk,1,wet,1,6,2,0,1,1,0,0,0,3,slightly_injured
2018,12,Wed,4,52.450963,13.43481096,morning,10,daylight,0,dry,0,3,6,0,1,0,0,0,1,3,slightly_injured
2018,12,Wed,4,52.50273025,13.32671365,morning,11,daylight,0,wet,1,1,5,1,1,0,0,0,0,3,slightly_injured
2018,12,Fri,6,52.56555026,13.52376649,morning,7,dusk,1,wet,1,6,7,0,1,1,0,0,0,3,slightly_injured
2018,12,Fri,6,52.51204935,13.28331602,morning,6,dark,2,wet,1,6,7,0,1,1,0,0,0,3,slightly_injured
2018,12,Wed,4,52.45658444,13.56239212,morning,10,daylight,0,dry,0,3,2,0,1,0,1,0,0,3,slightly_injured
2018,12,Wed,4,52.50544908,13.42229486,morning,10,daylight,0,wet,1,5,3,1,1,0,0,0,0,3,slightly_injured
2018,12,Fri,6,52.54397578,13.24702546,night,5,dark,2,wet,1,6,2,0,0,1,0,1,0,3,slightly_injured
2018,12,Wed,4,52.51069194,13.40997601,morning,9,daylight,0,wet,1,2,2,1,1,0,0,0,0,3,slightly_injured
2018,12,Wed,4,52.57629391,13.36047447,morning,9,daylight,0,wet,1,5,7,0,1,0,1,0,0,3,slightly_injured
2018,12,Fri,6,52.58512266,13.36648677,night,5,dark,2,wet,1,2,6,0,1,0,1,0,0,3,slightly_injured
2018,12,Wed,4,52.48401172,13.53203906,morning,8,daylight,0,wet,1,5,3,0,1,0,1,0,0,3,slightly_injured
2018,12,Fri,6,52.51752074,13.44749978,night,3,dark,2,wet,1,5,2,1,0,0,0,0,0,2,seriously_injured
2018,12,Wed,4,52.54210419,13.20606877,morning,7,daylight,0,wet,1,6,4,0,1,1,0,0,0,3,slightly_injured
2018,12,Fri,6,52.52565255,13.30426955,afternoon,13,daylight,0,wet,1,0,1,0,0,0,1,0,0,3,slightly_injured
2018,12,Wed,4,52.55329398,13.47501924,morning,7,daylight,0,dry,0,6,4,0,0,1,0,0,1,3,slightly_injured
2018,12,Wed,4,52.53063021,13.38297557,morning,6,dark,2,wet,1,6,2,0,1,1,0,0,0,3,slightly_injured
2018,12,Thu,5,52.46503005,13.4659417,afternoon,15,daylight,0,wet,1,5,3,1,1,0,0,0,0,3,slightly_injured
2018,12,Wed,4,52.41487981,13.36190621,morning,7,dusk,1,wet,1,6,4,0,1,1,0,0,0,2,seriously_injured
2018,12,Tue,3,52.51510347,13.34893986,morning,6,dark,2,wet,1,2,2,0,1,0,0,1,0,3,slightly_injured
2018,12,Thu,5,52.50098284,13.39144771,night,0,dark,2,dry,0,0,3,1,1,0,0,0,0,3,slightly_injured
2018,12,Tue,3,52.4701287,13.46473362,morning,6,dark,2,wet,1,6,2,0,1,1,0,0,0,3,slightly_injured
2018,12,Tue,3,52.63659813,13.50333813,morning,6,dark,2,wet,1,6,4,0,0,1,0,0,1,3,slightly_injured
2018,12,Thu,5,52.40973859,13.36886057,afternoon,15,dusk,1,dry,0,3,6,0,1,0,0,1,0,3,slightly_injured
2018,12,Tue,3,52.43777013,13.46262604,afternoon,16,dark,2,wet,1,6,4,0,1,1,0,0,0,2,seriously_injured
2018,12,Thu,5,52.6367398,13.50565204,afternoon,16,dusk,1,wet,1,3,6,0,1,0,1,0,0,3,slightly_injured
2018,12,Tue,3,52.56330514,13.32917192,afternoon,12,daylight,0,wet,1,0,4,0,0,1,1,0,0,3,slightly_injured
2018,12,Thu,5,52.53597131,13.4730371,afternoon,16,dark,2,wet,1,6,4,0,1,1,0,0,0,3,slightly_injured
2018,12,Tue,3,52.50564758,13.33371955,afternoon,15,daylight,0,dry,0,3,6,0,0,0,1,0,1,3,slightly_injured
2018,12,Thu,5,52.51055,13.4300642,afternoon,17,dark,2,wet,1,6,2,0,1,1,0,0,0,2,seriously_injured
2018,12,Tue,3,52.56079585,13.2148141,evening,19,dark,2,wet,1,2,3,0,1,0,0,0,0,3,slightly_injured
2018,12,Thu,5,52.56432962,13.32802341,evening,20,dark,2,wet,1,6,4,0,1,1,0,0,0,3,slightly_injured
2018,12,Tue,3,52.50961981,13.45691039,evening,19,dark,2,wet,1,5,7,1,1,0,0,0,0,3,slightly_injured
2018,12,Thu,5,52.45174994,13.31801074,evening,19,dark,2,wet,1,0,6,0,1,0,1,0,0,3,slightly_injured
2018,12,Tue,3,52.50306743,13.41224647,evening,18,dark,2,wet,1,5,3,1,1,0,0,0,0,3,slightly_injured
2018,12,Tue,3,52.58235388,13.42513324,afternoon,15,dusk,1,wet,1,1,5,1,1,0,0,0,0,3,slightly_injured
2018,12,Thu,5,52.53120356,13.61944082,afternoon,17,dark,2,wet,1,2,6,0,1,0,0,0,0,3,slightly_injured
2018,12,Thu,5,52.53115338,13.41228334,evening,19,dark,2,wet,1,2,3,0,1,0,1,0,0,3,slightly_injured
2018,12,Tue,3,52.50145604,13.29667844,afternoon,17,dark,2,wet,1,5,7,0,1,0,0,0,1,3,slightly_injured
2018,12,Thu,5,52.43082539,13.49429748,afternoon,17,dark,2,wet,1,1,5,1,1,0,0,0,0,3,slightly_injured
2018,12,Thu,5,52.49761353,13.29442502,evening,18,dark,2,wet,1,2,6,0,1,0,0,0,0,3,slightly_injured
2018,12,Tue,3,52.41613802,13.49759129,afternoon,16,dark,2,wet,1,6,2,0,1,1,0,0,0,3,slightly_injured
2018,12,Thu,5,52.60697251,13.42343585,afternoon,16,dark,2,wet,1,5,3,1,1,0,0,0,0,3,slightly_injured
2018,12,Tue,3,52.47077443,13.46326339,afternoon,16,dark,2,wet,1,6,4,0,1,1,0,0,0,3,slightly_injured
2018,12,Thu,5,52.53174438,13.41968287,afternoon,16,dark,2,wet,1,0,1,0,0,0,1,0,0,3,slightly_injured
2018,12,Tue,3,52.61853339,13.30748079,afternoon,16,dark,2,wet,1,1,5,0,1,0,0,0,1,3,slightly_injured
2018,12,Thu,5,52.58948237,13.32542107,afternoon,16,dark,2,wet,1,5,3,0,1,0,1,0,0,3,slightly_injured
2018,12,Wed,4,52.44532406,13.37948749,evening,18,dark,2,dry,0,5,2,0,1,0,1,0,0,3,slightly_injured
2018,12,Tue,3,52.58380161,13.40305377,afternoon,16,dark,2,wet,1,5,2,1,1,0,0,0,0,3,slightly_injured
2018,12,Thu,5,52.46085163,13.38469965,afternoon,17,dark,2,dry,0,5,2,1,1,0,0,0,0,3,slightly_injured
2018,12,Thu,5,52.56072949,13.3755614,afternoon,16,dark,2,wet,1,6,4,0,1,1,0,0,0,3,slightly_injured
2018,12,Tue,3,52.54680912,13.34543466,afternoon,15,dark,2,wet,1,5,2,1,1,0,0,0,0,3,slightly_injured
2018,12,Thu,5,52.52670194,13.41573679,afternoon,17,dark,2,wet,1,6,2,0,1,1,0,0,0,3,slightly_injured
2018,12,Tue,3,52.49647734,13.50854225,afternoon,15,dusk,1,wet,1,5,7,0,1,0,0,0,0,3,slightly_injured
2018,12,Thu,5,52.53143032,13.46925081,afternoon,17,dark,2,wet,1,0,2,0,1,1,0,0,0,3,slightly_injured
2018,12,Thu,5,52.4138331,13.30164852,evening,18,dark,2,dry,0,6,4,0,1,1,0,0,0,2,seriously_injured
2018,12,Tue,3,52.50036411,13.41392309,afternoon,15,dusk,1,wet,1,5,3,0,1,0,0,0,0,3,slightly_injured
2018,12,Thu,5,52.61354044,13.34387593,evening,18,dark,2,wet,1,6,2,0,1,1,0,0,0,2,seriously_injured
2018,12,Tue,3,52.41524667,13.34499808,afternoon,14,daylight,0,wet,1,0,7,0,1,0,1,0,0,3,slightly_injured
2018,12,Thu,5,52.51899787,13.43718999,evening,18,dark,2,wet,1,6,2,0,1,1,0,0,0,2,seriously_injured
2018,12,Tue,3,52.52595971,13.36739513,afternoon,14,daylight,0,wet,1,6,2,0,1,1,0,0,0,3,slightly_injured
2018,12,Thu,5,52.54458401,13.39899251,afternoon,16,dark,2,wet,1,1,5,0,0,0,0,0,1,3,slightly_injured
2018,12,Tue,3,52.56383569,13.49823247,morning,8,daylight,0,wet,1,2,6,0,1,0,0,0,1,3,slightly_injured
2018,12,Thu,5,52.45079641,13.53963996,afternoon,17,dark,2,wet,1,6,4,0,1,1,0,0,0,2,seriously_injured
2018,12,Thu,5,52.51493214,13.35105002,evening,19,dark,2,wet,1,3,6,0,1,0,1,0,0,2,seriously_injured
2018,12,Tue,3,52.5053403,13.3907439,morning,9,daylight,0,wet,1,6,4,0,0,1,0,0,1,3,slightly_injured
2018,12,Tue,3,52.52663947,13.48709295,afternoon,14,daylight,0,wet,1,0,1,0,0,0,1,0,0,3,slightly_injured
2018,12,Thu,5,52.53487855,13.49963083,afternoon,15,dusk,1,dry,0,5,3,0,1,0,0,0,0,3,slightly_injured
2018,12,Tue,3,52.53422351,13.3283557,morning,9,daylight,0,wet,1,6,4,0,1,1,0,0,0,3,slightly_injured
2018,12,Tue,3,52.45817664,13.63046926,afternoon,14,daylight,0,wet,1,2,6,0,1,0,0,0,0,3,slightly_injured
2018,12,Thu,5,52.4591244,13.40008113,evening,20,dark,2,wet,1,5,2,0,1,0,1,0,0,2,seriously_injured
2018,12,Tue,3,52.52893792,13.40097757,morning,9,daylight,0,wet,1,1,5,1,1,0,0,0,0,3,slightly_injured
2018,12,Tue,3,52.49823426,13.50178533,morning,9,daylight,0,wet,1,5,3,1,1,0,0,0,0,3,slightly_injured
2018,12,Thu,5,52.4063466,13.26831653,afternoon,17,dark,2,wet,1,2,6,0,1,0,0,0,0,3,slightly_injured
2018,12,Tue,3,52.50245193,13.32913711,morning,10,daylight,0,wet,1,6,7,0,1,1,0,0,0,3,slightly_injured
2018,12,Thu,5,52.59019582,13.30988775,afternoon,17,dark,2,wet,1,1,5,0,1,0,0,0,0,3,slightly_injured
2018,12,Tue,3,52.44944607,13.59362354,afternoon,12,daylight,0,wet,1,2,6,0,1,0,0,0,0,3,slightly_injured
2018,12,Thu,5,52.54053453,13.56978629,evening,19,dark,2,wet,1,2,6,0,1,0,0,0,0,3,slightly_injured
2018,12,Tue,3,52.46486316,13.3446553,afternoon,13,daylight,0,wet,1,5,3,0,1,0,0,0,0,2,seriously_injured
2018,12,Thu,5,52.48021842,13.42071578,afternoon,15,dusk,1,dry,0,2,6,0,1,0,0,0,0,3,slightly_injured
2018,12,Tue,3,52.50444296,13.44178519,afternoon,13,daylight,0,wet,1,2,6,1,0,0,0,0,1,3,slightly_injured
2018,12,Tue,3,52.56794027,13.42764639,afternoon,14,daylight,0,wet,1,5,2,0,1,0,0,0,0,3,slightly_injured
2018,12,Thu,5,52.45281426,13.45372041,evening,18,dark,2,wet,1,2,6,0,1,0,0,0,1,3,slightly_injured
2018,12,Tue,3,52.55975878,13.3697333,afternoon,14,daylight,0,wet,1,5,3,0,1,0,0,0,0,3,slightly_injured
2018,12,Tue,3,52.48617871,13.5743058,morning,7,dusk,1,wet,1,6,4,0,1,1,0,0,0,3,slightly_injured
2018,12,Fri,6,52.51101591,13.17167646,evening,21,dark,2,wet,1,5,3,0,1,0,0,0,0,3,slightly_injured
2018,12,Thu,5,52.52677545,13.37053232,evening,18,dark,2,dry,0,0,7,0,1,0,0,0,1,3,slightly_injured
2018,12,Tue,3,52.55829232,13.47600911,morning,7,dusk,1,wet,1,6,2,0,1,1,0,0,0,3,slightly_injured
2018,12,Thu,5,52.54435452,13.46854616,afternoon,13,daylight,0,dry,0,5,3,1,0,0,0,0,1,3,slightly_injured
2018,12,Thu,5,52.53860499,13.40962563,evening,19,dark,2,wet,1,0,4,0,0,1,0,0,1,3,slightly_injured
2018,12,Tue,3,52.57701861,13.36080583,morning,6,dark,2,wet,1,6,2,0,1,1,0,0,0,3,slightly_injured
2018,12,Thu,5,52.52396409,13.41171151,evening,21,dark,2,wet,1,5,2,0,1,0,0,0,0,3,slightly_injured
2018,12,Tue,3,52.55638118,13.43581263,morning,7,dusk,1,wet,1,6,4,0,1,1,0,0,0,3,slightly_injured
2018,12,Thu,5,52.6099235,13.47390636,afternoon,12,daylight,0,dry,0,5,3,0,1,0,0,0,0,3,slightly_injured
2018,12,Tue,3,52.51243041,13.49413189,morning,7,dark,2,wet,1,1,5,0,1,0,0,0,0,3,slightly_injured
2018,12,Thu,5,52.49332546,13.31471413,afternoon,12,daylight,0,dry,0,6,2,0,1,1,0,0,0,3,slightly_injured
2018,12,Tue,3,52.5691066,13.3297704,afternoon,14,daylight,0,wet,1,6,2,0,1,1,0,0,0,3,slightly_injured
2018,12,Tue,3,52.50154868,13.4410467,afternoon,17,dark,2,wet,1,1,5,1,1,0,0,0,0,3,slightly_injured
2018,12,Thu,5,52.42305428,13.43515165,morning,10,daylight,0,dry,0,5,3,0,1,0,0,0,1,3,slightly_injured
2018,12,Fri,6,52.51073131,13.29727208,afternoon,16,dark,2,wet,1,2,2,0,1,0,0,0,1,3,slightly_injured
2018,12,Thu,5,52.52497641,13.34613775,afternoon,13,daylight,0,dry,0,3,6,0,1,0,0,0,1,3,slightly_injured
2018,12,Tue,3,52.56406967,13.32805404,afternoon,17,dark,2,wet,1,3,6,0,1,0,0,1,0,3,slightly_injured
2018,12,Thu,5,52.54469036,13.23861303,morning,10,daylight,0,wet,1,6,4,0,1,1,0,0,0,3,slightly_injured
2018,12,Thu,5,52.5054404,13.43270482,morning,10,daylight,0,dry,0,1,5,1,1,0,0,0,0,3,slightly_injured
2018,12,Wed,4,52.55240631,13.42742621,afternoon,17,dark,2,dry,0,5,3,0,1,0,0,0,0,3,slightly_injured
2018,12,Tue,3,52.52770304,13.37876822,afternoon,17,dark,2,wet,1,6,4,0,1,1,0,0,0,3,slightly_injured
2018,12,Thu,5,52.52341266,13.38799283,morning,9,daylight,0,dry,0,6,2,1,0,1,0,0,0,3,slightly_injured
2018,12,Tue,3,52.51649505,13.48528296,evening,18,dark,2,wet,1,1,5,1,0,0,0,1,1,3,slightly_injured
2018,12,Fri,6,52.49309481,13.3688288,afternoon,16,dark,2,wet,1,6,4,0,1,1,0,0,0,3,slightly_injured
2018,12,Thu,5,52.50770479,13.3906149,morning,8,daylight,0,dry,0,2,6,1,1,0,0,0,0,3,slightly_injured
2018,12,Tue,3,52.53941654,13.58625834,afternoon,17,dark,2,wet,1,6,4,0,1,1,0,0,0,3,slightly_injured
2018,12,Mon,2,52.46472636,13.33286579,evening,18,dark,2,dry,0,1,5,1,1,0,0,0,0,3,slightly_injured
2018,12,Thu,5,52.51585846,13.42640604,morning,8,daylight,0,dry,0,0,3,1,1,0,0,0,0,3,slightly_injured
2018,12,Mon,2,52.51009552,13.3764901,evening,18,dark,2,wet,1,5,3,0,1,0,1,0,0,3,slightly_injured
2018,12,Thu,5,52.45891978,13.34877238,morning,7,daylight,0,dry,0,5,2,0,1,0,0,0,0,2,seriously_injured
2018,12,Fri,6,52.55228855,13.57353057,morning,7,dark,2,wet,1,6,6,1,1,1,0,0,0,3,slightly_injured
2018,12,Wed,4,52.54923732,13.42912618,night,5,dark,2,dry,0,5,2,1,1,0,0,0,0,3,slightly_injured
2018,12,Mon,2,52.49442496,13.36117765,evening,18,dark,2,wet,1,5,2,1,1,0,0,0,0,3,slightly_injured
2018,12,Wed,4,52.52885895,13.56585497,afternoon,13,daylight,0,dry,0,2,6,0,1,0,0,0,0,3,slightly_injured
2018,12,Wed,4,52.43085398,13.55309011,afternoon,15,daylight,0,dry,0,0,2,1,1,0,0,0,0,3,slightly_injured
2018,12,Mon,2,52.51038092,13.38397966,evening,18,dark,2,wet,1,0,2,1,1,0,0,0,0,3,slightly_injured
2018,12,Wed,4,52.4752596,13.52169684,afternoon,15,daylight,0,dry,0,5,7,0,1,0,0,0,1,3,slightly_injured
2018,12,Mon,2,52.5276485,13.34334526,evening,18,dark,2,wet,1,3,6,0,1,0,1,0,0,3,slightly_injured
2018,12,Fri,6,52.49665419,13.48608541,afternoon,16,dark,2,wet,1,6,4,0,0,1,0,0,1,2,seriously_injured
2018,12,Wed,4,52.4991026,13.27255374,afternoon,15,daylight,0,dry,0,2,6,0,1,0,1,0,0,3,slightly_injured
2018,12,Mon,2,52.4972141,13.33077695,afternoon,16,dusk,1,wet,1,6,3,0,1,1,0,0,0,3,slightly_injured
2018,12,Wed,4,52.51088673,13.37861283,afternoon,14,daylight,0,dry,0,1,5,0,1,0,0,0,1,2,seriously_injured
2018,12,Fri,6,52.62942731,13.28072253,afternoon,16,dark,2,wet,1,0,3,0,0,0,0,0,1,3,slightly_injured
2018,12,Mon,2,52.46999446,13.42989319,afternoon,16,dark,2,dry,0,2,6,0,1,0,0,0,0,3,slightly_injured
2018,12,Wed,4,52.51160766,13.37689633,afternoon,14,daylight,0,dry,0,6,4,1,0,1,0,0,0,3,slightly_injured
2018,12,Wed,4,52.48198046,13.60122968,afternoon,13,daylight,0,dry,0,5,3,1,1,0,0,0,0,3,slightly_injured
2018,12,Mon,2,52.57131093,13.37741308,afternoon,16,dark,2,wet,1,5,3,0,1,0,0,0,0,3,slightly_injured
2018,12,Wed,4,52.46021951,13.42945205,afternoon,12,daylight,0,dry,0,3,6,0,1,0,1,0,0,3,slightly_injured
2018,12,Wed,4,52.54761782,13.30892926,afternoon,12,daylight,0,dry,0,5,3,0,1,0,1,0,0,2,seriously_injured
2018,12,Mon,2,52.5748316,13.31319917,afternoon,15,daylight,0,dry,0,2,2,0,1,0,0,0,0,3,slightly_injured
2018,12,Mon,2,52.5050922,13.47254517,afternoon,15,dusk,1,wet,1,6,4,1,0,1,0,0,0,3,slightly_injured
2018,12,Wed,4,52.60197397,13.48151712,afternoon,12,daylight,0,dry,0,1,5,1,1,0,0,0,0,3,slightly_injured
2018,12,Mon,2,52.48057581,13.36905933,afternoon,15,dark,2,dry,0,6,4,0,1,1,0,0,0,2,seriously_injured
2018,12,Mon,2,52.46311017,13.52907394,afternoon,17,dark,2,wet,1,6,4,0,1,1,0,0,0,2,seriously_injured
2018,12,Wed,4,52.54339143,13.54887773,morning,11,daylight,0,dry,0,6,3,0,1,1,0,0,0,3,slightly_injured
2018,12,Mon,2,52.5968001,13.35831501,evening,18,dark,2,wet,1,0,3,0,1,0,0,0,1,3,slightly_injured
2018,12,Wed,4,52.52714484,13.19676976,morning,10,daylight,0,dry,0,1,5,0,1,0,0,0,0,3,slightly_injured
2018,12,Mon,2,52.54959163,13.38625806,afternoon,16,daylight,0,wet,1,2,2,0,1,0,0,0,0,3,slightly_injured
2018,12,Wed,4,52.47965473,13.34494362,morning,10,daylight,0,dry,0,6,7,0,1,1,0,0,0,3,slightly_injured
2018,12,Mon,2,52.47285418,13.32110796,afternoon,16,dark,2,wet,1,2,6,0,1,0,0,0,0,3,slightly_injured
2018,12,Mon,2,52.44301336,13.33502857,afternoon,14,daylight,0,dry,0,5,3,0,1,0,0,0,1,3,slightly_injured
2018,12,Wed,4,52.63128157,13.30393466,morning,10,daylight,0,wet,1,5,3,1,1,0,0,0,0,3,slightly_injured
2018,12,Mon,2,52.48226369,13.43879033,afternoon,13,daylight,0,dry,0,5,7,0,1,0,0,0,0,3,slightly_injured
2018,12,Mon,2,52.50125383,13.41937806,evening,19,dark,2,wet,1,5,3,1,0,0,0,0,0,3,slightly_injured