ujahr,umonat,weekday,uwochentag,long,lat,time_of_day,ustunde,light_condition,ulichtverh,street_condition,ustrzustand,uart,utyp1,ist_rad,ist_pkw,ist_fuss,ist_krad,ist_gkfz,ist_sonstige,ukategorie,accident_outcome
2018,12,Mon,2,52.49841449,13.39969343,evening,22,dark,2,wet,1,5,3,0,1,0,0,0,0,3,slightly_injured
2018,12,Mon,2,52.49884137,13.34585914,afternoon,14,daylight,0,wet,1,5,3,0,1,0,0,0,0,2,seriously_injured
2018,12,Wed,4,52.49120271,13.40417965,evening,22,dark,2,dry,0,1,5,1,1,0,0,0,0,3,slightly_injured
2018,12,Mon,2,52.53833042,13.2319922,afternoon,12,daylight,0,wet,1,3,6,0,1,0,1,0,0,3,slightly_injured
2018,12,Mon,2,52.5496752,13.43442839,afternoon,12,daylight,0,dry,0,5,3,1,1,0,0,0,0,3,slightly_injured
2018,12,Wed,4,52.49919161,13.30186465,evening,20,dark,2,dry,0,5,3,1,1,0,0,0,0,2,seriously_injured
2018,12,Mon,2,52.49705116,13.29609494,afternoon,12,daylight,0,dry,0,5,2,1,1,0,0,0,0,3,slightly_injured
2018,12,Wed,4,52.41336529,13.55377507,morning,10,daylight,0,dry,0,1,5,0,1,0,0,0,0,3,slightly_injured
2018,12,Mon,2,52.480616,13.44300662,morning,10,daylight,0,dry,0,1,5,1,1,0,0,0,0,3,slightly_injured
2018,12,Wed,4,52.51748357,13.28035412,morning,9,daylight,0,dry,0,5,2,0,1,0,1,0,0,2,seriously_injured
2018,12,Mon,2,52.52464134,13.30593047,morning,10,daylight,0,dry,0,2,7,0,1,0,0,0,0,3,slightly_injured
2018,12,Wed,4,52.49825623,13.39810343,evening,18,dark,2,wet,1,0,1,0,0,0,1,0,0,3,slightly_injured
2018,12,Mon,2,52.52541465,13.41976309,morning,10,daylight,0,dry,0,5,3,1,0,0,0,0,1,3,slightly_injured
2018,12,Wed,4,52.52347332,13.356831,morning,9,daylight,0,dry,0,5,2,1,1,0,0,0,0,3,slightly_injured
2018,12,Fri,6,52.45436376,13.5172249,afternoon,16,dark,2,wet,1,6,2,0,1,1,0,0,0,3,slightly_injured
2018,12,Wed,4,52.46858756,13.38567701,evening,18,dark,2,dry,0,0,2,0,1,0,1,0,0,3,slightly_injured
2018,12,Mon,2,52.514072,13.3893016,morning,9,daylight,0,wet,1,6,7,0,0,1,1,0,0,3,slightly_injured
2018,12,Wed,4,52.48235485,13.45373746,morning,9,daylight,0,dry,0,1,5,1,1,0,0,0,0,3,slightly_injured
2018,12,Wed,4,52.51667252,13.38069696,evening,18,dark,2,dry,0,3,2,0,1,0,0,0,1,3,slightly_injured
2018,12,Fri,6,52.57107306,13.40893208,afternoon,15,dark,2,wet,1,5,2,1,1,0,0,0,0,3,slightly_injured
2018,12,Wed,4,52.51682147,13.25974633,morning,9,daylight,0,dry,0,2,6,0,1,0,0,0,0,3,slightly_injured
2018,12,Mon,2,52.51244835,13.41048872,morning,9,daylight,0,dry,0,1,5,1,0,0,0,1,0,3,slightly_injured
2018,12,Wed,4,52.54635362,13.50931473,morning,9,daylight,0,dry,0,5,2,1,0,0,0,1,0,3,slightly_injured
2018,12,Wed,4,52.56420205,13.52603543,morning,9,daylight,0,dry,0,5,3,1,1,0,0,0,0,3,slightly_injured
2018,12,Mon,2,52.51063817,13.42903389,morning,9,daylight,0,dry,0,5,2,1,0,0,0,0,1,3,slightly_injured
2018,12,Wed,4,52.50891145,13.42434631,evening,18,dark,2,wet,1,2,6,0,1,0,0,0,0,3,slightly_injured
2018,12,Mon,2,52.62062134,13.3058565,morning,8,daylight,0,dry,0,2,6,0,1,0,0,0,0,3,slightly_injured
2018,12,Fri,6,52.49335246,13.41439329,afternoon,15,dusk,1,wet,1,1,5,1,1,0,0,0,0,3,slightly_injured
2018,12,Wed,4,52.52743369,13.6139958,morning,8,daylight,0,wet,1,5,3,1,1,0,0,0,0,3,slightly_injured
2018,12,Mon,2,52.50212985,13.35572731,morning,7,daylight,0,dry,0,5,2,1,1,0,0,0,0,2,seriously_injured
2018,12,Wed,4,52.43319142,13.52894,morning,8,daylight,0,dry,0,5,3,1,1,0,0,0,0,3,slightly_injured
2018,12,Fri,6,52.48186655,13.31566524,afternoon,15,daylight,0,wet,1,2,2,0,1,0,0,0,0,3,slightly_injured
2018,12,Mon,2,52.57184093,13.37995821,morning,7,dark,2,dry,0,6,4,0,1,1,0,0,0,1,killed
2018,12,Wed,4,52.56758329,13.35103259,morning,8,daylight,0,wet,1,5,2,1,1,0,0,0,0,3,slightly_injured
2018,12,Wed,4,52.54284965,13.34874107,morning,7,daylight,0,dry,0,5,3,0,1,0,0,0,1,3,slightly_injured
2018,12,Mon,2,52.48078159,13.42545641,morning,6,dark,2,dry,0,2,6,0,1,0,0,0,0,3,slightly_injured
2018,12,Wed,4,52.51918402,13.31882289,afternoon,17,dark,2,dry,0,5,2,0,1,0,0,0,0,3,slightly_injured
2018,12,Sun,1,52.52170876,13.41635882,evening,23,dark,2,dry,0,2,6,0,1,0,0,0,0,3,slightly_injured
2018,12,Fri,6,52.4999507,13.325077,afternoon,14,daylight,0,wet,1,5,2,1,1,0,0,0,0,3,slightly_injured
2018,12,Sun,1,52.54552984,13.4448303,afternoon,16,dark,2,wet,1,5,2,0,1,0,0,0,0,3,slightly_injured
2018,12,Wed,4,52.50982855,13.42119919,afternoon,17,dark,2,dry,0,5,2,1,0,0,0,0,1,3,slightly_injured
2018,12,Sun,1,52.46730305,13.34774174,evening,22,dark,2,wet,1,1,5,0,1,0,0,1,0,3,slightly_injured
2018,12,Fri,6,52.51738897,13.36773434,afternoon,14,daylight,0,wet,1,8,1,0,0,0,0,0,1,2,seriously_injured
2018,12,Wed,4,52.41681782,13.39785736,morning,7,daylight,0,wet,1,0,1,0,1,0,1,0,0,3,slightly_injured
2018,12,Sun,1,52.50432286,13.40789111,evening,20,dark,2,wet,1,5,3,1,0,0,0,0,1,3,slightly_injured
2018,12,Fri,6,52.55301227,13.3791799,afternoon,13,daylight,0,wet,1,3,6,1,1,0,0,0,0,3,slightly_injured
2018,12,Sun,1,52.48616898,13.33031985,evening,18,dark,2,wet,1,6,4,0,1,1,0,0,0,2,seriously_injured
2018,12,Wed,4,52.55085022,13.41008854,afternoon,16,dusk,1,dry,0,6,4,1,0,1,0,0,0,2,seriously_injured
2018,12,Wed,4,52.50132133,13.41913425,night,4,dark,2,dry,0,6,2,0,1,1,0,0,0,2,seriously_injured
2018,12,Sun,1,52.53539565,13.42210895,evening,18,dusk,1,wet,1,2,6,0,1,0,1,0,0,2,seriously_injured
2018,12,Sun,1,52.50316128,13.34974009,afternoon,17,dark,2,wet,1,3,2,0,1,0,0,0,0,3,slightly_injured
2018,12,Wed,4,52.40914217,13.37623275,afternoon,15,dusk,1,dry,0,5,2,0,1,0,0,0,0,3,slightly_injured
2018,12,Sun,1,52.39680924,13.38185954,afternoon,15,dusk,1,wet,1,5,3,0,1,0,0,0,0,3,slightly_injured
2018,12,Sun,1,52.53577071,13.47364033,afternoon,14,daylight,0,dry,0,6,7,0,0,1,0,0,1,3,slightly_injured
2018,12,Fri,6,52.50181909,13.4457322,evening,19,dark,2,wet,1,5,7,0,1,0,0,0,0,3,slightly_injured
2018,12,Wed,4,52.56233121,13.35537331,afternoon,16,dusk,1,dry,0,6,4,0,1,1,0,0,0,3,slightly_injured
2018,12,Sun,1,52.55155823,13.35022146,morning,11,daylight,0,wet,1,6,4,0,1,1,0,0,0,2,seriously_injured
2018,12,Wed,4,52.44694692,13.4021255,morning,9,daylight,0,wet,1,2,6,0,1,0,0,0,0,3,slightly_injured
2018,12,Fri,6,52.56432734,13.33834599,afternoon,13,daylight,0,wet,1,2,4,0,1,1,1,0,0,2,seriously_injured
2018,12,Sun,1,52.4915367,13.56085329,night,5,dark,2,wet,1,0,7,0,1,0,0,0,0,3,slightly_injured
2018,12,Wed,4,52.48961978,13.32115556,afternoon,16,daylight,0,dry,0,1,5,1,1,0,0,0,0,3,slightly_injured
2018,12,Sun,1,52.41766809,13.44352747,night,4,dark,2,wet,1,5,3,0,1,0,0,0,0,3,slightly_injured
2018,12,Wed,4,52.54958365,13.43375063,morning,7,dusk,1,dry,0,5,2,1,1,0,0,0,0,3,slightly_injured
2018,12,Fri,6,52.45804193,13.49214333,afternoon,13,daylight,0,wet,1,9,1,0,1,0,0,0,0,2,seriously_injured
2018,12,Sun,1,52.53768167,13.22734929,night,1,dark,2,wet,1,6,4,0,1,1,0,0,0,2,seriously_injured
2018,12,Wed,4,52.55751055,13.52744565,morning,7,dark,2,wet,1,5,2,1,1,0,0,0,0,3,slightly_injured
2018,12,Sun,1,52.43446253,13.55671611,night,1,dark,2,wet,1,1,5,0,1,0,0,0,0,3,slightly_injured
2018,12,Sun,1,52.49246096,13.40196828,night,0,dark,2,wet,1,5,3,0,1,0,0,0,0,3,slightly_injured
2018,12,Wed,4,52.44255738,13.29558541,morning,6,dark,2,wet,1,6,2,0,1,1,0,0,0,2,seriously_injured
2018,12,Sun,1,52.48444164,13.47952703,night,5,dark,2,wet,1,5,3,0,1,0,0,0,0,3,slightly_injured
2018,12,Sat,7,52.49841397,13.29900986,evening,20,dark,2,wet,1,6,4,0,1,1,0,0,0,3,slightly_injured
2018,12,Fri,6,52.5165359,13.51928343,afternoon,12,daylight,0,wet,1,0,3,1,0,0,0,1,0,3,slightly_injured
2018,12,Tue,3,52.53514025,13.29858518,afternoon,15,daylight,0,dry,0,5,3,0,1,0,0,0,0,3,slightly_injured
2018,12,Sat,7,52.55519721,13.30664113,afternoon,16,dusk,1,wet,1,6,2,0,1,1,0,0,0,3,slightly_injured
2018,12,Tue,3,52.44944005,13.31524836,evening,21,dark,2,dry,0,6,4,0,1,1,0,0,0,2,seriously_injured
2018,12,Tue,3,52.54757122,13.40752289,evening,19,dark,2,dry,0,0,5,0,1,0,0,0,1,3,slightly_injured
2018,12,Sat,7,52.49045658,13.40067551,evening,23,dark,2,wet,1,2,6,0,1,0,0,0,0,3,slightly_injured
2018,12,Tue,3,52.46566706,13.43236354,afternoon,17,dark,2,dry,0,6,2,0,1,1,0,0,0,3,slightly_injured
2018,12,Sat,7,52.50361636,13.2785567,evening,21,dark,2,wet,1,3,6,0,1,0,0,0,0,3,slightly_injured
2018,12,Tue,3,52.53066492,13.38293211,evening,18,dark,2,dry,0,5,2,1,1,0,0,0,0,3,slightly_injured
2018,12,Sat,7,52.43213953,13.25893514,evening,18,dusk,1,dry,0,6,4,0,0,1,0,0,1,3,slightly_injured
2018,12,Tue,3,52.48108961,13.42726594,afternoon,17,dark,2,dry,0,2,6,1,1,0,0,0,0,3,slightly_injured
2018,12,Sat,7,52.49832638,13.40652718,evening,18,dark,2,wet,1,5,2,0,1,0,0,0,0,3,slightly_injured
2018,12,Sat,7,52.55990963,13.36952541,evening,18,dark,2,wet,1,2,6,0,1,0,0,0,0,3,slightly_injured
2018,12,Tue,3,52.42791162,13.49042518,evening,21,dark,2,dry,0,5,3,0,1,0,0,0,0,3,slightly_injured
2018,12,Fri,6,52.53945374,13.34247666,afternoon,13,dusk,1,wet,1,2,6,0,1,0,0,0,0,3,slightly_injured
2018,12,Tue,3,52.50698873,13.37903205,evening,21,dark,2,dry,0,6,7,1,0,1,0,0,0,2,seriously_injured
2018,12,Sat,7,52.62077975,13.30652446,evening,18,dark,2,wet,1,6,4,0,1,1,0,0,0,2,seriously_injured
2018,12,Tue,3,52.52358549,13.46465638,afternoon,15,daylight,0,dry,0,6,4,0,1,1,0,0,0,3,slightly_injured
2018,12,Tue,3,52.39765791,13.39402029,afternoon,14,daylight,0,wet,1,5,7,0,1,0,0,0,0,3,slightly_injured
2018,12,Wed,4,52.62027921,13.23747366,afternoon,17,dark,2,wet,1,0,3,0,1,0,0,0,1,3,slightly_injured
2018,12,Sat,7,52.57651172,13.29479101,afternoon,16,dusk,1,wet,1,6,2,0,1,1,0,0,0,3,slightly_injured
2018,12,Tue,3,52.59822704,13.32362962,afternoon,14,daylight,0,wet,1,5,3,0,1,0,0,0,0,3,slightly_injured
2018,12,Sat,7,52.42053919,13.5387792,afternoon,13,daylight,0,dry,0,2,2,1,1,0,0,0,0,3,slightly_injured
2018,12,Fri,6,52.46510717,13.4569262,evening,18,dark,2,wet,1,2,6,0,1,0,0,0,0,3,slightly_injured
2018,12,Tue,3,52.47142207,13.335064,afternoon,14,daylight,0,dry,0,5,2,0,1,0,1,0,0,2,seriously_injured
2018,12,Sat,7,52.53605644,13.20468914,morning,7,dark,2,wet,1,2,6,0,1,0,0,0,0,3,slightly_injured
2018,12,Tue,3,52.43715622,13.45142665,afternoon,14,daylight,0,wet,1,2,6,0,1,0,0,0,0,3,slightly_injured
2018,12,Fri,6,52.51846523,13.27991652,afternoon,16,dark,2,wet,1,6,2,0,1,1,0,0,0,3,slightly_injured
2018,12,Sat,7,52.50291891,13.33955968,afternoon,14,daylight,0,wet,1,1,6,1,1,0,0,0,1,3,slightly_injured
2018,12,Tue,3,52.41488154,13.3026571,afternoon,14,daylight,0,wet,1,5,3,1,0,0,0,0,1,3,slightly_injured
2018,12,Tue,3,52.49736522,13.37994892,afternoon,12,daylight,0,dry,0,5,2,1,1,0,0,0,0,3,slightly_injured
2018,12,Sat,7,52.44487206,13.56761253,afternoon,13,daylight,0,dry,0,6,4,0,0,1,0,0,1,2,seriously_injured
2018,12,Tue,3,52.55357195,13.41470391,morning,11,daylight,0,dry,0,2,1,0,1,0,0,0,0,3,slightly_injured
2018,12,Tue,3,52.44005335,13.53460305,morning,11,daylight,0,dry,0,1,5,0,1,0,0,0,0,3,slightly_injured
2018,12,Sat,7,52.49739273,13.35447955,morning,9,daylight,0,wet,1,8,1,0,1,0,0,0,0,2,seriously_injured
2018,12,Tue,3,52.50051799,13.46631268,morning,11,daylight,0,dry,0,2,1,0,1,0,0,0,0,3,slightly_injured
2018,12,Tue,3,52.55811093,13.35313527,morning,9,daylight,0,dry,0,6,7,0,1,1,0,0,0,3,slightly_injured
2018,12,Sat,7,52.52996598,13.40105156,morning,6,dark,2,dry,0,2,6,0,1,0,0,0,0,3,slightly_injured
2018,12,Tue,3,52.51567047,13.39293811,morning,9,daylight,0,wet,1,6,4,1,0,1,0,0,0,3,slightly_injured
2018,12,Sat,7,52.46147059,13.43487102,morning,11,daylight,0,dry,0,1,5,0,1,0,0,0,1,3,slightly_injured
2018,12,Tue,3,52.47609978,13.42686736,morning,8,dusk,1,wet,1,2,6,0,1,0,0,0,0,3,slightly_injured
2018,12,Sat,7,52.45335395,13.28565385,night,2,dark,2,wet,1,9,1,0,1,0,0,0,0,2,seriously_injured
2018,12,Tue,3,52.5907067,13.44286685,night,5,dark,2,wet,1,4,6,0,1,0,0,0,0,3,slightly_injured
2018,12,Sat,7,52.52357853,13.58656401,night,2,dark,2,wet,1,0,6,0,1,0,0,0,1,3,slightly_injured
2018,12,Tue,3,52.50231493,13.47008905,morning,8,daylight,0,wet,1,5,2,1,1,0,0,0,0,3,slightly_injured
2018,12,Fri,6,52.56813101,13.45014301,morning,7,dark,2,wet,1,6,4,1,0,1,0,0,0,3,slightly_injured
2018,12,Fri,6,52.57673307,13.29557622,evening,19,dark,2,wet,1,6,7,0,1,1,0,0,0,3,slightly_injured
2018,12,Tue,3,52.48633009,13.18250789,morning,8,daylight,0,dry,0,6,7,1,0,1,0,0,0,3,slightly_injured
2018,12,Fri,6,52.42953207,13.33160219,afternoon,16,dark,2,wet,1,5,2,1,1,0,0,0,0,3,slightly_injured
2018,12,Tue,3,52.60281903,13.31423677,morning,7,daylight,0,wet,1,5,3,1,1,0,0,0,0,3,slightly_injured
2018,12,Fri,6,52.49919427,13.43042525,evening,18,dark,2,wet,1,5,3,1,1,0,0,0,0,3,slightly_injured
2018,12,Fri,6,52.54034045,13.37570543,evening,18,dark,2,wet,1,5,3,0,1,0,0,0,0,3,slightly_injured
2018,12,Tue,3,52.42404651,13.3143198,morning,6,dark,2,wet,1,6,2,0,1,1,0,0,0,2,seriously_injured
2018,12,Fri,6,52.54038372,13.38006083,afternoon,17,dark,2,wet,1,3,6,1,1,0,0,0,0,3,slightly_injured
2018,12,Fri,6,52.49948708,13.30471114,evening,18,dark,2,wet,1,3,6,1,1,0,0,0,0,3,slightly_injured
2018,12,Tue,3,52.567928,13.42784899,morning,6,dark,2,dry,0,5,3,1,1,0,0,0,0,3,slightly_injured
2018,12,Fri,6,52.38285176,13.41298099,afternoon,16,dusk,1,dry,0,6,2,0,1,1,0,0,0,3,slightly_injured
2018,12,Tue,3,52.49521263,13.55962127,morning,8,daylight,0,dry,0,5,3,1,1,0,0,0,0,3,slightly_injured
2018,12,Fri,6,52.51489384,13.39108984,evening,20,dark,2,wet,1,5,2,1,1,0,0,0,0,3,slightly_injured
2018,12,Mon,2,52.53590595,13.34925173,afternoon,12,daylight,0,wet,1,2,6,0,1,0,0,0,0,3,slightly_injured
2018,12,Fri,6,52.54427255,13.36006136,evening,19,dark,2,wet,1,6,4,1,0,1,0,0,0,3,slightly_injured
2018,12,Fri,6,52.52601522,13.40382739,evening,19,dark,2,wet,1,6,2,0,1,1,0,0,0,3,slightly_injured
2018,12,Mon,2,52.55227084,13.38166492,afternoon,12,daylight,0,wet,1,5,2,1,0,0,0,1,0,3,slightly_injured
2018,12,Fri,6,52.43141783,13.53433645,afternoon,16,dusk,1,wet,1,5,3,1,1,0,0,0,0,3,slightly_injured
2018,12,Fri,6,52.51068857,13.45203057,afternoon,17,dark,2,wet,1,5,2,1,1,0,0,0,0,3,slightly_injured
2018,12,Mon,2,52.4815652,13.43133782,morning,11,daylight,0,wet,1,6,2,0,1,1,0,0,0,2,seriously_injured
2018,12,Fri,6,52.44008343,13.35159718,afternoon,17,dark,2,wet,1,6,2,0,0,1,0,0,1,2,seriously_injured
2018,12,Mon,2,52.49245256,13.50771444,morning,10,daylight,0,wet,1,5,3,0,1,0,0,0,0,3,slightly_injured
2018,12,Fri,6,52.58889297,13.28810784,afternoon,17,dark,2,wet,1,6,6,0,1,1,0,0,0,3,slightly_injured
2018,12,Mon,2,52.52628171,13.36838981,morning,9,daylight,0,wet,1,3,6,0,1,0,0,1,0,3,slightly_injured
2018,12,Fri,6,52.51390594,13.49814717,afternoon,17,dark,2,wet,1,0,2,0,1,1,0,0,0,3,slightly_injured
2018,12,Mon,2,52.50585149,13.32294887,morning,8,daylight,0,wet,1,6,2,0,1,1,0,0,0,2,seriously_injured
2018,12,Fri,6,52.50526492,13.30711039,evening,19,dark,2,wet,1,6,4,0,0,1,0,0,1,2,seriously_injured
2018,12,Mon,2,52.43780234,13.30662513,morning,10,daylight,0,wet,1,5,3,0,1,0,0,0,1,2,seriously_injured
2018,12,Fri,6,52.5109493,13.39372423,evening,21,dark,2,wet,1,6,2,0,1,1,0,0,0,3,slightly_injured
2018,12,Mon,2,52.54778389,13.42871495,morning,11,daylight,0,wet,1,5,2,0,1,0,0,0,1,3,slightly_injured
2018,12,Fri,6,52.4510199,13.27051121,afternoon,17,dark,2,wet,1,6,2,0,1,1,0,0,0,2,seriously_injured
2018,12,Mon,2,52.4850328,13.38589656,evening,23,dark,2,dry,0,5,3,0,1,0,0,0,1,3,slightly_injured
2018,12,Mon,2,52.44171508,13.29568238,morning,10,daylight,0,dry,0,6,7,0,1,1,0,0,0,3,slightly_injured
2018,12,Mon,2,52.45341167,13.51862305,afternoon,16,dark,2,wet,1,1,5,1,1,0,0,0,0,3,slightly_injured
2018,12,Wed,4,52.57105901,13.31566056,afternoon,16,dark,2,wet,1,2,6,0,1,0,1,0,0,2,seriously_injured
2018,12,Wed,4,52.52634979,13.34342403,afternoon,17,dusk,1,dry,0,6,7,1,0,1,0,0,0,3,slightly_injured
2018,12,Sun,1,52.51686476,13.58624122,afternoon,17,dark,2,wet,1,5,3,0,1,0,0,0,0,3,slightly_injured
2018,12,Thu,5,52.51514318,13.34845619,evening,20,dark,2,dry,0,2,6,0,1,0,0,0,0,3,slightly_injured
2018,12,Wed,4,52.5177602,13.37687753,evening,18,dusk,1,dry,0,5,3,1,0,0,0,0,1,3,slightly_injured
2018,12,Sun,1,52.58460301,13.31102933,afternoon,15,dusk,1,wet,1,5,7,0,1,0,0,0,1,3,slightly_injured
2018,12,Wed,4,52.47992149,13.31179268,afternoon,17,dusk,1,dry,0,6,4,0,1,1,0,0,0,2,seriously_injured
2018,12,Sun,1,52.46031207,13.40028329,afternoon,15,daylight,0,wet,1,0,7,0,1,0,0,0,0,3,slightly_injured
2018,12,Wed,4,52.58670607,13.31621458,evening,19,dark,2,dry,0,0,3,0,1,0,1,0,0,3,slightly_injured
2018,12,Wed,4,52.55221551,13.42697414,evening,19,dark,2,dry,0,5,3,1,1,0,0,0,0,3,slightly_injured
2018,12,Sun,1,52.51010115,13.38413823,afternoon,14,daylight,0,wet,1,5,3,0,1,0,0,0,1,3,slightly_injured
2018,12,Wed,4,52.50216876,13.44935847,evening,19,dark,2,dry,0,5,3,1,1,0,0,0,0,3,slightly_injured
2018,12,Wed,4,52.51282089,13.45782963,evening,19,dark,2,dry,0,5,3,0,1,0,1,0,0,3,slightly_injured
2018,12,Sun,1,52.43299317,13.4923767,morning,7,daylight,0,wet,1,4,6,0,1,0,0,0,1,3,slightly_injured
2018,12,Wed,4,52.50525047,13.47168468,evening,20,dark,2,wet,1,2,6,0,1,0,0,0,0,3,slightly_injured
2018,12,Wed,4,52.52794694,13.38631118,evening,20,dark,2,dry,0,1,5,1,1,0,0,0,0,3,slightly_injured
2018,12,Sun,1,52.49842658,13.40664784,night,3,dark,2,wet,1,5,2,0,1,0,0,0,0,2,seriously_injured
2018,12,Wed,4,52.58623075,13.28744165,afternoon,17,dusk,1,dry,0,4,6,0,1,0,0,0,0,3,slightly_injured
2018,12,Sun,1,52.50558825,13.38650952,night,0,dark,2,wet,1,0,1,0,0,0,1,0,0,3,slightly_injured
2018,12,Wed,4,52.54049793,13.23220133,afternoon,16,dark,2,wet,1,8,1,0,1,0,0,0,0,3,slightly_injured
2018,12,Sun,1,52.51860774,13.39050702,afternoon,17,dark,2,dry,0,6,4,0,1,1,0,0,0,3,slightly_injured
2018,12,Wed,4,52.5069714,13.46851369,evening,18,dark,2,wet,1,0,1,0,0,0,1,0,0,3,slightly_injured
2018,12,Sat,7,52.50378414,13.41029529,evening,23,dark,2,wet,1,5,3,1,1,0,0,0,0,3,slightly_injured
2018,12,Wed,4,52.52216527,13.40955317,afternoon,13,daylight,0,wet,1,0,1,1,0,0,0,0,0,3,slightly_injured
2018,12,Wed,4,52.57381791,13.35184875,afternoon,16,dusk,1,wet,1,2,6,0,1,0,0,0,0,3,slightly_injured
2018,12,Sat,7,52.42090312,13.30050368,afternoon,16,dark,2,dry,0,0,4,0,0,1,0,0,1,3,slightly_injured
2018,12,Tue,3,52.48845304,13.32269314,evening,19,dark,2,dry,0,2,6,0,1,0,0,0,0,3,slightly_injured
2018,12,Tue,3,52.42756171,13.43495193,evening,18,dark,2,dry,0,1,5,0,1,0,0,0,0,2,seriously_injured
2018,12,Sat,7,52.41441059,13.35030901,evening,21,dark,2,wet,1,6,2,0,1,1,0,0,0,3,slightly_injured
2018,12,Wed,4,52.46784341,13.43091223,afternoon,16,dark,2,wet,1,6,4,0,1,1,0,0,0,3,slightly_injured
2018,12,Sat,7,52.50453419,13.47444442,evening,21,dark,2,wet,1,6,6,0,1,1,0,0,0,2,seriously_injured
2018,12,Tue,3,52.50361883,13.27891169,evening,22,dark,2,dry,0,6,4,0,0,1,0,1,0,2,seriously_injured
2018,12,Sat,7,52.54760438,13.37388732,evening,21,dark,2,wet,1,5,3,0,1,0,0,0,1,3,slightly_injured
2018,12,Sat,7,52.49854211,13.38520823,evening,21,dark,2,wet,1,5,3,0,1,0,0,0,0,3,slightly_injured
2018,12,Tue,3,52.47534649,13.4271256,evening,21,dark,2,dry,0,6,7,0,1,1,0,0,0,2,seriously_injured
2018,12,Sat,7,52.50714765,13.39832192,evening,20,dark,2,wet,1,6,2,0,1,1,0,0,0,3,slightly_injured
2018,12,Tue,3,52.54292792,13.54777177,night,5,dark,2,wet,1,0,3,1,1,0,0,0,0,3,slightly_injured
2018,12,Sat,7,52.51537053,13.33685593,evening,19,dark,2,wet,1,2,6,0,1,0,0,0,0,3,slightly_injured
2018,12,Tue,3,52.4689148,13.51444524,evening,19,dark,2,dry,0,0,1,1,0,0,0,0,0,3,slightly_injured
2018,12,Sat,7,52.56253849,13.33056864,evening,19,dark,2,wet,1,5,2,0,1,0,0,0,0,3,slightly_injured
2018,12,Sat,7,52.5230656,13.43336372,evening,22,dark,2,wet,1,2,2,0,1,0,0,0,0,3,slightly_injured
2018,12,Tue,3,52.60344593,13.33459048,evening,19,dark,2,wet,1,2,2,0,1,0,0,0,0,3,slightly_injured
2018,12,Sat,7,52.55233704,13.38166019,evening,22,dark,2,wet,1,6,2,0,1,1,0,0,0,3,slightly_injured
2018,12,Sat,7,52.53506617,13.19754463,evening,19,dark,2,wet,1,1,5,0,1,0,0,0,0,3,slightly_injured
2018,12,Tue,3,52.43945795,13.40520207,morning,11,daylight,0,dry,0,2,6,0,1,0,0,0,0,3,slightly_injured
2018,12,Sat,7,52.4891094,13.18052758,evening,18,dark,2,wet,1,1,5,0,1,0,0,0,0,3,slightly_injured
2018,12,Sat,7,52.5641354,13.32810036,evening,18,dark,2,wet,1,6,2,0,1,1,0,0,0,3,slightly_injured
2018,12,Tue,3,52.55612041,13.48271082,afternoon,17,dark,2,wet,1,6,2,0,1,1,0,0,0,3,slightly_injured
2018,12,Sat,7,52.51925296,13.30055253,afternoon,17,dusk,1,wet,1,2,6,0,1,0,0,0,0,3,slightly_injured
2018,12,Tue,3,52.44116758,13.6881058,afternoon,17,dark,2,wet,1,6,6,0,1,1,0,0,0,2,seriously_injured
2018,12,Sat,7,52.57526481,13.31463133,afternoon,16,dark,2,dry,0,3,6,0,1,0,0,0,0,3,slightly_injured
2018,12,Fri,6,52.53444669,13.29297474,night,5,dark,2,wet,1,9,1,0,1,0,0,0,0,3,slightly_injured
2018,12,Tue,3,52.5598497,13.36987093,afternoon,16,dark,2,dry,0,0,2,0,1,1,0,0,0,3,slightly_injured
2018,12,Sat,7,52.48353847,13.43322562,afternoon,15,dusk,1,dry,0,0,1,1,0,0,0,0,0,3,slightly_injured
2018,12,Tue,3,52.46193339,13.44049872,afternoon,16,dark,2,wet,1,5,3,0,1,0,0,0,0,3,slightly_injured
2018,12,Sat,7,52.44675253,13.55929856,afternoon,13,daylight,0,dry,0,0,7,0,1,0,0,0,0,3,slightly_injured
2018,12,Tue,3,52.46043489,13.4352298,afternoon,16,dark,2,dry,0,4,6,0,1,0,0,0,0,2,seriously_injured
2018,12,Sat,7,52.41424856,13.25912722,afternoon,13,daylight,0,dry,0,1,5,0,1,0,0,0,0,3,slightly_injured
2018,12,Tue,3,52.52249496,13.37931783,afternoon,16,daylight,0,dry,0,2,6,1,1,0,0,0,0,3,slightly_injured
2018,12,Sat,7,52.54611544,13.16170046,afternoon,13,daylight,0,dry,0,5,3,1,1,0,0,0,0,2,seriously_injured
2018,12,Sat,7,52.50398237,13.3317485,afternoon,12,daylight,0,dry,0,6,4,0,1,1,0,0,0,3,slightly_injured
2018,12,Tue,3,52.49531182,13.32353812,afternoon,15,dusk,1,dry,0,3,6,0,1,0,1,0,1,3,slightly_injured