ujahr,umonat,weekday,uwochentag,long,lat,time_of_day,ustunde,light_condition,ulichtverh,street_condition,ustrzustand,uart,utyp1,ist_rad,ist_pkw,ist_fuss,ist_krad,ist_gkfz,ist_sonstige,ukategorie,accident_outcome
2018,12,Tue,3,52.51847098,13.4859041,afternoon,15,dusk,1,dry,0,5,3,1,1,0,0,0,0,3,slightly_injured
2018,12,Sat,7,52.58486585,13.29800375,morning,10,daylight,0,wet,1,5,3,0,1,0,1,0,0,3,slightly_injured
2018,12,Tue,3,52.44775068,13.13641675,afternoon,13,daylight,0,dry,0,5,3,0,0,0,1,0,1,3,slightly_injured
2018,12,Tue,3,52.47962001,13.19751363,morning,10,daylight,0,dry,0,0,7,0,1,0,0,0,0,3,slightly_injured
2018,12,Sat,7,52.49454233,13.180261,night,4,dark,2,wet,1,8,1,0,1,0,0,0,0,2,seriously_injured
2018,12,Thu,5,52.52684886,13.21617937,afternoon,16,dark,2,wet,1,6,2,0,1,1,0,0,0,3,slightly_injured
2018,12,Tue,3,52.54948489,13.38660039,morning,9,daylight,0,wet,1,5,2,0,1,0,0,0,0,3,slightly_injured
2018,12,Sat,7,52.50205341,13.48140588,night,1,dark,2,wet,1,5,3,0,1,0,0,0,1,3,slightly_injured
2018,12,Tue,3,52.50451002,13.47191821,morning,8,daylight,0,wet,1,3,6,0,1,0,0,0,0,3,slightly_injured
2018,12,Fri,6,52.57960018,13.33576705,morning,6,dark,2,wet,1,1,5,0,1,0,0,0,1,3,slightly_injured
2018,12,Wed,4,52.50509156,13.40523862,morning,10,daylight,0,wet,1,5,3,0,1,0,0,0,0,3,slightly_injured
2018,12,Tue,3,52.48612104,13.18249183,morning,8,daylight,0,wet,1,6,2,0,1,1,0,0,0,3,slightly_injured
2018,12,Wed,4,52.43900044,13.4116989,morning,11,daylight,0,dry,0,8,1,0,1,0,0,0,0,3,slightly_injured
2018,12,Fri,6,52.55864222,13.38615489,evening,18,dark,2,wet,1,6,2,0,1,1,0,0,0,3,slightly_injured
2018,12,Tue,3,52.45555483,13.42879498,morning,7,daylight,0,wet,1,5,3,0,1,0,0,0,0,2,seriously_injured
2018,12,Tue,3,52.5064892,13.4587949,morning,7,dusk,1,wet,1,6,4,0,1,1,0,0,0,3,slightly_injured
2018,12,Fri,6,52.4786743,13.32033848,evening,23,dark,2,wet,1,9,1,0,1,0,0,0,0,2,seriously_injured
2018,12,Wed,4,52.46911351,13.45560241,evening,18,dark,2,wet,1,4,1,0,1,0,0,0,0,2,seriously_injured
2018,12,Tue,3,52.52079487,13.32119858,morning,7,dark,2,wet,1,6,2,0,1,1,0,0,0,3,slightly_injured
2018,12,Wed,4,52.55631775,13.37678354,afternoon,14,daylight,0,wet,1,2,6,0,1,0,0,0,0,3,slightly_injured
2018,12,Fri,6,52.52500344,13.55699745,afternoon,16,dark,2,wet,1,6,4,0,1,1,0,0,0,3,slightly_injured
2018,12,Tue,3,52.45696366,13.6255417,morning,7,dark,2,wet,1,5,2,1,1,0,0,0,0,3,slightly_injured
2018,12,Tue,3,52.56155683,13.2085388,morning,6,dark,2,wet,1,2,2,0,1,0,0,0,0,3,slightly_injured
2018,12,Fri,6,52.50682056,13.34826466,afternoon,16,dark,2,wet,1,6,4,0,1,1,0,0,0,3,slightly_injured
2018,12,Thu,5,52.41105754,13.39407751,night,0,dark,2,wet,1,5,3,0,1,0,0,0,0,3,slightly_injured
2018,12,Tue,3,52.46728911,13.46217795,morning,6,dark,2,wet,1,2,4,0,1,1,0,1,0,3,slightly_injured
2018,12,Fri,6,52.52058907,13.34141253,afternoon,16,dark,2,wet,1,5,2,1,1,0,0,0,0,3,slightly_injured
2018,12,Tue,3,52.44042899,13.45909149,morning,6,dark,2,wet,1,5,3,1,1,0,0,0,0,3,slightly_injured
2018,12,Fri,6,52.53146155,13.46892047,afternoon,16,dusk,1,wet,1,5,2,0,1,0,0,0,1,3,slightly_injured
2018,12,Wed,4,52.54103341,13.41204201,night,3,dark,2,dry,0,5,3,0,1,0,0,0,0,3,slightly_injured
2018,12,Tue,3,52.58959228,13.43056985,afternoon,15,daylight,0,wet,1,2,6,0,1,0,0,0,0,3,slightly_injured
2018,12,Fri,6,52.5432466,13.35608701,afternoon,17,dark,2,wet,1,6,4,0,1,1,0,0,0,3,slightly_injured
2018,12,Tue,3,52.54582117,13.4276203,afternoon,15,daylight,0,dry,0,0,2,1,1,0,0,0,0,3,slightly_injured
2018,12,Tue,3,52.5657976,13.40797322,afternoon,15,daylight,0,wet,1,0,1,1,0,0,0,0,0,2,seriously_injured
2018,12,Fri,6,52.50373802,13.43669607,afternoon,17,dark,2,wet,1,2,6,1,1,0,0,0,0,3,slightly_injured
2018,12,Fri,6,52.52636885,13.39354615,afternoon,17,dark,2,wet,1,5,3,1,1,0,0,0,0,3,slightly_injured
2018,12,Tue,3,52.47010819,13.50272889,afternoon,13,daylight,0,wet,1,5,2,1,1,0,0,0,0,2,seriously_injured
2018,12,Fri,6,52.49518898,13.40458568,afternoon,17,dark,2,wet,1,5,3,0,1,0,0,0,0,3,slightly_injured
2018,12,Fri,6,52.50822674,13.58793693,afternoon,17,dark,2,wet,1,5,2,1,1,0,0,0,0,3,slightly_injured
2018,12,Tue,3,52.42902692,13.45251378,afternoon,12,daylight,0,dry,0,6,7,0,1,1,0,0,0,3,slightly_injured
2018,12,Fri,6,52.53171101,13.21377344,afternoon,17,dark,2,wet,1,6,2,0,1,1,0,0,0,3,slightly_injured
2018,12,Fri,6,52.50711911,13.39810462,evening,18,dark,2,wet,1,6,2,0,1,1,0,0,0,3,slightly_injured
2018,12,Tue,3,52.56962842,13.57917324,afternoon,12,daylight,0,dry,0,6,4,0,1,1,0,0,0,3,slightly_injured
2018,12,Fri,6,52.57596425,13.31363361,evening,18,dark,2,wet,1,1,5,0,1,0,0,0,1,3,slightly_injured
2018,12,Tue,3,52.52402301,13.38763711,afternoon,12,daylight,0,dry,0,6,7,0,0,1,1,0,0,3,slightly_injured
2018,12,Fri,6,52.42580666,13.53898773,evening,19,dark,2,wet,1,5,7,0,1,0,0,0,1,3,slightly_injured
2018,12,Tue,3,52.51093357,13.41641769,morning,11,daylight,0,dry,0,5,2,1,1,0,0,0,0,3,slightly_injured
2018,12,Fri,6,52.41651141,13.31543809,evening,19,dark,2,wet,1,5,3,0,1,0,0,0,0,3,slightly_injured
2018,12,Tue,3,52.45866925,13.30397399,morning,11,daylight,0,dry,0,5,2,1,1,0,0,0,0,3,slightly_injured
2018,12,Fri,6,52.52862795,13.4287676,evening,19,dark,2,wet,1,9,1,0,1,0,0,0,0,3,slightly_injured
2018,12,Fri,6,52.43884047,13.58181166,evening,20,dark,2,wet,1,5,7,0,1,0,0,0,0,3,slightly_injured
2018,12,Tue,3,52.4660969,13.38572019,morning,11,daylight,0,wet,1,3,6,0,1,0,0,0,1,3,slightly_injured
2018,12,Fri,6,52.51111672,13.37113768,evening,22,dark,2,wet,1,5,2,0,1,0,1,0,0,3,slightly_injured
2018,12,Fri,6,52.51573314,13.30672326,evening,23,dark,2,wet,1,6,7,1,0,1,0,0,0,3,slightly_injured
2018,12,Tue,3,52.55702057,13.37330708,evening,22,dark,2,dry,0,2,6,0,1,0,0,0,0,2,seriously_injured
2018,12,Wed,4,52.54980875,13.37947926,afternoon,15,daylight,0,wet,1,5,3,0,1,0,0,0,0,3,slightly_injured
2018,12,Tue,3,52.4544294,13.46177062,morning,10,daylight,0,wet,1,2,6,0,1,0,0,1,0,2,seriously_injured
2018,12,Fri,6,52.50227678,13.46999479,evening,22,dark,2,wet,1,6,2,0,1,1,0,0,0,3,slightly_injured
2018,12,Mon,2,52.52602045,13.38730274,afternoon,12,daylight,0,wet,1,2,6,1,0,0,0,0,0,3,slightly_injured
2018,12,Mon,2,52.52003157,13.38830984,afternoon,14,daylight,0,dry,0,2,7,1,1,0,0,0,0,3,slightly_injured
2018,12,Fri,6,52.51309259,13.46398118,morning,11,daylight,0,wet,1,5,3,0,1,0,0,0,0,3,slightly_injured
2018,12,Thu,5,52.54176135,13.27356226,evening,22,dark,2,wet,1,6,2,0,1,1,0,0,0,3,slightly_injured
2018,12,Mon,2,52.47678184,13.28076672,afternoon,17,dark,2,dry,0,6,2,0,1,1,0,0,0,2,seriously_injured
2018,12,Fri,6,52.54249143,13.35099515,morning,10,daylight,0,wet,1,5,3,0,1,0,0,0,0,3,slightly_injured
2018,12,Mon,2,52.49902167,13.30184616,afternoon,17,dark,2,dry,0,2,6,0,1,0,0,0,0,3,slightly_injured
2018,12,Fri,6,52.53913085,13.34492333,morning,9,daylight,0,wet,1,5,2,1,0,0,0,0,1,3,slightly_injured
2018,12,Mon,2,52.51017476,13.3874144,afternoon,17,dark,2,dry,0,5,2,1,1,0,0,0,0,3,slightly_injured
2018,12,Fri,6,52.52222106,13.3563883,afternoon,15,dark,2,wet,1,6,4,0,1,1,0,0,0,3,slightly_injured
2018,12,Fri,6,52.46163019,13.53228233,afternoon,14,daylight,0,wet,1,5,3,1,1,0,0,0,0,3,slightly_injured
2018,12,Mon,2,52.58590439,13.42929122,afternoon,17,dark,2,dry,0,2,6,0,1,0,0,0,1,3,slightly_injured
2018,12,Tue,3,52.58420665,13.4180591,evening,22,dark,2,dry,0,9,1,0,1,0,0,0,0,3,slightly_injured
2018,12,Mon,2,52.54166419,13.56993979,afternoon,16,dark,2,wet,1,2,6,0,1,0,0,0,0,3,slightly_injured
2018,12,Fri,6,52.44548086,13.44991082,afternoon,14,daylight,0,wet,1,6,4,1,0,1,0,0,0,3,slightly_injured
2018,12,Mon,2,52.42559317,13.44315912,afternoon,16,dark,2,dry,0,1,5,0,1,0,0,0,0,3,slightly_injured
2018,12,Mon,2,52.46576546,13.30612393,afternoon,16,dusk,1,dry,0,6,2,0,1,1,0,0,0,3,slightly_injured
2018,12,Wed,4,52.52032538,13.4795665,afternoon,13,daylight,0,wet,1,0,1,0,0,0,1,0,0,3,slightly_injured
2018,12,Fri,6,52.58096031,13.37567305,afternoon,13,daylight,0,wet,1,5,2,1,0,0,0,0,1,3,slightly_injured
2018,12,Thu,5,52.41426246,13.31787266,afternoon,14,daylight,0,dry,0,6,4,0,1,1,0,0,0,3,slightly_injured
2018,12,Mon,2,52.52063874,13.41556572,afternoon,16,dusk,1,wet,1,2,6,0,1,0,0,0,0,3,slightly_injured
2018,12,Fri,6,52.45250947,13.44908897,afternoon,16,dark,2,wet,1,6,4,0,1,1,0,0,0,3,slightly_injured
2018,12,Tue,3,52.52330765,13.40314087,morning,11,daylight,0,wet,1,0,7,1,0,0,0,0,0,3,slightly_injured
2018,12,Mon,2,52.47999599,13.45060307,afternoon,16,dark,2,dry,0,3,6,1,1,0,0,0,0,3,slightly_injured
2018,12,Fri,6,52.58745555,13.42981764,afternoon,14,daylight,0,wet,1,6,4,0,1,1,0,0,0,2,seriously_injured
2018,12,Fri,6,52.5512038,13.42868186,afternoon,13,daylight,0,wet,1,0,3,0,1,0,1,0,0,3,slightly_injured
2018,12,Mon,2,52.51695082,13.42756797,afternoon,16,dark,2,dry,0,2,6,0,1,0,0,0,1,3,slightly_injured
2018,12,Fri,6,52.49386337,13.41819829,morning,8,daylight,0,wet,1,6,2,0,1,1,0,0,0,3,slightly_injured
2018,12,Mon,2,52.49387646,13.45420598,afternoon,15,daylight,0,dry,0,5,3,1,1,0,0,0,0,3,slightly_injured
2018,12,Tue,3,52.56503033,13.42671674,morning,10,daylight,0,wet,1,5,3,1,1,0,0,0,0,3,slightly_injured
2018,12,Mon,2,52.51005718,13.46435513,afternoon,15,daylight,0,wet,1,2,2,0,1,0,0,0,0,3,slightly_injured
2018,12,Fri,6,52.49081466,13.29902324,afternoon,12,daylight,0,wet,1,5,3,0,1,0,0,0,0,3,slightly_injured
2018,12,Mon,2,52.50523244,13.33166256,afternoon,14,daylight,0,dry,0,5,2,0,1,0,0,0,0,3,slightly_injured
2018,12,Mon,2,52.52309046,13.48965764,afternoon,13,daylight,0,wet,1,1,3,0,1,0,0,0,1,3,slightly_injured
2018,12,Fri,6,52.55386897,13.44528701,morning,7,daylight,0,wet,1,5,2,1,1,0,0,0,0,3,slightly_injured
2018,12,Wed,4,52.43395138,13.70639963,evening,21,dark,2,wet,1,5,2,0,1,0,0,0,0,3,slightly_injured
2018,12,Mon,2,52.40508603,13.53141966,afternoon,13,daylight,0,wet,1,5,3,0,1,0,1,0,0,2,seriously_injured
2018,12,Fri,6,52.50083368,13.46218222,afternoon,12,daylight,0,dry,0,5,3,1,1,0,0,0,0,3,slightly_injured
2018,12,Tue,3,52.54462188,13.37839891,night,1,dark,2,wet,1,2,6,0,1,0,0,0,0,3,slightly_injured
2018,12,Mon,2,52.52619573,13.34715613,evening,18,dark,2,dry,0,2,6,0,1,0,1,0,0,3,slightly_injured
2018,12,Fri,6,52.45109469,13.34805442,morning,11,daylight,0,wet,1,2,6,0,1,0,0,0,0,3,slightly_injured
2018,12,Mon,2,52.53679894,13.54078595,evening,22,dark,2,dry,0,6,7,0,1,1,0,0,0,3,slightly_injured
2018,12,Mon,2,52.4984486,13.41424161,afternoon,12,daylight,0,wet,1,5,3,1,0,0,0,0,0,3,slightly_injured
2018,12,Fri,6,52.56784295,13.36517072,morning,11,daylight,0,dry,0,5,7,0,1,0,1,0,0,2,seriously_injured
2018,12,Mon,2,52.49813008,13.29661472,evening,23,dark,2,dry,0,3,6,0,1,0,1,0,0,2,seriously_injured
2018,12,Mon,2,52.53057875,13.33121102,morning,6,dark,2,dry,0,6,7,1,0,1,0,0,0,3,slightly_injured
2018,12,Fri,6,52.53257039,13.41241739,morning,7,dark,2,wet,1,6,2,0,1,1,0,0,0,3,slightly_injured
2018,12,Mon,2,52.53868175,13.39120094,morning,7,daylight,0,dry,0,6,4,0,1,1,0,0,0,3,slightly_injured
2018,12,Mon,2,52.47858893,13.3286541,morning,9,daylight,0,dry,0,5,2,1,0,0,0,0,1,3,slightly_injured
2018,12,Fri,6,52.54068367,13.20227782,morning,11,daylight,0,dry,0,2,6,0,1,0,0,0,0,3,slightly_injured
2018,12,Wed,4,52.6222416,13.31170774,afternoon,16,dark,2,wet,1,1,1,0,1,0,0,0,0,3,slightly_injured
2018,12,Fri,6,52.42651791,13.33129935,morning,11,daylight,0,wet,1,1,5,0,1,0,0,0,1,3,slightly_injured
2018,12,Mon,2,52.50385272,13.34695464,morning,10,daylight,0,dry,0,1,5,1,1,0,0,0,1,3,slightly_injured
2018,12,Fri,6,52.50496372,13.38465229,afternoon,13,daylight,0,wet,1,5,7,0,1,0,0,0,0,3,slightly_injured
2018,12,Fri,6,52.48532393,13.60357137,morning,7,dark,2,wet,1,6,4,0,1,1,0,0,0,2,seriously_injured
2018,12,Mon,2,52.49813264,13.39377538,morning,8,daylight,0,dry,0,8,1,0,1,0,0,0,0,3,slightly_injured
2018,12,Fri,6,52.53171849,13.47056821,afternoon,14,daylight,0,wet,1,6,4,0,1,1,0,0,0,2,seriously_injured
2018,12,Sun,1,52.47869343,13.33267446,night,0,dark,2,dry,0,5,3,0,1,0,0,0,0,3,slightly_injured
2018,12,Fri,6,52.50407624,13.40965113,morning,7,dark,2,wet,1,5,3,1,1,0,0,0,0,3,slightly_injured
2018,12,Sun,1,52.51187054,13.43821116,morning,6,dark,2,dry,0,6,4,0,1,1,0,0,0,3,slightly_injured
2018,12,Fri,6,52.60990175,13.47409986,afternoon,13,daylight,0,wet,1,5,3,0,1,0,0,0,0,3,slightly_injured
2018,12,Fri,6,52.43833806,13.56432219,morning,6,dark,2,wet,1,6,4,0,0,1,0,0,1,3,slightly_injured
2018,12,Sun,1,52.43966975,13.3430079,morning,9,daylight,0,wet,1,0,7,1,0,0,0,0,0,3,slightly_injured
2018,12,Fri,6,52.56637274,13.39642185,afternoon,13,daylight,0,wet,1,0,7,0,1,0,0,0,1,2,seriously_injured
2018,12,Fri,6,52.45788372,13.42495779,afternoon,15,dusk,1,wet,1,0,7,0,1,1,0,0,0,3,slightly_injured
2018,12,Fri,6,52.48455425,13.4446017,night,2,dark,2,dry,0,1,5,1,1,0,0,0,0,2,seriously_injured
2018,12,Thu,5,52.51541113,13.3511729,afternoon,16,dark,2,dry,0,2,6,0,1,0,0,0,0,3,slightly_injured
2018,12,Sun,1,52.47279501,13.30365027,morning,10,daylight,0,dry,0,1,7,0,1,0,0,0,0,3,slightly_injured
2018,12,Thu,5,52.46328954,13.31946282,morning,7,dark,2,dry,0,6,4,0,1,1,0,0,0,3,slightly_injured
2018,12,Thu,5,52.5577828,13.38954843,evening,22,dark,2,wet,1,5,3,0,1,0,0,0,0,3,slightly_injured
2018,12,Sun,1,52.54816775,13.29685912,morning,11,daylight,0,dry,0,5,2,0,1,0,1,0,0,3,slightly_injured
2018,12,Thu,5,52.41803669,13.53552255,evening,21,dark,2,wet,1,0,1,0,1,0,0,0,0,3,slightly_injured
2018,12,Sun,1,52.47681295,13.36342868,afternoon,13,daylight,0,dry,0,1,5,1,1,0,0,0,1,3,slightly_injured
2018,12,Thu,5,52.52852677,13.39377505,evening,19,dark,2,wet,1,5,2,1,1,0,0,0,0,3,slightly_injured
2018,12,Fri,6,52.53760844,13.47852791,night,5,dark,2,wet,1,5,3,1,1,0,0,0,0,3,slightly_injured
2018,12,Sun,1,52.55243384,13.42507866,afternoon,17,dusk,1,dry,0,2,6,0,1,0,0,0,0,2,seriously_injured
2018,12,Thu,5,52.497987,13.36191072,evening,19,dark,2,wet,1,5,3,1,1,0,0,0,0,3,slightly_injured
2018,12,Sun,1,52.60003921,13.36156715,evening,21,dark,2,dry,0,5,7,0,1,0,0,0,1,3,slightly_injured
2018,12,Thu,5,52.4530966,13.62795346,morning,10,daylight,0,dry,0,6,7,1,0,1,0,0,0,3,slightly_injured
2018,12,Sun,1,52.55097241,13.43023753,evening,20,dark,2,wet,1,5,3,0,1,0,0,0,0,3,slightly_injured
2018,12,Mon,2,52.50210161,13.42492355,evening,21,dark,2,wet,1,0,3,0,1,0,0,0,1,3,slightly_injured
2018,12,Sat,7,52.54784136,13.38850989,evening,18,dark,2,wet,1,5,2,0,1,0,0,0,0,3,slightly_injured
2018,12,Thu,5,52.43191158,13.45990677,morning,9,daylight,0,dry,0,5,7,0,1,0,0,0,0,3,slightly_injured
2018,12,Sat,7,52.51041762,13.45352462,evening,20,dark,2,dry,0,4,1,1,1,0,0,0,0,3,slightly_injured
2018,12,Sat,7,52.50214435,13.36974151,evening,20,dark,2,dry,0,2,6,0,1,0,0,0,0,3,slightly_injured
2018,12,Mon,2,52.50608207,13.41967866,evening,22,dark,2,wet,1,5,3,0,1,0,0,0,0,3,slightly_injured
2018,12,Sat,7,52.54625344,13.19189164,evening,20,dark,2,dry,0,2,6,0,1,0,0,0,0,3,slightly_injured
2018,12,Thu,5,52.47046626,13.44150566,morning,9,daylight,0,dry,0,3,6,0,1,0,1,0,0,3,slightly_injured
2018,12,Sat,7,52.54431134,13.59660809,evening,22,dark,2,dry,0,5,1,0,1,0,0,0,1,3,slightly_injured
2018,12,Sat,7,52.53838917,13.20959648,evening,18,dark,2,wet,1,2,6,0,1,0,0,0,0,3,slightly_injured
2018,12,Thu,5,52.50482348,13.37147457,morning,9,daylight,0,dry,0,0,1,1,0,0,0,0,0,2,seriously_injured
2018,12,Thu,5,52.54776229,13.49587138,evening,18,dark,2,wet,1,5,3,0,1,0,0,0,0,3,slightly_injured
2018,12,Sat,7,52.49202537,13.30939227,afternoon,16,dusk,1,dry,0,2,2,0,1,0,0,0,0,3,slightly_injured
2018,12,Thu,5,52.50971804,13.39425576,morning,9,daylight,0,dry,0,5,3,0,1,0,0,0,0,3,slightly_injured
2018,12,Mon,2,52.55976274,13.41761905,afternoon,17,dark,2,dry,0,1,5,1,1,0,0,0,0,3,slightly_injured
2018,12,Sat,7,52.55555935,13.55962854,afternoon,13,daylight,0,dry,0,6,7,0,1,1,0,0,0,2,seriously_injured
2018,12,Thu,5,52.54013286,13.20253139,morning,9,daylight,0,dry,0,2,6,0,1,0,0,0,0,3,slightly_injured
2018,12,Sat,7,52.5165119,13.37694825,morning,9,daylight,0,dry,0,0,1,1,0,0,0,0,0,2,seriously_injured
2018,12,Mon,2,52.49669679,13.34600095,afternoon,14,daylight,0,dry,0,1,5,0,1,0,0,0,0,3,slightly_injured
2018,12,Wed,4,52.58486356,13.39799506,afternoon,14,daylight,0,wet,1,5,3,0,1,0,0,0,0,3,slightly_injured
2018,12,Thu,5,52.51221188,13.4017119,morning,8,daylight,0,dry,0,0,3,1,0,0,1,0,0,3,slightly_injured
2018,12,Sat,7,52.50471858,13.47092271,night,1,dark,2,dry,0,8,1,1,0,0,0,0,0,3,slightly_injured
2018,12,Sat,7,52.46456148,13.37742322,afternoon,14,daylight,0,wet,1,0,1,0,0,0,1,0,0,3,slightly_injured
2018,12,Thu,5,52.48268855,13.37711851,morning,7,daylight,0,wet,1,2,6,0,1,0,0,0,0,3,slightly_injured
2018,12,Wed,4,52.59953605,13.32828636,evening,19,dark,2,wet,1,8,1,0,1,0,0,0,0,3,slightly_injured
2018,12,Fri,6,52.47339365,13.33737486,afternoon,15,daylight,0,dry,0,6,7,0,1,1,0,0,0,3,slightly_injured
2018,12,Thu,5,52.49153187,13.41443354,morning,7,daylight,0,dry,0,3,6,0,1,0,0,0,0,2,seriously_injured
2018,12,Mon,2,52.45796673,13.32448467,afternoon,13,daylight,0,dry,0,1,5,0,1,0,0,0,0,3,slightly_injured
2018,12,Thu,5,52.45761396,13.27387383,morning,7,dusk,1,dry,0,2,7,0,1,0,0,0,0,3,slightly_injured
2018,12,Thu,5,52.47762717,13.44852294,morning,11,daylight,0,dry,0,2,6,0,1,0,0,0,1,3,slightly_injured
2018,12,Fri,6,52.53683923,13.60463824,afternoon,17,dark,2,dry,0,0,4,0,0,1,0,0,1,3,slightly_injured
2018,12,Thu,5,52.56025739,13.21868519,morning,6,dark,2,dry,0,5,3,1,0,0,0,1,0,2,seriously_injured
2018,12,Mon,2,52.54574079,13.57154538,afternoon,12,daylight,0,dry,0,2,6,0,1,0,0,0,0,3,slightly_injured
2018,12,Fri,6,52.5168346,13.28725671,evening,18,dark,2,dry,0,6,6,0,1,1,0,0,0,3,slightly_injured
2018,12,Thu,5,52.50677725,13.47833521,morning,6,dark,2,dry,0,2,6,0,1,0,0,0,0,3,slightly_injured
2018,12,Mon,2,52.44103277,13.58696361,morning,10,daylight,0,wet,1,6,2,0,1,1,0,0,0,3,slightly_injured
2018,12,Thu,5,52.4778832,13.42893851,night,5,dark,2,wet,1,5,3,0,1,0,0,0,0,3,slightly_injured
2018,12,Fri,6,52.49874433,13.34592557,afternoon,16,dark,2,dry,0,6,2,0,1,1,0,0,0,3,slightly_injured
2018,12,Fri,6,52.52421125,13.35159005,afternoon,17,dark,2,dry,0,2,6,0,1,0,1,0,0,3,slightly_injured
2018,12,Wed,4,52.5189389,13.28885953,afternoon,15,dusk,1,wet,1,2,6,0,1,0,0,0,0,3,slightly_injured
2018,12,Thu,5,52.48611193,13.35593888,night,1,dark,2,wet,1,2,2,1,0,0,0,0,0,3,slightly_injured
2018,12,Thu,5,52.52582946,13.54397283,afternoon,16,dusk,1,wet,1,0,1,0,0,0,1,0,0,3,slightly_injured
2018,12,Fri,6,52.5101486,13.46460585,afternoon,17,dusk,1,dry,0,6,4,0,1,1,0,0,0,2,seriously_injured
2018,12,Thu,5,52.50323759,13.30093032,afternoon,12,daylight,0,dry,0,5,2,1,1,0,0,0,0,3,slightly_injured
2018,12,Thu,5,52.48178402,13.32680449,afternoon,16,dusk,1,dry,0,0,2,1,1,0,0,0,0,3,slightly_injured
2018,12,Sun,1,52.56970637,13.36812605,morning,9,daylight,0,dry,0,5,3,1,1,0,0,0,0,3,slightly_injured
2018,12,Fri,6,52.50616022,13.33262102,afternoon,16,dark,2,dry,0,2,2,0,1,0,0,0,0,3,slightly_injured
2018,12,Thu,5,52.565674,13.50763083,afternoon,16,dusk,1,dry,0,6,4,0,0,1,0,0,1,2,seriously_injured
2018,12,Fri,6,52.45436558,13.5111867,afternoon,16,dark,2,dry,0,2,6,0,1,0,0,0,0,3,slightly_injured
2018,12,Sun,1,52.48264104,13.38115178,evening,22,dark,2,wet,1,5,2,0,1,0,0,0,0,3,slightly_injured
2018,12,Thu,5,52.61599395,13.31754513,afternoon,17,dark,2,wet,1,2,6,0,1,0,0,0,0,3,slightly_injured
2018,12,Fri,6,52.48166239,13.31604029,afternoon,14,daylight,0,dry,0,6,6,1,0,1,0,0,0,3,slightly_injured
2018,12,Thu,5,52.52680755,13.33542226,afternoon,15,daylight,0,dry,0,5,2,0,1,1,0,0,0,3,slightly_injured
2018,12,Fri,6,52.52326113,13.47942428,afternoon,13,daylight,0,dry,0,6,7,0,0,1,0,0,1,2,seriously_injured
2018,12,Sun,1,52.49836602,13.39577771,evening,21,dark,2,wet,1,5,2,0,1,0,0,0,0,3,slightly_injured
2018,12,Thu,5,52.61910618,13.4884858,afternoon,15,dusk,1,dry,0,6,4,0,1,1,0,0,0,3,slightly_injured
2018,12,Fri,6,52.53514585,13.25235062,afternoon,12,daylight,0,dry,0,8,1,0,1,0,0,0,0,3,slightly_injured
2018,12,Thu,5,52.50339908,13.2779958,afternoon,15,daylight,0,dry,0,2,7,0,1,0,0,0,0,3,slightly_injured
2018,12,Thu,5,52.62111919,13.23586077,afternoon,14,daylight,0,wet,1,5,2,0,1,0,1,0,0,3,slightly_injured
2018,12,Fri,6,52.54025489,13.34672688,morning,11,daylight,0,dry,0,5,2,1,0,0,0,0,1,3,slightly_injured
2018,12,Thu,5,52.51077444,13.37697058,afternoon,13,daylight,0,wet,1,5,3,1,1,0,0,0,0,3,slightly_injured
2018,12,Thu,5,52.50985467,13.31811275,afternoon,13,daylight,0,dry,0,5,3,1,1,0,0,0,0,3,slightly_injured
2018,12,Sun,1,52.53854266,13.18243094,evening,21,dark,2,wet,1,6,2,0,1,1,0,0,0,3,slightly_injured
2018,12,Fri,6,52.45334171,13.45694168,morning,11,daylight,0,dry,0,5,2,1,1,0,0,0,0,2,seriously_injured
2018,12,Thu,5,52.58780064,13.42791862,afternoon,13,daylight,0,dry,0,2,6,0,1,0,0,0,1,3,slightly_injured
2018,12,Fri,6,52.49818113,13.57816453,morning,11,daylight,0,dry,0,5,3,1,1,0,0,0,0,2,seriously_injured
2018,12,Fri,6,52.5319373,13.43190724,morning,8,daylight,0,dry,0,6,7,1,0,1,0,0,0,3,slightly_injured
2018,12,Thu,5,52.464422,13.32977188,afternoon,13,daylight,0,dry,0,5,3,0,1,0,0,0,0,3,slightly_injured
2018,12,Fri,6,52.53408248,13.18179451,morning,7,dark,2,wet,1,6,2,0,1,1,0,0,0,3,slightly_injured
2018,12,Fri,6,52.47942807,13.27265203,morning,9,daylight,0,dry,0,2,6,0,1,0,0,0,0,3,slightly_injured
2018,12,Thu,5,52.53565163,13.60580338,morning,10,daylight,0,dry,0,5,3,1,1,0,0,0,0,3,slightly_injured
2018,12,Fri,6,52.61084257,13.47718327,morning,9,daylight,0,dry,0,5,3,1,1,0,0,0,0,3,slightly_injured
2018,12,Thu,5,52.43145474,13.54672687,afternoon,15,dark,2,dry,0,6,2,0,1,1,0,0,0,3,slightly_injured
2018,12,Fri,6,52.52354318,13.35712072,morning,9,daylight,0,dry,0,5,2,1,1,0,0,0,0,3,slightly_injured