ujahr,umonat,weekday,uwochentag,long,lat,time_of_day,ustunde,light_condition,ulichtverh,street_condition,ustrzustand,uart,utyp1,ist_rad,ist_pkw,ist_fuss,ist_krad,ist_gkfz,ist_sonstige,ukategorie,accident_outcome
2018,12,Thu,5,52.53730298,13.41119105,evening,18,dark,2,wet,1,1,5,1,1,0,0,0,0,3,slightly_injured
2018,12,Thu,5,52.51843038,13.4070943,evening,18,dark,2,dry,0,5,2,1,1,0,0,0,0,3,slightly_injured
2018,12,Fri,6,52.51190844,13.42710731,morning,7,dark,2,dry,0,5,2,1,1,0,0,0,0,3,slightly_injured
2018,12,Sun,1,52.50037741,13.33184063,evening,20,dark,2,wet,1,6,4,0,1,1,0,0,0,2,seriously_injured
2018,12,Thu,5,52.53699874,13.27180444,afternoon,15,daylight,0,dry,0,5,3,0,1,0,0,0,0,3,slightly_injured
2018,12,Thu,5,52.48903498,13.52436369,afternoon,17,dark,2,dry,0,5,3,1,1,0,0,0,0,3,slightly_injured
2018,12,Thu,5,52.5537187,13.47037116,morning,7,dark,2,dry,0,0,3,1,1,0,0,0,0,3,slightly_injured
2018,12,Thu,5,52.50864251,13.450524,evening,21,dark,2,dry,0,6,2,0,0,1,0,0,1,3,slightly_injured
2018,12,Wed,4,52.48429822,13.38814678,afternoon,17,dusk,1,wet,1,2,2,0,1,0,0,0,0,3,slightly_injured
2018,12,Thu,5,52.52566683,13.51975911,afternoon,17,dark,2,wet,1,6,4,0,0,1,0,0,1,2,seriously_injured
2018,12,Thu,5,52.52112294,13.26348243,afternoon,15,dark,2,wet,1,1,6,0,1,0,0,1,0,3,slightly_injured
2018,12,Thu,5,52.54542688,13.44427259,evening,20,dark,2,wet,1,6,7,0,1,1,0,0,0,2,seriously_injured
2018,12,Thu,5,52.61057902,13.43045215,afternoon,17,dark,2,wet,1,5,3,0,1,0,0,0,0,3,slightly_injured
2018,12,Sun,1,52.4310703,13.45734973,evening,19,dark,2,wet,1,5,3,0,1,0,0,0,0,3,slightly_injured
2018,12,Thu,5,52.45952437,13.52862076,evening,20,dark,2,wet,1,6,7,0,1,1,0,0,0,3,slightly_injured
2018,12,Thu,5,52.45756244,13.5430155,afternoon,17,dark,2,dry,0,8,1,0,0,0,1,0,0,2,seriously_injured
2018,12,Thu,5,52.53956456,13.41629767,evening,19,dark,2,wet,1,6,7,0,1,1,0,0,0,3,slightly_injured
2018,12,Sun,1,52.43778236,13.52697603,evening,18,dark,2,wet,1,5,3,0,1,0,0,0,0,3,slightly_injured
2018,12,Thu,5,52.55307735,13.34707048,afternoon,17,dark,2,dry,0,6,2,0,1,1,0,0,0,3,slightly_injured
2018,12,Thu,5,52.5385578,13.20056672,evening,19,dark,2,wet,1,6,2,0,1,1,0,0,0,2,seriously_injured
2018,12,Thu,5,52.50572736,13.41236882,evening,19,dark,2,wet,1,2,6,0,1,0,0,0,0,3,slightly_injured
2018,12,Thu,5,52.54792294,13.36171018,afternoon,16,dark,2,wet,1,6,2,0,0,1,0,0,1,3,slightly_injured
2018,12,Thu,5,52.53523456,13.51368808,evening,18,dark,2,wet,1,2,6,0,1,0,0,0,1,3,slightly_injured
2018,12,Thu,5,52.53288797,13.47591426,evening,18,dark,2,wet,1,2,6,0,1,0,0,0,0,3,slightly_injured
2018,12,Wed,4,52.50706017,13.39836291,morning,7,dusk,1,dry,0,5,2,1,1,0,0,0,0,3,slightly_injured
2018,12,Thu,5,52.52107037,13.42975444,evening,18,dark,2,dry,0,5,3,1,1,0,0,0,0,3,slightly_injured
2018,12,Thu,5,52.53833841,13.39604696,night,5,dark,2,dry,0,5,2,1,1,0,0,0,0,3,slightly_injured
2018,12,Wed,4,52.43379053,13.59631571,morning,9,daylight,0,wet,1,5,3,0,1,0,0,0,0,3,slightly_injured
2018,12,Wed,4,52.51228886,13.58807279,evening,22,dark,2,wet,1,0,1,0,0,0,1,0,0,3,slightly_injured
2018,12,Thu,5,52.4376697,13.52677867,morning,6,dusk,1,dry,0,5,3,1,1,0,0,0,0,3,slightly_injured
2018,12,Wed,4,52.50350258,13.30211169,evening,20,dark,2,dry,0,6,4,1,0,1,0,0,0,2,seriously_injured
2018,12,Thu,5,52.47357224,13.57055203,morning,6,dusk,1,dry,0,5,2,1,1,0,0,0,0,3,slightly_injured
2018,12,Wed,4,52.46515567,13.32141974,afternoon,16,dusk,1,wet,1,6,2,0,1,1,0,0,0,3,slightly_injured
2018,12,Thu,5,52.4199829,13.50057005,morning,8,daylight,0,dry,0,2,6,0,1,0,0,0,0,3,slightly_injured
2018,12,Wed,4,52.47250738,13.434583,afternoon,15,daylight,0,wet,1,5,3,0,1,0,0,0,0,3,slightly_injured
2018,12,Thu,5,52.52589612,13.36795771,morning,8,dusk,1,dry,0,0,2,0,1,0,0,0,1,3,slightly_injured
2018,12,Wed,4,52.51281661,13.2810426,morning,9,daylight,0,wet,1,2,6,1,1,0,0,0,0,3,slightly_injured
2018,12,Wed,4,52.44546181,13.26793478,morning,11,daylight,0,dry,0,5,3,1,1,0,0,0,0,3,slightly_injured
2018,12,Thu,5,52.54123535,13.1779105,morning,9,daylight,0,wet,1,5,3,1,1,0,0,0,0,3,slightly_injured
2018,12,Wed,4,52.5033239,13.33853477,morning,11,daylight,0,dry,0,6,4,0,1,1,0,0,0,3,slightly_injured
2018,12,Thu,5,52.45580901,13.14668414,morning,11,daylight,0,dry,0,2,6,0,1,0,0,0,0,3,slightly_injured
2018,12,Wed,4,52.55710775,13.36537448,afternoon,12,daylight,0,dry,0,5,2,1,0,0,0,0,1,3,slightly_injured
2018,12,Wed,4,52.49799061,13.36189291,afternoon,16,dark,2,wet,1,6,2,0,1,1,0,0,0,3,slightly_injured
2018,12,Wed,4,52.48793608,13.28764521,afternoon,12,daylight,0,dry,0,6,4,0,1,1,0,0,0,3,slightly_injured
2018,12,Thu,5,52.51041624,13.37666085,afternoon,13,daylight,0,dry,0,6,4,0,1,1,0,0,0,2,seriously_injured
2018,12,Wed,4,52.51044569,13.38988119,afternoon,13,daylight,0,dry,0,6,4,0,1,1,0,0,0,3,slightly_injured
2018,12,Wed,4,52.51846981,13.28262134,night,0,dark,2,dry,0,2,6,0,1,0,0,0,0,3,slightly_injured
2018,12,Thu,5,52.50699181,13.39861439,afternoon,13,daylight,0,dry,0,3,6,0,1,0,0,0,0,3,slightly_injured
2018,12,Wed,4,52.48994909,13.38370219,morning,9,daylight,0,dry,0,5,2,1,1,0,0,0,0,3,slightly_injured
2018,12,Thu,5,52.58364243,13.3206012,afternoon,14,daylight,0,wet,1,6,4,0,0,1,1,0,0,3,slightly_injured
2018,12,Wed,4,52.51233475,13.26771687,afternoon,13,daylight,0,dry,0,2,6,0,1,0,0,0,0,2,seriously_injured
2018,12,Thu,5,52.48950774,13.37785731,afternoon,12,daylight,0,dry,0,0,7,1,1,0,0,0,0,3,slightly_injured
2018,12,Wed,4,52.60114834,13.33067329,afternoon,14,daylight,0,wet,1,5,3,1,1,0,0,0,0,3,slightly_injured
2018,12,Wed,4,52.56060146,13.52290595,morning,6,dark,2,icy,2,0,1,0,0,0,1,0,0,3,slightly_injured
2018,12,Thu,5,52.45430999,13.14422607,afternoon,15,daylight,0,wet,1,6,2,0,1,1,0,0,0,3,slightly_injured
2018,12,Wed,4,52.52302592,13.58721261,morning,9,daylight,0,icy,2,0,1,1,0,0,0,0,0,2,seriously_injured
2018,12,Wed,4,52.44177512,13.35003965,afternoon,15,daylight,0,wet,1,1,5,0,1,0,1,0,0,3,slightly_injured
2018,12,Wed,4,52.48639269,13.4463189,afternoon,15,dusk,1,wet,1,5,2,0,1,0,0,0,0,3,slightly_injured
2018,12,Thu,5,52.54201465,13.20601318,afternoon,15,dusk,1,dry,0,6,4,0,1,1,0,0,0,3,slightly_injured
2018,12,Wed,4,52.46302672,13.34290191,morning,8,daylight,0,icy,2,0,1,1,0,0,0,0,0,2,seriously_injured
2018,12,Thu,5,52.52467856,13.30442307,afternoon,15,daylight,0,wet,1,1,5,1,1,0,0,0,0,3,slightly_injured
2018,12,Wed,4,52.47614886,13.36299976,morning,6,dark,2,icy,2,0,1,0,0,0,1,0,0,2,seriously_injured
2018,12,Thu,5,52.45903158,13.34665637,afternoon,16,dusk,1,wet,1,3,6,0,1,0,1,0,0,2,seriously_injured
2018,12,Wed,4,52.48058703,13.4158559,night,5,dark,2,icy,2,9,1,0,1,0,0,0,0,3,slightly_injured
2018,12,Thu,5,52.51696468,13.32435535,afternoon,17,dusk,1,wet,1,2,1,0,1,0,0,0,0,2,seriously_injured
2018,12,Wed,4,52.56683256,13.41893604,afternoon,13,daylight,0,wet,1,6,4,0,1,1,0,0,0,2,seriously_injured
2018,12,Fri,6,52.45611815,13.37932948,night,2,dark,2,wet,1,1,1,0,1,0,0,0,0,3,slightly_injured
2018,12,Thu,5,52.47189896,13.45122599,afternoon,17,dusk,1,dry,0,5,3,0,1,0,0,0,1,3,slightly_injured
2018,12,Wed,4,52.56203541,13.19704757,afternoon,16,dusk,1,wet,1,5,2,1,1,0,0,0,0,3,slightly_injured
2018,12,Wed,4,52.5293363,13.4058959,evening,21,dark,2,dry,0,1,5,0,1,0,0,0,0,3,slightly_injured
2018,12,Wed,4,52.60989845,13.4741292,morning,9,daylight,0,dry,0,5,3,0,1,0,0,0,0,3,slightly_injured
2018,12,Wed,4,52.55533247,13.19870065,evening,20,dark,2,wet,1,0,1,0,0,0,1,0,0,3,slightly_injured
2018,12,Wed,4,52.5206438,13.37350121,evening,18,dark,2,wet,1,5,3,1,1,0,0,0,0,3,slightly_injured
2018,12,Wed,4,52.46124919,13.50243309,evening,18,dark,2,dry,0,5,3,1,1,0,0,0,0,3,slightly_injured
2018,12,Thu,5,52.43592681,13.26106172,afternoon,12,daylight,0,wet,1,5,2,1,1,0,0,0,0,3,slightly_injured
2018,12,Mon,2,52.43546088,13.5413878,evening,18,dark,2,wet,1,2,2,0,1,0,0,0,0,3,slightly_injured
2018,12,Mon,2,52.48003781,13.41887378,evening,18,dark,2,wet,1,5,3,1,1,0,0,0,0,2,seriously_injured
2018,12,Mon,2,52.46248538,13.47053068,evening,23,dark,2,wet,1,5,3,0,1,0,0,0,0,3,slightly_injured
2018,12,Mon,2,52.55130305,13.38369476,evening,22,dark,2,dry,0,2,6,0,1,0,0,0,0,3,slightly_injured
2018,12,Mon,2,52.50101366,13.3866523,evening,20,dark,2,wet,1,2,3,0,1,0,0,0,0,3,slightly_injured
2018,12,Mon,2,52.5434022,13.41703392,evening,19,dark,2,wet,1,5,3,0,1,0,0,0,0,3,slightly_injured
2018,12,Mon,2,52.55654279,13.36574494,evening,18,dark,2,wet,1,0,6,0,1,0,1,0,0,3,slightly_injured
2018,12,Mon,2,52.55194576,13.38246412,afternoon,14,daylight,0,dry,0,6,4,1,1,1,0,0,0,3,slightly_injured
2018,12,Mon,2,52.52179908,13.18903279,afternoon,14,daylight,0,dry,0,2,6,0,1,0,0,0,0,3,slightly_injured
2018,12,Mon,2,52.45893383,13.3054174,afternoon,14,daylight,0,dry,0,0,1,1,0,0,0,0,0,2,seriously_injured
2018,12,Mon,2,52.45061428,13.27674225,afternoon,13,daylight,0,dry,0,5,3,1,1,0,0,0,0,3,slightly_injured
2018,12,Mon,2,52.56942074,13.43810556,afternoon,13,daylight,0,dry,0,5,2,1,1,0,0,0,0,3,slightly_injured
2018,12,Mon,2,52.46342949,13.40315795,afternoon,12,daylight,0,dry,0,5,3,0,1,0,0,0,0,2,seriously_injured
2018,12,Mon,2,52.54886821,13.17804137,afternoon,12,daylight,0,dry,0,6,2,0,1,1,0,0,0,3,slightly_injured
2018,12,Mon,2,52.54423126,13.35993133,morning,11,daylight,0,dry,0,3,6,1,1,0,0,0,0,3,slightly_injured
2018,12,Mon,2,52.52245795,13.32883884,morning,11,daylight,0,dry,0,2,6,0,1,0,0,0,0,3,slightly_injured
2018,12,Sun,1,52.45512946,13.61685135,afternoon,16,dusk,1,dry,0,5,3,0,1,0,0,0,1,3,slightly_injured
2018,12,Sun,1,52.60449106,13.32640937,evening,23,dark,2,dry,0,6,2,0,1,1,0,0,0,2,seriously_injured
2018,12,Sun,1,52.55871341,13.37084127,evening,22,dark,2,dry,0,5,3,0,1,0,0,0,0,3,slightly_injured
2018,12,Sun,1,52.51038572,13.45370041,night,1,dark,2,wet,1,0,1,1,0,0,0,0,0,3,slightly_injured
2018,12,Sat,7,52.49997464,13.4079362,night,1,dark,2,dry,0,5,2,1,1,0,0,0,0,3,slightly_injured
2018,12,Sat,7,52.62639175,13.22766691,night,0,dark,2,dry,0,2,6,0,1,0,0,0,0,3,slightly_injured
2018,12,Sat,7,52.45588274,13.55460018,afternoon,15,daylight,0,wet,1,5,7,0,1,0,0,0,0,3,slightly_injured
2018,12,Sat,7,52.45422173,13.31775146,morning,11,daylight,0,wet,1,8,1,0,1,0,0,0,0,3,slightly_injured
2018,12,Sat,7,52.4415399,13.7085355,morning,10,daylight,0,wet,1,8,7,0,1,0,0,0,0,3,slightly_injured
2018,12,Sat,7,52.53900203,13.53609683,evening,23,dark,2,wet,1,6,6,0,1,1,0,0,0,2,seriously_injured
2018,12,Sat,7,52.49713866,13.3546263,evening,23,dark,2,wet,1,6,2,0,1,1,0,0,0,3,slightly_injured
2018,12,Sat,7,52.4134683,13.42111206,evening,21,dark,2,wet,1,6,4,0,1,1,0,0,0,3,slightly_injured
2018,12,Sat,7,52.55078702,13.5119357,evening,21,dark,2,wet,1,6,4,0,1,1,0,0,0,3,slightly_injured
2018,12,Sat,7,52.49133999,13.49241997,evening,20,dark,2,wet,1,1,7,1,0,0,0,0,0,2,seriously_injured
2018,12,Sat,7,52.54015738,13.37936182,evening,20,dark,2,wet,1,2,6,0,1,0,0,0,0,3,slightly_injured
2018,12,Sat,7,52.54394886,13.37752835,evening,20,dark,2,wet,1,6,4,0,1,1,0,0,0,2,seriously_injured
2018,12,Sat,7,52.47449756,13.43708675,evening,19,dark,2,dry,0,5,3,1,1,0,0,0,0,2,seriously_injured
2018,12,Sat,7,52.50196897,13.50195094,morning,10,daylight,0,wet,1,0,1,1,0,0,0,0,0,2,seriously_injured
2018,12,Sat,7,52.52085271,13.32131586,morning,10,daylight,0,wet,1,5,7,1,1,0,0,0,0,3,slightly_injured
2018,12,Sat,7,52.55564897,13.38418705,night,2,dark,2,wet,1,8,1,0,1,1,0,0,0,1,killed
2018,12,Fri,6,52.53865079,13.60413243,afternoon,17,dark,2,wet,1,6,2,0,1,1,0,0,0,3,slightly_injured
2018,12,Fri,6,52.54646301,13.46780064,afternoon,14,dusk,1,dry,0,5,2,0,1,0,0,0,0,2,seriously_injured
2018,12,Fri,6,52.53910702,13.34511297,afternoon,14,daylight,0,wet,1,2,4,0,1,1,0,0,0,3,slightly_injured
2018,12,Fri,6,52.40649146,13.26826291,afternoon,13,daylight,0,dry,0,5,3,0,1,0,0,0,0,3,slightly_injured
2018,12,Fri,6,52.5168789,13.38885554,afternoon,12,daylight,0,wet,1,3,6,0,1,0,0,0,0,3,slightly_injured
2018,12,Fri,6,52.47751435,13.42615973,afternoon,12,daylight,0,wet,1,5,3,0,1,0,0,0,0,3,slightly_injured
2018,12,Fri,6,52.50456342,13.39464545,morning,10,daylight,0,wet,1,5,3,0,1,0,0,0,0,3,slightly_injured
2018,12,Fri,6,52.56429335,13.49932614,morning,10,daylight,0,wet,1,9,7,0,1,0,0,0,0,3,slightly_injured
2018,12,Fri,6,52.51426051,13.26686844,morning,10,daylight,0,dry,0,5,3,0,1,0,0,0,0,3,slightly_injured
2018,12,Fri,6,52.56387893,13.46073187,morning,10,daylight,0,wet,1,5,7,1,1,0,0,0,0,3,slightly_injured
2018,12,Fri,6,52.52741195,13.45102757,morning,9,daylight,0,wet,1,2,6,0,1,0,0,0,0,3,slightly_injured
2018,12,Fri,6,52.52510148,13.46121525,morning,9,dusk,1,wet,1,0,7,1,0,0,0,0,0,2,seriously_injured
2018,12,Fri,6,52.46342927,13.40314424,morning,7,dusk,1,wet,1,5,3,0,1,0,0,0,0,3,slightly_injured
2019,1,Fri,6,52.58609,13.34146,afternoon,13,daylight,0,dry,1,5,3,1,1,0,0,0,0,3,slightly_injured
2019,1,Thu,5,52.55862,13.41356,morning,9,daylight,0,dry,0,5,3,1,1,0,0,0,0,3,slightly_injured
2019,3,Fri,6,52.57159,13.36034,evening,21,dark,2,dry,0,0,1,1,0,0,0,0,0,3,slightly_injured
2019,1,Fri,6,52.42825,13.21777,morning,7,dusk,1,dry,1,6,4,0,1,1,0,0,0,2,seriously_injured
2019,2,Tue,3,52.47421,13.36007,afternoon,15,daylight,0,dry,0,2,6,0,1,0,0,0,0,3,slightly_injured
2019,1,Thu,5,52.51273,13.19846,morning,7,dark,2,dry,1,2,6,0,1,0,0,0,0,3,slightly_injured
2019,1,Tue,3,52.51653,13.17891,morning,8,daylight,0,dry,0,6,6,0,1,1,0,0,0,3,slightly_injured
2019,1,Thu,5,52.51393,13.47323,morning,7,daylight,0,dry,1,6,2,0,1,1,0,0,0,3,slightly_injured
2019,2,Sun,1,52.51662,13.17905,evening,18,dark,2,dry,0,5,2,0,1,0,0,0,0,3,slightly_injured
2019,1,Thu,5,52.43879,13.38758,afternoon,17,dark,2,dry,0,3,2,0,1,0,0,0,1,3,slightly_injured
2019,1,Thu,5,52.4726,13.3659,evening,18,dark,2,dry,0,2,6,0,1,0,0,0,1,3,slightly_injured
2019,1,Thu,5,52.48068,13.31159,afternoon,16,dark,2,dry,0,0,1,0,0,0,1,0,0,2,seriously_injured
2019,2,Fri,6,52.53733,13.29398,afternoon,12,daylight,0,dry,0,2,6,0,0,0,0,1,1,3,slightly_injured
2019,3,Thu,5,52.51141,13.40141,afternoon,13,daylight,0,dry,0,2,6,0,1,0,0,0,0,3,slightly_injured
2019,1,Wed,4,52.49931,13.28107,afternoon,17,dark,2,dry,1,2,6,0,1,0,0,0,0,3,slightly_injured
2019,1,Wed,4,52.51738,13.39389,afternoon,12,daylight,0,dry,1,2,6,0,1,0,0,0,0,3,slightly_injured
2019,1,Wed,4,52.58075,13.40276,afternoon,13,daylight,0,dry,0,5,3,0,1,0,0,1,0,3,slightly_injured
2019,1,Wed,4,52.56367,13.3642,afternoon,17,dark,2,dry,1,6,2,0,1,1,0,0,0,3,slightly_injured
2019,1,Wed,4,52.45895,13.50644,morning,6,dark,2,dry,1,3,6,0,1,0,1,0,0,3,slightly_injured
2019,2,Sat,7,52.54108,13.36838,morning,6,dark,2,dry,0,5,2,0,1,0,1,0,0,2,seriously_injured
2019,1,Wed,4,52.44462,13.47591,night,5,dark,2,dry,1,3,6,0,1,0,0,1,0,3,slightly_injured
2019,1,Sun,1,52.51615,13.37672,morning,11,daylight,0,dry,1,5,3,1,0,0,0,0,0,3,slightly_injured
2019,1,Wed,4,52.51436,13.46757,morning,8,dusk,1,dry,1,5,3,1,1,0,0,0,0,3,slightly_injured
2019,2,Fri,6,52.59356,13.33407,afternoon,15,daylight,0,dry,0,5,3,0,1,0,0,0,1,3,slightly_injured
2019,1,Wed,4,52.54611,13.4457,morning,7,dark,2,dry,1,6,4,0,1,1,0,0,0,3,slightly_injured
2019,1,Wed,4,52.53464,13.30205,morning,7,dark,2,dry,1,2,6,0,1,0,0,0,0,3,slightly_injured
2019,1,Wed,4,52.42751,13.2146,morning,7,dark,2,dry,1,6,2,0,1,1,0,0,0,2,seriously_injured
2019,2,Tue,3,52.44826,13.30036,evening,18,dark,2,dry,0,2,6,0,1,0,0,0,0,3,slightly_injured
2019,1,Tue,3,52.41761,13.19654,morning,9,daylight,0,dry,1,2,6,0,1,0,0,0,0,3,slightly_injured
2019,2,Sat,7,52.44368,13.38623,morning,10,daylight,0,dry,0,2,6,0,1,0,0,0,0,3,slightly_injured
2019,1,Tue,3,52.50597,13.36817,evening,19,dark,2,dry,1,2,6,0,1,0,0,0,0,3,slightly_injured
2019,1,Tue,3,52.51367,13.45288,evening,19,dark,2,dry,1,2,6,1,0,0,0,0,0,3,slightly_injured
2019,1,Tue,3,52.43047,13.37623,afternoon,17,dark,2,dry,1,5,3,0,1,0,0,0,0,3,slightly_injured
2019,2,Wed,4,52.52257,13.54011,morning,10,daylight,0,dry,0,5,3,1,1,0,0,0,0,2,seriously_injured
2019,3,Wed,4,52.48565,13.30308,afternoon,14,daylight,0,dry,0,2,6,0,1,0,0,0,0,3,slightly_injured
2019,1,Tue,3,52.56471,13.47028,afternoon,12,daylight,0,dry,1,4,1,0,1,0,0,0,0,3,slightly_injured
2019,1,Mon,2,52.47309,13.38559,evening,19,dark,2,dry,1,6,4,0,0,1,0,0,1,3,slightly_injured
2019,1,Wed,4,52.41988,13.17569,afternoon,17,dark,2,dry,1,0,1,0,0,0,1,0,0,2,seriously_injured
2019,1,Sun,1,52.43784,13.38039,afternoon,12,daylight,0,dry,0,6,2,0,1,1,0,0,0,3,slightly_injured
2019,2,Fri,6,52.49425,13.28667,night,5,dusk,1,dry,1,0,1,0,0,0,1,0,0,3,slightly_injured
2019,1,Sat,7,52.51572,13.45424,morning,11,daylight,0,dry,0,5,2,0,1,0,0,0,0,3,slightly_injured
2019,1,Sun,1,52.51615,13.37672,morning,11,daylight,0,dry,1,5,3,1,0,0,0,0,0,3,slightly_injured
2019,1,Fri,6,52.57433,13.34784,morning,7,dusk,1,dry,1,2,2,0,1,0,0,0,0,3,slightly_injured
2019,1,Fri,6,52.45332,13.46215,evening,19,dark,2,dry,0,2,6,0,1,0,0,0,0,3,slightly_injured
2019,2,Fri,6,52.41519,13.40064,afternoon,12,daylight,0,dry,0,5,2,1,1,0,0,0,0,3,slightly_injured
2019,1,Fri,6,52.55924,13.42852,evening,18,dark,2,dry,1,5,3,1,1,0,0,0,0,3,slightly_injured
2019,1,Wed,4,52.57104,13.39835,evening,20,dark,2,dry,0,5,3,1,0,0,0,0,1,3,slightly_injured
2019,1,Fri,6,52.48542,13.35504,evening,18,dark,2,dry,1,1,5,1,1,0,0,0,0,3,slightly_injured
2019,1,Thu,5,52.45322,13.31475,evening,18,dark,2,dry,0,5,2,1,1,0,0,0,0,3,slightly_injured
2019,2,Sat,7,52.51166,13.28636,night,2,dark,2,dry,1,0,1,0,1,0,0,0,0,2,seriously_injured
2019,3,Sat,7,52.52054,13.40605,afternoon,17,dusk,1,dry,0,2,7,1,1,0,0,0,0,3,slightly_injured
2019,1,Wed,4,52.55389,13.55086,evening,18,dark,2,dry,1,2,6,0,1,0,0,0,0,3,slightly_injured
2019,2,Thu,5,52.53545,13.3634,afternoon,16,daylight,0,dry,0,0,6,1,1,0,0,0,0,3,slightly_injured
2019,1,Wed,4,52.477,13.347,afternoon,13,daylight,0,dry,0,5,3,0,1,0,0,1,0,3,slightly_injured
2019,1,Mon,2,52.55053,13.41406,afternoon,14,dusk,1,dry,0,0,2,1,1,0,0,0,0,3,slightly_injured
2019,3,Tue,3,52.50488,13.59864,afternoon,16,daylight,0,dry,0,5,2,0,1,0,0,0,0,3,slightly_injured
2019,1,Wed,4,52.46369,13.44937,night,3,dark,2,dry,1,3,6,0,1,0,0,1,0,3,slightly_injured
2019,1,Tue,3,52.49919,13.38109,night,4,dark,2,dry,1,2,6,0,1,0,0,0,0,3,slightly_injured
2019,1,Tue,3,52.46027,13.32841,morning,11,daylight,0,dry,1,5,2,0,1,0,0,0,0,2,seriously_injured
2019,1,Tue,3,52.50207,13.27789,night,5,dark,2,dry,1,9,1,0,1,0,0,0,0,3,slightly_injured
2019,2,Wed,4,52.522,13.41638,morning,10,daylight,0,dry,0,5,2,1,0,0,0,1,0,1,killed
2019,1,Tue,3,52.49793,13.38753,night,2,dark,2,dry,1,2,6,0,1,0,0,0,0,3,slightly_injured
2019,1,Sat,7,52.46741,13.38549,evening,21,dark,2,dry,1,2,6,0,1,0,0,0,0,3,slightly_injured
2019,1,Fri,6,52.43378,13.37779,afternoon,14,daylight,0,dry,0,5,2,1,1,0,0,0,0,3,slightly_injured
2019,1,Tue,3,52.49285,13.46005,night,2,dark,2,dry,1,2,4,0,1,1,0,0,0,3,slightly_injured
2019,2,Thu,5,52.53736,13.42924,evening,18,dark,2,dry,0,2,6,0,1,0,0,0,0,3,slightly_injured
2019,2,Fri,6,52.54534,13.44459,afternoon,15,daylight,0,dry,0,6,2,0,1,1,0,0,0,3,slightly_injured
2019,3,Fri,6,52.51241,13.32294,afternoon,12,daylight,0,dry,0,5,2,0,0,0,1,0,1,3,slightly_injured
2019,2,Wed,4,52.51489,13.46239,evening,20,dark,2,dry,0,2,6,1,0,0,0,0,0,3,slightly_injured
2019,1,Sat,7,52.46531,13.40092,evening,23,dark,2,dry,1,9,1,0,1,0,0,0,0,2,seriously_injured
2019,2,Mon,2,52.46988,13.38575,morning,6,daylight,0,dry,0,2,6,0,1,0,0,0,1,3,slightly_injured
2019,2,Mon,2,52.55143,13.36735,afternoon,16,daylight,0,dry,0,5,7,0,1,0,0,0,0,3,slightly_injured
2019,2,Wed,4,52.54481,13.41281,evening,18,dusk,1,dry,0,6,4,1,0,1,0,0,0,3,slightly_injured
2019,1,Fri,6,52.49798,13.28227,afternoon,13,daylight,0,dry,0,2,6,0,1,0,0,0,0,3,slightly_injured
2019,2,Tue,3,52.53717,13.42978,evening,19,dark,2,dry,0,1,5,1,1,0,0,0,0,3,slightly_injured
2019,3,Sat,7,52.50979,13.38082,afternoon,14,daylight,0,dry,1,4,6,1,1,0,0,0,0,3,slightly_injured
2019,1,Thu,5,52.41875,13.15272,evening,19,dark,2,dry,1,6,4,0,1,1,0,0,0,2,seriously_injured
2019,2,Thu,5,52.50354,13.44752,afternoon,13,daylight,0,dry,0,5,3,1,0,0,0,0,0,3,slightly_injured
2019,2,Tue,3,52.47784,13.35583,afternoon,16,daylight,0,dry,0,2,6,0,1,0,0,0,0,3,slightly_injured
2019,1,Tue,3,52.54109,13.439,afternoon,12,daylight,0,dry,0,5,2,1,0,0,0,1,0,3,slightly_injured
2019,2,Sat,7,52.51736,13.39356,evening,22,dark,2,dry,0,2,6,0,1,0,0,0,0,3,slightly_injured
2019,2,Thu,5,52.47774,13.35569,morning,8,daylight,0,dry,0,6,2,0,1,1,0,0,0,2,seriously_injured
2019,3,Thu,5,52.52,13.40455,evening,22,dark,2,dry,0,2,2,1,0,0,0,0,1,3,slightly_injured
2019,1,Wed,4,52.52694,13.28205,morning,7,dusk,1,dry,1,3,6,0,1,0,0,0,0,3,slightly_injured
2019,2,Sat,7,52.54712,13.44804,afternoon,14,daylight,0,dry,0,5,3,1,1,0,0,0,0,3,slightly_injured
2019,3,Fri,6,52.48923,13.38613,morning,7,daylight,0,dry,0,1,1,0,1,0,0,0,0,3,slightly_injured
2019,1,Wed,4,52.42497,13.20645,afternoon,12,daylight,0,dry,1,2,6,0,1,0,0,0,0,2,seriously_injured
2019,2,Sun,1,52.53733,13.32198,evening,18,dark,2,dry,0,2,6,0,1,0,0,0,0,3,slightly_injured
2019,1,Mon,2,52.41394,13.40166,morning,7,dark,2,dry,1,2,6,0,1,0,0,0,0,3,slightly_injured
2019,2,Sat,7,52.50967,13.27513,afternoon,14,daylight,0,dry,0,3,6,0,1,0,0,0,1,3,slightly_injured
2019,2,Wed,4,52.51129,13.30352,evening,19,dark,2,dry,0,2,6,0,1,0,0,0,0,3,slightly_injured
2019,3,Wed,4,52.51008,13.28167,afternoon,12,daylight,0,dry,0,2,6,0,1,0,0,0,0,3,slightly_injured
2019,1,Tue,3,52.51568,13.4079,afternoon,12,daylight,0,dry,0,3,6,1,1,0,0,0,0,3,slightly_injured
2019,2,Thu,5,52.51165,13.30904,morning,9,daylight,0,dry,0,5,7,0,1,0,1,0,0,3,slightly_injured
2019,1,Sat,7,52.5114,13.30518,morning,6,dusk,1,dry,0,5,2,0,1,0,0,0,1,3,slightly_injured
2019,1,Fri,6,52.57614,13.30107,morning,10,daylight,0,dry,1,2,6,0,1,0,0,0,1,3,slightly_injured