ujahr,umonat,weekday,uwochentag,long,lat,time_of_day,ustunde,light_condition,ulichtverh,street_condition,ustrzustand,uart,utyp1,ist_rad,ist_pkw,ist_fuss,ist_krad,ist_gkfz,ist_sonstige,ukategorie,accident_outcome
2019,2,Fri,6,52.55774,13.41412,afternoon,12,daylight,0,dry,0,5,2,0,1,0,0,0,1,2,seriously_injured
2019,1,Sun,1,52.55673,13.41416,night,0,dark,2,dry,1,3,6,0,1,0,0,0,0,3,slightly_injured
2019,2,Fri,6,52.54616,13.42809,afternoon,17,dusk,1,dry,0,3,6,1,1,0,0,0,0,3,slightly_injured
2019,2,Mon,2,52.51479,13.28632,morning,10,daylight,0,dry,0,2,6,0,1,0,0,1,0,3,slightly_injured
2019,3,Mon,2,52.49991,13.27959,morning,8,daylight,0,dry,0,3,6,0,1,0,0,1,0,3,slightly_injured
2019,1,Tue,3,52.51583,13.36979,morning,10,daylight,0,dry,1,5,2,0,1,0,0,0,0,3,slightly_injured
2019,2,Wed,4,52.57084,13.36073,morning,11,daylight,0,dry,0,2,2,0,1,0,0,0,0,3,slightly_injured
2019,1,Thu,5,52.52009,13.40518,morning,6,dark,2,dry,1,6,2,0,1,1,0,0,0,3,slightly_injured
2019,2,Thu,5,52.56115,13.3649,afternoon,16,daylight,0,dry,0,2,6,0,1,0,0,0,0,3,slightly_injured
2019,1,Thu,5,52.5657,13.36323,afternoon,17,dark,2,dry,0,3,6,0,1,0,0,0,0,3,slightly_injured
2019,3,Fri,6,52.53905,13.42423,evening,23,dark,2,dry,0,5,2,0,1,0,0,0,0,3,slightly_injured
2019,2,Wed,4,52.52543,13.41987,evening,18,dark,2,dry,0,2,2,1,1,0,0,0,0,3,slightly_injured
2019,2,Fri,6,52.53521,13.43213,evening,18,dark,2,dry,0,1,5,1,0,0,0,0,1,3,slightly_injured
2019,3,Sat,7,52.4138,13.1056,afternoon,12,daylight,0,dry,0,1,1,0,1,0,0,0,0,3,slightly_injured
2019,2,Wed,4,52.51552,13.45416,afternoon,15,daylight,0,dry,0,3,6,1,1,0,0,0,0,3,slightly_injured
2019,1,Mon,2,52.54675,13.29786,morning,11,daylight,0,dry,0,3,6,0,1,0,0,0,0,3,slightly_injured
2019,2,Tue,3,52.56568,13.47096,afternoon,15,daylight,0,dry,0,5,3,1,1,0,0,0,0,3,slightly_injured
2019,2,Tue,3,52.48547,13.35474,afternoon,15,daylight,0,dry,0,2,6,0,1,0,0,0,0,3,slightly_injured
2019,3,Fri,6,52.62227,13.24868,afternoon,14,daylight,0,dry,0,0,7,0,1,0,0,0,0,3,slightly_injured
2019,1,Thu,5,52.5127,13.45292,afternoon,16,daylight,0,dry,0,5,2,1,1,0,0,0,0,3,slightly_injured
2019,2,Thu,5,52.51431,13.46806,afternoon,15,daylight,0,dry,0,6,7,1,0,1,0,0,0,3,slightly_injured
2019,2,Mon,2,52.50982,13.2802,morning,9,daylight,0,dry,0,5,7,1,1,0,0,0,0,3,slightly_injured
2019,1,Tue,3,52.43495,13.26225,evening,19,dark,2,dry,1,0,6,0,0,0,1,0,1,3,slightly_injured
2019,2,Sat,7,52.54038,13.29545,afternoon,14,daylight,0,dry,0,2,6,0,1,0,0,0,0,3,slightly_injured
2019,1,Tue,3,52.52754,13.42265,morning,8,daylight,0,dry,0,3,6,0,1,0,0,1,0,3,slightly_injured
2019,2,Mon,2,52.4738,13.36305,afternoon,15,daylight,0,dry,0,2,6,0,1,0,0,0,1,3,slightly_injured
2019,2,Fri,6,52.39561,13.40639,morning,7,dusk,1,dry,1,3,6,0,1,0,0,0,0,3,slightly_injured
2019,3,Thu,5,52.52382,13.41812,morning,7,daylight,0,dry,1,0,5,1,1,0,0,0,0,3,slightly_injured
2019,1,Wed,4,52.55873,13.41334,afternoon,14,daylight,0,dry,0,1,5,1,1,0,0,0,0,3,slightly_injured
2019,2,Sat,7,52.55076,13.41376,afternoon,15,daylight,0,dry,0,5,2,1,1,0,0,0,0,3,slightly_injured
2019,1,Mon,2,52.54117,13.43861,afternoon,15,daylight,0,dry,0,6,4,0,1,1,0,0,0,2,seriously_injured
2019,2,Fri,6,52.55414,13.36622,afternoon,15,daylight,0,dry,0,1,5,0,1,0,0,0,0,3,slightly_injured
2019,2,Wed,4,52.57451,13.39933,afternoon,17,dark,2,dry,0,5,7,1,0,0,0,0,1,3,slightly_injured
2019,3,Tue,3,52.51976,13.28253,morning,9,daylight,0,dry,0,2,6,0,1,0,0,1,0,2,seriously_injured
2019,1,Tue,3,52.59218,13.40251,afternoon,17,dusk,1,dry,1,5,3,1,1,0,0,0,0,3,slightly_injured
2019,2,Wed,4,52.5448,13.41245,afternoon,15,daylight,0,dry,0,4,6,1,0,0,0,0,0,3,slightly_injured
2019,3,Wed,4,52.50843,13.25689,morning,10,daylight,0,dry,1,0,6,1,1,0,0,0,0,3,slightly_injured
2019,1,Wed,4,52.42064,13.3692,afternoon,12,daylight,0,dry,0,5,3,0,1,0,0,0,1,2,seriously_injured
2019,2,Fri,6,52.46288,13.44181,evening,18,dusk,1,dry,0,3,6,0,1,0,0,1,0,3,slightly_injured
2019,1,Sun,1,52.46383,13.33227,night,2,dark,2,dry,2,9,1,0,1,0,0,0,0,3,slightly_injured
2019,1,Thu,5,52.53938,13.42232,evening,21,dark,2,dry,1,0,5,0,1,0,1,0,0,2,seriously_injured
2019,2,Fri,6,52.59315,13.40278,morning,11,daylight,0,dry,0,5,3,1,1,0,0,0,0,3,slightly_injured
2019,2,Sun,1,52.48578,13.38605,evening,19,dark,2,dry,1,2,6,0,1,0,0,0,0,3,slightly_injured
2019,3,Sun,1,52.53629,13.4331,afternoon,17,daylight,0,dry,0,2,6,0,1,0,0,0,0,3,slightly_injured
2019,1,Mon,2,52.51282,13.32388,afternoon,16,daylight,0,dry,0,2,6,0,1,0,0,0,0,3,slightly_injured
2019,2,Wed,4,52.43518,13.26393,afternoon,16,daylight,0,dry,0,2,6,0,1,0,0,0,0,3,slightly_injured
2019,1,Thu,5,52.43686,13.38836,evening,19,dark,2,dry,1,2,6,0,1,0,0,0,0,3,slightly_injured
2019,2,Thu,5,52.51111,13.20652,evening,18,dark,2,dry,1,2,6,0,1,0,0,0,0,3,slightly_injured
2019,1,Sat,7,52.59625,13.33292,evening,21,dark,2,dry,0,3,6,0,1,0,1,0,0,3,slightly_injured
2019,1,Thu,5,52.48063,13.35091,evening,18,dark,2,dry,1,6,4,0,1,1,0,0,0,2,seriously_injured
2019,2,Thu,5,52.45487,13.51205,evening,18,dark,2,dry,0,5,2,1,1,0,0,0,0,3,slightly_injured
2019,2,Fri,6,52.54699,13.44767,night,5,dark,2,dry,0,6,2,0,1,1,0,0,0,3,slightly_injured
2019,3,Sat,7,52.50632,13.36835,evening,22,dark,2,dry,0,2,2,0,1,0,0,0,0,3,slightly_injured
2019,2,Wed,4,52.55797,13.3655,morning,6,dusk,1,dry,0,5,3,0,1,0,0,0,1,2,seriously_injured
2019,1,Sun,1,52.5194,13.41281,night,2,dark,2,dry,1,6,4,0,1,1,0,0,0,2,seriously_injured
2019,2,Mon,2,52.51021,13.38741,morning,11,daylight,0,dry,0,3,6,1,0,0,0,1,0,3,slightly_injured
2019,2,Mon,2,52.48188,13.31003,evening,23,dark,2,dry,0,3,6,0,1,0,0,0,0,3,slightly_injured
2019,3,Fri,6,52.50495,13.60626,morning,11,daylight,0,dry,1,5,3,1,1,0,0,0,0,3,slightly_injured
2019,1,Wed,4,52.50552,13.37207,afternoon,14,daylight,0,dry,0,2,6,0,1,0,0,0,0,3,slightly_injured
2019,2,Wed,4,52.46886,13.38549,evening,18,dusk,1,dry,0,6,7,1,0,1,0,0,0,3,slightly_injured
2019,3,Sat,7,52.49746,13.28262,morning,10,daylight,0,dry,1,2,6,0,1,0,0,0,0,3,slightly_injured
2019,1,Thu,5,52.51422,13.47041,morning,7,daylight,0,dry,0,1,5,0,1,1,0,0,0,3,slightly_injured
2019,2,Thu,5,52.45455,13.32054,afternoon,14,daylight,0,dry,0,2,6,0,1,0,0,0,0,3,slightly_injured
2019,2,Tue,3,52.50753,13.24231,afternoon,14,daylight,0,dry,0,5,3,0,1,0,0,0,0,3,slightly_injured
2019,1,Tue,3,52.52989,13.28388,afternoon,13,daylight,0,dry,0,2,6,0,1,0,0,1,0,3,slightly_injured
2019,2,Sun,1,52.48557,13.35533,evening,18,dark,2,dry,0,2,6,0,1,0,0,0,0,3,slightly_injured
2019,2,Thu,5,52.62613,13.31178,morning,11,daylight,0,dry,0,2,2,0,1,0,0,0,0,3,slightly_injured
2019,3,Thu,5,52.434,13.49785,morning,6,daylight,0,dry,1,2,6,0,0,0,0,1,0,3,slightly_injured
2019,1,Wed,4,52.41357,13.36175,afternoon,13,daylight,0,dry,0,2,6,0,1,0,0,0,0,3,slightly_injured
2019,2,Sat,7,52.47739,13.34606,afternoon,14,daylight,0,dry,0,0,1,0,0,0,1,0,0,3,slightly_injured
2019,1,Sun,1,52.5418,13.3699,afternoon,16,dark,2,dry,0,2,6,0,1,0,0,0,0,3,slightly_injured
2019,2,Fri,6,52.51571,13.45377,afternoon,15,daylight,0,dry,0,0,1,1,0,0,0,0,0,2,seriously_injured
2019,2,Sun,1,52.5345,13.43629,morning,8,daylight,0,dry,0,0,7,0,1,0,0,0,0,3,slightly_injured
2019,1,Mon,2,52.50386,13.6246,afternoon,14,daylight,0,dry,1,2,6,0,1,0,0,0,0,3,slightly_injured
2019,2,Sat,7,52.55041,13.4137,morning,10,daylight,0,dry,0,9,1,0,1,0,0,0,0,2,seriously_injured
2019,2,Wed,4,52.4351,13.25987,morning,8,daylight,0,dry,0,2,6,0,1,0,0,1,0,3,slightly_injured
2019,3,Wed,4,52.51437,13.46741,afternoon,13,daylight,0,dry,0,5,2,1,1,0,0,0,0,3,slightly_injured
2019,1,Wed,4,52.46947,13.38819,afternoon,16,dusk,1,dry,0,2,6,0,1,0,0,0,0,3,slightly_injured
2019,2,Fri,6,52.51466,13.35327,afternoon,16,daylight,0,dry,0,3,6,0,1,0,1,0,0,3,slightly_injured
2019,1,Sat,7,52.53187,13.53666,morning,10,daylight,0,dry,1,6,4,0,1,1,0,0,0,1,killed
2019,1,Thu,5,52.49457,13.28613,evening,22,dark,2,dry,1,9,1,0,1,0,0,0,0,3,slightly_injured
2019,2,Fri,6,52.58624,13.34134,afternoon,14,daylight,0,dry,0,5,3,1,1,0,0,0,0,3,slightly_injured
2019,2,Fri,6,52.51577,13.45423,evening,19,dark,2,dry,0,5,7,0,1,0,0,0,0,3,slightly_injured
2019,3,Sat,7,52.52239,13.41671,afternoon,12,daylight,0,dry,0,0,6,0,1,0,0,0,1,3,slightly_injured
2019,2,Mon,2,52.43737,13.38822,afternoon,13,daylight,0,dry,0,5,7,0,0,0,0,0,1,3,slightly_injured
2019,3,Mon,2,52.54856,13.36902,afternoon,13,daylight,0,dry,0,2,6,0,1,0,0,0,0,3,slightly_injured
2019,1,Tue,3,52.43381,13.37781,morning,11,daylight,0,dry,1,5,3,0,0,0,1,0,1,3,slightly_injured
2019,2,Wed,4,52.5745,13.34766,morning,8,daylight,0,dry,0,5,2,1,0,0,0,0,1,3,slightly_injured
2019,1,Sat,7,52.50974,13.27619,evening,21,dark,2,dry,0,3,6,0,1,0,0,0,0,3,slightly_injured
2019,1,Thu,5,52.50625,13.36862,afternoon,15,daylight,0,dry,0,3,6,0,1,0,0,0,0,3,slightly_injured
2019,2,Thu,5,52.54096,13.41253,afternoon,17,dusk,1,dry,0,2,2,1,1,0,0,0,0,3,slightly_injured
2019,2,Fri,6,52.5139,13.47351,afternoon,14,daylight,0,dry,0,5,3,1,1,0,0,0,0,3,slightly_injured
2019,3,Fri,6,52.55618,13.36563,afternoon,13,daylight,0,dry,0,1,5,1,1,0,0,0,0,3,slightly_injured
2019,2,Wed,4,52.51088,13.39519,evening,19,dark,2,dry,0,6,4,0,1,1,0,0,0,2,seriously_injured
2019,1,Thu,5,52.50051,13.28002,afternoon,13,daylight,0,dry,0,3,6,0,1,0,0,1,0,3,slightly_injured
2019,2,Mon,2,52.52858,13.28293,morning,6,dusk,1,dry,1,2,6,0,1,0,0,0,0,3,slightly_injured
2019,2,Thu,5,52.49486,13.28528,morning,6,dusk,1,dry,0,3,6,0,1,0,0,1,0,3,slightly_injured
2019,1,Mon,2,52.45276,13.38436,evening,20,dark,2,dry,1,6,2,0,1,1,0,0,0,3,slightly_injured
2019,2,Wed,4,52.50519,13.4487,evening,23,dark,2,dry,0,6,4,0,0,1,0,0,1,3,slightly_injured
2019,1,Wed,4,52.53565,13.30921,afternoon,15,daylight,0,dry,1,2,6,0,1,0,0,0,0,3,slightly_injured
2019,1,Thu,5,52.4845,13.47943,afternoon,15,daylight,0,dry,0,5,3,1,1,0,0,0,0,3,slightly_injured
2019,2,Tue,3,52.49837,13.38779,afternoon,15,daylight,0,dry,0,3,6,1,1,0,0,0,0,3,slightly_injured
2019,3,Sat,7,52.56344,13.31034,evening,20,dark,2,dry,1,8,1,0,1,0,0,0,0,2,seriously_injured
2019,1,Thu,5,52.51453,13.46587,afternoon,16,dusk,1,dry,0,6,4,0,1,1,0,0,0,2,seriously_injured
2019,2,Thu,5,52.57118,13.39815,afternoon,14,daylight,0,dry,0,2,2,1,1,0,0,0,0,3,slightly_injured
2019,2,Tue,3,52.48451,13.47946,afternoon,16,daylight,0,dry,0,6,4,0,1,1,0,0,0,3,slightly_injured
2019,1,Tue,3,52.51559,13.45419,morning,11,daylight,0,dry,1,5,3,1,1,0,0,0,0,2,seriously_injured
2019,1,Tue,3,52.43653,13.38885,morning,11,daylight,0,dry,0,6,4,0,1,1,0,0,0,2,seriously_injured
2019,2,Sat,7,52.41997,13.1754,evening,23,dark,2,dry,0,5,2,1,1,0,0,0,0,2,seriously_injured
2019,2,Thu,5,52.50987,13.54071,morning,8,daylight,0,dry,0,2,6,0,1,0,0,0,0,3,slightly_injured
2019,3,Wed,4,52.50477,13.61335,morning,7,daylight,0,dry,0,0,2,1,0,0,0,0,1,3,slightly_injured
2019,1,Tue,3,52.49383,13.38817,afternoon,17,dusk,1,dry,1,6,4,1,0,1,0,0,0,3,slightly_injured
2019,2,Mon,2,52.48536,13.46704,morning,11,daylight,0,dry,1,6,4,0,1,1,0,0,0,3,slightly_injured
2019,3,Thu,5,52.46186,13.40675,evening,20,dark,2,dry,0,3,6,0,1,0,0,0,1,2,seriously_injured
2019,1,Wed,4,52.47819,13.33475,afternoon,15,daylight,0,dry,0,2,6,0,1,0,0,1,0,3,slightly_injured
2019,2,Sun,1,52.4801,13.35213,afternoon,14,daylight,0,dry,0,5,2,1,1,0,0,0,0,3,slightly_injured
2019,1,Mon,2,52.50501,13.37229,afternoon,17,dark,2,dry,0,2,6,0,1,0,0,0,0,3,slightly_injured
2019,1,Mon,2,52.41593,13.40022,afternoon,17,dusk,1,dry,0,2,6,0,1,0,0,0,0,3,slightly_injured
2019,2,Fri,6,52.53439,13.43074,morning,8,daylight,0,dry,0,5,2,1,0,0,0,0,0,2,seriously_injured
2019,1,Mon,2,52.52303,13.41081,afternoon,17,dark,2,dry,1,2,7,1,1,0,0,0,1,3,slightly_injured
2019,2,Wed,4,52.51223,13.31493,evening,18,dark,2,dry,0,5,2,1,1,0,0,0,0,3,slightly_injured
2019,3,Wed,4,52.51658,13.17945,afternoon,12,daylight,0,dry,0,2,6,0,1,0,0,1,0,2,seriously_injured
2019,1,Mon,2,52.49616,13.28405,morning,9,daylight,0,dry,1,2,6,0,1,0,0,0,0,3,slightly_injured
2019,1,Tue,3,52.47864,13.34104,afternoon,17,dusk,1,dry,0,2,6,0,1,0,0,0,0,3,slightly_injured
2019,2,Thu,5,52.51941,13.41232,evening,22,dark,2,dry,1,5,3,1,1,0,0,0,0,3,slightly_injured
2019,1,Sun,1,52.47054,13.37334,afternoon,16,dark,2,dry,1,8,1,0,1,0,0,0,0,3,slightly_injured
2019,1,Sat,7,52.54575,13.44492,evening,23,dark,2,dry,0,2,6,0,1,0,0,0,0,3,slightly_injured
2019,1,Sun,1,52.55797,13.3655,night,5,dark,2,dry,1,5,3,0,1,0,0,0,0,3,slightly_injured
2019,1,Sun,1,52.49416,13.28925,morning,8,daylight,0,dry,1,9,1,0,1,0,0,0,0,2,seriously_injured
2019,1,Wed,4,52.52857,13.28269,morning,10,daylight,0,dry,1,3,6,0,1,0,0,1,1,2,seriously_injured
2019,2,Sat,7,52.47403,13.36208,afternoon,13,daylight,0,dry,0,0,1,0,0,0,1,0,0,3,slightly_injured
2019,1,Sat,7,52.50852,13.25827,evening,19,dark,2,dry,1,5,2,1,1,0,0,0,0,3,slightly_injured
2019,1,Sun,1,52.56041,13.36504,afternoon,13,daylight,0,dry,0,2,4,0,1,1,0,0,0,3,slightly_injured
2019,1,Sat,7,52.53934,13.4239,evening,19,dark,2,dry,1,6,2,0,1,1,0,0,0,3,slightly_injured
2019,1,Thu,5,52.49816,13.38866,afternoon,16,dusk,1,dry,0,5,2,1,1,0,0,0,0,3,slightly_injured
2019,2,Fri,6,52.45262,13.38459,morning,9,daylight,0,dry,0,5,2,1,1,0,0,0,0,3,slightly_injured
2019,1,Sat,7,52.48909,13.35891,evening,18,dark,2,dry,1,2,6,0,1,0,0,0,0,3,slightly_injured
2019,2,Sun,1,52.54858,13.45182,afternoon,16,dusk,1,dry,0,6,4,0,1,1,0,0,0,2,seriously_injured
2019,3,Mon,2,52.4234,13.39633,morning,10,daylight,0,dry,0,5,2,0,1,0,0,1,0,3,slightly_injured
2019,1,Mon,2,52.61884,13.31465,afternoon,17,dark,2,dry,1,2,6,0,1,0,0,0,0,3,slightly_injured
2019,2,Wed,4,52.51059,13.28587,afternoon,16,daylight,0,dry,0,2,6,0,1,0,0,0,0,3,slightly_injured
2019,1,Thu,5,52.52747,13.44631,afternoon,17,dusk,1,dry,0,4,6,1,0,0,0,0,0,3,slightly_injured
2019,2,Thu,5,52.50495,13.60651,morning,7,dusk,1,dry,0,5,3,1,1,0,0,0,0,3,slightly_injured
2019,1,Wed,4,52.5139,13.47355,morning,8,dusk,1,dry,1,5,3,0,1,0,0,0,0,3,slightly_injured
2019,2,Fri,6,52.50991,13.28162,afternoon,12,daylight,0,dry,0,5,3,0,1,0,0,1,0,2,seriously_injured
2019,2,Fri,6,52.61084,13.31884,afternoon,17,dark,2,dry,0,6,4,0,1,1,0,0,0,3,slightly_injured
2019,3,Sat,7,52.49783,13.28215,evening,18,dark,2,dry,0,2,6,0,1,0,0,0,1,3,slightly_injured
2019,2,Wed,4,52.50871,13.26158,afternoon,15,daylight,0,dry,0,3,6,0,1,0,0,0,0,3,slightly_injured
2019,1,Sun,1,52.58735,13.29071,night,2,dark,2,dry,1,9,1,0,1,0,0,0,0,3,slightly_injured
2019,2,Tue,3,52.57734,13.29864,afternoon,13,daylight,0,dry,0,2,6,0,1,0,0,0,1,3,slightly_injured
2019,1,Sat,7,52.56812,13.47642,afternoon,15,dusk,1,dry,1,5,3,1,1,0,0,0,0,3,slightly_injured
2019,2,Mon,2,52.51597,13.45373,morning,7,daylight,0,dry,0,0,2,1,1,0,0,0,0,3,slightly_injured
2019,3,Fri,6,52.57191,13.36017,morning,8,daylight,0,dry,0,6,7,1,0,1,0,0,0,3,slightly_injured
2019,1,Wed,4,52.57807,13.34761,afternoon,15,daylight,0,dry,0,2,6,0,1,0,0,0,0,3,slightly_injured
2019,2,Mon,2,52.54018,13.41853,morning,7,daylight,0,dry,0,5,3,1,1,0,0,0,0,3,slightly_injured
2019,1,Fri,6,52.57247,13.39883,afternoon,16,dark,2,dry,1,0,6,0,1,0,0,0,1,3,slightly_injured
2019,1,Tue,3,52.48073,13.31177,afternoon,17,daylight,0,dry,0,2,6,0,1,0,0,0,0,3,slightly_injured
2019,10,Tue,3,52.49387,13.36103,afternoon,16,daylight,0,dry,1,6,4,0,1,1,0,0,0,2,seriously_injured
2019,6,Thu,5,52.50919,13.3738,evening,18,daylight,0,dry,0,2,6,0,1,0,0,0,0,3,slightly_injured
2019,9,Mon,2,52.51282,13.48421,morning,7,daylight,0,dry,0,9,1,0,1,0,0,0,0,3,slightly_injured
2019,12,Thu,5,52.5,13.2803,evening,23,dark,2,dry,1,8,1,0,1,0,0,0,0,3,slightly_injured
2019,6,Sat,7,52.46996,13.38575,night,1,dark,2,dry,0,5,3,1,1,0,0,0,0,3,slightly_injured
2019,5,Wed,4,52.54682,13.36922,afternoon,17,daylight,0,dry,0,2,7,0,1,0,0,0,0,3,slightly_injured
2019,11,Sun,1,52.53451,13.30212,night,2,dark,2,dry,1,9,1,0,1,0,0,0,0,3,slightly_injured
2019,6,Fri,6,52.54476,13.42729,morning,8,daylight,0,dry,0,6,4,1,0,1,0,0,0,3,slightly_injured
2019,11,Thu,5,52.48171,13.34843,afternoon,14,daylight,0,dry,0,5,2,1,1,0,0,0,0,2,seriously_injured
2019,8,Thu,5,52.51503,13.46232,afternoon,16,daylight,0,dry,0,4,6,1,0,0,0,0,1,3,slightly_injured
2019,5,Wed,4,52.41379,13.105,afternoon,13,daylight,0,dry,0,0,7,0,1,0,0,0,0,2,seriously_injured
2019,10,Sun,1,52.50993,13.27933,morning,8,daylight,0,dry,0,1,1,0,1,0,0,0,0,2,seriously_injured
2019,9,Mon,2,52.51268,13.32083,afternoon,16,daylight,0,dry,0,5,2,0,1,0,1,0,0,3,slightly_injured
2019,6,Fri,6,52.51029,13.28483,afternoon,14,daylight,0,dry,0,6,7,0,1,1,0,0,0,2,seriously_injured
2019,8,Thu,5,52.50238,13.37487,afternoon,16,daylight,0,dry,0,3,6,0,0,0,0,0,1,3,slightly_injured
2019,5,Wed,4,52.51135,13.30143,afternoon,13,daylight,0,dry,0,2,6,0,1,0,0,0,0,3,slightly_injured
2019,6,Sat,7,52.46918,13.38923,afternoon,16,daylight,0,dry,0,5,3,0,1,0,0,0,0,3,slightly_injured
2019,9,Mon,2,52.43646,13.38889,morning,10,daylight,0,dry,0,5,2,0,1,0,1,0,0,2,seriously_injured
2019,12,Sun,1,52.44944,13.30424,afternoon,16,dark,2,dry,1,5,3,0,1,0,0,0,0,3,slightly_injured
2019,6,Fri,6,52.51653,13.17891,afternoon,13,daylight,0,dry,0,2,6,0,0,0,1,1,0,3,slightly_injured
2019,8,Thu,5,52.42801,13.21768,afternoon,15,daylight,0,dry,0,0,3,1,1,0,0,0,0,3,slightly_injured
2019,11,Mon,2,52.54133,13.4388,afternoon,16,daylight,0,dry,0,5,2,0,1,0,0,0,0,3,slightly_injured
2019,8,Thu,5,52.51064,13.29328,afternoon,16,daylight,0,dry,0,0,3,1,1,0,0,0,0,3,slightly_injured
2019,5,Wed,4,52.51292,13.32554,afternoon,12,daylight,0,dry,0,2,6,0,1,0,1,0,0,3,slightly_injured
2019,10,Sun,1,52.51172,13.49335,afternoon,13,daylight,0,dry,0,3,6,0,1,0,1,0,0,3,slightly_injured
2019,9,Sat,7,52.49174,13.36083,afternoon,17,daylight,0,dry,0,3,6,0,1,0,0,0,0,3,slightly_injured
2019,6,Fri,6,52.55065,13.30284,afternoon,14,daylight,0,dry,0,2,6,0,1,0,0,0,1,3,slightly_injured
2019,8,Thu,5,52.5168,13.45389,afternoon,14,daylight,0,dry,0,0,1,1,1,0,0,0,0,3,slightly_injured
2019,5,Wed,4,52.52619,13.44759,morning,11,daylight,0,dry,0,0,6,0,1,0,1,0,0,3,slightly_injured
2019,11,Tue,3,52.51104,13.29687,afternoon,15,daylight,0,dry,0,3,6,0,1,0,0,1,0,3,slightly_injured
2019,6,Wed,4,52.41164,13.40297,morning,9,daylight,0,dry,0,2,6,0,1,0,0,0,0,3,slightly_injured
2019,9,Sat,7,52.50763,13.24385,afternoon,17,daylight,0,dry,0,0,1,1,0,0,0,0,0,3,slightly_injured
2019,12,Sat,7,52.51665,13.17909,evening,23,dark,2,dry,1,5,2,0,1,0,0,0,0,3,slightly_injured
2019,8,Thu,5,52.5111,13.30064,afternoon,12,daylight,0,dry,0,2,6,0,1,0,0,0,1,3,slightly_injured
2019,10,Tue,3,52.55701,13.41451,afternoon,17,dark,2,dry,0,2,6,0,1,0,0,0,0,3,slightly_injured
2019,9,Sat,7,52.50357,13.44755,evening,19,dark,2,dry,0,0,7,1,0,0,0,0,0,2,seriously_injured
2019,8,Thu,5,52.432,13.23495,morning,9,daylight,0,dry,0,0,7,1,0,0,0,0,0,3,slightly_injured
2019,5,Wed,4,52.4772,13.38591,morning,9,daylight,0,dry,0,2,6,0,1,0,1,0,0,3,slightly_injured
2019,10,Mon,2,52.51869,13.4111,afternoon,13,daylight,0,dry,0,6,7,0,0,1,0,0,1,2,seriously_injured
2019,6,Mon,2,52.59428,13.40305,morning,11,daylight,0,dry,0,5,3,1,1,0,0,0,0,3,slightly_injured
2019,9,Sat,7,52.53973,13.43695,morning,9,daylight,0,dry,0,5,3,1,1,0,0,0,0,3,slightly_injured
2019,6,Fri,6,52.50027,13.37726,afternoon,16,daylight,0,dry,0,5,3,1,1,0,0,0,0,3,slightly_injured
2019,8,Wed,4,52.51202,13.31472,evening,19,daylight,0,dry,0,5,2,0,1,0,1,0,0,2,seriously_injured
2019,5,Wed,4,52.59442,13.40307,morning,8,daylight,0,dry,0,0,5,0,0,0,1,0,1,2,seriously_injured
2019,11,Thu,5,52.48614,13.30267,morning,8,daylight,0,dry,0,2,6,0,1,0,0,0,0,3,slightly_injured
2019,6,Fri,6,52.55477,13.3659,morning,7,daylight,0,dry,0,1,5,1,1,0,0,0,0,3,slightly_injured
2019,12,Tue,3,52.55035,13.30239,afternoon,13,daylight,0,dry,1,2,6,0,1,0,0,0,1,3,slightly_injured
2019,8,Wed,4,52.51892,13.41141,evening,21,dark,2,dry,0,0,1,1,0,0,0,0,0,3,slightly_injured
2019,5,Wed,4,52.61094,13.31869,morning,7,daylight,0,dry,0,5,2,0,1,0,0,0,0,3,slightly_injured
2019,10,Thu,5,52.50117,13.36404,morning,8,daylight,0,dry,1,2,6,0,1,0,0,0,0,3,slightly_injured
2019,9,Sat,7,52.51876,13.45372,morning,8,daylight,0,dry,0,8,1,1,1,0,0,0,0,3,slightly_injured
2019,8,Wed,4,52.49903,13.28131,afternoon,15,daylight,0,dry,0,2,6,0,1,0,0,0,0,3,slightly_injured
2019,5,Tue,3,52.51753,13.43614,afternoon,16,daylight,0,dry,0,0,1,1,0,0,0,0,0,2,seriously_injured
2019,9,Mon,2,52.50267,13.37436,morning,6,dusk,1,dry,1,0,2,0,1,0,1,0,0,2,seriously_injured
2019,6,Wed,4,52.51404,13.34233,night,0,dark,2,dry,0,0,7,1,0,0,0,0,0,3,slightly_injured
2019,9,Sat,7,52.51597,13.37397,afternoon,16,daylight,0,dry,0,6,7,1,0,1,0,0,0,3,slightly_injured
2019,12,Fri,6,52.49914,13.36259,evening,19,dark,2,dry,1,6,4,0,1,1,0,0,0,2,seriously_injured
2019,6,Fri,6,52.54255,13.29661,afternoon,14,daylight,0,dry,0,2,6,0,1,0,0,0,0,3,slightly_injured
2019,8,Wed,4,52.51844,13.42905,afternoon,15,daylight,0,dry,0,2,6,0,1,0,0,1,0,3,slightly_injured
2019,5,Tue,3,52.51066,13.50444,evening,18,daylight,0,dry,0,3,2,1,0,0,0,0,1,3,slightly_injured
2019,11,Fri,6,52.58066,13.34562,afternoon,13,daylight,0,dry,0,2,2,0,1,0,0,1,0,2,seriously_injured
2019,9,Sat,7,52.51573,13.37017,night,1,dark,2,dry,0,0,1,0,1,0,0,0,0,3,slightly_injured
2019,11,Tue,3,52.53779,13.36668,afternoon,16,dusk,1,dry,0,5,3,0,1,0,1,0,0,3,slightly_injured
2019,8,Wed,4,52.49895,13.36251,morning,10,daylight,0,dry,0,3,6,0,1,0,0,0,0,3,slightly_injured
2019,5,Tue,3,52.50464,13.36714,evening,21,dark,2,dry,0,0,3,1,0,0,1,0,0,3,slightly_injured
2019,10,Thu,5,52.4802,13.47467,afternoon,16,daylight,0,dry,0,3,6,0,0,0,0,1,1,3,slightly_injured
2019,9,Fri,6,52.43628,13.37923,afternoon,16,daylight,0,dry,0,5,2,1,0,0,0,0,1,3,slightly_injured
2019,6,Fri,6,52.46712,13.39507,night,0,dark,2,dry,0,3,6,0,1,0,0,0,0,2,seriously_injured
2019,8,Wed,4,52.4788,13.35444,morning,9,daylight,0,dry,0,0,2,0,1,0,0,0,1,3,slightly_injured