ujahr,umonat,weekday,uwochentag,long,lat,time_of_day,ustunde,light_condition,ulichtverh,street_condition,ustrzustand,uart,utyp1,ist_rad,ist_pkw,ist_fuss,ist_krad,ist_gkfz,ist_sonstige,ukategorie,accident_outcome
2019,5,Tue,3,52.54875,13.41376,afternoon,16,daylight,0,dry,0,1,5,1,0,0,0,0,1,3,slightly_injured
2019,6,Fri,6,52.5187,13.4111,evening,20,daylight,0,dry,0,2,6,0,1,0,1,0,0,3,slightly_injured
2019,9,Fri,6,52.5166,13.409,afternoon,15,daylight,0,dry,0,2,6,0,1,0,1,0,0,3,slightly_injured
2019,12,Fri,6,52.51402,13.34405,afternoon,12,daylight,0,dry,0,2,6,0,1,0,0,0,0,3,slightly_injured
2019,6,Fri,6,52.43931,13.38207,afternoon,13,daylight,0,dry,0,2,6,0,1,0,0,0,0,3,slightly_injured
2019,8,Wed,4,52.49468,13.28587,afternoon,14,daylight,0,dry,0,2,6,0,1,0,0,0,0,3,slightly_injured
2019,11,Sat,7,52.51709,13.40905,afternoon,17,dark,2,dry,1,5,2,0,1,0,0,0,0,3,slightly_injured
2019,8,Wed,4,52.52094,13.40684,afternoon,12,daylight,0,dry,0,0,1,0,1,0,1,0,0,3,slightly_injured
2019,5,Tue,3,52.51134,13.20536,afternoon,17,daylight,0,dry,0,2,6,0,1,0,0,0,0,3,slightly_injured
2019,10,Fri,6,52.51376,13.4534,afternoon,17,daylight,0,dry,1,3,6,1,1,0,0,0,0,3,slightly_injured
2019,9,Fri,6,52.49538,13.46227,afternoon,14,daylight,0,dry,0,2,6,0,1,0,0,0,0,3,slightly_injured
2019,6,Fri,6,52.55939,13.31069,afternoon,15,daylight,0,dry,0,2,6,0,1,0,0,0,0,3,slightly_injured
2019,8,Wed,4,52.43638,13.38894,morning,7,daylight,0,dry,0,6,4,0,1,1,0,0,0,3,slightly_injured
2019,5,Tue,3,52.43368,13.37775,afternoon,17,daylight,0,dry,0,2,6,0,1,0,0,0,1,3,slightly_injured
2019,11,Mon,2,52.51697,13.45338,evening,23,dark,2,dry,1,0,1,0,0,0,1,0,0,3,slightly_injured
2019,6,Mon,2,52.5283,13.42406,afternoon,16,daylight,0,dry,0,2,7,1,1,0,0,0,0,2,seriously_injured
2019,9,Fri,6,52.53623,13.43329,afternoon,13,daylight,0,dry,0,5,2,0,1,0,0,0,0,2,seriously_injured
2019,12,Fri,6,52.58295,13.48327,afternoon,15,dusk,1,dry,1,5,3,0,1,0,0,0,0,2,seriously_injured
2019,8,Tue,3,52.51199,13.31126,evening,18,daylight,0,dry,0,6,6,1,0,1,0,0,0,3,slightly_injured
2019,5,Tue,3,52.43645,13.3889,afternoon,15,daylight,0,dry,0,5,2,0,1,0,1,0,0,3,slightly_injured
2019,10,Mon,2,52.58721,13.29106,morning,11,dusk,1,dry,0,2,6,0,1,0,0,0,1,3,slightly_injured
2019,9,Fri,6,52.51509,13.46172,morning,7,daylight,0,dry,0,3,6,1,0,0,0,0,0,3,slightly_injured
2019,8,Tue,3,52.52961,13.44399,morning,10,daylight,0,dry,0,5,3,1,0,0,0,0,0,3,slightly_injured
2019,5,Tue,3,52.55778,13.42891,morning,9,daylight,0,dry,0,2,6,0,1,0,1,0,0,3,slightly_injured
2019,10,Sat,7,52.53562,13.43458,afternoon,17,daylight,0,dry,0,0,3,1,1,0,0,0,0,3,slightly_injured
2019,6,Fri,6,52.52961,13.444,evening,19,daylight,0,dry,0,0,1,1,0,0,0,0,0,3,slightly_injured
2019,9,Fri,6,52.52014,13.40482,afternoon,12,daylight,0,dry,0,5,2,1,0,0,0,0,1,3,slightly_injured
2019,6,Fri,6,52.51546,13.45821,morning,11,daylight,0,dry,0,5,2,1,0,0,0,0,0,3,slightly_injured
2019,8,Tue,3,52.51849,13.45362,afternoon,14,daylight,0,dry,0,5,3,1,1,0,0,0,0,3,slightly_injured
2019,5,Tue,3,52.48538,13.46701,morning,8,daylight,0,dry,0,3,6,0,1,0,1,0,0,3,slightly_injured
2019,10,Sat,7,52.56289,13.55829,morning,7,daylight,0,dry,0,5,3,0,1,0,0,0,0,3,slightly_injured
2019,9,Fri,6,52.55068,13.41409,afternoon,13,daylight,0,dry,0,2,6,0,1,0,1,0,0,3,slightly_injured
2019,6,Fri,6,52.49785,13.28213,morning,11,daylight,0,dry,0,3,6,0,1,0,0,0,1,2,seriously_injured
2019,8,Tue,3,52.51751,13.43635,morning,7,daylight,0,dry,0,5,2,1,1,0,0,0,0,3,slightly_injured
2019,5,Tue,3,52.5133,13.33371,morning,8,daylight,0,dry,0,3,6,1,1,0,0,0,0,3,slightly_injured
2019,11,Mon,2,52.53899,13.42442,evening,18,dark,2,dry,0,6,2,0,1,1,0,0,0,3,slightly_injured
2019,6,Tue,3,52.44928,13.38503,morning,11,daylight,0,dry,0,5,3,1,1,0,0,0,0,3,slightly_injured
2019,9,Fri,6,52.46721,13.39523,morning,9,daylight,0,dry,0,2,6,0,1,0,0,0,0,3,slightly_injured
2019,12,Fri,6,52.52007,13.40514,afternoon,17,dark,2,dry,1,5,3,1,1,0,0,0,0,3,slightly_injured
2019,8,Tue,3,52.58098,13.40398,morning,6,daylight,0,dry,0,5,3,1,1,0,0,0,0,3,slightly_injured
2019,10,Tue,3,52.54693,13.44808,morning,8,daylight,0,dry,0,5,2,1,1,0,0,0,0,3,slightly_injured
2019,9,Thu,5,52.51344,13.47672,afternoon,17,daylight,0,dry,0,5,3,1,1,0,0,0,0,2,seriously_injured
2019,8,Tue,3,52.48179,13.30702,morning,9,daylight,0,dry,0,2,6,0,1,0,0,0,0,3,slightly_injured
2019,5,Mon,2,52.54109,13.41232,afternoon,16,daylight,0,dry,0,5,3,1,0,0,0,0,1,3,slightly_injured
2019,10,Sun,1,52.56259,13.55806,morning,10,daylight,0,dry,0,9,1,0,1,0,0,0,0,3,slightly_injured
2019,6,Sun,1,52.58769,13.40175,afternoon,12,daylight,0,dry,0,4,6,0,1,0,0,0,0,3,slightly_injured
2019,9,Thu,5,52.48943,13.29792,afternoon,16,daylight,0,dry,0,2,6,0,1,0,0,0,0,3,slightly_injured
2019,6,Fri,6,52.52009,13.42236,afternoon,15,daylight,0,dry,0,0,6,1,0,0,0,0,0,2,seriously_injured
2019,5,Mon,2,52.51583,13.36985,evening,22,dark,2,dry,0,5,2,0,1,0,0,0,0,3,slightly_injured
2019,11,Wed,4,52.47203,13.36715,afternoon,17,dark,2,dry,0,2,6,0,1,0,0,0,0,3,slightly_injured
2019,6,Fri,6,52.51452,13.46597,afternoon,15,daylight,0,dry,1,0,7,0,0,0,1,0,1,3,slightly_injured
2019,12,Mon,2,52.43497,13.38975,morning,11,daylight,0,dry,1,6,7,0,1,1,0,0,0,2,seriously_injured
2019,8,Tue,3,52.44169,13.28248,morning,8,daylight,0,dry,0,6,2,0,1,1,0,0,0,3,slightly_injured
2019,5,Mon,2,52.47863,13.34135,evening,18,daylight,0,dry,1,2,6,0,1,0,0,0,0,3,slightly_injured
2019,10,Tue,3,52.517,13.40895,morning,8,daylight,0,dry,0,5,2,0,0,0,0,1,0,3,slightly_injured
2019,9,Thu,5,52.59639,13.40301,morning,9,daylight,0,dry,0,0,1,1,0,0,0,0,0,3,slightly_injured
2019,8,Mon,2,52.51002,13.53986,afternoon,17,daylight,0,dry,0,5,3,1,0,0,0,0,0,3,slightly_injured
2019,5,Mon,2,52.51307,13.48172,morning,7,daylight,0,dry,0,5,2,1,1,0,0,0,0,3,slightly_injured
2019,9,Sat,7,52.47295,13.34896,afternoon,16,dusk,1,dry,1,2,6,0,1,0,0,0,0,3,slightly_injured
2019,6,Tue,3,52.49816,13.38867,morning,11,daylight,0,dry,0,5,3,1,1,0,0,0,0,3,slightly_injured
2019,9,Thu,5,52.50886,13.45117,afternoon,17,daylight,0,dry,0,3,7,1,1,0,0,0,0,3,slightly_injured
2019,12,Fri,6,52.5093,13.55032,morning,7,dark,2,dry,1,3,6,0,1,0,0,0,0,3,slightly_injured
2019,6,Fri,6,52.48691,13.46474,afternoon,14,daylight,0,dry,0,6,4,0,1,1,0,0,0,3,slightly_injured
2019,8,Mon,2,52.51349,13.47766,afternoon,12,daylight,0,dry,0,2,6,0,1,0,1,0,0,3,slightly_injured
2019,5,Mon,2,52.55141,13.36752,morning,10,daylight,0,dry,0,3,6,1,0,0,0,0,0,3,slightly_injured
2019,11,Thu,5,52.43518,13.26391,afternoon,17,dark,2,dry,0,2,6,0,1,0,0,0,0,3,slightly_injured
2019,11,Mon,2,52.4272,13.3746,afternoon,14,daylight,0,dry,0,6,4,0,1,1,0,0,0,3,slightly_injured
2019,8,Sun,1,52.4851,13.30406,afternoon,13,daylight,0,dry,0,2,6,0,1,0,0,0,0,3,slightly_injured
2019,5,Sun,1,52.45506,13.38416,afternoon,14,daylight,0,dry,0,0,7,0,1,0,1,0,0,3,slightly_injured
2019,10,Wed,4,52.51561,13.36817,afternoon,15,daylight,0,dry,1,4,6,1,0,0,0,0,1,3,slightly_injured
2019,9,Thu,5,52.49166,13.36082,afternoon,17,daylight,0,dry,0,6,4,0,1,1,0,0,0,2,seriously_injured
2019,6,Fri,6,52.54097,13.43886,afternoon,14,daylight,0,dry,0,6,4,0,1,1,0,0,0,2,seriously_injured
2019,8,Sun,1,52.5284,13.28282,afternoon,13,daylight,0,dry,0,2,6,0,1,0,0,0,0,3,slightly_injured
2019,5,Sun,1,52.56493,13.36364,evening,19,daylight,0,dry,0,1,5,0,1,0,0,0,0,3,slightly_injured
2019,6,Thu,5,52.51084,13.20786,night,5,daylight,0,dry,0,2,6,0,1,0,0,0,0,3,slightly_injured
2019,9,Thu,5,52.57848,13.48304,afternoon,17,daylight,0,dry,0,0,2,1,1,0,0,0,0,3,slightly_injured
2019,12,Thu,5,52.47087,13.37134,morning,7,dusk,1,dry,1,2,6,0,1,0,0,0,0,3,slightly_injured
2019,6,Thu,5,52.56472,13.36394,morning,7,daylight,0,dry,0,3,6,1,0,0,0,1,0,3,slightly_injured
2019,8,Sat,7,52.51476,13.46363,morning,9,daylight,0,dry,0,2,6,0,1,0,0,0,0,3,slightly_injured
2019,11,Fri,6,52.49734,13.38903,afternoon,15,daylight,0,dry,0,2,6,1,0,0,0,0,0,3,slightly_injured
2019,8,Sat,7,52.54107,13.3684,afternoon,17,daylight,0,dry,0,5,2,0,1,0,0,0,0,3,slightly_injured
2019,9,Fri,6,52.47905,13.35409,morning,8,daylight,0,dry,1,0,1,1,0,0,0,0,0,3,slightly_injured
2019,5,Sun,1,52.57339,13.35903,morning,8,daylight,0,dry,0,5,2,0,1,0,0,0,0,2,seriously_injured
2019,10,Thu,5,52.49204,13.45795,afternoon,17,daylight,0,dry,1,2,6,0,1,0,0,0,0,3,slightly_injured
2019,9,Thu,5,52.51102,13.39958,evening,19,dark,2,dry,0,3,6,0,1,0,1,0,0,3,slightly_injured
2019,6,Thu,5,52.50825,13.25394,evening,19,dusk,1,dry,1,5,7,0,1,0,0,0,0,3,slightly_injured
2019,8,Sat,7,52.58627,13.29164,afternoon,14,daylight,0,dry,0,2,6,0,1,0,0,0,0,3,slightly_injured
2019,5,Sun,1,52.48972,13.35949,afternoon,16,daylight,0,dry,0,2,6,1,1,0,0,0,1,3,slightly_injured
2019,11,Mon,2,52.42266,13.39674,morning,8,daylight,0,dry,1,6,4,0,1,1,0,0,0,3,slightly_injured
2019,6,Sat,7,52.57427,13.34772,afternoon,15,daylight,0,dry,0,5,2,0,1,0,0,0,0,3,slightly_injured
2019,9,Thu,5,52.54497,13.4125,morning,9,daylight,0,dry,0,4,6,1,0,0,0,0,0,3,slightly_injured
2019,12,Thu,5,52.50044,13.45512,evening,21,dark,2,dry,0,2,6,0,1,0,0,0,0,3,slightly_injured
2019,8,Sat,7,52.50779,13.28292,afternoon,14,daylight,0,dry,0,2,6,0,1,0,1,0,0,3,slightly_injured
2019,9,Thu,5,52.43671,13.37956,afternoon,14,daylight,0,dry,0,2,6,0,1,0,0,0,0,3,slightly_injured
2019,5,Sat,7,52.56389,13.3104,afternoon,15,dark,2,dry,0,0,1,0,1,0,0,0,0,3,slightly_injured
2019,10,Sat,7,52.48339,13.38606,morning,9,daylight,0,dry,0,5,3,0,1,0,0,0,0,3,slightly_injured
2019,9,Thu,5,52.54009,13.29529,evening,19,dusk,1,dry,0,2,6,0,1,0,0,0,0,3,slightly_injured
2019,8,Sat,7,52.51611,13.37406,evening,22,dark,2,dry,0,6,7,1,0,1,0,0,0,3,slightly_injured
2019,5,Fri,6,52.54814,13.36924,afternoon,17,daylight,0,dry,0,5,2,0,1,0,0,0,0,3,slightly_injured
2019,10,Thu,5,52.53337,13.28612,afternoon,15,daylight,0,dry,0,9,1,0,0,0,1,0,0,2,seriously_injured
2019,6,Fri,6,52.62767,13.47834,morning,11,daylight,0,dry,0,8,1,0,1,0,0,0,0,3,slightly_injured
2019,9,Thu,5,52.4394,13.38265,morning,7,daylight,0,dry,0,5,3,1,1,0,0,0,0,3,slightly_injured
2019,12,Tue,3,52.42307,13.2023,afternoon,13,daylight,0,dry,0,5,3,0,1,0,0,0,0,3,slightly_injured
2019,6,Thu,5,52.48171,13.34844,evening,21,dusk,1,dry,1,6,4,0,1,1,0,0,0,3,slightly_injured
2019,5,Fri,6,52.50938,13.55161,morning,7,daylight,0,dry,0,2,6,0,1,0,0,0,0,3,slightly_injured
2019,11,Mon,2,52.51198,13.49071,afternoon,15,daylight,0,dry,0,2,6,0,1,0,0,0,1,3,slightly_injured
2019,6,Thu,5,52.49288,13.45944,afternoon,16,daylight,0,dry,1,5,2,1,1,0,0,0,0,3,slightly_injured
2019,11,Sat,7,52.47487,13.38587,evening,21,dark,2,dry,0,1,5,0,1,0,0,0,0,3,slightly_injured
2019,8,Fri,6,52.47992,13.38597,evening,20,dark,2,dry,0,0,1,1,0,0,0,0,0,2,seriously_injured
2019,5,Fri,6,52.47409,13.36171,night,2,dark,2,dry,0,9,1,0,1,0,0,0,0,2,seriously_injured
2019,10,Mon,2,52.54723,13.41311,afternoon,17,dusk,1,dry,0,2,6,0,1,0,0,0,1,3,slightly_injured
2019,9,Thu,5,52.53997,13.37016,morning,6,daylight,0,dry,0,5,2,1,1,0,0,0,0,3,slightly_injured
2019,6,Thu,5,52.48944,13.35951,morning,11,daylight,0,dry,0,1,5,0,1,0,0,0,1,3,slightly_injured
2019,8,Fri,6,52.41917,13.15661,evening,19,daylight,0,dry,0,0,1,1,0,0,0,0,0,2,seriously_injured
2019,5,Fri,6,52.49166,13.45774,morning,8,daylight,0,dry,0,0,2,0,1,0,0,0,1,3,slightly_injured
2019,6,Mon,2,52.51524,13.46029,morning,9,daylight,0,dry,0,5,2,1,1,0,0,0,0,3,slightly_injured
2019,9,Wed,4,52.439,13.38761,afternoon,16,daylight,0,dry,0,5,2,1,1,0,0,0,0,3,slightly_injured
2019,12,Tue,3,52.47334,13.35434,morning,7,daylight,0,dry,1,2,6,0,1,0,0,0,0,3,slightly_injured
2019,6,Thu,5,52.5399,13.37029,afternoon,16,daylight,0,dry,1,5,2,0,1,0,0,0,0,3,slightly_injured
2019,8,Fri,6,52.55173,13.36733,evening,20,daylight,0,dry,0,2,6,0,1,0,0,0,0,3,slightly_injured
2019,5,Thu,5,52.44917,13.30348,afternoon,13,daylight,0,dry,0,2,6,0,1,0,0,0,0,3,slightly_injured
2019,11,Tue,3,52.53557,13.43255,evening,18,dark,2,dry,1,3,6,0,1,0,1,0,0,3,slightly_injured
2019,11,Sat,7,52.5408,13.41424,night,3,dark,2,dry,0,5,3,1,1,0,0,0,0,3,slightly_injured
2019,8,Fri,6,52.47318,13.34873,evening,20,daylight,0,dry,0,0,1,0,0,0,1,0,0,3,slightly_injured
2019,5,Thu,5,52.47902,13.35414,afternoon,13,daylight,0,dry,0,5,2,0,1,0,0,0,1,3,slightly_injured
2019,5,Thu,5,52.44001,13.38629,afternoon,13,daylight,0,dry,0,3,6,0,1,0,0,1,0,2,seriously_injured
2019,11,Tue,3,52.41619,13.40007,afternoon,17,dark,2,dry,0,2,6,0,1,0,0,0,1,2,seriously_injured
2019,6,Wed,4,52.42228,13.19584,afternoon,14,daylight,0,dry,0,2,6,0,1,0,0,0,0,3,slightly_injured
2019,12,Sun,1,52.52036,13.41472,night,1,dark,2,dry,0,0,1,0,0,0,0,0,1,2,seriously_injured
2019,8,Fri,6,52.48864,13.38625,evening,23,dark,2,dry,0,0,7,1,0,0,0,0,0,3,slightly_injured
2019,5,Thu,5,52.42637,13.20997,afternoon,16,daylight,0,dry,0,2,6,0,1,0,0,0,1,2,seriously_injured
2019,10,Tue,3,52.55833,13.42876,afternoon,17,daylight,0,dry,0,5,3,1,1,0,0,0,0,2,seriously_injured
2019,9,Wed,4,52.57099,13.36048,afternoon,13,daylight,0,dry,0,2,6,0,1,0,0,0,0,3,slightly_injured
2019,8,Fri,6,52.4364,13.38859,afternoon,12,daylight,0,dry,0,0,7,0,1,0,0,0,0,3,slightly_injured
2019,5,Thu,5,52.59148,13.40231,morning,11,daylight,0,dry,0,0,7,1,0,0,0,0,0,3,slightly_injured
2019,9,Sat,7,52.51063,13.2932,afternoon,14,daylight,0,dry,1,5,2,1,1,0,0,0,0,3,slightly_injured
2019,6,Tue,3,52.54121,13.36855,morning,7,daylight,0,dry,0,5,2,1,1,0,0,0,0,3,slightly_injured
2019,9,Tue,3,52.5446,13.42748,morning,10,daylight,0,dry,0,6,6,1,0,1,0,0,0,3,slightly_injured
2019,12,Wed,4,52.49868,13.3835,evening,18,dark,2,dry,0,3,6,0,1,0,1,0,0,3,slightly_injured
2019,6,Wed,4,52.52856,13.28291,morning,9,daylight,0,dry,0,3,6,0,1,0,0,0,0,3,slightly_injured
2019,8,Fri,6,52.51614,13.17824,morning,9,daylight,0,dry,0,6,4,0,1,1,0,0,0,3,slightly_injured
2019,5,Thu,5,52.56144,13.36485,afternoon,12,daylight,0,dry,0,5,3,1,1,0,0,0,0,3,slightly_injured
2019,11,Wed,4,52.51076,13.39557,evening,18,dark,2,dry,1,6,4,0,1,1,0,0,0,2,seriously_injured
2019,11,Sat,7,52.46456,13.45593,afternoon,13,daylight,0,dry,0,2,2,0,1,0,0,0,0,3,slightly_injured
2019,8,Fri,6,52.51072,13.29472,morning,8,daylight,0,dry,0,6,4,0,1,1,0,0,0,3,slightly_injured
2019,5,Thu,5,52.47905,13.35409,afternoon,12,daylight,0,dry,0,5,2,0,1,0,1,0,0,3,slightly_injured
2019,10,Wed,4,52.51545,13.45678,morning,10,daylight,0,dry,1,6,4,0,1,1,0,0,0,3,slightly_injured
2019,9,Tue,3,52.525,13.42,morning,9,daylight,0,dry,1,6,4,0,1,1,0,0,0,3,slightly_injured
2019,6,Wed,4,52.54676,13.36923,afternoon,15,daylight,0,dry,0,1,5,1,0,0,0,0,1,3,slightly_injured
2019,8,Fri,6,52.50852,13.25827,afternoon,15,daylight,0,dry,0,5,3,1,1,0,0,0,0,2,seriously_injured
2019,5,Thu,5,52.55088,13.46286,morning,10,daylight,0,dry,0,0,1,1,0,0,0,0,0,3,slightly_injured
2019,11,Fri,6,52.57928,13.34668,afternoon,12,daylight,0,dry,0,5,2,1,1,0,0,0,0,3,slightly_injured
2019,6,Thu,5,52.46897,13.39095,night,5,daylight,0,dry,0,2,6,0,1,0,0,0,0,3,slightly_injured
2019,9,Tue,3,52.49229,13.45828,evening,18,daylight,0,dry,1,6,4,1,0,1,0,0,0,2,seriously_injured
2019,12,Tue,3,52.49522,13.46208,afternoon,12,daylight,0,dry,0,2,6,0,1,0,0,1,0,3,slightly_injured
2019,6,Tue,3,52.51172,13.49343,afternoon,16,daylight,0,dry,0,3,6,0,1,0,0,0,0,3,slightly_injured
2019,8,Fri,6,52.46018,13.38478,afternoon,14,daylight,0,dry,0,2,6,0,1,0,0,0,0,3,slightly_injured
2019,10,Thu,5,52.50743,13.24074,afternoon,16,dark,2,dry,0,2,6,0,1,0,0,0,0,3,slightly_injured
2019,8,Fri,6,52.57523,13.39906,afternoon,13,daylight,0,dry,0,2,6,0,1,0,0,0,0,3,slightly_injured
2019,9,Fri,6,52.48678,13.35708,afternoon,13,daylight,0,dry,1,0,2,0,1,0,0,0,1,3,slightly_injured
2019,5,Thu,5,52.52181,13.40814,morning,8,daylight,0,dry,0,1,5,1,0,0,0,0,1,3,slightly_injured
2019,10,Wed,4,52.49435,13.28694,evening,22,dark,2,dry,1,3,6,0,1,0,0,0,1,3,slightly_injured
2019,9,Tue,3,52.515,13.46125,afternoon,14,daylight,0,dry,1,6,4,0,1,1,0,0,0,3,slightly_injured
2019,6,Tue,3,52.46053,13.38468,morning,10,daylight,0,dry,0,6,7,0,0,1,0,0,1,3,slightly_injured
2019,8,Thu,5,52.49749,13.38926,afternoon,17,daylight,0,dry,0,5,2,1,1,0,0,0,0,3,slightly_injured
2019,5,Wed,4,52.51858,13.45253,evening,22,dark,2,dry,0,0,6,1,0,1,0,0,0,3,slightly_injured
2019,11,Sat,7,52.44184,13.28296,afternoon,17,dark,2,dry,0,6,2,0,1,1,0,0,0,3,slightly_injured
2019,6,Sat,7,52.59316,13.40279,evening,19,daylight,0,dry,0,5,3,0,1,0,1,0,0,2,seriously_injured
2019,12,Wed,4,52.54033,13.42475,morning,8,daylight,0,dry,0,0,4,0,0,1,0,0,1,3,slightly_injured
2019,8,Thu,5,52.55632,13.4146,afternoon,17,daylight,0,dry,0,5,2,1,0,0,0,0,1,3,slightly_injured
2019,5,Wed,4,52.56337,13.42748,evening,18,daylight,0,dry,0,5,3,1,1,0,0,0,0,2,seriously_injured
2019,10,Sat,7,52.52458,13.41895,afternoon,13,daylight,0,dry,0,3,6,1,0,0,0,0,0,3,slightly_injured
2019,9,Tue,3,52.51307,13.48181,afternoon,14,daylight,0,dry,1,5,3,1,1,0,0,0,0,3,slightly_injured
2019,8,Thu,5,52.63245,13.38133,afternoon,16,daylight,0,dry,0,5,2,1,1,0,0,0,0,3,slightly_injured
2019,5,Wed,4,52.5111,13.30056,afternoon,17,daylight,0,dry,0,2,7,1,1,0,0,0,0,3,slightly_injured
2019,10,Wed,4,52.49274,13.29294,morning,10,daylight,0,dry,1,2,6,0,1,0,0,0,0,3,slightly_injured
2019,6,Thu,5,52.52837,13.28257,morning,7,daylight,0,dry,1,3,6,0,1,0,0,1,0,3,slightly_injured
2019,9,Tue,3,52.48715,13.3013,morning,9,daylight,0,dry,0,2,6,0,1,0,0,0,0,3,slightly_injured
2019,12,Fri,6,52.43322,13.24023,morning,8,daylight,0,dry,0,5,3,1,1,0,0,0,0,3,slightly_injured
2019,6,Tue,3,52.51596,13.45373,afternoon,15,daylight,0,dry,0,5,2,1,1,0,0,0,0,3,slightly_injured
2019,5,Wed,4,52.51912,13.40303,night,5,dusk,1,dry,1,0,1,0,1,0,0,0,1,3,slightly_injured
2019,11,Sun,1,52.51758,13.39704,morning,10,daylight,0,dry,0,0,6,1,0,0,0,0,1,3,slightly_injured
2019,6,Tue,3,52.50854,13.25858,afternoon,16,daylight,0,dry,0,2,6,0,1,0,0,0,0,3,slightly_injured
2019,11,Thu,5,52.60703,13.32463,evening,19,dark,2,dry,1,5,3,0,1,0,0,0,1,3,slightly_injured
2019,8,Thu,5,52.56023,13.31101,afternoon,15,daylight,0,dry,0,2,6,0,1,0,0,0,0,3,slightly_injured
2019,5,Wed,4,52.50871,13.2616,afternoon,15,daylight,0,dry,0,2,6,0,1,0,0,0,0,3,slightly_injured
2019,10,Sun,1,52.55177,13.36712,evening,20,dark,2,dry,0,2,6,0,1,0,0,0,0,3,slightly_injured
2019,9,Tue,3,52.51184,13.49401,morning,7,daylight,0,dry,0,5,2,1,1,0,1,0,0,3,slightly_injured
2019,6,Tue,3,52.51631,13.44975,morning,8,daylight,0,dry,0,3,6,1,0,0,0,0,0,2,seriously_injured
2019,8,Thu,5,52.55398,13.42991,afternoon,15,daylight,0,dry,0,2,6,0,1,0,1,0,0,3,slightly_injured
2019,5,Wed,4,52.48344,13.38583,afternoon,15,daylight,0,dry,0,3,6,0,1,0,1,0,0,3,slightly_injured
2019,6,Sun,1,52.51158,13.30506,evening,18,daylight,0,dry,0,6,2,0,1,1,0,0,0,3,slightly_injured
2019,9,Tue,3,52.51098,13.29873,afternoon,15,daylight,0,dry,1,6,4,0,1,1,0,0,0,3,slightly_injured
2019,12,Mon,2,52.43078,13.37638,afternoon,17,dark,2,dry,1,5,2,0,1,0,0,0,0,3,slightly_injured
2019,6,Tue,3,52.4173,13.39977,morning,9,daylight,0,dry,0,1,5,0,1,0,0,0,0,2,seriously_injured
2019,8,Thu,5,52.50634,13.36836,afternoon,15,daylight,0,dry,0,5,2,1,1,0,0,0,0,3,slightly_injured
2019,4,Tue,3,52.50918,13.3737,evening,18,daylight,0,dry,0,2,6,0,1,0,0,0,0,3,slightly_injured
2019,11,Mon,2,52.51026,13.38835,afternoon,15,daylight,0,dry,1,0,6,1,0,0,0,1,1,3,slightly_injured
2019,8,Thu,5,52.49613,13.36132,morning,11,daylight,0,dry,0,3,6,0,1,0,1,0,0,3,slightly_injured
2019,4,Tue,3,52.4845,13.47943,afternoon,13,daylight,0,dry,0,5,3,1,1,0,0,0,0,3,slightly_injured
2019,10,Mon,2,52.46065,13.22562,night,3,dark,2,dry,0,0,7,0,1,0,0,0,0,3,slightly_injured
2019,9,Mon,2,52.59678,13.28414,morning,8,daylight,0,dry,0,2,6,0,1,0,0,0,0,3,slightly_injured
2019,6,Tue,3,52.51874,13.45372,morning,8,daylight,0,dry,0,5,2,1,0,0,0,0,1,3,slightly_injured
2019,8,Thu,5,52.52007,13.28238,morning,10,daylight,0,dry,0,2,6,0,1,0,0,0,0,3,slightly_injured
2019,4,Tue,3,52.537,13.31868,morning,7,daylight,0,dry,0,2,6,0,1,0,0,0,0,3,slightly_injured
2019,11,Wed,4,52.51511,13.46009,afternoon,15,dusk,1,dry,1,5,2,1,1,0,0,0,1,3,slightly_injured
2019,6,Wed,4,52.51341,13.47704,afternoon,15,daylight,0,dry,0,5,2,1,0,0,0,1,0,2,seriously_injured
2019,9,Mon,2,52.56335,13.36427,evening,21,dark,2,dry,0,6,4,0,1,1,0,0,0,2,seriously_injured
2019,12,Mon,2,52.47863,13.34147,morning,8,daylight,0,dry,0,2,6,0,1,0,0,1,1,3,slightly_injured
2019,8,Thu,5,52.57196,13.35998,morning,8,daylight,0,dry,0,5,2,0,1,0,1,0,0,3,slightly_injured
2019,10,Wed,4,52.45117,13.30885,afternoon,12,daylight,0,dry,0,2,6,0,1,0,0,0,0,3,slightly_injured
2019,9,Mon,2,52.51344,13.47673,evening,20,dark,2,dry,0,0,1,0,0,0,1,0,0,2,seriously_injured
2019,8,Thu,5,52.51468,13.46581,morning,7,daylight,0,dry,0,5,3,1,1,0,0,0,0,3,slightly_injured
2019,4,Tue,3,52.48585,13.38605,morning,7,daylight,0,dry,0,0,2,1,1,0,0,0,0,3,slightly_injured
2019,10,Tue,3,52.44213,13.28324,afternoon,13,daylight,0,dry,1,2,6,0,1,0,0,1,0,3,slightly_injured
2019,9,Mon,2,52.52748,13.42302,afternoon,16,daylight,0,dry,0,3,6,1,1,0,0,0,0,3,slightly_injured
2019,6,Tue,3,52.579,13.3469,evening,19,dusk,1,dry,0,5,3,0,1,0,0,0,0,3,slightly_injured
2019,8,Wed,4,52.53915,13.42371,evening,19,daylight,0,dry,0,6,4,1,0,1,0,0,0,2,seriously_injured
2019,4,Tue,3,52.52839,13.44576,afternoon,17,daylight,0,dry,0,5,2,1,1,0,0,0,0,3,slightly_injured
2019,11,Fri,6,52.56276,13.55818,night,5,dark,2,dry,0,5,3,0,1,0,0,0,0,2,seriously_injured
2019,10,Tue,3,52.49427,13.28747,morning,11,daylight,0,dry,0,0,1,0,0,0,1,0,0,2,seriously_injured
2019,9,Mon,2,52.40522,13.40627,afternoon,16,daylight,0,dry,1,5,3,0,1,0,1,0,0,2,seriously_injured
2019,6,Mon,2,52.50798,13.24947,morning,7,daylight,0,dry,0,2,6,0,1,0,0,0,0,3,slightly_injured
2019,8,Wed,4,52.41516,13.40066,afternoon,14,daylight,0,dry,1,2,6,0,1,0,0,0,0,3,slightly_injured