ujahr,umonat,weekday,uwochentag,long,lat,time_of_day,ustunde,light_condition,ulichtverh,street_condition,ustrzustand,uart,utyp1,ist_rad,ist_pkw,ist_fuss,ist_krad,ist_gkfz,ist_sonstige,ukategorie,accident_outcome
2019,4,Tue,3,52.51513,13.18659,evening,19,daylight,0,dry,0,2,7,1,1,0,0,0,0,3,slightly_injured
2019,11,Wed,4,52.51496,13.46161,afternoon,17,dark,2,dry,1,6,4,0,1,1,0,0,0,3,slightly_injured
2019,6,Thu,5,52.52878,13.36906,morning,9,daylight,0,dry,0,2,1,0,1,0,0,0,0,3,slightly_injured
2019,9,Mon,2,52.50991,13.28162,morning,10,daylight,0,dry,0,5,2,1,0,0,0,1,0,3,slightly_injured
2019,12,Mon,2,52.48693,13.35721,evening,18,dark,2,dry,1,5,3,1,1,0,0,0,0,3,slightly_injured
2019,8,Wed,4,52.51626,13.37667,morning,9,daylight,0,dry,0,3,2,0,1,0,1,0,0,3,slightly_injured
2019,10,Wed,4,52.54369,13.54245,evening,19,dark,2,dry,0,2,7,0,1,0,0,0,0,3,slightly_injured
2019,8,Wed,4,52.46397,13.45041,morning,6,dusk,1,dry,0,3,6,0,1,0,1,0,0,3,slightly_injured
2019,9,Fri,6,52.53919,13.42347,evening,18,daylight,0,dry,1,2,6,0,1,0,0,0,0,3,slightly_injured
2019,4,Mon,2,52.47487,13.34928,evening,20,dusk,1,dry,0,3,6,0,1,0,0,0,0,3,slightly_injured
2019,10,Tue,3,52.51257,13.48541,afternoon,17,dusk,1,dry,1,3,6,0,1,0,0,1,0,3,slightly_injured
2019,9,Mon,2,52.53314,13.29067,afternoon,13,daylight,0,dry,0,8,1,0,1,0,0,0,0,3,slightly_injured
2019,6,Mon,2,52.50281,13.36545,evening,21,dark,2,dry,0,0,1,1,0,0,0,0,0,3,slightly_injured
2019,8,Wed,4,52.50632,13.36835,afternoon,15,daylight,0,dry,0,5,2,1,1,0,0,0,0,3,slightly_injured
2019,4,Mon,2,52.55216,13.4302,evening,18,daylight,0,dry,0,6,4,1,0,1,0,0,0,3,slightly_injured
2019,11,Sat,7,52.51578,13.45378,night,1,dark,2,dry,0,5,3,0,1,0,0,0,0,3,slightly_injured
2019,6,Mon,2,52.50194,13.15825,evening,19,daylight,0,dry,0,2,6,0,1,0,0,0,0,3,slightly_injured
2019,9,Mon,2,52.51582,13.36974,morning,9,daylight,0,dry,1,5,2,1,1,0,0,0,0,2,seriously_injured
2019,12,Wed,4,52.53857,13.32783,afternoon,15,daylight,0,dry,0,2,6,0,1,0,0,0,0,3,slightly_injured
2019,8,Tue,3,52.47047,13.38552,afternoon,12,daylight,0,dry,0,2,6,0,1,0,0,0,1,3,slightly_injured
2019,4,Mon,2,52.53909,13.42406,morning,9,daylight,0,dry,1,0,2,0,1,0,0,0,1,3,slightly_injured
2019,10,Fri,6,52.47266,13.36578,evening,19,dark,2,dry,0,2,6,0,1,0,0,0,0,3,slightly_injured
2019,9,Sun,1,52.53263,13.5367,morning,11,daylight,0,dry,0,3,6,1,1,0,0,0,0,3,slightly_injured
2019,8,Tue,3,52.51863,13.4291,morning,9,daylight,0,dry,0,3,2,0,0,0,1,1,0,3,slightly_injured
2019,4,Mon,2,52.51681,13.40926,morning,11,daylight,0,dry,1,5,3,1,0,0,0,1,0,3,slightly_injured
2019,10,Tue,3,52.47844,13.35467,afternoon,13,daylight,0,dry,1,5,7,0,1,0,0,0,0,3,slightly_injured
2019,6,Wed,4,52.51395,13.47165,afternoon,17,daylight,0,dry,0,3,6,1,0,0,0,0,0,2,seriously_injured
2019,9,Sun,1,52.49563,13.26889,afternoon,16,daylight,0,dry,0,2,6,0,1,0,0,0,0,3,slightly_injured
2019,12,Wed,4,52.53999,13.37055,evening,22,dark,2,dry,0,6,4,0,1,1,0,0,0,3,slightly_injured
2019,6,Mon,2,52.54126,13.43871,evening,23,dark,2,dry,1,5,3,1,1,0,0,0,0,3,slightly_injured
2019,4,Mon,2,52.46353,13.44862,morning,11,daylight,0,dry,1,3,6,0,1,0,0,0,1,3,slightly_injured
2019,11,Sat,7,52.4949,13.38905,afternoon,15,daylight,0,dry,1,3,6,0,1,0,1,0,0,3,slightly_injured
2019,6,Mon,2,52.51487,13.46391,afternoon,13,daylight,0,dry,0,6,4,1,0,1,0,0,0,2,seriously_injured
2019,11,Wed,4,52.51509,13.36009,evening,18,dark,2,dry,1,5,3,1,0,0,1,0,0,3,slightly_injured
2019,8,Tue,3,52.41785,13.36684,morning,7,daylight,0,dry,0,5,3,1,1,0,0,0,0,3,slightly_injured
2019,4,Sat,7,52.57438,13.34765,evening,22,dark,2,dry,0,5,2,0,1,0,1,0,0,2,seriously_injured
2019,10,Sat,7,52.55064,13.41374,evening,18,dark,2,dry,0,5,2,0,1,0,1,0,0,2,seriously_injured
2019,9,Sun,1,52.47699,13.38569,afternoon,14,daylight,0,dry,0,3,6,0,1,0,0,0,0,3,slightly_injured
2019,6,Mon,2,52.57309,13.35952,afternoon,16,daylight,0,dry,0,1,5,1,1,0,0,0,1,3,slightly_injured
2019,8,Tue,3,52.5439,13.44226,afternoon,15,daylight,0,dry,0,5,3,1,1,0,0,0,0,3,slightly_injured
2019,4,Sat,7,52.41003,13.40356,afternoon,17,daylight,0,dry,0,2,6,0,1,0,0,0,0,3,slightly_injured
2019,6,Sat,7,52.54706,13.4134,afternoon,15,daylight,0,dry,0,0,1,1,0,0,0,0,0,3,slightly_injured
2019,9,Sun,1,52.52021,13.42283,evening,23,dark,2,dry,1,6,4,0,1,1,0,0,0,3,slightly_injured
2019,12,Sun,1,52.53284,13.2892,afternoon,12,daylight,0,dry,1,2,6,0,1,0,0,0,0,2,seriously_injured
2019,6,Mon,2,52.50928,13.27105,morning,9,daylight,0,dry,0,5,3,1,0,0,0,1,0,2,seriously_injured
2019,8,Tue,3,52.51009,13.28178,afternoon,15,daylight,0,dry,0,5,2,0,1,0,0,0,0,3,slightly_injured
2019,11,Mon,2,52.51156,13.30477,morning,10,daylight,0,dry,1,6,7,0,1,1,0,0,0,3,slightly_injured
2019,8,Tue,3,52.51356,13.47698,afternoon,15,daylight,0,dry,0,5,2,1,0,0,0,1,0,3,slightly_injured
2019,4,Fri,6,52.5586,13.41357,morning,11,daylight,0,dry,0,5,3,1,1,0,0,0,0,3,slightly_injured
2019,10,Sun,1,52.56289,13.55829,morning,11,daylight,0,dry,0,5,3,0,1,0,0,0,1,2,seriously_injured
2019,9,Sat,7,52.52375,13.2813,afternoon,14,daylight,0,dry,0,2,6,0,1,0,0,0,0,3,slightly_injured
2019,6,Mon,2,52.52647,13.44737,morning,8,daylight,0,dry,0,5,2,1,0,0,0,1,0,3,slightly_injured
2019,8,Mon,2,52.4831,13.38605,afternoon,15,daylight,0,dry,0,0,7,1,0,0,0,0,0,3,slightly_injured
2019,4,Fri,6,52.50897,13.27188,evening,19,daylight,0,dry,0,6,4,1,0,1,0,0,0,2,seriously_injured
2019,11,Tue,3,52.51524,13.46026,morning,10,daylight,0,dry,0,5,2,1,1,0,0,0,0,3,slightly_injured
2019,6,Tue,3,52.51668,13.38154,evening,18,daylight,0,dry,0,0,6,1,0,0,0,0,1,3,slightly_injured
2019,9,Sat,7,52.53415,13.43046,afternoon,12,daylight,0,dry,0,2,6,0,1,0,0,0,1,3,slightly_injured
2019,12,Sat,7,52.50103,13.37767,night,1,dark,2,dry,1,2,6,0,1,0,0,0,0,3,slightly_injured
2019,8,Mon,2,52.48545,13.3551,evening,19,daylight,0,dry,0,0,6,0,1,0,1,0,0,3,slightly_injured
2019,10,Tue,3,52.49745,13.38927,morning,10,daylight,0,dry,0,2,2,1,0,0,0,0,1,3,slightly_injured
2019,9,Sat,7,52.52874,13.28303,afternoon,12,daylight,0,dry,0,2,6,0,1,0,0,0,0,2,seriously_injured
2019,8,Mon,2,52.5418,13.3699,afternoon,15,daylight,0,dry,0,5,2,1,1,0,0,0,0,3,slightly_injured
2019,4,Fri,6,52.49668,13.38921,evening,20,dusk,1,dry,0,3,6,0,1,0,0,0,0,3,slightly_injured
2019,10,Mon,2,52.49929,13.28108,afternoon,12,daylight,0,dry,0,2,6,0,1,0,0,0,1,3,slightly_injured
2019,6,Sun,1,52.52925,13.42518,evening,22,dark,2,dry,0,0,7,1,0,0,0,0,0,3,slightly_injured
2019,9,Sat,7,52.54057,13.41596,evening,20,dusk,1,dry,0,0,6,0,1,0,1,0,0,3,slightly_injured
2019,6,Mon,2,52.50467,13.61762,afternoon,13,daylight,0,dry,0,5,3,1,1,0,0,0,0,3,slightly_injured
2019,4,Fri,6,52.41965,13.16088,afternoon,12,daylight,0,dry,0,0,5,1,1,0,0,0,0,3,slightly_injured
2019,11,Thu,5,52.5286,13.28294,afternoon,13,daylight,0,dry,0,2,6,0,1,0,0,0,0,2,seriously_injured
2019,6,Sun,1,52.49165,13.45776,afternoon,12,daylight,0,dry,0,5,2,1,1,0,0,0,0,3,slightly_injured
2019,12,Mon,2,52.54117,13.29587,afternoon,15,dusk,1,dry,1,2,6,0,1,0,0,1,0,3,slightly_injured
2019,8,Mon,2,52.56293,13.55832,afternoon,12,daylight,0,dry,0,5,3,0,1,0,0,0,0,3,slightly_injured
2019,4,Thu,5,52.51948,13.37164,morning,10,daylight,0,dry,0,5,2,1,0,0,1,0,0,2,seriously_injured
2019,10,Wed,4,52.46522,13.33537,afternoon,14,daylight,0,dry,0,0,6,0,1,0,0,0,0,2,seriously_injured
2019,9,Sat,7,52.50871,13.55842,afternoon,12,daylight,0,dry,0,2,6,0,1,0,0,0,0,3,slightly_injured
2019,8,Mon,2,52.43739,13.38007,afternoon,12,daylight,0,dry,0,3,6,0,1,0,0,1,0,3,slightly_injured
2019,4,Thu,5,52.48206,13.30921,evening,18,daylight,0,dry,0,3,6,0,1,0,0,1,0,3,slightly_injured
2019,9,Sun,1,52.52491,13.41989,night,4,dark,2,dry,1,5,3,0,1,0,0,0,1,3,slightly_injured
2019,6,Wed,4,52.51615,13.3767,morning,9,daylight,0,dry,0,3,2,0,1,0,1,1,0,3,slightly_injured
2019,9,Sat,7,52.48207,13.38604,night,0,dark,2,dry,0,0,7,0,0,0,0,0,1,3,slightly_injured
2019,12,Fri,6,52.56491,13.40689,morning,9,daylight,0,dry,0,1,5,0,1,0,0,1,0,3,slightly_injured
2019,6,Sun,1,52.4206,13.16784,afternoon,15,daylight,0,dry,0,1,5,1,1,0,0,0,0,3,slightly_injured
2019,8,Sun,1,52.51939,13.40346,morning,11,daylight,0,dry,0,1,5,1,1,0,0,0,0,3,slightly_injured
2019,4,Thu,5,52.54939,13.45565,afternoon,17,daylight,0,dry,0,1,5,1,1,0,0,0,0,3,slightly_injured
2019,11,Fri,6,52.51925,13.40324,evening,23,dark,2,dry,1,5,7,0,1,0,0,0,1,3,slightly_injured
2019,9,Sat,7,52.564,13.40784,evening,19,dusk,1,dry,0,5,3,1,1,0,0,0,0,3,slightly_injured
2019,11,Tue,3,52.41361,13.36194,afternoon,12,daylight,0,dry,0,2,2,0,1,0,0,0,0,3,slightly_injured
2019,8,Sat,7,52.55166,13.36737,afternoon,15,daylight,0,dry,0,5,2,0,1,0,0,0,0,3,slightly_injured
2019,4,Thu,5,52.50714,13.36914,afternoon,17,daylight,0,dry,0,5,2,0,1,0,1,0,0,3,slightly_injured
2019,10,Thu,5,52.51002,13.51635,morning,7,dusk,1,dry,1,0,7,1,1,0,0,0,0,3,slightly_injured
2019,9,Sat,7,52.51176,13.30772,afternoon,16,daylight,0,dry,0,5,2,0,1,0,0,0,1,3,slightly_injured
2019,6,Sun,1,52.51253,13.32314,afternoon,15,daylight,0,dry,0,3,6,0,1,0,1,0,0,2,seriously_injured
2019,6,Sun,1,52.51114,13.29835,afternoon,14,daylight,0,dry,0,3,6,1,0,0,0,0,0,3,slightly_injured
2019,12,Tue,3,52.47774,13.35569,evening,20,dark,2,dry,1,2,6,0,1,0,0,0,0,3,slightly_injured
2019,8,Sat,7,52.52892,13.4244,evening,21,dusk,1,dry,1,0,7,0,0,0,1,0,0,3,slightly_injured
2019,4,Thu,5,52.49747,13.38927,afternoon,15,daylight,0,dry,0,5,2,1,1,0,0,0,0,3,slightly_injured
2019,10,Thu,5,52.41603,13.40049,afternoon,17,daylight,0,dry,0,6,7,0,1,1,0,0,0,2,seriously_injured
2019,9,Sat,7,52.51134,13.30134,afternoon,15,daylight,0,dry,0,6,4,1,0,1,0,0,0,3,slightly_injured
2019,8,Sat,7,52.50523,13.44873,night,3,dark,2,dry,1,0,4,0,0,1,1,0,0,2,seriously_injured
2019,4,Thu,5,52.51202,13.31463,afternoon,16,daylight,0,dry,0,5,2,1,1,0,0,0,0,2,seriously_injured
2019,9,Mon,2,52.50918,13.45132,evening,18,dusk,1,dry,0,3,6,1,0,0,0,0,0,3,slightly_injured
2019,6,Wed,4,52.5092,13.37387,morning,9,daylight,0,dry,0,5,3,1,1,0,0,0,0,3,slightly_injured
2019,9,Fri,6,52.43498,13.26058,afternoon,16,daylight,0,dry,0,0,2,1,1,0,0,0,0,3,slightly_injured
2019,12,Sat,7,52.57036,13.42848,afternoon,12,daylight,0,dry,0,3,6,0,0,0,0,1,1,3,slightly_injured
2019,6,Sun,1,52.43492,13.26285,night,0,dark,2,dry,0,1,1,0,1,0,0,0,0,3,slightly_injured
2019,4,Thu,5,52.5457,13.41304,afternoon,15,daylight,0,dry,0,6,4,1,0,1,0,0,0,3,slightly_injured
2019,11,Fri,6,52.51572,13.45377,evening,23,dark,2,dry,1,5,2,1,1,0,0,0,0,3,slightly_injured
2019,11,Tue,3,52.53532,13.43226,afternoon,17,dark,2,dry,0,2,6,0,1,0,0,0,0,3,slightly_injured
2019,8,Fri,6,52.47899,13.35417,afternoon,15,daylight,0,dry,0,5,2,0,1,0,0,0,0,3,slightly_injured
2019,4,Thu,5,52.55067,13.54808,morning,9,daylight,0,dry,0,6,4,0,1,1,0,0,0,3,slightly_injured
2019,10,Thu,5,52.51749,13.39561,afternoon,16,daylight,0,dry,0,4,7,1,0,0,0,0,1,3,slightly_injured
2019,9,Fri,6,52.51125,13.29993,afternoon,14,daylight,0,dry,0,5,3,0,1,0,0,0,0,3,slightly_injured
2019,6,Sun,1,52.53852,13.42664,afternoon,12,daylight,0,dry,0,5,7,0,1,0,0,0,1,2,seriously_injured
2019,8,Thu,5,52.51351,13.47752,evening,18,daylight,0,dry,0,6,4,0,1,1,0,0,0,3,slightly_injured
2019,4,Wed,4,52.49816,13.38864,afternoon,14,daylight,0,dry,0,0,2,0,1,1,0,0,0,3,slightly_injured
2019,6,Fri,6,52.51225,13.31814,afternoon,12,daylight,0,dry,0,6,7,0,1,1,0,0,0,3,slightly_injured
2019,9,Fri,6,52.51181,13.20304,afternoon,14,daylight,0,dry,0,2,6,0,1,0,0,0,1,3,slightly_injured
2019,12,Sat,7,52.51248,13.48764,evening,21,dark,2,dry,1,2,6,0,1,0,0,0,0,3,slightly_injured
2019,6,Sat,7,52.48738,13.35763,evening,19,daylight,0,dry,0,1,5,1,0,0,0,0,1,3,slightly_injured
2019,8,Thu,5,52.46193,13.385,afternoon,17,daylight,0,dry,0,0,6,0,1,0,0,0,1,3,slightly_injured
2019,4,Wed,4,52.52655,13.44776,evening,18,daylight,0,dry,0,5,3,1,1,0,0,0,0,3,slightly_injured
2019,11,Sun,1,52.51161,13.30848,afternoon,13,daylight,0,dry,1,2,6,0,1,0,0,0,1,3,slightly_injured
2019,8,Thu,5,52.5034,13.4474,afternoon,15,daylight,0,dry,0,0,6,1,0,1,0,0,0,3,slightly_injured
2019,4,Wed,4,52.42307,13.2023,evening,18,daylight,0,dry,0,5,3,1,1,0,0,0,0,3,slightly_injured
2019,10,Fri,6,52.49654,13.28376,morning,11,daylight,0,dry,0,2,6,0,1,0,0,0,1,3,slightly_injured
2019,9,Fri,6,52.62088,13.31334,morning,8,daylight,0,dry,0,5,3,1,1,0,0,0,0,3,slightly_injured
2019,6,Sat,7,52.47072,13.38553,afternoon,13,daylight,0,dry,0,2,6,0,1,0,0,0,0,3,slightly_injured
2019,8,Thu,5,52.50719,13.36883,afternoon,15,daylight,0,dry,0,5,3,1,1,0,0,0,0,3,slightly_injured
2019,4,Wed,4,52.61107,13.44841,afternoon,17,daylight,0,dry,0,2,6,0,1,0,0,0,0,3,slightly_injured
2019,11,Mon,2,52.53259,13.5367,afternoon,15,dusk,1,dry,1,1,5,0,1,0,1,0,0,3,slightly_injured
2019,6,Tue,3,52.47442,13.38562,evening,20,daylight,0,dry,0,1,5,1,1,0,0,0,0,3,slightly_injured
2019,9,Fri,6,52.51035,13.53166,afternoon,16,daylight,0,dry,0,3,6,0,1,0,1,0,0,3,slightly_injured
2019,12,Fri,6,52.56369,13.3642,evening,19,dark,2,dry,1,6,2,0,1,1,0,0,0,3,slightly_injured
2019,8,Thu,5,52.54179,13.36989,morning,8,daylight,0,dry,0,2,2,0,1,0,0,0,0,3,slightly_injured
2019,4,Wed,4,52.45495,13.38397,afternoon,14,daylight,0,dry,0,6,4,0,1,1,0,0,0,3,slightly_injured
2019,10,Mon,2,52.51361,13.47494,afternoon,17,dark,2,dry,1,6,4,0,1,1,0,0,0,3,slightly_injured
2019,9,Thu,5,52.46095,13.41191,morning,6,dark,2,dry,0,3,6,0,1,0,0,1,0,3,slightly_injured
2019,8,Thu,5,52.43352,13.37767,morning,10,daylight,0,dry,0,5,3,1,1,0,0,0,0,3,slightly_injured
2019,4,Wed,4,52.57252,13.56726,afternoon,15,daylight,0,dry,0,6,4,0,1,1,0,0,0,2,seriously_injured
2019,10,Sat,7,52.44976,13.30496,evening,18,dusk,1,dry,0,2,6,0,1,0,0,0,0,3,slightly_injured
2019,6,Sat,7,52.46618,13.39797,evening,23,dark,2,dry,0,3,6,0,1,0,0,0,0,3,slightly_injured
2019,9,Thu,5,52.48174,13.34837,afternoon,16,daylight,0,dry,0,2,6,0,1,0,0,0,0,3,slightly_injured
2019,6,Sat,7,52.53521,13.36364,evening,21,dusk,1,dry,0,2,6,0,1,0,0,0,0,3,slightly_injured
2019,4,Wed,4,52.41997,13.1754,morning,9,daylight,0,dry,0,5,2,0,1,0,0,0,0,3,slightly_injured
2019,11,Wed,4,52.52878,13.3693,morning,7,daylight,0,dry,0,2,6,0,1,0,0,0,0,3,slightly_injured
2019,6,Sat,7,52.55295,13.30488,afternoon,12,daylight,0,dry,0,0,7,0,1,0,0,0,0,3,slightly_injured
2019,12,Sun,1,52.52822,13.28248,evening,18,dark,2,dry,0,3,6,0,1,0,0,1,0,3,slightly_injured
2019,8,Thu,5,52.51868,13.42753,morning,7,daylight,0,dry,0,1,6,0,1,0,0,0,0,3,slightly_injured
2019,4,Wed,4,52.51517,13.46093,morning,8,daylight,0,dry,0,0,2,1,1,0,0,0,0,2,seriously_injured
2019,10,Tue,3,52.47633,13.34735,morning,8,daylight,0,dry,0,2,6,0,1,0,1,0,0,3,slightly_injured
2019,9,Thu,5,52.51924,13.41246,afternoon,15,daylight,0,dry,0,3,6,0,1,0,0,0,0,3,slightly_injured
2019,7,Wed,4,52.51744,13.43849,morning,11,daylight,0,dry,0,0,7,1,0,0,0,0,0,2,seriously_injured
2019,4,Tue,3,52.47408,13.35192,morning,11,daylight,0,dry,0,2,6,0,1,0,0,1,0,2,seriously_injured
2019,9,Sat,7,52.47934,13.31421,afternoon,14,daylight,0,dry,1,2,6,0,1,0,0,0,0,3,slightly_injured
2019,6,Tue,3,52.54766,13.44928,morning,9,daylight,0,dry,0,3,6,1,0,0,0,0,1,3,slightly_injured
2019,9,Thu,5,52.44299,13.28608,afternoon,13,daylight,0,dry,0,0,7,1,0,0,0,0,0,2,seriously_injured
2019,12,Fri,6,52.47303,13.48535,afternoon,14,daylight,0,dry,1,3,6,0,1,0,0,0,1,3,slightly_injured
2019,6,Sat,7,52.51298,13.40437,night,1,dark,2,dry,0,2,6,0,1,0,0,0,0,3,slightly_injured
2019,7,Wed,4,52.50632,13.36835,evening,22,dark,2,dry,1,5,2,1,1,0,0,0,0,3,slightly_injured
2019,4,Tue,3,52.48451,13.30455,morning,10,daylight,0,dry,0,2,6,0,1,0,0,0,0,3,slightly_injured
2019,11,Wed,4,52.51183,13.49411,morning,7,daylight,0,dry,1,5,2,1,1,0,0,0,0,2,seriously_injured
2019,11,Sun,1,52.51644,13.18009,afternoon,14,daylight,0,dry,0,5,3,0,1,0,1,0,0,3,slightly_injured
2019,7,Wed,4,52.51406,13.47056,afternoon,14,daylight,0,dry,0,0,6,1,0,0,0,0,0,3,slightly_injured
2019,4,Tue,3,52.52673,13.42207,night,5,daylight,0,dry,0,6,7,0,1,0,0,0,1,2,seriously_injured
2019,10,Wed,4,52.51385,13.47404,morning,10,daylight,0,dry,1,6,7,0,0,1,0,0,1,3,slightly_injured
2019,9,Thu,5,52.51697,13.4432,morning,9,daylight,0,dry,0,3,6,1,0,0,0,0,0,3,slightly_injured
2019,5,Fri,6,52.44017,13.38732,morning,6,daylight,0,dry,0,5,3,0,1,0,0,0,0,3,slightly_injured
2019,7,Wed,4,52.50994,13.282,afternoon,13,daylight,0,dry,0,5,2,1,0,0,0,1,0,3,slightly_injured
2019,4,Tue,3,52.43518,13.26394,morning,11,daylight,0,dry,0,5,7,1,1,0,0,0,0,3,slightly_injured
2019,6,Thu,5,52.49238,13.45841,evening,20,daylight,0,dry,0,6,4,1,0,1,0,0,0,3,slightly_injured
2019,9,Thu,5,52.46077,13.4151,morning,6,daylight,0,dry,1,2,6,0,1,0,0,0,1,3,slightly_injured
2019,12,Wed,4,52.53305,13.42918,morning,7,daylight,0,dry,0,6,2,0,1,1,0,0,0,3,slightly_injured
2019,5,Fri,6,52.51181,13.31153,afternoon,13,daylight,0,dry,0,5,2,1,1,0,0,0,0,3,slightly_injured
2019,7,Tue,3,52.52217,13.41687,evening,18,daylight,0,dry,0,6,6,0,0,1,0,0,1,3,slightly_injured
2019,11,Fri,6,52.4782,13.3191,night,5,dark,2,dry,0,5,2,0,1,0,0,0,0,3,slightly_injured
2019,7,Tue,3,52.50918,13.37367,evening,23,dark,2,dry,0,5,3,1,0,0,0,0,1,3,slightly_injured
2019,9,Fri,6,52.5556,13.36574,afternoon,17,daylight,0,dry,1,2,6,0,1,0,0,0,0,3,slightly_injured
2019,4,Tue,3,52.50501,13.37229,morning,11,daylight,0,dry,0,2,6,0,1,0,1,0,0,3,slightly_injured
2019,10,Thu,5,52.51135,13.30149,night,0,dark,2,dry,1,5,3,0,1,0,0,0,0,3,slightly_injured
2019,9,Thu,5,52.51073,13.50519,night,5,dark,2,dry,1,2,6,0,1,0,0,1,0,3,slightly_injured
2019,5,Fri,6,52.55983,13.41206,evening,19,dusk,1,dry,1,1,5,1,1,0,0,0,0,2,seriously_injured
2019,7,Tue,3,52.56938,13.40336,evening,22,dark,2,dry,0,3,2,0,1,0,1,0,0,3,slightly_injured
2019,4,Tue,3,52.53328,13.36553,afternoon,14,daylight,0,dry,0,2,6,0,1,0,0,0,1,3,slightly_injured
2019,11,Sun,1,52.46942,13.3855,morning,11,daylight,0,dry,1,2,2,0,1,0,0,0,0,3,slightly_injured
2019,6,Sat,7,52.57368,13.35357,evening,23,dark,2,dry,0,2,7,0,0,0,0,0,1,3,slightly_injured
2019,9,Wed,4,52.43879,13.38129,morning,11,daylight,0,dry,0,2,7,0,1,0,1,0,0,3,slightly_injured
2019,12,Thu,5,52.55141,13.36736,afternoon,17,dark,2,dry,0,2,6,0,1,0,0,0,1,3,slightly_injured
2019,7,Tue,3,52.5411,13.41232,morning,10,daylight,0,dry,0,5,2,1,1,0,0,0,0,3,slightly_injured
2019,4,Tue,3,52.59237,13.40257,afternoon,15,daylight,0,dry,0,5,2,1,1,0,0,0,0,3,slightly_injured
2019,7,Tue,3,52.57314,13.35923,afternoon,12,daylight,0,dry,0,9,1,0,1,0,0,0,0,3,slightly_injured
2019,4,Tue,3,52.41644,13.40026,afternoon,16,daylight,0,dry,0,6,4,0,1,1,0,0,0,3,slightly_injured
2019,6,Thu,5,52.51542,13.36349,afternoon,16,daylight,0,dry,0,2,6,0,1,0,1,0,0,3,slightly_injured
2019,9,Wed,4,52.45075,13.38474,morning,9,daylight,0,dry,0,3,6,0,1,0,0,1,0,3,slightly_injured
2019,12,Fri,6,52.51764,13.43651,morning,6,dark,2,dry,2,2,2,1,1,0,0,0,0,3,slightly_injured
2019,5,Fri,6,52.57316,13.35918,evening,19,daylight,0,dry,1,9,1,0,1,0,0,0,0,2,seriously_injured
2019,7,Mon,2,52.54833,13.45146,evening,22,dark,2,dry,1,1,5,1,1,0,0,0,0,3,slightly_injured
2019,11,Fri,6,52.4442,13.47633,evening,19,dark,2,dry,1,3,6,0,1,0,0,1,0,2,seriously_injured
2019,7,Mon,2,52.52221,13.41591,evening,19,daylight,0,dry,1,0,6,1,1,0,0,0,0,3,slightly_injured
2019,4,Tue,3,52.53051,13.28441,afternoon,16,daylight,0,dry,0,2,6,0,1,0,0,0,0,3,slightly_injured
2019,10,Fri,6,52.43019,13.3761,night,1,dark,2,dry,1,5,3,0,1,0,0,0,0,2,seriously_injured
2019,9,Wed,4,52.4723,13.36655,morning,8,daylight,0,dry,0,2,6,0,1,0,0,0,0,3,slightly_injured
2019,5,Fri,6,52.51451,13.46754,afternoon,12,daylight,0,dry,0,5,2,1,1,0,0,0,0,3,slightly_injured
2019,7,Mon,2,52.54322,13.36982,evening,19,daylight,0,dry,1,5,2,1,1,0,0,0,0,3,slightly_injured
2019,4,Mon,2,52.43023,13.50513,night,3,dark,2,dry,0,9,1,0,1,0,0,0,0,3,slightly_injured
2019,11,Mon,2,52.46704,13.39526,evening,18,dark,2,dry,1,2,6,0,1,0,0,0,0,3,slightly_injured
2019,6,Sun,1,52.45508,13.51175,afternoon,16,daylight,0,dry,0,2,6,0,0,0,1,0,0,3,slightly_injured
2019,9,Wed,4,52.51158,13.40191,morning,7,daylight,0,dry,0,2,6,0,0,0,1,1,0,3,slightly_injured
2019,12,Fri,6,52.47913,13.35399,morning,7,dusk,1,dry,1,2,6,0,1,0,0,0,0,3,slightly_injured
2019,7,Mon,2,52.4766,13.34703,evening,19,daylight,0,dry,1,5,3,0,1,0,0,0,1,3,slightly_injured
2019,4,Sat,7,52.56939,13.40338,morning,10,daylight,0,dry,0,0,2,0,1,0,0,0,1,3,slightly_injured
2019,10,Mon,2,52.4325,13.37719,morning,6,dusk,1,dry,1,0,3,1,0,0,0,0,0,3,slightly_injured
2019,9,Tue,3,52.49289,13.45911,morning,8,daylight,0,dry,0,2,6,0,1,0,0,0,0,3,slightly_injured
2019,7,Mon,2,52.43565,13.25773,afternoon,16,daylight,0,dry,0,0,5,1,1,0,0,0,0,3,slightly_injured
2019,4,Fri,6,52.51557,13.45716,afternoon,12,daylight,0,dry,0,6,6,1,0,1,0,0,0,3,slightly_injured
2019,10,Fri,6,52.43483,13.3783,afternoon,17,dusk,1,dry,1,5,3,0,1,0,0,0,0,3,slightly_injured
2019,6,Fri,6,52.50942,13.27139,afternoon,15,daylight,0,dry,0,5,2,0,1,0,0,0,0,3,slightly_injured
2019,9,Tue,3,52.55769,13.41374,afternoon,16,daylight,0,dry,0,5,2,1,1,0,0,0,0,3,slightly_injured
2019,5,Thu,5,52.50863,13.26021,afternoon,14,daylight,0,dry,0,2,6,0,1,0,0,0,0,3,slightly_injured
2019,4,Fri,6,52.51008,13.28165,morning,10,daylight,0,dry,0,2,6,0,0,0,1,0,0,3,slightly_injured
2019,11,Mon,2,52.51027,13.38847,evening,22,dark,2,dry,0,3,6,0,1,0,0,0,0,3,slightly_injured
2019,5,Thu,5,52.5249,13.41988,night,4,dusk,1,dry,0,5,3,1,1,0,0,0,0,3,slightly_injured
2019,11,Sat,7,52.59247,13.28709,afternoon,12,daylight,0,dry,0,2,6,0,1,0,0,0,0,3,slightly_injured
2019,7,Mon,2,52.5219,13.28178,afternoon,14,daylight,0,dry,0,3,6,0,1,0,0,0,0,3,slightly_injured
2019,4,Fri,6,52.43485,13.37831,afternoon,14,daylight,0,dry,0,2,2,0,0,0,0,0,1,3,slightly_injured
2019,10,Tue,3,52.41421,13.36393,afternoon,16,daylight,0,dry,0,1,5,0,1,0,1,0,0,2,seriously_injured
2019,9,Tue,3,52.50913,13.37305,afternoon,15,daylight,0,dry,0,2,2,0,0,0,1,1,0,3,slightly_injured