ujahr,umonat,weekday,uwochentag,long,lat,time_of_day,ustunde,light_condition,ulichtverh,street_condition,ustrzustand,uart,utyp1,ist_rad,ist_pkw,ist_fuss,ist_krad,ist_gkfz,ist_sonstige,ukategorie,accident_outcome
2019,7,Mon,2,52.46124,13.50308,afternoon,13,daylight,0,dry,0,2,6,0,1,0,1,0,0,3,slightly_injured
2019,4,Fri,6,52.51002,13.21195,afternoon,15,daylight,0,dry,0,0,1,0,0,0,1,0,0,3,slightly_injured
2019,9,Fri,6,52.51925,13.40351,afternoon,17,daylight,0,dry,0,6,7,0,0,1,0,0,1,2,seriously_injured
2019,6,Mon,2,52.51145,13.45189,evening,19,daylight,0,dry,0,1,5,1,1,0,0,0,0,3,slightly_injured
2019,9,Tue,3,52.50499,13.58903,morning,11,daylight,0,dry,0,0,7,0,1,0,0,0,0,3,slightly_injured
2019,12,Tue,3,52.51191,13.45257,evening,19,dark,2,dry,0,1,5,1,1,0,0,0,1,3,slightly_injured
2019,5,Wed,4,52.51093,13.50284,evening,20,daylight,0,dry,0,2,7,0,1,0,0,0,1,3,slightly_injured
2019,7,Mon,2,52.51879,13.41123,morning,10,daylight,0,dry,0,5,3,0,1,0,0,0,1,3,slightly_injured
2019,4,Thu,5,52.47629,13.35317,morning,10,daylight,0,dry,0,3,6,0,1,0,0,0,0,3,slightly_injured
2019,11,Wed,4,52.50725,13.3692,afternoon,12,daylight,0,dry,1,5,7,0,1,0,0,0,0,3,slightly_injured
2019,11,Sat,7,52.42978,13.39236,afternoon,13,daylight,0,dry,0,6,7,0,1,1,0,0,0,2,seriously_injured
2019,7,Mon,2,52.46058,13.32846,morning,11,daylight,0,dry,0,2,7,0,1,0,0,0,0,2,seriously_injured
2019,4,Thu,5,52.55039,13.41369,evening,20,daylight,0,dry,0,0,6,0,0,0,0,0,1,3,slightly_injured
2019,10,Tue,3,52.51065,13.50446,morning,9,daylight,0,dry,0,6,2,0,1,1,0,0,0,3,slightly_injured
2019,9,Tue,3,52.56449,13.36406,morning,9,daylight,0,dry,0,1,7,0,1,1,0,0,1,3,slightly_injured
2019,5,Wed,4,52.5152,13.45923,evening,22,dark,2,dry,0,3,6,0,1,0,1,0,0,3,slightly_injured
2019,7,Mon,2,52.47485,13.38587,morning,8,daylight,0,dry,0,0,7,1,0,0,0,0,0,3,slightly_injured
2019,4,Thu,5,52.52635,13.44748,evening,22,dark,2,dry,0,5,2,0,1,0,0,0,1,3,slightly_injured
2019,11,Thu,5,52.39015,13.40733,evening,18,dark,2,dry,1,3,6,0,1,0,0,0,0,3,slightly_injured
2019,6,Thu,5,52.46968,13.38613,afternoon,14,daylight,0,dry,0,2,6,0,1,0,0,0,0,3,slightly_injured
2019,9,Tue,3,52.50967,13.27777,afternoon,12,daylight,0,dry,0,0,3,1,1,0,0,0,0,3,slightly_injured
2019,12,Tue,3,52.51174,13.30744,evening,20,dark,2,dry,1,5,3,1,1,0,0,0,0,3,slightly_injured
2019,7,Sun,1,52.56251,13.558,morning,8,daylight,0,dry,0,9,1,0,1,0,0,0,0,2,seriously_injured
2019,10,Thu,5,52.48663,13.38609,night,4,dark,2,dry,0,8,1,0,1,0,0,0,0,3,slightly_injured
2019,7,Sun,1,52.46589,13.31231,evening,23,dark,2,dry,0,0,7,0,1,0,0,0,0,3,slightly_injured
2019,9,Fri,6,52.48637,13.38607,afternoon,15,daylight,0,dry,1,2,6,0,1,0,0,0,0,3,slightly_injured
2019,4,Thu,5,52.43355,13.24182,evening,18,daylight,0,dry,0,0,1,0,0,0,1,0,0,3,slightly_injured
2019,10,Wed,4,52.49884,13.28146,morning,9,daylight,0,dry,0,2,6,0,1,0,0,0,0,3,slightly_injured
2019,9,Tue,3,52.50966,13.27776,afternoon,12,daylight,0,dry,0,0,3,1,1,0,0,0,0,3,slightly_injured
2019,5,Wed,4,52.55552,13.36575,evening,21,daylight,0,dry,0,2,6,0,1,0,0,0,1,3,slightly_injured
2019,7,Sun,1,52.5157,13.45423,evening,19,daylight,0,dry,0,5,2,0,1,0,0,0,0,3,slightly_injured
2019,4,Thu,5,52.5226,13.45004,morning,10,daylight,0,dry,0,6,4,1,0,1,0,0,0,3,slightly_injured
2019,11,Sat,7,52.50877,13.37057,afternoon,16,dusk,1,dry,0,0,3,1,0,0,0,0,1,2,seriously_injured
2019,6,Sat,7,52.48838,13.47423,evening,18,daylight,0,dry,0,3,6,0,1,0,0,0,0,2,seriously_injured
2019,12,Wed,4,52.56132,13.36487,morning,11,daylight,0,dry,0,3,6,0,1,0,1,0,0,3,slightly_injured
2019,7,Sun,1,52.47857,13.12628,evening,18,daylight,0,dry,0,5,3,1,1,0,0,0,0,2,seriously_injured
2019,4,Thu,5,52.4986,13.38447,morning,9,daylight,0,dry,0,1,5,0,1,0,0,0,1,3,slightly_injured
2019,10,Fri,6,52.42896,13.37552,afternoon,17,daylight,0,dry,0,5,3,0,1,0,0,0,0,3,slightly_injured
2019,9,Mon,2,52.5042,13.36671,afternoon,15,daylight,0,dry,1,0,7,1,0,0,0,0,0,3,slightly_injured
2019,7,Sat,7,52.50851,13.25815,evening,23,dark,2,dry,0,5,2,0,1,0,1,0,0,3,slightly_injured
2019,4,Thu,5,52.45416,13.51311,morning,10,daylight,0,dry,0,5,3,1,1,0,0,0,0,2,seriously_injured
2019,10,Wed,4,52.586,13.40252,morning,8,dusk,1,dry,1,2,7,1,1,0,0,0,0,3,slightly_injured
2019,6,Thu,5,52.50935,13.55339,morning,7,daylight,0,dry,0,5,2,1,1,0,0,0,0,2,seriously_injured
2019,9,Mon,2,52.54108,13.36838,morning,11,daylight,0,dry,1,5,2,0,1,0,0,0,0,3,slightly_injured
2019,12,Thu,5,52.38951,13.40736,afternoon,14,daylight,0,dry,1,1,5,0,1,0,0,0,1,3,slightly_injured
2019,5,Wed,4,52.51387,13.47378,morning,10,daylight,0,dry,0,2,6,0,1,0,1,0,0,3,slightly_injured
2019,4,Thu,5,52.55795,13.36551,afternoon,17,daylight,0,dry,0,2,6,0,1,0,0,0,0,3,slightly_injured
2019,11,Sun,1,52.5344,13.36443,night,5,dark,2,dry,1,8,1,0,1,0,0,0,1,3,slightly_injured
2019,5,Wed,4,52.51293,13.32569,morning,11,daylight,0,dry,0,5,7,1,1,0,0,0,0,3,slightly_injured
2019,11,Thu,5,52.56939,13.40338,evening,18,dark,2,dry,1,5,2,1,1,0,0,0,0,3,slightly_injured
2019,7,Sat,7,52.5112,13.29922,evening,22,dark,2,dry,0,0,1,1,0,0,0,0,0,2,seriously_injured
2019,4,Wed,4,52.51,13.54028,morning,7,daylight,0,dry,0,5,2,0,1,0,1,0,1,2,seriously_injured
2019,10,Sun,1,52.58995,13.40169,afternoon,14,daylight,0,dry,0,5,2,1,1,0,0,0,0,3,slightly_injured
2019,9,Mon,2,52.50167,13.28029,evening,23,dark,2,dry,1,9,1,0,1,0,0,0,0,3,slightly_injured
2019,5,Wed,4,52.50988,13.27853,afternoon,17,daylight,0,dry,0,3,6,0,1,0,0,0,0,3,slightly_injured
2019,7,Sat,7,52.51609,13.45196,morning,10,daylight,0,dry,0,3,6,1,1,0,0,0,0,3,slightly_injured
2019,4,Wed,4,52.5161,13.18175,morning,11,daylight,0,dry,0,2,6,0,1,0,0,0,1,3,slightly_injured
2019,10,Sat,7,52.49347,13.38792,evening,20,dark,2,dry,0,0,7,0,0,0,1,0,0,3,slightly_injured
2019,9,Mon,2,52.47434,13.35911,evening,21,dark,2,dry,1,5,3,0,1,0,0,1,0,3,slightly_injured
2019,7,Sat,7,52.55057,13.41373,morning,10,daylight,0,dry,0,2,6,0,1,0,1,0,0,3,slightly_injured
2019,4,Wed,4,52.50772,13.24538,afternoon,12,daylight,0,dry,0,2,6,0,1,0,0,0,0,3,slightly_injured
2019,10,Wed,4,52.53906,13.36889,morning,6,dark,2,dry,1,2,6,0,1,0,0,0,1,3,slightly_injured
2019,6,Fri,6,52.53996,13.37019,morning,8,daylight,0,dry,0,5,2,1,1,0,0,0,0,3,slightly_injured
2019,9,Mon,2,52.51097,13.28512,evening,19,dark,2,dry,1,5,3,0,1,0,0,1,0,3,slightly_injured
2019,12,Sat,7,52.58696,13.40181,morning,7,daylight,0,dry,0,4,6,0,1,0,0,0,0,3,slightly_injured
2019,5,Wed,4,52.55867,13.41346,afternoon,13,daylight,0,dry,0,5,2,0,1,0,0,0,1,3,slightly_injured
2019,4,Wed,4,52.46202,13.40675,afternoon,13,daylight,0,dry,0,3,6,0,1,0,0,1,0,3,slightly_injured
2019,11,Sun,1,52.61438,13.24801,afternoon,14,daylight,0,dry,0,2,6,0,1,0,0,0,0,3,slightly_injured
2019,5,Wed,4,52.46003,13.41052,afternoon,15,daylight,0,dry,0,9,1,0,0,0,1,0,0,2,seriously_injured
2019,11,Sat,7,52.46963,13.38343,afternoon,13,daylight,0,dry,1,0,1,0,0,0,1,0,0,2,seriously_injured
2019,7,Sat,7,52.45411,13.51318,night,0,dark,2,dry,0,5,3,1,0,0,1,0,0,2,seriously_injured
2019,4,Wed,4,52.56373,13.36442,afternoon,14,daylight,0,dry,0,0,2,1,0,0,0,0,1,3,slightly_injured
2019,10,Mon,2,52.51089,13.29446,afternoon,13,daylight,0,dry,0,2,6,1,1,0,0,0,0,3,slightly_injured
2019,9,Mon,2,52.50862,13.26002,afternoon,15,daylight,0,dry,1,4,1,0,1,0,0,0,0,3,slightly_injured
2019,5,Wed,4,52.42977,13.39271,morning,7,daylight,0,dry,0,5,3,1,0,0,0,0,0,3,slightly_injured
2019,7,Fri,6,52.51896,13.40291,evening,23,dark,2,dry,0,0,7,0,0,0,1,0,1,2,seriously_injured
2019,4,Wed,4,52.50501,13.37228,afternoon,15,daylight,0,dry,0,2,6,0,1,0,0,0,1,3,slightly_injured
2019,6,Mon,2,52.5793,13.39831,afternoon,14,daylight,0,dry,0,0,3,0,0,0,1,1,0,2,seriously_injured
2019,9,Mon,2,52.49801,13.38914,morning,9,daylight,0,dry,1,2,6,0,1,0,0,0,0,3,slightly_injured
2019,12,Mon,2,52.51313,13.40459,evening,19,dark,2,dry,1,5,3,1,1,0,0,0,0,3,slightly_injured
2019,5,Wed,4,52.51583,13.45422,morning,9,daylight,0,dry,0,5,2,1,0,0,0,0,1,3,slightly_injured
2019,7,Fri,6,52.47594,13.38589,afternoon,12,daylight,0,dry,0,1,5,0,1,0,0,0,1,3,slightly_injured
2019,4,Tue,3,52.51186,13.31217,afternoon,17,daylight,0,dry,0,3,6,0,1,0,1,0,0,3,slightly_injured
2019,11,Tue,3,52.44903,13.3031,afternoon,14,daylight,0,dry,1,2,6,0,1,0,0,0,0,3,slightly_injured
2019,11,Fri,6,52.53997,13.37057,afternoon,13,daylight,0,dry,0,5,3,0,1,0,0,0,0,2,seriously_injured
2019,7,Fri,6,52.51114,13.30116,afternoon,12,daylight,0,dry,0,2,6,0,1,0,0,0,0,3,slightly_injured
2019,4,Tue,3,52.47817,13.33724,evening,21,dark,2,dry,0,2,6,0,1,0,0,0,0,3,slightly_injured
2019,10,Mon,2,52.45308,13.31431,afternoon,15,daylight,0,dry,0,5,7,0,1,0,0,0,0,3,slightly_injured
2019,9,Mon,2,52.49393,13.46081,morning,8,daylight,0,dry,1,3,6,0,1,0,0,0,1,3,slightly_injured
2019,5,Wed,4,52.50673,13.22889,morning,7,daylight,0,dry,0,5,7,0,1,0,1,0,0,2,seriously_injured
2019,7,Fri,6,52.50712,13.22634,evening,18,daylight,0,dry,0,2,6,0,1,0,0,0,0,3,slightly_injured
2019,4,Tue,3,52.51314,13.48103,evening,20,dark,2,dry,0,1,5,0,1,0,1,0,0,3,slightly_injured
2019,11,Wed,4,52.51726,13.43886,evening,21,dark,2,dry,0,3,6,0,1,0,0,0,1,3,slightly_injured
2019,6,Wed,4,52.50984,13.27783,afternoon,13,daylight,0,dry,0,5,2,0,1,0,0,0,0,3,slightly_injured
2019,9,Mon,2,52.43763,13.38811,afternoon,14,daylight,0,dry,1,2,6,0,1,0,1,0,0,3,slightly_injured
2019,12,Mon,2,52.48567,13.30305,afternoon,17,dark,2,dry,1,2,6,0,1,0,0,0,0,3,slightly_injured
2019,7,Fri,6,52.51947,13.41246,evening,20,dusk,1,dry,0,0,1,0,0,0,0,0,1,3,slightly_injured
2019,10,Wed,4,52.44733,13.47026,evening,18,dark,2,dry,0,2,6,0,1,0,0,0,0,3,slightly_injured
2019,9,Sun,1,52.51824,13.45263,night,0,dark,2,dry,0,9,1,0,1,0,0,0,0,3,slightly_injured
2019,7,Fri,6,52.53141,13.28515,morning,9,daylight,0,dry,0,2,6,0,1,0,0,0,0,3,slightly_injured
2019,4,Tue,3,52.55519,13.4675,evening,19,daylight,0,dry,0,5,3,0,1,0,0,0,0,3,slightly_injured
2019,10,Tue,3,52.51646,13.17879,morning,11,daylight,0,dry,1,2,6,0,1,0,0,0,0,3,slightly_injured
2019,9,Sun,1,52.42559,13.39472,night,4,daylight,0,dry,0,1,1,0,1,0,0,0,0,3,slightly_injured
2019,5,Wed,4,52.53398,13.29932,morning,8,daylight,0,dry,0,8,1,0,0,0,1,0,0,3,slightly_injured
2019,7,Fri,6,52.5163,13.44983,night,2,dark,2,dry,0,3,6,0,0,0,0,0,1,3,slightly_injured
2019,4,Tue,3,52.51223,13.31494,evening,18,daylight,0,dry,0,5,3,1,1,0,0,0,0,3,slightly_injured
2019,11,Sat,7,52.52333,13.4109,night,4,dark,2,dry,1,0,3,0,0,0,0,0,1,3,slightly_injured
2019,5,Tue,3,52.54111,13.36834,morning,9,daylight,0,dry,0,5,2,1,1,0,0,0,0,3,slightly_injured
2019,12,Tue,3,52.51524,13.46023,morning,7,dusk,1,dry,0,5,2,1,1,0,0,0,0,3,slightly_injured
2019,7,Thu,5,52.56289,13.55828,morning,11,daylight,0,dry,0,5,3,0,1,0,0,0,1,3,slightly_injured
2019,4,Tue,3,52.49477,13.46153,afternoon,17,daylight,0,dry,0,4,7,1,1,0,0,0,0,3,slightly_injured
2019,10,Fri,6,52.51598,13.45373,morning,11,daylight,0,dry,0,5,2,1,0,0,0,0,1,3,slightly_injured
2019,9,Sat,7,52.51514,13.45988,evening,20,dark,2,dry,0,6,4,0,1,1,0,0,0,2,seriously_injured
2019,7,Thu,5,52.53569,13.3095,evening,23,dark,2,dry,0,3,1,0,1,0,0,0,0,2,seriously_injured
2019,4,Tue,3,52.57118,13.39815,morning,7,daylight,0,dry,0,5,2,1,1,0,0,0,0,3,slightly_injured
2019,10,Tue,3,52.52208,13.41676,morning,9,daylight,0,dry,1,5,2,1,1,0,0,0,0,3,slightly_injured
2019,6,Wed,4,52.51726,13.28391,evening,18,daylight,0,dry,0,2,6,0,1,0,0,0,0,3,slightly_injured
2019,9,Sat,7,52.47875,13.34061,afternoon,12,daylight,0,dry,0,3,6,0,1,0,0,0,0,3,slightly_injured
2019,12,Mon,2,52.55154,13.36727,afternoon,16,dark,2,dry,0,6,2,0,1,1,0,0,0,3,slightly_injured
2019,5,Tue,3,52.54111,13.36834,morning,8,daylight,0,dry,0,5,2,1,0,0,0,1,0,3,slightly_injured
2019,4,Tue,3,52.5175,13.43644,afternoon,17,daylight,0,dry,0,6,4,1,0,1,0,0,0,2,seriously_injured
2019,11,Sat,7,52.44169,13.28246,morning,10,daylight,0,dry,1,0,2,1,1,0,0,0,0,3,slightly_injured
2019,5,Tue,3,52.522,13.41638,morning,8,daylight,0,dry,0,2,2,1,0,0,0,0,1,3,slightly_injured
2019,11,Wed,4,52.46994,13.37886,afternoon,17,dark,2,dry,1,2,6,0,1,0,0,0,0,3,slightly_injured
2019,7,Thu,5,52.52757,13.44665,afternoon,16,daylight,0,dry,0,3,6,1,1,0,0,0,0,3,slightly_injured
2019,4,Tue,3,52.47901,13.35415,afternoon,17,daylight,0,dry,0,5,2,0,1,0,1,0,0,3,slightly_injured
2019,10,Fri,6,52.61075,13.319,morning,9,daylight,0,dry,0,5,3,0,1,0,1,0,0,3,slightly_injured
2019,9,Sat,7,52.49346,13.36099,afternoon,12,daylight,0,dry,0,5,3,0,1,0,1,0,0,3,slightly_injured
2019,5,Tue,3,52.55461,13.36613,afternoon,17,daylight,0,dry,0,6,4,1,1,1,0,0,0,3,slightly_injured
2019,7,Thu,5,52.56909,13.40369,afternoon,13,daylight,0,dry,0,2,6,0,1,0,0,0,0,3,slightly_injured
2019,4,Mon,2,52.45266,13.38438,afternoon,12,daylight,0,dry,0,5,2,0,1,0,0,0,0,3,slightly_injured
2019,6,Sat,7,52.49002,13.14164,afternoon,12,daylight,0,dry,0,4,6,1,0,0,0,0,0,3,slightly_injured
2019,9,Sat,7,52.49073,13.38657,morning,11,daylight,0,dry,0,2,6,0,1,0,0,0,0,3,slightly_injured
2019,12,Sun,1,52.46939,13.3855,night,3,dark,2,dry,1,5,3,0,1,0,0,0,0,3,slightly_injured
2019,5,Tue,3,52.5393,13.42419,morning,11,daylight,0,dry,0,0,2,0,1,0,1,0,0,2,seriously_injured
2019,7,Thu,5,52.48193,13.3484,morning,8,daylight,0,dry,0,2,2,1,1,0,0,0,0,3,slightly_injured
2019,11,Sun,1,52.56522,13.36368,night,0,dark,2,dry,1,1,1,0,1,0,0,0,0,2,seriously_injured
2019,7,Thu,5,52.51587,13.45376,morning,6,daylight,0,dry,0,5,2,0,1,0,0,0,0,3,slightly_injured
2019,4,Mon,2,52.56508,13.36375,evening,22,dark,2,dry,0,0,3,0,1,0,1,0,0,3,slightly_injured
2019,10,Sat,7,52.44017,13.38732,afternoon,13,daylight,0,dry,0,5,3,1,1,0,0,0,0,3,slightly_injured
2019,9,Fri,6,52.51024,13.28676,evening,20,dark,2,dry,0,0,1,1,1,0,0,0,0,3,slightly_injured
2019,5,Mon,2,52.40836,13.3587,morning,10,daylight,0,dry,0,0,7,1,0,0,0,0,0,2,seriously_injured
2019,7,Wed,4,52.5719,13.36001,afternoon,17,daylight,0,dry,0,1,5,1,1,0,0,0,0,3,slightly_injured
2019,4,Mon,2,52.52071,13.4064,evening,18,daylight,0,dry,0,0,5,1,0,0,0,0,1,3,slightly_injured
2019,11,Tue,3,52.51122,13.20597,afternoon,17,dusk,1,dry,1,6,4,0,1,1,0,0,1,1,killed
2019,6,Tue,3,52.5251,13.41951,morning,11,daylight,0,dry,0,5,2,1,1,0,0,0,0,3,slightly_injured
2019,9,Fri,6,52.44678,13.20809,morning,6,daylight,0,dry,0,3,6,0,1,0,0,0,0,3,slightly_injured
2019,12,Fri,6,52.52862,13.28296,evening,18,dark,2,dry,1,2,6,0,1,0,0,0,0,2,seriously_injured
2019,7,Wed,4,52.51917,13.45237,afternoon,15,daylight,0,dry,0,0,1,1,0,0,0,0,0,3,slightly_injured
2019,10,Tue,3,52.45401,13.51361,afternoon,13,daylight,0,dry,0,2,6,0,1,0,0,0,0,3,slightly_injured
2019,9,Fri,6,52.5017,13.28007,afternoon,13,daylight,0,dry,0,3,6,0,1,0,0,0,1,3,slightly_injured
2019,6,Sat,7,52.55694,13.30863,afternoon,15,daylight,0,dry,0,2,6,0,1,0,0,0,0,3,slightly_injured
2019,9,Fri,6,52.54842,13.30078,afternoon,13,daylight,0,dry,0,0,6,0,0,0,0,0,1,3,slightly_injured
2019,12,Mon,2,52.56384,13.36417,afternoon,13,daylight,0,dry,0,3,6,0,1,0,0,1,0,3,slightly_injured
2019,5,Mon,2,52.48596,13.38606,morning,9,daylight,0,dry,0,3,6,1,1,0,0,0,0,3,slightly_injured
2019,7,Wed,4,52.60544,13.44916,evening,19,daylight,0,dry,0,2,7,0,1,0,0,0,0,2,seriously_injured
2019,4,Mon,2,52.51461,13.17598,afternoon,15,daylight,0,dry,0,0,7,0,1,0,0,0,1,3,slightly_injured
2019,11,Mon,2,52.43877,13.38774,afternoon,12,daylight,0,dry,1,0,6,0,1,0,1,0,0,3,slightly_injured
2019,7,Wed,4,52.44262,13.38654,morning,7,daylight,0,dry,0,2,6,0,1,0,0,0,1,3,slightly_injured
2019,4,Mon,2,52.51053,13.29141,morning,8,daylight,0,dry,0,5,2,1,1,0,0,0,0,3,slightly_injured
2019,10,Sun,1,52.4632,13.38546,afternoon,17,daylight,0,dry,0,0,7,1,1,0,0,0,0,3,slightly_injured
2019,9,Fri,6,52.56997,13.361,afternoon,12,daylight,0,dry,0,6,7,0,0,1,0,1,0,3,slightly_injured
2019,5,Sun,1,52.51224,13.31506,afternoon,15,daylight,0,dry,0,6,4,1,0,1,0,0,0,3,slightly_injured
2019,7,Wed,4,52.47835,13.31812,afternoon,15,daylight,0,dry,0,2,6,0,1,0,0,1,0,3,slightly_injured
2019,4,Mon,2,52.51419,13.47072,morning,8,daylight,0,dry,0,5,3,1,1,0,0,0,0,3,slightly_injured
2019,11,Tue,3,52.59316,13.40279,evening,22,dark,2,dry,1,0,3,1,1,0,0,0,0,3,slightly_injured
2019,6,Wed,4,52.54338,13.41251,morning,7,daylight,0,dry,0,5,3,1,0,0,0,0,0,2,seriously_injured
2019,9,Fri,6,52.49908,13.28126,afternoon,12,daylight,0,dry,0,2,6,0,1,0,0,0,0,3,slightly_injured
2019,12,Sat,7,52.50973,13.45158,afternoon,13,daylight,0,dry,0,1,5,1,1,0,0,0,1,3,slightly_injured
2019,7,Wed,4,52.48667,13.46511,afternoon,16,daylight,0,dry,0,5,2,0,1,0,0,0,0,3,slightly_injured
2019,10,Wed,4,52.57129,13.36033,morning,9,daylight,0,dry,0,3,6,0,1,0,0,0,0,3,slightly_injured
2019,9,Fri,6,52.41374,13.36189,afternoon,15,daylight,0,dry,0,8,7,0,1,0,0,0,0,3,slightly_injured
2019,7,Wed,4,52.47974,13.38575,afternoon,14,daylight,0,dry,0,3,6,0,1,0,1,0,1,3,slightly_injured
2019,4,Sun,1,52.60778,13.3239,night,0,dark,2,dry,0,5,2,1,1,0,0,0,0,3,slightly_injured
2019,10,Tue,3,52.51039,13.28924,night,0,dark,2,dry,0,5,2,0,1,0,0,0,0,3,slightly_injured
2019,6,Mon,2,52.50518,13.28153,afternoon,13,daylight,0,dry,0,2,6,0,1,0,0,1,0,3,slightly_injured
2019,9,Thu,5,52.51171,13.49349,evening,20,dark,2,dry,0,5,2,1,1,0,0,0,0,3,slightly_injured
2019,5,Sun,1,52.55856,13.55489,night,2,dark,2,dry,0,6,4,0,0,1,0,0,1,3,slightly_injured
2019,7,Wed,4,52.50863,13.56108,evening,19,daylight,0,dry,0,2,6,0,1,0,0,0,0,3,slightly_injured
2019,4,Sat,7,52.48353,13.30578,afternoon,13,daylight,0,dry,0,2,6,0,1,0,0,0,0,3,slightly_injured
2019,11,Thu,5,52.48011,13.12891,morning,7,dusk,1,dry,0,4,6,1,0,0,0,0,0,2,seriously_injured
2019,5,Sun,1,52.54139,13.29599,afternoon,17,daylight,0,dry,0,2,6,0,1,0,0,0,0,3,slightly_injured
2019,12,Tue,3,52.5104,13.2893,afternoon,16,dark,2,dry,1,5,2,1,1,0,0,0,0,3,slightly_injured
2019,7,Tue,3,52.51619,13.45098,evening,20,daylight,0,dry,0,2,6,0,1,0,0,0,1,3,slightly_injured
2019,4,Sat,7,52.51117,13.30159,night,1,dark,2,dry,0,5,3,0,1,0,0,0,0,3,slightly_injured
2019,10,Thu,5,52.51525,13.46022,morning,8,daylight,0,dry,1,0,2,1,1,0,0,0,0,2,seriously_injured
2019,9,Thu,5,52.55077,13.41376,morning,6,dusk,1,dry,0,5,2,1,0,0,0,1,0,3,slightly_injured
2019,7,Tue,3,52.54081,13.41346,evening,18,daylight,0,dry,0,1,5,1,1,0,0,0,1,3,slightly_injured
2019,4,Sat,7,52.51525,13.46017,night,0,dark,2,dry,0,6,4,0,1,1,0,0,0,3,slightly_injured
2019,9,Mon,2,52.47603,13.30711,afternoon,17,daylight,0,dry,1,8,1,0,1,0,0,0,0,3,slightly_injured
2019,6,Wed,4,52.51677,13.44512,night,5,daylight,0,dry,0,2,6,0,1,0,0,0,0,3,slightly_injured
2019,9,Thu,5,52.51056,13.28923,morning,11,daylight,0,dry,0,5,2,1,1,0,0,0,0,3,slightly_injured
2019,12,Fri,6,52.51933,13.42482,afternoon,17,dark,2,dry,0,2,6,1,0,0,0,0,0,3,slightly_injured
2019,5,Sun,1,52.50989,13.28122,night,0,dark,2,dry,0,0,1,1,0,0,0,0,0,3,slightly_injured
2019,7,Tue,3,52.58023,13.34595,afternoon,16,daylight,0,dry,0,5,3,1,1,0,0,0,0,3,slightly_injured
2019,4,Sat,7,52.51576,13.45423,morning,11,daylight,0,dry,0,5,3,0,1,0,0,0,1,2,seriously_injured
2019,11,Fri,6,52.51469,13.4658,morning,9,daylight,0,dry,0,6,7,1,0,1,0,0,0,3,slightly_injured
2019,9,Thu,5,52.50875,13.37054,morning,6,daylight,0,dry,1,5,2,1,1,0,0,0,0,3,slightly_injured
2019,11,Tue,3,52.53926,13.42437,afternoon,16,dark,2,dry,0,2,2,0,1,0,0,0,0,3,slightly_injured
2019,7,Tue,3,52.58547,13.34193,afternoon,14,daylight,0,dry,0,5,3,0,1,0,0,0,0,3,slightly_injured
2019,4,Fri,6,52.55777,13.41369,afternoon,15,daylight,0,dry,0,5,2,0,1,0,0,0,1,3,slightly_injured
2019,10,Thu,5,52.51541,13.36336,afternoon,17,daylight,0,dry,0,6,4,1,0,1,0,0,0,3,slightly_injured
2019,9,Wed,4,52.49276,13.45958,afternoon,16,daylight,0,dry,0,6,7,0,0,1,0,0,1,3,slightly_injured
2019,5,Sat,7,52.55797,13.3655,morning,11,daylight,0,dry,0,5,3,0,1,0,1,0,0,3,slightly_injured
2019,7,Tue,3,52.56727,13.36241,afternoon,14,daylight,0,dry,0,6,4,1,0,1,0,0,0,3,slightly_injured
2019,4,Fri,6,52.53414,13.53693,morning,9,daylight,0,dry,0,1,6,0,1,0,0,0,1,3,slightly_injured
2019,6,Fri,6,52.58705,13.34071,morning,11,daylight,0,dry,0,2,6,0,1,0,0,0,1,3,slightly_injured
2019,9,Wed,4,52.46706,13.39558,morning,10,daylight,0,dry,0,2,6,0,1,0,0,0,0,3,slightly_injured
2019,12,Fri,6,52.42053,13.16797,afternoon,17,dark,2,dry,0,0,2,1,1,0,0,0,0,3,slightly_injured
2019,5,Sat,7,52.5586,13.41319,morning,11,daylight,0,dry,0,6,6,1,0,1,0,0,0,3,slightly_injured
2019,7,Tue,3,52.54933,13.45537,afternoon,12,daylight,0,dry,0,3,6,1,1,0,0,0,0,3,slightly_injured
2019,11,Sat,7,52.57428,13.34784,night,0,dark,2,dry,1,3,2,0,1,0,0,0,0,3,slightly_injured
2019,7,Tue,3,52.51758,13.39719,morning,7,daylight,0,dry,0,6,4,0,0,1,0,1,0,2,seriously_injured
2019,4,Fri,6,52.48451,13.47946,afternoon,12,daylight,0,dry,0,2,2,0,1,0,0,0,0,3,slightly_injured
2019,10,Fri,6,52.62805,13.42766,morning,7,daylight,0,dry,0,0,7,0,1,0,0,0,1,3,slightly_injured
2019,9,Wed,4,52.51457,13.46551,morning,9,daylight,0,dry,0,1,5,0,1,0,1,0,0,3,slightly_injured
2019,5,Sat,7,52.55435,13.36598,night,3,dark,2,dry,0,2,6,1,1,0,0,0,0,3,slightly_injured
2019,7,Tue,3,52.46555,13.49644,morning,10,daylight,0,dry,0,0,1,1,0,0,0,0,0,3,slightly_injured
2019,4,Fri,6,52.53027,13.42637,evening,23,dark,2,dry,0,1,5,1,1,0,0,0,1,3,slightly_injured
2019,11,Mon,2,52.54044,13.41685,afternoon,14,daylight,0,dry,1,1,5,1,1,0,0,0,0,3,slightly_injured
2019,6,Tue,3,52.59383,13.28614,morning,6,daylight,0,dry,0,2,6,0,1,0,0,0,0,3,slightly_injured
2019,9,Wed,4,52.5644,13.36411,afternoon,14,daylight,0,dry,1,5,2,1,1,0,0,0,0,3,slightly_injured
2019,12,Fri,6,52.53098,13.4272,afternoon,15,dusk,1,dry,1,1,5,1,1,0,0,0,1,3,slightly_injured
2019,7,Tue,3,52.5579,13.36552,afternoon,16,daylight,0,dry,0,0,4,1,0,1,0,0,0,3,slightly_injured
2019,4,Fri,6,52.56154,13.4279,afternoon,16,daylight,0,dry,0,5,3,1,1,0,0,0,0,3,slightly_injured