ujahr,umonat,weekday,uwochentag,long,lat,time_of_day,ustunde,light_condition,ulichtverh,street_condition,ustrzustand,uart,utyp1,ist_rad,ist_pkw,ist_fuss,ist_krad,ist_gkfz,ist_sonstige,ukategorie,accident_outcome
2019,7,Tue,3,52.48386,13.38583,morning,8,daylight,0,dry,0,3,6,1,1,0,0,1,0,2,seriously_injured
2019,4,Sat,7,52.50986,13.28077,afternoon,12,daylight,0,dry,0,6,4,1,0,1,0,0,0,2,seriously_injured
2019,10,Tue,3,52.50889,13.28478,afternoon,15,daylight,0,dry,1,2,6,0,1,0,0,0,0,3,slightly_injured
2019,6,Thu,5,52.47078,13.37113,afternoon,16,daylight,0,dry,1,2,6,0,1,0,0,0,1,3,slightly_injured
2019,8,Thu,5,52.53492,13.43136,morning,6,dusk,1,dry,0,3,6,1,0,0,0,0,0,3,slightly_injured
2019,12,Thu,5,52.54127,13.43921,evening,21,dark,2,dry,1,0,3,1,0,0,0,0,1,3,slightly_injured
2019,5,Wed,4,52.50918,13.37364,afternoon,13,daylight,0,dry,0,6,4,0,1,1,0,0,0,3,slightly_injured
2019,4,Sat,7,52.47079,13.37109,evening,23,dark,2,dry,0,2,6,0,1,0,0,0,0,3,slightly_injured
2019,11,Sun,1,52.54555,13.413,night,0,dark,2,dry,0,6,7,1,0,1,0,0,0,3,slightly_injured
2019,5,Tue,3,52.56276,13.55818,afternoon,14,daylight,0,dry,0,5,3,0,1,0,0,1,0,3,slightly_injured
2019,11,Thu,5,52.58554,13.34188,morning,8,daylight,0,dry,1,0,2,1,1,0,0,0,0,3,slightly_injured
2019,7,Tue,3,52.45329,13.31497,evening,18,daylight,0,dry,0,8,1,0,1,0,0,0,0,3,slightly_injured
2019,4,Sat,7,52.51018,13.38699,evening,23,dark,2,dry,0,2,6,0,1,0,0,0,0,3,slightly_injured
2019,10,Sat,7,52.40867,13.40433,evening,18,dark,2,dry,0,2,6,0,1,0,1,0,0,2,seriously_injured
2019,8,Thu,5,52.50942,13.37672,evening,22,dark,2,dry,0,5,2,1,0,0,1,0,0,3,slightly_injured
2019,5,Tue,3,52.51535,13.45776,evening,18,daylight,0,dry,0,6,7,1,0,1,0,0,0,2,seriously_injured
2019,7,Tue,3,52.50594,13.44917,night,3,dark,2,dry,0,6,7,0,0,1,0,0,1,3,slightly_injured
2019,4,Sat,7,52.54093,13.4127,afternoon,13,daylight,0,dry,0,3,6,0,1,0,1,0,0,3,slightly_injured
2019,6,Sat,7,52.50624,13.36861,afternoon,15,daylight,0,dry,0,5,3,0,1,0,1,0,0,2,seriously_injured
2019,8,Thu,5,52.60845,13.32281,evening,20,dark,2,dry,0,0,1,1,0,0,0,0,0,3,slightly_injured
2019,12,Sun,1,52.4394,13.38265,afternoon,12,daylight,0,dry,1,5,2,0,1,0,0,0,0,3,slightly_injured
2019,5,Tue,3,52.53321,13.2909,evening,21,dark,2,dry,1,8,1,0,0,0,1,0,0,2,seriously_injured
2019,7,Tue,3,52.57926,13.39824,afternoon,15,daylight,0,dry,0,0,1,1,0,0,0,0,0,3,slightly_injured
2019,11,Mon,2,52.51201,13.31457,morning,10,daylight,0,dry,1,5,2,1,1,0,0,0,0,3,slightly_injured
2019,7,Tue,3,52.5048,13.60878,afternoon,15,daylight,0,dry,0,2,6,0,1,0,1,0,0,3,slightly_injured
2019,4,Sat,7,52.54741,13.41316,night,0,dark,2,dry,0,4,6,1,0,0,0,0,0,3,slightly_injured
2019,10,Sun,1,52.51141,13.30532,afternoon,13,daylight,0,dry,0,2,2,0,1,0,0,0,0,3,slightly_injured
2019,8,Thu,5,52.51015,13.28275,afternoon,17,daylight,0,dry,0,3,6,0,1,0,1,0,0,3,slightly_injured
2019,5,Tue,3,52.55077,13.41376,morning,10,daylight,0,dry,0,5,2,1,1,0,0,0,0,3,slightly_injured
2019,7,Tue,3,52.45217,13.31156,night,2,dark,2,dry,0,3,6,0,1,0,0,0,1,3,slightly_injured
2019,4,Sat,7,52.41798,13.14504,afternoon,15,daylight,0,dry,0,5,7,0,1,0,1,0,0,2,seriously_injured
2019,11,Tue,3,52.50992,13.28176,afternoon,13,daylight,0,dry,0,2,6,0,1,0,0,0,0,3,slightly_injured
2019,6,Wed,4,52.5202,13.42286,morning,8,daylight,0,dry,0,6,4,0,0,1,1,0,0,3,slightly_injured
2019,8,Thu,5,52.52096,13.41949,afternoon,15,daylight,0,dry,0,0,7,1,0,0,0,0,0,3,slightly_injured
2019,12,Sat,7,52.58111,13.40416,evening,21,dark,2,dry,1,0,6,0,1,0,0,0,0,3,slightly_injured
2019,7,Mon,2,52.51391,13.47349,afternoon,14,daylight,0,dry,0,3,2,0,1,0,1,0,0,3,slightly_injured
2019,10,Tue,3,52.5295,13.44411,afternoon,16,dusk,1,dry,0,2,6,0,1,0,0,0,0,3,slightly_injured
2019,8,Thu,5,52.47783,13.33064,afternoon,13,daylight,0,dry,0,2,6,0,1,0,0,0,0,3,slightly_injured
2019,7,Mon,2,52.51484,13.46283,afternoon,15,daylight,0,dry,0,2,2,1,0,0,0,0,0,3,slightly_injured
2019,4,Sat,7,52.51852,13.41134,morning,11,daylight,0,dry,0,2,6,0,1,0,0,0,0,3,slightly_injured
2019,10,Mon,2,52.47005,13.37884,afternoon,12,daylight,0,dry,0,2,6,0,1,0,0,0,0,3,slightly_injured
2019,6,Mon,2,52.51,13.52418,morning,9,daylight,0,dry,0,6,6,1,0,1,0,0,0,3,slightly_injured
2019,8,Thu,5,52.41384,13.40139,afternoon,12,daylight,0,dry,0,1,5,0,1,0,0,0,1,3,slightly_injured
2019,5,Tue,3,52.50207,13.2778,morning,6,daylight,0,dry,0,2,6,0,1,0,0,0,0,3,slightly_injured
2019,4,Sat,7,52.49613,13.28407,afternoon,13,daylight,0,dry,0,2,6,0,1,0,0,0,1,3,slightly_injured
2019,11,Thu,5,52.5102,13.38733,afternoon,17,dark,2,dry,0,5,2,1,1,0,0,0,0,3,slightly_injured
2019,5,Mon,2,52.50433,13.62063,evening,18,daylight,0,dry,1,5,7,0,1,0,0,0,0,3,slightly_injured
2019,12,Tue,3,52.57131,13.39821,evening,21,dark,2,dry,1,2,6,0,1,0,0,0,1,3,slightly_injured
2019,7,Sun,1,52.50756,13.24283,evening,23,dark,2,dry,0,6,4,0,1,1,0,0,0,3,slightly_injured
2019,4,Fri,6,52.5107,13.28592,afternoon,15,daylight,0,dry,0,3,6,0,1,0,1,0,0,3,slightly_injured
2019,10,Wed,4,52.42733,13.21476,morning,10,daylight,0,dry,0,5,3,0,1,0,0,0,0,3,slightly_injured
2019,8,Thu,5,52.49661,13.27015,afternoon,17,daylight,0,dry,0,2,6,0,1,0,0,0,0,2,seriously_injured
2019,7,Sun,1,52.49296,13.45921,evening,21,dark,2,dry,0,5,2,0,1,0,1,0,0,2,seriously_injured
2019,4,Fri,6,52.43927,13.38188,afternoon,12,daylight,0,dry,0,6,2,0,1,1,0,0,0,2,seriously_injured
2019,9,Mon,2,52.49612,13.28408,night,5,dark,2,dry,1,3,6,0,1,0,0,0,0,3,slightly_injured
2019,6,Wed,4,52.51295,13.48161,morning,11,daylight,0,dry,0,2,6,0,1,0,0,0,0,3,slightly_injured
2019,8,Thu,5,52.47085,13.37077,afternoon,12,daylight,0,dry,0,2,6,0,1,0,0,0,1,2,seriously_injured
2019,12,Fri,6,52.47694,13.34665,afternoon,17,dark,2,dry,1,2,6,0,1,0,0,0,0,3,slightly_injured
2019,5,Mon,2,52.4988,13.28122,afternoon,17,daylight,0,dry,1,2,6,0,1,0,0,0,0,3,slightly_injured
2019,7,Sat,7,52.53905,13.42426,evening,22,dark,2,dry,1,5,2,0,1,0,0,0,0,3,slightly_injured
2019,4,Fri,6,52.5649,13.36366,morning,9,daylight,0,dry,0,0,1,0,0,0,1,0,0,3,slightly_injured
2019,11,Fri,6,52.45709,13.50909,morning,8,daylight,0,dry,0,5,2,1,0,0,0,0,0,2,seriously_injured
2019,8,Thu,5,52.48282,13.34961,morning,11,daylight,0,dry,0,1,5,1,0,0,0,0,1,3,slightly_injured
2019,11,Tue,3,52.44293,13.38626,afternoon,13,daylight,0,dry,0,1,5,0,1,0,0,0,0,3,slightly_injured
2019,7,Sat,7,52.48304,13.38605,evening,18,daylight,0,dry,0,2,6,0,1,0,0,0,0,3,slightly_injured
2019,4,Fri,6,52.51953,13.41257,morning,9,daylight,0,dry,0,0,7,1,0,0,0,1,0,3,slightly_injured
2019,10,Thu,5,52.48955,13.298,afternoon,13,daylight,0,dry,0,2,6,0,1,0,0,1,0,3,slightly_injured
2019,8,Wed,4,52.48103,13.34995,afternoon,16,daylight,0,dry,0,6,4,0,0,1,1,0,0,3,slightly_injured
2019,5,Mon,2,52.41981,13.1754,evening,21,dusk,1,dry,1,5,2,1,1,0,0,0,0,2,seriously_injured
2019,7,Sat,7,52.5355,13.36335,afternoon,15,daylight,0,dry,1,2,6,0,1,0,1,0,0,3,slightly_injured
2019,4,Fri,6,52.47507,13.38564,evening,20,dusk,1,dry,0,1,5,0,1,0,0,0,0,3,slightly_injured
2019,6,Fri,6,52.511,13.29902,evening,18,daylight,0,dry,0,0,1,1,0,0,0,0,0,3,slightly_injured
2019,8,Wed,4,52.51358,13.47673,afternoon,16,daylight,0,dry,0,5,2,0,1,1,0,0,0,3,slightly_injured
2019,12,Fri,6,52.46904,13.39007,morning,10,daylight,0,dry,0,2,6,0,1,0,0,1,0,3,slightly_injured
2019,5,Mon,2,52.4936,13.29106,evening,19,daylight,0,dry,1,0,1,0,0,0,1,0,0,2,seriously_injured
2019,7,Sat,7,52.49784,13.27192,afternoon,14,daylight,0,dry,0,2,6,0,1,0,0,0,0,3,slightly_injured
2019,11,Fri,6,52.53396,13.43742,evening,21,dark,2,dry,1,6,4,0,1,1,0,0,0,2,seriously_injured
2019,7,Fri,6,52.54087,13.41308,evening,18,daylight,0,dry,0,6,7,0,0,1,0,0,1,3,slightly_injured
2019,4,Fri,6,52.51481,13.46457,evening,21,dark,2,dry,0,6,4,0,1,1,0,0,0,2,seriously_injured
2019,10,Fri,6,52.46714,13.39539,afternoon,16,daylight,0,dry,0,2,6,0,1,0,0,0,0,3,slightly_injured
2019,8,Wed,4,52.53777,13.42881,morning,8,daylight,0,dry,0,5,3,1,0,0,0,0,0,3,slightly_injured
2019,5,Mon,2,52.55594,13.5529,afternoon,15,daylight,0,dry,0,5,3,1,1,0,0,0,0,2,seriously_injured
2019,8,Tue,3,52.52508,13.41949,afternoon,17,daylight,0,dry,0,3,2,1,1,0,0,0,0,3,slightly_injured
2019,11,Wed,4,52.5412,13.36854,morning,9,daylight,0,dry,0,5,3,1,1,0,0,0,0,3,slightly_injured
2019,7,Fri,6,52.43549,13.25491,morning,9,daylight,0,dry,0,0,4,1,0,1,0,0,0,2,seriously_injured
2019,4,Thu,5,52.57918,13.39838,evening,21,dark,2,dry,0,2,6,0,1,0,0,0,0,3,slightly_injured
2019,10,Fri,6,52.51006,13.28381,afternoon,14,daylight,0,dry,0,2,6,0,1,0,1,0,0,3,slightly_injured
2019,8,Tue,3,52.57055,13.42829,afternoon,17,daylight,0,dry,0,2,6,0,1,0,0,0,0,3,slightly_injured
2019,5,Mon,2,52.5321,13.28622,morning,7,daylight,0,dry,0,2,6,0,1,0,0,1,0,3,slightly_injured
2019,7,Fri,6,52.53917,13.36908,evening,21,dusk,1,dry,0,5,3,0,1,0,0,0,0,3,slightly_injured
2019,4,Thu,5,52.54375,13.41254,evening,18,daylight,0,dry,0,3,6,1,0,0,0,0,0,3,slightly_injured
2019,6,Fri,6,52.4512,13.38466,afternoon,13,daylight,0,dry,0,6,7,0,1,1,0,0,0,3,slightly_injured
2019,8,Tue,3,52.50408,13.44795,afternoon,15,daylight,0,dry,0,3,6,1,0,0,0,0,1,3,slightly_injured
2019,12,Sat,7,52.54079,13.41364,night,2,dark,2,dry,1,0,1,0,0,0,1,0,0,3,slightly_injured
2019,5,Mon,2,52.45268,13.46253,morning,7,daylight,0,dry,0,0,7,0,0,0,0,0,1,3,slightly_injured
2019,7,Fri,6,52.48883,13.35896,evening,20,dusk,1,dry,0,0,7,1,1,0,0,0,0,3,slightly_injured
2019,4,Thu,5,52.52809,13.4238,afternoon,15,daylight,0,dry,0,2,2,1,0,0,1,0,0,2,seriously_injured
2019,11,Sun,1,52.49251,13.29333,afternoon,12,daylight,0,dry,1,0,7,0,0,0,1,0,0,3,slightly_injured
2019,7,Fri,6,52.50958,13.37646,evening,18,daylight,0,dry,0,4,7,1,0,0,0,0,1,3,slightly_injured
2019,4,Thu,5,52.51376,13.34021,afternoon,15,daylight,0,dry,0,0,1,1,0,0,0,0,0,3,slightly_injured
2019,10,Sat,7,52.44181,13.28286,night,0,dark,2,dry,0,5,2,1,1,0,0,0,0,2,seriously_injured
2019,8,Tue,3,52.54097,13.43886,afternoon,13,daylight,0,dry,0,6,4,1,0,1,0,0,0,3,slightly_injured
2019,5,Mon,2,52.54129,13.36872,morning,9,daylight,0,dry,0,2,6,0,1,0,1,0,0,3,slightly_injured
2019,7,Fri,6,52.47795,13.32483,afternoon,13,daylight,0,dry,0,2,6,0,1,0,0,0,0,3,slightly_injured
2019,4,Thu,5,52.50256,13.28107,morning,10,daylight,0,dry,0,3,6,0,1,0,0,0,0,3,slightly_injured
2019,11,Mon,2,52.50435,13.62051,afternoon,16,dusk,1,dry,1,6,2,0,1,1,0,0,0,3,slightly_injured
2019,6,Tue,3,52.44406,13.28955,evening,18,daylight,0,dry,0,2,6,0,1,0,1,0,0,3,slightly_injured
2019,8,Tue,3,52.51074,13.29219,morning,8,daylight,0,dry,0,6,4,0,0,1,0,0,1,3,slightly_injured
2019,12,Fri,6,52.48376,13.30573,evening,21,dark,2,dry,1,3,6,0,1,0,0,1,0,3,slightly_injured
2019,7,Fri,6,52.4607,13.45634,afternoon,13,daylight,0,dry,1,2,6,0,1,0,1,0,0,3,slightly_injured
2019,4,Wed,4,52.41929,13.15772,afternoon,17,daylight,0,dry,0,5,7,0,1,0,1,0,0,3,slightly_injured
2019,10,Mon,2,52.48504,13.35429,evening,22,dark,2,dry,0,1,5,1,1,0,0,0,0,3,slightly_injured
2019,8,Tue,3,52.4529,13.51526,morning,8,daylight,0,dry,0,5,2,1,0,0,0,1,0,3,slightly_injured
2019,7,Fri,6,52.51179,13.30825,afternoon,12,daylight,0,dry,1,0,6,0,1,0,1,0,0,3,slightly_injured
2019,4,Wed,4,52.43015,13.5053,afternoon,16,daylight,0,dry,0,2,6,0,1,0,0,0,0,3,slightly_injured
2019,10,Sun,1,52.4913,13.29514,morning,7,daylight,0,dry,0,2,6,0,1,0,0,0,0,3,slightly_injured
2019,6,Sat,7,52.47858,13.1263,morning,10,daylight,0,dry,0,0,3,1,1,0,0,0,0,3,slightly_injured
2019,8,Tue,3,52.47466,13.34864,evening,19,daylight,0,dry,0,0,6,0,1,0,1,0,0,2,seriously_injured
2019,5,Mon,2,52.55076,13.41376,morning,9,daylight,0,dry,0,5,2,1,1,0,0,0,0,3,slightly_injured
2019,4,Wed,4,52.5314,13.3674,afternoon,16,daylight,0,dry,0,2,6,0,1,0,0,0,0,3,slightly_injured
2019,11,Wed,4,52.52022,13.4228,morning,9,daylight,0,dry,0,5,3,1,1,0,0,0,0,3,slightly_injured
2019,5,Sun,1,52.51566,13.45422,afternoon,13,daylight,0,dry,0,5,3,0,1,0,1,0,0,3,slightly_injured
2019,12,Mon,2,52.51023,13.51329,morning,8,dusk,1,dry,0,2,6,0,1,0,0,0,1,3,slightly_injured
2019,7,Fri,6,52.52332,13.41756,afternoon,16,daylight,0,dry,0,1,5,1,1,0,0,0,0,3,slightly_injured
2019,4,Wed,4,52.52831,13.4237,morning,8,daylight,0,dry,0,5,2,1,1,0,0,0,0,3,slightly_injured
2019,10,Tue,3,52.49418,13.28702,evening,19,dark,2,dry,0,9,1,0,1,0,0,0,0,3,slightly_injured
2019,8,Tue,3,52.52212,13.41612,afternoon,12,daylight,0,dry,0,2,2,1,0,0,0,1,0,3,slightly_injured
2019,7,Fri,6,52.5161,13.37687,morning,9,daylight,0,dry,1,0,7,0,1,0,1,0,0,3,slightly_injured
2019,4,Wed,4,52.59315,13.40279,morning,8,daylight,0,dry,0,5,3,0,1,0,0,0,0,3,slightly_injured
2019,9,Sat,7,52.47611,13.30713,afternoon,16,daylight,0,dry,1,0,6,0,0,0,1,1,0,3,slightly_injured
2019,6,Tue,3,52.51424,13.46873,afternoon,16,daylight,0,dry,0,2,6,1,1,0,0,0,0,3,slightly_injured
2019,8,Mon,2,52.45319,13.51454,afternoon,15,daylight,0,dry,0,3,6,0,1,0,0,0,0,3,slightly_injured
2019,12,Fri,6,52.57341,13.39898,afternoon,16,dark,2,dry,1,5,3,0,1,0,0,0,1,3,slightly_injured
2019,5,Sun,1,52.51182,13.31157,morning,11,daylight,0,dry,0,1,5,1,1,0,0,0,0,2,seriously_injured
2019,7,Fri,6,52.56136,13.46793,morning,8,daylight,0,dry,1,2,6,0,1,0,0,0,0,3,slightly_injured
2019,4,Tue,3,52.4204,13.17405,afternoon,17,daylight,0,dry,0,5,7,0,1,0,1,0,0,2,seriously_injured
2019,11,Thu,5,52.50475,13.61648,morning,8,daylight,0,dry,1,2,6,0,1,0,0,0,0,3,slightly_injured
2019,11,Mon,2,52.51131,13.20552,morning,7,daylight,0,dry,1,2,6,0,1,0,0,0,0,3,slightly_injured
2019,7,Fri,6,52.50958,13.27658,morning,7,daylight,0,dry,1,5,2,1,0,0,0,0,1,3,slightly_injured
2019,4,Tue,3,52.53787,13.29427,evening,20,dark,2,dry,0,2,6,0,1,0,0,0,0,3,slightly_injured
2019,10,Wed,4,52.51848,13.41075,afternoon,12,daylight,0,dry,1,5,5,0,1,0,0,0,0,3,slightly_injured
2019,8,Mon,2,52.50973,13.37981,afternoon,15,daylight,0,dry,0,2,6,1,0,0,0,0,0,3,slightly_injured
2019,5,Sun,1,52.44948,13.38499,night,5,daylight,0,dry,0,1,5,0,1,0,0,0,0,2,seriously_injured
2019,7,Fri,6,52.5263,13.44796,morning,7,daylight,0,dry,1,5,2,1,1,0,0,0,0,3,slightly_injured
2019,4,Tue,3,52.50869,13.55899,afternoon,12,daylight,0,dry,0,2,6,0,1,0,0,1,0,3,slightly_injured
2019,6,Thu,5,52.51499,13.45347,night,1,dark,2,dry,1,5,2,1,1,0,0,0,0,3,slightly_injured
2019,8,Mon,2,52.54161,13.36971,morning,11,daylight,0,dry,0,5,3,1,0,0,0,0,1,3,slightly_injured
2019,12,Thu,5,52.55176,13.36731,night,5,dark,2,dry,1,6,2,0,1,1,0,0,0,3,slightly_injured
2019,5,Sat,7,52.53634,13.43294,morning,11,daylight,0,dry,0,5,2,1,1,0,0,0,0,3,slightly_injured
2019,7,Fri,6,52.37812,13.41655,morning,7,daylight,0,dry,1,5,3,1,1,0,0,0,0,3,slightly_injured
2019,11,Fri,6,52.57457,13.34766,night,5,dark,2,dry,1,4,6,1,0,0,0,0,0,3,slightly_injured
2019,7,Thu,5,52.51873,13.41114,morning,8,daylight,0,dry,0,2,6,0,1,0,1,0,0,3,slightly_injured
2019,9,Thu,5,52.4548,13.51216,morning,9,daylight,0,dry,0,5,3,0,1,0,0,0,1,3,slightly_injured
2019,4,Tue,3,52.42939,13.39258,afternoon,13,daylight,0,dry,0,6,6,1,0,1,0,0,0,2,seriously_injured
2019,10,Thu,5,52.50355,13.44753,afternoon,16,daylight,0,dry,1,2,7,0,1,0,0,0,0,3,slightly_injured
2019,8,Sun,1,52.56908,13.4037,afternoon,14,daylight,0,dry,0,2,6,0,1,0,0,0,0,3,slightly_injured
2019,5,Sat,7,52.51347,13.47789,morning,8,daylight,0,dry,0,2,6,0,1,0,0,0,1,3,slightly_injured
2019,7,Thu,5,52.55566,13.36594,afternoon,15,daylight,0,dry,0,1,5,0,1,0,1,0,0,3,slightly_injured
2019,4,Tue,3,52.49276,13.45958,afternoon,13,daylight,0,dry,0,6,4,0,1,1,0,0,0,3,slightly_injured
2019,11,Sun,1,52.61998,13.43611,afternoon,17,dark,2,dry,1,2,6,0,1,0,0,0,0,3,slightly_injured
2019,6,Sat,7,52.51596,13.45373,morning,8,daylight,0,dry,0,6,4,0,1,1,0,0,0,3,slightly_injured
2019,12,Thu,5,52.46712,13.39506,evening,18,dark,2,dry,0,3,6,0,1,0,0,0,0,3,slightly_injured
2019,7,Thu,5,52.50207,13.27795,afternoon,12,daylight,0,dry,0,0,1,0,0,0,1,0,0,2,seriously_injured
2019,4,Tue,3,52.48675,13.30185,afternoon,14,daylight,0,dry,0,2,6,0,1,0,0,0,0,3,slightly_injured
2019,10,Sat,7,52.50954,13.27597,afternoon,14,daylight,0,dry,0,0,7,0,1,0,0,0,1,2,seriously_injured
2019,8,Sun,1,52.61307,13.44687,afternoon,13,daylight,0,dry,0,2,6,0,1,0,0,0,0,3,slightly_injured
2019,7,Wed,4,52.59675,13.28473,afternoon,17,daylight,0,dry,0,8,7,0,1,0,0,0,0,3,slightly_injured
2019,4,Tue,3,52.48462,13.30711,afternoon,15,daylight,0,dry,0,2,6,0,1,0,0,0,0,3,slightly_injured
2019,10,Wed,4,52.51504,13.40677,morning,6,dark,2,dry,1,2,7,0,1,0,0,0,0,3,slightly_injured
2019,6,Fri,6,52.51514,13.18653,morning,9,daylight,0,dry,0,0,2,1,1,0,0,0,0,3,slightly_injured
2019,8,Sun,1,52.4766,13.3473,evening,18,daylight,0,dry,0,8,1,0,1,0,0,0,0,2,seriously_injured
2019,12,Sat,7,52.49386,13.29115,evening,19,dark,2,dry,0,9,1,0,1,0,0,0,0,3,slightly_injured
2019,5,Sat,7,52.49179,13.29431,evening,19,daylight,0,dry,0,2,6,0,1,0,0,0,0,3,slightly_injured
2019,4,Tue,3,52.46303,13.44647,afternoon,15,daylight,0,dry,0,2,6,0,1,0,0,0,0,3,slightly_injured
2019,11,Mon,2,52.52883,13.2831,afternoon,12,daylight,0,dry,0,2,6,0,1,0,0,0,0,3,slightly_injured
2019,5,Sat,7,52.55087,13.30304,afternoon,12,daylight,0,dry,0,2,6,0,1,0,0,0,0,3,slightly_injured
2019,11,Sat,7,52.47345,13.48504,evening,18,dark,2,dry,0,6,4,0,1,1,0,0,0,2,seriously_injured
2019,7,Wed,4,52.48526,13.30384,afternoon,14,daylight,0,dry,0,2,6,0,1,0,0,0,0,3,slightly_injured
2019,4,Tue,3,52.40831,13.35867,morning,7,daylight,0,dry,0,6,7,0,1,1,0,0,0,3,slightly_injured
2019,7,Wed,4,52.47782,13.32649,afternoon,17,daylight,0,dry,0,2,6,0,1,0,0,0,0,3,slightly_injured
2019,4,Tue,3,52.49389,13.46077,morning,7,daylight,0,dry,0,6,4,0,0,1,1,0,0,3,slightly_injured
2019,11,Mon,2,52.57339,13.35903,evening,20,dark,2,dry,1,5,2,0,1,0,0,0,0,3,slightly_injured
2019,6,Mon,2,52.47413,13.36141,morning,11,daylight,0,dry,0,0,1,0,0,0,1,0,0,2,seriously_injured
2019,8,Sat,7,52.53359,13.29306,afternoon,16,daylight,0,dry,0,2,6,0,1,0,0,0,0,3,slightly_injured
2019,12,Fri,6,52.54744,13.29998,afternoon,14,daylight,0,dry,1,2,6,0,1,0,0,0,0,3,slightly_injured
2019,7,Wed,4,52.58463,13.4028,morning,6,daylight,0,dry,0,5,2,1,0,0,0,0,1,3,slightly_injured
2019,4,Mon,2,52.53621,13.43334,morning,7,daylight,0,dry,1,0,2,1,1,0,0,0,1,3,slightly_injured
2019,10,Mon,2,52.51352,13.47743,morning,7,daylight,0,dry,0,0,2,1,1,0,0,0,0,3,slightly_injured
2019,8,Sat,7,52.50858,13.56206,afternoon,14,daylight,0,dry,0,2,6,0,1,0,0,0,0,3,slightly_injured
2019,7,Wed,4,52.51582,13.37156,morning,6,daylight,0,dry,0,3,6,0,1,0,0,1,0,3,slightly_injured
2019,4,Mon,2,52.46294,13.44119,morning,6,dark,2,dry,0,5,3,0,1,0,0,1,0,3,slightly_injured
2019,10,Fri,6,52.4948,13.28538,evening,23,dark,2,dry,1,8,1,0,1,0,0,0,0,2,seriously_injured
2019,6,Fri,6,52.52066,13.40585,afternoon,16,daylight,0,dry,0,5,3,1,0,0,0,0,1,3,slightly_injured
2019,8,Sat,7,52.5656,13.36328,afternoon,13,daylight,0,dry,0,5,2,1,1,0,0,0,0,3,slightly_injured
2019,5,Sat,7,52.43387,13.37784,afternoon,12,daylight,0,dry,0,4,6,1,0,0,0,0,0,3,slightly_injured
2019,4,Mon,2,52.53631,13.43305,night,5,dark,2,dry,0,5,3,0,1,0,0,0,0,3,slightly_injured
2019,11,Tue,3,52.53925,13.42443,afternoon,15,daylight,0,dry,0,6,2,0,1,1,0,0,0,3,slightly_injured
2019,5,Sat,7,52.50428,13.62105,afternoon,14,daylight,0,dry,0,2,6,0,1,0,0,0,0,3,slightly_injured
2019,11,Sat,7,52.56698,13.31125,afternoon,12,daylight,0,dry,0,5,3,0,1,0,0,0,0,3,slightly_injured
2019,7,Tue,3,52.42361,13.20364,morning,10,daylight,0,dry,0,1,5,0,1,0,0,0,0,3,slightly_injured
2019,4,Mon,2,52.52864,13.28296,afternoon,16,daylight,0,dry,0,2,6,0,1,0,0,1,0,3,slightly_injured
2019,10,Tue,3,52.4195,13.15868,afternoon,16,daylight,0,dry,0,5,2,1,1,0,0,0,0,2,seriously_injured
2019,8,Sat,7,52.54975,13.45726,morning,11,daylight,0,dry,0,1,5,0,1,0,0,0,0,3,slightly_injured
2019,7,Tue,3,52.5075,13.36898,afternoon,17,daylight,0,dry,0,2,6,0,1,0,0,0,0,3,slightly_injured
2019,4,Mon,2,52.49361,13.46007,afternoon,14,daylight,0,dry,0,2,6,0,1,0,0,0,0,3,slightly_injured
2019,9,Sat,7,52.55148,13.36731,night,0,dark,2,dry,0,5,3,0,1,0,0,0,0,3,slightly_injured
2019,6,Mon,2,52.49187,13.29443,evening,20,daylight,0,dry,0,2,6,0,1,0,0,0,1,3,slightly_injured
2019,8,Sat,7,52.50426,13.6202,morning,7,daylight,0,dry,0,2,6,0,1,0,0,0,0,3,slightly_injured
2019,12,Wed,4,52.53739,13.29381,afternoon,13,daylight,0,dry,0,2,6,0,1,0,0,0,0,3,slightly_injured
2019,5,Sat,7,52.48828,13.29974,afternoon,14,daylight,0,dry,0,2,6,0,1,0,0,0,0,2,seriously_injured
2019,7,Tue,3,52.52257,13.28154,morning,9,daylight,0,dry,0,2,6,0,1,0,0,0,1,3,slightly_injured
2019,4,Mon,2,52.39717,13.40632,afternoon,13,daylight,0,dry,0,1,1,0,1,0,0,0,0,3,slightly_injured
2019,11,Wed,4,52.49121,13.29563,evening,20,dark,2,dry,1,5,3,0,1,0,0,0,0,3,slightly_injured
2019,11,Sat,7,52.498,13.38914,evening,18,dark,2,dry,0,5,3,0,1,0,0,0,0,3,slightly_injured
2019,7,Tue,3,52.50039,13.37718,evening,22,dark,2,dry,0,5,3,1,1,0,0,0,0,3,slightly_injured
2019,4,Mon,2,52.49514,13.46198,morning,10,daylight,0,dry,0,5,2,1,1,0,0,0,0,3,slightly_injured
2019,10,Tue,3,52.51105,13.29692,morning,10,daylight,0,dry,0,3,6,0,1,0,0,0,1,3,slightly_injured
2019,8,Fri,6,52.51877,13.28298,afternoon,12,daylight,0,dry,0,2,6,0,1,0,0,0,0,2,seriously_injured
2019,5,Sat,7,52.43803,13.38057,afternoon,16,daylight,0,dry,0,2,2,0,1,0,1,0,0,3,slightly_injured
2019,7,Tue,3,52.43899,13.38757,evening,19,daylight,0,dry,0,5,3,0,0,0,1,0,1,3,slightly_injured
2019,4,Mon,2,52.53073,13.42648,morning,9,daylight,0,dry,0,3,6,1,1,0,0,0,0,3,slightly_injured
2019,11,Fri,6,52.53982,13.29515,morning,11,daylight,0,dry,0,2,6,0,1,0,0,0,0,3,slightly_injured
2019,6,Thu,5,52.51209,13.45218,morning,7,daylight,0,dry,1,3,6,0,1,0,1,0,0,3,slightly_injured
2019,8,Fri,6,52.45858,13.38422,evening,18,daylight,0,dry,0,1,5,1,1,0,0,0,0,3,slightly_injured
2019,12,Tue,3,52.51344,13.47669,morning,8,daylight,0,dry,1,5,2,1,1,0,0,0,0,3,slightly_injured