ujahr,umonat,weekday,uwochentag,long,lat,time_of_day,ustunde,light_condition,ulichtverh,street_condition,ustrzustand,uart,utyp1,ist_rad,ist_pkw,ist_fuss,ist_krad,ist_gkfz,ist_sonstige,ukategorie,accident_outcome
2019,5,Fri,6,52.53928,13.4243,evening,23,dark,2,dry,0,6,4,0,1,1,0,0,0,2,seriously_injured
2019,7,Mon,2,52.49767,13.38863,evening,19,daylight,0,dry,0,2,6,0,1,0,0,0,0,3,slightly_injured
2019,10,Thu,5,52.41325,13.09684,afternoon,14,daylight,0,dry,0,5,5,0,1,0,0,0,0,3,slightly_injured
2019,7,Mon,2,52.44644,13.29532,evening,22,dark,2,dry,0,0,1,1,0,0,0,0,0,3,slightly_injured
2019,9,Thu,5,52.48911,13.35892,evening,20,dark,2,dry,0,2,6,0,1,0,1,0,0,3,slightly_injured
2019,4,Mon,2,52.51117,13.30171,morning,9,daylight,0,dry,0,5,3,0,1,0,1,0,0,3,slightly_injured
2019,10,Wed,4,52.51365,13.40502,evening,22,dark,2,dry,0,2,6,0,1,0,0,0,0,3,slightly_injured
2019,8,Fri,6,52.481,13.38578,evening,18,daylight,0,dry,0,0,7,1,0,0,0,0,0,3,slightly_injured
2019,5,Fri,6,52.498,13.46285,evening,23,dark,2,dry,0,2,6,0,1,0,0,0,0,3,slightly_injured
2019,7,Mon,2,52.47874,13.34001,afternoon,14,daylight,0,dry,1,0,1,0,0,0,1,0,0,2,seriously_injured
2019,4,Mon,2,52.54102,13.36848,morning,8,daylight,0,dry,0,5,3,1,1,0,0,0,0,3,slightly_injured
2019,11,Sat,7,52.40805,13.35846,afternoon,16,dusk,1,dry,0,0,3,1,1,0,0,0,0,3,slightly_injured
2019,6,Sat,7,52.51142,13.30551,evening,19,daylight,0,dry,0,2,6,0,1,0,0,0,0,3,slightly_injured
2019,12,Wed,4,52.53572,13.36313,morning,11,daylight,0,dry,0,5,3,0,1,0,0,0,0,3,slightly_injured
2019,7,Sun,1,52.49747,13.38927,evening,19,daylight,0,dry,0,0,2,1,1,0,0,0,0,3,slightly_injured
2019,4,Mon,2,52.57917,13.39838,morning,7,daylight,0,dry,0,0,7,0,1,0,0,0,0,2,seriously_injured
2019,10,Fri,6,52.47235,13.36643,evening,19,dark,2,dry,0,2,6,0,1,0,1,0,0,3,slightly_injured
2019,8,Fri,6,52.45471,13.5123,afternoon,17,daylight,0,dry,0,5,3,1,1,0,0,0,0,2,seriously_injured
2019,7,Sun,1,52.49273,13.36092,evening,23,dark,2,dry,0,0,6,0,1,0,0,0,1,3,slightly_injured
2019,3,Sun,1,52.51393,13.47325,afternoon,16,daylight,0,dry,0,5,3,1,0,0,1,0,0,3,slightly_injured
2019,10,Wed,4,52.52517,13.4202,morning,8,daylight,0,dry,1,5,2,0,1,0,0,0,0,2,seriously_injured
2019,6,Thu,5,52.45347,13.38422,evening,19,daylight,0,dry,0,2,6,0,1,0,0,0,0,3,slightly_injured
2019,8,Fri,6,52.49033,13.38643,evening,23,dark,2,dry,0,1,5,1,1,0,0,0,1,3,slightly_injured
2019,12,Fri,6,52.51912,13.45286,evening,19,dusk,1,dry,1,6,4,0,1,1,0,0,0,3,slightly_injured
2019,5,Fri,6,52.53332,13.3655,afternoon,17,daylight,0,dry,0,2,6,0,1,0,0,0,0,3,slightly_injured
2019,3,Sun,1,52.61309,13.31537,evening,19,dusk,1,dry,0,0,1,0,0,0,1,0,0,3,slightly_injured
2019,11,Sun,1,52.51826,13.45347,morning,6,dark,2,dry,0,9,1,0,1,0,0,0,0,3,slightly_injured
2019,5,Fri,6,52.59439,13.40306,morning,10,daylight,0,dry,0,3,1,1,1,0,0,0,0,3,slightly_injured
2019,11,Thu,5,52.54708,13.44793,evening,18,dark,2,dry,1,6,2,0,1,1,0,0,0,3,slightly_injured
2019,7,Sun,1,52.55149,13.36731,morning,6,daylight,0,dry,0,5,2,0,1,0,0,0,0,3,slightly_injured
2019,3,Sun,1,52.5387,13.3276,afternoon,16,daylight,0,dry,0,3,6,0,1,0,1,0,0,2,seriously_injured
2019,10,Sun,1,52.54113,13.36837,night,1,dark,2,dry,0,5,2,0,1,0,0,0,0,2,seriously_injured
2019,8,Fri,6,52.46988,13.38045,afternoon,16,daylight,0,dry,0,2,6,0,1,0,0,0,0,3,slightly_injured
2019,5,Fri,6,52.50034,13.28033,afternoon,16,daylight,0,dry,0,3,6,0,1,0,0,0,0,3,slightly_injured
2019,7,Sat,7,52.45338,13.51425,evening,23,dark,2,dry,1,0,4,0,0,1,1,0,0,3,slightly_injured
2019,3,Sat,7,52.52514,13.42017,afternoon,12,daylight,0,dry,0,6,4,0,1,1,0,0,0,3,slightly_injured
2019,6,Sat,7,52.485,13.35373,evening,23,dark,2,dry,0,1,5,1,1,0,0,0,0,3,slightly_injured
2019,8,Fri,6,52.55607,13.41464,afternoon,15,daylight,0,dry,0,5,2,1,0,0,0,0,1,2,seriously_injured
2019,12,Mon,2,52.42753,13.21469,afternoon,13,daylight,0,dry,1,5,2,0,1,0,0,0,0,3,slightly_injured
2019,5,Fri,6,52.52511,13.41952,morning,9,daylight,0,dry,0,5,2,1,1,0,0,0,0,3,slightly_injured
2019,7,Sat,7,52.40832,13.35868,afternoon,16,daylight,0,dry,0,5,3,0,1,0,0,0,0,2,seriously_injured
2019,3,Fri,6,52.63524,13.42696,morning,10,daylight,0,dry,0,2,6,0,1,0,0,0,0,3,slightly_injured
2019,11,Mon,2,52.42851,13.51063,afternoon,17,dark,2,dry,0,2,6,0,1,0,0,1,0,3,slightly_injured
2019,7,Sat,7,52.621,13.31331,afternoon,15,daylight,0,dry,0,5,3,1,1,0,0,0,0,3,slightly_injured
2019,3,Fri,6,52.62112,13.49916,afternoon,16,daylight,0,dry,0,2,6,0,1,0,0,0,0,2,seriously_injured
2019,10,Sun,1,52.54054,13.41621,evening,19,dark,2,dry,1,5,7,1,0,0,0,0,1,3,slightly_injured
2019,8,Fri,6,52.46264,13.4413,afternoon,15,daylight,0,dry,0,2,6,0,1,0,0,0,0,3,slightly_injured
2019,5,Fri,6,52.48392,13.38606,afternoon,12,daylight,0,dry,0,2,7,0,1,0,0,0,0,3,slightly_injured
2019,7,Sat,7,52.43374,13.37778,afternoon,13,daylight,0,dry,0,2,2,0,1,0,1,0,0,3,slightly_injured
2019,3,Fri,6,52.51354,13.33487,evening,19,dark,2,dry,0,0,1,1,0,0,0,0,0,3,slightly_injured
2019,11,Wed,4,52.61318,13.31541,afternoon,13,daylight,0,dry,0,6,2,0,1,1,0,0,0,2,seriously_injured
2019,10,Mon,2,52.54004,13.42458,afternoon,14,daylight,0,dry,0,6,4,1,0,1,0,0,0,3,slightly_injured
2019,8,Fri,6,52.58095,13.48291,morning,11,daylight,0,dry,0,5,3,1,1,0,0,0,0,3,slightly_injured
2019,5,Fri,6,52.47004,13.37925,morning,9,daylight,0,dry,0,0,7,0,1,0,0,0,0,2,seriously_injured
2019,7,Sat,7,52.4338,13.3778,afternoon,12,daylight,0,dry,0,2,3,0,1,0,0,0,0,3,slightly_injured
2019,3,Thu,5,52.49176,13.45773,morning,11,daylight,0,dry,1,5,3,0,1,0,0,0,1,3,slightly_injured
2019,6,Mon,2,52.4496,13.30417,afternoon,12,daylight,0,dry,0,5,2,0,0,0,1,0,0,3,slightly_injured
2019,8,Fri,6,52.5127,13.32084,afternoon,12,daylight,0,dry,0,2,6,0,1,0,1,0,0,3,slightly_injured
2019,12,Mon,2,52.60795,13.32366,afternoon,17,dark,2,dry,0,6,2,0,0,1,0,0,1,3,slightly_injured
2019,5,Thu,5,52.48,13.35236,afternoon,12,daylight,0,dry,1,0,7,1,0,0,0,0,1,3,slightly_injured
2019,7,Fri,6,52.55137,13.36738,morning,9,daylight,0,dry,0,5,2,1,0,0,0,1,0,2,seriously_injured
2019,3,Thu,5,52.49136,13.29531,afternoon,15,daylight,0,dry,0,2,6,0,1,0,0,0,1,3,slightly_injured
2019,11,Tue,3,52.43453,13.37815,afternoon,16,dusk,1,dry,0,0,6,0,1,0,0,0,1,3,slightly_injured
2019,11,Fri,6,52.53459,13.4367,evening,18,dark,2,dry,0,2,6,0,1,0,0,0,0,3,slightly_injured
2019,7,Fri,6,52.4703,13.38552,evening,21,dark,2,dry,0,5,2,0,1,0,1,0,0,3,slightly_injured
2019,3,Thu,5,52.51005,13.28378,evening,19,dark,2,dry,1,3,6,0,1,0,0,0,0,3,slightly_injured
2019,10,Mon,2,52.52212,13.41612,evening,20,dark,2,dry,0,3,2,1,1,0,0,0,0,3,slightly_injured
2019,8,Fri,6,52.55498,13.4148,morning,7,daylight,0,dry,0,3,6,0,1,0,1,0,0,3,slightly_injured
2019,5,Thu,5,52.58045,13.34578,morning,10,daylight,0,dry,1,0,3,1,1,0,0,0,0,3,slightly_injured
2019,7,Fri,6,52.51893,13.42809,evening,18,daylight,0,dry,0,3,2,0,1,0,1,0,0,3,slightly_injured
2019,3,Wed,4,52.54101,13.36849,morning,8,daylight,0,dry,0,5,2,1,1,0,0,0,0,3,slightly_injured
2019,11,Wed,4,52.51134,13.30133,afternoon,16,dark,2,dry,0,6,4,0,1,1,0,0,0,3,slightly_injured
2019,6,Wed,4,52.50496,13.59144,afternoon,16,daylight,0,dry,0,2,6,0,0,0,1,0,1,2,seriously_injured
2019,8,Fri,6,52.51985,13.4047,night,0,dark,2,dry,0,0,7,0,0,0,0,0,1,3,slightly_injured
2019,12,Mon,2,52.53788,13.4285,night,5,dark,2,dry,0,5,3,1,1,0,0,0,0,3,slightly_injured
2019,7,Fri,6,52.57444,13.34784,afternoon,12,daylight,0,dry,0,0,2,1,1,0,0,0,0,3,slightly_injured
2019,9,Thu,5,52.50973,13.2787,afternoon,17,daylight,0,dry,0,0,5,0,1,0,1,0,0,3,slightly_injured
2019,10,Wed,4,52.56277,13.55858,evening,22,dark,2,dry,0,2,6,0,1,0,0,0,0,3,slightly_injured
2019,8,Thu,5,52.51115,13.30141,evening,18,daylight,0,dry,0,5,2,1,1,0,0,0,0,2,seriously_injured
2019,7,Fri,6,52.488,13.30034,morning,10,daylight,0,dry,1,0,7,0,0,0,1,0,0,3,slightly_injured
2019,9,Thu,5,52.43498,13.26057,evening,19,dark,2,dry,0,5,2,1,1,0,0,0,0,3,slightly_injured
2019,3,Wed,4,52.51537,13.28484,afternoon,15,daylight,0,dry,0,2,6,0,1,0,0,0,0,3,slightly_injured
2019,10,Tue,3,52.47877,13.31588,afternoon,16,daylight,0,dry,0,2,6,0,1,0,0,0,0,3,slightly_injured
2019,8,Thu,5,52.49114,13.29568,afternoon,16,daylight,0,dry,0,2,6,0,1,0,0,0,1,3,slightly_injured
2019,5,Thu,5,52.63904,13.44428,evening,18,daylight,0,dry,1,5,3,1,1,0,0,0,0,2,seriously_injured
2019,7,Fri,6,52.61853,13.39039,morning,6,daylight,0,dry,0,6,2,0,0,1,0,1,0,3,slightly_injured
2019,3,Wed,4,52.48683,13.3569,evening,23,dark,2,dry,1,9,1,0,1,0,1,0,0,2,seriously_injured
2019,11,Sat,7,52.55809,13.36526,morning,9,daylight,0,dry,1,5,3,0,1,0,0,0,0,3,slightly_injured
2019,5,Thu,5,52.48579,13.35541,afternoon,13,daylight,0,dry,1,0,7,0,0,0,1,0,0,3,slightly_injured
2019,8,Thu,5,52.51375,13.34012,afternoon,16,daylight,0,dry,0,5,7,0,1,0,0,0,0,3,slightly_injured
2019,12,Wed,4,52.53373,13.53709,afternoon,13,daylight,0,dry,0,2,6,0,1,0,0,1,1,3,slightly_injured
2019,7,Fri,6,52.48793,13.30044,morning,9,daylight,0,dry,0,2,6,0,1,0,0,0,0,3,slightly_injured
2019,3,Wed,4,52.5103,13.17083,morning,8,daylight,0,dry,1,2,6,0,1,0,0,0,0,3,slightly_injured
2019,10,Fri,6,52.51142,13.3054,afternoon,13,daylight,0,dry,0,2,6,0,1,0,1,0,0,3,slightly_injured
2019,8,Thu,5,52.56082,13.36473,afternoon,16,daylight,0,dry,0,5,7,1,1,0,0,0,0,3,slightly_injured
2019,7,Fri,6,52.56292,13.55831,night,4,dusk,1,dry,0,5,3,0,1,0,0,0,1,2,seriously_injured
2019,3,Wed,4,52.54609,13.44566,morning,7,daylight,0,dry,0,6,4,0,1,1,0,0,0,2,seriously_injured
2019,10,Tue,3,52.50522,13.57355,morning,11,daylight,0,dry,1,0,1,0,0,0,1,0,0,3,slightly_injured
2019,6,Wed,4,52.56788,13.42784,afternoon,17,daylight,0,dry,0,6,3,0,1,1,0,0,0,3,slightly_injured
2019,8,Thu,5,52.56122,13.32171,afternoon,15,daylight,0,dry,0,9,1,0,0,0,1,0,0,2,seriously_injured
2019,12,Wed,4,52.54208,13.36996,evening,21,dark,2,dry,1,2,6,0,1,0,0,0,0,3,slightly_injured
2019,5,Thu,5,52.5144,13.46714,morning,9,daylight,0,dry,1,2,6,0,1,0,0,0,0,3,slightly_injured
2019,3,Wed,4,52.46152,13.42146,night,5,daylight,0,dry,0,0,7,0,1,0,0,0,0,3,slightly_injured
2019,11,Sat,7,52.44152,13.28129,evening,19,dark,2,dry,1,5,3,0,1,0,0,0,0,2,seriously_injured
2019,5,Thu,5,52.51282,13.48424,morning,7,daylight,0,dry,1,6,7,0,1,1,0,0,0,3,slightly_injured
2019,11,Wed,4,52.5107,13.39472,afternoon,17,dark,2,dry,1,3,6,1,1,0,0,0,0,3,slightly_injured
2019,7,Thu,5,52.50987,13.28544,afternoon,14,daylight,0,dry,0,2,6,0,1,0,0,0,0,3,slightly_injured
2019,3,Wed,4,52.42196,13.3703,afternoon,17,dusk,1,dry,1,6,7,1,0,1,0,0,0,3,slightly_injured
2019,10,Sat,7,52.46139,13.45601,afternoon,14,daylight,0,dry,0,2,6,0,1,0,0,0,0,3,slightly_injured
2019,8,Thu,5,52.57273,13.35957,evening,18,daylight,0,dry,0,0,6,0,0,0,1,0,1,2,seriously_injured
2019,5,Thu,5,52.47794,13.32667,morning,7,daylight,0,dry,1,2,6,0,1,0,0,0,1,2,seriously_injured
2019,9,Thu,5,52.60138,13.3304,afternoon,13,daylight,0,dry,0,5,7,0,1,0,0,0,1,3,slightly_injured
2019,7,Thu,5,52.50169,13.45062,evening,21,dusk,1,dry,0,5,2,1,1,0,0,0,0,2,seriously_injured
2019,3,Tue,3,52.54113,13.41197,afternoon,15,daylight,0,dry,0,6,4,0,1,1,0,0,0,3,slightly_injured
2019,6,Sat,7,52.50386,13.36638,evening,20,daylight,0,dry,0,2,6,0,1,0,0,0,0,3,slightly_injured
2019,8,Thu,5,52.53231,13.42831,morning,11,daylight,0,dry,0,0,4,1,0,1,0,0,0,3,slightly_injured
2019,12,Sun,1,52.49458,13.38903,afternoon,12,daylight,0,dry,0,1,1,0,1,0,0,0,0,3,slightly_injured
2019,5,Thu,5,52.56552,13.36352,afternoon,17,daylight,0,dry,0,4,6,1,0,0,0,0,0,3,slightly_injured
2019,7,Thu,5,52.43504,13.26025,afternoon,16,daylight,0,dry,0,2,2,1,0,0,0,0,1,3,slightly_injured
2019,11,Sun,1,52.49753,13.38925,night,3,dark,2,dry,1,6,4,0,1,1,0,0,0,2,seriously_injured
2019,7,Thu,5,52.51056,13.28926,afternoon,14,daylight,0,dry,0,5,2,1,1,0,0,0,0,3,slightly_injured
2019,3,Tue,3,52.47621,13.34776,morning,9,daylight,0,dry,0,2,6,0,1,0,0,0,0,3,slightly_injured
2019,10,Sun,1,52.49912,13.28096,evening,19,dark,2,dry,0,2,6,0,1,0,0,0,0,3,slightly_injured
2019,8,Thu,5,52.52126,13.40705,morning,11,daylight,0,dry,0,6,7,0,0,1,1,0,0,3,slightly_injured
2019,5,Wed,4,52.39944,13.40655,afternoon,15,daylight,0,dry,0,2,6,0,1,0,0,0,0,3,slightly_injured
2019,7,Thu,5,52.52828,13.42404,afternoon,14,daylight,0,dry,0,5,2,1,1,0,0,0,0,3,slightly_injured
2019,3,Tue,3,52.51057,13.28937,morning,10,daylight,0,dry,0,2,6,0,1,0,0,0,0,3,slightly_injured
2019,11,Tue,3,52.51013,13.28243,afternoon,15,daylight,0,dry,0,2,6,0,1,0,0,0,1,3,slightly_injured
2019,6,Tue,3,52.51891,13.4114,afternoon,13,daylight,0,dry,0,2,6,0,1,0,0,0,0,3,slightly_injured
2019,8,Thu,5,52.54552,13.44498,morning,11,daylight,0,dry,0,5,2,1,1,0,0,0,0,2,seriously_injured
2019,12,Sat,7,52.53883,13.36849,evening,19,dark,2,dry,1,2,6,0,1,0,0,0,0,3,slightly_injured
2019,7,Thu,5,52.50524,13.44873,afternoon,14,daylight,0,dry,0,1,5,1,0,0,1,0,0,2,seriously_injured
2019,10,Tue,3,52.54832,13.41335,afternoon,13,daylight,0,dry,0,2,6,0,1,0,0,0,0,3,slightly_injured
2019,8,Thu,5,52.43516,13.26031,morning,9,daylight,0,dry,0,5,2,1,1,0,0,0,0,3,slightly_injured
2019,7,Wed,4,52.56292,13.55832,evening,19,daylight,0,dry,0,5,3,0,1,0,0,0,0,3,slightly_injured
2019,3,Mon,2,52.50689,13.2319,evening,18,dusk,1,dry,0,5,3,0,1,0,0,0,0,3,slightly_injured
2019,10,Mon,2,52.57372,13.30464,morning,6,dark,2,dry,0,3,6,0,1,0,0,1,0,3,slightly_injured
2019,6,Sun,1,52.58996,13.40169,morning,11,daylight,0,dry,0,5,2,1,1,0,0,0,0,3,slightly_injured
2019,8,Thu,5,52.51801,13.43161,evening,19,daylight,0,dry,0,6,7,0,0,1,0,0,1,3,slightly_injured
2019,5,Wed,4,52.55849,13.30988,afternoon,12,daylight,0,dry,0,3,6,0,1,0,1,0,0,3,slightly_injured
2019,3,Mon,2,52.50904,13.55319,morning,11,daylight,0,dry,1,5,2,0,1,0,0,0,0,3,slightly_injured
2019,11,Wed,4,52.43501,13.26042,evening,20,dark,2,dry,1,5,2,0,1,0,0,0,0,3,slightly_injured
2019,5,Wed,4,52.49395,13.29003,morning,9,daylight,0,dry,0,2,6,0,1,0,1,0,0,2,seriously_injured
2019,12,Mon,2,52.49888,13.36248,afternoon,14,daylight,0,dry,0,6,4,0,1,1,0,0,0,3,slightly_injured
2019,7,Wed,4,52.55003,13.42953,evening,19,daylight,0,dry,0,1,5,1,0,0,0,0,1,3,slightly_injured
2019,3,Mon,2,52.47293,13.36519,afternoon,14,daylight,0,dry,1,2,6,0,1,0,0,0,0,2,seriously_injured
2019,10,Wed,4,52.42338,13.20308,afternoon,17,dark,2,dry,0,9,1,0,1,0,0,0,0,2,seriously_injured
2019,8,Wed,4,52.59611,13.33295,afternoon,17,daylight,0,dry,0,5,3,0,1,0,0,0,0,3,slightly_injured
2019,6,Wed,4,52.60701,13.32465,morning,10,daylight,0,dry,0,5,3,1,1,0,0,0,0,3,slightly_injured
2019,8,Wed,4,52.42699,13.21233,afternoon,17,daylight,0,dry,0,0,7,1,0,0,0,0,0,2,seriously_injured
2019,12,Sun,1,52.50423,13.44805,evening,19,dark,2,dry,1,6,6,1,0,1,0,0,0,3,slightly_injured
2019,7,Wed,4,52.5682,13.42791,afternoon,16,daylight,0,dry,0,5,3,1,1,0,0,0,0,3,slightly_injured
2019,9,Wed,4,52.41386,13.10016,afternoon,17,daylight,0,dry,1,1,1,0,1,0,0,0,0,3,slightly_injured
2019,10,Wed,4,52.44752,13.38551,morning,11,daylight,0,dry,0,1,5,1,1,0,0,0,0,3,slightly_injured
2019,8,Wed,4,52.47795,13.32496,morning,7,daylight,0,dry,0,2,6,0,0,0,1,0,1,2,seriously_injured
2019,7,Wed,4,52.51739,13.39564,afternoon,13,daylight,0,dry,0,3,6,0,1,0,1,0,0,3,slightly_injured
2019,3,Mon,2,52.47782,13.32939,afternoon,15,daylight,0,dry,0,2,6,0,1,0,0,0,0,3,slightly_injured
2019,10,Tue,3,52.57436,13.34812,afternoon,13,daylight,0,dry,1,2,6,0,1,0,0,1,0,3,slightly_injured
2019,8,Wed,4,52.52858,13.28293,night,5,dusk,1,dry,0,3,6,0,1,0,0,0,0,3,slightly_injured
2019,5,Wed,4,52.53718,13.43397,morning,9,daylight,0,dry,0,2,6,0,1,0,1,0,0,3,slightly_injured
2019,7,Wed,4,52.51896,13.45251,morning,10,daylight,0,dry,0,0,5,1,0,0,0,0,1,3,slightly_injured
2019,3,Mon,2,52.44153,13.28131,afternoon,13,daylight,0,dry,1,5,3,0,1,0,0,0,0,2,seriously_injured
2019,11,Thu,5,52.51849,13.45362,morning,9,daylight,0,dry,0,5,3,1,1,0,0,0,0,3,slightly_injured
2019,5,Wed,4,52.51526,13.46004,morning,8,daylight,0,dry,0,5,3,1,1,0,0,0,0,3,slightly_injured
2019,12,Tue,3,52.53943,13.36953,evening,18,dark,2,dry,1,2,6,0,1,0,0,0,0,3,slightly_injured
2019,7,Wed,4,52.47829,13.31848,afternoon,15,daylight,0,dry,0,2,6,0,1,0,1,0,0,3,slightly_injured
2019,3,Sun,1,52.58306,13.48331,morning,10,daylight,0,dry,0,5,2,1,1,0,0,0,0,3,slightly_injured
2019,10,Thu,5,52.55911,13.36506,evening,19,dark,2,dry,0,2,6,0,1,0,1,0,0,3,slightly_injured
2019,8,Wed,4,52.52208,13.4162,afternoon,15,daylight,0,dry,0,6,6,0,0,1,0,0,1,3,slightly_injured
2019,7,Tue,3,52.53008,13.53691,evening,20,daylight,0,dry,0,5,3,0,1,0,0,0,0,3,slightly_injured
2019,3,Sun,1,52.55305,13.41455,evening,18,dusk,1,dry,0,3,6,0,1,0,1,0,0,3,slightly_injured
2019,9,Mon,2,52.57445,13.34784,afternoon,14,daylight,0,dry,0,5,2,1,0,0,0,1,0,3,slightly_injured
2019,6,Wed,4,52.46789,13.49331,morning,7,daylight,0,dry,0,5,2,0,1,0,1,0,0,3,slightly_injured
2019,8,Wed,4,52.51358,13.47673,afternoon,12,daylight,0,dry,0,6,4,1,0,1,0,0,0,3,slightly_injured
2019,12,Sat,7,52.49507,13.46189,morning,10,daylight,0,dry,1,3,6,0,1,0,0,0,0,3,slightly_injured
2019,5,Wed,4,52.51012,13.54252,evening,22,dark,2,dry,0,0,1,1,0,0,0,0,0,2,seriously_injured
2019,7,Tue,3,52.56333,13.36427,afternoon,12,daylight,0,dry,0,6,4,1,0,1,0,0,0,3,slightly_injured
2019,3,Sat,7,52.51125,13.30288,morning,11,daylight,0,dry,0,2,6,0,1,0,0,0,0,3,slightly_injured
2019,11,Fri,6,52.54093,13.41329,evening,22,dark,2,dry,1,6,7,0,1,1,0,0,0,2,seriously_injured
2019,11,Tue,3,52.49112,13.36068,afternoon,16,dark,2,dry,0,3,6,0,1,0,1,0,0,3,slightly_injured
2019,7,Tue,3,52.51582,13.36972,evening,18,daylight,0,dry,0,5,2,1,1,0,0,0,0,3,slightly_injured
2019,3,Sat,7,52.53006,13.28379,afternoon,14,daylight,0,dry,0,2,6,0,1,0,0,0,0,2,seriously_injured
2019,10,Thu,5,52.53164,13.28574,evening,20,dark,2,dry,0,2,6,0,1,0,0,0,0,3,slightly_injured
2019,8,Wed,4,52.50425,13.62023,morning,10,daylight,0,dry,0,2,6,0,0,0,0,1,1,3,slightly_injured
2019,5,Wed,4,52.52632,13.44795,evening,18,daylight,0,dry,0,5,2,1,1,0,0,0,0,3,slightly_injured
2019,9,Wed,4,52.43872,13.1979,afternoon,16,daylight,0,dry,1,0,7,0,1,0,0,0,0,3,slightly_injured
2019,7,Tue,3,52.50405,13.44793,night,1,dark,2,dry,0,6,4,0,1,1,0,0,0,3,slightly_injured
2019,3,Sat,7,52.53806,13.53857,afternoon,16,daylight,0,dry,0,2,4,0,1,1,0,1,0,3,slightly_injured
2019,6,Fri,6,52.51469,13.46571,morning,11,daylight,0,dry,0,6,4,1,0,1,0,0,0,3,slightly_injured
2019,8,Wed,4,52.50937,13.37357,morning,10,daylight,0,dry,0,6,4,1,0,1,0,0,0,2,seriously_injured
2019,12,Fri,6,52.42985,13.39267,evening,22,dark,2,dry,0,0,1,0,0,0,1,0,0,3,slightly_injured
2019,5,Tue,3,52.51561,13.36812,morning,11,daylight,0,dry,0,0,7,1,0,0,0,0,0,3,slightly_injured
2019,7,Mon,2,52.57277,13.42884,afternoon,17,daylight,0,dry,0,2,6,0,1,0,0,0,1,3,slightly_injured
2019,3,Sat,7,52.4199,13.17514,evening,21,dark,2,dry,0,5,3,0,1,0,0,0,1,3,slightly_injured
2019,11,Sat,7,52.51404,13.47079,night,3,dark,2,dry,1,5,3,0,1,0,0,0,1,3,slightly_injured
2019,7,Mon,2,52.49926,13.38047,afternoon,17,daylight,0,dry,0,2,6,0,1,0,0,0,0,3,slightly_injured
2019,3,Fri,6,52.49745,13.28262,afternoon,13,daylight,0,dry,0,3,6,0,1,0,0,0,1,3,slightly_injured
2019,10,Fri,6,52.51587,13.45376,evening,18,dark,2,dry,1,5,2,0,1,0,0,0,0,3,slightly_injured
2019,8,Wed,4,52.51693,13.38974,morning,10,daylight,0,dry,0,3,6,1,1,0,0,0,0,3,slightly_injured
2019,5,Tue,3,52.54125,13.43919,evening,19,dusk,1,dry,0,3,6,1,0,0,0,0,0,3,slightly_injured
2019,7,Mon,2,52.5931,13.33463,afternoon,12,daylight,0,dry,0,5,3,1,1,0,0,0,0,3,slightly_injured
2019,3,Fri,6,52.52599,13.42054,morning,7,daylight,0,dry,0,3,5,1,0,0,0,1,0,2,seriously_injured
2019,11,Mon,2,52.51665,13.17909,afternoon,17,dark,2,dry,1,6,4,0,1,1,0,0,0,2,seriously_injured
2019,6,Tue,3,52.55117,13.54851,evening,21,dark,2,dry,0,2,6,0,1,0,0,0,0,2,seriously_injured
2019,8,Tue,3,52.5128,13.48442,evening,20,dusk,1,dry,0,5,2,1,1,0,0,0,0,3,slightly_injured
2019,12,Fri,6,52.49931,13.38019,evening,18,dark,2,dry,1,3,6,0,1,0,1,0,0,3,slightly_injured
2019,7,Mon,2,52.58077,13.40288,morning,10,daylight,0,dry,0,1,5,1,1,0,0,0,0,3,slightly_injured
2019,9,Wed,4,52.43102,13.3765,afternoon,12,daylight,0,dry,1,0,1,0,0,0,1,0,0,3,slightly_injured
2019,3,Fri,6,52.42544,13.3948,night,4,dark,2,dry,0,1,5,0,1,0,0,0,0,3,slightly_injured
2019,10,Mon,2,52.51248,13.48758,afternoon,15,daylight,0,dry,0,2,6,0,1,0,0,0,0,3,slightly_injured
2019,8,Tue,3,52.49454,13.28623,afternoon,17,daylight,0,dry,0,2,6,0,1,0,0,0,0,3,slightly_injured
2019,7,Mon,2,52.43379,13.3778,morning,11,daylight,0,dry,0,5,3,0,1,0,0,0,0,3,slightly_injured
2019,3,Fri,6,52.53222,13.4282,afternoon,12,daylight,0,dry,0,6,4,0,1,1,0,0,0,3,slightly_injured
2019,10,Sat,7,52.49554,13.36118,evening,21,dark,2,dry,1,3,6,1,1,0,0,0,0,2,seriously_injured
2019,6,Sat,7,52.45302,13.51509,afternoon,12,daylight,0,dry,0,2,2,0,1,0,0,0,1,3,slightly_injured
2019,8,Tue,3,52.54742,13.3002,afternoon,14,daylight,0,dry,0,2,6,0,1,0,0,0,0,3,slightly_injured
2019,5,Tue,3,52.43417,13.37798,evening,18,daylight,0,dry,0,5,2,1,1,0,0,0,0,3,slightly_injured
2019,3,Thu,5,52.41979,13.19443,evening,20,dark,2,dry,0,2,6,0,1,0,0,0,0,3,slightly_injured
2019,11,Tue,3,52.5733,13.35928,afternoon,14,daylight,0,dry,0,2,6,0,1,0,0,0,0,3,slightly_injured
2019,5,Tue,3,52.54468,13.41241,afternoon,17,daylight,0,dry,0,0,6,0,1,0,0,0,1,3,slightly_injured
2019,12,Sun,1,52.51594,13.2846,afternoon,12,daylight,0,dry,0,2,6,0,1,0,0,0,0,3,slightly_injured
2019,7,Mon,2,52.38556,13.41117,morning,11,daylight,0,dry,0,5,3,1,0,0,0,0,0,3,slightly_injured
2019,3,Thu,5,52.58626,13.29164,afternoon,15,daylight,0,dry,0,2,6,0,1,0,0,0,0,2,seriously_injured
2019,10,Tue,3,52.5019,13.37695,evening,18,dusk,1,dry,0,5,3,1,1,0,0,0,0,3,slightly_injured
2019,8,Tue,3,52.51283,13.32638,morning,9,daylight,0,dry,0,5,5,0,1,0,0,0,0,3,slightly_injured