ujahr,umonat,weekday,uwochentag,long,lat,time_of_day,ustunde,light_condition,ulichtverh,street_condition,ustrzustand,uart,utyp1,ist_rad,ist_pkw,ist_fuss,ist_krad,ist_gkfz,ist_sonstige,ukategorie,accident_outcome
2019,9,Wed,4,52.59404,13.33338,morning,11,daylight,0,dry,1,2,6,0,1,0,0,0,1,3,slightly_injured
2019,7,Mon,2,52.55805,13.36549,morning,9,daylight,0,dry,0,5,3,1,1,0,0,0,0,2,seriously_injured
2019,3,Thu,5,52.51378,13.47462,afternoon,13,daylight,0,dry,0,2,6,0,1,0,0,0,0,3,slightly_injured
2019,9,Sat,7,52.52479,13.41975,afternoon,15,daylight,0,dry,1,2,6,0,1,0,1,0,0,3,slightly_injured
2019,6,Tue,3,52.51426,13.46851,afternoon,16,daylight,0,dry,0,0,6,0,1,0,1,0,0,2,seriously_injured
2019,8,Tue,3,52.4783,13.3549,evening,18,daylight,0,dry,0,2,6,0,1,0,0,0,0,3,slightly_injured
2019,12,Wed,4,52.51525,13.46022,morning,7,dark,2,dry,0,5,2,1,1,0,0,0,0,3,slightly_injured
2019,5,Tue,3,52.52856,13.28268,afternoon,13,daylight,0,dry,0,3,6,0,1,0,0,1,0,3,slightly_injured
2019,7,Mon,2,52.49824,13.46206,afternoon,15,daylight,0,dry,0,0,5,1,0,0,0,0,1,3,slightly_injured
2019,3,Thu,5,52.4812,13.34995,morning,8,daylight,0,dry,0,5,2,0,1,0,1,0,0,2,seriously_injured
2019,11,Wed,4,52.6078,13.32388,morning,6,dark,2,dry,0,6,2,0,1,1,0,0,0,2,seriously_injured
2019,11,Sun,1,52.4374,13.26941,afternoon,13,daylight,0,dry,0,5,3,0,1,0,0,0,0,3,slightly_injured
2019,7,Mon,2,52.52283,13.41048,afternoon,14,daylight,0,dry,0,0,1,1,0,0,0,0,0,3,slightly_injured
2019,3,Wed,4,52.56047,13.41155,morning,8,daylight,0,dry,0,2,6,1,1,0,0,0,0,3,slightly_injured
2019,10,Wed,4,52.61687,13.44138,evening,19,dark,2,dry,1,0,7,0,1,0,0,0,0,3,slightly_injured
2019,8,Tue,3,52.47823,13.24744,evening,18,daylight,0,dry,0,3,6,0,1,0,0,0,0,3,slightly_injured
2019,5,Tue,3,52.51577,13.36892,morning,9,daylight,0,dry,0,3,6,1,0,0,0,0,0,3,slightly_injured
2019,9,Wed,4,52.50928,13.28504,morning,11,daylight,0,dry,1,2,6,0,1,0,0,0,0,3,slightly_injured
2019,6,Sun,1,52.53911,13.42398,evening,18,daylight,0,dry,0,5,2,1,1,0,0,0,0,3,slightly_injured
2019,3,Wed,4,52.57067,13.48104,afternoon,12,daylight,0,dry,0,4,6,0,1,0,0,0,0,2,seriously_injured
2019,6,Thu,5,52.49787,13.38917,evening,18,daylight,0,dry,0,3,6,0,0,0,1,0,1,3,slightly_injured
2019,8,Tue,3,52.61083,13.31886,morning,9,daylight,0,dry,0,5,3,0,1,0,1,0,0,2,seriously_injured
2019,12,Tue,3,52.5404,13.41584,afternoon,16,dark,2,dry,1,1,5,1,0,0,0,0,1,3,slightly_injured
2019,5,Tue,3,52.5604,13.41161,morning,7,daylight,0,dry,0,5,2,1,1,0,0,0,0,3,slightly_injured
2019,6,Sun,1,52.50519,13.5813,afternoon,12,daylight,0,dry,0,2,6,0,1,0,0,0,0,3,slightly_injured
2019,9,Wed,4,52.43832,13.38351,afternoon,15,daylight,0,dry,1,3,6,0,0,0,0,1,1,3,slightly_injured
2019,9,Tue,3,52.478,13.32146,morning,7,daylight,0,dry,0,2,6,0,1,0,0,0,0,3,slightly_injured
2019,6,Sun,1,52.61452,13.44509,morning,11,daylight,0,dry,0,2,6,0,1,0,0,0,0,3,slightly_injured
2019,3,Tue,3,52.52644,13.4474,morning,8,daylight,0,dry,0,5,2,1,1,0,0,0,0,3,slightly_injured
2019,9,Sun,1,52.49877,13.27316,afternoon,15,daylight,0,dry,1,9,1,0,1,0,0,0,0,3,slightly_injured
2019,6,Wed,4,52.51676,13.38285,afternoon,12,daylight,0,dry,0,3,6,1,0,0,0,0,1,3,slightly_injured
2019,8,Tue,3,52.51009,13.28184,morning,9,daylight,0,dry,0,5,2,0,1,0,0,0,0,3,slightly_injured
2019,12,Fri,6,52.44896,13.38524,afternoon,17,dark,2,dry,0,2,6,0,1,0,0,0,0,3,slightly_injured
2019,5,Tue,3,52.5125,13.40368,afternoon,14,daylight,0,dry,0,5,3,0,1,0,0,0,1,3,slightly_injured
2019,6,Sat,7,52.47831,13.35514,night,1,dark,2,dry,0,8,1,0,1,0,0,0,0,3,slightly_injured
2019,3,Tue,3,52.49791,13.38763,morning,8,daylight,0,dry,0,1,5,0,1,0,1,0,0,2,seriously_injured
2019,11,Thu,5,52.50416,13.28137,evening,23,dark,2,dry,0,3,6,0,1,0,0,0,0,3,slightly_injured
2019,8,Mon,2,52.46031,13.22518,afternoon,16,daylight,0,dry,0,2,6,0,1,0,0,0,0,3,slightly_injured
2019,11,Tue,3,52.54122,13.36858,morning,11,daylight,0,dry,0,2,2,0,1,0,0,1,0,3,slightly_injured
2019,6,Fri,6,52.42326,13.39606,evening,23,dark,2,dry,0,3,6,0,1,0,1,0,0,3,slightly_injured
2019,3,Tue,3,52.51456,13.46706,afternoon,15,daylight,0,dry,0,6,6,1,0,1,0,0,0,3,slightly_injured
2019,10,Thu,5,52.6065,13.32507,morning,11,daylight,0,dry,0,2,6,0,1,0,0,0,0,3,slightly_injured
2019,8,Mon,2,52.50425,13.44806,afternoon,17,daylight,0,dry,0,4,6,1,0,0,0,0,0,3,slightly_injured
2019,5,Mon,2,52.5093,13.55021,afternoon,13,daylight,0,dry,0,3,6,0,1,0,1,0,0,3,slightly_injured
2019,9,Tue,3,52.43941,13.38273,afternoon,14,daylight,0,dry,0,0,7,0,0,1,0,0,1,3,slightly_injured
2019,6,Fri,6,52.5169,13.40937,morning,10,daylight,0,dry,0,5,2,1,1,0,0,0,0,3,slightly_injured
2019,3,Mon,2,52.51041,13.39082,morning,9,daylight,0,dry,0,6,4,0,0,1,0,0,1,2,seriously_injured
2019,6,Thu,5,52.51605,13.37323,afternoon,16,daylight,0,dry,0,1,5,1,1,0,0,0,0,3,slightly_injured
2019,8,Mon,2,52.43641,13.49292,afternoon,17,daylight,0,dry,0,3,6,0,1,0,1,0,0,3,slightly_injured
2019,12,Fri,6,52.53927,13.42434,afternoon,16,dusk,1,dry,0,6,2,0,1,1,0,0,0,3,slightly_injured
2019,5,Mon,2,52.54193,13.54108,afternoon,13,daylight,0,dry,0,0,1,1,0,0,0,0,0,3,slightly_injured
2019,6,Fri,6,52.51011,13.2115,afternoon,16,daylight,0,dry,0,4,6,1,0,0,0,0,0,2,seriously_injured
2019,9,Tue,3,52.42187,13.37023,afternoon,12,daylight,0,dry,0,5,2,0,1,0,1,0,0,3,slightly_injured
2019,11,Fri,6,52.51437,13.46744,afternoon,17,dark,2,dry,1,0,1,0,0,0,1,0,0,3,slightly_injured
2019,6,Fri,6,52.54384,13.29754,afternoon,16,daylight,0,dry,0,2,6,0,1,0,0,0,0,3,slightly_injured
2019,9,Thu,5,52.49868,13.38352,evening,20,dark,2,dry,1,1,5,1,1,0,0,0,0,3,slightly_injured
2019,3,Mon,2,52.48207,13.34859,afternoon,15,daylight,0,dry,1,2,6,0,1,0,0,0,0,3,slightly_injured
2019,10,Thu,5,52.58167,13.48301,evening,20,dark,2,dry,1,0,7,1,0,0,0,0,0,2,seriously_injured
2019,8,Mon,2,52.60007,13.33192,afternoon,15,daylight,0,dry,0,2,6,0,1,0,0,0,0,3,slightly_injured
2019,5,Mon,2,52.52514,13.41955,morning,6,daylight,0,dry,0,2,6,0,1,0,0,0,0,3,slightly_injured
2019,6,Fri,6,52.46192,13.40707,morning,7,daylight,0,dry,0,3,7,0,1,0,0,0,0,2,seriously_injured
2019,3,Mon,2,52.46291,13.44363,morning,7,daylight,0,dry,0,2,6,0,1,0,0,0,0,3,slightly_injured
2019,11,Mon,2,52.57339,13.35904,evening,18,dark,2,dry,1,6,2,0,1,1,0,0,0,3,slightly_injured
2019,6,Sun,1,52.50709,13.23515,afternoon,14,daylight,0,dry,0,4,7,0,1,0,0,0,0,2,seriously_injured
2019,8,Mon,2,52.47391,13.36259,afternoon,15,daylight,0,dry,0,8,1,0,1,0,0,0,0,3,slightly_injured
2019,12,Thu,5,52.56623,13.40588,morning,9,daylight,0,dry,0,2,6,0,1,0,0,0,0,3,slightly_injured
2019,6,Fri,6,52.5372,13.32106,morning,7,daylight,0,dry,0,3,6,0,1,0,0,0,1,3,slightly_injured
2019,9,Mon,2,52.4627,13.40401,morning,8,daylight,0,dry,0,2,6,0,1,0,1,0,0,3,slightly_injured
2019,3,Mon,2,52.5734,13.42924,morning,6,dusk,1,dry,0,5,3,1,1,0,0,0,0,2,seriously_injured
2019,10,Sun,1,52.5156,13.45537,night,1,dark,2,dry,0,8,1,0,1,0,0,0,0,3,slightly_injured
2019,8,Mon,2,52.5087,13.26143,afternoon,15,daylight,0,dry,0,5,3,1,0,0,0,0,0,3,slightly_injured
2019,6,Thu,5,52.51727,13.43872,afternoon,16,daylight,0,dry,0,6,4,0,1,1,0,0,0,1,killed
2019,3,Mon,2,52.5101,13.28189,morning,10,daylight,0,dry,0,5,2,0,1,0,0,0,0,3,slightly_injured
2019,10,Fri,6,52.49904,13.2813,afternoon,15,daylight,0,dry,1,2,6,0,1,0,0,0,0,3,slightly_injured
2019,6,Fri,6,52.46089,13.41894,afternoon,14,daylight,0,dry,0,2,6,0,1,0,0,0,0,2,seriously_injured
2019,8,Mon,2,52.53781,13.42791,afternoon,14,daylight,0,dry,0,3,6,0,1,0,0,0,0,3,slightly_injured
2019,5,Sun,1,52.5202,13.42285,evening,20,dusk,1,dry,0,5,3,1,1,0,0,0,0,3,slightly_injured
2019,3,Sat,7,52.52109,13.4067,afternoon,12,daylight,0,dry,0,2,7,1,1,0,0,0,1,3,slightly_injured
2019,11,Mon,2,52.51555,13.45583,afternoon,17,dark,2,dry,0,6,4,0,1,1,0,0,0,2,seriously_injured
2019,5,Sun,1,52.47678,13.38591,afternoon,14,daylight,0,dry,0,3,6,0,1,0,1,0,0,3,slightly_injured
2019,11,Sat,7,52.5094,13.37394,morning,11,daylight,0,dry,0,6,4,0,1,1,0,0,0,3,slightly_injured
2019,6,Thu,5,52.51174,13.30745,evening,18,daylight,0,dry,0,6,7,0,1,1,0,0,0,3,slightly_injured
2019,3,Sat,7,52.51524,13.18604,afternoon,14,daylight,0,dry,1,3,6,0,1,0,0,0,0,3,slightly_injured
2019,10,Mon,2,52.50944,13.55056,morning,7,daylight,0,dry,0,5,7,1,1,0,0,0,0,3,slightly_injured
2019,8,Mon,2,52.48506,13.35387,evening,19,daylight,0,dry,0,1,5,1,1,0,0,0,0,3,slightly_injured
2019,6,Thu,5,52.53997,13.37057,morning,10,daylight,0,dry,0,5,2,1,1,0,0,0,0,2,seriously_injured
2019,3,Sat,7,52.51352,13.47743,afternoon,15,daylight,0,dry,1,5,3,1,1,0,0,0,0,2,seriously_injured
2019,6,Mon,2,52.51221,13.31467,evening,18,daylight,0,dry,1,0,7,0,0,0,1,0,0,3,slightly_injured
2019,8,Mon,2,52.54008,13.43781,afternoon,13,daylight,0,dry,0,5,3,1,1,0,0,0,0,3,slightly_injured
2019,12,Tue,3,52.47039,13.37424,night,5,dark,2,dry,1,3,6,0,1,0,0,1,0,3,slightly_injured
2019,5,Sun,1,52.51005,13.53908,afternoon,14,daylight,0,dry,0,2,2,0,1,0,1,0,0,2,seriously_injured
2019,6,Thu,5,52.49865,13.38239,evening,22,dark,2,dry,0,0,7,1,0,0,0,0,0,2,seriously_injured
2019,3,Sat,7,52.52125,13.28185,afternoon,17,dusk,1,dry,1,2,6,0,1,0,0,0,0,3,slightly_injured
2019,11,Tue,3,52.57241,13.56717,evening,20,dark,2,dry,0,6,7,0,0,1,0,0,1,2,seriously_injured
2019,11,Sat,7,52.54986,13.42945,evening,20,dark,2,dry,0,2,7,0,1,0,1,0,0,3,slightly_injured
2019,6,Thu,5,52.51391,13.47202,morning,7,daylight,0,dry,0,3,6,1,0,0,0,0,0,3,slightly_injured
2019,3,Fri,6,52.54719,13.44821,morning,8,daylight,0,dry,1,3,6,1,1,0,0,0,0,3,slightly_injured
2019,10,Tue,3,52.46296,13.44685,afternoon,14,daylight,0,dry,0,3,6,0,1,0,0,1,0,2,seriously_injured
2019,8,Mon,2,52.54961,13.41391,morning,7,daylight,0,dry,1,6,4,1,0,1,0,0,0,3,slightly_injured
2019,5,Sat,7,52.52003,13.42253,evening,22,dark,2,dry,0,5,3,1,1,0,0,0,0,3,slightly_injured
2019,6,Thu,5,52.41873,13.18334,afternoon,15,daylight,0,dry,0,1,7,0,1,0,0,0,0,2,seriously_injured
2019,3,Fri,6,52.56512,13.36354,morning,11,daylight,0,dry,0,6,7,0,1,1,0,0,0,3,slightly_injured
2019,11,Thu,5,52.51427,13.45362,evening,18,dark,2,dry,1,3,6,1,0,0,0,0,1,3,slightly_injured
2019,6,Thu,5,52.46335,13.4038,afternoon,14,daylight,0,dry,0,2,6,0,1,0,1,0,0,3,slightly_injured
2019,8,Sun,1,52.49203,13.45793,evening,22,dark,2,dry,1,2,6,0,1,0,0,0,0,3,slightly_injured
2019,12,Tue,3,52.54108,13.36838,evening,18,dark,2,dry,0,2,6,0,1,0,0,0,0,3,slightly_injured
2019,6,Thu,5,52.55968,13.41218,morning,8,daylight,0,dry,0,2,6,0,1,0,1,0,0,3,slightly_injured
2019,10,Thu,5,52.508,13.24987,evening,19,dark,2,dry,0,7,7,0,1,0,0,0,1,3,slightly_injured
2019,6,Wed,4,52.54115,13.36858,evening,23,dark,2,dry,0,5,3,0,1,0,0,0,0,3,slightly_injured
2019,9,Thu,5,52.46291,13.50026,afternoon,16,daylight,0,dry,0,0,7,1,0,0,0,0,0,3,slightly_injured
2019,3,Fri,6,52.56344,13.46939,afternoon,14,daylight,0,dry,1,4,5,0,1,0,0,0,1,3,slightly_injured
2019,10,Wed,4,52.50958,13.37652,afternoon,14,daylight,0,dry,0,5,2,1,0,0,0,0,1,3,slightly_injured
2019,8,Sun,1,52.51997,13.40494,evening,21,dark,2,dry,0,5,3,0,1,0,0,0,1,3,slightly_injured
2019,5,Sat,7,52.49746,13.38927,afternoon,13,daylight,0,dry,0,5,2,1,1,0,0,0,0,3,slightly_injured
2019,6,Wed,4,52.56579,13.36338,afternoon,16,daylight,0,dry,0,0,5,1,0,0,0,0,1,3,slightly_injured
2019,3,Fri,6,52.51747,13.28377,afternoon,12,daylight,0,dry,0,2,6,0,1,0,0,0,1,3,slightly_injured
2019,11,Sat,7,52.51583,13.36979,afternoon,14,daylight,0,dry,1,5,2,0,1,0,0,0,0,3,slightly_injured
2019,6,Sat,7,52.53209,13.42805,night,0,dark,2,dry,0,2,7,1,1,0,0,0,0,3,slightly_injured
2019,12,Wed,4,52.50799,13.24962,morning,7,daylight,0,dry,1,5,3,0,1,0,0,0,0,3,slightly_injured
2019,6,Wed,4,52.57699,13.39827,afternoon,15,daylight,0,dry,0,2,6,0,1,0,0,0,0,3,slightly_injured
2019,3,Fri,6,52.53316,13.42931,morning,11,daylight,0,dry,0,5,2,1,1,0,0,0,0,3,slightly_injured
2019,10,Fri,6,52.51107,13.29729,afternoon,14,daylight,0,dry,0,5,3,1,1,0,0,0,0,3,slightly_injured
2019,8,Sun,1,52.56506,13.40678,morning,8,daylight,0,dry,1,0,1,1,0,0,0,0,0,2,seriously_injured
2019,6,Wed,4,52.52314,13.41098,afternoon,14,daylight,0,dry,0,6,7,0,1,1,0,0,0,3,slightly_injured
2019,3,Thu,5,52.51694,13.45338,evening,18,dark,2,dry,1,0,6,0,1,0,1,0,0,3,slightly_injured
2019,10,Thu,5,52.45481,13.32019,afternoon,17,dark,2,dry,0,2,6,0,1,0,0,0,0,3,slightly_injured
2019,6,Wed,4,52.59387,13.3336,afternoon,14,daylight,0,dry,0,2,6,0,1,0,1,0,0,3,slightly_injured
2019,9,Thu,5,52.55808,13.36526,afternoon,15,daylight,0,dry,0,5,3,1,1,0,0,0,0,3,slightly_injured
2019,3,Thu,5,52.47817,13.35508,evening,20,dark,2,dry,1,3,2,0,1,0,0,0,0,3,slightly_injured
2019,10,Thu,5,52.51291,13.48332,afternoon,13,daylight,0,dry,0,5,2,0,1,0,0,0,0,3,slightly_injured
2019,8,Sun,1,52.53546,13.53747,morning,8,daylight,0,dry,1,0,7,0,1,0,0,0,0,2,seriously_injured
2019,5,Sat,7,52.48038,13.38577,afternoon,17,daylight,0,dry,1,6,7,0,1,1,0,0,0,3,slightly_injured
2019,6,Wed,4,52.54369,13.54245,afternoon,13,daylight,0,dry,0,5,3,0,1,0,0,0,0,3,slightly_injured
2019,3,Thu,5,52.53901,13.42436,evening,20,dark,2,dry,1,5,2,1,1,0,0,0,0,3,slightly_injured
2019,11,Sun,1,52.49173,13.4578,night,3,dark,2,dry,0,5,3,1,1,0,0,0,0,2,seriously_injured
2019,6,Sat,7,52.57368,13.35361,evening,22,dark,2,dry,0,2,6,0,1,0,0,0,1,3,slightly_injured
2019,8,Sat,7,52.50991,13.52489,morning,6,daylight,0,dry,0,2,6,0,1,0,0,0,1,3,slightly_injured
2019,12,Thu,5,52.5282,13.42395,afternoon,15,daylight,0,dry,0,5,2,0,1,0,0,0,1,3,slightly_injured
2019,6,Wed,4,52.53205,13.28607,afternoon,13,daylight,0,dry,0,5,3,0,1,0,0,1,0,3,slightly_injured
2019,3,Thu,5,52.47238,13.34678,afternoon,15,daylight,0,dry,1,2,6,0,1,0,0,0,0,3,slightly_injured
2019,10,Sat,7,52.51455,13.46712,evening,19,dark,2,dry,0,2,6,0,1,0,1,0,0,3,slightly_injured
2019,8,Sat,7,52.41489,13.40081,morning,9,daylight,0,dry,0,0,5,0,1,0,0,0,0,3,slightly_injured
2019,6,Wed,4,52.61193,13.44784,afternoon,12,daylight,0,dry,0,3,6,0,1,0,0,0,0,3,slightly_injured
2019,3,Wed,4,52.54312,13.41249,night,4,dark,2,dry,1,5,2,0,1,0,0,1,0,3,slightly_injured
2019,10,Wed,4,52.41093,13.36057,morning,6,dark,2,dry,1,6,7,1,0,1,0,0,0,3,slightly_injured
2019,6,Thu,5,52.4845,13.47943,morning,6,daylight,0,dry,0,5,3,0,1,0,0,0,0,3,slightly_injured
2019,8,Sat,7,52.55796,13.3655,evening,18,daylight,0,dry,0,5,3,0,1,0,0,0,0,3,slightly_injured
2019,12,Sat,7,52.53974,13.43696,morning,6,dark,2,dry,1,5,3,1,1,0,0,0,0,2,seriously_injured
2019,5,Sat,7,52.50509,13.58139,morning,10,daylight,0,dry,0,6,2,0,1,1,0,0,0,3,slightly_injured
2019,3,Wed,4,52.53242,13.28683,afternoon,12,daylight,0,dry,0,3,6,0,1,0,0,1,0,2,seriously_injured
2019,11,Sun,1,52.51543,13.36364,afternoon,14,daylight,0,dry,0,6,7,0,0,1,0,0,1,3,slightly_injured
2019,5,Fri,6,52.47363,13.36357,morning,9,daylight,0,dry,0,2,6,0,1,0,1,0,0,2,seriously_injured
2019,11,Fri,6,52.5096,13.27683,afternoon,16,dark,2,dry,0,2,6,0,1,0,1,0,0,3,slightly_injured
2019,6,Wed,4,52.45852,13.45839,morning,10,daylight,0,dry,0,2,6,0,1,0,0,0,0,3,slightly_injured
2019,3,Wed,4,52.56346,13.40877,afternoon,14,daylight,0,dry,0,5,3,1,1,0,0,0,0,3,slightly_injured
2019,10,Mon,2,52.52013,13.40479,evening,22,dark,2,dry,0,5,2,0,1,0,0,0,1,3,slightly_injured
2019,8,Fri,6,52.48176,13.34831,morning,8,daylight,0,dry,0,6,2,0,0,1,0,0,1,3,slightly_injured
2019,5,Fri,6,52.57175,13.56662,afternoon,17,daylight,0,dry,0,6,4,0,1,1,0,0,0,2,seriously_injured
2019,6,Tue,3,52.49817,13.38862,evening,20,daylight,0,dry,0,5,2,1,1,0,0,0,0,3,slightly_injured
2019,3,Wed,4,52.50251,13.44759,evening,18,dusk,1,dry,0,3,7,1,0,0,0,0,0,3,slightly_injured
2019,6,Mon,2,52.59226,13.33561,afternoon,14,daylight,0,dry,0,5,2,0,0,0,0,0,1,3,slightly_injured
2019,8,Fri,6,52.46385,13.49886,afternoon,15,daylight,0,dry,0,5,3,1,1,0,0,0,0,3,slightly_injured
2019,12,Mon,2,52.52634,13.44749,morning,7,dusk,1,dry,0,5,3,0,1,0,0,0,1,3,slightly_injured
2019,5,Fri,6,52.50919,13.2694,afternoon,13,daylight,0,dry,0,2,6,0,1,0,1,0,0,3,slightly_injured
2019,6,Tue,3,52.54106,13.36841,afternoon,12,daylight,0,dry,0,2,6,0,1,0,1,0,0,3,slightly_injured
2019,3,Wed,4,52.54121,13.36857,evening,19,dark,2,dry,1,2,1,0,1,0,0,0,0,3,slightly_injured
2019,11,Tue,3,52.55833,13.42876,afternoon,12,daylight,0,dry,0,6,3,0,1,1,0,0,0,2,seriously_injured
2019,11,Fri,6,52.59326,13.28654,morning,9,daylight,0,dry,1,5,3,0,1,0,0,1,0,3,slightly_injured
2019,6,Tue,3,52.45634,13.50986,morning,10,daylight,0,dry,0,6,7,0,1,1,0,0,0,3,slightly_injured
2019,3,Tue,3,52.47311,13.36478,afternoon,17,dusk,1,dry,0,2,6,0,1,0,0,0,0,3,slightly_injured
2019,10,Mon,2,52.51951,13.41254,afternoon,12,daylight,0,dry,0,3,5,1,1,0,0,0,0,3,slightly_injured
2019,8,Fri,6,52.58614,13.34142,afternoon,15,daylight,0,dry,0,5,3,1,1,0,0,0,0,3,slightly_injured
2019,5,Thu,5,52.55067,13.41409,afternoon,15,daylight,0,dry,0,5,2,1,0,0,0,1,0,3,slightly_injured
2019,6,Tue,3,52.50036,13.4554,morning,10,daylight,0,dry,0,3,2,0,1,0,1,0,0,3,slightly_injured
2019,3,Tue,3,52.51524,13.46026,morning,10,daylight,0,dry,1,5,2,1,1,0,0,0,0,3,slightly_injured
2019,11,Wed,4,52.42827,13.37519,afternoon,12,daylight,0,dry,1,2,6,0,1,0,0,1,0,3,slightly_injured
2019,6,Wed,4,52.51645,13.18007,afternoon,14,daylight,0,dry,0,2,6,0,1,0,0,0,1,3,slightly_injured
2019,8,Fri,6,52.5071,13.23537,morning,8,daylight,0,dry,0,2,6,0,1,0,0,0,1,3,slightly_injured
2019,12,Mon,2,52.47243,13.36627,afternoon,15,dusk,1,dry,1,2,6,0,1,0,0,0,0,3,slightly_injured
2019,6,Tue,3,52.4558,13.51093,morning,9,daylight,0,dry,0,5,2,1,1,0,0,0,0,2,seriously_injured
2019,9,Mon,2,52.5134,13.47707,morning,8,daylight,0,dry,0,5,2,1,0,0,0,0,1,3,slightly_injured
2019,10,Wed,4,52.48688,13.35716,afternoon,17,dark,2,dry,0,5,2,1,1,0,0,0,0,3,slightly_injured
2019,8,Fri,6,52.54158,13.54082,afternoon,12,daylight,0,dry,0,5,3,1,1,0,0,0,0,3,slightly_injured
2019,6,Tue,3,52.48104,13.34995,morning,9,daylight,0,dry,0,5,3,1,0,0,1,0,0,2,seriously_injured
2019,3,Tue,3,52.45411,13.46146,night,5,dusk,1,dry,0,2,6,0,1,0,0,0,0,3,slightly_injured
2019,10,Tue,3,52.50517,13.58335,night,5,dark,2,dry,0,2,6,0,1,0,0,0,0,3,slightly_injured
2019,8,Fri,6,52.51296,13.32853,morning,9,daylight,0,dry,0,5,2,1,1,0,0,0,0,3,slightly_injured
2019,5,Thu,5,52.54349,13.41216,morning,9,daylight,0,dry,0,0,7,1,0,0,0,0,0,3,slightly_injured
2019,6,Tue,3,52.46281,13.44395,afternoon,17,daylight,0,dry,0,2,6,0,1,0,0,0,0,3,slightly_injured
2019,3,Mon,2,52.56826,13.42793,morning,8,daylight,0,dry,1,5,3,1,1,0,0,0,0,3,slightly_injured
2019,11,Fri,6,52.50517,13.57804,afternoon,16,dark,2,dry,0,2,6,0,1,0,0,0,0,3,slightly_injured
2019,5,Thu,5,52.51023,13.2866,morning,9,daylight,0,dry,1,2,6,1,1,0,0,0,0,3,slightly_injured
2019,12,Tue,3,52.55229,13.46635,evening,20,dark,2,dry,2,0,1,0,0,0,1,0,0,3,slightly_injured
2019,6,Tue,3,52.54385,13.4422,afternoon,16,daylight,0,dry,0,5,2,1,1,0,0,0,0,3,slightly_injured
2019,3,Mon,2,52.57342,13.3572,afternoon,16,daylight,0,dry,1,9,1,0,1,0,0,0,1,2,seriously_injured
2019,10,Fri,6,52.42986,13.39266,morning,8,daylight,0,dry,0,5,2,0,1,0,1,0,0,2,seriously_injured
2019,8,Fri,6,52.49875,13.46046,morning,9,daylight,0,dry,0,5,3,1,0,0,0,0,0,3,slightly_injured
2019,6,Tue,3,52.42616,13.39439,afternoon,14,daylight,0,dry,0,5,2,1,1,0,0,0,0,3,slightly_injured
2019,3,Sun,1,52.50173,13.36452,evening,18,dark,2,dry,1,2,6,0,1,0,0,0,0,3,slightly_injured
2019,10,Tue,3,52.50955,13.27612,morning,9,daylight,0,dry,1,5,2,0,1,0,0,0,0,3,slightly_injured
2019,6,Wed,4,52.50644,13.36842,evening,19,daylight,0,dry,0,2,6,0,1,0,0,0,0,3,slightly_injured
2019,8,Fri,6,52.50844,13.25692,morning,8,daylight,0,dry,0,2,6,0,1,0,0,0,0,3,slightly_injured
2019,12,Mon,2,52.51344,13.47671,afternoon,15,dusk,1,dry,0,5,3,1,1,1,0,0,0,3,slightly_injured
2019,5,Thu,5,52.47522,13.34891,morning,6,dusk,1,dry,0,0,6,0,1,0,0,0,0,3,slightly_injured
2019,3,Sun,1,52.55147,13.54903,morning,9,daylight,0,dry,0,2,6,0,1,0,0,0,0,3,slightly_injured
2019,11,Sat,7,52.54571,13.36933,morning,9,daylight,0,dry,1,0,7,1,0,1,0,0,0,3,slightly_injured
2019,11,Wed,4,52.48329,13.38582,afternoon,13,daylight,0,dry,1,2,2,0,1,0,0,0,0,3,slightly_injured
2019,6,Tue,3,52.4588,13.50665,morning,8,daylight,0,dry,0,5,2,1,0,0,0,0,1,3,slightly_injured
2019,3,Sun,1,52.5053,13.44877,morning,9,daylight,0,dry,0,0,1,0,0,0,1,0,0,3,slightly_injured
2019,10,Fri,6,52.48451,13.47946,morning,7,dusk,1,dry,1,2,6,0,1,0,0,0,0,3,slightly_injured
2019,8,Fri,6,52.56348,13.36424,morning,7,daylight,0,dry,0,6,4,1,1,1,0,0,0,3,slightly_injured
2019,5,Wed,4,52.55503,13.41479,morning,9,daylight,0,dry,0,0,3,1,1,0,0,0,0,3,slightly_injured
2019,9,Mon,2,52.42388,13.39605,morning,8,daylight,0,dry,0,5,2,1,0,0,0,0,1,3,slightly_injured
2019,6,Mon,2,52.56803,13.40454,afternoon,14,daylight,0,dry,0,6,4,0,0,1,1,0,0,3,slightly_injured
2019,3,Sat,7,52.49286,13.45906,afternoon,16,daylight,0,dry,1,0,2,1,1,0,0,0,0,3,slightly_injured
2019,6,Sat,7,52.51641,13.18023,night,2,dark,2,dry,0,9,1,0,1,0,0,0,0,3,slightly_injured
2019,12,Sat,7,52.54553,13.44501,morning,9,daylight,0,dry,0,6,4,0,1,1,0,0,0,3,slightly_injured
2019,5,Wed,4,52.45505,13.5118,afternoon,16,daylight,0,dry,0,2,6,0,1,0,1,0,1,3,slightly_injured
2019,11,Sun,1,52.44387,13.38619,afternoon,16,daylight,0,dry,1,2,6,0,1,0,0,0,1,3,slightly_injured
2019,1,Wed,4,52.61484,13.30913,morning,11,daylight,0,dry,1,6,7,1,0,1,0,0,0,3,slightly_injured
2019,1,Wed,4,52.56401,13.50688,afternoon,17,dark,2,dry,1,5,3,0,1,0,0,0,0,3,slightly_injured
2019,1,Wed,4,52.42206,13.34916,afternoon,17,dark,2,dry,1,5,2,1,1,0,0,0,0,3,slightly_injured
2019,1,Wed,4,52.46339,13.39451,afternoon,17,dark,2,dry,1,1,5,1,0,0,0,0,1,3,slightly_injured
2019,1,Wed,4,52.45492,13.31866,afternoon,16,dark,2,dry,1,5,3,1,0,0,0,0,1,3,slightly_injured
2019,1,Wed,4,52.55993,13.55058,afternoon,16,dark,2,dry,1,5,3,0,1,0,0,0,0,3,slightly_injured