ujahr,umonat,weekday,uwochentag,long,lat,time_of_day,ustunde,light_condition,ulichtverh,street_condition,ustrzustand,uart,utyp1,ist_rad,ist_pkw,ist_fuss,ist_krad,ist_gkfz,ist_sonstige,ukategorie,accident_outcome
2019,1,Wed,4,52.53349,13.55022,morning,7,dusk,1,dry,1,6,7,0,1,1,0,0,0,3,slightly_injured
2019,1,Wed,4,52.55668,13.377,morning,7,dark,2,dry,1,5,2,1,0,0,0,0,1,3,slightly_injured
2019,1,Wed,4,52.47882,13.32014,morning,7,dark,2,dry,1,5,2,1,1,0,0,0,0,3,slightly_injured
2019,1,Wed,4,52.51835,13.401,morning,6,dark,2,dry,1,2,6,0,1,0,0,0,0,3,slightly_injured
2019,1,Wed,4,52.48344,13.38451,morning,6,dark,2,dry,1,6,4,0,1,1,0,0,0,3,slightly_injured
2019,1,Wed,4,52.54929,13.3539,afternoon,15,dusk,1,dry,1,5,3,0,1,0,1,0,0,3,slightly_injured
2019,1,Wed,4,52.49472,13.35396,night,5,dusk,1,dry,1,5,7,0,1,0,0,0,1,3,slightly_injured
2019,1,Wed,4,52.58733,13.40176,morning,7,dark,2,dry,1,5,2,1,1,0,0,0,0,3,slightly_injured
2019,1,Wed,4,52.52267,13.17425,morning,8,dark,2,dry,1,6,7,0,1,1,0,0,0,3,slightly_injured
2019,1,Wed,4,52.46524,13.3393,morning,8,daylight,0,dry,1,1,5,0,1,0,0,0,1,3,slightly_injured
2019,1,Wed,4,52.54226,13.37754,morning,10,daylight,0,dry,1,6,7,0,1,1,0,0,0,3,slightly_injured
2019,1,Wed,4,52.52334,13.58742,morning,6,dark,2,dry,1,2,2,0,1,0,0,0,0,3,slightly_injured
2019,1,Wed,4,52.42558,13.48369,morning,10,daylight,0,dry,1,2,6,0,1,0,0,0,0,3,slightly_injured
2019,1,Wed,4,52.4362,13.34589,morning,10,daylight,0,dry,1,6,2,0,1,1,0,0,0,2,seriously_injured
2019,1,Wed,4,52.58286,13.41357,morning,10,daylight,0,dry,1,2,6,0,1,0,0,0,0,2,seriously_injured
2019,1,Wed,4,52.56742,13.46992,morning,9,daylight,0,dry,1,0,7,0,1,0,0,0,0,3,slightly_injured
2019,1,Wed,4,52.53671,13.27053,night,5,dark,2,dry,1,3,6,0,1,0,0,1,0,3,slightly_injured
2019,1,Wed,4,52.52927,13.2964,afternoon,16,daylight,0,dry,1,5,2,0,1,0,0,0,0,3,slightly_injured
2019,1,Wed,4,52.50037,13.41391,evening,18,dark,2,dry,1,5,3,0,1,0,0,0,0,3,slightly_injured
2019,1,Tue,3,52.54238,13.34826,afternoon,16,dusk,1,dry,0,6,4,0,1,1,0,0,0,2,seriously_injured
2019,1,Tue,3,52.56938,13.33037,evening,18,dark,2,dry,1,2,6,0,1,0,0,0,0,3,slightly_injured
2019,1,Wed,4,52.45685,13.43684,evening,18,dark,2,dry,1,2,6,0,1,0,0,0,0,3,slightly_injured
2019,1,Tue,3,52.51302,13.44917,morning,10,daylight,0,dry,1,1,5,1,1,0,0,0,0,3,slightly_injured
2019,1,Tue,3,52.51727,13.39073,morning,10,daylight,0,dry,1,6,4,1,0,1,0,0,0,3,slightly_injured
2019,1,Tue,3,52.50272,13.44684,morning,7,dark,2,dry,1,5,3,0,1,0,0,0,0,3,slightly_injured
2019,1,Tue,3,52.50715,13.39832,evening,22,dark,2,dry,1,6,2,0,1,1,0,0,0,3,slightly_injured
2019,1,Tue,3,52.54338,13.54885,evening,19,dark,2,dry,1,6,2,0,1,1,0,0,0,3,slightly_injured
2019,1,Tue,3,52.49557,13.35008,evening,20,dark,2,dry,1,6,7,0,1,1,0,0,0,3,slightly_injured
2019,1,Tue,3,52.62059,13.3059,evening,20,dark,2,dry,1,5,3,0,1,0,0,0,0,2,seriously_injured
2019,1,Tue,3,52.50216,13.34252,evening,20,dusk,1,dry,1,6,4,0,1,1,0,0,0,3,slightly_injured
2019,1,Tue,3,52.52632,13.47141,evening,19,dark,2,dry,1,1,5,1,1,0,0,0,0,3,slightly_injured
2019,1,Tue,3,52.56778,13.19166,evening,18,dark,2,dry,1,2,7,0,1,0,0,0,0,3,slightly_injured
2019,1,Tue,3,52.42591,13.37509,evening,18,dark,2,dry,1,2,6,0,1,0,0,0,0,3,slightly_injured
2019,1,Tue,3,52.53475,13.19976,evening,18,dark,2,dry,1,6,2,0,1,1,0,0,0,2,seriously_injured
2019,1,Tue,3,52.48092,13.31398,evening,18,dark,2,dry,1,6,2,0,1,1,0,0,0,3,slightly_injured
2019,1,Tue,3,52.45265,13.57414,evening,18,dark,2,dry,1,2,6,0,1,0,0,0,0,3,slightly_injured
2019,1,Tue,3,52.43931,13.30074,evening,18,dark,2,dry,1,2,6,0,1,0,0,0,0,3,slightly_injured
2019,1,Tue,3,52.45962,13.32652,evening,18,dark,2,dry,1,6,2,0,1,1,0,0,0,2,seriously_injured
2019,1,Tue,3,52.51516,13.35069,evening,18,dark,2,dry,1,5,3,0,1,0,0,0,0,3,slightly_injured
2019,1,Tue,3,52.48826,13.30165,evening,18,dark,2,dry,1,2,6,0,1,0,0,0,0,3,slightly_injured
2019,1,Tue,3,52.4692,13.45399,afternoon,17,dark,2,dry,1,5,3,1,1,0,0,0,0,3,slightly_injured
2019,1,Tue,3,52.45801,13.32749,afternoon,15,dusk,1,dry,1,6,4,0,1,1,0,0,0,2,seriously_injured
2019,1,Tue,3,52.54794,13.36158,morning,9,daylight,0,dry,1,5,2,0,1,0,0,0,1,3,slightly_injured
2019,1,Tue,3,52.51878,13.46177,afternoon,17,dark,2,dry,1,5,3,1,1,0,0,0,0,3,slightly_injured
2019,1,Tue,3,52.54385,13.38011,afternoon,17,dusk,1,dry,1,0,7,0,0,0,1,0,1,2,seriously_injured
2019,1,Tue,3,52.42114,13.25003,afternoon,17,dark,2,dry,1,6,4,0,1,1,0,0,0,2,seriously_injured
2019,1,Tue,3,52.50502,13.30718,afternoon,16,dark,2,dry,1,3,6,0,1,0,1,0,1,3,slightly_injured
2019,1,Tue,3,52.54498,13.4463,afternoon,16,dark,2,dry,1,6,4,0,1,1,0,0,0,2,seriously_injured
2019,1,Tue,3,52.57155,13.3798,afternoon,16,dark,2,dry,1,6,2,0,1,1,0,0,0,3,slightly_injured
2019,1,Tue,3,52.51837,13.40097,afternoon,15,daylight,0,dry,1,5,3,1,1,0,0,0,0,3,slightly_injured
2019,1,Tue,3,52.52617,13.34302,afternoon,14,daylight,0,dry,1,5,2,1,1,0,0,0,0,2,seriously_injured
2019,1,Tue,3,52.60956,13.32968,afternoon,13,daylight,0,dry,1,6,4,0,0,1,1,0,0,2,seriously_injured
2019,1,Tue,3,52.55646,13.51771,afternoon,13,daylight,0,dry,1,5,3,0,1,0,0,0,1,3,slightly_injured
2019,1,Tue,3,52.53064,13.34317,morning,11,daylight,0,dry,1,3,6,0,1,0,1,0,0,3,slightly_injured
2019,1,Tue,3,52.51417,13.26695,morning,11,daylight,0,dry,1,5,3,0,1,0,0,0,0,3,slightly_injured
2019,1,Tue,3,52.4757,13.28765,morning,11,daylight,0,dry,1,5,3,0,1,0,0,0,0,3,slightly_injured
2019,1,Tue,3,52.48602,13.36116,afternoon,12,daylight,0,dry,1,0,6,0,1,0,0,0,1,3,slightly_injured
2019,1,Tue,3,52.44137,13.59333,morning,6,dark,2,dry,1,6,2,0,1,1,0,0,0,3,slightly_injured
2019,1,Tue,3,52.48676,13.28447,afternoon,17,dark,2,dry,1,6,2,0,1,1,0,0,0,1,killed
2019,1,Mon,2,52.46179,13.51693,afternoon,17,dusk,1,dry,0,2,7,0,1,0,0,0,0,3,slightly_injured
2019,1,Mon,2,52.49849,13.35421,afternoon,16,dusk,1,dry,1,6,4,0,1,1,0,0,0,3,slightly_injured
2019,1,Mon,2,52.5205,13.58802,evening,18,dark,2,dry,1,6,4,0,1,1,0,0,0,2,seriously_injured
2019,1,Mon,2,52.4549,13.25022,evening,19,dark,2,dry,1,1,5,0,1,0,0,0,0,3,slightly_injured
2019,1,Mon,2,52.46024,13.27491,evening,19,dark,2,dry,1,2,6,0,1,0,0,0,0,3,slightly_injured
2019,1,Mon,2,52.54853,13.35526,evening,18,dark,2,dry,1,3,6,0,1,0,0,0,0,3,slightly_injured
2019,1,Mon,2,52.55092,13.16636,evening,21,dark,2,dry,1,9,1,0,1,0,0,0,0,2,seriously_injured
2019,1,Mon,2,52.48606,13.4306,evening,22,dark,2,dry,1,2,6,0,1,0,0,0,0,3,slightly_injured
2019,1,Mon,2,52.53902,13.34507,evening,21,dark,2,dry,1,5,2,1,0,0,0,0,0,3,slightly_injured
2019,1,Mon,2,52.59691,13.3604,evening,20,dark,2,dry,1,6,2,0,1,1,0,0,0,2,seriously_injured
2019,1,Mon,2,52.48169,13.44014,afternoon,15,daylight,0,dry,1,2,2,0,1,0,0,0,0,3,slightly_injured
2019,1,Mon,2,52.55312,13.48034,morning,8,dusk,1,dry,1,1,5,1,0,0,0,0,1,3,slightly_injured
2019,1,Mon,2,52.4611,13.13455,morning,7,dusk,1,dry,1,2,6,0,1,0,0,0,0,3,slightly_injured
2019,1,Mon,2,52.53017,13.45645,morning,11,daylight,0,dry,1,6,4,1,0,1,0,0,0,3,slightly_injured
2019,1,Mon,2,52.60693,13.31982,morning,8,daylight,0,dry,1,6,2,0,1,1,0,0,0,3,slightly_injured
2019,1,Mon,2,52.44954,13.31525,afternoon,17,dark,2,dry,1,2,2,0,1,0,0,0,0,3,slightly_injured
2019,1,Mon,2,52.50293,13.45454,afternoon,17,dark,2,dry,1,6,2,0,1,1,0,0,0,3,slightly_injured
2019,1,Mon,2,52.5101,13.3765,afternoon,17,dark,2,dry,1,5,2,1,1,0,0,0,0,3,slightly_injured
2019,1,Mon,2,52.57429,13.38977,afternoon,17,dark,2,dry,1,5,3,1,1,0,0,0,0,3,slightly_injured
2019,1,Mon,2,52.44559,13.30177,afternoon,17,dark,2,dry,1,1,5,0,1,0,0,0,0,3,slightly_injured
2019,1,Mon,2,52.50061,13.31305,afternoon,17,dark,2,dry,1,5,2,0,1,0,0,0,0,3,slightly_injured
2019,1,Mon,2,52.48413,13.53214,afternoon,16,dark,2,dry,1,3,6,1,1,0,0,0,0,3,slightly_injured
2019,1,Mon,2,52.5254,13.16119,afternoon,16,dusk,1,dry,1,5,3,0,1,0,0,0,0,3,slightly_injured
2019,1,Mon,2,52.55382,13.37507,afternoon,16,dusk,1,dry,1,5,2,1,1,0,0,0,0,3,slightly_injured
2019,1,Mon,2,52.59934,13.37198,morning,10,daylight,0,dry,1,5,7,0,1,0,0,0,0,3,slightly_injured
2019,1,Mon,2,52.48635,13.52894,afternoon,15,daylight,0,dry,1,5,3,1,1,0,0,0,0,3,slightly_injured
2019,1,Mon,2,52.40649,13.26826,afternoon,14,daylight,0,dry,1,2,2,0,1,0,0,0,0,3,slightly_injured
2019,1,Mon,2,52.56402,13.52573,morning,10,daylight,0,dry,1,5,3,0,1,0,0,0,0,3,slightly_injured
2019,1,Mon,2,52.48509,13.40436,afternoon,14,daylight,0,dry,1,4,1,0,1,0,0,0,0,3,slightly_injured
2019,1,Mon,2,52.52041,13.45941,morning,9,daylight,0,dry,1,0,1,0,0,0,1,0,0,2,seriously_injured
2019,1,Mon,2,52.54915,13.35444,afternoon,12,daylight,0,dry,1,2,6,0,1,0,0,0,0,3,slightly_injured
2019,1,Mon,2,52.48908,13.31591,morning,11,daylight,0,dry,1,5,2,0,1,0,1,0,0,3,slightly_injured
2019,1,Mon,2,52.51917,13.30139,afternoon,16,dark,2,dry,1,5,2,0,1,0,0,0,0,3,slightly_injured
2019,1,Mon,2,52.49953,13.43024,morning,9,dusk,1,dry,1,5,3,1,1,0,0,0,0,3,slightly_injured
2019,1,Mon,2,52.43074,13.26982,afternoon,15,daylight,0,dry,1,4,6,0,1,0,0,0,0,3,slightly_injured
2019,1,Mon,2,52.57787,13.31566,morning,11,daylight,0,dry,1,6,2,0,1,1,0,0,0,3,slightly_injured
2019,1,Mon,2,52.56066,13.32343,afternoon,15,dusk,1,dry,1,2,6,0,1,0,0,0,0,3,slightly_injured
2019,1,Mon,2,52.50741,13.33396,morning,9,daylight,0,dry,1,5,2,0,1,0,1,0,0,3,slightly_injured
2019,1,Mon,2,52.52882,13.39497,morning,8,daylight,0,dry,1,6,4,0,1,1,0,0,0,3,slightly_injured
2019,1,Mon,2,52.4144,13.31779,morning,8,daylight,0,dry,1,5,2,0,1,0,0,0,0,2,seriously_injured
2019,1,Mon,2,52.5201,13.32025,morning,8,dusk,1,dry,1,5,2,1,1,0,0,0,0,3,slightly_injured
2019,1,Mon,2,52.54012,13.37176,morning,8,daylight,0,dry,1,6,4,0,1,1,0,0,0,2,seriously_injured
2019,1,Mon,2,52.51777,13.31762,morning,7,dusk,1,dry,1,6,2,0,1,1,0,0,0,3,slightly_injured
2019,1,Mon,2,52.44117,13.42192,morning,7,dark,2,dry,1,6,4,0,1,1,0,0,0,2,seriously_injured
2019,1,Mon,2,52.53182,13.21381,morning,6,dark,2,dry,1,6,2,0,1,1,0,0,0,3,slightly_injured
2019,1,Mon,2,52.59106,13.29749,morning,6,dark,2,dry,1,5,3,0,1,0,1,0,0,3,slightly_injured
2019,1,Mon,2,52.53594,13.52309,evening,18,dark,2,dry,1,1,5,1,0,0,0,0,1,3,slightly_injured
2019,1,Mon,2,52.49841,13.39969,morning,11,daylight,0,dry,1,5,3,0,1,0,0,0,1,3,slightly_injured
2019,1,Sun,1,52.44667,13.6301,afternoon,13,daylight,0,dry,0,1,5,1,1,0,0,0,0,3,slightly_injured
2019,1,Sun,1,52.53361,13.38731,evening,18,dark,2,dry,0,2,6,0,1,0,0,0,0,3,slightly_injured
2019,1,Sun,1,52.54721,13.24778,afternoon,17,dark,2,dry,0,5,3,1,1,0,0,0,0,2,seriously_injured
2019,1,Sun,1,52.52069,13.43432,afternoon,16,dark,2,dry,0,2,6,0,1,0,0,0,0,3,slightly_injured
2019,1,Sun,1,52.51997,13.41635,afternoon,16,dark,2,dry,0,5,2,1,1,0,0,0,0,3,slightly_injured
2019,1,Sun,1,52.41675,13.26535,afternoon,14,daylight,0,dry,0,5,3,1,1,0,0,0,0,2,seriously_injured
2019,1,Sun,1,52.59583,13.33908,night,3,dark,2,dry,0,6,4,0,1,1,0,0,0,2,seriously_injured
2019,1,Sat,7,52.48653,13.35554,afternoon,14,daylight,0,dry,1,3,7,1,1,0,0,0,0,3,slightly_injured
2019,1,Sat,7,52.55659,13.36343,morning,11,daylight,0,dry,1,2,6,0,1,0,0,0,0,3,slightly_injured
2019,1,Sat,7,52.53975,13.34022,morning,9,daylight,0,dry,1,4,1,0,1,0,0,0,1,2,seriously_injured
2019,1,Sat,7,52.51244,13.41706,morning,6,dark,2,dry,1,5,3,1,1,0,0,0,0,3,slightly_injured
2019,1,Sat,7,52.4782,13.4259,night,0,dark,2,dry,1,2,2,0,1,0,0,1,0,3,slightly_injured
2019,1,Sat,7,52.47819,13.42603,evening,21,dark,2,dry,1,6,2,0,1,1,0,0,0,3,slightly_injured
2019,1,Sat,7,52.53672,13.41756,evening,18,dark,2,dry,1,6,7,0,1,1,0,0,0,3,slightly_injured
2019,1,Sat,7,52.51698,13.51905,afternoon,17,dark,2,dry,1,2,6,0,1,0,0,0,0,3,slightly_injured
2019,1,Sat,7,52.54757,13.18484,afternoon,17,dark,2,dry,1,2,6,0,1,0,0,0,0,3,slightly_injured
2019,1,Sat,7,52.44305,13.31581,afternoon,17,dark,2,dry,2,6,4,0,1,1,0,0,0,3,slightly_injured
2019,1,Fri,6,52.55039,13.57286,evening,19,dark,2,dry,1,0,1,0,0,0,1,0,0,2,seriously_injured
2019,1,Fri,6,52.56774,13.3621,afternoon,12,daylight,0,dry,0,5,2,1,1,0,0,0,0,3,slightly_injured
2019,1,Fri,6,52.46343,13.40315,evening,22,dark,2,dry,1,5,3,0,1,0,0,0,0,3,slightly_injured
2019,1,Fri,6,52.52797,13.12552,evening,21,dark,2,dry,1,8,1,0,1,0,0,0,0,3,slightly_injured
2019,1,Fri,6,52.52859,13.37632,evening,21,dark,2,dry,1,3,6,0,0,0,1,0,1,3,slightly_injured
2019,1,Fri,6,52.56665,13.31722,evening,20,dark,2,dry,1,6,4,0,1,1,0,0,0,2,seriously_injured
2019,1,Fri,6,52.50862,13.46154,evening,18,dark,2,dry,1,6,4,1,0,1,0,0,0,3,slightly_injured
2019,1,Fri,6,52.56924,13.52641,afternoon,13,daylight,0,dry,1,5,2,1,1,0,0,0,0,3,slightly_injured
2019,1,Fri,6,52.52114,13.59873,afternoon,15,daylight,0,dry,1,5,3,1,1,0,0,0,0,3,slightly_injured
2019,1,Fri,6,52.54783,13.30554,afternoon,14,daylight,0,dry,1,1,5,0,1,0,0,0,0,3,slightly_injured
2019,1,Fri,6,52.4841,13.29402,afternoon,15,dusk,1,dry,1,5,3,1,1,0,0,0,0,3,slightly_injured
2019,1,Fri,6,52.56262,13.36424,afternoon,14,daylight,0,dry,1,6,2,0,1,1,0,0,0,3,slightly_injured
2019,1,Fri,6,52.49918,13.44024,afternoon,16,dark,2,dry,1,6,4,1,0,1,0,0,0,3,slightly_injured
2019,1,Fri,6,52.50086,13.40854,afternoon,13,daylight,0,dry,1,0,7,0,1,0,1,0,0,3,slightly_injured
2019,1,Fri,6,52.50237,13.29697,morning,10,daylight,0,dry,1,5,5,0,1,0,0,0,0,3,slightly_injured
2019,1,Fri,6,52.51899,13.28972,afternoon,13,daylight,0,dry,1,5,5,0,1,0,0,1,0,3,slightly_injured
2019,1,Fri,6,52.44994,13.34665,afternoon,14,daylight,0,dry,1,2,3,0,1,0,0,0,0,3,slightly_injured
2019,1,Fri,6,52.56286,13.3533,afternoon,13,daylight,0,dry,1,1,5,0,1,0,0,0,0,3,slightly_injured
2019,1,Fri,6,52.56841,13.49873,morning,8,dusk,1,dry,1,5,3,0,1,0,0,0,1,3,slightly_injured
2019,1,Fri,6,52.50553,13.51161,night,5,dark,2,dry,1,5,3,1,1,0,0,0,0,3,slightly_injured
2019,1,Fri,6,52.55349,13.15355,night,5,dark,2,dry,0,6,2,0,1,1,0,0,0,3,slightly_injured
2019,1,Fri,6,52.47611,13.44765,afternoon,12,daylight,0,dry,1,5,3,0,1,0,0,0,1,3,slightly_injured
2019,1,Thu,5,52.48884,13.4229,morning,11,daylight,0,dry,0,0,6,0,1,0,0,0,1,3,slightly_injured
2019,1,Thu,5,52.55017,13.38528,afternoon,15,daylight,0,dry,0,2,6,0,1,0,0,0,0,3,slightly_injured
2019,1,Thu,5,52.53582,13.20522,afternoon,15,daylight,0,dry,0,5,2,0,1,0,1,0,0,2,seriously_injured
2019,1,Thu,5,52.46824,13.4469,evening,22,dark,2,dry,0,5,2,0,1,0,0,0,0,3,slightly_injured
2019,1,Thu,5,52.47635,13.28171,afternoon,14,daylight,0,dry,0,5,3,1,1,0,0,0,0,2,seriously_injured
2019,1,Thu,5,52.45712,13.57824,afternoon,14,daylight,0,dry,0,5,3,1,1,0,0,0,0,3,slightly_injured
2019,1,Thu,5,52.49998,13.32487,afternoon,14,daylight,0,dry,1,5,2,0,1,0,0,0,0,3,slightly_injured
2019,1,Thu,5,52.53317,13.45351,afternoon,12,daylight,0,dry,0,6,4,0,1,1,0,0,0,2,seriously_injured
2019,1,Thu,5,52.4577,13.62555,evening,19,dark,2,dry,0,6,4,0,1,1,0,0,0,3,slightly_injured
2019,1,Thu,5,52.5043,13.35121,afternoon,13,daylight,0,dry,1,5,2,0,1,0,1,0,0,3,slightly_injured
2019,1,Thu,5,52.5493,13.16337,afternoon,17,dark,2,dry,0,6,4,0,1,1,0,0,0,2,seriously_injured
2019,1,Thu,5,52.52938,13.46167,afternoon,17,dark,2,dry,0,5,2,1,1,0,0,0,0,3,slightly_injured
2019,1,Thu,5,52.60351,13.33431,evening,21,dark,2,dry,0,0,1,0,0,0,1,0,0,2,seriously_injured
2019,1,Thu,5,52.53563,13.35676,morning,11,daylight,0,dry,1,5,2,0,1,0,0,0,0,3,slightly_injured
2019,1,Thu,5,52.50045,13.34806,morning,11,daylight,0,dry,1,6,7,0,1,1,0,0,0,3,slightly_injured
2019,1,Thu,5,52.51924,13.27256,morning,10,daylight,0,dry,0,5,3,1,1,0,0,0,0,2,seriously_injured
2019,1,Thu,5,52.4529,13.37761,morning,8,daylight,0,dry,0,3,6,1,0,0,0,0,1,3,slightly_injured
2019,1,Thu,5,52.41352,13.47385,morning,8,daylight,0,dry,0,5,3,1,1,0,0,0,0,3,slightly_injured
2019,1,Thu,5,52.53242,13.14158,morning,6,dark,2,dry,0,5,2,0,1,0,0,0,0,3,slightly_injured
2019,1,Thu,5,52.5254,13.36549,morning,6,dark,2,dry,0,6,2,0,1,1,0,0,0,3,slightly_injured
2019,1,Wed,4,52.4666,13.43334,evening,21,dark,2,dry,0,1,5,1,1,0,0,0,0,3,slightly_injured
2019,1,Wed,4,52.53239,13.4309,evening,18,dark,2,dry,1,0,5,0,1,0,1,0,0,3,slightly_injured
2019,1,Wed,4,52.51377,13.31814,evening,18,dark,2,dry,0,5,3,1,1,0,0,0,0,3,slightly_injured
2019,1,Wed,4,52.52521,13.44347,afternoon,16,dark,2,dry,1,2,6,0,1,0,0,0,0,3,slightly_injured
2019,1,Wed,4,52.51716,13.38881,afternoon,14,daylight,0,dry,0,3,6,0,1,0,0,0,0,3,slightly_injured
2019,1,Wed,4,52.44349,13.29614,afternoon,13,daylight,0,dry,1,2,6,0,1,0,0,0,0,3,slightly_injured
2019,1,Wed,4,52.46919,13.43566,afternoon,12,daylight,0,dry,1,5,3,0,1,0,0,0,0,3,slightly_injured
2019,1,Wed,4,52.47687,13.28117,afternoon,12,daylight,0,dry,0,6,2,0,1,1,0,0,0,3,slightly_injured
2019,1,Wed,4,52.52853,13.51948,afternoon,12,daylight,0,dry,1,2,6,0,1,0,0,0,1,3,slightly_injured
2019,1,Wed,4,52.51002,13.3249,morning,11,daylight,0,dry,1,6,4,0,0,1,0,0,1,2,seriously_injured
2019,1,Wed,4,52.412,13.41074,morning,10,daylight,0,dry,1,5,3,0,1,0,0,0,0,3,slightly_injured
2019,1,Wed,4,52.41043,13.26707,morning,7,dusk,1,dry,1,2,7,0,1,0,0,0,0,3,slightly_injured
2019,1,Wed,4,52.50947,13.49982,afternoon,13,daylight,0,dry,0,4,7,0,1,0,0,0,0,3,slightly_injured
2019,1,Tue,3,52.63153,13.29858,afternoon,16,dark,2,dry,1,4,1,0,1,0,0,0,0,3,slightly_injured
2019,1,Tue,3,52.47162,13.32886,afternoon,17,dark,2,dry,1,2,6,0,1,0,0,0,0,2,seriously_injured
2019,1,Tue,3,52.44687,13.3423,afternoon,17,dark,2,dry,1,6,2,0,1,1,0,0,0,3,slightly_injured
2019,1,Tue,3,52.41511,13.49793,afternoon,16,dark,2,dry,1,5,3,0,1,0,0,0,0,3,slightly_injured
2019,1,Tue,3,52.52773,13.23157,morning,6,dark,2,dry,1,2,6,0,1,0,0,0,0,3,slightly_injured
2019,1,Tue,3,52.50517,13.40526,night,5,dark,2,dry,1,5,3,0,1,0,0,0,0,3,slightly_injured
2019,1,Tue,3,52.5239,13.36826,afternoon,17,dark,2,dry,1,1,5,0,1,0,0,0,0,3,slightly_injured
2019,1,Tue,3,52.50922,13.4232,night,2,dark,2,dry,1,6,4,0,1,1,0,0,0,2,seriously_injured
2019,1,Tue,3,52.54259,13.36624,night,3,dark,2,dry,1,6,2,0,1,1,0,0,0,3,slightly_injured
2019,1,Wed,4,52.48668,13.36215,afternoon,15,daylight,0,dry,1,1,5,1,1,0,0,0,0,3,slightly_injured
2019,1,Tue,3,52.50272,13.44669,night,4,dark,2,dry,1,5,2,0,1,0,0,0,0,3,slightly_injured
2019,1,Tue,3,52.48134,13.34488,night,0,dark,2,dry,1,6,4,0,1,1,0,0,0,2,seriously_injured
2019,1,Tue,3,52.39377,13.40676,night,1,dark,2,dry,1,5,3,0,1,0,0,0,1,2,seriously_injured
2019,1,Tue,3,52.51537,13.38607,night,3,dark,2,dry,1,5,3,0,1,0,0,0,1,3,slightly_injured
2019,1,Wed,4,52.52722,13.34334,afternoon,15,daylight,0,dry,1,2,6,0,1,0,0,0,0,3,slightly_injured
2019,1,Wed,4,52.45869,13.35495,afternoon,15,daylight,0,dry,1,2,6,0,1,0,0,0,0,3,slightly_injured
2019,1,Wed,4,52.53751,13.24791,afternoon,14,daylight,0,dry,0,5,3,0,1,0,0,0,0,3,slightly_injured
2019,1,Wed,4,52.53331,13.16494,afternoon,14,daylight,0,dry,1,5,3,0,1,0,0,0,1,3,slightly_injured
2019,1,Wed,4,52.53444,13.29296,afternoon,17,dark,2,dry,1,0,7,0,1,0,0,0,0,2,seriously_injured
2019,1,Wed,4,52.6297,13.38269,afternoon,13,daylight,0,dry,1,5,3,0,1,0,0,0,0,3,slightly_injured
2019,1,Wed,4,52.4469,13.43477,afternoon,13,daylight,0,dry,1,5,7,0,1,0,0,0,0,3,slightly_injured
2019,1,Wed,4,52.49622,13.38837,afternoon,13,daylight,0,dry,1,5,7,0,1,0,1,0,0,3,slightly_injured
2019,1,Wed,4,52.4514,13.26273,afternoon,12,daylight,0,dry,1,5,3,0,1,0,0,0,0,3,slightly_injured
2019,1,Wed,4,52.53772,13.32637,afternoon,16,dusk,1,dry,1,2,6,0,1,0,0,0,0,3,slightly_injured
2019,1,Wed,4,52.5885,13.43017,evening,18,dark,2,dry,1,2,2,0,1,0,0,0,0,3,slightly_injured
2019,1,Wed,4,52.51577,13.42674,evening,18,dark,2,dry,1,5,3,0,1,0,0,0,0,3,slightly_injured
2019,1,Wed,4,52.50171,13.31965,afternoon,12,daylight,0,dry,1,2,6,0,1,0,0,0,0,3,slightly_injured
2019,1,Fri,6,52.53295,13.47628,evening,19,dark,2,dry,1,0,1,0,1,0,0,0,0,3,slightly_injured
2019,1,Fri,6,52.51308,13.38254,afternoon,17,dark,2,dry,1,1,5,1,1,0,0,0,0,2,seriously_injured
2019,1,Fri,6,52.56704,13.34796,afternoon,17,dark,2,dry,1,1,5,0,1,0,0,0,0,3,slightly_injured
2019,1,Fri,6,52.51002,13.40046,afternoon,17,dark,2,dry,0,5,3,0,1,0,0,0,0,3,slightly_injured
2019,1,Fri,6,52.44165,13.59929,afternoon,16,daylight,0,dry,0,0,6,0,1,0,0,0,1,3,slightly_injured
2019,1,Fri,6,52.52593,13.20706,afternoon,15,daylight,0,dry,0,1,1,0,1,0,0,1,0,2,seriously_injured
2019,1,Fri,6,52.42097,13.22783,afternoon,15,daylight,0,dry,2,0,1,0,0,0,1,0,0,3,slightly_injured
2019,1,Fri,6,52.53081,13.62076,afternoon,14,daylight,0,dry,0,2,2,0,1,0,0,0,0,3,slightly_injured
2019,1,Fri,6,52.52008,13.55604,afternoon,14,daylight,0,dry,1,5,2,1,1,0,0,0,0,3,slightly_injured
2019,1,Fri,6,52.52327,13.30725,afternoon,14,daylight,0,dry,0,1,5,0,1,0,0,0,0,3,slightly_injured
2019,1,Fri,6,52.51182,13.40256,afternoon,13,daylight,0,dry,0,5,2,0,1,0,0,0,0,3,slightly_injured
2019,1,Fri,6,52.53763,13.47215,afternoon,13,daylight,0,dry,0,5,7,0,1,0,0,0,1,3,slightly_injured
2019,1,Fri,6,52.55264,13.20887,afternoon,13,daylight,0,dry,0,2,6,0,1,0,0,0,0,2,seriously_injured
2019,1,Fri,6,52.526,13.36751,afternoon,12,daylight,0,dry,0,5,2,1,0,0,0,1,0,3,slightly_injured
2019,1,Fri,6,52.49895,13.42215,night,0,dark,2,dry,1,5,3,1,1,0,0,0,0,3,slightly_injured
2019,1,Fri,6,52.50239,13.46936,morning,6,dark,2,dry,1,6,4,0,1,1,0,0,0,3,slightly_injured
2019,1,Fri,6,52.52435,13.58396,morning,6,dark,2,dry,1,6,2,0,1,1,0,0,0,3,slightly_injured
2019,1,Fri,6,52.61366,13.40753,morning,7,dusk,1,dry,2,5,3,1,1,0,0,0,0,3,slightly_injured
2019,1,Fri,6,52.49046,13.34301,morning,7,dusk,1,dry,1,6,2,0,1,1,0,0,0,3,slightly_injured
2019,1,Fri,6,52.52318,13.43357,morning,7,dusk,1,dry,1,6,4,0,1,1,0,0,0,2,seriously_injured
2019,1,Fri,6,52.47166,13.33554,morning,8,daylight,0,dry,1,6,2,0,1,1,0,0,0,3,slightly_injured
2019,1,Fri,6,52.51459,13.41788,morning,8,daylight,0,dry,1,6,4,1,0,1,0,0,0,3,slightly_injured
2019,1,Fri,6,52.49206,13.35166,morning,8,daylight,0,dry,0,1,5,1,1,0,0,0,0,3,slightly_injured