ujahr,umonat,weekday,uwochentag,long,lat,time_of_day,ustunde,light_condition,ulichtverh,street_condition,ustrzustand,uart,utyp1,ist_rad,ist_pkw,ist_fuss,ist_krad,ist_gkfz,ist_sonstige,ukategorie,accident_outcome
2019,1,Fri,6,52.51885,13.56387,morning,9,daylight,0,dry,1,5,2,0,1,0,0,0,0,3,slightly_injured
2019,1,Fri,6,52.50822,13.39885,morning,11,daylight,0,dry,0,2,7,0,1,0,0,0,0,3,slightly_injured
2019,1,Fri,6,52.42887,13.46626,morning,10,daylight,0,dry,1,2,6,0,1,0,0,0,1,3,slightly_injured
2019,1,Fri,6,52.55413,13.29324,afternoon,12,daylight,0,dry,0,5,3,0,1,0,0,0,1,3,slightly_injured
2019,1,Sun,1,52.50582,13.36803,morning,10,daylight,0,dry,0,5,3,0,1,0,0,0,0,3,slightly_injured
2019,1,Fri,6,52.5136,13.44107,morning,10,daylight,0,dry,0,1,7,0,1,0,0,0,0,3,slightly_injured
2019,1,Thu,5,52.53833,13.34434,morning,7,dark,2,dry,1,5,2,1,1,0,0,0,0,3,slightly_injured
2019,1,Thu,5,52.52375,13.35685,night,5,dark,2,dry,1,5,2,0,1,0,0,0,0,3,slightly_injured
2019,1,Thu,5,52.50449,13.30735,evening,21,dark,2,dry,1,6,2,0,1,1,0,0,0,3,slightly_injured
2019,1,Thu,5,52.42426,13.58678,evening,20,dark,2,dry,1,3,6,1,1,0,0,0,0,2,seriously_injured
2019,1,Thu,5,52.46577,13.32926,evening,19,dark,2,dry,1,6,7,0,1,1,0,0,0,3,slightly_injured
2019,1,Thu,5,52.56958,13.56859,evening,19,dark,2,dry,1,6,3,0,1,1,0,0,0,3,slightly_injured
2019,1,Thu,5,52.56854,13.52083,evening,18,dark,2,dry,1,6,2,0,1,1,0,0,0,2,seriously_injured
2019,1,Sat,7,52.64071,13.49555,evening,18,dark,2,dry,1,4,6,0,1,0,0,0,0,3,slightly_injured
2019,1,Thu,5,52.55642,13.36389,evening,19,dark,2,dry,1,2,6,0,1,0,0,0,0,3,slightly_injured
2019,1,Thu,5,52.55625,13.38148,evening,18,dusk,1,dry,1,5,3,1,1,0,0,0,0,3,slightly_injured
2019,1,Thu,5,52.50543,13.38659,evening,18,dark,2,dry,1,5,2,1,1,0,0,0,0,3,slightly_injured
2019,1,Thu,5,52.46792,13.44389,evening,18,dark,2,dry,1,5,7,0,1,0,1,0,0,3,slightly_injured
2019,1,Thu,5,52.46916,13.49138,evening,18,dark,2,dry,1,6,2,0,1,1,0,0,0,2,seriously_injured
2019,1,Thu,5,52.52019,13.38535,evening,18,dark,2,dry,1,3,6,1,1,0,0,0,0,3,slightly_injured
2019,1,Thu,5,52.52427,13.44085,evening,18,dark,2,dry,1,0,2,0,1,0,0,0,1,2,seriously_injured
2019,1,Thu,5,52.51294,13.30496,afternoon,13,daylight,0,dry,0,6,2,0,1,1,0,0,0,3,slightly_injured
2019,1,Thu,5,52.53053,13.38288,morning,11,daylight,0,dry,0,6,4,0,0,1,0,0,1,2,seriously_injured
2019,1,Thu,5,52.43487,13.34186,afternoon,12,daylight,0,dry,0,1,5,1,1,0,0,0,0,3,slightly_injured
2019,1,Thu,5,52.49851,13.33069,afternoon,14,daylight,0,dry,0,5,7,0,1,0,0,0,0,2,seriously_injured
2019,1,Sat,7,52.49513,13.28906,evening,18,dark,2,dry,0,1,5,1,1,0,0,0,1,3,slightly_injured
2019,1,Thu,5,52.41029,13.26717,afternoon,14,daylight,0,dry,0,2,3,1,1,0,0,0,0,2,seriously_injured
2019,1,Thu,5,52.52755,13.32721,afternoon,15,daylight,0,dry,1,1,5,1,1,0,0,0,0,3,slightly_injured
2019,1,Thu,5,52.44725,13.36196,afternoon,15,daylight,0,dry,0,5,2,0,1,0,1,0,0,3,slightly_injured
2019,1,Sun,1,52.38667,13.39546,afternoon,14,daylight,0,dry,0,6,2,0,1,1,0,0,0,2,seriously_injured
2019,1,Thu,5,52.48631,13.32239,afternoon,16,daylight,0,dry,0,6,2,0,1,1,0,0,0,2,seriously_injured
2019,1,Thu,5,52.42478,13.37326,afternoon,16,dusk,1,dry,0,0,2,0,1,0,0,0,1,3,slightly_injured
2019,1,Thu,5,52.49954,13.33824,afternoon,17,dusk,1,dry,1,2,1,0,1,0,0,0,0,3,slightly_injured
2019,1,Thu,5,52.47797,13.27777,afternoon,17,dusk,1,dry,1,1,5,0,1,0,0,0,0,3,slightly_injured
2019,1,Thu,5,52.42667,13.52247,afternoon,17,dusk,1,dry,1,2,6,0,1,0,1,0,0,2,seriously_injured
2019,1,Thu,5,52.45258,13.45245,afternoon,17,dusk,1,dry,1,8,1,0,1,0,0,0,0,3,slightly_injured
2019,1,Thu,5,52.57143,13.55605,morning,10,daylight,0,dry,0,9,1,0,1,0,0,0,0,2,seriously_injured
2019,1,Wed,4,52.41677,13.48087,evening,22,dark,2,dry,0,1,1,0,1,0,0,0,1,2,seriously_injured
2019,1,Wed,4,52.54378,13.37731,evening,21,dark,2,dry,0,6,4,1,0,1,0,0,0,2,seriously_injured
2019,1,Wed,4,52.52793,13.40876,evening,21,dark,2,dry,0,1,5,1,1,0,0,0,0,3,slightly_injured
2019,1,Wed,4,52.55217,13.42809,evening,21,dark,2,dry,0,5,3,1,1,0,0,0,0,3,slightly_injured
2019,1,Wed,4,52.52727,13.37203,afternoon,17,dark,2,dry,0,2,6,0,1,0,0,0,0,3,slightly_injured
2019,1,Wed,4,52.52828,13.22824,afternoon,14,daylight,0,dry,0,2,6,0,1,0,0,0,1,3,slightly_injured
2019,1,Wed,4,52.51626,13.47939,afternoon,15,daylight,0,dry,0,5,2,0,1,0,0,0,0,3,slightly_injured
2019,1,Wed,4,52.61032,13.23102,afternoon,14,daylight,0,dry,0,2,3,1,1,0,0,0,0,3,slightly_injured
2019,1,Wed,4,52.51158,13.28146,afternoon,13,daylight,0,dry,0,5,3,0,1,0,0,0,0,3,slightly_injured
2019,1,Wed,4,52.52268,13.18727,afternoon,13,daylight,0,dry,0,5,3,0,1,0,0,0,1,3,slightly_injured
2019,1,Wed,4,52.51642,13.32395,morning,11,daylight,0,dry,1,6,4,0,1,1,0,0,0,3,slightly_injured
2019,1,Wed,4,52.46578,13.42639,morning,10,daylight,0,dry,1,6,4,0,1,1,0,0,0,3,slightly_injured
2019,1,Wed,4,52.54701,13.42493,morning,7,dusk,1,dry,1,5,3,1,1,0,0,0,0,3,slightly_injured
2019,1,Wed,4,52.41579,13.35155,afternoon,12,daylight,0,dry,0,6,2,0,1,1,0,0,0,3,slightly_injured
2019,1,Wed,4,52.43351,13.27621,morning,9,daylight,0,dry,1,6,2,0,0,1,1,0,0,3,slightly_injured
2019,1,Wed,4,52.54634,13.51507,morning,7,dusk,1,dry,1,5,2,0,1,0,0,1,0,3,slightly_injured
2019,1,Sat,7,52.41269,13.39259,afternoon,17,dark,2,dry,0,5,2,1,0,0,0,0,1,3,slightly_injured
2019,1,Wed,4,52.54542,13.43548,morning,7,dusk,1,dry,1,6,4,0,1,1,0,0,0,3,slightly_injured
2019,1,Wed,4,52.53177,13.61565,morning,7,dusk,1,dry,1,5,3,1,1,0,0,0,0,3,slightly_injured
2019,1,Wed,4,52.57036,13.36084,morning,8,daylight,0,dry,1,5,2,0,1,0,0,0,0,3,slightly_injured
2019,1,Wed,4,52.46881,13.31983,morning,9,daylight,0,dry,1,5,3,0,1,0,0,0,0,3,slightly_injured
2019,1,Wed,4,52.48739,13.42682,afternoon,15,daylight,0,dry,0,6,2,0,0,1,0,0,1,3,slightly_injured
2019,1,Tue,3,52.55517,13.39126,afternoon,12,daylight,0,dry,0,5,2,1,1,0,0,0,0,3,slightly_injured
2019,1,Tue,3,52.52136,13.38808,evening,22,dark,2,dry,1,0,1,0,0,0,1,0,0,2,seriously_injured
2019,1,Tue,3,52.56538,13.2092,evening,18,dark,2,dry,1,6,2,0,1,1,0,0,0,3,slightly_injured
2019,1,Tue,3,52.51909,13.16742,afternoon,17,dark,2,dry,1,9,1,0,1,0,0,0,0,3,slightly_injured
2019,1,Tue,3,52.53063,13.51928,afternoon,12,daylight,0,dry,1,2,2,0,1,0,0,0,0,3,slightly_injured
2019,1,Tue,3,52.51804,13.25795,evening,20,dark,2,dry,1,0,3,0,0,0,1,0,1,3,slightly_injured
2019,1,Sat,7,52.42666,13.39417,afternoon,17,dusk,1,dry,0,5,2,0,1,0,0,0,0,3,slightly_injured
2019,1,Tue,3,52.43642,13.37499,evening,20,dark,2,dry,0,5,3,0,1,0,0,0,1,3,slightly_injured
2019,1,Tue,3,52.50839,13.23367,afternoon,16,dark,2,dry,1,0,1,0,0,0,1,0,0,3,slightly_injured
2019,1,Tue,3,52.54083,13.56989,afternoon,16,dark,2,dry,1,6,2,0,1,1,0,0,0,2,seriously_injured
2019,1,Tue,3,52.5709,13.29921,afternoon,16,daylight,0,dry,1,0,5,0,1,0,1,0,0,3,slightly_injured
2019,1,Tue,3,52.50063,13.33086,afternoon,14,daylight,0,dry,1,2,2,0,0,0,0,1,1,3,slightly_injured
2019,1,Tue,3,52.54064,13.26291,afternoon,14,daylight,0,dry,1,0,2,0,1,0,0,0,1,3,slightly_injured
2019,1,Tue,3,52.5924,13.28153,afternoon,14,daylight,0,dry,1,1,5,0,1,0,0,0,0,3,slightly_injured
2019,1,Tue,3,52.52873,13.44924,afternoon,13,daylight,0,dry,1,5,3,0,1,0,0,0,0,3,slightly_injured
2019,1,Tue,3,52.48089,13.43544,morning,10,daylight,0,dry,1,0,7,0,1,0,0,0,0,3,slightly_injured
2019,1,Tue,3,52.5099,13.4644,morning,10,dusk,1,dry,1,5,3,1,1,0,0,0,0,3,slightly_injured
2019,1,Tue,3,52.55447,13.43673,morning,10,daylight,0,dry,1,1,5,1,1,0,0,0,0,3,slightly_injured
2019,1,Tue,3,52.57352,13.42206,morning,9,daylight,0,dry,1,5,3,0,1,0,0,0,0,3,slightly_injured
2019,1,Tue,3,52.52397,13.41174,night,5,dark,2,dry,0,5,2,0,0,0,0,0,1,3,slightly_injured
2019,1,Tue,3,52.50479,13.44524,evening,22,dark,2,dry,1,6,3,0,1,1,0,0,0,3,slightly_injured
2019,1,Tue,3,52.54276,13.43472,afternoon,17,dusk,1,dry,1,2,2,0,1,0,0,1,0,3,slightly_injured
2019,1,Tue,3,52.43506,13.32094,afternoon,17,dusk,1,dry,1,6,4,0,1,1,0,0,0,3,slightly_injured
2019,1,Tue,3,52.59663,13.35487,afternoon,17,dusk,1,dry,1,6,4,0,1,1,0,0,0,2,seriously_injured
2019,1,Tue,3,52.47276,13.45506,afternoon,15,daylight,0,dry,1,6,4,0,1,1,0,0,0,3,slightly_injured
2019,1,Tue,3,52.51283,13.28134,afternoon,17,dusk,1,dry,1,5,2,0,1,0,0,0,0,2,seriously_injured
2019,1,Tue,3,52.55108,13.16548,afternoon,17,dark,2,dry,1,6,2,0,1,1,0,0,0,3,slightly_injured
2019,1,Tue,3,52.50787,13.39423,evening,18,dusk,1,dry,1,6,7,0,1,1,0,0,0,3,slightly_injured
2019,1,Tue,3,52.50531,13.33042,evening,18,dusk,1,dry,1,6,7,0,1,1,0,0,0,3,slightly_injured
2019,1,Tue,3,52.55016,13.2362,evening,19,dark,2,dry,1,4,1,0,1,0,0,0,0,3,slightly_injured
2019,1,Tue,3,52.50991,13.38424,evening,22,dark,2,dry,1,6,2,0,1,1,0,0,0,3,slightly_injured
2019,1,Tue,3,52.48157,13.43985,evening,23,dark,2,dry,1,6,4,0,1,1,0,0,0,3,slightly_injured
2019,1,Tue,3,52.4257,13.54527,evening,23,dark,2,dry,1,5,2,1,1,0,0,0,0,3,slightly_injured
2019,1,Mon,2,52.5342,13.34333,evening,22,dark,2,dry,0,0,7,0,1,0,0,0,0,3,slightly_injured
2019,1,Mon,2,52.50963,13.35114,evening,21,dark,2,dry,0,5,2,1,1,0,0,0,0,3,slightly_injured
2019,1,Mon,2,52.49936,13.30405,afternoon,17,dark,2,dry,0,6,7,0,1,1,0,0,0,3,slightly_injured
2019,1,Mon,2,52.41778,13.4778,morning,6,dark,2,dry,1,5,3,0,1,0,0,0,0,3,slightly_injured
2019,1,Mon,2,52.5789,13.3333,morning,7,daylight,0,dry,1,5,3,0,1,0,0,0,1,3,slightly_injured
2019,1,Mon,2,52.41114,13.38296,morning,8,daylight,0,dry,1,6,4,0,0,1,0,1,0,3,slightly_injured
2019,1,Mon,2,52.51637,13.3532,morning,9,daylight,0,dry,1,6,4,1,0,1,0,0,0,3,slightly_injured
2019,1,Mon,2,52.41457,13.40106,morning,9,daylight,0,dry,0,5,2,0,1,0,0,0,1,2,seriously_injured
2019,1,Mon,2,52.43086,13.34652,evening,18,dark,2,dry,0,6,2,0,1,1,0,0,0,2,seriously_injured
2019,1,Mon,2,52.49936,13.33585,afternoon,17,dark,2,dry,1,2,6,0,1,0,0,0,0,3,slightly_injured
2019,1,Mon,2,52.44287,13.38053,afternoon,17,dark,2,dry,0,5,3,0,1,0,0,0,0,3,slightly_injured
2019,1,Mon,2,52.54321,13.43515,afternoon,17,dark,2,dry,1,6,4,0,1,1,0,0,0,3,slightly_injured
2019,1,Mon,2,52.5213,13.40444,evening,20,dark,2,dry,0,6,7,0,1,1,0,0,0,3,slightly_injured
2019,1,Mon,2,52.47199,13.45135,afternoon,17,dark,2,dry,1,6,4,0,1,1,0,0,0,3,slightly_injured
2019,1,Mon,2,52.46863,13.37813,afternoon,16,dark,2,dry,1,6,4,0,1,1,0,0,0,3,slightly_injured
2019,1,Sat,7,52.51297,13.28688,afternoon,16,dusk,1,dry,0,5,2,0,1,0,0,0,0,2,seriously_injured
2019,1,Mon,2,52.4571,13.57805,afternoon,16,daylight,0,dry,2,6,4,0,1,1,0,0,0,3,slightly_injured
2019,1,Mon,2,52.434,13.55309,afternoon,16,daylight,0,dry,1,5,3,0,1,0,0,0,0,3,slightly_injured
2019,1,Mon,2,52.44546,13.38248,afternoon,16,dark,2,dry,0,6,4,0,1,1,0,0,0,2,seriously_injured
2019,1,Mon,2,52.53982,13.53974,afternoon,14,daylight,0,dry,1,5,3,0,1,0,0,0,0,3,slightly_injured
2019,1,Mon,2,52.50454,13.25752,afternoon,15,daylight,0,dry,0,6,4,0,1,1,0,0,0,3,slightly_injured
2019,1,Mon,2,52.63276,13.50031,afternoon,14,daylight,0,dry,1,5,2,0,1,0,0,0,0,3,slightly_injured
2019,1,Mon,2,52.50713,13.42874,afternoon,13,daylight,0,dry,1,0,6,0,1,0,1,0,0,3,slightly_injured
2019,1,Mon,2,52.54289,13.19855,afternoon,13,daylight,0,dry,0,5,2,0,1,0,0,0,0,3,slightly_injured
2019,1,Sat,7,52.52265,13.4096,afternoon,14,daylight,0,dry,0,0,3,0,1,0,0,0,1,2,seriously_injured
2019,1,Mon,2,52.47839,13.43271,afternoon,13,daylight,0,dry,0,5,3,0,1,0,1,0,0,2,seriously_injured
2019,1,Mon,2,52.38728,13.40943,morning,11,daylight,0,dry,0,5,2,1,1,0,0,0,0,3,slightly_injured
2019,1,Sat,7,52.42782,13.35526,afternoon,13,daylight,0,dry,0,2,1,0,1,0,0,0,0,3,slightly_injured
2019,1,Mon,2,52.47536,13.35975,morning,11,daylight,0,dry,0,5,2,0,1,0,0,0,1,3,slightly_injured
2019,1,Mon,2,52.51775,13.20169,morning,7,dusk,1,dry,0,0,5,0,1,0,0,0,0,3,slightly_injured
2019,1,Mon,2,52.5486,13.45274,morning,10,daylight,0,dry,1,6,4,0,1,1,0,0,0,3,slightly_injured
2019,1,Sun,1,52.6102,13.33226,afternoon,15,dusk,1,dry,1,5,3,0,1,0,0,0,0,3,slightly_injured
2019,1,Sun,1,52.52382,13.4239,evening,22,dark,2,dry,1,5,3,1,0,0,0,0,1,3,slightly_injured
2019,1,Sun,1,52.51589,13.48513,evening,20,dark,2,dry,1,5,2,0,1,0,0,0,0,2,seriously_injured
2019,1,Sun,1,52.5912,13.38466,evening,19,dark,2,dry,1,5,3,0,1,0,0,0,1,3,slightly_injured
2019,1,Sun,1,52.47389,13.45581,evening,18,dark,2,dry,1,6,4,0,1,1,0,0,1,2,seriously_injured
2019,1,Sun,1,52.50366,13.3041,afternoon,17,dark,2,dry,1,6,2,0,1,1,0,0,0,3,slightly_injured
2019,1,Sun,1,52.52318,13.5874,afternoon,17,dark,2,dry,1,2,6,0,1,0,0,0,0,3,slightly_injured
2019,1,Sun,1,52.59542,13.33284,afternoon,16,dark,2,dry,1,6,2,0,1,1,0,0,0,2,seriously_injured
2019,1,Sun,1,52.55368,13.15181,afternoon,13,daylight,0,dry,1,2,6,0,1,0,0,0,0,3,slightly_injured
2019,1,Sun,1,52.51029,13.36614,afternoon,14,daylight,0,dry,1,5,5,1,1,0,0,0,0,3,slightly_injured
2019,1,Sun,1,52.49394,13.40276,night,3,dark,2,dry,1,5,3,0,1,0,0,0,0,3,slightly_injured
2019,1,Sun,1,52.44216,13.47786,night,3,dark,2,dry,1,5,7,0,1,0,0,0,0,3,slightly_injured
2019,1,Sun,1,52.422,13.29861,morning,7,dark,2,dry,1,6,2,0,1,1,0,0,0,3,slightly_injured
2019,1,Sun,1,52.54636,13.35922,morning,7,dark,2,dry,1,2,2,0,1,0,0,0,0,3,slightly_injured
2019,1,Sun,1,52.52462,13.24709,morning,11,daylight,0,dry,1,1,1,0,1,0,1,0,0,2,seriously_injured
2019,1,Sun,1,52.48491,13.52284,afternoon,12,daylight,0,dry,1,5,3,0,1,0,0,0,0,3,slightly_injured
2019,1,Sun,1,52.48846,13.30794,night,1,dark,2,dry,1,5,3,0,1,0,0,0,1,3,slightly_injured
2019,1,Sat,7,52.45275,13.53712,morning,9,daylight,0,dry,0,6,2,0,1,1,0,0,0,3,slightly_injured
2019,1,Sat,7,52.49996,13.3513,morning,11,daylight,0,dry,1,2,2,0,1,0,0,0,0,3,slightly_injured
2019,1,Sat,7,52.41821,13.417,afternoon,17,dusk,1,dry,1,6,2,0,1,1,0,0,0,3,slightly_injured
2019,1,Sat,7,52.46343,13.40319,evening,18,dark,2,dry,1,5,3,0,1,0,0,0,0,3,slightly_injured
2019,1,Sat,7,52.5466,13.60376,evening,18,dark,2,dry,1,6,2,0,1,1,0,0,0,3,slightly_injured
2019,1,Sat,7,52.49695,13.34599,evening,18,dark,2,dry,1,6,2,0,1,1,0,0,0,3,slightly_injured
2019,1,Sat,7,52.41272,13.36066,afternoon,17,dark,2,dry,1,3,5,0,1,0,0,0,0,3,slightly_injured
2019,1,Sat,7,52.51094,13.31814,afternoon,17,dark,2,dry,1,6,2,0,1,1,0,0,0,3,slightly_injured
2019,1,Sat,7,52.49696,13.34599,afternoon,17,dark,2,dry,1,6,2,0,1,1,0,0,0,3,slightly_injured
2019,1,Sat,7,52.53321,13.1985,afternoon,16,dusk,1,dry,1,2,6,0,1,0,0,0,0,3,slightly_injured
2019,1,Sat,7,52.54991,13.38571,afternoon,15,dusk,1,dry,1,2,6,0,1,0,0,0,0,3,slightly_injured
2019,1,Sat,7,52.5095,13.39198,afternoon,14,daylight,0,dry,1,5,3,0,1,0,0,0,0,3,slightly_injured
2019,1,Sat,7,52.58491,13.39805,morning,11,daylight,0,dry,1,5,3,0,1,0,0,0,0,3,slightly_injured
2019,1,Sat,7,52.53342,13.19865,morning,11,daylight,0,dry,1,2,6,0,1,0,0,0,1,3,slightly_injured
2019,1,Sat,7,52.42896,13.46599,evening,20,dark,2,dry,1,6,4,0,1,1,0,0,0,3,slightly_injured
2019,1,Sat,7,52.56455,13.3934,evening,21,dark,2,dry,1,2,1,0,1,0,0,0,0,3,slightly_injured
2019,1,Sat,7,52.48292,13.52583,evening,23,dark,2,dry,1,6,4,0,1,1,0,0,0,3,slightly_injured
2019,1,Sat,7,52.52554,13.34141,evening,23,dark,2,dry,1,0,4,0,0,1,1,0,0,2,seriously_injured
2019,1,Fri,6,52.44626,13.57603,afternoon,13,daylight,0,dry,0,0,3,0,1,0,0,0,1,3,slightly_injured
2019,1,Sat,7,52.54577,13.57129,evening,19,dark,2,dry,1,6,2,0,1,1,0,0,0,3,slightly_injured
2019,1,Sat,7,52.51938,13.41677,evening,19,dark,2,dry,1,8,1,0,0,0,1,0,0,3,slightly_injured
2019,1,Sat,7,52.54667,13.50942,afternoon,17,dark,2,dry,1,0,7,1,0,0,0,0,0,2,seriously_injured
2019,1,Sat,7,52.48327,13.26542,afternoon,13,daylight,0,dry,1,0,1,0,0,0,1,0,0,3,slightly_injured
2019,1,Sat,7,52.40956,13.26729,evening,18,dark,2,dry,1,6,4,0,1,1,0,0,1,1,killed
2019,1,Fri,6,52.45958,13.34728,afternoon,17,dusk,1,dry,1,0,7,0,1,0,1,0,0,3,slightly_injured
2019,1,Fri,6,52.52344,13.19761,evening,18,dark,2,dry,1,5,5,0,1,0,1,0,0,3,slightly_injured
2019,1,Fri,6,52.43319,13.35319,afternoon,17,dusk,1,dry,1,0,4,0,1,1,0,0,0,3,slightly_injured
2019,1,Fri,6,52.51934,13.44742,afternoon,15,daylight,0,dry,1,4,6,1,1,0,0,0,0,3,slightly_injured
2019,1,Fri,6,52.513,13.32099,evening,20,dark,2,dry,1,5,3,0,1,0,0,0,0,2,seriously_injured
2019,1,Sat,7,52.54763,13.43941,evening,18,dark,2,dry,1,0,1,0,0,0,1,0,0,3,slightly_injured
2019,1,Fri,6,52.49334,13.42548,evening,19,dark,2,dry,1,5,3,0,1,0,0,0,0,3,slightly_injured
2019,1,Fri,6,52.50658,13.38823,evening,19,dark,2,dry,1,1,5,1,1,0,0,0,0,3,slightly_injured
2019,1,Fri,6,52.47532,13.29053,afternoon,17,dark,2,dry,1,6,2,0,1,1,0,0,0,2,seriously_injured
2019,1,Fri,6,52.50016,13.30713,afternoon,17,dark,2,dry,1,6,2,0,0,1,0,0,1,3,slightly_injured
2019,1,Fri,6,52.50311,13.58086,afternoon,16,dark,2,dry,1,6,2,0,1,1,0,0,0,3,slightly_injured
2019,1,Fri,6,52.51973,13.38672,afternoon,15,dusk,1,dry,1,5,3,1,1,0,0,0,0,3,slightly_injured
2019,1,Fri,6,52.58762,13.28581,afternoon,15,daylight,0,dry,1,2,6,0,1,0,0,0,0,3,slightly_injured
2019,1,Fri,6,52.51304,13.46369,afternoon,14,daylight,0,dry,1,6,4,1,0,1,0,0,0,2,seriously_injured
2019,1,Fri,6,52.50214,13.31326,afternoon,14,daylight,0,dry,1,5,2,1,1,0,0,0,0,3,slightly_injured
2019,1,Fri,6,52.42878,13.53271,afternoon,14,daylight,0,dry,1,5,3,0,1,0,0,0,0,3,slightly_injured
2019,1,Sun,1,52.60083,13.30381,morning,9,daylight,0,dry,0,1,5,0,1,0,0,0,1,3,slightly_injured
2019,1,Fri,6,52.49995,13.40802,afternoon,14,daylight,0,dry,1,5,7,1,1,0,0,0,0,3,slightly_injured
2019,1,Sat,7,52.48654,13.52699,night,2,dark,2,dry,0,5,3,0,1,0,0,0,1,2,seriously_injured
2019,1,Fri,6,52.51608,13.25994,afternoon,13,daylight,0,dry,1,6,3,0,1,1,0,0,0,3,slightly_injured
2019,1,Fri,6,52.49546,13.52497,afternoon,13,daylight,0,dry,1,5,3,1,1,0,0,0,0,3,slightly_injured
2019,1,Fri,6,52.48555,13.34299,morning,11,daylight,0,dry,1,6,4,0,1,1,0,0,0,3,slightly_injured
2019,1,Sun,1,52.54287,13.20627,afternoon,13,daylight,0,dry,0,5,2,0,1,0,0,0,0,3,slightly_injured
2019,1,Fri,6,52.49527,13.36619,morning,11,daylight,0,dry,1,5,3,0,1,0,0,0,0,3,slightly_injured
2019,1,Fri,6,52.46487,13.37754,morning,10,daylight,0,dry,1,5,2,0,1,0,0,0,0,3,slightly_injured
2019,1,Sat,7,52.50329,13.51,afternoon,13,daylight,0,dry,1,2,6,0,1,0,0,0,0,3,slightly_injured
2019,1,Fri,6,52.49411,13.36264,morning,10,daylight,0,dry,1,5,3,1,1,0,0,0,0,3,slightly_injured
2019,1,Fri,6,52.5908,13.28241,morning,10,daylight,0,dry,1,5,7,0,1,1,0,0,0,2,seriously_injured
2019,1,Fri,6,52.51964,13.29807,morning,9,daylight,0,dry,1,2,6,0,1,0,0,0,0,3,slightly_injured
2019,1,Fri,6,52.53072,13.46166,morning,8,daylight,0,dry,1,0,7,1,0,0,0,0,0,3,slightly_injured
2019,1,Fri,6,52.47995,13.60102,morning,8,daylight,0,dry,1,6,4,0,1,1,0,0,0,3,slightly_injured
2019,1,Fri,6,52.41931,13.5295,morning,8,dusk,1,dry,1,1,5,0,1,0,0,0,0,3,slightly_injured
2019,1,Fri,6,52.49827,13.42974,afternoon,14,daylight,0,dry,1,0,3,0,1,0,0,0,1,2,seriously_injured
2019,1,Sat,7,52.57047,13.33425,night,0,dark,2,dry,2,6,4,0,1,1,0,0,0,3,slightly_injured
2019,1,Fri,6,52.45295,13.59348,morning,7,dark,2,dry,1,5,2,1,1,0,0,0,0,3,slightly_injured
2019,1,Fri,6,52.44247,13.58238,afternoon,13,daylight,0,dry,1,2,7,0,1,0,0,0,1,3,slightly_injured
2019,1,Thu,5,52.41189,13.35649,afternoon,17,dusk,1,dry,0,1,7,0,1,0,0,0,0,3,slightly_injured
2019,1,Thu,5,52.39791,13.39342,afternoon,15,daylight,0,dry,1,1,5,1,1,0,0,0,0,3,slightly_injured
2019,1,Thu,5,52.51509,13.19718,morning,9,daylight,0,dry,0,4,7,0,1,0,0,0,1,2,seriously_injured
2019,1,Thu,5,52.45987,13.15381,morning,8,daylight,0,dry,0,5,3,1,1,0,0,0,0,3,slightly_injured
2019,1,Thu,5,52.48074,13.42959,morning,8,daylight,0,dry,1,0,7,0,1,0,0,0,1,2,seriously_injured
2019,1,Thu,5,52.47162,13.32153,morning,7,daylight,0,dry,1,6,4,0,1,1,0,0,0,2,seriously_injured
2019,1,Sat,7,52.52592,13.1967,morning,7,dusk,1,dry,0,2,6,0,1,0,0,0,0,3,slightly_injured
2019,1,Thu,5,52.56602,13.5016,morning,7,dusk,1,dry,1,6,4,0,1,1,0,0,0,2,seriously_injured
2019,1,Thu,5,52.43993,13.3921,morning,7,dark,2,dry,1,6,2,0,1,1,0,0,0,3,slightly_injured
2019,1,Thu,5,52.55625,13.37757,morning,7,dark,2,dry,1,6,4,0,1,1,0,0,0,2,seriously_injured
2019,1,Sat,7,52.5149,13.39109,afternoon,13,daylight,0,dry,0,0,7,0,1,0,0,0,1,3,slightly_injured
2019,1,Thu,5,52.57297,13.50542,afternoon,16,dark,2,dry,0,0,6,0,1,0,0,0,1,2,seriously_injured
2019,1,Thu,5,52.45546,13.42895,evening,19,dark,2,dry,0,5,3,0,1,0,0,0,0,3,slightly_injured
2019,1,Sat,7,52.45329,13.5932,afternoon,15,daylight,0,dry,0,6,2,0,1,1,0,0,0,2,seriously_injured
2019,1,Thu,5,52.51841,13.4882,evening,19,dark,2,dry,0,4,5,0,1,0,0,0,0,3,slightly_injured
2019,1,Sat,7,52.50899,13.45999,afternoon,13,daylight,0,dry,0,5,2,1,1,0,0,0,0,3,slightly_injured
2019,1,Sat,7,52.3909,13.41242,morning,10,daylight,0,dry,0,5,3,0,1,0,0,0,0,2,seriously_injured
2019,1,Thu,5,52.5651,13.44531,afternoon,16,dusk,1,dry,0,2,6,0,1,0,0,0,1,3,slightly_injured
2019,1,Thu,5,52.51019,13.43781,afternoon,16,dark,2,dry,0,5,3,1,1,0,0,0,0,3,slightly_injured
2019,1,Thu,5,52.41184,13.51203,afternoon,14,daylight,0,dry,0,1,5,0,1,0,0,0,0,3,slightly_injured
2019,1,Sat,7,52.56274,13.32664,morning,9,daylight,0,dry,1,2,6,0,1,0,0,1,0,3,slightly_injured
2019,1,Thu,5,52.50084,13.32713,afternoon,14,daylight,0,dry,1,1,5,1,1,0,0,0,0,3,slightly_injured
2019,1,Sat,7,52.49068,13.51722,morning,9,daylight,0,dry,0,4,6,1,1,0,0,0,1,3,slightly_injured
2019,1,Thu,5,52.55618,13.37846,afternoon,14,daylight,0,dry,0,2,6,0,1,0,0,0,0,3,slightly_injured
2019,1,Thu,5,52.47977,13.34318,afternoon,14,daylight,0,dry,0,6,4,1,0,1,0,0,0,3,slightly_injured
2019,1,Sat,7,52.59215,13.32645,evening,20,dark,2,dry,0,6,2,0,1,1,0,0,0,2,seriously_injured
2019,1,Thu,5,52.47042,13.44165,afternoon,13,daylight,0,dry,0,5,3,1,1,0,0,0,0,3,slightly_injured
2019,1,Thu,5,52.43867,13.45243,afternoon,13,daylight,0,dry,0,5,3,0,1,0,0,0,0,3,slightly_injured