ujahr,umonat,weekday,uwochentag,long,lat,time_of_day,ustunde,light_condition,ulichtverh,street_condition,ustrzustand,uart,utyp1,ist_rad,ist_pkw,ist_fuss,ist_krad,ist_gkfz,ist_sonstige,ukategorie,accident_outcome
2019,1,Thu,5,52.51525,13.47315,afternoon,12,daylight,0,dry,0,1,5,1,1,0,0,0,0,3,slightly_injured
2019,1,Thu,5,52.57529,13.34143,afternoon,12,daylight,0,dry,0,2,2,0,1,0,0,0,0,3,slightly_injured
2019,1,Thu,5,52.48591,13.34515,morning,10,daylight,0,dry,0,5,2,0,1,0,0,0,0,3,slightly_injured
2019,1,Thu,5,52.55029,13.41595,afternoon,16,dark,2,dry,0,6,7,1,0,1,0,0,0,3,slightly_injured
2019,1,Fri,6,52.54897,13.29598,evening,21,dark,2,dry,1,2,6,0,1,0,0,0,0,3,slightly_injured
2019,1,Thu,5,52.54632,13.57194,afternoon,14,daylight,0,dry,0,6,4,0,0,1,0,0,1,2,seriously_injured
2019,1,Thu,5,52.52106,13.59885,afternoon,16,dusk,1,dry,0,5,2,1,1,0,0,0,0,2,seriously_injured
2019,1,Fri,6,52.55514,13.3068,evening,20,dark,2,dry,1,6,2,0,1,1,0,0,0,2,seriously_injured
2019,1,Thu,5,52.4928,13.42232,evening,22,dark,2,dry,0,6,4,0,1,1,0,0,0,2,seriously_injured
2019,1,Thu,5,52.55986,13.42255,evening,20,dark,2,dry,0,5,3,1,1,0,0,0,0,3,slightly_injured
2019,1,Wed,4,52.45247,13.4464,morning,11,daylight,0,dry,1,2,6,0,0,0,0,1,1,3,slightly_injured
2019,1,Wed,4,52.45032,13.34404,afternoon,17,dusk,1,dry,1,2,6,0,1,0,0,0,0,3,slightly_injured
2019,1,Wed,4,52.49138,13.39439,evening,20,dark,2,dry,1,5,3,0,1,0,1,0,0,3,slightly_injured
2019,1,Wed,4,52.52409,13.4124,evening,20,dark,2,dry,1,2,6,0,1,0,0,0,0,3,slightly_injured
2019,1,Wed,4,52.44361,13.33689,evening,19,dark,2,dry,1,5,3,1,1,0,0,0,0,3,slightly_injured
2019,1,Wed,4,52.50447,13.32555,morning,10,dusk,1,dry,1,1,5,1,1,0,0,0,0,3,slightly_injured
2019,1,Sat,7,52.55659,13.37731,evening,20,dark,2,dry,0,2,6,0,1,0,0,0,0,3,slightly_injured
2019,1,Wed,4,52.50941,13.46709,morning,8,daylight,0,dry,1,3,6,1,0,0,0,0,1,3,slightly_injured
2019,1,Wed,4,52.42772,13.22988,afternoon,16,dark,2,dry,1,5,3,1,1,0,0,0,0,3,slightly_injured
2019,1,Wed,4,52.54905,13.19345,afternoon,16,dusk,1,dry,1,0,2,1,1,0,0,0,0,3,slightly_injured
2019,1,Wed,4,52.51577,13.42674,evening,18,dark,2,dry,1,5,3,0,1,0,0,0,0,3,slightly_injured
2019,1,Sun,1,52.56249,13.42165,morning,10,daylight,0,dry,0,5,3,0,1,0,0,0,0,3,slightly_injured
2019,1,Wed,4,52.45304,13.37162,afternoon,13,daylight,0,dry,0,1,5,1,1,0,0,0,0,3,slightly_injured
2019,1,Wed,4,52.55179,13.46553,evening,18,dark,2,dry,0,2,2,0,1,0,0,0,0,3,slightly_injured
2019,1,Wed,4,52.5353,13.51465,evening,18,dark,2,dry,0,2,6,0,1,0,0,0,0,3,slightly_injured
2019,1,Wed,4,52.56072,13.37896,evening,18,dark,2,dry,0,6,4,0,1,1,0,0,0,3,slightly_injured
2019,1,Wed,4,52.48693,13.52393,morning,7,daylight,0,dry,2,2,6,0,1,0,0,0,0,3,slightly_injured
2019,1,Wed,4,52.45893,13.33108,afternoon,17,daylight,0,dry,0,6,4,0,1,1,0,0,0,2,seriously_injured
2019,1,Thu,5,52.53053,13.41902,evening,18,dusk,1,dry,0,2,2,0,1,0,0,0,0,3,slightly_injured
2019,1,Wed,4,52.56097,13.37171,morning,7,daylight,0,dry,0,6,4,0,1,1,0,0,0,3,slightly_injured
2019,1,Wed,4,52.54232,13.34944,morning,6,dusk,1,dry,0,5,2,1,1,0,0,0,0,3,slightly_injured
2019,1,Wed,4,52.49466,13.30135,morning,8,daylight,0,dry,0,6,4,0,1,1,0,0,0,3,slightly_injured
2019,1,Wed,4,52.48763,13.3226,morning,8,daylight,0,dry,0,6,4,0,1,1,0,0,0,3,slightly_injured
2019,1,Wed,4,52.56756,13.38506,morning,8,daylight,0,dry,0,1,5,1,1,0,0,0,0,3,slightly_injured
2019,1,Wed,4,52.60624,13.4203,morning,9,daylight,0,dry,0,6,2,0,1,1,0,0,0,3,slightly_injured
2019,1,Wed,4,52.49222,13.34528,morning,11,daylight,0,dry,1,5,2,1,1,0,0,0,0,3,slightly_injured
2019,1,Wed,4,52.52394,13.40959,morning,11,daylight,0,dry,0,5,2,1,1,0,0,0,0,3,slightly_injured
2019,1,Wed,4,52.50339,13.41055,morning,11,daylight,0,dry,0,0,3,0,1,0,0,0,1,3,slightly_injured
2019,1,Thu,5,52.49711,13.33948,afternoon,15,daylight,0,dry,0,5,2,1,1,0,0,0,0,3,slightly_injured
2019,1,Wed,4,52.54462,13.54804,afternoon,12,daylight,0,dry,0,6,4,0,1,1,0,0,0,3,slightly_injured
2019,1,Wed,4,52.42306,13.43516,afternoon,12,daylight,0,dry,0,6,3,0,1,1,0,0,0,3,slightly_injured
2019,1,Wed,4,52.48668,13.60448,afternoon,17,dark,2,dry,0,6,2,0,1,1,0,0,0,3,slightly_injured
2019,1,Wed,4,52.46912,13.504,afternoon,12,daylight,0,dry,0,5,7,0,1,0,0,0,1,3,slightly_injured
2019,1,Thu,5,52.55126,13.16532,evening,18,dark,2,dry,0,6,2,0,0,1,0,0,1,3,slightly_injured
2019,1,Wed,4,52.55419,13.35853,afternoon,17,dark,2,dry,1,6,4,1,0,1,0,0,0,3,slightly_injured
2019,1,Wed,4,52.56234,13.36306,afternoon,15,daylight,0,dry,0,2,6,0,1,0,0,0,0,3,slightly_injured
2019,1,Wed,4,52.536,13.42016,morning,8,daylight,0,dry,0,5,3,0,1,0,1,0,0,3,slightly_injured
2019,1,Tue,3,52.50146,13.43495,evening,19,dark,2,dry,0,6,4,0,1,1,0,0,0,2,seriously_injured
2019,1,Tue,3,52.42829,13.74096,afternoon,17,dark,2,dry,0,4,3,0,1,0,0,0,0,3,slightly_injured
2019,2,Fri,6,52.52637,13.34291,morning,11,daylight,0,dry,1,6,2,0,0,1,0,0,1,1,killed
2019,1,Tue,3,52.54697,13.18806,evening,18,dark,2,dry,1,2,6,0,1,0,0,0,0,3,slightly_injured
2019,1,Tue,3,52.46498,13.43274,evening,18,dark,2,dry,0,2,6,0,1,0,0,0,0,3,slightly_injured
2019,1,Tue,3,52.52059,13.49942,afternoon,16,daylight,0,dry,1,6,4,0,1,1,0,0,0,2,seriously_injured
2019,1,Wed,4,52.52079,13.33535,afternoon,16,daylight,0,dry,0,6,4,1,0,1,0,0,0,3,slightly_injured
2019,1,Tue,3,52.43143,13.46074,afternoon,17,dark,2,dry,1,3,6,0,1,0,0,0,0,3,slightly_injured
2019,1,Tue,3,52.45668,13.32154,afternoon,16,dusk,1,dry,0,6,4,0,1,1,0,0,0,2,seriously_injured
2019,1,Tue,3,52.51279,13.46197,afternoon,16,dark,2,dry,0,1,5,1,1,0,0,0,0,3,slightly_injured
2019,1,Tue,3,52.51195,13.4086,afternoon,16,dark,2,dry,0,2,6,1,1,0,0,0,0,3,slightly_injured
2019,1,Tue,3,52.54475,13.37856,afternoon,16,dark,2,dry,1,5,2,0,1,0,0,0,0,3,slightly_injured
2019,1,Tue,3,52.43291,13.28702,afternoon,16,daylight,0,dry,0,6,4,0,1,1,0,0,0,2,seriously_injured
2019,1,Tue,3,52.50946,13.39013,afternoon,16,dusk,1,dry,1,5,3,1,1,0,0,0,0,3,slightly_injured
2019,1,Thu,5,52.4685,13.38271,morning,9,daylight,0,dry,1,5,3,0,1,0,0,0,0,3,slightly_injured
2019,1,Tue,3,52.50588,13.39456,afternoon,16,daylight,0,dry,1,6,4,0,1,1,0,0,0,3,slightly_injured
2019,1,Tue,3,52.43583,13.34497,afternoon,15,daylight,0,dry,1,5,7,0,1,0,0,0,0,3,slightly_injured
2019,1,Wed,4,52.48614,13.33067,evening,18,dark,2,dry,0,2,2,0,1,0,0,0,0,3,slightly_injured
2019,1,Tue,3,52.5331,13.33561,morning,7,daylight,0,dry,2,0,5,1,0,0,0,0,0,3,slightly_injured
2019,1,Tue,3,52.54469,13.49362,evening,20,dark,2,dry,1,0,1,1,0,0,0,0,0,2,seriously_injured
2019,1,Tue,3,52.55653,13.37247,afternoon,15,dusk,1,dry,0,5,3,1,1,0,0,0,0,3,slightly_injured
2019,1,Tue,3,52.52185,13.25939,afternoon,14,daylight,0,dry,0,2,6,0,1,0,0,0,0,3,slightly_injured
2019,1,Tue,3,52.59577,13.29162,afternoon,13,daylight,0,dry,0,2,6,0,1,0,0,0,0,3,slightly_injured
2019,1,Tue,3,52.53969,13.24783,afternoon,13,daylight,0,dry,0,6,4,0,1,1,0,0,0,3,slightly_injured
2019,1,Thu,5,52.55664,13.30799,morning,6,dark,2,dry,0,3,6,0,1,0,0,0,1,3,slightly_injured
2019,1,Tue,3,52.51812,13.3066,afternoon,13,daylight,0,dry,0,0,3,0,1,0,1,0,0,3,slightly_injured
2019,1,Tue,3,52.50712,13.39703,evening,22,dark,2,dry,0,5,7,0,1,0,0,0,0,3,slightly_injured
2019,1,Tue,3,52.43131,13.30977,evening,22,dark,2,dry,0,5,2,0,1,0,0,0,0,3,slightly_injured
2019,1,Thu,5,52.61963,13.30423,morning,11,daylight,0,dry,0,6,2,0,0,1,0,1,0,3,slightly_injured
2019,1,Tue,3,52.491,13.32312,morning,10,daylight,0,dry,1,2,6,1,1,0,0,0,0,3,slightly_injured
2019,1,Tue,3,52.55181,13.34641,morning,8,daylight,0,dry,1,1,5,1,0,0,0,1,0,3,slightly_injured
2019,1,Tue,3,52.51808,13.41801,morning,8,daylight,0,dry,1,5,2,1,0,0,0,0,1,3,slightly_injured
2019,1,Wed,4,52.42263,13.45778,afternoon,13,daylight,0,dry,0,5,3,1,1,0,0,0,0,3,slightly_injured
2019,1,Tue,3,52.47608,13.44754,morning,7,daylight,0,dry,1,6,2,0,1,1,0,0,0,3,slightly_injured
2019,1,Tue,3,52.54017,13.57635,morning,6,dusk,1,dry,1,6,4,0,1,1,0,0,0,2,seriously_injured
2019,1,Tue,3,52.5637,13.50666,night,2,dark,2,dry,1,6,4,0,1,1,0,0,0,3,slightly_injured
2019,1,Tue,3,52.50775,13.42728,morning,9,daylight,0,dry,0,1,5,1,1,0,0,0,0,3,slightly_injured
2019,1,Mon,2,52.51305,13.32098,evening,21,dark,2,dry,0,5,3,0,1,0,0,0,0,3,slightly_injured
2019,1,Mon,2,52.46745,13.34416,morning,11,daylight,0,dry,1,5,2,1,1,0,0,0,0,3,slightly_injured
2019,1,Thu,5,52.44437,13.32189,evening,18,dark,2,dry,0,1,5,1,1,0,0,0,0,3,slightly_injured
2019,1,Mon,2,52.53655,13.27012,evening,20,dark,2,dry,1,6,7,0,1,1,0,0,0,3,slightly_injured
2019,1,Mon,2,52.63412,13.49566,afternoon,17,dusk,1,dry,1,2,6,1,0,0,0,0,1,3,slightly_injured
2019,1,Mon,2,52.51637,13.61381,evening,20,dark,2,dry,1,5,3,0,1,0,0,0,0,2,seriously_injured
2019,1,Mon,2,52.48836,13.42793,evening,18,dark,2,dry,1,6,2,0,1,1,0,0,0,2,seriously_injured
2019,1,Mon,2,52.41317,13.40224,afternoon,17,dark,2,dry,1,6,2,0,1,1,0,0,0,3,slightly_injured
2019,1,Mon,2,52.45881,13.33139,afternoon,17,dark,2,dry,1,6,4,0,1,1,0,0,0,2,seriously_injured
2019,1,Mon,2,52.43236,13.30179,afternoon,17,dark,2,dry,1,2,2,0,1,0,0,0,0,3,slightly_injured
2019,1,Mon,2,52.43387,13.38608,afternoon,16,dusk,1,dry,1,5,3,0,1,0,1,0,0,2,seriously_injured
2019,1,Mon,2,52.48829,13.36401,morning,8,daylight,0,dry,2,0,1,1,0,0,0,0,0,3,slightly_injured
2019,1,Mon,2,52.43683,13.45096,afternoon,15,dusk,1,dry,1,5,3,1,1,0,0,0,0,3,slightly_injured
2019,1,Mon,2,52.5404,13.3173,morning,8,daylight,0,dry,1,2,6,0,1,0,0,0,0,3,slightly_injured
2019,1,Mon,2,52.56043,13.21743,afternoon,15,daylight,0,dry,1,5,3,0,1,0,0,0,0,2,seriously_injured
2019,1,Thu,5,52.43604,13.47137,afternoon,16,dusk,1,dry,0,5,3,1,1,0,0,0,0,3,slightly_injured
2019,1,Mon,2,52.43715,13.25183,morning,9,daylight,0,dry,2,1,1,0,1,0,0,0,1,3,slightly_injured
2019,1,Mon,2,52.54744,13.59276,evening,20,dark,2,dry,1,5,3,0,1,0,0,0,0,3,slightly_injured
2019,1,Mon,2,52.43627,13.34588,afternoon,15,daylight,0,dry,0,5,2,0,1,0,1,0,0,3,slightly_injured
2019,1,Mon,2,52.46163,13.53228,afternoon,13,daylight,0,dry,1,5,3,1,1,0,0,0,0,3,slightly_injured
2019,1,Mon,2,52.44462,13.23635,morning,8,daylight,0,dry,2,0,1,1,0,0,0,0,0,3,slightly_injured
2019,1,Thu,5,52.43182,13.4956,morning,8,daylight,0,dry,0,3,6,0,1,0,0,1,0,3,slightly_injured
2019,1,Mon,2,52.54288,13.36983,afternoon,13,daylight,0,dry,0,2,6,0,1,0,0,0,1,3,slightly_injured
2019,1,Mon,2,52.50604,13.27997,morning,8,daylight,0,dry,2,0,1,1,0,0,0,0,0,3,slightly_injured
2019,1,Mon,2,52.51927,13.29576,morning,6,dark,2,dry,1,6,2,0,1,1,0,0,0,2,seriously_injured
2019,2,Fri,6,52.44316,13.3352,afternoon,13,daylight,0,dry,0,2,6,0,1,0,0,0,0,3,slightly_injured
2019,1,Mon,2,52.44112,13.55441,morning,6,dark,2,dry,1,6,2,0,1,1,0,0,0,2,seriously_injured
2019,1,Mon,2,52.54601,13.34414,evening,19,dark,2,dry,0,6,2,0,1,1,0,0,0,3,slightly_injured
2019,1,Mon,2,52.50423,13.62064,afternoon,13,daylight,0,dry,0,5,2,0,1,0,0,0,0,3,slightly_injured
2019,1,Wed,4,52.4852,13.32049,morning,9,daylight,0,dry,0,5,2,0,1,0,0,0,0,3,slightly_injured
2019,1,Mon,2,52.53648,13.24797,morning,6,dark,2,dry,1,5,3,1,1,0,0,0,0,2,seriously_injured
2019,1,Mon,2,52.53448,13.5391,evening,19,dark,2,dry,1,6,4,0,1,1,0,0,0,2,seriously_injured
2019,1,Mon,2,52.50526,13.56754,afternoon,12,daylight,0,dry,0,5,2,0,1,0,1,0,0,2,seriously_injured
2019,1,Mon,2,52.4605,13.4741,night,5,dark,2,dry,1,5,7,1,0,0,0,0,1,3,slightly_injured
2019,1,Mon,2,52.50971,13.29831,evening,19,dark,2,dry,1,5,3,0,1,0,0,0,0,3,slightly_injured
2019,1,Thu,5,52.53961,13.29539,morning,9,daylight,0,dry,1,0,2,1,1,0,0,0,0,3,slightly_injured
2019,1,Mon,2,52.55422,13.3452,night,5,dark,2,dry,1,6,2,0,1,1,0,0,0,3,slightly_injured
2019,1,Mon,2,52.56742,13.35143,evening,19,dark,2,dry,1,6,2,0,1,1,0,0,0,3,slightly_injured
2019,1,Wed,4,52.50012,13.30894,afternoon,14,daylight,0,dry,1,5,7,0,1,0,0,0,1,3,slightly_injured
2019,1,Mon,2,52.55482,13.33561,morning,10,daylight,0,dry,1,1,5,0,1,0,0,0,0,3,slightly_injured
2019,1,Mon,2,52.5052,13.47129,evening,18,dark,2,dry,1,2,2,0,1,0,0,0,0,3,slightly_injured
2019,1,Mon,2,52.56271,13.42184,morning,10,daylight,0,dry,1,5,3,1,1,0,0,0,0,3,slightly_injured
2019,1,Wed,4,52.48538,13.42424,evening,22,dark,2,dry,0,5,7,0,1,0,0,0,1,3,slightly_injured
2019,1,Mon,2,52.42136,13.25014,morning,10,daylight,0,dry,2,0,3,1,1,0,0,0,0,3,slightly_injured
2019,1,Mon,2,52.44813,13.34004,evening,18,dark,2,dry,1,6,2,0,1,1,0,0,0,2,seriously_injured
2019,1,Mon,2,52.54134,13.26786,morning,9,daylight,0,dry,2,0,5,1,1,0,0,0,0,3,slightly_injured
2019,1,Mon,2,52.44556,13.38565,morning,9,daylight,0,dry,1,2,2,0,1,0,0,0,0,3,slightly_injured
2019,1,Mon,2,52.53667,13.38361,evening,18,dark,2,dry,1,5,3,1,1,0,0,0,0,2,seriously_injured
2019,1,Mon,2,52.63182,13.289,morning,8,daylight,0,dry,2,0,1,1,0,0,0,0,0,3,slightly_injured
2019,1,Thu,5,52.4742,13.33272,afternoon,13,daylight,0,dry,0,1,5,1,1,0,0,0,0,3,slightly_injured
2019,1,Mon,2,52.42746,13.73056,morning,9,daylight,0,dry,2,0,1,1,0,0,0,0,0,2,seriously_injured
2019,1,Mon,2,52.49897,13.30196,morning,11,daylight,0,dry,0,6,2,0,0,1,0,0,1,3,slightly_injured
2019,1,Sun,1,52.52662,13.35366,night,2,dark,2,dry,1,1,7,0,1,0,0,0,0,3,slightly_injured
2019,1,Sun,1,52.52711,13.39724,morning,11,daylight,0,dry,1,6,7,0,1,1,0,0,0,3,slightly_injured
2019,1,Sun,1,52.56159,13.20867,evening,19,dark,2,dry,1,6,2,0,1,1,0,0,0,3,slightly_injured
2019,1,Sun,1,52.53708,13.22301,evening,19,dark,2,dry,1,2,6,0,1,0,0,0,0,3,slightly_injured
2019,1,Sun,1,52.53769,13.18745,evening,20,dark,2,dry,0,6,4,0,1,1,0,0,0,3,slightly_injured
2019,1,Sun,1,52.47733,13.43644,morning,11,daylight,0,dry,1,5,3,0,1,0,0,0,0,3,slightly_injured
2019,1,Sun,1,52.49943,13.30356,morning,8,daylight,0,dry,1,1,1,0,1,0,0,0,0,2,seriously_injured
2019,1,Sun,1,52.55641,13.37707,night,4,dark,2,dry,0,5,3,0,1,0,0,0,1,3,slightly_injured
2019,1,Sun,1,52.48308,13.44196,evening,18,dark,2,dry,1,2,6,0,1,0,0,0,0,3,slightly_injured
2019,1,Sun,1,52.51726,13.30682,evening,18,dark,2,dry,1,6,2,0,1,1,0,0,0,2,seriously_injured
2019,1,Thu,5,52.59224,13.4374,night,5,dark,2,dry,1,0,6,0,1,0,0,0,1,3,slightly_injured
2019,1,Sun,1,52.5154,13.34821,evening,18,dark,2,dry,1,2,6,0,1,0,0,0,0,3,slightly_injured
2019,1,Sun,1,52.44008,13.39809,evening,18,dark,2,dry,1,6,4,0,1,1,0,0,0,2,seriously_injured
2019,1,Sun,1,52.56022,13.20664,afternoon,17,dark,2,dry,1,5,3,0,1,0,0,0,0,3,slightly_injured
2019,1,Sun,1,52.40987,13.27353,afternoon,16,dark,2,dry,1,5,2,1,1,0,0,0,0,3,slightly_injured
2019,1,Sun,1,52.43176,13.28562,afternoon,15,daylight,0,dry,1,4,6,1,1,0,0,0,0,3,slightly_injured
2019,1,Sat,7,52.60075,13.28197,evening,21,dark,2,dry,1,4,6,0,1,0,0,0,0,3,slightly_injured
2019,1,Sat,7,52.49674,13.3082,evening,22,dark,2,dry,1,6,4,0,1,1,0,0,0,2,seriously_injured
2019,1,Sat,7,52.39626,13.39775,afternoon,14,daylight,0,dry,1,0,7,0,1,0,0,0,0,2,seriously_injured
2019,1,Sat,7,52.56342,13.50593,afternoon,13,daylight,0,dry,2,6,4,0,0,1,0,0,1,3,slightly_injured
2019,1,Thu,5,52.51175,13.40796,afternoon,15,daylight,0,dry,0,5,7,1,0,0,0,0,1,3,slightly_injured
2019,1,Sat,7,52.56408,13.37191,afternoon,13,daylight,0,dry,1,5,3,0,1,0,0,0,0,3,slightly_injured
2019,1,Sat,7,52.42383,13.43648,afternoon,12,daylight,0,dry,1,6,4,0,1,1,0,0,0,3,slightly_injured
2019,1,Sat,7,52.47497,13.47375,morning,11,daylight,0,dry,1,4,6,0,1,0,0,0,0,2,seriously_injured
2019,1,Thu,5,52.52377,13.40737,evening,19,dark,2,dry,0,1,5,1,1,0,0,0,0,3,slightly_injured
2019,1,Sat,7,52.55981,13.42248,morning,11,daylight,0,dry,1,5,3,0,1,0,0,0,0,3,slightly_injured
2019,1,Sat,7,52.45275,13.40575,morning,10,daylight,0,dry,1,1,5,0,1,0,0,0,0,2,seriously_injured
2019,1,Sat,7,52.55632,13.37673,morning,8,daylight,0,dry,1,2,6,0,1,0,0,0,0,3,slightly_injured
2019,1,Sat,7,52.54782,13.18483,evening,22,dark,2,dry,1,6,7,0,1,1,0,0,0,3,slightly_injured
2019,1,Sat,7,52.50479,13.44088,evening,21,dark,2,dry,1,5,7,0,1,0,0,0,0,3,slightly_injured
2019,1,Sat,7,52.49961,13.30455,evening,20,dark,2,dry,1,6,7,0,1,1,0,0,0,3,slightly_injured
2019,2,Fri,6,52.47499,13.4273,evening,22,dark,2,dry,0,4,5,1,0,0,0,0,1,3,slightly_injured
2019,1,Sat,7,52.45087,13.27093,evening,20,dark,2,dry,1,6,2,0,1,1,0,0,0,3,slightly_injured
2019,1,Sat,7,52.49576,13.28824,afternoon,17,dusk,1,dry,1,0,3,1,1,0,0,0,0,3,slightly_injured
2019,1,Sat,7,52.61536,13.44483,night,4,dark,2,dry,2,9,1,0,1,0,0,0,0,3,slightly_injured
2019,1,Wed,4,52.49518,13.3839,afternoon,12,daylight,0,dry,0,5,3,1,1,0,0,0,0,3,slightly_injured
2019,1,Sat,7,52.43526,13.50063,evening,18,dark,2,dry,1,6,2,0,1,1,0,0,0,3,slightly_injured
2019,1,Sat,7,52.57584,13.42618,afternoon,17,dusk,1,dry,1,5,3,0,1,0,0,0,0,3,slightly_injured
2019,1,Sat,7,52.51031,13.3899,afternoon,17,dusk,1,dry,1,5,2,0,1,0,0,0,0,3,slightly_injured
2019,1,Sat,7,52.46866,13.37449,afternoon,17,dusk,1,dry,1,5,3,1,1,0,0,0,0,2,seriously_injured
2019,1,Sat,7,52.4338,13.3348,night,0,dark,2,dry,1,1,5,0,0,0,1,1,0,3,slightly_injured
2019,1,Thu,5,52.5053,13.33254,afternoon,12,daylight,0,dry,0,5,3,0,1,0,0,0,0,3,slightly_injured
2019,1,Sat,7,52.44594,13.57777,afternoon,17,dusk,1,dry,1,6,4,0,1,1,0,0,0,3,slightly_injured
2019,1,Sat,7,52.54801,13.2969,afternoon,16,dusk,1,dry,1,2,2,0,1,0,0,0,0,3,slightly_injured
2019,1,Thu,5,52.52548,13.52699,afternoon,13,daylight,0,dry,0,2,6,0,1,0,0,0,0,3,slightly_injured
2019,1,Sat,7,52.47338,13.3376,afternoon,16,dusk,1,dry,1,3,6,1,0,0,0,0,1,3,slightly_injured
2019,1,Fri,6,52.50178,13.35515,evening,18,dark,2,dry,1,2,6,0,1,0,0,0,0,3,slightly_injured
2019,1,Wed,4,52.45892,13.34841,evening,20,dark,2,dry,0,2,6,0,1,0,0,0,0,3,slightly_injured
2019,1,Fri,6,52.48209,13.43364,evening,22,dark,2,dry,1,5,2,1,1,0,0,0,0,3,slightly_injured
2019,1,Fri,6,52.59915,13.43297,evening,21,dark,2,dry,0,0,7,0,1,0,0,0,1,2,seriously_injured
2019,1,Fri,6,52.54007,13.53782,afternoon,12,daylight,0,dry,2,9,1,0,1,0,0,0,0,3,slightly_injured
2019,1,Fri,6,52.47371,13.42798,evening,19,dark,2,dry,1,0,5,1,1,0,0,0,0,3,slightly_injured
2019,1,Fri,6,52.45688,13.30192,morning,7,dusk,1,dry,1,0,1,1,0,0,0,0,0,3,slightly_injured
2019,1,Fri,6,52.51351,13.42424,morning,7,dusk,1,dry,1,5,2,1,1,0,0,0,0,2,seriously_injured
2019,1,Thu,5,52.44,13.32727,morning,6,dark,2,dry,0,2,6,0,1,0,0,0,1,3,slightly_injured
2019,1,Fri,6,52.51516,13.35111,morning,8,daylight,0,dry,2,2,6,0,1,0,0,0,0,3,slightly_injured
2019,1,Fri,6,52.51096,13.41664,morning,10,daylight,0,dry,1,6,2,0,0,1,0,0,1,3,slightly_injured
2019,1,Fri,6,52.50709,13.27685,morning,11,daylight,0,dry,0,5,2,0,1,0,0,0,1,3,slightly_injured
2019,1,Fri,6,52.48214,13.37856,morning,11,daylight,0,dry,1,2,7,0,1,0,0,0,0,3,slightly_injured
2019,1,Fri,6,52.49985,13.47913,afternoon,13,daylight,0,dry,1,6,4,0,1,1,0,0,0,3,slightly_injured
2019,1,Fri,6,52.50227,13.47005,afternoon,13,daylight,0,dry,0,2,2,1,0,0,0,1,0,2,seriously_injured
2019,1,Fri,6,52.44454,13.5854,afternoon,14,daylight,0,dry,0,5,3,0,1,0,0,0,0,3,slightly_injured
2019,1,Fri,6,52.60211,13.32481,morning,6,dusk,1,dry,1,5,2,0,1,0,0,0,0,3,slightly_injured
2019,1,Fri,6,52.5073,13.47134,evening,18,dark,2,dry,1,5,2,0,1,0,1,0,0,3,slightly_injured
2019,1,Fri,6,52.44862,13.63834,morning,10,daylight,0,dry,1,0,7,0,1,0,0,0,0,3,slightly_injured
2019,1,Fri,6,52.42757,13.46827,evening,18,dark,2,dry,1,6,4,0,1,1,0,0,0,2,seriously_injured
2019,1,Fri,6,52.43084,13.53264,afternoon,17,dark,2,dry,1,5,2,0,1,0,0,0,0,3,slightly_injured
2019,1,Thu,5,52.4579,13.39338,evening,18,dark,2,dry,0,6,2,0,1,1,0,0,0,3,slightly_injured
2019,1,Fri,6,52.49539,13.33109,afternoon,16,dusk,1,dry,0,5,3,0,1,0,0,0,0,3,slightly_injured
2019,1,Thu,5,52.50676,13.32171,evening,19,dark,2,dry,0,3,6,1,1,0,0,0,0,3,slightly_injured
2019,1,Thu,5,52.53331,13.48502,evening,18,dark,2,dry,0,2,6,0,1,0,0,0,0,3,slightly_injured
2019,1,Thu,5,52.46193,13.44049,afternoon,17,dark,2,dry,0,5,3,0,1,0,0,0,1,2,seriously_injured
2019,1,Thu,5,52.43515,13.19794,afternoon,16,dark,2,dry,0,5,3,1,1,0,0,0,0,3,slightly_injured
2019,1,Thu,5,52.56672,13.5769,afternoon,15,daylight,0,dry,0,6,4,0,1,1,0,0,0,2,seriously_injured
2019,2,Fri,6,52.39765,13.14371,afternoon,15,daylight,0,dry,0,5,3,0,1,0,0,0,0,3,slightly_injured
2019,1,Thu,5,52.56274,13.55807,afternoon,15,daylight,0,dry,0,5,3,0,1,0,0,1,0,3,slightly_injured
2019,1,Thu,5,52.46318,13.43421,afternoon,14,daylight,0,dry,0,6,7,1,0,1,0,0,0,3,slightly_injured
2019,1,Thu,5,52.43564,13.5368,morning,9,daylight,0,dry,0,6,4,0,1,1,0,0,0,3,slightly_injured
2019,1,Thu,5,52.41556,13.5352,morning,7,daylight,0,dry,0,1,5,0,1,0,0,0,0,3,slightly_injured
2019,1,Wed,4,52.48487,13.36889,afternoon,12,daylight,0,dry,0,2,6,0,1,0,0,0,0,3,slightly_injured
2019,1,Wed,4,52.5232,13.15783,afternoon,15,daylight,0,dry,0,6,4,0,1,1,0,0,0,2,seriously_injured
2019,1,Wed,4,52.4316,13.49531,afternoon,16,dark,2,dry,0,5,2,0,1,0,0,0,0,3,slightly_injured
2019,1,Thu,5,52.48891,13.45404,afternoon,17,dusk,1,dry,0,2,2,0,1,0,0,0,0,3,slightly_injured
2019,1,Wed,4,52.51184,13.38665,afternoon,15,daylight,0,dry,0,5,2,1,1,0,0,0,0,3,slightly_injured
2019,1,Wed,4,52.49546,13.36601,afternoon,15,daylight,0,dry,0,2,6,0,0,0,1,0,0,3,slightly_injured
2019,1,Wed,4,52.5483,13.46503,afternoon,15,daylight,0,dry,0,1,5,1,1,0,0,0,0,3,slightly_injured
2019,1,Wed,4,52.55386,13.40625,afternoon,14,daylight,0,dry,0,1,5,0,1,0,0,0,0,3,slightly_injured
2019,1,Wed,4,52.50173,13.2965,afternoon,12,daylight,0,dry,0,5,2,0,1,0,1,0,0,2,seriously_injured
2019,1,Thu,5,52.56741,13.46959,morning,7,daylight,0,dry,0,2,6,0,1,0,0,0,0,3,slightly_injured
2019,1,Wed,4,52.44774,13.49981,morning,6,dark,2,dry,1,2,6,0,1,0,0,0,0,3,slightly_injured
2019,1,Wed,4,52.45309,13.50928,morning,6,dark,2,dry,0,0,6,0,1,0,0,0,1,3,slightly_injured
2019,1,Wed,4,52.51583,13.42663,evening,22,dark,2,dry,0,5,3,0,1,0,0,0,0,3,slightly_injured
2019,1,Wed,4,52.60746,13.42445,morning,7,daylight,0,dry,0,6,4,0,1,1,0,0,0,3,slightly_injured