ujahr,umonat,weekday,uwochentag,long,lat,time_of_day,ustunde,light_condition,ulichtverh,street_condition,ustrzustand,uart,utyp1,ist_rad,ist_pkw,ist_fuss,ist_krad,ist_gkfz,ist_sonstige,ukategorie,accident_outcome
2019,1,Wed,4,52.49708,13.3308,morning,7,daylight,0,dry,0,3,6,1,1,0,0,0,0,3,slightly_injured
2019,1,Wed,4,52.5339,13.3789,morning,8,daylight,0,dry,1,2,6,1,1,0,0,0,0,3,slightly_injured
2019,1,Wed,4,52.46899,13.49117,afternoon,17,dark,2,dry,0,5,2,1,1,0,0,0,0,3,slightly_injured
2019,1,Wed,4,52.51952,13.29884,morning,8,daylight,0,dry,0,2,6,0,1,0,0,0,0,3,slightly_injured
2019,1,Wed,4,52.52578,13.31388,morning,8,daylight,0,dry,0,5,2,1,1,0,0,0,0,3,slightly_injured
2019,1,Wed,4,52.54711,13.18659,morning,9,daylight,0,dry,0,6,2,0,1,1,0,0,0,3,slightly_injured
2019,1,Wed,4,52.41269,13.39257,morning,11,daylight,0,dry,0,6,2,0,1,1,0,0,0,2,seriously_injured
2019,1,Wed,4,52.59662,13.35091,morning,6,dark,2,dry,0,2,6,0,1,0,0,0,0,3,slightly_injured
2019,1,Thu,5,52.48482,13.44426,morning,9,daylight,0,dry,0,0,3,0,1,0,1,0,0,3,slightly_injured
2019,1,Wed,4,52.44139,13.2922,evening,19,dark,2,dry,2,5,3,0,1,0,0,0,0,2,seriously_injured
2019,1,Wed,4,52.49534,13.39776,evening,18,dark,2,dry,0,5,2,1,1,0,0,0,0,3,slightly_injured
2019,1,Wed,4,52.51107,13.3234,afternoon,14,daylight,0,dry,0,6,4,1,0,1,0,0,0,3,slightly_injured
2019,1,Wed,4,52.48709,13.31941,afternoon,12,daylight,0,dry,0,6,4,0,1,1,0,0,0,3,slightly_injured
2019,1,Wed,4,52.48543,13.43236,evening,18,dark,2,dry,0,2,6,0,1,0,0,0,0,3,slightly_injured
2019,1,Wed,4,52.46497,13.33577,evening,18,dark,2,dry,0,5,3,1,1,0,0,0,0,3,slightly_injured
2019,1,Wed,4,52.56271,13.42186,afternoon,12,daylight,0,dry,0,5,3,1,1,0,0,0,0,2,seriously_injured
2019,1,Wed,4,52.49216,13.41172,night,4,dark,2,dry,0,8,1,0,1,0,0,0,0,2,seriously_injured
2019,1,Wed,4,52.50364,13.33015,afternoon,17,dark,2,dry,0,6,4,1,0,1,0,0,0,3,slightly_injured
2019,1,Wed,4,52.46857,13.38708,afternoon,17,dark,2,dry,0,5,2,1,1,0,0,0,0,3,slightly_injured
2019,1,Wed,4,52.52507,13.44351,afternoon,17,dark,2,dry,0,2,6,0,1,0,0,0,0,3,slightly_injured
2019,1,Wed,4,52.49974,13.42485,afternoon,13,daylight,0,dry,0,1,5,1,0,0,0,0,1,3,slightly_injured
2019,1,Thu,5,52.43035,13.32727,afternoon,13,daylight,0,dry,0,5,2,1,1,0,0,0,0,3,slightly_injured
2019,1,Tue,3,52.44482,13.43343,morning,7,daylight,0,dry,0,2,6,0,1,0,0,0,0,3,slightly_injured
2019,1,Tue,3,52.55331,13.40613,morning,10,daylight,0,dry,0,5,7,0,1,0,0,0,1,2,seriously_injured
2019,1,Tue,3,52.53867,13.39743,afternoon,16,daylight,0,dry,0,6,4,1,0,1,0,0,0,3,slightly_injured
2019,1,Wed,4,52.51219,13.31727,afternoon,13,daylight,0,dry,0,5,3,1,1,0,0,0,0,2,seriously_injured
2019,1,Tue,3,52.53495,13.49962,afternoon,14,daylight,0,dry,0,5,3,0,1,0,0,0,0,3,slightly_injured
2019,1,Tue,3,52.54071,13.44053,afternoon,14,daylight,0,dry,0,5,2,1,1,0,0,0,0,3,slightly_injured
2019,1,Tue,3,52.46607,13.27807,afternoon,13,daylight,0,dry,0,2,2,0,1,0,0,1,0,3,slightly_injured
2019,1,Tue,3,52.4582,13.32971,afternoon,13,daylight,0,dry,0,2,2,1,1,0,0,0,0,3,slightly_injured
2019,1,Tue,3,52.44142,13.42317,afternoon,13,daylight,0,dry,0,4,6,0,1,0,0,0,0,3,slightly_injured
2019,1,Tue,3,52.47898,13.60089,afternoon,12,daylight,0,dry,0,5,2,0,1,0,0,0,1,3,slightly_injured
2019,1,Thu,5,52.59624,13.34776,evening,18,dark,2,dry,0,6,2,0,1,1,0,0,0,2,seriously_injured
2019,1,Tue,3,52.58175,13.36409,afternoon,12,daylight,0,dry,0,5,3,1,1,0,0,0,0,2,seriously_injured
2019,1,Tue,3,52.45326,13.44482,afternoon,12,daylight,0,dry,0,6,7,0,1,1,0,0,0,3,slightly_injured
2019,1,Tue,3,52.41339,13.48942,evening,18,dusk,1,dry,0,6,4,0,1,1,0,0,0,3,slightly_injured
2019,1,Tue,3,52.47804,13.45169,morning,10,daylight,0,dry,0,5,3,0,1,0,0,0,1,3,slightly_injured
2019,1,Thu,5,52.43208,13.46,evening,18,dusk,1,dry,0,6,2,0,1,1,0,0,0,2,seriously_injured
2019,1,Tue,3,52.52589,13.49975,morning,9,daylight,0,dry,0,2,6,0,1,0,0,0,1,3,slightly_injured
2019,1,Tue,3,52.50101,13.31512,morning,9,daylight,0,dry,0,3,3,0,1,0,0,0,1,2,seriously_injured
2019,1,Tue,3,52.53073,13.41899,evening,22,dark,2,dry,0,5,2,1,1,0,0,0,0,2,seriously_injured
2019,1,Tue,3,52.51866,13.28314,evening,20,dark,2,dry,0,5,2,0,1,0,0,0,0,3,slightly_injured
2019,1,Tue,3,52.58871,13.28469,evening,19,dark,2,dry,0,6,7,0,1,1,0,0,0,3,slightly_injured
2019,1,Tue,3,52.45091,13.27036,morning,8,daylight,0,dry,0,2,2,1,1,0,0,0,0,3,slightly_injured
2019,1,Tue,3,52.49832,13.40629,evening,18,dusk,1,dry,0,6,4,1,0,1,0,0,0,3,slightly_injured
2019,1,Mon,2,52.53957,13.53992,evening,20,dark,2,dry,1,2,6,0,1,0,0,0,0,3,slightly_injured
2019,1,Thu,5,52.53931,13.58854,afternoon,16,daylight,0,dry,0,6,4,0,1,1,0,0,0,3,slightly_injured
2019,1,Mon,2,52.467,13.48895,evening,19,dark,2,dry,0,5,3,0,1,0,0,0,0,3,slightly_injured
2019,1,Mon,2,52.54629,13.35952,evening,18,dark,2,dry,0,2,6,0,1,0,0,0,0,3,slightly_injured
2019,1,Mon,2,52.51725,13.30685,afternoon,17,dark,2,dry,0,6,2,0,1,1,0,0,0,2,seriously_injured
2019,1,Mon,2,52.5115,13.53264,afternoon,17,dark,2,dry,0,6,4,0,1,1,0,0,0,2,seriously_injured
2019,1,Mon,2,52.47164,13.50645,afternoon,17,dark,2,dry,1,2,6,0,1,0,0,0,0,3,slightly_injured
2019,1,Mon,2,52.49255,13.2963,afternoon,14,daylight,0,dry,0,2,3,0,1,0,0,0,0,3,slightly_injured
2019,1,Mon,2,52.45655,13.37562,morning,7,daylight,0,dry,1,2,6,0,1,0,0,0,0,3,slightly_injured
2019,1,Mon,2,52.45956,13.41592,morning,7,daylight,0,dry,0,5,2,1,1,0,0,0,0,3,slightly_injured
2019,1,Mon,2,52.59113,13.38221,morning,7,dark,2,dry,0,3,6,0,1,0,0,1,0,3,slightly_injured
2019,2,Fri,6,52.59699,13.36051,afternoon,12,daylight,0,dry,0,5,2,1,0,0,0,1,0,3,slightly_injured
2019,1,Mon,2,52.43761,13.23234,morning,6,dark,2,dry,1,6,2,0,1,1,0,0,0,3,slightly_injured
2019,1,Mon,2,52.42303,13.52585,night,5,dark,2,dry,0,5,2,0,1,0,0,0,0,3,slightly_injured
2019,1,Mon,2,52.41766,13.44652,afternoon,17,dusk,1,dry,0,2,2,0,1,0,1,0,0,3,slightly_injured
2019,1,Wed,4,52.53264,13.39903,afternoon,13,daylight,0,dry,0,6,4,0,0,1,0,0,1,3,slightly_injured
2019,1,Mon,2,52.47361,13.57052,afternoon,17,dusk,1,dry,0,6,2,0,1,1,0,0,0,2,seriously_injured
2019,1,Mon,2,52.48509,13.36503,afternoon,15,daylight,0,dry,0,6,4,1,0,1,0,0,0,3,slightly_injured
2019,1,Mon,2,52.51033,13.60242,afternoon,15,daylight,0,dry,0,2,2,0,1,0,0,0,0,3,slightly_injured
2019,1,Mon,2,52.507,13.27806,afternoon,13,daylight,0,dry,0,2,2,0,1,0,0,0,0,3,slightly_injured
2019,1,Mon,2,52.44129,13.45469,afternoon,13,daylight,0,dry,0,0,3,0,1,0,0,0,1,3,slightly_injured
2019,1,Thu,5,52.49918,13.42229,morning,9,daylight,0,dry,0,3,6,0,1,0,0,0,1,3,slightly_injured
2019,1,Mon,2,52.48699,13.42199,afternoon,12,daylight,0,dry,0,6,7,0,1,1,0,0,0,3,slightly_injured
2019,1,Mon,2,52.46209,13.43466,morning,11,daylight,0,dry,0,2,6,0,1,0,0,0,0,3,slightly_injured
2019,1,Thu,5,52.50567,13.30688,morning,8,daylight,0,dry,0,0,2,1,1,0,0,0,0,3,slightly_injured
2019,1,Mon,2,52.52223,13.38793,morning,11,daylight,0,dry,0,6,4,0,1,1,0,0,0,3,slightly_injured
2019,1,Mon,2,52.45904,13.30363,morning,10,daylight,0,dry,0,5,3,1,1,0,0,0,0,3,slightly_injured
2019,1,Mon,2,52.53607,13.32708,morning,9,daylight,0,dry,0,2,6,0,1,0,0,0,0,3,slightly_injured
2019,1,Wed,4,52.52165,13.4163,evening,21,dark,2,dry,0,2,6,0,1,0,0,0,0,3,slightly_injured
2019,1,Mon,2,52.54943,13.12764,morning,8,daylight,0,dry,0,6,4,0,1,1,0,0,0,3,slightly_injured
2019,1,Mon,2,52.51509,13.2878,morning,10,daylight,0,dry,2,0,1,0,0,0,1,0,0,3,slightly_injured
2019,1,Sun,1,52.54961,13.39211,afternoon,15,daylight,0,dry,1,1,5,1,1,0,0,0,1,3,slightly_injured
2019,1,Sun,1,52.53731,13.37463,evening,23,dark,2,dry,0,5,3,1,1,0,0,0,0,2,seriously_injured
2019,1,Sun,1,52.46175,13.34473,afternoon,17,dark,2,dry,0,6,2,0,1,1,0,0,0,3,slightly_injured
2019,1,Sun,1,52.5486,13.27024,afternoon,17,dark,2,dry,1,5,2,0,1,0,0,0,0,3,slightly_injured
2019,1,Thu,5,52.51487,13.30684,morning,10,daylight,0,dry,0,5,2,0,1,0,0,0,0,3,slightly_injured
2019,1,Sun,1,52.53518,13.38977,afternoon,15,daylight,0,dry,0,2,1,1,1,0,0,0,0,3,slightly_injured
2019,1,Sun,1,52.42775,13.46807,afternoon,14,daylight,0,dry,1,5,2,0,1,0,0,0,0,3,slightly_injured
2019,1,Sun,1,52.56284,13.36576,night,1,dark,2,dry,1,1,1,0,1,0,0,0,1,2,seriously_injured
2019,2,Tue,3,52.55955,13.33866,afternoon,15,daylight,0,dry,0,5,3,0,1,0,0,0,0,3,slightly_injured
2019,2,Tue,3,52.56882,13.31714,afternoon,13,daylight,0,dry,0,3,6,1,1,0,0,0,0,3,slightly_injured
2019,2,Tue,3,52.52629,13.34135,afternoon,14,daylight,0,dry,0,5,3,1,1,0,0,0,0,3,slightly_injured
2019,2,Thu,5,52.54552,13.42791,afternoon,17,dark,2,dry,0,5,3,1,1,0,0,0,0,3,slightly_injured
2019,2,Tue,3,52.45311,13.60788,afternoon,14,daylight,0,dry,0,2,7,0,1,0,0,0,0,2,seriously_injured
2019,2,Tue,3,52.43101,13.58379,afternoon,15,daylight,0,dry,0,6,4,0,1,1,0,0,0,2,seriously_injured
2019,2,Tue,3,52.44923,13.33836,afternoon,14,daylight,0,dry,0,5,2,1,1,1,0,0,0,3,slightly_injured
2019,2,Thu,5,52.51934,13.27252,afternoon,14,daylight,0,dry,0,5,2,0,1,0,0,0,0,2,seriously_injured
2019,2,Tue,3,52.49745,13.29615,afternoon,14,daylight,0,dry,0,6,7,0,1,1,0,0,0,3,slightly_injured
2019,2,Tue,3,52.52869,13.12228,morning,11,daylight,0,dry,0,2,2,0,1,0,0,0,0,3,slightly_injured
2019,2,Tue,3,52.54011,13.17454,morning,11,daylight,0,dry,0,5,3,0,1,0,0,0,0,2,seriously_injured
2019,2,Tue,3,52.42195,13.35968,morning,7,daylight,0,dry,0,3,6,1,0,0,0,0,1,3,slightly_injured
2019,2,Tue,3,52.49637,13.39525,afternoon,17,dark,2,dry,0,8,1,0,1,0,0,0,0,3,slightly_injured
2019,2,Tue,3,52.49532,13.3018,evening,18,dark,2,dry,0,2,6,0,1,0,0,0,0,3,slightly_injured
2019,2,Tue,3,52.42566,13.47395,evening,20,dark,2,dry,0,5,3,1,1,0,0,0,0,3,slightly_injured
2019,2,Tue,3,52.4734,13.4279,afternoon,17,dark,2,dry,0,2,6,1,1,0,0,0,0,3,slightly_injured
2019,2,Tue,3,52.50698,13.41335,afternoon,17,dark,2,dry,0,1,5,1,1,0,0,0,0,3,slightly_injured
2019,2,Thu,5,52.49936,13.43223,afternoon,13,daylight,0,dry,0,6,4,1,0,1,0,0,0,2,seriously_injured
2019,2,Tue,3,52.44392,13.38492,afternoon,17,dark,2,dry,0,1,7,0,1,0,0,0,1,3,slightly_injured
2019,2,Thu,5,52.4889,13.40814,afternoon,15,daylight,0,dry,0,3,6,1,1,0,0,0,0,3,slightly_injured
2019,2,Tue,3,52.42477,13.48643,afternoon,16,dusk,1,dry,0,6,4,0,1,1,0,0,0,3,slightly_injured
2019,2,Tue,3,52.54693,13.38139,afternoon,16,daylight,0,dry,0,6,4,0,0,1,1,0,0,3,slightly_injured
2019,2,Tue,3,52.57892,13.33312,afternoon,16,daylight,0,dry,0,5,2,0,1,0,0,0,0,3,slightly_injured
2019,2,Thu,5,52.53811,13.24775,afternoon,13,daylight,0,dry,0,2,6,0,1,0,0,0,0,3,slightly_injured
2019,2,Tue,3,52.5233,13.17071,afternoon,15,daylight,0,dry,0,5,3,1,1,0,0,0,0,3,slightly_injured
2019,2,Tue,3,52.49915,13.31647,afternoon,17,dark,2,dry,0,5,2,1,1,0,0,0,0,2,seriously_injured
2019,2,Tue,3,52.58109,13.29297,morning,10,daylight,0,dry,0,2,2,1,0,0,0,0,0,3,slightly_injured
2019,2,Fri,6,52.52401,13.4098,afternoon,14,daylight,0,dry,0,5,2,1,0,0,0,0,1,3,slightly_injured
2019,2,Tue,3,52.43846,13.34409,morning,10,daylight,0,dry,0,3,6,0,1,0,0,0,1,3,slightly_injured
2019,2,Tue,3,52.52103,13.19621,morning,7,daylight,0,dry,0,2,7,0,1,0,0,0,0,3,slightly_injured
2019,2,Thu,5,52.50581,13.342,afternoon,13,daylight,0,dry,0,2,6,0,1,0,0,0,0,3,slightly_injured
2019,2,Tue,3,52.51188,13.42708,morning,7,dusk,1,dry,0,5,3,1,1,0,0,0,0,3,slightly_injured
2019,2,Mon,2,52.49961,13.44475,afternoon,17,dark,2,dry,0,2,6,0,1,0,0,0,0,3,slightly_injured
2019,2,Mon,2,52.49961,13.44475,afternoon,17,dark,2,dry,0,2,6,0,1,0,0,0,0,3,slightly_injured
2019,2,Thu,5,52.52299,13.47364,morning,9,daylight,0,dry,0,4,6,0,1,0,0,0,0,3,slightly_injured
2019,2,Mon,2,52.50502,13.33154,afternoon,15,daylight,0,dry,0,2,6,0,1,0,0,0,0,3,slightly_injured
2019,2,Mon,2,52.59245,13.39839,morning,9,daylight,0,dry,1,5,2,0,1,0,0,1,0,3,slightly_injured
2019,2,Mon,2,52.44661,13.55932,morning,8,daylight,0,dry,1,2,2,0,1,0,0,0,0,3,slightly_injured
2019,2,Thu,5,52.52877,13.40944,morning,9,daylight,0,dry,0,5,2,1,1,0,0,0,0,3,slightly_injured
2019,2,Mon,2,52.37823,13.64514,morning,11,daylight,0,dry,1,2,6,0,1,0,0,0,0,3,slightly_injured
2019,2,Mon,2,52.5249,13.35689,evening,21,dark,2,dry,0,6,7,0,1,1,0,0,0,3,slightly_injured
2019,2,Fri,6,52.47442,13.2935,afternoon,14,daylight,0,dry,0,0,1,1,0,0,0,0,0,3,slightly_injured
2019,2,Mon,2,52.42387,13.57556,evening,21,dark,2,dry,0,6,7,0,0,1,0,0,1,3,slightly_injured
2019,2,Mon,2,52.53253,13.14218,night,5,dark,2,dry,1,3,6,1,0,0,0,0,1,3,slightly_injured
2019,2,Thu,5,52.55631,13.564,morning,11,daylight,0,dry,0,5,3,0,1,0,0,0,0,3,slightly_injured
2019,2,Mon,2,52.5643,13.35261,morning,7,daylight,0,dry,1,6,2,0,1,1,0,0,0,3,slightly_injured
2019,2,Mon,2,52.48118,13.45219,night,5,dark,2,dry,1,5,3,0,0,0,1,0,1,2,seriously_injured
2019,2,Thu,5,52.47726,13.44926,morning,11,daylight,0,dry,0,2,6,0,1,0,0,0,1,3,slightly_injured
2019,2,Mon,2,52.52903,13.19548,evening,19,dark,2,dry,0,6,2,0,1,1,0,0,0,3,slightly_injured
2019,2,Mon,2,52.51464,13.33631,morning,7,dusk,1,dry,1,6,7,1,0,1,0,0,0,2,seriously_injured
2019,2,Mon,2,52.42483,13.43539,evening,18,dusk,1,dry,0,6,2,0,1,1,0,0,0,3,slightly_injured
2019,2,Thu,5,52.51975,13.38835,evening,19,dark,2,dry,0,0,2,1,0,0,0,0,1,3,slightly_injured
2019,2,Mon,2,52.50132,13.34487,afternoon,16,daylight,0,dry,0,6,7,1,0,1,0,0,0,3,slightly_injured
2019,2,Mon,2,52.53764,13.48779,afternoon,16,daylight,0,dry,0,5,3,1,1,0,0,0,0,2,seriously_injured
2019,2,Mon,2,52.44926,13.43648,afternoon,15,daylight,0,dry,0,6,4,0,1,1,0,0,0,3,slightly_injured
2019,2,Thu,5,52.48867,13.30867,morning,7,daylight,0,dry,1,5,2,1,1,0,0,0,0,3,slightly_injured
2019,2,Mon,2,52.42137,13.57723,afternoon,15,daylight,0,dry,0,0,1,1,1,0,0,0,0,2,seriously_injured
2019,2,Mon,2,52.54769,13.38862,afternoon,14,daylight,0,dry,1,2,6,0,1,0,0,0,0,3,slightly_injured
2019,2,Mon,2,52.51144,13.61231,afternoon,12,daylight,0,dry,0,2,6,0,1,0,1,0,0,3,slightly_injured
2019,2,Thu,5,52.44202,13.30553,morning,7,daylight,0,dry,0,5,3,0,1,0,0,0,0,3,slightly_injured
2019,2,Mon,2,52.51101,13.28189,afternoon,12,daylight,0,dry,1,6,2,0,1,1,0,0,0,3,slightly_injured
2019,2,Mon,2,52.54681,13.41739,morning,8,daylight,0,dry,1,5,7,0,1,0,0,0,1,3,slightly_injured
2019,2,Mon,2,52.58279,13.30708,morning,8,daylight,0,dry,1,5,7,0,1,0,0,0,1,3,slightly_injured
2019,2,Thu,5,52.45259,13.43851,morning,7,daylight,0,dry,1,5,2,0,1,0,0,0,1,3,slightly_injured
2019,2,Mon,2,52.48267,13.48115,evening,18,dusk,1,dry,0,6,4,0,1,1,0,0,0,3,slightly_injured
2019,2,Sun,1,52.48654,13.42894,afternoon,16,dark,2,dry,1,2,2,0,1,0,0,0,0,3,slightly_injured
2019,2,Sun,1,52.43908,13.55262,evening,21,dark,2,dry,1,2,7,0,1,0,1,0,0,3,slightly_injured
2019,2,Thu,5,52.58751,13.32372,afternoon,16,daylight,0,dry,0,5,2,1,1,0,0,0,0,3,slightly_injured
2019,2,Sun,1,52.54495,13.59163,afternoon,15,daylight,0,dry,1,5,2,0,1,0,0,0,0,3,slightly_injured
2019,2,Sun,1,52.53996,13.20315,night,1,dusk,1,dry,1,8,1,0,1,0,0,0,0,3,slightly_injured
2019,2,Sun,1,52.49982,13.41823,evening,18,dark,2,dry,1,2,6,1,1,0,0,0,0,2,seriously_injured
2019,2,Thu,5,52.42011,13.5138,morning,7,daylight,0,dry,0,0,3,0,1,0,1,0,0,3,slightly_injured
2019,2,Sun,1,52.49421,13.2996,evening,19,dark,2,dry,1,6,2,0,1,1,0,0,0,2,seriously_injured
2019,2,Sun,1,52.43308,13.31906,evening,18,dark,2,dry,1,8,1,0,1,0,0,0,1,2,seriously_injured
2019,2,Sun,1,52.54629,13.35952,morning,9,daylight,0,dry,1,2,6,0,1,0,0,0,0,3,slightly_injured
2019,2,Sun,1,52.5069,13.39441,night,2,dark,2,dry,0,5,3,0,1,0,0,0,1,3,slightly_injured
2019,2,Fri,6,52.55074,13.5117,morning,10,daylight,0,dry,0,5,2,1,1,0,0,0,0,3,slightly_injured
2019,2,Sat,7,52.50584,13.43177,night,3,dark,2,dry,0,0,1,1,0,0,0,0,0,3,slightly_injured
2019,2,Sat,7,52.54421,13.3397,night,1,dark,2,dry,0,8,1,0,1,0,0,0,0,2,seriously_injured
2019,2,Sat,7,52.59641,13.35103,evening,23,dark,2,dry,1,0,3,0,1,0,1,0,0,3,slightly_injured
2019,2,Sat,7,52.4268,13.46944,evening,23,dark,2,dry,1,2,6,0,1,0,0,0,1,3,slightly_injured
2019,2,Sat,7,52.47459,13.45435,evening,21,dark,2,dry,0,6,4,0,1,1,0,0,0,3,slightly_injured
2019,2,Thu,5,52.57235,13.57493,afternoon,14,daylight,0,dry,0,6,4,0,1,1,0,0,0,3,slightly_injured
2019,2,Sat,7,52.52666,13.37044,afternoon,14,daylight,0,dry,0,0,7,0,1,0,0,0,1,3,slightly_injured
2019,2,Sat,7,52.5651,13.49227,evening,20,dark,2,dry,1,5,2,0,1,0,0,0,0,3,slightly_injured
2019,2,Sat,7,52.454,13.55849,evening,18,dark,2,dry,1,2,6,0,1,0,0,0,0,3,slightly_injured
2019,2,Thu,5,52.44867,13.3566,night,5,dark,2,dry,0,3,6,0,1,0,0,0,0,3,slightly_injured
2019,2,Sat,7,52.51236,13.41022,afternoon,17,dark,2,dry,0,9,1,0,0,0,0,0,1,3,slightly_injured
2019,2,Sat,7,52.53802,13.32625,afternoon,15,daylight,0,dry,0,5,2,0,1,0,0,0,0,3,slightly_injured
2019,2,Sat,7,52.53835,13.32611,afternoon,15,daylight,0,dry,0,5,2,0,1,0,0,0,0,3,slightly_injured
2019,2,Fri,6,52.54187,13.37817,morning,11,daylight,0,dry,0,6,2,0,0,1,0,1,0,2,seriously_injured
2019,2,Sat,7,52.48816,13.33672,afternoon,14,daylight,0,dry,0,3,6,1,1,0,0,0,0,3,slightly_injured
2019,2,Sat,7,52.5473,13.24785,afternoon,14,daylight,0,dry,0,0,2,1,1,0,0,0,0,3,slightly_injured
2019,2,Thu,5,52.44041,13.45906,morning,9,daylight,0,dry,1,0,1,1,0,0,0,0,0,3,slightly_injured
2019,2,Sat,7,52.46574,13.38546,evening,20,dark,2,dry,1,5,3,0,1,0,0,0,0,2,seriously_injured
2019,2,Sat,7,52.54297,13.19851,evening,20,dark,2,dry,1,6,4,0,1,1,0,0,0,2,seriously_injured
2019,2,Sat,7,52.49939,13.33715,afternoon,13,daylight,0,dry,0,2,6,0,1,0,0,0,1,3,slightly_injured
2019,2,Wed,4,52.54395,13.35905,afternoon,14,daylight,0,dry,0,5,2,1,1,0,0,0,0,3,slightly_injured
2019,2,Sat,7,52.55248,13.40841,afternoon,13,daylight,0,dry,0,5,3,0,1,0,0,0,0,3,slightly_injured
2019,2,Sat,7,52.45564,13.56614,afternoon,13,daylight,0,dry,0,2,6,0,1,0,0,0,0,3,slightly_injured
2019,2,Sat,7,52.52623,13.3433,afternoon,12,daylight,0,dry,1,5,2,1,1,0,0,0,0,3,slightly_injured
2019,2,Wed,4,52.50862,13.45069,morning,7,daylight,0,dry,0,2,2,1,1,0,0,0,0,3,slightly_injured
2019,2,Sat,7,52.44846,13.40389,afternoon,12,daylight,0,dry,0,5,2,1,1,0,0,0,0,2,seriously_injured
2019,2,Sat,7,52.46665,13.5133,afternoon,12,daylight,0,dry,0,2,6,0,1,0,0,0,0,3,slightly_injured
2019,2,Sat,7,52.5585,13.44589,afternoon,14,daylight,0,dry,0,5,3,1,0,0,0,0,1,3,slightly_injured
2019,2,Thu,5,52.41447,13.31799,evening,18,dusk,1,dry,0,0,3,0,0,0,0,0,1,2,seriously_injured
2019,2,Fri,6,52.50155,13.33518,morning,10,daylight,0,dry,0,1,5,0,1,0,0,1,0,3,slightly_injured
2019,2,Fri,6,52.57332,13.56744,afternoon,12,daylight,0,dry,0,5,3,0,1,0,0,0,0,3,slightly_injured
2019,2,Wed,4,52.50968,13.2739,afternoon,13,daylight,0,dry,0,5,3,0,1,0,0,0,0,3,slightly_injured
2019,2,Fri,6,52.57136,13.51178,morning,9,daylight,0,dry,0,5,3,0,1,0,0,0,0,2,seriously_injured
2019,2,Fri,6,52.53082,13.47774,afternoon,14,daylight,0,dry,0,0,7,0,0,0,0,0,1,3,slightly_injured
2019,2,Wed,4,52.54675,13.51184,afternoon,15,daylight,0,dry,1,5,3,0,1,0,0,0,0,3,slightly_injured
2019,2,Fri,6,52.50757,13.45651,evening,23,dark,2,dry,0,6,7,0,1,1,0,0,0,3,slightly_injured
2019,2,Fri,6,52.49504,13.28495,morning,9,daylight,0,dry,0,0,6,0,1,0,0,0,0,3,slightly_injured
2019,2,Fri,6,52.53107,13.54544,night,5,dark,2,dry,0,6,4,0,1,1,0,0,0,3,slightly_injured
2019,2,Wed,4,52.53409,13.49249,afternoon,15,daylight,0,dry,1,3,6,0,1,0,1,0,0,2,seriously_injured
2019,2,Fri,6,52.50312,13.3392,afternoon,15,daylight,0,dry,0,5,2,0,1,0,1,0,0,2,seriously_injured
2019,2,Fri,6,52.44689,13.34232,afternoon,17,dusk,1,dry,0,5,2,0,1,0,0,0,0,3,slightly_injured
2019,2,Fri,6,52.5197,13.38836,evening,18,dusk,1,dry,0,6,4,0,1,1,0,0,0,3,slightly_injured
2019,2,Thu,5,52.55661,13.37691,evening,21,dark,2,dry,0,5,2,1,0,0,0,1,0,2,seriously_injured
2019,2,Fri,6,52.44649,13.29304,night,2,dark,2,dry,1,5,3,0,1,0,0,0,0,2,seriously_injured
2019,2,Fri,6,52.57419,13.50386,night,5,dark,2,dry,0,5,3,0,1,0,0,0,0,3,slightly_injured
2019,2,Fri,6,52.58791,13.36898,night,5,dark,2,dry,0,2,6,0,1,0,0,0,0,3,slightly_injured
2019,2,Wed,4,52.5451,13.3498,afternoon,15,daylight,0,dry,1,5,3,0,1,0,1,0,0,3,slightly_injured
2019,2,Fri,6,52.537,13.44975,morning,8,daylight,0,dry,0,2,6,0,1,0,0,0,1,3,slightly_injured
2019,2,Fri,6,52.50026,13.31035,morning,9,daylight,0,dry,1,1,5,1,0,0,0,0,1,2,seriously_injured
2019,2,Fri,6,52.60779,13.42658,morning,11,daylight,0,dry,0,0,2,0,1,0,0,0,1,3,slightly_injured
2019,2,Fri,6,52.47377,13.4397,morning,11,daylight,0,dry,0,5,3,0,1,0,0,0,0,3,slightly_injured
2019,2,Fri,6,52.41485,13.65716,morning,11,daylight,0,dry,0,4,2,0,1,0,0,0,0,3,slightly_injured
2019,2,Thu,5,52.51099,13.43048,afternoon,16,daylight,0,dry,0,5,2,1,1,0,0,0,0,3,slightly_injured
2019,2,Fri,6,52.59507,13.43261,afternoon,13,daylight,0,dry,0,6,4,0,1,1,0,0,0,2,seriously_injured
2019,2,Fri,6,52.55487,13.22591,afternoon,14,daylight,0,dry,0,2,6,0,1,0,0,0,0,3,slightly_injured
2019,2,Fri,6,52.48669,13.42345,afternoon,14,daylight,0,dry,0,2,6,0,1,0,0,0,0,3,slightly_injured
2019,2,Fri,6,52.61132,13.21739,afternoon,14,daylight,0,dry,0,5,3,0,1,0,0,0,0,3,slightly_injured
2019,2,Thu,5,52.53783,13.40153,evening,20,dark,2,dry,0,6,7,1,0,1,0,0,0,3,slightly_injured
2019,2,Fri,6,52.48075,13.33755,afternoon,15,daylight,0,dry,0,1,5,1,1,0,0,0,0,3,slightly_injured
2019,2,Fri,6,52.42408,13.32867,night,5,dusk,1,dry,1,9,1,0,1,0,0,0,0,2,seriously_injured
2019,2,Thu,5,52.59167,13.30249,evening,20,dark,2,dry,1,9,1,0,1,0,0,0,0,2,seriously_injured
2019,2,Wed,4,52.54944,13.58666,afternoon,15,daylight,0,dry,0,2,6,0,1,0,0,0,1,3,slightly_injured
2019,2,Thu,5,52.50674,13.41343,night,5,dark,2,dry,0,5,3,0,1,0,1,0,0,3,slightly_injured
2019,2,Thu,5,52.63268,13.50031,morning,10,daylight,0,dry,0,5,2,0,1,0,0,0,0,3,slightly_injured
2019,2,Thu,5,52.43548,13.2741,morning,10,daylight,0,dry,0,2,2,0,1,0,0,0,0,3,slightly_injured