ujahr,umonat,weekday,uwochentag,long,lat,time_of_day,ustunde,light_condition,ulichtverh,street_condition,ustrzustand,uart,utyp1,ist_rad,ist_pkw,ist_fuss,ist_krad,ist_gkfz,ist_sonstige,ukategorie,accident_outcome
2019,2,Thu,5,52.42571,13.56624,morning,11,daylight,0,dry,0,2,7,0,1,0,0,0,1,3,slightly_injured
2019,2,Thu,5,52.46503,13.44271,afternoon,13,daylight,0,dry,0,5,3,0,1,0,0,0,0,3,slightly_injured
2019,2,Thu,5,52.53756,13.22647,afternoon,15,daylight,0,dry,1,5,7,0,1,0,0,0,1,3,slightly_injured
2019,2,Thu,5,52.46643,13.37796,afternoon,14,daylight,0,dry,0,5,2,1,1,0,0,0,0,3,slightly_injured
2019,2,Thu,5,52.47261,13.37782,afternoon,17,dark,2,dry,0,3,6,0,1,0,0,0,0,3,slightly_injured
2019,2,Thu,5,52.52903,13.45778,evening,18,dark,2,dry,0,2,2,0,1,0,0,0,0,3,slightly_injured
2019,2,Thu,5,52.52839,13.59905,evening,20,dark,2,dry,0,5,3,0,1,0,0,0,0,3,slightly_injured
2019,2,Wed,4,52.45697,13.47659,afternoon,16,daylight,0,dry,0,2,6,0,1,0,0,0,1,3,slightly_injured
2019,2,Thu,5,52.46799,13.37809,evening,20,dark,2,dry,0,2,6,0,1,0,0,0,0,3,slightly_injured
2019,2,Thu,5,52.55007,13.2269,evening,21,dark,2,dry,0,2,6,0,1,0,0,1,0,3,slightly_injured
2019,2,Thu,5,52.46734,13.48906,evening,21,dark,2,dry,0,5,3,0,1,0,0,0,0,3,slightly_injured
2019,2,Wed,4,52.52573,13.30713,afternoon,16,daylight,0,dry,0,5,7,0,1,0,1,0,0,2,seriously_injured
2019,2,Thu,5,52.53383,13.28193,evening,18,dusk,1,dry,1,2,6,0,1,0,1,0,0,2,seriously_injured
2019,2,Thu,5,52.55222,13.38141,evening,23,dark,2,dry,0,5,2,0,1,0,0,0,0,3,slightly_injured
2019,2,Thu,5,52.41853,13.35209,afternoon,16,daylight,0,dry,1,5,3,0,1,0,0,0,0,3,slightly_injured
2019,2,Thu,5,52.53079,13.20374,morning,11,daylight,0,dry,0,2,6,0,1,0,0,0,0,3,slightly_injured
2019,2,Fri,6,52.50637,13.41287,afternoon,14,daylight,0,dry,0,2,6,1,1,0,0,0,0,3,slightly_injured
2019,2,Thu,5,52.57723,13.49971,afternoon,17,dark,2,dry,1,0,7,0,0,0,0,1,0,3,slightly_injured
2019,2,Thu,5,52.42122,13.47833,evening,20,dark,2,dry,0,6,7,0,1,1,0,0,0,3,slightly_injured
2019,2,Wed,4,52.52095,13.40355,afternoon,16,dusk,1,dry,1,0,4,0,0,1,0,0,1,3,slightly_injured
2019,2,Wed,4,52.5633,13.32727,morning,11,daylight,0,dry,0,2,6,0,1,0,0,0,0,3,slightly_injured
2019,2,Wed,4,52.57561,13.33063,morning,10,daylight,0,dry,0,2,6,0,1,0,0,0,0,3,slightly_injured
2019,2,Wed,4,52.42471,13.44098,afternoon,16,daylight,0,dry,0,5,2,0,1,0,1,0,0,2,seriously_injured
2019,2,Wed,4,52.60998,13.47403,afternoon,12,daylight,0,dry,1,5,3,0,1,0,0,0,0,3,slightly_injured
2019,2,Wed,4,52.50975,13.42973,evening,22,dark,2,dry,0,6,4,1,0,1,0,0,0,3,slightly_injured
2019,2,Wed,4,52.55382,13.46764,afternoon,15,daylight,0,dry,0,2,2,0,1,0,0,0,0,3,slightly_injured
2019,2,Wed,4,52.595,13.35521,afternoon,15,daylight,0,dry,0,6,7,0,1,1,0,0,0,3,slightly_injured
2019,2,Thu,5,52.45163,13.29845,afternoon,16,daylight,0,dry,0,5,3,0,1,0,0,0,0,3,slightly_injured
2019,2,Wed,4,52.53794,13.4985,afternoon,15,daylight,0,dry,0,5,3,1,1,0,0,0,0,2,seriously_injured
2019,2,Wed,4,52.54157,13.59149,afternoon,14,daylight,0,dry,0,5,3,0,1,0,0,0,0,3,slightly_injured
2019,2,Wed,4,52.53898,13.24035,afternoon,12,daylight,0,dry,0,1,5,0,1,0,0,1,0,3,slightly_injured
2019,2,Fri,6,52.53549,13.34524,afternoon,13,daylight,0,dry,0,2,2,0,1,0,0,0,1,3,slightly_injured
2019,2,Wed,4,52.56555,13.43603,afternoon,14,daylight,0,dry,0,2,7,0,1,0,0,0,0,3,slightly_injured
2019,2,Wed,4,52.55433,13.34518,afternoon,14,daylight,0,dry,0,5,2,0,1,0,0,0,0,2,seriously_injured
2019,2,Wed,4,52.45042,13.50771,morning,11,daylight,0,dry,0,9,1,0,1,0,0,0,0,3,slightly_injured
2019,2,Wed,4,52.52605,13.38849,afternoon,13,daylight,0,dry,0,6,7,0,1,1,0,0,0,3,slightly_injured
2019,2,Wed,4,52.45656,13.38751,afternoon,13,daylight,0,dry,0,6,4,0,1,1,0,0,0,3,slightly_injured
2019,2,Wed,4,52.55387,13.41466,evening,20,dark,2,dry,1,6,2,0,1,1,0,0,0,3,slightly_injured
2019,2,Wed,4,52.50382,13.47247,morning,11,daylight,0,dry,0,1,5,1,0,0,0,1,1,3,slightly_injured
2019,2,Wed,4,52.41099,13.38172,morning,10,daylight,0,dry,1,5,3,0,1,0,0,0,1,3,slightly_injured
2019,2,Wed,4,52.58763,13.32412,morning,9,daylight,0,dry,1,9,1,0,1,0,0,0,0,2,seriously_injured
2019,2,Thu,5,52.42088,13.30055,evening,19,dark,2,dry,0,2,6,0,1,0,0,0,0,3,slightly_injured
2019,2,Wed,4,52.55722,13.4328,morning,9,daylight,0,dry,0,5,3,0,1,0,0,0,0,3,slightly_injured
2019,2,Wed,4,52.47366,13.44917,morning,8,daylight,0,dry,0,9,1,1,0,0,0,0,0,3,slightly_injured
2019,2,Wed,4,52.57727,13.28446,morning,7,daylight,0,dry,0,0,5,0,1,0,0,1,0,3,slightly_injured
2019,2,Wed,4,52.55379,13.35881,night,5,dark,2,dry,1,6,4,0,1,1,0,0,0,3,slightly_injured
2019,2,Wed,4,52.61774,13.24163,morning,7,daylight,0,dry,0,5,2,1,1,0,0,0,0,2,seriously_injured
2019,2,Wed,4,52.51248,13.44485,evening,19,dark,2,dry,0,1,5,1,1,0,0,0,0,3,slightly_injured
2019,2,Wed,4,52.51882,13.41728,evening,19,dusk,1,dry,0,0,6,0,1,0,0,0,1,3,slightly_injured
2019,2,Wed,4,52.52178,13.32845,evening,18,dark,2,dry,0,0,1,1,0,0,0,0,0,3,slightly_injured
2019,2,Wed,4,52.5338,13.1937,afternoon,16,daylight,0,dry,0,0,2,0,0,0,0,0,1,3,slightly_injured
2019,2,Wed,4,52.48256,13.60143,morning,6,dark,2,dry,1,5,2,0,1,0,0,0,1,3,slightly_injured
2019,2,Tue,3,52.44542,13.26798,morning,8,daylight,0,dry,1,5,3,1,1,0,0,0,0,3,slightly_injured
2019,2,Tue,3,52.49828,13.42973,afternoon,15,daylight,0,dry,0,5,3,0,1,0,0,0,0,3,slightly_injured
2019,2,Tue,3,52.50279,13.44669,morning,11,daylight,0,dry,0,5,2,0,1,0,0,0,0,3,slightly_injured
2019,2,Thu,5,52.61801,13.48544,afternoon,16,dusk,1,dry,1,5,3,0,1,0,0,0,0,3,slightly_injured
2019,2,Tue,3,52.45257,13.37778,morning,10,daylight,0,dry,1,5,2,1,1,0,0,0,0,3,slightly_injured
2019,2,Tue,3,52.50354,13.45199,night,5,dark,2,dry,0,5,3,0,1,0,0,0,0,2,seriously_injured
2019,2,Tue,3,52.46524,13.32402,morning,11,daylight,0,dry,1,5,3,0,1,0,1,0,0,3,slightly_injured
2019,2,Wed,4,52.53487,13.39806,evening,20,dark,2,dry,1,5,3,0,1,0,0,0,0,2,seriously_injured
2019,2,Tue,3,52.50483,13.40651,afternoon,12,daylight,0,dry,1,6,4,0,1,1,0,0,0,3,slightly_injured
2019,2,Tue,3,52.52874,13.40921,afternoon,15,daylight,0,dry,0,2,6,0,1,0,0,0,0,3,slightly_injured
2019,2,Tue,3,52.50307,13.31537,morning,7,daylight,0,dry,1,5,3,0,1,0,0,0,0,3,slightly_injured
2019,2,Tue,3,52.49957,13.41665,afternoon,17,dark,2,dry,0,6,7,0,1,1,0,0,0,3,slightly_injured
2019,2,Tue,3,52.44845,13.55912,evening,20,dark,2,dry,1,2,6,0,1,0,0,0,0,3,slightly_injured
2019,2,Tue,3,52.5729,13.31871,evening,22,dark,2,dry,0,6,2,0,1,1,0,0,0,3,slightly_injured
2019,2,Wed,4,52.52942,13.37942,morning,6,dusk,1,dry,1,6,2,0,1,1,0,0,0,3,slightly_injured
2019,2,Tue,3,52.52216,13.37744,evening,22,dark,2,dry,0,5,2,0,1,0,0,0,0,3,slightly_injured
2019,2,Tue,3,52.49349,13.36576,evening,22,dark,2,dry,0,0,2,0,1,0,1,0,0,3,slightly_injured
2019,2,Tue,3,52.57784,13.31544,evening,21,dark,2,dry,0,5,2,0,1,0,0,0,0,3,slightly_injured
2019,2,Tue,3,52.51175,13.29722,morning,11,daylight,0,dry,1,5,2,1,1,0,0,0,0,2,seriously_injured
2019,2,Thu,5,52.50869,13.61325,afternoon,15,daylight,0,dry,0,5,2,1,1,0,0,0,0,3,slightly_injured
2019,2,Tue,3,52.4912,13.43518,afternoon,17,dark,2,dry,1,5,2,0,1,0,1,0,0,2,seriously_injured
2019,2,Tue,3,52.54131,13.32561,morning,11,daylight,0,dry,0,4,6,0,1,0,0,0,1,2,seriously_injured
2019,2,Tue,3,52.45282,13.40817,afternoon,13,daylight,0,dry,1,2,6,0,1,0,0,0,0,2,seriously_injured
2019,2,Wed,4,52.42716,13.31371,evening,18,dark,2,dry,1,2,6,0,1,0,0,0,0,3,slightly_injured
2019,2,Tue,3,52.53839,13.23056,afternoon,17,dark,2,dry,1,1,6,0,1,0,0,0,0,3,slightly_injured
2019,2,Tue,3,52.53837,13.20762,afternoon,12,daylight,0,dry,1,1,5,1,1,0,0,0,0,2,seriously_injured
2019,2,Tue,3,52.48138,13.43862,evening,21,dark,2,dry,1,0,1,1,0,0,0,0,0,3,slightly_injured
2019,2,Fri,6,52.48676,13.31384,morning,10,daylight,0,dry,0,6,2,0,1,1,0,0,0,3,slightly_injured
2019,2,Tue,3,52.47493,13.36346,afternoon,14,daylight,0,dry,0,8,1,0,1,0,0,0,0,3,slightly_injured
2019,2,Mon,2,52.56887,13.31716,morning,9,daylight,0,dry,1,5,3,1,1,0,0,0,0,3,slightly_injured
2019,2,Wed,4,52.41677,13.53986,evening,18,dark,2,dry,1,6,2,0,1,1,0,0,0,2,seriously_injured
2019,2,Mon,2,52.50676,13.2988,evening,21,dark,2,dry,1,0,7,0,0,0,1,0,0,3,slightly_injured
2019,2,Mon,2,52.61433,13.49293,evening,20,dark,2,dry,1,5,3,0,1,0,0,0,0,3,slightly_injured
2019,2,Wed,4,52.45137,13.48164,morning,6,dusk,1,dry,1,2,6,0,1,0,0,0,0,3,slightly_injured
2019,2,Mon,2,52.48166,13.43213,evening,20,dark,2,dry,0,1,5,1,1,0,0,0,0,3,slightly_injured
2019,2,Mon,2,52.50858,13.37713,evening,20,dark,2,dry,0,5,3,0,1,0,0,0,0,3,slightly_injured
2019,2,Mon,2,52.48223,13.29,evening,20,dark,2,dry,0,5,2,0,1,0,0,0,0,3,slightly_injured
2019,2,Wed,4,52.52577,13.31302,morning,9,daylight,0,dry,1,0,1,0,0,0,1,0,0,3,slightly_injured
2019,2,Mon,2,52.47378,13.45622,evening,19,dark,2,dry,1,2,6,0,1,0,0,0,0,3,slightly_injured
2019,2,Mon,2,52.52883,13.45798,evening,18,dark,2,dry,0,2,6,0,1,0,0,0,0,3,slightly_injured
2019,2,Mon,2,52.47508,13.42725,evening,18,dark,2,dry,0,6,4,0,1,1,0,0,0,2,seriously_injured
2019,2,Fri,6,52.54624,13.57172,afternoon,15,daylight,0,dry,0,5,3,0,1,0,0,0,1,2,seriously_injured
2019,2,Mon,2,52.51962,13.19781,afternoon,17,dark,2,dry,0,6,4,0,1,1,0,0,0,2,seriously_injured
2019,2,Mon,2,52.50401,13.40945,afternoon,17,dark,2,dry,0,6,4,0,1,1,0,0,0,2,seriously_injured
2019,2,Wed,4,52.43029,13.31231,morning,7,daylight,0,dry,0,3,2,1,0,0,0,1,0,3,slightly_injured
2019,2,Mon,2,52.42178,13.31169,afternoon,15,daylight,0,dry,0,2,6,0,1,0,0,0,1,3,slightly_injured
2019,2,Mon,2,52.51475,13.31526,afternoon,14,daylight,0,dry,0,5,3,1,1,0,0,0,0,3,slightly_injured
2019,2,Wed,4,52.49028,13.34519,morning,8,daylight,0,dry,1,5,3,0,1,0,0,0,0,3,slightly_injured
2019,2,Mon,2,52.51456,13.31509,afternoon,14,daylight,0,dry,0,9,1,0,1,0,0,0,0,3,slightly_injured
2019,2,Mon,2,52.53539,13.19523,afternoon,14,daylight,0,dry,0,6,4,0,1,1,0,0,0,3,slightly_injured
2019,2,Mon,2,52.51292,13.43115,afternoon,13,daylight,0,dry,0,5,3,1,1,0,0,0,0,3,slightly_injured
2019,2,Thu,5,52.49423,13.3612,evening,19,dark,2,dry,0,5,2,0,1,0,0,0,1,3,slightly_injured
2019,2,Mon,2,52.51578,13.42696,afternoon,13,daylight,0,dry,0,6,2,0,1,1,0,0,0,3,slightly_injured
2019,2,Mon,2,52.55361,13.41429,morning,11,daylight,0,dry,1,0,7,0,1,0,0,0,1,3,slightly_injured
2019,2,Mon,2,52.5361,13.27369,night,5,dark,2,dry,1,6,2,0,1,1,0,0,0,3,slightly_injured
2019,2,Thu,5,52.51572,13.49842,evening,20,dark,2,dry,0,6,2,0,1,1,0,0,0,3,slightly_injured
2019,2,Mon,2,52.58698,13.28073,morning,6,dusk,1,dry,1,6,4,0,1,1,0,0,0,3,slightly_injured
2019,2,Mon,2,52.56713,13.4204,morning,6,dark,2,dry,1,2,2,0,1,0,0,0,1,3,slightly_injured
2019,2,Mon,2,52.48775,13.30824,morning,7,daylight,0,dry,1,5,3,1,1,0,0,0,0,3,slightly_injured
2019,2,Wed,4,52.45524,13.61716,morning,8,daylight,0,dry,1,0,1,1,0,0,0,0,0,3,slightly_injured
2019,2,Mon,2,52.45847,13.30348,morning,7,daylight,0,dry,1,6,2,0,1,1,0,0,0,3,slightly_injured
2019,2,Mon,2,52.46709,13.31994,morning,8,daylight,0,dry,1,6,2,0,1,1,0,0,0,3,slightly_injured
2019,2,Mon,2,52.56954,13.32993,morning,9,daylight,0,dry,1,2,6,0,1,0,0,0,0,3,slightly_injured
2019,2,Wed,4,52.50823,13.39897,evening,18,dark,2,dry,1,5,3,0,1,0,0,0,0,3,slightly_injured
2019,2,Mon,2,52.48772,13.37665,afternoon,12,daylight,0,dry,1,2,6,0,1,0,0,0,0,3,slightly_injured
2019,2,Mon,2,52.57545,13.50934,afternoon,12,daylight,0,dry,0,0,3,0,1,0,0,0,1,3,slightly_injured
2019,2,Sun,1,52.57036,13.36084,morning,11,daylight,0,dry,1,5,2,0,1,0,0,0,0,3,slightly_injured
2019,2,Thu,5,52.61458,13.43191,afternoon,16,daylight,0,dry,0,6,4,0,1,1,0,0,0,2,seriously_injured
2019,2,Sun,1,52.5026,13.40648,night,4,dark,2,dry,0,5,3,0,1,0,0,0,0,3,slightly_injured
2019,2,Sun,1,52.46974,13.43533,night,1,dark,2,dry,1,5,3,0,1,0,0,0,0,3,slightly_injured
2019,2,Sun,1,52.50952,13.24134,afternoon,15,daylight,0,dry,1,5,3,0,1,0,1,0,0,3,slightly_injured
2019,2,Wed,4,52.5036,13.30463,evening,18,dark,2,dry,1,6,2,0,1,1,0,0,0,3,slightly_injured
2019,2,Sun,1,52.46837,13.31154,afternoon,15,daylight,0,dry,0,6,2,0,1,1,0,0,0,3,slightly_injured
2019,2,Sun,1,52.53309,13.40427,afternoon,16,dusk,1,dry,0,5,3,0,1,0,0,0,0,3,slightly_injured
2019,2,Sun,1,52.50424,13.34451,afternoon,17,dusk,1,dry,0,6,4,1,0,1,0,0,0,3,slightly_injured
2019,2,Sun,1,52.54481,13.59157,evening,19,dark,2,dry,1,5,2,0,1,0,0,0,0,3,slightly_injured
2019,2,Wed,4,52.43856,13.34402,morning,7,daylight,0,dry,0,6,4,0,1,1,0,0,0,3,slightly_injured
2019,2,Sun,1,52.53098,13.47827,afternoon,13,daylight,0,dry,1,5,3,0,1,0,0,0,0,3,slightly_injured
2019,2,Sat,7,52.48184,13.43404,evening,23,dark,2,dry,1,6,4,0,1,1,0,0,0,3,slightly_injured
2019,2,Sat,7,52.5223,13.32844,evening,21,dark,2,dry,1,5,2,0,1,0,0,0,0,3,slightly_injured
2019,2,Sat,7,52.42574,13.5452,evening,20,dark,2,dry,1,5,2,0,1,0,0,0,0,3,slightly_injured
2019,2,Sat,7,52.49214,13.33077,evening,18,dark,2,dry,1,5,3,0,1,0,0,0,0,2,seriously_injured
2019,2,Thu,5,52.56737,13.46841,afternoon,14,daylight,0,dry,0,2,6,0,1,0,0,0,1,3,slightly_injured
2019,2,Sat,7,52.52182,13.25957,evening,20,dark,2,dry,1,2,6,0,1,0,0,0,0,3,slightly_injured
2019,2,Sat,7,52.61594,13.48601,evening,18,dark,2,dry,1,5,3,0,1,0,0,0,0,3,slightly_injured
2019,2,Sat,7,52.51544,13.41808,afternoon,17,dark,2,dry,1,5,2,0,1,0,0,0,0,3,slightly_injured
2019,2,Wed,4,52.56121,13.56402,afternoon,17,dusk,1,dry,1,6,4,0,1,1,0,0,0,2,seriously_injured
2019,2,Sat,7,52.45161,13.41639,afternoon,16,dark,2,dry,1,3,2,0,1,0,0,0,1,3,slightly_injured
2019,2,Sat,7,52.55043,13.37842,afternoon,16,dusk,1,dry,1,5,3,0,1,0,0,0,0,3,slightly_injured
2019,2,Sat,7,52.51463,13.48879,afternoon,16,dusk,1,dry,1,5,3,0,1,0,0,0,0,3,slightly_injured
2019,2,Fri,6,52.52533,13.32434,afternoon,14,daylight,0,dry,0,2,6,0,1,0,0,0,0,3,slightly_injured
2019,2,Sat,7,52.49645,13.34978,afternoon,15,daylight,0,dry,1,5,3,1,1,0,0,0,0,3,slightly_injured
2019,2,Sat,7,52.46043,13.27491,afternoon,15,daylight,0,dry,2,5,2,0,1,0,0,0,0,3,slightly_injured
2019,2,Sat,7,52.54676,13.18849,afternoon,15,daylight,0,dry,1,2,6,0,1,0,0,0,0,3,slightly_injured
2019,2,Sat,7,52.45425,13.46102,afternoon,15,daylight,0,dry,1,5,3,0,1,0,0,0,0,3,slightly_injured
2019,2,Fri,6,52.51195,13.2405,morning,11,daylight,0,dry,0,5,2,0,1,0,0,0,0,3,slightly_injured
2019,2,Sat,7,52.49943,13.41714,afternoon,12,daylight,0,dry,0,1,5,1,1,0,0,0,0,3,slightly_injured
2019,2,Sat,7,52.5834,13.32039,morning,9,daylight,0,dry,1,2,2,0,1,0,0,0,0,3,slightly_injured
2019,2,Wed,4,52.44431,13.43353,afternoon,17,dusk,1,dry,0,5,3,1,1,0,0,0,0,3,slightly_injured
2019,2,Fri,6,52.49449,13.33753,evening,19,dark,2,dry,0,2,6,0,1,0,0,0,0,3,slightly_injured
2019,2,Fri,6,52.54073,13.20293,morning,10,daylight,0,dry,0,3,6,0,1,0,0,0,0,3,slightly_injured
2019,2,Fri,6,52.5263,13.34106,afternoon,12,daylight,0,dry,1,2,6,0,1,0,0,0,0,3,slightly_injured
2019,2,Wed,4,52.50863,13.43474,morning,7,daylight,0,dry,1,2,2,0,1,0,0,0,0,3,slightly_injured
2019,2,Fri,6,52.55539,13.38379,afternoon,17,dusk,1,dry,0,1,5,0,1,0,0,0,0,3,slightly_injured
2019,2,Fri,6,52.50394,13.33157,evening,20,dark,2,dry,0,5,2,0,1,0,0,0,1,3,slightly_injured
2019,2,Fri,6,52.5131,13.19686,evening,19,dark,2,dry,1,5,2,0,1,0,0,0,0,3,slightly_injured
2019,2,Thu,5,52.53362,13.48464,evening,18,dark,2,dry,0,2,6,0,1,0,0,0,0,3,slightly_injured
2019,2,Fri,6,52.44345,13.56922,afternoon,17,dark,2,dry,1,2,6,0,1,0,0,0,0,3,slightly_injured
2019,2,Fri,6,52.42759,13.35223,afternoon,15,daylight,0,dry,1,5,3,0,1,0,0,0,0,3,slightly_injured
2019,2,Wed,4,52.5513,13.16193,afternoon,16,dusk,1,dry,1,6,4,0,1,1,0,0,0,2,seriously_injured
2019,2,Fri,6,52.52896,13.45742,evening,23,dark,2,dry,1,6,4,0,1,1,0,0,0,2,seriously_injured
2019,2,Fri,6,52.56271,13.42183,morning,8,daylight,0,dry,1,5,3,1,1,0,0,0,0,3,slightly_injured
2019,2,Wed,4,52.58148,13.40422,morning,7,daylight,0,dry,0,3,2,0,1,0,0,1,0,3,slightly_injured
2019,2,Fri,6,52.4686,13.33211,afternoon,16,dusk,1,dry,0,2,6,0,1,0,0,0,0,3,slightly_injured
2019,2,Fri,6,52.51085,13.37812,afternoon,17,dusk,1,dry,0,1,5,1,1,0,0,0,0,3,slightly_injured
2019,2,Fri,6,52.58161,13.42868,morning,10,daylight,0,dry,0,0,2,0,1,0,0,0,1,3,slightly_injured
2019,2,Wed,4,52.49125,13.39677,morning,7,daylight,0,dry,0,2,6,0,1,0,0,0,1,3,slightly_injured
2019,2,Fri,6,52.50309,13.31667,morning,10,daylight,0,dry,0,0,5,0,1,0,1,0,0,3,slightly_injured
2019,2,Fri,6,52.50571,13.29961,morning,9,daylight,0,dry,0,1,5,1,1,0,0,0,1,2,seriously_injured
2019,2,Fri,6,52.50356,13.33795,morning,9,daylight,0,dry,0,1,5,0,1,0,1,0,0,3,slightly_injured
2019,2,Thu,5,52.49959,13.4254,evening,19,dark,2,dry,0,1,5,1,1,0,0,0,0,3,slightly_injured
2019,2,Fri,6,52.44282,13.24009,morning,7,dusk,1,dry,1,5,2,1,1,0,0,0,0,3,slightly_injured
2019,2,Fri,6,52.55293,13.37,morning,7,dusk,1,dry,0,5,3,0,1,0,0,0,0,3,slightly_injured
2019,2,Fri,6,52.41775,13.47816,morning,7,dusk,1,dry,0,5,3,0,1,0,0,0,0,3,slightly_injured
2019,2,Tue,3,52.51459,13.42511,morning,9,daylight,0,dry,0,2,6,0,1,0,0,0,0,3,slightly_injured
2019,2,Fri,6,52.49875,13.41218,morning,7,dusk,1,dry,1,5,3,1,1,0,0,0,0,3,slightly_injured
2019,2,Fri,6,52.49193,13.41301,morning,6,dark,2,dry,1,6,4,0,1,1,0,0,0,3,slightly_injured
2019,2,Sun,1,52.50101,13.38676,evening,20,dark,2,dry,0,5,3,0,1,0,1,0,0,3,slightly_injured
2019,2,Wed,4,52.53106,13.40235,afternoon,12,daylight,0,dry,0,6,4,1,0,1,0,0,0,3,slightly_injured
2019,2,Sun,1,52.40234,13.57744,afternoon,14,daylight,0,dry,0,5,3,0,1,0,1,0,0,3,slightly_injured
2019,2,Sun,1,52.60318,13.34872,afternoon,13,daylight,0,dry,0,6,4,0,1,1,0,0,0,3,slightly_injured
2019,2,Wed,4,52.61956,13.30411,morning,7,daylight,0,dry,0,5,2,1,1,0,0,0,0,3,slightly_injured
2019,2,Sun,1,52.54694,13.42474,afternoon,12,daylight,0,dry,0,5,3,0,1,0,0,0,0,3,slightly_injured
2019,2,Sun,1,52.49784,13.2959,night,0,dark,2,dry,0,2,6,0,1,0,0,0,0,3,slightly_injured
2019,2,Sun,1,52.49676,13.38442,night,0,dark,2,dry,0,5,3,0,1,0,0,0,0,3,slightly_injured
2019,2,Wed,4,52.5078,13.39213,evening,22,dark,2,dry,0,5,3,0,1,0,0,0,0,3,slightly_injured
2019,2,Sat,7,52.49823,13.42968,night,5,dusk,1,dry,0,5,3,0,1,0,0,0,0,3,slightly_injured
2019,2,Sat,7,52.50162,13.56153,afternoon,13,daylight,0,dry,0,6,4,0,1,1,0,0,0,3,slightly_injured
2019,2,Sat,7,52.55635,13.55885,evening,19,dark,2,dry,0,6,4,0,0,1,0,0,1,2,seriously_injured
2019,2,Sat,7,52.49911,13.42723,evening,20,dark,2,dry,0,5,3,1,1,0,0,0,0,3,slightly_injured
2019,2,Sat,7,52.5702,13.55563,evening,20,dark,2,dry,0,2,6,0,1,0,0,0,0,3,slightly_injured
2019,2,Sat,7,52.58391,13.30946,evening,19,dark,2,dry,0,5,2,0,1,0,0,0,0,3,slightly_injured
2019,2,Sat,7,52.48736,13.29965,evening,19,dark,2,dry,0,3,6,0,1,0,0,0,0,3,slightly_injured
2019,2,Sat,7,52.54084,13.20344,evening,21,dark,2,dry,0,0,1,0,1,0,0,0,0,2,seriously_injured
2019,2,Sat,7,52.48739,13.31914,morning,8,daylight,0,dry,0,1,5,1,1,0,0,0,0,3,slightly_injured
2019,2,Wed,4,52.41824,13.28849,evening,20,dark,2,dry,0,1,5,0,1,0,0,0,0,3,slightly_injured
2019,2,Sat,7,52.56724,13.19767,afternoon,13,daylight,0,dry,0,0,7,0,1,0,0,0,0,3,slightly_injured
2019,2,Wed,4,52.50788,13.30041,evening,20,dark,2,dry,0,5,3,1,1,0,0,0,0,3,slightly_injured
2019,2,Sat,7,52.53338,13.42092,afternoon,12,daylight,0,dry,0,2,6,0,1,0,0,0,0,3,slightly_injured
2019,2,Sat,7,52.43958,13.40369,afternoon,12,daylight,0,dry,0,6,4,0,1,1,0,0,0,2,seriously_injured
2019,2,Sat,7,52.56341,13.50484,afternoon,12,daylight,0,dry,0,6,4,1,0,1,0,0,0,3,slightly_injured
2019,2,Wed,4,52.47711,13.28125,evening,19,dark,2,dry,0,3,6,0,1,0,0,0,0,3,slightly_injured
2019,2,Sat,7,52.50674,13.30212,morning,11,daylight,0,dry,0,0,1,0,0,0,1,0,0,3,slightly_injured
2019,2,Sat,7,52.46904,13.49124,morning,11,daylight,0,dry,0,5,2,1,1,0,0,0,0,3,slightly_injured
2019,2,Sat,7,52.49997,13.27345,morning,11,daylight,0,dry,0,5,2,1,1,0,0,0,0,3,slightly_injured
2019,2,Wed,4,52.594,13.28208,evening,19,dark,2,dry,0,6,4,0,1,1,0,0,0,2,seriously_injured
2019,2,Sat,7,52.52897,13.51913,morning,10,daylight,0,dry,0,2,6,0,1,0,0,0,0,3,slightly_injured
2019,2,Sat,7,52.50261,13.43214,night,1,dark,2,dry,0,1,5,1,1,0,0,0,0,3,slightly_injured
2019,2,Wed,4,52.50752,13.3855,evening,19,dark,2,dry,0,5,2,1,0,0,0,0,1,3,slightly_injured
2019,2,Sat,7,52.49395,13.4542,night,3,dark,2,dry,0,5,3,0,1,0,0,0,0,2,seriously_injured
2019,2,Sat,7,52.54567,13.19427,morning,9,daylight,0,dry,0,5,2,0,1,0,0,0,0,3,slightly_injured
2019,2,Sat,7,52.60102,13.36384,morning,10,daylight,0,dry,0,6,7,0,1,1,0,0,0,3,slightly_injured
2019,2,Wed,4,52.43216,13.46097,evening,19,dark,2,dry,0,6,2,0,1,1,0,0,0,3,slightly_injured
2019,2,Sat,7,52.52648,13.33947,morning,10,daylight,0,dry,0,2,6,0,1,0,0,0,0,3,slightly_injured
2019,2,Thu,5,52.50429,13.4721,evening,19,dark,2,dry,0,0,1,1,0,0,0,0,0,2,seriously_injured
2019,2,Sat,7,52.52691,13.41627,evening,19,dark,2,dry,0,2,6,0,1,0,0,0,0,3,slightly_injured
2019,2,Sat,7,52.57874,13.30929,afternoon,17,dusk,1,dry,0,5,3,0,1,0,0,0,1,3,slightly_injured
2019,2,Wed,4,52.50645,13.3122,evening,18,dusk,1,dry,0,1,5,1,1,0,0,0,0,3,slightly_injured
2019,2,Thu,5,52.52262,13.37981,morning,10,daylight,0,dry,0,1,5,1,1,0,0,0,0,3,slightly_injured
2019,2,Sat,7,52.55096,13.43116,afternoon,17,dark,2,dry,0,2,6,0,1,0,0,0,0,3,slightly_injured
2019,2,Sat,7,52.52798,13.37434,afternoon,16,daylight,0,dry,0,5,3,1,1,0,0,0,0,3,slightly_injured
2019,2,Wed,4,52.41897,13.38487,evening,18,dark,2,dry,0,5,3,0,1,0,0,0,0,3,slightly_injured
2019,2,Sat,7,52.54884,13.46294,afternoon,15,daylight,0,dry,0,5,3,0,1,0,0,0,0,3,slightly_injured
2019,2,Sat,7,52.5207,13.41298,afternoon,13,daylight,0,dry,0,6,7,0,1,1,0,0,0,3,slightly_injured
2019,2,Wed,4,52.53325,13.41463,afternoon,17,dusk,1,dry,0,2,7,1,1,0,0,0,0,3,slightly_injured
2019,2,Sat,7,52.57401,13.3682,afternoon,13,daylight,0,dry,0,6,7,0,0,1,0,0,1,2,seriously_injured