ujahr,umonat,weekday,uwochentag,long,lat,time_of_day,ustunde,light_condition,ulichtverh,street_condition,ustrzustand,uart,utyp1,ist_rad,ist_pkw,ist_fuss,ist_krad,ist_gkfz,ist_sonstige,ukategorie,accident_outcome
2019,2,Fri,6,52.49623,13.30867,morning,9,daylight,0,dry,0,0,5,0,1,0,1,0,0,3,slightly_injured
2019,2,Wed,4,52.52327,13.46428,evening,18,dusk,1,dry,0,5,3,1,0,0,0,0,0,3,slightly_injured
2019,2,Fri,6,52.41757,13.3065,evening,18,dark,2,dry,1,3,2,1,1,0,0,0,0,3,slightly_injured
2019,2,Wed,4,52.55357,13.4147,afternoon,13,daylight,0,dry,0,5,2,1,1,0,0,0,0,3,slightly_injured
2019,2,Fri,6,52.45511,13.33235,afternoon,14,daylight,0,dry,0,2,6,0,1,0,0,0,0,3,slightly_injured
2019,2,Fri,6,52.40649,13.26826,morning,8,daylight,0,dry,0,2,6,0,1,0,0,0,1,3,slightly_injured
2019,2,Wed,4,52.48356,13.32012,afternoon,17,daylight,0,dry,0,5,2,1,1,0,0,0,0,3,slightly_injured
2019,2,Fri,6,52.49606,13.28766,evening,21,dark,2,dry,0,5,2,1,1,0,0,0,0,3,slightly_injured
2019,2,Fri,6,52.56813,13.49319,afternoon,13,daylight,0,dry,0,6,4,0,1,1,0,0,0,3,slightly_injured
2019,2,Fri,6,52.53904,13.34489,afternoon,12,daylight,0,dry,0,5,2,1,0,0,0,1,0,3,slightly_injured
2019,2,Wed,4,52.55511,13.39494,afternoon,16,dusk,1,dry,0,2,6,0,1,0,0,0,1,3,slightly_injured
2019,2,Fri,6,52.51987,13.43332,afternoon,13,daylight,0,dry,0,6,2,0,1,1,0,0,0,3,slightly_injured
2019,2,Fri,6,52.53489,13.19885,afternoon,13,daylight,0,dry,0,6,4,0,1,1,0,0,0,3,slightly_injured
2019,2,Fri,6,52.55694,13.37365,afternoon,14,daylight,0,dry,0,2,2,1,1,0,0,0,0,3,slightly_injured
2019,2,Wed,4,52.42207,13.22963,afternoon,17,dark,2,dry,0,2,6,1,1,0,0,0,0,3,slightly_injured
2019,2,Fri,6,52.53285,13.41418,afternoon,13,daylight,0,dry,0,0,3,1,0,0,1,0,0,3,slightly_injured
2019,2,Fri,6,52.64309,13.47879,afternoon,14,daylight,0,dry,0,2,6,0,1,0,0,0,0,3,slightly_injured
2019,2,Fri,6,52.51907,13.43316,afternoon,14,daylight,0,dry,0,1,5,1,1,0,0,0,0,3,slightly_injured
2019,2,Wed,4,52.42015,13.425,afternoon,16,daylight,0,dry,0,1,5,0,1,0,0,0,0,3,slightly_injured
2019,2,Fri,6,52.46742,13.51211,afternoon,14,daylight,0,dry,0,6,4,0,1,1,0,0,0,3,slightly_injured
2019,2,Wed,4,52.42637,13.52866,morning,10,daylight,0,dry,0,2,6,0,1,0,0,0,0,3,slightly_injured
2019,2,Fri,6,52.52442,13.44074,morning,7,daylight,0,dry,0,6,7,0,1,1,0,0,0,3,slightly_injured
2019,2,Fri,6,52.51183,13.43841,afternoon,15,daylight,0,dry,0,5,3,1,1,0,0,0,0,3,slightly_injured
2019,2,Wed,4,52.5402,13.39075,afternoon,15,daylight,0,dry,0,5,3,0,1,0,0,0,0,3,slightly_injured
2019,2,Fri,6,52.48599,13.40716,afternoon,12,daylight,0,dry,0,5,7,1,1,0,0,0,0,3,slightly_injured
2019,2,Fri,6,52.46818,13.32827,night,5,dark,2,dry,0,0,5,0,0,0,0,0,1,3,slightly_injured
2019,2,Fri,6,52.5104,13.40106,afternoon,16,daylight,0,dry,0,5,3,0,1,0,0,0,0,3,slightly_injured
2019,2,Wed,4,52.50099,13.31598,afternoon,15,daylight,0,dry,0,1,5,1,1,0,0,0,0,3,slightly_injured
2019,2,Fri,6,52.49853,13.42862,morning,11,daylight,0,dry,0,5,5,0,1,0,1,0,0,3,slightly_injured
2019,2,Fri,6,52.50437,13.44167,afternoon,16,daylight,0,dry,0,1,5,1,1,0,0,0,1,3,slightly_injured
2019,2,Fri,6,52.55868,13.44631,morning,11,daylight,0,dry,1,5,2,0,0,0,1,1,0,3,slightly_injured
2019,2,Fri,6,52.55457,13.51181,afternoon,16,daylight,0,dry,0,2,7,0,1,0,0,0,0,3,slightly_injured
2019,2,Wed,4,52.41877,13.49423,afternoon,15,daylight,0,dry,0,6,4,0,1,1,0,0,0,2,seriously_injured
2019,2,Fri,6,52.5231,13.29972,morning,11,daylight,0,dry,0,2,6,0,0,0,0,1,1,3,slightly_injured
2019,2,Fri,6,52.49608,13.31117,morning,10,daylight,0,dry,0,5,3,0,1,0,0,0,0,3,slightly_injured
2019,2,Fri,6,52.52365,13.40046,evening,18,dusk,1,dry,0,1,5,1,1,0,0,0,0,3,slightly_injured
2019,2,Wed,4,52.53309,13.19529,morning,7,daylight,0,dry,0,0,2,1,1,0,0,0,0,3,slightly_injured
2019,2,Fri,6,52.54768,13.41316,afternoon,14,daylight,0,dry,0,5,2,1,1,0,0,0,0,3,slightly_injured
2019,2,Fri,6,52.54611,13.40579,evening,19,dark,2,dry,0,2,6,0,1,0,1,0,0,3,slightly_injured
2019,2,Wed,4,52.50439,13.30367,night,5,dark,2,dry,0,6,4,0,1,1,0,0,0,3,slightly_injured
2019,2,Fri,6,52.51665,13.47951,morning,10,daylight,0,dry,0,5,2,1,1,0,0,0,0,3,slightly_injured
2019,2,Fri,6,52.49813,13.31895,evening,19,dark,2,dry,0,6,7,0,1,1,0,0,0,3,slightly_injured
2019,2,Fri,6,52.51309,13.46398,evening,20,dark,2,dry,0,5,3,1,1,0,0,0,0,3,slightly_injured
2019,2,Tue,3,52.53601,13.20412,morning,7,daylight,0,dry,0,2,6,0,1,0,0,0,0,3,slightly_injured
2019,2,Fri,6,52.38777,13.41221,evening,20,dark,2,dry,0,6,4,1,0,1,0,0,0,3,slightly_injured
2019,2,Fri,6,52.48851,13.30795,evening,21,dark,2,dry,0,5,2,0,1,0,0,0,0,3,slightly_injured
2019,2,Fri,6,52.51845,13.61865,morning,11,daylight,0,dry,0,5,3,1,1,0,0,0,0,2,seriously_injured
2019,2,Tue,3,52.54984,13.20263,afternoon,13,daylight,0,dry,0,5,3,0,1,0,0,0,0,3,slightly_injured
2019,2,Fri,6,52.5462,13.35897,morning,9,daylight,0,dry,0,2,6,0,1,0,0,0,1,3,slightly_injured
2019,2,Fri,6,52.41923,13.42128,afternoon,14,daylight,0,dry,0,5,2,0,1,0,0,0,1,3,slightly_injured
2019,2,Tue,3,52.55017,13.57278,morning,7,daylight,0,dry,0,5,3,0,1,0,0,0,1,3,slightly_injured
2019,2,Fri,6,52.57349,13.26123,afternoon,16,daylight,0,dry,0,3,6,1,1,0,0,0,0,2,seriously_injured
2019,2,Fri,6,52.43724,13.3589,evening,20,dark,2,dry,0,0,1,0,0,0,1,0,0,3,slightly_injured
2019,2,Fri,6,52.45145,13.58667,afternoon,16,daylight,0,dry,0,0,1,0,0,0,1,0,0,2,seriously_injured
2019,2,Tue,3,52.55258,13.29393,afternoon,12,daylight,0,dry,0,6,4,0,1,1,0,0,0,3,slightly_injured
2019,2,Thu,5,52.49026,13.34519,afternoon,16,daylight,0,dry,0,3,6,0,1,0,0,0,0,3,slightly_injured
2019,2,Thu,5,52.44725,13.36197,afternoon,15,daylight,0,dry,0,5,2,0,1,0,0,0,1,3,slightly_injured
2019,2,Thu,5,52.49219,13.34501,evening,18,dark,2,dry,1,6,2,0,1,1,0,0,0,2,seriously_injured
2019,2,Tue,3,52.39104,13.40189,afternoon,15,daylight,0,dry,0,5,3,0,1,0,0,0,0,3,slightly_injured
2019,2,Thu,5,52.47871,13.44826,afternoon,16,daylight,0,dry,1,1,5,0,1,0,0,0,0,3,slightly_injured
2019,2,Thu,5,52.48287,13.43795,evening,20,dark,2,dry,0,6,2,0,1,1,0,0,0,3,slightly_injured
2019,2,Thu,5,52.46464,13.32809,morning,11,daylight,0,dry,1,2,6,0,1,0,0,0,0,3,slightly_injured
2019,2,Thu,5,52.47531,13.29055,evening,21,dark,2,dry,1,6,2,0,1,1,0,0,0,3,slightly_injured
2019,2,Tue,3,52.47932,13.60094,afternoon,12,daylight,0,dry,0,5,3,0,1,0,0,0,0,3,slightly_injured
2019,2,Thu,5,52.5091,13.37187,evening,19,dark,2,dry,1,5,2,0,1,0,1,0,0,2,seriously_injured
2019,2,Thu,5,52.50132,13.41916,evening,19,dark,2,dry,1,6,2,0,1,1,0,0,0,3,slightly_injured
2019,2,Tue,3,52.50083,13.4446,morning,9,daylight,0,dry,0,3,6,1,0,0,0,1,0,3,slightly_injured
2019,2,Thu,5,52.50417,13.34433,evening,19,dark,2,dry,1,5,3,1,1,0,0,0,0,3,slightly_injured
2019,2,Thu,5,52.48483,13.43358,evening,19,dark,2,dry,1,5,2,0,0,0,1,0,1,3,slightly_injured
2019,2,Tue,3,52.50477,13.44093,morning,9,daylight,0,dry,0,5,2,1,1,0,0,0,0,3,slightly_injured
2019,2,Thu,5,52.52937,13.62611,evening,19,dark,2,dry,1,6,2,0,1,1,0,0,0,2,seriously_injured
2019,2,Wed,4,52.51607,13.25994,afternoon,13,daylight,0,dry,0,6,2,0,1,1,0,0,0,3,slightly_injured
2019,2,Thu,5,52.44012,13.39642,evening,18,dusk,1,dry,1,5,2,0,1,0,1,0,0,3,slightly_injured
2019,2,Thu,5,52.54187,13.2359,afternoon,17,dark,2,dry,1,5,7,0,1,0,1,0,0,3,slightly_injured
2019,2,Tue,3,52.50311,13.36559,morning,8,daylight,0,dry,0,5,2,1,1,0,0,0,0,3,slightly_injured
2019,2,Thu,5,52.54844,13.43647,afternoon,17,dark,2,dry,1,5,3,1,1,0,0,0,0,3,slightly_injured
2019,2,Wed,4,52.51601,13.40309,afternoon,15,daylight,0,dry,0,2,6,0,1,0,0,0,0,3,slightly_injured
2019,2,Thu,5,52.50357,13.30432,afternoon,16,daylight,0,dry,1,5,7,0,1,0,0,0,0,3,slightly_injured
2019,2,Thu,5,52.59381,13.28055,afternoon,16,daylight,0,dry,1,0,2,1,1,0,0,0,0,3,slightly_injured
2019,2,Tue,3,52.45004,13.51092,morning,6,daylight,0,dry,0,3,6,0,1,0,0,0,0,3,slightly_injured
2019,2,Thu,5,52.42926,13.25994,morning,10,daylight,0,dry,1,0,7,0,1,0,0,0,0,3,slightly_injured
2019,2,Thu,5,52.50231,13.46984,morning,8,daylight,0,dry,1,2,2,0,1,0,0,0,0,3,slightly_injured
2019,2,Thu,5,52.43927,13.435,morning,8,daylight,0,dry,1,5,2,0,1,0,0,0,1,3,slightly_injured
2019,2,Tue,3,52.54312,13.51615,evening,18,dark,2,dry,0,1,1,0,1,0,0,0,0,3,slightly_injured
2019,2,Thu,5,52.52015,13.38529,morning,8,daylight,0,dry,1,6,7,0,1,1,0,0,0,3,slightly_injured
2019,2,Thu,5,52.52801,13.54899,morning,7,daylight,0,dry,0,5,2,0,1,0,0,0,1,3,slightly_injured
2019,2,Thu,5,52.53986,13.40168,morning,6,daylight,0,dry,1,6,2,0,1,1,0,0,0,3,slightly_injured
2019,2,Wed,4,52.44034,13.30761,morning,8,daylight,0,dry,0,5,7,0,1,0,0,0,0,3,slightly_injured
2019,2,Thu,5,52.43004,13.5719,morning,6,daylight,0,dry,1,5,2,1,1,0,0,0,0,2,seriously_injured
2019,2,Thu,5,52.55159,13.38808,night,1,dark,2,dry,0,1,1,0,1,0,0,0,0,3,slightly_injured
2019,2,Tue,3,52.63457,13.49682,night,5,dark,2,dry,0,2,6,0,1,0,0,0,0,3,slightly_injured
2019,2,Thu,5,52.53451,13.29318,morning,6,dusk,1,dry,1,5,2,0,1,0,1,0,0,3,slightly_injured
2019,2,Thu,5,52.54214,13.38274,afternoon,13,daylight,0,dry,0,5,3,0,1,0,0,0,0,3,slightly_injured
2019,2,Thu,5,52.51793,13.44342,afternoon,12,daylight,0,dry,1,5,3,0,1,0,1,0,0,3,slightly_injured
2019,2,Thu,5,52.51865,13.38753,afternoon,12,daylight,0,dry,0,2,6,0,1,0,0,0,0,3,slightly_injured
2019,2,Tue,3,52.51117,13.22172,night,0,dark,2,dry,0,5,3,0,1,0,0,0,0,3,slightly_injured
2019,2,Thu,5,52.5273,13.53453,afternoon,12,daylight,0,dry,1,6,4,0,1,1,0,0,0,3,slightly_injured
2019,2,Thu,5,52.52697,13.23619,morning,11,daylight,0,dry,0,2,6,0,1,0,0,0,1,2,seriously_injured
2019,2,Thu,5,52.41309,13.42129,morning,11,daylight,0,dry,1,6,2,0,0,1,0,0,1,2,seriously_injured
2019,2,Tue,3,52.53666,13.26494,afternoon,16,daylight,0,dry,0,5,2,0,1,0,0,0,0,2,seriously_injured
2019,2,Thu,5,52.44941,13.3663,morning,9,daylight,0,dry,0,0,6,1,1,0,0,0,0,3,slightly_injured
2019,2,Thu,5,52.5711,13.44309,morning,11,daylight,0,dry,0,6,3,0,1,1,0,0,0,2,seriously_injured
2019,2,Thu,5,52.47453,13.35874,morning,10,daylight,0,dry,1,5,3,0,1,0,0,0,0,3,slightly_injured
2019,2,Wed,4,52.52602,13.39342,evening,18,dark,2,dry,0,3,6,1,0,0,0,0,0,3,slightly_injured
2019,2,Wed,4,52.52493,13.56538,afternoon,14,daylight,0,dry,0,2,6,0,1,0,0,0,0,3,slightly_injured
2019,2,Wed,4,52.58092,13.30029,morning,8,daylight,0,dry,0,0,6,0,1,0,0,0,0,3,slightly_injured
2019,2,Wed,4,52.5082,13.36375,afternoon,17,daylight,0,dry,0,0,3,1,1,0,0,0,0,3,slightly_injured
2019,2,Tue,3,52.51014,13.51198,afternoon,16,daylight,0,dry,0,2,2,1,1,0,0,0,1,3,slightly_injured
2019,2,Wed,4,52.44913,13.35398,morning,8,daylight,0,dry,0,6,4,0,1,1,0,0,0,3,slightly_injured
2019,2,Wed,4,52.60935,13.48125,night,5,dark,2,dry,0,5,2,1,1,0,0,0,0,3,slightly_injured
2019,2,Wed,4,52.58735,13.40189,morning,7,daylight,0,dry,0,5,3,0,1,0,0,0,0,3,slightly_injured
2019,2,Tue,3,52.45346,13.43826,morning,11,daylight,0,dry,0,0,1,0,0,0,1,0,0,2,seriously_injured
2019,2,Wed,4,52.39748,13.41908,morning,7,daylight,0,dry,0,5,3,1,1,0,0,0,0,3,slightly_injured
2019,2,Thu,5,52.52328,13.58946,morning,11,daylight,0,dry,0,5,3,0,1,0,0,0,0,3,slightly_injured
2019,2,Wed,4,52.48193,13.40967,afternoon,12,daylight,0,dry,0,2,6,0,1,0,0,0,0,3,slightly_injured
2019,2,Wed,4,52.53564,13.51698,afternoon,13,daylight,0,dry,0,0,3,0,1,0,0,0,1,3,slightly_injured
2019,2,Tue,3,52.49694,13.39514,afternoon,16,daylight,0,dry,0,3,6,1,1,0,0,0,0,3,slightly_injured
2019,2,Wed,4,52.49995,13.3073,morning,10,daylight,0,dry,0,6,2,0,1,1,0,0,0,3,slightly_injured
2019,2,Wed,4,52.47977,13.42539,morning,11,daylight,0,dry,0,0,2,0,1,0,1,0,0,3,slightly_injured
2019,2,Wed,4,52.52653,13.33731,morning,11,daylight,0,dry,0,1,5,1,1,0,0,0,0,3,slightly_injured
2019,2,Wed,4,52.54001,13.22266,afternoon,14,daylight,0,dry,0,5,3,0,1,0,0,0,0,3,slightly_injured
2019,2,Mon,2,52.52478,13.42046,evening,18,dark,2,dry,0,0,7,0,0,0,1,0,0,2,seriously_injured
2019,2,Wed,4,52.52496,13.34629,morning,11,daylight,0,dry,0,6,3,0,1,1,0,0,0,3,slightly_injured
2019,2,Wed,4,52.52498,13.34615,afternoon,13,daylight,0,dry,0,5,2,1,1,0,0,0,0,3,slightly_injured
2019,2,Mon,2,52.48604,13.44586,afternoon,14,daylight,0,dry,0,1,5,0,1,0,0,0,0,3,slightly_injured
2019,2,Wed,4,52.50057,13.44121,afternoon,14,daylight,0,dry,0,3,6,1,1,0,0,0,0,3,slightly_injured
2019,2,Wed,4,52.50782,13.33428,afternoon,15,daylight,0,dry,0,5,2,0,1,0,0,0,0,3,slightly_injured
2019,2,Wed,4,52.51531,13.31349,morning,10,daylight,0,dry,0,0,1,0,0,0,1,0,0,3,slightly_injured
2019,2,Mon,2,52.53611,13.32703,morning,8,daylight,0,dry,0,2,6,0,0,0,0,1,1,3,slightly_injured
2019,2,Wed,4,52.54758,13.18481,afternoon,16,daylight,0,dry,0,5,3,0,1,0,0,0,0,2,seriously_injured
2019,2,Thu,5,52.49036,13.34493,afternoon,17,dusk,1,dry,0,5,2,0,1,0,0,0,0,3,slightly_injured
2019,2,Wed,4,52.5462,13.4555,afternoon,17,daylight,0,dry,0,6,4,0,1,1,0,0,0,2,seriously_injured
2019,2,Wed,4,52.44302,13.43391,afternoon,17,dusk,1,dry,0,2,6,0,1,0,0,0,0,3,slightly_injured
2019,2,Mon,2,52.53398,13.54808,morning,7,daylight,0,dry,0,0,7,1,0,0,0,0,0,3,slightly_injured
2019,2,Wed,4,52.54542,13.43548,evening,18,dusk,1,dry,0,6,4,0,1,1,0,0,0,2,seriously_injured
2019,2,Tue,3,52.49601,13.38946,afternoon,12,daylight,0,dry,0,5,2,0,1,0,0,0,0,3,slightly_injured
2019,2,Mon,2,52.46671,13.31,evening,18,dark,2,dry,0,5,2,1,0,0,0,0,1,3,slightly_injured
2019,2,Mon,2,52.5707,13.46763,afternoon,17,dusk,1,dry,0,1,5,1,0,0,0,1,0,3,slightly_injured
2019,2,Tue,3,52.50676,13.31395,morning,8,daylight,0,dry,0,0,4,1,0,1,0,0,0,3,slightly_injured
2019,2,Tue,3,52.51898,13.38542,morning,10,daylight,0,dry,0,5,7,0,1,0,0,0,0,3,slightly_injured
2019,2,Mon,2,52.56585,13.39736,afternoon,17,daylight,0,dry,0,6,4,0,1,1,0,0,0,2,seriously_injured
2019,2,Tue,3,52.50022,13.30844,afternoon,16,daylight,0,dry,0,1,5,1,1,0,0,0,0,3,slightly_injured
2019,2,Tue,3,52.55115,13.16537,afternoon,15,daylight,0,dry,0,5,7,0,1,0,1,0,0,3,slightly_injured
2019,2,Mon,2,52.43057,13.26654,afternoon,16,daylight,0,dry,0,0,2,1,0,0,0,0,1,3,slightly_injured
2019,2,Tue,3,52.55836,13.45337,afternoon,14,daylight,0,dry,0,4,7,0,1,0,0,0,0,3,slightly_injured
2019,2,Wed,4,52.48688,13.42284,afternoon,12,daylight,0,dry,0,2,6,0,1,0,0,0,0,3,slightly_injured
2019,2,Tue,3,52.55471,13.30594,afternoon,12,daylight,0,dry,0,5,3,0,1,0,0,0,1,3,slightly_injured
2019,2,Tue,3,52.58996,13.33853,morning,11,daylight,0,dry,0,5,3,0,1,0,0,0,1,3,slightly_injured
2019,2,Mon,2,52.48469,13.3944,afternoon,16,daylight,0,dry,0,5,3,0,1,0,0,0,0,3,slightly_injured
2019,2,Tue,3,52.43862,13.34398,morning,10,daylight,0,dry,0,2,6,0,1,0,0,0,0,3,slightly_injured
2019,2,Tue,3,52.56322,13.50537,morning,9,daylight,0,dry,0,2,4,0,1,1,1,0,0,3,slightly_injured
2019,2,Tue,3,52.42094,13.58819,morning,9,daylight,0,dry,0,0,1,1,0,0,0,0,0,3,slightly_injured
2019,2,Mon,2,52.55471,13.30594,afternoon,16,daylight,0,dry,0,5,3,0,1,0,1,0,0,3,slightly_injured
2019,2,Tue,3,52.5137,13.46429,morning,8,daylight,0,dry,0,5,7,1,1,0,0,0,0,3,slightly_injured
2019,2,Tue,3,52.5609,13.3332,morning,8,daylight,0,dry,0,5,3,1,1,0,0,0,0,3,slightly_injured
2019,2,Tue,3,52.52532,13.34272,morning,8,daylight,0,dry,0,5,2,1,1,0,0,0,0,3,slightly_injured
2019,2,Tue,3,52.57552,13.29193,morning,7,daylight,0,dry,0,6,4,1,0,1,0,0,0,3,slightly_injured
2019,2,Tue,3,52.50865,13.37482,evening,22,dark,2,dry,0,0,7,1,0,0,0,0,0,3,slightly_injured
2019,2,Tue,3,52.46656,13.43187,evening,20,dark,2,dry,1,6,4,0,1,1,0,0,0,3,slightly_injured
2019,2,Tue,3,52.48694,13.44001,evening,18,dark,2,dry,0,5,2,1,1,0,0,0,0,3,slightly_injured
2019,2,Wed,4,52.43771,13.23226,morning,11,daylight,0,dry,0,5,2,1,1,0,0,0,0,3,slightly_injured
2019,2,Tue,3,52.56451,13.37799,afternoon,17,dark,2,dry,0,3,6,1,1,0,0,0,0,3,slightly_injured
2019,2,Tue,3,52.51518,13.41802,afternoon,17,dark,2,dry,0,2,6,1,1,0,0,0,0,3,slightly_injured
2019,2,Mon,2,52.58325,13.22644,afternoon,15,daylight,0,dry,0,0,7,0,0,0,0,0,1,3,slightly_injured
2019,2,Tue,3,52.52917,13.31597,afternoon,17,dusk,1,dry,0,6,4,0,1,1,0,0,0,3,slightly_injured
2019,2,Mon,2,52.41069,13.53534,afternoon,14,daylight,0,dry,0,5,2,0,1,0,0,0,0,3,slightly_injured
2019,2,Mon,2,52.47825,13.43111,morning,7,daylight,0,dry,0,5,3,0,1,0,0,0,0,3,slightly_injured
2019,2,Mon,2,52.43073,13.31093,afternoon,15,daylight,0,dry,0,2,6,0,1,0,0,0,1,3,slightly_injured
2019,2,Mon,2,52.50819,13.43514,evening,19,dark,2,dry,0,1,5,1,1,0,0,0,1,3,slightly_injured
2019,2,Mon,2,52.45519,13.57669,afternoon,13,daylight,0,dry,0,6,4,1,0,1,0,0,0,2,seriously_injured
2019,2,Mon,2,52.50556,13.35154,evening,21,dark,2,dry,0,5,3,1,1,0,0,0,0,3,slightly_injured
2019,2,Mon,2,52.49895,13.41682,evening,19,dark,2,dry,0,3,6,0,1,0,1,0,0,3,slightly_injured
2019,2,Mon,2,52.44219,13.56961,afternoon,17,dark,2,dry,0,2,7,0,1,0,0,0,0,3,slightly_injured
2019,2,Mon,2,52.49391,13.35376,afternoon,17,dusk,1,dry,0,6,4,1,0,1,0,0,0,3,slightly_injured
2019,2,Mon,2,52.48991,13.38816,afternoon,15,daylight,0,dry,0,4,5,1,0,0,0,0,0,3,slightly_injured
2019,2,Mon,2,52.50522,13.3368,afternoon,17,daylight,0,dry,0,0,6,0,1,0,0,0,1,2,seriously_injured
2019,2,Mon,2,52.48101,13.42501,afternoon,17,daylight,0,dry,0,6,4,0,1,1,0,0,0,3,slightly_injured
2019,2,Wed,4,52.50035,13.39711,morning,9,daylight,0,dry,0,5,3,0,1,0,0,0,0,2,seriously_injured
2019,2,Mon,2,52.56596,13.37838,afternoon,14,daylight,0,dry,0,5,3,1,1,0,0,0,0,3,slightly_injured
2019,2,Mon,2,52.47021,13.4646,afternoon,14,daylight,0,dry,0,5,3,0,1,0,0,0,0,3,slightly_injured
2019,2,Mon,2,52.53696,13.59175,afternoon,14,daylight,0,dry,0,2,6,0,1,0,0,0,0,3,slightly_injured
2019,2,Mon,2,52.53459,13.49968,afternoon,12,daylight,0,dry,0,5,3,1,0,0,0,0,1,3,slightly_injured
2019,2,Mon,2,52.5353,13.51667,morning,11,daylight,0,dry,0,3,6,0,1,0,0,0,0,3,slightly_injured
2019,2,Mon,2,52.58256,13.40717,morning,11,daylight,0,dry,0,0,5,1,1,0,0,0,0,3,slightly_injured
2019,2,Mon,2,52.55553,13.18803,afternoon,14,daylight,0,dry,0,3,6,1,1,0,0,0,0,3,slightly_injured
2019,2,Mon,2,52.44466,13.57755,morning,11,daylight,0,dry,0,0,1,1,0,0,0,0,0,2,seriously_injured
2019,2,Mon,2,52.54696,13.35437,morning,10,daylight,0,dry,0,2,6,0,1,0,0,0,0,3,slightly_injured
2019,2,Mon,2,52.51183,13.28879,morning,8,daylight,0,dry,0,6,4,0,1,1,0,0,0,2,seriously_injured
2019,2,Mon,2,52.43286,13.46281,afternoon,13,daylight,0,dry,0,1,1,0,1,0,0,0,1,3,slightly_injured
2019,2,Mon,2,52.53243,13.39604,afternoon,17,daylight,0,dry,0,5,3,0,1,0,1,0,0,3,slightly_injured
2019,2,Mon,2,52.48728,13.35408,afternoon,16,daylight,0,dry,0,5,2,1,0,0,0,0,0,3,slightly_injured
2019,2,Mon,2,52.5466,13.49729,afternoon,13,daylight,0,dry,0,6,4,0,1,1,0,0,0,2,seriously_injured
2019,2,Mon,2,52.61309,13.43472,afternoon,16,daylight,0,dry,0,5,2,1,1,0,0,0,0,3,slightly_injured
2019,2,Mon,2,52.44559,13.29383,afternoon,16,daylight,0,dry,0,5,2,0,1,0,0,0,0,3,slightly_injured
2019,2,Mon,2,52.57599,13.3199,afternoon,13,daylight,0,dry,0,2,6,0,1,0,1,0,0,3,slightly_injured
2019,2,Mon,2,52.51369,13.35021,afternoon,15,daylight,0,dry,0,3,2,0,1,0,1,0,0,3,slightly_injured
2019,2,Thu,5,52.47076,13.28977,afternoon,15,daylight,0,dry,0,5,3,0,1,0,0,0,0,2,seriously_injured
2019,2,Mon,2,52.45726,13.53425,afternoon,14,daylight,0,dry,0,5,3,1,1,0,0,0,0,3,slightly_injured
2019,2,Mon,2,52.52549,13.34186,afternoon,14,daylight,0,dry,0,5,5,0,1,0,1,0,0,3,slightly_injured
2019,2,Mon,2,52.46314,13.48422,morning,10,daylight,0,dry,0,6,4,0,1,1,0,0,0,3,slightly_injured
2019,2,Sun,1,52.54052,13.44064,evening,20,dark,2,dry,0,6,4,0,1,1,0,0,0,3,slightly_injured
2019,2,Thu,5,52.51111,13.37122,evening,23,dark,2,dry,0,5,2,0,1,0,0,0,0,3,slightly_injured
2019,2,Sun,1,52.48419,13.34345,afternoon,13,daylight,0,dry,0,1,5,1,1,0,0,0,0,3,slightly_injured
2019,2,Sun,1,52.41562,13.40601,afternoon,14,daylight,0,dry,0,2,6,0,1,0,0,0,0,3,slightly_injured
2019,2,Mon,2,52.588,13.40643,morning,10,daylight,0,dry,0,3,6,0,1,0,0,1,0,3,slightly_injured
2019,2,Sun,1,52.44878,13.51201,morning,9,daylight,0,dry,0,3,6,1,0,0,0,0,1,3,slightly_injured
2019,2,Sun,1,52.53476,13.19976,evening,18,dark,2,dry,0,2,4,0,1,1,0,0,0,2,seriously_injured
2019,2,Mon,2,52.4963,13.50968,morning,10,daylight,0,dry,0,6,2,0,1,1,0,0,0,3,slightly_injured
2019,2,Sun,1,52.47002,13.31662,afternoon,16,daylight,0,dry,0,1,5,1,1,0,0,0,0,3,slightly_injured
2019,2,Sun,1,52.50531,13.38647,evening,21,dark,2,dry,0,6,2,0,1,1,0,0,0,2,seriously_injured
2019,2,Mon,2,52.52157,13.38805,morning,9,daylight,0,dry,0,0,7,0,1,0,1,0,0,3,slightly_injured
2019,2,Sun,1,52.51708,13.44063,evening,21,dark,2,dry,0,5,2,0,1,0,1,0,0,2,seriously_injured
2019,2,Wed,4,52.53135,13.46887,afternoon,13,daylight,0,dry,0,5,2,1,1,0,0,0,0,3,slightly_injured
2019,2,Sun,1,52.51116,13.40122,afternoon,17,dusk,1,dry,0,5,2,1,1,0,0,0,0,3,slightly_injured
2019,2,Sun,1,52.44326,13.58027,afternoon,15,daylight,0,dry,0,6,4,1,0,1,0,0,0,3,slightly_injured
2019,2,Mon,2,52.48865,13.30789,morning,9,daylight,0,dry,0,5,7,0,1,0,0,0,1,3,slightly_injured
2019,2,Sun,1,52.55604,13.38416,afternoon,15,daylight,0,dry,0,6,2,0,1,1,0,0,0,3,slightly_injured
2019,2,Sun,1,52.49959,13.44478,afternoon,15,daylight,0,dry,0,2,6,1,1,0,0,0,0,3,slightly_injured
2019,2,Sun,1,52.53308,13.47597,afternoon,14,daylight,0,dry,0,5,3,0,1,0,0,0,0,3,slightly_injured
2019,2,Mon,2,52.6104,13.29535,morning,8,daylight,0,dry,0,2,6,0,1,0,0,0,0,3,slightly_injured
2019,2,Sun,1,52.54205,13.35623,afternoon,14,daylight,0,dry,0,2,1,1,1,0,0,0,0,3,slightly_injured
2019,2,Sun,1,52.53963,13.29487,night,3,dark,2,dry,0,9,1,0,1,0,0,0,0,3,slightly_injured
2019,2,Sun,1,52.50533,13.43295,afternoon,14,daylight,0,dry,0,1,5,0,1,0,0,0,0,3,slightly_injured
2019,2,Mon,2,52.52187,13.41671,evening,22,dark,2,dry,0,5,2,1,1,0,0,0,0,3,slightly_injured
2019,2,Sun,1,52.51759,13.39626,evening,18,dark,2,dry,0,5,2,1,1,0,0,0,0,2,seriously_injured