ujahr,umonat,weekday,uwochentag,long,lat,time_of_day,ustunde,light_condition,ulichtverh,street_condition,ustrzustand,uart,utyp1,ist_rad,ist_pkw,ist_fuss,ist_krad,ist_gkfz,ist_sonstige,ukategorie,accident_outcome
2019,2,Sun,1,52.48459,13.34533,evening,21,dark,2,dry,0,5,2,0,1,0,0,0,1,2,seriously_injured
2019,2,Sun,1,52.54779,13.5775,afternoon,15,daylight,0,dry,0,5,2,0,1,0,0,0,0,2,seriously_injured
2019,2,Mon,2,52.56095,13.37708,night,5,dark,2,dry,0,2,6,0,1,0,0,0,0,3,slightly_injured
2019,2,Sun,1,52.48497,13.38501,morning,8,daylight,0,dry,0,1,5,0,1,0,0,0,1,3,slightly_injured
2019,2,Wed,4,52.43508,13.19787,morning,8,daylight,0,dry,0,5,3,1,1,0,0,0,0,3,slightly_injured
2019,2,Sat,7,52.57623,13.51392,morning,10,daylight,0,dry,0,5,2,0,1,0,1,0,0,3,slightly_injured
2019,2,Sat,7,52.52583,13.36775,night,2,dark,2,dry,0,6,4,0,1,1,0,0,0,3,slightly_injured
2019,2,Mon,2,52.42785,13.58538,morning,6,dusk,1,dry,0,2,6,0,1,0,0,0,0,3,slightly_injured
2019,2,Sat,7,52.50513,13.33155,evening,22,dark,2,dry,0,5,3,1,1,0,0,0,0,3,slightly_injured
2019,2,Sat,7,52.50371,13.42602,evening,21,dark,2,dry,0,3,6,1,1,0,0,0,0,3,slightly_injured
2019,2,Sat,7,52.50787,13.30926,evening,18,dark,2,dry,0,1,5,0,1,0,0,0,0,3,slightly_injured
2019,2,Mon,2,52.56852,13.32976,morning,7,daylight,0,dry,0,3,6,0,1,0,0,1,0,3,slightly_injured
2019,2,Sat,7,52.53932,13.58874,afternoon,17,dusk,1,dry,0,5,3,0,1,0,0,0,1,3,slightly_injured
2019,2,Sat,7,52.50152,13.34356,morning,11,daylight,0,dry,0,5,2,1,1,0,0,0,0,3,slightly_injured
2019,2,Sat,7,52.60998,13.47403,morning,9,daylight,0,dry,0,5,3,0,1,0,0,0,0,3,slightly_injured
2019,2,Sat,7,52.55792,13.18891,afternoon,16,daylight,0,dry,0,0,7,0,1,0,0,0,0,3,slightly_injured
2019,2,Mon,2,52.56751,13.32246,evening,20,dark,2,dry,0,1,5,0,1,0,0,0,0,3,slightly_injured
2019,2,Sat,7,52.50531,13.33035,afternoon,15,daylight,0,dry,0,6,4,0,1,1,0,0,0,3,slightly_injured
2019,2,Sat,7,52.46506,13.44281,afternoon,14,daylight,0,dry,0,5,2,1,1,0,0,0,0,3,slightly_injured
2019,2,Sat,7,52.49449,13.40012,afternoon,14,daylight,0,dry,0,2,6,0,1,0,0,0,0,3,slightly_injured
2019,2,Wed,4,52.55327,13.48002,morning,7,daylight,0,dry,0,5,2,1,1,0,0,0,0,3,slightly_injured
2019,2,Sat,7,52.49017,13.31316,afternoon,13,daylight,0,dry,0,6,7,0,1,1,0,0,0,2,seriously_injured
2019,2,Sat,7,52.48339,13.37755,afternoon,13,daylight,0,dry,0,6,4,0,1,1,0,0,0,3,slightly_injured
2019,2,Mon,2,52.53319,13.54333,evening,19,dark,2,dry,0,6,7,0,1,1,0,0,0,3,slightly_injured
2019,2,Sat,7,52.4077,13.37816,afternoon,13,daylight,0,dry,0,2,6,0,1,0,0,0,0,3,slightly_injured
2019,2,Fri,6,52.51911,13.38209,evening,20,dark,2,dry,0,5,3,1,1,0,0,0,0,2,seriously_injured
2019,2,Fri,6,52.53952,13.20592,evening,19,dark,2,dry,0,2,6,0,1,0,0,0,0,3,slightly_injured
2019,2,Mon,2,52.62004,13.30627,morning,7,daylight,0,dry,0,1,5,1,1,0,0,0,0,3,slightly_injured
2019,2,Fri,6,52.54865,13.42053,evening,21,dark,2,dry,0,6,4,1,0,1,0,0,0,3,slightly_injured
2019,2,Thu,5,52.55325,13.19881,morning,10,daylight,0,dry,0,1,7,0,1,0,0,0,1,2,seriously_injured
2019,2,Fri,6,52.53383,13.28193,evening,20,dark,2,dry,0,2,6,0,1,0,1,0,0,3,slightly_injured
2019,2,Fri,6,52.59643,13.35138,evening,18,dark,2,dry,0,2,6,0,1,0,0,0,0,3,slightly_injured
2019,2,Mon,2,52.51701,13.5697,evening,21,dark,2,dry,0,9,1,0,0,0,1,0,0,2,seriously_injured
2019,2,Fri,6,52.43275,13.59307,morning,8,daylight,0,dry,0,5,3,0,1,0,0,0,1,3,slightly_injured
2019,2,Fri,6,52.50385,13.34018,morning,8,daylight,0,dry,0,1,5,0,1,0,1,0,0,3,slightly_injured
2019,2,Fri,6,52.48387,13.44716,morning,8,daylight,0,dry,0,6,4,0,1,1,0,0,0,3,slightly_injured
2019,2,Fri,6,52.48927,13.33103,morning,7,daylight,0,dry,0,5,2,1,1,0,0,0,0,3,slightly_injured
2019,2,Mon,2,52.46824,13.33446,morning,7,daylight,0,dry,0,0,1,0,0,0,1,0,0,3,slightly_injured
2019,2,Fri,6,52.52043,13.33577,afternoon,15,daylight,0,dry,0,6,2,0,1,1,0,0,0,2,seriously_injured
2019,2,Fri,6,52.58839,13.34134,afternoon,15,daylight,0,dry,0,2,6,0,1,0,0,0,0,3,slightly_injured
2019,2,Mon,2,52.58003,13.39736,morning,8,daylight,0,dry,0,5,3,1,1,0,0,0,0,3,slightly_injured
2019,2,Fri,6,52.51151,13.37394,afternoon,15,daylight,0,dry,0,1,5,1,1,0,0,0,0,3,slightly_injured
2019,2,Fri,6,52.48714,13.45654,afternoon,16,daylight,0,dry,0,2,7,1,1,0,0,0,0,2,seriously_injured
2019,2,Fri,6,52.55538,13.36108,morning,7,daylight,0,dry,0,2,7,1,0,0,0,0,0,2,seriously_injured
2019,2,Sun,1,52.53831,13.32612,afternoon,16,daylight,0,dry,0,2,6,0,1,0,0,0,0,3,slightly_injured
2019,2,Fri,6,52.52239,13.58727,morning,7,daylight,0,dry,0,3,6,0,1,0,0,1,0,3,slightly_injured
2019,2,Thu,5,52.53642,13.47304,evening,18,dusk,1,dry,0,2,6,0,1,0,0,0,0,3,slightly_injured
2019,2,Fri,6,52.48981,13.43385,morning,7,daylight,0,dry,0,6,2,0,1,1,0,0,0,3,slightly_injured
2019,2,Fri,6,52.45311,13.3899,morning,7,dusk,1,dry,0,5,3,1,1,0,0,0,0,3,slightly_injured
2019,2,Sun,1,52.41264,13.39305,afternoon,16,daylight,0,dry,0,0,7,0,0,1,0,0,1,3,slightly_injured
2019,2,Fri,6,52.51208,13.37714,morning,6,daylight,0,dry,0,2,6,0,1,0,0,0,0,3,slightly_injured
2019,2,Fri,6,52.48948,13.37671,night,5,dark,2,dry,0,5,2,1,1,0,0,0,0,2,seriously_injured
2019,2,Sun,1,52.43867,13.55016,afternoon,16,daylight,0,dry,0,2,6,0,1,0,0,0,0,3,slightly_injured
2019,2,Fri,6,52.47286,13.51918,night,5,dark,2,dry,0,3,6,0,1,0,0,1,0,2,seriously_injured
2019,2,Fri,6,52.55786,13.45226,afternoon,16,daylight,0,dry,0,6,4,0,1,1,0,0,0,3,slightly_injured
2019,2,Sun,1,52.43527,13.45507,afternoon,16,daylight,0,dry,0,1,5,0,1,0,0,0,1,3,slightly_injured
2019,2,Fri,6,52.56862,13.41752,afternoon,16,dusk,1,dry,0,2,6,0,1,0,0,0,0,2,seriously_injured
2019,2,Fri,6,52.41777,13.41719,afternoon,17,dusk,1,dry,0,1,1,0,1,0,0,0,1,3,slightly_injured
2019,2,Fri,6,52.49611,13.38935,morning,8,daylight,0,dry,0,2,3,1,1,0,0,0,0,3,slightly_injured
2019,2,Sun,1,52.52091,13.41521,afternoon,16,daylight,0,dry,0,5,7,0,1,0,0,0,0,3,slightly_injured
2019,2,Fri,6,52.49528,13.39782,morning,8,daylight,0,dry,0,5,2,1,1,0,0,0,0,3,slightly_injured
2019,2,Wed,4,52.55273,13.42519,afternoon,14,daylight,0,dry,0,3,6,0,1,0,0,0,0,3,slightly_injured
2019,2,Fri,6,52.4445,13.29025,evening,18,dusk,1,dry,0,5,2,0,1,0,0,0,1,3,slightly_injured
2019,2,Fri,6,52.52976,13.41023,evening,18,dusk,1,dry,0,6,4,0,1,1,0,0,0,3,slightly_injured
2019,2,Sun,1,52.4991,13.32468,afternoon,17,dusk,1,dry,0,5,7,1,1,0,0,0,0,3,slightly_injured
2019,2,Fri,6,52.45419,13.56786,morning,9,daylight,0,dry,0,3,6,1,0,0,0,0,0,3,slightly_injured
2019,2,Fri,6,52.45656,13.44227,evening,18,dark,2,dry,0,5,3,0,1,0,0,0,0,3,slightly_injured
2019,2,Fri,6,52.53944,13.23264,afternoon,15,daylight,0,dry,0,5,2,1,1,0,0,0,0,3,slightly_injured
2019,2,Sun,1,52.53427,13.29273,afternoon,17,dark,2,dry,0,2,7,0,1,0,0,1,0,3,slightly_injured
2019,2,Fri,6,52.51227,13.48967,morning,10,daylight,0,dry,0,5,3,0,1,0,0,0,0,3,slightly_injured
2019,2,Wed,4,52.51748,13.31739,morning,7,daylight,0,dry,0,6,4,0,1,1,0,0,0,3,slightly_injured
2019,3,Mon,2,52.49298,13.38798,evening,23,dark,2,dry,1,5,3,0,1,0,0,0,0,3,slightly_injured
2019,3,Thu,5,52.43723,13.56217,afternoon,17,daylight,0,dry,1,6,2,0,1,1,0,0,0,3,slightly_injured
2019,3,Mon,2,52.49121,13.34517,morning,8,daylight,0,dry,1,5,2,0,1,0,0,0,0,3,slightly_injured
2019,3,Mon,2,52.57238,13.36615,evening,22,dark,2,dry,1,9,1,0,1,0,0,0,0,3,slightly_injured
2019,3,Thu,5,52.42454,13.20506,afternoon,16,daylight,0,dry,1,5,3,1,1,0,0,0,0,2,seriously_injured
2019,3,Mon,2,52.50579,13.33341,morning,8,daylight,0,dry,1,1,5,1,1,0,0,0,1,3,slightly_injured
2019,3,Sun,1,52.54547,13.461,night,5,dark,2,dry,0,1,1,0,1,0,0,0,0,3,slightly_injured
2019,3,Sun,1,52.547,13.46753,night,5,dark,2,dry,0,2,6,0,1,0,0,0,0,3,slightly_injured
2019,3,Thu,5,52.5925,13.29163,afternoon,16,dusk,1,dry,1,5,3,1,1,0,0,0,0,3,slightly_injured
2019,3,Sun,1,52.48919,13.45047,evening,20,dark,2,dry,1,6,2,0,1,1,0,0,0,3,slightly_injured
2019,3,Thu,5,52.49305,13.38762,evening,19,dark,2,dry,1,5,3,1,1,0,0,0,0,3,slightly_injured
2019,3,Sun,1,52.49696,13.34599,evening,19,dark,2,dry,1,5,2,1,1,0,0,0,0,3,slightly_injured
2019,3,Sun,1,52.50299,13.45707,evening,20,dark,2,dry,1,5,2,1,1,0,0,0,0,3,slightly_injured
2019,3,Sun,1,52.49633,13.50944,evening,18,dusk,1,dry,1,6,2,0,1,1,0,0,0,3,slightly_injured
2019,3,Sun,1,52.48853,13.41203,evening,20,dark,2,dry,1,5,7,0,1,0,0,0,0,2,seriously_injured
2019,3,Sun,1,52.56247,13.33064,evening,19,dark,2,dry,1,5,3,0,1,0,0,0,0,3,slightly_injured
2019,3,Sun,1,52.54473,13.59155,evening,18,dark,2,dry,1,6,2,0,1,1,0,0,0,2,seriously_injured
2019,3,Sun,1,52.50582,13.32008,evening,18,dark,2,dry,1,6,2,0,1,1,0,0,0,3,slightly_injured
2019,3,Sun,1,52.5871,13.20344,morning,8,daylight,0,dry,1,9,1,0,1,0,0,0,0,2,seriously_injured
2019,3,Thu,5,52.50953,13.40014,afternoon,16,daylight,0,dry,1,5,2,1,0,0,0,0,1,3,slightly_injured
2019,3,Sun,1,52.47976,13.44389,afternoon,17,dusk,1,dry,1,2,6,0,1,0,0,0,0,3,slightly_injured
2019,3,Thu,5,52.49788,13.55532,afternoon,16,daylight,0,dry,1,5,3,1,1,0,0,0,0,3,slightly_injured
2019,3,Sun,1,52.53725,13.39292,afternoon,14,daylight,0,dry,1,0,1,0,0,0,1,0,0,3,slightly_injured
2019,3,Sun,1,52.42139,13.35822,afternoon,14,daylight,0,dry,1,5,7,0,1,0,0,0,0,3,slightly_injured
2019,3,Sun,1,52.50119,13.3464,afternoon,12,daylight,0,dry,1,2,6,0,1,0,0,0,0,3,slightly_injured
2019,3,Thu,5,52.52385,13.47972,afternoon,15,daylight,0,dry,1,5,2,1,1,0,0,0,0,3,slightly_injured
2019,3,Sun,1,52.52382,13.36084,afternoon,12,daylight,0,dry,1,5,2,1,1,0,0,0,0,3,slightly_injured
2019,3,Thu,5,52.5148,13.34898,evening,19,dark,2,dry,1,5,3,0,1,0,1,0,0,3,slightly_injured
2019,3,Sun,1,52.56269,13.36455,afternoon,12,daylight,0,dry,1,5,2,0,1,0,0,0,0,3,slightly_injured
2019,3,Sat,7,52.46788,13.43133,evening,20,dark,2,dry,1,5,3,1,1,0,0,0,0,3,slightly_injured
2019,3,Thu,5,52.58734,13.40188,afternoon,15,daylight,0,dry,1,5,3,0,1,0,0,0,0,3,slightly_injured
2019,3,Sat,7,52.64368,13.47957,afternoon,14,daylight,0,dry,1,5,2,0,1,0,0,0,0,2,seriously_injured
2019,3,Sat,7,52.53677,13.20045,afternoon,15,daylight,0,dry,1,0,6,0,1,0,1,0,0,3,slightly_injured
2019,3,Thu,5,52.5764,13.29521,evening,20,dark,2,dry,1,6,4,0,0,1,1,0,0,3,slightly_injured
2019,3,Sat,7,52.52774,13.23152,morning,8,daylight,0,dry,1,1,5,0,1,0,1,0,0,2,seriously_injured
2019,3,Sat,7,52.43533,13.46026,afternoon,16,daylight,0,dry,1,5,3,0,1,0,0,0,0,3,slightly_injured
2019,3,Sat,7,52.59774,13.29658,afternoon,17,dusk,1,dry,0,6,4,0,1,1,0,0,0,3,slightly_injured
2019,3,Thu,5,52.49937,13.30384,evening,20,dark,2,dry,1,5,2,1,1,0,0,0,0,3,slightly_injured
2019,3,Sat,7,52.40831,13.37076,afternoon,17,dusk,1,dry,1,5,7,0,1,0,0,0,0,3,slightly_injured
2019,3,Thu,5,52.54278,13.1985,evening,20,dark,2,dry,1,5,7,0,1,0,0,0,0,2,seriously_injured
2019,3,Sat,7,52.57031,13.3607,evening,19,dark,2,dry,1,6,2,0,1,1,0,0,0,3,slightly_injured
2019,3,Sat,7,52.45582,13.38333,afternoon,13,daylight,0,dry,0,2,7,0,1,0,0,0,0,3,slightly_injured
2019,3,Thu,5,52.5036,13.30462,evening,22,dark,2,dry,1,6,2,0,1,1,0,0,0,3,slightly_injured
2019,3,Thu,5,52.56625,13.36317,evening,23,dark,2,dry,1,1,5,1,1,0,0,0,1,3,slightly_injured
2019,3,Sat,7,52.50241,13.30553,afternoon,12,daylight,0,dry,0,3,6,0,1,0,0,0,0,3,slightly_injured
2019,3,Sat,7,52.43541,13.25822,morning,9,daylight,0,dry,1,5,3,0,1,0,0,0,0,3,slightly_injured
2019,3,Thu,5,52.56477,13.32824,afternoon,16,daylight,0,dry,1,2,6,0,1,0,0,0,0,3,slightly_injured
2019,3,Sat,7,52.56209,13.35387,morning,9,daylight,0,dry,0,5,2,0,1,0,0,0,1,3,slightly_injured
2019,3,Sat,7,52.54928,13.58737,afternoon,15,daylight,0,dry,1,6,4,1,0,1,0,0,0,3,slightly_injured
2019,3,Thu,5,52.46605,13.47094,afternoon,14,daylight,0,dry,1,5,7,0,1,0,0,0,1,3,slightly_injured
2019,3,Sat,7,52.49008,13.38649,night,2,dark,2,dry,0,5,2,0,1,0,0,0,0,3,slightly_injured
2019,3,Sat,7,52.50588,13.39456,evening,19,dark,2,dry,1,6,4,0,1,1,0,0,0,2,seriously_injured
2019,3,Thu,5,52.45635,13.47563,afternoon,15,daylight,0,dry,1,2,6,0,1,0,0,0,0,3,slightly_injured
2019,3,Sat,7,52.43147,13.30951,evening,19,dark,2,dry,1,5,2,1,1,0,0,0,0,2,seriously_injured
2019,3,Thu,5,52.41558,13.531,afternoon,16,dusk,1,dry,1,5,2,0,1,0,0,0,0,3,slightly_injured
2019,3,Sat,7,52.59622,13.34742,evening,19,dark,2,dry,1,6,2,0,1,1,0,0,0,3,slightly_injured
2019,3,Sat,7,52.47785,13.30818,evening,19,dark,2,dry,1,5,2,0,1,0,0,0,0,3,slightly_injured
2019,3,Thu,5,52.49407,13.33711,evening,23,dark,2,dry,1,9,1,0,1,0,0,0,0,2,seriously_injured
2019,3,Sat,7,52.45004,13.34649,evening,19,dark,2,dry,1,6,2,0,1,1,0,0,0,3,slightly_injured
2019,3,Sat,7,52.47029,13.42959,evening,20,dark,2,dry,1,5,3,1,1,0,0,0,0,3,slightly_injured
2019,3,Sat,7,52.43763,13.56208,evening,20,dark,2,dry,1,8,1,0,1,0,0,0,0,3,slightly_injured
2019,3,Thu,5,52.46481,13.43282,evening,18,dusk,1,dry,0,6,2,0,1,1,0,0,0,3,slightly_injured
2019,3,Sat,7,52.44533,13.43363,morning,10,daylight,0,dry,0,5,2,0,1,0,0,0,0,3,slightly_injured
2019,3,Sat,7,52.43766,13.52698,evening,20,dark,2,dry,1,5,3,0,1,0,0,0,0,3,slightly_injured
2019,3,Sat,7,52.45608,13.43718,evening,21,dark,2,dry,1,6,4,0,1,1,0,0,0,2,seriously_injured
2019,3,Thu,5,52.53623,13.39132,evening,18,dark,2,dry,1,0,1,0,0,0,1,0,0,3,slightly_injured
2019,3,Sat,7,52.50055,13.33077,evening,22,dark,2,dry,1,5,3,0,1,0,0,0,0,3,slightly_injured
2019,3,Sat,7,52.46908,13.43553,evening,23,dark,2,dry,1,5,3,0,1,0,0,0,0,3,slightly_injured
2019,3,Fri,6,52.47279,13.45238,morning,11,daylight,0,dry,1,5,3,0,1,0,0,0,0,3,slightly_injured
2019,3,Thu,5,52.3865,13.39865,afternoon,13,daylight,0,dry,0,5,3,1,1,0,0,0,0,3,slightly_injured
2019,3,Fri,6,52.55369,13.37608,evening,23,dark,2,dry,0,6,4,0,1,1,0,0,0,2,seriously_injured
2019,3,Thu,5,52.46859,13.58737,night,1,dark,2,dry,1,9,1,0,1,0,0,0,0,3,slightly_injured
2019,3,Fri,6,52.54744,13.40969,evening,23,dark,2,dry,0,6,4,0,1,1,0,0,0,3,slightly_injured
2019,3,Fri,6,52.50603,13.39063,afternoon,17,daylight,0,dry,0,2,6,1,1,0,0,0,0,3,slightly_injured
2019,3,Thu,5,52.63784,13.50658,morning,6,daylight,0,dry,1,6,4,0,1,1,0,0,0,2,seriously_injured
2019,3,Fri,6,52.46407,13.5103,afternoon,17,daylight,0,dry,0,1,1,0,1,0,0,0,1,2,seriously_injured
2019,3,Fri,6,52.57228,13.40465,afternoon,16,daylight,0,dry,0,6,4,0,1,1,0,0,0,2,seriously_injured
2019,3,Fri,6,52.55221,13.42703,afternoon,14,daylight,0,dry,1,5,3,0,1,0,0,0,0,3,slightly_injured
2019,3,Thu,5,52.48119,13.45241,afternoon,13,daylight,0,dry,1,5,3,0,1,0,0,0,0,3,slightly_injured
2019,3,Fri,6,52.50391,13.41097,morning,8,daylight,0,dry,0,5,3,1,1,0,0,0,0,3,slightly_injured
2019,3,Thu,5,52.47217,13.49057,evening,19,dark,2,dry,1,3,6,1,0,0,0,0,0,3,slightly_injured
2019,3,Thu,5,52.48414,13.29396,night,5,dark,2,dry,1,0,3,0,1,0,1,0,0,3,slightly_injured
2019,3,Thu,5,52.55598,13.38492,afternoon,17,daylight,0,dry,1,2,6,0,1,0,0,0,0,3,slightly_injured
2019,3,Thu,5,52.49539,13.33037,morning,6,daylight,0,dry,1,5,2,1,1,0,0,0,0,2,seriously_injured
2019,3,Thu,5,52.4808,13.50263,morning,7,daylight,0,dry,1,5,3,0,1,0,0,0,1,3,slightly_injured
2019,3,Thu,5,52.41039,13.47948,morning,8,daylight,0,dry,1,5,3,1,1,0,0,0,0,2,seriously_injured
2019,3,Thu,5,52.45063,13.27549,evening,22,dark,2,dry,1,6,7,0,1,1,0,0,0,3,slightly_injured
2019,3,Thu,5,52.49927,13.41768,evening,23,dark,2,dry,0,5,3,1,1,0,0,0,0,3,slightly_injured
2019,3,Thu,5,52.50113,13.41984,evening,20,dark,2,dry,1,1,5,1,1,0,0,0,0,3,slightly_injured
2019,3,Thu,5,52.56856,13.44128,afternoon,13,daylight,0,dry,1,5,3,0,1,0,0,0,1,3,slightly_injured
2019,3,Thu,5,52.53393,13.60991,evening,20,dark,2,dry,0,5,3,0,1,0,0,0,0,3,slightly_injured
2019,3,Thu,5,52.4796,13.42544,evening,19,dark,2,dry,0,2,5,1,1,0,0,0,0,3,slightly_injured
2019,3,Thu,5,52.47352,13.57044,morning,8,daylight,0,dry,1,5,3,1,1,0,0,0,0,3,slightly_injured
2019,3,Thu,5,52.43494,13.34851,evening,18,dusk,1,dry,0,6,2,0,1,1,0,0,0,3,slightly_injured
2019,3,Thu,5,52.48487,13.38612,evening,18,dark,2,dry,1,5,2,1,1,0,0,0,0,3,slightly_injured
2019,3,Thu,5,52.50208,13.41662,evening,18,daylight,0,dry,1,2,6,1,1,0,0,0,0,3,slightly_injured
2019,3,Thu,5,52.4329,13.28266,morning,8,daylight,0,dry,1,1,5,1,1,0,0,0,0,3,slightly_injured
2019,3,Thu,5,52.56441,13.32681,afternoon,17,daylight,0,dry,1,3,6,0,1,0,0,0,1,3,slightly_injured
2019,3,Thu,5,52.50565,13.43189,afternoon,17,dusk,1,dry,1,5,3,0,1,0,1,0,0,3,slightly_injured
2019,3,Thu,5,52.50662,13.30723,afternoon,17,daylight,0,dry,0,2,6,0,1,0,0,0,0,3,slightly_injured
2019,3,Thu,5,52.49902,13.4202,afternoon,17,daylight,0,dry,1,6,4,1,0,1,0,0,0,3,slightly_injured
2019,3,Thu,5,52.53912,13.34504,afternoon,12,daylight,0,dry,1,5,2,0,1,0,0,0,0,3,slightly_injured
2019,3,Thu,5,52.44473,13.57133,afternoon,17,daylight,0,dry,0,2,1,0,1,0,0,0,0,3,slightly_injured
2019,3,Thu,5,52.63687,13.5055,afternoon,16,daylight,0,dry,1,0,3,0,1,0,1,0,0,3,slightly_injured
2019,3,Thu,5,52.52696,13.33377,afternoon,12,daylight,0,dry,1,2,6,0,1,0,0,0,0,3,slightly_injured
2019,3,Thu,5,52.53,13.39062,afternoon,16,daylight,0,dry,1,2,7,1,1,0,0,0,0,3,slightly_injured
2019,3,Thu,5,52.52432,13.35093,afternoon,16,daylight,0,dry,1,2,2,0,1,0,1,0,0,3,slightly_injured
2019,3,Thu,5,52.42396,13.43633,afternoon,15,daylight,0,dry,0,2,1,0,1,0,0,0,0,3,slightly_injured
2019,3,Thu,5,52.52452,13.59774,morning,10,daylight,0,dry,1,5,3,0,1,0,0,0,0,3,slightly_injured
2019,3,Thu,5,52.49944,13.43034,morning,7,daylight,0,dry,1,5,2,1,1,0,0,0,0,3,slightly_injured
2019,3,Thu,5,52.57045,13.31964,morning,8,daylight,0,dry,0,5,3,0,1,0,0,1,0,2,seriously_injured
2019,3,Thu,5,52.53796,13.39624,morning,8,daylight,0,dry,1,2,6,0,1,0,1,0,0,3,slightly_injured
2019,3,Thu,5,52.52792,13.55049,morning,10,daylight,0,dry,1,5,7,0,1,0,0,0,0,3,slightly_injured
2019,3,Thu,5,52.54313,13.49063,morning,10,daylight,0,dry,0,5,2,1,1,0,0,0,0,3,slightly_injured
2019,3,Thu,5,52.52602,13.5202,morning,9,daylight,0,dry,1,2,6,0,1,0,0,0,0,3,slightly_injured
2019,3,Thu,5,52.48637,13.32239,afternoon,12,daylight,0,dry,0,5,2,1,1,0,0,0,0,3,slightly_injured
2019,3,Thu,5,52.45043,13.62718,afternoon,12,daylight,0,dry,0,1,5,1,1,0,0,0,0,3,slightly_injured
2019,3,Thu,5,52.54189,13.39309,morning,9,daylight,0,dry,1,5,5,1,1,0,0,0,0,3,slightly_injured
2019,3,Thu,5,52.47349,13.57061,afternoon,12,daylight,0,dry,0,2,2,0,1,0,0,0,0,3,slightly_injured
2019,3,Thu,5,52.58254,13.41249,afternoon,14,daylight,0,dry,0,3,6,1,1,0,0,0,0,3,slightly_injured
2019,3,Wed,4,52.48528,13.28425,morning,6,daylight,0,dry,1,5,3,1,1,0,0,0,0,2,seriously_injured
2019,3,Thu,5,52.49125,13.33645,afternoon,14,daylight,0,dry,0,6,7,0,1,1,0,0,0,3,slightly_injured
2019,3,Thu,5,52.54695,13.42456,morning,7,daylight,0,dry,1,6,4,1,0,1,0,0,0,3,slightly_injured
2019,3,Wed,4,52.46621,13.37805,afternoon,13,daylight,0,dry,1,6,4,1,0,1,0,0,0,2,seriously_injured
2019,3,Thu,5,52.48656,13.52715,night,5,dark,2,dry,1,5,3,1,0,0,0,0,1,3,slightly_injured
2019,3,Wed,4,52.46957,13.55328,morning,9,daylight,0,dry,0,2,2,0,1,0,0,0,0,3,slightly_injured
2019,3,Thu,5,52.60445,13.41185,morning,9,daylight,0,dry,0,2,6,0,1,0,0,1,0,3,slightly_injured
2019,3,Thu,5,52.50368,13.27914,morning,8,daylight,0,dry,0,5,2,0,1,0,0,0,0,3,slightly_injured
2019,3,Wed,4,52.58409,13.39313,afternoon,15,daylight,0,dry,1,0,3,1,1,0,0,0,0,3,slightly_injured
2019,3,Thu,5,52.49471,13.33866,morning,9,daylight,0,dry,1,5,3,1,1,0,0,0,0,2,seriously_injured
2019,3,Wed,4,52.53062,13.40051,evening,20,dark,2,dry,1,6,4,0,1,1,0,0,0,2,seriously_injured
2019,3,Thu,5,52.56634,13.51362,night,0,dark,2,dry,0,6,4,0,1,1,0,0,0,2,seriously_injured
2019,3,Wed,4,52.45222,13.42499,afternoon,14,daylight,0,dry,0,3,6,0,1,0,0,1,0,3,slightly_injured
2019,3,Wed,4,52.50324,13.33955,evening,23,dark,2,dry,1,6,2,0,1,1,0,0,0,3,slightly_injured
2019,3,Wed,4,52.49937,13.33539,morning,10,daylight,0,dry,0,5,2,0,1,0,0,0,0,3,slightly_injured
2019,3,Wed,4,52.54304,13.15782,afternoon,16,daylight,0,dry,0,5,2,0,1,0,0,0,0,3,slightly_injured
2019,3,Wed,4,52.44027,13.55467,night,5,dark,2,dry,0,2,6,1,0,0,0,0,1,3,slightly_injured
2019,3,Wed,4,52.59583,13.33921,night,5,dark,2,dry,1,5,3,0,1,0,0,0,0,3,slightly_injured
2019,3,Wed,4,52.49859,13.6134,morning,11,daylight,0,dry,0,5,3,1,1,0,0,0,0,2,seriously_injured
2019,3,Fri,6,52.59134,13.45226,afternoon,12,daylight,0,dry,1,5,3,1,1,0,0,0,0,3,slightly_injured
2019,3,Wed,4,52.52719,13.45097,evening,20,dark,2,dry,0,6,2,0,1,1,0,0,0,2,seriously_injured
2019,3,Wed,4,52.49839,13.33437,evening,20,dark,2,dry,0,5,2,1,1,0,0,0,0,3,slightly_injured
2019,3,Wed,4,52.4647,13.34016,night,5,dark,2,dry,1,6,2,0,1,1,0,0,0,3,slightly_injured
2019,3,Wed,4,52.55236,13.15942,evening,20,dark,2,dry,0,6,2,0,1,1,0,0,0,2,seriously_injured
2019,3,Wed,4,52.58101,13.29116,evening,19,dark,2,dry,0,5,2,0,1,0,0,0,0,3,slightly_injured
2019,3,Wed,4,52.50944,13.42239,morning,6,dark,2,dry,1,5,5,0,1,0,1,0,0,3,slightly_injured
2019,3,Wed,4,52.49441,13.42916,evening,19,dark,2,dry,0,4,5,0,1,0,0,0,1,3,slightly_injured
2019,3,Wed,4,52.62045,13.30579,evening,18,dusk,1,dry,1,5,3,0,1,0,0,0,0,3,slightly_injured
2019,3,Wed,4,52.49591,13.38977,afternoon,16,daylight,0,dry,0,2,2,0,1,0,0,0,0,3,slightly_injured
2019,3,Wed,4,52.48117,13.44102,afternoon,16,daylight,0,dry,0,3,6,0,1,0,1,0,1,2,seriously_injured
2019,3,Wed,4,52.56549,13.48948,morning,6,dark,2,dry,0,4,7,0,1,0,0,0,0,3,slightly_injured
2019,3,Wed,4,52.53527,13.41708,afternoon,15,daylight,0,dry,0,5,3,0,1,0,0,0,0,3,slightly_injured
2019,3,Wed,4,52.44159,13.59813,morning,7,daylight,0,dry,0,5,2,1,0,0,0,0,1,3,slightly_injured
2019,3,Wed,4,52.51165,13.61226,afternoon,15,daylight,0,dry,0,6,4,0,0,1,0,0,1,3,slightly_injured
2019,3,Wed,4,52.52554,13.31482,morning,7,daylight,0,dry,0,1,5,1,1,0,0,0,0,3,slightly_injured
2019,3,Wed,4,52.51947,13.29531,afternoon,13,daylight,0,dry,0,5,2,1,1,0,0,0,0,3,slightly_injured
2019,3,Thu,5,52.51469,13.4903,evening,19,dark,2,dry,1,6,2,0,1,1,0,0,0,3,slightly_injured