ujahr,umonat,weekday,uwochentag,long,lat,time_of_day,ustunde,light_condition,ulichtverh,street_condition,ustrzustand,uart,utyp1,ist_rad,ist_pkw,ist_fuss,ist_krad,ist_gkfz,ist_sonstige,ukategorie,accident_outcome
2019,3,Wed,4,52.50397,13.33749,afternoon,12,daylight,0,dry,0,1,5,1,1,0,0,0,0,3,slightly_injured
2019,3,Wed,4,52.5373,13.36028,afternoon,13,daylight,0,dry,0,5,2,0,1,0,0,0,0,3,slightly_injured
2019,3,Wed,4,52.43987,13.32703,morning,11,daylight,0,dry,0,5,7,1,1,0,0,0,0,3,slightly_injured
2019,3,Wed,4,52.47278,13.32414,afternoon,13,daylight,0,dry,0,1,7,0,1,0,0,0,1,3,slightly_injured
2019,3,Wed,4,52.50641,13.35195,morning,11,daylight,0,dry,0,5,3,1,1,0,0,0,0,3,slightly_injured
2019,3,Wed,4,52.50936,13.37663,morning,11,daylight,0,dry,0,5,2,1,1,0,0,0,0,2,seriously_injured
2019,3,Wed,4,52.53724,13.36034,afternoon,13,daylight,0,dry,0,5,2,1,1,0,0,0,0,3,slightly_injured
2019,3,Wed,4,52.39692,13.39576,morning,11,daylight,0,dry,0,5,2,0,1,0,1,0,0,3,slightly_injured
2019,3,Wed,4,52.51444,13.32994,morning,9,daylight,0,dry,0,6,4,1,0,1,0,0,0,3,slightly_injured
2019,3,Wed,4,52.44998,13.57345,morning,8,daylight,0,dry,0,3,6,0,0,0,1,0,1,3,slightly_injured
2019,3,Wed,4,52.48136,13.35019,afternoon,15,daylight,0,dry,0,6,4,0,1,1,0,0,0,2,seriously_injured
2019,3,Wed,4,52.54475,13.37856,morning,7,daylight,0,dry,0,5,2,0,1,0,0,0,0,3,slightly_injured
2019,3,Wed,4,52.52137,13.32374,afternoon,15,daylight,0,dry,0,2,6,0,1,0,0,0,1,3,slightly_injured
2019,3,Wed,4,52.5671,13.4403,morning,7,daylight,0,dry,0,5,2,1,1,0,0,0,0,3,slightly_injured
2019,3,Wed,4,52.52136,13.61851,morning,6,dusk,1,dry,0,6,4,0,1,1,0,0,0,3,slightly_injured
2019,3,Wed,4,52.53849,13.20078,afternoon,15,daylight,0,dry,0,0,2,0,1,0,0,0,1,3,slightly_injured
2019,3,Tue,3,52.56508,13.39419,afternoon,15,daylight,0,dry,0,5,3,1,1,0,0,0,0,3,slightly_injured
2019,3,Thu,5,52.49953,13.30386,evening,19,dark,2,dry,1,5,3,1,1,0,0,0,0,3,slightly_injured
2019,3,Tue,3,52.46659,13.30983,morning,8,daylight,0,dry,0,5,3,1,0,0,0,0,1,3,slightly_injured
2019,3,Tue,3,52.48832,13.30639,evening,21,dark,2,dry,0,6,2,1,0,1,0,0,0,3,slightly_injured
2019,3,Tue,3,52.51142,13.45887,evening,19,dark,2,dry,1,5,3,0,1,0,0,0,1,3,slightly_injured
2019,3,Wed,4,52.5333,13.48503,afternoon,16,daylight,0,dry,0,5,7,0,1,0,1,0,0,2,seriously_injured
2019,3,Tue,3,52.494,13.28519,evening,19,dark,2,dry,1,2,6,0,1,0,0,0,0,3,slightly_injured
2019,3,Tue,3,52.50438,13.40794,evening,19,dark,2,dry,0,5,2,1,1,0,0,0,0,3,slightly_injured
2019,3,Wed,4,52.51767,13.31331,afternoon,16,daylight,0,dry,0,2,7,1,1,0,0,0,0,3,slightly_injured
2019,3,Tue,3,52.48649,13.3619,evening,18,dark,2,dry,1,6,2,0,1,1,0,0,0,3,slightly_injured
2019,3,Tue,3,52.50975,13.36027,evening,18,dark,2,dry,1,5,3,1,1,0,0,0,0,3,slightly_injured
2019,3,Tue,3,52.48505,13.44885,evening,19,dark,2,dry,1,5,2,1,1,0,0,0,0,3,slightly_injured
2019,3,Wed,4,52.54768,13.20137,afternoon,16,daylight,0,dry,0,5,7,0,1,0,0,0,0,2,seriously_injured
2019,3,Tue,3,52.46343,13.40313,afternoon,17,dark,2,dry,1,5,3,0,1,0,0,0,0,3,slightly_injured
2019,3,Wed,4,52.39205,13.38599,evening,18,dusk,1,dry,0,5,2,1,1,0,0,0,0,3,slightly_injured
2019,3,Tue,3,52.52327,13.36684,afternoon,17,dusk,1,dry,1,6,4,0,1,1,0,0,0,2,seriously_injured
2019,3,Tue,3,52.47984,13.44372,afternoon,16,daylight,0,dry,0,6,7,0,1,1,0,0,0,2,seriously_injured
2019,3,Wed,4,52.49094,13.39687,evening,20,dark,2,dry,0,0,1,1,1,0,0,0,0,3,slightly_injured
2019,3,Tue,3,52.45416,13.6125,afternoon,15,dark,2,dry,0,5,3,1,1,0,0,0,0,3,slightly_injured
2019,3,Tue,3,52.50526,13.33963,afternoon,15,daylight,0,dry,1,3,6,0,1,0,1,0,0,3,slightly_injured
2019,3,Wed,4,52.44352,13.33657,evening,23,dark,2,dry,1,6,7,0,1,1,0,0,0,3,slightly_injured
2019,3,Tue,3,52.51977,13.28012,morning,10,daylight,0,dry,1,6,3,0,1,1,0,0,0,3,slightly_injured
2019,3,Tue,3,52.53691,13.59334,afternoon,12,daylight,0,dry,1,0,3,0,1,0,1,0,0,2,seriously_injured
2019,3,Tue,3,52.45809,13.28708,afternoon,12,daylight,0,dry,0,5,2,0,1,0,0,1,0,2,seriously_injured
2019,3,Tue,3,52.50858,13.33429,afternoon,16,daylight,0,dry,0,2,6,0,1,0,0,0,1,3,slightly_injured
2019,3,Tue,3,52.53732,13.47738,morning,6,dusk,1,dry,0,6,4,0,0,1,1,0,0,3,slightly_injured
2019,3,Tue,3,52.53052,13.40584,morning,6,daylight,0,dry,0,5,2,1,1,0,0,0,0,3,slightly_injured
2019,3,Tue,3,52.50748,13.39231,morning,9,daylight,0,dry,0,1,5,1,1,0,0,0,0,2,seriously_injured
2019,3,Tue,3,52.60825,13.32487,morning,6,daylight,0,dry,1,0,3,0,1,0,1,0,0,3,slightly_injured
2019,3,Tue,3,52.46903,13.33256,evening,19,dark,2,dry,0,0,2,0,1,0,0,0,1,3,slightly_injured
2019,3,Tue,3,52.51476,13.38929,morning,6,daylight,0,dry,0,5,3,0,1,0,0,0,0,3,slightly_injured
2019,3,Tue,3,52.53738,13.36007,morning,7,daylight,0,dry,0,3,6,1,0,0,0,1,0,3,slightly_injured
2019,3,Tue,3,52.57429,13.38977,evening,19,dark,2,dry,0,5,3,1,1,0,0,0,0,2,seriously_injured
2019,3,Tue,3,52.54391,13.42385,morning,8,daylight,0,dry,0,2,2,1,1,0,0,0,0,3,slightly_injured
2019,3,Tue,3,52.49481,13.40675,morning,8,daylight,0,dry,0,5,3,1,1,0,0,0,0,3,slightly_injured
2019,3,Tue,3,52.43034,13.31229,afternoon,17,daylight,0,dry,1,0,2,1,1,0,0,0,0,3,slightly_injured
2019,3,Tue,3,52.55777,13.45857,evening,19,dark,2,dry,0,5,3,0,1,0,0,0,0,3,slightly_injured
2019,3,Tue,3,52.53593,13.39084,morning,9,daylight,0,dry,0,6,4,0,1,1,0,0,0,3,slightly_injured
2019,3,Thu,5,52.55082,13.35308,night,5,dark,2,dry,1,0,6,0,1,0,1,0,0,3,slightly_injured
2019,3,Tue,3,52.51093,13.41642,morning,9,daylight,0,dry,0,5,2,1,1,0,0,0,0,3,slightly_injured
2019,3,Tue,3,52.51828,13.28037,afternoon,17,dusk,1,dry,0,5,2,1,1,0,0,0,0,3,slightly_injured
2019,3,Tue,3,52.43126,13.30959,morning,10,daylight,0,dry,0,5,3,0,1,0,0,0,0,3,slightly_injured
2019,3,Tue,3,52.51922,13.30432,morning,11,daylight,0,dry,0,5,3,0,1,0,0,0,0,3,slightly_injured
2019,3,Tue,3,52.55443,13.22602,afternoon,16,daylight,0,dry,0,5,3,1,1,0,0,0,0,3,slightly_injured
2019,3,Tue,3,52.49316,13.33197,morning,11,daylight,0,dry,0,5,2,1,1,0,0,0,0,3,slightly_injured
2019,3,Tue,3,52.51689,13.29674,evening,18,dark,2,dry,1,5,3,1,1,0,0,0,0,3,slightly_injured
2019,3,Tue,3,52.50914,13.39968,afternoon,16,daylight,0,dry,0,5,7,0,1,0,0,0,0,3,slightly_injured
2019,3,Tue,3,52.51005,13.45549,afternoon,16,daylight,0,dry,1,1,5,1,1,0,0,0,0,3,slightly_injured
2019,3,Tue,3,52.52839,13.46687,afternoon,17,daylight,0,dry,0,5,3,0,1,0,0,0,0,3,slightly_injured
2019,3,Tue,3,52.49424,13.38848,afternoon,16,daylight,0,dry,0,6,4,0,1,1,0,0,0,2,seriously_injured
2019,3,Tue,3,52.46586,13.37861,afternoon,16,daylight,0,dry,0,5,3,1,1,0,0,0,0,3,slightly_injured
2019,3,Mon,2,52.51063,13.37344,morning,9,daylight,0,dry,0,1,5,1,1,0,0,0,0,3,slightly_injured
2019,3,Tue,3,52.53019,13.39172,afternoon,17,daylight,0,dry,0,5,3,1,0,0,0,1,0,3,slightly_injured
2019,3,Mon,2,52.48819,13.41467,evening,18,dark,2,dry,1,2,2,0,1,0,0,0,0,3,slightly_injured
2019,3,Thu,5,52.48255,13.45384,evening,18,dark,2,dry,1,5,3,1,1,0,0,0,0,3,slightly_injured
2019,3,Mon,2,52.49054,13.31384,afternoon,16,daylight,0,dry,0,6,4,0,1,1,0,0,0,3,slightly_injured
2019,3,Mon,2,52.49059,13.33103,afternoon,16,dusk,1,dry,1,2,6,0,1,0,0,0,0,3,slightly_injured
2019,3,Mon,2,52.4884,13.4136,afternoon,16,daylight,0,dry,0,5,3,1,1,0,0,0,0,3,slightly_injured
2019,3,Mon,2,52.45606,13.32212,afternoon,15,daylight,0,dry,0,2,6,0,1,0,0,0,0,3,slightly_injured
2019,3,Mon,2,52.52789,13.32405,afternoon,14,daylight,0,dry,0,5,7,0,1,0,1,0,0,3,slightly_injured
2019,3,Tue,3,52.55305,13.22582,afternoon,14,daylight,0,dry,0,2,6,0,1,0,0,0,0,3,slightly_injured
2019,3,Mon,2,52.53982,13.53971,afternoon,14,daylight,0,dry,0,5,3,0,1,0,0,0,0,3,slightly_injured
2019,3,Mon,2,52.42413,13.32816,afternoon,12,daylight,0,dry,1,3,6,1,1,0,0,0,0,3,slightly_injured
2019,3,Tue,3,52.54523,13.42115,morning,11,daylight,0,dry,0,5,7,1,0,0,0,0,1,3,slightly_injured
2019,3,Mon,2,52.41429,13.35024,afternoon,13,daylight,0,dry,1,5,2,0,1,0,0,0,1,3,slightly_injured
2019,3,Mon,2,52.41969,13.307,afternoon,13,daylight,0,dry,1,1,5,0,1,0,1,0,0,3,slightly_injured
2019,3,Tue,3,52.48082,13.42506,morning,10,daylight,0,dry,1,5,3,1,0,0,0,0,1,3,slightly_injured
2019,3,Mon,2,52.48026,13.37586,afternoon,12,daylight,0,dry,1,5,3,0,1,0,0,0,0,3,slightly_injured
2019,3,Mon,2,52.52651,13.29748,afternoon,12,daylight,0,dry,1,5,3,0,1,0,0,0,0,3,slightly_injured
2019,3,Mon,2,52.55018,13.38971,morning,11,daylight,0,dry,0,1,5,0,1,0,1,0,0,3,slightly_injured
2019,3,Tue,3,52.49301,13.33338,morning,10,daylight,0,dry,0,6,4,1,0,1,0,0,0,3,slightly_injured
2019,3,Mon,2,52.51264,13.27747,morning,9,daylight,0,dry,1,2,6,0,1,0,0,0,0,3,slightly_injured
2019,3,Thu,5,52.47378,13.45622,afternoon,17,dark,2,dry,1,2,6,0,1,0,0,0,0,3,slightly_injured
2019,3,Mon,2,52.51384,13.31866,morning,6,daylight,0,dry,1,3,6,0,1,0,0,0,0,3,slightly_injured
2019,3,Mon,2,52.50245,13.31697,evening,18,dusk,1,dry,1,5,2,0,1,0,1,0,0,3,slightly_injured
2019,3,Tue,3,52.49847,13.33443,morning,9,daylight,0,dry,0,5,2,0,1,0,1,0,0,3,slightly_injured
2019,3,Mon,2,52.50779,13.3921,evening,19,dark,2,dry,1,5,3,1,1,0,0,0,0,3,slightly_injured
2019,3,Mon,2,52.4265,13.52903,evening,19,dark,2,dry,1,5,3,1,1,0,0,0,0,3,slightly_injured
2019,3,Tue,3,52.49591,13.3898,morning,8,daylight,0,dry,0,6,2,0,0,1,0,1,0,2,seriously_injured
2019,3,Mon,2,52.49173,13.41321,evening,20,dark,2,dry,1,5,3,1,1,0,0,0,0,2,seriously_injured
2019,3,Mon,2,52.53731,13.3603,evening,22,dark,2,dry,1,5,2,0,1,0,0,0,0,2,seriously_injured
2019,3,Tue,3,52.4919,13.45095,morning,8,daylight,0,dry,1,5,3,1,1,0,0,0,0,3,slightly_injured
2019,3,Mon,2,52.52881,13.37707,evening,23,dark,2,dry,0,6,4,0,1,1,0,0,0,2,seriously_injured
2019,3,Tue,3,52.51074,13.38688,morning,8,daylight,0,dry,1,5,3,1,1,0,0,0,0,3,slightly_injured
2019,3,Mon,2,52.53515,13.19706,afternoon,17,dusk,1,dry,1,6,4,0,1,1,0,0,0,2,seriously_injured
2019,3,Mon,2,52.434,13.55326,morning,8,daylight,0,dry,0,5,3,0,1,0,0,0,0,3,slightly_injured
2019,3,Tue,3,52.49284,13.3875,night,0,dark,2,dry,1,5,3,0,1,0,0,0,0,3,slightly_injured
2019,3,Mon,2,52.51758,13.4991,afternoon,17,daylight,0,dry,1,0,1,1,0,0,0,0,0,2,seriously_injured
2019,3,Tue,3,52.5401,13.20275,morning,6,daylight,0,dry,1,0,6,0,0,0,1,0,1,3,slightly_injured
2019,3,Mon,2,52.50237,13.61461,night,4,dark,2,dry,1,0,6,0,1,0,0,0,1,3,slightly_injured
2019,3,Mon,2,52.54917,13.3544,afternoon,13,daylight,0,dry,1,0,1,0,0,0,1,0,0,3,slightly_injured
2019,3,Tue,3,52.40771,13.26757,morning,7,daylight,0,dry,0,5,2,1,1,0,0,0,0,3,slightly_injured
2019,3,Sun,1,52.59669,13.35623,evening,18,dusk,1,dry,0,5,2,1,1,0,0,0,0,3,slightly_injured
2019,3,Sun,1,52.46371,13.4442,afternoon,13,daylight,0,dry,1,5,2,0,1,0,0,0,0,3,slightly_injured
2019,3,Tue,3,52.50666,13.3083,morning,7,daylight,0,dry,0,3,6,0,1,0,1,0,0,3,slightly_injured
2019,3,Sun,1,52.41399,13.52972,night,0,dark,2,dry,0,1,5,0,1,0,0,0,0,2,seriously_injured
2019,3,Sun,1,52.52606,13.2789,evening,22,dark,2,dry,1,4,1,0,1,0,0,0,1,3,slightly_injured
2019,3,Tue,3,52.5518,13.3808,afternoon,16,daylight,0,dry,0,2,6,0,1,0,0,0,0,3,slightly_injured
2019,3,Sun,1,52.54529,13.41296,evening,18,dark,2,dry,1,0,6,0,1,0,1,0,0,3,slightly_injured
2019,3,Tue,3,52.57182,13.42968,morning,8,daylight,0,dry,1,5,2,1,1,0,0,0,0,3,slightly_injured
2019,3,Sun,1,52.52014,13.42328,afternoon,17,dusk,1,dry,1,5,2,1,1,0,0,0,0,3,slightly_injured
2019,3,Sun,1,52.53417,13.1841,afternoon,16,daylight,0,dry,1,2,1,0,1,0,1,0,0,3,slightly_injured
2019,3,Tue,3,52.52475,13.19733,afternoon,16,daylight,0,dry,0,6,4,0,1,1,0,0,0,3,slightly_injured
2019,3,Sun,1,52.49879,13.41832,afternoon,15,daylight,0,dry,1,3,6,0,1,0,1,0,0,3,slightly_injured
2019,3,Sun,1,52.50685,13.25612,afternoon,15,daylight,0,dry,1,5,3,0,1,0,0,0,0,3,slightly_injured
2019,3,Sun,1,52.56798,13.31057,morning,10,daylight,0,dry,1,5,3,0,1,0,0,0,0,3,slightly_injured
2019,3,Tue,3,52.56605,13.40851,morning,8,daylight,0,dry,1,1,5,1,1,0,0,0,0,3,slightly_injured
2019,3,Sun,1,52.42142,13.25017,night,4,dark,2,dry,1,6,4,0,0,1,0,0,1,2,seriously_injured
2019,3,Sun,1,52.48722,13.42106,evening,23,dark,2,dry,1,2,2,0,1,0,0,0,0,3,slightly_injured
2019,3,Sun,1,52.41731,13.31491,morning,10,daylight,0,dry,1,2,6,0,1,0,0,0,0,3,slightly_injured
2019,3,Tue,3,52.57583,13.41848,afternoon,16,daylight,0,dry,0,2,6,1,1,0,0,0,0,3,slightly_injured
2019,3,Sun,1,52.5421,13.357,morning,10,daylight,0,dry,0,5,3,0,1,0,0,0,0,3,slightly_injured
2019,3,Sun,1,52.5561,13.38346,evening,23,dark,2,dry,1,9,1,0,1,0,0,0,0,3,slightly_injured
2019,3,Sat,7,52.49877,13.34614,afternoon,13,daylight,0,dry,0,2,6,0,1,0,0,0,0,3,slightly_injured
2019,3,Tue,3,52.44717,13.36174,afternoon,16,daylight,0,dry,0,2,6,0,1,0,0,1,0,3,slightly_injured
2019,3,Sat,7,52.52463,13.40765,afternoon,17,dusk,1,dry,0,6,4,0,1,1,0,0,0,3,slightly_injured
2019,3,Tue,3,52.55703,13.46703,afternoon,16,daylight,0,dry,0,3,6,0,1,0,0,0,1,3,slightly_injured
2019,3,Sat,7,52.51726,13.30682,evening,18,dark,2,dry,0,5,2,1,1,0,0,0,0,3,slightly_injured
2019,3,Sat,7,52.51432,13.17331,afternoon,14,daylight,0,dry,0,5,3,0,1,0,0,0,0,3,slightly_injured
2019,3,Tue,3,52.51578,13.28758,afternoon,14,daylight,0,dry,0,1,5,0,1,0,1,0,0,3,slightly_injured
2019,3,Sat,7,52.54645,13.46773,afternoon,13,daylight,0,dry,0,5,2,0,1,0,0,0,0,3,slightly_injured
2019,3,Sat,7,52.52125,13.32302,afternoon,12,daylight,0,dry,0,3,1,1,0,0,0,0,1,3,slightly_injured
2019,3,Sat,7,52.56007,13.46337,evening,18,dark,2,dry,0,5,3,0,1,0,0,0,0,3,slightly_injured
2019,3,Tue,3,52.53963,13.29487,afternoon,14,daylight,0,dry,0,5,2,0,1,0,1,0,0,2,seriously_injured
2019,3,Sat,7,52.48598,13.35612,afternoon,12,daylight,0,dry,0,6,4,1,0,1,0,0,0,3,slightly_injured
2019,3,Thu,5,52.43374,13.55618,evening,18,dark,2,dry,1,6,2,0,1,1,0,0,0,2,seriously_injured
2019,3,Sat,7,52.52272,13.43426,afternoon,12,daylight,0,dry,0,5,7,0,1,0,0,0,0,3,slightly_injured
2019,3,Sat,7,52.53391,13.35337,morning,6,dark,2,dry,1,2,6,0,1,0,0,0,1,3,slightly_injured
2019,3,Sat,7,52.51361,13.38029,evening,19,dark,2,dry,0,2,2,0,1,0,0,0,0,3,slightly_injured
2019,3,Tue,3,52.57147,13.35138,afternoon,14,daylight,0,dry,0,5,3,0,1,0,0,0,0,3,slightly_injured
2019,3,Sat,7,52.41856,13.49736,evening,19,dark,2,dry,0,6,7,1,0,1,0,0,0,2,seriously_injured
2019,3,Thu,5,52.5402,13.37974,evening,18,dusk,1,dry,1,5,2,1,1,0,0,0,0,3,slightly_injured
2019,3,Sat,7,52.52262,13.16216,evening,18,dark,2,dry,0,1,1,0,1,0,0,0,0,2,seriously_injured
2019,3,Sat,7,52.53278,13.4141,night,1,dark,2,dry,0,5,5,0,1,0,0,0,0,3,slightly_injured
2019,3,Mon,2,52.4906,13.31512,evening,18,dusk,1,dry,0,6,2,0,1,1,0,0,0,3,slightly_injured
2019,3,Sat,7,52.47439,13.52078,night,1,dark,2,dry,0,0,1,1,0,0,0,0,0,3,slightly_injured
2019,3,Fri,6,52.51241,13.45286,afternoon,15,daylight,0,dry,0,5,2,1,1,0,0,0,0,2,seriously_injured
2019,3,Mon,2,52.57085,13.42266,afternoon,14,daylight,0,dry,1,2,6,0,1,0,0,0,0,3,slightly_injured
2019,3,Fri,6,52.50941,13.37683,afternoon,17,dusk,1,dry,0,2,2,0,1,0,0,0,0,3,slightly_injured
2019,3,Fri,6,52.43835,13.44726,afternoon,17,daylight,0,dry,0,6,4,1,0,1,0,0,0,3,slightly_injured
2019,3,Fri,6,52.49839,13.41407,afternoon,16,daylight,0,dry,0,2,3,1,0,0,0,0,1,3,slightly_injured
2019,3,Mon,2,52.49056,13.4005,evening,19,dark,2,dry,1,6,2,0,1,1,0,0,0,3,slightly_injured
2019,3,Fri,6,52.58289,13.41366,afternoon,13,daylight,0,dry,0,6,3,0,1,1,0,0,0,3,slightly_injured
2019,3,Mon,2,52.51064,13.27009,afternoon,12,daylight,0,dry,0,6,2,0,1,1,0,0,0,3,slightly_injured
2019,3,Fri,6,52.50615,13.33238,afternoon,14,daylight,0,dry,0,2,2,0,0,0,0,0,1,3,slightly_injured
2019,3,Fri,6,52.52763,13.19489,afternoon,14,daylight,0,dry,0,5,3,1,0,0,1,0,0,2,seriously_injured
2019,3,Mon,2,52.4528,13.31973,afternoon,12,daylight,0,dry,1,5,7,0,1,0,1,0,0,3,slightly_injured
2019,3,Fri,6,52.49268,13.29657,afternoon,12,daylight,0,dry,0,5,3,0,1,0,0,0,0,3,slightly_injured
2019,3,Fri,6,52.43283,13.53632,afternoon,13,daylight,0,dry,0,5,2,1,1,0,0,0,0,3,slightly_injured
2019,3,Fri,6,52.44634,13.29281,afternoon,14,daylight,0,dry,0,0,7,0,1,0,0,0,0,3,slightly_injured
2019,3,Fri,6,52.51934,13.4058,morning,8,daylight,0,dry,0,5,7,0,1,0,1,0,0,3,slightly_injured
2019,3,Mon,2,52.54548,13.23307,morning,7,daylight,0,dry,0,0,5,0,1,0,0,0,0,3,slightly_injured
2019,3,Fri,6,52.5054,13.5618,morning,8,daylight,0,dry,0,0,6,0,1,0,0,0,1,2,seriously_injured
2019,3,Fri,6,52.58335,13.39884,afternoon,14,daylight,0,dry,0,5,3,1,1,0,0,0,0,3,slightly_injured
2019,3,Mon,2,52.45497,13.61615,morning,8,daylight,0,dry,1,5,3,1,1,0,0,0,0,3,slightly_injured
2019,3,Fri,6,52.53662,13.39727,night,1,dark,2,dry,0,3,6,0,1,0,0,0,0,3,slightly_injured
2019,3,Fri,6,52.46908,13.43553,evening,19,dark,2,dry,0,5,3,0,1,0,0,0,0,3,slightly_injured
2019,3,Fri,6,52.52343,13.46536,evening,18,dark,2,dry,0,4,2,0,1,0,1,0,0,2,seriously_injured
2019,3,Mon,2,52.48386,13.43557,morning,10,daylight,0,dry,0,2,6,0,0,0,0,0,1,3,slightly_injured
2019,3,Fri,6,52.519,13.33952,evening,18,dark,2,dry,0,2,6,0,1,0,0,0,0,3,slightly_injured
2019,3,Mon,2,52.49151,13.3125,morning,11,daylight,0,dry,1,5,3,1,1,0,0,0,0,3,slightly_injured
2019,3,Fri,6,52.55607,13.16705,evening,18,dark,2,dry,0,0,2,0,1,0,1,0,0,3,slightly_injured
2019,2,Thu,5,52.50308,13.58191,afternoon,13,daylight,0,dry,0,3,6,1,0,0,0,0,1,3,slightly_injured
2019,3,Mon,2,52.49826,13.56361,afternoon,13,daylight,0,dry,1,6,4,0,1,1,0,0,0,3,slightly_injured
2019,2,Thu,5,52.49296,13.42964,afternoon,16,daylight,0,dry,0,5,3,0,1,0,1,0,0,3,slightly_injured
2019,2,Thu,5,52.50968,13.2739,morning,10,daylight,0,dry,0,5,3,0,1,0,0,0,0,3,slightly_injured
2019,3,Mon,2,52.45555,13.42879,afternoon,15,daylight,0,dry,1,5,3,0,1,0,0,0,0,3,slightly_injured
2019,2,Thu,5,52.5368,13.26481,afternoon,12,daylight,0,dry,0,5,2,0,1,0,1,0,0,3,slightly_injured
2019,2,Thu,5,52.43618,13.45566,morning,8,daylight,0,dry,0,5,2,0,1,0,1,0,0,3,slightly_injured
2019,3,Mon,2,52.59516,13.28535,afternoon,15,daylight,0,dry,0,2,6,0,1,0,0,0,0,3,slightly_injured
2019,2,Thu,5,52.4837,13.38334,morning,8,daylight,0,dry,0,5,7,0,1,0,1,0,0,3,slightly_injured
2019,2,Thu,5,52.56578,13.32117,afternoon,15,daylight,0,dry,0,5,3,0,1,0,0,0,0,3,slightly_injured
2019,2,Thu,5,52.43355,13.46644,afternoon,15,daylight,0,dry,0,5,2,0,1,0,0,0,0,2,seriously_injured
2019,3,Mon,2,52.53194,13.47086,afternoon,16,daylight,0,dry,1,2,6,0,1,0,0,0,0,3,slightly_injured
2019,2,Thu,5,52.52425,13.3522,afternoon,16,daylight,0,dry,0,6,4,0,1,1,0,0,0,2,seriously_injured
2019,3,Mon,2,52.52677,13.48158,evening,19,dark,2,dry,1,6,4,0,1,1,0,0,0,3,slightly_injured
2019,2,Thu,5,52.52303,13.42654,afternoon,16,dusk,1,dry,0,3,6,1,0,0,0,0,0,2,seriously_injured
2019,2,Thu,5,52.51761,13.30643,afternoon,16,daylight,0,dry,0,5,2,1,1,0,0,0,0,3,slightly_injured
2019,3,Mon,2,52.43183,13.45968,evening,21,dark,2,dry,1,6,4,0,1,1,0,0,0,2,seriously_injured
2019,2,Thu,5,52.5136,13.38938,afternoon,17,dusk,1,dry,0,6,7,0,1,1,0,0,0,3,slightly_injured
2019,2,Thu,5,52.58938,13.28164,morning,11,daylight,0,dry,0,6,7,0,1,1,0,0,0,3,slightly_injured
2019,2,Thu,5,52.53118,13.50002,morning,11,daylight,0,dry,0,5,2,0,1,0,1,0,0,2,seriously_injured
2019,3,Mon,2,52.48975,13.38933,evening,22,dark,2,dry,1,2,6,1,0,0,0,1,0,3,slightly_injured
2019,2,Thu,5,52.56565,13.40111,morning,11,daylight,0,dry,0,6,4,0,1,1,0,0,0,2,seriously_injured
2019,3,Thu,5,52.55105,13.16532,night,5,dark,2,dry,1,6,4,0,1,1,0,0,0,2,seriously_injured
2019,3,Mon,2,52.4797,13.42541,morning,8,daylight,0,dry,1,3,6,0,0,0,0,0,1,3,slightly_injured
2019,3,Thu,5,52.48753,13.41876,evening,19,dark,2,dry,1,5,2,0,1,0,1,0,0,3,slightly_injured
2019,3,Mon,2,52.52467,13.53879,afternoon,12,daylight,0,dry,1,0,1,0,0,0,1,0,0,3,slightly_injured
2019,3,Sun,1,52.52889,13.40954,morning,10,daylight,0,dry,0,5,2,1,1,0,0,0,0,3,slightly_injured
2019,3,Thu,5,52.50946,13.458,afternoon,15,daylight,0,dry,1,5,3,1,1,0,0,0,0,3,slightly_injured
2019,3,Sun,1,52.4959,13.36114,evening,20,dark,2,dry,0,0,1,0,0,0,1,0,0,2,seriously_injured
2019,3,Sun,1,52.4416,13.59838,afternoon,14,daylight,0,dry,0,3,6,1,0,0,0,0,0,2,seriously_injured
2019,3,Thu,5,52.52637,13.3429,evening,22,dark,2,dry,1,6,2,0,1,1,0,0,0,3,slightly_injured
2019,3,Sun,1,52.44115,13.69266,afternoon,14,daylight,0,dry,0,5,3,1,1,0,0,0,0,3,slightly_injured
2019,3,Thu,5,52.54042,13.20594,afternoon,16,daylight,0,dry,1,1,5,1,1,0,0,0,0,3,slightly_injured
2019,3,Sun,1,52.53963,13.51443,afternoon,13,daylight,0,dry,0,3,6,1,1,0,0,0,0,3,slightly_injured
2019,3,Thu,5,52.42758,13.43514,afternoon,16,daylight,0,dry,1,5,3,0,1,0,0,0,0,2,seriously_injured
2019,3,Sun,1,52.46995,13.33352,afternoon,12,daylight,0,dry,0,2,6,0,1,0,0,0,0,3,slightly_injured
2019,3,Sun,1,52.52884,13.37912,morning,11,daylight,0,dry,0,6,4,0,1,1,0,0,0,3,slightly_injured
2019,3,Sun,1,52.52745,13.41592,morning,11,daylight,0,dry,0,2,7,1,1,0,0,0,0,3,slightly_injured
2019,3,Sun,1,52.47887,13.37444,morning,10,daylight,0,dry,0,5,3,0,1,0,0,0,0,3,slightly_injured
2019,3,Sun,1,52.46092,13.27525,morning,10,daylight,0,dry,0,5,3,0,1,0,0,0,0,3,slightly_injured
2019,3,Fri,6,52.41268,13.47974,afternoon,14,daylight,0,dry,0,5,3,0,1,0,0,0,0,3,slightly_injured
2019,3,Sun,1,52.50371,13.33116,night,0,dark,2,dry,0,5,2,1,1,0,0,0,0,3,slightly_injured
2019,3,Sun,1,52.56703,13.34783,afternoon,13,daylight,0,dry,0,6,4,0,0,1,1,0,0,1,killed
2019,3,Thu,5,52.5149,13.31423,morning,8,daylight,0,dry,1,5,2,1,1,0,0,0,0,3,slightly_injured
2019,3,Sat,7,52.52095,13.58304,morning,9,daylight,0,dry,0,6,2,0,1,1,0,0,0,3,slightly_injured
2019,3,Thu,5,52.59545,13.1578,afternoon,16,daylight,0,dry,1,2,6,0,1,0,0,0,1,3,slightly_injured
2019,3,Sat,7,52.54496,13.34113,afternoon,13,daylight,0,dry,0,2,6,0,1,0,0,0,0,3,slightly_injured
2019,3,Thu,5,52.54632,13.59214,afternoon,16,daylight,0,dry,1,6,4,0,1,1,0,0,0,3,slightly_injured