ujahr,umonat,weekday,uwochentag,long,lat,time_of_day,ustunde,light_condition,ulichtverh,street_condition,ustrzustand,uart,utyp1,ist_rad,ist_pkw,ist_fuss,ist_krad,ist_gkfz,ist_sonstige,ukategorie,accident_outcome
2019,3,Sat,7,52.50268,13.46696,night,5,dark,2,dry,1,4,1,0,1,0,0,0,0,3,slightly_injured
2019,3,Sat,7,52.43229,13.30369,morning,9,daylight,0,dry,0,2,6,0,1,0,0,0,0,3,slightly_injured
2019,3,Thu,5,52.52647,13.35158,night,0,dark,2,dry,1,5,3,0,1,0,0,0,0,3,slightly_injured
2019,3,Sat,7,52.53824,13.23139,afternoon,14,daylight,0,dry,0,2,6,0,1,0,0,0,0,3,slightly_injured
2019,3,Thu,5,52.44397,13.43379,afternoon,16,daylight,0,dry,1,3,6,0,1,0,0,0,0,3,slightly_injured
2019,3,Sat,7,52.50643,13.18781,afternoon,14,daylight,0,dry,0,6,7,0,1,1,0,0,0,3,slightly_injured
2019,3,Thu,5,52.49876,13.34592,afternoon,16,daylight,0,dry,1,6,4,0,1,1,0,0,0,3,slightly_injured
2019,3,Sat,7,52.54309,13.15783,afternoon,12,daylight,0,dry,0,5,2,0,1,0,1,0,0,3,slightly_injured
2019,3,Sat,7,52.43275,13.46218,morning,10,daylight,0,dry,0,5,3,0,1,0,1,0,0,3,slightly_injured
2019,3,Thu,5,52.53847,13.1824,afternoon,17,daylight,0,dry,1,5,2,0,1,0,0,0,0,3,slightly_injured
2019,3,Sat,7,52.51855,13.17,morning,11,daylight,0,dry,0,5,2,0,1,0,0,0,1,3,slightly_injured
2019,3,Sat,7,52.53082,13.19666,afternoon,12,daylight,0,dry,0,0,6,0,0,0,1,0,1,3,slightly_injured
2019,3,Fri,6,52.46712,13.38556,evening,22,dark,2,dry,0,5,3,0,1,0,0,0,0,3,slightly_injured
2019,3,Thu,5,52.54394,13.49218,afternoon,15,daylight,0,dry,1,0,1,1,0,0,0,0,0,3,slightly_injured
2019,3,Sat,7,52.50334,13.41176,afternoon,14,daylight,0,dry,0,1,5,1,1,0,0,0,0,3,slightly_injured
2019,3,Sat,7,52.44171,13.34186,afternoon,14,daylight,0,dry,0,0,6,0,0,0,0,0,1,2,seriously_injured
2019,3,Thu,5,52.49897,13.30772,afternoon,12,daylight,0,dry,0,2,6,0,1,0,0,0,0,3,slightly_injured
2019,3,Sat,7,52.53091,13.40223,afternoon,14,daylight,0,dry,0,1,5,1,1,0,0,0,0,3,slightly_injured
2019,3,Thu,5,52.49001,13.40893,evening,18,dusk,1,dry,1,0,5,0,1,0,1,0,0,3,slightly_injured
2019,3,Sat,7,52.49441,13.181,afternoon,14,daylight,0,dry,0,5,3,1,1,0,0,0,0,3,slightly_injured
2019,3,Thu,5,52.58779,13.17409,afternoon,12,daylight,0,dry,1,9,1,0,1,0,0,0,0,2,seriously_injured
2019,3,Sat,7,52.46084,13.43445,afternoon,15,daylight,0,dry,0,1,5,1,1,0,0,0,0,3,slightly_injured
2019,3,Sat,7,52.49773,13.29411,afternoon,15,daylight,0,dry,0,6,7,0,1,1,0,0,0,3,slightly_injured
2019,3,Thu,5,52.50555,13.35155,evening,18,daylight,0,dry,0,5,3,1,1,0,0,0,0,3,slightly_injured
2019,3,Thu,5,52.5213,13.37973,afternoon,13,daylight,0,dry,0,8,1,0,0,0,1,0,0,3,slightly_injured
2019,3,Sat,7,52.50153,13.31849,afternoon,15,daylight,0,dry,0,1,5,1,1,0,0,0,0,3,slightly_injured
2019,3,Sat,7,52.51975,13.35554,morning,6,daylight,0,dry,0,5,3,0,1,0,0,0,0,3,slightly_injured
2019,3,Thu,5,52.45911,13.33067,afternoon,17,daylight,0,dry,1,0,6,0,1,0,1,0,0,3,slightly_injured
2019,3,Sat,7,52.53276,13.29469,morning,9,daylight,0,dry,0,2,6,0,1,0,0,0,0,3,slightly_injured
2019,3,Sat,7,52.48296,13.33699,afternoon,15,daylight,0,dry,0,1,5,1,1,0,0,0,0,3,slightly_injured
2019,3,Fri,6,52.4558,13.55362,afternoon,17,daylight,0,dry,0,5,3,0,1,0,1,0,0,3,slightly_injured
2019,3,Wed,4,52.50572,13.3138,morning,9,daylight,0,dry,0,5,7,0,1,0,0,0,0,3,slightly_injured
2019,3,Sat,7,52.51659,13.49036,morning,10,daylight,0,dry,0,5,3,0,1,0,0,0,0,3,slightly_injured
2019,3,Thu,5,52.52221,13.40438,evening,19,dark,2,dry,0,1,5,1,1,0,0,0,0,3,slightly_injured
2019,3,Sat,7,52.61121,13.21728,evening,19,dark,2,dry,0,0,3,0,1,0,1,0,0,3,slightly_injured
2019,3,Wed,4,52.52811,13.64099,morning,10,daylight,0,dry,0,5,3,1,1,0,0,0,0,3,slightly_injured
2019,3,Sat,7,52.59093,13.43105,morning,10,daylight,0,dry,0,5,2,0,1,0,1,0,0,3,slightly_injured
2019,3,Wed,4,52.5125,13.38562,morning,7,daylight,0,dry,0,5,2,1,1,0,0,0,0,3,slightly_injured
2019,3,Sat,7,52.50266,13.44677,night,2,dark,2,dry,0,2,4,0,1,1,0,0,0,3,slightly_injured
2019,3,Sat,7,52.5008,13.44458,morning,9,daylight,0,dry,0,8,1,0,1,0,0,0,0,2,seriously_injured
2019,3,Wed,4,52.50114,13.44184,morning,6,daylight,0,dry,0,2,2,1,1,0,0,0,0,3,slightly_injured
2019,3,Sat,7,52.49917,13.42112,night,2,dark,2,dry,0,0,1,1,0,0,0,0,0,2,seriously_injured
2019,3,Fri,6,52.53809,13.22879,afternoon,17,daylight,0,dry,0,6,2,0,0,1,0,0,1,3,slightly_injured
2019,3,Fri,6,52.51098,13.61379,afternoon,14,daylight,0,dry,0,0,1,0,0,0,1,0,0,2,seriously_injured
2019,3,Fri,6,52.48579,13.44196,evening,23,dark,2,dry,0,5,3,1,1,0,0,0,0,3,slightly_injured
2019,3,Wed,4,52.51705,13.39074,evening,22,dark,2,dry,1,5,3,0,1,0,0,0,1,2,seriously_injured
2019,3,Fri,6,52.43133,13.30982,morning,8,daylight,0,dry,0,0,2,0,0,0,0,0,1,3,slightly_injured
2019,3,Fri,6,52.49661,13.39105,afternoon,17,daylight,0,dry,0,5,7,1,1,0,0,0,0,2,seriously_injured
2019,3,Fri,6,52.60654,13.29141,night,0,dark,2,dry,1,0,7,0,1,0,1,0,0,3,slightly_injured
2019,3,Fri,6,52.41351,13.52942,afternoon,16,daylight,0,dry,0,5,3,1,1,0,0,0,0,3,slightly_injured
2019,3,Wed,4,52.50344,13.58096,afternoon,16,daylight,0,dry,0,2,2,0,1,0,0,0,1,3,slightly_injured
2019,3,Fri,6,52.45513,13.57665,morning,9,daylight,0,dry,0,6,4,0,1,1,0,0,0,2,seriously_injured
2019,3,Fri,6,52.4023,13.522,morning,11,daylight,0,dry,0,5,3,1,1,0,0,0,0,3,slightly_injured
2019,3,Fri,6,52.51282,13.3895,morning,8,daylight,0,dry,0,1,5,1,1,0,0,0,1,3,slightly_injured
2019,3,Wed,4,52.45102,13.27056,afternoon,15,daylight,0,dry,0,2,2,1,1,0,0,0,0,3,slightly_injured
2019,3,Fri,6,52.55676,13.37514,morning,8,daylight,0,dry,0,0,2,0,1,0,0,0,1,3,slightly_injured
2019,3,Wed,4,52.45983,13.40405,afternoon,14,daylight,0,dry,0,5,3,0,1,0,0,0,0,3,slightly_injured
2019,3,Fri,6,52.49673,13.29218,morning,7,daylight,0,dry,0,3,6,1,1,0,0,0,0,3,slightly_injured
2019,3,Fri,6,52.51258,13.46818,morning,7,daylight,0,dry,0,0,7,0,1,0,1,0,0,3,slightly_injured
2019,3,Wed,4,52.46086,13.48133,afternoon,13,daylight,0,dry,0,5,2,0,1,0,0,1,0,3,slightly_injured
2019,3,Fri,6,52.44911,13.35334,afternoon,14,daylight,0,dry,0,3,6,0,1,0,1,0,0,2,seriously_injured
2019,3,Fri,6,52.50676,13.39804,afternoon,15,daylight,0,dry,0,1,5,0,1,0,0,0,1,2,seriously_injured
2019,3,Thu,5,52.45474,13.32732,afternoon,16,daylight,0,dry,0,0,6,0,1,0,0,0,1,3,slightly_injured
2019,3,Fri,6,52.52508,13.33687,evening,18,dusk,1,dry,0,5,2,0,0,0,1,0,1,2,seriously_injured
2019,3,Wed,4,52.52931,13.29638,afternoon,17,daylight,0,dry,0,5,2,0,1,0,0,0,0,3,slightly_injured
2019,3,Fri,6,52.45937,13.56103,afternoon,14,daylight,0,dry,0,2,6,0,1,0,0,0,0,3,slightly_injured
2019,3,Wed,4,52.53719,13.26064,morning,11,daylight,0,dry,0,5,3,1,1,0,0,0,0,3,slightly_injured
2019,3,Fri,6,52.57548,13.21184,evening,19,dark,2,dry,0,5,3,1,1,0,0,0,0,3,slightly_injured
2019,3,Fri,6,52.49125,13.43251,afternoon,12,daylight,0,dry,0,5,3,0,1,0,0,0,0,3,slightly_injured
2019,3,Fri,6,52.5683,13.37256,evening,19,dark,2,dry,0,5,3,0,1,0,0,0,0,2,seriously_injured
2019,3,Wed,4,52.50529,13.35225,evening,21,dark,2,dry,1,5,3,1,1,0,0,0,0,3,slightly_injured
2019,3,Thu,5,52.51899,13.3553,morning,8,daylight,0,dry,0,5,2,1,1,0,0,0,0,3,slightly_injured
2019,3,Wed,4,52.47611,13.44761,evening,22,dark,2,dry,1,5,3,0,1,0,0,0,0,3,slightly_injured
2019,3,Thu,5,52.56056,13.32179,evening,23,dark,2,dry,0,5,2,0,1,0,0,0,0,3,slightly_injured
2019,3,Thu,5,52.50305,13.35012,evening,21,dark,2,dry,0,2,6,0,1,0,0,0,0,3,slightly_injured
2019,3,Wed,4,52.49872,13.41831,evening,23,dark,2,dry,1,2,2,0,1,0,0,0,0,3,slightly_injured
2019,3,Thu,5,52.45678,13.62545,evening,20,dark,2,dry,0,6,4,0,1,1,0,0,0,3,slightly_injured
2019,3,Thu,5,52.52623,13.34371,evening,19,dark,2,dry,0,0,7,1,0,0,0,0,1,3,slightly_injured
2019,3,Fri,6,52.44416,13.34609,morning,11,daylight,0,dry,0,1,5,1,1,0,0,0,0,3,slightly_injured
2019,3,Wed,4,52.45014,13.13725,morning,10,daylight,0,dry,0,5,3,0,1,0,0,0,1,3,slightly_injured
2019,3,Thu,5,52.62592,13.32327,evening,19,dark,2,dry,0,5,3,1,1,0,0,0,0,3,slightly_injured
2019,3,Thu,5,52.51891,13.30242,afternoon,16,daylight,0,dry,0,0,3,1,1,0,0,0,0,3,slightly_injured
2019,3,Thu,5,52.54761,13.41399,morning,7,daylight,0,dry,1,1,5,1,1,0,0,0,0,3,slightly_injured
2019,3,Thu,5,52.57146,13.31291,afternoon,16,daylight,0,dry,0,6,4,0,1,1,0,0,0,3,slightly_injured
2019,3,Wed,4,52.45009,13.25111,morning,9,daylight,0,dry,0,5,2,0,1,0,1,0,0,3,slightly_injured
2019,3,Thu,5,52.50932,13.21535,afternoon,16,daylight,0,dry,0,2,6,0,1,0,0,0,0,2,seriously_injured
2019,3,Wed,4,52.43421,13.35019,morning,9,daylight,0,dry,0,5,2,0,1,0,1,0,0,3,slightly_injured
2019,3,Thu,5,52.49496,13.32924,afternoon,15,daylight,0,dry,0,2,6,0,1,0,0,0,0,3,slightly_injured
2019,3,Thu,5,52.55648,13.37396,afternoon,15,daylight,0,dry,0,2,2,1,1,0,0,0,0,3,slightly_injured
2019,3,Wed,4,52.52764,13.3895,evening,21,dark,2,dry,1,2,6,0,1,0,1,0,0,3,slightly_injured
2019,3,Thu,5,52.55333,13.40857,afternoon,15,daylight,0,dry,0,6,4,0,1,1,0,0,0,3,slightly_injured
2019,3,Thu,5,52.5329,13.19854,afternoon,15,daylight,0,dry,0,5,3,0,1,0,0,0,0,3,slightly_injured
2019,3,Fri,6,52.5124,13.45289,afternoon,17,daylight,0,dry,0,0,3,1,1,0,0,0,0,3,slightly_injured
2019,3,Wed,4,52.59115,13.38315,morning,8,daylight,0,dry,0,0,1,1,0,0,0,0,0,3,slightly_injured
2019,3,Thu,5,52.50518,13.33794,afternoon,15,daylight,0,dry,0,3,6,1,0,0,0,0,1,3,slightly_injured
2019,3,Thu,5,52.58556,13.2812,afternoon,13,daylight,0,dry,0,5,3,0,1,0,0,1,0,2,seriously_injured
2019,3,Thu,5,52.48673,13.3278,afternoon,12,daylight,0,dry,1,5,3,1,1,0,0,0,0,3,slightly_injured
2019,3,Thu,5,52.49965,13.3248,afternoon,13,daylight,0,dry,0,2,7,1,1,0,0,0,0,3,slightly_injured
2019,3,Fri,6,52.44405,13.39934,afternoon,12,daylight,0,dry,0,2,6,0,1,0,0,0,0,3,slightly_injured
2019,3,Wed,4,52.46155,13.33935,evening,21,dark,2,dry,1,6,2,0,1,1,0,0,0,3,slightly_injured
2019,3,Thu,5,52.41344,13.35406,afternoon,13,daylight,0,dry,0,2,6,0,1,0,1,0,0,3,slightly_injured
2019,3,Thu,5,52.5821,13.41019,morning,11,daylight,0,dry,0,5,3,0,1,0,0,0,0,3,slightly_injured
2019,3,Thu,5,52.48998,13.43401,morning,9,daylight,0,dry,0,6,4,0,0,1,1,0,0,3,slightly_injured
2019,3,Thu,5,52.54256,13.23853,afternoon,14,daylight,0,dry,0,0,1,0,1,0,0,0,1,3,slightly_injured
2019,3,Wed,4,52.53809,13.24775,morning,8,daylight,0,dry,0,5,2,0,1,0,0,0,0,3,slightly_injured
2019,3,Thu,5,52.44128,13.50024,afternoon,14,daylight,0,dry,0,0,3,0,1,0,1,0,0,3,slightly_injured
2019,3,Wed,4,52.45556,13.55812,evening,18,dark,2,dry,0,3,6,0,1,0,1,0,0,3,slightly_injured
2019,3,Thu,5,52.52865,13.13295,afternoon,14,daylight,0,dry,0,5,3,1,0,0,0,0,1,3,slightly_injured
2019,3,Thu,5,52.51887,13.28777,afternoon,13,daylight,0,dry,0,1,5,1,0,0,0,0,1,3,slightly_injured
2019,3,Wed,4,52.42299,13.57477,afternoon,17,daylight,0,dry,0,0,5,1,1,0,0,0,0,3,slightly_injured
2019,3,Thu,5,52.50641,13.28403,afternoon,13,daylight,0,dry,0,2,6,1,0,0,0,1,0,2,seriously_injured
2019,3,Thu,5,52.41667,13.28255,morning,9,daylight,0,dry,0,5,3,0,1,0,0,0,0,3,slightly_injured
2019,3,Fri,6,52.53804,13.27942,afternoon,17,daylight,0,dry,0,5,3,0,1,0,0,0,0,3,slightly_injured
2019,3,Wed,4,52.49517,13.48881,morning,6,daylight,0,dry,0,2,6,1,1,0,0,0,0,3,slightly_injured
2019,3,Thu,5,52.51194,13.40231,morning,8,daylight,0,dry,0,5,3,1,1,0,0,0,0,3,slightly_injured
2019,3,Thu,5,52.50172,13.35314,afternoon,14,daylight,0,dry,0,5,3,0,1,0,1,0,0,3,slightly_injured
2019,3,Thu,5,52.50493,13.40616,morning,8,daylight,0,dry,0,2,6,0,1,0,0,0,0,3,slightly_injured
2019,3,Wed,4,52.5111,13.37103,afternoon,17,daylight,0,dry,0,5,2,1,1,0,0,0,0,3,slightly_injured
2019,3,Thu,5,52.45301,13.39136,morning,7,daylight,0,dry,0,5,3,1,1,0,0,0,0,3,slightly_injured
2019,3,Wed,4,52.48057,13.31252,afternoon,17,daylight,0,dry,0,2,6,0,1,0,0,0,0,3,slightly_injured
2019,3,Thu,5,52.50227,13.59739,morning,7,daylight,0,dry,0,5,3,0,1,0,1,0,0,2,seriously_injured
2019,3,Thu,5,52.55361,13.41422,morning,7,daylight,0,dry,0,5,2,1,1,0,0,0,0,3,slightly_injured
2019,3,Wed,4,52.48139,13.42106,night,5,daylight,0,dry,0,6,2,0,1,1,0,0,0,3,slightly_injured
2019,3,Thu,5,52.60453,13.42367,morning,6,dusk,1,dry,0,5,3,0,1,0,0,0,0,3,slightly_injured
2019,3,Wed,4,52.51211,13.3897,night,4,dark,2,dry,0,6,2,0,1,1,0,0,0,3,slightly_injured
2019,3,Thu,5,52.52898,13.34334,morning,6,daylight,0,dry,0,0,1,1,0,0,0,0,0,3,slightly_injured
2019,3,Wed,4,52.40407,13.57355,afternoon,14,daylight,0,dry,0,0,3,1,0,0,0,0,1,2,seriously_injured
2019,3,Wed,4,52.56794,13.31091,afternoon,16,daylight,0,dry,1,0,6,0,1,0,1,0,0,3,slightly_injured
2019,3,Wed,4,52.51253,13.38074,evening,21,dark,2,dry,0,0,6,0,1,0,1,0,0,3,slightly_injured
2019,3,Wed,4,52.54238,13.37492,morning,8,daylight,0,dry,0,1,5,1,0,0,0,0,1,3,slightly_injured
2019,3,Fri,6,52.4446,13.33085,afternoon,14,daylight,0,dry,0,2,6,0,1,0,0,0,0,3,slightly_injured
2019,3,Wed,4,52.57577,13.27558,evening,21,dark,2,dry,0,5,3,0,1,0,0,0,0,3,slightly_injured
2019,3,Tue,3,52.52643,13.45132,morning,10,daylight,0,dry,0,6,4,1,0,1,0,0,0,3,slightly_injured
2019,3,Wed,4,52.4746,13.4275,evening,18,dusk,1,dry,0,2,6,0,1,0,0,0,0,3,slightly_injured
2019,3,Tue,3,52.51069,13.45203,afternoon,12,daylight,0,dry,1,5,2,1,0,0,0,0,1,3,slightly_injured
2019,3,Wed,4,52.41395,13.65878,evening,18,dusk,1,dry,0,5,3,1,1,0,0,0,0,3,slightly_injured
2019,3,Wed,4,52.55386,13.41479,evening,18,dusk,1,dry,0,5,3,1,1,0,0,0,0,3,slightly_injured
2019,3,Tue,3,52.5296,13.19573,morning,7,daylight,0,dry,0,5,2,1,1,0,0,0,0,3,slightly_injured
2019,3,Wed,4,52.48966,13.60672,afternoon,17,dusk,1,dry,0,2,1,0,1,0,0,0,0,3,slightly_injured
2019,3,Wed,4,52.55701,13.34646,afternoon,17,daylight,0,dry,0,5,2,1,1,0,0,0,0,3,slightly_injured
2019,3,Tue,3,52.51245,13.27662,morning,8,daylight,0,dry,0,2,6,0,1,0,0,0,0,3,slightly_injured
2019,3,Wed,4,52.51709,13.47999,afternoon,16,daylight,0,dry,0,2,2,0,1,0,0,0,0,3,slightly_injured
2019,3,Wed,4,52.55733,13.52768,afternoon,16,dark,2,dry,0,2,2,0,1,0,0,0,0,3,slightly_injured
2019,3,Thu,5,52.42289,13.4347,afternoon,16,daylight,0,dry,1,2,6,0,1,0,0,0,0,2,seriously_injured
2019,3,Wed,4,52.502,13.44597,afternoon,16,daylight,0,dry,0,3,6,1,0,0,0,1,0,3,slightly_injured
2019,3,Wed,4,52.52135,13.40276,morning,9,daylight,0,dry,0,5,2,1,1,0,0,0,0,3,slightly_injured
2019,3,Tue,3,52.56339,13.32901,evening,20,dark,2,dry,1,0,7,0,0,0,1,0,0,2,seriously_injured
2019,3,Wed,4,52.57049,13.36118,evening,22,dark,2,dry,0,5,2,0,1,0,0,0,0,2,seriously_injured
2019,3,Wed,4,52.54032,13.38003,evening,18,dark,2,dry,0,9,1,0,0,0,0,0,1,3,slightly_injured
2019,3,Thu,5,52.53887,13.40515,morning,10,daylight,0,dry,1,0,7,1,0,0,0,0,0,3,slightly_injured
2019,3,Wed,4,52.44237,13.33186,afternoon,16,daylight,0,dry,0,2,6,0,1,0,0,0,0,3,slightly_injured
2019,3,Tue,3,52.54493,13.55428,evening,19,dark,2,dry,0,5,3,1,1,0,0,0,0,3,slightly_injured
2019,3,Wed,4,52.55741,13.33439,afternoon,16,daylight,0,dry,0,5,3,0,1,0,0,0,0,3,slightly_injured
2019,3,Tue,3,52.50684,13.39917,evening,18,dusk,1,dry,0,1,5,1,0,0,0,0,1,3,slightly_injured
2019,3,Wed,4,52.50214,13.43989,afternoon,15,daylight,0,dry,0,1,5,1,1,0,0,0,0,3,slightly_injured
2019,3,Wed,4,52.61866,13.24019,afternoon,15,daylight,0,dry,0,0,7,0,1,0,0,0,0,3,slightly_injured
2019,3,Wed,4,52.55241,13.42742,afternoon,15,daylight,0,dry,0,5,3,0,1,0,1,0,1,2,seriously_injured
2019,3,Tue,3,52.53112,13.32854,afternoon,16,daylight,0,dry,0,5,2,0,1,0,0,0,0,3,slightly_injured
2019,3,Wed,4,52.52757,13.45159,afternoon,12,daylight,0,dry,0,3,6,1,0,0,0,0,0,3,slightly_injured
2019,3,Wed,4,52.56336,13.32706,afternoon,12,daylight,0,dry,0,6,4,1,0,1,0,0,0,3,slightly_injured
2019,3,Fri,6,52.51229,13.39269,morning,9,daylight,0,dry,0,0,5,0,1,0,0,0,0,3,slightly_injured
2019,3,Tue,3,52.53649,13.27013,afternoon,15,daylight,0,dry,1,2,6,0,1,0,0,0,0,3,slightly_injured
2019,3,Wed,4,52.56796,13.31011,morning,11,daylight,0,dry,0,2,6,0,1,0,0,0,0,3,slightly_injured
2019,3,Wed,4,52.63213,13.28749,morning,6,daylight,0,dry,0,5,3,1,1,0,0,0,0,3,slightly_injured
2019,3,Thu,5,52.42304,13.43512,morning,8,daylight,0,dry,1,5,3,0,1,0,0,0,0,3,slightly_injured
2019,3,Wed,4,52.57552,13.50695,morning,6,daylight,0,dry,0,6,4,0,0,1,0,0,1,3,slightly_injured
2019,3,Tue,3,52.54121,13.61936,afternoon,15,daylight,0,dry,1,6,4,0,0,1,0,0,1,3,slightly_injured
2019,3,Wed,4,52.47878,13.32045,morning,6,daylight,0,dry,0,6,2,0,0,1,0,0,1,3,slightly_injured
2019,3,Tue,3,52.48687,13.42827,evening,18,daylight,0,dry,0,0,6,0,1,0,0,0,1,3,slightly_injured
2019,3,Wed,4,52.61527,13.494,morning,7,daylight,0,dry,0,5,3,1,1,0,0,0,0,3,slightly_injured
2019,3,Wed,4,52.54159,13.59173,morning,7,daylight,0,dry,0,5,3,0,1,0,0,0,1,3,slightly_injured
2019,3,Tue,3,52.52463,13.53863,afternoon,17,daylight,0,dry,1,5,3,0,1,0,0,0,0,2,seriously_injured
2019,3,Wed,4,52.53353,13.55045,morning,7,daylight,0,dry,0,0,7,0,1,0,0,0,1,3,slightly_injured
2019,3,Tue,3,52.45775,13.37588,evening,19,dark,2,dry,0,2,2,0,1,0,0,0,1,3,slightly_injured
2019,3,Wed,4,52.54704,13.42483,morning,8,daylight,0,dry,0,2,7,0,1,0,0,0,0,3,slightly_injured
2019,3,Wed,4,52.50993,13.38423,morning,8,daylight,0,dry,0,5,2,1,0,0,0,1,0,2,seriously_injured
2019,3,Wed,4,52.53414,13.29329,morning,10,daylight,0,dry,0,3,6,0,1,0,0,1,0,3,slightly_injured
2019,3,Tue,3,52.59163,13.30663,afternoon,15,daylight,0,dry,0,5,3,1,1,0,0,0,0,3,slightly_injured
2019,3,Wed,4,52.50002,13.30676,morning,11,daylight,0,dry,0,5,3,1,1,0,0,0,0,2,seriously_injured
2019,3,Wed,4,52.40934,13.47605,morning,7,daylight,0,dry,0,5,3,1,1,0,0,0,0,3,slightly_injured
2019,3,Fri,6,52.54561,13.37718,evening,23,dark,2,dry,0,0,1,1,0,0,0,0,0,3,slightly_injured
2019,3,Tue,3,52.51983,13.38819,afternoon,15,daylight,0,dry,1,0,4,1,0,1,0,0,0,3,slightly_injured
2019,3,Wed,4,52.51817,13.30394,morning,11,daylight,0,dry,0,0,7,1,0,0,0,0,0,2,seriously_injured
2019,3,Wed,4,52.53778,13.37369,evening,19,dusk,1,dry,0,6,4,0,1,1,0,0,1,1,killed
2019,3,Thu,5,52.43453,13.53862,morning,11,daylight,0,dry,0,5,2,1,0,0,0,1,0,3,slightly_injured
2019,3,Tue,3,52.50425,13.30395,afternoon,13,daylight,0,dry,0,1,5,1,1,0,0,0,1,3,slightly_injured
2019,3,Tue,3,52.52257,13.19774,afternoon,15,daylight,0,dry,1,6,4,0,1,1,0,0,0,3,slightly_injured
2019,3,Tue,3,52.46258,13.33512,morning,9,daylight,0,dry,0,5,3,0,1,0,1,0,0,3,slightly_injured
2019,3,Tue,3,52.43552,13.34443,afternoon,15,daylight,0,dry,1,1,5,0,1,0,1,0,0,2,seriously_injured
2019,3,Tue,3,52.46249,13.47051,morning,8,daylight,0,dry,0,5,3,0,1,0,0,0,0,2,seriously_injured
2019,3,Tue,3,52.59331,13.4582,morning,7,daylight,0,dry,0,5,2,1,1,0,0,0,0,3,slightly_injured
2019,3,Tue,3,52.46264,13.47646,afternoon,15,daylight,0,dry,1,5,3,1,1,0,0,0,0,3,slightly_injured
2019,3,Tue,3,52.42829,13.1853,evening,18,dusk,1,dry,0,1,5,1,1,0,0,0,0,2,seriously_injured
2019,3,Tue,3,52.5284,13.37569,evening,19,dark,2,dry,0,3,6,0,1,0,0,0,0,3,slightly_injured
2019,3,Fri,6,52.55117,13.43063,afternoon,16,daylight,0,dry,0,2,6,0,1,0,1,0,0,3,slightly_injured
2019,3,Tue,3,52.47832,13.42586,afternoon,15,daylight,0,dry,1,6,4,0,1,1,0,0,0,3,slightly_injured
2019,3,Tue,3,52.44936,13.43655,afternoon,15,daylight,0,dry,1,6,4,0,1,1,0,0,0,3,slightly_injured
2019,3,Tue,3,52.55531,13.19853,evening,19,dark,2,dry,0,5,3,0,1,0,0,0,0,3,slightly_injured
2019,3,Tue,3,52.54667,13.46795,evening,23,dark,2,dry,0,5,2,0,1,0,0,0,1,3,slightly_injured
2019,3,Fri,6,52.50045,13.34988,afternoon,16,daylight,0,dry,0,0,2,0,1,0,1,0,0,3,slightly_injured
2019,3,Tue,3,52.5149,13.35104,afternoon,15,daylight,0,dry,1,5,3,0,1,0,0,0,0,3,slightly_injured
2019,3,Tue,3,52.44537,13.39586,afternoon,17,daylight,0,dry,0,0,1,1,0,0,0,0,0,2,seriously_injured
2019,3,Thu,5,52.48639,13.42965,evening,20,dark,2,dry,1,1,5,1,1,0,0,0,0,3,slightly_injured
2019,3,Tue,3,52.5567,13.34914,morning,11,daylight,0,dry,0,1,5,0,1,0,0,1,0,3,slightly_injured
2019,3,Tue,3,52.52311,13.42967,afternoon,15,daylight,0,dry,1,2,6,0,1,0,0,0,0,3,slightly_injured
2019,3,Tue,3,52.50479,13.31365,morning,11,daylight,0,dry,0,0,5,0,1,0,1,0,0,2,seriously_injured
2019,3,Tue,3,52.60274,13.36781,afternoon,15,daylight,0,dry,1,5,3,0,1,0,0,0,0,3,slightly_injured
2019,3,Tue,3,52.44817,13.40358,morning,11,daylight,0,dry,0,3,6,0,0,0,1,0,1,2,seriously_injured
2019,3,Tue,3,52.4917,13.39453,morning,9,daylight,0,dry,0,0,2,1,0,0,0,0,1,3,slightly_injured
2019,3,Tue,3,52.52433,13.4078,afternoon,15,daylight,0,dry,1,3,6,1,0,0,0,0,1,3,slightly_injured
2019,3,Tue,3,52.5412,13.33447,morning,9,daylight,0,dry,0,6,4,0,1,1,0,0,0,3,slightly_injured
2019,3,Tue,3,52.52682,13.2157,morning,7,daylight,0,dry,0,6,2,0,0,1,0,1,0,3,slightly_injured
2019,3,Fri,6,52.50105,13.34618,afternoon,14,daylight,0,dry,0,5,2,0,1,0,0,0,0,3,slightly_injured
2019,3,Tue,3,52.46379,13.33563,morning,7,daylight,0,dry,1,1,5,1,1,0,0,0,0,3,slightly_injured
2019,3,Tue,3,52.42841,13.32457,morning,9,daylight,0,dry,0,0,5,0,1,0,0,0,1,3,slightly_injured
2019,3,Tue,3,52.49866,13.4655,afternoon,17,daylight,0,dry,0,3,2,0,1,0,1,0,0,3,slightly_injured
2019,3,Tue,3,52.5284,13.41012,evening,19,dark,2,dry,0,6,4,1,0,1,0,0,0,3,slightly_injured
2019,3,Tue,3,52.50178,13.42595,afternoon,17,dusk,1,dry,0,6,4,0,1,1,0,0,0,2,seriously_injured
2019,3,Tue,3,52.48615,13.4303,afternoon,16,daylight,0,dry,0,5,2,0,1,0,0,0,0,3,slightly_injured
2019,3,Tue,3,52.52017,13.19781,afternoon,15,daylight,0,dry,0,0,4,0,0,1,0,0,1,3,slightly_injured
2019,3,Tue,3,52.48396,13.38399,afternoon,13,daylight,0,dry,0,1,7,1,0,0,0,0,1,3,slightly_injured
2019,3,Tue,3,52.58125,13.39976,afternoon,14,daylight,0,dry,0,5,2,1,0,0,0,0,0,3,slightly_injured
2019,3,Tue,3,52.54842,13.19778,afternoon,13,daylight,0,dry,0,6,4,0,1,1,0,0,0,3,slightly_injured
2019,3,Tue,3,52.51016,13.47391,evening,21,dark,2,dry,0,5,2,1,1,0,0,0,0,3,slightly_injured
2019,3,Tue,3,52.48181,13.43384,afternoon,13,daylight,0,dry,0,6,2,0,1,1,0,0,0,3,slightly_injured