ujahr,umonat,weekday,uwochentag,long,lat,time_of_day,ustunde,light_condition,ulichtverh,street_condition,ustrzustand,uart,utyp1,ist_rad,ist_pkw,ist_fuss,ist_krad,ist_gkfz,ist_sonstige,ukategorie,accident_outcome
2019,3,Tue,3,52.54812,13.29678,evening,23,dark,2,dry,1,3,6,0,1,0,0,0,1,3,slightly_injured
2019,3,Tue,3,52.52855,13.41115,afternoon,15,daylight,0,dry,1,2,6,0,1,0,0,0,0,3,slightly_injured
2019,3,Tue,3,52.47188,13.42894,afternoon,12,daylight,0,dry,1,3,6,0,1,0,1,0,1,3,slightly_injured
2019,3,Mon,2,52.5544,13.55174,afternoon,15,daylight,0,dry,1,2,6,0,1,0,0,0,0,3,slightly_injured
2019,3,Thu,5,52.51881,13.28677,evening,21,dark,2,dry,1,6,2,0,1,1,0,0,0,3,slightly_injured
2019,3,Mon,2,52.53497,13.38236,afternoon,15,daylight,0,dry,1,1,5,1,1,0,0,0,0,3,slightly_injured
2019,3,Tue,3,52.5035,13.38759,morning,6,daylight,0,dry,0,5,2,1,1,0,0,0,0,3,slightly_injured
2019,3,Mon,2,52.43988,13.43646,afternoon,14,daylight,0,dry,1,2,6,0,1,0,0,0,0,3,slightly_injured
2019,3,Tue,3,52.40482,13.53741,morning,7,daylight,0,dry,0,5,3,1,1,0,0,0,0,3,slightly_injured
2019,3,Mon,2,52.43826,13.38286,afternoon,15,daylight,0,dry,0,2,6,0,1,0,0,0,0,3,slightly_injured
2019,3,Mon,2,52.47979,13.36024,afternoon,15,daylight,0,dry,1,0,2,0,1,0,1,0,0,3,slightly_injured
2019,3,Mon,2,52.485,13.38219,afternoon,15,daylight,0,dry,0,5,2,1,1,0,0,0,0,3,slightly_injured
2019,3,Mon,2,52.53865,13.23424,afternoon,16,daylight,0,dry,0,2,1,0,1,0,0,0,0,3,slightly_injured
2019,3,Mon,2,52.52346,13.39208,afternoon,17,dusk,1,dry,1,5,3,1,0,0,0,0,0,2,seriously_injured
2019,3,Fri,6,52.48483,13.44427,afternoon,13,daylight,0,dry,0,2,2,1,1,0,0,0,0,3,slightly_injured
2019,3,Tue,3,52.51797,13.41006,morning,8,daylight,0,dry,0,5,3,0,1,0,1,0,0,3,slightly_injured
2019,3,Mon,2,52.52488,13.34688,evening,18,dusk,1,dry,1,5,7,0,1,0,0,0,0,3,slightly_injured
2019,3,Mon,2,52.47053,13.34726,evening,18,dusk,1,dry,1,6,2,0,1,1,0,0,0,3,slightly_injured
2019,3,Tue,3,52.55765,13.43251,morning,8,daylight,0,dry,0,5,3,1,1,0,0,0,0,3,slightly_injured
2019,3,Mon,2,52.50027,13.42713,evening,18,dusk,1,dry,1,6,4,0,0,1,1,0,0,3,slightly_injured
2019,3,Mon,2,52.50464,13.47433,evening,18,dusk,1,dry,1,5,3,1,0,0,0,0,1,3,slightly_injured
2019,3,Tue,3,52.58331,13.22462,morning,9,daylight,0,dry,0,1,5,1,1,0,0,0,0,3,slightly_injured
2019,3,Mon,2,52.54882,13.20073,evening,18,dusk,1,dry,1,6,4,0,1,1,0,0,0,2,seriously_injured
2019,3,Mon,2,52.41249,13.36121,evening,20,dark,2,dry,1,5,2,1,1,0,0,0,0,3,slightly_injured
2019,3,Thu,5,52.43897,13.26284,afternoon,12,daylight,0,dry,1,1,5,0,1,0,0,0,1,2,seriously_injured
2019,3,Mon,2,52.49286,13.42207,evening,20,dark,2,dry,1,5,7,0,1,0,0,0,0,3,slightly_injured
2019,3,Tue,3,52.49742,13.44819,morning,9,daylight,0,dry,0,5,3,1,1,0,0,0,0,3,slightly_injured
2019,3,Mon,2,52.4517,13.58347,evening,20,dark,2,dry,1,6,4,0,1,1,0,0,0,3,slightly_injured
2019,3,Tue,3,52.43136,13.55369,afternoon,14,daylight,0,dry,0,5,2,1,1,0,0,0,0,3,slightly_injured
2019,3,Mon,2,52.55568,13.38421,evening,22,dark,2,dry,1,5,2,1,1,0,0,0,0,3,slightly_injured
2019,3,Mon,2,52.46523,13.29911,morning,9,daylight,0,dry,0,0,6,1,1,0,0,0,0,3,slightly_injured
2019,3,Tue,3,52.40974,13.27314,afternoon,14,daylight,0,dry,1,5,2,1,1,0,0,0,0,3,slightly_injured
2019,3,Mon,2,52.64879,13.48498,afternoon,15,daylight,0,dry,1,5,3,0,1,0,0,0,0,3,slightly_injured
2019,3,Mon,2,52.59578,13.33758,afternoon,15,daylight,0,dry,1,0,1,0,0,0,1,0,0,3,slightly_injured
2019,3,Fri,6,52.52904,13.19548,evening,22,dark,2,dry,0,6,2,0,1,1,0,0,0,2,seriously_injured
2019,3,Tue,3,52.51446,13.42499,morning,9,daylight,0,dry,1,2,6,0,1,0,0,0,0,3,slightly_injured
2019,3,Mon,2,52.46419,13.44348,afternoon,14,daylight,0,dry,1,0,3,1,1,0,0,0,0,3,slightly_injured
2019,3,Thu,5,52.52405,13.29856,afternoon,14,daylight,0,dry,1,6,4,0,1,1,0,0,0,2,seriously_injured
2019,3,Mon,2,52.43164,13.49536,afternoon,14,daylight,0,dry,1,2,6,0,1,0,0,0,0,3,slightly_injured
2019,3,Tue,3,52.52304,13.49182,morning,10,daylight,0,dry,0,5,3,0,1,0,0,0,0,3,slightly_injured
2019,3,Mon,2,52.50974,13.42127,afternoon,13,daylight,0,dry,0,6,2,0,0,1,0,0,1,3,slightly_injured
2019,3,Tue,3,52.49888,13.34542,morning,10,daylight,0,dry,0,6,7,0,1,1,0,0,0,3,slightly_injured
2019,3,Mon,2,52.52929,13.5656,afternoon,12,daylight,0,dry,0,2,6,0,1,0,0,0,0,3,slightly_injured
2019,3,Thu,5,52.45078,13.43759,morning,9,daylight,0,dry,1,1,5,0,1,0,1,0,0,2,seriously_injured
2019,3,Mon,2,52.50917,13.32562,afternoon,12,daylight,0,dry,0,6,2,0,1,1,0,0,0,3,slightly_injured
2019,3,Tue,3,52.48951,13.40588,afternoon,14,daylight,0,dry,1,2,2,0,1,0,0,0,0,3,slightly_injured
2019,3,Mon,2,52.57186,13.42955,morning,11,daylight,0,dry,0,5,2,0,1,0,0,0,0,3,slightly_injured
2019,3,Tue,3,52.46324,13.58389,morning,10,daylight,0,dry,0,6,4,0,1,1,0,0,0,3,slightly_injured
2019,3,Mon,2,52.51238,13.61994,morning,11,daylight,0,dry,0,5,3,1,1,0,0,0,0,3,slightly_injured
2019,3,Mon,2,52.49418,13.38869,morning,7,daylight,0,dry,0,3,6,0,1,0,0,1,0,3,slightly_injured
2019,3,Tue,3,52.52678,13.33916,morning,10,daylight,0,dry,0,2,7,0,1,0,0,0,0,2,seriously_injured
2019,3,Mon,2,52.39498,13.42301,morning,7,daylight,0,dry,0,6,4,0,1,1,0,0,0,2,seriously_injured
2019,3,Mon,2,52.49009,13.51695,morning,8,daylight,0,dry,0,1,5,1,1,0,0,0,0,3,slightly_injured
2019,3,Fri,6,52.49782,13.44792,afternoon,13,daylight,0,dry,0,5,3,1,1,0,0,0,0,2,seriously_injured
2019,3,Tue,3,52.50462,13.36719,afternoon,14,daylight,0,dry,1,6,4,0,1,1,0,0,0,3,slightly_injured
2019,3,Mon,2,52.43389,13.24257,morning,9,daylight,0,dry,0,5,3,0,1,0,0,0,1,2,seriously_injured
2019,3,Thu,5,52.55749,13.41278,afternoon,15,daylight,0,dry,1,6,4,0,1,1,0,0,0,3,slightly_injured
2019,3,Mon,2,52.432,13.33801,morning,10,daylight,0,dry,0,0,1,1,0,0,0,0,0,3,slightly_injured
2019,3,Tue,3,52.57031,13.29975,afternoon,13,daylight,0,dry,1,1,5,0,1,0,0,0,0,3,slightly_injured
2019,3,Mon,2,52.48961,13.40571,morning,8,daylight,0,dry,1,0,1,0,0,0,0,0,1,3,slightly_injured
2019,3,Tue,3,52.57369,13.35182,morning,10,daylight,0,dry,1,2,6,0,1,0,0,0,0,3,slightly_injured
2019,3,Sun,1,52.51867,13.43307,evening,19,dark,2,dry,0,5,7,0,1,0,0,0,0,3,slightly_injured
2019,3,Sun,1,52.484,13.43566,evening,19,dark,2,dry,1,2,6,0,1,0,0,0,0,3,slightly_injured
2019,3,Tue,3,52.44743,13.50051,afternoon,12,daylight,0,dry,0,0,4,0,1,1,0,0,0,3,slightly_injured
2019,3,Sun,1,52.46031,13.3376,evening,18,dark,2,dry,1,5,3,0,1,0,0,0,0,3,slightly_injured
2019,3,Sun,1,52.56821,13.37246,afternoon,15,daylight,0,dry,0,5,3,0,1,0,1,0,0,2,seriously_injured
2019,3,Sun,1,52.56933,13.31108,morning,11,daylight,0,dry,0,2,6,0,1,0,0,0,0,3,slightly_injured
2019,3,Tue,3,52.58437,13.30257,afternoon,13,daylight,0,dry,1,5,3,0,1,0,0,0,0,3,slightly_injured
2019,3,Sun,1,52.50193,13.49784,morning,10,daylight,0,dry,0,1,1,0,1,0,0,0,1,3,slightly_injured
2019,3,Sun,1,52.52922,13.40659,morning,11,daylight,0,dry,0,2,6,0,1,0,0,0,0,3,slightly_injured
2019,3,Fri,6,52.51643,13.26099,afternoon,14,daylight,0,dry,0,0,4,1,0,1,0,0,0,3,slightly_injured
2019,3,Sun,1,52.50015,13.41465,afternoon,12,daylight,0,dry,0,5,3,0,1,0,0,0,0,3,slightly_injured
2019,3,Tue,3,52.54489,13.36423,afternoon,13,daylight,0,dry,1,0,7,0,0,0,1,0,0,3,slightly_injured
2019,3,Sun,1,52.55113,13.16536,afternoon,14,daylight,0,dry,1,5,2,0,1,0,0,0,0,3,slightly_injured
2019,3,Sun,1,52.54312,13.35266,afternoon,14,daylight,0,dry,1,5,7,0,1,0,0,0,0,3,slightly_injured
2019,3,Sun,1,52.58715,13.3891,afternoon,17,dusk,1,dry,1,9,1,0,1,0,0,0,0,3,slightly_injured
2019,3,Tue,3,52.50107,13.31649,afternoon,12,daylight,0,dry,1,2,6,0,1,0,0,0,0,3,slightly_injured
2019,3,Sun,1,52.45266,13.57415,evening,19,dark,2,dry,1,2,6,0,1,0,0,0,0,3,slightly_injured
2019,3,Mon,2,52.50134,13.4912,afternoon,12,daylight,0,dry,0,0,3,0,0,0,0,0,1,3,slightly_injured
2019,3,Sun,1,52.5354,13.56624,evening,20,dark,2,dry,1,5,2,1,1,0,0,0,0,2,seriously_injured
2019,3,Sun,1,52.52361,13.3877,evening,21,dark,2,dry,1,2,6,0,1,0,0,0,0,3,slightly_injured
2019,3,Mon,2,52.58951,13.33435,morning,7,daylight,0,dry,1,6,4,0,1,1,0,0,0,2,seriously_injured
2019,3,Sun,1,52.55014,13.4248,morning,10,daylight,0,dry,0,1,5,0,1,0,0,0,0,3,slightly_injured
2019,3,Sun,1,52.5511,13.42332,morning,9,daylight,0,dry,0,5,3,0,1,0,0,0,1,3,slightly_injured
2019,3,Thu,5,52.50896,13.40462,evening,21,dark,2,dry,1,5,3,0,1,0,0,0,0,3,slightly_injured
2019,3,Sun,1,52.54131,13.49376,morning,8,daylight,0,dry,0,5,3,0,1,0,1,0,0,3,slightly_injured
2019,3,Mon,2,52.53337,13.16509,morning,6,daylight,0,dry,1,5,3,0,1,0,0,1,0,3,slightly_injured
2019,3,Sat,7,52.53821,13.49873,afternoon,17,dark,2,dry,1,5,3,0,1,0,1,0,0,3,slightly_injured
2019,3,Mon,2,52.50963,13.4673,night,4,dark,2,dry,0,0,1,1,0,0,0,0,0,2,seriously_injured
2019,3,Sat,7,52.5239,13.38766,evening,18,dark,2,dry,1,1,5,1,1,0,0,0,0,2,seriously_injured
2019,3,Sat,7,52.39137,13.38986,afternoon,12,daylight,0,dry,1,1,5,1,1,0,0,0,0,2,seriously_injured
2019,3,Thu,5,52.49772,13.50733,afternoon,16,daylight,0,dry,1,2,6,0,1,0,0,0,0,3,slightly_injured
2019,3,Sat,7,52.48881,13.33925,afternoon,13,daylight,0,dry,1,1,5,0,1,0,0,0,0,3,slightly_injured
2019,3,Mon,2,52.45584,13.3327,night,0,dark,2,dry,0,5,7,0,1,0,0,0,0,2,seriously_injured
2019,3,Sat,7,52.49437,13.35945,afternoon,14,daylight,0,dry,1,2,6,0,1,0,0,0,0,3,slightly_injured
2019,3,Mon,2,52.50117,13.44489,afternoon,16,daylight,0,dry,0,2,6,1,0,0,0,0,0,3,slightly_injured
2019,3,Sat,7,52.51428,13.40547,afternoon,15,daylight,0,dry,1,2,6,0,1,0,0,0,0,3,slightly_injured
2019,3,Sat,7,52.48423,13.3944,evening,18,dusk,1,dry,1,2,6,0,1,0,0,0,0,3,slightly_injured
2019,3,Mon,2,52.44324,13.27012,afternoon,17,daylight,0,dry,0,6,4,0,1,1,0,0,0,3,slightly_injured
2019,3,Sat,7,52.47369,13.45574,evening,18,dusk,1,dry,1,6,4,0,1,1,0,0,0,3,slightly_injured
2019,3,Sat,7,52.4384,13.35411,evening,18,dusk,1,dry,1,6,2,0,1,1,0,0,0,3,slightly_injured
2019,3,Fri,6,52.50179,13.33789,morning,9,daylight,0,dry,0,1,5,1,1,0,0,0,0,3,slightly_injured
2019,3,Mon,2,52.40513,13.53122,morning,9,daylight,0,dry,1,5,3,0,1,0,0,0,1,3,slightly_injured
2019,3,Sat,7,52.49726,13.34621,evening,18,dusk,1,dry,1,6,2,0,1,1,0,0,0,3,slightly_injured
2019,3,Sat,7,52.51009,13.37647,evening,18,dusk,1,dry,1,0,3,0,1,0,0,0,1,3,slightly_injured
2019,3,Thu,5,52.51817,13.49913,morning,7,daylight,0,dry,1,6,4,0,1,1,0,0,0,3,slightly_injured
2019,3,Sat,7,52.4762,13.36427,evening,19,dusk,1,dry,1,6,4,0,1,1,0,0,0,3,slightly_injured
2019,3,Mon,2,52.40913,13.3761,morning,11,daylight,0,dry,0,5,2,0,1,0,0,0,0,3,slightly_injured
2019,3,Sat,7,52.5683,13.57184,evening,19,dark,2,dry,1,6,2,0,1,1,0,0,0,3,slightly_injured
2019,3,Mon,2,52.52727,13.37201,morning,11,daylight,0,dry,1,2,6,0,1,0,0,0,0,3,slightly_injured
2019,3,Sat,7,52.54961,13.35001,evening,20,dark,2,dry,1,2,6,0,1,0,0,0,0,3,slightly_injured
2019,3,Sat,7,52.56699,13.51532,evening,20,dark,2,dry,1,5,2,0,1,0,0,0,0,3,slightly_injured
2019,3,Mon,2,52.53543,13.47423,afternoon,12,daylight,0,dry,1,0,6,0,1,0,1,0,0,3,slightly_injured
2019,3,Sat,7,52.56733,13.38701,evening,20,dark,2,dry,1,1,5,0,1,0,0,1,0,2,seriously_injured
2019,3,Sat,7,52.48376,13.39976,evening,21,dark,2,dry,1,6,7,1,0,1,0,0,0,3,slightly_injured
2019,3,Fri,6,52.50346,13.31345,afternoon,17,dark,2,dry,0,2,6,0,1,0,0,0,0,3,slightly_injured
2019,3,Sat,7,52.53587,13.39075,evening,21,dark,2,dry,1,6,4,0,1,1,0,0,0,3,slightly_injured
2019,3,Sat,7,52.4778,13.30815,morning,10,daylight,0,dry,0,5,2,0,1,0,0,0,0,3,slightly_injured
2019,3,Mon,2,52.52458,13.38755,afternoon,12,daylight,0,dry,0,1,5,1,1,0,0,0,0,3,slightly_injured
2019,3,Sat,7,52.50091,13.47677,morning,10,daylight,0,dry,0,6,4,0,1,1,0,0,0,2,seriously_injured
2019,3,Sat,7,52.48499,13.36147,morning,6,dusk,1,dry,0,1,1,0,1,0,0,0,1,2,seriously_injured
2019,3,Fri,6,52.46408,13.43332,evening,18,daylight,0,dry,0,5,3,0,1,0,0,0,0,3,slightly_injured
2019,3,Mon,2,52.54017,13.37258,afternoon,13,daylight,0,dry,1,1,5,0,1,0,0,0,0,3,slightly_injured
2019,3,Fri,6,52.56582,13.42012,afternoon,17,dusk,1,dry,1,6,4,0,1,1,0,0,0,3,slightly_injured
2019,3,Fri,6,52.50719,13.42218,morning,9,daylight,0,dry,1,1,5,1,1,0,0,0,0,3,slightly_injured
2019,3,Thu,5,52.51782,13.43288,morning,10,daylight,0,dry,1,5,2,1,1,0,0,0,0,3,slightly_injured
2019,3,Fri,6,52.536,13.47343,evening,21,dark,2,dry,1,0,7,1,0,0,0,0,0,2,seriously_injured
2019,3,Mon,2,52.5654,13.20921,afternoon,15,daylight,0,dry,0,6,2,0,1,1,0,0,0,3,slightly_injured
2019,3,Fri,6,52.47116,13.34373,evening,18,dusk,1,dry,1,5,2,1,1,0,0,0,0,3,slightly_injured
2019,3,Mon,2,52.44937,13.55869,afternoon,15,daylight,0,dry,1,2,6,0,1,0,0,0,0,3,slightly_injured
2019,3,Fri,6,52.50679,13.29289,evening,23,dark,2,dry,0,2,6,0,1,0,0,0,0,3,slightly_injured
2019,3,Fri,6,52.51489,13.39122,evening,20,dark,2,dry,1,6,2,0,1,1,0,0,0,2,seriously_injured
2019,3,Mon,2,52.43142,13.45339,afternoon,16,daylight,0,dry,1,0,6,0,1,0,1,0,0,3,slightly_injured
2019,3,Fri,6,52.49934,13.4264,evening,21,dark,2,dry,0,5,3,1,1,0,0,0,0,3,slightly_injured
2019,3,Fri,6,52.48984,13.52802,evening,18,dusk,1,dry,1,5,7,0,1,0,0,0,1,3,slightly_injured
2019,3,Fri,6,52.38703,13.4089,afternoon,16,daylight,0,dry,0,0,3,1,0,0,0,0,1,3,slightly_injured
2019,3,Mon,2,52.5477,13.4994,afternoon,16,daylight,0,dry,0,2,6,0,1,0,0,0,0,3,slightly_injured
2019,3,Fri,6,52.553,13.43669,afternoon,16,dusk,1,dry,1,2,6,0,1,0,1,0,0,3,slightly_injured
2019,3,Fri,6,52.48517,13.44471,afternoon,15,daylight,0,dry,1,5,3,1,1,0,0,0,0,3,slightly_injured
2019,3,Mon,2,52.61394,13.23109,afternoon,17,daylight,0,dry,0,6,7,0,1,1,0,0,0,3,slightly_injured
2019,3,Fri,6,52.57097,13.31634,afternoon,15,daylight,0,dry,1,2,6,0,1,0,0,0,0,3,slightly_injured
2019,3,Fri,6,52.4999,13.41552,afternoon,15,daylight,0,dry,1,1,5,1,1,0,0,0,0,3,slightly_injured
2019,3,Thu,5,52.49382,13.36495,evening,20,dark,2,dry,1,2,6,0,1,0,0,0,0,3,slightly_injured
2019,3,Fri,6,52.5299,13.38388,afternoon,16,daylight,0,dry,1,0,1,0,0,0,1,0,0,3,slightly_injured
2019,3,Mon,2,52.49054,13.40049,afternoon,17,daylight,0,dry,0,5,2,1,1,0,0,0,0,2,seriously_injured
2019,3,Fri,6,52.52605,13.2789,night,1,dark,2,dry,1,9,1,0,1,0,0,0,0,2,seriously_injured
2019,3,Mon,2,52.52993,13.46101,afternoon,16,daylight,0,dry,0,2,6,0,1,0,0,0,0,3,slightly_injured
2019,3,Fri,6,52.52396,13.41164,night,1,dark,2,dry,1,5,2,1,1,0,0,0,0,2,seriously_injured
2019,3,Fri,6,52.4339,13.55323,morning,6,dusk,1,dry,1,5,3,1,1,0,0,0,0,2,seriously_injured
2019,3,Mon,2,52.59053,13.28288,afternoon,13,daylight,0,dry,1,0,4,0,0,1,0,0,1,2,seriously_injured
2019,3,Fri,6,52.63397,13.51086,morning,9,daylight,0,dry,1,0,1,0,0,0,1,0,0,3,slightly_injured
2019,3,Fri,6,52.51217,13.3173,morning,9,daylight,0,dry,0,5,2,1,1,0,0,0,0,3,slightly_injured
2019,3,Fri,6,52.50818,13.32791,afternoon,14,daylight,0,dry,0,3,6,0,1,0,0,0,1,3,slightly_injured
2019,3,Fri,6,52.51581,13.41652,afternoon,15,daylight,0,dry,1,0,1,0,0,0,1,0,0,2,seriously_injured
2019,3,Mon,2,52.51764,13.18621,morning,11,daylight,0,dry,1,5,2,0,1,0,0,0,0,3,slightly_injured
2019,3,Fri,6,52.54629,13.50964,afternoon,14,daylight,0,dry,0,5,2,1,1,0,0,0,0,3,slightly_injured
2019,4,Thu,5,52.50019,13.41851,afternoon,15,daylight,0,dry,0,6,4,0,1,1,0,0,0,3,slightly_injured
2019,4,Wed,4,52.54226,13.32419,evening,20,dark,2,dry,0,2,6,0,1,0,0,0,0,3,slightly_injured
2019,4,Thu,5,52.46515,13.47228,morning,7,daylight,0,dry,0,5,3,0,1,0,1,0,0,3,slightly_injured
2019,4,Wed,4,52.4285,13.26599,evening,18,daylight,0,dry,0,2,7,0,1,0,0,0,0,3,slightly_injured
2019,4,Sat,7,52.50625,13.47022,night,0,dark,2,dry,0,2,2,1,1,0,0,0,0,3,slightly_injured
2019,4,Wed,4,52.43076,13.31661,afternoon,17,daylight,0,dry,0,2,6,0,1,0,0,0,0,3,slightly_injured
2019,4,Wed,4,52.47521,13.45293,afternoon,17,daylight,0,dry,0,5,3,0,1,0,1,0,0,3,slightly_injured
2019,4,Fri,6,52.53827,13.39601,morning,8,daylight,0,dry,0,5,2,0,1,0,1,0,0,2,seriously_injured
2019,4,Wed,4,52.49645,13.56321,afternoon,16,daylight,0,dry,0,2,7,1,1,0,0,0,0,3,slightly_injured
2019,4,Thu,5,52.52317,13.43313,afternoon,15,daylight,0,dry,0,2,6,0,1,0,0,0,0,3,slightly_injured
2019,4,Sun,1,52.51099,13.48214,afternoon,12,daylight,0,dry,0,6,4,0,1,1,0,0,0,3,slightly_injured
2019,4,Wed,4,52.51643,13.4561,afternoon,16,daylight,0,dry,0,6,4,0,1,1,0,0,0,3,slightly_injured
2019,4,Sat,7,52.52573,13.30989,afternoon,13,daylight,0,dry,0,5,2,0,1,0,0,0,0,3,slightly_injured
2019,4,Wed,4,52.55139,13.38361,afternoon,15,daylight,0,dry,0,6,2,1,0,1,0,0,0,3,slightly_injured
2019,4,Wed,4,52.41035,13.49678,afternoon,15,daylight,0,dry,0,5,3,0,1,0,0,0,1,3,slightly_injured
2019,4,Fri,6,52.50359,13.32754,night,2,dark,2,dry,0,1,5,1,1,0,0,0,0,2,seriously_injured
2019,4,Wed,4,52.54793,13.42235,afternoon,14,daylight,0,dry,0,5,3,1,0,0,0,0,0,2,seriously_injured
2019,4,Sat,7,52.40829,13.66844,afternoon,15,daylight,0,dry,0,2,2,0,1,0,1,0,0,2,seriously_injured
2019,4,Wed,4,52.44137,13.57628,afternoon,14,daylight,0,dry,0,0,5,1,0,0,0,0,1,2,seriously_injured
2019,4,Wed,4,52.5676,13.35111,afternoon,16,daylight,0,dry,0,5,2,0,1,0,0,0,0,2,seriously_injured
2019,4,Fri,6,52.50272,13.44684,evening,19,dusk,1,dry,0,0,2,0,0,1,1,0,0,2,seriously_injured
2019,4,Wed,4,52.45588,13.55458,afternoon,12,daylight,0,dry,0,5,7,0,1,0,0,0,1,3,slightly_injured
2019,4,Thu,5,52.44801,13.51279,afternoon,14,daylight,0,dry,0,0,1,1,0,0,0,0,0,3,slightly_injured
2019,4,Wed,4,52.46914,13.45404,afternoon,12,daylight,0,dry,1,0,7,1,0,0,0,0,1,3,slightly_injured
2019,4,Sun,1,52.56873,13.52052,afternoon,14,daylight,0,dry,0,2,2,0,1,0,0,0,0,3,slightly_injured
2019,4,Wed,4,52.51243,13.31698,afternoon,12,daylight,0,dry,0,5,2,1,1,0,0,0,0,3,slightly_injured
2019,4,Wed,4,52.48332,13.26582,morning,10,daylight,0,dry,0,5,2,1,1,0,0,0,0,2,seriously_injured
2019,4,Sat,7,52.46909,13.43554,afternoon,15,daylight,0,dry,0,5,3,0,0,0,0,0,1,3,slightly_injured
2019,4,Wed,4,52.51261,13.40787,morning,9,daylight,0,dry,0,1,5,1,1,0,0,0,1,2,seriously_injured
2019,4,Wed,4,52.52855,13.39875,morning,8,daylight,0,dry,0,1,5,1,1,0,0,0,1,3,slightly_injured
2019,4,Thu,5,52.53294,13.35815,night,1,dark,2,dry,0,2,6,1,0,0,0,0,1,3,slightly_injured
2019,4,Wed,4,52.48089,13.43547,morning,7,daylight,0,dry,0,6,2,0,0,1,0,0,1,3,slightly_injured
2019,4,Thu,5,52.50687,13.31764,morning,10,daylight,0,dry,0,5,2,1,1,0,0,0,0,3,slightly_injured
2019,4,Wed,4,52.54727,13.41608,morning,7,daylight,0,dry,0,1,5,0,1,0,1,0,0,3,slightly_injured
2019,4,Wed,4,52.54332,13.35614,morning,7,daylight,0,dry,0,5,3,1,1,0,0,0,0,3,slightly_injured
2019,4,Thu,5,52.48659,13.43073,afternoon,17,daylight,0,dry,0,0,4,1,0,1,0,0,0,3,slightly_injured
2019,4,Wed,4,52.43584,13.5367,morning,7,daylight,0,dry,0,0,1,1,0,0,0,0,0,3,slightly_injured
2019,4,Sun,1,52.57794,13.31543,afternoon,16,daylight,0,dry,0,5,2,0,1,0,0,0,0,3,slightly_injured
2019,4,Wed,4,52.54133,13.40866,morning,7,daylight,0,dry,0,6,6,1,0,1,0,0,0,3,slightly_injured
2019,4,Wed,4,52.59121,13.38518,night,5,dark,2,dry,0,2,6,0,1,0,0,0,0,3,slightly_injured
2019,4,Fri,6,52.52451,13.36307,afternoon,17,daylight,0,dry,0,6,4,0,1,1,0,0,0,3,slightly_injured
2019,4,Wed,4,52.43404,13.38294,night,1,dark,2,dry,0,5,3,0,1,0,0,0,0,3,slightly_injured
2019,4,Tue,3,52.51576,13.50219,afternoon,16,daylight,0,dry,0,6,7,0,1,1,0,0,0,3,slightly_injured
2019,4,Thu,5,52.53644,13.18729,morning,11,daylight,0,dry,0,0,7,0,1,0,0,0,1,3,slightly_injured
2019,4,Tue,3,52.55866,13.33396,afternoon,14,daylight,0,dry,0,0,5,1,1,0,0,0,0,3,slightly_injured
2019,4,Thu,5,52.52331,13.43073,morning,9,daylight,0,dry,0,3,6,0,1,0,1,0,0,2,seriously_injured
2019,4,Tue,3,52.48575,13.42891,afternoon,16,daylight,0,dry,0,2,6,0,1,0,0,0,0,3,slightly_injured
2019,4,Sat,7,52.55433,13.34533,evening,19,daylight,0,dry,0,5,2,0,1,0,0,0,1,3,slightly_injured
2019,4,Tue,3,52.46661,13.43344,morning,7,daylight,0,dry,0,6,7,1,0,1,0,0,0,3,slightly_injured
2019,4,Tue,3,52.52227,13.565,afternoon,16,daylight,0,dry,0,5,3,1,1,0,0,0,0,3,slightly_injured
2019,4,Fri,6,52.48957,13.33308,morning,9,daylight,0,dry,0,5,3,1,0,0,0,0,0,3,slightly_injured
2019,4,Sat,7,52.54765,13.27091,afternoon,15,daylight,0,dry,0,7,7,0,0,0,1,0,0,3,slightly_injured
2019,4,Tue,3,52.46881,13.31983,afternoon,16,daylight,0,dry,0,5,3,0,1,0,0,0,0,3,slightly_injured
2019,4,Tue,3,52.60705,13.31993,afternoon,16,daylight,0,dry,0,2,2,0,1,0,0,0,1,3,slightly_injured
2019,4,Fri,6,52.52926,13.2964,afternoon,14,daylight,0,dry,0,5,2,0,1,0,1,0,0,3,slightly_injured
2019,4,Tue,3,52.44291,13.2952,afternoon,16,daylight,0,dry,0,6,4,0,1,1,0,0,0,3,slightly_injured
2019,4,Thu,5,52.4474,13.34307,afternoon,15,daylight,0,dry,0,2,6,0,1,0,0,0,0,3,slightly_injured
2019,4,Tue,3,52.48061,13.44462,afternoon,16,daylight,0,dry,0,1,1,0,1,0,0,0,0,3,slightly_injured
2019,4,Mon,2,52.55392,13.3769,afternoon,16,daylight,0,dry,0,2,6,0,1,0,0,0,0,3,slightly_injured
2019,4,Thu,5,52.42411,13.47349,afternoon,17,daylight,0,dry,0,5,3,1,1,0,0,0,0,3,slightly_injured
2019,4,Tue,3,52.5273,13.41615,evening,18,daylight,0,dry,0,2,6,0,1,0,0,0,0,3,slightly_injured
2019,4,Sat,7,52.58855,13.40172,afternoon,16,daylight,0,dry,0,0,3,1,1,0,0,0,0,3,slightly_injured
2019,4,Tue,3,52.56056,13.32181,afternoon,16,daylight,0,dry,0,5,2,0,1,0,0,0,1,3,slightly_injured
2019,4,Tue,3,52.44039,13.29953,evening,18,daylight,0,dry,0,0,6,1,0,0,0,0,1,3,slightly_injured
2019,4,Fri,6,52.47248,13.44686,morning,7,daylight,0,dry,0,4,5,1,1,0,0,0,0,3,slightly_injured
2019,4,Tue,3,52.49837,13.39578,evening,18,daylight,0,dry,0,5,2,0,1,0,1,0,0,3,slightly_injured
2019,4,Thu,5,52.51673,13.41831,afternoon,15,daylight,0,dry,0,3,6,1,0,0,0,0,0,2,seriously_injured
2019,4,Tue,3,52.49298,13.38801,evening,18,daylight,0,dry,0,5,2,1,1,0,0,0,0,3,slightly_injured
2019,4,Sun,1,52.53225,13.15828,morning,11,daylight,0,dry,0,1,5,1,1,0,0,0,0,3,slightly_injured