ujahr,umonat,weekday,uwochentag,long,lat,time_of_day,ustunde,light_condition,ulichtverh,street_condition,ustrzustand,uart,utyp1,ist_rad,ist_pkw,ist_fuss,ist_krad,ist_gkfz,ist_sonstige,ukategorie,accident_outcome
2019,4,Tue,3,52.5204,13.29957,afternoon,17,daylight,0,dry,0,6,7,0,1,1,0,0,0,2,seriously_injured
2019,4,Thu,5,52.50701,13.37909,afternoon,16,daylight,0,dry,0,2,2,1,1,0,0,0,0,3,slightly_injured
2019,4,Tue,3,52.53406,13.49206,morning,11,daylight,0,dry,0,2,6,0,1,0,1,0,0,2,seriously_injured
2019,4,Sun,1,52.50563,13.30466,afternoon,15,daylight,0,dry,0,1,5,1,1,0,0,0,0,3,slightly_injured
2019,4,Tue,3,52.52587,13.4111,afternoon,17,daylight,0,dry,0,5,2,0,1,0,1,0,0,2,seriously_injured
2019,4,Tue,3,52.54003,13.53942,morning,8,daylight,0,dry,0,3,6,0,1,0,0,1,0,3,slightly_injured
2019,4,Sat,7,52.51877,13.51945,morning,9,daylight,0,dry,0,2,2,0,1,0,1,0,0,3,slightly_injured
2019,4,Tue,3,52.45259,13.43848,evening,23,dark,2,dry,0,5,2,0,0,0,1,0,1,2,seriously_injured
2019,4,Tue,3,52.52711,13.39995,evening,22,dark,2,dry,0,1,5,0,1,0,0,0,0,3,slightly_injured
2019,4,Fri,6,52.42105,13.43805,evening,20,dark,2,dry,0,5,3,1,1,0,0,0,0,2,seriously_injured
2019,4,Tue,3,52.50152,13.34343,evening,21,dark,2,dry,0,6,4,0,1,1,0,0,0,3,slightly_injured
2019,4,Thu,5,52.47741,13.3284,evening,18,daylight,0,dry,0,6,4,1,0,1,0,0,0,3,slightly_injured
2019,4,Tue,3,52.39498,13.42308,evening,21,dark,2,dry,0,5,2,0,1,0,0,0,1,3,slightly_injured
2019,4,Sun,1,52.52587,13.316,evening,22,dark,2,dry,0,5,3,0,1,0,0,0,0,3,slightly_injured
2019,4,Tue,3,52.49847,13.40656,afternoon,13,daylight,0,dry,0,5,2,0,0,0,0,0,1,3,slightly_injured
2019,4,Tue,3,52.54964,13.38617,afternoon,12,daylight,0,dry,0,2,6,0,1,0,0,0,0,3,slightly_injured
2019,4,Fri,6,52.56145,13.32599,afternoon,13,daylight,0,dry,0,2,6,0,1,0,0,0,0,3,slightly_injured
2019,4,Tue,3,52.55364,13.41686,afternoon,12,daylight,0,dry,0,2,6,0,1,0,0,0,0,3,slightly_injured
2019,4,Tue,3,52.49904,13.42743,afternoon,12,daylight,0,dry,0,0,2,0,0,0,0,0,1,3,slightly_injured
2019,4,Tue,3,52.46249,13.55825,afternoon,14,daylight,0,dry,0,4,6,0,1,0,0,0,0,3,slightly_injured
2019,4,Sat,7,52.42768,13.46835,afternoon,13,daylight,0,dry,0,2,6,0,1,0,0,0,0,3,slightly_injured
2019,4,Tue,3,52.54848,13.34861,morning,11,daylight,0,dry,0,2,6,0,1,0,0,0,0,3,slightly_injured
2019,4,Tue,3,52.45287,13.50828,afternoon,15,daylight,0,dry,0,2,6,0,1,0,0,1,0,3,slightly_injured
2019,4,Fri,6,52.52185,13.388,afternoon,17,dusk,1,dry,0,2,6,0,1,0,0,0,0,3,slightly_injured
2019,4,Tue,3,52.52807,13.18951,morning,11,daylight,0,dry,0,1,1,0,1,0,1,0,0,3,slightly_injured
2019,4,Thu,5,52.53732,13.18827,afternoon,16,daylight,0,dry,0,5,3,0,1,0,0,0,0,3,slightly_injured
2019,4,Tue,3,52.57204,13.30859,afternoon,15,daylight,0,dry,0,5,3,1,0,0,1,0,0,3,slightly_injured
2019,4,Sun,1,52.53548,13.19532,evening,19,daylight,0,dry,0,5,3,0,1,0,0,0,1,3,slightly_injured
2019,4,Tue,3,52.52525,13.3918,morning,11,daylight,0,dry,0,3,6,0,1,0,1,0,1,3,slightly_injured
2019,4,Tue,3,52.50274,13.44652,afternoon,15,daylight,0,dry,0,3,6,1,1,0,0,0,0,2,seriously_injured
2019,4,Fri,6,52.53835,13.39604,afternoon,15,daylight,0,dry,0,5,2,1,1,0,0,0,0,3,slightly_injured
2019,4,Tue,3,52.52652,13.29733,afternoon,16,daylight,0,dry,0,5,2,0,1,0,1,0,0,2,seriously_injured
2019,4,Tue,3,52.51578,13.30071,morning,10,daylight,0,dry,0,6,7,0,0,1,0,0,1,2,seriously_injured
2019,4,Thu,5,52.54952,13.22709,morning,11,daylight,0,dry,0,5,7,0,1,0,0,0,0,3,slightly_injured
2019,4,Tue,3,52.54638,13.35927,morning,10,daylight,0,dry,0,5,2,0,1,0,1,0,0,2,seriously_injured
2019,4,Tue,3,52.52706,13.37133,morning,11,daylight,0,dry,0,1,5,1,0,0,0,0,1,3,slightly_injured
2019,4,Thu,5,52.47865,13.52449,morning,8,daylight,0,dry,0,5,2,1,1,0,0,0,0,3,slightly_injured
2019,4,Tue,3,52.51232,13.47086,morning,10,daylight,0,dry,0,0,4,1,1,0,0,0,1,3,slightly_injured
2019,4,Thu,5,52.45642,13.32311,morning,10,daylight,0,dry,0,3,6,0,1,0,1,0,0,3,slightly_injured
2019,4,Tue,3,52.50557,13.42151,morning,9,daylight,0,dry,0,1,5,1,0,0,0,0,1,3,slightly_injured
2019,4,Sat,7,52.53104,13.44868,evening,20,dark,2,dry,0,2,7,1,1,0,0,0,0,3,slightly_injured
2019,4,Tue,3,52.527,13.39667,night,1,dark,2,dry,0,1,5,1,1,0,0,0,0,3,slightly_injured
2019,4,Tue,3,52.53139,13.19695,night,5,dark,2,dry,0,5,3,0,1,0,0,0,0,3,slightly_injured
2019,4,Fri,6,52.44119,13.58174,afternoon,12,daylight,0,dry,0,5,7,0,1,0,0,0,1,3,slightly_injured
2019,4,Tue,3,52.46384,13.50898,morning,7,daylight,0,dry,0,5,3,0,1,0,1,0,0,3,slightly_injured
2019,4,Thu,5,52.54518,13.25981,afternoon,14,daylight,0,dry,0,6,3,0,1,1,0,0,0,3,slightly_injured
2019,4,Tue,3,52.50882,13.50626,morning,7,daylight,0,dry,0,2,1,0,1,0,0,0,0,3,slightly_injured
2019,4,Sun,1,52.56796,13.31022,afternoon,17,daylight,0,dry,0,2,6,0,1,0,0,0,0,3,slightly_injured
2019,4,Thu,5,52.53266,13.19834,night,5,dark,2,dry,0,2,6,0,1,0,1,0,0,3,slightly_injured
2019,4,Tue,3,52.51191,13.29138,morning,7,daylight,0,dry,0,6,7,0,1,1,0,0,0,3,slightly_injured
2019,4,Sat,7,52.55771,13.43254,afternoon,16,daylight,0,dry,0,5,3,0,1,0,0,0,0,3,slightly_injured
2019,4,Tue,3,52.54609,13.34861,morning,8,daylight,0,dry,0,5,3,0,1,0,0,0,0,3,slightly_injured
2019,4,Thu,5,52.50618,13.36396,morning,8,daylight,0,dry,0,5,3,1,1,0,0,0,0,3,slightly_injured
2019,4,Tue,3,52.44329,13.1991,morning,8,daylight,0,dry,0,0,6,0,1,0,0,0,0,2,seriously_injured
2019,4,Sat,7,52.59062,13.29254,evening,18,daylight,0,dry,0,2,6,0,1,0,0,0,0,3,slightly_injured
2019,4,Tue,3,52.54847,13.55584,morning,8,daylight,0,dry,0,5,2,0,1,0,0,0,0,3,slightly_injured
2019,4,Tue,3,52.51298,13.26616,morning,9,daylight,0,dry,0,6,2,0,1,1,0,0,0,2,seriously_injured
2019,4,Fri,6,52.53428,13.18732,morning,11,daylight,0,dry,0,6,4,0,1,1,0,0,0,2,seriously_injured
2019,4,Mon,2,52.49207,13.39082,evening,18,dusk,1,dry,0,3,6,1,0,0,0,0,0,3,slightly_injured
2019,4,Thu,5,52.41902,13.49388,afternoon,16,daylight,0,dry,0,6,6,0,1,1,0,0,0,3,slightly_injured
2019,4,Mon,2,52.52957,13.40564,morning,9,daylight,0,dry,0,4,6,1,0,0,0,0,0,3,slightly_injured
2019,4,Sun,1,52.42697,13.44692,afternoon,13,daylight,0,dry,0,5,2,0,1,0,1,0,0,3,slightly_injured
2019,4,Mon,2,52.45904,13.57961,evening,19,daylight,0,dry,0,5,2,1,1,0,0,0,0,3,slightly_injured
2019,4,Mon,2,52.50052,13.47764,afternoon,12,daylight,0,dry,0,3,6,0,1,0,0,1,0,3,slightly_injured
2019,4,Sat,7,52.49997,13.27345,afternoon,12,daylight,0,dry,0,5,2,1,1,0,0,0,0,3,slightly_injured
2019,4,Mon,2,52.46573,13.38569,afternoon,12,daylight,0,dry,0,5,2,1,1,0,0,0,0,3,slightly_injured
2019,4,Mon,2,52.4824,13.43405,afternoon,16,daylight,0,dry,0,1,5,1,1,0,0,0,0,3,slightly_injured
2019,4,Fri,6,52.51532,13.38449,morning,9,daylight,0,dry,0,2,6,0,1,0,1,0,0,3,slightly_injured
2019,4,Mon,2,52.56177,13.25449,afternoon,16,daylight,0,dry,0,2,6,0,1,0,0,0,0,2,seriously_injured
2019,4,Thu,5,52.52364,13.58565,afternoon,17,daylight,0,dry,0,5,3,1,1,0,0,0,0,3,slightly_injured
2019,4,Mon,2,52.43378,13.54355,afternoon,16,daylight,0,dry,0,5,3,1,1,0,0,0,0,3,slightly_injured
2019,4,Fri,6,52.41843,13.47624,morning,7,daylight,0,dry,0,3,6,1,1,0,0,0,0,3,slightly_injured
2019,4,Mon,2,52.47023,13.43533,afternoon,15,daylight,0,dry,0,5,3,1,0,0,0,0,1,3,slightly_injured
2019,4,Thu,5,52.57912,13.42882,afternoon,12,daylight,0,dry,0,5,2,0,0,0,0,1,1,3,slightly_injured
2019,4,Mon,2,52.52571,13.40949,afternoon,15,daylight,0,dry,0,2,4,1,1,1,0,0,0,3,slightly_injured
2019,4,Sun,1,52.52174,13.1625,afternoon,14,daylight,0,dry,0,5,2,0,1,0,0,0,0,3,slightly_injured
2019,4,Mon,2,52.52102,13.41513,afternoon,15,daylight,0,dry,0,5,3,1,0,0,0,0,0,3,slightly_injured
2019,4,Mon,2,52.52495,13.34631,afternoon,15,daylight,0,dry,0,5,2,1,1,0,0,0,0,3,slightly_injured
2019,4,Sat,7,52.52533,13.13796,afternoon,15,daylight,0,dry,0,5,2,0,1,0,0,0,0,3,slightly_injured
2019,4,Mon,2,52.5338,13.17411,afternoon,13,daylight,0,dry,0,0,3,1,0,0,0,0,1,3,slightly_injured
2019,4,Mon,2,52.53537,13.51947,afternoon,14,daylight,0,dry,0,5,3,1,0,0,0,0,1,3,slightly_injured
2019,4,Thu,5,52.49812,13.39364,morning,7,daylight,0,dry,0,3,6,1,0,0,0,0,0,3,slightly_injured
2019,4,Mon,2,52.5274,13.19589,afternoon,14,daylight,0,dry,0,5,3,0,1,0,1,0,0,3,slightly_injured
2019,4,Thu,5,52.5281,13.58975,afternoon,16,daylight,0,dry,0,2,6,0,1,0,0,0,0,3,slightly_injured
2019,4,Mon,2,52.4646,13.33983,afternoon,16,daylight,0,dry,0,6,4,1,0,1,0,0,0,2,seriously_injured
2019,4,Sat,7,52.55311,13.42214,afternoon,13,daylight,0,dry,0,5,3,1,1,0,0,0,0,3,slightly_injured
2019,4,Mon,2,52.50216,13.33365,evening,18,daylight,0,dry,0,1,5,0,1,0,0,0,0,3,slightly_injured
2019,4,Mon,2,52.52721,13.6269,afternoon,13,daylight,0,dry,0,5,3,1,1,0,0,0,0,3,slightly_injured
2019,4,Mon,2,52.48969,13.40577,afternoon,16,daylight,0,dry,0,2,6,0,1,0,0,0,0,3,slightly_injured
2019,4,Sun,1,52.53343,13.44374,evening,19,daylight,0,dry,0,2,6,0,1,0,0,0,0,3,slightly_injured
2019,4,Mon,2,52.4796,13.27229,afternoon,12,daylight,0,dry,0,1,5,1,1,0,0,0,0,3,slightly_injured
2019,4,Mon,2,52.54051,13.23251,afternoon,14,daylight,0,dry,1,0,7,0,0,0,1,0,0,3,slightly_injured
2019,4,Wed,4,52.50795,13.32498,evening,19,dusk,1,dry,0,5,3,1,1,0,0,0,0,3,slightly_injured
2019,4,Fri,6,52.49833,13.40648,evening,18,daylight,0,dry,0,5,3,0,1,0,0,0,0,3,slightly_injured
2019,4,Mon,2,52.55268,13.38064,afternoon,17,daylight,0,dry,0,5,5,1,1,0,0,0,0,3,slightly_injured
2019,4,Wed,4,52.53477,13.3981,evening,18,daylight,0,dry,0,2,6,0,1,0,0,0,0,3,slightly_injured
2019,4,Mon,2,52.53314,13.19844,afternoon,12,daylight,0,dry,0,2,6,0,1,0,0,0,0,3,slightly_injured
2019,4,Wed,4,52.5273,13.40912,evening,18,daylight,0,dry,0,3,6,1,1,0,0,0,0,3,slightly_injured
2019,4,Thu,5,52.44496,13.25373,afternoon,14,daylight,0,dry,0,5,2,0,1,0,1,0,0,3,slightly_injured
2019,4,Mon,2,52.43596,13.35192,afternoon,16,daylight,0,dry,0,5,3,1,1,0,0,0,0,3,slightly_injured
2019,4,Wed,4,52.47043,13.44015,evening,18,daylight,0,dry,0,2,7,1,0,0,0,0,1,3,slightly_injured
2019,4,Wed,4,52.55847,13.42609,afternoon,17,daylight,0,dry,0,1,1,0,0,0,1,1,0,3,slightly_injured
2019,4,Thu,5,52.51109,13.33045,morning,9,daylight,0,dry,0,5,7,0,1,0,0,0,0,3,slightly_injured
2019,4,Mon,2,52.53316,13.40425,afternoon,13,daylight,0,dry,0,0,3,1,1,0,0,0,0,3,slightly_injured
2019,4,Wed,4,52.44528,13.56218,afternoon,17,daylight,0,dry,0,2,7,0,1,0,0,0,0,3,slightly_injured
2019,4,Sat,7,52.54709,13.31766,evening,18,dusk,1,dry,0,6,4,0,0,1,1,0,0,3,slightly_injured
2019,4,Wed,4,52.50238,13.34821,afternoon,17,daylight,0,dry,0,0,6,0,1,0,0,0,1,3,slightly_injured
2019,4,Mon,2,52.54937,13.35066,afternoon,13,daylight,0,dry,0,1,5,0,1,0,0,0,1,3,slightly_injured
2019,4,Wed,4,52.50968,13.2739,afternoon,17,daylight,0,dry,0,5,3,0,1,0,1,0,0,3,slightly_injured
2019,4,Mon,2,52.5405,13.2325,evening,18,daylight,0,dry,0,5,2,1,1,0,0,0,0,3,slightly_injured
2019,4,Wed,4,52.52746,13.45227,afternoon,17,daylight,0,dry,0,5,3,1,1,0,0,0,0,3,slightly_injured
2019,4,Fri,6,52.45138,13.37856,morning,10,daylight,0,dry,0,3,6,0,1,0,1,0,0,3,slightly_injured
2019,4,Mon,2,52.49032,13.34501,morning,11,daylight,0,dry,0,2,6,0,1,0,0,0,0,3,slightly_injured
2019,4,Wed,4,52.45568,13.37056,afternoon,16,daylight,0,dry,0,2,6,0,1,0,0,0,0,3,slightly_injured
2019,4,Wed,4,52.49632,13.39524,afternoon,16,daylight,0,dry,0,5,2,1,1,0,0,0,0,3,slightly_injured
2019,4,Thu,5,52.43132,13.30966,afternoon,15,daylight,0,dry,0,3,2,0,1,0,0,0,0,3,slightly_injured
2019,4,Wed,4,52.39721,13.13774,afternoon,16,daylight,0,dry,0,4,6,1,1,0,0,0,0,3,slightly_injured
2019,4,Fri,6,52.42931,13.38184,afternoon,14,daylight,0,dry,0,5,3,0,1,0,0,0,0,3,slightly_injured
2019,4,Wed,4,52.58951,13.33435,afternoon,15,daylight,0,dry,0,6,6,1,0,1,0,0,0,3,slightly_injured
2019,4,Wed,4,52.51885,13.25731,afternoon,15,daylight,0,dry,0,5,3,0,1,0,0,0,0,3,slightly_injured
2019,4,Wed,4,52.45101,13.3391,afternoon,15,daylight,0,dry,0,5,7,0,1,0,1,0,0,3,slightly_injured
2019,4,Thu,5,52.52403,13.39663,afternoon,14,daylight,0,dry,0,5,7,0,1,0,1,0,0,3,slightly_injured
2019,4,Mon,2,52.47618,13.3629,evening,18,daylight,0,dry,0,5,2,1,1,0,0,0,0,3,slightly_injured
2019,4,Wed,4,52.45298,13.39938,afternoon,14,daylight,0,dry,0,5,3,0,1,0,0,0,0,3,slightly_injured
2019,4,Mon,2,52.49273,13.32865,afternoon,16,daylight,0,dry,0,6,4,0,1,1,0,0,0,3,slightly_injured
2019,4,Wed,4,52.50884,13.4045,afternoon,14,daylight,0,dry,0,5,3,0,1,0,1,0,0,3,slightly_injured
2019,4,Thu,5,52.45978,13.36472,morning,7,daylight,0,dry,0,0,7,0,0,1,1,0,0,3,slightly_injured
2019,4,Mon,2,52.52506,13.37921,morning,10,daylight,0,dry,0,6,2,0,1,1,0,0,0,3,slightly_injured
2019,4,Wed,4,52.5257,13.53932,afternoon,17,daylight,0,dry,0,0,1,0,0,0,1,0,0,3,slightly_injured
2019,4,Sat,7,52.54709,13.38909,afternoon,17,daylight,0,dry,0,6,7,1,0,1,0,0,0,3,slightly_injured
2019,4,Wed,4,52.46438,13.39453,morning,8,daylight,0,dry,0,5,3,0,1,0,0,0,0,3,slightly_injured
2019,4,Mon,2,52.48362,13.58397,afternoon,17,daylight,0,dry,0,5,2,0,1,0,1,0,0,2,seriously_injured
2019,4,Wed,4,52.49321,13.36709,morning,8,daylight,0,dry,0,5,2,1,1,0,0,0,0,3,slightly_injured
2019,4,Mon,2,52.55714,13.33351,evening,18,daylight,0,dry,0,6,4,0,1,1,0,0,0,3,slightly_injured
2019,4,Tue,3,52.49713,13.44906,morning,9,daylight,0,dry,0,2,6,1,0,0,0,0,0,3,slightly_injured
2019,4,Fri,6,52.46949,13.31502,morning,8,daylight,0,dry,0,2,6,0,1,0,0,0,1,3,slightly_injured
2019,4,Mon,2,52.60602,13.41977,evening,19,daylight,0,dry,0,2,6,0,1,0,1,0,0,3,slightly_injured
2019,4,Tue,3,52.51689,13.38885,evening,18,daylight,0,dry,0,5,2,0,1,0,0,0,0,3,slightly_injured
2019,4,Tue,3,52.50516,13.34079,morning,9,daylight,0,dry,0,2,6,0,1,0,0,0,0,3,slightly_injured
2019,4,Thu,5,52.49169,13.28491,afternoon,16,daylight,0,dry,0,2,6,0,1,0,0,0,0,3,slightly_injured
2019,4,Tue,3,52.58636,13.36748,afternoon,12,daylight,0,dry,0,5,2,1,1,0,0,0,0,3,slightly_injured
2019,4,Tue,3,52.45451,13.45445,afternoon,17,daylight,0,dry,0,6,3,0,1,1,0,0,0,3,slightly_injured
2019,4,Sun,1,52.45546,13.61833,morning,11,daylight,0,dry,0,2,6,0,1,0,0,0,0,3,slightly_injured
2019,4,Tue,3,52.52635,13.34342,afternoon,17,daylight,0,dry,0,6,4,1,0,1,0,0,0,3,slightly_injured
2019,4,Mon,2,52.48648,13.52697,evening,20,dark,2,dry,0,6,4,0,1,1,0,0,0,2,seriously_injured
2019,4,Mon,2,52.41443,13.40096,morning,10,daylight,0,dry,0,5,2,1,0,0,0,1,0,3,slightly_injured
2019,4,Tue,3,52.4926,13.3886,afternoon,17,daylight,0,dry,0,2,6,1,1,0,0,0,0,3,slightly_injured
2019,4,Sat,7,52.51655,13.26009,afternoon,13,daylight,0,dry,0,5,3,0,1,0,1,0,0,2,seriously_injured
2019,4,Tue,3,52.45749,13.37831,afternoon,12,daylight,0,dry,0,5,3,0,1,0,0,0,0,3,slightly_injured
2019,4,Mon,2,52.52807,13.40252,morning,9,daylight,0,dry,0,5,3,1,1,0,0,0,0,3,slightly_injured
2019,4,Tue,3,52.53885,13.37205,evening,18,daylight,0,dry,0,2,6,1,1,0,0,0,0,3,slightly_injured
2019,4,Sun,1,52.50071,13.21086,night,1,dark,2,dry,0,9,1,0,0,0,1,0,0,2,seriously_injured
2019,4,Tue,3,52.44961,13.28598,afternoon,12,daylight,0,dry,0,5,3,0,1,0,1,0,0,3,slightly_injured
2019,4,Wed,4,52.53721,13.4494,afternoon,14,daylight,0,dry,0,2,2,0,1,0,0,0,0,3,slightly_injured
2019,4,Mon,2,52.54482,13.59289,morning,9,daylight,0,dry,0,5,3,1,1,0,0,0,0,3,slightly_injured
2019,4,Tue,3,52.4736,13.45568,morning,11,daylight,0,dry,0,6,4,0,1,1,0,0,0,3,slightly_injured
2019,4,Sat,7,52.47167,13.42905,night,1,dark,2,dry,0,1,6,1,1,0,0,0,0,3,slightly_injured
2019,4,Tue,3,52.43425,13.32566,morning,11,daylight,0,dry,0,5,3,0,1,0,0,0,0,3,slightly_injured
2019,4,Mon,2,52.53742,13.21843,morning,8,daylight,0,dry,0,1,5,0,1,0,0,0,1,3,slightly_injured
2019,4,Tue,3,52.51463,13.26446,morning,10,daylight,0,dry,0,5,3,0,1,0,0,0,0,3,slightly_injured
2019,4,Mon,2,52.49798,13.36064,morning,8,daylight,0,dry,0,2,6,0,0,0,1,0,1,3,slightly_injured
2019,4,Tue,3,52.52401,13.40981,evening,18,dusk,1,dry,0,5,2,1,1,0,0,0,0,2,seriously_injured
2019,4,Fri,6,52.44723,13.32606,morning,11,daylight,0,dry,0,1,5,1,1,0,0,0,1,3,slightly_injured
2019,4,Mon,2,52.52761,13.32669,morning,8,daylight,0,dry,0,6,4,0,1,1,0,0,0,2,seriously_injured
2019,4,Tue,3,52.51536,13.50603,evening,20,dark,2,dry,0,5,3,1,1,0,0,0,0,3,slightly_injured
2019,4,Tue,3,52.48979,13.32291,morning,10,daylight,0,dry,0,2,7,1,0,0,0,0,1,3,slightly_injured
2019,4,Thu,5,52.57785,13.29737,evening,20,dark,2,dry,0,5,3,0,1,0,0,0,0,3,slightly_injured
2019,4,Mon,2,52.50503,13.45808,morning,8,daylight,0,dry,0,2,6,1,0,0,0,0,0,3,slightly_injured
2019,4,Tue,3,52.57036,13.36085,evening,21,dark,2,dry,0,5,2,0,1,0,0,0,0,3,slightly_injured
2019,4,Sun,1,52.53249,13.39738,afternoon,12,daylight,0,dry,0,0,1,1,0,0,0,0,0,3,slightly_injured
2019,4,Tue,3,52.50371,13.30346,morning,10,daylight,0,dry,0,3,6,1,1,0,0,0,0,3,slightly_injured
2019,4,Mon,2,52.44264,13.50867,morning,11,daylight,0,dry,0,0,1,0,0,0,1,0,0,2,seriously_injured
2019,4,Mon,2,52.56634,13.31851,afternoon,17,daylight,0,dry,0,2,6,0,1,0,0,0,1,3,slightly_injured
2019,4,Tue,3,52.61888,13.23986,morning,9,daylight,0,dry,0,3,6,0,1,0,0,0,0,3,slightly_injured
2019,4,Fri,6,52.50887,13.42451,evening,19,daylight,0,dry,0,2,6,1,1,0,0,0,0,3,slightly_injured
2019,3,Sun,1,52.45437,13.46149,evening,18,daylight,0,dry,0,5,3,0,1,0,0,0,0,3,slightly_injured
2019,4,Tue,3,52.49656,13.36675,evening,21,dark,2,dry,0,5,2,1,1,0,0,0,0,3,slightly_injured
2019,3,Sun,1,52.56036,13.33338,evening,18,daylight,0,dry,0,3,6,0,1,0,1,0,0,3,slightly_injured
2019,4,Tue,3,52.53658,13.26886,afternoon,13,daylight,0,dry,0,2,6,0,1,0,0,0,0,3,slightly_injured
2019,4,Thu,5,52.52505,13.40599,morning,11,daylight,0,dry,0,3,6,1,0,0,0,1,0,3,slightly_injured
2019,3,Sun,1,52.61669,13.34664,afternoon,17,daylight,0,dry,0,5,2,1,0,0,0,0,0,3,slightly_injured
2019,4,Tue,3,52.51214,13.45448,evening,22,dark,2,dry,0,5,7,1,1,0,0,0,0,3,slightly_injured
2019,3,Sun,1,52.55016,13.29554,afternoon,17,daylight,0,dry,0,2,2,0,1,0,0,0,0,3,slightly_injured
2019,4,Tue,3,52.52538,13.36581,morning,7,daylight,0,dry,0,5,3,1,0,0,1,0,0,3,slightly_injured
2019,3,Sun,1,52.46059,13.52166,afternoon,15,daylight,0,dry,0,6,4,0,0,1,0,0,1,3,slightly_injured
2019,4,Tue,3,52.45282,13.38582,morning,6,daylight,0,dry,0,3,6,1,1,0,0,0,0,3,slightly_injured
2019,4,Fri,6,52.58876,13.2844,afternoon,14,daylight,0,dry,0,2,7,0,1,0,1,0,0,3,slightly_injured
2019,3,Sun,1,52.53246,13.39595,afternoon,13,daylight,0,dry,0,5,2,1,1,0,0,0,0,3,slightly_injured
2019,4,Tue,3,52.56242,13.32861,afternoon,13,daylight,0,dry,0,0,6,0,1,0,0,0,1,3,slightly_injured
2019,4,Tue,3,52.58058,13.4314,afternoon,17,daylight,0,dry,0,5,3,0,1,0,0,0,0,2,seriously_injured
2019,4,Thu,5,52.53969,13.60403,afternoon,17,daylight,0,dry,0,6,4,0,1,1,0,0,0,3,slightly_injured
2019,3,Sun,1,52.57494,13.31312,afternoon,16,daylight,0,dry,0,3,6,0,1,0,0,0,0,3,slightly_injured
2019,4,Tue,3,52.42693,13.23228,morning,11,daylight,0,dry,0,6,4,0,1,1,0,0,0,2,seriously_injured
2019,4,Sun,1,52.51507,13.39407,afternoon,16,daylight,0,dry,0,2,1,0,1,0,1,0,0,3,slightly_injured
2019,4,Tue,3,52.45113,13.33777,evening,22,dark,2,dry,0,6,2,0,1,1,0,0,0,2,seriously_injured
2019,3,Sun,1,52.50405,13.33281,afternoon,16,daylight,0,dry,0,2,6,0,1,0,0,0,0,2,seriously_injured
2019,3,Sun,1,52.55685,13.43056,night,1,dark,2,dry,0,6,4,0,1,1,0,0,0,3,slightly_injured
2019,4,Tue,3,52.48824,13.32267,morning,9,daylight,0,dry,0,1,5,1,1,0,0,0,1,3,slightly_injured
2019,4,Fri,6,52.53578,13.27532,evening,18,dusk,1,dry,0,5,2,1,1,0,0,0,0,3,slightly_injured
2019,3,Sun,1,52.4769,13.42644,night,0,dark,2,dry,0,3,6,0,1,0,0,0,0,3,slightly_injured
2019,4,Tue,3,52.477,13.31105,afternoon,17,daylight,0,dry,0,1,5,1,1,0,0,0,0,3,slightly_injured
2019,3,Sun,1,52.5331,13.15793,morning,9,daylight,0,dry,0,2,6,0,1,0,0,0,0,3,slightly_injured
2019,4,Tue,3,52.53106,13.19667,evening,20,dark,2,dry,0,0,1,1,0,0,0,0,0,3,slightly_injured
2019,4,Thu,5,52.46353,13.47468,afternoon,15,daylight,0,dry,0,6,4,0,1,1,0,0,0,3,slightly_injured
2019,3,Sun,1,52.51822,13.16952,morning,11,daylight,0,dry,0,5,3,1,1,0,0,0,0,3,slightly_injured
2019,4,Tue,3,52.52202,13.38923,afternoon,17,daylight,0,dry,0,0,1,1,0,0,0,0,0,3,slightly_injured
2019,4,Tue,3,52.51406,13.45387,evening,18,daylight,0,dry,0,0,1,1,0,0,0,0,0,3,slightly_injured
2019,4,Thu,5,52.52592,13.52165,morning,9,daylight,0,dry,0,5,2,1,1,0,0,0,0,3,slightly_injured
2019,3,Sun,1,52.52929,13.29639,afternoon,12,daylight,0,dry,0,5,2,0,1,0,0,0,0,3,slightly_injured
2019,4,Tue,3,52.61255,13.47951,morning,7,daylight,0,dry,0,5,3,1,1,0,0,0,0,2,seriously_injured
2019,4,Sat,7,52.45248,13.40809,evening,18,daylight,0,dry,0,5,3,1,1,0,0,0,0,2,seriously_injured
2019,4,Tue,3,52.49555,13.36598,afternoon,16,daylight,0,dry,0,1,5,1,1,0,0,0,0,3,slightly_injured
2019,4,Tue,3,52.5178,13.37083,afternoon,16,daylight,0,dry,0,5,2,0,1,0,1,0,0,3,slightly_injured
2019,4,Thu,5,52.51925,13.38844,morning,10,daylight,0,dry,0,6,4,0,0,1,0,0,1,3,slightly_injured
2019,3,Sat,7,52.53337,13.19545,afternoon,13,daylight,0,dry,0,5,3,0,1,0,0,0,0,3,slightly_injured
2019,4,Tue,3,52.4324,13.53522,afternoon,16,daylight,0,dry,0,5,2,1,1,0,0,0,0,3,slightly_injured
2019,4,Sat,7,52.52867,13.40959,evening,23,dark,2,dry,0,5,7,0,1,0,0,0,1,3,slightly_injured
2019,4,Tue,3,52.41894,13.35971,afternoon,16,daylight,0,dry,0,0,6,0,1,0,0,0,1,3,slightly_injured
2019,3,Sat,7,52.62861,13.38163,afternoon,15,daylight,0,dry,0,5,3,1,1,0,0,0,0,3,slightly_injured
2019,4,Tue,3,52.45537,13.40994,afternoon,15,daylight,0,dry,0,5,2,1,1,0,0,0,0,3,slightly_injured
2019,3,Sat,7,52.56657,13.3427,afternoon,15,daylight,0,dry,0,1,1,0,1,0,0,1,0,3,slightly_injured
2019,4,Tue,3,52.52298,13.47696,afternoon,15,daylight,0,dry,0,6,4,0,1,1,0,0,0,2,seriously_injured
2019,4,Fri,6,52.52887,13.37728,afternoon,13,daylight,0,dry,0,3,6,0,1,0,1,0,0,3,slightly_injured
2019,4,Tue,3,52.52353,13.2992,afternoon,14,daylight,0,dry,0,6,4,0,1,1,0,0,0,2,seriously_injured