ujahr,umonat,weekday,uwochentag,long,lat,time_of_day,ustunde,light_condition,ulichtverh,street_condition,ustrzustand,uart,utyp1,ist_rad,ist_pkw,ist_fuss,ist_krad,ist_gkfz,ist_sonstige,ukategorie,accident_outcome
2019,4,Tue,3,52.51873,13.28471,afternoon,14,daylight,0,dry,0,2,6,0,1,0,1,0,0,3,slightly_injured
2019,3,Sat,7,52.54966,13.41344,afternoon,14,daylight,0,dry,0,5,3,1,0,0,0,0,0,3,slightly_injured
2019,4,Tue,3,52.46614,13.47081,afternoon,14,daylight,0,dry,0,2,6,0,1,0,0,0,0,3,slightly_injured
2019,4,Thu,5,52.45305,13.3879,afternoon,16,daylight,0,dry,0,5,2,0,1,0,1,0,0,3,slightly_injured
2019,3,Sat,7,52.48334,13.37702,afternoon,14,daylight,0,dry,0,5,2,0,1,0,1,0,0,3,slightly_injured
2019,4,Tue,3,52.56663,13.36291,afternoon,14,daylight,0,dry,0,5,2,0,1,0,0,0,1,3,slightly_injured
2019,4,Sun,1,52.52298,13.47369,afternoon,17,daylight,0,dry,0,5,7,0,1,0,1,0,0,2,seriously_injured
2019,4,Tue,3,52.52402,13.40977,afternoon,14,daylight,0,dry,0,5,2,1,1,0,0,0,0,3,slightly_injured
2019,4,Thu,5,52.52452,13.43026,morning,7,daylight,0,dry,0,6,4,0,1,1,0,0,0,3,slightly_injured
2019,3,Sat,7,52.59127,13.41958,afternoon,14,daylight,0,dry,0,2,2,0,1,0,0,0,0,3,slightly_injured
2019,4,Tue,3,52.48947,13.37739,afternoon,13,daylight,0,dry,0,0,1,1,0,0,0,0,1,3,slightly_injured
2019,4,Sat,7,52.49049,13.32303,afternoon,16,daylight,0,dry,0,1,5,1,1,0,0,0,0,3,slightly_injured
2019,4,Tue,3,52.59378,13.28083,afternoon,13,daylight,0,dry,0,5,2,0,1,0,0,0,0,3,slightly_injured
2019,3,Sat,7,52.39842,13.38885,afternoon,14,daylight,0,dry,0,5,2,1,1,0,0,0,0,2,seriously_injured
2019,4,Tue,3,52.5728,13.41981,afternoon,13,daylight,0,dry,0,5,2,0,0,0,1,0,1,3,slightly_injured
2019,3,Sat,7,52.42978,13.3545,afternoon,13,daylight,0,dry,0,0,5,0,0,0,1,0,1,2,seriously_injured
2019,4,Tue,3,52.49013,13.35553,afternoon,13,daylight,0,dry,0,1,5,1,1,0,0,0,0,3,slightly_injured
2019,4,Fri,6,52.50173,13.40931,morning,7,daylight,0,dry,0,0,2,1,1,0,0,0,0,3,slightly_injured
2019,3,Sat,7,52.52597,13.47953,afternoon,13,daylight,0,dry,0,1,5,0,1,0,0,0,0,3,slightly_injured
2019,4,Mon,2,52.5266,13.48865,afternoon,15,daylight,0,dry,0,0,1,1,0,0,0,0,0,3,slightly_injured
2019,4,Mon,2,52.53062,13.41102,evening,23,dark,2,dry,0,5,2,1,0,0,0,0,0,3,slightly_injured
2019,3,Sat,7,52.43427,13.45592,afternoon,13,daylight,0,dry,0,2,6,0,1,0,0,0,0,3,slightly_injured
2019,4,Mon,2,52.61521,13.44449,afternoon,15,daylight,0,dry,0,2,6,0,1,0,0,0,0,3,slightly_injured
2019,3,Sat,7,52.55519,13.30661,afternoon,13,daylight,0,dry,0,5,3,1,1,0,0,0,0,2,seriously_injured
2019,4,Mon,2,52.5716,13.4117,afternoon,15,daylight,0,dry,0,6,2,0,1,1,0,0,0,3,slightly_injured
2019,4,Fri,6,52.53649,13.6043,afternoon,16,daylight,0,dry,0,6,4,0,1,1,0,0,0,2,seriously_injured
2019,3,Sat,7,52.56207,13.57739,afternoon,12,daylight,0,dry,0,6,4,0,1,1,0,0,0,3,slightly_injured
2019,4,Mon,2,52.5594,13.20895,afternoon,17,daylight,0,dry,0,5,3,1,1,0,0,0,0,3,slightly_injured
2019,4,Mon,2,52.47828,13.37828,afternoon,14,daylight,0,dry,0,6,4,0,1,1,0,0,0,3,slightly_injured
2019,4,Thu,5,52.57496,13.35963,afternoon,14,daylight,0,dry,0,1,5,0,1,0,1,0,0,3,slightly_injured
2019,3,Sat,7,52.48505,13.37658,morning,8,daylight,0,dry,0,5,2,0,1,0,0,0,0,2,seriously_injured
2019,4,Mon,2,52.52487,13.35691,afternoon,15,daylight,0,dry,0,2,7,0,1,0,0,0,0,3,slightly_injured
2019,4,Sun,1,52.58297,13.4286,afternoon,15,daylight,0,dry,0,0,2,1,1,0,0,0,0,3,slightly_injured
2019,4,Mon,2,52.48737,13.42687,morning,8,daylight,0,dry,0,5,3,1,1,0,0,0,0,3,slightly_injured
2019,3,Sat,7,52.60041,13.34191,morning,8,daylight,0,dry,0,1,1,0,1,0,0,0,0,3,slightly_injured
2019,3,Sat,7,52.4592,13.40013,morning,7,daylight,0,dry,0,6,2,0,0,1,0,0,1,2,seriously_injured
2019,4,Mon,2,52.54812,13.29676,evening,22,dark,2,dry,0,5,2,0,1,0,0,0,0,3,slightly_injured
2019,4,Sat,7,52.41408,13.10924,morning,11,daylight,0,dry,0,5,2,1,1,0,0,0,0,2,seriously_injured
2019,4,Mon,2,52.55013,13.45902,evening,21,dark,2,dry,0,3,6,1,1,0,0,0,0,3,slightly_injured
2019,3,Sat,7,52.54937,13.40785,morning,8,daylight,0,dry,0,0,1,1,0,0,0,0,0,3,slightly_injured
2019,4,Mon,2,52.44674,13.44469,evening,20,dark,2,dry,0,6,7,0,1,1,0,0,0,3,slightly_injured
2019,3,Sat,7,52.51938,13.19781,afternoon,13,daylight,0,dry,0,0,1,0,0,0,1,0,0,3,slightly_injured
2019,4,Mon,2,52.49941,13.41813,evening,20,dark,2,dry,0,6,2,0,1,1,0,0,0,3,slightly_injured
2019,4,Fri,6,52.49599,13.33561,evening,19,dusk,1,dry,0,4,5,1,0,0,0,0,0,3,slightly_injured
2019,3,Sat,7,52.50107,13.34627,night,0,dark,2,dry,0,5,3,0,1,0,0,0,0,3,slightly_injured
2019,4,Mon,2,52.49838,13.39625,evening,20,dark,2,dry,0,2,6,0,1,0,1,0,0,3,slightly_injured
2019,4,Mon,2,52.48241,13.44534,evening,19,dusk,1,dry,0,2,7,0,1,0,1,0,0,3,slightly_injured
2019,4,Thu,5,52.54883,13.22215,afternoon,17,daylight,0,dry,0,2,6,0,1,0,0,0,0,3,slightly_injured
2019,3,Sat,7,52.49941,13.43143,afternoon,15,daylight,0,dry,0,0,4,1,0,1,0,0,0,3,slightly_injured
2019,4,Mon,2,52.52531,13.36584,evening,18,daylight,0,dry,0,5,2,0,1,0,1,0,0,3,slightly_injured
2019,4,Sun,1,52.48715,13.33079,evening,19,dark,2,dry,0,6,2,0,1,1,0,0,0,3,slightly_injured
2019,4,Mon,2,52.53997,13.49167,evening,18,daylight,0,dry,0,5,2,1,1,0,0,0,0,3,slightly_injured
2019,3,Sat,7,52.53309,13.47615,afternoon,15,daylight,0,dry,0,2,2,0,1,0,0,0,0,3,slightly_injured
2019,4,Mon,2,52.43739,13.56203,afternoon,17,daylight,0,dry,0,2,6,0,1,0,0,1,0,3,slightly_injured
2019,4,Thu,5,52.59059,13.292,afternoon,12,daylight,0,dry,0,5,2,0,1,0,0,0,1,3,slightly_injured
2019,4,Mon,2,52.50683,13.294,afternoon,16,daylight,0,dry,0,2,6,0,1,0,0,0,0,3,slightly_injured
2019,3,Sat,7,52.44455,13.57388,afternoon,15,daylight,0,dry,0,5,3,1,1,0,0,0,0,3,slightly_injured
2019,4,Mon,2,52.48757,13.41941,morning,8,daylight,0,dry,0,3,6,0,1,0,0,0,0,3,slightly_injured
2019,4,Sun,1,52.545,13.41609,afternoon,12,daylight,0,dry,0,2,6,1,1,0,0,0,0,3,slightly_injured
2019,4,Mon,2,52.50908,13.37188,morning,8,daylight,0,dry,0,5,3,1,1,0,0,0,0,3,slightly_injured
2019,3,Sat,7,52.54844,13.59291,afternoon,15,daylight,0,dry,0,5,2,0,1,0,0,0,0,3,slightly_injured
2019,3,Sat,7,52.48672,13.42335,afternoon,16,daylight,0,dry,0,5,7,0,1,0,0,0,0,3,slightly_injured
2019,4,Mon,2,52.50313,13.33921,morning,8,daylight,0,dry,0,5,2,1,0,0,1,0,0,3,slightly_injured
2019,4,Sat,7,52.52016,13.4668,afternoon,14,daylight,0,dry,0,0,3,0,1,0,1,0,0,3,slightly_injured
2019,4,Mon,2,52.54403,13.43178,morning,8,daylight,0,dry,0,2,6,0,1,0,0,0,0,3,slightly_injured
2019,3,Sat,7,52.46089,13.50401,afternoon,16,daylight,0,dry,0,2,6,0,1,0,0,0,1,3,slightly_injured
2019,4,Mon,2,52.43671,13.69659,morning,7,daylight,0,dry,0,2,6,0,1,0,0,0,0,3,slightly_injured
2019,3,Sat,7,52.54234,13.34942,evening,20,dark,2,dry,0,6,2,0,1,1,0,0,0,3,slightly_injured
2019,4,Mon,2,52.50809,13.45361,morning,7,daylight,0,dry,0,6,7,1,0,1,0,0,0,3,slightly_injured
2019,4,Fri,6,52.53006,13.4625,afternoon,14,daylight,0,dry,0,0,7,0,1,0,0,0,0,3,slightly_injured
2019,3,Sat,7,52.6039,13.34941,evening,21,dark,2,dry,0,5,3,0,1,0,0,0,0,3,slightly_injured
2019,4,Mon,2,52.51637,13.38094,morning,8,daylight,0,dry,0,2,6,1,1,0,0,0,0,3,slightly_injured
2019,4,Mon,2,52.5524,13.42744,morning,9,daylight,0,dry,0,5,3,0,1,0,0,0,0,3,slightly_injured
2019,4,Thu,5,52.4246,13.37357,afternoon,17,daylight,0,dry,0,0,7,1,0,0,0,0,0,2,seriously_injured
2019,3,Sat,7,52.54361,13.34773,evening,21,dark,2,dry,0,1,5,1,1,0,0,0,0,3,slightly_injured
2019,4,Mon,2,52.51029,13.43017,morning,10,daylight,0,dry,0,5,3,0,1,0,0,0,0,3,slightly_injured
2019,4,Sat,7,52.4188,13.31995,evening,18,daylight,0,dry,0,6,4,0,1,1,0,0,0,3,slightly_injured
2019,4,Mon,2,52.52868,13.37861,morning,10,daylight,0,dry,0,5,3,0,1,0,0,0,0,3,slightly_injured
2019,3,Sat,7,52.48814,13.45513,afternoon,14,daylight,0,dry,0,2,6,1,1,0,1,0,0,3,slightly_injured
2019,3,Sat,7,52.50698,13.4685,evening,21,dark,2,dry,0,0,7,1,0,0,0,0,0,3,slightly_injured
2019,4,Mon,2,52.51414,13.26693,morning,10,daylight,0,dry,0,5,3,0,1,0,0,0,0,3,slightly_injured
2019,4,Fri,6,52.49843,13.40665,afternoon,14,daylight,0,dry,0,5,2,0,1,0,0,0,0,3,slightly_injured
2019,4,Mon,2,52.52782,13.51955,morning,11,daylight,0,dry,0,2,6,0,1,0,0,0,0,3,slightly_injured
2019,3,Sat,7,52.54242,13.41383,evening,20,dark,2,dry,0,0,1,1,0,0,0,0,0,3,slightly_injured
2019,4,Mon,2,52.53714,13.36045,afternoon,12,daylight,0,dry,0,2,6,0,1,0,1,0,0,3,slightly_injured
2019,4,Fri,6,52.48743,13.29979,evening,22,dark,2,dry,0,2,6,0,1,0,0,0,0,2,seriously_injured
2019,4,Mon,2,52.46808,13.43275,afternoon,13,daylight,0,dry,0,6,7,0,1,1,0,0,0,3,slightly_injured
2019,3,Sat,7,52.49046,13.36015,morning,11,daylight,0,dry,0,5,3,0,1,0,0,0,1,3,slightly_injured
2019,4,Mon,2,52.5342,13.18515,afternoon,12,daylight,0,dry,0,5,3,0,1,0,0,0,0,3,slightly_injured
2019,3,Fri,6,52.5019,13.44583,evening,23,dark,2,dry,0,5,7,1,1,0,0,0,0,3,slightly_injured
2019,4,Mon,2,52.48662,13.42898,afternoon,12,daylight,0,dry,0,2,2,0,1,0,0,0,1,3,slightly_injured
2019,4,Thu,5,52.45794,13.31782,morning,11,daylight,0,dry,0,5,2,0,1,0,0,0,0,3,slightly_injured
2019,3,Fri,6,52.49007,13.41547,morning,9,daylight,0,dry,0,1,7,0,1,0,0,0,0,3,slightly_injured
2019,4,Mon,2,52.52355,13.54941,afternoon,15,daylight,0,dry,0,5,3,1,1,0,0,0,0,3,slightly_injured
2019,4,Mon,2,52.54434,13.42536,afternoon,15,daylight,0,dry,0,1,5,1,1,0,0,0,0,3,slightly_injured
2019,4,Thu,5,52.49849,13.44677,morning,10,daylight,0,dry,0,2,6,0,1,0,1,0,0,3,slightly_injured
2019,3,Fri,6,52.47067,13.28906,afternoon,13,daylight,0,dry,0,5,2,1,0,0,0,0,1,3,slightly_injured
2019,4,Mon,2,52.5698,13.52977,afternoon,15,daylight,0,dry,0,5,3,1,1,0,0,0,0,3,slightly_injured
2019,4,Sat,7,52.53486,13.34172,evening,19,dusk,1,dry,0,5,3,0,1,0,0,0,0,3,slightly_injured
2019,4,Mon,2,52.47572,13.29398,afternoon,15,daylight,0,dry,0,1,5,1,1,0,0,0,0,3,slightly_injured
2019,3,Fri,6,52.40912,13.37605,afternoon,12,daylight,0,dry,0,2,2,0,1,0,0,0,0,3,slightly_injured
2019,4,Mon,2,52.46918,13.43091,afternoon,16,daylight,0,dry,0,1,5,1,1,0,0,0,0,3,slightly_injured
2019,3,Fri,6,52.46887,13.33262,afternoon,12,daylight,0,dry,0,5,3,1,1,0,0,0,0,3,slightly_injured
2019,4,Fri,6,52.49254,13.428,morning,11,daylight,0,dry,0,5,3,0,1,0,0,0,1,3,slightly_injured
2019,4,Wed,4,52.51829,13.27967,evening,18,daylight,0,dry,0,6,4,1,0,1,0,0,0,3,slightly_injured
2019,4,Thu,5,52.49835,13.40659,afternoon,15,daylight,0,dry,0,5,2,0,1,0,0,0,0,3,slightly_injured
2019,4,Sun,1,52.55432,13.39215,afternoon,13,daylight,0,dry,0,6,4,0,1,1,0,0,0,3,slightly_injured
2019,4,Wed,4,52.45419,13.14432,afternoon,15,daylight,0,dry,0,0,2,0,0,0,0,0,1,2,seriously_injured
2019,4,Wed,4,52.48447,13.60296,evening,19,daylight,0,dry,0,5,2,1,1,0,0,0,0,3,slightly_injured
2019,4,Wed,4,52.50628,13.31289,morning,9,daylight,0,dry,0,3,6,1,1,0,0,0,0,3,slightly_injured
2019,4,Sat,7,52.5325,13.39768,morning,10,daylight,0,dry,0,0,1,1,0,0,0,0,0,2,seriously_injured
2019,4,Fri,6,52.54683,13.18881,afternoon,17,daylight,0,dry,0,5,2,1,0,0,0,0,1,3,slightly_injured
2019,4,Fri,6,52.50865,13.45049,afternoon,15,daylight,0,dry,0,6,7,1,0,1,0,0,0,3,slightly_injured
2019,4,Fri,6,52.47871,13.43542,afternoon,16,daylight,0,dry,0,2,6,0,1,0,0,0,0,3,slightly_injured
2019,4,Fri,6,52.44377,13.57762,afternoon,13,daylight,0,dry,0,0,7,1,0,0,0,0,0,3,slightly_injured
2019,4,Fri,6,52.51882,13.28683,afternoon,14,daylight,0,dry,0,2,6,0,1,0,0,0,0,3,slightly_injured
2019,4,Fri,6,52.54612,13.16148,morning,11,daylight,0,dry,0,5,3,1,1,0,0,0,0,3,slightly_injured
2019,4,Fri,6,52.453,13.59535,morning,10,daylight,0,dry,0,0,6,0,1,0,1,0,0,2,seriously_injured
2019,4,Fri,6,52.45163,13.37025,morning,8,daylight,0,dry,0,9,1,0,1,0,0,0,0,3,slightly_injured
2019,4,Fri,6,52.51907,13.30123,morning,9,daylight,0,dry,0,5,7,0,1,0,0,0,0,3,slightly_injured
2019,4,Fri,6,52.51365,13.3225,afternoon,12,daylight,0,dry,0,3,6,0,1,0,1,0,0,3,slightly_injured
2019,4,Fri,6,52.53945,13.2327,afternoon,14,daylight,0,dry,0,2,2,0,1,0,0,0,0,3,slightly_injured
2019,4,Fri,6,52.46774,13.30989,afternoon,14,daylight,0,dry,0,0,1,1,0,0,0,0,0,3,slightly_injured
2019,4,Fri,6,52.50986,13.23145,morning,11,daylight,0,dry,0,0,1,0,0,0,1,0,0,3,slightly_injured
2019,4,Fri,6,52.51852,13.40697,afternoon,16,daylight,0,dry,0,6,2,1,0,1,0,0,0,3,slightly_injured
2019,4,Fri,6,52.51949,13.27277,afternoon,16,daylight,0,dry,0,5,3,0,1,0,0,0,0,2,seriously_injured
2019,4,Wed,4,52.47156,13.3858,afternoon,14,daylight,0,dry,0,5,3,1,1,0,0,0,0,2,seriously_injured
2019,4,Fri,6,52.45735,13.35572,afternoon,17,daylight,0,dry,0,3,2,1,0,0,0,0,1,3,slightly_injured
2019,4,Fri,6,52.53947,13.45212,afternoon,17,daylight,0,dry,0,1,5,1,1,0,0,0,0,2,seriously_injured
2019,4,Fri,6,52.54947,13.29569,evening,18,daylight,0,dry,0,2,6,0,1,0,0,0,0,3,slightly_injured
2019,4,Fri,6,52.50343,13.33827,evening,20,dark,2,dry,0,2,6,0,1,0,0,0,0,3,slightly_injured
2019,4,Fri,6,52.4816,13.44015,afternoon,17,daylight,0,dry,0,5,7,0,1,0,0,0,0,3,slightly_injured
2019,4,Fri,6,52.50627,13.2798,evening,18,daylight,0,dry,0,0,1,1,0,0,0,0,0,3,slightly_injured
2019,4,Thu,5,52.58489,13.28814,afternoon,15,daylight,0,dry,0,0,1,1,0,0,0,0,0,3,slightly_injured
2019,4,Thu,5,52.47472,13.42743,evening,19,daylight,0,dry,0,6,4,1,0,1,0,0,0,3,slightly_injured
2019,4,Thu,5,52.50952,13.35153,afternoon,16,daylight,0,dry,0,0,2,1,1,0,0,0,0,3,slightly_injured
2019,4,Thu,5,52.499,13.4172,evening,20,dark,2,dry,0,6,4,0,0,1,1,0,0,3,slightly_injured
2019,4,Thu,5,52.4167,13.65374,afternoon,14,daylight,0,dry,0,2,2,1,0,0,0,0,1,3,slightly_injured
2019,4,Thu,5,52.58947,13.32542,evening,20,dusk,1,dry,0,1,5,0,1,0,1,0,0,3,slightly_injured
2019,4,Thu,5,52.49456,13.51908,evening,20,dusk,1,dry,0,1,5,0,1,0,1,0,0,3,slightly_injured
2019,4,Thu,5,52.45638,13.56513,afternoon,14,daylight,0,dry,0,5,5,1,1,0,0,0,0,3,slightly_injured
2019,4,Thu,5,52.53972,13.62284,night,5,daylight,0,dry,0,5,7,0,1,0,1,0,0,3,slightly_injured
2019,4,Thu,5,52.50524,13.33157,evening,20,daylight,0,dry,0,5,7,0,1,0,1,0,0,2,seriously_injured
2019,4,Thu,5,52.46315,13.33658,evening,19,dusk,1,dry,0,5,3,1,1,0,0,0,0,3,slightly_injured
2019,4,Thu,5,52.55434,13.53823,afternoon,12,daylight,0,dry,0,5,2,0,1,0,0,0,0,3,slightly_injured
2019,4,Thu,5,52.43697,13.44915,afternoon,12,daylight,0,dry,0,6,4,0,1,1,0,0,0,3,slightly_injured
2019,4,Thu,5,52.55522,13.38367,morning,11,daylight,0,dry,0,6,7,0,0,1,0,0,1,3,slightly_injured
2019,4,Thu,5,52.49918,13.42216,evening,19,daylight,0,dry,0,5,3,1,1,0,0,0,0,3,slightly_injured
2019,4,Thu,5,52.42104,13.31092,evening,19,dusk,1,dry,0,2,6,0,1,0,0,0,0,3,slightly_injured
2019,4,Thu,5,52.52238,13.45062,evening,18,daylight,0,dry,0,6,2,0,1,1,0,0,0,3,slightly_injured
2019,4,Thu,5,52.47973,13.33278,evening,18,daylight,0,dry,0,5,3,1,1,0,0,0,0,3,slightly_injured
2019,4,Thu,5,52.52713,13.45075,evening,18,daylight,0,dry,0,5,2,1,1,0,0,0,0,3,slightly_injured
2019,4,Thu,5,52.52355,13.39827,morning,10,daylight,0,dry,0,4,6,1,0,0,0,0,1,3,slightly_injured
2019,4,Thu,5,52.59656,13.3537,morning,8,daylight,0,dry,0,5,2,1,1,0,0,0,0,3,slightly_injured
2019,4,Thu,5,52.5244,13.34951,morning,7,daylight,0,dry,0,1,5,1,1,0,0,0,0,3,slightly_injured
2019,4,Thu,5,52.53848,13.20108,night,5,daylight,0,dry,0,2,7,0,0,0,1,0,1,3,slightly_injured
2019,4,Thu,5,52.57425,13.35914,afternoon,12,daylight,0,dry,0,5,2,0,1,0,0,0,0,3,slightly_injured
2019,4,Thu,5,52.53766,13.22722,afternoon,12,daylight,0,dry,0,2,6,0,1,0,0,0,0,3,slightly_injured
2019,4,Thu,5,52.53047,13.38264,morning,11,daylight,0,dry,0,0,1,1,0,0,0,0,0,3,slightly_injured
2019,4,Thu,5,52.44852,13.31216,night,4,dark,2,dry,0,1,1,1,1,0,0,0,0,3,slightly_injured
2019,4,Thu,5,52.56523,13.44436,afternoon,17,daylight,0,dry,0,5,2,0,1,0,1,0,0,3,slightly_injured
2019,4,Thu,5,52.55217,13.38154,afternoon,17,daylight,0,dry,0,2,6,0,1,0,0,0,0,3,slightly_injured
2019,4,Thu,5,52.50518,13.35158,afternoon,16,daylight,0,dry,0,0,6,0,1,0,0,0,1,3,slightly_injured
2019,4,Thu,5,52.49396,13.45419,afternoon,16,daylight,0,dry,0,5,2,1,1,0,0,0,0,3,slightly_injured
2019,4,Thu,5,52.50703,13.3793,afternoon,15,daylight,0,dry,0,5,3,1,1,0,0,0,0,3,slightly_injured
2019,4,Thu,5,52.4936,13.32366,afternoon,15,daylight,0,dry,0,2,2,0,1,0,0,0,1,3,slightly_injured
2019,4,Thu,5,52.5547,13.2078,afternoon,15,daylight,0,dry,0,2,6,0,1,0,0,0,0,3,slightly_injured
2019,4,Thu,5,52.4837,13.32036,afternoon,15,daylight,0,dry,0,5,7,0,1,0,0,0,0,3,slightly_injured
2019,4,Thu,5,52.52694,13.16945,afternoon,14,daylight,0,dry,0,5,3,0,1,0,0,0,0,3,slightly_injured
2019,4,Thu,5,52.46347,13.40403,afternoon,14,daylight,0,dry,0,5,2,0,1,0,0,0,0,3,slightly_injured
2019,4,Wed,4,52.52918,13.56562,afternoon,17,daylight,0,dry,0,2,3,1,1,0,0,0,0,3,slightly_injured
2019,4,Wed,4,52.46125,13.30072,afternoon,17,daylight,0,dry,0,1,1,1,1,0,0,0,0,3,slightly_injured
2019,4,Wed,4,52.55644,13.37532,morning,9,daylight,0,dry,0,3,6,0,1,0,0,1,0,3,slightly_injured
2019,4,Wed,4,52.52544,13.39859,afternoon,12,daylight,0,dry,0,6,7,0,1,1,0,0,0,3,slightly_injured
2019,4,Wed,4,52.55546,13.39136,evening,19,daylight,0,dry,0,0,1,0,1,0,1,0,0,3,slightly_injured
2019,4,Wed,4,52.5318,13.39021,evening,23,dark,2,dry,0,1,5,1,1,0,0,0,0,3,slightly_injured
2019,4,Wed,4,52.4306,13.31484,evening,23,dark,2,dry,0,8,1,0,1,0,0,0,0,3,slightly_injured
2019,4,Wed,4,52.58934,13.36995,evening,22,dark,2,dry,0,5,3,0,1,0,0,0,0,3,slightly_injured
2019,4,Wed,4,52.43386,13.16113,evening,22,dark,2,dry,0,0,1,1,0,0,0,0,0,3,slightly_injured
2019,4,Wed,4,52.54072,13.13002,evening,22,dark,2,dry,0,5,3,0,1,0,0,0,1,2,seriously_injured
2019,4,Wed,4,52.59764,13.356,evening,20,dusk,1,dry,0,6,7,0,1,1,0,0,0,3,slightly_injured
2019,4,Wed,4,52.50362,13.27908,evening,20,dark,2,dry,0,3,2,0,0,0,1,1,0,3,slightly_injured
2019,4,Wed,4,52.53841,13.20943,evening,18,daylight,0,dry,0,2,6,0,1,0,0,0,0,3,slightly_injured
2019,4,Wed,4,52.54899,13.35125,morning,11,daylight,0,dry,0,1,7,1,1,0,0,0,0,3,slightly_injured
2019,4,Wed,4,52.44505,13.56603,morning,10,daylight,0,dry,0,5,3,1,1,0,0,0,0,3,slightly_injured
2019,4,Wed,4,52.41457,13.40106,morning,10,daylight,0,dry,0,5,2,0,1,0,0,0,0,3,slightly_injured
2019,4,Wed,4,52.52853,13.41852,morning,10,daylight,0,dry,0,3,6,1,1,0,0,0,0,3,slightly_injured
2019,4,Wed,4,52.50442,13.33382,afternoon,17,daylight,0,dry,0,6,7,1,0,0,0,0,1,3,slightly_injured
2019,4,Wed,4,52.53644,13.24805,morning,9,daylight,0,dry,0,2,6,0,1,0,0,0,1,3,slightly_injured
2019,4,Wed,4,52.46999,13.4925,morning,9,daylight,0,dry,0,5,3,1,1,0,0,0,0,3,slightly_injured
2019,4,Wed,4,52.4967,13.4203,morning,9,daylight,0,dry,0,6,4,1,0,1,0,0,0,3,slightly_injured
2019,4,Wed,4,52.51275,13.45788,morning,9,daylight,0,dry,0,3,6,1,0,0,1,0,0,3,slightly_injured
2019,4,Wed,4,52.53281,13.1834,morning,8,daylight,0,dry,0,2,6,0,1,0,0,0,0,3,slightly_injured
2019,4,Wed,4,52.55777,13.45858,morning,8,daylight,0,dry,0,5,3,0,1,0,0,0,1,3,slightly_injured
2019,4,Wed,4,52.56069,13.21495,afternoon,16,daylight,0,dry,0,6,7,0,1,1,0,0,0,3,slightly_injured
2019,4,Wed,4,52.59245,13.39838,morning,7,daylight,0,dry,0,0,3,0,1,0,1,0,0,3,slightly_injured
2019,4,Wed,4,52.55292,13.37001,afternoon,12,daylight,0,dry,0,5,3,1,1,0,0,0,0,3,slightly_injured
2019,4,Wed,4,52.51448,13.49332,morning,9,daylight,0,dry,0,5,3,0,1,0,1,0,0,2,seriously_injured
2019,4,Wed,4,52.59014,13.38663,afternoon,13,daylight,0,dry,0,8,1,0,1,0,0,0,0,3,slightly_injured
2019,4,Wed,4,52.549,13.34959,afternoon,13,daylight,0,dry,0,6,4,1,0,1,0,0,0,3,slightly_injured
2019,4,Wed,4,52.57737,13.51903,afternoon,14,daylight,0,dry,0,2,2,1,1,0,0,0,0,3,slightly_injured
2019,4,Wed,4,52.48306,13.59098,afternoon,14,daylight,0,dry,0,5,3,0,1,0,0,1,0,3,slightly_injured
2019,4,Wed,4,52.42535,13.68866,afternoon,15,daylight,0,dry,0,4,6,0,1,0,0,1,0,3,slightly_injured
2019,4,Wed,4,52.48276,13.38136,afternoon,15,daylight,0,dry,0,2,6,0,1,0,0,0,0,3,slightly_injured
2019,4,Wed,4,52.4928,13.3065,afternoon,15,daylight,0,dry,0,5,3,0,1,0,1,0,0,3,slightly_injured
2019,4,Wed,4,52.52861,13.39373,afternoon,15,daylight,0,dry,0,5,2,1,1,0,0,0,0,3,slightly_injured
2019,4,Wed,4,52.53893,13.24078,afternoon,15,daylight,0,dry,0,1,5,0,1,0,1,0,0,3,slightly_injured
2019,4,Wed,4,52.55273,13.15694,afternoon,16,daylight,0,dry,0,2,1,0,1,0,1,0,0,2,seriously_injured
2019,4,Wed,4,52.50252,13.46845,afternoon,16,daylight,0,dry,0,0,5,1,1,0,0,0,0,3,slightly_injured
2019,4,Wed,4,52.53841,13.40957,afternoon,16,daylight,0,dry,0,6,4,1,0,1,0,0,0,3,slightly_injured
2019,4,Wed,4,52.45554,13.58005,afternoon,16,daylight,0,dry,0,2,6,0,0,0,1,0,1,3,slightly_injured
2019,4,Wed,4,52.45102,13.4346,afternoon,16,daylight,0,dry,0,2,1,0,1,0,0,0,0,2,seriously_injured
2019,4,Wed,4,52.55073,13.44387,afternoon,16,daylight,0,dry,0,0,1,1,0,0,0,0,0,3,slightly_injured
2019,4,Wed,4,52.52158,13.18861,morning,11,daylight,0,dry,0,0,7,0,1,0,0,0,0,2,seriously_injured
2019,4,Tue,3,52.49867,13.39981,afternoon,16,daylight,0,dry,0,0,5,0,1,0,1,0,0,3,slightly_injured
2019,4,Tue,3,52.52736,13.45084,afternoon,15,daylight,0,dry,0,5,2,1,1,0,0,0,0,3,slightly_injured
2019,4,Tue,3,52.51271,13.46686,evening,18,daylight,0,dry,0,5,3,0,1,0,0,0,0,3,slightly_injured
2019,4,Tue,3,52.44425,13.57769,morning,11,daylight,0,dry,0,5,3,1,0,0,0,0,1,3,slightly_injured
2019,4,Tue,3,52.49306,13.38759,morning,9,daylight,0,dry,0,5,2,1,1,0,0,0,0,3,slightly_injured
2019,4,Tue,3,52.49003,13.41935,morning,10,daylight,0,dry,0,2,6,1,1,0,0,0,0,3,slightly_injured
2019,4,Tue,3,52.52712,13.38709,morning,9,daylight,0,dry,0,5,2,1,1,0,0,0,0,3,slightly_injured
2019,4,Tue,3,52.5498,13.39186,morning,8,daylight,0,dry,0,6,6,1,0,1,0,0,0,3,slightly_injured
2019,4,Tue,3,52.51969,13.38604,afternoon,17,daylight,0,dry,0,0,7,0,0,0,1,0,0,3,slightly_injured
2019,4,Tue,3,52.56059,13.32205,evening,20,dark,2,dry,0,2,6,0,1,0,0,0,0,3,slightly_injured