ujahr,umonat,weekday,uwochentag,long,lat,time_of_day,ustunde,light_condition,ulichtverh,street_condition,ustrzustand,uart,utyp1,ist_rad,ist_pkw,ist_fuss,ist_krad,ist_gkfz,ist_sonstige,ukategorie,accident_outcome
2019,4,Tue,3,52.50584,13.51966,evening,19,dusk,1,dry,0,5,2,1,1,0,0,0,0,3,slightly_injured
2019,4,Tue,3,52.49052,13.42363,morning,10,daylight,0,dry,0,6,4,1,0,1,0,0,0,3,slightly_injured
2019,4,Tue,3,52.57778,13.3329,evening,18,daylight,0,dry,0,3,6,0,1,0,0,0,0,3,slightly_injured
2019,4,Tue,3,52.53841,13.20941,morning,7,daylight,0,dry,0,2,6,0,1,0,0,0,0,3,slightly_injured
2019,4,Tue,3,52.53849,13.60201,evening,18,daylight,0,dry,0,4,5,0,1,0,1,0,0,3,slightly_injured
2019,4,Tue,3,52.47732,13.42411,evening,18,daylight,0,dry,0,5,3,1,1,0,0,0,0,3,slightly_injured
2019,4,Tue,3,52.51956,13.44789,morning,6,daylight,0,dry,0,5,3,0,0,0,1,0,1,3,slightly_injured
2019,4,Tue,3,52.47098,13.32848,evening,18,daylight,0,dry,0,2,6,0,1,0,0,0,0,3,slightly_injured
2019,4,Tue,3,52.50155,13.34373,morning,9,daylight,0,dry,0,5,2,1,1,0,0,0,0,3,slightly_injured
2019,4,Tue,3,52.5029,13.38791,morning,8,daylight,0,dry,0,2,6,0,1,0,0,0,0,3,slightly_injured
2019,4,Tue,3,52.53081,13.45582,night,3,dark,2,dry,0,5,2,0,1,0,1,0,0,2,seriously_injured
2019,4,Tue,3,52.59663,13.35492,morning,9,daylight,0,dry,0,0,2,0,1,0,0,0,1,3,slightly_injured
2019,4,Tue,3,52.49595,13.42207,evening,22,dark,2,dry,0,0,6,0,1,0,1,0,0,3,slightly_injured
2019,4,Tue,3,52.47522,13.42719,evening,21,dark,2,dry,0,5,2,1,1,0,0,0,0,3,slightly_injured
2019,4,Tue,3,52.47034,13.32149,afternoon,17,daylight,0,dry,0,1,5,1,1,0,0,0,0,3,slightly_injured
2019,4,Tue,3,52.453,13.50916,afternoon,16,daylight,0,dry,0,3,6,0,1,0,1,0,0,3,slightly_injured
2019,4,Tue,3,52.49805,13.33555,afternoon,16,daylight,0,dry,0,1,5,1,1,0,0,0,0,3,slightly_injured
2019,4,Tue,3,52.43946,13.4052,afternoon,15,daylight,0,dry,0,4,6,0,1,0,0,0,0,2,seriously_injured
2019,4,Tue,3,52.44647,13.35979,afternoon,14,daylight,0,dry,0,3,6,0,1,0,0,1,0,3,slightly_injured
2019,4,Tue,3,52.44671,13.5593,morning,11,daylight,0,dry,0,6,2,0,1,1,0,0,0,3,slightly_injured
2019,4,Tue,3,52.52534,13.17742,morning,11,daylight,0,dry,0,2,6,0,1,0,0,0,0,3,slightly_injured
2019,4,Tue,3,52.49397,13.44198,evening,23,dark,2,dry,0,0,1,0,0,0,1,0,0,3,slightly_injured
2019,4,Mon,2,52.48772,13.4259,afternoon,14,daylight,0,dry,0,1,5,1,0,0,0,0,1,3,slightly_injured
2019,4,Wed,4,52.52649,13.36908,afternoon,13,daylight,0,dry,0,6,4,0,1,1,0,0,0,2,seriously_injured
2019,4,Wed,4,52.51585,13.32347,morning,8,daylight,0,dry,0,2,6,0,1,0,0,0,0,3,slightly_injured
2019,4,Mon,2,52.52444,13.47974,afternoon,15,daylight,0,dry,0,6,7,0,0,1,0,0,1,3,slightly_injured
2019,4,Mon,2,52.50657,13.41789,morning,6,daylight,0,dry,0,5,3,1,1,0,0,0,0,3,slightly_injured
2019,4,Mon,2,52.48761,13.5606,night,5,dusk,1,dry,0,5,3,1,1,0,0,0,0,3,slightly_injured
2019,4,Mon,2,52.48956,13.39064,afternoon,17,daylight,0,dry,0,1,5,1,0,0,0,0,1,3,slightly_injured
2019,4,Mon,2,52.49926,13.33536,evening,18,daylight,0,dry,0,5,2,0,1,0,1,0,0,3,slightly_injured
2019,4,Mon,2,52.4962,13.39548,evening,19,daylight,0,dry,0,2,6,1,1,0,0,0,0,3,slightly_injured
2019,4,Mon,2,52.4692,13.49143,evening,19,daylight,0,dry,0,6,2,0,1,1,0,0,0,3,slightly_injured
2019,4,Mon,2,52.57429,13.38978,evening,18,daylight,0,dry,0,5,3,1,1,0,0,0,0,3,slightly_injured
2019,4,Mon,2,52.41941,13.4489,evening,18,daylight,0,dry,0,6,4,0,1,1,0,0,0,2,seriously_injured
2019,4,Mon,2,52.45271,13.45313,afternoon,16,daylight,0,dry,0,5,2,1,1,0,0,0,0,3,slightly_injured
2019,4,Mon,2,52.46856,13.4315,afternoon,16,daylight,0,dry,0,0,5,0,1,0,1,0,0,3,slightly_injured
2019,4,Wed,4,52.50109,13.44193,morning,9,daylight,0,dry,0,3,6,1,0,0,0,1,0,3,slightly_injured
2019,4,Mon,2,52.42876,13.4349,afternoon,14,daylight,0,dry,0,5,3,1,1,0,0,0,0,3,slightly_injured
2019,4,Mon,2,52.47358,13.32416,afternoon,16,daylight,0,dry,0,5,3,0,1,0,0,0,0,3,slightly_injured
2019,4,Mon,2,52.55578,13.22216,afternoon,15,daylight,0,dry,0,2,6,0,1,0,0,0,0,3,slightly_injured
2019,4,Mon,2,52.51434,13.40529,afternoon,15,daylight,0,dry,0,5,2,0,1,0,1,0,0,3,slightly_injured
2019,4,Mon,2,52.52574,13.54038,afternoon,15,daylight,0,dry,0,6,4,0,0,1,0,0,1,2,seriously_injured
2019,4,Mon,2,52.52859,13.20775,afternoon,14,daylight,0,dry,0,2,6,0,1,0,0,0,0,3,slightly_injured
2019,4,Mon,2,52.41092,13.65439,afternoon,13,daylight,0,dry,0,5,3,0,1,0,0,0,0,3,slightly_injured
2019,4,Mon,2,52.43943,13.40557,afternoon,12,daylight,0,dry,0,3,6,0,1,0,0,0,0,3,slightly_injured
2019,4,Mon,2,52.44272,13.58247,morning,8,daylight,0,dry,0,5,2,1,1,0,0,0,0,3,slightly_injured
2019,4,Mon,2,52.50449,13.39018,morning,9,daylight,0,dry,0,5,3,1,1,0,0,0,0,3,slightly_injured
2019,4,Mon,2,52.41852,13.50614,morning,9,daylight,0,dry,0,2,6,0,1,0,0,0,0,3,slightly_injured
2019,4,Mon,2,52.44874,13.57446,morning,11,daylight,0,dry,0,5,3,1,1,0,0,0,0,3,slightly_injured
2019,4,Mon,2,52.44023,13.45874,morning,10,daylight,0,dry,0,5,3,1,1,0,0,0,0,3,slightly_injured
2019,4,Mon,2,52.48211,13.37736,morning,10,daylight,0,dry,0,5,2,1,1,0,0,0,0,3,slightly_injured
2019,4,Mon,2,52.48973,13.39392,morning,11,daylight,0,dry,0,1,5,0,1,0,1,0,0,3,slightly_injured
2019,4,Mon,2,52.49402,13.43514,morning,11,daylight,0,dry,0,0,3,0,1,0,0,0,1,3,slightly_injured
2019,4,Mon,2,52.42376,13.52614,afternoon,12,daylight,0,dry,0,2,6,0,1,0,0,0,0,3,slightly_injured
2019,4,Mon,2,52.53259,13.39878,afternoon,12,daylight,0,dry,0,0,1,1,0,0,0,0,0,3,slightly_injured
2019,4,Sun,1,52.4959,13.36113,afternoon,12,daylight,0,dry,1,2,7,0,1,0,0,0,0,3,slightly_injured
2019,4,Sun,1,52.42729,13.27173,morning,11,daylight,0,dry,1,5,3,0,1,0,0,0,0,3,slightly_injured
2019,4,Sun,1,52.48276,13.27552,morning,11,daylight,0,dry,1,5,3,0,1,0,0,0,0,3,slightly_injured
2019,4,Sun,1,52.60983,13.47397,morning,11,daylight,0,dry,1,5,3,0,1,0,0,0,0,3,slightly_injured
2019,4,Sun,1,52.49595,13.45429,morning,9,daylight,0,dry,1,5,3,0,1,0,0,0,0,3,slightly_injured
2019,4,Sun,1,52.54556,13.59185,night,5,dusk,1,dry,1,1,5,0,1,0,0,0,1,3,slightly_injured
2019,4,Sun,1,52.43699,13.59662,afternoon,16,daylight,0,dry,0,5,2,0,1,0,0,0,0,2,seriously_injured
2019,4,Sun,1,52.5055,13.30292,afternoon,16,daylight,0,dry,0,5,2,0,1,0,1,0,0,2,seriously_injured
2019,4,Sun,1,52.56209,13.1991,evening,20,dark,2,dry,0,1,5,1,1,0,0,0,0,3,slightly_injured
2019,4,Sun,1,52.4338,13.22953,evening,22,dark,2,dry,0,5,3,0,1,0,1,0,0,3,slightly_injured
2019,4,Sat,7,52.43135,13.30984,morning,10,daylight,0,dry,0,3,6,0,1,0,0,0,0,3,slightly_injured
2019,4,Sat,7,52.48702,13.42785,afternoon,15,daylight,0,dry,0,3,6,0,1,0,0,0,0,3,slightly_injured
2019,4,Sat,7,52.50129,13.33735,evening,18,daylight,0,dry,0,1,5,1,1,0,0,0,0,3,slightly_injured
2019,4,Sat,7,52.52495,13.34636,evening,22,dark,2,dry,0,5,2,1,1,0,0,0,0,2,seriously_injured
2019,4,Sat,7,52.52688,13.40793,evening,19,daylight,0,dry,0,5,2,1,1,0,0,0,0,3,slightly_injured
2019,4,Sat,7,52.54291,13.42663,evening,18,daylight,0,dry,0,5,3,0,1,0,0,0,0,3,slightly_injured
2019,4,Sat,7,52.46405,13.43344,evening,18,daylight,0,dry,0,5,3,0,1,0,0,0,0,3,slightly_injured
2019,4,Sat,7,52.47552,13.34004,afternoon,16,daylight,0,dry,0,6,4,0,1,1,0,0,0,3,slightly_injured
2019,4,Sat,7,52.45119,13.33664,afternoon,14,daylight,0,dry,0,1,5,1,1,0,0,0,0,3,slightly_injured
2019,4,Sat,7,52.5353,13.51461,afternoon,13,daylight,0,dry,0,2,6,0,1,0,0,0,0,3,slightly_injured
2019,4,Sat,7,52.5021,13.33823,afternoon,12,daylight,0,dry,0,6,4,0,1,1,0,0,0,2,seriously_injured
2019,4,Sat,7,52.53884,13.60422,afternoon,12,daylight,0,dry,0,2,4,0,1,1,0,0,0,3,slightly_injured
2019,4,Sat,7,52.6348,13.49641,morning,11,daylight,0,dry,0,5,3,1,1,0,0,0,0,3,slightly_injured
2019,4,Sat,7,52.52661,13.37028,morning,10,daylight,0,dry,0,6,4,0,1,1,0,0,0,2,seriously_injured
2019,4,Sat,7,52.52861,13.36367,night,0,dark,2,dry,0,4,6,0,1,0,0,0,0,3,slightly_injured
2019,4,Fri,6,52.47642,13.32639,morning,10,daylight,0,dry,0,6,4,0,1,1,0,0,0,3,slightly_injured
2019,4,Fri,6,52.45286,13.37763,afternoon,14,daylight,0,dry,0,5,5,0,1,0,0,0,0,3,slightly_injured
2019,4,Fri,6,52.53961,13.29535,afternoon,14,daylight,0,dry,0,5,2,0,1,0,1,0,0,3,slightly_injured
2019,4,Wed,4,52.53871,13.20067,morning,11,daylight,0,dry,0,0,2,0,1,0,0,0,1,3,slightly_injured
2019,4,Fri,6,52.58204,13.30556,afternoon,14,daylight,0,dry,0,5,3,0,1,0,1,0,0,2,seriously_injured
2019,4,Fri,6,52.56211,13.33153,afternoon,13,daylight,0,dry,0,1,5,0,1,0,0,0,1,3,slightly_injured
2019,4,Fri,6,52.43932,13.43523,morning,11,daylight,0,dry,0,5,3,1,1,0,0,0,0,3,slightly_injured
2019,4,Fri,6,52.55501,13.38383,morning,11,daylight,0,dry,0,5,3,1,1,0,0,0,0,3,slightly_injured
2019,4,Fri,6,52.51462,13.47789,morning,10,daylight,0,dry,0,5,2,1,1,0,0,0,0,3,slightly_injured
2019,4,Fri,6,52.50738,13.27715,morning,9,daylight,0,dry,0,3,6,0,1,0,0,0,1,3,slightly_injured
2019,4,Fri,6,52.56018,13.42212,morning,8,daylight,0,dry,0,1,5,1,1,0,0,0,0,3,slightly_injured
2019,4,Fri,6,52.51544,13.38615,morning,8,daylight,0,dry,0,3,6,1,0,0,0,1,0,3,slightly_injured
2019,4,Fri,6,52.50039,13.36049,afternoon,12,daylight,0,dry,0,2,1,0,1,0,1,0,0,3,slightly_injured
2019,4,Fri,6,52.41265,13.49494,morning,7,daylight,0,dry,0,5,3,1,1,0,0,0,0,3,slightly_injured
2019,4,Fri,6,52.49246,13.3893,afternoon,13,daylight,0,dry,0,2,6,0,1,0,0,0,1,3,slightly_injured
2019,4,Fri,6,52.5956,13.33409,morning,10,daylight,0,dry,0,5,2,0,1,0,0,0,1,3,slightly_injured
2019,4,Fri,6,52.51558,13.38906,morning,8,daylight,0,dry,0,5,3,1,1,0,0,0,0,3,slightly_injured
2019,4,Fri,6,52.44269,13.58178,morning,8,daylight,0,dry,0,6,4,0,1,1,0,0,0,2,seriously_injured
2019,4,Fri,6,52.4177,13.54226,evening,23,dark,2,dry,0,1,5,0,1,0,0,0,0,3,slightly_injured
2019,4,Fri,6,52.42738,13.44828,evening,21,dark,2,dry,0,5,3,0,1,0,0,0,0,3,slightly_injured
2019,4,Fri,6,52.49006,13.41924,evening,19,dusk,1,dry,0,5,7,0,1,0,0,0,0,3,slightly_injured
2019,4,Fri,6,52.53487,13.19896,afternoon,17,daylight,0,dry,0,6,4,0,1,1,0,0,0,2,seriously_injured
2019,4,Fri,6,52.5078,13.35191,afternoon,17,daylight,0,dry,0,0,1,0,1,0,0,0,0,3,slightly_injured
2019,4,Fri,6,52.42586,13.24483,afternoon,17,daylight,0,dry,0,5,3,1,1,0,0,0,0,3,slightly_injured
2019,4,Fri,6,52.56269,13.46117,morning,6,daylight,0,dry,0,5,3,0,1,0,0,0,0,3,slightly_injured
2019,4,Fri,6,52.45492,13.14486,night,3,dark,2,dry,0,8,1,0,1,0,0,0,1,2,seriously_injured
2019,4,Thu,5,52.4716,13.47856,morning,9,daylight,0,dry,0,5,3,1,1,0,0,0,0,3,slightly_injured
2019,4,Thu,5,52.49678,13.30519,morning,9,daylight,0,dry,0,6,2,0,1,1,0,0,0,3,slightly_injured
2019,4,Thu,5,52.54109,13.35766,evening,19,dusk,1,dry,0,6,4,0,1,1,0,0,0,2,seriously_injured
2019,4,Thu,5,52.52432,13.27928,afternoon,14,daylight,0,dry,0,2,6,0,1,0,0,1,0,3,slightly_injured
2019,4,Thu,5,52.50035,13.43767,evening,19,daylight,0,dry,0,5,2,1,1,0,0,0,0,3,slightly_injured
2019,4,Thu,5,52.44217,13.26513,afternoon,14,daylight,0,dry,0,5,2,1,0,0,1,0,0,3,slightly_injured
2019,4,Thu,5,52.41747,13.33422,afternoon,14,daylight,0,dry,0,5,3,1,1,0,0,0,0,3,slightly_injured
2019,4,Thu,5,52.52396,13.33099,afternoon,17,dusk,1,dry,0,0,1,1,0,0,0,0,0,3,slightly_injured
2019,4,Thu,5,52.51282,13.41146,afternoon,13,daylight,0,dry,0,5,3,1,1,0,0,0,0,3,slightly_injured
2019,4,Thu,5,52.44901,13.33887,afternoon,17,daylight,0,dry,0,5,3,0,1,0,1,0,1,3,slightly_injured
2019,4,Thu,5,52.57793,13.31542,afternoon,12,daylight,0,dry,0,5,2,0,1,0,0,0,1,3,slightly_injured
2019,4,Thu,5,52.44095,13.58659,afternoon,12,daylight,0,dry,0,5,2,1,1,0,0,0,0,3,slightly_injured
2019,4,Thu,5,52.53553,13.51796,morning,11,daylight,0,dry,0,2,6,0,1,0,0,0,0,3,slightly_injured
2019,4,Thu,5,52.55604,13.38418,morning,10,daylight,0,dry,0,5,2,1,1,0,0,0,0,3,slightly_injured
2019,4,Thu,5,52.45872,13.37611,afternoon,17,daylight,0,dry,0,0,2,0,1,0,0,0,1,3,slightly_injured
2019,4,Thu,5,52.53669,13.3836,morning,10,daylight,0,dry,0,6,4,0,1,1,0,0,0,3,slightly_injured
2019,4,Thu,5,52.58279,13.28888,morning,9,daylight,0,dry,0,6,4,0,1,1,0,0,0,3,slightly_injured
2019,4,Thu,5,52.52896,13.40167,morning,9,daylight,0,dry,0,3,6,1,1,0,0,0,0,3,slightly_injured
2019,4,Thu,5,52.42809,13.35071,morning,8,daylight,0,dry,0,5,2,1,1,0,0,0,0,3,slightly_injured
2019,4,Thu,5,52.54392,13.43158,morning,8,daylight,0,dry,0,2,6,0,1,0,0,0,1,3,slightly_injured
2019,4,Thu,5,52.52441,13.3575,morning,7,daylight,0,dry,0,5,3,1,1,0,0,0,0,3,slightly_injured
2019,4,Thu,5,52.48229,13.29002,morning,7,daylight,0,dry,0,5,3,0,0,0,1,1,0,3,slightly_injured
2019,4,Thu,5,52.52963,13.40133,morning,7,daylight,0,dry,1,0,1,0,0,0,1,0,0,2,seriously_injured
2019,4,Wed,4,52.4661,13.38544,evening,20,dark,2,dry,0,5,2,1,1,0,0,0,0,3,slightly_injured
2019,4,Wed,4,52.5108,13.37734,morning,9,daylight,0,dry,0,1,5,1,1,0,0,0,0,2,seriously_injured
2019,4,Thu,5,52.43899,13.41061,morning,9,daylight,0,dry,0,0,1,0,0,0,1,0,0,3,slightly_injured
2019,4,Thu,5,52.52183,13.41648,afternoon,16,daylight,0,dry,0,6,4,0,1,1,0,0,0,2,seriously_injured
2019,4,Thu,5,52.39598,13.39791,afternoon,16,daylight,0,dry,0,2,6,0,1,0,0,0,0,3,slightly_injured
2019,4,Thu,5,52.54536,13.46817,afternoon,15,daylight,0,dry,0,5,2,0,1,0,0,0,1,3,slightly_injured
2019,4,Thu,5,52.48947,13.37671,evening,18,daylight,0,dry,0,5,3,0,1,0,0,0,1,3,slightly_injured
2019,4,Wed,4,52.47287,13.50967,afternoon,16,daylight,0,dry,0,5,2,1,1,0,0,0,0,3,slightly_injured
2019,4,Wed,4,52.61508,13.24406,afternoon,16,daylight,0,dry,0,5,2,1,1,0,0,0,0,3,slightly_injured
2019,4,Wed,4,52.45552,13.61858,afternoon,17,daylight,0,dry,0,5,3,1,1,0,0,0,0,3,slightly_injured
2019,4,Wed,4,52.39265,13.4236,evening,18,dusk,1,dry,0,5,2,1,1,0,0,0,0,3,slightly_injured
2019,4,Wed,4,52.43649,13.5029,afternoon,13,daylight,0,dry,0,1,5,0,1,0,0,0,0,3,slightly_injured
2019,4,Wed,4,52.51271,13.47621,afternoon,13,daylight,0,dry,0,6,4,0,1,1,0,0,0,3,slightly_injured
2019,4,Wed,4,52.52887,13.30663,afternoon,12,daylight,0,dry,0,5,2,1,0,0,0,0,1,3,slightly_injured
2019,4,Wed,4,52.52605,13.44621,afternoon,12,daylight,0,dry,0,2,6,0,1,0,0,0,0,3,slightly_injured
2019,4,Wed,4,52.44717,13.34273,morning,11,daylight,0,dry,0,6,4,0,0,1,0,0,1,3,slightly_injured
2019,4,Wed,4,52.53887,13.41005,evening,20,dark,2,dry,0,0,6,1,1,0,0,0,0,3,slightly_injured
2019,4,Wed,4,52.46673,13.43444,morning,9,daylight,0,dry,0,2,7,0,0,0,1,0,1,3,slightly_injured
2019,4,Tue,3,52.45949,13.57826,morning,9,daylight,0,dry,0,6,7,0,1,1,0,0,0,3,slightly_injured
2019,4,Tue,3,52.54636,13.4382,morning,9,daylight,0,dry,0,6,2,0,1,1,0,0,0,3,slightly_injured
2019,4,Tue,3,52.51182,13.32209,afternoon,14,daylight,0,dry,0,0,3,1,0,0,1,0,0,3,slightly_injured
2019,4,Tue,3,52.54141,13.3344,morning,9,daylight,0,dry,0,2,6,0,1,0,0,0,1,3,slightly_injured
2019,4,Tue,3,52.53753,13.22627,morning,6,daylight,0,dry,0,5,2,1,0,0,0,0,1,2,seriously_injured
2019,4,Mon,2,52.47989,13.32615,afternoon,14,daylight,0,dry,0,6,4,1,0,1,0,0,0,3,slightly_injured
2019,4,Tue,3,52.5114,13.37359,morning,8,daylight,0,dry,0,5,3,1,1,0,0,0,0,2,seriously_injured
2019,4,Tue,3,52.46032,13.30393,morning,8,daylight,0,dry,0,5,3,1,1,0,0,0,0,3,slightly_injured
2019,4,Tue,3,52.48746,13.31389,morning,8,daylight,0,dry,0,0,2,1,1,0,0,0,0,3,slightly_injured
2019,4,Tue,3,52.44388,13.29387,morning,8,daylight,0,dry,0,5,3,1,1,0,0,0,0,3,slightly_injured
2019,4,Tue,3,52.52259,13.37921,morning,8,daylight,0,dry,0,5,3,1,1,0,0,0,0,3,slightly_injured
2019,4,Tue,3,52.60832,13.42915,morning,7,daylight,0,dry,0,2,6,0,1,0,0,1,0,3,slightly_injured
2019,4,Tue,3,52.5216,13.49947,morning,7,daylight,0,dry,0,5,7,1,1,0,0,0,0,3,slightly_injured
2019,4,Tue,3,52.45559,13.37226,afternoon,16,daylight,0,dry,0,5,2,1,1,0,0,0,0,2,seriously_injured
2019,4,Tue,3,52.46315,13.50706,afternoon,16,daylight,0,dry,0,5,3,1,1,0,0,0,0,2,seriously_injured
2019,4,Tue,3,52.54959,13.38626,afternoon,17,daylight,0,dry,0,5,3,1,1,0,0,0,0,3,slightly_injured
2019,4,Tue,3,52.51421,13.5628,afternoon,17,daylight,0,dry,0,2,2,1,1,0,0,0,0,3,slightly_injured
2019,4,Tue,3,52.413,13.35836,afternoon,17,daylight,0,dry,0,2,6,0,1,0,0,0,0,3,slightly_injured
2019,4,Tue,3,52.51702,13.44061,evening,18,daylight,0,dry,0,5,2,1,0,0,0,0,1,2,seriously_injured
2019,4,Tue,3,52.52389,13.43954,evening,18,daylight,0,dry,0,5,2,1,0,0,0,0,1,3,slightly_injured
2019,4,Tue,3,52.43374,13.35584,evening,18,daylight,0,dry,0,5,2,0,1,0,1,0,0,3,slightly_injured
2019,4,Tue,3,52.52561,13.34087,evening,19,daylight,0,dry,0,6,4,0,1,1,0,0,0,3,slightly_injured
2019,4,Tue,3,52.54539,13.2082,morning,7,daylight,0,dry,0,2,6,0,1,0,0,0,0,3,slightly_injured
2019,4,Tue,3,52.59362,13.3214,morning,7,daylight,0,dry,0,5,3,1,1,0,0,0,0,3,slightly_injured
2019,4,Tue,3,52.48528,13.28425,evening,19,dusk,1,dry,0,5,3,1,1,0,0,0,0,2,seriously_injured
2019,4,Tue,3,52.47252,13.37925,evening,19,dusk,1,dry,0,5,3,0,1,0,1,0,0,3,slightly_injured
2019,4,Tue,3,52.49591,13.38974,evening,19,daylight,0,dry,0,5,2,1,1,0,0,0,0,3,slightly_injured
2019,4,Tue,3,52.49028,13.40029,afternoon,12,daylight,0,dry,0,0,1,0,0,0,1,0,0,3,slightly_injured
2019,4,Tue,3,52.53107,13.19686,afternoon,15,daylight,0,dry,0,2,6,0,1,0,0,0,0,3,slightly_injured
2019,4,Tue,3,52.52791,13.39773,afternoon,17,daylight,0,dry,0,2,6,1,0,0,0,0,0,3,slightly_injured
2019,4,Mon,2,52.44891,13.35491,afternoon,15,daylight,0,dry,0,3,2,0,1,0,0,0,0,3,slightly_injured
2019,4,Mon,2,52.41554,13.25125,morning,6,daylight,0,dry,1,0,2,1,1,0,0,0,0,3,slightly_injured
2019,4,Mon,2,52.53912,13.44487,evening,21,dark,2,dry,0,5,3,1,0,0,0,0,1,3,slightly_injured
2019,4,Mon,2,52.54758,13.57749,evening,20,dark,2,dry,0,6,4,0,1,1,0,0,0,2,seriously_injured
2019,4,Mon,2,52.51935,13.29327,morning,8,daylight,0,dry,1,2,6,0,1,0,0,0,0,3,slightly_injured
2019,4,Mon,2,52.49842,13.39987,evening,18,daylight,0,dry,0,6,4,0,1,1,0,0,0,2,seriously_injured
2019,4,Mon,2,52.36793,13.65586,evening,18,daylight,0,dry,0,5,3,1,1,0,0,0,0,2,seriously_injured
2019,4,Mon,2,52.58515,13.36325,afternoon,17,daylight,0,dry,0,5,7,1,1,0,0,0,0,3,slightly_injured
2019,4,Mon,2,52.50671,13.47817,afternoon,17,daylight,0,dry,0,5,2,1,1,0,0,0,0,3,slightly_injured
2019,4,Mon,2,52.45128,13.48858,afternoon,16,daylight,0,dry,0,0,4,0,0,1,0,0,1,3,slightly_injured
2019,4,Mon,2,52.54617,13.46055,afternoon,16,daylight,0,dry,0,1,5,1,1,0,0,0,0,3,slightly_injured
2019,4,Mon,2,52.53988,13.20221,afternoon,16,daylight,0,dry,0,3,6,0,1,0,0,1,0,3,slightly_injured
2019,4,Mon,2,52.50283,13.34991,morning,6,dusk,1,dry,1,2,6,0,1,0,0,0,0,3,slightly_injured
2019,4,Mon,2,52.46113,13.47262,morning,7,daylight,0,dry,1,5,3,0,1,0,0,0,0,3,slightly_injured
2019,4,Mon,2,52.47159,13.32091,morning,7,daylight,0,dry,1,0,7,0,1,0,1,0,0,3,slightly_injured
2019,4,Mon,2,52.55757,13.44357,morning,8,daylight,0,dry,1,6,4,0,1,1,0,0,0,3,slightly_injured
2019,4,Mon,2,52.53887,13.32597,morning,8,daylight,0,dry,1,5,2,1,1,0,0,0,0,3,slightly_injured
2019,4,Mon,2,52.48169,13.44014,morning,9,daylight,0,dry,1,4,6,0,1,0,0,0,0,3,slightly_injured
2019,4,Mon,2,52.50129,13.28151,morning,9,daylight,0,dry,1,2,6,0,1,0,0,0,0,3,slightly_injured
2019,4,Mon,2,52.5257,13.44508,morning,9,daylight,0,dry,1,6,4,0,1,1,0,0,0,3,slightly_injured
2019,4,Mon,2,52.42154,13.29773,morning,10,daylight,0,dry,1,2,6,0,1,0,0,0,1,3,slightly_injured
2019,4,Mon,2,52.56808,13.35339,morning,10,daylight,0,dry,1,2,1,0,1,0,0,0,0,3,slightly_injured
2019,4,Mon,2,52.57793,13.31542,morning,10,daylight,0,dry,1,5,2,0,1,0,0,0,0,2,seriously_injured
2019,4,Mon,2,52.52005,13.16279,morning,10,daylight,0,dry,1,6,2,0,1,1,0,0,0,3,slightly_injured
2019,4,Mon,2,52.52305,13.37643,morning,11,daylight,0,dry,0,2,7,1,1,0,0,0,0,3,slightly_injured
2019,4,Mon,2,52.49839,13.403,afternoon,13,daylight,0,dry,1,5,3,1,1,0,0,0,0,3,slightly_injured
2019,4,Mon,2,52.5387,13.60479,afternoon,13,daylight,0,dry,0,0,4,0,1,1,0,0,0,3,slightly_injured
2019,4,Mon,2,52.524,13.16772,afternoon,15,daylight,0,dry,0,5,3,1,1,0,0,0,0,2,seriously_injured
2019,4,Mon,2,52.56651,13.57754,afternoon,15,daylight,0,dry,0,6,7,0,1,1,0,0,0,2,seriously_injured
2019,4,Mon,2,52.51563,13.2494,afternoon,15,daylight,0,dry,0,2,2,1,0,0,0,0,1,3,slightly_injured
2019,4,Mon,2,52.42843,13.71857,afternoon,16,daylight,0,dry,0,5,7,0,1,0,0,0,0,3,slightly_injured
2019,4,Mon,2,52.50792,13.32607,afternoon,16,daylight,0,dry,0,1,5,1,1,0,0,0,0,3,slightly_injured
2019,4,Mon,2,52.55103,13.37929,morning,8,daylight,0,dry,1,1,5,1,0,0,0,1,0,3,slightly_injured
2019,4,Mon,2,52.44789,13.26877,morning,7,daylight,0,dry,1,0,3,0,1,0,1,0,0,3,slightly_injured
2019,4,Mon,2,52.56269,13.36453,morning,6,dusk,1,dry,1,2,2,0,1,0,1,0,0,3,slightly_injured
2019,4,Mon,2,52.50635,13.29495,morning,9,daylight,0,dry,1,8,1,1,0,0,0,0,0,2,seriously_injured
2019,4,Mon,2,52.5254,13.44196,morning,8,daylight,0,dry,1,0,1,0,0,0,1,0,0,3,slightly_injured
2019,4,Mon,2,52.49935,13.33537,morning,6,daylight,0,dry,1,0,1,0,0,0,1,0,0,3,slightly_injured
2019,4,Sun,1,52.53274,13.39947,afternoon,17,daylight,0,dry,0,0,1,1,0,0,0,0,0,3,slightly_injured
2019,4,Sun,1,52.54691,13.36011,evening,21,dark,2,dry,0,0,7,0,0,0,0,1,1,3,slightly_injured
2019,4,Sun,1,52.52528,13.34293,evening,23,dark,2,dry,0,5,2,1,1,0,0,0,0,3,slightly_injured
2019,4,Sun,1,52.49821,13.50226,evening,18,daylight,0,dry,0,1,5,1,1,0,0,0,0,3,slightly_injured
2019,4,Sun,1,52.55728,13.52775,afternoon,17,daylight,0,dry,0,4,6,0,1,0,0,0,0,3,slightly_injured
2019,4,Sun,1,52.49179,13.41308,afternoon,16,daylight,0,dry,0,5,3,0,1,0,0,0,0,3,slightly_injured
2019,4,Sun,1,52.46843,13.46102,afternoon,14,daylight,0,dry,0,0,6,0,1,0,1,0,0,3,slightly_injured
2019,4,Sun,1,52.54911,13.50152,afternoon,13,daylight,0,dry,0,5,2,1,0,0,0,0,1,3,slightly_injured
2019,4,Sun,1,52.49594,13.42013,morning,8,daylight,0,dry,1,1,5,1,1,0,0,0,0,3,slightly_injured
2019,4,Sun,1,52.50177,13.40918,morning,11,daylight,0,dry,0,5,2,0,1,0,0,0,0,3,slightly_injured