ujahr,umonat,weekday,uwochentag,long,lat,time_of_day,ustunde,light_condition,ulichtverh,street_condition,ustrzustand,uart,utyp1,ist_rad,ist_pkw,ist_fuss,ist_krad,ist_gkfz,ist_sonstige,ukategorie,accident_outcome
2019,4,Sun,1,52.52044,13.48024,afternoon,13,daylight,0,dry,0,0,1,0,0,0,1,0,0,3,slightly_injured
2019,4,Sat,7,52.49587,13.43643,afternoon,17,daylight,0,dry,0,5,7,1,1,0,0,0,0,3,slightly_injured
2019,4,Sat,7,52.4812,13.43789,night,0,dark,2,dry,1,6,2,0,1,1,0,0,0,3,slightly_injured
2019,4,Sat,7,52.43924,13.38755,evening,21,dark,2,dry,0,2,6,0,1,0,0,0,0,3,slightly_injured
2019,4,Sat,7,52.41375,13.25155,afternoon,15,daylight,0,dry,0,0,7,1,0,0,0,0,0,3,slightly_injured
2019,4,Sat,7,52.52867,13.40957,night,0,dark,2,dry,1,5,3,1,1,0,0,0,0,3,slightly_injured
2019,4,Sat,7,52.50103,13.31623,afternoon,16,daylight,0,dry,0,3,6,1,1,0,0,0,0,3,slightly_injured
2019,4,Sat,7,52.53944,13.35138,afternoon,15,daylight,0,dry,0,5,3,1,0,0,0,0,0,3,slightly_injured
2019,4,Sat,7,52.5129,13.30502,afternoon,14,daylight,0,dry,0,5,2,1,1,0,0,0,0,3,slightly_injured
2019,4,Sat,7,52.44431,13.57488,afternoon,14,daylight,0,dry,0,4,6,1,0,0,0,0,0,3,slightly_injured
2019,4,Sat,7,52.54305,13.24039,afternoon,13,daylight,0,dry,0,2,6,0,1,0,0,0,0,3,slightly_injured
2019,4,Sat,7,52.5539,13.4143,afternoon,13,daylight,0,dry,0,5,2,1,0,0,0,0,1,3,slightly_injured
2019,4,Sat,7,52.48458,13.38796,afternoon,13,daylight,0,dry,0,5,2,1,0,0,1,0,0,3,slightly_injured
2019,4,Sat,7,52.5533,13.34712,afternoon,12,daylight,0,dry,0,6,4,0,0,1,0,1,0,3,slightly_injured
2019,4,Sat,7,52.48784,13.42897,morning,11,daylight,0,dry,0,0,2,1,1,0,0,0,0,3,slightly_injured
2019,4,Sat,7,52.51571,13.4985,morning,10,daylight,0,dry,0,6,2,0,1,1,0,0,0,3,slightly_injured
2019,4,Sat,7,52.63013,13.27958,morning,8,daylight,0,dry,0,3,6,1,0,0,0,0,0,2,seriously_injured
2019,4,Sat,7,52.55141,13.46583,night,3,dark,2,dry,1,0,1,0,1,0,0,0,0,3,slightly_injured
2019,4,Sat,7,52.5265,13.48531,evening,23,dark,2,dry,0,0,1,1,0,0,0,0,0,3,slightly_injured
2019,4,Fri,6,52.54768,13.41318,morning,9,daylight,0,dry,0,5,2,1,1,0,0,0,0,3,slightly_injured
2019,4,Fri,6,52.46566,13.48696,afternoon,17,daylight,0,dry,0,5,3,1,1,0,0,0,0,3,slightly_injured
2019,4,Fri,6,52.53173,13.38958,evening,23,dark,2,dry,0,5,2,1,0,0,1,0,0,3,slightly_injured
2019,4,Fri,6,52.50326,13.42068,evening,20,dusk,1,dry,0,5,2,1,1,0,0,0,0,3,slightly_injured
2019,4,Fri,6,52.57429,13.38978,evening,20,daylight,0,dry,0,5,3,1,1,0,0,0,0,3,slightly_injured
2019,4,Fri,6,52.44396,13.43379,evening,19,dusk,1,dry,0,2,6,0,1,0,0,0,0,3,slightly_injured
2019,4,Fri,6,52.58619,13.42254,evening,18,daylight,0,dry,0,5,3,1,1,0,0,0,0,3,slightly_injured
2019,4,Fri,6,52.45942,13.30412,evening,18,daylight,0,dry,0,5,5,1,1,0,0,0,0,3,slightly_injured
2019,4,Fri,6,52.60642,13.3178,evening,22,dark,2,dry,0,1,5,0,1,0,0,0,0,3,slightly_injured
2019,4,Fri,6,52.45254,13.45225,evening,20,daylight,0,dry,0,5,2,0,1,0,0,0,0,2,seriously_injured
2019,4,Fri,6,52.49715,13.30819,morning,9,daylight,0,dry,0,5,3,1,1,0,0,0,0,3,slightly_injured
2019,4,Fri,6,52.45404,13.37836,morning,8,daylight,0,dry,0,0,7,0,1,0,0,0,1,3,slightly_injured
2019,4,Fri,6,52.53457,13.43054,morning,7,daylight,0,dry,0,1,5,1,0,0,0,0,1,3,slightly_injured
2019,4,Fri,6,52.50457,13.37452,morning,7,daylight,0,dry,0,1,5,1,1,0,0,0,0,3,slightly_injured
2019,4,Fri,6,52.49219,13.36666,morning,9,daylight,0,dry,0,1,5,1,1,0,0,0,0,3,slightly_injured
2019,4,Fri,6,52.54157,13.33538,morning,10,daylight,0,dry,0,3,6,0,1,0,0,1,0,3,slightly_injured
2019,4,Fri,6,52.51071,13.29159,afternoon,12,daylight,0,dry,0,5,3,1,0,0,1,0,0,3,slightly_injured
2019,4,Fri,6,52.51066,13.47435,afternoon,12,daylight,0,dry,0,5,2,1,1,0,0,0,0,3,slightly_injured
2019,4,Fri,6,52.51222,13.39164,afternoon,14,daylight,0,dry,0,5,3,0,1,0,0,1,0,3,slightly_injured
2019,4,Fri,6,52.55429,13.2258,afternoon,14,daylight,0,dry,0,2,6,0,1,0,0,0,0,3,slightly_injured
2019,4,Fri,6,52.51002,13.27117,afternoon,14,daylight,0,dry,0,3,6,1,1,0,0,0,0,3,slightly_injured
2019,4,Fri,6,52.50994,13.30569,afternoon,14,daylight,0,dry,0,3,6,1,1,0,0,0,0,3,slightly_injured
2019,4,Fri,6,52.53531,13.51686,afternoon,15,daylight,0,dry,0,2,6,0,1,0,0,0,0,3,slightly_injured
2019,4,Fri,6,52.52653,13.3385,afternoon,17,daylight,0,dry,0,1,5,1,1,0,0,0,0,3,slightly_injured
2019,4,Fri,6,52.40639,13.55846,afternoon,16,daylight,0,dry,0,2,6,0,1,0,0,0,1,3,slightly_injured
2019,4,Fri,6,52.54278,13.42332,afternoon,16,daylight,0,dry,0,6,4,0,1,1,0,0,0,3,slightly_injured
2019,4,Fri,6,52.43094,13.27875,afternoon,16,daylight,0,dry,0,5,3,1,1,0,0,0,0,3,slightly_injured
2019,4,Fri,6,52.49199,13.42979,afternoon,16,daylight,0,dry,0,2,6,0,1,0,0,0,0,3,slightly_injured
2019,4,Fri,6,52.44162,13.31599,afternoon,17,daylight,0,dry,0,2,6,0,1,0,1,0,0,3,slightly_injured
2019,4,Fri,6,52.48659,13.42894,afternoon,17,daylight,0,dry,0,5,2,0,1,0,0,0,0,3,slightly_injured
2019,4,Fri,6,52.47463,13.33751,afternoon,13,daylight,0,dry,0,1,5,0,1,0,0,0,0,3,slightly_injured
2019,4,Thu,5,52.48394,13.61743,morning,11,daylight,0,dry,0,5,3,1,1,0,0,0,0,3,slightly_injured
2019,4,Thu,5,52.53655,13.60475,evening,20,dusk,1,dry,0,0,2,0,1,0,0,0,1,3,slightly_injured
2019,4,Thu,5,52.4928,13.36932,afternoon,12,daylight,0,dry,0,5,3,1,1,0,0,0,0,3,slightly_injured
2019,4,Thu,5,52.51065,13.27008,afternoon,16,daylight,0,dry,0,6,2,0,1,1,0,0,0,3,slightly_injured
2019,4,Thu,5,52.50478,13.2796,evening,18,daylight,0,dry,0,3,6,0,1,0,0,1,0,3,slightly_injured
2019,4,Thu,5,52.4567,13.35937,evening,18,daylight,0,dry,0,2,2,0,1,0,0,0,0,3,slightly_injured
2019,4,Thu,5,52.42386,13.43644,afternoon,17,daylight,0,dry,0,2,6,0,1,0,1,0,0,3,slightly_injured
2019,4,Thu,5,52.49587,13.36134,morning,7,daylight,0,dry,0,6,4,0,1,1,0,0,0,3,slightly_injured
2019,4,Thu,5,52.45294,13.39589,morning,6,daylight,0,dry,0,3,6,0,1,0,0,0,0,3,slightly_injured
2019,4,Thu,5,52.53834,13.41443,afternoon,17,daylight,0,dry,0,1,5,1,1,0,0,0,0,3,slightly_injured
2019,4,Thu,5,52.45063,13.36872,afternoon,16,daylight,0,dry,0,0,3,0,1,0,1,0,0,3,slightly_injured
2019,4,Thu,5,52.51056,13.20868,afternoon,16,daylight,0,dry,0,0,3,0,1,0,0,0,1,3,slightly_injured
2019,4,Thu,5,52.51204,13.44322,afternoon,16,daylight,0,dry,0,5,1,0,1,0,1,0,0,3,slightly_injured
2019,4,Thu,5,52.45572,13.55827,afternoon,16,daylight,0,dry,0,5,3,1,1,0,0,0,0,2,seriously_injured
2019,4,Thu,5,52.49564,13.28427,afternoon,16,daylight,0,dry,0,0,4,1,0,1,0,0,0,3,slightly_injured
2019,4,Thu,5,52.59223,13.43743,afternoon,15,daylight,0,dry,0,5,3,1,1,0,0,0,0,2,seriously_injured
2019,4,Thu,5,52.49613,13.33065,afternoon,16,daylight,0,dry,0,2,6,0,1,0,0,0,0,3,slightly_injured
2019,4,Thu,5,52.44396,13.24151,afternoon,15,daylight,0,dry,0,5,2,1,1,0,0,0,0,3,slightly_injured
2019,4,Thu,5,52.44459,13.57,afternoon,15,daylight,0,dry,0,3,6,0,1,0,1,0,0,3,slightly_injured
2019,4,Thu,5,52.52719,13.45023,night,5,daylight,0,dry,0,2,6,1,1,0,0,0,0,2,seriously_injured
2019,4,Thu,5,52.52397,13.41182,afternoon,15,daylight,0,dry,0,2,2,1,1,0,0,0,0,3,slightly_injured
2019,4,Thu,5,52.50357,13.47266,afternoon,13,daylight,0,dry,0,5,5,1,1,0,0,0,1,3,slightly_injured
2019,4,Thu,5,52.44129,13.58593,afternoon,12,daylight,0,dry,0,5,3,1,1,0,0,0,0,2,seriously_injured
2019,4,Thu,5,52.59337,13.45324,afternoon,12,daylight,0,dry,0,5,3,1,0,0,0,0,1,3,slightly_injured
2019,4,Thu,5,52.42868,13.58467,afternoon,12,daylight,0,dry,0,0,3,1,1,0,0,0,0,3,slightly_injured
2019,4,Thu,5,52.53965,13.14246,afternoon,12,daylight,0,dry,0,5,3,0,1,0,1,0,0,3,slightly_injured
2019,4,Thu,5,52.52713,13.45074,afternoon,12,daylight,0,dry,0,5,2,0,1,0,1,0,0,3,slightly_injured
2019,4,Thu,5,52.50015,13.34292,morning,11,daylight,0,dry,0,5,3,1,1,0,0,0,0,3,slightly_injured
2019,4,Thu,5,52.55314,13.44459,morning,10,daylight,0,dry,0,3,6,1,1,0,0,0,0,3,slightly_injured
2019,4,Thu,5,52.42308,13.52591,morning,9,daylight,0,dry,0,5,2,1,0,0,0,1,0,3,slightly_injured
2019,4,Thu,5,52.48887,13.44146,morning,9,daylight,0,dry,0,1,5,1,1,0,0,0,0,3,slightly_injured
2019,4,Thu,5,52.59556,13.33358,morning,9,daylight,0,dry,0,0,6,0,0,0,0,0,1,3,slightly_injured
2019,4,Thu,5,52.56225,13.45416,morning,9,daylight,0,dry,0,5,2,1,1,0,0,0,0,3,slightly_injured
2019,4,Thu,5,52.461,13.34877,morning,8,daylight,0,dry,0,5,3,1,1,0,0,0,0,3,slightly_injured
2019,4,Thu,5,52.5337,13.40308,morning,8,daylight,0,dry,0,5,3,1,1,0,0,0,0,3,slightly_injured
2019,4,Thu,5,52.49639,13.4349,afternoon,13,daylight,0,dry,0,1,7,0,1,0,0,0,0,3,slightly_injured
2019,4,Thu,5,52.54283,13.45198,afternoon,16,daylight,0,dry,0,5,7,1,1,0,0,0,0,3,slightly_injured
2019,4,Wed,4,52.54853,13.2284,evening,20,dark,2,dry,0,1,1,0,1,0,0,0,0,3,slightly_injured
2019,4,Wed,4,52.55001,13.17196,evening,20,dark,2,dry,0,5,3,0,1,0,1,0,0,2,seriously_injured
2019,4,Wed,4,52.43287,13.71114,afternoon,16,daylight,0,dry,0,0,3,1,1,0,0,0,0,3,slightly_injured
2019,4,Wed,4,52.50025,13.41462,evening,22,dark,2,dry,0,6,2,0,1,1,0,0,0,3,slightly_injured
2019,4,Wed,4,52.46969,13.55324,morning,11,daylight,0,dry,0,0,3,0,1,0,0,0,0,3,slightly_injured
2019,4,Wed,4,52.52571,13.36736,morning,11,daylight,0,dry,0,2,6,0,1,0,1,0,0,3,slightly_injured
2019,4,Wed,4,52.5609,13.33343,evening,20,dark,2,dry,0,5,3,0,1,0,0,0,1,3,slightly_injured
2019,4,Wed,4,52.49041,13.31453,night,5,dusk,1,dry,0,6,2,1,0,1,0,0,0,3,slightly_injured
2019,4,Wed,4,52.48974,13.38935,evening,20,dusk,1,dry,0,5,3,1,0,0,0,0,0,3,slightly_injured
2019,4,Wed,4,52.47819,13.3573,evening,22,dark,2,dry,0,3,6,0,1,0,0,0,0,3,slightly_injured
2019,4,Wed,4,52.50463,13.34337,evening,21,dark,2,dry,0,5,7,0,1,0,1,0,0,3,slightly_injured
2019,4,Wed,4,52.50114,13.31678,evening,20,dusk,1,dry,0,5,3,1,1,0,0,0,0,3,slightly_injured
2019,4,Wed,4,52.44635,13.28917,evening,18,daylight,0,dry,0,3,6,1,1,0,0,0,0,3,slightly_injured
2019,4,Wed,4,52.47291,13.35666,evening,18,daylight,0,dry,0,0,6,1,0,0,0,0,1,3,slightly_injured
2019,4,Wed,4,52.54122,13.20124,afternoon,17,daylight,0,dry,0,6,7,0,1,1,0,0,0,3,slightly_injured
2019,4,Wed,4,52.43089,13.27339,evening,20,dusk,1,dry,0,1,1,0,1,0,0,0,0,3,slightly_injured
2019,4,Wed,4,52.50209,13.36094,afternoon,13,daylight,0,dry,0,0,1,1,0,0,0,0,0,3,slightly_injured
2019,4,Wed,4,52.59429,13.43714,afternoon,17,daylight,0,dry,0,1,1,0,1,0,1,0,0,3,slightly_injured
2019,4,Wed,4,52.45841,13.40003,afternoon,17,daylight,0,dry,0,2,6,0,1,0,0,0,0,3,slightly_injured
2019,4,Wed,4,52.53867,13.60438,afternoon,12,daylight,0,dry,0,2,6,0,1,0,1,0,0,3,slightly_injured
2019,4,Wed,4,52.52106,13.43714,afternoon,12,daylight,0,dry,0,2,7,0,1,0,0,0,1,3,slightly_injured
2019,4,Wed,4,52.52656,13.4907,afternoon,16,daylight,0,dry,0,6,4,0,1,1,0,0,0,3,slightly_injured
2019,4,Wed,4,52.5306,13.40053,afternoon,13,daylight,0,dry,0,1,5,1,1,0,0,0,0,3,slightly_injured
2019,4,Wed,4,52.50268,13.44679,afternoon,13,daylight,0,dry,0,5,2,1,1,0,0,0,0,3,slightly_injured
2019,4,Wed,4,52.54285,13.19849,afternoon,13,daylight,0,dry,0,5,2,0,1,0,0,0,0,3,slightly_injured
2019,4,Wed,4,52.5337,13.40297,afternoon,15,daylight,0,dry,0,5,3,1,1,0,0,0,0,3,slightly_injured
2019,4,Wed,4,52.54211,13.3355,afternoon,15,daylight,0,dry,0,5,2,1,1,0,0,0,0,3,slightly_injured
2019,4,Wed,4,52.53827,13.39601,morning,10,daylight,0,dry,0,5,2,0,1,0,0,0,1,3,slightly_injured
2019,4,Wed,4,52.5023,13.4699,morning,10,daylight,0,dry,0,2,2,1,0,0,0,0,1,3,slightly_injured
2019,4,Wed,4,52.52261,13.3797,morning,10,daylight,0,dry,0,6,2,1,0,1,0,0,0,3,slightly_injured
2019,4,Wed,4,52.5382,13.19692,morning,9,daylight,0,dry,0,2,6,0,1,0,0,0,0,3,slightly_injured
2019,4,Wed,4,52.52964,13.558,morning,8,daylight,0,dry,0,5,2,1,1,0,0,0,0,3,slightly_injured
2019,4,Wed,4,52.5848,13.42,morning,6,daylight,0,dry,0,2,2,0,1,0,0,0,0,3,slightly_injured
2019,4,Wed,4,52.47979,13.42554,afternoon,17,daylight,0,dry,0,1,2,0,1,1,0,0,1,3,slightly_injured
2019,4,Tue,3,52.46509,13.3983,afternoon,14,daylight,0,dry,0,5,2,1,1,0,0,0,0,3,slightly_injured
2019,4,Tue,3,52.54316,13.43834,evening,21,dark,2,dry,0,6,4,1,1,1,0,0,0,3,slightly_injured
2019,4,Tue,3,52.58951,13.29259,evening,21,dark,2,dry,0,2,2,0,1,0,0,0,0,3,slightly_injured
2019,4,Tue,3,52.53759,13.39371,evening,21,dark,2,dry,0,0,7,0,0,0,1,0,0,3,slightly_injured
2019,4,Tue,3,52.57486,13.51805,morning,10,daylight,0,dry,0,5,2,0,1,0,1,0,0,3,slightly_injured
2019,4,Tue,3,52.54789,13.30231,morning,10,daylight,0,dry,0,5,3,1,1,0,0,0,0,3,slightly_injured
2019,4,Tue,3,52.42573,13.54518,evening,20,dark,2,dry,0,5,2,0,1,0,0,0,0,3,slightly_injured
2019,4,Tue,3,52.60466,13.32653,morning,10,daylight,0,dry,0,2,2,0,1,0,0,0,0,3,slightly_injured
2019,4,Tue,3,52.53503,13.1996,afternoon,12,daylight,0,dry,0,2,6,0,1,0,0,0,0,3,slightly_injured
2019,4,Tue,3,52.47396,13.30083,afternoon,17,daylight,0,dry,0,5,2,0,1,0,1,0,0,3,slightly_injured
2019,4,Tue,3,52.52882,13.15965,morning,10,daylight,0,dry,0,8,1,0,1,0,0,0,0,3,slightly_injured
2019,4,Tue,3,52.5108,13.37672,morning,9,daylight,0,dry,0,5,3,1,1,0,0,0,0,3,slightly_injured
2019,4,Tue,3,52.48467,13.35302,morning,9,daylight,0,dry,0,0,2,0,1,0,0,0,1,3,slightly_injured
2019,4,Tue,3,52.51344,13.33577,morning,9,daylight,0,dry,0,5,2,1,1,0,0,0,0,2,seriously_injured
2019,4,Tue,3,52.54783,13.42858,morning,8,daylight,0,dry,0,5,2,0,1,0,0,0,0,3,slightly_injured
2019,4,Tue,3,52.53684,13.4499,morning,9,daylight,0,dry,0,2,6,0,0,0,1,0,1,3,slightly_injured
2019,4,Tue,3,52.49863,13.33443,morning,9,daylight,0,dry,0,3,6,0,1,0,0,0,0,3,slightly_injured
2019,4,Tue,3,52.56146,13.45609,morning,8,daylight,0,dry,0,5,3,0,1,0,0,0,0,3,slightly_injured
2019,4,Tue,3,52.54952,13.13152,morning,8,daylight,0,dry,0,5,2,0,1,0,1,0,0,2,seriously_injured
2019,4,Tue,3,52.53262,13.2091,morning,8,daylight,0,dry,0,5,7,0,1,0,1,0,0,3,slightly_injured
2019,4,Tue,3,52.53804,13.37329,morning,8,daylight,0,dry,0,5,3,1,1,0,0,0,0,2,seriously_injured
2019,4,Tue,3,52.53281,13.19858,morning,7,daylight,0,dry,0,5,2,1,0,0,0,0,1,3,slightly_injured
2019,4,Tue,3,52.48028,13.50274,morning,6,daylight,0,dry,0,5,3,1,1,0,0,0,0,3,slightly_injured
2019,4,Tue,3,52.49277,13.38105,morning,11,daylight,0,dry,0,2,6,0,1,0,1,0,0,2,seriously_injured
2019,4,Tue,3,52.4792,13.30938,morning,11,daylight,0,dry,0,5,2,1,1,0,0,0,0,3,slightly_injured
2019,4,Tue,3,52.52476,13.34786,morning,11,daylight,0,dry,0,5,2,0,1,0,0,0,0,3,slightly_injured
2019,4,Tue,3,52.53938,13.15467,afternoon,12,daylight,0,dry,0,2,7,1,1,0,0,0,0,3,slightly_injured
2019,4,Tue,3,52.45232,13.43311,afternoon,12,daylight,0,dry,0,0,7,0,1,0,0,0,0,3,slightly_injured
2019,4,Tue,3,52.56796,13.31021,afternoon,12,daylight,0,dry,0,2,6,0,1,0,0,0,0,3,slightly_injured
2019,4,Tue,3,52.46648,13.5547,afternoon,13,daylight,0,dry,0,2,6,0,1,0,0,0,0,3,slightly_injured
2019,4,Tue,3,52.48986,13.3212,afternoon,14,daylight,0,dry,0,0,7,0,1,0,0,0,1,3,slightly_injured
2019,4,Tue,3,52.44586,13.40122,afternoon,13,daylight,0,dry,0,2,6,0,1,0,0,0,1,3,slightly_injured
2019,4,Tue,3,52.51694,13.30649,afternoon,14,daylight,0,dry,0,1,5,1,1,0,0,0,0,3,slightly_injured
2019,4,Tue,3,52.47438,13.45506,afternoon,14,daylight,0,dry,0,0,6,0,1,0,1,0,0,3,slightly_injured
2019,4,Tue,3,52.45809,13.13833,afternoon,15,daylight,0,dry,0,2,6,0,1,0,0,0,0,3,slightly_injured
2019,4,Tue,3,52.49834,13.31794,afternoon,15,daylight,0,dry,0,6,4,0,1,1,0,0,0,3,slightly_injured
2019,4,Tue,3,52.45694,13.62547,afternoon,16,daylight,0,dry,0,5,2,1,1,0,0,0,0,2,seriously_injured
2019,4,Tue,3,52.52744,13.40348,afternoon,16,daylight,0,dry,0,5,3,1,1,0,0,0,0,3,slightly_injured
2019,4,Tue,3,52.51879,13.33987,afternoon,16,daylight,0,dry,0,5,2,0,1,0,1,0,0,3,slightly_injured
2019,4,Mon,2,52.5421,13.33647,afternoon,15,daylight,0,dry,0,2,2,0,1,0,0,0,0,3,slightly_injured
2019,4,Mon,2,52.42549,13.48224,afternoon,14,daylight,0,dry,0,5,2,1,1,0,0,0,0,3,slightly_injured
2019,4,Mon,2,52.50564,13.40081,afternoon,15,daylight,0,dry,0,2,6,0,1,0,0,0,0,3,slightly_injured
2019,4,Mon,2,52.54986,13.36459,evening,22,dark,2,dry,0,1,5,0,1,0,1,0,0,3,slightly_injured
2019,4,Mon,2,52.50353,13.27929,evening,19,dark,2,dry,0,5,7,0,1,0,0,0,0,3,slightly_injured
2019,4,Mon,2,52.53728,13.37458,night,0,dark,2,dry,0,2,6,0,1,0,0,0,0,3,slightly_injured
2019,4,Mon,2,52.50474,13.50176,evening,23,dark,2,dry,0,5,3,0,1,0,0,0,0,3,slightly_injured
2019,4,Mon,2,52.58186,13.27495,evening,18,daylight,0,dry,0,6,4,0,1,1,0,0,0,3,slightly_injured
2019,4,Mon,2,52.54706,13.56232,evening,18,daylight,0,dry,0,5,2,0,1,0,0,0,0,3,slightly_injured
2019,4,Mon,2,52.42369,13.63034,evening,18,daylight,0,dry,0,0,1,0,0,0,1,0,0,2,seriously_injured
2019,4,Mon,2,52.53754,13.4487,afternoon,16,daylight,0,dry,0,2,6,1,0,0,0,0,0,2,seriously_injured
2019,4,Mon,2,52.44346,13.58032,afternoon,14,daylight,0,dry,0,0,7,1,0,1,0,0,0,3,slightly_injured
2019,4,Mon,2,52.52986,13.63498,afternoon,14,daylight,0,dry,0,5,3,1,0,0,0,0,0,3,slightly_injured
2019,4,Mon,2,52.44123,13.53257,afternoon,14,daylight,0,dry,0,4,1,0,1,0,0,0,0,2,seriously_injured
2019,4,Mon,2,52.40228,13.57744,afternoon,13,daylight,0,dry,0,0,2,0,1,0,0,0,1,3,slightly_injured
2019,4,Mon,2,52.42794,13.45023,afternoon,13,daylight,0,dry,0,2,6,1,1,0,0,0,0,3,slightly_injured
2019,4,Mon,2,52.41264,13.66078,morning,10,daylight,0,dry,0,5,3,1,1,0,0,0,0,3,slightly_injured
2019,4,Mon,2,52.49853,13.38521,morning,9,daylight,0,dry,0,5,3,0,1,0,1,0,0,2,seriously_injured
2019,4,Sun,1,52.4125,13.52857,morning,10,daylight,0,dry,0,5,3,0,1,0,0,0,1,2,seriously_injured
2019,4,Sun,1,52.53931,13.29521,evening,18,daylight,0,dry,0,6,4,1,0,1,0,0,0,3,slightly_injured
2019,4,Sun,1,52.4105,13.38002,afternoon,16,daylight,0,dry,0,5,3,1,1,0,0,0,0,3,slightly_injured
2019,4,Sun,1,52.41647,13.40997,afternoon,16,daylight,0,dry,0,5,3,0,1,0,1,0,0,3,slightly_injured
2019,4,Sun,1,52.43824,13.59333,afternoon,16,daylight,0,dry,0,6,7,1,0,1,0,0,0,3,slightly_injured
2019,4,Sun,1,52.49939,13.42877,afternoon,15,daylight,0,dry,0,6,7,1,0,1,0,0,0,3,slightly_injured
2019,4,Sun,1,52.5536,13.41438,morning,11,daylight,0,dry,0,5,7,1,1,0,0,0,0,3,slightly_injured
2019,4,Sun,1,52.55851,13.57147,afternoon,17,daylight,0,dry,0,1,5,1,1,0,0,0,0,2,seriously_injured
2019,4,Sun,1,52.47179,13.4439,night,3,dark,2,dry,0,1,1,0,1,0,0,0,1,3,slightly_injured
2019,4,Sun,1,52.57033,13.52051,afternoon,14,daylight,0,dry,0,0,2,0,0,0,0,0,1,3,slightly_injured
2019,4,Sun,1,52.54017,13.41172,afternoon,16,daylight,0,dry,0,1,1,0,1,0,1,0,0,3,slightly_injured
2019,4,Sun,1,52.52743,13.47965,morning,7,daylight,0,dry,0,0,1,1,0,0,0,0,0,3,slightly_injured
2019,4,Sun,1,52.55666,13.37376,afternoon,15,daylight,0,dry,0,5,2,0,1,0,0,0,1,3,slightly_injured
2019,4,Sun,1,52.5425,13.39282,evening,18,daylight,0,dry,0,0,1,0,0,0,1,0,0,3,slightly_injured
2019,4,Sat,7,52.54527,13.19457,night,3,dark,2,dry,0,9,1,0,1,0,0,1,0,1,killed
2019,4,Sat,7,52.62971,13.38269,afternoon,17,daylight,0,dry,0,5,2,1,1,0,0,0,0,3,slightly_injured
2019,4,Sat,7,52.44678,13.63158,morning,9,daylight,0,dry,0,1,5,1,1,0,0,0,0,2,seriously_injured
2019,4,Sat,7,52.41403,13.34624,afternoon,14,daylight,0,dry,0,1,5,1,1,0,0,0,0,3,slightly_injured
2019,4,Sat,7,52.50647,13.31184,evening,20,dusk,1,dry,0,1,5,1,1,0,0,0,0,3,slightly_injured
2019,4,Sat,7,52.49847,13.40657,evening,18,daylight,0,dry,0,5,2,1,1,0,0,0,0,3,slightly_injured
2019,4,Sat,7,52.46981,13.44254,afternoon,15,daylight,0,dry,0,3,6,1,1,0,0,0,0,3,slightly_injured
2019,4,Sat,7,52.4515,13.62479,afternoon,15,daylight,0,dry,0,6,4,0,1,1,0,0,0,3,slightly_injured
2019,4,Sat,7,52.55119,13.1654,afternoon,13,daylight,0,dry,0,5,2,0,1,0,0,0,0,3,slightly_injured
2019,4,Sat,7,52.42989,13.23,afternoon,13,daylight,0,dry,0,0,7,1,0,0,0,0,0,3,slightly_injured
2019,4,Sat,7,52.49008,13.38637,afternoon,12,daylight,0,dry,0,5,2,0,1,0,0,0,1,3,slightly_injured
2019,4,Sat,7,52.48267,13.43795,morning,11,daylight,0,dry,0,2,2,0,0,0,1,0,1,3,slightly_injured
2019,4,Sat,7,52.38678,13.40075,night,1,dark,2,dry,0,0,3,0,1,0,0,0,1,3,slightly_injured
2019,4,Sat,7,52.43173,13.49514,morning,7,daylight,0,dry,0,5,3,0,1,0,0,0,0,2,seriously_injured
2019,4,Sat,7,52.56343,13.32931,morning,8,daylight,0,dry,0,5,2,1,1,0,0,0,0,3,slightly_injured
2019,4,Sat,7,52.44978,13.34967,morning,9,daylight,0,dry,0,5,3,1,1,0,0,0,0,3,slightly_injured
2019,4,Sat,7,52.38667,13.40648,morning,10,daylight,0,dry,0,2,6,0,1,0,0,0,0,3,slightly_injured
2019,4,Sat,7,52.44319,13.31579,morning,10,daylight,0,dry,0,6,2,0,1,1,0,0,0,2,seriously_injured
2019,4,Sat,7,52.44557,13.38591,morning,10,daylight,0,dry,0,2,2,0,1,0,0,0,0,3,slightly_injured
2019,4,Sat,7,52.51784,13.43289,night,5,dark,2,dry,0,5,3,0,1,0,0,0,1,2,seriously_injured
2019,5,Thu,5,52.52058,13.49173,afternoon,14,daylight,0,dry,1,5,7,1,1,0,0,0,0,3,slightly_injured
2019,5,Thu,5,52.55001,13.38765,afternoon,14,daylight,0,dry,0,0,6,1,1,0,0,0,0,3,slightly_injured
2019,5,Thu,5,52.45484,13.32706,afternoon,17,daylight,0,dry,0,1,5,1,1,0,0,0,0,3,slightly_injured
2019,5,Thu,5,52.43379,13.54354,afternoon,12,daylight,0,dry,0,5,3,1,1,0,0,0,0,3,slightly_injured
2019,5,Thu,5,52.42544,13.36179,afternoon,17,daylight,0,dry,0,5,3,0,1,0,0,0,0,3,slightly_injured
2019,5,Thu,5,52.45129,13.48834,afternoon,14,daylight,0,dry,1,5,3,0,1,0,1,0,0,3,slightly_injured
2019,5,Thu,5,52.50608,13.31883,afternoon,13,daylight,0,dry,1,1,5,1,1,0,0,0,0,3,slightly_injured
2019,5,Thu,5,52.51784,13.44431,afternoon,17,daylight,0,dry,0,2,6,1,1,0,0,0,0,3,slightly_injured
2019,5,Thu,5,52.50152,13.34356,afternoon,14,daylight,0,dry,0,5,2,1,1,0,0,0,0,3,slightly_injured
2019,5,Thu,5,52.50213,13.48835,afternoon,17,daylight,0,dry,0,5,2,1,1,0,0,0,0,3,slightly_injured
2019,5,Thu,5,52.59676,13.40267,afternoon,16,daylight,0,dry,0,5,3,1,1,0,0,0,0,3,slightly_injured
2019,5,Thu,5,52.51575,13.42673,afternoon,16,daylight,0,dry,0,0,3,1,1,0,0,0,0,3,slightly_injured