ujahr,umonat,weekday,uwochentag,long,lat,time_of_day,ustunde,light_condition,ulichtverh,street_condition,ustrzustand,uart,utyp1,ist_rad,ist_pkw,ist_fuss,ist_krad,ist_gkfz,ist_sonstige,ukategorie,accident_outcome
2019,5,Thu,5,52.56349,13.33227,afternoon,16,daylight,0,dry,0,2,6,0,1,0,0,1,0,3,slightly_injured
2019,5,Thu,5,52.37462,13.65557,night,5,dusk,1,dry,1,4,6,0,0,0,0,0,1,2,seriously_injured
2019,5,Thu,5,52.44436,13.57674,morning,9,daylight,0,dry,0,6,3,0,1,1,0,0,0,2,seriously_injured
2019,5,Thu,5,52.48672,13.32255,morning,8,daylight,0,dry,0,3,6,1,1,0,0,0,0,3,slightly_injured
2019,5,Thu,5,52.52889,13.40954,morning,9,daylight,0,dry,0,5,3,1,0,0,0,0,1,3,slightly_injured
2019,5,Thu,5,52.47659,13.45003,morning,7,daylight,0,dry,0,2,3,1,0,0,0,0,0,3,slightly_injured
2019,5,Thu,5,52.5035,13.37321,morning,7,daylight,0,dry,1,5,2,1,1,0,0,0,0,3,slightly_injured
2019,5,Thu,5,52.51658,13.58667,morning,7,daylight,0,dry,0,5,3,1,1,0,0,0,0,3,slightly_injured
2019,5,Thu,5,52.52713,13.45075,morning,7,daylight,0,dry,1,5,2,1,0,0,0,0,1,3,slightly_injured
2019,5,Thu,5,52.57723,13.31463,morning,7,daylight,0,dry,0,5,2,1,0,0,0,0,1,3,slightly_injured
2019,5,Thu,5,52.52225,13.56478,afternoon,14,daylight,0,dry,1,5,2,0,0,0,1,0,1,3,slightly_injured
2019,5,Thu,5,52.57216,13.37214,afternoon,13,daylight,0,dry,1,5,3,1,1,0,0,0,0,3,slightly_injured
2019,5,Thu,5,52.52232,13.45411,afternoon,13,daylight,0,dry,1,4,6,0,1,0,0,1,0,2,seriously_injured
2019,5,Thu,5,52.52008,13.16265,afternoon,13,daylight,0,dry,0,5,2,0,1,0,0,0,0,2,seriously_injured
2019,5,Thu,5,52.46028,13.58123,afternoon,12,daylight,0,dry,0,5,2,1,0,0,0,0,0,3,slightly_injured
2019,5,Thu,5,52.50628,13.3686,morning,11,daylight,0,dry,0,5,3,0,1,0,0,0,0,2,seriously_injured
2019,5,Thu,5,52.48222,13.29001,morning,10,daylight,0,dry,0,5,2,0,1,0,0,0,0,3,slightly_injured
2019,5,Thu,5,52.50684,13.2284,morning,10,daylight,0,dry,0,6,2,0,1,1,0,0,0,3,slightly_injured
2019,5,Wed,4,52.5367,13.60462,morning,6,daylight,0,dry,0,5,2,1,1,0,0,0,0,3,slightly_injured
2019,5,Wed,4,52.49555,13.52459,morning,10,daylight,0,dry,0,3,6,0,0,0,1,0,1,3,slightly_injured
2019,5,Wed,4,52.53832,13.41763,afternoon,13,daylight,0,dry,0,5,2,1,1,0,0,0,0,3,slightly_injured
2019,5,Wed,4,52.48642,13.18245,morning,10,daylight,0,dry,0,2,6,0,1,0,0,0,0,3,slightly_injured
2019,5,Wed,4,52.46526,13.34971,evening,20,daylight,0,dry,0,6,4,0,1,1,0,0,0,3,slightly_injured
2019,5,Wed,4,52.45323,13.12207,evening,18,daylight,0,dry,0,5,3,0,1,0,0,0,0,3,slightly_injured
2019,5,Wed,4,52.50512,13.46293,morning,8,daylight,0,dry,0,0,6,1,1,0,0,0,0,3,slightly_injured
2019,5,Wed,4,52.5133,13.5192,morning,7,daylight,0,dry,0,6,4,0,0,1,0,0,1,2,seriously_injured
2019,5,Wed,4,52.56301,13.19685,evening,21,dark,2,dry,0,5,3,1,1,0,0,0,0,3,slightly_injured
2019,5,Wed,4,52.54551,13.42792,evening,20,dusk,1,dry,0,5,2,1,1,0,0,0,0,2,seriously_injured
2019,5,Wed,4,52.4878,13.60558,afternoon,16,daylight,0,dry,0,5,3,1,1,0,0,0,0,3,slightly_injured
2019,5,Wed,4,52.45892,13.34851,afternoon,16,daylight,0,dry,0,5,2,0,1,0,1,0,0,3,slightly_injured
2019,5,Wed,4,52.41337,13.48818,afternoon,15,daylight,0,dry,0,5,3,1,1,0,0,0,0,3,slightly_injured
2019,5,Wed,4,52.52402,13.40978,afternoon,15,daylight,0,dry,0,2,2,1,1,0,0,0,0,3,slightly_injured
2019,5,Wed,4,52.52341,13.36019,afternoon,17,daylight,0,dry,0,2,6,0,1,0,0,0,0,3,slightly_injured
2019,5,Wed,4,52.51848,13.28021,afternoon,17,daylight,0,dry,0,5,3,0,1,0,0,0,0,3,slightly_injured
2019,5,Wed,4,52.52625,13.41676,afternoon,16,daylight,0,dry,0,2,6,0,1,0,1,0,0,3,slightly_injured
2019,5,Wed,4,52.50086,13.31503,afternoon,16,daylight,0,dry,0,2,6,0,1,0,0,0,0,3,slightly_injured
2019,5,Wed,4,52.44063,13.25529,afternoon,16,daylight,0,dry,0,0,1,1,0,0,0,0,0,3,slightly_injured
2019,5,Wed,4,52.45915,13.3492,afternoon,15,daylight,0,dry,0,2,6,0,1,0,0,0,0,3,slightly_injured
2019,5,Wed,4,52.4653,13.37759,afternoon,14,daylight,0,dry,0,3,6,0,1,0,1,0,0,3,slightly_injured
2019,5,Wed,4,52.55985,13.21887,morning,7,daylight,0,dry,0,5,3,1,1,0,0,0,0,2,seriously_injured
2019,5,Wed,4,52.50197,13.37698,afternoon,13,daylight,0,dry,0,0,2,1,0,0,0,0,1,3,slightly_injured
2019,5,Wed,4,52.50587,13.47064,afternoon,15,daylight,0,dry,0,0,1,0,0,0,1,0,0,2,seriously_injured
2019,5,Wed,4,52.54804,13.29577,afternoon,14,daylight,0,dry,0,2,6,0,1,0,0,0,0,3,slightly_injured
2019,5,Wed,4,52.5543,13.34514,afternoon,13,daylight,0,dry,0,5,2,0,1,0,1,0,0,2,seriously_injured
2019,5,Wed,4,52.43845,13.59274,afternoon,13,daylight,0,dry,0,2,6,0,1,0,0,0,0,3,slightly_injured
2019,5,Wed,4,52.43211,13.2655,afternoon,12,daylight,0,dry,0,6,7,0,1,1,0,0,0,3,slightly_injured
2019,5,Wed,4,52.41712,13.49642,afternoon,12,daylight,0,dry,0,6,7,0,1,1,0,0,0,3,slightly_injured
2019,5,Wed,4,52.52395,13.41123,morning,11,daylight,0,dry,0,2,6,0,1,0,0,0,0,3,slightly_injured
2019,5,Wed,4,52.46909,13.4357,morning,11,daylight,0,dry,0,5,2,1,1,0,0,0,0,3,slightly_injured
2019,5,Wed,4,52.51099,13.39671,morning,9,daylight,0,dry,0,5,2,0,1,0,1,0,0,3,slightly_injured
2019,5,Wed,4,52.54017,13.37986,morning,9,daylight,0,dry,0,5,3,1,1,0,0,0,0,3,slightly_injured
2019,5,Wed,4,52.49723,13.4489,morning,9,daylight,0,dry,0,5,2,0,1,0,1,0,0,3,slightly_injured
2019,5,Wed,4,52.46465,13.4733,morning,9,daylight,0,dry,0,0,1,0,0,0,1,0,0,3,slightly_injured
2019,5,Wed,4,52.49128,13.28486,morning,9,daylight,0,dry,0,2,6,0,1,0,0,0,0,2,seriously_injured
2019,5,Wed,4,52.53385,13.17918,morning,9,daylight,0,dry,0,5,3,0,1,0,0,0,0,3,slightly_injured
2019,5,Wed,4,52.42839,13.52247,morning,9,daylight,0,dry,0,5,3,0,1,0,0,0,0,3,slightly_injured
2019,5,Wed,4,52.55288,13.4299,morning,8,daylight,0,dry,0,2,2,0,1,0,0,0,0,3,slightly_injured
2019,5,Wed,4,52.51893,13.4287,morning,8,daylight,0,dry,0,5,2,1,1,0,0,0,0,3,slightly_injured
2019,5,Wed,4,52.54334,13.46892,morning,8,daylight,0,dry,0,0,2,0,0,0,0,1,1,3,slightly_injured
2019,5,Wed,4,52.50824,13.32612,morning,7,daylight,0,dry,0,0,5,1,1,0,0,0,0,3,slightly_injured
2019,5,Wed,4,52.52962,13.36897,morning,6,daylight,0,dry,0,5,2,0,1,0,1,0,0,3,slightly_injured
2019,5,Tue,3,52.50793,13.26129,morning,8,daylight,0,dry,0,0,6,0,1,0,0,0,0,3,slightly_injured
2019,5,Tue,3,52.50634,13.35205,evening,19,daylight,0,dry,0,0,3,0,1,0,1,0,0,3,slightly_injured
2019,5,Tue,3,52.50399,13.35286,evening,19,daylight,0,dry,0,5,3,1,1,0,0,0,0,3,slightly_injured
2019,5,Tue,3,52.50306,13.4454,evening,19,daylight,0,dry,0,1,5,1,1,0,0,0,0,3,slightly_injured
2019,5,Tue,3,52.50359,13.41514,evening,22,dark,2,dry,0,1,5,1,1,0,0,0,0,3,slightly_injured
2019,5,Tue,3,52.54328,13.44164,evening,18,daylight,0,dry,0,6,6,1,0,1,0,0,0,3,slightly_injured
2019,5,Tue,3,52.59149,13.34608,evening,18,daylight,0,dry,0,5,2,0,1,0,1,0,0,3,slightly_injured
2019,5,Tue,3,52.445,13.40032,evening,18,daylight,0,dry,0,0,1,0,1,0,0,0,0,3,slightly_injured
2019,5,Tue,3,52.54346,13.49125,afternoon,13,daylight,0,dry,0,2,6,0,1,0,0,0,0,3,slightly_injured
2019,5,Tue,3,52.46767,13.442,afternoon,17,daylight,0,dry,0,5,2,0,1,0,1,0,0,3,slightly_injured
2019,5,Tue,3,52.43821,13.54891,afternoon,17,daylight,0,dry,0,0,1,1,1,0,0,0,0,2,seriously_injured
2019,5,Tue,3,52.55359,13.44638,afternoon,17,daylight,0,dry,0,4,5,0,1,0,0,0,1,3,slightly_injured
2019,5,Tue,3,52.53888,13.20721,afternoon,16,daylight,0,dry,0,2,6,0,1,0,0,0,0,3,slightly_injured
2019,5,Tue,3,52.54733,13.43912,afternoon,16,daylight,0,dry,0,5,2,1,1,0,0,0,0,3,slightly_injured
2019,5,Tue,3,52.5391,13.19788,afternoon,15,daylight,0,dry,0,2,6,0,1,0,1,0,0,3,slightly_injured
2019,5,Tue,3,52.51684,13.30456,afternoon,16,daylight,0,dry,0,6,7,0,1,1,0,0,0,2,seriously_injured
2019,5,Tue,3,52.51266,13.4584,afternoon,15,daylight,0,dry,0,3,6,1,1,0,0,0,0,2,seriously_injured
2019,5,Tue,3,52.49279,13.38774,afternoon,15,daylight,0,dry,0,2,6,0,1,0,0,0,0,3,slightly_injured
2019,5,Tue,3,52.5103,13.45419,afternoon,12,daylight,0,dry,0,1,5,1,1,0,0,0,0,3,slightly_injured
2019,5,Tue,3,52.52877,13.30543,morning,11,daylight,0,dry,0,4,6,0,1,0,0,1,0,3,slightly_injured
2019,5,Tue,3,52.53224,13.3848,morning,10,daylight,0,dry,0,3,6,1,1,0,0,0,0,3,slightly_injured
2019,5,Tue,3,52.50057,13.31184,morning,9,daylight,0,dry,0,5,3,1,1,0,0,0,0,3,slightly_injured
2019,5,Tue,3,52.52573,13.30607,morning,8,daylight,0,dry,0,5,3,0,1,0,1,0,0,3,slightly_injured
2019,5,Tue,3,52.59621,13.34719,morning,8,daylight,0,dry,0,2,2,0,1,0,0,0,1,3,slightly_injured
2019,5,Tue,3,52.51375,13.3822,morning,7,daylight,0,dry,0,1,5,1,1,0,0,0,0,3,slightly_injured
2019,5,Tue,3,52.60386,13.30951,morning,7,daylight,0,dry,0,5,3,1,1,0,0,0,0,3,slightly_injured
2019,5,Tue,3,52.52654,13.41711,morning,7,daylight,0,dry,0,3,6,0,1,0,0,0,0,3,slightly_injured
2019,5,Tue,3,52.57147,13.33081,night,5,dusk,1,dry,1,2,6,0,1,0,1,0,0,3,slightly_injured
2019,5,Mon,2,52.55083,13.41032,afternoon,15,daylight,0,dry,0,5,2,1,1,0,0,0,0,2,seriously_injured
2019,5,Mon,2,52.43079,13.32367,morning,10,daylight,0,dry,0,1,5,0,1,0,0,0,0,3,slightly_injured
2019,5,Mon,2,52.51185,13.40252,afternoon,16,daylight,0,dry,0,2,2,0,1,0,0,0,1,3,slightly_injured
2019,5,Mon,2,52.52637,13.34289,evening,22,dark,2,dry,0,5,3,1,1,0,0,0,0,3,slightly_injured
2019,5,Mon,2,52.52119,13.32235,evening,20,dark,2,dry,0,6,4,0,1,1,0,0,0,2,seriously_injured
2019,5,Mon,2,52.51129,13.41363,evening,19,daylight,0,dry,0,5,3,1,1,0,0,0,0,2,seriously_injured
2019,5,Mon,2,52.5012,13.35826,evening,19,dark,2,dry,0,2,6,0,1,0,0,0,0,3,slightly_injured
2019,5,Mon,2,52.49611,13.38935,evening,18,daylight,0,dry,0,0,2,1,1,0,0,0,0,3,slightly_injured
2019,5,Mon,2,52.45066,13.27069,evening,18,daylight,0,dry,1,2,6,0,1,0,0,0,0,3,slightly_injured
2019,5,Mon,2,52.45748,13.37582,afternoon,17,daylight,0,dry,0,2,6,0,1,0,1,0,0,2,seriously_injured
2019,5,Mon,2,52.49017,13.35497,afternoon,16,daylight,0,dry,0,5,3,1,1,0,0,0,0,3,slightly_injured
2019,5,Mon,2,52.54626,13.51947,afternoon,17,daylight,0,dry,0,5,3,0,1,0,0,0,0,3,slightly_injured
2019,5,Mon,2,52.42867,13.1851,afternoon,16,daylight,0,dry,0,1,5,1,1,0,0,0,0,3,slightly_injured
2019,5,Mon,2,52.43805,13.30214,afternoon,16,daylight,0,dry,0,2,6,0,1,0,0,0,0,3,slightly_injured
2019,5,Mon,2,52.52803,13.24243,afternoon,17,daylight,0,dry,0,1,5,0,1,0,0,0,1,3,slightly_injured
2019,5,Mon,2,52.55361,13.41431,afternoon,16,daylight,0,dry,0,5,2,1,1,0,0,0,0,3,slightly_injured
2019,5,Mon,2,52.50147,13.31942,afternoon,16,daylight,0,dry,0,0,3,0,1,0,0,0,1,3,slightly_injured
2019,5,Mon,2,52.42971,13.47124,afternoon,15,daylight,0,dry,0,2,6,0,1,0,0,0,0,3,slightly_injured
2019,5,Mon,2,52.51509,13.3943,afternoon,15,daylight,0,dry,0,1,5,1,1,0,0,0,1,3,slightly_injured
2019,5,Mon,2,52.62664,13.49368,afternoon,14,daylight,0,dry,0,1,5,1,1,0,0,0,0,3,slightly_injured
2019,5,Mon,2,52.45806,13.29287,afternoon,14,daylight,0,dry,0,5,2,1,1,0,0,0,0,3,slightly_injured
2019,5,Mon,2,52.50804,13.32609,afternoon,13,daylight,0,dry,0,0,5,0,1,0,0,0,0,3,slightly_injured
2019,5,Mon,2,52.42201,13.67051,afternoon,13,daylight,0,dry,0,5,3,1,1,0,0,0,0,3,slightly_injured
2019,5,Mon,2,52.5747,13.37353,afternoon,16,daylight,0,dry,0,5,3,1,1,0,0,0,0,3,slightly_injured
2019,5,Mon,2,52.45288,13.37174,afternoon,13,daylight,0,dry,0,5,3,1,1,0,0,0,0,3,slightly_injured
2019,5,Mon,2,52.4252,13.30254,afternoon,12,daylight,0,dry,0,1,5,0,1,0,0,0,0,3,slightly_injured
2019,5,Mon,2,52.43989,13.38734,morning,11,daylight,0,dry,0,3,6,1,0,0,0,1,0,2,seriously_injured
2019,5,Mon,2,52.40164,13.42002,morning,6,daylight,0,dry,0,5,3,0,1,0,1,0,0,3,slightly_injured
2019,5,Mon,2,52.53366,13.60714,morning,7,daylight,0,dry,0,6,2,0,1,1,0,0,0,3,slightly_injured
2019,5,Mon,2,52.47345,13.29816,afternoon,12,daylight,0,dry,0,5,2,1,1,0,0,0,0,3,slightly_injured
2019,5,Mon,2,52.45881,13.2831,morning,7,daylight,0,dry,0,6,4,1,0,1,0,0,0,3,slightly_injured
2019,5,Mon,2,52.46182,13.47358,morning,6,daylight,0,dry,0,5,3,0,1,0,1,0,0,3,slightly_injured
2019,5,Mon,2,52.58603,13.39765,morning,6,daylight,0,dry,0,5,3,0,1,0,1,0,0,3,slightly_injured
2019,5,Mon,2,52.42852,13.33751,morning,7,daylight,0,dry,0,5,7,1,1,0,0,0,0,3,slightly_injured
2019,5,Mon,2,52.53223,13.21136,morning,7,daylight,0,dry,0,5,2,0,1,0,0,0,0,3,slightly_injured
2019,5,Mon,2,52.59652,13.35313,morning,7,daylight,0,dry,0,6,4,0,1,1,0,0,0,3,slightly_injured
2019,5,Mon,2,52.48022,13.38445,morning,8,daylight,0,dry,0,5,3,0,1,0,0,0,0,2,seriously_injured
2019,5,Mon,2,52.41743,13.28492,morning,8,daylight,0,dry,0,0,3,0,1,0,1,0,0,3,slightly_injured
2019,5,Mon,2,52.51346,13.51928,morning,8,daylight,0,dry,0,6,4,0,1,1,0,0,0,2,seriously_injured
2019,5,Mon,2,52.51563,13.39667,morning,9,daylight,0,dry,0,3,6,1,0,0,0,0,0,3,slightly_injured
2019,5,Mon,2,52.43492,13.53965,morning,9,daylight,0,dry,0,3,6,0,1,0,0,0,1,3,slightly_injured
2019,5,Mon,2,52.4787,13.3306,morning,9,daylight,0,dry,0,6,4,0,1,1,0,0,0,3,slightly_injured
2019,5,Mon,2,52.4509,13.27051,morning,10,daylight,0,dry,0,5,2,0,1,0,0,0,0,3,slightly_injured
2019,5,Mon,2,52.51797,13.4177,morning,10,daylight,0,dry,0,5,3,1,0,0,0,0,1,3,slightly_injured
2019,5,Mon,2,52.52389,13.24975,morning,10,daylight,0,dry,0,2,6,0,1,0,0,0,0,2,seriously_injured
2019,5,Mon,2,52.50443,13.31339,morning,10,daylight,0,dry,0,2,6,1,1,0,0,0,0,3,slightly_injured
2019,5,Mon,2,52.50572,13.30752,morning,11,daylight,0,dry,0,1,5,1,1,0,0,0,0,3,slightly_injured
2019,5,Mon,2,52.46068,13.50352,morning,11,daylight,0,dry,0,5,2,1,1,0,0,0,0,3,slightly_injured
2019,5,Mon,2,52.5687,13.3791,morning,11,daylight,0,dry,0,6,4,0,1,1,0,0,0,3,slightly_injured
2019,5,Mon,2,52.54418,13.20473,morning,11,daylight,0,dry,0,5,2,1,1,0,0,0,0,3,slightly_injured
2019,5,Mon,2,52.45118,13.62475,afternoon,12,daylight,0,dry,0,0,1,1,0,0,0,0,0,3,slightly_injured
2019,5,Mon,2,52.53363,13.17344,afternoon,12,daylight,0,dry,0,3,6,0,1,0,0,0,0,3,slightly_injured
2019,5,Sun,1,52.53916,13.38683,night,5,dusk,1,dry,0,6,4,1,0,1,0,0,0,3,slightly_injured
2019,5,Sun,1,52.50938,13.37663,afternoon,15,daylight,0,dry,0,5,2,1,1,0,0,0,0,3,slightly_injured
2019,5,Sun,1,52.47779,13.4481,afternoon,17,daylight,0,dry,0,0,7,0,1,0,1,0,0,3,slightly_injured
2019,5,Sun,1,52.43745,13.34482,afternoon,17,daylight,0,dry,0,1,5,1,1,0,0,0,0,3,slightly_injured
2019,5,Sun,1,52.47191,13.42907,afternoon,14,daylight,0,dry,0,5,2,1,1,0,0,0,0,3,slightly_injured
2019,5,Sun,1,52.53553,13.42192,afternoon,14,daylight,0,dry,0,6,4,1,0,1,0,0,0,3,slightly_injured
2019,5,Sun,1,52.46985,13.43002,afternoon,12,daylight,0,dry,0,6,4,0,0,1,1,0,0,3,slightly_injured
2019,5,Sun,1,52.49327,13.40089,afternoon,14,daylight,0,dry,0,6,4,1,0,1,0,0,0,2,seriously_injured
2019,5,Sun,1,52.5294,13.59176,evening,18,daylight,0,dry,0,6,4,0,1,1,0,0,0,2,seriously_injured
2019,5,Sun,1,52.42396,13.49112,evening,20,dusk,1,dry,0,5,3,0,1,0,0,0,0,2,seriously_injured
2019,5,Sun,1,52.49869,13.41597,morning,11,daylight,0,dry,0,6,4,0,1,1,0,0,0,2,seriously_injured
2019,5,Sun,1,52.41648,13.40996,morning,9,daylight,0,dry,0,5,3,0,1,0,1,0,0,3,slightly_injured
2019,5,Sun,1,52.50061,13.31305,morning,8,daylight,0,dry,0,0,2,0,1,0,0,0,0,2,seriously_injured
2019,5,Sun,1,52.60237,13.30708,night,3,dark,2,dry,0,1,5,0,1,0,0,0,0,2,seriously_injured
2019,5,Sun,1,52.45445,13.31868,afternoon,13,daylight,0,dry,0,2,6,0,1,0,0,0,1,3,slightly_injured
2019,5,Sun,1,52.59379,13.28078,afternoon,14,daylight,0,dry,0,5,2,0,1,0,0,0,0,3,slightly_injured
2019,5,Sat,7,52.49421,13.34568,afternoon,16,daylight,0,dry,0,6,2,0,0,1,0,0,1,2,seriously_injured
2019,5,Sat,7,52.48596,13.33393,afternoon,12,daylight,0,dry,0,1,5,0,1,0,0,0,0,3,slightly_injured
2019,5,Sat,7,52.57798,13.42872,evening,19,dusk,1,dry,0,5,2,1,1,0,0,0,0,3,slightly_injured
2019,5,Sat,7,52.5341,13.40521,afternoon,17,daylight,0,dry,0,5,3,1,0,0,0,0,1,3,slightly_injured
2019,5,Sat,7,52.59757,13.33912,evening,21,dark,2,dry,0,6,4,0,1,1,0,0,0,2,seriously_injured
2019,5,Sat,7,52.59844,13.33907,evening,21,dark,2,dry,0,6,6,0,1,1,0,0,0,3,slightly_injured
2019,5,Sat,7,52.55442,13.34518,evening,19,daylight,0,dry,0,5,2,1,1,0,0,0,0,3,slightly_injured
2019,5,Sat,7,52.43945,13.56616,evening,19,daylight,0,dry,0,5,3,0,1,0,0,0,0,3,slightly_injured
2019,5,Sat,7,52.44513,13.37396,afternoon,17,daylight,0,dry,0,5,2,0,1,0,1,0,0,3,slightly_injured
2019,5,Sat,7,52.4431,13.58059,evening,18,daylight,0,dry,1,2,6,0,1,0,0,0,0,3,slightly_injured
2019,5,Sat,7,52.48967,13.6245,evening,18,daylight,0,dry,0,1,5,0,1,0,1,0,0,2,seriously_injured
2019,5,Sat,7,52.54282,13.3517,evening,18,daylight,0,dry,0,2,6,0,1,0,0,0,0,3,slightly_injured
2019,5,Sat,7,52.53582,13.60132,afternoon,17,daylight,0,dry,0,5,3,0,1,0,1,0,0,3,slightly_injured
2019,5,Sat,7,52.51004,13.42014,afternoon,16,daylight,0,dry,0,1,5,0,1,0,0,0,0,3,slightly_injured
2019,5,Sat,7,52.49471,13.43281,night,1,dark,2,dry,1,5,3,0,1,0,0,0,0,3,slightly_injured
2019,5,Sat,7,52.51991,13.16344,afternoon,14,daylight,0,dry,0,0,6,0,1,0,0,0,1,2,seriously_injured
2019,5,Sat,7,52.55052,13.34869,afternoon,14,daylight,0,dry,1,6,4,0,1,1,0,0,0,3,slightly_injured
2019,5,Sat,7,52.5386,13.58624,afternoon,13,daylight,0,dry,0,0,1,1,0,0,0,0,0,2,seriously_injured
2019,5,Sat,7,52.41607,13.49754,afternoon,13,daylight,0,dry,0,5,2,1,1,0,0,0,0,3,slightly_injured
2019,5,Sat,7,52.61584,13.34041,afternoon,12,daylight,0,dry,0,5,3,1,1,0,0,0,0,3,slightly_injured
2019,5,Sat,7,52.60999,13.47403,morning,11,daylight,0,dry,0,5,3,0,1,0,0,0,0,3,slightly_injured
2019,5,Sat,7,52.42555,13.18652,morning,10,daylight,0,dry,0,0,1,0,1,0,0,0,0,3,slightly_injured
2019,5,Fri,6,52.47888,13.31957,night,3,dark,2,dry,0,1,1,0,1,0,0,0,0,3,slightly_injured
2019,5,Fri,6,52.50399,13.61389,morning,8,daylight,0,dry,0,5,2,1,1,0,0,0,0,3,slightly_injured
2019,5,Fri,6,52.45799,13.57884,afternoon,12,daylight,0,dry,0,6,7,0,1,1,0,0,0,3,slightly_injured
2019,5,Fri,6,52.45227,13.13638,afternoon,14,daylight,0,dry,0,6,6,0,1,1,0,0,0,3,slightly_injured
2019,5,Fri,6,52.4663,13.32996,evening,22,dark,2,dry,0,2,2,0,1,0,0,0,0,3,slightly_injured
2019,5,Fri,6,52.46131,13.37686,morning,6,daylight,0,dry,0,3,6,0,1,0,0,0,1,3,slightly_injured
2019,5,Fri,6,52.49852,13.44211,evening,21,dark,2,dry,0,6,4,1,0,1,0,0,0,3,slightly_injured
2019,5,Fri,6,52.48153,13.43961,evening,19,daylight,0,dry,0,1,5,1,1,0,0,0,1,3,slightly_injured
2019,5,Fri,6,52.4934,13.42819,morning,7,daylight,0,dry,0,5,3,0,1,0,0,0,0,3,slightly_injured
2019,5,Fri,6,52.56209,13.35392,evening,18,daylight,0,dry,0,5,2,0,1,0,0,0,0,3,slightly_injured
2019,5,Fri,6,52.4933,13.36792,evening,18,daylight,0,dry,0,1,5,1,1,0,0,0,1,3,slightly_injured
2019,5,Fri,6,52.55952,13.49427,morning,7,daylight,0,dry,0,1,1,0,1,0,0,1,0,3,slightly_injured
2019,5,Fri,6,52.42856,13.52233,afternoon,17,daylight,0,dry,0,5,3,1,1,0,0,0,0,3,slightly_injured
2019,5,Fri,6,52.5288,13.40947,morning,8,daylight,0,dry,0,5,2,1,1,0,0,0,0,3,slightly_injured
2019,5,Fri,6,52.51346,13.38234,morning,8,daylight,0,dry,0,1,5,1,1,0,0,0,0,3,slightly_injured
2019,5,Fri,6,52.4117,13.14148,night,0,dark,2,dry,0,1,5,1,0,0,0,1,1,3,slightly_injured
2019,5,Fri,6,52.52802,13.37448,morning,8,daylight,0,dry,0,2,6,0,1,0,1,0,0,3,slightly_injured
2019,5,Fri,6,52.52095,13.19603,morning,9,daylight,0,dry,0,6,4,0,1,1,0,0,0,2,seriously_injured
2019,5,Fri,6,52.41128,13.3834,morning,9,daylight,0,dry,0,6,4,0,1,1,0,0,0,2,seriously_injured
2019,5,Fri,6,52.50865,13.39121,morning,9,daylight,0,dry,0,5,5,0,1,0,1,0,0,3,slightly_injured
2019,5,Fri,6,52.51961,13.33236,morning,10,daylight,0,dry,0,1,5,0,1,0,1,0,0,3,slightly_injured
2019,5,Fri,6,52.46375,13.33149,morning,11,daylight,0,dry,0,2,6,0,1,0,0,0,0,3,slightly_injured
2019,5,Fri,6,52.53442,13.19958,afternoon,12,daylight,0,dry,0,2,6,0,1,0,0,0,0,3,slightly_injured
2019,5,Fri,6,52.48981,13.43385,afternoon,12,daylight,0,dry,0,5,2,1,0,0,0,0,1,3,slightly_injured
2019,5,Fri,6,52.49105,13.39632,afternoon,13,daylight,0,dry,0,5,3,0,1,0,1,0,0,2,seriously_injured
2019,5,Fri,6,52.45755,13.31428,afternoon,13,daylight,0,dry,0,5,7,1,1,0,0,0,0,3,slightly_injured
2019,5,Fri,6,52.54341,13.42536,afternoon,13,daylight,0,dry,0,0,7,0,1,0,1,0,0,3,slightly_injured
2019,5,Fri,6,52.55555,13.39025,afternoon,14,daylight,0,dry,0,2,6,0,1,0,1,0,0,3,slightly_injured
2019,5,Fri,6,52.48934,13.3757,afternoon,15,daylight,0,dry,0,5,7,0,1,0,1,0,0,3,slightly_injured
2019,5,Fri,6,52.58978,13.3341,afternoon,15,daylight,0,dry,0,5,2,1,1,0,0,0,0,2,seriously_injured
2019,5,Thu,5,52.51004,13.3919,afternoon,16,daylight,0,dry,0,1,5,1,1,0,0,0,1,3,slightly_injured
2019,5,Thu,5,52.54465,13.44589,morning,8,daylight,0,dry,0,5,3,1,1,0,0,0,0,3,slightly_injured
2019,5,Thu,5,52.4629,13.46981,morning,6,daylight,0,dry,0,2,7,0,1,0,1,0,0,2,seriously_injured
2019,5,Thu,5,52.51399,13.39113,morning,11,daylight,0,dry,0,6,2,0,1,1,0,0,0,3,slightly_injured
2019,5,Thu,5,52.42573,13.54514,evening,18,daylight,0,dry,0,5,2,1,1,0,0,0,0,3,slightly_injured
2019,5,Thu,5,52.51195,13.40881,evening,18,daylight,0,dry,0,0,3,1,1,0,0,0,0,3,slightly_injured
2019,5,Thu,5,52.50617,13.41963,morning,8,daylight,0,dry,0,5,3,1,1,0,0,0,0,3,slightly_injured
2019,5,Thu,5,52.57682,13.3133,afternoon,16,daylight,0,dry,0,5,2,1,1,0,0,0,0,3,slightly_injured
2019,5,Thu,5,52.52193,13.32689,afternoon,15,daylight,0,dry,0,1,5,0,1,0,1,0,0,3,slightly_injured
2019,5,Thu,5,52.50442,13.41452,afternoon,14,daylight,0,dry,0,5,5,1,1,0,0,0,0,3,slightly_injured
2019,5,Thu,5,52.42709,13.44697,afternoon,15,daylight,0,dry,0,5,2,0,1,0,0,0,0,2,seriously_injured
2019,5,Thu,5,52.58138,13.31864,afternoon,15,daylight,0,dry,0,2,6,0,1,0,0,0,0,3,slightly_injured
2019,5,Thu,5,52.54959,13.47482,afternoon,15,daylight,0,dry,0,5,2,0,1,0,1,0,0,2,seriously_injured
2019,5,Thu,5,52.46657,13.30978,morning,9,daylight,0,dry,0,5,3,1,1,0,0,0,0,2,seriously_injured
2019,5,Thu,5,52.53898,13.21942,afternoon,12,daylight,0,dry,0,5,3,0,0,0,1,0,1,3,slightly_injured