ujahr,umonat,weekday,uwochentag,long,lat,time_of_day,ustunde,light_condition,ulichtverh,street_condition,ustrzustand,uart,utyp1,ist_rad,ist_pkw,ist_fuss,ist_krad,ist_gkfz,ist_sonstige,ukategorie,accident_outcome
2019,5,Thu,5,52.53534,13.32817,afternoon,12,daylight,0,dry,0,5,2,1,0,0,0,1,0,3,slightly_injured
2019,5,Thu,5,52.50669,13.29278,morning,11,daylight,0,dry,0,5,3,0,1,0,0,0,0,3,slightly_injured
2019,5,Thu,5,52.45706,13.32076,afternoon,15,daylight,0,dry,0,6,7,0,1,1,0,0,0,3,slightly_injured
2019,5,Thu,5,52.4008,13.53927,afternoon,15,daylight,0,dry,0,6,7,0,1,1,0,0,0,3,slightly_injured
2019,5,Thu,5,52.49526,13.36643,morning,10,daylight,0,dry,0,5,3,1,1,0,0,0,0,3,slightly_injured
2019,5,Thu,5,52.50049,13.46404,morning,10,daylight,0,dry,0,5,2,0,1,0,0,0,1,3,slightly_injured
2019,5,Thu,5,52.46416,13.34815,morning,8,daylight,0,dry,0,2,6,0,1,0,0,0,1,3,slightly_injured
2019,5,Thu,5,52.52261,13.4097,morning,8,daylight,0,dry,0,3,6,0,0,0,0,0,1,3,slightly_injured
2019,5,Thu,5,52.50681,13.39808,morning,8,daylight,0,dry,0,0,1,0,0,0,1,0,0,2,seriously_injured
2019,5,Thu,5,52.51355,13.43138,night,0,dark,2,dry,0,1,5,1,1,0,0,0,0,3,slightly_injured
2019,5,Thu,5,52.45938,13.37642,morning,8,daylight,0,dry,0,0,1,1,0,0,0,0,0,3,slightly_injured
2019,5,Wed,4,52.50864,13.43496,afternoon,16,daylight,0,dry,0,6,2,1,0,1,0,0,0,3,slightly_injured
2019,5,Wed,4,52.43146,13.30969,evening,19,daylight,0,dry,0,5,2,0,1,0,0,0,0,3,slightly_injured
2019,5,Wed,4,52.48198,13.43383,evening,19,daylight,0,dry,0,3,6,0,1,0,0,0,0,2,seriously_injured
2019,5,Wed,4,52.49902,13.42748,evening,22,dark,2,dry,0,6,4,1,0,1,0,0,0,3,slightly_injured
2019,5,Wed,4,52.56699,13.47695,afternoon,12,daylight,0,dry,0,5,2,1,1,0,0,0,0,3,slightly_injured
2019,5,Wed,4,52.53382,13.19362,evening,21,dark,2,dry,0,2,6,0,1,0,1,0,0,2,seriously_injured
2019,5,Wed,4,52.59152,13.34609,evening,19,daylight,0,dry,0,5,2,0,1,0,1,0,0,3,slightly_injured
2019,5,Wed,4,52.51089,13.43739,evening,18,daylight,0,dry,0,6,7,0,1,1,0,0,0,3,slightly_injured
2019,5,Wed,4,52.49594,13.45414,evening,18,daylight,0,dry,0,6,2,0,1,1,0,0,0,3,slightly_injured
2019,5,Wed,4,52.46362,13.38525,afternoon,14,daylight,0,dry,0,6,7,1,0,1,0,0,0,3,slightly_injured
2019,5,Wed,4,52.49594,13.29594,afternoon,13,daylight,0,dry,0,5,2,0,1,0,1,0,0,3,slightly_injured
2019,5,Wed,4,52.4573,13.30236,afternoon,13,daylight,0,dry,0,1,5,1,1,0,0,0,1,3,slightly_injured
2019,5,Wed,4,52.54371,13.24287,afternoon,12,daylight,0,dry,0,2,2,0,1,0,1,0,0,3,slightly_injured
2019,5,Wed,4,52.51563,13.31384,afternoon,12,daylight,0,dry,0,3,6,1,1,0,0,0,0,3,slightly_injured
2019,5,Wed,4,52.50105,13.40171,afternoon,17,daylight,0,dry,0,5,2,0,1,0,1,0,0,3,slightly_injured
2019,5,Wed,4,52.42865,13.43511,afternoon,12,daylight,0,dry,0,5,3,0,1,0,0,0,0,3,slightly_injured
2019,5,Wed,4,52.62946,13.29426,afternoon,12,daylight,0,dry,0,5,3,1,1,0,0,0,0,3,slightly_injured
2019,5,Wed,4,52.49876,13.32461,afternoon,15,daylight,0,dry,0,0,2,0,1,0,0,0,1,3,slightly_injured
2019,5,Wed,4,52.48493,13.32029,afternoon,15,daylight,0,dry,0,0,6,1,1,0,0,0,0,3,slightly_injured
2019,5,Wed,4,52.51323,13.57686,afternoon,16,daylight,0,dry,0,2,1,0,1,0,0,0,0,3,slightly_injured
2019,5,Wed,4,52.50378,13.4103,morning,10,daylight,0,dry,1,0,1,0,0,0,1,0,0,3,slightly_injured
2019,4,Tue,3,52.58278,13.29542,afternoon,17,daylight,0,dry,0,5,3,1,1,0,0,0,0,3,slightly_injured
2019,4,Tue,3,52.49529,13.36596,morning,6,daylight,0,dry,0,5,3,0,1,0,1,0,0,2,seriously_injured
2019,4,Tue,3,52.55601,13.3845,morning,9,daylight,0,dry,0,2,2,0,1,0,0,0,0,3,slightly_injured
2019,4,Tue,3,52.43485,13.54001,afternoon,15,daylight,0,dry,0,6,6,1,0,1,0,0,0,3,slightly_injured
2019,4,Tue,3,52.49992,13.41831,afternoon,17,daylight,0,dry,0,1,5,0,1,0,1,0,0,3,slightly_injured
2019,4,Tue,3,52.54269,13.33445,morning,7,dusk,1,dry,0,2,6,0,1,0,0,0,0,3,slightly_injured
2019,4,Tue,3,52.42839,13.52249,evening,23,dark,2,dry,0,5,3,0,1,0,1,0,0,3,slightly_injured
2019,4,Tue,3,52.53723,13.37458,afternoon,15,daylight,0,dry,0,5,2,0,0,0,1,0,1,2,seriously_injured
2019,4,Tue,3,52.55279,13.38035,afternoon,15,daylight,0,dry,0,3,6,1,1,0,0,0,0,3,slightly_injured
2019,4,Tue,3,52.44523,13.50358,afternoon,15,daylight,0,dry,0,5,3,1,1,0,0,0,0,3,slightly_injured
2019,4,Tue,3,52.48347,13.37679,afternoon,15,daylight,0,dry,0,5,3,1,0,0,0,0,1,3,slightly_injured
2019,4,Tue,3,52.4664,13.32501,afternoon,15,daylight,0,dry,0,5,3,1,1,0,0,0,0,3,slightly_injured
2019,4,Tue,3,52.50108,13.27924,afternoon,15,daylight,0,dry,0,5,7,1,1,0,0,0,0,2,seriously_injured
2019,4,Tue,3,52.50614,13.40165,afternoon,15,daylight,0,dry,0,5,2,1,1,0,0,0,0,2,seriously_injured
2019,4,Tue,3,52.53105,13.34771,afternoon,15,daylight,0,dry,0,5,7,0,1,0,1,0,0,2,seriously_injured
2019,4,Tue,3,52.50376,13.39898,afternoon,14,daylight,0,dry,0,5,3,1,1,0,0,0,0,3,slightly_injured
2019,4,Tue,3,52.5326,13.32653,afternoon,14,daylight,0,dry,0,5,2,1,0,0,0,1,0,3,slightly_injured
2019,4,Tue,3,52.48788,13.61403,afternoon,14,daylight,0,dry,0,3,6,1,0,0,0,0,1,3,slightly_injured
2019,4,Tue,3,52.50942,13.2895,afternoon,15,daylight,0,dry,0,1,5,0,1,0,0,0,0,3,slightly_injured
2019,4,Tue,3,52.48621,13.35585,afternoon,13,daylight,0,dry,0,5,7,1,1,0,0,0,0,3,slightly_injured
2019,4,Tue,3,52.49414,13.31513,morning,11,daylight,0,dry,0,5,2,1,1,0,0,0,0,3,slightly_injured
2019,4,Tue,3,52.46654,13.50901,morning,6,daylight,0,dry,0,5,7,0,1,0,0,1,0,3,slightly_injured
2019,5,Thu,5,52.5475,13.43894,evening,18,daylight,0,dry,0,2,6,0,1,0,0,0,0,3,slightly_injured
2019,4,Tue,3,52.53966,13.53438,morning,6,daylight,0,dry,0,1,5,0,1,0,0,1,0,3,slightly_injured
2019,4,Tue,3,52.54631,13.23728,morning,6,daylight,0,dry,0,5,3,0,1,0,0,0,0,3,slightly_injured
2019,5,Thu,5,52.43583,13.38359,evening,18,daylight,0,dry,0,5,3,0,1,0,0,0,0,3,slightly_injured
2019,5,Thu,5,52.55097,13.40845,afternoon,14,daylight,0,dry,1,5,3,1,0,0,0,0,0,3,slightly_injured
2019,4,Tue,3,52.55645,13.37516,morning,6,daylight,0,dry,0,2,6,0,1,0,0,0,0,3,slightly_injured
2019,5,Thu,5,52.51878,13.5638,afternoon,14,daylight,0,dry,1,2,6,0,1,0,0,0,0,2,seriously_injured
2019,5,Thu,5,52.50563,13.51616,afternoon,14,daylight,0,dry,1,5,3,1,1,0,0,0,0,3,slightly_injured
2019,5,Fri,6,52.45977,13.32182,afternoon,16,daylight,0,dry,0,1,5,1,1,0,0,0,0,3,slightly_injured
2019,5,Fri,6,52.52599,13.45893,afternoon,16,daylight,0,dry,0,2,2,0,0,0,1,0,1,3,slightly_injured
2019,5,Fri,6,52.51324,13.42432,afternoon,16,daylight,0,dry,0,2,6,0,1,0,1,0,0,3,slightly_injured
2019,5,Fri,6,52.55016,13.29554,afternoon,15,daylight,0,dry,0,2,6,0,1,0,0,0,0,2,seriously_injured
2019,5,Fri,6,52.52455,13.37931,afternoon,15,daylight,0,dry,0,1,5,1,1,0,0,0,0,3,slightly_injured
2019,5,Fri,6,52.47475,13.17497,afternoon,15,daylight,0,dry,0,5,2,0,1,0,1,0,0,3,slightly_injured
2019,5,Fri,6,52.50686,13.39292,afternoon,15,daylight,0,dry,0,2,6,0,1,0,0,0,1,3,slightly_injured
2019,5,Fri,6,52.54264,13.46918,afternoon,13,daylight,0,dry,0,5,2,0,0,0,0,1,1,3,slightly_injured
2019,5,Fri,6,52.49472,13.32612,afternoon,13,daylight,0,dry,0,5,2,1,1,0,0,0,0,2,seriously_injured
2019,5,Fri,6,52.52777,13.39014,afternoon,13,daylight,0,dry,0,0,5,1,0,0,0,0,1,3,slightly_injured
2019,5,Fri,6,52.50164,13.41631,afternoon,13,daylight,0,dry,0,5,3,0,1,0,0,0,0,3,slightly_injured
2019,5,Fri,6,52.50092,13.46889,afternoon,12,daylight,0,dry,0,3,6,1,0,0,0,0,1,3,slightly_injured
2019,5,Fri,6,52.42936,13.54206,morning,11,daylight,0,dry,0,0,3,0,1,0,0,0,1,3,slightly_injured
2019,5,Thu,5,52.49298,13.44445,morning,9,daylight,0,dry,0,3,6,1,0,0,0,0,1,3,slightly_injured
2019,5,Thu,5,52.44972,13.31527,evening,20,dusk,1,dry,0,2,6,0,1,0,0,0,0,3,slightly_injured
2019,5,Thu,5,52.5366,13.27184,evening,19,daylight,0,dry,1,5,2,0,1,0,0,0,0,3,slightly_injured
2019,5,Thu,5,52.53137,13.36132,evening,19,daylight,0,dry,1,5,3,1,1,0,0,0,0,3,slightly_injured
2019,5,Thu,5,52.55634,13.36374,evening,19,daylight,0,dry,1,2,6,0,1,0,0,0,0,3,slightly_injured
2019,5,Thu,5,52.57815,13.29788,evening,23,dark,2,dry,1,0,1,0,0,0,1,0,0,3,slightly_injured
2019,5,Thu,5,52.41789,13.30515,morning,8,daylight,0,dry,1,0,1,0,0,0,0,0,1,3,slightly_injured
2019,5,Thu,5,52.54679,13.20215,afternoon,12,daylight,0,dry,1,2,4,0,1,1,0,0,0,3,slightly_injured
2019,5,Thu,5,52.50132,13.28152,afternoon,12,daylight,0,dry,1,2,6,0,1,0,0,1,0,3,slightly_injured
2019,5,Thu,5,52.41888,13.31014,afternoon,12,daylight,0,dry,1,6,2,0,0,1,0,0,1,3,slightly_injured
2019,5,Thu,5,52.49631,13.39859,morning,11,daylight,0,dry,1,5,3,0,1,0,0,0,0,3,slightly_injured
2019,5,Thu,5,52.53401,13.55952,morning,10,daylight,0,dry,1,6,2,0,1,1,0,0,0,3,slightly_injured
2019,5,Thu,5,52.51076,13.45166,morning,10,daylight,0,dry,1,0,2,0,1,0,0,0,1,3,slightly_injured
2019,5,Thu,5,52.50862,13.43421,morning,10,daylight,0,dry,1,2,6,0,0,0,0,0,1,3,slightly_injured
2019,5,Thu,5,52.51017,13.43787,morning,9,daylight,0,dry,1,5,3,1,1,0,0,0,0,3,slightly_injured
2019,5,Thu,5,52.49822,13.42954,morning,9,daylight,0,dry,1,5,3,0,1,0,1,0,0,3,slightly_injured
2019,5,Thu,5,52.5707,13.3795,morning,9,daylight,0,dry,1,5,3,0,1,0,0,0,0,3,slightly_injured
2019,5,Thu,5,52.49653,13.39806,morning,8,daylight,0,dry,1,2,6,0,1,0,0,0,0,3,slightly_injured
2019,5,Thu,5,52.55371,13.37713,morning,8,daylight,0,dry,1,5,2,0,1,0,0,0,0,3,slightly_injured
2019,5,Thu,5,52.51499,13.46283,morning,8,daylight,0,dry,1,5,2,0,1,0,1,0,0,2,seriously_injured
2019,5,Thu,5,52.56981,13.44226,morning,8,daylight,0,dry,1,4,6,0,1,0,0,1,0,3,slightly_injured
2019,5,Thu,5,52.44255,13.37802,morning,6,daylight,0,dry,1,6,2,0,1,1,0,0,0,3,slightly_injured
2019,5,Thu,5,52.5214,13.32815,night,5,dusk,1,dry,1,1,1,0,1,0,0,0,0,2,seriously_injured
2019,5,Thu,5,52.51949,13.48013,night,2,dark,2,dry,1,6,4,0,0,1,0,1,0,2,seriously_injured
2019,5,Thu,5,52.43371,13.34428,afternoon,17,daylight,0,dry,0,6,4,0,1,1,0,0,0,2,seriously_injured
2019,5,Thu,5,52.5283,13.41703,afternoon,17,daylight,0,dry,1,2,6,0,1,0,1,0,0,3,slightly_injured
2019,5,Thu,5,52.53216,13.21192,afternoon,13,daylight,0,dry,1,1,5,1,1,0,0,0,0,3,slightly_injured
2019,5,Thu,5,52.49175,13.50762,afternoon,17,daylight,0,dry,0,1,5,1,1,0,0,0,0,2,seriously_injured
2019,5,Thu,5,52.4986,13.44658,afternoon,17,daylight,0,dry,0,1,5,1,1,0,0,0,0,3,slightly_injured
2019,5,Thu,5,52.51498,13.46283,afternoon,16,daylight,0,dry,1,0,2,0,0,0,1,0,1,3,slightly_injured
2019,5,Thu,5,52.55243,13.37908,afternoon,16,daylight,0,dry,1,6,4,0,1,1,0,0,0,3,slightly_injured
2019,5,Thu,5,52.51508,13.38151,afternoon,15,daylight,0,dry,1,6,2,0,1,1,0,0,0,3,slightly_injured
2019,5,Thu,5,52.55618,13.42042,afternoon,15,daylight,0,dry,1,1,5,1,1,0,0,0,0,3,slightly_injured
2019,5,Thu,5,52.50997,13.32497,afternoon,15,daylight,0,dry,1,5,5,0,0,0,1,0,1,3,slightly_injured
2019,5,Thu,5,52.58833,13.32798,afternoon,15,daylight,0,dry,1,0,1,0,0,0,1,0,0,2,seriously_injured
2019,5,Thu,5,52.45598,13.3755,afternoon,14,daylight,0,dry,1,2,6,0,1,0,0,0,0,3,slightly_injured
2019,5,Thu,5,52.55588,13.38237,afternoon,14,daylight,0,dry,1,2,6,0,1,0,0,0,0,3,slightly_injured
2019,5,Wed,4,52.54586,13.57132,morning,10,daylight,0,dry,0,2,6,0,1,0,0,0,0,3,slightly_injured
2019,5,Wed,4,52.50969,13.2715,morning,10,daylight,0,dry,0,5,3,0,1,0,1,0,0,2,seriously_injured
2019,5,Wed,4,52.46044,13.41812,morning,11,daylight,0,dry,0,5,2,1,1,0,0,0,0,3,slightly_injured
2019,5,Wed,4,52.51829,13.40965,afternoon,12,daylight,0,dry,0,5,3,1,1,0,0,0,0,3,slightly_injured
2019,5,Wed,4,52.54118,13.41042,afternoon,14,daylight,0,dry,0,2,6,0,0,0,0,1,1,3,slightly_injured
2019,5,Wed,4,52.46256,13.58047,afternoon,14,daylight,0,dry,1,5,3,1,1,0,0,0,0,3,slightly_injured
2019,5,Wed,4,52.54853,13.16068,afternoon,15,daylight,0,dry,0,1,5,1,1,0,0,0,0,3,slightly_injured
2019,5,Wed,4,52.52735,13.19603,afternoon,16,daylight,0,dry,0,5,3,1,1,0,0,0,0,3,slightly_injured
2019,5,Wed,4,52.49522,13.28582,afternoon,16,daylight,0,dry,0,2,6,0,1,0,0,0,0,3,slightly_injured
2019,5,Wed,4,52.52875,13.12199,afternoon,16,daylight,0,dry,0,2,6,0,1,0,0,0,0,3,slightly_injured
2019,5,Wed,4,52.50796,13.40464,afternoon,17,daylight,0,dry,0,1,5,1,1,0,0,0,0,3,slightly_injured
2019,5,Wed,4,52.51877,13.28593,afternoon,17,daylight,0,dry,0,2,6,0,1,0,0,0,0,3,slightly_injured
2019,5,Wed,4,52.53582,13.60132,evening,18,daylight,0,dry,0,5,3,1,1,0,0,0,0,3,slightly_injured
2019,5,Wed,4,52.53911,13.61991,afternoon,15,daylight,0,dry,1,6,4,0,1,1,0,0,0,2,seriously_injured
2019,5,Wed,4,52.53642,13.13144,afternoon,12,daylight,0,dry,0,0,5,0,1,0,0,0,1,3,slightly_injured
2019,5,Wed,4,52.50764,13.30228,afternoon,17,daylight,0,dry,0,2,6,0,1,0,0,0,0,3,slightly_injured
2019,5,Wed,4,52.50636,13.3441,morning,10,daylight,0,dry,0,2,6,0,1,0,0,0,0,3,slightly_injured
2019,5,Wed,4,52.55409,13.40612,morning,10,daylight,0,dry,0,2,2,0,0,0,1,0,0,3,slightly_injured
2019,5,Wed,4,52.49897,13.30197,morning,9,daylight,0,dry,0,6,7,0,1,1,0,0,0,2,seriously_injured
2019,5,Wed,4,52.52496,13.34626,morning,9,daylight,0,dry,0,5,3,1,1,0,0,0,0,3,slightly_injured
2019,5,Wed,4,52.49254,13.40203,morning,9,daylight,0,dry,0,5,2,1,1,0,0,0,0,3,slightly_injured
2019,5,Wed,4,52.51366,13.42391,morning,9,daylight,0,dry,0,2,6,1,0,0,0,0,0,3,slightly_injured
2019,5,Wed,4,52.51264,13.28157,morning,9,daylight,0,dry,0,3,6,0,1,0,0,0,0,3,slightly_injured
2019,5,Wed,4,52.49315,13.38711,morning,9,daylight,0,dry,0,2,2,0,1,0,0,0,0,3,slightly_injured
2019,5,Wed,4,52.49912,13.30195,evening,22,dark,2,dry,0,0,2,0,1,0,1,0,0,3,slightly_injured
2019,5,Wed,4,52.51563,13.38912,morning,8,daylight,0,dry,0,2,3,1,1,0,0,0,0,3,slightly_injured
2019,5,Wed,4,52.50011,13.41451,morning,8,daylight,0,dry,0,6,2,0,0,1,0,0,1,3,slightly_injured
2019,5,Wed,4,52.56997,13.30018,morning,8,daylight,0,dry,0,5,3,1,1,0,0,0,0,3,slightly_injured
2019,5,Wed,4,52.52036,13.47895,morning,8,daylight,0,dry,0,1,5,1,1,0,0,0,0,3,slightly_injured
2019,5,Wed,4,52.48395,13.34223,morning,7,daylight,0,dry,0,5,3,1,1,0,0,0,0,3,slightly_injured
2019,5,Wed,4,52.43501,13.53989,morning,7,daylight,0,dry,0,6,4,0,1,1,0,0,0,3,slightly_injured
2019,5,Wed,4,52.5434,13.37682,evening,21,dark,2,dry,1,8,1,0,1,0,0,0,0,3,slightly_injured
2019,5,Wed,4,52.47385,13.44431,morning,7,daylight,0,dry,0,6,4,0,1,1,0,0,0,3,slightly_injured
2019,5,Wed,4,52.44416,13.56912,morning,7,daylight,0,dry,0,5,3,0,1,0,1,0,0,3,slightly_injured
2019,5,Wed,4,52.52841,13.22745,morning,7,daylight,0,dry,0,5,2,1,1,0,0,0,0,2,seriously_injured
2019,5,Wed,4,52.53622,13.27326,morning,6,daylight,0,dry,0,2,6,0,1,0,0,0,0,3,slightly_injured
2019,5,Wed,4,52.49361,13.32367,evening,18,daylight,0,dry,1,5,2,1,1,0,0,0,0,3,slightly_injured
2019,5,Tue,3,52.41391,13.57444,morning,7,daylight,0,dry,0,4,6,1,0,0,0,0,0,3,slightly_injured
2019,5,Tue,3,52.53617,13.47328,morning,6,daylight,0,dry,0,5,2,1,1,0,0,0,0,3,slightly_injured
2019,5,Tue,3,52.47879,13.32029,evening,18,daylight,0,dry,0,5,2,0,1,0,0,0,0,3,slightly_injured
2019,5,Tue,3,52.45137,13.57257,afternoon,17,daylight,0,dry,0,6,4,0,1,1,0,0,0,3,slightly_injured
2019,5,Tue,3,52.57669,13.31428,afternoon,16,daylight,0,dry,0,6,2,0,1,1,0,0,0,3,slightly_injured
2019,5,Tue,3,52.55798,13.37382,afternoon,16,daylight,0,dry,0,6,4,0,1,1,0,0,0,2,seriously_injured
2019,5,Tue,3,52.53686,13.22137,night,5,daylight,0,dry,0,5,2,1,1,0,0,0,0,3,slightly_injured
2019,5,Tue,3,52.54992,13.17167,evening,19,daylight,0,dry,0,5,3,0,1,0,0,0,0,3,slightly_injured
2019,5,Tue,3,52.54543,13.24798,afternoon,16,daylight,0,dry,0,5,7,0,1,0,0,1,0,2,seriously_injured
2019,5,Tue,3,52.52578,13.38735,afternoon,17,daylight,0,dry,0,8,1,0,1,0,0,0,0,3,slightly_injured
2019,5,Tue,3,52.54478,13.3786,afternoon,13,daylight,0,dry,0,5,2,0,1,0,0,0,0,3,slightly_injured
2019,5,Tue,3,52.49692,13.29009,evening,22,dark,2,dry,0,6,4,0,1,1,0,0,0,2,seriously_injured
2019,5,Tue,3,52.39134,13.39287,afternoon,13,daylight,0,dry,0,5,2,1,1,0,0,0,0,3,slightly_injured
2019,5,Tue,3,52.59755,13.33912,afternoon,13,daylight,0,dry,0,5,3,1,1,0,0,0,0,3,slightly_injured
2019,5,Tue,3,52.54553,13.42789,afternoon,13,daylight,0,dry,0,5,2,1,1,0,0,0,0,3,slightly_injured
2019,5,Tue,3,52.46479,13.32843,morning,11,daylight,0,dry,0,5,2,1,1,0,0,0,0,3,slightly_injured
2019,5,Tue,3,52.501,13.34618,morning,9,daylight,0,dry,0,5,2,1,1,0,0,0,0,3,slightly_injured
2019,5,Tue,3,52.48377,13.53068,morning,9,daylight,0,dry,0,0,7,1,0,0,0,0,0,3,slightly_injured
2019,5,Tue,3,52.44336,13.58058,afternoon,15,daylight,0,dry,0,0,4,0,0,1,0,0,1,3,slightly_injured
2019,5,Tue,3,52.4118,13.38735,morning,9,daylight,0,dry,0,5,7,0,1,0,0,0,0,2,seriously_injured
2019,5,Tue,3,52.45113,13.27071,morning,9,daylight,0,dry,0,2,6,0,1,0,0,0,0,3,slightly_injured
2019,5,Tue,3,52.53302,13.19824,morning,8,daylight,0,dry,0,3,2,0,1,0,0,1,0,3,slightly_injured
2019,5,Tue,3,52.57305,13.42107,morning,8,daylight,0,dry,0,2,6,0,1,0,0,1,0,3,slightly_injured
2019,5,Tue,3,52.43683,13.37301,morning,7,daylight,0,dry,0,5,2,1,0,0,0,0,1,3,slightly_injured
2019,5,Tue,3,52.55611,13.19112,morning,7,daylight,0,dry,0,5,7,0,1,0,1,0,0,3,slightly_injured
2019,5,Tue,3,52.55393,13.42215,morning,7,daylight,0,dry,0,5,3,0,1,0,0,0,0,3,slightly_injured
2019,5,Tue,3,52.43803,13.5373,afternoon,16,daylight,0,dry,0,2,6,0,1,0,0,0,1,3,slightly_injured
2019,5,Tue,3,52.54274,13.41192,afternoon,16,daylight,0,dry,0,5,3,1,1,0,0,0,0,3,slightly_injured
2019,5,Tue,3,52.55221,13.42702,afternoon,16,daylight,0,dry,0,5,3,1,1,0,0,0,0,3,slightly_injured
2019,5,Tue,3,52.42856,13.49136,afternoon,15,daylight,0,dry,0,2,6,0,1,0,0,0,0,3,slightly_injured
2019,5,Tue,3,52.50192,13.43384,afternoon,15,daylight,0,dry,0,1,5,1,1,0,0,0,0,3,slightly_injured
2019,5,Tue,3,52.46166,13.37553,afternoon,15,daylight,0,dry,0,1,5,1,0,0,0,0,1,3,slightly_injured
2019,5,Tue,3,52.52402,13.35227,morning,11,daylight,0,dry,0,5,3,1,0,0,1,0,0,3,slightly_injured
2019,5,Tue,3,52.4666,13.43184,morning,11,daylight,0,dry,0,0,6,1,0,0,0,0,1,3,slightly_injured
2019,5,Mon,2,52.55233,13.57354,afternoon,14,daylight,0,dry,0,5,3,0,1,0,0,0,0,3,slightly_injured
2019,5,Mon,2,52.496,13.39989,afternoon,16,daylight,0,dry,0,6,7,1,0,1,0,0,0,3,slightly_injured
2019,5,Mon,2,52.52296,13.46413,afternoon,12,daylight,0,dry,0,1,5,1,1,0,0,0,0,3,slightly_injured
2019,5,Mon,2,52.41333,13.35468,morning,9,daylight,0,dry,0,0,5,0,1,0,0,0,1,2,seriously_injured
2019,5,Mon,2,52.50875,13.50236,afternoon,15,daylight,0,dry,0,5,3,1,1,0,0,0,0,3,slightly_injured
2019,5,Mon,2,52.51685,13.17809,morning,11,daylight,0,dry,0,0,1,0,1,0,1,0,0,2,seriously_injured
2019,5,Mon,2,52.51213,13.40856,morning,9,daylight,0,dry,0,3,6,1,0,0,0,0,0,3,slightly_injured
2019,5,Mon,2,52.5105,13.43028,afternoon,15,daylight,0,dry,0,5,3,0,1,0,0,0,0,3,slightly_injured
2019,5,Mon,2,52.56744,13.52757,afternoon,15,daylight,0,dry,0,6,7,0,0,1,1,0,0,3,slightly_injured
2019,5,Mon,2,52.52888,13.44908,afternoon,14,daylight,0,dry,0,2,2,1,1,0,0,0,0,3,slightly_injured
2019,5,Mon,2,52.49557,13.5232,afternoon,14,daylight,0,dry,0,5,2,1,1,0,0,0,0,3,slightly_injured
2019,5,Mon,2,52.5058,13.5199,afternoon,14,daylight,0,dry,0,5,7,0,1,0,0,0,1,2,seriously_injured
2019,5,Mon,2,52.54136,13.26181,afternoon,14,daylight,0,dry,0,5,3,1,1,0,0,0,0,3,slightly_injured
2019,5,Mon,2,52.43875,13.47436,afternoon,13,daylight,0,dry,0,2,6,0,1,0,0,0,0,3,slightly_injured
2019,5,Mon,2,52.49921,13.44551,morning,11,daylight,0,dry,0,5,2,0,1,0,1,0,0,3,slightly_injured
2019,5,Mon,2,52.53731,13.37462,morning,10,daylight,0,dry,0,2,2,1,1,0,0,0,0,3,slightly_injured
2019,5,Mon,2,52.54472,13.5636,morning,9,daylight,0,dry,0,2,6,0,1,0,0,0,0,3,slightly_injured
2019,5,Mon,2,52.48329,13.43512,morning,10,daylight,0,dry,0,0,1,0,0,0,1,0,0,3,slightly_injured
2019,5,Mon,2,52.52402,13.40977,morning,9,daylight,0,dry,0,5,2,1,0,0,0,1,0,2,seriously_injured
2019,5,Mon,2,52.54112,13.49394,afternoon,15,daylight,0,dry,0,5,3,0,1,0,0,0,0,3,slightly_injured
2019,5,Mon,2,52.42437,13.58672,afternoon,14,daylight,0,dry,0,8,1,0,1,0,0,0,0,3,slightly_injured
2019,5,Mon,2,52.49664,13.43415,morning,8,daylight,0,dry,0,5,2,1,1,0,0,0,0,2,seriously_injured
2019,5,Mon,2,52.50931,13.39989,morning,8,daylight,0,dry,0,1,5,1,1,0,0,0,1,3,slightly_injured
2019,5,Mon,2,52.5005,13.34978,morning,8,daylight,0,dry,0,6,4,0,0,1,1,0,0,2,seriously_injured
2019,5,Mon,2,52.46271,13.34307,morning,8,daylight,0,dry,0,2,7,0,1,0,1,1,0,3,slightly_injured
2019,5,Mon,2,52.42446,13.56418,morning,8,daylight,0,dry,0,5,2,1,0,0,0,1,0,3,slightly_injured
2019,5,Mon,2,52.46208,13.27945,morning,7,daylight,0,dry,0,0,1,0,0,0,1,0,0,3,slightly_injured
2019,5,Mon,2,52.47632,13.31623,morning,7,daylight,0,dry,0,5,3,0,1,0,1,0,0,3,slightly_injured
2019,5,Mon,2,52.4011,13.38222,afternoon,12,daylight,0,dry,0,5,3,1,1,0,0,0,0,3,slightly_injured
2019,5,Mon,2,52.51095,13.46881,evening,20,daylight,0,dry,0,5,3,0,1,0,0,0,1,3,slightly_injured
2019,5,Mon,2,52.45245,13.38254,evening,19,daylight,0,dry,0,1,1,0,1,0,0,0,0,3,slightly_injured
2019,5,Mon,2,52.56243,13.33099,evening,18,daylight,0,dry,0,2,6,0,1,0,0,0,0,3,slightly_injured
2019,5,Mon,2,52.57594,13.32075,evening,18,dusk,1,dry,0,6,4,0,1,1,0,0,0,2,seriously_injured
2019,5,Mon,2,52.47938,13.3108,evening,18,daylight,0,dry,0,6,7,0,1,1,0,0,0,3,slightly_injured
2019,5,Mon,2,52.54647,13.59889,afternoon,17,daylight,0,dry,0,5,3,1,1,0,0,0,0,3,slightly_injured
2019,5,Mon,2,52.50833,13.41439,afternoon,17,daylight,0,dry,0,1,5,1,0,0,0,0,1,3,slightly_injured
2019,5,Mon,2,52.53348,13.1955,afternoon,16,daylight,0,dry,0,6,4,0,1,1,0,0,0,2,seriously_injured
2019,5,Mon,2,52.52434,13.44909,afternoon,16,daylight,0,dry,0,5,3,0,1,0,0,0,1,3,slightly_injured
2019,5,Mon,2,52.49395,13.4542,afternoon,15,daylight,0,dry,0,5,2,1,0,0,0,0,1,3,slightly_injured
2019,5,Mon,2,52.51243,13.4173,afternoon,13,daylight,0,dry,0,5,3,1,1,0,0,0,0,3,slightly_injured