ujahr,umonat,weekday,uwochentag,long,lat,time_of_day,ustunde,light_condition,ulichtverh,street_condition,ustrzustand,uart,utyp1,ist_rad,ist_pkw,ist_fuss,ist_krad,ist_gkfz,ist_sonstige,ukategorie,accident_outcome
2019,5,Mon,2,52.55076,13.16819,afternoon,12,daylight,0,dry,0,3,3,0,1,0,0,0,0,3,slightly_injured
2019,5,Sun,1,52.47753,13.46266,evening,20,dusk,1,dry,0,0,7,1,1,0,0,0,0,3,slightly_injured
2019,5,Sun,1,52.49864,13.30021,evening,19,daylight,0,dry,0,1,7,1,1,0,0,0,0,3,slightly_injured
2019,5,Sun,1,52.43232,13.31073,evening,18,daylight,0,dry,0,5,7,0,1,0,1,0,0,3,slightly_injured
2019,5,Sun,1,52.49803,13.35321,afternoon,17,daylight,0,dry,0,5,2,1,1,0,0,0,0,3,slightly_injured
2019,5,Sun,1,52.41035,13.30647,afternoon,17,daylight,0,dry,0,1,5,1,1,0,0,0,0,3,slightly_injured
2019,5,Sun,1,52.45662,13.62352,afternoon,16,daylight,0,dry,0,6,7,0,0,1,1,0,0,3,slightly_injured
2019,5,Sun,1,52.4511,13.57222,afternoon,16,daylight,0,dry,0,5,2,1,1,0,0,0,0,3,slightly_injured
2019,5,Sun,1,52.55152,13.42975,afternoon,16,daylight,0,dry,0,2,6,0,1,0,1,0,0,3,slightly_injured
2019,5,Sun,1,52.43864,13.23384,afternoon,16,daylight,0,dry,0,5,3,0,1,0,0,0,0,3,slightly_injured
2019,5,Sun,1,52.43503,13.31186,afternoon,12,daylight,0,dry,0,1,7,1,1,0,0,0,0,3,slightly_injured
2019,5,Sun,1,52.53306,13.60943,afternoon,15,daylight,0,dry,0,5,2,0,1,0,0,0,0,3,slightly_injured
2019,5,Sun,1,52.4706,13.59023,afternoon,14,daylight,0,dry,0,3,6,0,1,0,0,0,0,3,slightly_injured
2019,5,Sun,1,52.59331,13.45395,afternoon,12,daylight,0,dry,0,0,3,1,1,0,0,0,0,3,slightly_injured
2019,5,Sun,1,52.49117,13.43515,afternoon,16,daylight,0,dry,0,3,6,1,1,0,0,0,0,3,slightly_injured
2019,5,Sun,1,52.53237,13.32846,morning,11,daylight,0,dry,0,5,7,0,1,0,1,0,0,2,seriously_injured
2019,5,Sun,1,52.49363,13.38468,morning,9,daylight,0,dry,0,4,6,1,0,0,0,0,0,3,slightly_injured
2019,5,Sun,1,52.50371,13.27915,morning,10,daylight,0,dry,0,5,2,0,1,0,0,0,0,2,seriously_injured
2019,5,Sun,1,52.48708,13.42217,afternoon,13,daylight,0,dry,0,6,4,1,0,1,0,0,0,3,slightly_injured
2019,5,Sun,1,52.52384,13.38735,afternoon,13,daylight,0,dry,0,2,2,1,1,0,0,0,0,3,slightly_injured
2019,5,Sun,1,52.4557,13.55438,morning,10,daylight,0,dry,0,5,2,0,1,0,0,0,1,3,slightly_injured
2019,5,Sun,1,52.48414,13.42885,night,4,dusk,1,dry,1,5,7,0,1,0,0,0,0,3,slightly_injured
2019,5,Sun,1,52.4859,13.45825,evening,20,daylight,0,dry,0,0,7,0,1,0,0,0,0,3,slightly_injured
2019,5,Sun,1,52.59937,13.36048,evening,19,daylight,0,dry,0,5,3,0,1,0,0,0,0,2,seriously_injured
2019,5,Sat,7,52.48006,13.34483,afternoon,12,daylight,0,dry,0,5,3,1,0,0,0,0,1,3,slightly_injured
2019,5,Sun,1,52.5329,13.15439,evening,18,daylight,0,dry,0,5,3,0,1,0,1,0,0,3,slightly_injured
2019,5,Sat,7,52.55254,13.34627,afternoon,14,daylight,0,dry,0,6,2,0,1,1,0,0,0,3,slightly_injured
2019,5,Sun,1,52.50533,13.3356,evening,18,daylight,0,dry,0,2,6,0,1,0,0,0,0,2,seriously_injured
2019,5,Sun,1,52.56476,13.21435,afternoon,17,daylight,0,dry,0,6,4,0,1,1,0,0,0,2,seriously_injured
2019,5,Sat,7,52.52648,13.33935,morning,11,daylight,0,dry,0,3,6,1,0,0,0,0,0,3,slightly_injured
2019,5,Sun,1,52.48138,13.28549,afternoon,16,daylight,0,dry,0,1,5,0,1,0,0,0,0,3,slightly_injured
2019,5,Sun,1,52.53731,13.36027,afternoon,17,daylight,0,dry,0,5,2,0,1,0,0,0,1,2,seriously_injured
2019,5,Sat,7,52.53154,13.19609,afternoon,12,daylight,0,dry,0,2,7,0,1,0,0,0,0,3,slightly_injured
2019,5,Sun,1,52.48539,13.43203,afternoon,16,daylight,0,dry,1,0,1,0,0,0,1,0,0,3,slightly_injured
2019,5,Sat,7,52.53208,13.47153,afternoon,17,daylight,0,dry,1,0,1,0,0,0,1,0,0,2,seriously_injured
2019,5,Sun,1,52.43903,13.6931,afternoon,16,daylight,0,dry,0,5,3,1,1,0,0,0,0,2,seriously_injured
2019,5,Sun,1,52.53249,13.39738,afternoon,16,daylight,0,dry,0,3,6,1,1,0,0,0,0,3,slightly_injured
2019,5,Sat,7,52.43191,13.33818,evening,23,dark,2,dry,0,5,2,0,1,0,0,0,0,3,slightly_injured
2019,5,Sat,7,52.54569,13.19424,evening,19,daylight,0,dry,1,5,2,0,1,0,0,0,0,3,slightly_injured
2019,5,Sun,1,52.43982,13.34314,afternoon,16,daylight,0,dry,1,0,1,0,1,0,1,0,0,3,slightly_injured
2019,5,Sun,1,52.52329,13.35947,afternoon,15,daylight,0,dry,0,5,2,1,1,0,0,0,0,3,slightly_injured
2019,5,Sat,7,52.52402,13.16636,evening,18,dusk,1,dry,1,5,3,0,1,0,0,0,0,3,slightly_injured
2019,5,Sun,1,52.43241,13.21881,afternoon,13,daylight,0,dry,0,1,5,1,1,0,0,0,0,3,slightly_injured
2019,5,Sat,7,52.49817,13.42968,evening,18,daylight,0,dry,1,5,2,1,1,0,0,0,0,3,slightly_injured
2019,5,Sat,7,52.60069,13.42944,afternoon,12,daylight,0,dry,0,5,3,1,1,0,0,0,0,3,slightly_injured
2019,5,Sun,1,52.4195,13.15864,afternoon,13,daylight,0,dry,0,0,3,0,1,0,1,0,0,3,slightly_injured
2019,5,Sun,1,52.55112,13.1653,afternoon,12,daylight,0,dry,0,0,2,0,1,0,1,0,0,3,slightly_injured
2019,5,Sat,7,52.54787,13.18292,morning,11,daylight,0,dry,0,5,2,0,1,0,0,0,0,3,slightly_injured
2019,5,Sun,1,52.50489,13.37132,morning,11,daylight,0,dry,0,2,6,0,1,0,0,0,0,3,slightly_injured
2019,5,Sat,7,52.51289,13.28153,afternoon,12,daylight,0,dry,0,5,2,1,1,0,0,0,0,3,slightly_injured
2019,5,Sun,1,52.60971,13.47637,morning,11,daylight,0,dry,0,1,5,1,1,0,0,0,0,2,seriously_injured
2019,5,Sat,7,52.51913,13.32635,evening,20,daylight,0,dry,1,5,2,0,1,0,1,0,0,3,slightly_injured
2019,5,Sun,1,52.50636,13.31379,morning,9,daylight,0,dry,0,5,2,1,1,0,0,0,0,3,slightly_injured
2019,5,Sat,7,52.42647,13.31372,afternoon,13,daylight,0,dry,0,5,3,1,0,0,0,0,0,3,slightly_injured
2019,5,Sun,1,52.52779,13.36425,night,1,dark,2,dry,1,0,7,1,1,0,0,0,0,3,slightly_injured
2019,5,Sat,7,52.47297,13.30186,afternoon,15,daylight,0,dry,1,1,5,1,1,0,0,0,0,3,slightly_injured
2019,5,Sat,7,52.4763,13.28177,morning,10,daylight,0,dry,0,0,7,1,0,0,0,0,0,3,slightly_injured
2019,5,Sat,7,52.43743,13.33445,afternoon,15,daylight,0,dry,1,5,3,1,1,0,0,0,0,3,slightly_injured
2019,5,Sat,7,52.50311,13.36558,evening,23,dark,2,dry,0,5,2,1,1,0,0,0,0,3,slightly_injured
2019,5,Sat,7,52.51109,13.43066,afternoon,16,daylight,0,dry,1,5,3,1,1,0,0,0,0,3,slightly_injured
2019,5,Sat,7,52.44204,13.29406,morning,9,daylight,0,dry,0,1,5,1,1,0,0,0,0,3,slightly_injured
2019,5,Sat,7,52.52965,13.55796,morning,9,daylight,0,dry,0,5,3,0,1,0,0,0,0,3,slightly_injured
2019,5,Sat,7,52.51818,13.40954,afternoon,17,daylight,0,dry,1,1,5,0,1,0,0,0,0,3,slightly_injured
2019,5,Sat,7,52.54933,13.58336,morning,9,daylight,0,dry,0,5,3,1,1,0,0,0,0,3,slightly_injured
2019,5,Sat,7,52.54936,13.58311,morning,11,daylight,0,dry,0,5,2,1,1,0,0,0,0,3,slightly_injured
2019,5,Sat,7,52.48831,13.44916,night,5,daylight,0,dry,0,0,7,1,0,0,0,0,0,3,slightly_injured
2019,5,Sat,7,52.43758,13.50642,night,1,dark,2,dry,0,1,5,1,1,0,0,0,0,3,slightly_injured
2019,5,Sat,7,52.57328,13.22923,afternoon,17,daylight,0,dry,1,5,3,0,1,0,0,0,0,3,slightly_injured
2019,5,Sat,7,52.45327,13.48037,evening,20,daylight,0,dry,0,6,4,0,1,1,0,0,0,3,slightly_injured
2019,5,Sat,7,52.52946,13.37925,afternoon,15,daylight,0,dry,1,0,1,0,0,0,1,0,0,3,slightly_injured
2019,5,Sat,7,52.51422,13.59074,evening,19,daylight,0,dry,0,0,1,1,0,0,0,0,0,2,seriously_injured
2019,5,Sat,7,52.55661,13.38486,morning,11,daylight,0,dry,0,6,4,1,0,1,0,0,0,3,slightly_injured
2019,5,Sat,7,52.5337,13.19452,evening,18,daylight,0,dry,0,5,2,0,1,0,0,0,0,3,slightly_injured
2019,5,Sat,7,52.55522,13.57456,night,4,dusk,1,dry,0,5,3,0,1,0,0,0,0,3,slightly_injured
2019,5,Sat,7,52.50627,13.41279,morning,8,daylight,0,dry,0,5,2,1,1,0,0,0,0,3,slightly_injured
2019,5,Sat,7,52.4793,13.55968,evening,18,daylight,0,dry,0,2,7,0,1,0,0,0,0,3,slightly_injured
2019,5,Fri,6,52.49642,13.38684,afternoon,15,daylight,0,dry,0,3,6,1,0,0,0,0,0,3,slightly_injured
2019,5,Fri,6,52.44862,13.43683,morning,8,daylight,0,dry,0,5,7,0,1,0,0,0,0,3,slightly_injured
2019,5,Sat,7,52.5579,13.3362,morning,10,daylight,0,dry,0,2,6,0,1,0,0,0,0,3,slightly_injured
2019,5,Fri,6,52.38668,13.40323,morning,7,daylight,0,dry,0,6,2,0,1,1,0,0,0,3,slightly_injured
2019,5,Sat,7,52.5383,13.24745,morning,10,daylight,0,dry,0,2,7,0,1,0,1,0,0,2,seriously_injured
2019,5,Fri,6,52.61255,13.4734,morning,7,daylight,0,dry,1,5,3,1,1,0,0,0,0,3,slightly_injured
2019,5,Sat,7,52.5306,13.40052,morning,11,daylight,0,dry,0,1,5,1,1,0,0,0,0,3,slightly_injured
2019,5,Sat,7,52.52866,13.19258,morning,11,daylight,0,dry,0,6,2,0,1,1,0,0,0,2,seriously_injured
2019,5,Fri,6,52.48749,13.43894,morning,7,daylight,0,dry,1,0,7,1,0,0,0,0,1,3,slightly_injured
2019,5,Fri,6,52.60312,13.42639,morning,7,daylight,0,dry,1,0,3,1,1,0,0,0,0,3,slightly_injured
2019,5,Sat,7,52.55078,13.47607,afternoon,12,daylight,0,dry,0,2,6,0,1,0,1,0,0,3,slightly_injured
2019,5,Sat,7,52.56146,13.20852,afternoon,12,daylight,0,dry,0,2,6,0,1,0,0,0,0,1,killed
2019,5,Fri,6,52.43435,13.46909,morning,6,dusk,1,dry,0,5,2,0,1,0,0,0,0,3,slightly_injured
2019,5,Sat,7,52.51887,13.24775,afternoon,12,daylight,0,dry,0,2,6,0,1,0,0,0,0,3,slightly_injured
2019,5,Fri,6,52.5624,13.49969,night,5,daylight,0,dry,1,5,3,1,1,0,0,0,0,3,slightly_injured
2019,5,Sat,7,52.53804,13.32624,afternoon,13,daylight,0,dry,0,5,2,0,1,0,0,0,1,3,slightly_injured
2019,5,Sat,7,52.54125,13.33461,afternoon,12,daylight,0,dry,0,2,6,0,1,0,0,0,1,3,slightly_injured
2019,5,Fri,6,52.4601,13.58064,night,5,daylight,0,dry,0,5,3,1,1,0,0,0,0,3,slightly_injured
2019,5,Sat,7,52.52314,13.5874,afternoon,13,daylight,0,dry,0,2,7,0,1,0,0,0,1,3,slightly_injured
2019,5,Fri,6,52.55355,13.43129,night,5,daylight,0,dry,1,1,5,1,1,0,0,0,0,3,slightly_injured
2019,5,Sat,7,52.52917,13.23586,afternoon,14,daylight,0,dry,0,1,5,0,1,0,1,0,0,2,seriously_injured
2019,5,Fri,6,52.51333,13.42399,evening,21,dark,2,dry,0,5,3,1,1,0,0,0,0,2,seriously_injured
2019,5,Sat,7,52.42905,13.30301,afternoon,14,daylight,0,dry,0,5,3,0,1,0,0,0,0,3,slightly_injured
2019,5,Fri,6,52.52219,13.40439,evening,18,daylight,0,dry,0,1,5,1,1,0,0,0,1,3,slightly_injured
2019,5,Sat,7,52.56715,13.46536,afternoon,15,daylight,0,dry,0,5,3,1,1,0,0,0,0,3,slightly_injured
2019,5,Sat,7,52.49466,13.35003,afternoon,15,daylight,0,dry,0,2,6,0,1,0,0,0,0,3,slightly_injured
2019,5,Fri,6,52.51907,13.30114,afternoon,17,daylight,0,dry,0,5,3,0,1,0,0,0,0,3,slightly_injured
2019,5,Fri,6,52.39928,13.55371,afternoon,17,daylight,0,dry,0,6,4,0,1,1,0,0,0,2,seriously_injured
2019,5,Sat,7,52.5176,13.30059,afternoon,15,daylight,0,dry,0,2,6,0,1,0,0,0,1,3,slightly_injured
2019,5,Sat,7,52.50532,13.38665,afternoon,17,daylight,0,dry,0,3,2,1,1,0,0,0,0,2,seriously_injured
2019,5,Fri,6,52.50929,13.58966,afternoon,17,daylight,0,dry,0,5,3,0,1,0,0,0,1,2,seriously_injured
2019,5,Sat,7,52.43378,13.50313,evening,22,dark,2,dry,0,5,2,0,1,0,1,0,0,3,slightly_injured
2019,5,Fri,6,52.50219,13.38536,afternoon,16,daylight,0,dry,0,2,6,0,1,0,0,0,0,3,slightly_injured
2019,5,Fri,6,52.55977,13.46264,morning,7,daylight,0,dry,0,5,3,1,1,0,0,0,0,3,slightly_injured
2019,5,Fri,6,52.45587,13.38441,afternoon,15,daylight,0,dry,0,3,6,0,1,0,1,1,0,3,slightly_injured
2019,5,Fri,6,52.49209,13.52706,afternoon,14,daylight,0,dry,0,5,2,0,1,0,0,0,1,2,seriously_injured
2019,5,Fri,6,52.51307,13.39056,afternoon,13,daylight,0,dry,0,5,3,0,1,0,1,0,0,3,slightly_injured
2019,5,Fri,6,52.51308,13.57121,afternoon,17,daylight,0,dry,0,1,6,1,1,0,0,0,0,3,slightly_injured
2019,5,Fri,6,52.53045,13.62194,afternoon,14,daylight,0,dry,0,6,4,0,1,1,0,0,0,2,seriously_injured
2019,5,Fri,6,52.50332,13.38769,night,0,dark,2,dry,1,0,1,1,0,0,0,0,0,3,slightly_injured
2019,5,Fri,6,52.52481,13.38751,afternoon,14,daylight,0,dry,0,6,4,0,0,1,0,0,1,2,seriously_injured
2019,5,Fri,6,52.62198,13.31107,morning,11,daylight,0,dry,0,5,3,1,1,0,0,0,0,3,slightly_injured
2019,5,Fri,6,52.54133,13.18344,afternoon,13,daylight,0,dry,0,2,6,0,1,0,0,0,0,3,slightly_injured
2019,5,Fri,6,52.53653,13.27079,morning,11,daylight,0,dry,0,2,6,0,1,0,0,0,0,3,slightly_injured
2019,5,Fri,6,52.48111,13.4455,evening,19,daylight,0,dry,0,1,5,0,1,0,0,0,0,3,slightly_injured
2019,5,Fri,6,52.55576,13.38381,afternoon,13,daylight,0,dry,0,6,4,0,1,1,0,0,0,3,slightly_injured
2019,5,Fri,6,52.51206,13.49261,evening,22,dark,2,dry,0,6,2,0,0,1,0,0,1,2,seriously_injured
2019,5,Fri,6,52.46047,13.41804,afternoon,14,daylight,0,dry,0,2,2,0,1,0,0,0,0,3,slightly_injured
2019,5,Fri,6,52.44034,13.26187,evening,20,daylight,0,dry,0,1,5,0,1,0,1,0,0,3,slightly_injured
2019,5,Fri,6,52.46648,13.43237,afternoon,12,daylight,0,dry,0,6,4,0,0,1,0,0,1,2,seriously_injured
2019,5,Fri,6,52.54881,13.4207,evening,19,daylight,0,dry,0,5,2,0,1,0,0,0,0,3,slightly_injured
2019,5,Fri,6,52.43571,13.59996,evening,19,daylight,0,dry,0,2,6,0,1,0,0,0,0,3,slightly_injured
2019,5,Fri,6,52.44855,13.43701,morning,11,daylight,0,dry,0,1,5,0,1,0,0,0,1,3,slightly_injured
2019,5,Fri,6,52.49008,13.38662,morning,10,daylight,0,dry,0,5,3,1,1,0,0,0,0,3,slightly_injured
2019,5,Fri,6,52.5302,13.37429,evening,18,daylight,0,dry,0,0,2,1,1,0,0,0,0,3,slightly_injured
2019,5,Fri,6,52.51153,13.46921,evening,18,daylight,0,dry,0,3,6,1,1,0,0,0,0,3,slightly_injured
2019,5,Fri,6,52.52943,13.37941,night,0,dark,2,dry,0,0,2,1,1,0,0,0,0,3,slightly_injured
2019,5,Fri,6,52.61484,13.30913,afternoon,17,daylight,0,dry,0,5,2,0,1,0,0,0,0,3,slightly_injured
2019,5,Thu,5,52.54003,13.19079,afternoon,13,daylight,0,dry,0,5,7,1,1,0,0,0,0,3,slightly_injured
2019,5,Fri,6,52.49975,13.32044,afternoon,17,daylight,0,dry,0,3,6,1,1,0,0,0,0,3,slightly_injured
2019,5,Fri,6,52.49109,13.49268,afternoon,17,daylight,0,dry,0,5,2,1,0,0,0,0,1,2,seriously_injured
2019,5,Thu,5,52.45253,13.61841,afternoon,12,daylight,0,dry,0,5,3,1,0,0,0,0,0,2,seriously_injured
2019,5,Fri,6,52.42637,13.52884,afternoon,17,daylight,0,dry,0,2,6,0,1,0,0,0,0,3,slightly_injured
2019,5,Fri,6,52.47889,13.31917,morning,9,daylight,0,dry,0,0,6,0,0,0,1,0,1,3,slightly_injured
2019,5,Thu,5,52.53305,13.43594,morning,6,daylight,0,dry,0,6,4,1,0,1,0,0,0,3,slightly_injured
2019,5,Fri,6,52.52841,13.42294,morning,9,daylight,0,dry,0,1,5,1,1,0,0,0,0,3,slightly_injured
2019,5,Fri,6,52.60836,13.29284,morning,9,daylight,0,dry,0,4,7,0,1,0,0,0,0,3,slightly_injured
2019,5,Thu,5,52.49163,13.34499,evening,18,daylight,0,dry,0,5,3,1,1,0,0,0,0,3,slightly_injured
2019,5,Fri,6,52.6181,13.35461,afternoon,16,daylight,0,dry,0,5,2,1,1,0,0,0,0,3,slightly_injured
2019,5,Thu,5,52.53283,13.14829,afternoon,13,daylight,0,dry,0,1,5,0,1,0,0,0,1,3,slightly_injured
2019,5,Fri,6,52.5524,13.42744,morning,8,daylight,0,dry,0,5,3,0,1,0,0,0,0,3,slightly_injured
2019,5,Thu,5,52.53602,13.19274,afternoon,12,daylight,0,dry,1,0,1,0,1,0,1,0,0,3,slightly_injured
2019,5,Fri,6,52.53291,13.41172,morning,9,daylight,0,dry,0,1,5,1,0,0,0,0,1,3,slightly_injured
2019,5,Thu,5,52.53385,13.1543,night,5,daylight,0,dry,1,5,3,0,1,0,0,0,0,2,seriously_injured
2019,5,Fri,6,52.49467,13.28528,afternoon,16,daylight,0,dry,0,5,3,1,0,0,0,0,1,3,slightly_injured
2019,5,Fri,6,52.54809,13.45958,morning,10,daylight,0,dry,0,6,2,0,1,1,0,0,0,2,seriously_injured
2019,5,Thu,5,52.50036,13.46057,evening,21,dark,2,dry,1,5,3,1,1,0,0,0,0,3,slightly_injured
2019,5,Thu,5,52.50781,13.43564,evening,20,dusk,1,dry,1,1,5,1,1,0,0,0,1,3,slightly_injured
2019,5,Fri,6,52.63581,13.49439,morning,8,daylight,0,dry,0,3,6,1,1,0,0,0,0,3,slightly_injured
2019,5,Fri,6,52.53375,13.42088,morning,8,daylight,0,dry,0,2,6,0,1,0,0,0,0,2,seriously_injured
2019,5,Thu,5,52.58407,13.35085,evening,19,daylight,0,dry,0,5,3,0,1,0,1,0,0,2,seriously_injured
2019,5,Fri,6,52.52867,13.4293,morning,8,daylight,0,dry,0,2,6,0,1,0,0,0,1,3,slightly_injured
2019,5,Thu,5,52.50815,13.42414,evening,19,daylight,0,dry,0,1,5,1,1,0,0,0,0,3,slightly_injured
2019,5,Fri,6,52.57184,13.42961,morning,8,daylight,0,dry,0,5,2,0,1,0,0,1,0,3,slightly_injured
2019,5,Thu,5,52.46554,13.31754,afternoon,16,daylight,0,dry,0,1,6,1,1,0,0,0,0,3,slightly_injured
2019,5,Fri,6,52.53955,13.19853,morning,7,daylight,0,dry,0,5,3,1,1,0,0,0,0,3,slightly_injured
2019,5,Thu,5,52.46904,13.4667,afternoon,16,daylight,0,dry,0,0,5,0,1,0,0,0,1,3,slightly_injured
2019,5,Fri,6,52.5392,13.45255,evening,21,dark,2,dry,0,5,2,0,1,0,1,0,0,3,slightly_injured
2019,5,Fri,6,52.52335,13.46577,evening,18,daylight,0,dry,0,5,3,0,1,0,0,0,0,3,slightly_injured
2019,5,Thu,5,52.47925,13.60102,afternoon,15,daylight,0,dry,1,5,2,1,1,0,0,0,0,3,slightly_injured
2019,5,Thu,5,52.53487,13.39806,afternoon,15,daylight,0,dry,0,5,3,0,1,0,0,0,0,3,slightly_injured
2019,5,Fri,6,52.41477,13.25478,afternoon,16,daylight,0,dry,0,5,3,1,1,0,0,0,0,2,seriously_injured
2019,5,Thu,5,52.53622,13.27326,afternoon,15,daylight,0,dry,0,2,6,0,1,0,0,0,0,3,slightly_injured
2019,5,Tue,3,52.56919,13.37923,afternoon,16,daylight,0,dry,0,1,5,1,1,0,0,0,0,2,seriously_injured
2019,5,Tue,3,52.42397,13.51444,afternoon,16,daylight,0,dry,0,0,1,0,0,0,1,0,0,3,slightly_injured
2019,5,Tue,3,52.48831,13.3603,afternoon,16,daylight,0,dry,0,0,7,0,0,0,1,0,0,2,seriously_injured
2019,5,Tue,3,52.50968,13.2739,afternoon,17,daylight,0,dry,0,0,3,0,1,0,1,0,0,3,slightly_injured
2019,5,Tue,3,52.57429,13.38977,afternoon,17,daylight,0,dry,0,5,3,1,1,0,0,0,0,3,slightly_injured
2019,5,Tue,3,52.52108,13.32209,morning,11,daylight,0,dry,0,6,4,0,1,1,0,0,0,3,slightly_injured
2019,5,Tue,3,52.5101,13.18257,morning,11,daylight,0,dry,0,5,3,1,1,0,0,0,0,3,slightly_injured
2019,5,Tue,3,52.4942,13.34567,evening,18,daylight,0,dry,0,6,2,0,1,1,0,0,0,3,slightly_injured
2019,5,Tue,3,52.56545,13.21628,evening,18,daylight,0,dry,0,4,6,1,0,0,0,0,0,3,slightly_injured
2019,5,Tue,3,52.53859,13.21356,evening,21,dark,2,dry,0,5,3,1,1,0,0,0,0,3,slightly_injured
2019,5,Tue,3,52.49036,13.34493,afternoon,17,daylight,0,dry,0,5,3,0,1,0,0,0,0,3,slightly_injured
2019,5,Tue,3,52.49799,13.39612,evening,19,daylight,0,dry,0,0,6,1,1,0,0,0,0,3,slightly_injured
2019,5,Tue,3,52.37053,13.68352,evening,18,daylight,0,dry,0,0,1,1,0,0,0,0,0,1,killed
2019,5,Mon,2,52.54333,13.44153,evening,18,daylight,0,dry,0,5,2,1,1,0,0,0,0,3,slightly_injured
2019,5,Mon,2,52.44505,13.28532,morning,11,daylight,0,dry,0,5,3,0,1,0,0,0,0,3,slightly_injured
2019,5,Mon,2,52.49841,13.29901,evening,20,dark,2,dry,0,5,7,0,1,0,0,0,0,3,slightly_injured
2019,5,Mon,2,52.50813,13.27503,evening,19,daylight,0,dry,0,6,7,0,1,1,0,0,0,3,slightly_injured
2019,5,Mon,2,52.43983,13.40071,evening,19,daylight,0,dry,1,2,6,0,1,0,0,0,1,3,slightly_injured
2019,5,Mon,2,52.51004,13.42014,evening,18,daylight,0,dry,0,1,5,1,0,0,0,0,1,2,seriously_injured
2019,5,Mon,2,52.48777,13.4179,afternoon,17,daylight,0,dry,0,5,2,1,1,0,0,0,0,3,slightly_injured
2019,5,Mon,2,52.55243,13.45063,evening,18,daylight,0,dry,1,0,1,1,0,0,0,0,0,3,slightly_injured
2019,5,Mon,2,52.5336,13.60802,evening,18,daylight,0,dry,1,0,1,0,0,0,1,0,0,3,slightly_injured
2019,5,Mon,2,52.39689,13.39538,morning,7,daylight,0,dry,0,5,3,1,1,0,0,0,0,3,slightly_injured
2019,5,Mon,2,52.46843,13.43055,morning,7,daylight,0,dry,0,5,2,1,1,0,0,0,0,3,slightly_injured
2019,5,Mon,2,52.59511,13.28538,morning,8,daylight,0,dry,0,2,6,0,1,0,0,0,0,3,slightly_injured
2019,5,Mon,2,52.52898,13.1943,morning,10,daylight,0,dry,0,6,7,0,1,1,0,0,0,3,slightly_injured
2019,5,Mon,2,52.53996,13.57869,morning,10,daylight,0,dry,0,6,4,0,1,1,0,0,0,3,slightly_injured
2019,5,Mon,2,52.56094,13.37708,evening,18,daylight,0,dry,0,2,6,0,1,0,0,0,0,3,slightly_injured
2019,5,Mon,2,52.59162,13.32627,morning,10,daylight,0,dry,0,5,2,1,0,0,0,1,0,3,slightly_injured
2019,5,Mon,2,52.55604,13.3842,morning,10,daylight,0,dry,0,5,2,1,1,0,0,0,0,3,slightly_injured
2019,5,Mon,2,52.49316,13.33074,evening,18,daylight,0,dry,0,5,2,1,1,0,0,0,0,3,slightly_injured
2019,5,Mon,2,52.47964,13.44413,morning,11,daylight,0,dry,0,6,4,0,1,1,0,0,0,2,seriously_injured
2019,5,Mon,2,52.52382,13.33024,afternoon,12,daylight,0,dry,0,2,6,0,1,0,0,0,0,2,seriously_injured
2019,5,Mon,2,52.50086,13.44194,evening,18,daylight,0,dry,0,6,4,0,1,1,1,0,0,3,slightly_injured
2019,5,Mon,2,52.44766,13.36282,afternoon,13,daylight,0,dry,0,2,6,0,1,0,0,0,0,3,slightly_injured
2019,5,Mon,2,52.51131,13.61228,afternoon,15,daylight,0,dry,0,2,6,0,1,0,0,0,0,3,slightly_injured
2019,5,Mon,2,52.41216,13.56698,afternoon,17,daylight,0,dry,0,6,2,0,1,1,0,0,0,3,slightly_injured
2019,5,Mon,2,52.63207,13.28841,morning,10,daylight,0,dry,0,0,1,1,0,0,0,0,0,3,slightly_injured
2019,5,Mon,2,52.44292,13.33429,afternoon,16,daylight,0,dry,0,2,6,0,1,0,0,0,0,3,slightly_injured
2019,5,Mon,2,52.52643,13.34068,afternoon,16,daylight,0,dry,0,2,6,0,1,0,0,0,0,3,slightly_injured
2019,5,Mon,2,52.49302,13.42197,afternoon,15,daylight,0,dry,0,5,3,1,1,0,0,0,0,3,slightly_injured
2019,5,Mon,2,52.48915,13.3935,afternoon,15,daylight,0,dry,0,2,7,1,1,0,0,0,0,3,slightly_injured
2019,5,Mon,2,52.58628,13.2882,afternoon,12,daylight,0,dry,0,5,5,1,1,0,0,0,0,3,slightly_injured
2019,5,Mon,2,52.55384,13.41503,evening,18,daylight,0,dry,1,2,6,0,1,0,0,0,1,3,slightly_injured
2019,5,Sun,1,52.5661,13.50161,afternoon,13,daylight,0,dry,0,5,3,1,1,0,0,0,0,2,seriously_injured
2019,5,Sun,1,52.62785,13.22581,afternoon,13,daylight,0,dry,0,0,5,1,1,0,0,0,0,3,slightly_injured
2019,5,Sun,1,52.47132,13.3289,afternoon,14,daylight,0,dry,0,5,3,0,1,0,0,0,0,3,slightly_injured
2019,5,Sun,1,52.43932,13.56578,morning,9,daylight,0,dry,0,1,5,1,1,0,0,0,1,3,slightly_injured
2019,5,Sun,1,52.50125,13.41927,morning,9,daylight,0,dry,0,5,3,0,1,0,0,0,0,3,slightly_injured
2019,5,Sun,1,52.49847,13.40686,afternoon,12,daylight,0,dry,0,2,2,1,1,0,0,0,0,3,slightly_injured
2019,5,Sun,1,52.4951,13.32704,afternoon,14,daylight,0,dry,0,6,4,1,0,1,0,0,0,3,slightly_injured
2019,5,Sun,1,52.5895,13.43054,afternoon,14,daylight,0,dry,0,2,6,0,1,0,1,0,0,3,slightly_injured
2019,5,Sun,1,52.52529,13.41928,afternoon,17,daylight,0,dry,0,5,3,1,0,0,0,0,0,2,seriously_injured
2019,5,Sun,1,52.44584,13.49897,evening,18,daylight,0,dry,0,6,4,0,0,1,0,0,1,3,slightly_injured
2019,5,Sun,1,52.49284,13.4368,morning,6,daylight,0,dry,0,1,5,0,1,0,0,0,0,3,slightly_injured