ujahr,umonat,weekday,uwochentag,long,lat,time_of_day,ustunde,light_condition,ulichtverh,street_condition,ustrzustand,uart,utyp1,ist_rad,ist_pkw,ist_fuss,ist_krad,ist_gkfz,ist_sonstige,ukategorie,accident_outcome
2019,5,Sun,1,52.52665,13.47959,night,3,dark,2,dry,0,5,3,0,1,0,0,0,1,3,slightly_injured
2019,5,Sun,1,52.52539,13.13767,afternoon,13,daylight,0,dry,0,2,6,0,1,0,0,0,0,3,slightly_injured
2019,5,Sun,1,52.43067,13.31556,night,1,dark,2,dry,0,1,5,0,1,0,0,0,0,2,seriously_injured
2019,5,Sun,1,52.51806,13.30445,afternoon,13,daylight,0,dry,0,0,7,1,0,0,0,0,0,3,slightly_injured
2019,5,Sun,1,52.51622,13.38091,evening,22,dark,2,dry,0,6,4,1,0,1,0,0,0,3,slightly_injured
2019,5,Sun,1,52.55574,13.38785,evening,23,dark,2,dry,0,3,6,0,1,0,0,0,1,3,slightly_injured
2019,5,Sun,1,52.48037,13.42519,evening,22,dark,2,dry,0,3,6,1,1,0,0,0,0,3,slightly_injured
2019,5,Sun,1,52.5483,13.42015,evening,20,daylight,0,dry,0,0,1,1,0,0,0,0,0,3,slightly_injured
2019,5,Sat,7,52.56351,13.50552,afternoon,17,daylight,0,dry,0,3,6,0,1,0,0,0,0,3,slightly_injured
2019,5,Sat,7,52.47838,13.44666,evening,22,dark,2,dry,0,2,5,1,1,0,0,0,0,3,slightly_injured
2019,5,Sat,7,52.58618,13.42457,morning,11,daylight,0,dry,0,2,6,0,1,0,0,1,0,3,slightly_injured
2019,5,Sat,7,52.52404,13.32865,afternoon,16,daylight,0,dry,0,6,6,0,0,1,0,0,1,3,slightly_injured
2019,5,Sat,7,52.51645,13.43626,afternoon,15,daylight,0,dry,0,1,5,0,1,0,1,0,0,3,slightly_injured
2019,5,Sat,7,52.4973,13.46667,afternoon,16,daylight,0,dry,0,5,7,0,1,0,1,0,0,3,slightly_injured
2019,5,Sat,7,52.47621,13.44707,evening,22,dark,2,dry,0,1,5,0,1,0,1,0,0,3,slightly_injured
2019,5,Sat,7,52.53265,13.19833,evening,23,dark,2,dry,0,2,6,0,1,0,0,0,0,3,slightly_injured
2019,5,Sat,7,52.51146,13.46314,afternoon,13,daylight,0,dry,0,5,3,1,1,0,0,0,0,3,slightly_injured
2019,5,Sat,7,52.50012,13.44397,afternoon,13,daylight,0,dry,0,5,7,1,1,0,0,0,0,3,slightly_injured
2019,5,Sat,7,52.50097,13.46142,afternoon,13,daylight,0,dry,0,3,6,0,1,0,0,0,0,3,slightly_injured
2019,5,Sat,7,52.48549,13.60376,morning,11,daylight,0,dry,0,5,2,1,1,0,0,0,0,3,slightly_injured
2019,5,Sat,7,52.50132,13.31705,morning,10,daylight,0,dry,0,2,6,0,1,0,0,0,0,3,slightly_injured
2019,5,Sat,7,52.51024,13.44979,morning,10,daylight,0,dry,0,6,4,1,0,1,0,0,0,3,slightly_injured
2019,5,Sat,7,52.47923,13.37454,morning,9,daylight,0,dry,0,6,4,0,1,1,0,0,0,3,slightly_injured
2019,5,Sat,7,52.46985,13.37202,morning,10,daylight,0,dry,0,5,2,0,1,0,0,0,0,3,slightly_injured
2019,5,Sat,7,52.43023,13.33403,morning,11,daylight,0,dry,0,5,3,0,1,0,0,0,0,3,slightly_injured
2019,5,Sat,7,52.50432,13.3405,morning,11,daylight,0,dry,0,5,5,0,1,0,1,0,0,2,seriously_injured
2019,5,Sat,7,52.52637,13.3647,evening,21,dark,2,dry,0,3,6,0,1,0,1,0,0,3,slightly_injured
2019,5,Sat,7,52.54486,13.36173,evening,20,daylight,0,dry,0,0,7,0,1,0,0,0,0,3,slightly_injured
2019,5,Sat,7,52.55426,13.4026,evening,20,daylight,0,dry,0,5,2,1,1,0,0,0,0,3,slightly_injured
2019,5,Sat,7,52.63312,13.29154,evening,19,daylight,0,dry,0,1,5,1,1,0,0,0,0,3,slightly_injured
2019,5,Sat,7,52.5283,13.39266,evening,19,daylight,0,dry,0,2,6,0,1,0,0,0,0,3,slightly_injured
2019,5,Sat,7,52.53934,13.41052,evening,19,daylight,0,dry,0,5,7,1,1,0,0,0,0,3,slightly_injured
2019,5,Sat,7,52.51811,13.49509,evening,19,daylight,0,dry,0,5,3,1,0,0,0,0,0,3,slightly_injured
2019,5,Sat,7,52.47293,13.45519,evening,18,daylight,0,dry,0,5,2,0,1,0,0,0,1,3,slightly_injured
2019,5,Sat,7,52.48467,13.36877,afternoon,17,daylight,0,dry,0,5,3,1,1,0,0,0,0,3,slightly_injured
2019,5,Sat,7,52.39907,13.40958,afternoon,17,daylight,0,dry,0,2,6,0,1,0,1,0,0,3,slightly_injured
2019,5,Sat,7,52.484,13.53204,afternoon,17,daylight,0,dry,0,5,3,0,1,0,0,0,0,3,slightly_injured
2019,5,Sat,7,52.44829,13.45011,afternoon,16,daylight,0,dry,0,1,5,1,1,0,0,0,1,3,slightly_injured
2019,5,Sat,7,52.45297,13.31984,evening,23,dark,2,dry,0,0,1,1,0,0,0,0,0,3,slightly_injured
2019,5,Sat,7,52.56349,13.32718,afternoon,15,daylight,0,dry,0,2,6,0,1,0,0,0,1,3,slightly_injured
2019,5,Sat,7,52.46441,13.44346,afternoon,15,daylight,0,dry,0,2,6,0,1,0,1,0,0,3,slightly_injured
2019,5,Sat,7,52.4678,13.48987,afternoon,14,daylight,0,dry,0,5,3,0,1,0,0,0,0,3,slightly_injured
2019,5,Sat,7,52.49616,13.30819,afternoon,14,daylight,0,dry,0,5,2,0,1,0,0,0,0,3,slightly_injured
2019,5,Sat,7,52.59545,13.33296,afternoon,14,daylight,0,dry,0,5,2,0,0,0,1,1,0,2,seriously_injured
2019,5,Sat,7,52.43719,13.37557,afternoon,13,daylight,0,dry,0,1,5,0,1,0,0,0,0,2,seriously_injured
2019,5,Sat,7,52.43128,13.18548,afternoon,17,daylight,0,dry,0,0,5,0,1,0,1,0,0,3,slightly_injured
2019,5,Fri,6,52.58481,13.39809,evening,22,dark,2,dry,0,5,3,0,1,0,0,0,0,3,slightly_injured
2019,5,Fri,6,52.48677,13.56039,evening,20,daylight,0,dry,0,2,6,0,1,0,1,0,0,3,slightly_injured
2019,5,Fri,6,52.52896,13.45739,evening,18,daylight,0,dry,0,6,4,1,0,1,0,0,0,3,slightly_injured
2019,5,Fri,6,52.45338,13.45533,evening,19,dusk,1,dry,0,2,2,0,1,0,1,0,0,3,slightly_injured
2019,5,Fri,6,52.49829,13.40064,afternoon,12,daylight,0,dry,0,5,3,1,0,0,0,0,0,3,slightly_injured
2019,5,Fri,6,52.49898,13.34702,morning,11,daylight,0,dry,0,5,2,0,1,0,1,0,0,3,slightly_injured
2019,5,Fri,6,52.55624,13.3771,morning,10,daylight,0,dry,0,5,3,0,1,0,0,0,0,3,slightly_injured
2019,5,Fri,6,52.48464,13.43435,morning,10,daylight,0,dry,0,5,2,1,1,0,0,0,0,3,slightly_injured
2019,5,Fri,6,52.5666,13.36276,morning,9,daylight,0,dry,0,0,3,0,1,0,1,0,0,3,slightly_injured
2019,5,Fri,6,52.51934,13.27254,morning,7,daylight,0,dry,0,5,2,0,1,0,1,0,0,3,slightly_injured
2019,5,Fri,6,52.52172,13.37978,morning,8,daylight,0,dry,0,5,2,1,1,0,0,0,0,3,slightly_injured
2019,5,Fri,6,52.50676,13.31395,morning,7,daylight,0,dry,0,0,1,1,1,0,0,0,0,3,slightly_injured
2019,5,Fri,6,52.46359,13.40489,morning,6,daylight,0,dry,0,5,2,0,1,0,0,0,0,3,slightly_injured
2019,5,Fri,6,52.53868,13.60447,morning,9,daylight,0,dry,0,5,3,0,1,0,0,0,0,3,slightly_injured
2019,5,Fri,6,52.52334,13.43295,morning,8,daylight,0,dry,0,2,6,0,1,0,0,0,0,3,slightly_injured
2019,5,Fri,6,52.49842,13.39994,morning,11,daylight,0,dry,0,2,6,0,0,0,0,1,0,2,seriously_injured
2019,5,Fri,6,52.52105,13.19799,afternoon,13,daylight,0,dry,0,6,2,0,1,1,0,0,0,3,slightly_injured
2019,5,Fri,6,52.50416,13.34033,afternoon,14,daylight,0,dry,0,6,4,0,1,1,0,0,0,3,slightly_injured
2019,5,Fri,6,52.47065,13.28919,afternoon,14,daylight,0,dry,0,5,3,1,1,0,0,0,0,3,slightly_injured
2019,5,Fri,6,52.51512,13.31342,afternoon,15,daylight,0,dry,0,5,2,1,1,0,0,0,0,3,slightly_injured
2019,5,Fri,6,52.52525,13.19378,afternoon,14,daylight,0,dry,0,1,5,0,0,0,1,0,1,3,slightly_injured
2019,5,Fri,6,52.5329,13.35135,afternoon,15,daylight,0,dry,0,3,6,1,1,0,0,0,0,3,slightly_injured
2019,5,Fri,6,52.44036,13.33272,afternoon,15,daylight,0,dry,0,5,3,0,1,0,0,0,0,3,slightly_injured
2019,5,Fri,6,52.50956,13.35152,afternoon,16,daylight,0,dry,0,5,2,1,1,0,0,0,0,3,slightly_injured
2019,5,Fri,6,52.55711,13.36541,afternoon,16,daylight,0,dry,0,5,3,1,0,0,0,0,1,3,slightly_injured
2019,5,Fri,6,52.49086,13.31514,afternoon,16,daylight,0,dry,0,5,2,1,1,0,0,0,0,3,slightly_injured
2019,5,Fri,6,52.53981,13.53954,afternoon,17,daylight,0,dry,0,5,3,0,1,0,0,0,0,3,slightly_injured
2019,5,Fri,6,52.61058,13.43401,afternoon,17,daylight,0,dry,0,2,6,0,1,0,0,0,1,3,slightly_injured
2019,5,Fri,6,52.41436,13.35029,afternoon,17,daylight,0,dry,0,5,3,0,1,0,0,0,0,3,slightly_injured
2019,5,Fri,6,52.5698,13.35905,afternoon,17,daylight,0,dry,0,5,7,0,1,0,1,0,0,3,slightly_injured
2019,5,Fri,6,52.44444,13.37226,afternoon,17,daylight,0,dry,0,0,2,1,1,0,0,0,0,3,slightly_injured
2019,5,Fri,6,52.43812,13.71671,afternoon,16,daylight,0,dry,0,5,3,1,1,0,0,0,0,2,seriously_injured
2019,5,Fri,6,52.50267,13.42027,afternoon,16,daylight,0,dry,0,1,5,1,1,0,0,0,0,3,slightly_injured
2019,5,Fri,6,52.55993,13.18893,evening,18,daylight,0,dry,0,2,2,1,1,0,0,0,0,3,slightly_injured
2019,5,Fri,6,52.51396,13.45422,afternoon,15,daylight,0,dry,0,3,6,1,0,0,0,0,0,3,slightly_injured
2019,5,Thu,5,52.58371,13.39036,afternoon,15,daylight,0,dry,0,3,6,1,1,0,0,0,0,3,slightly_injured
2019,5,Thu,5,52.4943,13.40061,afternoon,15,daylight,0,dry,0,6,4,1,0,1,0,0,0,3,slightly_injured
2019,5,Thu,5,52.58339,13.35642,morning,8,daylight,0,dry,0,1,5,0,1,0,0,0,1,3,slightly_injured
2019,5,Thu,5,52.54737,13.59263,morning,6,daylight,0,dry,0,5,2,1,1,0,0,0,0,3,slightly_injured
2019,5,Thu,5,52.56373,13.5061,evening,18,daylight,0,dry,0,2,3,1,1,0,0,0,0,3,slightly_injured
2019,5,Thu,5,52.5488,13.376,afternoon,17,daylight,0,dry,0,2,6,0,0,0,1,0,1,3,slightly_injured
2019,5,Thu,5,52.55547,13.43886,afternoon,15,daylight,0,dry,0,3,2,1,1,0,0,0,0,3,slightly_injured
2019,5,Thu,5,52.49826,13.3981,evening,23,dark,2,dry,0,2,6,0,1,0,0,0,0,3,slightly_injured
2019,5,Thu,5,52.59099,13.43107,morning,8,daylight,0,dry,0,2,6,0,1,0,0,0,0,3,slightly_injured
2019,5,Thu,5,52.47434,13.32004,morning,11,daylight,0,dry,0,5,3,0,1,0,0,0,0,3,slightly_injured
2019,5,Thu,5,52.41459,13.53009,morning,8,daylight,0,dry,0,6,2,0,1,1,0,0,0,3,slightly_injured
2019,5,Thu,5,52.44168,13.58186,morning,11,daylight,0,dry,0,5,2,0,1,0,0,0,0,3,slightly_injured
2019,5,Thu,5,52.53531,13.51682,morning,9,daylight,0,dry,0,3,6,0,1,0,1,0,0,3,slightly_injured
2019,5,Thu,5,52.49874,13.38023,morning,11,daylight,0,dry,0,2,6,0,1,0,1,0,0,3,slightly_injured
2019,5,Thu,5,52.51907,13.47962,morning,9,daylight,0,dry,0,5,3,1,1,0,0,0,0,3,slightly_injured
2019,5,Thu,5,52.52474,13.44187,afternoon,13,daylight,0,dry,0,3,6,1,0,0,0,0,0,3,slightly_injured
2019,5,Thu,5,52.47765,13.47886,morning,9,daylight,0,dry,0,5,2,1,0,0,0,1,0,2,seriously_injured
2019,5,Thu,5,52.54802,13.30148,afternoon,13,daylight,0,dry,0,2,7,0,1,0,1,0,0,2,seriously_injured
2019,5,Thu,5,52.50285,13.32652,afternoon,13,daylight,0,dry,0,0,1,1,0,0,0,0,0,3,slightly_injured
2019,5,Thu,5,52.43831,13.54917,morning,9,daylight,0,dry,0,6,4,0,1,1,0,0,0,2,seriously_injured
2019,5,Thu,5,52.52631,13.40358,morning,9,daylight,0,dry,0,2,6,0,1,0,0,0,1,3,slightly_injured
2019,5,Thu,5,52.49918,13.43043,evening,22,dark,2,dry,0,5,3,1,1,0,0,0,0,3,slightly_injured
2019,5,Thu,5,52.49829,13.39947,evening,21,dark,2,dry,0,5,3,0,1,0,0,0,0,3,slightly_injured
2019,5,Thu,5,52.53825,13.41057,evening,21,dark,2,dry,0,0,7,0,1,0,0,0,0,3,slightly_injured
2019,5,Thu,5,52.55235,13.3814,evening,20,daylight,0,dry,0,5,2,0,1,0,0,0,1,3,slightly_injured
2019,5,Thu,5,52.51035,13.30163,evening,18,daylight,0,dry,0,3,6,1,1,0,0,0,0,3,slightly_injured
2019,5,Thu,5,52.54487,13.49395,afternoon,17,daylight,0,dry,0,5,2,1,1,0,0,0,1,3,slightly_injured
2019,5,Thu,5,52.51592,13.38901,afternoon,17,daylight,0,dry,0,3,6,1,0,0,0,0,0,3,slightly_injured
2019,5,Thu,5,52.49992,13.3537,afternoon,16,daylight,0,dry,0,6,3,1,0,1,0,0,0,3,slightly_injured
2019,5,Thu,5,52.50976,13.35904,afternoon,16,daylight,0,dry,0,5,3,1,1,0,0,0,0,3,slightly_injured
2019,5,Thu,5,52.63716,13.29477,afternoon,15,daylight,0,dry,0,2,6,1,1,0,0,0,0,3,slightly_injured
2019,5,Thu,5,52.54938,13.24817,afternoon,15,daylight,0,dry,0,2,6,0,1,0,0,0,0,3,slightly_injured
2019,5,Thu,5,52.51916,13.30132,afternoon,15,daylight,0,dry,0,5,7,1,1,0,0,0,0,3,slightly_injured
2019,5,Thu,5,52.54238,13.58569,afternoon,14,daylight,0,dry,0,5,7,0,1,0,0,0,0,3,slightly_injured
2019,5,Thu,5,52.4703,13.48039,afternoon,13,daylight,0,dry,0,2,2,0,1,0,0,0,0,3,slightly_injured
2019,5,Thu,5,52.48655,13.32359,afternoon,13,daylight,0,dry,0,2,6,0,1,0,1,0,0,3,slightly_injured
2019,5,Thu,5,52.47884,13.448,afternoon,17,daylight,0,dry,0,0,1,0,0,0,1,0,0,3,slightly_injured
2019,5,Thu,5,52.52307,13.47978,morning,8,daylight,0,dry,0,5,2,1,0,0,0,1,0,2,seriously_injured
2019,5,Thu,5,52.42456,13.44095,morning,8,daylight,0,dry,0,0,3,0,1,0,1,0,0,3,slightly_injured
2019,5,Thu,5,52.45895,13.34496,morning,8,daylight,0,dry,0,0,1,0,0,0,1,0,0,2,seriously_injured
2019,5,Thu,5,52.5487,13.41334,morning,8,daylight,0,dry,0,5,2,1,0,0,0,0,1,3,slightly_injured
2019,5,Thu,5,52.54721,13.24779,morning,7,daylight,0,dry,0,5,2,1,1,0,0,0,0,3,slightly_injured
2019,5,Thu,5,52.52843,13.12339,morning,6,daylight,0,dry,0,2,7,0,1,0,0,0,1,3,slightly_injured
2019,5,Thu,5,52.53089,13.33114,afternoon,15,daylight,0,dry,0,0,1,1,0,0,0,0,0,3,slightly_injured
2019,5,Thu,5,52.49973,13.34087,evening,19,daylight,0,dry,0,0,1,0,0,0,0,0,1,3,slightly_injured
2019,5,Wed,4,52.50924,13.37183,morning,7,daylight,0,dry,0,5,2,1,0,0,0,0,1,3,slightly_injured
2019,5,Wed,4,52.42658,13.31987,morning,11,daylight,0,dry,1,5,3,0,1,0,0,0,0,3,slightly_injured
2019,5,Wed,4,52.51013,13.43007,afternoon,16,daylight,0,dry,0,5,2,1,0,0,0,0,1,3,slightly_injured
2019,5,Wed,4,52.53405,13.32837,evening,21,dark,2,dry,0,3,6,0,1,0,0,0,0,3,slightly_injured
2019,5,Wed,4,52.46494,13.34786,evening,18,daylight,0,dry,1,5,3,1,1,0,0,0,0,3,slightly_injured
2019,5,Wed,4,52.44557,13.29385,afternoon,16,daylight,0,dry,0,5,2,1,0,0,0,0,1,3,slightly_injured
2019,5,Wed,4,52.50266,13.34077,afternoon,16,daylight,0,dry,1,2,6,0,1,0,0,0,0,3,slightly_injured
2019,5,Wed,4,52.49296,13.38683,afternoon,16,daylight,0,dry,1,6,4,1,0,1,0,0,0,3,slightly_injured
2019,5,Wed,4,52.52095,13.41518,afternoon,16,daylight,0,dry,1,6,4,1,0,1,0,0,0,3,slightly_injured
2019,5,Wed,4,52.5225,13.40026,afternoon,15,daylight,0,dry,1,0,1,0,0,0,1,0,0,2,seriously_injured
2019,5,Wed,4,52.51834,13.28009,night,3,dark,2,dry,1,5,2,0,0,0,0,1,1,3,slightly_injured
2019,5,Wed,4,52.5332,13.15789,night,0,dark,2,dry,1,5,3,0,1,0,0,0,0,3,slightly_injured
2019,5,Wed,4,52.4303,13.31934,morning,7,daylight,0,dry,0,2,6,0,1,0,0,0,0,3,slightly_injured
2019,5,Wed,4,52.4411,13.31613,morning,7,daylight,0,dry,1,5,3,0,1,0,1,0,0,3,slightly_injured
2019,5,Wed,4,52.57997,13.42273,morning,7,dusk,1,dry,1,5,2,1,1,0,0,0,0,3,slightly_injured
2019,5,Wed,4,52.40991,13.27352,morning,7,daylight,0,dry,1,5,2,1,1,0,0,0,0,3,slightly_injured
2019,5,Wed,4,52.43996,13.5513,morning,7,daylight,0,dry,1,5,2,0,1,0,0,0,0,3,slightly_injured
2019,5,Wed,4,52.4271,13.44675,morning,8,daylight,0,dry,1,5,3,0,1,0,1,0,0,3,slightly_injured
2019,5,Wed,4,52.51501,13.49843,morning,8,daylight,0,dry,1,0,1,1,1,0,0,0,0,3,slightly_injured
2019,5,Wed,4,52.53798,13.32627,morning,8,daylight,0,dry,1,2,3,0,1,0,1,0,0,3,slightly_injured
2019,5,Wed,4,52.50986,13.35971,morning,8,daylight,0,dry,1,1,5,1,1,0,0,0,0,3,slightly_injured
2019,5,Wed,4,52.54647,13.35915,morning,9,daylight,0,dry,1,5,2,0,1,0,0,0,0,3,slightly_injured
2019,5,Wed,4,52.4677,13.4312,morning,11,daylight,0,dry,1,2,6,0,1,0,0,0,0,3,slightly_injured
2019,5,Wed,4,52.48643,13.31569,afternoon,12,daylight,0,dry,1,5,3,1,1,0,0,0,0,3,slightly_injured
2019,5,Wed,4,52.50352,13.42993,afternoon,13,daylight,0,dry,1,5,3,0,1,0,0,0,0,3,slightly_injured
2019,5,Wed,4,52.47491,13.5077,afternoon,13,daylight,0,dry,0,3,6,0,0,0,1,0,1,3,slightly_injured
2019,5,Wed,4,52.47821,13.4259,afternoon,13,daylight,0,dry,0,0,2,1,0,0,0,1,0,3,slightly_injured
2019,5,Wed,4,52.48807,13.51599,afternoon,14,daylight,0,dry,1,5,3,0,1,0,0,0,1,3,slightly_injured
2019,5,Wed,4,52.60704,13.43661,afternoon,14,daylight,0,dry,1,5,3,1,1,0,0,0,0,3,slightly_injured
2019,5,Wed,4,52.46462,13.41556,afternoon,15,daylight,0,dry,1,2,6,1,1,0,0,0,0,3,slightly_injured
2019,5,Wed,4,52.51014,13.22325,afternoon,15,daylight,0,dry,1,5,3,0,0,0,0,0,1,3,slightly_injured
2019,5,Wed,4,52.59335,13.45834,afternoon,15,daylight,0,dry,0,5,2,1,1,0,0,0,0,3,slightly_injured
2019,5,Wed,4,52.51954,13.43745,afternoon,15,daylight,0,dry,1,2,7,1,1,0,0,0,0,3,slightly_injured
2019,5,Wed,4,52.53666,13.26846,afternoon,17,daylight,0,dry,0,2,6,0,0,0,0,0,1,3,slightly_injured
2019,5,Tue,3,52.45689,13.62475,afternoon,15,daylight,0,dry,0,0,7,0,0,0,1,1,0,3,slightly_injured
2019,5,Tue,3,52.52713,13.45075,night,5,daylight,0,dry,0,5,2,1,0,0,0,0,1,3,slightly_injured
2019,5,Tue,3,52.44663,13.36427,morning,8,daylight,0,dry,0,5,7,0,1,0,1,0,0,3,slightly_injured
2019,5,Tue,3,52.49877,13.27206,afternoon,17,daylight,0,dry,0,5,3,0,1,0,0,0,0,3,slightly_injured
2019,5,Tue,3,52.57055,13.39873,afternoon,17,daylight,0,dry,0,2,2,1,1,0,0,0,0,3,slightly_injured
2019,5,Tue,3,52.44439,13.57356,afternoon,13,daylight,0,dry,0,6,4,0,1,1,0,0,0,3,slightly_injured
2019,5,Tue,3,52.55026,13.4419,afternoon,14,daylight,0,dry,0,5,3,1,1,0,0,0,0,3,slightly_injured
2019,5,Tue,3,52.55712,13.30899,afternoon,16,daylight,0,dry,0,2,6,0,1,0,1,0,0,3,slightly_injured
2019,5,Tue,3,52.51882,13.27547,afternoon,15,daylight,0,dry,0,2,6,0,1,0,0,0,0,3,slightly_injured
2019,5,Tue,3,52.5301,13.33851,afternoon,14,daylight,0,dry,0,5,3,1,1,0,0,0,0,3,slightly_injured
2019,5,Tue,3,52.52462,13.36341,afternoon,14,daylight,0,dry,0,6,4,0,0,1,0,1,0,3,slightly_injured
2019,5,Wed,4,52.55617,13.41471,afternoon,16,daylight,0,dry,0,5,2,1,0,0,0,0,1,2,seriously_injured
2019,5,Tue,3,52.47495,13.50751,afternoon,16,daylight,0,dry,0,5,2,1,1,0,0,0,0,3,slightly_injured
2019,5,Wed,4,52.43925,13.2627,afternoon,17,daylight,0,dry,0,2,2,0,1,0,0,0,0,3,slightly_injured
2019,5,Tue,3,52.52271,13.41538,afternoon,17,daylight,0,dry,0,6,4,0,1,1,0,0,0,3,slightly_injured
2019,5,Wed,4,52.52529,13.30365,afternoon,16,daylight,0,dry,0,0,7,0,1,0,1,0,0,3,slightly_injured
2019,5,Tue,3,52.48743,13.32642,evening,18,daylight,0,dry,1,0,7,0,1,0,1,0,0,3,slightly_injured
2019,5,Wed,4,52.43027,13.54895,afternoon,16,daylight,0,dry,0,4,6,1,0,0,0,0,0,2,seriously_injured
2019,5,Tue,3,52.49626,13.37977,evening,19,daylight,0,dry,0,5,3,1,0,0,0,0,0,3,slightly_injured
2019,5,Wed,4,52.52832,13.46795,afternoon,13,daylight,0,dry,0,1,5,1,1,0,0,0,0,2,seriously_injured
2019,5,Tue,3,52.42904,13.5509,evening,19,daylight,0,dry,0,5,2,1,1,0,0,0,0,3,slightly_injured
2019,5,Wed,4,52.51373,13.455,afternoon,17,daylight,0,dry,0,0,1,1,0,0,0,0,0,3,slightly_injured
2019,5,Tue,3,52.52599,13.49975,night,0,dark,2,dry,0,2,6,0,0,0,1,0,1,3,slightly_injured
2019,5,Tue,3,52.48569,13.4454,evening,19,daylight,0,dry,0,2,1,1,1,0,1,0,0,3,slightly_injured
2019,5,Wed,4,52.41167,13.50346,afternoon,14,daylight,0,dry,0,5,2,0,1,0,1,0,0,3,slightly_injured
2019,5,Tue,3,52.52874,13.38022,afternoon,13,daylight,0,dry,0,2,6,0,1,0,0,0,1,3,slightly_injured
2019,5,Wed,4,52.52582,13.33927,afternoon,14,daylight,0,dry,0,6,2,0,1,1,0,0,0,3,slightly_injured
2019,5,Tue,3,52.54472,13.37011,evening,19,dusk,1,dry,0,0,6,0,1,0,0,0,1,3,slightly_injured
2019,5,Tue,3,52.55706,13.43353,morning,11,daylight,0,dry,0,6,4,0,1,1,0,0,0,3,slightly_injured
2019,5,Wed,4,52.51418,13.47755,afternoon,14,daylight,0,dry,0,2,6,0,0,0,0,1,1,3,slightly_injured
2019,5,Tue,3,52.39393,13.40348,morning,11,daylight,0,dry,0,1,5,0,1,0,0,0,1,3,slightly_injured
2019,5,Wed,4,52.60322,13.43156,afternoon,16,daylight,0,dry,0,5,2,1,1,0,0,0,0,3,slightly_injured
2019,5,Tue,3,52.49942,13.3492,morning,10,daylight,0,dry,0,1,5,1,0,0,0,0,1,2,seriously_injured
2019,5,Wed,4,52.51579,13.49768,afternoon,15,daylight,0,dry,0,1,5,0,1,0,0,0,1,3,slightly_injured
2019,5,Tue,3,52.50235,13.32735,morning,11,daylight,0,dry,0,1,7,0,1,0,0,0,0,3,slightly_injured
2019,5,Wed,4,52.46262,13.31861,afternoon,15,daylight,0,dry,0,1,5,1,1,0,0,0,0,3,slightly_injured
2019,5,Tue,3,52.46626,13.37825,morning,10,daylight,0,dry,0,5,3,1,1,0,0,0,0,3,slightly_injured
2019,5,Tue,3,52.48654,13.32207,morning,10,daylight,0,dry,0,0,4,1,0,1,0,0,0,3,slightly_injured
2019,5,Wed,4,52.47228,13.31074,afternoon,15,daylight,0,dry,0,5,3,0,1,0,0,0,0,3,slightly_injured
2019,5,Wed,4,52.47882,13.4257,afternoon,15,daylight,0,dry,0,5,3,1,1,0,0,0,0,3,slightly_injured
2019,5,Tue,3,52.52105,13.34992,morning,10,daylight,0,dry,0,1,5,1,1,0,0,0,0,3,slightly_injured
2019,5,Wed,4,52.41937,13.48823,afternoon,17,daylight,0,dry,0,5,3,0,1,0,0,0,0,3,slightly_injured
2019,5,Tue,3,52.5432,13.35629,morning,9,daylight,0,dry,0,5,2,0,1,0,0,0,1,3,slightly_injured
2019,5,Wed,4,52.46246,13.41751,afternoon,15,daylight,0,dry,0,6,4,0,1,1,0,0,0,3,slightly_injured
2019,5,Tue,3,52.55627,13.36283,morning,9,daylight,0,dry,0,3,6,0,1,0,0,0,0,3,slightly_injured
2019,5,Tue,3,52.52612,13.36788,morning,9,daylight,0,dry,0,5,2,0,1,0,0,0,1,3,slightly_injured
2019,5,Wed,4,52.57745,13.30662,afternoon,15,daylight,0,dry,0,0,3,0,1,0,0,0,0,3,slightly_injured
2019,5,Wed,4,52.56727,13.4051,afternoon,15,daylight,0,dry,0,0,2,1,1,0,0,0,0,3,slightly_injured
2019,5,Tue,3,52.52402,13.40977,morning,9,daylight,0,dry,0,5,2,1,1,0,0,0,0,3,slightly_injured
2019,5,Tue,3,52.55454,13.40298,morning,8,daylight,0,dry,0,2,6,0,1,0,0,0,1,3,slightly_injured
2019,5,Wed,4,52.45448,13.31911,afternoon,16,daylight,0,dry,0,2,3,0,1,0,0,0,0,3,slightly_injured
2019,5,Tue,3,52.49711,13.29036,morning,8,daylight,0,dry,0,5,2,1,1,0,0,0,0,3,slightly_injured
2019,5,Wed,4,52.55124,13.51383,afternoon,16,daylight,0,dry,0,5,2,1,1,0,0,0,0,3,slightly_injured
2019,5,Tue,3,52.48951,13.40585,morning,8,daylight,0,dry,0,5,2,1,0,0,0,0,1,3,slightly_injured
2019,5,Tue,3,52.48099,13.31389,morning,8,daylight,0,dry,0,5,2,0,1,0,0,0,0,3,slightly_injured
2019,5,Wed,4,52.43411,13.20935,afternoon,15,daylight,0,dry,0,5,3,0,1,0,1,0,0,3,slightly_injured
2019,5,Tue,3,52.44662,13.50645,morning,7,daylight,0,dry,0,5,2,0,1,0,0,0,0,3,slightly_injured
2019,5,Wed,4,52.52676,13.21583,afternoon,15,daylight,0,dry,0,5,2,0,1,0,0,0,1,2,seriously_injured
2019,5,Tue,3,52.51101,13.28196,morning,8,daylight,0,dry,0,0,3,0,1,0,1,0,0,3,slightly_injured
2019,5,Wed,4,52.51079,13.29158,morning,7,daylight,0,dry,0,2,6,1,0,0,0,0,0,3,slightly_injured
2019,5,Tue,3,52.44026,13.55465,morning,7,daylight,0,dry,0,2,6,0,1,0,1,0,0,2,seriously_injured
2019,5,Wed,4,52.54149,13.39525,evening,23,dark,2,dry,0,0,1,0,1,0,1,0,0,3,slightly_injured
2019,5,Tue,3,52.52845,13.1233,morning,7,daylight,0,dry,0,2,6,0,1,0,0,0,0,3,slightly_injured
2019,5,Tue,3,52.46636,13.52144,morning,6,daylight,0,dry,1,5,3,0,1,0,0,0,0,3,slightly_injured