ujahr,umonat,weekday,uwochentag,long,lat,time_of_day,ustunde,light_condition,ulichtverh,street_condition,ustrzustand,uart,utyp1,ist_rad,ist_pkw,ist_fuss,ist_krad,ist_gkfz,ist_sonstige,ukategorie,accident_outcome
2019,6,Mon,2,52.50963,13.3527,morning,6,daylight,0,dry,0,5,7,0,1,0,0,0,0,3,slightly_injured
2019,6,Mon,2,52.57615,13.29444,afternoon,15,daylight,0,dry,0,0,2,0,1,0,0,0,1,3,slightly_injured
2019,6,Mon,2,52.5288,13.4098,morning,6,daylight,0,dry,0,2,6,0,1,0,0,0,0,3,slightly_injured
2019,6,Mon,2,52.43374,13.55618,morning,6,daylight,0,dry,0,0,3,1,1,0,0,0,0,3,slightly_injured
2019,6,Mon,2,52.51735,13.41823,afternoon,15,daylight,0,dry,0,2,2,0,1,0,0,0,0,2,seriously_injured
2019,6,Mon,2,52.54832,13.43255,night,5,daylight,0,dry,0,1,5,0,1,0,1,0,0,3,slightly_injured
2019,6,Mon,2,52.52436,13.44918,night,1,dark,2,dry,0,5,2,0,1,0,0,0,0,3,slightly_injured
2019,6,Mon,2,52.53261,13.39585,morning,8,daylight,0,dry,0,0,1,1,0,0,0,0,0,3,slightly_injured
2019,6,Mon,2,52.53436,13.49955,evening,20,daylight,0,dry,1,5,2,1,1,0,0,0,0,3,slightly_injured
2019,6,Mon,2,52.46439,13.29686,morning,9,daylight,0,dry,0,5,2,1,0,0,0,0,1,3,slightly_injured
2019,6,Mon,2,52.55518,13.53459,afternoon,17,daylight,0,dry,0,1,7,0,1,0,0,0,0,1,killed
2019,6,Sun,1,52.50655,13.28796,afternoon,14,daylight,0,dry,0,2,6,1,0,0,0,0,0,3,slightly_injured
2019,6,Sun,1,52.48131,13.29416,afternoon,14,daylight,0,dry,0,5,3,1,1,0,0,0,0,3,slightly_injured
2019,6,Sun,1,52.53101,13.38706,afternoon,14,daylight,0,dry,0,6,7,0,1,1,0,0,0,3,slightly_injured
2019,6,Sun,1,52.44519,13.57716,evening,19,daylight,0,dry,0,3,6,1,1,0,0,0,0,3,slightly_injured
2019,6,Sun,1,52.54969,13.36432,evening,21,daylight,0,dry,0,5,3,0,1,0,0,0,0,3,slightly_injured
2019,6,Sun,1,52.50219,13.46955,evening,20,daylight,0,dry,0,4,6,0,1,0,1,0,0,2,seriously_injured
2019,6,Sun,1,52.50875,13.43387,evening,20,daylight,0,dry,0,1,5,1,1,0,0,0,1,3,slightly_injured
2019,6,Sun,1,52.54785,13.3048,afternoon,17,daylight,0,dry,0,0,2,1,1,0,0,0,0,3,slightly_injured
2019,6,Sun,1,52.49902,13.39581,afternoon,17,daylight,0,dry,0,5,3,0,1,0,1,0,0,2,seriously_injured
2019,6,Sun,1,52.47897,13.60371,afternoon,15,daylight,0,dry,0,5,3,0,1,0,1,0,0,2,seriously_injured
2019,6,Sun,1,52.49426,13.36096,afternoon,16,daylight,0,dry,0,5,2,1,1,0,0,0,0,3,slightly_injured
2019,6,Sun,1,52.54099,13.42505,afternoon,16,daylight,0,dry,0,0,1,1,0,0,0,0,0,3,slightly_injured
2019,6,Sun,1,52.48567,13.53702,afternoon,14,daylight,0,dry,0,5,3,0,1,0,0,0,0,3,slightly_injured
2019,6,Sun,1,52.49883,13.346,afternoon,14,daylight,0,dry,0,5,3,0,1,0,1,0,0,3,slightly_injured
2019,6,Sun,1,52.50549,13.34721,afternoon,14,daylight,0,dry,0,5,3,0,1,0,0,0,0,3,slightly_injured
2019,6,Sun,1,52.51877,13.38852,afternoon,14,daylight,0,dry,0,5,2,0,1,0,1,0,0,3,slightly_injured
2019,6,Sun,1,52.48567,13.53701,afternoon,14,daylight,0,dry,0,5,3,1,1,0,0,0,0,2,seriously_injured
2019,6,Sun,1,52.55465,13.40107,afternoon,13,daylight,0,dry,0,2,6,0,1,0,0,0,0,3,slightly_injured
2019,6,Fri,6,52.48324,13.5229,afternoon,12,daylight,0,dry,0,5,2,1,1,0,0,0,0,3,slightly_injured
2019,6,Sun,1,52.45692,13.43681,afternoon,13,daylight,0,dry,0,2,6,0,1,0,0,0,0,3,slightly_injured
2019,6,Sun,1,52.46853,13.38271,afternoon,12,daylight,0,dry,0,5,3,0,1,0,1,0,0,2,seriously_injured
2019,6,Fri,6,52.55575,13.38391,afternoon,12,daylight,0,dry,0,5,2,1,0,0,0,0,1,3,slightly_injured
2019,6,Sun,1,52.54201,13.33564,night,1,dark,2,dry,0,5,2,0,1,0,0,0,0,2,seriously_injured
2019,6,Fri,6,52.4587,13.30375,afternoon,17,daylight,0,dry,0,5,2,1,1,0,0,0,0,2,seriously_injured
2019,6,Sun,1,52.56142,13.50034,night,2,dark,2,dry,0,5,3,0,1,0,0,0,0,3,slightly_injured
2019,6,Fri,6,52.427,13.43511,afternoon,12,daylight,0,dry,0,3,6,1,0,0,0,1,0,3,slightly_injured
2019,6,Sun,1,52.58578,13.33619,morning,10,daylight,0,dry,0,4,5,0,1,0,0,0,0,3,slightly_injured
2019,6,Fri,6,52.58751,13.32368,morning,7,daylight,0,dry,0,5,2,1,0,0,0,1,0,2,seriously_injured
2019,6,Sun,1,52.53912,13.34504,morning,10,daylight,0,dry,0,5,2,0,1,0,0,0,0,3,slightly_injured
2019,6,Sun,1,52.55584,13.38411,morning,11,daylight,0,dry,0,5,3,0,1,0,0,0,1,3,slightly_injured
2019,6,Fri,6,52.55964,13.21885,afternoon,12,daylight,0,dry,0,5,3,1,1,0,0,0,0,3,slightly_injured
2019,6,Sun,1,52.41978,13.2943,afternoon,12,daylight,0,dry,0,2,1,0,1,0,0,0,0,2,seriously_injured
2019,6,Fri,6,52.49648,13.3241,afternoon,12,daylight,0,dry,0,0,6,0,1,0,1,0,0,3,slightly_injured
2019,6,Sun,1,52.52415,13.4772,night,1,dark,2,dry,0,0,1,0,0,0,1,0,0,3,slightly_injured
2019,6,Fri,6,52.473,13.30162,morning,11,daylight,0,dry,0,5,2,0,1,0,1,0,0,3,slightly_injured
2019,6,Sun,1,52.48231,13.43869,night,0,dark,2,dry,0,0,1,1,0,0,0,0,0,3,slightly_injured
2019,6,Fri,6,52.42061,13.42647,morning,11,daylight,0,dry,0,5,2,1,1,0,0,0,0,3,slightly_injured
2019,6,Sat,7,52.5136,13.4242,afternoon,12,daylight,0,dry,0,5,3,0,1,0,0,0,0,3,slightly_injured
2019,6,Sat,7,52.53038,13.40811,evening,18,daylight,0,dry,0,5,3,0,1,0,0,0,0,3,slightly_injured
2019,6,Fri,6,52.4449,13.58643,afternoon,12,daylight,0,dry,0,5,3,0,1,0,0,0,1,3,slightly_injured
2019,6,Fri,6,52.56049,13.47665,afternoon,13,daylight,0,dry,0,5,3,1,1,0,0,0,0,2,seriously_injured
2019,6,Sat,7,52.44445,13.32207,afternoon,15,daylight,0,dry,0,1,5,1,1,0,0,0,0,3,slightly_injured
2019,6,Sat,7,52.54989,13.57268,evening,18,daylight,0,dry,0,5,3,1,1,0,0,0,0,2,seriously_injured
2019,6,Fri,6,52.44458,13.56907,afternoon,12,daylight,0,dry,0,3,6,1,0,0,0,1,0,2,seriously_injured
2019,6,Sat,7,52.4782,13.38555,afternoon,15,daylight,0,dry,0,5,2,1,0,0,0,0,0,3,slightly_injured
2019,6,Fri,6,52.51227,13.26778,afternoon,16,daylight,0,dry,0,5,3,1,1,0,0,0,0,3,slightly_injured
2019,6,Sat,7,52.52644,13.33824,afternoon,14,daylight,0,dry,0,5,2,0,1,0,1,0,0,3,slightly_injured
2019,6,Sat,7,52.55628,13.37723,evening,19,daylight,0,dry,0,2,6,0,1,0,0,0,0,3,slightly_injured
2019,6,Fri,6,52.41674,13.43533,afternoon,16,daylight,0,dry,0,5,3,0,1,0,1,0,0,3,slightly_injured
2019,6,Sat,7,52.5025,13.41483,evening,19,daylight,0,dry,0,5,3,1,1,0,0,0,0,3,slightly_injured
2019,6,Sat,7,52.50545,13.33431,afternoon,13,daylight,0,dry,0,5,2,1,1,0,0,0,0,3,slightly_injured
2019,6,Fri,6,52.62176,13.48475,afternoon,16,daylight,0,dry,0,6,4,0,1,1,0,0,0,3,slightly_injured
2019,6,Sat,7,52.48052,13.52507,evening,19,daylight,0,dry,0,2,6,0,1,0,0,0,0,3,slightly_injured
2019,6,Fri,6,52.44042,13.58667,afternoon,16,daylight,0,dry,0,5,2,1,1,0,0,0,0,2,seriously_injured
2019,6,Fri,6,52.52656,13.27788,afternoon,16,daylight,0,dry,0,4,6,1,0,0,0,0,0,2,seriously_injured
2019,6,Sat,7,52.48677,13.34496,evening,19,daylight,0,dry,0,5,3,0,1,0,0,0,0,3,slightly_injured
2019,6,Fri,6,52.49852,13.41216,afternoon,15,daylight,0,dry,0,5,7,0,1,0,0,1,0,2,seriously_injured
2019,6,Sat,7,52.50449,13.43491,afternoon,12,daylight,0,dry,0,5,2,1,1,0,0,0,0,2,seriously_injured
2019,6,Fri,6,52.52067,13.32758,afternoon,16,daylight,0,dry,0,5,2,1,0,0,1,0,0,3,slightly_injured
2019,6,Sat,7,52.45013,13.25124,evening,22,dark,2,dry,0,6,4,0,1,1,0,0,0,3,slightly_injured
2019,6,Sat,7,52.4026,13.41263,afternoon,12,daylight,0,dry,0,1,5,0,1,0,0,0,0,3,slightly_injured
2019,6,Fri,6,52.49892,13.35971,afternoon,16,daylight,0,dry,0,1,5,1,1,0,0,0,0,3,slightly_injured
2019,6,Fri,6,52.4849,13.29641,morning,9,daylight,0,dry,0,2,7,0,1,0,0,0,0,3,slightly_injured
2019,6,Sat,7,52.5386,13.20074,morning,11,daylight,0,dry,0,0,2,0,1,0,0,0,1,3,slightly_injured
2019,6,Sat,7,52.52458,13.2475,morning,10,daylight,0,dry,0,5,2,1,1,0,0,0,0,3,slightly_injured
2019,6,Fri,6,52.55236,13.44923,afternoon,12,daylight,0,dry,0,1,1,0,1,0,0,0,1,2,seriously_injured
2019,6,Sat,7,52.52364,13.4007,evening,23,dark,2,dry,0,0,1,1,0,0,0,0,0,2,seriously_injured
2019,6,Fri,6,52.50036,13.39712,afternoon,17,daylight,0,dry,0,5,3,0,1,0,0,0,0,3,slightly_injured
2019,6,Sat,7,52.44555,13.45,morning,9,daylight,0,dry,0,5,7,0,1,0,0,0,0,3,slightly_injured
2019,6,Sat,7,52.53823,13.39589,morning,9,daylight,0,dry,0,5,2,1,0,0,0,1,0,2,seriously_injured
2019,6,Fri,6,52.4743,13.42752,afternoon,15,daylight,0,dry,0,6,2,0,1,1,0,0,0,3,slightly_injured
2019,5,Fri,6,52.49132,13.29821,night,5,daylight,0,dry,0,5,2,1,1,0,0,0,0,3,slightly_injured
2019,5,Fri,6,52.55376,13.44059,morning,7,daylight,0,dry,0,5,3,0,1,0,1,0,0,3,slightly_injured
2019,6,Fri,6,52.50466,13.39932,evening,23,dark,2,dry,0,5,3,0,1,0,0,0,0,2,seriously_injured
2019,5,Fri,6,52.52578,13.30989,morning,9,daylight,0,dry,0,5,2,1,1,0,0,0,0,3,slightly_injured
2019,6,Fri,6,52.56687,13.54434,afternoon,15,daylight,0,dry,0,5,2,0,1,0,1,0,0,3,slightly_injured
2019,5,Fri,6,52.50795,13.3021,morning,9,daylight,0,dry,0,5,2,0,1,0,0,0,0,3,slightly_injured
2019,5,Fri,6,52.44736,13.40255,afternoon,15,daylight,0,dry,0,2,6,0,1,0,0,0,0,3,slightly_injured
2019,6,Fri,6,52.44542,13.38341,morning,11,daylight,0,dry,0,1,5,1,1,0,0,0,1,3,slightly_injured
2019,6,Fri,6,52.55108,13.44277,morning,11,daylight,0,dry,0,2,1,0,1,0,0,0,0,3,slightly_injured
2019,5,Fri,6,52.57416,13.31871,afternoon,15,daylight,0,dry,0,5,3,0,1,0,0,0,0,3,slightly_injured
2019,5,Fri,6,52.47157,13.38447,afternoon,15,daylight,0,dry,0,5,2,1,1,0,0,0,0,3,slightly_injured
2019,6,Fri,6,52.51675,13.29382,evening,18,daylight,0,dry,0,0,7,1,0,0,0,0,0,3,slightly_injured
2019,5,Fri,6,52.3976,13.56534,afternoon,13,daylight,0,dry,0,5,3,1,1,0,0,0,0,3,slightly_injured
2019,6,Fri,6,52.49882,13.41705,morning,10,daylight,0,dry,0,6,4,1,0,1,0,0,0,2,seriously_injured
2019,5,Fri,6,52.56166,13.32612,afternoon,13,daylight,0,dry,0,5,2,0,1,0,0,0,0,2,seriously_injured
2019,5,Fri,6,52.59583,13.33923,afternoon,16,daylight,0,dry,0,5,3,0,1,0,0,0,0,3,slightly_injured
2019,5,Fri,6,52.53381,13.28203,afternoon,17,daylight,0,dry,0,2,6,0,1,0,0,0,0,2,seriously_injured
2019,6,Fri,6,52.63039,13.28247,afternoon,15,daylight,0,dry,0,1,5,0,1,0,0,0,0,3,slightly_injured
2019,5,Fri,6,52.47416,13.48396,afternoon,17,daylight,0,dry,0,5,2,1,1,0,0,0,0,2,seriously_injured
2019,6,Fri,6,52.54802,13.40504,morning,10,daylight,0,dry,0,5,2,0,1,0,1,0,0,3,slightly_injured
2019,5,Fri,6,52.49126,13.41638,evening,19,daylight,0,dry,0,5,7,1,0,0,0,0,1,3,slightly_injured
2019,6,Fri,6,52.5384,13.23248,morning,9,daylight,0,dry,0,1,5,1,1,0,0,0,1,3,slightly_injured
2019,5,Fri,6,52.49188,13.41275,evening,19,daylight,0,dry,0,0,6,0,1,0,0,0,1,3,slightly_injured
2019,6,Fri,6,52.50173,13.41628,morning,9,daylight,0,dry,0,5,3,1,1,0,0,0,0,3,slightly_injured
2019,5,Fri,6,52.56404,13.3277,evening,20,daylight,0,dry,1,5,2,0,1,0,0,0,0,3,slightly_injured
2019,6,Fri,6,52.45033,13.51065,afternoon,15,daylight,0,dry,0,5,3,1,1,0,0,0,0,3,slightly_injured
2019,5,Fri,6,52.45917,13.40043,evening,21,dark,2,dry,1,2,6,0,1,0,0,0,1,3,slightly_injured
2019,6,Fri,6,52.38667,13.40458,afternoon,15,daylight,0,dry,0,1,5,1,1,0,0,0,0,3,slightly_injured
2019,5,Fri,6,52.48602,13.40718,evening,18,daylight,0,dry,0,0,1,1,0,0,0,0,0,3,slightly_injured
2019,5,Fri,6,52.45977,13.30829,morning,9,daylight,0,dry,0,2,2,0,1,0,0,0,1,3,slightly_injured
2019,6,Fri,6,52.54241,13.32399,afternoon,14,daylight,0,dry,0,5,2,1,1,0,0,0,0,3,slightly_injured
2019,5,Fri,6,52.43585,13.69943,morning,10,daylight,0,dry,0,5,2,1,1,0,0,0,0,3,slightly_injured
2019,6,Fri,6,52.51867,13.30221,afternoon,14,daylight,0,dry,0,5,2,1,1,0,0,0,0,3,slightly_injured
2019,5,Fri,6,52.53544,13.42214,afternoon,12,daylight,0,dry,0,2,6,0,1,0,0,0,0,3,slightly_injured
2019,5,Fri,6,52.50579,13.41937,afternoon,12,daylight,0,dry,1,0,7,1,0,0,0,0,1,3,slightly_injured
2019,6,Fri,6,52.55119,13.40561,afternoon,14,daylight,0,dry,0,5,2,1,1,0,0,0,0,2,seriously_injured
2019,5,Fri,6,52.55373,13.35868,afternoon,12,daylight,0,dry,0,2,6,0,1,0,0,0,0,3,slightly_injured
2019,6,Fri,6,52.43707,13.34692,afternoon,13,daylight,0,dry,0,1,5,1,1,0,0,0,0,3,slightly_injured
2019,5,Fri,6,52.50277,13.4387,afternoon,12,daylight,0,dry,0,2,6,0,1,0,0,0,1,3,slightly_injured
2019,6,Fri,6,52.4501,13.27014,afternoon,14,daylight,0,dry,0,2,6,0,1,0,0,1,0,3,slightly_injured
2019,5,Fri,6,52.50575,13.41938,afternoon,12,daylight,0,dry,1,0,7,0,0,0,1,0,1,3,slightly_injured
2019,6,Fri,6,52.54209,13.33568,morning,10,daylight,0,dry,0,2,6,0,1,0,0,1,0,3,slightly_injured
2019,5,Fri,6,52.58803,13.33987,evening,23,dark,2,dry,1,2,6,0,1,0,0,0,0,3,slightly_injured
2019,5,Fri,6,52.52946,13.37937,evening,21,dark,2,dry,1,0,1,0,0,0,1,0,0,3,slightly_injured
2019,6,Fri,6,52.52456,13.3343,morning,8,daylight,0,dry,0,1,1,0,1,0,0,0,0,3,slightly_injured
2019,6,Fri,6,52.47895,13.52351,morning,8,daylight,0,dry,0,6,4,0,0,1,0,1,0,1,killed
2019,5,Thu,5,52.50273,13.38688,evening,18,daylight,0,dry,0,6,7,0,1,1,0,0,0,3,slightly_injured
2019,6,Thu,5,52.48406,13.456,afternoon,16,daylight,0,dry,1,0,2,1,0,0,0,0,1,3,slightly_injured
2019,5,Thu,5,52.39439,13.41234,evening,18,daylight,0,dry,0,5,2,0,1,0,1,0,0,2,seriously_injured
2019,6,Thu,5,52.50657,13.38814,evening,18,daylight,0,dry,0,3,6,1,1,0,0,0,0,3,slightly_injured
2019,5,Thu,5,52.47412,13.31447,afternoon,17,daylight,0,dry,0,6,4,0,1,1,0,0,0,3,slightly_injured
2019,5,Thu,5,52.53226,13.60474,afternoon,17,daylight,0,dry,0,5,3,1,1,0,0,0,0,2,seriously_injured
2019,6,Thu,5,52.5816,13.29057,afternoon,15,daylight,0,dry,0,2,6,0,1,0,0,0,0,3,slightly_injured
2019,6,Thu,5,52.44435,13.57695,morning,7,daylight,0,dry,0,5,2,1,1,0,0,0,0,3,slightly_injured
2019,5,Thu,5,52.58418,13.38821,afternoon,16,daylight,0,dry,0,5,3,0,1,0,0,0,0,3,slightly_injured
2019,5,Thu,5,52.5284,13.59905,afternoon,16,daylight,0,dry,0,5,3,1,1,0,0,0,0,2,seriously_injured
2019,6,Thu,5,52.42905,13.55087,morning,7,daylight,0,dry,0,5,2,1,1,0,0,0,0,3,slightly_injured
2019,5,Thu,5,52.52585,13.33926,evening,18,daylight,0,dry,0,5,2,1,1,0,0,0,0,3,slightly_injured
2019,6,Thu,5,52.562,13.20831,morning,6,daylight,0,dry,0,5,3,0,1,0,1,0,0,3,slightly_injured
2019,5,Thu,5,52.64324,13.29544,afternoon,16,daylight,0,dry,0,0,1,1,0,0,0,0,0,3,slightly_injured
2019,5,Thu,5,52.57044,13.56562,afternoon,16,daylight,0,dry,0,5,7,0,1,0,0,0,0,3,slightly_injured
2019,6,Thu,5,52.47021,13.46437,morning,6,daylight,0,dry,0,5,2,1,0,0,1,0,0,3,slightly_injured
2019,5,Thu,5,52.50855,13.43438,evening,23,dark,2,dry,0,6,4,0,1,1,0,0,0,2,seriously_injured
2019,6,Thu,5,52.5571,13.36534,evening,21,dark,2,dry,1,5,7,1,1,0,0,0,0,3,slightly_injured
2019,5,Thu,5,52.46669,13.43413,evening,22,dark,2,dry,0,5,7,1,1,0,0,0,0,3,slightly_injured
2019,6,Thu,5,52.47307,13.42833,evening,21,dusk,1,dry,1,2,6,1,1,0,0,0,0,3,slightly_injured
2019,5,Thu,5,52.49089,13.31512,evening,20,dusk,1,dry,0,5,3,1,1,0,0,0,0,3,slightly_injured
2019,6,Thu,5,52.50615,13.32013,evening,21,dusk,1,dry,1,6,4,0,1,1,0,0,0,3,slightly_injured
2019,5,Thu,5,52.55872,13.49207,evening,20,dusk,1,dry,0,5,2,1,1,0,0,0,0,3,slightly_injured
2019,5,Thu,5,52.52513,13.34493,evening,19,daylight,0,dry,0,1,5,1,1,0,0,0,0,3,slightly_injured
2019,6,Thu,5,52.41521,13.49562,afternoon,12,daylight,0,dry,0,6,2,0,1,1,0,0,0,2,seriously_injured
2019,6,Thu,5,52.55097,13.43024,evening,23,dark,2,dry,1,5,3,0,1,0,0,0,0,3,slightly_injured
2019,5,Thu,5,52.49382,13.56188,evening,18,daylight,0,dry,0,2,6,1,0,0,0,0,0,3,slightly_injured
2019,5,Thu,5,52.48496,13.57369,evening,18,daylight,0,dry,0,5,3,0,1,0,0,0,0,3,slightly_injured
2019,6,Thu,5,52.58363,13.47083,afternoon,15,daylight,0,dry,0,0,7,0,1,0,0,0,0,3,slightly_injured
2019,5,Thu,5,52.51995,13.38832,afternoon,15,daylight,0,dry,0,3,6,1,1,0,0,0,0,3,slightly_injured
2019,6,Thu,5,52.48209,13.43367,afternoon,15,daylight,0,dry,1,5,2,0,1,0,0,0,0,3,slightly_injured
2019,5,Thu,5,52.51653,13.26029,afternoon,15,daylight,0,dry,0,5,3,0,1,0,0,0,0,3,slightly_injured
2019,6,Thu,5,52.52582,13.32081,afternoon,15,daylight,0,dry,1,1,5,1,1,0,0,0,1,3,slightly_injured
2019,5,Thu,5,52.59756,13.38502,afternoon,14,daylight,0,dry,0,2,2,0,1,0,0,0,0,3,slightly_injured
2019,6,Thu,5,52.41579,13.36161,afternoon,13,daylight,0,dry,0,2,6,1,1,0,0,0,0,2,seriously_injured
2019,5,Thu,5,52.48792,13.30821,afternoon,14,daylight,0,dry,0,2,6,0,1,0,0,0,0,3,slightly_injured
2019,6,Thu,5,52.51847,13.48587,afternoon,12,daylight,0,dry,0,6,2,0,1,1,0,0,0,2,seriously_injured
2019,5,Thu,5,52.51063,13.50051,afternoon,13,daylight,0,dry,0,6,2,0,0,1,0,0,1,3,slightly_injured
2019,6,Thu,5,52.52336,13.43655,afternoon,12,daylight,0,dry,0,5,2,1,1,0,0,0,0,3,slightly_injured
2019,5,Thu,5,52.4872,13.1819,afternoon,13,daylight,0,dry,0,1,5,1,1,0,0,0,0,2,seriously_injured
2019,5,Thu,5,52.43087,13.30913,morning,10,daylight,0,dry,0,5,7,0,1,0,1,0,0,2,seriously_injured
2019,6,Thu,5,52.52598,13.36501,afternoon,12,daylight,0,dry,0,5,2,0,1,0,1,0,0,3,slightly_injured
2019,5,Thu,5,52.52767,13.1878,morning,6,daylight,0,dry,0,1,5,0,1,0,0,0,0,2,seriously_injured
2019,6,Thu,5,52.47077,13.51237,afternoon,12,daylight,0,dry,0,2,6,0,1,0,0,0,0,3,slightly_injured
2019,5,Wed,4,52.59972,13.25204,afternoon,16,daylight,0,dry,0,2,6,0,1,0,0,0,0,3,slightly_injured
2019,6,Thu,5,52.48921,13.39291,morning,11,daylight,0,dry,0,5,7,1,1,0,0,0,0,2,seriously_injured
2019,5,Wed,4,52.53835,13.32611,evening,18,daylight,0,dry,0,2,2,1,1,0,0,0,0,3,slightly_injured
2019,6,Thu,5,52.43079,13.22198,morning,11,daylight,0,dry,0,5,2,0,1,0,1,0,0,3,slightly_injured
2019,5,Wed,4,52.50261,13.4467,evening,18,daylight,0,dry,0,5,2,1,0,0,0,0,1,3,slightly_injured
2019,5,Wed,4,52.52767,13.3432,afternoon,16,daylight,0,dry,0,3,6,0,1,0,1,0,0,3,slightly_injured
2019,6,Thu,5,52.54475,13.56472,morning,11,daylight,0,dry,0,2,6,0,1,0,0,0,0,3,slightly_injured
2019,6,Thu,5,52.45665,13.63278,morning,7,daylight,0,dry,0,6,2,0,1,1,0,0,0,3,slightly_injured
2019,5,Wed,4,52.45513,13.56707,evening,23,dark,2,dry,0,0,1,1,0,0,0,0,0,3,slightly_injured
2019,5,Wed,4,52.51411,13.30488,afternoon,17,daylight,0,dry,0,6,4,0,1,1,0,0,0,3,slightly_injured
2019,6,Thu,5,52.51227,13.45369,morning,10,daylight,0,dry,0,5,5,0,1,0,1,0,0,3,slightly_injured
2019,5,Wed,4,52.5103,13.38991,evening,20,dusk,1,dry,0,0,2,1,0,0,0,1,0,3,slightly_injured
2019,6,Thu,5,52.51365,13.33575,morning,10,daylight,0,dry,0,2,2,0,1,0,0,0,0,3,slightly_injured
2019,5,Wed,4,52.49293,13.33101,evening,18,daylight,0,dry,0,5,3,1,1,0,0,0,0,3,slightly_injured
2019,5,Wed,4,52.46079,13.48125,evening,18,daylight,0,dry,0,5,2,0,1,0,0,0,0,2,seriously_injured
2019,6,Thu,5,52.49794,13.32452,morning,9,daylight,0,dry,0,6,2,1,0,1,0,0,0,3,slightly_injured
2019,5,Wed,4,52.49299,13.38795,evening,23,dark,2,dry,0,5,3,0,1,0,0,0,0,3,slightly_injured
2019,5,Wed,4,52.50213,13.48835,evening,22,dark,2,dry,0,5,2,0,1,0,0,0,0,3,slightly_injured
2019,6,Thu,5,52.56426,13.50753,morning,9,daylight,0,dry,0,6,4,0,0,1,0,0,1,2,seriously_injured
2019,5,Wed,4,52.56794,13.42755,evening,21,dusk,1,dry,0,5,2,1,1,0,0,0,0,3,slightly_injured
2019,5,Wed,4,52.54652,13.41823,evening,18,daylight,0,dry,0,0,2,0,1,0,1,0,0,3,slightly_injured
2019,6,Thu,5,52.50226,13.31328,evening,19,daylight,0,dry,1,2,6,1,0,0,1,0,0,3,slightly_injured
2019,5,Wed,4,52.55215,13.36686,evening,18,daylight,0,dry,0,5,2,1,1,0,0,0,0,3,slightly_injured
2019,6,Thu,5,52.52442,13.40298,evening,18,daylight,0,dry,1,0,1,1,0,0,0,0,0,3,slightly_injured
2019,5,Wed,4,52.5317,13.19758,afternoon,15,daylight,0,dry,0,6,2,0,1,1,0,0,0,3,slightly_injured
2019,6,Thu,5,52.52899,13.39567,evening,18,daylight,0,dry,1,0,3,1,0,0,1,0,0,3,slightly_injured
2019,5,Wed,4,52.49397,13.57667,evening,18,daylight,0,dry,0,5,3,1,1,0,0,0,0,3,slightly_injured
2019,6,Thu,5,52.53553,13.19529,evening,18,daylight,0,dry,1,0,2,1,1,0,0,0,0,3,slightly_injured
2019,5,Wed,4,52.45437,13.31824,morning,9,daylight,0,dry,0,3,6,0,1,0,1,0,0,2,seriously_injured
2019,5,Wed,4,52.50353,13.43006,morning,11,daylight,0,dry,0,5,3,1,1,0,0,0,0,3,slightly_injured
2019,6,Thu,5,52.5077,13.39046,evening,18,dusk,1,dry,1,5,3,1,1,0,0,0,0,2,seriously_injured
2019,6,Thu,5,52.60141,13.35836,evening,18,daylight,0,dry,1,5,2,1,1,0,0,0,0,3,slightly_injured
2019,5,Wed,4,52.49941,13.30704,evening,18,daylight,0,dry,0,2,6,0,1,0,0,0,0,3,slightly_injured
2019,5,Wed,4,52.47769,13.27881,morning,11,daylight,0,dry,0,5,2,0,1,0,0,1,0,3,slightly_injured
2019,6,Thu,5,52.44851,13.25189,evening,18,daylight,0,dry,1,6,4,0,1,1,0,0,0,2,seriously_injured
2019,5,Wed,4,52.50013,13.35394,morning,11,daylight,0,dry,0,5,7,0,1,0,0,0,0,3,slightly_injured
2019,6,Thu,5,52.52844,13.37584,evening,18,daylight,0,dry,1,0,1,0,0,0,1,0,0,3,slightly_injured
2019,5,Wed,4,52.5397,13.19852,morning,11,daylight,0,dry,0,5,2,0,1,0,1,0,0,3,slightly_injured
2019,6,Thu,5,52.49998,13.41836,afternoon,17,daylight,0,dry,1,6,4,0,0,1,1,0,0,2,seriously_injured
2019,5,Wed,4,52.50416,13.44227,afternoon,12,daylight,0,dry,0,1,5,1,1,0,0,0,1,3,slightly_injured
2019,6,Thu,5,52.62225,13.24688,afternoon,16,daylight,0,dry,1,0,1,1,0,0,0,0,0,2,seriously_injured
2019,5,Wed,4,52.45636,13.47565,afternoon,17,daylight,0,dry,0,2,6,1,1,0,0,0,0,3,slightly_injured
2019,5,Wed,4,52.51699,13.26089,afternoon,17,daylight,0,dry,0,6,4,0,1,1,0,0,0,2,seriously_injured
2019,6,Thu,5,52.52586,13.32806,afternoon,16,daylight,0,dry,1,6,4,0,1,1,0,0,0,3,slightly_injured
2019,6,Thu,5,52.43921,13.38888,afternoon,15,daylight,0,dry,1,1,5,0,1,0,0,0,0,3,slightly_injured
2019,5,Wed,4,52.42272,13.32746,afternoon,17,daylight,0,dry,0,5,3,0,1,0,0,0,1,3,slightly_injured
2019,6,Thu,5,52.51525,13.30099,afternoon,17,daylight,0,dry,0,5,3,1,1,0,0,0,0,3,slightly_injured
2019,6,Thu,5,52.55733,13.37698,afternoon,17,daylight,0,dry,0,4,6,0,0,0,1,1,0,3,slightly_injured
2019,6,Thu,5,52.53037,13.2957,afternoon,17,daylight,0,dry,0,5,3,0,1,0,0,0,0,3,slightly_injured
2019,6,Thu,5,52.56859,13.36189,afternoon,17,daylight,0,dry,0,5,3,1,1,0,0,0,0,3,slightly_injured
2019,6,Thu,5,52.50508,13.42198,afternoon,16,daylight,0,dry,0,5,3,0,1,0,0,0,1,3,slightly_injured
2019,6,Thu,5,52.43094,13.27901,afternoon,16,daylight,0,dry,0,5,2,1,1,0,0,0,0,3,slightly_injured