ujahr,umonat,weekday,uwochentag,long,lat,time_of_day,ustunde,light_condition,ulichtverh,street_condition,ustrzustand,uart,utyp1,ist_rad,ist_pkw,ist_fuss,ist_krad,ist_gkfz,ist_sonstige,ukategorie,accident_outcome
2019,6,Thu,5,52.51518,13.31335,afternoon,16,daylight,0,dry,0,5,3,1,1,0,0,0,0,2,seriously_injured
2019,6,Thu,5,52.63433,13.4973,afternoon,16,daylight,0,dry,0,5,2,1,1,0,0,0,0,3,slightly_injured
2019,6,Thu,5,52.53253,13.38061,afternoon,16,daylight,0,dry,0,5,2,0,1,0,1,0,0,3,slightly_injured
2019,6,Thu,5,52.52944,13.59072,evening,20,daylight,0,dry,0,2,6,0,1,0,1,0,0,3,slightly_injured
2019,6,Thu,5,52.51017,13.47392,evening,20,daylight,0,dry,0,5,3,1,1,0,0,0,0,3,slightly_injured
2019,6,Thu,5,52.52746,13.45227,evening,19,daylight,0,dry,0,5,3,1,1,0,0,0,0,3,slightly_injured
2019,6,Thu,5,52.50239,13.48661,evening,19,daylight,0,dry,0,2,2,0,1,0,0,0,0,3,slightly_injured
2019,6,Thu,5,52.52104,13.19698,evening,19,daylight,0,dry,0,1,5,0,1,0,0,0,1,3,slightly_injured
2019,6,Thu,5,52.54756,13.598,evening,18,daylight,0,dry,0,2,6,0,1,0,0,0,1,3,slightly_injured
2019,6,Thu,5,52.46816,13.27849,evening,18,daylight,0,dry,0,0,7,1,0,0,0,0,0,3,slightly_injured
2019,6,Thu,5,52.53218,13.34354,evening,18,daylight,0,dry,0,5,3,1,1,0,0,0,0,3,slightly_injured
2019,6,Thu,5,52.53259,13.39877,evening,18,daylight,0,dry,0,0,1,1,0,0,0,0,0,3,slightly_injured
2019,6,Thu,5,52.41478,13.34805,evening,18,daylight,0,dry,0,0,2,1,1,0,0,0,0,3,slightly_injured
2019,6,Thu,5,52.46276,13.52336,afternoon,15,daylight,0,dry,0,6,7,1,0,1,0,0,0,3,slightly_injured
2019,6,Thu,5,52.45396,13.55849,afternoon,17,daylight,0,dry,0,2,6,0,1,0,1,0,0,3,slightly_injured
2019,6,Thu,5,52.51902,13.46207,afternoon,15,daylight,0,dry,0,6,4,0,1,1,0,0,0,3,slightly_injured
2019,6,Thu,5,52.46277,13.51258,afternoon,15,daylight,0,dry,0,2,6,0,1,0,0,0,0,3,slightly_injured
2019,6,Thu,5,52.49845,13.4105,afternoon,15,daylight,0,dry,0,5,7,0,1,0,0,0,0,3,slightly_injured
2019,6,Thu,5,52.5536,13.54522,morning,6,daylight,0,dry,0,5,2,1,1,0,0,0,0,2,seriously_injured
2019,6,Thu,5,52.58297,13.41395,morning,7,daylight,0,dry,0,5,3,1,1,0,0,0,0,2,seriously_injured
2019,6,Thu,5,52.51558,13.34743,afternoon,14,daylight,0,dry,0,6,4,0,1,1,0,0,0,3,slightly_injured
2019,6,Thu,5,52.50155,13.4752,morning,7,daylight,0,dry,1,3,6,0,1,0,1,0,0,3,slightly_injured
2019,6,Thu,5,52.49998,13.44405,morning,7,daylight,0,dry,0,3,6,1,0,0,0,0,1,3,slightly_injured
2019,6,Thu,5,52.44741,13.35371,morning,7,daylight,0,dry,0,3,6,0,1,0,1,0,0,3,slightly_injured
2019,6,Thu,5,52.43506,13.25074,morning,7,daylight,0,dry,1,5,2,0,1,0,1,0,0,2,seriously_injured
2019,6,Thu,5,52.55006,13.36817,morning,8,daylight,0,dry,0,5,3,1,1,0,0,0,0,3,slightly_injured
2019,6,Thu,5,52.54499,13.51614,morning,8,daylight,0,dry,0,6,4,0,1,1,0,0,0,3,slightly_injured
2019,6,Thu,5,52.4889,13.45406,morning,8,daylight,0,dry,0,5,2,1,1,0,0,0,0,3,slightly_injured
2019,6,Thu,5,52.47342,13.50918,morning,9,daylight,0,dry,0,5,2,1,1,0,0,0,0,3,slightly_injured
2019,6,Thu,5,52.51511,13.39463,afternoon,14,daylight,0,dry,0,5,7,0,1,0,1,0,0,3,slightly_injured
2019,6,Thu,5,52.51809,13.38044,morning,10,daylight,0,dry,0,5,3,1,1,0,0,0,0,3,slightly_injured
2019,6,Thu,5,52.49603,13.52461,morning,10,daylight,0,dry,0,5,3,1,0,0,0,1,0,2,seriously_injured
2019,6,Thu,5,52.47984,13.2718,afternoon,12,daylight,0,dry,0,2,6,1,1,0,0,0,0,3,slightly_injured
2019,6,Thu,5,52.55146,13.46787,afternoon,12,daylight,0,dry,0,1,5,1,1,0,0,0,0,3,slightly_injured
2019,6,Thu,5,52.49539,13.39781,afternoon,12,daylight,0,dry,0,0,3,1,0,0,0,1,0,3,slightly_injured
2019,6,Thu,5,52.49931,13.30379,morning,8,daylight,0,dry,0,0,1,1,0,0,0,0,0,2,seriously_injured
2019,6,Thu,5,52.50425,13.22868,afternoon,16,daylight,0,dry,0,5,3,1,0,0,0,0,1,3,slightly_injured
2019,6,Wed,4,52.43521,13.2892,afternoon,15,daylight,0,dry,0,6,7,0,0,1,1,0,0,3,slightly_injured
2019,6,Wed,4,52.53554,13.39023,morning,11,daylight,0,dry,0,6,4,1,0,1,0,0,0,3,slightly_injured
2019,6,Wed,4,52.53045,13.38258,evening,19,daylight,0,dry,1,0,1,0,0,0,1,0,0,3,slightly_injured
2019,6,Wed,4,52.46456,13.47314,evening,19,dusk,1,dry,1,0,1,1,0,0,0,0,0,3,slightly_injured
2019,6,Wed,4,52.63624,13.50632,morning,11,daylight,0,dry,0,4,6,0,1,0,0,1,0,2,seriously_injured
2019,6,Wed,4,52.48922,13.3767,morning,8,daylight,0,dry,1,0,1,0,0,0,1,0,0,3,slightly_injured
2019,6,Wed,4,52.55549,13.39148,evening,23,dark,2,dry,1,0,2,1,1,0,0,0,0,3,slightly_injured
2019,6,Wed,4,52.53804,13.3733,evening,22,dark,2,dry,1,0,3,0,1,0,1,0,0,3,slightly_injured
2019,6,Wed,4,52.60009,13.34114,evening,22,dark,2,dry,1,5,3,0,1,0,0,0,0,3,slightly_injured
2019,6,Wed,4,52.44902,13.33866,afternoon,15,daylight,0,dry,0,5,2,0,1,0,1,0,0,3,slightly_injured
2019,6,Wed,4,52.54567,13.59189,afternoon,15,daylight,0,dry,0,6,4,0,1,1,0,0,0,2,seriously_injured
2019,6,Wed,4,52.45669,13.39416,afternoon,15,daylight,0,dry,0,0,7,0,1,0,0,0,1,3,slightly_injured
2019,6,Wed,4,52.50703,13.37897,afternoon,16,daylight,0,dry,0,6,4,1,0,1,0,0,0,3,slightly_injured
2019,6,Wed,4,52.45577,13.57718,evening,18,daylight,0,dry,1,5,2,1,1,0,0,0,0,3,slightly_injured
2019,6,Wed,4,52.43821,13.56412,evening,18,daylight,0,dry,1,6,4,0,1,1,0,0,0,3,slightly_injured
2019,6,Wed,4,52.52129,13.30193,evening,18,daylight,0,dry,1,5,3,1,1,0,0,0,0,3,slightly_injured
2019,6,Wed,4,52.51145,13.49162,evening,19,daylight,0,dry,1,0,7,0,1,0,0,0,0,3,slightly_injured
2019,6,Wed,4,52.48006,13.45068,evening,18,daylight,0,dry,0,5,2,0,0,0,1,0,1,3,slightly_injured
2019,6,Wed,4,52.55327,13.15468,afternoon,17,daylight,0,dry,0,6,4,1,0,1,0,0,0,3,slightly_injured
2019,6,Wed,4,52.53016,13.45646,afternoon,16,daylight,0,dry,0,6,4,1,0,1,0,0,0,3,slightly_injured
2019,6,Wed,4,52.56794,13.42756,afternoon,16,daylight,0,dry,0,5,3,0,1,0,0,0,1,3,slightly_injured
2019,6,Wed,4,52.48669,13.42422,evening,22,dark,2,dry,1,2,6,0,1,0,0,0,0,3,slightly_injured
2019,6,Wed,4,52.55187,13.45271,evening,20,dusk,1,dry,1,5,3,1,1,0,0,0,0,3,slightly_injured
2019,6,Wed,4,52.52547,13.17809,afternoon,16,daylight,0,dry,0,2,6,0,1,0,0,0,0,3,slightly_injured
2019,6,Wed,4,52.5137,13.38076,evening,20,daylight,0,dry,1,1,5,1,1,0,0,0,0,3,slightly_injured
2019,6,Wed,4,52.53915,13.39541,evening,19,daylight,0,dry,1,5,7,0,1,0,0,0,1,2,seriously_injured
2019,6,Wed,4,52.4312,13.45834,evening,18,dusk,1,dry,1,0,1,1,0,0,0,0,0,3,slightly_injured
2019,6,Wed,4,52.52484,13.40323,morning,10,daylight,0,dry,0,1,5,1,1,0,0,0,1,3,slightly_injured
2019,6,Wed,4,52.43327,13.30727,afternoon,13,daylight,0,dry,0,5,2,1,1,0,0,0,0,3,slightly_injured
2019,6,Wed,4,52.54781,13.20973,afternoon,14,daylight,0,dry,0,5,2,1,1,0,0,0,0,3,slightly_injured
2019,6,Wed,4,52.43183,13.20746,afternoon,14,daylight,0,dry,0,5,3,0,1,0,0,0,0,3,slightly_injured
2019,6,Wed,4,52.50043,13.41369,afternoon,12,daylight,0,dry,0,2,6,1,1,0,0,0,0,3,slightly_injured
2019,6,Wed,4,52.49813,13.4474,afternoon,13,daylight,0,dry,0,5,2,0,1,0,1,0,0,3,slightly_injured
2019,6,Wed,4,52.5298,13.35105,afternoon,13,daylight,0,dry,0,5,3,1,1,0,0,0,0,3,slightly_injured
2019,6,Wed,4,52.51146,13.28147,afternoon,13,daylight,0,dry,0,5,3,1,1,0,0,0,0,3,slightly_injured
2019,6,Wed,4,52.42391,13.34806,afternoon,15,daylight,0,dry,0,5,2,1,1,0,0,0,0,3,slightly_injured
2019,6,Wed,4,52.49403,13.33098,afternoon,15,daylight,0,dry,0,2,6,0,1,0,0,0,0,3,slightly_injured
2019,6,Wed,4,52.50932,13.29293,afternoon,12,daylight,0,dry,0,5,3,1,1,0,0,0,0,2,seriously_injured
2019,6,Wed,4,52.41674,13.3375,afternoon,13,daylight,0,dry,0,2,6,0,1,0,0,0,0,3,slightly_injured
2019,6,Wed,4,52.55574,13.47761,morning,10,daylight,0,dry,0,5,7,0,1,0,0,0,1,3,slightly_injured
2019,6,Wed,4,52.55268,13.38066,evening,19,daylight,0,dry,1,3,6,0,1,0,0,0,0,3,slightly_injured
2019,6,Wed,4,52.49082,13.41061,evening,19,daylight,0,dry,1,0,5,1,1,0,0,0,0,3,slightly_injured
2019,6,Wed,4,52.52689,13.47949,night,4,dusk,1,dry,1,0,7,0,0,0,1,0,1,3,slightly_injured
2019,6,Wed,4,52.47434,13.32003,night,5,daylight,0,dry,1,0,3,0,1,0,1,0,0,3,slightly_injured
2019,6,Wed,4,52.51222,13.39164,morning,6,daylight,0,dry,1,5,3,0,1,0,0,0,0,3,slightly_injured
2019,6,Wed,4,52.46542,13.52054,morning,6,daylight,0,dry,0,5,3,0,1,0,0,0,0,3,slightly_injured
2019,6,Wed,4,52.53538,13.51947,morning,10,daylight,0,dry,0,5,3,1,1,0,0,0,0,3,slightly_injured
2019,6,Wed,4,52.52066,13.32758,morning,6,daylight,0,dry,1,2,7,0,0,0,1,1,0,3,slightly_injured
2019,6,Wed,4,52.48847,13.30797,morning,7,daylight,0,dry,0,5,7,0,1,0,0,0,0,3,slightly_injured
2019,6,Wed,4,52.52679,13.48181,morning,7,daylight,0,dry,0,5,2,1,1,0,0,0,0,3,slightly_injured
2019,6,Wed,4,52.52354,13.1616,morning,8,daylight,0,dry,1,5,2,1,1,0,0,0,0,3,slightly_injured
2019,6,Wed,4,52.49603,13.39247,morning,9,daylight,0,dry,0,3,6,1,0,0,0,0,0,3,slightly_injured
2019,6,Wed,4,52.52402,13.40975,morning,9,daylight,0,dry,0,5,2,1,1,0,0,0,0,3,slightly_injured
2019,6,Wed,4,52.4434,13.58047,morning,9,daylight,0,dry,0,2,6,0,1,0,0,1,0,3,slightly_injured
2019,6,Wed,4,52.49816,13.4215,morning,9,daylight,0,dry,0,5,2,0,1,0,1,0,0,3,slightly_injured
2019,6,Wed,4,52.44559,13.29383,morning,8,daylight,0,dry,0,5,3,1,1,0,0,0,0,3,slightly_injured
2019,6,Wed,4,52.52649,13.3061,morning,9,daylight,0,dry,0,6,4,0,1,1,0,0,0,3,slightly_injured
2019,6,Wed,4,52.52299,13.46734,morning,8,daylight,0,dry,0,1,5,0,1,0,0,0,0,3,slightly_injured
2019,6,Wed,4,52.55094,13.43122,morning,9,daylight,0,dry,0,2,6,1,0,0,0,0,1,3,slightly_injured
2019,6,Wed,4,52.45497,13.376,morning,8,daylight,0,dry,0,6,4,1,0,1,0,0,0,3,slightly_injured
2019,6,Wed,4,52.59999,13.34134,morning,8,daylight,0,dry,0,5,3,0,1,0,0,0,1,3,slightly_injured
2019,6,Wed,4,52.50001,13.30791,morning,8,daylight,0,dry,0,0,1,0,0,0,1,0,0,3,slightly_injured
2019,6,Tue,3,52.59113,13.38216,afternoon,15,daylight,0,dry,0,2,6,0,1,0,0,0,0,3,slightly_injured
2019,6,Tue,3,52.55286,13.37938,evening,18,daylight,0,dry,0,2,6,1,1,0,0,0,0,3,slightly_injured
2019,6,Tue,3,52.55334,13.39008,afternoon,14,daylight,0,dry,0,6,7,1,0,1,0,0,0,3,slightly_injured
2019,6,Tue,3,52.48951,13.44024,afternoon,14,daylight,0,dry,0,2,6,0,1,0,0,0,0,3,slightly_injured
2019,6,Tue,3,52.51957,13.37592,afternoon,12,daylight,0,dry,0,6,7,1,0,1,0,0,0,3,slightly_injured
2019,6,Tue,3,52.52021,13.17468,evening,19,daylight,0,dry,0,5,3,0,1,0,0,0,0,3,slightly_injured
2019,6,Tue,3,52.50786,13.39033,evening,18,daylight,0,dry,0,2,6,1,1,0,0,0,0,3,slightly_injured
2019,6,Tue,3,52.55363,13.41405,afternoon,17,daylight,0,dry,0,2,6,0,0,0,1,1,0,3,slightly_injured
2019,6,Tue,3,52.54106,13.351,evening,18,daylight,0,dry,0,0,7,0,1,0,0,0,1,3,slightly_injured
2019,6,Tue,3,52.52736,13.21192,evening,18,daylight,0,dry,0,2,6,0,1,0,0,0,0,3,slightly_injured
2019,6,Tue,3,52.51133,13.4466,evening,18,daylight,0,dry,0,5,3,0,1,0,0,0,0,3,slightly_injured
2019,6,Tue,3,52.50106,13.31505,evening,18,daylight,0,dry,0,6,2,0,1,1,0,0,0,3,slightly_injured
2019,6,Tue,3,52.50479,13.52005,afternoon,17,daylight,0,dry,0,5,3,1,0,0,0,0,0,2,seriously_injured
2019,6,Tue,3,52.54735,13.40952,afternoon,17,daylight,0,dry,0,6,4,1,0,1,0,0,0,3,slightly_injured
2019,6,Tue,3,52.50986,13.3591,afternoon,17,daylight,0,dry,0,5,2,1,1,0,0,0,0,3,slightly_injured
2019,6,Tue,3,52.54033,13.37563,afternoon,17,daylight,0,dry,0,2,6,0,1,0,0,0,0,3,slightly_injured
2019,6,Tue,3,52.48733,13.52702,afternoon,16,daylight,0,dry,0,6,7,1,0,1,0,0,0,3,slightly_injured
2019,6,Tue,3,52.45553,13.58015,afternoon,15,daylight,0,dry,0,5,2,0,1,0,1,0,0,3,slightly_injured
2019,6,Tue,3,52.48524,13.42426,afternoon,15,daylight,0,dry,0,2,7,0,1,0,1,0,0,3,slightly_injured
2019,6,Mon,2,52.41904,13.35965,morning,10,daylight,0,dry,0,8,1,0,1,0,0,0,0,2,seriously_injured
2019,6,Tue,3,52.49497,13.33103,afternoon,15,daylight,0,dry,0,2,6,0,1,0,0,0,0,3,slightly_injured
2019,6,Mon,2,52.50092,13.49788,morning,8,daylight,0,dry,1,0,7,0,0,0,1,1,0,3,slightly_injured
2019,6,Tue,3,52.56455,13.32624,afternoon,14,daylight,0,dry,0,1,5,1,1,0,0,0,1,3,slightly_injured
2019,6,Mon,2,52.56896,13.41848,morning,10,daylight,0,dry,0,0,1,1,0,0,0,0,0,3,slightly_injured
2019,6,Tue,3,52.4608,13.48126,afternoon,14,daylight,0,dry,0,5,2,0,1,0,0,0,0,3,slightly_injured
2019,6,Mon,2,52.49633,13.39501,evening,19,daylight,0,dry,0,5,2,1,1,0,0,0,0,3,slightly_injured
2019,6,Mon,2,52.53483,13.14505,evening,19,daylight,0,dry,0,2,7,0,0,0,1,0,1,3,slightly_injured
2019,6,Tue,3,52.54216,13.23699,afternoon,14,daylight,0,dry,0,1,5,1,1,0,0,0,0,3,slightly_injured
2019,6,Tue,3,52.60361,13.33463,afternoon,13,daylight,0,dry,0,3,6,0,1,0,1,0,0,3,slightly_injured
2019,6,Mon,2,52.55295,13.3698,evening,19,daylight,0,dry,0,5,2,1,1,0,0,0,0,3,slightly_injured
2019,6,Mon,2,52.51799,13.42777,evening,21,dusk,1,dry,0,9,1,0,0,0,1,0,0,2,seriously_injured
2019,6,Tue,3,52.57573,13.50368,afternoon,17,daylight,0,dry,0,8,1,0,1,0,0,0,0,3,slightly_injured
2019,6,Mon,2,52.5418,13.40797,evening,18,daylight,0,dry,0,0,1,0,0,0,1,0,0,2,seriously_injured
2019,6,Tue,3,52.50527,13.34087,morning,9,daylight,0,dry,0,3,6,1,0,0,0,0,1,3,slightly_injured
2019,6,Mon,2,52.50551,13.61315,evening,18,daylight,0,dry,0,5,3,0,1,0,0,0,1,3,slightly_injured
2019,6,Mon,2,52.42956,13.28085,evening,18,daylight,0,dry,0,5,3,1,1,0,0,0,0,3,slightly_injured
2019,6,Mon,2,52.52431,13.44898,afternoon,17,daylight,0,dry,0,5,3,0,1,0,0,1,0,3,slightly_injured
2019,6,Tue,3,52.52729,13.34319,morning,10,daylight,0,dry,0,2,6,1,1,0,0,0,0,3,slightly_injured
2019,6,Mon,2,52.5371,13.3266,afternoon,17,daylight,0,dry,0,5,7,0,1,0,1,0,0,3,slightly_injured
2019,6,Tue,3,52.47832,13.30884,morning,10,daylight,0,dry,0,0,6,0,1,0,0,0,1,3,slightly_injured
2019,6,Mon,2,52.49591,13.38975,evening,18,daylight,0,dry,0,5,2,1,1,0,0,0,0,3,slightly_injured
2019,6,Mon,2,52.43432,13.53884,afternoon,16,daylight,0,dry,0,2,2,0,1,0,0,0,0,3,slightly_injured
2019,6,Tue,3,52.51741,13.38877,morning,10,daylight,0,dry,0,8,1,1,1,0,0,0,0,3,slightly_injured
2019,6,Mon,2,52.57425,13.35923,afternoon,16,daylight,0,dry,0,5,2,1,0,0,0,0,1,3,slightly_injured
2019,6,Mon,2,52.39477,13.41947,afternoon,17,daylight,0,dry,0,8,1,0,1,0,0,0,0,3,slightly_injured
2019,6,Tue,3,52.4534,13.59315,morning,11,daylight,0,dry,0,0,2,1,0,0,0,0,0,3,slightly_injured
2019,6,Mon,2,52.52864,13.13333,morning,7,daylight,0,dry,0,6,4,0,1,1,0,0,0,2,seriously_injured
2019,6,Tue,3,52.54142,13.16876,afternoon,13,daylight,0,dry,0,5,3,0,1,0,0,0,0,3,slightly_injured
2019,6,Mon,2,52.58811,13.33971,morning,7,daylight,0,dry,0,0,2,1,0,0,0,1,0,3,slightly_injured
2019,6,Mon,2,52.50947,13.39005,morning,7,daylight,0,dry,0,5,3,0,1,0,1,0,0,2,seriously_injured
2019,6,Tue,3,52.48611,13.35594,morning,11,daylight,0,dry,1,0,7,0,0,0,1,0,0,3,slightly_injured
2019,6,Tue,3,52.42272,13.33544,afternoon,12,daylight,0,dry,0,2,2,0,1,0,1,0,0,2,seriously_injured
2019,6,Mon,2,52.53429,13.56552,morning,7,daylight,0,dry,0,5,2,0,1,0,1,0,0,3,slightly_injured
2019,6,Mon,2,52.64845,13.48458,morning,7,daylight,0,dry,0,2,6,0,1,0,0,0,0,3,slightly_injured
2019,6,Tue,3,52.56733,13.51497,morning,10,daylight,0,dry,0,2,7,0,1,0,0,0,0,2,seriously_injured
2019,6,Mon,2,52.46047,13.32442,morning,6,daylight,0,dry,0,5,3,1,1,0,0,0,0,3,slightly_injured
2019,6,Tue,3,52.42832,13.55198,morning,9,daylight,0,dry,0,5,2,1,1,0,0,0,0,2,seriously_injured
2019,6,Mon,2,52.59697,13.36152,night,5,daylight,0,dry,0,5,3,0,1,0,0,0,0,3,slightly_injured
2019,6,Tue,3,52.58432,13.3746,morning,9,daylight,0,dry,0,9,1,0,1,0,0,0,0,3,slightly_injured
2019,6,Mon,2,52.50956,13.45758,night,3,dark,2,dry,0,0,1,1,0,0,0,0,0,3,slightly_injured
2019,6,Tue,3,52.56332,13.32702,evening,19,dusk,1,dry,0,0,4,0,0,1,0,0,1,3,slightly_injured
2019,6,Mon,2,52.48504,13.44894,morning,10,daylight,0,dry,0,5,3,0,1,0,0,0,0,3,slightly_injured
2019,6,Mon,2,52.52638,13.29722,morning,10,daylight,0,dry,0,2,6,0,1,0,0,0,0,3,slightly_injured
2019,6,Tue,3,52.49495,13.28506,evening,22,dark,2,dry,1,2,6,0,1,0,0,0,0,3,slightly_injured
2019,6,Tue,3,52.49434,13.43828,morning,8,daylight,0,dry,0,1,5,1,1,0,0,0,0,3,slightly_injured
2019,6,Mon,2,52.41419,13.59193,morning,10,daylight,0,dry,0,5,3,1,1,0,0,0,0,3,slightly_injured
2019,6,Tue,3,52.56167,13.37727,morning,9,daylight,0,dry,0,1,5,1,1,0,0,0,0,3,slightly_injured
2019,6,Mon,2,52.52831,13.46798,morning,9,daylight,0,dry,0,1,5,0,1,0,0,0,0,3,slightly_injured
2019,6,Tue,3,52.45936,13.42802,morning,9,daylight,0,dry,0,5,3,0,1,0,1,0,0,3,slightly_injured
2019,6,Mon,2,52.43083,13.31751,morning,9,daylight,0,dry,0,5,7,0,1,0,0,0,0,3,slightly_injured
2019,6,Tue,3,52.50969,13.35476,morning,8,daylight,0,dry,0,3,6,1,0,0,0,1,0,2,seriously_injured
2019,6,Mon,2,52.46364,13.50879,morning,9,daylight,0,dry,0,5,2,0,1,0,0,0,1,2,seriously_injured
2019,6,Tue,3,52.56538,13.44323,morning,6,daylight,0,dry,0,2,6,0,1,0,0,0,0,3,slightly_injured
2019,6,Mon,2,52.45351,13.27227,morning,8,daylight,0,dry,0,5,3,0,1,0,1,0,0,3,slightly_injured
2019,6,Mon,2,52.49393,13.36431,morning,9,daylight,0,dry,0,5,2,1,0,0,0,0,1,3,slightly_injured
2019,6,Tue,3,52.5488,13.24791,night,4,dusk,1,dry,1,2,2,0,1,0,0,0,0,3,slightly_injured
2019,6,Mon,2,52.50314,13.5077,morning,8,daylight,0,dry,1,5,3,1,1,0,0,0,0,3,slightly_injured
2019,6,Tue,3,52.50336,13.42075,morning,8,daylight,0,dry,0,0,1,0,0,0,1,0,0,3,slightly_injured
2019,6,Mon,2,52.56923,13.33001,afternoon,16,daylight,0,dry,0,0,2,0,1,0,0,0,1,3,slightly_injured
2019,6,Mon,2,52.51894,13.48453,afternoon,16,daylight,0,dry,0,5,7,0,0,0,1,0,1,3,slightly_injured
2019,6,Tue,3,52.45394,13.37106,morning,8,daylight,0,dry,0,0,7,1,0,0,0,0,0,3,slightly_injured
2019,6,Mon,2,52.51738,13.41822,morning,11,daylight,0,dry,0,5,2,1,0,0,0,0,1,3,slightly_injured
2019,6,Mon,2,52.47018,13.28957,afternoon,15,daylight,0,dry,0,2,6,0,1,0,0,0,0,3,slightly_injured
2019,6,Mon,2,52.53486,13.3283,morning,11,daylight,0,dry,0,5,3,1,1,0,0,0,0,2,seriously_injured
2019,6,Mon,2,52.54958,13.34995,afternoon,17,daylight,0,dry,0,0,5,0,1,0,0,0,1,3,slightly_injured
2019,6,Mon,2,52.49844,13.40666,morning,11,daylight,0,dry,0,5,2,0,1,0,0,0,0,3,slightly_injured
2019,6,Mon,2,52.41453,13.40091,afternoon,16,daylight,0,dry,0,5,2,0,1,0,0,0,1,2,seriously_injured
2019,6,Mon,2,52.45361,13.27217,morning,11,daylight,0,dry,0,5,2,1,1,0,0,0,0,3,slightly_injured
2019,6,Mon,2,52.57204,13.42895,afternoon,12,daylight,0,dry,0,2,2,0,1,0,0,0,0,3,slightly_injured
2019,6,Mon,2,52.47807,13.44805,afternoon,16,daylight,0,dry,0,5,2,1,1,0,0,0,0,3,slightly_injured
2019,6,Mon,2,52.53441,13.60623,afternoon,16,daylight,0,dry,0,4,6,1,0,0,0,0,0,3,slightly_injured
2019,6,Mon,2,52.46214,13.15953,afternoon,16,daylight,0,dry,0,6,7,0,1,1,0,0,0,3,slightly_injured
2019,6,Mon,2,52.46638,13.4315,afternoon,14,daylight,0,dry,0,2,6,0,1,0,0,0,0,3,slightly_injured
2019,6,Mon,2,52.45677,13.41107,afternoon,13,daylight,0,dry,0,5,3,1,0,0,0,0,0,2,seriously_injured
2019,6,Mon,2,52.47668,13.32027,afternoon,13,daylight,0,dry,0,5,3,0,1,0,0,0,0,3,slightly_injured
2019,6,Mon,2,52.53818,13.44738,afternoon,14,daylight,0,dry,0,1,5,1,1,0,0,0,0,3,slightly_injured
2019,6,Mon,2,52.55223,13.42713,afternoon,14,daylight,0,dry,1,0,7,0,0,0,1,0,0,2,seriously_injured
2019,6,Mon,2,52.51096,13.29735,afternoon,16,daylight,0,dry,0,5,3,0,1,0,0,0,0,3,slightly_injured
2019,6,Mon,2,52.53607,13.47821,afternoon,14,daylight,0,dry,0,5,3,1,1,0,0,0,0,3,slightly_injured
2019,6,Mon,2,52.49046,13.41577,afternoon,17,daylight,0,dry,0,5,2,0,1,0,1,0,0,3,slightly_injured
2019,6,Mon,2,52.56681,13.31658,afternoon,15,daylight,0,dry,0,2,6,0,1,0,1,0,0,3,slightly_injured
2019,6,Mon,2,52.58932,13.36983,evening,22,dark,2,dry,0,5,3,0,1,0,0,1,0,3,slightly_injured
2019,6,Mon,2,52.47876,13.43582,afternoon,14,daylight,0,dry,0,6,7,0,1,1,0,0,0,3,slightly_injured
2019,6,Mon,2,52.51675,13.58622,evening,19,daylight,0,dry,0,5,3,0,1,0,0,0,0,3,slightly_injured
2019,6,Mon,2,52.43753,13.47301,afternoon,15,daylight,0,dry,0,0,2,0,1,0,1,0,0,3,slightly_injured
2019,6,Mon,2,52.53979,13.42881,evening,19,daylight,0,dry,0,0,3,1,0,0,0,0,0,2,seriously_injured
2019,6,Mon,2,52.51804,13.51939,afternoon,15,daylight,0,dry,0,0,2,1,0,0,0,0,1,3,slightly_injured
2019,6,Mon,2,52.41574,13.36164,afternoon,15,daylight,0,dry,0,6,4,0,0,1,0,0,1,3,slightly_injured
2019,6,Mon,2,52.53156,13.19807,evening,18,daylight,0,dry,0,0,5,0,1,0,1,0,0,3,slightly_injured
2019,6,Mon,2,52.52458,13.31185,afternoon,15,daylight,0,dry,0,5,3,1,1,0,0,0,0,3,slightly_injured
2019,6,Mon,2,52.5342,13.18499,afternoon,16,daylight,0,dry,0,5,2,0,1,0,1,0,0,2,seriously_injured
2019,6,Mon,2,52.46742,13.44034,afternoon,14,daylight,0,dry,0,5,2,1,1,0,0,0,0,3,slightly_injured
2019,6,Mon,2,52.40976,13.36878,morning,11,daylight,0,dry,0,0,1,1,0,0,0,0,0,3,slightly_injured
2019,6,Mon,2,52.51273,13.18285,afternoon,14,daylight,0,dry,0,0,3,0,1,0,0,0,0,3,slightly_injured
2019,6,Mon,2,52.48482,13.44426,morning,7,daylight,0,dry,1,0,1,0,0,0,1,0,0,3,slightly_injured
2019,6,Mon,2,52.43045,13.49798,afternoon,15,daylight,0,dry,0,5,3,0,1,0,0,0,0,3,slightly_injured
2019,6,Mon,2,52.46707,13.32034,afternoon,14,daylight,0,dry,0,1,5,1,1,0,0,0,0,3,slightly_injured
2019,6,Mon,2,52.49396,13.40265,night,0,dark,2,dry,0,5,3,1,1,0,0,0,0,3,slightly_injured
2019,6,Mon,2,52.54379,13.27297,night,0,dark,2,dry,0,3,6,1,1,0,0,0,0,3,slightly_injured
2019,6,Mon,2,52.59133,13.28661,afternoon,15,daylight,0,dry,0,5,3,1,1,0,0,0,0,3,slightly_injured
2019,6,Sun,1,52.54653,13.38971,afternoon,16,daylight,0,dry,0,3,6,0,1,0,0,0,0,3,slightly_injured
2019,6,Sun,1,52.46081,13.48127,morning,10,daylight,0,dry,0,5,2,0,1,0,1,0,0,3,slightly_injured
2019,6,Sun,1,52.56713,13.51522,afternoon,14,daylight,0,dry,0,2,2,0,1,0,0,0,0,3,slightly_injured
2019,6,Sun,1,52.55196,13.3492,night,4,dusk,1,dry,0,9,1,0,1,0,0,0,0,3,slightly_injured
2019,6,Sun,1,52.57425,13.41925,evening,20,daylight,0,dry,0,0,7,0,1,0,1,0,0,3,slightly_injured