ujahr,umonat,weekday,uwochentag,long,lat,time_of_day,ustunde,light_condition,ulichtverh,street_condition,ustrzustand,uart,utyp1,ist_rad,ist_pkw,ist_fuss,ist_krad,ist_gkfz,ist_sonstige,ukategorie,accident_outcome
2019,6,Sun,1,52.50626,13.47036,evening,19,daylight,0,dry,0,5,3,1,1,0,0,0,0,3,slightly_injured
2019,6,Sun,1,52.58552,13.40762,afternoon,13,daylight,0,dry,0,1,5,1,1,0,0,0,0,3,slightly_injured
2019,6,Sun,1,52.44891,13.43622,evening,18,daylight,0,dry,0,5,2,0,1,0,0,0,0,3,slightly_injured
2019,6,Sun,1,52.49827,13.42111,evening,18,daylight,0,dry,0,5,7,1,1,0,0,0,0,3,slightly_injured
2019,6,Sun,1,52.48651,13.31723,afternoon,14,daylight,0,dry,0,1,5,1,1,0,0,0,0,3,slightly_injured
2019,6,Sun,1,52.53638,13.40743,afternoon,17,daylight,0,dry,0,3,6,1,1,0,0,0,0,3,slightly_injured
2019,6,Sun,1,52.43469,13.31571,afternoon,16,daylight,0,dry,0,2,7,0,1,0,1,0,0,3,slightly_injured
2019,6,Sun,1,52.50288,13.47897,afternoon,17,daylight,0,dry,0,2,6,0,1,0,1,0,0,3,slightly_injured
2019,6,Sun,1,52.47429,13.42744,afternoon,16,daylight,0,dry,0,6,7,1,0,1,0,0,0,3,slightly_injured
2019,6,Sun,1,52.50239,13.35295,afternoon,17,daylight,0,dry,0,5,2,1,0,0,1,0,0,3,slightly_injured
2019,6,Sun,1,52.54545,13.20356,afternoon,16,daylight,0,dry,0,0,1,1,1,0,0,0,0,3,slightly_injured
2019,6,Sun,1,52.56915,13.35698,afternoon,14,daylight,0,dry,0,6,4,0,1,1,0,0,0,2,seriously_injured
2019,6,Sun,1,52.53365,13.28351,afternoon,16,daylight,0,dry,0,1,5,0,1,0,1,0,0,2,seriously_injured
2019,6,Sun,1,52.38668,13.40377,afternoon,16,daylight,0,dry,0,3,6,1,1,0,0,0,0,3,slightly_injured
2019,6,Sun,1,52.49794,13.29622,afternoon,12,daylight,0,dry,0,5,2,1,1,0,0,0,0,2,seriously_injured
2019,6,Sun,1,52.5126,13.19721,morning,11,daylight,0,dry,0,6,4,0,1,1,0,0,0,2,seriously_injured
2019,6,Sun,1,52.54688,13.38131,afternoon,16,daylight,0,dry,0,1,5,1,1,0,0,0,0,3,slightly_injured
2019,6,Sun,1,52.42843,13.55182,afternoon,15,daylight,0,dry,0,5,2,1,1,0,0,0,0,3,slightly_injured
2019,6,Sun,1,52.48571,13.43157,afternoon,15,daylight,0,dry,0,5,2,0,1,0,0,0,0,3,slightly_injured
2019,6,Sun,1,52.46499,13.16257,afternoon,14,daylight,0,dry,0,2,6,0,1,0,0,0,0,3,slightly_injured
2019,6,Sun,1,52.56268,13.3645,morning,11,daylight,0,dry,0,5,2,0,1,0,0,0,0,2,seriously_injured
2019,6,Sun,1,52.43842,13.54948,afternoon,14,daylight,0,dry,0,0,1,1,0,0,0,0,0,3,slightly_injured
2019,6,Sun,1,52.49433,13.34234,afternoon,14,daylight,0,dry,0,3,1,1,1,0,0,0,0,2,seriously_injured
2019,6,Sun,1,52.53261,13.3989,night,5,daylight,0,dry,0,0,1,1,0,0,0,0,0,3,slightly_injured
2019,6,Sun,1,52.56271,13.4116,afternoon,13,daylight,0,dry,0,1,5,1,1,0,0,0,0,2,seriously_injured
2019,6,Sun,1,52.41932,13.24911,afternoon,12,daylight,0,dry,0,0,1,0,0,0,1,0,0,3,slightly_injured
2019,6,Sun,1,52.44097,13.22194,afternoon,16,daylight,0,dry,0,0,1,1,0,0,0,0,0,3,slightly_injured
2019,6,Sun,1,52.59997,13.34108,morning,10,daylight,0,dry,0,5,3,0,1,0,0,0,0,2,seriously_injured
2019,6,Sun,1,52.4862,13.43035,night,1,dark,2,dry,0,5,3,1,1,0,0,0,0,3,slightly_injured
2019,6,Sun,1,52.49724,13.37983,night,2,dark,2,dry,0,0,1,0,0,0,1,0,0,2,seriously_injured
2019,6,Sun,1,52.48867,13.41096,night,1,dark,2,dry,0,2,6,1,1,0,0,0,0,3,slightly_injured
2019,6,Sun,1,52.43586,13.34503,evening,21,dark,2,dry,0,0,4,0,0,1,0,0,1,3,slightly_injured
2019,6,Sun,1,52.45239,13.31537,evening,18,daylight,0,dry,0,5,3,0,1,0,1,0,0,3,slightly_injured
2019,6,Sun,1,52.48209,13.44065,night,1,dark,2,dry,0,5,2,1,1,0,0,0,0,3,slightly_injured
2019,6,Sun,1,52.53358,13.2942,night,1,dark,2,dry,0,0,1,1,0,0,0,0,0,3,slightly_injured
2019,6,Sat,7,52.48377,13.43613,night,3,dark,2,dry,0,6,4,0,0,1,1,0,0,3,slightly_injured
2019,6,Sat,7,52.51925,13.29976,afternoon,12,daylight,0,dry,0,2,6,0,1,0,0,0,0,3,slightly_injured
2019,6,Sat,7,52.5457,13.4945,morning,10,daylight,0,dry,0,6,4,0,1,1,0,0,0,3,slightly_injured
2019,6,Sat,7,52.4792,13.60093,morning,9,daylight,0,dry,0,5,2,1,1,0,0,0,0,3,slightly_injured
2019,6,Sat,7,52.49763,13.40602,afternoon,15,daylight,0,dry,0,1,5,1,0,0,0,0,0,3,slightly_injured
2019,6,Sat,7,52.55198,13.42765,evening,19,daylight,0,dry,0,2,6,0,1,0,0,0,0,3,slightly_injured
2019,6,Sat,7,52.48617,13.42438,afternoon,16,daylight,0,dry,0,5,2,0,1,0,1,0,0,3,slightly_injured
2019,6,Sat,7,52.50483,13.41167,afternoon,16,daylight,0,dry,0,2,2,1,1,0,0,0,0,3,slightly_injured
2019,6,Sat,7,52.55056,13.44918,afternoon,14,daylight,0,dry,0,5,3,1,0,0,0,0,0,3,slightly_injured
2019,6,Sat,7,52.51022,13.42998,afternoon,14,daylight,0,dry,0,5,3,1,1,0,0,0,0,3,slightly_injured
2019,6,Sat,7,52.56424,13.39645,afternoon,13,daylight,0,dry,0,6,7,1,0,1,0,0,0,3,slightly_injured
2019,6,Sat,7,52.56158,13.56204,afternoon,15,daylight,0,dry,0,2,7,0,1,0,0,0,0,3,slightly_injured
2019,6,Sat,7,52.491,13.4358,afternoon,12,daylight,0,dry,0,3,6,1,1,0,0,0,0,3,slightly_injured
2019,6,Sat,7,52.45368,13.37714,afternoon,15,daylight,0,dry,0,0,3,0,0,0,1,0,1,3,slightly_injured
2019,6,Sat,7,52.45698,13.58066,afternoon,12,daylight,0,dry,0,6,4,0,1,1,0,0,0,3,slightly_injured
2019,6,Sat,7,52.50302,13.33143,afternoon,15,daylight,0,dry,0,5,3,1,1,0,0,0,0,3,slightly_injured
2019,6,Sat,7,52.58376,13.28563,afternoon,12,daylight,0,dry,0,5,7,0,1,0,0,0,0,3,slightly_injured
2019,6,Sat,7,52.59827,13.2831,afternoon,17,daylight,0,dry,0,0,7,0,1,0,0,0,0,3,slightly_injured
2019,6,Sat,7,52.51114,13.289,evening,18,daylight,0,dry,0,1,5,1,1,0,0,0,0,3,slightly_injured
2019,6,Sat,7,52.49823,13.32679,morning,9,daylight,0,dry,0,5,3,1,1,0,0,0,0,3,slightly_injured
2019,6,Sat,7,52.48172,13.59886,evening,18,daylight,0,dry,0,0,1,0,0,0,1,0,0,3,slightly_injured
2019,6,Sat,7,52.44335,13.50279,afternoon,14,daylight,0,dry,0,0,1,1,0,0,0,0,0,3,slightly_injured
2019,6,Sat,7,52.45919,13.34882,evening,21,daylight,0,dry,0,9,1,0,0,0,1,0,0,2,seriously_injured
2019,6,Sat,7,52.49262,13.29645,evening,20,daylight,0,dry,0,5,2,0,1,0,1,0,0,3,slightly_injured
2019,6,Sat,7,52.50269,13.38672,afternoon,13,daylight,0,dry,0,6,7,0,1,1,0,0,0,2,seriously_injured
2019,6,Sat,7,52.53151,13.20226,evening,18,daylight,0,dry,0,2,6,0,1,0,1,0,0,2,seriously_injured
2019,6,Sat,7,52.53513,13.38971,afternoon,13,daylight,0,dry,0,0,1,1,0,0,0,0,0,3,slightly_injured
2019,6,Sat,7,52.49022,13.35649,morning,7,daylight,0,dry,0,2,2,1,0,0,0,0,0,3,slightly_injured
2019,6,Sat,7,52.51248,13.45242,afternoon,15,daylight,0,dry,0,5,2,1,0,0,0,0,1,2,seriously_injured
2019,6,Sat,7,52.51032,13.32989,night,3,dark,2,dry,0,1,5,0,1,0,1,0,0,3,slightly_injured
2019,6,Sat,7,52.56745,13.35134,morning,11,daylight,0,dry,0,0,2,0,1,0,0,0,1,3,slightly_injured
2019,6,Sat,7,52.42076,13.44662,afternoon,13,daylight,0,dry,0,5,3,0,1,0,1,0,0,3,slightly_injured
2019,6,Sat,7,52.58875,13.32502,afternoon,12,daylight,0,dry,0,5,3,1,1,0,0,0,0,2,seriously_injured
2019,6,Sat,7,52.59679,13.35812,morning,11,daylight,0,dry,0,0,7,0,1,0,0,0,1,2,seriously_injured
2019,6,Sat,7,52.53447,13.50401,morning,11,daylight,0,dry,0,0,7,1,0,0,0,0,0,3,slightly_injured
2019,6,Sat,7,52.45199,13.59962,afternoon,12,daylight,0,dry,0,0,7,1,0,0,0,0,0,3,slightly_injured
2019,6,Sat,7,52.50084,13.30687,night,3,dusk,1,dry,0,5,3,0,1,0,1,0,0,3,slightly_injured
2019,6,Sat,7,52.42848,13.55175,morning,11,daylight,0,dry,0,5,2,1,1,0,0,0,0,3,slightly_injured
2019,6,Sat,7,52.44215,13.2653,evening,21,dark,2,dry,0,5,3,0,1,0,0,0,0,3,slightly_injured
2019,6,Sat,7,52.5487,13.41335,morning,11,daylight,0,dry,0,5,2,1,1,0,0,0,0,3,slightly_injured
2019,6,Sat,7,52.56801,13.39139,morning,9,daylight,0,dry,0,0,1,1,0,0,0,0,0,3,slightly_injured
2019,6,Sat,7,52.44151,13.3533,evening,20,daylight,0,dry,0,1,5,1,1,0,0,0,0,3,slightly_injured
2019,6,Sat,7,52.48745,13.57283,evening,20,daylight,0,dry,0,2,2,1,1,0,0,0,0,3,slightly_injured
2019,6,Sat,7,52.61312,13.23534,morning,10,daylight,0,dry,0,2,3,0,1,0,0,0,0,3,slightly_injured
2019,6,Sat,7,52.49977,13.35429,morning,10,daylight,0,dry,0,7,7,1,0,0,0,0,1,3,slightly_injured
2019,6,Sat,7,52.48806,13.41471,evening,19,daylight,0,dry,0,2,6,0,1,0,0,0,0,3,slightly_injured
2019,6,Sat,7,52.44995,13.34721,night,2,dark,2,dry,0,0,1,1,0,0,0,0,0,3,slightly_injured
2019,6,Sat,7,52.48429,13.28291,morning,11,daylight,0,dry,0,1,5,1,1,0,0,0,0,3,slightly_injured
2019,6,Fri,6,52.52218,13.37712,afternoon,16,daylight,0,dry,0,0,1,1,0,0,0,0,0,3,slightly_injured
2019,6,Fri,6,52.46077,13.32287,afternoon,15,daylight,0,dry,0,0,1,0,0,0,1,0,0,3,slightly_injured
2019,6,Sat,7,52.53293,13.15503,evening,19,daylight,0,dry,0,6,4,0,1,1,0,0,0,2,seriously_injured
2019,6,Fri,6,52.51627,13.26073,morning,9,daylight,0,dry,0,5,3,0,1,0,1,0,0,3,slightly_injured
2019,6,Sat,7,52.44749,13.57542,evening,19,daylight,0,dry,0,5,3,1,1,0,0,0,0,3,slightly_injured
2019,6,Fri,6,52.45568,13.50252,afternoon,15,daylight,0,dry,0,5,3,0,1,0,1,0,0,2,seriously_injured
2019,6,Sat,7,52.55289,13.42405,evening,18,daylight,0,dry,0,5,3,0,1,0,0,0,0,2,seriously_injured
2019,6,Fri,6,52.5153,13.26221,afternoon,15,daylight,0,dry,0,2,6,0,1,0,0,0,0,3,slightly_injured
2019,6,Sat,7,52.48908,13.33103,evening,18,daylight,0,dry,0,5,2,1,1,0,0,0,0,3,slightly_injured
2019,6,Fri,6,52.53727,13.22437,afternoon,14,daylight,0,dry,0,2,6,0,1,0,0,0,0,3,slightly_injured
2019,6,Fri,6,52.46941,13.34748,afternoon,14,daylight,0,dry,0,0,6,0,1,0,1,0,0,3,slightly_injured
2019,6,Sat,7,52.56836,13.2112,afternoon,17,daylight,0,dry,0,2,6,0,1,0,1,0,0,3,slightly_injured
2019,6,Sat,7,52.45453,13.31848,afternoon,17,daylight,0,dry,0,5,3,1,1,0,0,0,0,3,slightly_injured
2019,6,Fri,6,52.46821,13.31133,afternoon,13,daylight,0,dry,0,5,3,0,1,0,0,0,1,2,seriously_injured
2019,6,Fri,6,52.51468,13.4179,morning,9,daylight,0,dry,0,6,4,0,1,1,0,0,0,3,slightly_injured
2019,6,Sat,7,52.54851,13.38799,evening,19,daylight,0,dry,0,2,6,0,1,0,1,0,0,3,slightly_injured
2019,6,Fri,6,52.44042,13.6059,afternoon,12,daylight,0,dry,0,5,3,1,1,0,0,0,0,3,slightly_injured
2019,6,Sat,7,52.57108,13.44308,afternoon,16,daylight,0,dry,0,5,2,0,1,0,0,0,0,3,slightly_injured
2019,6,Fri,6,52.52629,13.34113,afternoon,14,daylight,0,dry,0,2,6,0,1,0,0,0,0,3,slightly_injured
2019,6,Sat,7,52.51333,13.45618,afternoon,16,daylight,0,dry,0,1,5,1,1,0,0,0,0,3,slightly_injured
2019,6,Fri,6,52.52071,13.41208,afternoon,16,daylight,0,dry,0,4,6,1,0,0,0,0,0,3,slightly_injured
2019,6,Fri,6,52.5372,13.20322,morning,9,daylight,0,dry,0,6,7,0,0,1,0,0,1,2,seriously_injured
2019,6,Fri,6,52.45122,13.57238,afternoon,15,daylight,0,dry,0,2,6,0,1,0,0,0,0,3,slightly_injured
2019,6,Fri,6,52.48835,13.29439,morning,9,daylight,0,dry,0,1,5,0,1,0,0,1,0,3,slightly_injured
2019,6,Fri,6,52.54906,13.22113,afternoon,16,daylight,0,dry,0,0,1,1,0,0,0,0,0,3,slightly_injured
2019,6,Fri,6,52.56702,13.31604,afternoon,17,daylight,0,dry,0,2,5,0,1,0,1,0,0,3,slightly_injured
2019,6,Fri,6,52.42214,13.58797,morning,9,daylight,0,dry,0,5,3,1,1,0,0,0,0,3,slightly_injured
2019,6,Fri,6,52.52436,13.39539,morning,8,daylight,0,dry,0,5,2,1,0,0,0,0,1,3,slightly_injured
2019,6,Fri,6,52.51739,13.41822,morning,9,daylight,0,dry,0,5,2,1,1,0,0,0,0,3,slightly_injured
2019,6,Fri,6,52.54624,13.19123,morning,8,daylight,0,dry,0,2,6,0,1,0,0,0,0,3,slightly_injured
2019,6,Fri,6,52.46575,13.39017,morning,11,daylight,0,dry,0,6,4,1,0,1,0,0,0,3,slightly_injured
2019,6,Fri,6,52.54095,13.35115,morning,8,daylight,0,dry,0,5,3,1,1,0,0,0,0,3,slightly_injured
2019,6,Fri,6,52.50151,13.34367,evening,19,daylight,0,dry,0,5,7,0,1,0,1,0,0,3,slightly_injured
2019,6,Fri,6,52.53352,13.45317,morning,8,daylight,0,dry,0,6,7,0,1,1,0,0,0,3,slightly_injured
2019,6,Fri,6,52.49307,13.38753,evening,18,daylight,0,dry,0,5,3,1,1,0,0,0,0,3,slightly_injured
2019,6,Fri,6,52.41931,13.38374,morning,8,daylight,0,dry,0,5,3,0,1,0,1,0,0,3,slightly_injured
2019,6,Fri,6,52.45662,13.30165,morning,7,daylight,0,dry,0,5,2,0,1,0,1,0,0,3,slightly_injured
2019,6,Fri,6,52.55018,13.2955,afternoon,17,daylight,0,dry,0,2,2,0,1,0,0,0,0,3,slightly_injured
2019,6,Fri,6,52.43036,13.5285,afternoon,17,daylight,0,dry,0,5,2,1,1,0,0,0,0,3,slightly_injured
2019,6,Fri,6,52.44172,13.23896,night,5,dusk,1,dry,0,2,6,0,1,0,0,1,0,3,slightly_injured
2019,6,Fri,6,52.48118,13.43729,evening,23,dark,2,dry,0,1,5,1,1,0,0,0,0,3,slightly_injured
2019,6,Fri,6,52.56539,13.40633,morning,8,daylight,0,dry,0,6,2,0,1,1,0,0,0,3,slightly_injured
2019,6,Fri,6,52.52425,13.41217,evening,21,dusk,1,dry,0,6,4,0,1,1,0,0,0,3,slightly_injured
2019,6,Fri,6,52.50708,13.27687,morning,8,daylight,0,dry,0,5,2,0,1,0,0,0,0,3,slightly_injured
2019,6,Fri,6,52.52397,13.41174,evening,20,dusk,1,dry,0,5,2,0,1,0,0,0,0,3,slightly_injured
2019,6,Fri,6,52.49306,13.38759,night,1,dark,2,dry,0,5,3,1,1,0,0,0,0,2,seriously_injured
2019,6,Fri,6,52.51062,13.27735,morning,8,daylight,0,dry,0,5,2,1,1,0,0,0,0,3,slightly_injured
2019,6,Fri,6,52.50743,13.38567,night,0,dark,2,dry,0,5,3,1,1,0,0,0,0,3,slightly_injured
2019,6,Fri,6,52.52785,13.39052,evening,18,daylight,0,dry,0,0,7,1,0,0,0,0,0,2,seriously_injured
2019,6,Fri,6,52.53448,13.53945,morning,7,daylight,0,dry,0,5,3,1,1,0,0,0,0,3,slightly_injured
2019,6,Fri,6,52.51815,13.41773,evening,18,daylight,0,dry,0,6,4,0,1,1,0,0,0,3,slightly_injured
2019,6,Fri,6,52.49902,13.4806,evening,18,daylight,0,dry,0,5,2,1,1,0,0,0,0,3,slightly_injured
2019,6,Fri,6,52.52156,13.15573,morning,7,daylight,0,dry,0,3,6,0,1,0,1,0,0,3,slightly_injured
2019,6,Fri,6,52.40912,13.37605,evening,18,daylight,0,dry,0,5,2,1,1,0,0,0,0,3,slightly_injured
2019,6,Fri,6,52.51637,13.38091,morning,6,daylight,0,dry,0,5,2,1,1,0,0,0,0,3,slightly_injured
2019,6,Fri,6,52.53898,13.34484,afternoon,17,daylight,0,dry,0,3,6,0,1,0,1,0,0,2,seriously_injured
2019,6,Fri,6,52.50875,13.46102,night,3,dark,2,dry,0,1,5,1,1,0,0,0,0,3,slightly_injured
2019,6,Fri,6,52.51108,13.46845,evening,18,daylight,0,dry,0,2,6,1,1,0,0,0,0,3,slightly_injured
2019,6,Fri,6,52.47352,13.45675,afternoon,17,daylight,0,dry,0,1,5,1,1,0,0,0,1,3,slightly_injured
2019,6,Fri,6,52.49875,13.41217,afternoon,17,daylight,0,dry,0,5,2,1,1,0,0,0,0,3,slightly_injured
2019,6,Fri,6,52.61575,13.30088,afternoon,17,daylight,0,dry,0,2,6,0,1,0,0,0,0,3,slightly_injured
2019,6,Fri,6,52.54787,13.19605,evening,19,daylight,0,dry,0,5,3,0,1,0,0,0,0,3,slightly_injured
2019,6,Fri,6,52.61244,13.43371,morning,7,daylight,0,dry,0,5,3,0,1,1,0,0,0,3,slightly_injured
2019,6,Fri,6,52.39498,13.42306,evening,18,daylight,0,dry,0,8,1,1,0,0,0,0,0,3,slightly_injured
2019,6,Fri,6,52.56429,13.39293,morning,9,daylight,0,dry,0,3,6,1,0,0,0,1,0,3,slightly_injured
2019,6,Fri,6,52.44166,13.3797,morning,8,daylight,0,dry,0,5,3,0,1,0,0,0,1,3,slightly_injured
2019,6,Thu,5,52.53291,13.38632,afternoon,17,daylight,0,dry,0,2,6,1,0,0,0,0,0,2,seriously_injured
2019,6,Fri,6,52.45144,13.25909,evening,22,dark,2,dry,0,1,1,0,1,0,0,0,0,3,slightly_injured
2019,6,Thu,5,52.54701,13.42493,morning,8,daylight,0,dry,0,5,3,1,1,0,0,0,0,3,slightly_injured
2019,6,Fri,6,52.52379,13.32963,evening,21,daylight,0,dry,0,5,2,1,1,0,0,0,0,2,seriously_injured
2019,6,Thu,5,52.43457,13.19085,afternoon,17,daylight,0,dry,0,5,3,0,1,0,0,0,0,2,seriously_injured
2019,6,Fri,6,52.56788,13.31186,evening,20,daylight,0,dry,0,5,3,0,1,0,1,0,0,2,seriously_injured
2019,6,Thu,5,52.46894,13.37789,afternoon,17,daylight,0,dry,0,0,6,0,1,0,1,0,0,3,slightly_injured
2019,6,Thu,5,52.52874,13.59551,afternoon,17,daylight,0,dry,0,6,4,0,1,1,0,0,0,3,slightly_injured
2019,6,Fri,6,52.49845,13.41386,evening,18,daylight,0,dry,0,6,4,1,0,1,0,0,0,2,seriously_injured
2019,6,Fri,6,52.48312,13.43499,afternoon,13,daylight,0,dry,0,6,4,0,0,1,0,1,0,3,slightly_injured
2019,6,Sun,1,52.55199,13.33745,afternoon,13,daylight,0,dry,0,1,5,1,1,0,0,0,0,3,slightly_injured
2019,6,Sun,1,52.47734,13.42624,afternoon,12,daylight,0,dry,0,3,6,1,1,0,0,0,0,3,slightly_injured
2019,6,Sun,1,52.46741,13.24803,evening,18,daylight,0,dry,0,2,6,0,1,0,0,0,0,3,slightly_injured
2019,6,Sun,1,52.53274,13.19886,evening,21,dusk,1,dry,0,8,1,0,1,0,0,0,0,2,seriously_injured
2019,6,Sun,1,52.53459,13.40567,evening,18,daylight,0,dry,0,0,1,0,0,0,1,0,0,3,slightly_injured
2019,6,Sat,7,52.49019,13.52755,evening,20,daylight,0,dry,0,0,7,1,0,0,0,0,0,3,slightly_injured
2019,6,Sat,7,52.52933,13.64316,afternoon,15,daylight,0,dry,0,0,1,0,0,0,1,0,0,3,slightly_injured
2019,6,Sat,7,52.43884,13.21516,afternoon,12,daylight,0,dry,0,1,7,0,1,0,0,0,0,3,slightly_injured
2019,6,Sat,7,52.51314,13.27327,evening,19,daylight,0,dry,0,2,2,0,1,0,0,0,1,3,slightly_injured
2019,6,Sat,7,52.46606,13.47105,afternoon,15,daylight,0,dry,0,5,2,0,1,0,0,0,0,3,slightly_injured
2019,6,Sat,7,52.50428,13.38726,afternoon,15,daylight,0,dry,0,5,3,0,1,0,0,0,0,3,slightly_injured
2019,6,Sat,7,52.45225,13.42741,afternoon,15,daylight,0,dry,0,5,3,0,1,0,1,0,0,3,slightly_injured
2019,6,Sat,7,52.44503,13.4001,afternoon,16,daylight,0,dry,0,5,2,0,1,0,1,0,0,3,slightly_injured
2019,6,Sat,7,52.50311,13.47355,afternoon,16,daylight,0,dry,0,3,6,1,1,0,0,0,0,3,slightly_injured
2019,6,Sat,7,52.56059,13.42774,afternoon,17,daylight,0,dry,0,5,3,1,1,0,0,0,0,3,slightly_injured
2019,6,Sat,7,52.44785,13.43546,afternoon,17,daylight,0,dry,0,2,6,0,1,0,0,0,0,3,slightly_injured
2019,6,Sat,7,52.50148,13.34369,evening,19,daylight,0,dry,0,5,3,1,1,0,0,0,0,3,slightly_injured
2019,6,Sat,7,52.50313,13.32782,evening,20,daylight,0,dry,0,2,6,0,1,0,0,0,0,3,slightly_injured
2019,6,Sat,7,52.52297,13.47959,evening,20,daylight,0,dry,0,5,3,1,0,0,0,0,1,3,slightly_injured
2019,6,Sat,7,52.50478,13.47168,evening,21,dusk,1,dry,0,0,1,1,1,0,0,0,0,3,slightly_injured
2019,6,Sat,7,52.49901,13.41732,evening,21,dusk,1,dry,0,2,6,0,1,0,1,0,0,3,slightly_injured
2019,6,Sat,7,52.52433,13.39547,afternoon,14,daylight,0,dry,0,5,3,1,1,0,0,0,0,3,slightly_injured
2019,6,Sat,7,52.56778,13.25796,afternoon,12,daylight,0,dry,0,1,1,0,1,0,0,0,0,3,slightly_injured
2019,6,Sat,7,52.5161,13.55113,morning,11,daylight,0,dry,0,5,3,0,1,0,0,0,0,3,slightly_injured
2019,6,Sat,7,52.49881,13.30111,morning,11,daylight,0,dry,0,0,5,0,1,0,0,0,1,3,slightly_injured
2019,6,Sat,7,52.4245,13.24011,morning,10,daylight,0,dry,0,5,3,0,1,0,0,1,0,3,slightly_injured
2019,6,Sat,7,52.49214,13.52709,afternoon,16,daylight,0,dry,0,5,2,0,0,0,0,0,1,3,slightly_injured
2019,6,Sat,7,52.39951,13.55017,morning,10,daylight,0,dry,0,5,3,0,1,0,1,0,0,3,slightly_injured
2019,6,Sat,7,52.50422,13.51127,morning,9,daylight,0,dry,0,5,3,1,1,0,0,0,0,3,slightly_injured
2019,6,Sat,7,52.5487,13.38775,night,2,dark,2,dry,0,6,4,0,0,1,0,0,1,3,slightly_injured
2019,6,Fri,6,52.55618,13.56513,afternoon,15,daylight,0,dry,0,2,6,0,1,0,0,0,1,3,slightly_injured
2019,6,Fri,6,52.5817,13.40701,evening,18,daylight,0,dry,0,0,7,1,0,0,0,0,1,3,slightly_injured
2019,6,Fri,6,52.48166,13.44004,afternoon,14,daylight,0,dry,0,2,2,1,1,0,0,0,0,3,slightly_injured
2019,6,Fri,6,52.50131,13.47588,afternoon,14,daylight,0,dry,0,3,6,0,1,0,0,1,0,3,slightly_injured
2019,6,Fri,6,52.5571,13.21921,afternoon,17,daylight,0,dry,0,5,3,1,1,0,0,0,0,3,slightly_injured
2019,6,Fri,6,52.55012,13.20994,afternoon,16,daylight,0,dry,0,1,5,1,1,0,0,0,0,2,seriously_injured
2019,6,Fri,6,52.53287,13.15345,afternoon,16,daylight,0,dry,0,2,6,0,1,0,0,1,0,3,slightly_injured
2019,6,Fri,6,52.45824,13.33175,afternoon,16,daylight,0,dry,0,3,6,1,1,0,0,0,0,2,seriously_injured
2019,6,Fri,6,52.50013,13.46615,afternoon,15,daylight,0,dry,0,2,6,1,1,0,0,0,0,3,slightly_injured
2019,6,Fri,6,52.56264,13.46261,afternoon,13,daylight,0,dry,0,1,5,1,1,0,0,0,0,3,slightly_injured
2019,6,Fri,6,52.51475,13.41791,afternoon,13,daylight,0,dry,0,2,6,1,0,0,0,0,0,3,slightly_injured
2019,6,Fri,6,52.4706,13.3474,afternoon,13,daylight,0,dry,0,5,2,0,1,0,0,0,0,3,slightly_injured
2019,6,Fri,6,52.55965,13.46844,afternoon,13,daylight,0,dry,0,0,7,1,0,0,0,0,0,3,slightly_injured
2019,6,Fri,6,52.47792,13.42883,evening,18,daylight,0,dry,0,5,2,0,1,0,0,0,0,3,slightly_injured
2019,6,Fri,6,52.5267,13.33543,afternoon,13,daylight,0,dry,0,5,2,0,1,0,1,0,0,3,slightly_injured
2019,6,Fri,6,52.51317,13.32233,afternoon,13,daylight,0,dry,0,2,6,0,1,0,0,0,0,3,slightly_injured
2019,6,Fri,6,52.51139,13.42745,afternoon,14,daylight,0,dry,0,0,1,0,0,0,1,0,0,3,slightly_injured
2019,6,Fri,6,52.56795,13.5135,afternoon,15,daylight,0,dry,0,2,6,0,1,0,0,0,1,3,slightly_injured
2019,6,Fri,6,52.51552,13.41811,afternoon,13,daylight,0,dry,0,5,2,0,1,0,0,0,0,3,slightly_injured
2019,6,Fri,6,52.50029,13.47817,afternoon,13,daylight,0,dry,1,0,7,0,0,0,1,0,0,3,slightly_injured
2019,6,Fri,6,52.51277,13.42346,evening,20,dusk,1,dry,0,1,5,1,1,0,0,0,1,3,slightly_injured
2019,6,Fri,6,52.43736,13.59055,evening,19,daylight,0,dry,0,3,6,1,0,0,0,0,1,3,slightly_injured
2019,6,Fri,6,52.5352,13.60815,evening,19,daylight,0,dry,0,5,3,1,1,0,0,0,0,2,seriously_injured
2019,6,Fri,6,52.4968,13.30818,evening,19,daylight,0,dry,0,1,5,1,0,0,0,1,0,3,slightly_injured
2019,6,Fri,6,52.46855,13.4307,evening,19,daylight,0,dry,0,2,2,0,1,0,0,0,0,3,slightly_injured
2019,6,Fri,6,52.54018,13.40252,evening,19,daylight,0,dry,0,5,2,1,0,0,0,0,1,3,slightly_injured
2019,6,Fri,6,52.50226,13.43966,evening,19,daylight,0,dry,0,0,7,0,1,0,0,0,1,3,slightly_injured
2019,6,Fri,6,52.49159,13.42221,morning,7,daylight,0,dry,0,1,5,1,1,0,0,0,1,3,slightly_injured
2019,6,Fri,6,52.51064,13.45228,evening,23,dark,2,dry,0,0,1,1,0,0,0,0,1,2,seriously_injured
2019,6,Fri,6,52.54786,13.49969,morning,7,daylight,0,dry,0,5,2,1,1,0,0,0,0,2,seriously_injured
2019,6,Fri,6,52.44688,13.52446,morning,6,daylight,0,dry,0,6,4,1,0,1,0,0,0,3,slightly_injured
2019,6,Fri,6,52.56737,13.31457,night,5,daylight,0,dry,0,5,3,0,1,0,0,0,0,3,slightly_injured
2019,6,Fri,6,52.46174,13.47205,afternoon,13,daylight,0,dry,0,5,3,1,1,0,0,0,0,3,slightly_injured
2019,6,Fri,6,52.53586,13.34877,afternoon,13,daylight,0,dry,0,2,2,0,1,0,0,0,1,3,slightly_injured
2019,6,Fri,6,52.52463,13.41011,morning,9,daylight,0,dry,0,1,5,1,1,0,0,0,1,3,slightly_injured