ujahr,umonat,weekday,uwochentag,long,lat,time_of_day,ustunde,light_condition,ulichtverh,street_condition,ustrzustand,uart,utyp1,ist_rad,ist_pkw,ist_fuss,ist_krad,ist_gkfz,ist_sonstige,ukategorie,accident_outcome
2019,6,Fri,6,52.40639,13.2683,afternoon,12,daylight,0,dry,0,5,3,1,1,0,0,0,0,3,slightly_injured
2019,6,Fri,6,52.45287,13.12957,morning,10,daylight,0,dry,0,4,6,1,1,0,0,0,0,3,slightly_injured
2019,6,Fri,6,52.53599,13.37631,morning,11,daylight,0,dry,0,6,4,1,0,1,0,0,0,3,slightly_injured
2019,6,Fri,6,52.43415,13.35868,morning,10,daylight,0,dry,0,5,3,0,1,0,0,0,0,3,slightly_injured
2019,6,Fri,6,52.4878,13.60557,morning,9,daylight,0,dry,0,5,3,1,1,0,0,0,0,3,slightly_injured
2019,6,Fri,6,52.44261,13.58199,morning,10,daylight,0,dry,0,5,2,1,0,0,0,1,0,2,seriously_injured
2019,6,Fri,6,52.47924,13.60111,morning,9,daylight,0,dry,0,5,3,1,1,0,0,0,0,3,slightly_injured
2019,6,Fri,6,52.50514,13.35366,morning,10,daylight,0,dry,0,2,6,0,1,0,0,0,0,3,slightly_injured
2019,6,Fri,6,52.47708,13.42636,night,3,dark,2,dry,1,3,6,0,1,0,1,0,0,3,slightly_injured
2019,6,Fri,6,52.5078,13.45521,night,0,dark,2,dry,1,6,4,0,1,1,0,0,0,3,slightly_injured
2019,6,Fri,6,52.52378,13.34926,morning,11,daylight,0,dry,0,1,5,1,1,0,0,0,1,2,seriously_injured
2019,6,Thu,5,52.45531,13.37521,evening,21,dark,2,dry,0,3,6,0,1,0,0,0,0,3,slightly_injured
2019,6,Thu,5,52.47383,13.32963,afternoon,13,daylight,0,dry,0,4,6,1,1,0,0,0,0,3,slightly_injured
2019,6,Thu,5,52.505,13.34112,morning,9,daylight,0,dry,1,0,2,1,0,0,0,1,0,3,slightly_injured
2019,6,Thu,5,52.52642,13.35089,morning,9,daylight,0,dry,1,0,1,1,0,0,0,0,0,3,slightly_injured
2019,6,Thu,5,52.5188,13.28653,morning,8,daylight,0,dry,1,2,2,1,1,0,0,0,0,3,slightly_injured
2019,6,Thu,5,52.58938,13.36981,evening,21,dark,2,dry,1,5,3,0,1,0,0,0,0,3,slightly_injured
2019,6,Thu,5,52.51095,13.4355,evening,22,dark,2,dry,0,1,1,1,1,0,0,0,0,3,slightly_injured
2019,6,Thu,5,52.48903,13.40785,evening,23,dusk,1,dry,0,0,3,1,0,0,1,0,0,3,slightly_injured
2019,6,Thu,5,52.43503,13.47018,morning,7,daylight,0,dry,0,5,3,1,1,0,0,0,0,3,slightly_injured
2019,6,Thu,5,52.5487,13.42609,morning,7,daylight,0,dry,0,2,6,0,1,0,0,0,0,3,slightly_injured
2019,6,Thu,5,52.52908,13.37761,morning,7,daylight,0,dry,0,5,2,1,1,0,0,0,0,3,slightly_injured
2019,6,Thu,5,52.4338,13.54353,morning,6,daylight,0,dry,0,5,3,1,1,0,0,0,0,3,slightly_injured
2019,6,Thu,5,52.45525,13.59131,night,0,dark,2,dry,0,0,1,0,1,0,1,0,0,3,slightly_injured
2019,6,Thu,5,52.45116,13.26798,evening,23,dark,2,dry,0,0,1,1,0,0,0,0,0,1,killed
2019,6,Thu,5,52.48883,13.32274,morning,8,daylight,0,dry,1,6,4,0,1,1,0,0,0,3,slightly_injured
2019,6,Thu,5,52.55323,13.35291,morning,8,daylight,0,dry,1,5,3,1,1,0,0,0,0,3,slightly_injured
2019,6,Thu,5,52.42304,13.52583,morning,8,daylight,0,dry,1,5,2,1,1,0,0,0,0,2,seriously_injured
2019,6,Thu,5,52.42646,13.31372,night,2,dark,2,dry,1,1,1,0,1,0,0,0,0,3,slightly_injured
2019,6,Thu,5,52.50625,13.43768,night,2,dark,2,dry,1,0,1,1,0,0,0,0,0,3,slightly_injured
2019,6,Thu,5,52.52271,13.41538,evening,20,daylight,0,dry,0,6,4,0,1,1,0,0,0,2,seriously_injured
2019,6,Thu,5,52.47489,13.50736,morning,7,daylight,0,dry,0,5,3,1,1,0,0,0,0,3,slightly_injured
2019,6,Thu,5,52.50961,13.28623,afternoon,13,daylight,0,dry,0,5,7,1,1,0,0,0,0,3,slightly_injured
2019,6,Thu,5,52.48939,13.39183,morning,7,daylight,0,dry,0,5,2,1,0,0,0,0,1,3,slightly_injured
2019,6,Thu,5,52.45999,13.37655,afternoon,13,daylight,0,dry,0,5,3,0,1,0,0,0,1,3,slightly_injured
2019,6,Thu,5,52.53811,13.34594,night,0,dark,2,dry,0,1,7,0,1,0,0,0,1,3,slightly_injured
2019,6,Thu,5,52.50419,13.44219,afternoon,17,daylight,0,dry,0,5,5,1,1,0,0,0,0,3,slightly_injured
2019,6,Thu,5,52.45317,13.43838,afternoon,14,daylight,0,dry,0,1,5,0,1,0,0,0,0,3,slightly_injured
2019,6,Thu,5,52.42871,13.3283,afternoon,16,daylight,0,dry,0,2,6,0,1,0,1,0,0,3,slightly_injured
2019,6,Thu,5,52.64174,13.49603,afternoon,15,daylight,0,dry,0,5,3,1,1,0,0,0,0,3,slightly_injured
2019,6,Thu,5,52.50342,13.33974,afternoon,16,daylight,0,dry,0,1,5,1,1,0,0,0,0,3,slightly_injured
2019,6,Thu,5,52.49534,13.29862,afternoon,13,daylight,0,dry,0,3,6,0,1,0,1,0,0,3,slightly_injured
2019,6,Thu,5,52.60984,13.24761,afternoon,12,daylight,0,dry,0,5,3,0,1,0,1,0,0,3,slightly_injured
2019,6,Thu,5,52.41037,13.32211,afternoon,16,daylight,0,dry,0,5,2,0,1,0,0,0,0,3,slightly_injured
2019,6,Thu,5,52.44224,13.53135,afternoon,16,daylight,0,dry,0,5,3,1,1,0,0,0,0,3,slightly_injured
2019,6,Thu,5,52.50431,13.41678,morning,11,daylight,0,dry,0,5,3,0,1,0,0,0,0,3,slightly_injured
2019,6,Thu,5,52.53364,13.19452,afternoon,15,daylight,0,dry,0,5,2,1,1,0,0,0,0,3,slightly_injured
2019,6,Thu,5,52.42538,13.62284,afternoon,12,daylight,0,dry,0,5,3,0,1,0,1,0,0,2,seriously_injured
2019,6,Thu,5,52.50031,13.31494,evening,19,daylight,0,dry,0,6,4,0,1,1,0,0,0,3,slightly_injured
2019,6,Thu,5,52.54755,13.25919,morning,11,daylight,0,dry,0,5,7,0,1,0,1,0,0,3,slightly_injured
2019,6,Thu,5,52.47615,13.44756,afternoon,15,daylight,0,dry,0,5,3,1,1,0,0,0,0,3,slightly_injured
2019,6,Thu,5,52.49971,13.42495,evening,19,daylight,0,dry,0,2,5,1,1,0,0,0,0,3,slightly_injured
2019,6,Wed,4,52.4921,13.52689,morning,11,daylight,0,dry,0,5,2,1,1,0,0,0,0,3,slightly_injured
2019,6,Wed,4,52.47625,13.4476,morning,8,daylight,0,dry,0,1,5,1,1,0,0,0,0,3,slightly_injured
2019,6,Thu,5,52.4485,13.43757,morning,11,daylight,0,dry,1,5,3,0,1,0,0,0,0,3,slightly_injured
2019,6,Thu,5,52.48862,13.30185,morning,11,daylight,0,dry,1,6,4,0,1,1,0,0,0,3,slightly_injured
2019,6,Wed,4,52.50669,13.39018,afternoon,13,daylight,0,dry,0,6,4,0,1,1,0,0,0,3,slightly_injured
2019,6,Thu,5,52.44916,13.4364,evening,18,daylight,0,dry,0,6,4,0,1,1,0,0,0,2,seriously_injured
2019,6,Wed,4,52.50793,13.28541,afternoon,16,daylight,0,dry,0,6,4,1,0,1,0,0,0,3,slightly_injured
2019,6,Thu,5,52.55206,13.38181,morning,10,daylight,0,dry,0,3,6,1,1,0,0,0,0,3,slightly_injured
2019,6,Wed,4,52.47119,13.32837,afternoon,15,daylight,0,dry,0,3,2,0,1,0,1,0,0,3,slightly_injured
2019,6,Thu,5,52.49708,13.44915,morning,7,daylight,0,dry,0,0,6,1,0,0,0,1,0,3,slightly_injured
2019,6,Wed,4,52.5594,13.40976,afternoon,15,daylight,0,dry,0,1,5,1,1,0,0,0,0,2,seriously_injured
2019,6,Wed,4,52.46903,13.33256,afternoon,15,daylight,0,dry,0,5,2,0,1,0,0,0,0,3,slightly_injured
2019,6,Thu,5,52.45585,13.30084,morning,10,daylight,0,dry,0,5,2,1,1,0,0,0,0,3,slightly_injured
2019,6,Wed,4,52.52958,13.40028,afternoon,15,daylight,0,dry,0,3,6,0,1,0,1,0,0,3,slightly_injured
2019,6,Thu,5,52.52412,13.35239,morning,9,daylight,0,dry,1,6,4,0,1,1,0,0,0,2,seriously_injured
2019,6,Wed,4,52.51536,13.39765,afternoon,14,daylight,0,dry,0,2,6,1,0,0,0,0,1,3,slightly_injured
2019,6,Thu,5,52.4661,13.38559,evening,18,daylight,0,dry,0,2,2,0,1,0,0,0,0,3,slightly_injured
2019,6,Wed,4,52.52916,13.3087,afternoon,14,daylight,0,dry,0,5,2,1,1,0,0,0,0,3,slightly_injured
2019,6,Thu,5,52.48245,13.34491,afternoon,17,daylight,0,dry,0,2,6,0,1,0,0,0,0,3,slightly_injured
2019,6,Wed,4,52.48995,13.32294,afternoon,13,daylight,0,dry,0,5,5,1,1,0,0,0,0,3,slightly_injured
2019,6,Wed,4,52.53259,13.39878,afternoon,13,daylight,0,dry,0,0,2,1,1,0,0,0,0,2,seriously_injured
2019,6,Thu,5,52.55476,13.37716,evening,18,daylight,0,dry,0,5,3,0,1,0,0,0,0,3,slightly_injured
2019,6,Thu,5,52.50171,13.41631,afternoon,17,daylight,0,dry,0,5,2,1,0,0,0,0,1,3,slightly_injured
2019,6,Wed,4,52.50889,13.46592,afternoon,13,daylight,0,dry,0,6,4,0,1,1,0,0,0,3,slightly_injured
2019,6,Wed,4,52.548,13.36155,afternoon,13,daylight,0,dry,0,5,2,0,1,0,0,0,0,3,slightly_injured
2019,6,Thu,5,52.54235,13.33634,afternoon,17,daylight,0,dry,0,2,2,0,1,0,1,0,0,3,slightly_injured
2019,6,Wed,4,52.52743,13.38846,afternoon,12,daylight,0,dry,0,5,5,0,1,0,1,0,0,3,slightly_injured
2019,6,Wed,4,52.4943,13.346,afternoon,12,daylight,0,dry,0,5,2,1,1,0,0,0,0,3,slightly_injured
2019,6,Thu,5,52.54017,13.28694,evening,18,daylight,0,dry,0,6,4,0,1,1,0,0,0,2,seriously_injured
2019,6,Thu,5,52.53611,13.32703,morning,9,daylight,0,dry,0,0,6,0,1,0,1,0,0,3,slightly_injured
2019,6,Wed,4,52.50655,13.33317,evening,22,dark,2,dry,0,6,4,0,0,1,1,0,0,3,slightly_injured
2019,6,Thu,5,52.54156,13.32511,afternoon,16,daylight,0,dry,0,5,7,0,1,0,1,0,0,3,slightly_injured
2019,6,Wed,4,52.60109,13.32602,evening,22,dark,2,dry,0,1,5,0,1,0,0,0,0,3,slightly_injured
2019,6,Thu,5,52.50201,13.4576,morning,9,daylight,0,dry,1,3,6,0,1,0,0,0,1,3,slightly_injured
2019,6,Wed,4,52.42936,13.61601,evening,21,dusk,1,dry,0,5,3,0,1,0,1,0,0,3,slightly_injured
2019,6,Thu,5,52.48383,13.38366,morning,9,daylight,0,dry,0,0,4,0,0,1,0,0,1,3,slightly_injured
2019,6,Wed,4,52.52447,13.40302,evening,20,dusk,1,dry,0,3,6,1,1,0,0,0,0,3,slightly_injured
2019,6,Wed,4,52.54812,13.29673,evening,19,daylight,0,dry,0,5,3,0,1,0,0,0,0,3,slightly_injured
2019,6,Thu,5,52.45416,13.57422,morning,9,daylight,0,dry,1,1,1,1,1,0,0,0,0,3,slightly_injured
2019,6,Wed,4,52.50603,13.40213,evening,19,daylight,0,dry,0,5,2,1,1,0,0,0,0,3,slightly_injured
2019,6,Thu,5,52.54942,13.38656,morning,8,daylight,0,dry,1,0,2,0,1,0,1,0,0,3,slightly_injured
2019,6,Wed,4,52.49665,13.28872,evening,18,daylight,0,dry,0,6,4,1,0,1,0,0,0,3,slightly_injured
2019,6,Thu,5,52.46132,13.50254,afternoon,17,daylight,0,dry,0,5,2,1,1,0,0,0,0,3,slightly_injured
2019,6,Wed,4,52.56033,13.21812,afternoon,17,daylight,0,dry,0,2,6,0,1,0,0,0,0,3,slightly_injured
2019,6,Thu,5,52.5432,13.37656,morning,10,daylight,0,dry,1,0,1,0,0,0,1,0,0,3,slightly_injured
2019,6,Wed,4,52.45102,13.27057,afternoon,17,daylight,0,dry,0,5,2,1,1,0,0,0,0,3,slightly_injured
2019,6,Wed,4,52.53211,13.38114,afternoon,17,daylight,0,dry,0,1,5,1,1,0,0,0,0,3,slightly_injured
2019,6,Thu,5,52.54132,13.40811,afternoon,16,daylight,0,dry,1,4,1,0,1,0,0,0,0,3,slightly_injured
2019,6,Thu,5,52.53444,13.29419,afternoon,15,daylight,0,dry,0,3,6,0,1,0,0,0,0,3,slightly_injured
2019,6,Wed,4,52.53541,13.51751,morning,10,daylight,0,dry,0,0,2,0,1,0,1,0,0,3,slightly_injured
2019,6,Wed,4,52.52602,13.44613,morning,10,daylight,0,dry,0,2,6,0,1,0,1,0,0,3,slightly_injured
2019,6,Thu,5,52.52725,13.41557,afternoon,15,daylight,0,dry,0,6,4,0,1,1,0,0,0,3,slightly_injured
2019,6,Wed,4,52.49301,13.45286,morning,9,daylight,0,dry,0,2,6,1,1,0,0,0,0,3,slightly_injured
2019,6,Thu,5,52.52381,13.24952,afternoon,15,daylight,0,dry,0,0,2,1,1,0,0,0,0,3,slightly_injured
2019,6,Wed,4,52.43074,13.33603,morning,9,daylight,0,dry,0,6,2,0,1,1,0,0,0,3,slightly_injured
2019,6,Wed,4,52.56607,13.40855,morning,8,daylight,0,dry,0,1,1,0,1,0,0,0,1,3,slightly_injured
2019,6,Wed,4,52.50376,13.43665,morning,8,daylight,0,dry,0,2,6,1,0,0,0,0,0,3,slightly_injured
2019,6,Thu,5,52.54443,13.45321,morning,8,daylight,0,dry,1,0,1,1,0,0,0,0,0,3,slightly_injured
2019,6,Wed,4,52.52396,13.41164,morning,8,daylight,0,dry,0,5,2,1,1,0,0,0,0,3,slightly_injured
2019,6,Wed,4,52.53818,13.39607,evening,18,daylight,0,dry,0,5,3,0,1,0,0,0,0,2,seriously_injured
2019,6,Wed,4,52.5339,13.48936,morning,8,daylight,0,dry,0,2,6,0,1,0,0,0,0,3,slightly_injured
2019,6,Wed,4,52.62386,13.49307,morning,8,daylight,0,dry,0,5,3,1,1,0,0,0,0,3,slightly_injured
2019,6,Wed,4,52.49315,13.41439,afternoon,14,daylight,0,dry,1,0,3,1,0,0,0,0,0,3,slightly_injured
2019,6,Wed,4,52.54857,13.59202,morning,7,daylight,0,dry,0,2,6,0,1,0,0,0,0,3,slightly_injured
2019,6,Wed,4,52.52458,13.3793,morning,7,daylight,0,dry,0,1,5,1,1,0,0,0,0,3,slightly_injured
2019,6,Wed,4,52.52327,13.30757,evening,23,dark,2,dry,0,0,1,0,1,0,1,0,0,3,slightly_injured
2019,6,Wed,4,52.42409,13.39779,morning,7,daylight,0,dry,0,2,6,0,1,0,0,0,0,3,slightly_injured
2019,6,Wed,4,52.43991,13.39252,evening,21,daylight,0,dry,0,6,4,0,0,1,0,0,1,3,slightly_injured
2019,6,Wed,4,52.53395,13.45274,morning,6,daylight,0,dry,0,6,4,1,0,1,0,0,0,3,slightly_injured
2019,6,Wed,4,52.48737,13.38606,night,4,dusk,1,dry,0,3,6,0,1,0,0,0,0,3,slightly_injured
2019,6,Wed,4,52.47206,13.46826,evening,20,daylight,0,dry,0,5,3,0,1,0,0,0,0,3,slightly_injured
2019,6,Wed,4,52.58505,13.2771,evening,19,daylight,0,dry,0,5,3,0,1,0,1,0,0,3,slightly_injured
2019,6,Wed,4,52.4641,13.40015,afternoon,12,daylight,0,dry,0,5,3,1,0,0,0,0,1,2,seriously_injured
2019,6,Wed,4,52.57748,13.3772,morning,11,daylight,0,dry,0,0,2,0,1,0,1,0,0,3,slightly_injured
2019,6,Wed,4,52.54456,13.36097,evening,18,daylight,0,dry,0,1,5,1,1,0,0,0,0,3,slightly_injured
2019,6,Wed,4,52.50509,13.42237,morning,11,daylight,0,dry,0,6,7,0,0,1,0,0,1,3,slightly_injured
2019,6,Wed,4,52.555,13.57448,afternoon,17,daylight,0,dry,0,5,3,1,1,0,0,0,0,3,slightly_injured
2019,6,Wed,4,52.50689,13.37916,morning,10,daylight,0,dry,0,3,6,1,0,0,0,0,0,3,slightly_injured
2019,6,Wed,4,52.52534,13.36574,evening,22,dark,2,dry,0,0,2,0,1,0,0,0,1,3,slightly_injured
2019,6,Wed,4,52.53637,13.55886,morning,10,daylight,0,dry,0,0,2,0,1,0,0,0,1,3,slightly_injured
2019,6,Wed,4,52.51185,13.40251,morning,9,daylight,0,dry,0,5,2,0,1,0,0,0,0,3,slightly_injured
2019,6,Wed,4,52.48946,13.30074,morning,10,daylight,0,dry,0,5,3,1,0,0,0,0,0,3,slightly_injured
2019,6,Wed,4,52.4579,13.31777,afternoon,13,daylight,0,dry,0,5,3,0,1,0,0,0,1,3,slightly_injured
2019,6,Wed,4,52.52707,13.18517,morning,9,daylight,0,dry,0,5,2,0,1,0,0,0,0,2,seriously_injured
2019,6,Wed,4,52.52035,13.41591,evening,18,daylight,0,dry,0,0,7,1,0,0,0,0,0,3,slightly_injured
2019,6,Tue,3,52.52387,13.32931,morning,11,daylight,0,dry,0,3,6,0,0,0,1,0,1,3,slightly_injured
2019,6,Wed,4,52.55621,13.37818,morning,9,daylight,0,dry,0,2,6,0,1,0,0,0,0,3,slightly_injured
2019,6,Tue,3,52.53251,13.35061,morning,10,daylight,0,dry,0,5,2,1,1,0,0,0,0,3,slightly_injured
2019,6,Wed,4,52.5312,13.26732,morning,8,daylight,0,dry,0,5,2,1,1,0,0,0,0,3,slightly_injured
2019,6,Tue,3,52.48056,13.43986,evening,21,daylight,0,dry,0,1,5,1,1,0,0,0,0,3,slightly_injured
2019,6,Wed,4,52.40655,13.34855,morning,7,daylight,0,dry,0,1,5,1,1,0,0,0,0,3,slightly_injured
2019,6,Tue,3,52.51077,13.45162,evening,20,daylight,0,dry,0,2,6,0,1,0,0,0,0,3,slightly_injured
2019,6,Wed,4,52.46414,13.32449,morning,7,daylight,0,dry,0,1,5,0,0,0,1,0,1,3,slightly_injured
2019,6,Tue,3,52.54808,13.29858,afternoon,13,daylight,0,dry,0,2,6,0,0,0,1,1,0,3,slightly_injured
2019,6,Tue,3,52.39477,13.41939,afternoon,13,daylight,0,dry,0,5,2,1,1,0,0,0,0,3,slightly_injured
2019,6,Wed,4,52.49091,13.61378,morning,7,daylight,0,dry,0,5,3,1,1,0,0,0,0,3,slightly_injured
2019,6,Tue,3,52.51511,13.43223,morning,10,daylight,0,dry,0,3,6,0,1,0,0,0,1,3,slightly_injured
2019,6,Wed,4,52.45038,13.25247,morning,7,daylight,0,dry,0,5,3,1,0,0,0,0,0,3,slightly_injured
2019,6,Tue,3,52.5654,13.36693,afternoon,13,daylight,0,dry,0,5,3,1,1,0,0,0,0,3,slightly_injured
2019,6,Tue,3,52.53366,13.17051,afternoon,12,daylight,0,dry,0,5,2,1,0,0,0,1,0,3,slightly_injured
2019,6,Wed,4,52.4381,13.56397,morning,7,daylight,0,dry,0,5,2,1,1,0,0,0,0,2,seriously_injured
2019,6,Tue,3,52.49763,13.46479,morning,11,daylight,0,dry,0,3,6,0,1,0,0,0,1,3,slightly_injured
2019,6,Wed,4,52.51189,13.44347,morning,6,daylight,0,dry,0,5,2,0,1,0,0,0,0,3,slightly_injured
2019,6,Tue,3,52.51334,13.57951,morning,11,daylight,0,dry,0,3,6,1,0,0,0,0,1,2,seriously_injured
2019,6,Wed,4,52.48028,13.37883,night,1,dark,2,dry,0,2,6,1,1,0,0,0,0,3,slightly_injured
2019,6,Tue,3,52.54378,13.34719,morning,10,daylight,0,dry,0,5,5,0,1,0,1,0,0,2,seriously_injured
2019,6,Wed,4,52.55604,13.46945,morning,7,daylight,0,dry,0,0,7,1,0,0,0,0,0,3,slightly_injured
2019,6,Tue,3,52.5399,13.40182,morning,10,daylight,0,dry,0,2,6,0,1,0,0,0,0,3,slightly_injured
2019,6,Tue,3,52.51851,13.28322,evening,19,daylight,0,dry,0,4,2,0,1,0,0,0,0,3,slightly_injured
2019,6,Wed,4,52.43953,13.43719,afternoon,16,daylight,0,dry,0,5,2,1,0,0,0,0,1,3,slightly_injured
2019,6,Wed,4,52.501,13.41179,afternoon,16,daylight,0,dry,0,5,3,1,1,0,0,0,0,3,slightly_injured
2019,6,Tue,3,52.4953,13.39778,morning,8,daylight,0,dry,0,5,2,1,1,0,0,0,0,3,slightly_injured
2019,6,Wed,4,52.48124,13.33855,afternoon,15,daylight,0,dry,0,1,5,1,1,0,0,0,0,3,slightly_injured
2019,6,Tue,3,52.55552,13.45617,morning,8,daylight,0,dry,0,5,3,1,1,0,0,0,0,3,slightly_injured
2019,6,Wed,4,52.54711,13.49827,afternoon,13,daylight,0,dry,0,6,4,0,0,1,0,0,1,3,slightly_injured
2019,6,Tue,3,52.48889,13.39728,morning,8,daylight,0,dry,0,5,2,1,0,0,0,0,0,3,slightly_injured
2019,6,Wed,4,52.56863,13.36193,afternoon,15,daylight,0,dry,0,5,2,0,1,0,0,0,0,3,slightly_injured
2019,6,Tue,3,52.52008,13.42237,evening,19,daylight,0,dry,0,5,2,1,1,0,0,0,0,3,slightly_injured
2019,6,Tue,3,52.53239,13.39904,morning,8,daylight,0,dry,0,0,1,1,0,0,0,0,0,3,slightly_injured
2019,6,Wed,4,52.55261,13.38523,afternoon,15,daylight,0,dry,0,1,5,1,1,0,0,0,0,3,slightly_injured
2019,6,Tue,3,52.43253,13.33707,morning,8,daylight,0,dry,0,5,7,0,1,0,0,0,0,2,seriously_injured
2019,6,Wed,4,52.53825,13.39593,afternoon,14,daylight,0,dry,0,5,2,0,1,0,1,0,0,2,seriously_injured
2019,6,Tue,3,52.53238,13.39905,morning,8,daylight,0,dry,0,0,1,1,0,0,0,0,0,3,slightly_injured
2019,6,Wed,4,52.45796,13.42503,morning,11,daylight,0,dry,0,3,2,1,1,0,0,0,0,3,slightly_injured
2019,6,Tue,3,52.45253,13.45197,evening,18,daylight,0,dry,0,5,2,1,0,0,0,0,1,3,slightly_injured
2019,6,Wed,4,52.50194,13.33107,afternoon,12,daylight,0,dry,0,2,6,1,1,0,0,0,0,3,slightly_injured
2019,6,Tue,3,52.50696,13.39436,evening,18,daylight,0,dry,0,5,2,1,1,0,0,0,0,3,slightly_injured
2019,6,Tue,3,52.45133,13.48838,evening,18,daylight,0,dry,0,5,2,0,1,0,1,0,0,3,slightly_injured
2019,6,Wed,4,52.46983,13.42998,morning,11,daylight,0,dry,0,5,2,0,1,0,1,0,0,2,seriously_injured
2019,6,Tue,3,52.51702,13.44061,evening,18,daylight,0,dry,0,5,2,1,0,0,0,1,0,3,slightly_injured
2019,6,Wed,4,52.44598,13.56289,morning,11,daylight,0,dry,0,2,6,0,1,0,0,0,0,3,slightly_injured
2019,6,Tue,3,52.45447,13.51726,evening,18,daylight,0,dry,0,5,2,1,1,0,0,0,0,2,seriously_injured
2019,6,Wed,4,52.45074,13.53928,morning,10,daylight,0,dry,0,5,3,1,1,0,0,0,0,3,slightly_injured
2019,6,Tue,3,52.51275,13.38651,afternoon,17,daylight,0,dry,0,5,7,1,1,0,0,0,0,2,seriously_injured
2019,6,Wed,4,52.54845,13.28099,morning,10,daylight,0,dry,0,2,6,0,1,0,0,0,1,3,slightly_injured
2019,6,Tue,3,52.52904,13.56599,afternoon,13,daylight,0,dry,0,5,3,1,1,0,0,0,0,3,slightly_injured
2019,6,Tue,3,52.53958,13.23369,afternoon,15,daylight,0,dry,0,6,2,0,1,1,0,0,0,3,slightly_injured
2019,6,Wed,4,52.41144,13.33743,morning,10,daylight,0,dry,0,5,3,0,1,0,1,0,0,3,slightly_injured
2019,6,Wed,4,52.46858,13.38653,morning,10,daylight,0,dry,0,0,5,0,1,0,0,0,0,3,slightly_injured
2019,6,Tue,3,52.43862,13.59793,afternoon,16,daylight,0,dry,0,5,3,1,0,0,0,1,0,2,seriously_injured
2019,6,Tue,3,52.43611,13.34546,afternoon,16,daylight,0,dry,0,2,6,0,1,0,0,1,0,3,slightly_injured
2019,6,Wed,4,52.50551,13.42228,morning,9,daylight,0,dry,0,5,3,1,0,0,1,0,0,3,slightly_injured
2019,6,Tue,3,52.49615,13.39491,afternoon,16,daylight,0,dry,0,2,2,0,1,0,0,0,0,3,slightly_injured
2019,6,Tue,3,52.42919,13.47041,afternoon,13,daylight,0,dry,0,2,6,0,1,0,0,0,0,3,slightly_injured
2019,6,Tue,3,52.46863,13.37777,afternoon,16,daylight,0,dry,0,0,2,1,1,0,0,0,0,3,slightly_injured
2019,6,Tue,3,52.55126,13.40377,afternoon,15,daylight,0,dry,0,0,1,1,0,0,0,0,0,2,seriously_injured
2019,6,Tue,3,52.58176,13.41178,morning,10,daylight,0,dry,0,5,3,1,1,0,0,0,0,3,slightly_injured
2019,6,Tue,3,52.45595,13.36297,afternoon,15,daylight,0,dry,0,3,6,0,0,0,1,1,0,2,seriously_injured
2019,6,Tue,3,52.50631,13.31387,afternoon,15,daylight,0,dry,0,5,2,0,1,0,0,0,0,3,slightly_injured
2019,6,Tue,3,52.49689,13.40545,afternoon,16,daylight,0,dry,0,6,7,1,0,1,0,0,0,3,slightly_injured
2019,6,Tue,3,52.53381,13.19435,afternoon,14,daylight,0,dry,0,5,3,1,1,0,0,0,0,3,slightly_injured
2019,6,Tue,3,52.4606,13.38724,morning,11,daylight,0,dry,0,1,5,1,1,0,0,0,0,3,slightly_injured
2019,6,Tue,3,52.51156,13.41392,morning,8,daylight,0,dry,0,0,5,0,1,0,1,0,0,3,slightly_injured
2019,6,Tue,3,52.50793,13.32607,morning,7,daylight,0,dry,0,1,5,1,1,0,0,0,0,2,seriously_injured
2019,6,Tue,3,52.5248,13.298,night,0,dark,2,dry,0,1,1,0,1,0,0,0,0,3,slightly_injured
2019,6,Tue,3,52.54625,13.4681,morning,6,daylight,0,dry,0,2,6,0,1,0,0,1,0,3,slightly_injured
2019,6,Tue,3,52.504,13.4096,evening,18,daylight,0,dry,0,5,2,1,1,0,0,0,0,3,slightly_injured
2019,6,Tue,3,52.53554,13.39781,night,1,dark,2,dry,0,0,1,0,0,0,0,0,1,3,slightly_injured
2019,6,Mon,2,52.5038,13.41102,evening,19,daylight,0,dry,0,5,2,1,0,0,1,0,0,3,slightly_injured
2019,6,Tue,3,52.58373,13.3654,night,3,dark,2,dry,0,0,1,0,0,0,1,0,0,3,slightly_injured
2019,6,Tue,3,52.50185,13.33443,afternoon,15,daylight,0,dry,0,0,4,1,0,1,0,0,0,3,slightly_injured
2019,6,Mon,2,52.4644,13.44798,morning,11,daylight,0,dry,0,2,6,0,1,0,0,1,0,3,slightly_injured
2019,6,Mon,2,52.52021,13.40456,evening,19,daylight,0,dry,0,5,3,0,1,0,0,0,1,3,slightly_injured
2019,6,Tue,3,52.48136,13.32932,morning,9,daylight,0,dry,0,5,3,1,0,0,0,0,0,3,slightly_injured
2019,6,Mon,2,52.50881,13.31128,afternoon,15,daylight,0,dry,0,3,2,1,0,0,0,0,1,3,slightly_injured
2019,6,Tue,3,52.55163,13.42854,afternoon,15,daylight,0,dry,0,6,4,1,0,1,0,0,0,3,slightly_injured
2019,6,Mon,2,52.54506,13.35728,evening,18,daylight,0,dry,0,6,4,1,0,1,0,0,0,3,slightly_injured
2019,6,Mon,2,52.45136,13.3353,evening,18,daylight,0,dry,0,5,2,1,1,0,0,0,0,3,slightly_injured
2019,6,Tue,3,52.51133,13.41663,afternoon,15,daylight,0,dry,0,2,6,0,1,0,0,0,0,3,slightly_injured
2019,6,Mon,2,52.61586,13.3412,afternoon,14,daylight,0,dry,0,5,3,1,0,0,0,0,1,3,slightly_injured
2019,6,Mon,2,52.56295,13.19655,afternoon,16,daylight,0,dry,0,5,3,1,1,0,0,0,0,3,slightly_injured
2019,6,Tue,3,52.47756,13.44022,evening,20,dusk,1,dry,0,1,5,1,1,0,0,0,0,3,slightly_injured
2019,6,Mon,2,52.61062,13.49753,afternoon,16,daylight,0,dry,0,5,3,1,0,0,0,0,0,2,seriously_injured