ujahr,umonat,weekday,uwochentag,long,lat,time_of_day,ustunde,light_condition,ulichtverh,street_condition,ustrzustand,uart,utyp1,ist_rad,ist_pkw,ist_fuss,ist_krad,ist_gkfz,ist_sonstige,ukategorie,accident_outcome
2019,6,Tue,3,52.46707,13.43815,afternoon,16,daylight,0,dry,0,5,3,0,1,0,0,0,0,3,slightly_injured
2019,6,Mon,2,52.48849,13.42382,evening,20,daylight,0,dry,0,3,6,0,1,0,0,0,0,3,slightly_injured
2019,6,Mon,2,52.54212,13.33651,afternoon,17,daylight,0,dry,0,5,2,1,1,0,0,0,0,3,slightly_injured
2019,6,Tue,3,52.42853,13.34832,afternoon,16,daylight,0,dry,0,5,7,1,0,0,0,0,0,3,slightly_injured
2019,6,Tue,3,52.55533,13.36099,afternoon,16,daylight,0,dry,0,6,4,0,0,1,0,0,1,3,slightly_injured
2019,6,Mon,2,52.39704,13.38226,evening,18,daylight,0,dry,0,5,5,1,1,0,0,0,0,3,slightly_injured
2019,6,Mon,2,52.54502,13.56467,afternoon,17,daylight,0,dry,0,4,6,1,0,0,0,0,0,3,slightly_injured
2019,6,Tue,3,52.52706,13.36413,afternoon,16,daylight,0,dry,0,0,6,1,0,0,0,0,1,3,slightly_injured
2019,6,Mon,2,52.50635,13.31402,afternoon,17,daylight,0,dry,0,5,3,0,1,0,0,0,0,3,slightly_injured
2019,6,Tue,3,52.54046,13.48825,afternoon,15,daylight,0,dry,0,3,6,1,1,0,0,0,0,3,slightly_injured
2019,6,Mon,2,52.53178,13.34337,afternoon,17,daylight,0,dry,0,2,6,0,1,0,1,0,0,3,slightly_injured
2019,6,Mon,2,52.5012,13.34646,afternoon,16,daylight,0,dry,0,3,6,0,1,0,1,0,0,3,slightly_injured
2019,6,Mon,2,52.5025,13.31698,morning,10,daylight,0,dry,0,5,2,0,1,0,1,0,0,3,slightly_injured
2019,6,Tue,3,52.40915,13.37628,afternoon,14,daylight,0,dry,0,5,2,0,1,0,1,0,0,3,slightly_injured
2019,6,Mon,2,52.48041,13.38285,morning,9,daylight,0,dry,0,5,3,0,1,0,0,0,0,3,slightly_injured
2019,6,Tue,3,52.46013,13.43534,afternoon,15,daylight,0,dry,0,5,7,0,1,0,0,0,1,3,slightly_injured
2019,6,Mon,2,52.48845,13.41174,evening,18,daylight,0,dry,0,2,6,0,1,0,1,0,0,2,seriously_injured
2019,6,Tue,3,52.5288,13.43042,afternoon,15,daylight,0,dry,0,6,4,0,1,1,0,0,0,3,slightly_injured
2019,6,Mon,2,52.54628,13.3591,morning,8,daylight,0,dry,0,5,2,1,0,0,0,0,1,3,slightly_injured
2019,6,Tue,3,52.5072,13.55727,afternoon,15,daylight,0,dry,0,5,2,1,1,0,0,0,0,3,slightly_injured
2019,6,Mon,2,52.55024,13.38546,afternoon,17,daylight,0,dry,0,6,4,0,1,1,0,0,0,2,seriously_injured
2019,6,Tue,3,52.45571,13.37544,afternoon,15,daylight,0,dry,0,2,6,0,0,0,1,0,1,3,slightly_injured
2019,6,Mon,2,52.50639,13.31077,evening,18,daylight,0,dry,0,2,6,0,1,0,0,0,0,3,slightly_injured
2019,6,Tue,3,52.55525,13.39263,afternoon,15,daylight,0,dry,0,0,1,1,0,0,0,0,0,2,seriously_injured
2019,6,Mon,2,52.52035,13.19768,evening,18,daylight,0,dry,0,5,3,0,1,0,0,0,0,3,slightly_injured
2019,6,Mon,2,52.44666,13.48304,afternoon,16,daylight,0,dry,0,5,2,0,0,0,1,0,1,3,slightly_injured
2019,6,Tue,3,52.50176,13.31998,afternoon,16,daylight,0,dry,0,6,7,0,1,1,0,0,0,3,slightly_injured
2019,6,Mon,2,52.47745,13.37848,evening,18,daylight,0,dry,0,2,6,0,1,0,0,0,0,3,slightly_injured
2019,6,Tue,3,52.50758,13.39038,morning,11,daylight,0,dry,0,6,4,0,1,1,0,0,0,3,slightly_injured
2019,6,Mon,2,52.59954,13.30104,afternoon,15,daylight,0,dry,0,1,5,0,1,0,0,0,0,2,seriously_injured
2019,6,Mon,2,52.51244,13.41714,afternoon,15,daylight,0,dry,0,5,2,1,1,0,0,0,0,3,slightly_injured
2019,6,Tue,3,52.40379,13.4028,afternoon,13,daylight,0,dry,0,1,7,0,1,0,0,0,0,3,slightly_injured
2019,6,Mon,2,52.45099,13.27063,afternoon,15,daylight,0,dry,0,5,2,0,1,0,0,0,0,3,slightly_injured
2019,6,Tue,3,52.47541,13.35999,afternoon,12,daylight,0,dry,0,5,3,0,1,0,0,0,0,3,slightly_injured
2019,6,Mon,2,52.57576,13.32504,morning,8,daylight,0,dry,0,5,2,1,1,0,0,0,0,3,slightly_injured
2019,6,Tue,3,52.4237,13.57568,afternoon,12,daylight,0,dry,0,5,2,0,1,0,1,0,0,3,slightly_injured
2019,6,Mon,2,52.47343,13.32835,morning,10,daylight,0,dry,0,5,2,0,1,0,1,0,0,3,slightly_injured
2019,6,Tue,3,52.5057,13.4321,afternoon,12,daylight,0,dry,0,5,3,0,1,0,1,0,0,3,slightly_injured
2019,6,Mon,2,52.5,13.3166,afternoon,15,daylight,0,dry,0,5,7,0,1,0,0,0,0,3,slightly_injured
2019,6,Mon,2,52.50038,13.34492,afternoon,15,daylight,0,dry,0,5,3,0,1,0,0,0,0,3,slightly_injured
2019,6,Tue,3,52.50133,13.56151,afternoon,12,daylight,0,dry,0,0,7,0,1,0,0,0,0,3,slightly_injured
2019,6,Tue,3,52.6001,13.34111,afternoon,12,daylight,0,dry,0,5,3,0,1,0,0,0,0,3,slightly_injured
2019,6,Mon,2,52.45546,13.37478,afternoon,15,daylight,0,dry,0,2,6,0,1,0,0,0,1,3,slightly_injured
2019,6,Tue,3,52.57041,13.56932,morning,11,daylight,0,dry,0,5,5,0,1,0,0,0,0,3,slightly_injured
2019,6,Mon,2,52.51598,13.46734,morning,6,daylight,0,dry,0,2,7,0,1,0,1,0,0,3,slightly_injured
2019,6,Tue,3,52.46906,13.49126,evening,21,dark,2,dry,0,6,2,0,1,1,0,0,0,3,slightly_injured
2019,6,Mon,2,52.56215,13.45423,morning,6,daylight,0,dry,0,5,2,1,0,0,0,0,1,3,slightly_injured
2019,6,Mon,2,52.54348,13.42521,morning,7,daylight,0,dry,0,2,7,1,0,0,0,0,1,3,slightly_injured
2019,6,Tue,3,52.53164,13.47022,evening,19,daylight,0,dry,0,5,3,1,0,0,0,0,0,3,slightly_injured
2019,6,Tue,3,52.50286,13.41351,evening,18,daylight,0,dry,0,2,6,1,1,0,0,0,0,3,slightly_injured
2019,6,Mon,2,52.51916,13.3014,afternoon,14,daylight,0,dry,0,5,2,0,1,0,0,0,0,3,slightly_injured
2019,6,Mon,2,52.45396,13.39434,afternoon,16,daylight,0,dry,0,2,6,0,1,0,0,0,1,3,slightly_injured
2019,6,Tue,3,52.46677,13.43175,evening,19,daylight,0,dry,0,0,6,0,1,0,0,0,1,3,slightly_injured
2019,6,Mon,2,52.4532,13.27219,afternoon,14,daylight,0,dry,0,3,6,0,1,0,1,0,0,3,slightly_injured
2019,6,Tue,3,52.4804,13.41674,evening,19,daylight,0,dry,0,6,4,0,1,1,0,0,0,2,seriously_injured
2019,6,Mon,2,52.4872,13.42176,afternoon,13,daylight,0,dry,0,6,7,0,0,1,0,0,1,3,slightly_injured
2019,6,Mon,2,52.59058,13.29222,afternoon,12,daylight,0,dry,0,0,2,0,1,0,1,0,0,3,slightly_injured
2019,6,Tue,3,52.4778,13.30815,evening,18,daylight,0,dry,0,5,2,0,1,0,0,0,0,3,slightly_injured
2019,6,Mon,2,52.6156,13.44531,morning,11,daylight,0,dry,0,3,6,0,1,0,0,0,0,3,slightly_injured
2019,6,Tue,3,52.53341,13.16426,evening,18,daylight,0,dry,0,3,6,0,1,0,0,0,0,3,slightly_injured
2019,6,Mon,2,52.52428,13.3925,evening,23,dark,2,dry,0,6,2,0,1,1,0,0,0,2,seriously_injured
2019,6,Tue,3,52.59391,13.28084,evening,18,daylight,0,dry,0,2,2,1,1,0,0,0,0,3,slightly_injured
2019,6,Mon,2,52.49322,13.42883,evening,21,dark,2,dry,0,3,6,1,1,0,0,0,0,3,slightly_injured
2019,6,Tue,3,52.46935,13.45384,morning,11,daylight,0,dry,0,2,6,0,1,0,0,0,0,3,slightly_injured
2019,6,Mon,2,52.56929,13.39859,morning,11,daylight,0,dry,0,5,3,1,1,0,0,0,0,3,slightly_injured
2019,6,Mon,2,52.48659,13.52685,morning,10,daylight,0,dry,0,5,2,0,1,0,0,0,1,3,slightly_injured
2019,6,Tue,3,52.52396,13.34244,afternoon,17,daylight,0,dry,0,5,3,1,0,0,0,0,0,3,slightly_injured
2019,6,Tue,3,52.44726,13.23369,morning,11,daylight,0,dry,0,5,3,1,1,0,0,0,0,3,slightly_injured
2019,6,Mon,2,52.52364,13.42374,evening,21,dusk,1,dry,0,6,4,0,0,1,0,0,1,2,seriously_injured
2019,6,Mon,2,52.43901,13.58754,morning,10,daylight,0,dry,0,5,3,1,1,0,0,0,0,3,slightly_injured
2019,6,Tue,3,52.51503,13.41944,morning,10,daylight,0,dry,0,2,6,0,1,0,0,0,0,3,slightly_injured
2019,6,Mon,2,52.51425,13.32869,morning,10,daylight,0,dry,0,6,4,0,1,1,0,0,0,3,slightly_injured
2019,6,Tue,3,52.57857,13.34724,afternoon,17,daylight,0,dry,0,2,6,0,1,0,0,0,0,3,slightly_injured
2019,6,Mon,2,52.46566,13.38295,morning,10,daylight,0,dry,0,1,5,1,1,0,0,0,0,3,slightly_injured
2019,6,Tue,3,52.49218,13.33077,afternoon,16,daylight,0,dry,0,2,6,0,1,0,1,0,0,3,slightly_injured
2019,6,Mon,2,52.50228,13.3532,evening,20,daylight,0,dry,0,5,2,0,1,0,0,0,1,2,seriously_injured
2019,6,Tue,3,52.50181,13.33792,morning,10,daylight,0,dry,0,1,5,1,1,0,0,0,0,3,slightly_injured
2019,6,Mon,2,52.51737,13.307,afternoon,17,daylight,0,dry,1,0,7,0,0,0,1,0,0,3,slightly_injured
2019,6,Tue,3,52.55026,13.39136,morning,9,daylight,0,dry,0,5,3,0,1,0,0,0,0,3,slightly_injured
2019,6,Mon,2,52.42358,13.31387,morning,9,daylight,0,dry,0,5,2,0,1,0,0,0,0,3,slightly_injured
2019,6,Tue,3,52.50655,13.38601,morning,9,daylight,0,dry,0,3,6,1,0,0,1,0,0,3,slightly_injured
2019,6,Mon,2,52.52164,13.15578,morning,9,daylight,0,dry,0,5,3,0,1,0,0,0,0,3,slightly_injured
2019,6,Mon,2,52.49973,13.49761,morning,9,daylight,0,dry,0,6,4,0,0,1,1,0,0,3,slightly_injured
2019,6,Tue,3,52.54113,13.33431,afternoon,16,daylight,0,dry,0,2,6,0,1,0,1,0,0,3,slightly_injured
2019,6,Mon,2,52.55836,13.35126,morning,9,daylight,0,dry,0,5,2,1,1,0,0,0,0,2,seriously_injured
2019,6,Tue,3,52.60746,13.32195,morning,9,daylight,0,dry,0,5,2,1,1,0,0,0,0,3,slightly_injured
2019,6,Mon,2,52.50285,13.49391,morning,9,daylight,0,dry,0,5,3,0,1,0,1,0,0,3,slightly_injured
2019,6,Tue,3,52.53858,13.47143,afternoon,16,daylight,0,dry,0,3,6,0,1,0,0,1,0,3,slightly_injured
2019,6,Mon,2,52.45551,13.5804,morning,8,daylight,0,dry,0,5,2,1,1,0,0,0,0,2,seriously_injured
2019,6,Tue,3,52.48519,13.58084,afternoon,16,daylight,0,dry,0,5,3,1,1,0,0,0,0,3,slightly_injured
2019,6,Mon,2,52.46382,13.50889,morning,8,daylight,0,dry,0,0,6,1,0,0,0,1,0,3,slightly_injured
2019,6,Mon,2,52.44396,13.38613,morning,8,daylight,0,dry,0,2,6,0,1,0,0,0,0,3,slightly_injured
2019,6,Tue,3,52.5321,13.34321,morning,9,daylight,0,dry,0,2,6,0,1,0,0,0,0,3,slightly_injured
2019,6,Tue,3,52.50946,13.42231,afternoon,16,daylight,0,dry,0,3,6,1,1,0,0,0,0,3,slightly_injured
2019,6,Mon,2,52.5291,13.56573,morning,8,daylight,0,dry,0,5,2,0,1,0,0,0,0,3,slightly_injured
2019,6,Mon,2,52.51855,13.3033,evening,18,daylight,0,dry,0,2,6,0,1,0,0,0,1,3,slightly_injured
2019,6,Tue,3,52.50607,13.38021,morning,9,daylight,0,dry,0,5,2,1,1,0,0,0,0,3,slightly_injured
2019,6,Sun,1,52.49262,13.29646,morning,9,daylight,0,dry,0,5,2,1,1,0,0,0,0,3,slightly_injured
2019,6,Tue,3,52.44313,13.5812,afternoon,16,daylight,0,dry,0,1,5,1,1,0,0,0,1,3,slightly_injured
2019,6,Sun,1,52.48659,13.53039,night,0,dark,2,dry,0,5,3,0,1,0,0,0,0,3,slightly_injured
2019,6,Sun,1,52.54502,13.2317,night,1,dark,2,dry,0,0,1,0,1,0,1,0,0,2,seriously_injured
2019,6,Tue,3,52.51476,13.34901,morning,8,daylight,0,dry,0,5,3,0,1,0,1,0,0,3,slightly_injured
2019,6,Sun,1,52.54301,13.35192,morning,9,daylight,0,dry,0,2,6,0,1,0,0,0,1,3,slightly_injured
2019,6,Sun,1,52.61129,13.30152,morning,9,daylight,0,dry,0,5,3,0,1,0,0,0,0,3,slightly_injured
2019,6,Tue,3,52.50382,13.41098,morning,8,daylight,0,dry,0,5,2,1,0,0,0,0,1,3,slightly_injured
2019,6,Sun,1,52.43601,13.52723,morning,11,daylight,0,dry,0,0,2,0,1,0,1,0,0,3,slightly_injured
2019,6,Sun,1,52.48401,13.44319,evening,22,dusk,1,dry,0,1,5,1,1,0,0,0,0,3,slightly_injured
2019,6,Tue,3,52.53511,13.19964,morning,7,daylight,0,dry,0,3,6,0,1,0,1,0,0,3,slightly_injured
2019,6,Sun,1,52.5317,13.38981,evening,21,dusk,1,dry,0,5,3,0,1,0,1,0,0,2,seriously_injured
2019,6,Tue,3,52.52282,13.32969,morning,8,daylight,0,dry,0,5,2,1,1,0,0,0,0,3,slightly_injured
2019,6,Sun,1,52.54706,13.33412,evening,21,dusk,1,dry,0,1,5,1,1,0,0,0,1,3,slightly_injured
2019,6,Tue,3,52.53777,13.22684,morning,6,daylight,0,dry,0,2,2,0,1,0,1,0,0,3,slightly_injured
2019,6,Sun,1,52.53164,13.38173,evening,20,daylight,0,dry,0,2,6,0,1,0,1,0,0,2,seriously_injured
2019,6,Tue,3,52.54465,13.39104,morning,8,daylight,0,dry,0,5,2,0,1,0,0,0,1,3,slightly_injured
2019,6,Sun,1,52.51826,13.55551,evening,19,daylight,0,dry,0,5,7,1,1,0,0,0,0,3,slightly_injured
2019,6,Sun,1,52.47924,13.60113,evening,19,daylight,0,dry,0,5,3,0,1,0,1,0,0,3,slightly_injured
2019,6,Tue,3,52.42558,13.58622,morning,7,daylight,0,dry,0,5,3,1,1,0,0,0,0,3,slightly_injured
2019,6,Tue,3,52.59544,13.33291,morning,7,daylight,0,dry,0,5,2,0,1,0,1,0,0,3,slightly_injured
2019,6,Sun,1,52.48802,13.36481,afternoon,17,daylight,0,dry,0,1,5,1,1,0,0,0,0,3,slightly_injured
2019,6,Sun,1,52.47246,13.37659,afternoon,17,daylight,0,dry,0,1,5,1,1,0,0,0,0,3,slightly_injured
2019,6,Tue,3,52.59131,13.45341,morning,7,daylight,0,dry,0,5,2,1,1,0,0,0,0,3,slightly_injured
2019,6,Sun,1,52.46519,13.4427,afternoon,17,daylight,0,dry,0,0,6,0,1,0,1,0,0,3,slightly_injured
2019,6,Tue,3,52.55174,13.19818,morning,6,daylight,0,dry,0,5,3,1,1,0,0,0,0,3,slightly_injured
2019,6,Sun,1,52.44578,13.28462,afternoon,14,daylight,0,dry,0,5,3,0,1,0,0,0,0,3,slightly_injured
2019,6,Mon,2,52.51224,13.37718,afternoon,14,daylight,0,dry,0,6,4,0,1,1,0,0,0,3,slightly_injured
2019,6,Sun,1,52.59014,13.39664,afternoon,14,daylight,0,dry,0,5,2,0,1,0,0,0,0,3,slightly_injured
2019,6,Mon,2,52.52959,13.40036,afternoon,17,daylight,0,dry,0,5,7,0,1,0,0,0,0,3,slightly_injured
2019,6,Sun,1,52.49557,13.45385,afternoon,14,daylight,0,dry,0,2,7,1,1,0,0,0,0,3,slightly_injured
2019,6,Sun,1,52.43523,13.20625,afternoon,14,daylight,0,dry,0,5,3,1,1,0,0,0,0,3,slightly_injured
2019,6,Mon,2,52.51279,13.28386,afternoon,12,daylight,0,dry,0,5,2,0,1,0,1,0,0,3,slightly_injured
2019,7,Thu,5,52.54386,13.14532,evening,19,daylight,0,dry,0,6,6,0,1,1,0,0,0,3,slightly_injured
2019,7,Thu,5,52.49024,13.40032,evening,19,daylight,0,dry,0,5,2,1,1,0,0,0,0,2,seriously_injured
2019,7,Thu,5,52.55422,13.3452,evening,18,daylight,0,dry,0,6,7,1,0,1,0,0,0,3,slightly_injured
2019,7,Thu,5,52.50956,13.37743,afternoon,17,daylight,0,dry,0,5,2,0,1,0,1,0,0,2,seriously_injured
2019,7,Thu,5,52.45678,13.63129,afternoon,17,daylight,0,dry,0,5,3,1,1,0,0,0,0,2,seriously_injured
2019,7,Thu,5,52.46645,13.43193,afternoon,17,daylight,0,dry,0,5,2,0,1,0,0,0,0,3,slightly_injured
2019,7,Thu,5,52.50125,13.44172,afternoon,17,daylight,0,dry,0,5,2,1,1,0,0,0,0,3,slightly_injured
2019,7,Thu,5,52.52857,13.39689,afternoon,16,daylight,0,dry,0,0,4,1,0,1,0,0,0,2,seriously_injured
2019,7,Thu,5,52.48327,13.32038,afternoon,15,daylight,0,dry,1,0,7,0,0,0,1,0,1,3,slightly_injured
2019,7,Thu,5,52.52898,13.1943,afternoon,16,daylight,0,dry,0,6,4,0,1,1,0,0,0,2,seriously_injured
2019,7,Thu,5,52.63582,13.50087,afternoon,16,daylight,0,dry,0,5,3,1,1,0,0,0,0,2,seriously_injured
2019,7,Thu,5,52.4532,13.45722,afternoon,14,daylight,0,dry,0,5,3,0,1,0,1,0,0,2,seriously_injured
2019,7,Thu,5,52.50216,13.55778,afternoon,13,daylight,0,dry,0,1,5,1,1,0,0,0,0,3,slightly_injured
2019,7,Thu,5,52.50789,13.45471,afternoon,13,daylight,0,dry,0,1,5,0,1,0,1,0,1,3,slightly_injured
2019,7,Thu,5,52.49908,13.30174,afternoon,13,daylight,0,dry,0,6,4,0,1,1,0,0,0,2,seriously_injured
2019,7,Thu,5,52.43537,13.54123,afternoon,12,daylight,0,dry,0,5,3,0,0,0,0,1,1,3,slightly_injured
2019,7,Thu,5,52.44272,13.44789,morning,9,daylight,0,dry,0,2,6,0,1,0,0,0,0,3,slightly_injured
2019,7,Thu,5,52.51585,13.42643,morning,8,daylight,0,dry,0,5,3,1,1,0,0,0,0,2,seriously_injured
2019,7,Thu,5,52.55617,13.37711,morning,7,daylight,0,dry,0,6,4,0,0,1,0,1,0,3,slightly_injured
2019,7,Thu,5,52.50561,13.42136,morning,7,daylight,0,dry,0,5,2,1,1,0,0,0,0,3,slightly_injured
2019,7,Thu,5,52.49722,13.29021,morning,7,daylight,0,dry,0,5,3,1,1,0,0,0,0,3,slightly_injured
2019,7,Thu,5,52.51864,13.16958,morning,7,daylight,0,dry,0,2,6,0,1,0,0,0,0,3,slightly_injured
2019,7,Thu,5,52.51989,13.39203,morning,7,daylight,0,dry,0,3,6,1,1,0,0,0,0,3,slightly_injured
2019,7,Thu,5,52.52615,13.49976,night,1,dark,2,dry,0,6,4,0,1,1,0,0,0,3,slightly_injured
2019,7,Wed,4,52.50812,13.32842,morning,9,daylight,0,dry,0,6,7,1,0,0,0,0,1,3,slightly_injured
2019,7,Wed,4,52.53045,13.4141,evening,22,dark,2,dry,0,0,3,0,1,0,1,0,0,3,slightly_injured
2019,7,Wed,4,52.63667,13.49272,evening,20,daylight,0,dry,0,6,7,1,0,1,0,0,0,3,slightly_injured
2019,7,Wed,4,52.49751,13.43163,evening,19,daylight,0,dry,0,5,3,1,1,0,0,0,0,2,seriously_injured
2019,7,Wed,4,52.51541,13.40391,afternoon,17,daylight,0,dry,0,5,2,1,1,0,0,0,0,3,slightly_injured
2019,7,Wed,4,52.51102,13.41639,afternoon,17,daylight,0,dry,0,5,2,1,1,0,0,0,0,3,slightly_injured
2019,7,Wed,4,52.42204,13.18041,afternoon,16,daylight,0,dry,0,9,1,0,1,0,0,0,0,3,slightly_injured
2019,7,Wed,4,52.46192,13.44042,afternoon,16,daylight,0,dry,0,1,1,0,1,0,1,0,0,3,slightly_injured
2019,7,Wed,4,52.51324,13.43126,afternoon,16,daylight,0,dry,0,3,6,1,1,0,0,0,0,3,slightly_injured
2019,7,Wed,4,52.4896,13.26069,afternoon,15,daylight,0,dry,0,0,1,1,0,0,0,0,0,2,seriously_injured
2019,7,Wed,4,52.53573,13.52191,afternoon,14,daylight,0,dry,0,5,2,1,0,0,0,0,1,3,slightly_injured
2019,7,Wed,4,52.5523,13.15974,evening,23,dark,2,dry,0,7,7,0,0,0,0,0,1,2,seriously_injured
2019,7,Wed,4,52.45748,13.39089,evening,22,dark,2,dry,0,0,3,0,1,0,0,0,1,3,slightly_injured
2019,7,Wed,4,52.50124,13.30748,evening,20,daylight,0,dry,0,1,5,0,1,0,0,0,1,3,slightly_injured
2019,7,Wed,4,52.52775,13.33794,afternoon,13,daylight,0,dry,0,1,7,0,1,0,1,0,0,3,slightly_injured
2019,7,Wed,4,52.42565,13.47395,afternoon,13,daylight,0,dry,0,0,2,0,0,0,1,0,1,3,slightly_injured
2019,7,Wed,4,52.4229,13.69746,morning,9,daylight,0,dry,0,2,6,1,0,0,0,0,0,3,slightly_injured
2019,7,Wed,4,52.45721,13.39383,afternoon,12,daylight,0,dry,0,5,7,0,1,0,1,0,0,3,slightly_injured
2019,7,Wed,4,52.49928,13.41796,morning,11,daylight,0,dry,0,2,6,0,1,0,0,0,0,3,slightly_injured
2019,7,Wed,4,52.50033,13.33081,morning,11,daylight,0,dry,0,5,5,1,1,0,0,0,0,3,slightly_injured
2019,7,Wed,4,52.51397,13.38215,morning,10,daylight,0,dry,0,5,2,1,1,0,0,0,0,3,slightly_injured
2019,7,Wed,4,52.55167,13.38271,morning,7,daylight,0,dry,0,1,5,1,1,0,0,0,0,3,slightly_injured
2019,7,Wed,4,52.5062,13.38004,morning,9,daylight,0,dry,0,6,7,1,0,1,0,0,0,3,slightly_injured
2019,7,Wed,4,52.5405,13.37935,morning,9,daylight,0,dry,0,5,3,1,0,0,0,1,0,3,slightly_injured
2019,7,Wed,4,52.47163,13.47873,morning,9,daylight,0,dry,0,0,1,1,0,0,0,0,0,3,slightly_injured
2019,7,Wed,4,52.56214,13.20137,morning,9,daylight,0,dry,0,0,3,0,1,0,1,0,0,3,slightly_injured
2019,7,Wed,4,52.56624,13.36312,afternoon,16,daylight,0,dry,0,9,1,0,1,0,0,0,0,3,slightly_injured
2019,7,Wed,4,52.53879,13.48563,morning,9,daylight,0,dry,0,5,2,1,1,0,0,0,0,3,slightly_injured
2019,7,Wed,4,52.57271,13.34115,afternoon,15,daylight,0,dry,0,1,7,0,1,0,0,0,1,2,seriously_injured
2019,7,Wed,4,52.50374,13.30418,afternoon,15,daylight,0,dry,0,0,1,0,0,0,1,0,0,3,slightly_injured
2019,7,Wed,4,52.52078,13.4848,afternoon,15,daylight,0,dry,0,1,5,1,1,0,0,0,0,3,slightly_injured
2019,7,Wed,4,52.5524,13.57357,afternoon,15,daylight,0,dry,0,5,2,0,0,0,1,0,1,2,seriously_injured
2019,7,Wed,4,52.54792,13.18298,afternoon,15,daylight,0,dry,0,0,2,1,1,0,0,0,0,3,slightly_injured
2019,7,Wed,4,52.50124,13.31758,afternoon,14,daylight,0,dry,0,2,7,0,1,0,0,0,0,3,slightly_injured
2019,7,Wed,4,52.50153,13.331,afternoon,14,daylight,0,dry,0,5,2,1,1,0,0,0,0,3,slightly_injured
2019,7,Wed,4,52.42293,13.52586,morning,8,daylight,0,dry,0,5,2,1,1,0,0,0,0,3,slightly_injured
2019,7,Wed,4,52.60464,13.4323,morning,7,daylight,0,dry,0,0,1,1,0,0,0,0,0,3,slightly_injured
2019,7,Wed,4,52.43149,13.5388,morning,7,daylight,0,dry,0,5,3,1,0,0,1,0,0,3,slightly_injured
2019,7,Wed,4,52.54861,13.26944,night,0,dark,2,dry,0,7,7,0,1,0,0,0,0,3,slightly_injured
2019,7,Wed,4,52.4103,13.26717,afternoon,14,daylight,0,dry,0,5,3,1,1,0,0,0,0,3,slightly_injured
2019,7,Wed,4,52.44793,13.36335,afternoon,14,daylight,0,dry,0,2,6,0,1,0,0,0,1,2,seriously_injured
2019,7,Wed,4,52.45529,13.4719,afternoon,13,daylight,0,dry,0,4,6,0,1,0,0,0,0,3,slightly_injured
2019,7,Wed,4,52.51897,13.4439,afternoon,15,daylight,0,dry,0,3,6,1,1,0,0,0,0,3,slightly_injured
2019,7,Wed,4,52.52448,13.37932,afternoon,13,daylight,0,dry,0,1,5,1,1,0,0,0,0,3,slightly_injured
2019,7,Wed,4,52.51005,13.30678,afternoon,13,daylight,0,dry,0,5,7,1,1,0,0,0,0,3,slightly_injured
2019,7,Wed,4,52.50675,13.31395,afternoon,12,daylight,0,dry,0,3,6,1,1,0,0,0,0,3,slightly_injured
2019,7,Tue,3,52.53834,13.39604,evening,19,daylight,0,dry,0,0,6,0,1,0,1,0,0,3,slightly_injured
2019,7,Tue,3,52.47059,13.44908,afternoon,13,daylight,0,dry,0,0,6,0,1,0,0,0,1,3,slightly_injured
2019,7,Tue,3,52.49069,13.31363,morning,8,daylight,0,dry,1,0,7,1,0,0,0,0,0,3,slightly_injured
2019,7,Tue,3,52.47786,13.53578,evening,19,daylight,0,dry,0,5,3,1,0,0,0,0,1,3,slightly_injured
2019,7,Tue,3,52.49806,13.36025,evening,22,dark,2,dry,0,0,7,0,0,0,1,0,0,3,slightly_injured
2019,7,Tue,3,52.51396,13.31722,afternoon,15,daylight,0,dry,0,5,3,1,1,0,0,0,0,3,slightly_injured
2019,7,Tue,3,52.55363,13.41397,afternoon,15,daylight,0,dry,0,2,6,0,1,0,1,0,0,3,slightly_injured
2019,7,Tue,3,52.41852,13.52698,afternoon,14,daylight,0,dry,0,5,2,0,1,0,0,0,1,3,slightly_injured
2019,7,Tue,3,52.5111,13.37123,afternoon,16,daylight,0,dry,0,2,2,0,1,0,0,0,0,3,slightly_injured
2019,7,Tue,3,52.50011,13.35395,afternoon,14,daylight,0,dry,0,5,7,0,1,0,1,0,0,2,seriously_injured
2019,7,Tue,3,52.50007,13.32891,afternoon,14,daylight,0,dry,0,6,7,1,0,1,0,0,0,3,slightly_injured
2019,7,Tue,3,52.49344,13.40574,evening,22,dark,2,dry,0,2,6,0,1,0,1,0,0,3,slightly_injured
2019,7,Tue,3,52.50666,13.28885,evening,21,daylight,0,dry,0,5,2,0,1,0,1,0,0,3,slightly_injured
2019,7,Tue,3,52.54631,13.1845,evening,20,dusk,1,dry,0,2,6,0,1,0,0,0,0,3,slightly_injured
2019,7,Tue,3,52.55881,13.37123,afternoon,13,daylight,0,dry,0,5,7,0,1,0,1,0,0,2,seriously_injured
2019,7,Tue,3,52.49981,13.334,afternoon,12,daylight,0,dry,0,2,6,0,1,0,1,0,0,3,slightly_injured
2019,7,Tue,3,52.52923,13.38472,evening,19,daylight,0,dry,0,3,6,1,0,1,0,0,1,3,slightly_injured
2019,7,Tue,3,52.43045,13.20659,evening,18,daylight,0,dry,0,5,3,1,1,0,0,0,0,3,slightly_injured
2019,7,Tue,3,52.49306,13.36902,evening,18,daylight,0,dry,0,0,7,1,0,1,0,0,0,2,seriously_injured
2019,7,Tue,3,52.51406,13.43973,afternoon,12,daylight,0,dry,0,6,4,1,0,1,0,0,0,3,slightly_injured
2019,7,Tue,3,52.49097,13.41644,evening,18,daylight,0,dry,0,0,6,0,0,0,0,0,1,3,slightly_injured
2019,7,Tue,3,52.41631,13.4456,afternoon,17,daylight,0,dry,0,0,3,1,1,0,0,0,0,3,slightly_injured
2019,7,Tue,3,52.45828,13.51173,afternoon,17,daylight,0,dry,0,0,1,1,1,0,0,0,0,3,slightly_injured