ujahr,umonat,weekday,uwochentag,long,lat,time_of_day,ustunde,light_condition,ulichtverh,street_condition,ustrzustand,uart,utyp1,ist_rad,ist_pkw,ist_fuss,ist_krad,ist_gkfz,ist_sonstige,ukategorie,accident_outcome
2019,7,Tue,3,52.4657,13.39461,afternoon,17,daylight,0,dry,0,2,6,0,1,0,1,0,0,3,slightly_injured
2019,7,Tue,3,52.44465,13.26707,afternoon,17,daylight,0,dry,0,1,5,1,0,0,0,0,1,2,seriously_injured
2019,7,Tue,3,52.47645,13.28167,afternoon,17,daylight,0,dry,0,5,3,1,1,0,0,0,0,3,slightly_injured
2019,7,Tue,3,52.54223,13.48892,afternoon,15,daylight,0,dry,0,6,4,1,0,1,0,0,0,3,slightly_injured
2019,7,Tue,3,52.48406,13.53187,morning,10,daylight,0,dry,0,5,3,0,1,0,0,0,0,3,slightly_injured
2019,7,Tue,3,52.50167,13.45071,afternoon,16,daylight,0,dry,0,5,2,1,1,0,0,0,0,3,slightly_injured
2019,7,Tue,3,52.43114,13.45728,afternoon,16,daylight,0,dry,0,5,3,1,1,0,0,0,0,3,slightly_injured
2019,7,Tue,3,52.55073,13.39629,afternoon,16,daylight,0,dry,0,1,5,1,1,0,0,0,0,3,slightly_injured
2019,7,Tue,3,52.54386,13.34741,afternoon,16,daylight,0,dry,0,5,3,1,1,0,0,0,0,3,slightly_injured
2019,7,Tue,3,52.45589,13.55454,afternoon,15,daylight,0,dry,0,5,2,0,1,0,0,0,1,3,slightly_injured
2019,7,Tue,3,52.51224,13.48965,afternoon,15,daylight,0,dry,0,2,6,0,1,0,0,0,0,2,seriously_injured
2019,7,Tue,3,52.53449,13.19963,afternoon,15,daylight,0,dry,0,6,4,0,1,1,0,0,0,3,slightly_injured
2019,7,Tue,3,52.40915,13.37629,morning,10,daylight,0,dry,0,5,2,0,1,0,0,0,0,2,seriously_injured
2019,7,Tue,3,52.49056,13.31416,morning,10,daylight,0,dry,0,5,2,1,1,0,0,0,0,3,slightly_injured
2019,7,Tue,3,52.4403,13.43491,morning,10,daylight,0,dry,0,5,2,1,1,0,0,0,0,3,slightly_injured
2019,7,Wed,4,52.57392,13.34474,morning,7,daylight,0,dry,0,2,6,1,1,0,0,0,0,2,seriously_injured
2019,7,Tue,3,52.50309,13.3657,morning,9,daylight,0,dry,0,5,7,1,1,0,0,0,0,3,slightly_injured
2019,7,Tue,3,52.46859,13.3856,morning,9,daylight,0,dry,0,5,2,0,1,0,1,0,0,3,slightly_injured
2019,7,Wed,4,52.49135,13.29361,afternoon,16,daylight,0,dry,0,6,4,0,1,1,0,0,0,3,slightly_injured
2019,7,Wed,4,52.51147,13.56244,morning,7,daylight,0,dry,0,5,3,1,1,0,0,0,0,2,seriously_injured
2019,7,Tue,3,52.44655,13.50661,morning,6,daylight,0,dry,0,5,2,0,1,0,0,0,0,3,slightly_injured
2019,7,Tue,3,52.54679,13.35992,morning,6,daylight,0,dry,0,2,2,0,1,0,0,0,0,3,slightly_injured
2019,7,Wed,4,52.50049,13.31105,afternoon,16,daylight,0,dry,0,2,6,0,1,0,0,0,0,3,slightly_injured
2019,7,Tue,3,52.57869,13.29249,morning,6,daylight,0,dry,0,5,3,1,1,0,0,0,0,3,slightly_injured
2019,7,Wed,4,52.51305,13.32098,evening,18,daylight,0,dry,0,5,3,0,1,0,0,0,0,3,slightly_injured
2019,7,Tue,3,52.54641,13.3439,night,4,dusk,1,dry,0,5,3,0,1,0,0,0,0,2,seriously_injured
2019,7,Tue,3,52.53564,13.51734,night,1,dark,2,dry,0,5,2,0,1,0,0,0,1,3,slightly_injured
2019,7,Wed,4,52.45931,13.3193,afternoon,16,daylight,0,dry,0,6,4,0,1,1,0,0,0,3,slightly_injured
2019,7,Tue,3,52.43555,13.43501,night,0,dark,2,dry,0,6,4,0,1,1,0,0,0,2,seriously_injured
2019,7,Wed,4,52.48027,13.4211,afternoon,15,daylight,0,dry,0,5,2,1,1,0,0,0,0,2,seriously_injured
2019,7,Tue,3,52.46898,13.3325,morning,6,daylight,0,dry,0,5,3,0,0,0,0,0,1,3,slightly_injured
2019,7,Wed,4,52.40917,13.26986,morning,8,daylight,0,dry,0,0,1,0,0,0,1,0,0,3,slightly_injured
2019,7,Wed,4,52.51866,13.27723,morning,9,daylight,0,dry,0,2,6,0,1,0,0,0,0,3,slightly_injured
2019,7,Mon,2,52.51135,13.38974,afternoon,15,daylight,0,dry,0,6,4,1,0,1,0,0,0,3,slightly_injured
2019,7,Mon,2,52.46147,13.38642,evening,18,daylight,0,dry,0,0,7,1,1,0,0,0,0,3,slightly_injured
2019,7,Wed,4,52.60007,13.35332,night,0,dark,2,dry,0,0,1,0,1,0,0,0,0,2,seriously_injured
2019,7,Mon,2,52.50318,13.33927,morning,11,daylight,0,dry,0,5,3,0,0,0,1,1,0,3,slightly_injured
2019,7,Wed,4,52.55638,13.37753,night,0,dark,2,dry,0,5,2,0,0,0,0,0,1,3,slightly_injured
2019,7,Mon,2,52.42322,13.43558,afternoon,15,daylight,0,dry,0,6,4,0,1,1,0,0,0,3,slightly_injured
2019,7,Wed,4,52.5481,13.37455,evening,19,daylight,0,dry,0,6,4,1,0,1,0,0,0,3,slightly_injured
2019,7,Mon,2,52.45744,13.35568,evening,21,daylight,0,dry,0,0,1,0,0,0,1,0,0,3,slightly_injured
2019,7,Wed,4,52.52075,13.3358,morning,8,daylight,0,dry,0,6,7,0,1,1,0,0,0,3,slightly_injured
2019,7,Mon,2,52.50282,13.44664,evening,19,daylight,0,dry,0,5,2,1,1,0,0,0,0,2,seriously_injured
2019,7,Mon,2,52.52329,13.30609,evening,19,daylight,0,dry,0,5,2,0,1,0,0,0,0,2,seriously_injured
2019,7,Wed,4,52.51026,13.30955,afternoon,17,daylight,0,dry,0,2,2,1,1,0,0,0,0,1,killed
2019,7,Tue,3,52.53622,13.47391,evening,22,dark,2,dry,0,0,1,1,0,0,0,0,0,3,slightly_injured
2019,7,Mon,2,52.55932,13.40935,evening,19,daylight,0,dry,0,4,2,1,1,0,0,0,0,3,slightly_injured
2019,7,Tue,3,52.44108,13.50766,afternoon,14,daylight,0,dry,0,0,1,1,0,0,0,0,0,3,slightly_injured
2019,7,Mon,2,52.44345,13.35389,evening,18,daylight,0,dry,0,2,7,0,1,0,1,0,1,2,seriously_injured
2019,7,Tue,3,52.44295,13.43419,evening,18,daylight,0,dry,0,5,2,1,1,0,0,0,0,3,slightly_injured
2019,7,Mon,2,52.51624,13.3529,afternoon,17,daylight,0,dry,0,0,1,0,0,0,1,0,0,3,slightly_injured
2019,7,Tue,3,52.54508,13.49437,afternoon,17,daylight,0,dry,0,5,2,0,1,0,0,0,0,3,slightly_injured
2019,7,Mon,2,52.42208,13.38469,afternoon,16,daylight,0,dry,0,0,1,0,0,0,0,0,1,2,seriously_injured
2019,7,Mon,2,52.55579,13.38352,afternoon,16,daylight,0,dry,0,2,6,0,1,0,0,0,0,3,slightly_injured
2019,7,Tue,3,52.50292,13.33122,afternoon,17,daylight,0,dry,0,5,7,0,1,0,1,0,0,2,seriously_injured
2019,7,Mon,2,52.55188,13.38261,afternoon,12,daylight,0,dry,0,5,7,0,1,0,0,1,0,3,slightly_injured
2019,7,Tue,3,52.50152,13.41843,afternoon,17,daylight,0,dry,0,1,5,1,1,0,0,0,0,3,slightly_injured
2019,7,Mon,2,52.45451,13.31844,morning,11,daylight,0,dry,0,5,3,1,1,0,0,0,0,3,slightly_injured
2019,7,Tue,3,52.52104,13.19738,afternoon,17,daylight,0,dry,0,1,5,1,1,0,0,0,0,3,slightly_injured
2019,7,Mon,2,52.50336,13.41166,afternoon,12,daylight,0,dry,0,5,7,0,1,0,1,0,0,3,slightly_injured
2019,7,Tue,3,52.52947,13.30002,afternoon,15,daylight,0,dry,0,1,1,0,1,1,0,0,0,2,seriously_injured
2019,7,Mon,2,52.55514,13.22578,morning,10,daylight,0,dry,0,5,2,0,1,0,0,0,0,3,slightly_injured
2019,7,Mon,2,52.49496,13.50892,morning,10,daylight,0,dry,0,5,2,1,0,0,0,0,1,2,seriously_injured
2019,7,Tue,3,52.43458,13.19087,afternoon,14,daylight,0,dry,0,5,3,1,0,0,0,1,0,3,slightly_injured
2019,7,Tue,3,52.55034,13.20745,afternoon,14,daylight,0,dry,0,0,3,0,1,0,1,0,0,3,slightly_injured
2019,7,Mon,2,52.56202,13.3317,morning,11,daylight,0,dry,0,0,1,0,0,0,1,0,0,3,slightly_injured
2019,7,Mon,2,52.48345,13.44245,afternoon,16,daylight,0,dry,0,1,5,1,1,0,0,0,0,3,slightly_injured
2019,7,Tue,3,52.51972,13.26954,morning,11,daylight,0,dry,0,5,3,1,1,0,0,0,0,3,slightly_injured
2019,7,Mon,2,52.51558,13.41792,morning,9,daylight,0,dry,0,5,3,1,1,0,0,0,0,2,seriously_injured
2019,7,Mon,2,52.58821,13.31713,afternoon,15,daylight,0,dry,0,5,2,0,1,0,1,0,0,2,seriously_injured
2019,7,Tue,3,52.5967,13.35644,morning,11,daylight,0,dry,0,2,6,0,1,0,0,0,0,3,slightly_injured
2019,7,Tue,3,52.51099,13.42203,morning,11,daylight,0,dry,0,5,2,0,1,0,1,0,0,2,seriously_injured
2019,7,Mon,2,52.47651,13.30964,morning,8,daylight,0,dry,0,1,5,1,0,0,0,0,1,3,slightly_injured
2019,7,Tue,3,52.42298,13.3132,morning,11,daylight,0,dry,0,2,6,0,1,0,0,0,0,3,slightly_injured
2019,7,Mon,2,52.54801,13.2969,morning,7,daylight,0,dry,0,5,3,0,1,0,0,0,0,3,slightly_injured
2019,7,Tue,3,52.53681,13.39712,morning,10,daylight,0,dry,0,2,6,0,1,0,0,0,0,3,slightly_injured
2019,7,Mon,2,52.46607,13.49584,morning,6,daylight,0,dry,0,5,2,0,1,0,0,0,0,3,slightly_injured
2019,7,Tue,3,52.52876,13.38531,morning,8,daylight,0,dry,0,0,2,1,0,0,1,0,0,3,slightly_injured
2019,7,Mon,2,52.52397,13.4118,morning,6,daylight,0,dry,0,5,2,0,1,0,0,0,0,3,slightly_injured
2019,7,Mon,2,52.53743,13.21839,morning,6,daylight,0,dry,0,3,6,0,0,0,1,1,0,3,slightly_injured
2019,7,Tue,3,52.3929,13.41982,morning,8,daylight,0,dry,0,5,3,1,1,0,0,0,0,2,seriously_injured
2019,7,Mon,2,52.46407,13.51033,night,5,dusk,1,dry,0,0,1,0,0,0,1,0,0,3,slightly_injured
2019,7,Tue,3,52.53804,13.32624,morning,6,dusk,1,dry,0,5,2,0,1,0,0,0,0,3,slightly_injured
2019,7,Mon,2,52.48061,13.42512,night,2,dark,2,dry,0,5,3,0,1,0,0,0,0,3,slightly_injured
2019,7,Tue,3,52.50158,13.47486,evening,22,dark,2,dry,0,2,6,0,1,0,0,0,0,3,slightly_injured
2019,7,Mon,2,52.47702,13.31346,morning,7,daylight,0,dry,0,0,3,1,1,0,0,0,0,3,slightly_injured
2019,7,Tue,3,52.555,13.46772,evening,22,dark,2,dry,0,5,2,0,1,0,0,0,0,3,slightly_injured
2019,7,Mon,2,52.50346,13.32935,night,1,dark,2,dry,0,1,5,1,1,0,0,0,0,2,seriously_injured
2019,7,Mon,2,52.53553,13.55815,afternoon,14,daylight,0,dry,0,1,1,0,1,0,0,1,0,2,seriously_injured
2019,7,Tue,3,52.50331,13.31275,evening,20,dusk,1,dry,0,2,7,0,1,0,0,0,0,3,slightly_injured
2019,7,Tue,3,52.5453,13.34256,evening,19,daylight,0,dry,0,2,6,0,1,0,1,0,0,3,slightly_injured
2019,7,Mon,2,52.43672,13.57158,afternoon,14,daylight,0,dry,0,6,2,0,1,1,0,0,0,3,slightly_injured
2019,7,Mon,2,52.51702,13.35466,afternoon,14,daylight,0,dry,0,2,2,0,1,0,0,0,0,3,slightly_injured
2019,7,Tue,3,52.59085,13.28236,evening,19,daylight,0,dry,0,6,2,0,1,1,0,0,0,3,slightly_injured
2019,7,Mon,2,52.46501,13.46621,afternoon,14,daylight,0,dry,0,5,2,0,1,0,1,0,0,2,seriously_injured
2019,7,Tue,3,52.50235,13.34813,evening,19,daylight,0,dry,0,5,2,1,1,0,0,0,0,2,seriously_injured
2019,7,Mon,2,52.51047,13.29155,afternoon,13,daylight,0,dry,0,5,2,1,1,0,0,0,0,3,slightly_injured
2019,7,Mon,2,52.41117,13.38273,afternoon,13,daylight,0,dry,0,2,6,0,1,0,0,0,0,3,slightly_injured
2019,7,Mon,2,52.55124,13.43044,afternoon,12,daylight,0,dry,0,5,3,0,1,0,0,0,0,3,slightly_injured
2019,7,Tue,3,52.45416,13.46064,evening,19,daylight,0,dry,0,2,6,0,1,0,0,0,0,3,slightly_injured
2019,7,Mon,2,52.54718,13.31711,afternoon,13,daylight,0,dry,0,5,7,0,1,0,1,0,0,2,seriously_injured
2019,7,Mon,2,52.47468,13.29308,afternoon,12,daylight,0,dry,0,2,6,0,1,0,0,0,0,3,slightly_injured
2019,6,Sun,1,52.48222,13.57758,afternoon,16,daylight,0,dry,0,5,3,0,1,0,1,0,0,3,slightly_injured
2019,6,Sun,1,52.51801,13.3214,night,3,dark,2,dry,0,0,7,1,0,0,0,0,0,2,seriously_injured
2019,7,Mon,2,52.53372,13.32838,afternoon,12,daylight,0,dry,0,6,4,0,1,1,0,0,0,3,slightly_injured
2019,6,Sun,1,52.47899,13.34144,night,1,dark,2,dry,0,1,1,0,1,0,0,0,1,3,slightly_injured
2019,6,Sun,1,52.48822,13.41344,evening,22,dark,2,dry,0,0,7,1,0,0,0,0,0,2,seriously_injured
2019,7,Mon,2,52.455,13.56721,morning,11,daylight,0,dry,1,0,1,0,0,0,1,0,0,3,slightly_injured
2019,6,Sun,1,52.46091,13.11518,evening,20,daylight,0,dry,0,1,5,0,1,0,1,0,0,3,slightly_injured
2019,7,Mon,2,52.49916,13.41976,morning,10,daylight,0,dry,0,3,6,1,0,0,0,0,0,3,slightly_injured
2019,6,Sun,1,52.54496,13.58952,evening,19,daylight,0,dry,0,5,2,1,1,0,0,0,0,3,slightly_injured
2019,6,Sun,1,52.4477,13.63708,evening,19,daylight,0,dry,0,2,6,0,1,0,0,0,0,2,seriously_injured
2019,7,Mon,2,52.4342,13.58274,morning,9,daylight,0,dry,0,5,3,1,1,0,0,0,0,3,slightly_injured
2019,7,Mon,2,52.42713,13.4475,morning,8,daylight,0,dry,0,2,6,0,1,0,0,0,0,3,slightly_injured
2019,6,Sun,1,52.50518,13.40523,evening,19,daylight,0,dry,0,5,2,1,1,0,0,0,0,3,slightly_injured
2019,6,Sun,1,52.62095,13.43004,afternoon,16,daylight,0,dry,0,5,3,1,1,0,0,0,0,3,slightly_injured
2019,7,Mon,2,52.51334,13.41326,morning,8,daylight,0,dry,0,1,5,1,1,0,0,0,0,3,slightly_injured
2019,6,Sun,1,52.47395,13.44514,afternoon,15,daylight,0,dry,0,5,3,1,1,0,0,0,0,2,seriously_injured
2019,7,Mon,2,52.5084,13.40521,morning,7,daylight,0,dry,0,5,3,0,1,0,0,1,0,3,slightly_injured
2019,6,Sun,1,52.43447,13.39085,afternoon,14,daylight,0,dry,0,6,7,0,1,1,0,0,0,2,seriously_injured
2019,7,Mon,2,52.46938,13.43869,morning,6,daylight,0,dry,0,5,3,1,1,0,0,0,0,3,slightly_injured
2019,6,Sun,1,52.50326,13.42065,afternoon,14,daylight,0,dry,0,5,2,0,1,0,1,0,0,3,slightly_injured
2019,7,Mon,2,52.57799,13.31552,night,3,dark,2,dry,0,9,1,0,1,0,0,0,0,3,slightly_injured
2019,6,Sun,1,52.50745,13.31408,morning,9,daylight,0,dry,0,1,5,1,1,0,0,0,0,3,slightly_injured
2019,6,Sun,1,52.52994,13.19606,afternoon,13,daylight,0,dry,0,1,5,0,1,0,0,0,0,3,slightly_injured
2019,7,Mon,2,52.50529,13.39698,evening,18,daylight,0,dry,0,6,4,1,0,1,0,0,0,3,slightly_injured
2019,7,Mon,2,52.48894,13.36271,afternoon,16,daylight,0,dry,1,5,2,1,1,0,0,0,0,3,slightly_injured
2019,6,Sun,1,52.55363,13.47025,afternoon,12,daylight,0,dry,0,5,2,0,1,0,0,0,0,3,slightly_injured
2019,7,Mon,2,52.59391,13.28091,afternoon,15,daylight,0,dry,0,2,2,0,1,0,0,0,0,3,slightly_injured
2019,6,Sun,1,52.42531,13.46414,afternoon,12,daylight,0,dry,0,5,7,1,1,0,0,0,0,3,slightly_injured
2019,7,Mon,2,52.57503,13.38015,afternoon,15,daylight,0,dry,0,5,2,1,1,0,0,0,0,3,slightly_injured
2019,6,Sun,1,52.50131,13.41917,morning,11,daylight,0,dry,0,2,2,1,1,0,0,0,0,3,slightly_injured
2019,7,Mon,2,52.46693,13.34762,afternoon,14,daylight,0,dry,1,3,6,0,1,0,0,0,1,2,seriously_injured
2019,6,Sun,1,52.55401,13.43565,morning,11,daylight,0,dry,0,3,6,1,1,0,0,0,0,3,slightly_injured
2019,7,Mon,2,52.48588,13.42431,afternoon,14,daylight,0,dry,1,2,6,0,1,0,0,0,0,3,slightly_injured
2019,6,Sun,1,52.54206,13.49492,morning,10,daylight,0,dry,0,5,3,0,1,0,0,1,0,3,slightly_injured
2019,6,Sun,1,52.51564,13.55494,morning,10,daylight,0,dry,0,5,3,1,1,0,0,0,0,3,slightly_injured
2019,7,Mon,2,52.49021,13.57568,afternoon,14,daylight,0,dry,0,5,2,1,1,0,0,0,0,3,slightly_injured
2019,6,Sun,1,52.4894,13.31117,morning,9,daylight,0,dry,0,1,5,1,1,0,0,0,0,3,slightly_injured
2019,7,Mon,2,52.45854,13.3252,afternoon,14,daylight,0,dry,1,2,5,0,0,0,1,0,1,3,slightly_injured
2019,6,Sun,1,52.42989,13.27851,morning,8,daylight,0,dry,0,0,1,1,0,0,0,0,0,2,seriously_injured
2019,6,Sat,7,52.55436,13.33975,morning,11,daylight,0,dry,0,5,5,1,1,0,0,0,0,3,slightly_injured
2019,7,Mon,2,52.45588,13.3824,afternoon,14,daylight,0,dry,1,2,6,0,1,0,1,0,0,3,slightly_injured
2019,6,Sat,7,52.52583,13.54415,night,2,dark,2,dry,0,5,3,0,1,0,0,0,0,3,slightly_injured
2019,7,Mon,2,52.45781,13.57867,afternoon,13,daylight,0,dry,0,0,4,0,0,1,0,0,1,3,slightly_injured
2019,6,Sat,7,52.43899,13.26277,afternoon,16,daylight,0,dry,0,2,7,0,1,0,1,0,0,2,seriously_injured
2019,7,Mon,2,52.55233,13.29346,afternoon,13,daylight,0,dry,0,3,6,0,1,0,0,0,0,3,slightly_injured
2019,6,Sat,7,52.50116,13.44275,evening,23,dark,2,dry,0,0,7,0,0,1,1,0,0,3,slightly_injured
2019,7,Mon,2,52.53981,13.35901,evening,20,dusk,1,dry,0,3,6,1,1,0,0,0,0,3,slightly_injured
2019,6,Sat,7,52.55517,13.39135,evening,22,dark,2,dry,0,5,2,0,1,0,0,0,0,3,slightly_injured
2019,6,Sat,7,52.47763,13.42626,evening,21,dusk,1,dry,0,0,7,1,0,0,0,0,0,3,slightly_injured
2019,7,Mon,2,52.50631,13.31387,evening,19,daylight,0,dry,0,5,2,0,1,0,0,0,0,3,slightly_injured
2019,7,Mon,2,52.47205,13.46824,evening,19,daylight,0,dry,0,2,6,0,1,0,0,0,0,3,slightly_injured
2019,6,Sat,7,52.5546,13.40257,evening,21,dusk,1,dry,0,5,2,1,0,0,0,0,1,3,slightly_injured
2019,7,Mon,2,52.46396,13.43342,afternoon,17,daylight,0,dry,1,3,6,0,1,0,1,0,0,3,slightly_injured
2019,6,Sat,7,52.45197,13.59318,evening,19,daylight,0,dry,0,3,6,0,1,0,1,0,0,3,slightly_injured
2019,7,Mon,2,52.51126,13.43058,afternoon,17,daylight,0,dry,0,5,2,1,1,0,0,0,0,3,slightly_injured
2019,6,Sat,7,52.47686,13.31944,evening,19,daylight,0,dry,0,5,2,1,1,0,0,0,0,2,seriously_injured
2019,7,Mon,2,52.55629,13.38101,afternoon,17,daylight,0,dry,1,2,6,0,1,0,0,1,0,3,slightly_injured
2019,6,Sat,7,52.50425,13.30742,evening,18,daylight,0,dry,0,1,5,1,1,0,0,0,0,3,slightly_injured
2019,6,Sat,7,52.4955,13.29793,evening,18,daylight,0,dry,0,5,2,1,1,0,0,0,0,3,slightly_injured
2019,7,Mon,2,52.5802,13.29698,afternoon,17,daylight,0,dry,1,2,6,0,1,0,1,0,0,2,seriously_injured
2019,6,Sat,7,52.43238,13.47324,evening,18,daylight,0,dry,0,0,2,1,1,0,0,0,0,3,slightly_injured
2019,7,Mon,2,52.52883,13.44933,afternoon,17,daylight,0,dry,1,5,3,1,1,0,0,0,0,3,slightly_injured
2019,6,Sat,7,52.53195,13.61551,evening,18,daylight,0,dry,0,5,2,0,1,0,0,0,0,3,slightly_injured
2019,7,Mon,2,52.45422,13.57285,afternoon,16,daylight,0,dry,1,2,6,1,1,0,0,0,0,3,slightly_injured
2019,6,Sat,7,52.51776,13.37663,afternoon,17,daylight,0,dry,0,0,1,0,0,0,0,0,1,3,slightly_injured
2019,7,Mon,2,52.57609,13.4243,morning,11,daylight,0,dry,0,0,5,1,1,0,0,0,0,3,slightly_injured
2019,6,Sat,7,52.48771,13.37653,afternoon,15,daylight,0,dry,0,6,2,0,1,1,0,0,0,2,seriously_injured
2019,6,Sat,7,52.47047,13.46487,afternoon,15,daylight,0,dry,0,2,6,0,1,0,0,0,0,3,slightly_injured
2019,7,Mon,2,52.52802,13.58953,afternoon,15,daylight,0,dry,0,6,4,0,1,1,0,0,0,3,slightly_injured
2019,6,Sat,7,52.50616,13.59628,afternoon,13,daylight,0,dry,0,5,3,0,1,0,0,0,0,3,slightly_injured
2019,7,Mon,2,52.4505,13.43497,afternoon,16,daylight,0,dry,1,2,6,0,1,0,0,0,0,3,slightly_injured
2019,6,Sat,7,52.53646,13.47471,afternoon,12,daylight,0,dry,0,5,7,0,1,0,1,0,0,2,seriously_injured
2019,7,Mon,2,52.50324,13.33451,evening,18,daylight,0,dry,0,1,7,1,1,0,0,0,0,3,slightly_injured
2019,6,Sat,7,52.4609,13.43493,morning,11,daylight,0,dry,0,0,1,1,0,0,0,0,0,3,slightly_injured
2019,7,Sun,1,52.52442,13.36796,evening,22,dusk,1,dry,0,6,4,0,1,1,0,0,0,3,slightly_injured
2019,6,Sat,7,52.56856,13.44132,morning,11,daylight,0,dry,0,5,3,0,1,0,0,0,0,3,slightly_injured
2019,6,Sat,7,52.59127,13.45351,morning,11,daylight,0,dry,0,5,2,1,1,0,0,0,0,2,seriously_injured
2019,7,Sun,1,52.52397,13.41182,evening,21,dusk,1,dry,0,3,2,1,0,0,0,0,0,3,slightly_injured
2019,7,Sun,1,52.53021,13.33799,evening,21,dusk,1,dry,0,0,3,0,1,0,1,0,0,3,slightly_injured
2019,6,Sat,7,52.48926,13.31272,morning,8,daylight,0,dry,0,0,7,0,1,0,1,0,0,3,slightly_injured
2019,6,Sat,7,52.50981,13.42119,morning,7,daylight,0,dry,0,5,2,1,1,0,0,0,0,3,slightly_injured
2019,7,Sun,1,52.52317,13.36722,evening,20,daylight,0,dry,0,5,3,0,1,0,0,0,0,3,slightly_injured
2019,6,Sat,7,52.63711,13.2949,morning,7,daylight,0,dry,0,4,6,0,1,0,0,0,0,3,slightly_injured
2019,7,Sun,1,52.51852,13.28344,evening,19,daylight,0,dry,0,0,1,1,0,0,0,0,0,3,slightly_injured
2019,6,Sat,7,52.4982,13.42958,night,1,dark,2,dry,0,5,3,0,1,0,0,0,0,3,slightly_injured
2019,6,Sat,7,52.49971,13.41816,night,1,dark,2,dry,0,1,5,1,0,0,0,0,1,3,slightly_injured
2019,7,Sun,1,52.42697,13.44691,afternoon,17,daylight,0,dry,0,5,2,0,1,0,0,0,0,3,slightly_injured
2019,6,Fri,6,52.44729,13.39616,evening,19,daylight,0,dry,0,5,2,0,1,0,0,0,1,3,slightly_injured
2019,6,Fri,6,52.43231,13.53516,evening,19,daylight,0,dry,0,5,2,0,1,0,0,0,0,3,slightly_injured
2019,7,Sun,1,52.4731,13.13253,afternoon,17,daylight,0,dry,0,9,1,0,1,0,0,0,0,3,slightly_injured
2019,6,Fri,6,52.49288,13.52662,afternoon,14,daylight,0,dry,0,6,4,0,1,1,0,0,0,3,slightly_injured
2019,7,Sun,1,52.61802,13.35466,afternoon,16,daylight,0,dry,0,5,3,1,1,0,0,0,0,3,slightly_injured
2019,7,Sun,1,52.49372,13.35372,afternoon,13,daylight,0,dry,0,6,4,1,0,1,0,0,0,3,slightly_injured
2019,6,Fri,6,52.52847,13.42765,morning,6,daylight,0,dry,0,5,7,0,1,0,0,0,1,3,slightly_injured
2019,7,Sun,1,52.53732,13.36024,afternoon,12,daylight,0,dry,0,5,2,0,1,0,0,0,0,3,slightly_injured
2019,6,Fri,6,52.52601,13.40366,afternoon,15,daylight,0,dry,0,5,2,1,1,0,0,0,0,3,slightly_injured
2019,7,Sun,1,52.50115,13.26195,morning,8,daylight,0,dry,0,5,3,1,1,0,0,0,0,2,seriously_injured
2019,6,Fri,6,52.59998,13.25094,evening,20,daylight,0,dry,0,9,1,0,1,0,0,0,0,3,slightly_injured
2019,6,Fri,6,52.5396,13.41079,evening,19,daylight,0,dry,0,1,5,1,0,0,0,0,1,3,slightly_injured
2019,7,Sun,1,52.39376,13.40642,night,5,daylight,0,dry,0,5,3,0,1,0,0,0,1,3,slightly_injured
2019,7,Sat,7,52.46991,13.44336,afternoon,16,daylight,0,dry,0,5,2,1,1,0,0,0,0,3,slightly_injured
2019,6,Fri,6,52.54233,13.34944,evening,18,daylight,0,dry,0,5,2,1,1,0,0,0,0,3,slightly_injured
2019,6,Fri,6,52.51233,13.28135,afternoon,17,daylight,0,dry,0,5,2,1,0,0,0,0,0,3,slightly_injured
2019,7,Sat,7,52.53306,13.19807,evening,23,dark,2,dry,1,6,4,0,1,1,0,0,0,3,slightly_injured
2019,6,Fri,6,52.54482,13.20739,afternoon,17,daylight,0,dry,0,5,3,1,1,0,0,0,0,3,slightly_injured
2019,7,Sat,7,52.50511,13.34131,evening,23,dark,2,dry,0,5,2,0,1,0,0,0,0,3,slightly_injured
2019,6,Fri,6,52.55177,13.4305,afternoon,17,daylight,0,dry,0,2,2,0,1,0,0,0,0,3,slightly_injured
2019,6,Fri,6,52.53576,13.40672,afternoon,16,daylight,0,dry,0,5,2,0,0,0,1,0,1,3,slightly_injured
2019,7,Sat,7,52.42088,13.51574,evening,23,dark,2,dry,1,0,1,0,0,0,1,0,0,2,seriously_injured
2019,6,Fri,6,52.50675,13.35863,afternoon,15,daylight,0,dry,0,5,2,1,1,0,0,0,0,3,slightly_injured
2019,6,Fri,6,52.43338,13.3531,afternoon,16,daylight,0,dry,0,5,2,0,1,0,1,0,0,3,slightly_injured
2019,7,Sat,7,52.52799,13.37437,evening,22,dark,2,dry,1,0,1,1,0,0,0,0,0,2,seriously_injured
2019,6,Fri,6,52.4762,13.33274,afternoon,14,daylight,0,dry,0,1,5,1,1,0,0,0,0,3,slightly_injured
2019,7,Sat,7,52.52999,13.40103,evening,22,dark,2,dry,1,2,6,0,1,0,0,0,0,3,slightly_injured
2019,6,Fri,6,52.5231,13.42953,afternoon,13,daylight,0,dry,0,5,2,1,1,0,0,0,0,3,slightly_injured
2019,6,Fri,6,52.59444,13.28426,afternoon,13,daylight,0,dry,0,5,2,1,1,0,0,0,0,3,slightly_injured
2019,7,Sat,7,52.47381,13.45617,evening,20,dark,2,dry,1,0,1,0,1,0,0,0,0,3,slightly_injured
2019,7,Sat,7,52.43903,13.3878,evening,21,dark,2,dry,1,6,2,0,1,1,0,0,0,3,slightly_injured
2019,6,Fri,6,52.53976,13.40159,afternoon,12,daylight,0,dry,0,5,2,1,1,0,0,0,0,3,slightly_injured
2019,6,Fri,6,52.50914,13.42919,afternoon,12,daylight,0,dry,0,5,7,0,0,0,1,0,1,3,slightly_injured
2019,7,Sat,7,52.52264,13.40961,evening,20,dusk,1,dry,1,5,3,1,1,0,0,0,0,3,slightly_injured
2019,6,Fri,6,52.55481,13.39226,afternoon,12,daylight,0,dry,0,5,3,1,1,0,0,0,0,3,slightly_injured
2019,7,Sat,7,52.5094,13.37683,evening,20,daylight,0,dry,1,0,2,1,1,0,0,0,0,3,slightly_injured