ujahr,umonat,weekday,uwochentag,long,lat,time_of_day,ustunde,light_condition,ulichtverh,street_condition,ustrzustand,uart,utyp1,ist_rad,ist_pkw,ist_fuss,ist_krad,ist_gkfz,ist_sonstige,ukategorie,accident_outcome
2019,6,Fri,6,52.50418,13.39097,morning,11,daylight,0,dry,0,5,2,1,1,0,0,0,0,3,slightly_injured
2019,6,Fri,6,52.6045,13.43222,morning,11,daylight,0,dry,0,6,3,0,1,1,0,0,0,3,slightly_injured
2019,6,Fri,6,52.51797,13.40617,morning,11,daylight,0,dry,0,5,5,1,1,0,0,0,0,3,slightly_injured
2019,7,Sat,7,52.54911,13.36518,evening,19,daylight,0,dry,1,2,6,0,1,0,0,0,0,3,slightly_injured
2019,6,Fri,6,52.56846,13.52021,morning,10,daylight,0,dry,0,2,6,0,1,0,0,1,0,3,slightly_injured
2019,7,Sat,7,52.52803,13.40266,evening,19,daylight,0,dry,1,5,3,1,1,0,0,0,0,3,slightly_injured
2019,6,Fri,6,52.52797,13.39507,morning,10,daylight,0,dry,0,0,3,1,1,0,0,0,0,3,slightly_injured
2019,7,Sat,7,52.50368,13.30759,evening,19,daylight,0,dry,1,0,3,1,0,0,1,0,0,3,slightly_injured
2019,6,Fri,6,52.50705,13.39841,morning,9,daylight,0,dry,0,5,3,1,1,0,0,0,0,3,slightly_injured
2019,7,Sat,7,52.52643,13.44746,evening,19,daylight,0,dry,1,5,3,0,1,0,0,0,1,3,slightly_injured
2019,6,Fri,6,52.57565,13.28306,evening,18,daylight,0,dry,0,2,6,0,1,0,0,0,0,3,slightly_injured
2019,7,Sat,7,52.45465,13.32756,evening,18,daylight,0,dry,0,5,2,1,1,0,0,0,0,3,slightly_injured
2019,6,Fri,6,52.48203,13.43353,evening,22,dark,2,dry,0,0,1,1,0,0,0,0,0,3,slightly_injured
2019,7,Sat,7,52.46658,13.3103,evening,18,daylight,0,dry,0,0,1,0,0,0,1,0,0,3,slightly_injured
2019,6,Fri,6,52.43969,13.553,afternoon,17,daylight,0,dry,0,0,1,1,0,0,0,0,0,2,seriously_injured
2019,6,Fri,6,52.46914,13.33268,afternoon,17,daylight,0,dry,0,6,4,0,1,1,0,0,0,2,seriously_injured
2019,7,Sat,7,52.51572,13.55486,afternoon,17,daylight,0,dry,0,0,1,0,0,0,1,0,0,3,slightly_injured
2019,6,Fri,6,52.52804,13.35431,afternoon,13,daylight,0,dry,0,1,5,0,1,0,0,0,0,3,slightly_injured
2019,7,Sat,7,52.48369,13.32021,afternoon,17,daylight,0,dry,0,5,2,0,1,0,0,0,0,3,slightly_injured
2019,6,Fri,6,52.50089,13.47649,afternoon,12,daylight,0,dry,0,5,3,1,1,0,0,0,0,2,seriously_injured
2019,6,Fri,6,52.42888,13.55113,morning,11,daylight,0,dry,0,2,6,0,1,0,0,0,0,3,slightly_injured
2019,7,Sat,7,52.55063,13.37569,afternoon,16,daylight,0,dry,0,5,3,1,1,0,0,0,0,3,slightly_injured
2019,6,Fri,6,52.51908,13.29241,morning,9,daylight,0,dry,0,5,2,1,1,0,0,0,0,3,slightly_injured
2019,7,Sat,7,52.52346,13.35985,afternoon,15,daylight,0,dry,0,5,3,0,1,0,0,0,0,3,slightly_injured
2019,6,Fri,6,52.5052,13.33818,morning,9,daylight,0,dry,0,1,5,1,1,0,0,0,0,3,slightly_injured
2019,7,Sat,7,52.48423,13.32423,afternoon,15,daylight,0,dry,0,6,6,1,0,1,0,0,0,3,slightly_injured
2019,6,Fri,6,52.52497,13.42002,morning,9,daylight,0,dry,0,5,2,1,0,0,1,0,0,3,slightly_injured
2019,7,Sat,7,52.53965,13.14694,afternoon,13,daylight,0,dry,0,0,6,0,1,0,1,0,0,3,slightly_injured
2019,6,Fri,6,52.43662,13.54457,morning,9,daylight,0,dry,0,6,7,1,1,1,0,0,0,3,slightly_injured
2019,6,Fri,6,52.48189,13.43364,morning,8,daylight,0,dry,0,6,2,0,1,1,0,0,0,3,slightly_injured
2019,7,Sat,7,52.51979,13.33757,afternoon,12,daylight,0,dry,0,5,2,0,1,0,1,0,0,3,slightly_injured
2019,7,Sat,7,52.6372,13.4805,afternoon,12,daylight,0,dry,0,7,7,1,0,0,0,0,0,3,slightly_injured
2019,6,Fri,6,52.49996,13.27347,morning,8,daylight,0,dry,0,5,2,1,1,0,0,0,0,3,slightly_injured
2019,7,Sat,7,52.4179,13.52853,afternoon,12,daylight,0,dry,0,1,5,0,1,0,1,0,0,3,slightly_injured
2019,6,Fri,6,52.50643,13.45877,morning,7,daylight,0,dry,0,2,2,1,1,0,0,0,0,2,seriously_injured
2019,7,Sat,7,52.45551,13.3722,afternoon,12,daylight,0,dry,0,5,3,0,1,0,0,0,0,3,slightly_injured
2019,6,Fri,6,52.43788,13.34835,morning,7,daylight,0,dry,0,5,2,0,1,0,0,0,0,3,slightly_injured
2019,6,Fri,6,52.47787,13.2783,night,1,dark,2,dry,0,1,5,0,1,0,0,0,0,3,slightly_injured
2019,7,Sat,7,52.55008,13.36494,morning,11,daylight,0,dry,0,3,6,0,1,0,1,0,0,3,slightly_injured
2019,7,Sat,7,52.49599,13.31995,morning,11,daylight,0,dry,0,2,6,1,0,0,0,0,0,3,slightly_injured
2019,6,Fri,6,52.49178,13.43334,morning,10,daylight,0,dry,0,3,6,1,1,0,0,0,0,3,slightly_injured
2019,6,Fri,6,52.46529,13.43258,morning,9,daylight,0,dry,0,3,6,1,1,0,0,0,0,3,slightly_injured
2019,7,Sat,7,52.46044,13.34123,night,0,dark,2,dry,0,1,7,0,1,0,0,0,0,3,slightly_injured
2019,6,Thu,5,52.50773,13.48225,morning,7,daylight,0,dry,0,5,3,1,1,0,0,0,0,2,seriously_injured
2019,7,Sat,7,52.46888,13.4305,morning,6,daylight,0,dry,0,4,6,0,1,0,0,0,0,3,slightly_injured
2019,6,Thu,5,52.55061,13.45466,afternoon,13,daylight,0,dry,0,6,7,0,0,0,0,0,1,3,slightly_injured
2019,6,Thu,5,52.46475,13.31536,afternoon,13,daylight,0,dry,0,3,6,0,1,0,0,0,0,3,slightly_injured
2019,7,Fri,6,52.50859,13.37706,afternoon,12,daylight,0,dry,0,5,2,1,1,0,0,0,0,3,slightly_injured
2019,6,Thu,5,52.54964,13.37737,afternoon,13,daylight,0,dry,0,0,1,1,1,0,0,0,0,3,slightly_injured
2019,7,Fri,6,52.53982,13.5397,evening,22,dark,2,dry,0,5,3,0,1,0,0,0,0,3,slightly_injured
2019,6,Thu,5,52.52208,13.3915,afternoon,13,daylight,0,dry,0,5,3,0,1,0,0,0,0,3,slightly_injured
2019,7,Fri,6,52.46654,13.43188,evening,22,dark,2,dry,0,3,6,0,1,0,0,0,0,3,slightly_injured
2019,6,Thu,5,52.50311,13.33125,afternoon,13,daylight,0,dry,0,5,3,1,1,0,0,0,0,3,slightly_injured
2019,7,Fri,6,52.50124,13.3463,evening,21,dark,2,dry,0,5,2,1,1,0,0,0,0,3,slightly_injured
2019,6,Thu,5,52.48208,13.50196,afternoon,12,daylight,0,dry,0,3,6,0,1,0,1,0,0,3,slightly_injured
2019,6,Thu,5,52.51058,13.32313,afternoon,12,daylight,0,dry,0,1,5,0,1,0,1,0,0,3,slightly_injured
2019,7,Fri,6,52.45648,13.32272,evening,21,daylight,0,dry,0,5,2,0,1,0,1,0,0,2,seriously_injured
2019,7,Fri,6,52.55291,13.37002,evening,20,dusk,1,dry,0,5,3,1,1,0,0,0,0,2,seriously_injured
2019,6,Thu,5,52.52713,13.38693,morning,11,daylight,0,dry,0,5,3,0,0,0,0,1,1,2,seriously_injured
2019,6,Thu,5,52.52777,13.41343,morning,11,daylight,0,dry,0,1,5,0,1,0,0,0,0,3,slightly_injured
2019,7,Fri,6,52.52241,13.38789,evening,20,daylight,0,dry,0,5,3,1,0,0,0,0,0,3,slightly_injured
2019,6,Thu,5,52.53541,13.51751,evening,20,daylight,0,dry,0,5,2,0,1,0,0,0,0,3,slightly_injured
2019,7,Fri,6,52.5291,13.37854,evening,19,daylight,0,dry,0,0,2,0,1,0,0,0,1,3,slightly_injured
2019,6,Thu,5,52.50659,13.31109,evening,19,daylight,0,dry,0,5,2,1,1,0,0,0,0,3,slightly_injured
2019,7,Fri,6,52.45607,13.62536,evening,18,daylight,0,dry,0,3,6,0,1,0,0,0,1,3,slightly_injured
2019,6,Thu,5,52.50169,13.41781,evening,18,daylight,0,dry,0,1,5,1,1,0,0,0,1,3,slightly_injured
2019,7,Fri,6,52.45698,13.38433,afternoon,17,daylight,0,dry,0,6,7,0,1,1,0,0,0,3,slightly_injured
2019,6,Thu,5,52.54752,13.37403,morning,11,daylight,0,dry,0,4,6,1,1,0,0,0,0,3,slightly_injured
2019,7,Fri,6,52.3949,13.42183,afternoon,17,daylight,0,dry,0,5,3,0,1,0,1,0,0,2,seriously_injured
2019,6,Thu,5,52.49198,13.50607,morning,11,daylight,0,dry,0,5,3,1,1,0,0,0,0,2,seriously_injured
2019,7,Fri,6,52.43764,13.23237,afternoon,17,daylight,0,dry,0,5,2,1,0,0,0,0,1,3,slightly_injured
2019,6,Thu,5,52.55093,13.43034,morning,11,daylight,0,dry,0,5,2,1,0,0,0,0,1,3,slightly_injured
2019,6,Thu,5,52.46965,13.33141,morning,10,daylight,0,dry,0,0,2,1,0,0,1,0,0,3,slightly_injured
2019,7,Fri,6,52.5711,13.40892,afternoon,16,daylight,0,dry,0,5,3,1,1,0,0,0,0,3,slightly_injured
2019,6,Thu,5,52.50097,13.39145,evening,18,daylight,0,dry,0,6,2,0,1,1,0,0,0,3,slightly_injured
2019,7,Fri,6,52.57269,13.33104,afternoon,16,daylight,0,dry,0,2,6,0,1,0,0,0,0,3,slightly_injured
2019,6,Thu,5,52.46277,13.51256,morning,11,daylight,0,dry,0,5,2,1,1,0,0,0,0,3,slightly_injured
2019,7,Fri,6,52.5204,13.46966,afternoon,15,daylight,0,dry,0,2,2,1,1,0,0,0,0,3,slightly_injured
2019,6,Thu,5,52.54672,13.46794,morning,10,daylight,0,dry,0,5,2,0,1,0,0,0,0,3,slightly_injured
2019,7,Fri,6,52.55399,13.40628,afternoon,13,daylight,0,dry,0,5,3,1,1,0,0,0,0,3,slightly_injured
2019,6,Thu,5,52.42237,13.46196,evening,18,daylight,0,dry,0,0,2,1,1,0,0,0,0,2,seriously_injured
2019,6,Thu,5,52.5659,13.42088,morning,9,daylight,0,dry,0,1,5,1,0,0,0,0,1,3,slightly_injured
2019,7,Fri,6,52.5028,13.4463,afternoon,13,daylight,0,dry,0,2,6,0,1,0,0,0,0,3,slightly_injured
2019,7,Fri,6,52.47814,13.43813,afternoon,13,daylight,0,dry,0,2,6,0,1,0,0,0,0,3,slightly_injured
2019,6,Thu,5,52.50285,13.38794,evening,18,daylight,0,dry,0,6,2,0,1,1,0,0,0,3,slightly_injured
2019,6,Thu,5,52.52443,13.39509,evening,18,daylight,0,dry,0,1,5,0,1,0,1,0,0,3,slightly_injured
2019,7,Fri,6,52.43287,13.53637,afternoon,13,daylight,0,dry,0,5,2,1,1,0,0,0,0,3,slightly_injured
2019,6,Thu,5,52.47254,13.48054,evening,18,daylight,0,dry,0,0,2,0,1,0,0,0,1,3,slightly_injured
2019,7,Fri,6,52.44841,13.35788,afternoon,13,daylight,0,dry,0,1,5,0,1,0,0,0,0,3,slightly_injured
2019,6,Thu,5,52.48658,13.52696,evening,18,daylight,0,dry,0,5,2,1,1,0,0,0,0,3,slightly_injured
2019,6,Thu,5,52.45883,13.34303,evening,18,daylight,0,dry,0,1,5,1,1,0,0,0,0,3,slightly_injured
2019,7,Fri,6,52.54018,13.37985,afternoon,12,daylight,0,dry,0,5,3,1,1,0,0,0,0,3,slightly_injured
2019,6,Thu,5,52.52512,13.34502,evening,18,daylight,0,dry,0,2,6,0,1,0,0,0,0,3,slightly_injured
2019,6,Thu,5,52.51489,13.43398,evening,18,daylight,0,dry,0,1,1,0,1,0,0,0,1,2,seriously_injured
2019,7,Fri,6,52.48844,13.33952,morning,10,daylight,0,dry,0,2,2,0,1,0,0,0,0,3,slightly_injured
2019,6,Thu,5,52.49354,13.61445,evening,18,daylight,0,dry,0,0,1,1,0,0,0,0,0,3,slightly_injured
2019,6,Thu,5,52.51322,13.57548,afternoon,17,daylight,0,dry,0,1,5,1,1,0,0,0,1,3,slightly_injured
2019,7,Fri,6,52.53715,13.21876,morning,8,daylight,0,dry,0,2,6,0,1,0,1,0,0,2,seriously_injured
2019,6,Thu,5,52.50236,13.48611,evening,22,dark,2,dry,0,2,6,1,1,0,0,0,0,3,slightly_injured
2019,7,Fri,6,52.46516,13.43683,morning,8,daylight,0,dry,0,5,3,0,1,0,0,0,0,3,slightly_injured
2019,6,Thu,5,52.52042,13.44549,afternoon,17,daylight,0,dry,0,5,2,1,0,0,0,0,0,3,slightly_injured
2019,7,Fri,6,52.53906,13.34491,morning,8,daylight,0,dry,0,5,2,1,1,0,0,0,0,3,slightly_injured
2019,6,Thu,5,52.54958,13.43446,afternoon,14,daylight,0,dry,0,5,3,0,1,0,1,0,0,3,slightly_injured
2019,7,Fri,6,52.61746,13.48703,night,5,daylight,0,dry,1,0,1,1,0,0,0,0,0,3,slightly_injured
2019,6,Thu,5,52.50985,13.4646,afternoon,14,daylight,0,dry,0,0,6,1,1,0,0,0,0,2,seriously_injured
2019,6,Thu,5,52.55183,13.38235,evening,20,daylight,0,dry,0,0,1,1,0,0,0,0,0,3,slightly_injured
2019,7,Fri,6,52.49149,13.50583,night,4,daylight,0,dry,0,0,1,1,0,0,0,0,0,3,slightly_injured
2019,7,Fri,6,52.51729,13.46,night,1,dark,2,dry,0,0,7,1,0,0,0,0,1,3,slightly_injured
2019,6,Thu,5,52.50327,13.33925,afternoon,14,daylight,0,dry,0,0,1,0,0,0,1,0,0,3,slightly_injured
2019,6,Thu,5,52.48944,13.34905,afternoon,13,daylight,0,dry,0,5,2,1,1,0,0,0,0,3,slightly_injured
2019,7,Fri,6,52.53416,13.18399,afternoon,15,daylight,0,dry,0,0,6,0,1,0,0,0,1,2,seriously_injured
2019,6,Thu,5,52.53244,13.399,morning,9,daylight,0,dry,0,0,1,1,0,0,0,0,0,2,seriously_injured
2019,7,Thu,5,52.51186,13.41294,morning,11,daylight,0,dry,0,1,5,1,1,0,0,0,0,3,slightly_injured
2019,6,Thu,5,52.48777,13.30844,morning,9,daylight,0,dry,0,5,3,1,1,0,0,0,0,3,slightly_injured
2019,7,Thu,5,52.54363,13.36424,evening,21,dark,2,dry,0,3,6,0,1,0,0,0,0,3,slightly_injured
2019,6,Thu,5,52.45094,13.27084,morning,8,daylight,0,dry,0,5,2,0,1,0,0,0,0,2,seriously_injured
2019,7,Thu,5,52.49602,13.38945,evening,20,dusk,1,dry,0,5,2,0,1,0,0,0,0,3,slightly_injured
2019,6,Thu,5,52.5284,13.38062,morning,8,daylight,0,dry,0,5,2,1,1,0,0,0,0,3,slightly_injured
2019,6,Thu,5,52.55223,13.42691,morning,8,daylight,0,dry,0,5,2,1,0,0,0,1,0,2,seriously_injured
2019,7,Wed,4,52.45542,13.61871,afternoon,17,daylight,0,dry,0,5,3,0,1,0,1,0,0,3,slightly_injured
2019,7,Wed,4,52.49201,13.39299,afternoon,16,daylight,0,dry,0,2,6,1,0,0,0,0,0,3,slightly_injured
2019,7,Wed,4,52.52808,13.41027,morning,9,daylight,0,dry,0,5,2,0,1,0,1,0,0,3,slightly_injured
2019,7,Wed,4,52.41993,13.17532,afternoon,17,daylight,0,dry,0,7,7,0,0,0,1,0,0,3,slightly_injured
2019,7,Fri,6,52.53155,13.34425,afternoon,14,daylight,0,dry,0,1,5,0,1,0,1,0,0,3,slightly_injured
2019,7,Wed,4,52.51678,13.29662,afternoon,17,daylight,0,dry,0,5,3,1,1,0,0,0,0,3,slightly_injured
2019,7,Wed,4,52.4845,13.32198,afternoon,16,daylight,0,dry,0,3,6,0,1,0,1,0,0,3,slightly_injured
2019,7,Wed,4,52.48962,13.43895,morning,8,daylight,0,dry,0,1,5,1,1,0,0,0,0,3,slightly_injured
2019,7,Thu,5,52.51557,13.41797,night,1,dark,2,dry,0,5,2,1,1,0,0,0,0,3,slightly_injured
2019,7,Thu,5,52.50003,13.46611,evening,20,daylight,0,dry,0,2,2,0,1,0,0,0,0,3,slightly_injured
2019,7,Thu,5,52.54654,13.46825,evening,20,daylight,0,dry,0,5,2,1,1,0,0,0,0,3,slightly_injured
2019,7,Thu,5,52.54255,13.39274,evening,19,daylight,0,dry,0,5,2,0,1,0,1,0,0,3,slightly_injured
2019,7,Thu,5,52.5062,13.33215,evening,19,daylight,0,dry,0,5,2,1,1,0,0,0,0,3,slightly_injured
2019,7,Thu,5,52.51777,13.29071,evening,19,daylight,0,dry,0,1,5,1,1,0,0,0,0,3,slightly_injured
2019,7,Thu,5,52.49843,13.40115,evening,19,daylight,0,dry,0,1,5,1,1,0,0,0,0,3,slightly_injured
2019,7,Thu,5,52.55474,13.39815,evening,18,daylight,0,dry,0,2,6,0,1,0,1,0,0,3,slightly_injured
2019,7,Thu,5,52.45613,13.5593,evening,18,daylight,0,dry,0,2,6,0,0,0,0,0,1,3,slightly_injured
2019,7,Thu,5,52.44725,13.36195,afternoon,15,daylight,0,dry,0,5,2,1,1,0,0,0,0,3,slightly_injured
2019,7,Thu,5,52.45204,13.14,afternoon,15,daylight,0,dry,0,1,5,1,1,0,0,0,0,3,slightly_injured
2019,7,Thu,5,52.56455,13.21575,afternoon,17,daylight,0,dry,0,5,3,0,1,0,1,0,0,2,seriously_injured
2019,7,Thu,5,52.42827,13.52238,afternoon,15,daylight,0,dry,0,5,3,1,1,0,0,0,0,2,seriously_injured
2019,7,Thu,5,52.51877,13.28608,morning,9,daylight,0,dry,0,0,7,1,0,0,0,0,0,3,slightly_injured
2019,7,Thu,5,52.52947,13.39802,afternoon,15,daylight,0,dry,0,3,6,1,1,0,0,0,0,2,seriously_injured
2019,7,Thu,5,52.42118,13.56225,afternoon,14,daylight,0,dry,0,5,7,0,1,0,0,0,0,3,slightly_injured
2019,7,Thu,5,52.42461,13.52635,morning,10,daylight,0,dry,0,5,2,0,1,0,0,0,0,3,slightly_injured
2019,7,Thu,5,52.43109,13.45733,evening,18,daylight,0,dry,0,5,3,0,1,0,0,0,0,3,slightly_injured
2019,7,Thu,5,52.50783,13.39033,evening,22,dark,2,dry,0,0,1,0,0,0,0,0,1,2,seriously_injured
2019,7,Thu,5,52.42407,13.36503,evening,23,dark,2,dry,0,5,3,0,1,0,1,0,0,3,slightly_injured
2019,7,Thu,5,52.48461,13.34499,afternoon,13,daylight,0,dry,0,5,2,1,1,0,0,0,0,3,slightly_injured
2019,7,Thu,5,52.53301,13.15728,morning,8,daylight,0,dry,0,6,4,0,0,1,0,1,0,3,slightly_injured
2019,7,Thu,5,52.49758,13.33959,morning,8,daylight,0,dry,0,5,2,1,0,0,0,1,0,3,slightly_injured
2019,7,Thu,5,52.50135,13.21048,afternoon,12,daylight,0,dry,0,1,5,1,0,0,0,0,1,3,slightly_injured
2019,7,Thu,5,52.50877,13.35171,afternoon,12,daylight,0,dry,0,3,6,0,1,0,1,0,0,3,slightly_injured
2019,7,Thu,5,52.55805,13.37696,afternoon,12,daylight,0,dry,0,5,3,0,1,0,1,0,0,2,seriously_injured
2019,7,Thu,5,52.56417,13.50731,afternoon,12,daylight,0,dry,0,5,2,1,1,0,0,0,0,3,slightly_injured
2019,7,Thu,5,52.43065,13.5527,morning,8,daylight,0,dry,0,5,2,1,1,0,0,0,0,2,seriously_injured
2019,7,Thu,5,52.49617,13.3952,morning,10,daylight,0,dry,0,5,2,0,1,0,0,0,1,2,seriously_injured
2019,7,Thu,5,52.50468,13.40705,morning,10,daylight,0,dry,0,0,6,0,1,0,0,0,1,2,seriously_injured
2019,7,Thu,5,52.45289,13.37762,morning,7,daylight,0,dry,0,2,6,0,0,0,1,1,0,3,slightly_injured
2019,7,Thu,5,52.55249,13.42737,morning,7,daylight,0,dry,0,5,3,1,0,0,0,0,1,3,slightly_injured
2019,7,Thu,5,52.49398,13.44687,morning,7,daylight,0,dry,0,5,2,1,1,0,0,0,0,3,slightly_injured
2019,7,Thu,5,52.56071,13.37702,morning,6,daylight,0,dry,1,0,7,0,1,0,1,0,0,3,slightly_injured
2019,7,Thu,5,52.50549,13.34721,morning,10,daylight,0,dry,0,5,3,0,1,0,0,0,0,3,slightly_injured
2019,7,Thu,5,52.49159,13.42219,morning,9,daylight,0,dry,0,1,5,0,1,0,0,0,0,3,slightly_injured
2019,7,Thu,5,52.42094,13.17647,morning,9,daylight,0,dry,0,0,3,1,0,0,0,0,0,3,slightly_injured
2019,7,Thu,5,52.50544,13.29364,morning,9,daylight,0,dry,0,5,3,1,1,0,0,0,0,2,seriously_injured
2019,7,Thu,5,52.50671,13.39039,morning,8,daylight,0,dry,0,0,1,0,1,0,0,0,0,2,seriously_injured
2019,7,Thu,5,52.50326,13.34978,afternoon,17,daylight,0,dry,0,0,6,0,1,0,0,0,1,3,slightly_injured
2019,7,Thu,5,52.56371,13.21499,morning,9,daylight,0,dry,0,3,6,1,0,0,0,1,0,1,killed
2019,7,Wed,4,52.50526,13.33861,afternoon,17,daylight,0,dry,0,5,2,1,1,0,0,0,0,3,slightly_injured
2019,7,Wed,4,52.54204,13.37173,afternoon,17,daylight,0,dry,0,2,6,1,1,0,0,0,0,3,slightly_injured
2019,7,Wed,4,52.52608,13.60023,afternoon,16,daylight,0,dry,0,5,3,1,1,0,0,0,0,3,slightly_injured
2019,7,Wed,4,52.49787,13.3625,afternoon,15,daylight,0,dry,0,2,6,0,1,0,0,0,0,3,slightly_injured
2019,7,Wed,4,52.44863,13.4368,afternoon,15,daylight,0,dry,0,5,7,0,1,0,0,0,0,3,slightly_injured
2019,7,Wed,4,52.43147,13.3097,afternoon,15,daylight,0,dry,0,5,2,0,1,0,0,0,0,2,seriously_injured
2019,7,Wed,4,52.48509,13.36679,afternoon,17,daylight,0,dry,0,1,5,1,1,0,0,0,0,3,slightly_injured
2019,7,Wed,4,52.4242,13.43996,afternoon,15,daylight,0,dry,0,0,6,0,1,0,0,0,1,3,slightly_injured
2019,7,Wed,4,52.52508,13.44355,afternoon,14,daylight,0,dry,0,2,6,0,1,0,1,0,1,3,slightly_injured
2019,7,Wed,4,52.41271,13.49512,afternoon,13,daylight,0,dry,0,2,7,1,0,0,0,0,1,3,slightly_injured
2019,7,Wed,4,52.44528,13.56559,afternoon,12,daylight,0,dry,0,0,4,0,0,1,0,0,1,2,seriously_injured
2019,7,Wed,4,52.49074,13.39782,morning,11,daylight,0,dry,0,5,2,1,1,0,0,0,0,3,slightly_injured
2019,7,Wed,4,52.4454,13.34295,morning,11,daylight,0,dry,0,0,1,1,0,0,0,0,0,3,slightly_injured
2019,7,Wed,4,52.45557,13.37221,morning,10,daylight,0,dry,0,5,2,0,1,0,1,0,0,3,slightly_injured
2019,7,Wed,4,52.48609,13.35596,morning,9,daylight,0,dry,0,5,2,1,0,0,1,0,0,2,seriously_injured
2019,7,Wed,4,52.43149,13.71834,morning,9,daylight,0,dry,0,2,3,1,1,0,0,0,0,3,slightly_injured
2019,7,Wed,4,52.5039,13.41097,morning,8,daylight,0,dry,0,5,3,1,1,0,0,0,0,3,slightly_injured
2019,7,Wed,4,52.55491,13.30688,evening,23,dark,2,dry,0,2,6,0,1,0,0,0,1,2,seriously_injured
2019,7,Wed,4,52.5477,13.31154,evening,20,daylight,0,dry,0,1,1,0,1,0,0,0,0,2,seriously_injured
2019,7,Wed,4,52.4229,13.48709,evening,19,daylight,0,dry,0,5,3,0,1,0,0,0,0,3,slightly_injured
2019,7,Wed,4,52.54852,13.37552,evening,19,daylight,0,dry,0,0,6,1,1,0,0,0,0,2,seriously_injured
2019,7,Wed,4,52.56032,13.43373,morning,6,daylight,0,dry,0,0,3,0,1,0,1,0,0,3,slightly_injured
2019,7,Wed,4,52.54853,13.43643,morning,6,daylight,0,dry,0,5,3,1,1,0,0,0,0,3,slightly_injured
2019,7,Wed,4,52.51081,13.50498,night,5,daylight,0,dry,0,5,3,1,1,0,0,0,0,3,slightly_injured
2019,7,Wed,4,52.50857,13.46127,night,1,dark,2,dry,0,0,1,0,0,0,0,0,1,2,seriously_injured
2019,7,Wed,4,52.43537,13.31337,afternoon,15,daylight,0,dry,0,5,2,0,1,0,0,0,1,3,slightly_injured
2019,7,Tue,3,52.50037,13.44329,morning,9,daylight,0,dry,0,0,2,1,1,0,0,0,0,2,seriously_injured
2019,7,Tue,3,52.51702,13.44061,afternoon,16,daylight,0,dry,0,5,2,1,0,0,0,0,0,3,slightly_injured
2019,7,Tue,3,52.50444,13.40791,evening,18,daylight,0,dry,0,5,2,1,1,0,0,0,0,3,slightly_injured
2019,7,Tue,3,52.54976,13.46254,afternoon,17,daylight,0,dry,0,5,7,1,1,0,0,0,0,3,slightly_injured
2019,7,Tue,3,52.46346,13.50949,afternoon,17,daylight,0,dry,0,5,3,0,1,0,1,0,0,2,seriously_injured
2019,7,Tue,3,52.4846,13.43842,afternoon,17,daylight,0,dry,0,1,5,1,1,0,0,0,1,3,slightly_injured
2019,7,Tue,3,52.45317,13.60816,afternoon,16,daylight,0,dry,0,2,7,0,1,0,0,0,0,3,slightly_injured
2019,7,Tue,3,52.49509,13.39821,night,2,dark,2,dry,0,1,1,0,1,0,0,0,0,3,slightly_injured
2019,7,Tue,3,52.53531,13.51672,afternoon,14,daylight,0,dry,0,2,6,0,1,0,0,0,1,3,slightly_injured
2019,7,Tue,3,52.51555,13.18457,afternoon,14,daylight,0,dry,0,5,2,0,1,0,0,0,0,3,slightly_injured
2019,7,Tue,3,52.61626,13.24268,afternoon,13,daylight,0,dry,0,1,5,0,1,0,1,0,0,3,slightly_injured
2019,7,Tue,3,52.4966,13.33456,afternoon,13,daylight,0,dry,0,1,5,1,1,0,0,0,0,3,slightly_injured
2019,7,Tue,3,52.41775,13.49564,afternoon,13,daylight,0,dry,0,5,3,1,1,0,0,0,0,3,slightly_injured
2019,7,Tue,3,52.45299,13.39938,afternoon,12,daylight,0,dry,0,5,3,0,1,0,0,0,0,3,slightly_injured
2019,7,Tue,3,52.5338,13.28207,afternoon,12,daylight,0,dry,0,2,6,0,1,0,0,0,0,3,slightly_injured
2019,7,Tue,3,52.51068,13.45206,afternoon,12,daylight,0,dry,0,5,2,1,0,0,0,1,0,3,slightly_injured
2019,7,Tue,3,52.49525,13.30946,morning,10,daylight,0,dry,0,6,4,0,1,1,0,0,0,3,slightly_injured
2019,7,Tue,3,52.47979,13.30547,morning,10,daylight,0,dry,0,5,2,1,1,0,0,0,0,3,slightly_injured
2019,7,Tue,3,52.51669,13.40306,evening,18,daylight,0,dry,0,4,6,1,0,0,0,0,1,3,slightly_injured
2019,7,Tue,3,52.49506,13.39762,morning,9,daylight,0,dry,0,6,7,0,1,1,0,0,0,3,slightly_injured
2019,7,Tue,3,52.48646,13.44091,evening,19,daylight,0,dry,0,0,3,1,0,0,0,0,0,3,slightly_injured
2019,7,Tue,3,52.52923,13.45737,evening,19,daylight,0,dry,0,5,2,1,1,0,0,0,0,3,slightly_injured
2019,7,Tue,3,52.44479,13.55934,morning,6,daylight,0,dry,0,3,6,0,1,0,0,0,0,2,seriously_injured
2019,7,Tue,3,52.4277,13.5487,evening,18,daylight,0,dry,0,2,6,0,1,0,0,0,1,3,slightly_injured
2019,7,Tue,3,52.42766,13.51347,evening,18,daylight,0,dry,0,0,1,0,0,0,1,0,0,2,seriously_injured
2019,7,Tue,3,52.4111,13.58536,evening,18,daylight,0,dry,0,5,3,1,0,0,0,0,1,3,slightly_injured
2019,7,Tue,3,52.6341,13.38064,afternoon,16,daylight,0,dry,0,5,3,1,1,0,0,0,0,3,slightly_injured
2019,7,Tue,3,52.51902,13.29012,afternoon,16,daylight,0,dry,0,2,2,0,1,0,1,0,0,3,slightly_injured
2019,7,Tue,3,52.48761,13.41913,afternoon,16,daylight,0,dry,0,0,1,1,0,0,0,0,0,3,slightly_injured
2019,7,Tue,3,52.49798,13.32482,afternoon,15,daylight,0,dry,0,2,6,1,1,0,0,0,0,3,slightly_injured