ujahr,umonat,weekday,uwochentag,long,lat,time_of_day,ustunde,light_condition,ulichtverh,street_condition,ustrzustand,uart,utyp1,ist_rad,ist_pkw,ist_fuss,ist_krad,ist_gkfz,ist_sonstige,ukategorie,accident_outcome
2019,7,Tue,3,52.56099,13.21335,afternoon,15,daylight,0,dry,0,3,6,1,0,0,0,0,1,3,slightly_injured
2019,7,Tue,3,52.55198,13.34916,afternoon,15,daylight,0,dry,0,0,6,0,0,0,0,0,1,3,slightly_injured
2019,7,Tue,3,52.51812,13.42825,afternoon,17,daylight,0,dry,0,2,6,0,1,0,1,0,0,3,slightly_injured
2019,7,Tue,3,52.48914,13.4332,evening,21,daylight,0,dry,0,3,6,1,1,0,0,0,0,3,slightly_injured
2019,7,Tue,3,52.547,13.46754,afternoon,13,daylight,0,dry,0,2,6,0,1,0,0,0,0,3,slightly_injured
2019,7,Tue,3,52.45698,13.54842,morning,8,daylight,0,dry,0,1,1,0,1,0,1,0,0,3,slightly_injured
2019,7,Mon,2,52.55175,13.51564,afternoon,16,daylight,0,dry,0,2,6,0,1,0,0,0,0,3,slightly_injured
2019,7,Mon,2,52.51212,13.20126,afternoon,17,daylight,0,dry,0,5,2,0,1,0,1,0,0,3,slightly_injured
2019,7,Mon,2,52.51663,13.38071,afternoon,16,daylight,0,dry,0,2,2,0,0,0,1,0,1,3,slightly_injured
2019,7,Mon,2,52.43592,13.23549,afternoon,15,daylight,0,dry,0,1,5,0,1,0,0,1,0,3,slightly_injured
2019,7,Mon,2,52.51471,13.43537,evening,21,dark,2,dry,0,5,2,1,1,0,0,0,0,2,seriously_injured
2019,7,Mon,2,52.42087,13.42789,afternoon,17,daylight,0,dry,0,2,6,0,1,0,1,0,0,3,slightly_injured
2019,7,Mon,2,52.45594,13.32435,evening,19,daylight,0,dry,0,0,1,0,0,0,1,0,0,3,slightly_injured
2019,7,Mon,2,52.47018,13.45303,afternoon,15,daylight,0,dry,0,2,6,0,1,0,0,0,0,3,slightly_injured
2019,7,Mon,2,52.57645,13.29447,afternoon,15,daylight,0,dry,0,6,4,0,1,1,0,0,1,2,seriously_injured
2019,7,Mon,2,52.52201,13.39165,afternoon,13,daylight,0,dry,0,5,3,0,1,0,0,0,0,3,slightly_injured
2019,7,Mon,2,52.42707,13.2486,afternoon,12,daylight,0,dry,0,5,3,0,1,0,0,0,0,3,slightly_injured
2019,7,Mon,2,52.48793,13.41559,evening,21,dark,2,dry,0,1,5,0,1,0,0,0,0,3,slightly_injured
2019,7,Mon,2,52.53192,13.38137,afternoon,12,daylight,0,dry,0,3,6,1,0,0,0,1,0,3,slightly_injured
2019,7,Mon,2,52.5228,13.32972,morning,10,daylight,0,dry,0,3,6,1,0,0,0,1,0,3,slightly_injured
2019,7,Mon,2,52.51432,13.26702,morning,10,daylight,0,dry,0,5,3,0,1,0,0,0,0,3,slightly_injured
2019,7,Mon,2,52.52864,13.40933,morning,10,daylight,0,dry,0,2,6,0,1,0,0,0,0,3,slightly_injured
2019,7,Mon,2,52.44285,13.53044,morning,10,daylight,0,dry,0,3,6,0,1,0,0,1,0,3,slightly_injured
2019,7,Mon,2,52.46084,13.5039,morning,9,daylight,0,dry,0,5,3,1,1,0,0,0,0,3,slightly_injured
2019,7,Mon,2,52.43368,13.19323,morning,8,daylight,0,dry,1,5,3,1,1,0,0,0,0,3,slightly_injured
2019,7,Mon,2,52.45533,13.40979,morning,8,daylight,0,dry,0,2,6,0,1,0,0,0,0,3,slightly_injured
2019,7,Mon,2,52.55378,13.13341,morning,6,daylight,0,dry,0,0,6,0,1,0,1,0,0,3,slightly_injured
2019,7,Mon,2,52.5234,13.34911,morning,9,daylight,0,dry,0,5,7,1,1,0,0,0,0,3,slightly_injured
2019,7,Sun,1,52.55684,13.37411,afternoon,12,daylight,0,dry,0,2,6,0,1,0,0,0,0,3,slightly_injured
2019,7,Sun,1,52.52372,13.35722,evening,18,daylight,0,dry,0,0,1,1,0,0,0,0,0,3,slightly_injured
2019,7,Sun,1,52.545,13.43669,afternoon,14,daylight,0,dry,0,3,6,0,1,0,0,0,1,3,slightly_injured
2019,7,Sun,1,52.50101,13.44285,night,1,dark,2,dry,1,9,1,0,1,0,0,0,0,3,slightly_injured
2019,7,Sun,1,52.53198,13.40318,night,1,dark,2,dry,1,0,1,1,0,0,0,0,0,3,slightly_injured
2019,7,Sun,1,52.50205,13.42497,evening,21,dusk,1,dry,0,0,3,0,1,0,1,0,0,2,seriously_injured
2019,7,Sun,1,52.51287,13.44608,evening,19,daylight,0,dry,0,0,7,0,0,0,0,0,1,3,slightly_injured
2019,7,Sun,1,52.52899,13.11938,evening,18,daylight,0,dry,0,2,6,0,1,0,0,0,0,3,slightly_injured
2019,7,Sun,1,52.47163,13.42907,afternoon,17,daylight,0,dry,0,6,4,0,0,1,1,0,0,3,slightly_injured
2019,7,Sun,1,52.47909,13.60227,morning,10,daylight,0,dry,0,8,1,0,1,0,0,0,0,3,slightly_injured
2019,7,Sun,1,52.55401,13.35845,evening,20,dusk,1,dry,0,6,4,1,0,1,0,0,0,3,slightly_injured
2019,7,Sat,7,52.56182,13.32607,afternoon,13,daylight,0,dry,0,0,3,0,1,0,1,0,0,3,slightly_injured
2019,7,Sat,7,52.50747,13.45016,afternoon,15,daylight,0,dry,1,0,1,0,1,0,0,0,0,3,slightly_injured
2019,7,Sat,7,52.45453,13.46325,night,3,dusk,1,dry,0,9,1,0,0,0,1,0,0,2,seriously_injured
2019,7,Sat,7,52.50527,13.33094,night,0,dark,2,dry,0,3,6,0,1,0,0,0,0,3,slightly_injured
2019,7,Sat,7,52.45192,13.28343,evening,18,daylight,0,dry,1,3,6,1,1,0,0,0,0,3,slightly_injured
2019,7,Sat,7,52.49417,13.36283,evening,23,dark,2,dry,1,6,4,0,1,1,0,0,0,3,slightly_injured
2019,7,Sat,7,52.39439,13.41242,evening,22,dark,2,dry,1,0,2,0,1,0,1,0,0,2,seriously_injured
2019,7,Sat,7,52.51421,13.56299,evening,21,dark,2,dry,1,5,2,1,1,0,0,0,0,3,slightly_injured
2019,7,Sat,7,52.47384,13.44054,evening,21,dusk,1,dry,1,6,2,0,1,1,0,0,0,3,slightly_injured
2019,7,Sat,7,52.50372,13.41897,evening,19,daylight,0,dry,0,5,7,0,1,0,1,0,0,3,slightly_injured
2019,7,Sat,7,52.44081,13.57041,evening,18,daylight,0,dry,0,5,7,0,1,0,0,0,0,2,seriously_injured
2019,7,Sat,7,52.52983,13.38398,afternoon,17,daylight,0,dry,0,6,2,0,1,1,0,0,0,3,slightly_injured
2019,7,Sat,7,52.44568,13.34066,afternoon,16,daylight,0,dry,1,2,6,1,1,0,0,0,0,3,slightly_injured
2019,7,Sat,7,52.55562,13.38562,afternoon,16,daylight,0,dry,1,1,5,0,1,0,0,0,0,3,slightly_injured
2019,7,Sat,7,52.48834,13.3639,afternoon,15,daylight,0,dry,1,0,1,0,1,0,1,0,0,3,slightly_injured
2019,7,Sat,7,52.56005,13.33491,afternoon,14,daylight,0,dry,1,5,3,1,1,0,0,0,0,3,slightly_injured
2019,7,Sat,7,52.6114,13.21732,afternoon,14,daylight,0,dry,0,2,6,0,1,0,0,0,0,3,slightly_injured
2019,7,Sat,7,52.41489,13.14498,afternoon,14,daylight,0,dry,0,6,4,0,1,1,0,0,0,3,slightly_injured
2019,7,Sat,7,52.54787,13.18292,afternoon,13,daylight,0,dry,0,5,2,0,1,0,1,0,0,3,slightly_injured
2019,7,Sat,7,52.55645,13.18863,afternoon,13,daylight,0,dry,0,5,3,0,1,0,0,0,0,3,slightly_injured
2019,7,Sat,7,52.52036,13.47588,afternoon,13,daylight,0,dry,0,0,1,1,0,0,0,0,0,3,slightly_injured
2019,7,Sat,7,52.48891,13.36286,afternoon,12,daylight,0,dry,0,5,2,1,1,0,0,0,0,3,slightly_injured
2019,7,Sat,7,52.47669,13.45013,afternoon,12,daylight,0,dry,0,5,2,0,1,0,0,0,0,3,slightly_injured
2019,7,Sat,7,52.48399,13.32095,morning,11,daylight,0,dry,0,2,3,0,1,0,0,0,0,3,slightly_injured
2019,7,Sat,7,52.45885,13.28336,morning,8,daylight,0,dry,0,0,2,1,1,0,0,0,0,3,slightly_injured
2019,7,Sat,7,52.52551,13.34301,morning,7,daylight,0,dry,0,6,2,0,1,1,0,0,0,3,slightly_injured
2019,7,Sat,7,52.50168,13.32044,morning,10,daylight,0,dry,0,3,6,1,1,0,0,0,0,3,slightly_injured
2019,7,Sat,7,52.45076,13.50825,afternoon,12,daylight,0,dry,0,2,6,0,1,0,0,0,1,3,slightly_injured
2019,7,Fri,6,52.4833,13.60219,morning,8,daylight,0,dry,1,5,3,1,1,0,0,0,0,2,seriously_injured
2019,7,Fri,6,52.50165,13.33102,afternoon,14,daylight,0,dry,0,1,5,0,1,0,0,0,0,3,slightly_injured
2019,7,Fri,6,52.49931,13.5596,morning,10,daylight,0,dry,1,5,3,0,1,0,0,0,0,3,slightly_injured
2019,7,Fri,6,52.47998,13.34357,morning,11,daylight,0,dry,0,6,7,0,1,1,0,0,0,3,slightly_injured
2019,7,Fri,6,52.48084,13.43337,evening,21,dark,2,dry,0,0,5,0,1,0,0,0,0,3,slightly_injured
2019,7,Fri,6,52.55395,13.40861,afternoon,17,daylight,0,dry,0,5,2,1,1,0,0,0,0,3,slightly_injured
2019,7,Fri,6,52.52509,13.36603,afternoon,17,daylight,0,dry,1,3,6,1,0,0,0,0,1,3,slightly_injured
2019,7,Fri,6,52.42881,13.25617,afternoon,17,daylight,0,dry,0,5,2,1,1,0,0,0,0,3,slightly_injured
2019,7,Wed,4,52.54592,13.57134,afternoon,17,daylight,0,dry,0,2,2,0,1,0,0,0,0,3,slightly_injured
2019,7,Wed,4,52.47885,13.32881,morning,8,daylight,0,dry,0,5,3,1,0,0,0,0,1,3,slightly_injured
2019,7,Fri,6,52.55399,13.1538,afternoon,15,daylight,0,dry,1,5,2,1,1,0,0,0,0,3,slightly_injured
2019,7,Fri,6,52.43355,13.31163,afternoon,14,daylight,0,dry,0,2,6,0,1,0,0,0,0,3,slightly_injured
2019,7,Fri,6,52.63657,13.50308,afternoon,14,daylight,0,dry,1,5,3,0,1,0,1,0,0,2,seriously_injured
2019,7,Fri,6,52.55015,13.38561,afternoon,14,daylight,0,dry,1,2,6,0,1,0,0,0,0,3,slightly_injured
2019,7,Fri,6,52.57564,13.28433,afternoon,14,daylight,0,dry,1,2,2,0,1,0,0,0,1,3,slightly_injured
2019,7,Fri,6,52.59652,13.33926,afternoon,13,daylight,0,dry,1,2,6,0,1,0,0,0,0,3,slightly_injured
2019,7,Fri,6,52.52554,13.34141,afternoon,12,daylight,0,dry,1,2,6,0,1,0,0,0,0,3,slightly_injured
2019,7,Fri,6,52.50238,13.44644,afternoon,12,daylight,0,dry,1,6,7,1,0,0,0,0,1,3,slightly_injured
2019,7,Fri,6,52.54908,13.58329,afternoon,16,daylight,0,dry,0,2,6,0,1,0,0,0,0,3,slightly_injured
2019,7,Fri,6,52.53274,13.51907,afternoon,12,daylight,0,dry,1,5,3,0,1,0,0,0,1,3,slightly_injured
2019,7,Fri,6,52.54835,13.59287,afternoon,12,daylight,0,dry,1,5,3,1,1,0,0,0,0,3,slightly_injured
2019,7,Fri,6,52.41429,13.35024,morning,11,daylight,0,dry,0,5,2,0,1,0,0,0,0,3,slightly_injured
2019,7,Fri,6,52.58817,13.33998,morning,10,daylight,0,dry,1,5,3,0,1,0,0,0,0,2,seriously_injured
2019,7,Fri,6,52.49343,13.36727,morning,10,daylight,0,dry,1,0,1,1,0,0,0,0,0,3,slightly_injured
2019,7,Fri,6,52.50183,13.47876,afternoon,12,daylight,0,dry,1,1,5,1,1,0,0,0,0,3,slightly_injured
2019,7,Fri,6,52.59587,13.28482,morning,10,daylight,0,dry,1,8,1,0,1,0,0,0,0,3,slightly_injured
2019,7,Fri,6,52.57239,13.41758,afternoon,16,daylight,0,dry,1,2,6,0,1,0,0,0,0,3,slightly_injured
2019,7,Fri,6,52.50552,13.32783,afternoon,15,daylight,0,dry,1,5,7,0,1,0,0,0,0,3,slightly_injured
2019,7,Fri,6,52.50566,13.35228,morning,10,daylight,0,dry,1,0,1,0,0,0,1,0,0,3,slightly_injured
2019,7,Fri,6,52.62828,13.49807,morning,10,daylight,0,dry,1,0,3,0,1,0,1,0,0,3,slightly_injured
2019,7,Fri,6,52.47685,13.33276,morning,9,daylight,0,dry,1,1,5,1,1,0,0,0,0,3,slightly_injured
2019,7,Fri,6,52.48429,13.32017,morning,9,daylight,0,dry,1,2,6,0,1,0,0,0,1,3,slightly_injured
2019,7,Fri,6,52.55541,13.20037,morning,8,daylight,0,dry,1,2,6,0,1,0,0,0,0,3,slightly_injured
2019,7,Fri,6,52.51298,13.3999,morning,9,daylight,0,dry,0,0,7,1,1,0,0,0,0,3,slightly_injured
2019,7,Fri,6,52.45161,13.41634,morning,8,daylight,0,dry,1,9,1,0,1,0,0,0,0,2,seriously_injured
2019,7,Fri,6,52.49754,13.29672,morning,8,daylight,0,dry,1,0,1,0,0,0,1,0,0,3,slightly_injured
2019,7,Fri,6,52.44967,13.36681,morning,8,daylight,0,dry,1,5,2,0,1,0,0,0,1,3,slightly_injured
2019,7,Fri,6,52.50552,13.36165,morning,7,daylight,0,dry,1,2,6,0,1,0,0,1,0,3,slightly_injured
2019,7,Fri,6,52.54147,13.59162,morning,7,daylight,0,dry,1,5,3,0,1,0,0,0,0,3,slightly_injured
2019,7,Fri,6,52.59597,13.28474,morning,7,daylight,0,dry,1,2,6,0,1,0,0,0,0,3,slightly_injured
2019,7,Fri,6,52.53262,13.39891,morning,6,daylight,0,dry,1,5,2,0,1,0,1,0,0,2,seriously_injured
2019,7,Fri,6,52.51946,13.19795,morning,6,daylight,0,dry,1,5,3,0,1,0,0,0,0,3,slightly_injured
2019,7,Fri,6,52.49103,13.39642,night,1,dark,2,dry,0,0,3,1,1,0,0,0,0,3,slightly_injured
2019,7,Fri,6,52.50652,13.31391,afternoon,16,daylight,0,dry,0,2,7,1,1,0,0,0,0,3,slightly_injured
2019,7,Thu,5,52.49659,13.38568,morning,9,daylight,0,dry,0,5,2,1,0,0,0,0,0,3,slightly_injured
2019,7,Thu,5,52.51259,13.45174,afternoon,14,daylight,0,dry,0,6,7,0,0,1,0,0,1,3,slightly_injured
2019,7,Thu,5,52.50986,13.43093,afternoon,14,daylight,0,dry,0,6,4,1,0,1,0,0,0,3,slightly_injured
2019,7,Thu,5,52.53335,13.19861,afternoon,14,daylight,0,dry,0,5,3,0,1,0,1,0,0,3,slightly_injured
2019,7,Thu,5,52.58885,13.43029,afternoon,14,daylight,0,dry,0,2,6,0,1,0,0,0,0,3,slightly_injured
2019,7,Thu,5,52.4661,13.38544,evening,22,dark,2,dry,1,5,2,1,1,0,0,0,0,3,slightly_injured
2019,7,Thu,5,52.54234,13.37456,afternoon,13,daylight,0,dry,0,6,4,1,0,1,0,0,0,3,slightly_injured
2019,7,Thu,5,52.51896,13.28925,evening,19,daylight,0,dry,0,0,7,1,0,0,0,0,0,2,seriously_injured
2019,7,Thu,5,52.51141,13.38328,afternoon,13,daylight,0,dry,0,6,6,1,0,1,0,0,0,3,slightly_injured
2019,7,Thu,5,52.49818,13.46517,evening,20,daylight,0,dry,0,2,6,0,1,0,1,0,0,3,slightly_injured
2019,7,Thu,5,52.54961,13.38652,evening,19,daylight,0,dry,0,6,4,0,1,1,0,0,0,3,slightly_injured
2019,7,Thu,5,52.52609,13.45132,afternoon,13,daylight,0,dry,0,2,7,0,1,0,1,0,0,3,slightly_injured
2019,7,Thu,5,52.50414,13.43442,evening,20,daylight,0,dry,0,5,3,1,0,0,0,0,0,3,slightly_injured
2019,7,Thu,5,52.54485,13.5658,afternoon,12,daylight,0,dry,0,0,3,0,1,0,1,0,0,3,slightly_injured
2019,7,Thu,5,52.47676,13.32042,afternoon,12,daylight,0,dry,0,5,3,0,1,0,0,0,0,2,seriously_injured
2019,7,Thu,5,52.5309,13.19261,morning,11,daylight,0,dry,0,5,2,0,1,0,1,0,0,3,slightly_injured
2019,7,Thu,5,52.51503,13.46286,morning,10,daylight,0,dry,0,5,2,1,1,0,0,0,0,3,slightly_injured
2019,7,Thu,5,52.4815,13.48219,morning,9,daylight,0,dry,0,2,6,0,1,0,0,0,0,2,seriously_injured
2019,7,Thu,5,52.5373,13.36028,morning,9,daylight,0,dry,0,5,2,0,1,0,0,0,0,3,slightly_injured
2019,7,Thu,5,52.48851,13.43259,afternoon,17,daylight,0,dry,0,1,5,1,1,0,0,0,0,2,seriously_injured
2019,7,Thu,5,52.4903,13.34519,morning,8,daylight,0,dry,0,5,2,1,1,0,0,0,0,3,slightly_injured
2019,7,Thu,5,52.49947,13.38885,morning,8,daylight,0,dry,0,6,2,0,1,1,0,0,0,3,slightly_injured
2019,7,Thu,5,52.47581,13.47535,morning,9,daylight,0,dry,0,5,2,1,1,0,0,0,0,3,slightly_injured
2019,7,Thu,5,52.47863,13.43479,evening,23,dark,2,dry,1,9,1,0,1,0,0,0,0,3,slightly_injured
2019,7,Thu,5,52.60092,13.29446,evening,23,dark,2,dry,0,0,1,1,0,0,0,0,0,3,slightly_injured
2019,7,Thu,5,52.47373,13.42797,evening,22,dark,2,dry,1,1,5,1,1,0,0,0,0,3,slightly_injured
2019,7,Thu,5,52.44561,13.3865,afternoon,17,daylight,0,dry,0,6,7,0,1,1,0,0,0,3,slightly_injured
2019,7,Thu,5,52.51064,13.50027,afternoon,14,daylight,0,dry,0,0,1,0,0,0,1,0,0,3,slightly_injured
2019,7,Wed,4,52.52676,13.23822,evening,21,dusk,1,dry,0,1,5,0,1,0,0,1,0,3,slightly_injured
2019,7,Wed,4,52.46245,13.42191,evening,21,dusk,1,dry,0,5,3,1,0,0,0,0,1,2,seriously_injured
2019,7,Wed,4,52.49438,13.39962,evening,21,dusk,1,dry,1,5,3,1,1,0,0,0,0,3,slightly_injured
2019,7,Wed,4,52.53136,13.38619,evening,21,dark,2,dry,1,0,1,0,0,0,1,0,0,3,slightly_injured
2019,7,Wed,4,52.50768,13.39022,evening,21,dark,2,dry,1,5,3,1,1,0,0,0,0,3,slightly_injured
2019,7,Wed,4,52.50225,13.32419,evening,20,daylight,0,dry,0,3,6,1,1,0,0,0,0,3,slightly_injured
2019,7,Wed,4,52.53556,13.1259,evening,20,daylight,0,dry,0,9,1,0,0,0,1,0,0,2,seriously_injured
2019,7,Wed,4,52.517,13.39074,evening,20,daylight,0,dry,0,5,2,1,1,0,0,0,0,3,slightly_injured
2019,7,Wed,4,52.52674,13.48533,evening,19,daylight,0,dry,0,5,3,0,1,0,0,0,0,3,slightly_injured
2019,7,Wed,4,52.49537,13.40396,evening,19,daylight,0,dry,0,0,2,0,1,0,1,0,0,3,slightly_injured
2019,7,Wed,4,52.52586,13.51975,evening,18,daylight,0,dry,0,5,7,0,1,0,0,0,0,3,slightly_injured
2019,7,Wed,4,52.46187,13.32542,evening,18,daylight,0,dry,0,0,6,1,0,0,0,0,1,3,slightly_injured
2019,7,Wed,4,52.47779,13.4481,afternoon,17,daylight,0,dry,0,5,2,1,1,0,0,0,0,3,slightly_injured
2019,7,Wed,4,52.51394,13.382,afternoon,17,daylight,0,dry,0,5,2,1,1,0,0,0,0,3,slightly_injured
2019,7,Wed,4,52.51884,13.56396,afternoon,15,daylight,0,dry,0,5,2,0,1,0,0,0,0,3,slightly_injured
2019,7,Wed,4,52.52882,13.45794,afternoon,14,daylight,0,dry,0,5,3,1,0,0,0,0,1,3,slightly_injured
2019,7,Wed,4,52.54365,13.37417,afternoon,14,daylight,0,dry,0,2,7,1,1,0,0,0,0,3,slightly_injured
2019,7,Wed,4,52.55285,13.30495,afternoon,13,daylight,0,dry,0,3,6,0,1,0,0,0,0,3,slightly_injured
2019,7,Wed,4,52.61175,13.23637,afternoon,13,daylight,0,dry,0,1,5,0,1,0,0,0,0,3,slightly_injured
2019,7,Wed,4,52.47486,13.42736,morning,11,daylight,0,dry,0,2,6,0,1,0,0,1,0,3,slightly_injured
2019,7,Wed,4,52.45082,13.53954,morning,10,daylight,0,dry,0,6,4,0,1,1,0,0,0,2,seriously_injured
2019,7,Wed,4,52.56597,13.42086,morning,7,daylight,0,dry,0,1,5,0,1,0,0,0,1,3,slightly_injured
2019,7,Wed,4,52.57928,13.4447,morning,10,daylight,0,dry,0,2,6,0,1,0,0,0,0,3,slightly_injured
2019,7,Wed,4,52.55394,13.41361,morning,9,daylight,0,dry,0,3,6,0,1,0,1,0,0,3,slightly_injured
2019,7,Wed,4,52.52857,13.37863,morning,10,daylight,0,dry,0,5,3,0,1,0,1,0,0,3,slightly_injured
2019,7,Sat,7,52.48208,13.43951,night,3,dark,2,dry,0,2,6,1,1,0,0,0,0,3,slightly_injured
2019,7,Sat,7,52.49213,13.39237,night,3,dark,2,dry,0,0,1,0,0,0,1,0,0,2,seriously_injured
2019,7,Sat,7,52.53371,13.26646,night,2,dark,2,dry,0,0,1,0,1,0,0,0,0,2,seriously_injured
2019,7,Fri,6,52.50646,13.34459,evening,22,dark,2,dry,0,5,3,1,0,0,0,0,0,2,seriously_injured
2019,7,Sat,7,52.5194,13.32657,afternoon,14,daylight,0,dry,0,5,2,1,1,0,0,0,0,3,slightly_injured
2019,7,Sat,7,52.50986,13.30328,afternoon,14,daylight,0,dry,0,3,6,1,1,0,0,0,0,2,seriously_injured
2019,7,Sat,7,52.53589,13.35638,afternoon,13,daylight,0,dry,0,0,2,0,1,0,1,0,0,3,slightly_injured
2019,7,Sat,7,52.49099,13.44179,evening,22,dark,2,dry,0,6,4,1,0,1,0,0,0,3,slightly_injured
2019,7,Sat,7,52.51216,13.39048,afternoon,13,daylight,0,dry,0,0,7,0,1,1,0,0,1,2,seriously_injured
2019,7,Sat,7,52.53194,13.3432,afternoon,12,daylight,0,dry,0,2,2,1,1,0,0,0,0,2,seriously_injured
2019,7,Sat,7,52.51014,13.43017,evening,21,dusk,1,dry,0,5,2,1,1,0,0,0,0,3,slightly_injured
2019,7,Sat,7,52.5217,13.18883,afternoon,12,daylight,0,dry,0,5,2,0,1,0,0,0,0,2,seriously_injured
2019,7,Sat,7,52.61387,13.31621,afternoon,12,daylight,0,dry,0,5,2,1,1,0,0,0,0,3,slightly_injured
2019,7,Sat,7,52.46928,13.23725,afternoon,12,daylight,0,dry,0,5,2,1,1,0,0,0,0,3,slightly_injured
2019,7,Sat,7,52.57363,13.34358,afternoon,12,daylight,0,dry,0,4,5,0,1,0,0,0,1,3,slightly_injured
2019,7,Sat,7,52.51887,13.56402,evening,19,daylight,0,dry,0,3,6,0,1,0,1,0,0,3,slightly_injured
2019,7,Sat,7,52.42564,13.47668,morning,11,daylight,0,dry,0,0,1,0,0,0,1,0,0,3,slightly_injured
2019,7,Sat,7,52.53184,13.39063,morning,11,daylight,0,dry,0,1,5,1,0,0,0,0,1,3,slightly_injured
2019,7,Sat,7,52.55636,13.4292,morning,11,daylight,0,dry,0,5,2,0,1,0,0,0,0,3,slightly_injured
2019,7,Sat,7,52.47416,13.48397,morning,11,daylight,0,dry,0,5,3,0,1,0,0,0,0,3,slightly_injured
2019,7,Sat,7,52.50396,13.34579,morning,11,daylight,0,dry,0,5,3,1,1,0,0,0,0,2,seriously_injured
2019,7,Sat,7,52.47859,13.5247,morning,10,daylight,0,dry,0,5,3,1,0,0,0,0,1,3,slightly_injured
2019,7,Sat,7,52.42581,13.5454,morning,8,daylight,0,dry,0,0,6,0,0,0,1,0,1,3,slightly_injured
2019,7,Sat,7,52.51586,13.42642,night,4,dusk,1,dry,0,5,3,0,1,0,0,0,0,3,slightly_injured
2019,7,Fri,6,52.52523,13.27912,morning,7,daylight,0,dry,0,3,6,1,0,0,0,0,1,3,slightly_injured
2019,7,Fri,6,52.4525,13.5089,morning,6,daylight,0,dry,0,3,6,1,0,0,0,0,1,3,slightly_injured
2019,7,Fri,6,52.5643,13.50764,afternoon,16,daylight,0,dry,0,5,2,1,1,0,0,0,0,3,slightly_injured
2019,7,Fri,6,52.58518,13.39022,afternoon,16,daylight,0,dry,0,5,3,1,1,0,0,0,0,3,slightly_injured
2019,7,Fri,6,52.45239,13.33316,afternoon,15,daylight,0,dry,0,2,6,0,1,0,1,0,0,3,slightly_injured
2019,7,Fri,6,52.48173,13.53351,afternoon,15,daylight,0,dry,0,0,1,0,0,0,0,0,1,2,seriously_injured
2019,7,Fri,6,52.43429,13.26009,afternoon,15,daylight,0,dry,0,5,7,0,0,0,1,0,1,2,seriously_injured
2019,7,Fri,6,52.49571,13.43689,afternoon,15,daylight,0,dry,0,5,3,1,0,0,0,0,1,2,seriously_injured
2019,7,Fri,6,52.50209,13.34879,afternoon,13,daylight,0,dry,0,2,6,0,1,0,0,0,1,3,slightly_injured
2019,7,Fri,6,52.56322,13.47699,afternoon,13,daylight,0,dry,0,5,3,0,1,0,0,0,0,3,slightly_injured
2019,7,Fri,6,52.53872,13.3261,afternoon,13,daylight,0,dry,0,2,6,0,1,0,1,0,0,3,slightly_injured
2019,7,Fri,6,52.45387,13.50623,afternoon,13,daylight,0,dry,0,5,2,1,1,0,0,0,0,3,slightly_injured
2019,7,Fri,6,52.44018,13.43492,afternoon,12,daylight,0,dry,0,2,6,0,1,0,0,0,0,2,seriously_injured
2019,7,Fri,6,52.48835,13.40776,afternoon,12,daylight,0,dry,0,0,7,1,0,0,0,0,0,3,slightly_injured
2019,7,Fri,6,52.50982,13.28627,morning,11,daylight,0,dry,0,6,7,0,1,1,0,0,0,3,slightly_injured
2019,7,Fri,6,52.41397,13.39892,morning,11,daylight,0,dry,0,3,6,0,1,0,1,0,0,3,slightly_injured
2019,7,Fri,6,52.50652,13.43018,morning,10,daylight,0,dry,0,5,2,1,0,0,0,1,0,3,slightly_injured
2019,7,Fri,6,52.53087,13.456,evening,22,dark,2,dry,0,5,3,1,1,0,0,0,0,3,slightly_injured
2019,7,Fri,6,52.4698,13.3721,evening,21,dark,2,dry,0,5,2,0,1,0,0,0,0,3,slightly_injured
2019,7,Fri,6,52.49393,13.45423,evening,21,dusk,1,dry,0,5,3,1,1,0,0,0,0,2,seriously_injured
2019,7,Fri,6,52.51016,13.43014,evening,20,daylight,0,dry,0,5,3,1,1,0,0,0,0,3,slightly_injured
2019,7,Fri,6,52.47156,13.38559,evening,19,daylight,0,dry,0,5,2,0,1,0,0,0,0,3,slightly_injured
2019,7,Fri,6,52.5005,13.31116,night,1,dark,2,dry,0,5,3,0,1,0,0,0,0,3,slightly_injured
2019,7,Fri,6,52.42973,13.45418,evening,19,daylight,0,dry,0,5,7,1,1,0,0,0,0,3,slightly_injured
2019,7,Fri,6,52.482,13.52556,morning,10,daylight,0,dry,0,6,4,0,1,1,0,0,0,3,slightly_injured
2019,7,Fri,6,52.53066,13.19653,morning,9,daylight,0,dry,0,0,6,0,0,0,0,0,1,3,slightly_injured
2019,7,Fri,6,52.53344,13.485,morning,9,daylight,0,dry,0,5,2,1,1,0,0,0,0,3,slightly_injured
2019,7,Fri,6,52.52249,13.3878,morning,9,daylight,0,dry,0,5,3,0,1,0,0,0,1,3,slightly_injured
2019,7,Fri,6,52.54233,13.35685,morning,8,daylight,0,dry,0,5,3,1,1,0,0,0,0,2,seriously_injured
2019,7,Fri,6,52.4692,13.33025,morning,8,daylight,0,dry,0,4,6,1,1,0,0,0,0,3,slightly_injured
2019,7,Fri,6,52.50081,13.49709,morning,7,daylight,0,dry,0,5,3,1,1,0,0,0,0,3,slightly_injured
2019,7,Fri,6,52.46195,13.57713,morning,6,daylight,0,dry,0,1,1,0,1,0,0,0,0,3,slightly_injured
2019,7,Fri,6,52.50048,13.4663,morning,6,daylight,0,dry,0,5,2,1,1,0,0,0,0,3,slightly_injured
2019,7,Fri,6,52.51681,13.3858,afternoon,15,daylight,0,dry,0,3,6,0,1,0,0,0,1,3,slightly_injured
2019,7,Thu,5,52.4213,13.42715,morning,11,daylight,0,dry,0,0,3,1,1,0,0,0,0,3,slightly_injured
2019,7,Thu,5,52.46987,13.4637,evening,21,dark,2,dry,0,9,1,0,0,0,1,0,0,2,seriously_injured
2019,7,Thu,5,52.51876,13.40794,evening,21,daylight,0,dry,0,6,4,1,0,1,0,0,0,3,slightly_injured