ujahr,umonat,weekday,uwochentag,long,lat,time_of_day,ustunde,light_condition,ulichtverh,street_condition,ustrzustand,uart,utyp1,ist_rad,ist_pkw,ist_fuss,ist_krad,ist_gkfz,ist_sonstige,ukategorie,accident_outcome
2019,7,Tue,3,52.47267,13.48081,afternoon,13,daylight,0,dry,0,3,1,1,0,0,0,0,1,3,slightly_injured
2019,7,Tue,3,52.45431,13.14423,afternoon,12,daylight,0,dry,0,2,2,1,1,0,0,0,0,3,slightly_injured
2019,7,Tue,3,52.47913,13.4455,evening,18,daylight,0,dry,0,2,6,0,1,0,0,0,0,3,slightly_injured
2019,7,Tue,3,52.45365,13.25032,evening,18,daylight,0,dry,0,5,2,1,1,0,0,0,0,3,slightly_injured
2019,7,Tue,3,52.51032,13.30182,evening,18,daylight,0,dry,0,3,6,0,1,0,0,0,0,3,slightly_injured
2019,7,Tue,3,52.43699,13.50677,afternoon,17,daylight,0,dry,0,2,7,0,1,0,1,0,0,3,slightly_injured
2019,7,Tue,3,52.42414,13.4394,afternoon,17,daylight,0,dry,0,5,3,1,0,0,0,0,1,3,slightly_injured
2019,7,Tue,3,52.44644,13.62173,morning,10,daylight,0,dry,0,1,5,0,1,0,1,0,0,2,seriously_injured
2019,7,Tue,3,52.55998,13.39648,morning,9,daylight,0,dry,0,1,5,1,0,0,0,1,0,3,slightly_injured
2019,7,Tue,3,52.43026,13.49356,afternoon,12,daylight,0,dry,0,5,2,0,1,0,0,0,1,3,slightly_injured
2019,7,Tue,3,52.50097,13.34615,afternoon,14,daylight,0,dry,0,6,2,0,0,1,0,1,0,1,killed
2019,7,Mon,2,52.51726,13.44068,afternoon,13,daylight,0,dry,0,5,2,1,0,0,0,0,1,3,slightly_injured
2019,7,Mon,2,52.4135,13.39999,afternoon,15,daylight,0,dry,0,0,7,1,0,0,0,0,0,3,slightly_injured
2019,7,Mon,2,52.48328,13.60205,afternoon,12,daylight,0,dry,0,0,1,1,0,0,0,0,0,3,slightly_injured
2019,7,Mon,2,52.55543,13.39158,evening,22,dark,2,dry,1,2,6,0,1,0,1,0,0,3,slightly_injured
2019,7,Mon,2,52.56538,13.40651,evening,21,dark,2,dry,1,0,2,0,1,0,1,0,0,3,slightly_injured
2019,7,Mon,2,52.50908,13.4596,evening,20,daylight,0,dry,1,1,1,0,1,0,1,0,0,3,slightly_injured
2019,7,Mon,2,52.53621,13.39115,evening,18,daylight,0,dry,1,5,2,1,0,0,0,0,1,3,slightly_injured
2019,7,Mon,2,52.50172,13.32179,evening,18,daylight,0,dry,1,0,6,0,1,0,1,0,0,3,slightly_injured
2019,7,Mon,2,52.44225,13.29464,evening,18,daylight,0,dry,1,0,5,1,1,0,0,0,0,3,slightly_injured
2019,7,Mon,2,52.54816,13.37497,evening,18,daylight,0,dry,1,2,6,0,1,0,0,0,0,3,slightly_injured
2019,7,Mon,2,52.52491,13.39318,afternoon,16,daylight,0,dry,0,2,6,0,1,0,0,0,0,3,slightly_injured
2019,7,Mon,2,52.54654,13.20902,afternoon,16,daylight,0,dry,0,5,7,1,1,0,0,0,0,3,slightly_injured
2019,7,Mon,2,52.46337,13.34204,evening,19,daylight,0,dry,1,2,6,0,1,0,0,0,0,3,slightly_injured
2019,7,Mon,2,52.51228,13.39251,afternoon,17,daylight,0,dry,1,1,5,1,1,0,0,0,0,3,slightly_injured
2019,7,Mon,2,52.47869,13.33271,afternoon,16,daylight,0,dry,0,5,2,0,1,0,1,0,0,3,slightly_injured
2019,7,Mon,2,52.5498,13.39186,afternoon,16,daylight,0,dry,0,5,2,1,1,0,0,0,0,3,slightly_injured
2019,7,Mon,2,52.56974,13.44221,evening,19,daylight,0,dry,1,0,7,0,1,0,0,0,0,3,slightly_injured
2019,7,Mon,2,52.47972,13.33278,afternoon,15,daylight,0,dry,0,5,3,1,1,0,0,0,0,2,seriously_injured
2019,7,Mon,2,52.53695,13.516,afternoon,15,daylight,0,dry,0,5,2,1,0,0,0,0,1,3,slightly_injured
2019,7,Mon,2,52.53216,13.38107,afternoon,15,daylight,0,dry,0,2,7,1,1,0,0,0,0,3,slightly_injured
2019,7,Mon,2,52.47697,13.3083,afternoon,14,daylight,0,dry,0,2,6,0,1,0,1,0,0,2,seriously_injured
2019,7,Mon,2,52.4557,13.55432,afternoon,15,daylight,0,dry,0,2,2,0,1,0,0,0,0,3,slightly_injured
2019,7,Mon,2,52.55379,13.15133,afternoon,14,daylight,0,dry,0,0,1,0,0,0,1,0,0,3,slightly_injured
2019,7,Mon,2,52.49931,13.31265,afternoon,14,daylight,0,dry,0,5,2,0,0,0,0,1,1,3,slightly_injured
2019,7,Mon,2,52.50697,13.46471,afternoon,14,daylight,0,dry,0,5,3,0,1,0,0,0,0,3,slightly_injured
2019,7,Mon,2,52.43152,13.54691,afternoon,13,daylight,0,dry,0,3,2,0,1,0,1,0,0,3,slightly_injured
2019,7,Mon,2,52.47646,13.36413,afternoon,12,daylight,0,dry,0,6,7,0,0,1,0,0,1,2,seriously_injured
2019,7,Mon,2,52.51884,13.2762,afternoon,12,daylight,0,dry,0,2,6,0,1,0,0,0,0,3,slightly_injured
2019,7,Mon,2,52.55257,13.3995,afternoon,12,daylight,0,dry,0,5,2,1,1,0,0,0,0,3,slightly_injured
2019,7,Mon,2,52.48503,13.38616,morning,11,daylight,0,dry,0,5,3,1,1,0,0,0,0,3,slightly_injured
2019,7,Mon,2,52.52071,13.58792,morning,11,daylight,0,dry,0,5,2,0,1,0,0,0,0,2,seriously_injured
2019,7,Mon,2,52.42157,13.53902,morning,9,daylight,0,dry,0,6,4,0,1,1,0,0,0,3,slightly_injured
2019,7,Mon,2,52.51702,13.44061,morning,9,daylight,0,dry,0,5,2,1,1,0,0,0,0,3,slightly_injured
2019,7,Mon,2,52.48135,13.31481,morning,9,daylight,0,dry,0,2,6,0,1,0,0,0,0,3,slightly_injured
2019,7,Mon,2,52.52644,13.20789,morning,11,daylight,0,dry,0,8,1,0,1,0,0,0,0,2,seriously_injured
2019,7,Mon,2,52.50572,13.43206,evening,18,daylight,0,dry,1,0,1,1,0,0,0,0,0,3,slightly_injured
2019,7,Mon,2,52.50453,13.39079,evening,19,daylight,0,dry,1,0,1,1,0,0,0,0,0,3,slightly_injured
2019,7,Mon,2,52.53823,13.32616,morning,8,daylight,0,dry,0,3,6,0,1,0,0,0,1,3,slightly_injured
2019,7,Mon,2,52.4719,13.42904,morning,7,daylight,0,dry,0,2,2,1,1,0,0,0,0,3,slightly_injured
2019,7,Mon,2,52.51077,13.45159,morning,6,daylight,0,dry,0,2,6,0,1,0,1,0,0,3,slightly_injured
2019,7,Sun,1,52.41804,13.30465,evening,20,daylight,0,dry,0,0,1,1,0,0,0,0,0,3,slightly_injured
2019,7,Sun,1,52.49433,13.33872,afternoon,14,daylight,0,dry,0,2,6,0,1,0,1,0,0,3,slightly_injured
2019,7,Sun,1,52.5392,13.2386,afternoon,13,daylight,0,dry,0,2,6,0,1,0,0,0,0,3,slightly_injured
2019,7,Sun,1,52.52044,13.39526,afternoon,17,daylight,0,dry,0,0,7,0,0,0,0,0,1,3,slightly_injured
2019,7,Sun,1,52.52167,13.40054,evening,22,dark,2,dry,0,0,4,0,0,1,1,0,0,3,slightly_injured
2019,7,Sun,1,52.46537,13.45455,evening,18,daylight,0,dry,0,0,1,1,0,0,0,0,0,3,slightly_injured
2019,7,Sun,1,52.43607,13.46588,afternoon,16,daylight,0,dry,0,5,7,0,1,0,0,0,0,3,slightly_injured
2019,7,Sun,1,52.5194,13.3755,afternoon,16,daylight,0,dry,0,1,5,0,1,0,0,0,1,3,slightly_injured
2019,7,Sun,1,52.46363,13.34821,afternoon,15,daylight,0,dry,0,2,6,0,1,0,1,0,0,2,seriously_injured
2019,7,Sun,1,52.52441,13.42229,afternoon,15,daylight,0,dry,0,0,1,0,0,0,0,0,1,3,slightly_injured
2019,7,Sun,1,52.4968,13.46617,morning,9,daylight,0,dry,0,5,2,1,0,0,0,0,1,3,slightly_injured
2019,7,Sat,7,52.50238,13.41316,morning,10,daylight,0,dry,0,0,1,1,0,0,0,0,0,3,slightly_injured
2019,7,Sat,7,52.52349,13.43671,afternoon,17,daylight,0,dry,0,0,3,1,1,0,0,0,0,3,slightly_injured
2019,7,Sat,7,52.47934,13.44507,evening,23,dark,2,dry,0,0,7,1,0,0,0,0,1,3,slightly_injured
2019,7,Sat,7,52.43591,13.25596,evening,18,daylight,0,dry,0,5,3,1,1,0,0,0,0,3,slightly_injured
2019,7,Sat,7,52.49234,13.43156,evening,18,daylight,0,dry,0,0,6,0,1,0,1,0,0,3,slightly_injured
2019,7,Sat,7,52.54113,13.3343,afternoon,17,daylight,0,dry,0,2,6,0,1,0,0,0,0,3,slightly_injured
2019,7,Sat,7,52.49794,13.33642,afternoon,16,daylight,0,dry,0,2,6,0,1,0,0,0,0,3,slightly_injured
2019,7,Sat,7,52.50798,13.30202,afternoon,16,daylight,0,dry,0,5,2,0,1,0,0,0,0,3,slightly_injured
2019,7,Sat,7,52.56071,13.38794,afternoon,16,daylight,0,dry,0,5,2,1,1,0,0,0,0,3,slightly_injured
2019,7,Sat,7,52.44977,13.25073,afternoon,15,daylight,0,dry,0,6,4,0,1,1,0,0,0,2,seriously_injured
2019,7,Sat,7,52.48649,13.42936,evening,23,dark,2,dry,0,0,6,0,0,0,1,0,0,3,slightly_injured
2019,8,Wed,4,52.51688,13.34436,morning,7,daylight,0,dry,0,6,4,0,1,1,0,0,0,3,slightly_injured
2019,8,Wed,4,52.5154,13.18465,morning,6,daylight,0,dry,0,5,2,0,1,0,0,0,0,3,slightly_injured
2019,8,Wed,4,52.44671,13.62264,morning,7,daylight,0,dry,0,6,7,0,0,1,0,0,1,2,seriously_injured
2019,8,Wed,4,52.57316,13.21749,morning,7,daylight,0,dry,0,0,1,1,0,0,0,0,0,3,slightly_injured
2019,8,Tue,3,52.5508,13.41071,evening,18,daylight,0,dry,0,0,5,1,1,0,0,0,0,3,slightly_injured
2019,8,Tue,3,52.52343,13.36058,afternoon,17,daylight,0,dry,0,6,7,0,0,1,0,0,1,2,seriously_injured
2019,8,Tue,3,52.51898,13.40034,afternoon,13,daylight,0,dry,0,6,4,1,0,1,0,0,0,3,slightly_injured
2019,8,Tue,3,52.53966,13.41086,evening,18,daylight,0,dry,0,1,5,1,1,0,0,0,1,3,slightly_injured
2019,8,Tue,3,52.45724,13.53409,afternoon,16,daylight,0,dry,0,6,4,0,0,1,1,0,0,2,seriously_injured
2019,8,Tue,3,52.54562,13.44464,afternoon,16,daylight,0,dry,0,5,2,1,1,0,0,0,0,3,slightly_injured
2019,8,Tue,3,52.524,13.32881,afternoon,15,daylight,0,dry,0,2,6,0,1,0,0,0,0,3,slightly_injured
2019,8,Tue,3,52.4861,13.4469,evening,18,dusk,1,dry,0,1,5,1,1,0,0,0,0,3,slightly_injured
2019,8,Tue,3,52.46859,13.38552,evening,18,daylight,0,dry,0,6,2,0,1,1,0,0,0,3,slightly_injured
2019,8,Tue,3,52.49875,13.34593,evening,18,daylight,0,dry,0,6,4,0,1,1,0,0,0,3,slightly_injured
2019,8,Tue,3,52.48935,13.59807,evening,18,daylight,0,dry,0,1,5,1,1,0,0,0,0,3,slightly_injured
2019,8,Tue,3,52.54099,13.42507,afternoon,17,daylight,0,dry,0,3,6,1,0,0,0,0,0,3,slightly_injured
2019,8,Tue,3,52.46508,13.44279,afternoon,17,daylight,0,dry,0,5,2,1,1,0,0,0,0,3,slightly_injured
2019,8,Tue,3,52.51322,13.46227,afternoon,17,daylight,0,dry,0,5,2,1,1,0,0,0,0,3,slightly_injured
2019,8,Tue,3,52.46896,13.32843,afternoon,17,daylight,0,dry,0,2,2,1,1,0,0,0,0,3,slightly_injured
2019,8,Tue,3,52.45943,13.38163,afternoon,17,daylight,0,dry,0,0,1,0,0,0,0,0,1,2,seriously_injured
2019,8,Tue,3,52.52577,13.41097,morning,8,daylight,0,dry,0,0,6,1,0,0,0,0,0,3,slightly_injured
2019,8,Tue,3,52.50229,13.45111,afternoon,12,daylight,0,dry,0,0,7,0,0,0,1,0,0,3,slightly_injured
2019,8,Tue,3,52.50999,13.40054,afternoon,16,daylight,0,dry,0,5,3,1,1,0,1,0,0,3,slightly_injured
2019,8,Tue,3,52.46637,13.37807,afternoon,15,daylight,0,dry,0,5,2,0,1,0,1,0,0,3,slightly_injured
2019,8,Tue,3,52.47158,13.47859,afternoon,15,daylight,0,dry,0,2,1,0,1,0,0,0,0,3,slightly_injured
2019,8,Tue,3,52.50683,13.29276,afternoon,14,daylight,0,dry,0,5,3,0,1,0,1,0,0,3,slightly_injured
2019,8,Tue,3,52.5521,13.24915,afternoon,14,daylight,0,dry,0,2,6,0,1,0,0,0,0,3,slightly_injured
2019,8,Tue,3,52.51318,13.19683,afternoon,13,daylight,0,dry,0,2,6,0,1,0,0,0,0,3,slightly_injured
2019,8,Tue,3,52.49082,13.3307,afternoon,13,daylight,0,dry,0,5,2,1,0,0,0,1,0,3,slightly_injured
2019,8,Tue,3,52.54945,13.46143,afternoon,16,daylight,0,dry,0,3,6,1,1,0,0,0,0,3,slightly_injured
2019,8,Tue,3,52.48727,13.33079,afternoon,15,daylight,0,dry,0,5,2,0,1,0,0,0,0,2,seriously_injured
2019,8,Tue,3,52.46007,13.58079,afternoon,12,daylight,0,dry,0,5,7,0,1,0,0,0,1,3,slightly_injured
2019,8,Tue,3,52.4186,13.41804,afternoon,15,daylight,0,dry,0,1,5,0,1,0,0,0,0,3,slightly_injured
2019,8,Tue,3,52.45379,13.62507,afternoon,12,daylight,0,dry,0,1,5,1,0,0,0,0,1,3,slightly_injured
2019,8,Tue,3,52.51524,13.41803,morning,11,daylight,0,dry,0,3,7,1,1,0,0,0,0,3,slightly_injured
2019,8,Tue,3,52.50355,13.3632,morning,8,daylight,0,dry,0,2,6,1,1,0,0,0,0,3,slightly_injured
2019,8,Tue,3,52.52556,13.17851,morning,8,daylight,0,dry,0,5,7,0,1,0,1,0,0,3,slightly_injured
2019,8,Tue,3,52.54271,13.5497,morning,11,daylight,0,dry,0,2,6,0,1,0,0,1,0,3,slightly_injured
2019,8,Tue,3,52.55468,13.39913,morning,6,daylight,0,dry,0,0,7,1,0,0,0,0,0,2,seriously_injured
2019,8,Tue,3,52.51102,13.17166,morning,10,daylight,0,dry,0,0,2,1,1,0,0,0,0,3,slightly_injured
2019,8,Tue,3,52.54212,13.33651,morning,6,daylight,0,dry,0,5,2,1,1,0,0,0,0,3,slightly_injured
2019,8,Tue,3,52.48026,13.44287,night,1,dark,2,dry,0,6,7,0,0,1,0,0,1,3,slightly_injured
2019,8,Tue,3,52.44306,13.479,morning,9,daylight,0,dry,0,5,3,1,1,0,0,0,0,3,slightly_injured
2019,8,Tue,3,52.54037,13.58449,morning,9,daylight,0,dry,1,0,7,0,1,0,1,0,0,3,slightly_injured
2019,8,Tue,3,52.48136,13.44096,morning,9,daylight,0,dry,0,5,2,1,1,0,0,0,0,3,slightly_injured
2019,8,Tue,3,52.51955,13.42864,morning,8,daylight,0,dry,0,5,3,0,1,0,1,0,0,3,slightly_injured
2019,8,Mon,2,52.52063,13.16921,evening,20,daylight,0,dry,0,2,2,1,0,0,0,0,0,3,slightly_injured
2019,8,Mon,2,52.46722,13.33091,afternoon,12,daylight,0,dry,0,2,7,1,1,0,0,0,0,3,slightly_injured
2019,8,Mon,2,52.51855,13.27692,afternoon,15,dark,2,dry,0,2,6,0,1,0,0,0,0,3,slightly_injured
2019,8,Mon,2,52.43204,13.46005,evening,20,daylight,0,dry,0,5,2,1,0,0,0,1,0,3,slightly_injured
2019,8,Mon,2,52.53158,13.46927,evening,19,daylight,0,dry,0,6,4,1,0,1,0,0,0,3,slightly_injured
2019,8,Mon,2,52.53953,13.61988,evening,18,daylight,0,dry,0,5,2,1,1,0,0,0,0,3,slightly_injured
2019,8,Mon,2,52.43909,13.40939,evening,18,daylight,0,dry,0,5,5,0,1,0,0,0,0,2,seriously_injured
2019,8,Mon,2,52.53205,13.39257,evening,20,dusk,1,dry,0,1,5,1,0,0,0,0,1,2,seriously_injured
2019,8,Mon,2,52.54098,13.48655,afternoon,15,daylight,0,dry,0,0,2,0,1,0,1,0,0,3,slightly_injured
2019,8,Mon,2,52.52678,13.21582,evening,18,daylight,0,dry,0,5,2,1,1,0,0,0,0,3,slightly_injured
2019,8,Mon,2,52.51042,13.40118,afternoon,17,daylight,0,dry,0,5,2,0,1,0,1,0,0,3,slightly_injured
2019,8,Mon,2,52.49395,13.36297,afternoon,13,daylight,0,dry,0,6,7,1,0,1,0,0,0,3,slightly_injured
2019,8,Mon,2,52.49917,13.38887,afternoon,13,daylight,0,dry,0,2,6,1,0,0,0,0,0,3,slightly_injured
2019,8,Mon,2,52.48222,13.29001,afternoon,13,daylight,0,dry,0,5,3,0,1,0,0,0,0,3,slightly_injured
2019,8,Mon,2,52.4887,13.37436,afternoon,17,daylight,0,dry,0,0,2,0,1,0,1,0,0,3,slightly_injured
2019,8,Mon,2,52.52812,13.12482,afternoon,16,daylight,0,dry,0,0,2,1,1,0,0,0,0,3,slightly_injured
2019,8,Mon,2,52.49315,13.49076,afternoon,16,daylight,0,dry,0,0,7,1,0,0,0,0,0,2,seriously_injured
2019,8,Mon,2,52.60404,13.31082,afternoon,16,daylight,0,dry,0,5,3,1,1,0,0,0,0,3,slightly_injured
2019,8,Mon,2,52.52454,13.17602,afternoon,16,daylight,0,dry,0,0,4,0,0,1,0,0,1,3,slightly_injured
2019,8,Mon,2,52.53689,13.18963,afternoon,15,daylight,0,dry,0,2,2,0,1,0,0,0,1,3,slightly_injured
2019,8,Mon,2,52.56649,13.56206,afternoon,15,daylight,0,dry,0,5,3,0,1,0,1,0,0,2,seriously_injured
2019,8,Mon,2,52.5691,13.32977,afternoon,15,daylight,0,dry,0,6,2,0,1,1,0,0,0,3,slightly_injured
2019,8,Mon,2,52.52026,13.47718,afternoon,14,daylight,0,dry,0,0,2,1,0,0,0,0,1,3,slightly_injured
2019,8,Mon,2,52.52999,13.38378,afternoon,14,daylight,0,dry,0,3,5,1,1,0,0,0,0,3,slightly_injured
2019,8,Mon,2,52.44174,13.31587,afternoon,15,daylight,0,dry,0,5,3,0,1,0,0,0,0,3,slightly_injured
2019,8,Mon,2,52.48001,13.31333,morning,10,daylight,0,dry,0,5,3,1,1,0,0,0,0,3,slightly_injured
2019,8,Mon,2,52.56489,13.3245,morning,10,daylight,0,dry,0,5,2,1,1,0,0,0,0,3,slightly_injured
2019,8,Mon,2,52.60473,13.43234,morning,9,daylight,0,dry,0,6,3,0,1,1,0,0,0,3,slightly_injured
2019,8,Mon,2,52.51071,13.53255,afternoon,12,daylight,0,dry,0,5,3,1,1,0,0,0,0,2,seriously_injured
2019,8,Mon,2,52.50334,13.43037,afternoon,12,daylight,0,dry,0,0,1,1,0,0,0,0,0,3,slightly_injured
2019,8,Mon,2,52.40398,13.69988,morning,10,daylight,0,dry,0,5,5,0,1,0,0,0,0,3,slightly_injured
2019,8,Mon,2,52.52741,13.41589,morning,8,daylight,0,dry,0,2,6,0,1,0,1,0,0,3,slightly_injured
2019,8,Mon,2,52.49932,13.35297,morning,8,daylight,0,dry,0,5,3,1,1,0,0,0,0,3,slightly_injured
2019,8,Mon,2,52.48645,13.35833,morning,8,daylight,0,dry,0,3,6,1,1,0,0,0,0,3,slightly_injured
2019,8,Mon,2,52.53621,13.39115,morning,7,daylight,0,dry,0,5,3,0,1,0,0,0,0,3,slightly_injured
2019,8,Sun,1,52.4969,13.30789,afternoon,14,daylight,0,dry,0,0,6,0,1,0,1,0,0,3,slightly_injured
2019,8,Sun,1,52.44072,13.47557,morning,10,daylight,0,dry,0,0,6,1,1,0,0,0,0,3,slightly_injured
2019,8,Sun,1,52.47361,13.41949,evening,22,dark,2,dry,0,5,2,1,1,0,0,0,0,3,slightly_injured
2019,8,Sun,1,52.48648,13.42415,evening,21,dark,2,dry,0,0,1,0,0,0,1,0,0,3,slightly_injured
2019,8,Sun,1,52.4923,13.37957,afternoon,14,daylight,0,dry,0,5,3,1,1,0,0,0,0,3,slightly_injured
2019,8,Sun,1,52.57586,13.32267,afternoon,14,daylight,0,dry,0,1,5,0,1,0,0,0,0,3,slightly_injured
2019,8,Sun,1,52.45156,13.26227,afternoon,13,daylight,0,dry,0,0,1,1,0,0,0,0,0,3,slightly_injured
2019,8,Sun,1,52.51618,13.25984,afternoon,13,daylight,0,dry,0,5,3,0,1,0,1,0,0,3,slightly_injured
2019,8,Sun,1,52.42784,13.32621,afternoon,13,daylight,0,dry,0,2,6,0,1,0,1,0,0,3,slightly_injured
2019,8,Sun,1,52.48024,13.42111,afternoon,13,daylight,0,dry,0,5,2,0,1,0,0,0,0,3,slightly_injured
2019,8,Sun,1,52.54716,13.43896,afternoon,12,daylight,0,dry,0,0,1,1,0,0,0,0,0,3,slightly_injured
2019,8,Sun,1,52.50247,13.4325,afternoon,12,daylight,0,dry,0,5,3,0,1,0,0,0,0,3,slightly_injured
2019,8,Sun,1,52.49584,13.28436,afternoon,12,daylight,0,dry,0,2,6,0,1,0,1,0,0,3,slightly_injured
2019,8,Sun,1,52.5524,13.38096,afternoon,12,daylight,0,dry,0,2,6,0,1,0,0,0,0,3,slightly_injured
2019,8,Sun,1,52.44678,13.62612,evening,20,daylight,0,dry,0,2,5,0,1,0,0,0,0,3,slightly_injured
2019,8,Sun,1,52.5025,13.48672,evening,20,dusk,1,dry,0,5,2,1,1,0,0,0,0,2,seriously_injured
2019,8,Sun,1,52.52112,13.33402,evening,19,daylight,0,dry,0,5,2,1,1,0,0,0,0,3,slightly_injured
2019,8,Sun,1,52.43862,13.56475,evening,18,daylight,0,dry,0,5,2,1,1,0,0,0,0,3,slightly_injured
2019,8,Sun,1,52.48539,13.42903,evening,18,daylight,0,dry,0,5,3,0,1,0,1,0,0,3,slightly_injured
2019,8,Sun,1,52.50865,13.61307,afternoon,17,daylight,0,dry,0,5,3,0,1,0,0,0,0,3,slightly_injured
2019,8,Sun,1,52.63015,13.28058,afternoon,17,daylight,0,dry,0,5,3,0,1,0,1,0,0,3,slightly_injured
2019,8,Sun,1,52.54753,13.1846,afternoon,15,daylight,0,dry,0,5,2,0,1,0,0,0,0,2,seriously_injured
2019,8,Sun,1,52.59637,13.35036,afternoon,15,daylight,0,dry,0,2,6,0,1,0,0,0,1,3,slightly_injured
2019,8,Sun,1,52.43062,13.26583,afternoon,15,daylight,0,dry,0,0,7,1,0,0,0,0,0,3,slightly_injured
2019,8,Sun,1,52.42593,13.43527,afternoon,14,daylight,0,dry,0,0,7,0,1,0,1,0,0,3,slightly_injured
2019,8,Sun,1,52.54143,13.35319,morning,10,daylight,0,dry,0,1,5,1,1,0,0,0,0,3,slightly_injured
2019,8,Sun,1,52.44764,13.55431,morning,8,daylight,0,dry,0,5,3,0,1,0,0,0,1,3,slightly_injured
2019,8,Wed,4,52.55417,13.14928,morning,7,daylight,0,dry,0,5,2,0,1,0,1,0,0,3,slightly_injured
2019,8,Sun,1,52.53478,13.19977,morning,8,daylight,0,dry,0,6,2,0,1,1,0,0,0,3,slightly_injured
2019,8,Sun,1,52.59674,13.40254,night,1,dark,2,dry,0,1,5,1,1,0,0,0,0,3,slightly_injured
2019,8,Sat,7,52.56637,13.47019,afternoon,17,daylight,0,dry,0,0,7,0,0,0,0,0,1,1,killed
2019,8,Sat,7,52.54738,13.40983,afternoon,12,daylight,0,dry,0,0,4,1,0,1,0,0,0,3,slightly_injured
2019,8,Sat,7,52.56498,13.39422,afternoon,13,daylight,0,dry,0,5,2,1,1,0,0,0,0,3,slightly_injured
2019,8,Sat,7,52.50545,13.32989,afternoon,13,daylight,0,dry,0,5,3,0,1,0,1,0,0,3,slightly_injured
2019,8,Sat,7,52.54854,13.50792,afternoon,12,daylight,0,dry,0,2,6,0,1,0,0,0,0,3,slightly_injured
2019,8,Sat,7,52.61151,13.47543,afternoon,12,daylight,0,dry,0,5,3,0,1,0,0,0,0,3,slightly_injured
2019,8,Sat,7,52.46237,13.51405,afternoon,12,daylight,0,dry,0,5,3,0,1,0,0,0,0,3,slightly_injured
2019,8,Sat,7,52.46843,13.30175,morning,11,daylight,0,dry,0,5,3,1,1,0,0,0,0,3,slightly_injured
2019,8,Sat,7,52.56155,13.20854,morning,11,daylight,0,dry,0,5,2,1,1,0,0,0,0,2,seriously_injured
2019,8,Sat,7,52.42564,13.3278,morning,11,daylight,0,dry,0,2,2,0,1,0,0,0,0,3,slightly_injured
2019,8,Sat,7,52.39439,13.57347,morning,11,daylight,0,dry,0,5,3,0,1,0,0,0,0,2,seriously_injured
2019,8,Sat,7,52.53308,13.15575,morning,11,daylight,0,dry,0,5,3,1,1,0,0,0,0,3,slightly_injured
2019,8,Sat,7,52.45131,13.4885,morning,9,daylight,0,dry,0,2,2,0,1,0,0,0,0,3,slightly_injured
2019,8,Sat,7,52.51563,13.38903,morning,9,daylight,0,dry,0,5,3,0,1,0,0,0,0,3,slightly_injured
2019,8,Sat,7,52.60943,13.32926,night,0,dark,2,dry,1,4,6,0,1,0,0,0,0,3,slightly_injured
2019,8,Sat,7,52.54793,13.25898,evening,19,daylight,0,dry,0,2,6,0,1,0,0,0,0,3,slightly_injured
2019,8,Sat,7,52.47885,13.32824,evening,18,daylight,0,dry,0,2,6,0,1,0,0,0,0,3,slightly_injured
2019,8,Sat,7,52.54297,13.42647,afternoon,17,daylight,0,dry,0,2,2,0,1,0,0,0,0,3,slightly_injured
2019,8,Sat,7,52.48848,13.30199,afternoon,17,daylight,0,dry,0,0,1,0,0,0,1,0,0,3,slightly_injured
2019,8,Sat,7,52.55746,13.36045,afternoon,16,daylight,0,dry,0,4,6,0,1,0,0,0,0,3,slightly_injured
2019,8,Sat,7,52.4572,13.53267,afternoon,16,daylight,0,dry,0,5,3,1,1,0,0,0,0,3,slightly_injured
2019,8,Sat,7,52.53837,13.32611,afternoon,15,daylight,0,dry,0,5,2,0,1,0,0,0,0,3,slightly_injured
2019,8,Sat,7,52.50209,13.40258,evening,23,dark,2,dry,0,5,3,0,1,0,0,0,0,3,slightly_injured
2019,8,Sat,7,52.38221,13.40925,evening,20,daylight,0,dry,0,5,3,0,1,0,0,0,0,3,slightly_injured
2019,8,Sat,7,52.54137,13.40818,night,3,dark,2,dry,0,0,1,0,0,0,1,0,0,3,slightly_injured
2019,8,Fri,6,52.5306,13.38313,afternoon,17,daylight,0,dry,0,5,2,1,1,0,0,0,0,3,slightly_injured
2019,8,Fri,6,52.5069,13.37915,afternoon,16,daylight,0,dry,0,0,4,1,0,1,0,0,0,3,slightly_injured
2019,8,Fri,6,52.48886,13.40043,evening,19,daylight,0,dry,0,1,7,0,1,0,0,0,0,3,slightly_injured
2019,8,Fri,6,52.50645,13.33164,evening,21,dark,2,dry,0,3,6,1,1,0,0,0,0,3,slightly_injured
2019,8,Fri,6,52.56419,13.32728,afternoon,17,daylight,0,dry,0,2,6,1,1,0,0,0,0,3,slightly_injured
2019,8,Fri,6,52.48121,13.42833,evening,22,dark,2,dry,0,1,5,1,1,0,0,0,0,3,slightly_injured
2019,8,Fri,6,52.50393,13.39581,afternoon,17,daylight,0,dry,0,1,5,1,1,0,0,0,0,3,slightly_injured
2019,8,Fri,6,52.50353,13.4111,evening,20,daylight,0,dry,0,5,3,0,1,0,1,0,0,3,slightly_injured
2019,8,Fri,6,52.48603,13.42434,afternoon,17,daylight,0,dry,0,3,6,1,1,0,0,0,0,3,slightly_injured
2019,8,Fri,6,52.40309,13.56802,evening,19,daylight,0,dry,0,5,3,1,0,0,0,0,1,3,slightly_injured
2019,8,Fri,6,52.55347,13.4185,evening,18,daylight,0,dry,0,5,7,0,1,0,0,0,0,3,slightly_injured
2019,8,Fri,6,52.42494,13.31566,evening,21,dark,2,dry,0,1,7,0,1,0,0,0,0,3,slightly_injured
2019,8,Fri,6,52.48357,13.29831,afternoon,17,daylight,0,dry,0,1,5,1,1,0,0,0,0,2,seriously_injured
2019,8,Fri,6,52.50237,13.29695,evening,19,daylight,0,dry,0,0,1,0,0,0,1,0,0,2,seriously_injured
2019,8,Fri,6,52.48188,13.42487,evening,18,daylight,0,dry,0,0,7,0,1,0,1,0,0,3,slightly_injured