ujahr,umonat,weekday,uwochentag,long,lat,time_of_day,ustunde,light_condition,ulichtverh,street_condition,ustrzustand,uart,utyp1,ist_rad,ist_pkw,ist_fuss,ist_krad,ist_gkfz,ist_sonstige,ukategorie,accident_outcome
2019,8,Wed,4,52.45768,13.29037,afternoon,14,daylight,0,dry,0,5,3,1,1,0,0,0,0,2,seriously_injured
2019,8,Wed,4,52.43229,13.53518,afternoon,14,daylight,0,dry,0,5,2,0,1,0,0,0,0,3,slightly_injured
2019,8,Wed,4,52.50101,13.38676,afternoon,12,daylight,0,dry,0,5,3,1,1,0,0,0,0,3,slightly_injured
2019,8,Wed,4,52.51301,13.28842,morning,11,daylight,0,dry,0,5,2,1,0,0,1,0,0,3,slightly_injured
2019,8,Wed,4,52.41756,13.44107,morning,10,daylight,0,dry,0,2,6,0,1,0,1,0,0,2,seriously_injured
2019,8,Wed,4,52.41074,13.58979,morning,9,daylight,0,dry,0,5,3,0,1,0,0,0,1,3,slightly_injured
2019,8,Wed,4,52.54764,13.31029,morning,9,daylight,0,dry,0,5,3,0,1,0,1,0,0,2,seriously_injured
2019,8,Wed,4,52.57228,13.56431,morning,9,daylight,0,dry,0,5,2,1,0,0,0,0,1,3,slightly_injured
2019,8,Tue,3,52.53375,13.60697,morning,11,daylight,0,dry,0,0,7,1,0,0,0,0,0,2,seriously_injured
2019,8,Tue,3,52.46039,13.38775,afternoon,15,daylight,0,dry,0,2,6,0,1,0,0,0,0,3,slightly_injured
2019,8,Tue,3,52.50183,13.34222,morning,8,daylight,0,dry,0,5,3,1,0,0,0,0,0,3,slightly_injured
2019,8,Tue,3,52.5692,13.33,evening,21,dark,2,dry,0,0,1,0,0,0,1,0,0,3,slightly_injured
2019,8,Tue,3,52.56565,13.4075,evening,20,dark,2,dry,0,2,6,1,0,0,0,0,0,3,slightly_injured
2019,8,Tue,3,52.5108,13.37672,evening,18,daylight,0,dry,0,5,3,1,0,0,0,0,0,3,slightly_injured
2019,8,Tue,3,52.44386,13.29995,afternoon,16,daylight,0,dry,0,5,3,0,1,0,0,0,0,3,slightly_injured
2019,8,Tue,3,52.42954,13.465,evening,19,daylight,0,dry,0,1,1,0,1,0,0,0,1,2,seriously_injured
2019,8,Tue,3,52.50337,13.39104,afternoon,16,daylight,0,dry,0,2,6,0,1,0,0,0,0,3,slightly_injured
2019,8,Tue,3,52.48147,13.43922,afternoon,16,daylight,0,dry,0,2,6,0,1,0,0,0,1,3,slightly_injured
2019,8,Tue,3,52.5921,13.34967,afternoon,15,daylight,0,dry,0,0,1,0,1,0,1,0,0,3,slightly_injured
2019,8,Tue,3,52.60787,13.23027,afternoon,15,daylight,0,dry,0,5,3,1,0,0,0,0,0,3,slightly_injured
2019,8,Tue,3,52.50712,13.3981,afternoon,14,daylight,0,dry,0,6,2,0,0,1,0,1,0,3,slightly_injured
2019,8,Tue,3,52.53442,13.29444,afternoon,14,daylight,0,dry,0,5,3,1,1,0,0,0,0,3,slightly_injured
2019,8,Tue,3,52.53906,13.3451,evening,18,daylight,0,dry,0,5,2,1,1,0,0,0,0,3,slightly_injured
2019,8,Tue,3,52.51104,13.38081,evening,18,daylight,0,dry,0,1,5,1,1,0,0,0,0,3,slightly_injured
2019,8,Tue,3,52.49958,13.41662,evening,18,daylight,0,dry,0,0,7,0,1,0,0,0,1,3,slightly_injured
2019,8,Tue,3,52.52359,13.35066,evening,18,daylight,0,dry,0,1,5,1,1,0,0,0,1,3,slightly_injured
2019,8,Tue,3,52.50643,13.33285,afternoon,16,daylight,0,dry,0,0,2,0,1,0,0,0,1,3,slightly_injured
2019,8,Tue,3,52.52717,13.41071,morning,9,daylight,0,dry,0,0,5,1,0,0,0,1,0,3,slightly_injured
2019,8,Tue,3,52.42292,13.4872,afternoon,17,daylight,0,dry,0,6,4,0,0,1,1,0,0,2,seriously_injured
2019,8,Tue,3,52.51649,13.35347,afternoon,17,daylight,0,dry,0,6,7,1,0,1,0,0,0,2,seriously_injured
2019,8,Tue,3,52.52624,13.24009,afternoon,15,daylight,0,dry,0,5,2,0,1,0,0,0,0,3,slightly_injured
2019,8,Tue,3,52.39216,13.57218,afternoon,15,daylight,0,dry,0,5,2,1,1,0,0,0,0,2,seriously_injured
2019,8,Tue,3,52.55733,13.36668,morning,10,daylight,0,dry,0,2,3,1,1,0,0,0,0,3,slightly_injured
2019,8,Tue,3,52.58505,13.42879,morning,10,daylight,0,dry,0,2,3,0,1,0,1,0,0,3,slightly_injured
2019,8,Tue,3,52.53387,13.42529,morning,9,daylight,0,dry,0,2,6,1,1,0,0,0,0,3,slightly_injured
2019,8,Tue,3,52.52421,13.14331,morning,9,daylight,0,dry,0,2,2,0,1,0,0,0,0,3,slightly_injured
2019,8,Tue,3,52.55036,13.29491,morning,8,daylight,0,dry,0,0,4,0,1,1,0,0,0,3,slightly_injured
2019,8,Tue,3,52.45532,13.40991,morning,9,daylight,0,dry,0,5,2,1,1,0,0,0,0,3,slightly_injured
2019,8,Tue,3,52.44653,13.59065,morning,9,daylight,0,dry,0,5,2,0,1,0,0,0,0,3,slightly_injured
2019,8,Tue,3,52.46889,13.51459,morning,7,daylight,0,dry,0,5,2,1,0,0,0,1,0,3,slightly_injured
2019,8,Tue,3,52.50207,13.44023,morning,7,daylight,0,dry,0,5,3,0,1,0,1,0,0,3,slightly_injured
2019,8,Tue,3,52.4122,13.3627,morning,8,daylight,0,dry,0,6,4,0,0,1,0,1,0,1,killed
2019,8,Mon,2,52.49123,13.41635,evening,18,daylight,0,dry,0,6,4,1,0,1,0,0,0,3,slightly_injured
2019,8,Mon,2,52.57119,13.43169,morning,10,daylight,0,dry,0,3,6,1,0,0,0,0,0,3,slightly_injured
2019,8,Mon,2,52.53294,13.33388,evening,18,daylight,0,dry,0,6,4,0,0,1,0,0,1,3,slightly_injured
2019,8,Mon,2,52.55316,13.47945,afternoon,13,daylight,0,dry,0,4,6,0,1,0,1,0,0,3,slightly_injured
2019,8,Mon,2,52.5866,13.42562,afternoon,17,daylight,0,dry,0,2,6,0,1,0,0,0,0,3,slightly_injured
2019,8,Mon,2,52.52856,13.57099,afternoon,17,daylight,0,dry,0,2,7,0,1,0,0,0,0,2,seriously_injured
2019,8,Mon,2,52.49405,13.30316,afternoon,17,daylight,0,dry,0,1,5,0,1,0,0,0,0,3,slightly_injured
2019,8,Mon,2,52.48485,13.60322,afternoon,17,daylight,0,dry,0,5,2,0,1,0,0,0,1,3,slightly_injured
2019,8,Mon,2,52.4614,13.4198,afternoon,16,daylight,0,dry,0,6,4,0,1,1,0,0,0,2,seriously_injured
2019,8,Mon,2,52.46593,13.37768,afternoon,16,daylight,0,dry,0,5,2,0,1,0,1,0,0,3,slightly_injured
2019,8,Mon,2,52.60864,13.31278,afternoon,15,daylight,0,dry,0,5,3,0,1,0,1,0,0,3,slightly_injured
2019,8,Mon,2,52.54874,13.36304,afternoon,15,daylight,0,dry,0,5,3,0,1,0,0,0,0,3,slightly_injured
2019,8,Mon,2,52.50137,13.3466,afternoon,15,daylight,0,dry,0,2,6,0,1,0,1,0,0,3,slightly_injured
2019,8,Mon,2,52.52625,13.36913,evening,23,dark,2,dry,0,6,4,0,1,1,0,0,0,3,slightly_injured
2019,8,Mon,2,52.54573,13.19452,afternoon,15,daylight,0,dry,0,6,2,0,1,1,0,0,0,3,slightly_injured
2019,8,Mon,2,52.53064,13.41084,evening,19,daylight,0,dry,0,6,4,1,0,1,0,0,0,3,slightly_injured
2019,8,Thu,5,52.48989,13.52781,evening,18,daylight,0,dry,0,5,2,1,1,0,0,0,0,3,slightly_injured
2019,8,Mon,2,52.52941,13.39756,evening,19,daylight,0,dry,0,5,2,1,1,0,0,0,0,3,slightly_injured
2019,8,Mon,2,52.46477,13.27761,afternoon,14,daylight,0,dry,0,1,5,0,1,0,0,0,1,3,slightly_injured
2019,8,Mon,2,52.47906,13.31019,evening,19,daylight,0,dry,0,5,2,1,1,0,0,0,0,3,slightly_injured
2019,8,Mon,2,52.50752,13.44997,afternoon,14,daylight,0,dry,0,5,3,1,0,0,0,0,1,3,slightly_injured
2019,8,Mon,2,52.44537,13.35722,evening,19,daylight,0,dry,0,5,7,0,0,0,1,0,1,2,seriously_injured
2019,8,Mon,2,52.49223,13.50533,evening,19,daylight,0,dry,0,1,5,1,1,0,0,0,0,3,slightly_injured
2019,8,Mon,2,52.55389,13.46817,afternoon,17,daylight,0,dry,0,2,6,1,1,0,0,0,0,3,slightly_injured
2019,8,Mon,2,52.52428,13.41222,evening,18,daylight,0,dry,0,2,6,1,1,0,0,0,0,3,slightly_injured
2019,8,Mon,2,52.51048,13.35106,afternoon,13,daylight,0,dry,0,2,6,0,1,0,0,0,0,3,slightly_injured
2019,8,Mon,2,52.50937,13.55068,evening,18,daylight,0,dry,0,5,2,0,1,0,0,0,0,3,slightly_injured
2019,8,Mon,2,52.62954,13.29445,afternoon,12,daylight,0,dry,0,5,3,0,1,0,1,0,0,3,slightly_injured
2019,8,Mon,2,52.45352,13.27212,afternoon,12,daylight,0,dry,0,5,7,0,1,0,0,0,0,3,slightly_injured
2019,8,Mon,2,52.50091,13.44201,afternoon,12,daylight,0,dry,0,2,2,0,1,0,0,1,0,3,slightly_injured
2019,8,Mon,2,52.52716,13.42699,afternoon,12,daylight,0,dry,0,1,5,1,0,0,0,0,1,3,slightly_injured
2019,8,Mon,2,52.50346,13.43,morning,11,daylight,0,dry,0,5,3,0,1,0,0,0,0,3,slightly_injured
2019,8,Mon,2,52.45787,13.31775,morning,11,daylight,0,dry,0,5,2,1,1,0,0,0,0,3,slightly_injured
2019,8,Mon,2,52.42768,13.46795,morning,11,daylight,0,dry,0,6,2,0,1,1,0,0,0,2,seriously_injured
2019,8,Mon,2,52.48152,13.32944,morning,10,daylight,0,dry,0,2,2,1,1,0,0,0,0,3,slightly_injured
2019,8,Mon,2,52.42823,13.3628,morning,8,daylight,0,dry,0,5,3,0,1,0,0,0,1,3,slightly_injured
2019,8,Mon,2,52.50212,13.31326,morning,7,daylight,0,dry,0,5,7,0,1,0,1,0,0,2,seriously_injured
2019,8,Mon,2,52.45273,13.313,morning,6,daylight,0,dry,0,2,6,0,1,0,1,0,0,3,slightly_injured
2019,8,Mon,2,52.5194,13.37195,morning,6,dusk,1,dry,0,5,2,1,1,0,0,0,0,3,slightly_injured
2019,8,Mon,2,52.44535,13.5052,night,5,dusk,1,dry,1,0,1,0,1,0,1,0,0,3,slightly_injured
2019,8,Mon,2,52.48483,13.37668,night,5,dusk,1,dry,0,2,6,0,1,0,0,0,0,3,slightly_injured
2019,8,Mon,2,52.58018,13.28764,morning,11,daylight,0,dry,0,0,7,0,1,0,0,0,0,3,slightly_injured
2019,8,Sun,1,52.41732,13.3149,evening,19,daylight,0,dry,0,2,6,0,1,0,0,0,0,3,slightly_injured
2019,8,Sun,1,52.53525,13.19971,evening,19,daylight,0,dry,1,0,6,0,0,0,1,0,1,3,slightly_injured
2019,8,Sun,1,52.44337,13.45224,evening,21,dark,2,dry,1,5,3,0,1,0,0,0,0,3,slightly_injured
2019,8,Sun,1,52.51943,13.27311,afternoon,13,daylight,0,dry,0,2,3,0,1,0,0,0,0,3,slightly_injured
2019,8,Sun,1,52.43363,13.49791,evening,21,dark,2,dry,1,2,2,0,1,0,0,0,0,3,slightly_injured
2019,8,Sun,1,52.53216,13.39923,evening,22,dark,2,dry,1,0,7,0,0,0,0,0,1,2,seriously_injured
2019,8,Sun,1,52.48844,13.3637,evening,22,dark,2,dry,1,4,1,0,1,0,0,0,0,2,seriously_injured
2019,8,Sun,1,52.51282,13.37723,evening,18,daylight,0,dry,1,0,1,0,0,0,1,0,0,3,slightly_injured
2019,8,Sun,1,52.55053,13.51183,evening,20,dusk,1,dry,1,0,1,0,0,0,1,0,0,2,seriously_injured
2019,8,Sun,1,52.51111,13.37111,evening,19,daylight,0,dry,1,5,2,0,1,0,0,0,0,2,seriously_injured
2019,8,Sun,1,52.52268,13.32937,evening,19,daylight,0,dry,1,2,6,0,1,0,0,0,0,3,slightly_injured
2019,8,Sun,1,52.59585,13.33976,evening,19,daylight,0,dry,1,2,6,0,1,0,0,0,0,3,slightly_injured
2019,8,Sun,1,52.51972,13.26954,evening,18,daylight,0,dry,1,5,3,1,1,0,0,0,0,3,slightly_injured
2019,8,Sun,1,52.39376,13.40651,evening,18,daylight,0,dry,1,5,2,1,1,0,0,0,0,3,slightly_injured
2019,8,Sun,1,52.49017,13.35603,afternoon,17,daylight,0,dry,0,1,5,1,1,0,0,0,0,3,slightly_injured
2019,8,Sun,1,52.51677,13.40935,afternoon,17,daylight,0,dry,1,5,2,0,1,0,0,0,1,3,slightly_injured
2019,8,Sun,1,52.50014,13.41453,afternoon,16,daylight,0,dry,0,5,3,0,1,0,0,0,0,3,slightly_injured
2019,8,Sun,1,52.43695,13.45019,afternoon,16,daylight,0,dry,0,1,5,0,1,0,0,0,0,2,seriously_injured
2019,8,Sun,1,52.60285,13.40209,afternoon,16,daylight,0,dry,1,5,2,0,1,0,0,0,0,3,slightly_injured
2019,8,Sun,1,52.56397,13.33948,afternoon,14,daylight,0,dry,0,5,3,0,1,0,0,0,0,3,slightly_injured
2019,8,Sun,1,52.51462,13.28794,afternoon,14,daylight,0,dry,1,5,7,0,1,0,0,0,0,3,slightly_injured
2019,8,Sun,1,52.48936,13.39203,afternoon,13,daylight,0,dry,1,6,2,1,0,1,0,0,0,3,slightly_injured
2019,8,Sun,1,52.53766,13.22717,morning,11,daylight,0,dry,1,2,6,0,1,0,0,0,0,3,slightly_injured
2019,8,Sun,1,52.42299,13.35731,morning,11,daylight,0,dry,1,5,3,0,1,0,0,0,0,2,seriously_injured
2019,8,Sun,1,52.50045,13.34987,night,2,dark,2,dry,0,3,6,0,1,0,1,0,0,3,slightly_injured
2019,8,Sun,1,52.4751,13.47399,evening,21,dark,2,dry,1,2,6,0,1,0,0,0,1,3,slightly_injured
2019,8,Sat,7,52.4892,13.34593,evening,18,daylight,0,dry,0,1,5,0,1,0,0,0,0,3,slightly_injured
2019,8,Sat,7,52.51626,13.44255,night,4,dark,2,dry,0,1,1,0,1,0,0,0,0,3,slightly_injured
2019,8,Sat,7,52.50674,13.29403,night,1,dark,2,dry,0,0,4,1,0,1,0,0,0,3,slightly_injured
2019,8,Sat,7,52.46641,13.4318,afternoon,13,daylight,0,dry,0,5,2,1,1,0,0,0,0,3,slightly_injured
2019,8,Sat,7,52.5784,13.27907,afternoon,13,daylight,0,dry,0,5,2,0,1,0,1,0,0,3,slightly_injured
2019,8,Sat,7,52.49316,13.38705,afternoon,13,daylight,0,dry,0,6,4,1,0,1,0,0,0,3,slightly_injured
2019,8,Sat,7,52.51957,13.37212,afternoon,12,daylight,0,dry,0,5,3,0,1,0,0,0,1,3,slightly_injured
2019,8,Sat,7,52.46859,13.38556,afternoon,12,daylight,0,dry,0,5,2,0,1,0,0,0,0,3,slightly_injured
2019,8,Sat,7,52.5172,13.3888,afternoon,12,daylight,0,dry,0,0,1,0,0,0,1,0,0,3,slightly_injured
2019,8,Sat,7,52.55597,13.38114,morning,11,daylight,0,dry,0,2,6,0,1,0,0,0,0,3,slightly_injured
2019,8,Sat,7,52.4946,13.39952,night,0,dark,2,dry,0,0,1,0,0,0,0,0,1,3,slightly_injured
2019,8,Sat,7,52.42574,13.54519,evening,22,dark,2,dry,0,5,2,0,1,0,0,0,0,2,seriously_injured
2019,8,Sat,7,52.52305,13.42614,evening,22,dark,2,dry,0,2,6,0,1,0,0,0,0,3,slightly_injured
2019,8,Sat,7,52.41072,13.32723,evening,20,dark,2,dry,0,6,7,1,0,1,0,0,0,3,slightly_injured
2019,8,Sat,7,52.49771,13.36199,evening,19,daylight,0,dry,0,5,3,1,1,0,0,0,0,3,slightly_injured
2019,8,Sat,7,52.59074,13.44616,evening,18,daylight,0,dry,0,0,7,1,0,0,0,0,0,3,slightly_injured
2019,8,Sat,7,52.47418,13.48401,afternoon,17,daylight,0,dry,0,5,3,0,1,0,1,0,0,2,seriously_injured
2019,8,Sat,7,52.43465,13.32054,afternoon,17,daylight,0,dry,0,2,6,0,1,0,0,0,0,3,slightly_injured
2019,8,Sat,7,52.49608,13.42144,afternoon,16,daylight,0,dry,0,2,7,0,1,0,0,0,1,3,slightly_injured
2019,8,Sat,7,52.51832,13.17108,afternoon,16,daylight,0,dry,0,0,1,1,0,0,0,0,0,2,seriously_injured
2019,8,Sat,7,52.53751,13.18198,afternoon,15,daylight,0,dry,0,2,6,0,1,0,0,0,0,3,slightly_injured
2019,8,Sat,7,52.47289,13.32013,afternoon,15,daylight,0,dry,0,5,3,1,1,0,0,0,0,3,slightly_injured
2019,8,Sat,7,52.45907,13.30352,afternoon,15,daylight,0,dry,0,2,6,0,1,0,0,0,0,3,slightly_injured
2019,8,Sat,7,52.5561,13.38345,afternoon,15,daylight,0,dry,0,1,5,0,1,0,1,0,0,3,slightly_injured
2019,8,Sat,7,52.50864,13.45058,afternoon,14,daylight,0,dry,0,2,6,0,1,0,0,0,1,3,slightly_injured
2019,8,Sat,7,52.44817,13.38316,afternoon,14,daylight,0,dry,0,2,6,1,1,0,0,0,0,3,slightly_injured
2019,8,Fri,6,52.49255,13.53344,morning,8,daylight,0,dry,0,5,3,1,1,0,0,0,0,2,seriously_injured
2019,8,Fri,6,52.4657,13.32475,evening,19,daylight,0,dry,0,6,7,0,1,1,0,0,0,3,slightly_injured
2019,8,Fri,6,52.57352,13.3314,evening,20,daylight,0,dry,0,5,2,0,1,0,1,0,0,3,slightly_injured
2019,8,Fri,6,52.48647,13.42893,evening,19,daylight,0,dry,0,3,6,1,1,0,0,0,0,3,slightly_injured
2019,8,Fri,6,52.51847,13.41753,evening,18,daylight,0,dry,0,5,2,0,1,0,1,0,0,3,slightly_injured
2019,8,Fri,6,52.52891,13.40837,afternoon,17,daylight,0,dry,0,3,6,0,1,0,1,0,0,3,slightly_injured
2019,8,Fri,6,52.43151,13.54693,afternoon,16,daylight,0,dry,0,5,2,1,1,0,0,0,0,3,slightly_injured
2019,8,Fri,6,52.49907,13.57861,afternoon,16,daylight,0,dry,0,2,6,0,1,0,0,0,1,3,slightly_injured
2019,8,Fri,6,52.53213,13.32398,afternoon,16,daylight,0,dry,0,0,5,1,0,0,0,0,1,3,slightly_injured
2019,8,Fri,6,52.47972,13.329,afternoon,16,daylight,0,dry,0,6,4,0,1,1,0,0,0,3,slightly_injured
2019,8,Fri,6,52.51225,13.41221,afternoon,15,daylight,0,dry,0,5,2,1,0,0,0,0,0,3,slightly_injured
2019,8,Fri,6,52.4976,13.29437,afternoon,15,daylight,0,dry,0,2,6,0,1,0,0,0,0,3,slightly_injured
2019,8,Fri,6,52.4392,13.23428,afternoon,15,daylight,0,dry,0,5,2,1,1,0,0,0,0,3,slightly_injured
2019,8,Fri,6,52.54622,13.3691,afternoon,14,daylight,0,dry,0,5,3,1,1,0,0,0,0,3,slightly_injured
2019,8,Fri,6,52.52395,13.33092,afternoon,15,daylight,0,dry,0,2,6,0,1,0,0,0,0,3,slightly_injured
2019,8,Fri,6,52.42776,13.40492,afternoon,15,daylight,0,dry,0,2,7,0,1,0,0,0,0,3,slightly_injured
2019,8,Fri,6,52.40216,13.52327,afternoon,16,daylight,0,dry,0,5,2,1,1,0,0,0,0,3,slightly_injured
2019,8,Fri,6,52.5946,13.2916,afternoon,14,daylight,0,dry,0,5,7,0,1,0,1,0,0,3,slightly_injured
2019,8,Fri,6,52.52513,13.29782,evening,18,daylight,0,dry,0,0,7,0,0,0,0,0,1,3,slightly_injured
2019,8,Fri,6,52.43654,13.58244,afternoon,17,daylight,0,dry,0,2,6,1,1,0,0,0,0,3,slightly_injured
2019,8,Fri,6,52.41238,13.36236,night,2,dark,2,dry,0,8,7,1,1,0,0,0,0,2,seriously_injured
2019,8,Fri,6,52.55364,13.41383,morning,7,daylight,0,dry,0,2,6,0,1,0,1,0,0,3,slightly_injured
2019,8,Fri,6,52.56329,13.47698,morning,7,daylight,0,dry,0,5,3,0,1,0,0,0,0,3,slightly_injured
2019,8,Fri,6,52.52519,13.5612,morning,7,daylight,0,dry,0,1,5,1,1,0,0,0,0,3,slightly_injured
2019,8,Fri,6,52.50059,13.5087,morning,6,daylight,0,dry,0,1,7,0,1,0,0,0,0,3,slightly_injured
2019,8,Fri,6,52.50769,13.41389,night,0,dark,2,dry,0,0,1,1,0,0,0,0,0,2,seriously_injured
2019,8,Fri,6,52.53165,13.34319,afternoon,13,daylight,0,dry,0,0,5,1,1,0,0,0,0,3,slightly_injured
2019,8,Fri,6,52.49623,13.28803,afternoon,13,daylight,0,dry,0,2,6,0,1,0,0,0,0,3,slightly_injured
2019,8,Fri,6,52.61833,13.48734,afternoon,13,daylight,0,dry,0,3,6,0,1,0,0,0,0,3,slightly_injured
2019,8,Fri,6,52.48044,13.37724,afternoon,13,daylight,0,dry,0,1,5,0,1,0,1,0,0,3,slightly_injured
2019,8,Fri,6,52.53939,13.58651,afternoon,12,daylight,0,dry,0,8,1,0,0,0,1,0,0,3,slightly_injured
2019,8,Fri,6,52.57869,13.29267,afternoon,12,daylight,0,dry,0,5,2,1,1,0,0,0,0,3,slightly_injured
2019,8,Fri,6,52.60984,13.47907,morning,11,daylight,0,dry,0,5,3,1,1,0,0,0,0,3,slightly_injured
2019,8,Fri,6,52.51348,13.30705,morning,11,daylight,0,dry,0,5,2,0,1,0,0,0,0,3,slightly_injured
2019,8,Fri,6,52.5503,13.37841,morning,11,daylight,0,dry,0,0,7,0,1,0,0,0,1,2,seriously_injured
2019,8,Fri,6,52.49932,13.4453,morning,10,daylight,0,dry,0,2,6,0,1,0,0,0,0,3,slightly_injured
2019,8,Fri,6,52.51533,13.30079,morning,10,daylight,0,dry,0,6,2,0,1,1,0,0,0,2,seriously_injured
2019,8,Fri,6,52.61726,13.39754,morning,10,daylight,0,dry,0,9,1,0,1,0,0,0,0,3,slightly_injured
2019,8,Fri,6,52.49512,13.26545,morning,10,daylight,0,dry,0,5,3,1,0,0,0,0,1,3,slightly_injured
2019,8,Fri,6,52.52723,13.39809,morning,9,daylight,0,dry,0,5,3,1,1,0,0,0,0,3,slightly_injured
2019,8,Fri,6,52.53834,13.39605,morning,9,daylight,0,dry,0,5,2,1,0,0,0,1,0,3,slightly_injured
2019,8,Fri,6,52.56817,13.57248,morning,10,daylight,0,dry,0,3,6,1,0,0,0,0,1,3,slightly_injured
2019,8,Fri,6,52.55598,13.43752,morning,8,daylight,0,dry,0,5,3,0,1,0,0,0,0,3,slightly_injured
2019,8,Fri,6,52.49117,13.43529,morning,10,daylight,0,dry,0,5,2,1,1,0,0,0,0,3,slightly_injured
2019,8,Thu,5,52.5416,13.20572,afternoon,17,daylight,0,dry,0,5,3,0,1,0,0,0,0,3,slightly_injured
2019,8,Fri,6,52.52152,13.34504,morning,8,daylight,0,dry,0,1,5,0,1,0,1,0,0,3,slightly_injured
2019,8,Fri,6,52.53163,13.61631,morning,8,daylight,0,dry,0,5,2,1,1,0,0,0,0,3,slightly_injured
2019,8,Thu,5,52.50537,13.33953,afternoon,16,daylight,0,dry,0,1,7,1,1,0,0,0,0,3,slightly_injured
2019,8,Fri,6,52.55718,13.37698,morning,8,daylight,0,dry,0,5,2,0,1,0,1,0,0,3,slightly_injured
2019,8,Fri,6,52.49774,13.29525,morning,9,daylight,0,dry,0,1,5,1,1,0,0,0,0,3,slightly_injured
2019,8,Thu,5,52.54927,13.43544,afternoon,16,daylight,0,dry,0,0,6,1,0,0,0,0,1,3,slightly_injured
2019,8,Fri,6,52.50346,13.31023,morning,9,daylight,0,dry,0,1,5,1,0,0,0,0,1,3,slightly_injured
2019,8,Thu,5,52.52906,13.45902,morning,9,daylight,0,dry,0,5,2,1,1,0,0,0,0,2,seriously_injured
2019,8,Fri,6,52.49262,13.37093,afternoon,15,daylight,0,dry,0,5,2,1,0,0,0,0,1,2,seriously_injured
2019,8,Thu,5,52.54775,13.42881,afternoon,14,daylight,0,dry,0,5,2,1,1,0,0,0,0,3,slightly_injured
2019,8,Fri,6,52.54437,13.36038,afternoon,15,daylight,0,dry,0,0,1,0,0,0,1,0,0,3,slightly_injured
2019,8,Thu,5,52.50453,13.39087,morning,9,daylight,0,dry,0,6,7,0,1,1,0,0,0,3,slightly_injured
2019,8,Fri,6,52.50281,13.44666,morning,9,daylight,0,dry,0,5,3,1,1,0,0,0,0,3,slightly_injured
2019,8,Thu,5,52.50308,13.31966,evening,18,daylight,0,dry,0,6,2,0,1,1,0,0,0,3,slightly_injured
2019,8,Fri,6,52.50289,13.36657,afternoon,14,daylight,0,dry,0,5,3,1,1,0,0,0,0,2,seriously_injured
2019,8,Thu,5,52.43462,13.38587,evening,18,daylight,0,dry,0,1,5,1,1,0,0,0,0,3,slightly_injured
2019,8,Thu,5,52.48601,13.43075,evening,23,dark,2,dry,0,2,2,0,1,0,0,0,0,3,slightly_injured
2019,8,Fri,6,52.45854,13.33764,afternoon,14,daylight,0,dry,0,5,2,0,1,0,1,0,0,3,slightly_injured
2019,8,Thu,5,52.50106,13.47644,evening,22,dark,2,dry,0,0,1,1,0,0,0,0,0,3,slightly_injured
2019,8,Fri,6,52.4292,13.45257,afternoon,14,daylight,0,dry,0,2,6,0,1,0,0,0,0,3,slightly_injured
2019,8,Thu,5,52.52582,13.41777,evening,22,dark,2,dry,0,2,6,0,1,0,1,0,0,3,slightly_injured
2019,8,Thu,5,52.53305,13.19743,evening,20,daylight,0,dry,0,2,6,0,1,0,0,0,0,3,slightly_injured
2019,8,Fri,6,52.43237,13.34632,afternoon,14,daylight,0,dry,0,0,6,1,0,0,0,0,0,3,slightly_injured
2019,8,Thu,5,52.60244,13.36711,evening,20,dusk,1,dry,0,6,7,0,1,1,0,0,0,3,slightly_injured
2019,8,Fri,6,52.55249,13.42737,morning,9,daylight,0,dry,0,5,3,1,1,0,0,0,0,3,slightly_injured
2019,8,Thu,5,52.5463,13.35952,evening,18,daylight,0,dry,0,2,7,1,1,0,0,0,0,3,slightly_injured
2019,8,Fri,6,52.54538,13.49496,afternoon,14,daylight,0,dry,0,2,2,1,1,0,0,0,0,2,seriously_injured
2019,8,Thu,5,52.48547,13.60383,afternoon,17,daylight,0,dry,0,0,7,1,0,0,0,0,0,3,slightly_injured
2019,8,Fri,6,52.42947,13.22411,afternoon,13,daylight,0,dry,0,0,3,1,0,0,1,0,0,2,seriously_injured
2019,8,Thu,5,52.51467,13.40494,afternoon,17,daylight,0,dry,0,1,1,0,1,0,1,0,0,3,slightly_injured
2019,8,Thu,5,52.50576,13.41239,afternoon,17,daylight,0,dry,0,2,6,0,1,0,0,0,0,3,slightly_injured
2019,8,Fri,6,52.44555,13.44985,afternoon,13,daylight,0,dry,0,5,2,0,1,0,0,0,0,3,slightly_injured
2019,8,Fri,6,52.42783,13.49039,afternoon,13,daylight,0,dry,0,5,2,1,1,0,0,0,0,3,slightly_injured
2019,8,Thu,5,52.49324,13.52615,afternoon,17,daylight,0,dry,0,0,6,1,0,0,0,0,0,3,slightly_injured
2019,8,Fri,6,52.55514,13.41842,afternoon,13,daylight,0,dry,0,5,3,0,1,0,0,0,0,3,slightly_injured
2019,8,Thu,5,52.54111,13.35765,afternoon,16,daylight,0,dry,0,5,3,1,1,0,0,0,0,3,slightly_injured
2019,8,Fri,6,52.45852,13.38731,afternoon,13,daylight,0,dry,0,2,6,1,1,0,0,0,0,3,slightly_injured
2019,8,Thu,5,52.59657,13.37487,afternoon,16,daylight,0,dry,1,0,1,0,0,0,1,0,0,2,seriously_injured
2019,8,Thu,5,52.48371,13.40031,afternoon,15,daylight,0,dry,0,5,2,1,1,0,0,0,0,3,slightly_injured
2019,8,Fri,6,52.51365,13.35023,morning,8,daylight,0,dry,0,2,6,1,1,0,0,0,0,3,slightly_injured
2019,8,Fri,6,52.50749,13.38669,morning,8,daylight,0,dry,0,4,6,1,1,0,0,0,0,2,seriously_injured
2019,8,Thu,5,52.44398,13.5664,afternoon,15,daylight,0,dry,0,0,6,1,1,0,0,0,0,3,slightly_injured
2019,8,Thu,5,52.50078,13.34848,afternoon,15,daylight,0,dry,0,6,4,0,1,1,0,0,0,3,slightly_injured