ujahr,umonat,weekday,uwochentag,long,lat,time_of_day,ustunde,light_condition,ulichtverh,street_condition,ustrzustand,uart,utyp1,ist_rad,ist_pkw,ist_fuss,ist_krad,ist_gkfz,ist_sonstige,ukategorie,accident_outcome
2019,8,Fri,6,52.4583,13.33245,morning,7,daylight,0,dry,0,5,3,1,1,0,0,0,0,3,slightly_injured
2019,8,Thu,5,52.45778,13.5422,afternoon,15,daylight,0,dry,0,2,6,0,1,0,0,0,0,3,slightly_injured
2019,8,Fri,6,52.52848,13.3432,morning,7,daylight,0,dry,0,4,4,1,0,1,0,0,0,3,slightly_injured
2019,8,Thu,5,52.55363,13.37727,afternoon,16,daylight,0,dry,1,5,3,1,1,0,0,0,0,3,slightly_injured
2019,8,Thu,5,52.51726,13.39516,afternoon,16,daylight,0,dry,0,5,3,1,1,0,0,0,0,3,slightly_injured
2019,8,Fri,6,52.45421,13.43833,morning,7,daylight,0,dry,0,1,4,0,1,1,1,0,0,3,slightly_injured
2019,8,Thu,5,52.55401,13.45398,afternoon,15,daylight,0,dry,0,6,4,0,1,1,0,0,0,3,slightly_injured
2019,8,Fri,6,52.50695,13.27838,morning,6,daylight,0,dry,0,5,3,0,1,0,1,0,0,3,slightly_injured
2019,8,Thu,5,52.49793,13.34863,afternoon,15,daylight,0,dry,0,5,7,1,1,0,0,0,0,3,slightly_injured
2019,8,Fri,6,52.53945,13.20564,morning,6,daylight,0,dry,0,5,2,1,1,0,0,0,0,3,slightly_injured
2019,8,Thu,5,52.52774,13.45229,afternoon,14,daylight,0,dry,0,6,4,0,1,1,0,0,0,2,seriously_injured
2019,8,Thu,5,52.55508,13.41864,afternoon,14,daylight,0,dry,0,5,3,1,1,0,0,0,0,3,slightly_injured
2019,8,Thu,5,52.58821,13.32455,afternoon,13,daylight,0,dry,0,2,6,0,1,0,0,0,0,3,slightly_injured
2019,8,Thu,5,52.53251,13.39776,afternoon,13,daylight,0,dry,0,2,6,0,1,0,1,0,0,3,slightly_injured
2019,8,Thu,5,52.52571,13.36734,evening,23,dark,2,dry,0,2,6,0,1,0,0,0,0,3,slightly_injured
2019,8,Thu,5,52.56194,13.25449,afternoon,17,daylight,0,dry,0,5,3,0,1,0,1,0,0,3,slightly_injured
2019,8,Thu,5,52.56642,13.41334,afternoon,12,daylight,0,dry,0,2,6,0,1,0,0,0,0,3,slightly_injured
2019,8,Thu,5,52.5238,13.32959,morning,10,daylight,0,dry,0,0,2,1,1,0,0,0,0,3,slightly_injured
2019,8,Thu,5,52.50445,13.40787,afternoon,17,daylight,0,dry,0,5,2,1,1,0,0,0,0,3,slightly_injured
2019,8,Thu,5,52.41665,13.27342,morning,10,daylight,0,dry,0,5,2,0,1,0,1,0,0,3,slightly_injured
2019,8,Thu,5,52.54655,13.57356,afternoon,17,daylight,0,dry,0,5,2,1,1,0,0,0,0,3,slightly_injured
2019,8,Thu,5,52.49982,13.4354,morning,10,daylight,0,dry,0,2,6,0,1,0,0,0,0,3,slightly_injured
2019,8,Thu,5,52.56256,13.33077,afternoon,15,daylight,0,dry,0,5,2,1,1,0,0,0,0,2,seriously_injured
2019,8,Thu,5,52.52804,13.2424,afternoon,16,daylight,0,dry,0,5,3,0,1,0,0,0,0,3,slightly_injured
2019,8,Thu,5,52.52078,13.48578,afternoon,16,daylight,0,dry,0,5,3,1,1,0,0,0,0,3,slightly_injured
2019,8,Thu,5,52.62666,13.25665,afternoon,12,daylight,0,dry,0,0,7,0,1,0,0,0,0,3,slightly_injured
2019,8,Thu,5,52.53192,13.47081,afternoon,17,daylight,0,dry,0,0,1,0,0,0,1,0,0,2,seriously_injured
2019,8,Thu,5,52.49688,13.39526,morning,9,daylight,0,dry,0,5,2,1,1,0,0,0,0,3,slightly_injured
2019,8,Thu,5,52.5005,13.4555,afternoon,16,daylight,0,dry,0,0,4,1,0,1,0,0,0,3,slightly_injured
2019,8,Thu,5,52.46557,13.39358,morning,9,daylight,0,dry,0,1,5,0,1,0,1,0,0,2,seriously_injured
2019,8,Thu,5,52.53002,13.39194,morning,9,daylight,0,dry,0,5,3,1,0,0,0,0,1,3,slightly_injured
2019,8,Thu,5,52.51711,13.44064,afternoon,16,daylight,0,dry,0,5,2,0,1,0,1,0,0,3,slightly_injured
2019,8,Thu,5,52.51358,13.3193,morning,8,daylight,0,dry,0,2,6,0,1,0,0,0,0,3,slightly_injured
2019,8,Thu,5,52.50407,13.30409,afternoon,16,daylight,0,dry,0,2,6,0,1,0,0,0,1,3,slightly_injured
2019,8,Thu,5,52.479,13.37682,morning,8,daylight,0,dry,0,2,6,1,1,0,0,0,0,3,slightly_injured
2019,8,Thu,5,52.53798,13.21748,afternoon,16,daylight,0,dry,0,2,6,0,1,0,0,0,0,3,slightly_injured
2019,8,Thu,5,52.43932,13.52462,morning,8,daylight,0,dry,0,3,6,1,0,0,0,0,1,3,slightly_injured
2019,8,Thu,5,52.48504,13.37474,afternoon,15,daylight,0,dry,0,5,3,1,0,0,1,0,0,2,seriously_injured
2019,8,Thu,5,52.56673,13.32894,morning,8,daylight,0,dry,0,6,4,0,1,1,0,0,0,3,slightly_injured
2019,8,Thu,5,52.49007,13.386,morning,7,daylight,0,dry,0,0,1,1,0,0,0,0,0,3,slightly_injured
2019,8,Thu,5,52.53359,13.59416,afternoon,15,daylight,0,dry,0,2,6,0,1,0,0,0,0,3,slightly_injured
2019,8,Thu,5,52.55514,13.3916,afternoon,15,daylight,0,dry,0,3,6,0,1,0,0,0,0,3,slightly_injured
2019,8,Thu,5,52.63288,13.28902,morning,7,daylight,0,dry,0,5,3,1,1,0,0,0,0,3,slightly_injured
2019,8,Thu,5,52.4752,13.43982,morning,7,daylight,0,dry,0,5,2,1,1,0,0,0,0,3,slightly_injured
2019,8,Thu,5,52.49862,13.41992,evening,23,dark,2,dry,0,6,6,0,1,1,0,0,0,2,seriously_injured
2019,8,Thu,5,52.5371,13.42827,morning,7,daylight,0,dry,0,1,5,1,1,0,0,0,0,3,slightly_injured
2019,8,Thu,5,52.49372,13.41466,evening,22,dark,2,dry,0,1,5,1,1,0,1,0,0,3,slightly_injured
2019,8,Thu,5,52.42459,13.52663,night,5,daylight,0,dry,0,5,3,1,1,0,0,0,0,3,slightly_injured
2019,8,Thu,5,52.54721,13.35399,morning,7,daylight,0,dry,0,5,3,0,1,0,0,0,0,3,slightly_injured
2019,8,Thu,5,52.55803,13.40334,morning,10,daylight,0,dry,0,2,6,1,1,0,0,0,0,3,slightly_injured
2019,8,Thu,5,52.44952,13.43666,morning,7,daylight,0,dry,0,2,6,0,1,0,1,0,0,3,slightly_injured
2019,8,Wed,4,52.51514,13.39527,evening,18,dusk,1,dry,0,6,4,1,0,1,0,0,0,2,seriously_injured
2019,8,Thu,5,52.48595,13.32261,evening,20,dusk,1,dry,0,0,7,1,0,0,0,0,0,3,slightly_injured
2019,8,Wed,4,52.49093,13.32854,morning,8,daylight,0,dry,0,5,3,0,1,0,0,0,0,3,slightly_injured
2019,8,Wed,4,52.51513,13.39516,evening,18,dusk,1,dry,0,6,4,1,0,1,0,0,0,3,slightly_injured
2019,8,Thu,5,52.50239,13.46937,evening,19,daylight,0,dry,0,5,2,1,0,0,1,0,0,3,slightly_injured
2019,8,Wed,4,52.50666,13.39053,afternoon,12,daylight,0,dry,0,5,2,1,0,0,0,0,1,3,slightly_injured
2019,8,Thu,5,52.53463,13.44561,evening,18,daylight,0,dry,0,5,3,1,0,0,0,0,0,2,seriously_injured
2019,8,Wed,4,52.45982,13.32622,morning,9,daylight,0,dry,0,2,7,0,1,0,0,0,0,3,slightly_injured
2019,8,Thu,5,52.43336,13.35241,evening,18,daylight,0,dry,0,2,6,0,1,0,0,0,0,3,slightly_injured
2019,8,Wed,4,52.43216,13.33856,afternoon,12,daylight,0,dry,0,0,6,1,1,0,0,0,0,3,slightly_injured
2019,8,Thu,5,52.49463,13.42938,evening,18,daylight,0,dry,0,5,2,0,1,0,1,0,0,3,slightly_injured
2019,8,Wed,4,52.56585,13.32084,evening,21,dark,2,dry,0,1,5,0,1,0,1,0,0,2,seriously_injured
2019,8,Wed,4,52.53444,13.54132,evening,21,dark,2,dry,0,5,2,0,1,0,1,0,0,2,seriously_injured
2019,8,Thu,5,52.46847,13.37794,afternoon,14,daylight,0,dry,0,2,6,0,1,0,0,0,1,3,slightly_injured
2019,8,Thu,5,52.48804,13.27835,afternoon,14,daylight,0,dry,0,0,7,1,0,0,0,0,0,2,seriously_injured
2019,8,Wed,4,52.44747,13.29791,evening,19,daylight,0,dry,0,5,3,1,1,0,0,0,0,3,slightly_injured
2019,8,Wed,4,52.49813,13.42159,evening,18,daylight,0,dry,0,5,3,1,0,0,0,0,1,3,slightly_injured
2019,8,Thu,5,52.44005,13.23626,afternoon,14,daylight,0,dry,0,0,5,0,0,0,1,0,1,3,slightly_injured
2019,8,Wed,4,52.49276,13.3065,evening,18,daylight,0,dry,0,5,3,1,1,0,0,0,0,3,slightly_injured
2019,8,Thu,5,52.42632,13.44469,afternoon,14,daylight,0,dry,0,5,3,0,1,0,0,0,1,3,slightly_injured
2019,8,Wed,4,52.55751,13.53854,evening,19,daylight,0,dry,0,1,1,0,1,0,1,0,0,2,seriously_injured
2019,8,Thu,5,52.39382,13.40439,afternoon,13,daylight,0,dry,0,1,5,0,1,0,1,0,0,2,seriously_injured
2019,8,Wed,4,52.56828,13.36342,afternoon,16,daylight,0,dry,0,0,7,0,1,1,0,0,0,2,seriously_injured
2019,8,Thu,5,52.529,13.40293,afternoon,13,daylight,0,dry,0,6,4,1,0,1,0,0,0,3,slightly_injured
2019,8,Wed,4,52.47037,13.37106,evening,18,daylight,0,dry,0,5,2,1,1,0,0,0,0,3,slightly_injured
2019,8,Thu,5,52.45535,13.58249,afternoon,12,daylight,0,dry,0,3,6,0,1,0,0,0,0,3,slightly_injured
2019,8,Wed,4,52.53687,13.37518,afternoon,17,daylight,0,dry,0,0,5,1,1,0,0,0,0,3,slightly_injured
2019,8,Thu,5,52.48743,13.29978,morning,10,daylight,0,dry,0,2,6,0,1,0,0,0,1,3,slightly_injured
2019,8,Thu,5,52.5042,13.44247,morning,9,daylight,0,dry,0,3,6,1,1,0,0,0,0,3,slightly_injured
2019,8,Thu,5,52.47835,13.4327,morning,9,daylight,0,dry,0,5,2,1,1,0,0,0,0,3,slightly_injured
2019,8,Thu,5,52.4657,13.31519,morning,8,daylight,0,dry,0,2,6,1,1,0,0,0,0,3,slightly_injured
2019,8,Thu,5,52.52742,13.38845,morning,8,daylight,0,dry,0,2,6,0,1,0,1,1,0,3,slightly_injured
2019,8,Thu,5,52.56743,13.45298,morning,7,daylight,0,dry,0,5,3,1,1,0,0,0,0,3,slightly_injured
2019,8,Thu,5,52.49179,13.41351,morning,7,daylight,0,dry,0,2,6,0,1,0,0,0,0,3,slightly_injured
2019,8,Thu,5,52.50609,13.40158,morning,7,daylight,0,dry,0,5,2,1,1,0,0,0,0,3,slightly_injured
2019,8,Thu,5,52.47048,13.5728,morning,7,daylight,0,dry,0,5,2,1,1,0,0,0,0,3,slightly_injured
2019,8,Thu,5,52.57034,13.52003,evening,18,daylight,0,dry,0,1,1,0,1,0,1,0,0,2,seriously_injured
2019,8,Thu,5,52.45754,13.62565,afternoon,16,daylight,0,dry,0,0,3,0,1,0,1,0,0,2,seriously_injured
2019,8,Thu,5,52.44393,13.32091,morning,10,daylight,0,dry,0,1,5,1,1,0,0,0,0,2,seriously_injured
2019,8,Thu,5,52.49018,13.36093,afternoon,14,daylight,0,dry,0,0,1,1,0,0,0,0,0,2,seriously_injured
2019,8,Thu,5,52.51498,13.18747,afternoon,14,daylight,0,dry,0,5,3,0,1,0,0,0,0,2,seriously_injured
2019,8,Thu,5,52.53106,13.12825,afternoon,13,daylight,0,dry,0,5,3,0,1,0,1,0,0,2,seriously_injured
2019,8,Thu,5,52.42382,13.49109,morning,9,daylight,0,dry,0,5,3,0,1,0,1,0,0,2,seriously_injured
2019,8,Thu,5,52.50562,13.43228,morning,7,daylight,0,dry,0,2,6,0,1,0,1,0,0,2,seriously_injured
2019,8,Thu,5,52.55516,13.36142,afternoon,12,daylight,0,dry,0,3,6,0,1,0,0,0,0,3,slightly_injured
2019,8,Thu,5,52.49534,13.3656,night,5,dark,2,dry,0,1,5,1,1,0,0,0,0,3,slightly_injured
2019,8,Thu,5,52.53906,13.19937,afternoon,13,daylight,0,dry,0,1,5,1,1,0,0,0,0,3,slightly_injured
2019,8,Wed,4,52.56349,13.42126,morning,7,daylight,0,dry,0,6,4,1,0,1,0,0,0,3,slightly_injured
2019,8,Wed,4,52.47534,13.45279,morning,8,daylight,0,dry,0,6,4,1,0,1,0,0,0,3,slightly_injured
2019,8,Wed,4,52.46705,13.25021,evening,21,dark,2,dry,0,1,5,1,1,0,0,0,0,3,slightly_injured
2019,8,Wed,4,52.51365,13.35044,evening,20,dusk,1,dry,1,0,7,0,0,0,1,0,1,3,slightly_injured
2019,8,Wed,4,52.54752,13.1846,evening,20,daylight,0,dry,0,0,2,0,1,0,1,0,0,3,slightly_injured
2019,8,Wed,4,52.48628,13.34765,evening,18,daylight,0,dry,0,0,3,0,1,0,1,0,0,3,slightly_injured
2019,8,Wed,4,52.5408,13.43988,afternoon,17,daylight,0,dry,0,6,4,1,0,1,0,0,0,3,slightly_injured
2019,8,Wed,4,52.49278,13.41588,evening,18,daylight,0,dry,0,3,6,1,1,0,0,0,0,3,slightly_injured
2019,8,Wed,4,52.53841,13.37273,evening,18,daylight,0,dry,0,2,6,0,1,0,1,0,0,3,slightly_injured
2019,8,Wed,4,52.52298,13.63315,afternoon,17,daylight,0,dry,0,1,5,1,1,0,0,0,0,3,slightly_injured
2019,8,Wed,4,52.50155,13.47503,afternoon,17,daylight,0,dry,0,5,2,1,0,0,0,0,1,3,slightly_injured
2019,8,Wed,4,52.55016,13.45896,afternoon,15,daylight,0,dry,0,6,2,0,1,1,0,0,0,3,slightly_injured
2019,8,Wed,4,52.52346,13.45484,afternoon,17,daylight,0,dry,0,5,3,1,1,0,0,0,0,3,slightly_injured
2019,8,Wed,4,52.51281,13.31486,afternoon,16,daylight,0,dry,0,2,6,0,1,0,0,0,1,3,slightly_injured
2019,8,Wed,4,52.57555,13.33195,afternoon,17,daylight,0,dry,0,5,2,1,1,0,0,0,0,3,slightly_injured
2019,8,Wed,4,52.50775,13.46513,afternoon,16,daylight,0,dry,0,2,6,0,0,0,0,0,1,3,slightly_injured
2019,8,Wed,4,52.52169,13.4355,afternoon,16,daylight,0,dry,0,0,3,0,1,0,1,0,0,3,slightly_injured
2019,8,Wed,4,52.43743,13.4349,afternoon,16,daylight,0,dry,0,5,3,0,1,0,0,0,0,3,slightly_injured
2019,8,Wed,4,52.48405,13.32668,afternoon,15,daylight,0,dry,0,6,4,1,0,1,0,0,0,3,slightly_injured
2019,8,Wed,4,52.44609,13.30123,afternoon,15,daylight,0,dry,0,0,1,1,0,0,0,0,0,3,slightly_injured
2019,8,Wed,4,52.4631,13.44468,afternoon,15,daylight,0,dry,0,5,2,0,1,0,0,0,0,3,slightly_injured
2019,8,Wed,4,52.52266,13.32932,afternoon,15,daylight,0,dry,0,0,6,0,1,0,1,0,0,3,slightly_injured
2019,8,Wed,4,52.52381,13.46076,afternoon,15,daylight,0,dry,0,5,3,1,0,0,0,0,0,3,slightly_injured
2019,8,Wed,4,52.43823,13.54896,afternoon,14,daylight,0,dry,0,0,1,1,0,0,0,0,0,3,slightly_injured
2019,8,Wed,4,52.47031,13.50996,afternoon,14,daylight,0,dry,0,5,7,0,1,0,1,0,0,3,slightly_injured
2019,8,Wed,4,52.56094,13.3545,afternoon,14,daylight,0,dry,0,1,5,0,1,0,0,0,0,3,slightly_injured
2019,8,Wed,4,52.45602,13.61139,afternoon,14,daylight,0,dry,0,5,3,0,1,0,0,0,1,3,slightly_injured
2019,8,Wed,4,52.54858,13.3606,afternoon,13,daylight,0,dry,0,5,3,0,1,0,0,0,0,3,slightly_injured
2019,8,Wed,4,52.48024,13.28623,afternoon,13,daylight,0,dry,0,2,6,0,1,0,0,0,0,3,slightly_injured
2019,8,Wed,4,52.48048,13.41634,afternoon,13,daylight,0,dry,0,5,2,1,1,0,0,0,0,3,slightly_injured
2019,8,Wed,4,52.54541,13.24797,afternoon,12,daylight,0,dry,0,6,4,1,0,1,0,0,0,3,slightly_injured
2019,8,Wed,4,52.55702,13.37355,afternoon,12,daylight,0,dry,0,1,5,1,1,0,0,0,0,3,slightly_injured
2019,8,Wed,4,52.49528,13.39782,morning,11,daylight,0,dry,0,5,3,1,1,0,0,0,0,3,slightly_injured
2019,8,Wed,4,52.52996,13.38629,morning,11,daylight,0,dry,0,6,4,0,0,1,0,0,1,3,slightly_injured
2019,8,Wed,4,52.47591,13.42687,morning,10,daylight,0,dry,0,2,6,0,1,0,1,0,0,3,slightly_injured
2019,8,Wed,4,52.4786,13.32866,morning,10,daylight,0,dry,0,5,2,1,1,0,0,0,0,3,slightly_injured
2019,8,Wed,4,52.47976,13.30564,morning,10,daylight,0,dry,0,5,2,1,0,0,0,0,1,3,slightly_injured
2019,8,Wed,4,52.52568,13.39002,morning,9,daylight,0,dry,0,5,2,1,1,0,0,0,0,3,slightly_injured
2019,8,Wed,4,52.59578,13.29162,morning,9,daylight,0,dry,0,4,6,1,0,0,0,0,0,3,slightly_injured
2019,8,Wed,4,52.53241,13.45426,morning,8,daylight,0,dry,0,6,4,0,1,1,0,0,0,3,slightly_injured
2019,8,Wed,4,52.55231,13.342,morning,8,daylight,0,dry,0,2,7,0,1,0,0,0,0,3,slightly_injured
2019,8,Wed,4,52.5381,13.37321,morning,7,daylight,0,dry,0,6,4,1,0,1,0,0,0,3,slightly_injured
2019,8,Wed,4,52.55022,13.3852,morning,7,daylight,0,dry,0,1,5,1,0,0,0,0,1,3,slightly_injured
2019,8,Wed,4,52.53958,13.2323,morning,7,daylight,0,dry,0,3,6,0,1,0,0,1,0,3,slightly_injured
2019,8,Wed,4,52.44731,13.36211,night,1,dark,2,dry,0,8,1,0,1,0,0,0,0,3,slightly_injured
2019,8,Wed,4,52.48196,13.42486,night,1,dark,2,dry,0,5,2,0,1,0,0,0,0,3,slightly_injured
2019,8,Wed,4,52.52394,13.36617,evening,20,dusk,1,dry,0,5,2,1,1,0,0,0,0,3,slightly_injured
2019,8,Wed,4,52.50119,13.45925,afternoon,12,daylight,0,dry,0,0,2,1,1,0,0,0,0,3,slightly_injured
2019,8,Wed,4,52.53457,13.19973,afternoon,17,daylight,0,dry,0,5,3,1,1,0,0,0,0,2,seriously_injured
2019,8,Wed,4,52.46044,13.50109,afternoon,14,daylight,0,dry,0,3,6,1,0,0,0,0,0,2,seriously_injured
2019,8,Wed,4,52.55726,13.34968,afternoon,12,daylight,0,dry,0,6,4,0,0,1,1,0,0,2,seriously_injured
2019,8,Wed,4,52.51125,13.58899,morning,7,daylight,0,dry,0,5,3,1,1,0,0,0,0,2,seriously_injured
2019,8,Wed,4,52.55073,13.51165,morning,6,daylight,0,dry,0,5,3,1,1,0,0,0,0,2,seriously_injured
2019,8,Tue,3,52.52325,13.30993,morning,8,daylight,0,dry,0,2,2,0,1,0,1,0,0,3,slightly_injured
2019,8,Tue,3,52.42977,13.27965,morning,7,daylight,0,dry,0,5,2,1,1,0,0,0,0,3,slightly_injured
2019,8,Tue,3,52.5267,13.30416,evening,20,dark,2,dry,0,5,3,0,1,0,0,0,1,3,slightly_injured
2019,8,Tue,3,52.5157,13.41738,evening,19,dusk,1,dry,0,0,1,1,0,0,0,0,0,3,slightly_injured
2019,8,Tue,3,52.52083,13.2549,evening,19,dusk,1,dry,0,1,5,1,1,0,0,0,0,3,slightly_injured
2019,8,Tue,3,52.54551,13.42794,evening,19,daylight,0,dry,0,3,6,1,0,0,0,0,0,3,slightly_injured
2019,8,Tue,3,52.51991,13.38012,evening,18,daylight,0,dry,0,0,1,1,0,0,0,0,0,3,slightly_injured
2019,8,Tue,3,52.52689,13.41084,evening,18,daylight,0,dry,0,1,5,1,1,0,0,0,1,3,slightly_injured
2019,8,Tue,3,52.52258,13.37955,afternoon,17,daylight,0,dry,0,6,2,0,1,1,0,0,0,3,slightly_injured
2019,8,Tue,3,52.58178,13.4062,afternoon,17,daylight,0,dry,0,5,3,0,1,0,1,0,0,3,slightly_injured
2019,8,Tue,3,52.54012,13.35857,afternoon,17,daylight,0,dry,0,2,6,1,1,0,0,0,0,3,slightly_injured
2019,8,Tue,3,52.50608,13.30274,afternoon,17,daylight,0,dry,0,6,4,0,1,1,0,0,0,3,slightly_injured
2019,8,Tue,3,52.43122,13.45794,afternoon,17,daylight,0,dry,0,2,6,0,1,0,0,0,0,3,slightly_injured
2019,8,Tue,3,52.516,13.32331,afternoon,16,daylight,0,dry,0,5,3,1,1,0,0,0,0,3,slightly_injured
2019,8,Tue,3,52.41559,13.53098,afternoon,16,daylight,0,dry,0,5,2,0,1,0,0,0,0,3,slightly_injured
2019,8,Tue,3,52.4751,13.29148,afternoon,16,daylight,0,dry,0,5,2,1,1,0,0,0,0,3,slightly_injured
2019,8,Tue,3,52.4782,13.38571,afternoon,16,daylight,0,dry,0,5,2,1,1,0,0,0,0,3,slightly_injured
2019,8,Tue,3,52.53302,13.55654,afternoon,15,daylight,0,dry,0,1,5,1,1,0,0,0,0,3,slightly_injured
2019,8,Tue,3,52.51112,13.29732,morning,9,daylight,0,dry,0,5,2,1,1,0,0,0,0,3,slightly_injured
2019,8,Sun,1,52.49244,13.37201,afternoon,12,daylight,0,dry,0,0,7,1,0,0,0,0,0,2,seriously_injured
2019,8,Tue,3,52.55712,13.3655,night,4,dark,2,dry,1,5,3,0,1,0,0,0,0,3,slightly_injured
2019,8,Tue,3,52.59126,13.45071,afternoon,15,daylight,0,dry,0,0,3,0,1,0,1,0,0,3,slightly_injured
2019,8,Tue,3,52.46482,13.34387,afternoon,14,daylight,0,dry,0,0,5,1,1,0,0,0,0,3,slightly_injured
2019,8,Tue,3,52.45601,13.39974,afternoon,14,daylight,0,dry,0,5,3,0,1,0,0,0,1,3,slightly_injured
2019,8,Tue,3,52.50307,13.36581,afternoon,14,daylight,0,dry,0,5,2,1,1,0,0,0,0,3,slightly_injured
2019,8,Tue,3,52.41561,13.49625,afternoon,14,daylight,0,dry,0,6,4,0,1,1,0,0,0,3,slightly_injured
2019,8,Tue,3,52.53094,13.62085,afternoon,13,daylight,0,dry,0,5,2,1,1,0,0,0,0,3,slightly_injured
2019,8,Tue,3,52.53278,13.38005,afternoon,12,daylight,0,dry,0,5,3,0,1,0,1,0,0,3,slightly_injured
2019,8,Tue,3,52.5415,13.32524,afternoon,12,daylight,0,dry,0,2,6,0,1,0,0,0,0,3,slightly_injured
2019,8,Tue,3,52.556,13.44022,afternoon,12,daylight,0,dry,0,2,6,0,1,0,0,0,0,3,slightly_injured
2019,8,Tue,3,52.55681,13.36538,night,5,dusk,1,dry,0,5,3,1,1,0,0,0,0,3,slightly_injured
2019,8,Tue,3,52.47832,13.36357,morning,11,daylight,0,dry,0,3,6,1,0,0,0,0,1,3,slightly_injured
2019,8,Tue,3,52.50968,13.2739,morning,11,daylight,0,dry,0,5,3,0,1,0,0,0,0,3,slightly_injured
2019,8,Tue,3,52.40876,13.33554,morning,10,daylight,0,dry,0,5,3,1,1,0,0,0,0,3,slightly_injured
2019,8,Tue,3,52.46494,13.32687,morning,10,daylight,0,dry,0,4,6,1,0,0,0,0,0,3,slightly_injured
2019,8,Tue,3,52.40246,13.52213,morning,9,daylight,0,dry,0,5,3,0,1,0,0,1,0,3,slightly_injured
2019,8,Tue,3,52.43096,13.31041,morning,9,daylight,0,dry,0,6,4,1,0,1,0,0,0,3,slightly_injured
2019,8,Tue,3,52.57059,13.39881,morning,8,daylight,0,dry,0,5,2,0,1,0,1,0,0,3,slightly_injured
2019,8,Tue,3,52.53299,13.3295,morning,8,daylight,0,dry,0,5,7,0,1,0,1,0,0,3,slightly_injured
2019,8,Tue,3,52.45731,13.35568,morning,7,daylight,0,dry,0,6,4,1,0,1,0,0,0,3,slightly_injured
2019,8,Tue,3,52.49945,13.30451,morning,8,daylight,0,dry,0,3,6,1,0,0,0,0,1,3,slightly_injured
2019,8,Tue,3,52.42044,13.49192,morning,7,daylight,0,dry,0,5,2,1,0,0,0,0,1,3,slightly_injured
2019,8,Tue,3,52.61584,13.48578,morning,7,daylight,0,dry,0,5,2,1,0,0,0,0,0,3,slightly_injured
2019,8,Tue,3,52.508,13.41928,morning,7,daylight,0,dry,0,5,5,1,1,0,0,0,0,3,slightly_injured
2019,8,Tue,3,52.52741,13.41589,morning,6,daylight,0,dry,0,3,6,0,1,0,1,0,0,3,slightly_injured
2019,8,Tue,3,52.51629,13.49248,afternoon,16,daylight,0,dry,0,0,3,1,0,0,0,0,0,2,seriously_injured
2019,8,Tue,3,52.57039,13.56577,morning,6,dusk,1,dry,0,5,2,1,0,0,0,0,1,3,slightly_injured
2019,8,Tue,3,52.58003,13.30161,afternoon,13,daylight,0,dry,0,8,6,0,1,0,0,0,0,2,seriously_injured
2019,8,Tue,3,52.45649,13.50083,morning,9,daylight,0,dry,0,1,5,1,0,0,0,0,1,2,seriously_injured
2019,8,Tue,3,52.50062,13.42172,morning,9,daylight,0,dry,0,1,5,1,1,0,0,0,1,3,slightly_injured
2019,8,Tue,3,52.46705,13.33772,morning,10,daylight,0,dry,0,2,6,0,1,0,0,0,0,3,slightly_injured
2019,8,Mon,2,52.56392,13.36643,afternoon,15,daylight,0,dry,0,6,4,0,0,1,1,0,0,3,slightly_injured
2019,8,Mon,2,52.44409,13.23749,evening,18,daylight,0,dry,0,6,7,1,0,1,0,0,0,3,slightly_injured
2019,8,Mon,2,52.41644,13.26173,evening,18,daylight,0,dry,0,2,6,1,1,0,0,0,0,3,slightly_injured
2019,8,Mon,2,52.56665,13.36298,afternoon,17,daylight,0,dry,0,5,2,1,0,0,0,0,1,3,slightly_injured
2019,8,Mon,2,52.50067,13.42155,afternoon,17,daylight,0,dry,0,5,3,1,1,0,0,0,0,3,slightly_injured
2019,8,Mon,2,52.52446,13.45734,afternoon,17,daylight,0,dry,0,2,7,0,1,0,0,0,0,3,slightly_injured
2019,8,Mon,2,52.42128,13.2503,afternoon,16,daylight,0,dry,0,2,6,1,1,0,0,0,0,3,slightly_injured
2019,8,Mon,2,52.4734,13.32819,afternoon,16,daylight,0,dry,0,0,7,1,0,0,0,0,0,3,slightly_injured
2019,8,Mon,2,52.52651,13.32434,afternoon,16,daylight,0,dry,0,5,3,1,0,0,0,0,0,3,slightly_injured
2019,8,Mon,2,52.47873,13.28093,afternoon,16,daylight,0,dry,0,1,5,0,1,0,0,0,0,3,slightly_injured
2019,8,Mon,2,52.49305,13.5016,morning,10,daylight,0,dry,0,0,7,1,0,0,0,0,0,3,slightly_injured
2019,9,Mon,2,52.55677,13.37361,afternoon,12,daylight,0,dry,0,0,4,0,0,1,0,0,1,3,slightly_injured
2019,8,Mon,2,52.55501,13.38383,evening,20,dark,2,dry,0,5,3,1,1,0,0,0,0,3,slightly_injured
2019,9,Mon,2,52.44375,13.51811,afternoon,15,daylight,0,dry,0,5,3,1,1,0,0,0,0,3,slightly_injured
2019,9,Mon,2,52.51853,13.48583,morning,7,daylight,0,dry,0,3,2,1,1,0,0,0,0,3,slightly_injured
2019,8,Mon,2,52.56434,13.50835,afternoon,16,daylight,0,dry,0,2,6,0,1,0,0,0,1,3,slightly_injured
2019,8,Mon,2,52.50852,13.47248,afternoon,15,daylight,0,dry,0,5,2,1,0,0,1,0,0,3,slightly_injured
2019,9,Mon,2,52.49077,13.30889,morning,11,daylight,0,dry,0,2,2,0,1,0,0,1,0,3,slightly_injured
2019,9,Mon,2,52.44756,13.2688,morning,11,daylight,0,dry,0,2,6,0,1,0,1,0,0,3,slightly_injured
2019,8,Mon,2,52.53111,13.61883,afternoon,15,daylight,0,dry,0,2,6,0,1,0,0,0,0,3,slightly_injured
2019,9,Mon,2,52.4353,13.36606,morning,10,daylight,0,dry,0,2,6,0,1,0,0,0,0,2,seriously_injured