ujahr,umonat,weekday,uwochentag,long,lat,time_of_day,ustunde,light_condition,ulichtverh,street_condition,ustrzustand,uart,utyp1,ist_rad,ist_pkw,ist_fuss,ist_krad,ist_gkfz,ist_sonstige,ukategorie,accident_outcome
2019,8,Mon,2,52.44268,13.56918,afternoon,15,daylight,0,dry,0,0,3,1,1,0,0,0,0,3,slightly_injured
2019,9,Mon,2,52.5362,13.39127,morning,11,daylight,0,dry,0,2,2,0,1,0,0,0,0,3,slightly_injured
2019,8,Mon,2,52.55123,13.38381,afternoon,15,daylight,0,dry,0,2,6,0,1,0,0,0,1,3,slightly_injured
2019,9,Mon,2,52.42008,13.49002,morning,11,daylight,0,dry,0,5,3,0,1,0,0,0,0,3,slightly_injured
2019,8,Mon,2,52.57321,13.21259,afternoon,15,daylight,0,dry,0,5,3,1,1,0,0,0,0,3,slightly_injured
2019,9,Mon,2,52.5633,13.32948,morning,11,daylight,0,dry,0,3,6,0,1,0,0,0,0,3,slightly_injured
2019,9,Mon,2,52.48828,13.36637,morning,7,daylight,0,dry,0,2,7,0,0,0,1,0,1,3,slightly_injured
2019,8,Mon,2,52.4325,13.28715,afternoon,14,daylight,0,dry,0,0,1,1,0,0,0,0,0,3,slightly_injured
2019,8,Mon,2,52.52225,13.32832,afternoon,12,daylight,0,dry,0,5,3,1,1,0,0,0,0,3,slightly_injured
2019,9,Mon,2,52.44836,13.57468,morning,10,daylight,0,dry,0,0,1,1,0,0,0,0,0,3,slightly_injured
2019,8,Mon,2,52.51234,13.38958,morning,11,daylight,0,dry,0,2,6,1,1,0,0,0,0,3,slightly_injured
2019,9,Mon,2,52.5146,13.38679,morning,7,daylight,0,dry,0,1,5,1,1,0,0,0,0,3,slightly_injured
2019,8,Mon,2,52.51945,13.45809,afternoon,13,daylight,0,dry,0,5,3,1,1,0,0,0,0,3,slightly_injured
2019,9,Mon,2,52.44714,13.50696,afternoon,14,daylight,0,dry,0,5,3,1,1,0,0,0,0,3,slightly_injured
2019,8,Mon,2,52.43878,13.27106,morning,11,daylight,0,dry,0,5,2,1,1,0,0,0,0,2,seriously_injured
2019,9,Mon,2,52.53211,13.39309,morning,10,daylight,0,dry,0,0,1,1,1,0,0,0,0,3,slightly_injured
2019,8,Mon,2,52.53094,13.47735,morning,10,daylight,0,dry,0,0,6,0,1,0,1,0,0,3,slightly_injured
2019,9,Mon,2,52.4766,13.60049,morning,10,daylight,0,dry,0,2,6,0,0,0,1,1,0,3,slightly_injured
2019,9,Mon,2,52.51479,13.34898,afternoon,14,daylight,0,dry,0,5,3,0,1,0,1,0,0,3,slightly_injured
2019,8,Mon,2,52.51066,13.47434,morning,10,daylight,0,dry,0,5,5,1,0,0,0,0,1,3,slightly_injured
2019,9,Mon,2,52.49859,13.41052,morning,10,daylight,0,dry,0,5,3,0,1,0,0,0,1,3,slightly_injured
2019,8,Mon,2,52.43121,13.48361,morning,9,daylight,0,dry,0,5,3,0,1,0,0,0,0,3,slightly_injured
2019,9,Mon,2,52.48678,13.56039,morning,9,daylight,0,dry,0,2,6,1,1,0,0,0,0,3,slightly_injured
2019,9,Mon,2,52.52435,13.35094,morning,9,daylight,0,dry,0,5,2,0,1,0,1,0,0,2,seriously_injured
2019,8,Mon,2,52.51321,13.33025,morning,9,daylight,0,dry,0,0,1,1,0,0,0,0,0,3,slightly_injured
2019,9,Mon,2,52.51168,13.26877,morning,9,daylight,0,dry,0,6,7,0,0,1,0,0,1,2,seriously_injured
2019,8,Mon,2,52.5725,13.31362,morning,8,daylight,0,dry,0,1,1,0,1,0,0,0,0,3,slightly_injured
2019,9,Mon,2,52.49064,13.33102,morning,8,daylight,0,dry,0,2,6,0,1,0,1,0,0,3,slightly_injured
2019,8,Mon,2,52.49848,13.40725,morning,8,daylight,0,dry,0,2,6,0,1,0,0,0,0,3,slightly_injured
2019,9,Mon,2,52.44408,13.57751,morning,8,daylight,0,dry,0,2,6,0,1,0,0,0,0,2,seriously_injured
2019,8,Mon,2,52.49065,13.31528,morning,7,daylight,0,dry,0,5,2,1,1,0,0,0,0,3,slightly_injured
2019,9,Mon,2,52.513,13.28731,morning,8,daylight,0,dry,0,5,2,1,1,0,0,0,0,3,slightly_injured
2019,9,Mon,2,52.4587,13.35471,morning,10,daylight,0,dry,0,9,7,0,1,0,0,0,0,2,seriously_injured
2019,8,Mon,2,52.42773,13.32637,morning,7,daylight,0,dry,0,5,2,1,1,0,0,0,0,3,slightly_injured
2019,8,Mon,2,52.51276,13.43109,night,5,dusk,1,dry,0,5,2,0,1,0,1,0,0,3,slightly_injured
2019,9,Sun,1,52.49558,13.40412,afternoon,13,daylight,0,dry,0,6,7,0,0,1,0,0,1,3,slightly_injured
2019,8,Mon,2,52.5118,13.45663,night,0,dark,2,dry,0,0,1,0,0,0,1,0,0,3,slightly_injured
2019,9,Sun,1,52.53231,13.41373,night,0,dark,2,dry,0,5,3,0,1,0,0,0,1,3,slightly_injured
2019,8,Mon,2,52.57358,13.42202,evening,23,dark,2,dry,1,0,1,1,0,0,0,0,0,3,slightly_injured
2019,9,Sun,1,52.41972,13.29917,afternoon,17,daylight,0,dry,0,6,4,0,1,1,0,0,0,2,seriously_injured
2019,8,Mon,2,52.55683,13.36566,evening,21,dark,2,dry,1,5,3,1,1,0,0,0,0,3,slightly_injured
2019,9,Sun,1,52.54203,13.35617,evening,20,dark,2,dry,0,6,4,1,0,1,0,0,0,3,slightly_injured
2019,9,Sun,1,52.51287,13.28526,evening,18,daylight,0,dry,0,5,2,1,1,0,0,0,0,3,slightly_injured
2019,8,Mon,2,52.51331,13.52147,evening,20,dusk,1,dry,1,0,7,1,1,0,0,0,0,3,slightly_injured
2019,9,Sun,1,52.48155,13.43975,evening,18,daylight,0,dry,0,0,6,0,1,0,0,0,1,3,slightly_injured
2019,8,Mon,2,52.45085,13.33954,evening,19,dark,2,dry,1,1,5,1,0,0,0,0,1,3,slightly_injured
2019,9,Sun,1,52.57044,13.56562,afternoon,17,daylight,0,dry,0,5,2,0,1,0,0,0,0,3,slightly_injured
2019,8,Mon,2,52.55879,13.22769,evening,18,daylight,0,dry,0,3,2,0,1,0,0,1,0,3,slightly_injured
2019,9,Sun,1,52.54019,13.57607,afternoon,16,daylight,0,dry,0,6,6,1,0,1,0,0,0,3,slightly_injured
2019,8,Mon,2,52.56823,13.37258,evening,22,dark,2,dry,1,5,3,0,1,0,0,0,1,2,seriously_injured
2019,9,Sun,1,52.49742,13.52343,morning,11,daylight,0,dry,0,5,3,1,1,0,0,0,0,3,slightly_injured
2019,9,Sun,1,52.50697,13.39445,morning,11,daylight,0,dry,0,5,3,1,1,0,0,0,0,3,slightly_injured
2019,8,Mon,2,52.51312,13.45814,evening,20,dark,2,dry,1,1,1,0,1,0,1,0,0,2,seriously_injured
2019,9,Sun,1,52.5383,13.21459,morning,10,daylight,0,dry,0,5,2,1,1,0,0,0,0,3,slightly_injured
2019,8,Mon,2,52.54288,13.19854,evening,20,dusk,1,dry,1,5,2,0,1,0,1,0,0,2,seriously_injured
2019,9,Sun,1,52.53405,13.3787,morning,10,daylight,0,dry,0,1,5,1,1,0,0,0,0,3,slightly_injured
2019,8,Mon,2,52.53763,13.60447,afternoon,17,daylight,0,dry,0,3,6,0,1,0,1,0,0,3,slightly_injured
2019,9,Sun,1,52.45834,13.49715,morning,8,daylight,0,dry,0,2,6,0,1,0,0,0,0,3,slightly_injured
2019,8,Mon,2,52.60335,13.43162,afternoon,14,daylight,0,dry,0,3,6,1,0,0,0,0,1,2,seriously_injured
2019,8,Sat,7,52.51206,13.47559,evening,22,dark,2,dry,0,2,6,0,1,0,1,0,0,3,slightly_injured
2019,8,Sat,7,52.52498,13.40642,evening,21,dark,2,dry,0,5,3,1,0,0,0,0,1,2,seriously_injured
2019,8,Mon,2,52.47863,13.43778,afternoon,13,daylight,0,dry,0,2,6,1,1,0,0,0,0,2,seriously_injured
2019,8,Mon,2,52.51783,13.31353,morning,8,daylight,0,dry,0,3,6,1,1,0,0,0,0,2,seriously_injured
2019,8,Sat,7,52.50634,13.46998,evening,21,dark,2,dry,0,0,1,0,0,0,1,0,0,3,slightly_injured
2019,8,Sat,7,52.58523,13.37462,evening,20,dusk,1,dry,0,1,5,0,1,0,0,0,0,3,slightly_injured
2019,8,Mon,2,52.39925,13.41022,night,5,dusk,1,dry,0,0,3,0,1,0,1,0,0,3,slightly_injured
2019,8,Sat,7,52.5653,13.52409,evening,19,dusk,1,dry,0,0,7,0,0,1,0,0,1,2,seriously_injured
2019,8,Mon,2,52.51072,13.3767,morning,7,daylight,0,dry,0,6,2,1,0,1,0,0,0,3,slightly_injured
2019,8,Sat,7,52.48117,13.29595,evening,18,daylight,0,dry,0,5,3,0,1,0,0,0,0,3,slightly_injured
2019,8,Sat,7,52.44929,13.43605,evening,18,daylight,0,dry,0,5,3,1,0,0,0,0,1,2,seriously_injured
2019,8,Sun,1,52.46713,13.43154,afternoon,13,daylight,0,dry,0,2,6,0,1,0,1,0,0,3,slightly_injured
2019,8,Sat,7,52.46807,13.44526,afternoon,17,daylight,0,dry,0,1,5,1,0,0,0,0,1,3,slightly_injured
2019,8,Sat,7,52.49763,13.57789,afternoon,17,daylight,0,dry,0,5,2,1,1,0,0,0,0,3,slightly_injured
2019,8,Sun,1,52.45102,13.27049,morning,8,daylight,0,dry,0,5,2,1,1,0,0,0,0,3,slightly_injured
2019,8,Sat,7,52.50338,13.32894,afternoon,17,daylight,0,dry,0,2,6,1,1,0,0,0,0,3,slightly_injured
2019,8,Sun,1,52.50447,13.33409,evening,23,dark,2,dry,0,2,6,0,1,0,0,0,0,3,slightly_injured
2019,8,Sat,7,52.56984,13.52973,afternoon,16,daylight,0,dry,0,5,3,0,1,0,1,0,0,2,seriously_injured
2019,8,Sat,7,52.54616,13.34419,afternoon,15,daylight,0,dry,0,5,3,1,0,0,1,0,0,3,slightly_injured
2019,8,Sun,1,52.52461,13.33484,evening,22,dark,2,dry,0,5,3,1,0,0,1,0,0,3,slightly_injured
2019,8,Sat,7,52.50818,13.41999,afternoon,14,daylight,0,dry,0,0,1,0,0,0,1,0,0,3,slightly_injured
2019,8,Sun,1,52.46269,13.3351,evening,19,daylight,0,dry,0,0,2,1,1,0,0,0,0,3,slightly_injured
2019,8,Sat,7,52.55031,13.3915,afternoon,13,daylight,0,dry,0,5,3,1,1,0,0,0,0,3,slightly_injured
2019,8,Sun,1,52.50488,13.3424,evening,18,daylight,0,dry,0,1,5,1,1,0,0,0,0,3,slightly_injured
2019,8,Sat,7,52.42063,13.42707,afternoon,13,daylight,0,dry,0,6,4,1,0,1,0,0,0,3,slightly_injured
2019,8,Sat,7,52.49078,13.31512,afternoon,13,daylight,0,dry,0,2,6,0,1,0,0,0,0,3,slightly_injured
2019,8,Sun,1,52.5534,13.15351,afternoon,17,daylight,0,dry,0,5,2,0,1,0,1,0,0,3,slightly_injured
2019,8,Sun,1,52.59402,13.31728,afternoon,17,daylight,0,dry,0,0,1,0,0,0,1,0,0,3,slightly_injured
2019,8,Sat,7,52.50509,13.39687,afternoon,13,daylight,0,dry,0,1,5,1,1,0,0,0,0,3,slightly_injured
2019,8,Sat,7,52.45039,13.43505,afternoon,13,daylight,0,dry,0,2,6,0,1,0,0,0,0,3,slightly_injured
2019,8,Sun,1,52.40923,13.26735,afternoon,17,daylight,0,dry,0,2,6,0,1,0,1,0,0,3,slightly_injured
2019,8,Sat,7,52.55592,13.38185,afternoon,13,daylight,0,dry,0,1,6,0,1,0,0,0,0,3,slightly_injured
2019,8,Sun,1,52.46623,13.31826,afternoon,15,daylight,0,dry,0,5,3,0,1,0,1,0,0,3,slightly_injured
2019,8,Sat,7,52.55125,13.38378,afternoon,12,daylight,0,dry,0,2,6,0,1,0,0,0,0,3,slightly_injured
2019,8,Sat,7,52.50524,13.43316,afternoon,12,daylight,0,dry,0,2,6,0,1,0,0,0,0,3,slightly_injured
2019,8,Sun,1,52.45833,13.5407,afternoon,14,daylight,0,dry,0,1,6,0,1,0,1,0,0,3,slightly_injured
2019,8,Sat,7,52.48479,13.43405,morning,11,daylight,0,dry,0,3,6,1,1,0,0,0,0,3,slightly_injured
2019,8,Sat,7,52.59692,13.34688,morning,10,daylight,0,dry,0,2,2,0,1,0,1,0,0,3,slightly_injured
2019,8,Sun,1,52.5154,13.26244,afternoon,14,daylight,0,dry,0,3,6,0,1,0,1,0,0,3,slightly_injured
2019,8,Sat,7,52.52071,13.46952,morning,9,daylight,0,dry,0,1,6,1,1,0,0,0,0,3,slightly_injured
2019,8,Sun,1,52.51009,13.38415,afternoon,14,daylight,0,dry,0,6,2,1,0,1,0,0,0,3,slightly_injured
2019,8,Sat,7,52.56649,13.41476,morning,8,daylight,0,dry,0,1,5,1,1,0,0,0,0,3,slightly_injured
2019,8,Sat,7,52.46909,13.4913,morning,7,daylight,0,dry,0,5,2,0,1,0,0,0,0,2,seriously_injured
2019,8,Sun,1,52.55202,13.57626,evening,21,dark,2,dry,0,0,1,1,0,0,0,0,0,2,seriously_injured
2019,8,Sun,1,52.52381,13.42346,morning,11,daylight,0,dry,0,5,7,0,1,0,0,0,1,3,slightly_injured
2019,8,Sat,7,52.51666,13.3702,night,4,dark,2,dry,0,8,1,0,1,0,0,0,0,3,slightly_injured
2019,8,Sat,7,52.41495,13.34809,afternoon,12,daylight,0,dry,0,6,7,0,1,1,0,0,0,3,slightly_injured
2019,8,Sun,1,52.5171,13.44063,morning,10,daylight,0,dry,0,5,2,0,1,0,0,0,0,3,slightly_injured
2019,8,Sat,7,52.50154,13.42393,night,0,dark,2,dry,0,6,4,1,0,1,0,0,0,2,seriously_injured
2019,8,Sun,1,52.5853,13.27964,night,3,dark,2,dry,0,0,1,1,0,0,0,0,0,3,slightly_injured
2019,8,Sun,1,52.53455,13.19977,night,0,dark,2,dry,0,5,3,1,1,0,0,0,0,3,slightly_injured
2019,8,Sat,7,52.50683,13.30218,afternoon,13,daylight,0,dry,0,5,2,1,1,0,0,0,0,3,slightly_injured
2019,8,Fri,6,52.46429,13.41198,evening,18,daylight,0,dry,0,5,3,1,0,0,0,0,0,3,slightly_injured
2019,8,Sat,7,52.51416,13.49647,evening,22,dark,2,dry,0,0,1,1,0,0,0,0,0,2,seriously_injured
2019,8,Fri,6,52.50355,13.32975,evening,23,dark,2,dry,0,6,7,0,1,1,0,0,0,3,slightly_injured
2019,8,Sat,7,52.49035,13.42385,evening,22,dark,2,dry,0,2,7,1,1,0,0,0,0,3,slightly_injured
2019,8,Fri,6,52.47835,13.43266,evening,21,dark,2,dry,0,5,3,1,1,0,0,0,0,2,seriously_injured
2019,8,Sat,7,52.49925,13.48049,morning,10,daylight,0,dry,0,0,7,1,0,0,0,0,0,3,slightly_injured
2019,8,Fri,6,52.54207,13.45337,evening,19,daylight,0,dry,0,5,3,1,1,0,0,0,0,3,slightly_injured
2019,8,Sat,7,52.49733,13.36382,evening,18,daylight,0,dry,0,5,3,0,1,0,0,0,0,3,slightly_injured
2019,8,Fri,6,52.51462,13.27375,evening,19,daylight,0,dry,0,5,3,1,1,0,0,0,0,3,slightly_injured
2019,8,Sat,7,52.56145,13.32599,evening,18,daylight,0,dry,0,2,6,0,1,0,0,0,0,3,slightly_injured
2019,8,Fri,6,52.41391,13.32538,evening,18,daylight,0,dry,0,5,3,1,1,0,0,0,0,3,slightly_injured
2019,8,Sat,7,52.51142,13.38328,afternoon,17,daylight,0,dry,0,5,2,1,1,0,0,0,0,3,slightly_injured
2019,8,Fri,6,52.54441,13.43843,afternoon,17,daylight,0,dry,0,5,5,0,1,0,1,0,0,3,slightly_injured
2019,8,Sat,7,52.50086,13.41899,evening,23,dark,2,dry,0,1,5,1,1,0,0,0,0,3,slightly_injured
2019,8,Fri,6,52.5055,13.30282,afternoon,17,daylight,0,dry,0,5,3,1,1,0,0,0,0,2,seriously_injured
2019,8,Fri,6,52.50559,13.30385,afternoon,17,daylight,0,dry,0,0,7,1,0,0,0,0,0,2,seriously_injured
2019,8,Sat,7,52.53859,13.21303,evening,18,daylight,0,dry,0,0,6,0,1,0,1,0,0,3,slightly_injured
2019,8,Fri,6,52.49887,13.34592,afternoon,16,daylight,0,dry,0,5,2,0,1,0,1,0,0,3,slightly_injured
2019,8,Sat,7,52.45579,13.36705,afternoon,17,daylight,0,dry,0,5,3,1,1,0,0,0,0,3,slightly_injured
2019,8,Fri,6,52.62665,13.50783,afternoon,13,daylight,0,dry,0,4,6,0,1,0,0,0,0,3,slightly_injured
2019,8,Fri,6,52.51797,13.40617,morning,9,daylight,0,dry,0,3,6,0,1,0,0,0,1,3,slightly_injured
2019,8,Sat,7,52.49317,13.5655,afternoon,15,daylight,0,dry,0,0,7,1,0,0,0,0,0,3,slightly_injured
2019,8,Fri,6,52.54477,13.36162,afternoon,15,daylight,0,dry,0,0,7,0,0,0,1,0,0,3,slightly_injured
2019,8,Sat,7,52.55388,13.20795,evening,23,dark,2,dry,0,2,6,0,1,0,0,0,0,3,slightly_injured
2019,8,Fri,6,52.50685,13.29723,afternoon,15,daylight,0,dry,0,1,5,1,1,0,0,0,0,3,slightly_injured
2019,8,Sat,7,52.46835,13.43082,evening,21,dark,2,dry,0,3,6,0,1,0,1,0,0,3,slightly_injured
2019,8,Fri,6,52.57845,13.3161,afternoon,15,daylight,0,dry,0,2,6,0,1,0,1,0,0,3,slightly_injured
2019,8,Sat,7,52.54069,13.20608,evening,19,dusk,1,dry,0,6,4,0,1,1,0,0,0,3,slightly_injured
2019,8,Fri,6,52.5745,13.34593,afternoon,14,daylight,0,dry,0,5,2,1,0,0,0,0,1,3,slightly_injured
2019,8,Fri,6,52.51584,13.35233,afternoon,13,daylight,0,dry,0,5,3,1,1,0,0,0,0,3,slightly_injured
2019,8,Sat,7,52.52682,13.21573,afternoon,15,daylight,0,dry,0,2,2,0,1,0,0,0,0,3,slightly_injured
2019,8,Sat,7,52.5353,13.38527,evening,19,daylight,0,dry,0,0,7,1,0,0,0,0,0,2,seriously_injured
2019,8,Fri,6,52.46866,13.37486,afternoon,13,daylight,0,dry,0,5,7,0,1,0,0,0,0,3,slightly_injured
2019,8,Sat,7,52.43829,13.54955,afternoon,14,daylight,0,dry,0,5,3,1,1,0,0,0,0,3,slightly_injured
2019,8,Fri,6,52.44624,13.43429,afternoon,13,daylight,0,dry,0,5,2,1,1,0,0,0,0,3,slightly_injured
2019,8,Sat,7,52.56896,13.41831,afternoon,14,daylight,0,dry,0,2,3,0,1,0,0,0,0,3,slightly_injured
2019,8,Fri,6,52.50658,13.30982,afternoon,13,daylight,0,dry,0,2,6,0,1,0,0,0,0,3,slightly_injured
2019,8,Fri,6,52.52112,13.30621,afternoon,12,daylight,0,dry,0,5,2,1,1,0,0,0,0,3,slightly_injured
2019,8,Sat,7,52.44408,13.57753,afternoon,13,daylight,0,dry,0,2,6,0,1,0,0,0,0,3,slightly_injured
2019,8,Sat,7,52.42251,13.46205,afternoon,13,daylight,0,dry,0,5,2,0,1,0,0,0,0,3,slightly_injured
2019,8,Fri,6,52.44991,13.49244,afternoon,12,daylight,0,dry,0,5,3,1,0,0,0,0,1,3,slightly_injured
2019,8,Fri,6,52.57259,13.41873,morning,11,daylight,0,dry,0,0,3,1,0,0,0,0,1,3,slightly_injured
2019,8,Sat,7,52.45079,13.57225,afternoon,12,daylight,0,dry,0,5,3,1,0,0,0,0,0,3,slightly_injured
2019,8,Fri,6,52.53385,13.17918,morning,11,daylight,0,dry,0,0,3,0,1,0,1,0,0,3,slightly_injured
2019,8,Sat,7,52.46669,13.33855,morning,11,daylight,0,dry,0,5,2,1,1,0,0,0,0,3,slightly_injured
2019,8,Fri,6,52.44796,13.37909,morning,9,daylight,0,dry,0,1,5,1,1,0,0,0,0,3,slightly_injured
2019,8,Fri,6,52.50943,13.40041,morning,9,daylight,0,dry,0,5,3,1,1,0,0,0,0,3,slightly_injured
2019,8,Sat,7,52.41825,13.67219,morning,11,daylight,0,dry,0,8,1,0,0,0,1,0,0,2,seriously_injured
2019,8,Fri,6,52.47591,13.4398,morning,9,daylight,0,dry,0,2,6,0,1,0,0,0,0,3,slightly_injured
2019,8,Sat,7,52.50698,13.33364,morning,6,daylight,0,dry,1,8,7,0,1,0,0,0,0,2,seriously_injured
2019,8,Fri,6,52.58465,13.22707,morning,8,daylight,0,dry,0,5,2,1,1,0,0,0,0,3,slightly_injured
2019,8,Sat,7,52.49627,13.42772,afternoon,12,daylight,0,dry,0,5,3,0,1,0,0,0,0,3,slightly_injured
2019,8,Fri,6,52.42148,13.43013,morning,8,daylight,0,dry,0,6,4,0,1,1,0,0,0,3,slightly_injured
2019,8,Sat,7,52.47251,13.43458,afternoon,16,daylight,0,dry,0,5,3,1,1,0,0,0,0,3,slightly_injured
2019,8,Fri,6,52.5633,13.39096,morning,8,daylight,0,dry,0,5,2,1,1,0,0,0,0,3,slightly_injured
2019,8,Fri,6,52.3964,13.40149,morning,7,daylight,0,dry,0,1,5,0,1,0,0,1,0,3,slightly_injured
2019,8,Fri,6,52.53886,13.43639,night,3,dark,2,dry,0,6,4,0,1,1,0,0,0,3,slightly_injured
2019,8,Fri,6,52.489,13.34505,afternoon,15,daylight,0,dry,0,5,3,0,1,0,0,0,0,3,slightly_injured
2019,8,Fri,6,52.51343,13.42396,morning,7,daylight,0,dry,0,5,2,1,1,0,0,0,0,3,slightly_injured
2019,8,Fri,6,52.46541,13.3955,morning,9,daylight,0,dry,0,6,4,0,1,1,0,0,0,3,slightly_injured
2019,8,Fri,6,52.45427,13.32819,evening,19,daylight,0,dry,0,5,3,0,1,0,1,0,0,3,slightly_injured
2019,8,Fri,6,52.44795,13.62428,afternoon,16,daylight,0,dry,0,5,7,0,1,0,1,0,0,2,seriously_injured
2019,8,Fri,6,52.5002,13.43797,afternoon,13,daylight,0,dry,0,0,2,1,0,0,0,0,1,3,slightly_injured
2019,8,Fri,6,52.51336,13.41332,afternoon,16,daylight,0,dry,0,1,5,0,1,0,0,0,1,2,seriously_injured
2019,8,Fri,6,52.52907,13.40847,night,1,dark,2,dry,0,0,1,0,0,0,0,0,1,3,slightly_injured
2019,8,Fri,6,52.55973,13.36983,afternoon,13,daylight,0,dry,0,5,2,0,1,0,0,0,0,2,seriously_injured
2019,8,Fri,6,52.44472,13.57163,evening,20,dusk,1,dry,0,0,6,1,0,0,0,0,1,3,slightly_injured
2019,8,Fri,6,52.53354,13.42804,morning,8,daylight,0,dry,0,0,6,0,0,0,1,0,0,3,slightly_injured
2019,8,Fri,6,52.56118,13.41092,evening,20,dusk,1,dry,0,5,2,1,1,0,0,0,0,3,slightly_injured
2019,8,Fri,6,52.52201,13.34854,morning,8,daylight,0,dry,0,5,3,1,0,0,0,0,0,2,seriously_injured
2019,8,Fri,6,52.43152,13.54691,afternoon,17,daylight,0,dry,0,5,2,1,1,0,0,0,0,3,slightly_injured
2019,8,Fri,6,52.49918,13.48075,morning,11,daylight,0,dry,0,0,6,0,1,0,0,0,0,3,slightly_injured
2019,8,Fri,6,52.42233,13.28239,morning,9,daylight,0,dry,0,1,5,1,1,0,0,0,0,2,seriously_injured
2019,8,Fri,6,52.44031,13.43491,evening,19,daylight,0,dry,0,0,2,0,1,0,0,0,1,2,seriously_injured
2019,8,Fri,6,52.51638,13.29621,night,4,dark,2,dry,0,1,5,1,1,0,0,0,0,3,slightly_injured
2019,8,Fri,6,52.46178,13.31831,evening,19,daylight,0,dry,0,6,4,1,0,1,0,0,0,2,seriously_injured
2019,8,Thu,5,52.53245,13.3851,morning,9,daylight,0,dry,0,5,2,1,1,0,0,0,0,3,slightly_injured
2019,8,Fri,6,52.48141,13.43884,evening,18,daylight,0,dry,0,2,6,1,1,0,0,0,0,3,slightly_injured
2019,8,Thu,5,52.54891,13.36333,evening,21,dark,2,dry,0,1,5,1,1,0,0,0,0,3,slightly_injured
2019,8,Fri,6,52.56859,13.3686,evening,18,daylight,0,dry,0,1,5,1,1,0,0,0,0,3,slightly_injured
2019,8,Thu,5,52.63602,13.27848,evening,19,dusk,1,dry,0,3,6,1,1,0,0,0,0,3,slightly_injured
2019,8,Thu,5,52.52834,13.47881,evening,18,daylight,0,dry,0,5,3,1,0,0,0,0,0,3,slightly_injured
2019,8,Fri,6,52.49117,13.41573,evening,18,daylight,0,dry,0,6,4,1,0,1,0,0,0,3,slightly_injured
2019,8,Fri,6,52.50507,13.41186,afternoon,17,daylight,0,dry,0,1,5,1,0,0,0,0,1,3,slightly_injured
2019,8,Thu,5,52.4634,13.4021,evening,18,daylight,0,dry,0,5,2,1,1,0,0,0,0,3,slightly_injured
2019,8,Thu,5,52.51119,13.37164,evening,18,daylight,0,dry,0,2,6,0,1,0,0,0,0,3,slightly_injured
2019,8,Fri,6,52.47129,13.33516,afternoon,16,daylight,0,dry,0,5,2,1,1,0,0,0,0,2,seriously_injured
2019,8,Thu,5,52.51201,13.38133,afternoon,17,daylight,0,dry,0,5,3,1,0,0,0,0,1,3,slightly_injured
2019,8,Fri,6,52.48722,13.33067,afternoon,16,daylight,0,dry,0,5,2,1,0,0,0,0,1,3,slightly_injured
2019,8,Thu,5,52.41294,13.53673,evening,19,daylight,0,dry,0,5,3,0,1,0,1,0,0,3,slightly_injured
2019,8,Thu,5,52.52555,13.34139,afternoon,17,daylight,0,dry,0,6,4,0,1,1,0,0,0,3,slightly_injured
2019,8,Fri,6,52.50926,13.37182,evening,22,dark,2,dry,0,2,2,1,1,0,0,0,0,3,slightly_injured
2019,8,Thu,5,52.48658,13.32254,afternoon,15,daylight,0,dry,0,0,7,1,0,0,0,0,0,3,slightly_injured
2019,8,Thu,5,52.50957,13.39182,afternoon,15,daylight,0,dry,0,5,3,1,1,0,0,0,0,3,slightly_injured
2019,8,Fri,6,52.3994,13.5442,afternoon,16,daylight,0,dry,0,5,2,1,1,0,0,0,0,2,seriously_injured
2019,8,Thu,5,52.57063,13.41663,afternoon,15,daylight,0,dry,0,5,3,1,0,0,0,0,0,3,slightly_injured
2019,8,Thu,5,52.4384,13.35411,afternoon,14,daylight,0,dry,0,3,2,0,1,0,1,0,0,3,slightly_injured
2019,8,Fri,6,52.54415,13.24704,evening,22,dark,2,dry,0,5,2,1,1,0,0,0,0,3,slightly_injured
2019,8,Thu,5,52.49667,13.346,afternoon,14,daylight,0,dry,0,3,5,1,1,0,0,0,0,3,slightly_injured
2019,8,Fri,6,52.47246,13.29857,evening,22,dark,2,dry,0,5,2,1,1,0,0,0,0,2,seriously_injured
2019,8,Thu,5,52.57104,13.40895,afternoon,14,daylight,0,dry,0,5,2,1,1,0,0,0,0,3,slightly_injured
2019,8,Fri,6,52.49947,13.31651,evening,21,dusk,1,dry,0,5,2,1,1,0,0,0,0,3,slightly_injured
2019,8,Thu,5,52.49958,13.43375,afternoon,14,daylight,0,dry,0,4,7,1,0,0,0,0,0,3,slightly_injured
2019,8,Fri,6,52.52077,13.48596,evening,20,dusk,1,dry,0,0,2,1,1,0,0,0,0,3,slightly_injured
2019,8,Thu,5,52.53777,13.26912,afternoon,14,daylight,0,dry,0,5,3,1,1,0,0,0,0,3,slightly_injured
2019,8,Thu,5,52.46163,13.13375,afternoon,14,daylight,0,dry,0,5,2,1,1,0,0,0,0,3,slightly_injured
2019,8,Fri,6,52.47377,13.42795,afternoon,16,daylight,0,dry,0,3,6,0,1,0,1,0,0,2,seriously_injured
2019,8,Fri,6,52.50859,13.39029,afternoon,16,daylight,0,dry,0,5,3,0,1,0,0,0,1,3,slightly_injured
2019,8,Thu,5,52.5148,13.31524,afternoon,13,daylight,0,dry,0,0,2,0,1,0,0,0,1,3,slightly_injured
2019,8,Thu,5,52.43255,13.46209,afternoon,14,daylight,0,dry,0,2,6,0,1,0,0,0,0,2,seriously_injured
2019,8,Fri,6,52.596,13.29159,afternoon,15,daylight,0,dry,0,5,2,0,1,0,1,0,0,3,slightly_injured
2019,8,Thu,5,52.51206,13.40004,afternoon,12,daylight,0,dry,0,5,3,1,0,0,0,0,0,3,slightly_injured
2019,8,Fri,6,52.56093,13.33324,afternoon,15,daylight,0,dry,0,5,2,1,1,0,0,0,0,3,slightly_injured
2019,8,Thu,5,52.43372,13.49786,afternoon,12,daylight,0,dry,0,5,3,0,1,0,0,0,0,3,slightly_injured