ujahr,umonat,weekday,uwochentag,long,lat,time_of_day,ustunde,light_condition,ulichtverh,street_condition,ustrzustand,uart,utyp1,ist_rad,ist_pkw,ist_fuss,ist_krad,ist_gkfz,ist_sonstige,ukategorie,accident_outcome
2019,8,Fri,6,52.52832,13.22884,afternoon,12,daylight,0,dry,0,2,6,0,1,0,0,0,0,3,slightly_injured
2019,8,Thu,5,52.56236,13.33111,morning,10,daylight,0,dry,0,0,6,0,1,0,1,0,0,3,slightly_injured
2019,8,Fri,6,52.54947,13.17321,morning,11,daylight,0,dry,0,5,3,1,1,0,0,0,0,3,slightly_injured
2019,8,Thu,5,52.45684,13.39407,morning,10,daylight,0,dry,0,0,7,0,1,0,0,0,1,3,slightly_injured
2019,8,Fri,6,52.5449,13.39095,morning,11,daylight,0,dry,0,2,6,0,1,0,0,0,0,3,slightly_injured
2019,8,Sun,1,52.55617,13.41964,afternoon,13,daylight,0,dry,0,5,3,0,1,0,0,0,0,3,slightly_injured
2019,9,Mon,2,52.43586,13.69943,morning,8,daylight,0,dry,1,5,3,0,1,0,0,0,0,3,slightly_injured
2019,9,Mon,2,52.57872,13.30927,morning,7,daylight,0,dry,1,5,3,0,1,0,0,0,1,3,slightly_injured
2019,9,Mon,2,52.49138,13.426,morning,7,daylight,0,dry,1,5,3,0,1,0,0,0,0,3,slightly_injured
2019,9,Mon,2,52.44472,13.37965,morning,6,dark,2,dry,1,2,2,0,1,0,0,0,1,3,slightly_injured
2019,9,Mon,2,52.42785,13.4681,afternoon,14,daylight,0,dry,1,6,2,0,1,1,0,0,0,3,slightly_injured
2019,9,Mon,2,52.49911,13.48078,morning,6,dusk,1,dry,1,5,2,1,1,0,0,0,0,3,slightly_injured
2019,9,Mon,2,52.5381,13.32621,night,5,daylight,0,dry,1,2,6,0,1,0,0,0,0,3,slightly_injured
2019,9,Mon,2,52.45385,13.57523,evening,18,daylight,0,dry,1,5,3,1,1,0,0,0,0,3,slightly_injured
2019,9,Sun,1,52.5197,13.29941,evening,22,dark,2,dry,0,5,3,1,1,0,0,0,0,3,slightly_injured
2019,9,Sun,1,52.54615,13.37629,night,3,dark,2,dry,0,1,5,0,1,0,0,0,0,3,slightly_injured
2019,9,Sun,1,52.47643,13.43437,evening,21,dark,2,dry,0,1,5,0,1,0,0,0,0,3,slightly_injured
2019,9,Sun,1,52.47815,13.4311,evening,21,dark,2,dry,0,6,7,1,0,1,0,0,0,2,seriously_injured
2019,9,Sun,1,52.42068,13.38864,evening,21,dark,2,dry,0,1,5,0,1,0,0,0,0,3,slightly_injured
2019,9,Sun,1,52.45568,13.37065,evening,18,daylight,0,dry,0,2,7,0,1,0,1,0,0,3,slightly_injured
2019,9,Sun,1,52.43156,13.40211,afternoon,14,daylight,0,dry,0,1,5,0,1,0,0,0,1,3,slightly_injured
2019,9,Sun,1,52.47861,13.4347,night,2,dark,2,dry,0,0,1,1,0,0,0,0,0,2,seriously_injured
2019,9,Sun,1,52.50758,13.45651,night,1,dark,2,dry,0,0,7,0,0,0,0,0,1,3,slightly_injured
2019,9,Sun,1,52.62179,13.30943,night,0,dark,2,dry,0,0,1,1,0,0,0,0,0,2,seriously_injured
2019,9,Sun,1,52.50168,13.41958,night,0,dark,2,dry,1,2,7,1,1,0,0,0,0,3,slightly_injured
2019,9,Sun,1,52.51624,13.3166,night,0,dark,2,dry,0,5,3,0,1,0,0,0,0,3,slightly_injured
2019,9,Sun,1,52.55174,13.29423,afternoon,13,daylight,0,dry,0,2,6,0,1,0,0,0,0,3,slightly_injured
2019,9,Sun,1,52.50985,13.36352,afternoon,13,daylight,0,dry,0,0,7,0,0,0,0,0,1,3,slightly_injured
2019,9,Sun,1,52.46607,13.43214,night,0,dark,2,dry,0,3,6,1,1,0,0,0,0,3,slightly_injured
2019,9,Sun,1,52.55832,13.35121,morning,11,daylight,0,dry,0,5,2,0,1,0,0,0,0,3,slightly_injured
2019,9,Sun,1,52.41271,13.39275,morning,11,daylight,0,dry,0,2,2,0,1,0,0,0,0,3,slightly_injured
2019,9,Sun,1,52.61689,13.4729,morning,11,daylight,0,dry,0,5,3,0,1,0,0,0,0,3,slightly_injured
2019,9,Sun,1,52.49347,13.526,morning,10,daylight,0,dry,0,0,3,1,0,0,0,0,1,3,slightly_injured
2019,9,Sat,7,52.469,13.43573,evening,21,dark,2,dry,0,5,3,1,1,0,0,0,0,3,slightly_injured
2019,9,Sat,7,52.52032,13.30595,evening,23,dark,2,dry,0,0,1,0,0,0,0,0,1,2,seriously_injured
2019,9,Sat,7,52.5599,13.42223,evening,23,dark,2,dry,0,5,3,0,1,0,0,0,0,2,seriously_injured
2019,9,Sat,7,52.43745,13.23216,evening,22,dark,2,dry,1,0,1,0,0,0,1,0,0,3,slightly_injured
2019,9,Sat,7,52.54644,13.3553,afternoon,17,daylight,0,dry,0,6,4,0,1,1,0,0,0,3,slightly_injured
2019,9,Sat,7,52.41856,13.25032,afternoon,14,daylight,0,dry,0,5,3,0,1,0,1,0,0,3,slightly_injured
2019,9,Sat,7,52.45222,13.59988,afternoon,16,daylight,0,dry,0,5,3,1,1,0,0,0,0,3,slightly_injured
2019,9,Sat,7,52.56802,13.21099,afternoon,16,daylight,0,dry,0,4,6,0,1,0,1,0,0,2,seriously_injured
2019,9,Sat,7,52.49224,13.56095,afternoon,16,daylight,0,dry,0,2,6,0,1,0,0,0,0,3,slightly_injured
2019,9,Sat,7,52.44037,13.4348,afternoon,15,daylight,0,dry,0,5,2,0,1,0,0,0,1,2,seriously_injured
2019,9,Sat,7,52.51117,13.59165,afternoon,15,daylight,0,dry,0,5,2,0,1,0,1,0,0,3,slightly_injured
2019,9,Sat,7,52.43998,13.41587,afternoon,14,daylight,0,dry,0,5,3,0,1,0,0,0,0,3,slightly_injured
2019,9,Sat,7,52.51221,13.29715,afternoon,14,daylight,0,dry,0,0,1,0,0,0,1,0,0,3,slightly_injured
2019,9,Sat,7,52.53743,13.40853,afternoon,14,daylight,0,dry,0,6,4,1,0,1,0,0,0,3,slightly_injured
2019,9,Sat,7,52.54779,13.45961,afternoon,14,daylight,0,dry,0,1,1,1,1,0,0,0,0,3,slightly_injured
2019,9,Sat,7,52.49973,13.30601,afternoon,14,daylight,0,dry,0,2,6,0,1,0,0,0,0,3,slightly_injured
2019,9,Sat,7,52.43816,13.54877,morning,11,daylight,0,dry,0,0,1,1,0,0,0,0,0,3,slightly_injured
2019,9,Sat,7,52.53193,13.39149,morning,10,daylight,0,dry,0,1,1,1,1,0,0,0,0,3,slightly_injured
2019,9,Sat,7,52.47159,13.32887,morning,9,daylight,0,dry,0,5,3,1,1,0,0,0,0,3,slightly_injured
2019,9,Sat,7,52.40567,13.50774,afternoon,14,daylight,0,dry,0,6,7,0,1,1,0,0,0,3,slightly_injured
2019,9,Sat,7,52.49006,13.38547,night,1,dark,2,dry,0,1,5,1,1,0,0,0,1,3,slightly_injured
2019,9,Fri,6,52.48795,13.39442,evening,22,dark,2,dry,0,1,1,0,1,0,0,0,1,3,slightly_injured
2019,9,Fri,6,52.50421,13.40873,evening,21,dark,2,dry,0,0,1,1,0,0,0,0,0,3,slightly_injured
2019,9,Fri,6,52.50087,13.46118,evening,21,dark,2,dry,0,5,2,1,1,0,0,0,0,3,slightly_injured
2019,9,Fri,6,52.63768,13.4913,evening,20,dark,2,dry,0,5,2,0,1,0,1,0,0,2,seriously_injured
2019,9,Fri,6,52.54439,13.41282,morning,11,daylight,0,dry,0,5,3,1,1,0,0,0,0,3,slightly_injured
2019,9,Fri,6,52.51402,13.39122,morning,11,daylight,0,dry,0,6,2,0,1,1,0,0,0,2,seriously_injured
2019,9,Fri,6,52.48182,13.32966,morning,11,daylight,0,dry,0,3,6,0,1,0,1,0,0,3,slightly_injured
2019,9,Fri,6,52.55805,13.35072,morning,10,daylight,0,dry,0,2,6,0,1,0,0,0,0,3,slightly_injured
2019,9,Fri,6,52.45185,13.41327,evening,19,dark,2,dry,0,1,5,0,1,0,0,0,1,3,slightly_injured
2019,9,Fri,6,52.50826,13.37745,afternoon,15,daylight,0,dry,0,0,1,0,0,0,0,0,1,2,seriously_injured
2019,9,Fri,6,52.50543,13.42223,morning,9,daylight,0,dry,0,2,2,0,0,0,1,1,0,3,slightly_injured
2019,9,Fri,6,52.48932,13.39659,evening,19,dusk,1,dry,0,6,4,0,1,1,0,0,0,3,slightly_injured
2019,9,Fri,6,52.43675,13.50403,evening,19,dusk,1,dry,0,5,2,1,1,0,0,0,0,3,slightly_injured
2019,9,Fri,6,52.52859,13.40997,morning,8,daylight,0,dry,0,2,2,1,1,0,0,0,0,3,slightly_injured
2019,9,Fri,6,52.53912,13.32961,afternoon,14,daylight,0,dry,0,2,6,0,1,0,0,0,0,3,slightly_injured
2019,9,Fri,6,52.55657,13.37747,morning,8,daylight,0,dry,0,3,6,0,1,0,1,0,0,3,slightly_injured
2019,9,Fri,6,52.50927,13.42304,afternoon,14,daylight,0,dry,0,1,7,1,1,0,0,0,0,3,slightly_injured
2019,9,Fri,6,52.51192,13.43081,morning,8,daylight,0,dry,0,0,7,0,0,0,0,1,0,3,slightly_injured
2019,9,Fri,6,52.53088,13.50006,evening,18,daylight,0,dry,0,6,4,0,1,1,0,0,0,2,seriously_injured
2019,9,Fri,6,52.41602,13.41969,morning,7,daylight,0,dry,0,6,4,0,1,1,0,0,0,2,seriously_injured
2019,9,Fri,6,52.52117,13.32258,afternoon,14,daylight,0,dry,0,5,3,1,1,0,0,0,0,3,slightly_injured
2019,9,Fri,6,52.46279,13.42256,evening,18,daylight,0,dry,0,1,5,0,1,0,0,0,0,3,slightly_injured
2019,9,Fri,6,52.5568,13.37078,afternoon,14,daylight,0,dry,0,2,6,0,1,0,0,0,0,3,slightly_injured
2019,9,Fri,6,52.4644,13.51913,morning,6,daylight,0,dry,0,5,3,0,1,0,0,0,0,3,slightly_injured
2019,9,Fri,6,52.50247,13.34059,afternoon,16,daylight,0,dry,0,2,2,1,1,0,0,0,0,3,slightly_injured
2019,9,Fri,6,52.47681,13.2808,afternoon,13,daylight,0,dry,0,5,2,1,1,0,0,0,0,3,slightly_injured
2019,9,Fri,6,52.48798,13.56049,afternoon,12,daylight,0,dry,0,2,6,0,1,0,0,0,0,3,slightly_injured
2019,9,Fri,6,52.55954,13.46056,afternoon,16,daylight,0,dry,0,5,2,1,1,0,0,0,0,3,slightly_injured
2019,9,Fri,6,52.52732,13.21138,afternoon,12,daylight,0,dry,0,5,2,0,1,0,0,0,0,2,seriously_injured
2019,9,Fri,6,52.55591,13.38417,afternoon,16,daylight,0,dry,0,9,1,0,1,1,0,0,0,3,slightly_injured
2019,9,Fri,6,52.56796,13.31022,afternoon,12,daylight,0,dry,0,2,6,0,1,0,0,0,1,3,slightly_injured
2019,9,Fri,6,52.54604,13.34411,afternoon,16,daylight,0,dry,0,5,2,1,1,0,0,0,0,3,slightly_injured
2019,9,Fri,6,52.53852,13.60248,afternoon,12,daylight,0,dry,0,2,2,0,1,0,1,0,0,3,slightly_injured
2019,9,Fri,6,52.51359,13.28143,morning,11,daylight,0,dry,0,3,6,0,1,0,1,0,0,2,seriously_injured
2019,9,Fri,6,52.53388,13.40501,afternoon,15,daylight,0,dry,0,0,1,1,0,0,0,0,0,3,slightly_injured
2019,9,Fri,6,52.49937,13.30384,afternoon,15,daylight,0,dry,0,5,2,1,1,0,0,0,0,2,seriously_injured
2019,9,Fri,6,52.50482,13.32772,afternoon,12,daylight,0,dry,0,5,2,1,0,0,0,1,0,3,slightly_injured
2019,9,Fri,6,52.53247,13.39594,evening,19,dusk,1,dry,0,9,7,0,1,1,0,0,1,1,killed
2019,9,Thu,5,52.47958,13.31151,morning,6,daylight,0,dry,0,0,7,1,1,0,0,0,0,2,seriously_injured
2019,9,Thu,5,52.51096,13.41663,night,4,dark,2,dry,1,6,2,0,1,1,0,0,0,2,seriously_injured
2019,9,Thu,5,52.45913,13.4001,evening,22,dark,2,dry,0,5,2,0,1,0,0,0,0,3,slightly_injured
2019,9,Thu,5,52.49644,13.39503,evening,20,dark,2,dry,0,2,6,0,1,0,0,0,0,3,slightly_injured
2019,9,Thu,5,52.45894,13.27428,evening,20,dark,2,dry,0,5,2,1,1,0,0,0,0,3,slightly_injured
2019,9,Thu,5,52.57717,13.29627,evening,18,daylight,0,dry,0,0,7,1,0,0,0,0,0,2,seriously_injured
2019,9,Thu,5,52.49314,13.56483,evening,18,daylight,0,dry,0,5,3,0,1,0,0,0,0,2,seriously_injured
2019,9,Thu,5,52.52952,13.43767,evening,21,dark,2,dry,0,5,3,1,1,0,0,0,0,3,slightly_injured
2019,9,Thu,5,52.43919,13.34358,morning,10,daylight,0,dry,0,5,2,1,1,0,0,0,0,3,slightly_injured
2019,9,Thu,5,52.5266,13.33914,afternoon,17,daylight,0,dry,1,5,3,1,0,0,0,0,0,3,slightly_injured
2019,9,Thu,5,52.49629,13.56338,afternoon,17,daylight,0,dry,0,2,6,0,1,0,0,0,0,3,slightly_injured
2019,9,Thu,5,52.54526,13.35718,afternoon,12,daylight,0,dry,0,2,6,0,1,0,0,0,0,3,slightly_injured
2019,9,Thu,5,52.57424,13.34772,morning,11,daylight,0,dry,0,5,2,1,1,0,0,0,0,3,slightly_injured
2019,9,Thu,5,52.54314,13.41208,morning,11,daylight,0,dry,0,5,2,1,1,0,0,0,0,3,slightly_injured
2019,9,Thu,5,52.58005,13.39733,morning,9,daylight,0,dry,0,5,3,1,1,0,0,0,0,3,slightly_injured
2019,9,Thu,5,52.54103,13.54408,morning,9,daylight,0,dry,0,2,6,0,1,0,0,1,0,3,slightly_injured
2019,9,Thu,5,52.50738,13.27602,morning,8,daylight,0,dry,0,3,6,0,1,0,0,0,0,3,slightly_injured
2019,9,Thu,5,52.42183,13.29823,morning,8,daylight,0,dry,0,2,6,0,1,0,0,1,0,3,slightly_injured
2019,9,Thu,5,52.46172,13.42039,morning,8,daylight,0,dry,0,5,2,1,1,0,0,0,0,3,slightly_injured
2019,9,Thu,5,52.59116,13.38413,morning,8,daylight,0,dry,0,0,2,1,1,0,0,0,0,3,slightly_injured
2019,9,Thu,5,52.44457,13.51051,morning,8,daylight,0,dry,1,0,2,0,1,0,1,0,0,3,slightly_injured
2019,9,Thu,5,52.54561,13.24803,morning,8,daylight,0,dry,0,5,3,1,0,0,0,0,1,2,seriously_injured
2019,9,Thu,5,52.49709,13.27009,afternoon,17,daylight,0,dry,0,0,5,0,0,0,1,0,1,3,slightly_injured
2019,9,Thu,5,52.41404,13.41051,afternoon,17,daylight,0,dry,0,5,3,0,1,0,0,0,0,3,slightly_injured
2019,9,Thu,5,52.61495,13.24423,afternoon,17,daylight,0,dry,0,5,2,1,1,0,0,0,0,3,slightly_injured
2019,9,Thu,5,52.48648,13.32482,afternoon,17,daylight,0,dry,0,6,7,0,1,1,0,0,0,2,seriously_injured
2019,9,Thu,5,52.49927,13.30383,afternoon,17,daylight,0,dry,0,5,3,0,1,0,0,0,0,3,slightly_injured
2019,9,Thu,5,52.48843,13.18097,afternoon,16,daylight,0,dry,0,0,1,1,0,0,0,0,0,2,seriously_injured
2019,9,Thu,5,52.46157,13.13354,morning,7,daylight,0,dry,0,5,3,1,1,0,0,0,0,3,slightly_injured
2019,9,Thu,5,52.50344,13.33882,afternoon,15,daylight,0,dry,0,6,4,0,1,1,0,0,0,3,slightly_injured
2019,9,Thu,5,52.44493,13.58651,morning,7,daylight,0,dry,0,6,4,0,1,1,0,0,0,2,seriously_injured
2019,9,Fri,6,52.54413,13.20489,afternoon,15,daylight,0,dry,0,5,3,0,1,0,1,0,0,2,seriously_injured
2019,9,Thu,5,52.53655,13.60475,afternoon,15,daylight,0,dry,0,6,2,0,1,1,0,0,0,3,slightly_injured
2019,9,Fri,6,52.52633,13.34,afternoon,15,daylight,0,dry,0,1,5,1,1,0,0,0,0,3,slightly_injured
2019,9,Fri,6,52.41503,13.15206,afternoon,15,daylight,0,dry,0,5,3,1,1,0,0,0,0,3,slightly_injured
2019,9,Thu,5,52.45643,13.55018,morning,7,daylight,0,dry,1,0,1,0,0,0,1,0,0,3,slightly_injured
2019,9,Thu,5,52.55339,13.38628,afternoon,15,daylight,0,dry,0,5,2,1,1,0,0,0,0,3,slightly_injured
2019,9,Fri,6,52.51529,13.41869,evening,21,dark,2,dry,0,2,6,0,1,0,0,0,0,3,slightly_injured
2019,9,Thu,5,52.52739,13.30081,afternoon,15,daylight,0,dry,0,5,3,0,1,0,0,0,0,3,slightly_injured
2019,9,Thu,5,52.53023,13.61438,morning,6,dusk,1,dry,1,5,3,0,1,0,0,0,0,3,slightly_injured
2019,9,Thu,5,52.48385,13.32033,morning,7,daylight,0,dry,1,5,2,1,1,0,0,0,0,3,slightly_injured
2019,9,Thu,5,52.46066,13.32426,morning,11,daylight,0,dry,0,0,1,1,0,0,0,0,0,3,slightly_injured
2019,9,Thu,5,52.48694,13.3944,afternoon,14,daylight,0,dry,0,5,5,1,1,0,0,0,0,3,slightly_injured
2019,9,Thu,5,52.46036,13.27494,afternoon,16,daylight,0,dry,0,5,2,1,1,0,0,0,0,3,slightly_injured
2019,9,Thu,5,52.43709,13.23175,afternoon,15,daylight,0,dry,0,6,4,1,0,1,0,0,0,3,slightly_injured
2019,9,Thu,5,52.41927,13.26481,morning,6,daylight,0,dry,1,2,7,0,1,0,0,0,1,2,seriously_injured
2019,9,Thu,5,52.48886,13.34363,afternoon,16,daylight,0,dry,0,2,2,1,1,0,0,0,0,3,slightly_injured
2019,9,Thu,5,52.48923,13.35339,afternoon,14,daylight,0,dry,0,5,7,0,0,0,1,0,1,3,slightly_injured
2019,9,Thu,5,52.51856,13.41536,afternoon,16,daylight,0,dry,0,0,5,0,1,0,1,0,0,3,slightly_injured
2019,9,Thu,5,52.49379,13.36559,afternoon,14,daylight,0,dry,0,5,3,1,1,0,0,0,0,3,slightly_injured
2019,9,Thu,5,52.51884,13.30234,afternoon,16,daylight,0,dry,0,5,2,0,1,0,0,0,1,2,seriously_injured
2019,9,Thu,5,52.45247,13.50878,afternoon,14,daylight,0,dry,0,0,2,0,1,0,1,0,0,3,slightly_injured
2019,9,Thu,5,52.4705,13.37061,afternoon,15,daylight,0,dry,0,0,6,0,1,0,0,0,1,3,slightly_injured
2019,9,Thu,5,52.57628,13.29454,afternoon,15,daylight,0,dry,0,2,2,0,1,0,1,0,0,3,slightly_injured
2019,9,Thu,5,52.52548,13.27907,morning,6,daylight,0,dry,1,0,1,0,0,0,1,0,0,3,slightly_injured
2019,9,Thu,5,52.58935,13.31812,morning,6,daylight,0,dry,1,5,3,0,1,0,1,0,0,3,slightly_injured
2019,9,Thu,5,52.54967,13.20086,afternoon,15,daylight,0,dry,0,1,5,1,1,0,0,0,0,3,slightly_injured
2019,9,Thu,5,52.52434,13.4653,afternoon,15,daylight,0,dry,0,1,5,0,1,0,0,0,0,3,slightly_injured
2019,9,Thu,5,52.56337,13.37369,morning,6,dusk,1,dry,1,0,3,0,1,0,1,0,0,2,seriously_injured
2019,9,Thu,5,52.62828,13.49808,afternoon,14,daylight,0,dry,0,5,3,0,1,0,0,0,0,3,slightly_injured
2019,9,Thu,5,52.44408,13.43346,evening,18,dusk,1,dry,1,0,7,0,0,0,1,0,0,2,seriously_injured
2019,9,Thu,5,52.5053,13.49548,afternoon,14,daylight,0,dry,0,6,4,1,0,1,0,0,0,2,seriously_injured
2019,9,Thu,5,52.50272,13.44684,afternoon,13,daylight,0,dry,0,5,3,1,0,0,0,0,1,3,slightly_injured
2019,9,Thu,5,52.52919,13.49995,afternoon,13,daylight,0,dry,0,5,3,1,1,0,0,0,0,2,seriously_injured
2019,9,Thu,5,52.61317,13.31522,afternoon,14,daylight,0,dry,0,5,3,1,1,0,0,0,0,3,slightly_injured
2019,9,Thu,5,52.55399,13.3584,afternoon,13,daylight,0,dry,0,2,6,0,1,0,0,0,0,3,slightly_injured
2019,9,Thu,5,52.56332,13.32915,morning,11,daylight,0,dry,0,3,6,0,1,0,0,1,0,3,slightly_injured
2019,9,Thu,5,52.51041,13.43043,morning,11,daylight,0,dry,0,2,6,1,0,0,0,0,0,3,slightly_injured
2019,9,Thu,5,52.49615,13.28772,evening,23,dark,2,dry,0,5,7,0,1,0,0,0,0,2,seriously_injured
2019,9,Thu,5,52.52558,13.34108,afternoon,14,daylight,0,dry,0,6,4,0,0,1,0,0,1,3,slightly_injured
2019,9,Thu,5,52.53846,13.60165,afternoon,15,daylight,0,dry,0,5,3,1,1,0,0,0,0,3,slightly_injured
2019,9,Wed,4,52.52297,13.43404,afternoon,12,daylight,0,dry,0,2,6,1,1,0,0,0,0,3,slightly_injured
2019,9,Thu,5,52.50701,13.39439,evening,20,dark,2,dry,0,5,3,0,1,0,0,0,0,3,slightly_injured
2019,9,Wed,4,52.52898,13.40989,afternoon,14,daylight,0,dry,0,3,3,1,1,0,0,0,0,3,slightly_injured
2019,9,Thu,5,52.55424,13.41818,evening,19,dark,2,dry,0,0,4,0,0,1,1,0,0,3,slightly_injured
2019,9,Thu,5,52.48731,13.34494,evening,18,daylight,0,dry,0,3,6,0,1,0,0,0,0,2,seriously_injured
2019,9,Wed,4,52.52959,13.40047,evening,20,dark,2,dry,0,3,6,0,1,0,0,0,0,3,slightly_injured
2019,9,Wed,4,52.53906,13.34491,evening,19,daylight,0,dry,0,5,2,1,1,0,0,0,0,3,slightly_injured
2019,9,Thu,5,52.49587,13.28673,evening,18,daylight,0,dry,0,5,3,0,1,0,0,0,0,3,slightly_injured
2019,9,Thu,5,52.52197,13.17268,evening,18,daylight,0,dry,0,5,3,1,1,0,0,0,0,2,seriously_injured
2019,9,Wed,4,52.45192,13.41273,evening,19,daylight,0,dry,0,1,5,0,1,0,0,0,0,2,seriously_injured
2019,9,Thu,5,52.41212,13.26691,afternoon,17,daylight,0,dry,0,5,2,0,1,0,1,0,0,2,seriously_injured
2019,9,Wed,4,52.52491,13.39318,evening,18,daylight,0,dry,0,1,5,1,0,0,0,1,1,3,slightly_injured
2019,9,Thu,5,52.57124,13.37727,afternoon,17,daylight,0,dry,0,6,4,0,1,1,0,0,0,2,seriously_injured
2019,9,Wed,4,52.56108,13.37712,evening,18,daylight,0,dry,0,2,6,0,1,0,0,0,0,3,slightly_injured
2019,9,Thu,5,52.49795,13.29553,morning,10,daylight,0,dry,0,1,5,1,1,0,0,0,0,3,slightly_injured
2019,9,Wed,4,52.51411,13.30119,evening,18,daylight,0,dry,0,1,5,0,1,0,0,0,0,3,slightly_injured
2019,9,Thu,5,52.48558,13.32237,morning,10,daylight,0,dry,0,5,3,0,1,0,1,0,0,3,slightly_injured
2019,9,Thu,5,52.53366,13.17047,morning,10,daylight,0,dry,1,5,3,0,1,0,1,0,0,3,slightly_injured
2019,9,Wed,4,52.41742,13.49607,evening,18,daylight,0,dry,0,5,3,0,1,0,1,0,0,3,slightly_injured
2019,9,Wed,4,52.49297,13.33101,evening,18,daylight,0,dry,0,2,6,0,1,0,0,0,0,3,slightly_injured
2019,9,Thu,5,52.55442,13.34518,morning,9,daylight,0,dry,0,3,6,0,1,0,0,0,0,3,slightly_injured
2019,9,Wed,4,52.53994,13.2023,evening,18,daylight,0,dry,0,3,6,0,0,0,1,0,1,3,slightly_injured
2019,9,Thu,5,52.54464,13.44588,morning,9,daylight,0,dry,0,5,3,1,1,0,0,0,0,3,slightly_injured
2019,9,Wed,4,52.46641,13.52142,afternoon,17,daylight,0,dry,0,5,2,0,1,0,1,0,0,3,slightly_injured
2019,9,Thu,5,52.5187,13.277,morning,9,daylight,0,dry,0,3,6,0,0,0,1,0,1,3,slightly_injured
2019,9,Wed,4,52.50658,13.41783,afternoon,17,daylight,0,dry,0,5,2,1,0,0,1,0,0,3,slightly_injured
2019,9,Thu,5,52.44035,13.44861,morning,7,daylight,0,dry,0,2,7,1,1,0,0,0,0,3,slightly_injured
2019,9,Wed,4,52.59749,13.3696,afternoon,16,daylight,0,dry,0,5,3,1,1,0,0,0,0,2,seriously_injured
2019,9,Thu,5,52.52528,13.41345,morning,8,daylight,0,dry,1,5,3,1,0,0,1,0,0,3,slightly_injured
2019,9,Thu,5,52.49591,13.38977,morning,7,daylight,0,dry,1,5,2,1,1,0,0,0,0,3,slightly_injured
2019,9,Wed,4,52.49772,13.29425,afternoon,16,daylight,0,dry,0,2,3,1,1,0,0,0,0,3,slightly_injured
2019,9,Thu,5,52.56245,13.3304,night,5,dark,2,dry,1,0,3,1,1,0,0,0,0,2,seriously_injured
2019,9,Wed,4,52.50268,13.41419,afternoon,16,daylight,0,dry,0,1,5,1,1,0,0,0,0,3,slightly_injured
2019,9,Thu,5,52.51875,13.34326,afternoon,16,daylight,0,dry,0,6,4,1,0,1,0,0,0,2,seriously_injured
2019,9,Wed,4,52.52362,13.3877,morning,8,daylight,0,dry,0,3,6,1,1,0,0,0,0,3,slightly_injured
2019,9,Wed,4,52.44067,13.41955,afternoon,15,daylight,0,dry,0,3,6,1,0,0,0,0,0,3,slightly_injured
2019,9,Wed,4,52.43682,13.55133,afternoon,15,daylight,0,dry,0,0,3,1,0,0,0,0,1,3,slightly_injured
2019,9,Wed,4,52.45883,13.31549,afternoon,15,daylight,0,dry,0,5,3,1,1,0,0,0,0,3,slightly_injured
2019,9,Wed,4,52.46882,13.43281,afternoon,16,daylight,0,dry,0,2,2,1,0,0,0,0,1,3,slightly_injured
2019,9,Wed,4,52.51638,13.40259,afternoon,15,daylight,0,dry,0,2,2,1,0,0,0,0,1,3,slightly_injured
2019,9,Wed,4,52.54471,13.32099,evening,21,dark,2,dry,0,2,6,0,1,0,0,0,0,3,slightly_injured
2019,9,Wed,4,52.45155,13.6248,afternoon,12,daylight,0,dry,0,5,2,1,1,0,0,0,0,3,slightly_injured
2019,9,Wed,4,52.50957,13.39184,evening,21,dark,2,dry,0,5,3,0,1,0,0,0,0,3,slightly_injured
2019,9,Wed,4,52.51702,13.17728,evening,20,dark,2,dry,0,6,4,1,0,1,0,0,0,3,slightly_injured
2019,9,Wed,4,52.47245,13.33269,morning,11,daylight,0,dry,0,6,2,0,1,1,0,0,0,3,slightly_injured
2019,9,Wed,4,52.54392,13.37316,morning,11,daylight,0,dry,0,2,2,0,0,0,1,0,0,2,seriously_injured
2019,9,Wed,4,52.51585,13.4851,evening,20,dark,2,dry,0,5,2,0,1,0,1,0,0,3,slightly_injured
2019,9,Wed,4,52.54453,13.34109,morning,10,daylight,0,dry,0,2,3,0,1,0,0,0,1,3,slightly_injured
2019,9,Wed,4,52.47705,13.28147,evening,20,dark,2,dry,0,6,4,0,1,1,0,0,0,2,seriously_injured
2019,9,Wed,4,52.46072,13.50359,night,0,dark,2,dry,0,5,3,0,1,0,0,0,0,3,slightly_injured
2019,9,Wed,4,52.5404,13.39122,evening,19,dark,2,dry,0,1,5,0,1,0,0,0,0,3,slightly_injured
2019,9,Wed,4,52.44725,13.59387,morning,10,daylight,0,dry,0,6,4,1,0,1,0,0,0,3,slightly_injured
2019,9,Wed,4,52.57198,13.43699,evening,19,dusk,1,dry,0,5,2,0,1,0,0,0,0,3,slightly_injured
2019,9,Wed,4,52.54079,13.40535,evening,19,dusk,1,dry,0,4,6,1,0,0,0,0,0,3,slightly_injured
2019,9,Wed,4,52.4777,13.31307,morning,10,daylight,0,dry,0,0,5,0,1,0,1,0,0,3,slightly_injured
2019,9,Wed,4,52.54088,13.4058,evening,19,daylight,0,dry,0,3,6,1,0,0,0,0,0,3,slightly_injured
2019,9,Wed,4,52.43196,13.33461,afternoon,15,daylight,0,dry,0,5,3,1,0,0,0,0,1,3,slightly_injured
2019,9,Wed,4,52.51103,13.46138,evening,18,daylight,0,dry,0,0,1,1,1,0,0,0,0,3,slightly_injured
2019,9,Wed,4,52.57627,13.29482,morning,10,daylight,0,dry,0,5,2,0,1,0,0,0,0,2,seriously_injured
2019,9,Wed,4,52.53811,13.24981,afternoon,17,daylight,0,dry,0,5,3,0,1,0,0,0,0,3,slightly_injured
2019,9,Wed,4,52.53823,13.2313,afternoon,14,daylight,0,dry,0,5,2,1,0,0,0,0,1,3,slightly_injured
2019,9,Wed,4,52.51372,13.51886,afternoon,17,daylight,0,dry,0,2,6,0,1,0,0,0,0,3,slightly_injured
2019,9,Wed,4,52.45456,13.57628,morning,9,daylight,0,dry,0,5,3,1,1,0,0,0,0,3,slightly_injured