ujahr,umonat,weekday,uwochentag,long,lat,time_of_day,ustunde,light_condition,ulichtverh,street_condition,ustrzustand,uart,utyp1,ist_rad,ist_pkw,ist_fuss,ist_krad,ist_gkfz,ist_sonstige,ukategorie,accident_outcome
2019,9,Wed,4,52.50868,13.2798,morning,10,daylight,0,dry,0,5,3,0,1,0,0,0,0,3,slightly_injured
2019,9,Wed,4,52.52903,13.45778,afternoon,17,daylight,0,dry,0,5,2,1,1,0,0,0,0,3,slightly_injured
2019,9,Wed,4,52.46863,13.37801,afternoon,14,daylight,0,dry,0,5,2,1,1,0,0,0,0,3,slightly_injured
2019,9,Wed,4,52.4689,13.37057,afternoon,16,daylight,0,dry,0,5,3,0,1,0,0,0,1,3,slightly_injured
2019,9,Wed,4,52.49433,13.29961,afternoon,14,daylight,0,dry,0,5,3,0,1,0,1,0,0,3,slightly_injured
2019,9,Wed,4,52.53949,13.51378,afternoon,16,daylight,0,dry,0,2,6,0,1,0,0,0,0,3,slightly_injured
2019,9,Wed,4,52.45338,13.31559,afternoon,14,daylight,0,dry,0,5,2,1,1,0,0,0,0,3,slightly_injured
2019,9,Wed,4,52.51836,13.40098,morning,7,daylight,0,dry,0,5,2,1,0,0,1,0,0,3,slightly_injured
2019,9,Wed,4,52.46364,13.50677,afternoon,12,daylight,0,dry,0,5,3,0,0,0,0,0,1,3,slightly_injured
2019,9,Wed,4,52.53779,13.20056,morning,9,daylight,0,dry,0,0,2,0,1,0,0,0,1,3,slightly_injured
2019,9,Wed,4,52.43822,13.47378,afternoon,14,daylight,0,dry,0,5,2,0,1,0,1,0,0,3,slightly_injured
2019,9,Wed,4,52.63386,13.29157,afternoon,12,daylight,0,dry,0,1,5,1,1,0,0,0,0,3,slightly_injured
2019,9,Wed,4,52.45956,13.34236,afternoon,12,daylight,0,dry,0,5,3,0,1,0,1,0,0,3,slightly_injured
2019,9,Wed,4,52.48365,13.32041,morning,10,daylight,0,dry,0,5,2,1,0,0,0,0,1,2,seriously_injured
2019,9,Wed,4,52.49816,13.43003,morning,11,daylight,0,dry,0,0,7,0,1,0,0,0,0,3,slightly_injured
2019,9,Wed,4,52.48417,13.29351,afternoon,13,daylight,0,dry,0,6,4,0,0,1,1,0,0,2,seriously_injured
2019,9,Wed,4,52.46476,13.51353,morning,11,daylight,0,dry,0,5,2,1,0,0,0,1,0,3,slightly_injured
2019,9,Wed,4,52.55689,13.36652,morning,10,daylight,0,dry,0,1,5,1,1,0,0,0,1,3,slightly_injured
2019,9,Wed,4,52.51885,13.56386,morning,9,daylight,0,dry,0,5,7,0,1,0,0,0,0,3,slightly_injured
2019,9,Wed,4,52.49343,13.42817,morning,10,daylight,0,dry,0,5,2,1,1,0,0,0,0,3,slightly_injured
2019,9,Wed,4,52.51396,13.30711,morning,9,daylight,0,dry,0,1,5,1,1,0,0,0,0,3,slightly_injured
2019,9,Wed,4,52.49226,13.34507,afternoon,12,daylight,0,dry,0,5,2,0,1,0,0,0,0,3,slightly_injured
2019,9,Wed,4,52.51379,13.35001,morning,8,daylight,0,dry,0,2,2,0,1,0,1,0,0,3,slightly_injured
2019,9,Wed,4,52.50587,13.51965,morning,8,daylight,0,dry,0,5,2,1,1,0,0,0,0,3,slightly_injured
2019,9,Wed,4,52.53056,13.46471,morning,9,daylight,0,dry,0,0,6,0,1,0,0,1,0,3,slightly_injured
2019,9,Wed,4,52.50281,13.44665,morning,8,daylight,0,dry,0,5,2,1,1,0,0,0,0,3,slightly_injured
2019,9,Wed,4,52.49518,13.34721,morning,7,daylight,0,dry,0,6,7,0,0,0,0,0,1,3,slightly_injured
2019,9,Wed,4,52.59602,13.29154,morning,7,daylight,0,dry,0,5,2,1,1,0,0,0,0,3,slightly_injured
2019,9,Wed,4,52.43152,13.7187,afternoon,12,daylight,0,dry,0,5,3,1,1,0,0,0,0,3,slightly_injured
2019,9,Wed,4,52.50711,13.39237,morning,7,daylight,0,dry,0,3,6,1,1,0,0,0,0,3,slightly_injured
2019,9,Wed,4,52.548,13.29732,morning,6,daylight,0,dry,0,0,3,0,1,0,1,0,0,2,seriously_injured
2019,9,Wed,4,52.58721,13.32997,night,5,dark,2,dry,0,0,3,1,1,0,0,0,0,3,slightly_injured
2019,9,Wed,4,52.58332,13.20793,night,5,dusk,1,dry,0,0,7,0,0,0,1,0,0,3,slightly_injured
2019,9,Wed,4,52.45491,13.56708,morning,6,daylight,0,dry,0,5,2,1,1,0,0,0,0,3,slightly_injured
2019,9,Wed,4,52.4415,13.59658,afternoon,14,daylight,0,dry,0,0,2,0,1,0,0,0,1,3,slightly_injured
2019,9,Wed,4,52.56026,13.21136,night,0,dark,2,dry,0,6,4,0,0,1,0,0,1,3,slightly_injured
2019,9,Wed,4,52.5888,13.28459,afternoon,16,daylight,0,dry,0,9,1,0,1,0,0,0,0,3,slightly_injured
2019,9,Tue,3,52.56534,13.32262,afternoon,12,daylight,0,dry,0,5,3,0,1,0,0,0,0,3,slightly_injured
2019,9,Wed,4,52.48014,13.42114,afternoon,15,daylight,0,dry,0,5,2,1,1,0,0,0,0,3,slightly_injured
2019,9,Tue,3,52.51428,13.49824,afternoon,17,daylight,0,dry,0,1,5,1,1,0,0,0,0,3,slightly_injured
2019,9,Wed,4,52.56237,13.32967,afternoon,15,daylight,0,dry,0,3,6,0,1,0,1,0,0,3,slightly_injured
2019,9,Wed,4,52.5191,13.29104,afternoon,15,daylight,0,dry,0,0,7,1,1,0,0,0,0,2,seriously_injured
2019,9,Tue,3,52.50997,13.51914,morning,8,daylight,0,dry,0,5,3,1,0,0,0,0,0,3,slightly_injured
2019,9,Wed,4,52.49213,13.52687,afternoon,15,daylight,0,dry,0,5,2,1,1,0,0,0,0,3,slightly_injured
2019,9,Wed,4,52.5343,13.55713,afternoon,15,daylight,0,dry,0,5,7,0,0,0,1,0,1,3,slightly_injured
2019,9,Tue,3,52.59068,13.4326,afternoon,14,daylight,0,dry,0,5,3,0,1,0,1,0,0,3,slightly_injured
2019,9,Wed,4,52.52043,13.39527,morning,11,daylight,0,dry,0,0,1,1,0,0,0,0,0,3,slightly_injured
2019,9,Tue,3,52.49839,13.43944,evening,23,dark,2,dry,0,1,5,0,0,0,0,0,1,3,slightly_injured
2019,9,Wed,4,52.45426,13.39564,afternoon,13,daylight,0,dry,0,5,3,0,1,0,0,0,0,3,slightly_injured
2019,9,Wed,4,52.55627,13.38164,afternoon,12,daylight,0,dry,0,5,2,1,1,0,0,0,0,3,slightly_injured
2019,9,Tue,3,52.53724,13.36034,afternoon,15,daylight,0,dry,0,5,2,1,1,0,0,0,0,3,slightly_injured
2019,9,Tue,3,52.53806,13.18479,evening,20,dusk,1,dry,0,6,4,0,1,1,0,0,0,2,seriously_injured
2019,9,Wed,4,52.53724,13.36035,morning,8,daylight,0,dry,0,0,7,0,1,0,0,0,0,2,seriously_injured
2019,9,Tue,3,52.52376,13.16898,afternoon,13,daylight,0,dry,0,2,7,0,1,0,0,0,0,3,slightly_injured
2019,9,Tue,3,52.50973,13.38434,evening,20,dark,2,dry,0,2,6,1,1,0,0,0,0,3,slightly_injured
2019,9,Tue,3,52.55725,13.37327,afternoon,16,daylight,0,dry,0,5,3,0,1,0,1,0,0,2,seriously_injured
2019,9,Tue,3,52.58812,13.27985,afternoon,15,daylight,0,dry,0,5,3,1,1,0,0,0,0,3,slightly_injured
2019,9,Tue,3,52.44555,13.44983,evening,19,dusk,1,dry,0,5,2,0,1,0,0,0,0,3,slightly_injured
2019,9,Tue,3,52.44636,13.32001,afternoon,12,daylight,0,dry,0,1,5,0,1,0,1,0,0,3,slightly_injured
2019,9,Tue,3,52.53417,13.1843,afternoon,16,daylight,0,dry,0,5,2,0,1,0,0,0,0,3,slightly_injured
2019,9,Tue,3,52.52025,13.39969,afternoon,14,daylight,0,dry,0,0,1,0,0,0,0,0,1,2,seriously_injured
2019,9,Tue,3,52.4972,13.43252,afternoon,16,daylight,0,dry,0,3,6,0,1,0,1,0,0,3,slightly_injured
2019,9,Tue,3,52.44574,13.56334,evening,18,daylight,0,dry,0,2,6,0,1,0,0,0,0,3,slightly_injured
2019,9,Tue,3,52.46025,13.48469,afternoon,16,daylight,0,dry,0,5,3,0,1,0,0,0,0,3,slightly_injured
2019,9,Tue,3,52.51849,13.43977,afternoon,14,daylight,0,dry,0,2,7,1,1,0,0,0,0,3,slightly_injured
2019,9,Tue,3,52.54808,13.20988,afternoon,16,daylight,0,dry,0,5,7,0,1,0,1,0,0,3,slightly_injured
2019,9,Tue,3,52.41785,13.28699,afternoon,13,daylight,0,dry,0,5,3,0,1,0,0,0,1,3,slightly_injured
2019,9,Tue,3,52.49517,13.3179,afternoon,15,daylight,0,dry,0,1,5,1,1,0,0,0,0,3,slightly_injured
2019,9,Tue,3,52.57062,13.33448,afternoon,16,daylight,0,dry,0,5,3,0,1,0,1,0,0,3,slightly_injured
2019,9,Tue,3,52.44779,13.31541,afternoon,15,daylight,0,dry,0,2,6,0,1,0,0,0,1,3,slightly_injured
2019,9,Tue,3,52.42638,13.52665,afternoon,17,daylight,0,dry,0,5,2,1,0,0,0,0,1,3,slightly_injured
2019,9,Tue,3,52.55622,13.34255,afternoon,15,daylight,0,dry,0,2,6,1,1,0,0,0,0,3,slightly_injured
2019,9,Tue,3,52.50665,13.2928,afternoon,13,daylight,0,dry,1,0,3,0,1,0,0,0,1,3,slightly_injured
2019,9,Tue,3,52.52637,13.32827,afternoon,15,daylight,0,dry,0,0,4,0,0,1,0,0,1,3,slightly_injured
2019,9,Tue,3,52.50239,13.43942,afternoon,15,daylight,0,dry,0,2,7,1,1,0,0,0,0,3,slightly_injured
2019,9,Tue,3,52.54224,13.60347,afternoon,13,daylight,0,dry,1,1,5,0,1,0,0,0,1,2,seriously_injured
2019,9,Tue,3,52.60687,13.3199,afternoon,14,daylight,0,dry,0,2,6,0,1,0,0,0,0,3,slightly_injured
2019,9,Tue,3,52.42069,13.24678,afternoon,16,daylight,0,dry,0,5,3,1,1,0,0,0,0,2,seriously_injured
2019,9,Tue,3,52.47657,13.60048,afternoon,14,daylight,0,dry,0,3,6,1,1,0,0,0,0,3,slightly_injured
2019,9,Tue,3,52.50449,13.47442,afternoon,14,daylight,0,dry,0,5,3,1,1,0,0,0,0,3,slightly_injured
2019,9,Tue,3,52.56568,13.39541,afternoon,12,daylight,0,dry,0,5,2,1,1,0,0,0,0,3,slightly_injured
2019,9,Tue,3,52.54179,13.56371,afternoon,14,daylight,0,dry,0,5,2,1,1,0,0,0,0,3,slightly_injured
2019,9,Tue,3,52.48252,13.42484,morning,11,daylight,0,dry,0,5,7,0,1,0,0,0,0,3,slightly_injured
2019,9,Tue,3,52.47706,13.30653,afternoon,13,daylight,0,dry,0,0,5,0,1,0,1,0,0,3,slightly_injured
2019,9,Tue,3,52.4428,13.43413,morning,11,daylight,0,dry,0,5,2,0,1,0,0,0,1,3,slightly_injured
2019,9,Tue,3,52.50339,13.33837,afternoon,12,daylight,0,dry,0,6,7,0,1,1,0,0,0,3,slightly_injured
2019,9,Tue,3,52.49591,13.38974,morning,10,daylight,0,dry,0,5,2,1,1,0,0,0,0,3,slightly_injured
2019,9,Tue,3,52.564,13.46975,morning,10,daylight,0,dry,0,0,2,0,0,0,1,1,0,3,slightly_injured
2019,9,Tue,3,52.41846,13.47615,morning,10,daylight,0,dry,0,5,7,0,1,0,1,0,0,2,seriously_injured
2019,9,Tue,3,52.52397,13.41176,morning,10,daylight,0,dry,0,5,2,0,1,0,0,0,1,3,slightly_injured
2019,9,Tue,3,52.55505,13.42354,morning,10,daylight,0,dry,1,6,2,0,1,1,0,0,0,3,slightly_injured
2019,9,Tue,3,52.54232,13.34945,morning,10,daylight,0,dry,0,5,2,1,1,0,0,0,0,3,slightly_injured
2019,9,Tue,3,52.50554,13.30302,morning,10,daylight,0,dry,1,5,2,0,1,0,1,0,0,2,seriously_injured
2019,9,Tue,3,52.43443,13.53891,morning,9,daylight,0,dry,0,6,2,0,1,1,0,0,0,3,slightly_injured
2019,9,Tue,3,52.5168,13.29662,morning,10,daylight,0,dry,1,0,1,1,0,0,0,0,0,3,slightly_injured
2019,9,Tue,3,52.55102,13.40776,evening,22,dark,2,dry,0,0,1,1,0,0,0,0,0,3,slightly_injured
2019,9,Tue,3,52.50077,13.47678,morning,9,daylight,0,dry,0,1,5,1,0,0,0,1,0,3,slightly_injured
2019,9,Tue,3,52.54795,13.34684,morning,10,daylight,0,dry,1,0,7,1,0,0,0,0,0,3,slightly_injured
2019,9,Tue,3,52.5184,13.48824,morning,8,daylight,0,dry,0,0,6,1,1,0,0,0,0,3,slightly_injured
2019,9,Tue,3,52.48371,13.40031,morning,8,daylight,0,dry,0,5,2,1,1,0,0,0,0,3,slightly_injured
2019,9,Tue,3,52.56027,13.21856,morning,8,daylight,0,dry,0,2,6,0,1,0,0,0,1,3,slightly_injured
2019,9,Tue,3,52.42346,13.43576,morning,9,daylight,0,dry,0,6,7,0,1,1,0,0,0,3,slightly_injured
2019,9,Tue,3,52.4993,13.3355,morning,8,daylight,0,dry,0,5,3,0,1,0,0,0,0,3,slightly_injured
2019,9,Tue,3,52.48985,13.38238,morning,9,daylight,0,dry,1,5,2,1,0,0,0,0,1,3,slightly_injured
2019,9,Tue,3,52.52378,13.4794,morning,7,daylight,0,dry,0,6,4,0,0,1,1,0,0,3,slightly_injured
2019,9,Tue,3,52.48975,13.3893,evening,21,dark,2,dry,0,3,7,1,1,0,0,0,0,2,seriously_injured
2019,9,Tue,3,52.55487,13.48315,morning,7,daylight,0,dry,0,5,2,1,1,0,0,0,0,3,slightly_injured
2019,9,Tue,3,52.50339,13.35003,morning,7,daylight,0,dry,1,2,6,0,1,0,0,0,0,3,slightly_injured
2019,9,Tue,3,52.44662,13.36051,morning,7,daylight,0,dry,0,6,4,0,1,1,0,0,0,2,seriously_injured
2019,9,Tue,3,52.50049,13.4663,morning,7,daylight,0,dry,1,5,2,1,1,0,0,0,0,3,slightly_injured
2019,9,Tue,3,52.51859,13.38548,morning,6,daylight,0,dry,0,5,3,1,1,0,0,0,0,3,slightly_injured
2019,9,Tue,3,52.52866,13.40518,evening,23,dark,2,dry,0,5,3,1,0,0,1,0,0,3,slightly_injured
2019,9,Tue,3,52.41405,13.47886,afternoon,16,daylight,0,dry,0,5,3,1,1,0,0,0,0,3,slightly_injured
2019,9,Tue,3,52.55073,13.57918,evening,18,daylight,0,dry,0,5,3,1,1,0,0,0,0,3,slightly_injured
2019,9,Tue,3,52.51881,13.30196,afternoon,17,daylight,0,dry,0,0,4,1,0,1,0,0,0,3,slightly_injured
2019,9,Tue,3,52.51431,13.56306,morning,8,daylight,0,dry,0,0,3,0,1,0,0,0,1,3,slightly_injured
2019,9,Tue,3,52.47485,13.42736,afternoon,14,daylight,0,dry,0,2,6,0,1,0,0,0,1,3,slightly_injured
2019,9,Tue,3,52.48998,13.32294,afternoon,17,daylight,0,dry,0,5,2,0,1,0,1,0,0,2,seriously_injured
2019,9,Tue,3,52.42963,13.3212,afternoon,16,daylight,0,dry,0,5,3,0,1,0,0,0,1,3,slightly_injured
2019,9,Tue,3,52.57885,13.33323,evening,19,dark,2,dry,0,5,3,0,1,0,1,0,0,1,killed
2019,9,Tue,3,52.54608,13.18445,morning,11,daylight,0,dry,0,2,6,0,1,0,0,0,1,3,slightly_injured
2019,9,Mon,2,52.49875,13.44631,afternoon,14,daylight,0,dry,0,1,5,1,1,0,0,0,0,3,slightly_injured
2019,9,Tue,3,52.55125,13.43043,night,1,dark,2,dry,1,5,3,0,1,0,0,0,0,3,slightly_injured
2019,9,Mon,2,52.47897,13.43746,afternoon,14,daylight,0,dry,0,2,2,0,1,0,1,0,0,3,slightly_injured
2019,9,Tue,3,52.50891,13.43343,afternoon,14,daylight,0,dry,0,1,5,0,1,0,0,0,1,3,slightly_injured
2019,9,Mon,2,52.51231,13.58694,morning,10,daylight,0,dry,0,5,3,1,0,0,0,0,1,3,slightly_injured
2019,9,Mon,2,52.54772,13.46988,morning,6,dusk,1,dry,0,6,7,1,0,1,0,0,0,2,seriously_injured
2019,9,Mon,2,52.47859,13.52439,morning,8,daylight,0,dry,0,2,2,1,1,0,0,0,0,3,slightly_injured
2019,9,Mon,2,52.55532,13.5202,evening,22,dark,2,dry,1,1,1,0,1,0,0,0,0,3,slightly_injured
2019,9,Mon,2,52.47376,13.3353,afternoon,16,daylight,0,dry,0,5,3,1,0,0,0,0,0,3,slightly_injured
2019,9,Mon,2,52.47941,13.36139,afternoon,12,daylight,0,dry,1,5,3,1,1,0,0,0,0,2,seriously_injured
2019,9,Mon,2,52.48151,13.52535,night,5,dark,2,dry,1,6,7,0,1,0,0,0,1,3,slightly_injured
2019,9,Mon,2,52.62042,13.30582,evening,21,dark,2,dry,0,5,3,0,1,0,1,0,0,2,seriously_injured
2019,9,Mon,2,52.60062,13.36265,evening,20,dark,2,dry,1,5,3,0,1,0,0,0,0,3,slightly_injured
2019,9,Mon,2,52.52684,13.41526,evening,18,daylight,0,dry,0,6,7,0,1,1,0,0,0,3,slightly_injured
2019,9,Mon,2,52.57132,13.37741,evening,19,dark,2,dry,1,5,3,0,1,0,0,0,0,3,slightly_injured
2019,9,Mon,2,52.51312,13.39139,evening,18,daylight,0,dry,0,3,6,1,1,0,0,0,0,3,slightly_injured
2019,9,Mon,2,52.53408,13.18179,night,5,dark,2,dry,1,6,2,0,1,1,0,0,0,3,slightly_injured
2019,9,Mon,2,52.58757,13.31893,evening,18,daylight,0,dry,0,6,4,0,1,1,0,0,0,2,seriously_injured
2019,9,Mon,2,52.52398,13.32887,evening,19,dusk,1,dry,1,2,6,0,1,0,0,0,0,3,slightly_injured
2019,9,Mon,2,52.5257,13.36819,evening,18,daylight,0,dry,1,2,6,0,1,0,0,0,0,3,slightly_injured
2019,9,Mon,2,52.50609,13.41964,afternoon,17,daylight,0,dry,0,5,3,1,1,0,0,0,0,3,slightly_injured
2019,9,Mon,2,52.49222,13.31937,afternoon,17,daylight,0,dry,0,5,2,1,1,0,0,0,0,3,slightly_injured
2019,9,Mon,2,52.44455,13.29497,afternoon,13,daylight,0,dry,1,2,6,0,1,0,1,0,0,3,slightly_injured
2019,9,Mon,2,52.57649,13.29481,afternoon,16,daylight,0,dry,1,6,4,0,1,1,0,0,0,3,slightly_injured
2019,9,Mon,2,52.46971,13.37226,afternoon,17,daylight,0,dry,0,5,3,0,1,0,0,0,0,3,slightly_injured
2019,9,Mon,2,52.44286,13.42996,afternoon,12,daylight,0,dry,1,2,6,0,1,0,0,0,1,3,slightly_injured
2019,9,Mon,2,52.51258,13.27667,afternoon,17,daylight,0,dry,0,5,2,1,1,0,0,0,0,3,slightly_injured
2019,9,Mon,2,52.57391,13.32221,afternoon,16,daylight,0,dry,1,5,3,0,1,0,0,0,0,3,slightly_injured
2019,9,Mon,2,52.43246,13.27972,afternoon,16,daylight,0,dry,1,5,2,0,1,0,0,0,0,3,slightly_injured
2019,9,Mon,2,52.54734,13.2093,afternoon,17,daylight,0,dry,0,5,3,1,1,0,0,0,0,3,slightly_injured
2019,9,Mon,2,52.458,13.29473,morning,10,daylight,0,dry,1,2,7,0,1,0,0,0,0,3,slightly_injured
2019,9,Mon,2,52.51847,13.25757,morning,10,daylight,0,dry,1,1,5,1,0,0,0,1,0,3,slightly_injured
2019,9,Mon,2,52.50994,13.32961,afternoon,15,daylight,0,dry,0,2,6,0,1,0,0,0,0,3,slightly_injured
2019,9,Mon,2,52.54978,13.37282,afternoon,16,daylight,0,dry,1,5,3,0,1,0,0,0,0,3,slightly_injured
2019,9,Mon,2,52.51104,13.17158,afternoon,16,daylight,0,dry,1,6,2,0,1,1,0,0,0,2,seriously_injured
2019,9,Mon,2,52.42332,13.39632,evening,23,dark,2,dry,0,5,2,0,1,0,0,0,1,3,slightly_injured
2019,9,Mon,2,52.4958,13.32129,afternoon,16,daylight,0,dry,1,6,4,0,1,1,0,0,0,3,slightly_injured
2019,9,Mon,2,52.42439,13.39544,afternoon,16,daylight,0,dry,0,5,2,0,1,0,0,0,0,3,slightly_injured
2019,9,Mon,2,52.53134,13.19707,afternoon,15,daylight,0,dry,1,5,2,1,1,0,0,0,0,3,slightly_injured
2019,9,Mon,2,52.4886,13.41053,afternoon,15,daylight,0,dry,0,2,6,0,1,0,0,0,0,3,slightly_injured
2019,9,Mon,2,52.45519,13.59182,morning,9,daylight,0,dry,1,8,1,0,1,0,0,0,0,3,slightly_injured
2019,9,Mon,2,52.5952,13.16059,afternoon,15,daylight,0,dry,0,4,1,0,1,0,0,0,0,3,slightly_injured
2019,9,Mon,2,52.48289,13.43791,afternoon,15,daylight,0,dry,1,5,3,1,1,0,0,0,0,3,slightly_injured
2019,9,Mon,2,52.49935,13.30384,morning,9,daylight,0,dry,1,5,2,0,1,0,0,0,1,3,slightly_injured
2019,9,Mon,2,52.47169,13.46068,morning,8,daylight,0,dry,0,2,6,0,1,0,0,0,0,3,slightly_injured
2019,9,Mon,2,52.54759,13.18472,afternoon,12,daylight,0,dry,0,5,2,0,1,0,1,0,0,2,seriously_injured
2019,9,Mon,2,52.52632,13.23972,afternoon,14,daylight,0,dry,1,2,6,0,1,0,0,0,0,3,slightly_injured
2019,9,Mon,2,52.44009,13.4361,morning,9,daylight,0,dry,1,0,6,0,1,0,1,0,0,3,slightly_injured
2019,9,Mon,2,52.4692,13.45399,afternoon,12,daylight,0,dry,0,5,3,1,1,0,0,0,0,2,seriously_injured
2019,9,Mon,2,52.51549,13.30249,afternoon,14,daylight,0,dry,1,6,4,1,0,1,0,0,0,3,slightly_injured
2019,9,Mon,2,52.59119,13.3846,afternoon,15,daylight,0,dry,0,2,6,0,1,0,0,0,0,3,slightly_injured
2019,9,Mon,2,52.49805,13.43607,afternoon,14,daylight,0,dry,1,5,3,1,1,0,0,0,0,3,slightly_injured
2019,9,Mon,2,52.44998,13.25111,afternoon,12,daylight,0,dry,0,5,2,0,1,0,1,0,0,2,seriously_injured
2019,9,Mon,2,52.48883,13.39699,morning,9,daylight,0,dry,1,6,2,0,1,1,0,0,0,3,slightly_injured
2019,9,Mon,2,52.61451,13.49607,morning,7,daylight,0,dry,0,2,7,0,1,0,1,0,0,3,slightly_injured
2019,9,Mon,2,52.51837,13.46175,afternoon,14,dusk,1,dry,1,2,6,0,1,0,0,1,0,3,slightly_injured
2019,9,Mon,2,52.51686,13.41831,morning,8,daylight,0,dry,0,0,3,1,0,0,1,0,0,3,slightly_injured
2019,9,Fri,6,52.52917,13.19556,afternoon,16,daylight,0,dry,0,5,2,0,1,0,0,0,0,3,slightly_injured
2019,9,Fri,6,52.60736,13.32143,afternoon,16,daylight,0,dry,0,2,6,0,1,0,0,0,0,3,slightly_injured
2019,9,Fri,6,52.42623,13.50778,afternoon,16,daylight,0,dry,0,1,1,0,1,0,1,0,0,3,slightly_injured
2019,9,Fri,6,52.54972,13.38605,afternoon,16,daylight,0,dry,0,3,6,0,1,0,1,0,0,3,slightly_injured
2019,9,Fri,6,52.52518,13.41955,afternoon,16,daylight,0,dry,0,5,2,1,1,0,0,0,0,3,slightly_injured
2019,9,Fri,6,52.4277,13.46832,afternoon,15,daylight,0,dry,0,5,2,1,1,0,0,0,0,2,seriously_injured
2019,9,Fri,6,52.44165,13.52121,afternoon,15,daylight,0,dry,0,0,1,1,0,0,0,0,0,3,slightly_injured
2019,9,Fri,6,52.48605,13.29695,afternoon,14,daylight,0,dry,0,2,6,0,1,0,0,0,0,3,slightly_injured
2019,9,Fri,6,52.53833,13.23199,afternoon,14,daylight,0,dry,0,5,3,0,1,0,0,0,1,3,slightly_injured
2019,9,Fri,6,52.50663,13.39993,afternoon,14,daylight,0,dry,0,0,5,0,1,0,1,0,0,3,slightly_injured
2019,9,Fri,6,52.43286,13.53636,afternoon,14,daylight,0,dry,0,5,2,1,1,0,0,0,0,3,slightly_injured
2019,9,Fri,6,52.52473,13.46487,afternoon,14,daylight,0,dry,0,6,7,0,1,1,0,0,0,3,slightly_injured
2019,9,Fri,6,52.51364,13.31891,afternoon,14,daylight,0,dry,0,3,6,0,1,0,0,0,1,2,seriously_injured
2019,9,Fri,6,52.51964,13.40537,afternoon,13,daylight,0,dry,0,2,6,1,1,0,0,0,0,3,slightly_injured
2019,9,Fri,6,52.49543,13.3109,afternoon,13,daylight,0,dry,0,5,7,0,1,0,0,0,0,3,slightly_injured
2019,9,Fri,6,52.52644,13.34058,evening,21,dark,2,dry,0,0,1,0,0,0,1,0,0,3,slightly_injured
2019,9,Fri,6,52.5306,13.41131,evening,21,dark,2,dry,0,0,1,0,0,0,0,0,1,3,slightly_injured
2019,9,Fri,6,52.48006,13.47532,evening,21,dark,2,dry,0,5,3,0,1,0,0,0,0,3,slightly_injured
2019,9,Fri,6,52.56141,13.38864,afternoon,13,daylight,0,dry,0,2,6,0,1,0,0,0,0,3,slightly_injured
2019,9,Fri,6,52.55901,13.18887,afternoon,12,daylight,0,dry,0,5,3,0,1,0,0,0,0,3,slightly_injured
2019,9,Fri,6,52.41828,13.41685,afternoon,12,daylight,0,dry,0,5,2,0,1,0,1,0,0,3,slightly_injured
2019,9,Fri,6,52.61884,13.22183,afternoon,12,daylight,0,dry,0,2,6,0,1,0,1,0,0,2,seriously_injured
2019,9,Fri,6,52.64046,13.48729,morning,7,daylight,0,dry,0,3,6,1,1,0,0,0,0,3,slightly_injured
2019,9,Fri,6,52.4215,13.64167,afternoon,12,daylight,0,dry,0,2,6,0,1,0,0,0,0,3,slightly_injured
2019,9,Fri,6,52.52196,13.40449,morning,7,daylight,0,dry,0,0,3,0,0,0,1,0,0,3,slightly_injured
2019,9,Fri,6,52.52915,13.56568,afternoon,12,daylight,0,dry,0,5,3,0,1,0,0,0,0,3,slightly_injured
2019,9,Fri,6,52.55551,13.52528,morning,6,daylight,0,dry,0,4,7,0,1,0,0,0,1,2,seriously_injured
2019,9,Fri,6,52.50791,13.30538,morning,11,daylight,0,dry,0,1,5,1,1,0,0,0,0,3,slightly_injured
2019,9,Fri,6,52.52469,13.60628,morning,9,daylight,0,dry,0,5,3,1,1,0,0,0,0,3,slightly_injured
2019,9,Fri,6,52.48129,13.36346,morning,9,daylight,0,dry,0,5,3,1,1,0,0,0,0,2,seriously_injured
2019,9,Fri,6,52.5207,13.48596,morning,9,daylight,0,dry,0,0,7,0,1,0,0,0,0,3,slightly_injured
2019,9,Fri,6,52.41753,13.43939,morning,8,daylight,0,dry,0,6,4,0,1,1,0,0,0,3,slightly_injured
2019,9,Fri,6,52.49362,13.28512,morning,8,daylight,0,dry,0,5,2,0,1,0,0,0,0,3,slightly_injured
2019,9,Fri,6,52.43132,13.38238,morning,8,daylight,0,dry,0,1,1,0,1,0,0,0,0,3,slightly_injured
2019,9,Fri,6,52.53126,13.61743,morning,7,daylight,0,dry,0,5,3,0,1,0,0,0,1,3,slightly_injured
2019,9,Fri,6,52.52563,13.36709,afternoon,14,daylight,0,dry,0,0,6,0,1,0,0,0,1,3,slightly_injured
2019,9,Thu,5,52.5258,13.53578,afternoon,15,daylight,0,dry,0,5,2,1,0,0,0,0,0,2,seriously_injured
2019,9,Thu,5,52.51947,13.27266,morning,11,daylight,0,dry,0,5,7,0,1,0,0,0,0,3,slightly_injured
2019,9,Thu,5,52.51079,13.37672,evening,21,dark,2,dry,0,0,3,0,1,0,1,0,0,3,slightly_injured
2019,9,Thu,5,52.4844,13.29394,afternoon,17,daylight,0,dry,0,2,7,0,1,0,1,0,0,3,slightly_injured
2019,9,Thu,5,52.48784,13.41734,morning,10,daylight,0,dry,0,3,6,0,1,0,0,1,0,3,slightly_injured
2019,9,Thu,5,52.46479,13.47281,evening,20,dark,2,dry,0,6,4,0,1,1,0,0,0,3,slightly_injured
2019,9,Thu,5,52.53267,13.18826,morning,10,daylight,0,dry,0,2,7,0,1,0,1,0,0,3,slightly_injured
2019,9,Thu,5,52.48756,13.41952,evening,19,dusk,1,dry,0,6,4,1,0,1,0,0,0,3,slightly_injured
2019,9,Thu,5,52.50114,13.3943,afternoon,16,daylight,0,dry,0,5,2,0,1,0,1,0,0,2,seriously_injured
2019,9,Thu,5,52.53433,13.18849,evening,19,dusk,1,dry,0,6,4,1,0,1,0,0,0,3,slightly_injured