ujahr,umonat,weekday,uwochentag,long,lat,time_of_day,ustunde,light_condition,ulichtverh,street_condition,ustrzustand,uart,utyp1,ist_rad,ist_pkw,ist_fuss,ist_krad,ist_gkfz,ist_sonstige,ukategorie,accident_outcome
2019,9,Thu,5,52.50748,13.3633,morning,9,daylight,0,dry,0,1,5,1,1,0,0,0,0,3,slightly_injured
2019,9,Thu,5,52.51925,13.59236,afternoon,16,daylight,0,dry,0,6,4,0,1,1,0,0,0,3,slightly_injured
2019,9,Thu,5,52.55618,13.38436,morning,9,daylight,0,dry,0,0,6,0,1,0,0,0,1,3,slightly_injured
2019,9,Thu,5,52.52233,13.33158,afternoon,15,daylight,0,dry,0,5,3,0,1,0,0,0,0,3,slightly_injured
2019,9,Thu,5,52.52757,13.1952,afternoon,15,daylight,0,dry,0,2,6,0,1,0,0,0,0,3,slightly_injured
2019,9,Thu,5,52.53105,13.40015,afternoon,14,daylight,0,dry,0,2,3,0,1,0,1,0,0,3,slightly_injured
2019,9,Thu,5,52.56873,13.54954,evening,19,dusk,1,dry,0,5,3,0,1,0,0,0,0,3,slightly_injured
2019,9,Thu,5,52.44562,13.45294,morning,8,daylight,0,dry,0,0,2,1,1,0,0,0,0,3,slightly_injured
2019,9,Thu,5,52.5111,13.46104,morning,8,daylight,0,dry,0,5,2,1,1,0,0,0,0,3,slightly_injured
2019,9,Thu,5,52.44647,13.43446,morning,7,daylight,0,dry,0,5,2,1,1,0,0,0,0,2,seriously_injured
2019,9,Thu,5,52.51847,13.27995,afternoon,14,daylight,0,dry,0,6,4,0,0,1,0,0,1,2,seriously_injured
2019,9,Thu,5,52.45637,13.56263,afternoon,14,daylight,0,dry,0,5,7,1,1,0,0,0,0,2,seriously_injured
2019,9,Thu,5,52.40689,13.34961,morning,7,daylight,0,dry,0,5,3,1,1,0,0,0,0,3,slightly_injured
2019,9,Thu,5,52.47606,13.44754,afternoon,17,daylight,0,dry,0,5,3,0,1,0,0,0,0,2,seriously_injured
2019,9,Thu,5,52.52218,13.40527,afternoon,14,daylight,0,dry,0,6,4,1,0,1,0,0,0,3,slightly_injured
2019,9,Thu,5,52.5193,13.35538,afternoon,17,daylight,0,dry,0,5,2,1,1,0,0,0,0,2,seriously_injured
2019,9,Thu,5,52.542,13.16268,afternoon,14,daylight,0,dry,0,1,1,1,1,0,0,0,0,3,slightly_injured
2019,9,Thu,5,52.5003,13.49589,afternoon,13,daylight,0,dry,0,6,4,0,1,1,0,0,0,2,seriously_injured
2019,9,Thu,5,52.50274,13.4225,night,2,dark,2,dry,0,1,5,0,1,0,0,0,0,3,slightly_injured
2019,9,Thu,5,52.54268,13.33682,afternoon,13,daylight,0,dry,0,3,6,0,1,0,0,1,0,3,slightly_injured
2019,9,Thu,5,52.47015,13.4646,afternoon,12,daylight,0,dry,0,5,2,0,1,0,0,0,0,3,slightly_injured
2019,9,Thu,5,52.54419,13.23898,morning,11,daylight,0,dry,0,1,5,0,1,0,0,0,1,3,slightly_injured
2019,9,Thu,5,52.48428,13.42461,night,5,dusk,1,dry,0,5,7,0,1,0,0,0,0,3,slightly_injured
2019,9,Thu,5,52.53555,13.3566,afternoon,14,daylight,0,dry,0,0,6,0,0,0,0,0,1,3,slightly_injured
2019,9,Thu,5,52.56271,13.45941,afternoon,13,daylight,0,dry,0,5,3,0,1,0,0,0,0,2,seriously_injured
2019,9,Thu,5,52.498,13.36187,night,4,dark,2,dry,0,6,2,0,1,1,0,0,0,3,slightly_injured
2019,9,Thu,5,52.50765,13.35195,afternoon,13,daylight,0,dry,0,2,6,0,1,0,0,0,1,3,slightly_injured
2019,9,Wed,4,52.58374,13.2267,afternoon,15,daylight,0,dry,0,0,6,0,1,0,0,0,1,2,seriously_injured
2019,9,Wed,4,52.49892,13.30171,afternoon,16,daylight,0,dry,0,5,3,1,1,0,0,0,0,3,slightly_injured
2019,9,Wed,4,52.50952,13.40018,morning,9,daylight,0,dry,0,5,3,1,1,0,0,0,0,3,slightly_injured
2019,9,Wed,4,52.49483,13.43293,morning,8,daylight,0,dry,0,6,4,0,1,1,0,0,0,3,slightly_injured
2019,9,Wed,4,52.4162,13.49736,afternoon,13,daylight,0,dry,0,6,2,0,1,1,0,0,0,3,slightly_injured
2019,9,Wed,4,52.52124,13.38715,afternoon,13,daylight,0,dry,0,5,2,1,1,0,0,0,0,3,slightly_injured
2019,9,Wed,4,52.49413,13.45391,evening,23,dark,2,dry,0,0,1,1,0,0,0,0,0,3,slightly_injured
2019,9,Wed,4,52.50437,13.51137,afternoon,16,daylight,0,dry,0,5,3,1,1,0,0,0,0,3,slightly_injured
2019,9,Wed,4,52.52763,13.60531,morning,8,daylight,0,dry,0,5,3,0,1,0,0,0,0,3,slightly_injured
2019,9,Wed,4,52.53303,13.35994,evening,22,dark,2,dry,0,1,5,1,0,0,0,0,1,2,seriously_injured
2019,9,Wed,4,52.52562,13.38737,evening,21,dark,2,dry,0,1,1,1,1,0,0,0,0,3,slightly_injured
2019,9,Wed,4,52.43034,13.22283,evening,19,dark,2,dry,0,1,5,1,1,0,0,0,0,3,slightly_injured
2019,9,Wed,4,52.48551,13.34521,evening,19,dusk,1,dry,0,2,6,0,1,0,0,0,0,3,slightly_injured
2019,9,Wed,4,52.5363,13.19145,evening,18,dusk,1,dry,0,5,7,0,1,0,1,0,0,3,slightly_injured
2019,9,Wed,4,52.51441,13.49323,evening,18,daylight,0,dry,0,0,3,1,1,0,0,0,0,3,slightly_injured
2019,9,Wed,4,52.50932,13.33197,evening,18,daylight,0,dry,0,6,4,0,1,1,0,0,0,3,slightly_injured
2019,9,Wed,4,52.59576,13.43258,afternoon,17,daylight,0,dry,0,6,7,0,1,1,0,0,0,2,seriously_injured
2019,9,Wed,4,52.50861,13.37704,afternoon,17,daylight,0,dry,0,6,2,0,1,1,0,0,0,3,slightly_injured
2019,9,Wed,4,52.50081,13.46232,afternoon,17,daylight,0,dry,0,3,6,0,1,0,0,0,0,3,slightly_injured
2019,9,Wed,4,52.42401,13.2628,afternoon,17,daylight,0,dry,0,1,7,0,1,0,0,0,0,3,slightly_injured
2019,9,Wed,4,52.54502,13.22731,afternoon,16,daylight,0,dry,0,2,3,1,1,0,0,0,0,3,slightly_injured
2019,9,Wed,4,52.44125,13.53283,morning,8,daylight,0,dry,0,0,6,0,1,0,0,0,0,3,slightly_injured
2019,9,Wed,4,52.52369,13.20298,afternoon,16,daylight,0,dry,0,5,3,0,1,0,0,0,0,3,slightly_injured
2019,9,Wed,4,52.54205,13.44459,afternoon,15,daylight,0,dry,0,2,2,1,1,0,0,0,0,3,slightly_injured
2019,9,Wed,4,52.45275,13.60631,morning,6,dusk,1,dry,0,5,2,1,0,0,0,0,1,3,slightly_injured
2019,9,Wed,4,52.45436,13.4725,morning,6,daylight,0,dry,0,5,2,1,1,0,0,0,0,3,slightly_injured
2019,9,Wed,4,52.52176,13.41018,afternoon,15,daylight,0,dry,0,6,4,0,0,1,0,0,1,3,slightly_injured
2019,9,Wed,4,52.53478,13.19977,night,5,dark,2,dry,0,6,2,0,1,1,0,0,0,2,seriously_injured
2019,9,Wed,4,52.57427,13.35903,afternoon,14,daylight,0,dry,0,5,2,1,1,0,0,0,0,3,slightly_injured
2019,9,Wed,4,52.45975,13.40393,afternoon,14,daylight,0,dry,0,5,3,1,1,0,0,0,0,3,slightly_injured
2019,9,Wed,4,52.51754,13.30647,afternoon,14,daylight,0,dry,0,5,3,0,1,0,1,0,0,3,slightly_injured
2019,9,Wed,4,52.59209,13.34939,afternoon,14,daylight,0,dry,1,6,4,0,1,1,0,0,0,3,slightly_injured
2019,9,Wed,4,52.49822,13.35426,afternoon,13,daylight,0,dry,0,6,2,0,1,1,0,0,0,2,seriously_injured
2019,9,Wed,4,52.50624,13.43083,afternoon,13,daylight,0,dry,0,0,3,1,0,0,1,0,0,3,slightly_injured
2019,9,Wed,4,52.47944,13.53271,morning,10,daylight,0,dry,0,4,2,1,0,0,0,0,1,2,seriously_injured
2019,9,Wed,4,52.53622,13.39113,morning,7,daylight,0,dry,0,6,2,0,1,1,0,0,0,3,slightly_injured
2019,9,Wed,4,52.57489,13.3131,morning,10,daylight,0,dry,0,5,2,0,1,0,0,0,1,3,slightly_injured
2019,9,Wed,4,52.48533,13.45767,morning,9,daylight,0,dry,0,5,3,0,1,0,1,0,0,2,seriously_injured
2019,9,Wed,4,52.54733,13.18655,morning,9,daylight,0,dry,0,5,3,1,1,0,0,0,0,3,slightly_injured
2019,9,Wed,4,52.53527,13.51727,morning,9,daylight,0,dry,0,5,2,1,1,0,0,0,0,3,slightly_injured
2019,9,Wed,4,52.51577,13.42674,morning,8,daylight,0,dry,0,5,2,1,1,0,0,0,0,3,slightly_injured
2019,9,Wed,4,52.44593,13.44464,morning,7,daylight,0,dry,0,5,7,1,1,0,0,0,0,3,slightly_injured
2019,9,Wed,4,52.5051,13.4335,morning,6,daylight,0,dry,1,5,3,1,0,0,1,0,0,3,slightly_injured
2019,9,Wed,4,52.53315,13.1989,morning,9,daylight,0,dry,0,5,3,0,1,0,0,0,1,2,seriously_injured
2019,9,Tue,3,52.49086,13.39424,afternoon,16,daylight,0,dry,0,1,5,1,1,0,0,0,0,3,slightly_injured
2019,9,Tue,3,52.55031,13.44193,evening,22,dark,2,dry,1,5,3,0,1,0,0,0,0,3,slightly_injured
2019,9,Tue,3,52.51703,13.344,evening,22,dark,2,dry,1,6,4,1,0,1,0,0,0,2,seriously_injured
2019,9,Tue,3,52.53243,13.39611,evening,21,dark,2,dry,1,6,4,1,0,1,0,0,0,3,slightly_injured
2019,9,Tue,3,52.55003,13.57273,evening,20,dark,2,dry,1,5,3,0,1,0,0,0,0,2,seriously_injured
2019,9,Tue,3,52.55029,13.39115,evening,19,dusk,1,dry,1,5,2,0,1,0,0,0,1,3,slightly_injured
2019,9,Tue,3,52.52646,13.21641,evening,19,dark,2,dry,0,5,2,0,1,0,0,0,0,3,slightly_injured
2019,9,Tue,3,52.54224,13.45315,evening,19,daylight,0,dry,1,6,4,0,1,1,0,0,0,2,seriously_injured
2019,9,Tue,3,52.5621,13.35438,evening,18,dusk,1,dry,1,2,6,0,1,0,0,0,0,3,slightly_injured
2019,9,Tue,3,52.52326,13.43572,evening,18,dusk,1,dry,1,2,7,0,1,0,1,0,0,3,slightly_injured
2019,9,Tue,3,52.48998,13.43401,evening,18,dark,2,dry,1,6,4,0,0,1,1,0,0,3,slightly_injured
2019,9,Tue,3,52.52329,13.42998,afternoon,17,dusk,1,dry,1,0,2,1,1,0,0,0,0,3,slightly_injured
2019,9,Tue,3,52.5612,13.40853,evening,18,daylight,0,dry,1,5,2,0,1,0,1,0,0,3,slightly_injured
2019,9,Tue,3,52.44041,13.45898,afternoon,15,daylight,0,dry,0,0,2,1,1,0,0,0,0,3,slightly_injured
2019,9,Tue,3,52.54474,13.43011,afternoon,16,daylight,0,dry,1,2,6,0,1,0,0,0,0,2,seriously_injured
2019,9,Tue,3,52.45265,13.57414,afternoon,17,daylight,0,dry,1,2,6,0,1,0,0,0,0,3,slightly_injured
2019,9,Tue,3,52.57333,13.56742,afternoon,17,dusk,1,dry,1,5,3,0,1,0,1,0,0,3,slightly_injured
2019,9,Tue,3,52.45551,13.55833,afternoon,17,daylight,0,dry,1,2,6,0,1,0,0,0,0,3,slightly_injured
2019,9,Tue,3,52.49941,13.42604,afternoon,14,daylight,0,dry,1,2,6,0,1,0,1,0,0,3,slightly_injured
2019,9,Tue,3,52.53748,13.21783,afternoon,14,daylight,0,dry,1,2,6,0,1,0,0,0,0,3,slightly_injured
2019,9,Tue,3,52.52015,13.32032,afternoon,12,daylight,0,dry,1,6,4,0,0,1,1,0,0,3,slightly_injured
2019,9,Tue,3,52.50591,13.51986,afternoon,12,daylight,0,dry,1,5,2,1,1,0,0,0,0,2,seriously_injured
2019,9,Tue,3,52.49282,13.38756,morning,11,daylight,0,dry,0,3,6,0,1,0,0,0,0,3,slightly_injured
2019,9,Tue,3,52.53548,13.51722,morning,11,daylight,0,dry,0,5,2,0,1,0,0,0,0,3,slightly_injured
2019,9,Tue,3,52.55189,13.46544,morning,11,daylight,0,dry,0,5,2,0,1,0,0,0,1,2,seriously_injured
2019,9,Tue,3,52.49739,13.34133,morning,10,daylight,0,dry,0,5,7,0,0,0,1,0,1,3,slightly_injured
2019,9,Wed,4,52.49921,13.41785,afternoon,12,daylight,0,dry,1,2,6,0,1,0,0,1,0,3,slightly_injured
2019,9,Tue,3,52.54493,13.43689,morning,10,daylight,0,dry,0,5,3,0,1,0,1,0,0,3,slightly_injured
2019,9,Tue,3,52.53318,13.47716,night,5,dusk,1,dry,0,7,7,1,0,0,0,0,0,3,slightly_injured
2019,9,Tue,3,52.49872,13.30711,morning,10,daylight,0,dry,0,5,2,1,1,0,0,0,0,3,slightly_injured
2019,9,Tue,3,52.512,13.32164,evening,23,dark,2,dry,0,2,1,0,1,0,1,0,0,3,slightly_injured
2019,9,Tue,3,52.48602,13.42434,morning,9,daylight,0,dry,0,2,6,0,1,0,0,0,0,3,slightly_injured
2019,9,Tue,3,52.60624,13.42031,morning,9,daylight,0,dry,0,5,2,1,1,0,0,0,0,3,slightly_injured
2019,9,Tue,3,52.5951,13.33187,evening,23,dark,2,dry,0,5,3,1,1,0,0,0,0,3,slightly_injured
2019,9,Tue,3,52.4266,13.26057,afternoon,15,daylight,0,dry,0,5,3,1,0,0,0,0,0,3,slightly_injured
2019,9,Tue,3,52.49179,13.3781,morning,9,daylight,0,dry,0,2,2,1,1,0,0,0,0,3,slightly_injured
2019,9,Tue,3,52.43996,13.33288,morning,8,daylight,0,dry,0,1,5,1,1,0,0,0,0,2,seriously_injured
2019,9,Tue,3,52.52213,13.19016,evening,21,dark,2,dry,0,5,3,1,1,0,0,0,0,3,slightly_injured
2019,9,Tue,3,52.53255,13.14164,morning,8,daylight,0,dry,0,0,2,1,0,0,0,0,1,3,slightly_injured
2019,9,Tue,3,52.55767,13.42311,morning,8,daylight,0,dry,0,6,7,1,0,1,0,0,0,3,slightly_injured
2019,9,Tue,3,52.56139,13.53521,morning,6,daylight,0,dry,0,5,2,1,1,0,0,0,0,3,slightly_injured
2019,9,Tue,3,52.54022,13.33936,afternoon,16,daylight,0,dry,1,1,1,0,1,0,0,0,0,3,slightly_injured
2019,9,Tue,3,52.46416,13.58419,afternoon,16,daylight,0,dry,0,5,7,0,1,0,0,0,1,2,seriously_injured
2019,9,Tue,3,52.50309,13.41236,afternoon,17,daylight,0,dry,0,6,4,0,0,1,1,0,0,2,seriously_injured
2019,9,Tue,3,52.44988,13.32339,afternoon,16,daylight,0,dry,1,5,3,1,0,0,0,0,1,3,slightly_injured
2019,9,Tue,3,52.50251,13.40641,afternoon,16,daylight,0,dry,0,5,3,0,1,0,0,0,0,3,slightly_injured
2019,9,Tue,3,52.56503,13.42675,afternoon,16,daylight,0,dry,1,5,3,1,1,0,0,0,0,3,slightly_injured
2019,9,Tue,3,52.49935,13.40566,afternoon,16,daylight,0,dry,1,5,3,1,1,0,0,0,0,3,slightly_injured
2019,9,Tue,3,52.52487,13.62184,afternoon,16,daylight,0,dry,0,2,6,0,1,0,0,0,0,2,seriously_injured
2019,9,Tue,3,52.49598,13.39067,afternoon,16,daylight,0,dry,1,5,7,1,1,0,0,0,0,3,slightly_injured
2019,9,Tue,3,52.53696,13.47677,afternoon,15,daylight,0,dry,0,0,3,0,1,0,0,0,1,3,slightly_injured
2019,9,Tue,3,52.52675,13.48216,morning,6,daylight,0,dry,0,6,4,0,0,1,1,0,0,3,slightly_injured
2019,9,Tue,3,52.50529,13.33076,afternoon,15,daylight,0,dry,0,3,6,0,1,0,1,0,0,2,seriously_injured
2019,9,Tue,3,52.55667,13.51441,afternoon,16,daylight,0,dry,1,5,3,0,1,0,1,0,0,2,seriously_injured
2019,9,Tue,3,52.54486,13.34605,afternoon,16,daylight,0,dry,1,5,3,0,1,0,0,0,0,3,slightly_injured
2019,9,Tue,3,52.52844,13.19135,afternoon,15,daylight,0,dry,0,5,7,1,1,0,0,0,0,3,slightly_injured
2019,9,Tue,3,52.5715,13.36344,afternoon,15,daylight,0,dry,0,6,4,0,1,1,0,0,0,3,slightly_injured
2019,9,Tue,3,52.52085,13.43682,afternoon,15,daylight,0,dry,1,2,7,0,1,0,0,0,0,3,slightly_injured
2019,9,Tue,3,52.50022,13.4146,afternoon,15,daylight,0,dry,1,5,3,1,1,0,0,0,0,3,slightly_injured
2019,9,Tue,3,52.41869,13.48812,afternoon,14,daylight,0,dry,0,5,3,1,1,0,0,0,0,3,slightly_injured
2019,9,Tue,3,52.54533,13.49485,afternoon,15,daylight,0,dry,1,0,3,1,1,0,0,0,0,2,seriously_injured
2019,9,Tue,3,52.53594,13.35737,afternoon,13,daylight,0,dry,0,5,2,0,1,0,0,0,0,3,slightly_injured
2019,9,Tue,3,52.51736,13.48003,afternoon,15,daylight,0,dry,1,0,1,0,0,0,1,0,0,3,slightly_injured
2019,9,Tue,3,52.50322,13.34982,afternoon,13,daylight,0,dry,0,5,2,0,1,0,0,0,0,3,slightly_injured
2019,9,Tue,3,52.53445,13.50363,afternoon,14,daylight,0,dry,1,2,6,0,1,0,0,1,1,2,seriously_injured
2019,9,Tue,3,52.56143,13.38866,morning,10,daylight,0,dry,0,5,2,0,1,0,1,0,0,3,slightly_injured
2019,9,Tue,3,52.49858,13.4152,afternoon,14,daylight,0,dry,1,2,6,0,1,0,1,0,0,3,slightly_injured
2019,9,Tue,3,52.52947,13.37927,afternoon,13,daylight,0,dry,1,0,1,0,0,0,1,0,0,3,slightly_injured
2019,9,Tue,3,52.52869,13.42067,morning,10,daylight,0,dry,0,2,5,0,1,0,0,0,0,3,slightly_injured
2019,9,Tue,3,52.51411,13.40568,morning,8,daylight,0,dry,0,5,2,1,1,0,0,0,0,3,slightly_injured
2019,9,Tue,3,52.49892,13.35706,afternoon,17,daylight,0,dry,0,5,3,1,1,0,0,0,0,3,slightly_injured
2019,9,Tue,3,52.55363,13.37727,morning,8,daylight,0,dry,0,5,2,1,1,0,0,0,0,3,slightly_injured
2019,9,Mon,2,52.45976,13.36807,afternoon,17,daylight,0,dry,1,0,7,0,0,0,1,0,1,3,slightly_injured
2019,9,Tue,3,52.49558,13.43031,morning,8,daylight,0,dry,0,0,2,1,0,0,1,0,0,3,slightly_injured
2019,9,Mon,2,52.47626,13.45495,afternoon,13,daylight,0,dry,0,2,7,0,1,0,0,0,1,3,slightly_injured
2019,9,Tue,3,52.55168,13.4503,morning,8,daylight,0,dry,0,2,6,1,1,0,0,0,0,3,slightly_injured
2019,9,Mon,2,52.5423,13.34947,morning,7,daylight,0,dry,0,5,2,0,1,0,0,1,0,3,slightly_injured
2019,9,Tue,3,52.50694,13.39818,morning,7,dusk,1,dry,0,2,6,0,1,0,0,1,0,3,slightly_injured
2019,9,Mon,2,52.50981,13.30209,afternoon,12,daylight,0,dry,0,6,4,0,1,1,0,0,0,3,slightly_injured
2019,9,Mon,2,52.45019,13.34972,evening,22,dark,2,dry,0,1,5,0,1,0,0,0,0,3,slightly_injured
2019,9,Tue,3,52.52384,13.40743,morning,7,daylight,0,dry,0,3,6,1,1,0,0,0,0,3,slightly_injured
2019,9,Mon,2,52.53352,13.33083,evening,18,daylight,0,dry,0,5,2,0,1,0,1,0,0,3,slightly_injured
2019,9,Tue,3,52.62642,13.2909,morning,7,daylight,0,dry,0,2,7,0,1,0,0,0,0,3,slightly_injured
2019,9,Mon,2,52.61234,13.35827,evening,18,daylight,0,dry,0,2,6,0,1,0,0,0,0,3,slightly_injured
2019,9,Mon,2,52.53226,13.32469,afternoon,17,daylight,0,dry,0,5,2,1,1,0,0,0,0,3,slightly_injured
2019,9,Tue,3,52.50987,13.28196,morning,7,dusk,1,dry,0,2,2,0,1,0,0,0,0,3,slightly_injured
2019,9,Mon,2,52.5714,13.40043,afternoon,17,daylight,0,dry,0,4,6,1,1,0,0,0,0,3,slightly_injured
2019,9,Tue,3,52.52963,13.30635,night,5,dark,2,dry,0,6,4,0,0,1,1,0,0,3,slightly_injured
2019,9,Mon,2,52.54838,13.29649,afternoon,17,daylight,0,dry,0,3,6,0,1,0,0,0,0,3,slightly_injured
2019,9,Tue,3,52.54574,13.58653,night,0,dark,2,dry,0,9,1,0,1,0,0,0,0,3,slightly_injured
2019,9,Mon,2,52.45964,13.36785,afternoon,17,daylight,0,dry,1,0,7,0,0,0,1,0,0,3,slightly_injured
2019,9,Tue,3,52.49838,13.39597,evening,22,dark,2,dry,0,5,3,1,1,1,0,0,0,2,seriously_injured
2019,9,Mon,2,52.45971,13.36662,afternoon,17,daylight,0,dry,1,0,7,0,0,0,1,0,1,3,slightly_injured
2019,9,Mon,2,52.42549,13.48216,afternoon,16,daylight,0,dry,0,5,2,1,0,0,0,0,1,2,seriously_injured
2019,9,Mon,2,52.46801,13.44468,morning,9,daylight,0,dry,0,0,3,1,0,0,0,1,0,3,slightly_injured
2019,9,Mon,2,52.42646,13.52679,afternoon,14,daylight,0,dry,0,5,2,1,1,0,0,0,0,3,slightly_injured
2019,9,Mon,2,52.40668,13.4106,afternoon,16,daylight,0,dry,0,5,3,0,1,0,0,0,0,2,seriously_injured
2019,9,Mon,2,52.56226,13.41906,evening,20,dark,2,dry,0,0,6,1,1,0,0,0,0,3,slightly_injured
2019,9,Mon,2,52.46972,13.44123,afternoon,16,daylight,0,dry,0,6,7,0,0,1,0,0,1,3,slightly_injured
2019,9,Mon,2,52.48125,13.29587,afternoon,16,daylight,0,dry,0,5,3,1,1,0,0,0,0,3,slightly_injured
2019,9,Mon,2,52.47341,13.47596,afternoon,16,daylight,0,dry,0,1,7,0,1,0,0,0,0,3,slightly_injured
2019,9,Mon,2,52.56833,13.52076,afternoon,14,daylight,0,dry,0,2,6,0,1,0,0,0,0,3,slightly_injured
2019,9,Mon,2,52.51039,13.45369,afternoon,15,daylight,0,dry,0,1,5,1,1,0,0,0,0,3,slightly_injured
2019,9,Mon,2,52.55272,13.24938,afternoon,15,daylight,0,dry,0,2,6,0,1,0,0,0,0,3,slightly_injured
2019,9,Mon,2,52.51474,13.34902,morning,9,daylight,0,dry,0,2,2,0,1,0,0,1,0,3,slightly_injured
2019,9,Mon,2,52.55712,13.36549,afternoon,14,daylight,0,dry,0,5,2,0,1,0,0,0,0,2,seriously_injured
2019,9,Mon,2,52.4012,13.57017,morning,8,daylight,0,dry,0,5,3,1,1,0,0,0,0,3,slightly_injured
2019,9,Mon,2,52.48521,13.42427,afternoon,14,daylight,0,dry,0,6,7,1,0,1,0,0,0,3,slightly_injured
2019,9,Mon,2,52.53808,13.24728,morning,8,daylight,0,dry,0,2,6,0,1,0,0,0,0,3,slightly_injured
2019,9,Mon,2,52.564,13.328,morning,11,daylight,0,dry,0,5,3,0,0,0,1,0,1,2,seriously_injured
2019,9,Mon,2,52.52561,13.52929,morning,8,daylight,0,dry,0,5,2,1,1,0,0,0,0,3,slightly_injured
2019,9,Mon,2,52.42323,13.34839,afternoon,14,daylight,0,dry,0,2,7,0,1,0,1,0,0,3,slightly_injured
2019,9,Mon,2,52.50213,13.50944,morning,10,daylight,0,dry,0,6,4,0,1,1,0,0,0,3,slightly_injured
2019,9,Mon,2,52.49184,13.31881,morning,8,daylight,0,dry,0,5,2,1,1,0,0,0,0,3,slightly_injured
2019,9,Mon,2,52.51515,13.39551,morning,9,daylight,0,dry,0,5,2,1,1,0,0,0,0,3,slightly_injured
2019,9,Mon,2,52.44094,13.38131,morning,7,daylight,0,dry,0,2,2,0,1,0,0,1,0,3,slightly_injured
2019,9,Mon,2,52.52354,13.38982,morning,10,daylight,0,dry,0,6,7,0,1,1,0,0,0,3,slightly_injured
2019,9,Mon,2,52.55215,13.36688,evening,21,dark,2,dry,0,6,4,0,1,1,0,0,0,2,seriously_injured
2019,9,Mon,2,52.54307,13.19835,afternoon,14,daylight,0,dry,0,2,6,0,1,0,0,0,1,3,slightly_injured
2019,9,Mon,2,52.57071,13.31296,evening,19,dark,2,dry,0,3,6,0,1,0,1,0,0,3,slightly_injured
2019,9,Mon,2,52.49241,13.40193,morning,9,daylight,0,dry,1,5,2,1,1,0,0,0,0,3,slightly_injured
2019,9,Mon,2,52.41555,13.25135,morning,9,daylight,0,dry,1,5,3,1,1,0,0,0,0,3,slightly_injured
2019,9,Mon,2,52.43583,13.69935,evening,20,dark,2,dry,0,2,7,0,1,0,0,0,0,2,seriously_injured
2019,9,Mon,2,52.55679,13.36517,evening,20,dark,2,dry,0,2,6,0,1,0,0,0,0,3,slightly_injured
2019,9,Mon,2,52.50545,13.3317,morning,9,daylight,0,dry,0,6,2,0,1,1,0,0,0,3,slightly_injured
2019,9,Mon,2,52.51133,13.41663,morning,9,daylight,0,dry,0,3,6,1,1,0,0,0,0,3,slightly_injured
2019,9,Mon,2,52.44229,13.58202,afternoon,16,daylight,0,dry,0,2,6,0,1,0,0,0,0,3,slightly_injured
2019,9,Mon,2,52.5044,13.34077,morning,8,daylight,0,dry,1,2,6,1,1,0,0,0,0,3,slightly_injured
2019,9,Mon,2,52.46707,13.38688,morning,9,daylight,0,dry,0,5,3,1,0,0,0,0,0,2,seriously_injured
2019,9,Mon,2,52.52825,13.37863,morning,8,daylight,0,dry,0,5,2,1,1,0,0,0,0,3,slightly_injured
2019,9,Mon,2,52.55216,13.42811,morning,8,daylight,0,dry,0,0,2,1,1,0,0,0,0,3,slightly_injured
2019,9,Mon,2,52.62904,13.43517,afternoon,15,daylight,0,dry,0,5,3,0,1,0,0,0,0,3,slightly_injured
2019,9,Mon,2,52.4266,13.33138,morning,7,daylight,0,dry,0,5,3,1,1,0,0,0,0,2,seriously_injured
2019,9,Mon,2,52.61378,13.23223,afternoon,13,daylight,0,dry,0,0,7,0,1,0,0,0,0,3,slightly_injured
2019,9,Mon,2,52.48555,13.34377,afternoon,14,daylight,0,dry,0,5,3,1,1,0,0,0,0,3,slightly_injured
2019,9,Mon,2,52.50097,13.31504,morning,11,daylight,0,dry,0,5,7,0,1,0,0,0,1,3,slightly_injured
2019,9,Mon,2,52.528,13.40269,evening,19,dark,2,dry,0,0,4,1,0,1,0,0,0,3,slightly_injured
2019,9,Mon,2,52.48191,13.42499,morning,11,daylight,0,dry,0,5,3,0,1,0,0,0,0,3,slightly_injured
2019,9,Mon,2,52.47309,13.42513,morning,7,daylight,0,dry,0,2,7,0,1,0,0,0,0,3,slightly_injured
2019,9,Mon,2,52.53955,13.29637,afternoon,13,daylight,0,dry,0,6,4,0,1,1,0,0,0,3,slightly_injured
2019,9,Sun,1,52.5559,13.38593,afternoon,15,daylight,0,dry,0,1,5,1,1,0,0,0,0,3,slightly_injured
2019,9,Mon,2,52.52845,13.13845,afternoon,17,daylight,0,dry,0,0,3,1,1,0,0,0,0,3,slightly_injured
2019,9,Sun,1,52.49906,13.4809,morning,8,daylight,0,dry,0,6,4,0,1,1,0,0,0,3,slightly_injured
2019,9,Mon,2,52.52528,13.3917,afternoon,13,daylight,0,dry,0,0,1,1,0,0,0,0,0,3,slightly_injured
2019,9,Sun,1,52.50606,13.33245,afternoon,16,daylight,0,dry,0,5,2,1,1,0,0,0,0,3,slightly_injured
2019,9,Sun,1,52.50684,13.29921,evening,18,daylight,0,dry,1,0,7,0,0,0,1,0,0,3,slightly_injured
2019,9,Mon,2,52.4861,13.43536,morning,9,daylight,0,dry,0,5,2,1,1,0,0,0,0,3,slightly_injured
2019,9,Mon,2,52.54906,13.44917,evening,18,dusk,1,dry,0,4,1,1,0,0,0,0,1,3,slightly_injured
2019,9,Sun,1,52.46783,13.43075,afternoon,16,daylight,0,dry,0,0,7,0,0,1,0,0,1,3,slightly_injured
2019,9,Sun,1,52.51193,13.35067,afternoon,16,daylight,0,dry,0,0,1,0,0,0,0,0,1,3,slightly_injured
2019,9,Mon,2,52.54021,13.37561,afternoon,12,daylight,0,dry,0,5,3,0,1,0,0,0,0,3,slightly_injured
2019,9,Sun,1,52.48987,13.45266,afternoon,16,daylight,0,dry,0,2,6,1,1,0,0,0,0,3,slightly_injured
2019,9,Mon,2,52.41519,13.65687,afternoon,12,daylight,0,dry,0,5,3,1,1,0,0,0,0,3,slightly_injured