ujahr,umonat,weekday,uwochentag,long,lat,time_of_day,ustunde,light_condition,ulichtverh,street_condition,ustrzustand,uart,utyp1,ist_rad,ist_pkw,ist_fuss,ist_krad,ist_gkfz,ist_sonstige,ukategorie,accident_outcome
2019,9,Sun,1,52.48121,13.31454,afternoon,15,daylight,0,dry,0,1,5,1,1,0,0,0,0,3,slightly_injured
2019,9,Sun,1,52.51925,13.30139,afternoon,14,daylight,0,dry,0,2,3,1,1,0,0,0,0,3,slightly_injured
2019,9,Mon,2,52.52834,13.41706,evening,18,dark,2,dry,0,2,6,0,1,0,0,0,0,3,slightly_injured
2019,9,Sun,1,52.53963,13.29476,afternoon,13,daylight,0,dry,0,5,2,0,0,0,1,0,0,3,slightly_injured
2019,9,Sun,1,52.53449,13.29307,evening,20,dark,2,dry,0,3,2,0,1,0,0,0,0,3,slightly_injured
2019,9,Mon,2,52.48853,13.30794,afternoon,17,daylight,0,dry,0,5,2,0,1,0,0,0,0,3,slightly_injured
2019,9,Sun,1,52.55539,13.35636,evening,18,daylight,0,dry,0,5,3,1,1,0,0,0,0,2,seriously_injured
2019,9,Mon,2,52.51689,13.34472,afternoon,17,daylight,0,dry,0,6,7,0,1,1,0,0,0,3,slightly_injured
2019,9,Sun,1,52.43287,13.53638,evening,18,daylight,0,dry,0,5,2,0,1,0,0,0,0,3,slightly_injured
2019,9,Sun,1,52.4661,13.38543,afternoon,17,daylight,0,dry,0,5,2,1,1,0,0,0,0,3,slightly_injured
2019,9,Mon,2,52.44633,13.57496,afternoon,14,daylight,0,dry,0,1,1,1,1,0,0,0,0,3,slightly_injured
2019,9,Mon,2,52.54235,13.39293,afternoon,17,daylight,0,dry,0,1,5,1,1,0,0,0,0,3,slightly_injured
2019,9,Sun,1,52.51957,13.37187,morning,7,daylight,0,dry,0,0,1,0,0,0,1,0,0,3,slightly_injured
2019,9,Sun,1,52.50116,13.44488,night,0,dark,2,dry,0,0,7,1,0,0,0,0,0,3,slightly_injured
2019,9,Mon,2,52.50303,13.32735,afternoon,17,daylight,0,dry,0,6,7,0,0,1,0,0,1,3,slightly_injured
2019,9,Sun,1,52.49596,13.45428,morning,6,daylight,0,dry,0,5,3,1,1,0,0,0,0,3,slightly_injured
2019,9,Mon,2,52.46453,13.44835,morning,11,daylight,0,dry,0,2,2,0,1,0,0,0,0,3,slightly_injured
2019,9,Mon,2,52.47065,13.43667,morning,10,daylight,0,dry,0,1,5,0,1,0,0,0,1,3,slightly_injured
2019,9,Sun,1,52.53857,13.32608,morning,6,dusk,1,dry,0,2,6,0,1,0,1,0,0,3,slightly_injured
2019,9,Sun,1,52.50627,13.33238,night,4,dark,2,dry,0,5,2,0,1,0,0,0,0,3,slightly_injured
2019,9,Mon,2,52.53015,13.21283,morning,10,daylight,0,dry,0,1,5,0,1,0,0,0,0,2,seriously_injured
2019,9,Sun,1,52.52767,13.24575,night,1,dark,2,dry,0,1,1,0,1,0,0,0,0,3,slightly_injured
2019,9,Mon,2,52.38204,13.40615,morning,10,daylight,0,dry,0,5,3,0,1,0,0,0,0,3,slightly_injured
2019,9,Sat,7,52.41561,13.5312,night,4,dark,2,dry,0,5,3,0,1,0,0,0,0,3,slightly_injured
2019,9,Mon,2,52.42444,13.43585,afternoon,17,daylight,0,dry,0,5,7,1,1,0,0,0,0,3,slightly_injured
2019,9,Sat,7,52.44533,13.40067,afternoon,14,daylight,0,dry,0,2,6,0,1,0,0,0,0,3,slightly_injured
2019,9,Mon,2,52.554,13.42075,afternoon,16,daylight,0,dry,0,5,2,1,1,0,0,0,0,3,slightly_injured
2019,9,Sat,7,52.57248,13.33105,afternoon,14,daylight,0,dry,0,6,4,0,1,1,0,0,0,3,slightly_injured
2019,9,Mon,2,52.55318,13.34092,morning,10,daylight,0,dry,0,5,3,0,1,0,0,0,0,3,slightly_injured
2019,9,Sat,7,52.61132,13.3181,afternoon,14,daylight,0,dry,0,0,1,1,0,0,0,0,0,2,seriously_injured
2019,9,Mon,2,52.46823,13.57374,morning,10,daylight,0,dry,0,2,7,0,1,0,1,0,0,3,slightly_injured
2019,9,Sat,7,52.49426,13.36094,afternoon,14,daylight,0,dry,0,5,2,1,1,0,0,0,0,2,seriously_injured
2019,9,Mon,2,52.50808,13.32814,afternoon,13,daylight,0,dry,0,0,2,0,0,0,0,0,1,3,slightly_injured
2019,9,Sat,7,52.54947,13.44116,afternoon,13,daylight,0,dry,0,5,3,0,1,0,0,0,0,3,slightly_injured
2019,9,Sat,7,52.44269,13.56917,afternoon,13,daylight,0,dry,0,5,3,1,1,0,0,0,0,3,slightly_injured
2019,9,Sun,1,52.5421,13.33669,evening,20,dark,2,dry,0,5,3,1,1,0,0,0,0,3,slightly_injured
2019,9,Sat,7,52.45224,13.59942,evening,21,dark,2,dry,0,3,6,0,1,0,1,0,0,3,slightly_injured
2019,9,Sun,1,52.50554,13.51158,evening,23,dark,2,dry,0,5,3,0,1,0,0,0,0,3,slightly_injured
2019,9,Sat,7,52.48155,13.32929,evening,21,dark,2,dry,0,0,1,0,0,0,0,0,1,3,slightly_injured
2019,9,Sat,7,52.44682,13.36085,evening,23,dark,2,dry,0,6,4,0,1,1,0,0,0,3,slightly_injured
2019,9,Sun,1,52.48736,13.38612,evening,20,dark,2,dry,0,5,2,1,1,0,0,0,0,3,slightly_injured
2019,9,Sat,7,52.55299,13.37931,evening,22,dusk,1,dry,0,6,4,0,1,1,0,0,0,2,seriously_injured
2019,9,Sun,1,52.54582,13.42762,evening,21,dark,2,dry,0,5,2,1,1,0,0,0,0,2,seriously_injured
2019,9,Sat,7,52.50914,13.26856,evening,21,dark,2,dry,0,5,2,0,1,0,0,0,0,3,slightly_injured
2019,9,Sun,1,52.55043,13.38515,evening,21,dark,2,dry,0,3,6,0,1,0,0,0,0,3,slightly_injured
2019,9,Sat,7,52.51366,13.51921,evening,21,dark,2,dry,0,6,4,0,1,1,0,0,0,3,slightly_injured
2019,9,Sun,1,52.45549,13.55833,evening,20,dark,2,dry,1,0,7,0,0,0,1,0,0,3,slightly_injured
2019,9,Sat,7,52.53231,13.40351,afternoon,13,daylight,0,dry,0,0,7,1,0,0,0,0,0,3,slightly_injured
2019,9,Sat,7,52.45252,13.37784,evening,21,dark,2,dry,0,0,1,0,0,0,1,0,0,3,slightly_injured
2019,9,Sun,1,52.49613,13.35988,evening,19,dark,2,dry,0,5,3,1,1,0,0,0,0,3,slightly_injured
2019,9,Sun,1,52.52926,13.29641,evening,19,dark,2,dry,0,5,2,0,1,0,0,0,1,3,slightly_injured
2019,9,Sat,7,52.46121,13.31779,afternoon,13,daylight,0,dry,0,5,2,0,1,0,1,0,0,3,slightly_injured
2019,9,Sun,1,52.57013,13.37027,afternoon,15,daylight,0,dry,0,4,6,0,1,0,0,0,0,3,slightly_injured
2019,9,Sat,7,52.49235,13.38309,evening,20,dark,2,dry,0,1,5,1,1,0,0,0,0,3,slightly_injured
2019,9,Sun,1,52.50253,13.32492,afternoon,14,daylight,0,dry,0,3,6,1,0,0,0,0,1,2,seriously_injured
2019,9,Sat,7,52.45023,13.34487,afternoon,12,daylight,0,dry,0,5,5,0,1,0,0,0,0,3,slightly_injured
2019,9,Sat,7,52.5862,13.28684,morning,11,daylight,0,dry,0,5,2,0,1,0,0,0,0,3,slightly_injured
2019,9,Sun,1,52.43527,13.31373,afternoon,14,daylight,0,dry,0,1,5,0,1,0,1,0,0,3,slightly_injured
2019,9,Sun,1,52.50556,13.38088,afternoon,13,daylight,0,dry,0,5,7,0,1,0,0,0,1,3,slightly_injured
2019,9,Sat,7,52.44272,13.29708,evening,19,dusk,1,dry,0,0,1,0,0,0,1,0,0,2,seriously_injured
2019,9,Sat,7,52.43441,13.34972,evening,18,daylight,0,dry,0,2,6,0,1,0,0,0,0,2,seriously_injured
2019,9,Sun,1,52.57045,13.5656,afternoon,13,daylight,0,dry,0,5,7,0,1,0,1,0,0,3,slightly_injured
2019,9,Sat,7,52.42887,13.32892,morning,10,daylight,0,dry,0,0,6,0,1,0,1,0,0,3,slightly_injured
2019,9,Sun,1,52.54515,13.42314,afternoon,13,daylight,0,dry,0,5,7,1,1,0,0,0,0,2,seriously_injured
2019,9,Sat,7,52.4589,13.49857,morning,9,daylight,0,dry,0,3,6,1,0,0,0,0,0,3,slightly_injured
2019,9,Sat,7,52.55387,13.41477,morning,9,daylight,0,dry,0,2,6,0,1,0,0,0,0,3,slightly_injured
2019,9,Sun,1,52.56936,13.33006,afternoon,12,daylight,0,dry,0,5,3,0,1,0,1,0,0,3,slightly_injured
2019,9,Sat,7,52.43778,13.57171,morning,9,daylight,0,dry,0,6,4,0,1,1,0,0,0,2,seriously_injured
2019,9,Sun,1,52.43853,13.59254,afternoon,12,daylight,0,dry,0,5,3,0,1,0,1,0,0,2,seriously_injured
2019,9,Sat,7,52.43773,13.23249,morning,9,daylight,0,dry,0,6,4,1,0,1,0,0,0,3,slightly_injured
2019,9,Sun,1,52.44295,13.2967,evening,19,dusk,1,dry,0,2,2,1,1,0,0,0,0,2,seriously_injured
2019,9,Sat,7,52.57028,13.4646,morning,8,daylight,0,dry,0,6,4,1,0,1,0,0,0,3,slightly_injured
2019,9,Sat,7,52.53284,13.47616,morning,11,daylight,0,dry,0,5,2,1,1,0,0,0,0,3,slightly_injured
2019,9,Sat,7,52.52045,13.38825,afternoon,16,daylight,0,dry,0,1,6,1,1,0,0,0,0,3,slightly_injured
2019,9,Sat,7,52.5934,13.32235,afternoon,16,daylight,0,dry,0,0,1,0,0,0,1,0,0,3,slightly_injured
2019,9,Sat,7,52.5264,13.46012,evening,20,dark,2,dry,0,1,5,0,1,0,0,0,1,3,slightly_injured
2019,9,Sat,7,52.51108,13.37123,evening,19,dark,2,dry,0,5,3,0,1,0,0,0,0,3,slightly_injured
2019,9,Sat,7,52.45018,13.36507,afternoon,15,daylight,0,dry,0,3,6,1,1,0,0,0,0,3,slightly_injured
2019,9,Sat,7,52.43511,13.50067,afternoon,14,daylight,0,dry,0,5,2,0,1,0,0,0,1,3,slightly_injured
2019,9,Sat,7,52.54757,13.42678,evening,18,dusk,1,dry,0,1,5,0,1,0,0,0,1,3,slightly_injured
2019,9,Sat,7,52.59655,13.35352,night,2,dark,2,dry,0,1,5,0,1,0,0,0,0,3,slightly_injured
2019,9,Sat,7,52.61423,13.49344,afternoon,17,daylight,0,dry,0,5,3,1,1,0,0,0,0,3,slightly_injured
2019,9,Sat,7,52.46471,13.3413,night,0,dark,2,dry,0,1,3,1,1,0,0,0,0,3,slightly_injured
2019,9,Sat,7,52.42646,13.52662,afternoon,16,daylight,0,dry,0,5,2,0,1,0,0,0,0,2,seriously_injured
2019,9,Fri,6,52.38655,13.40954,afternoon,13,daylight,0,dry,0,1,5,1,1,0,0,0,0,3,slightly_injured
2019,9,Sat,7,52.53851,13.60226,afternoon,13,daylight,0,dry,0,1,5,1,1,0,0,0,0,3,slightly_injured
2019,9,Fri,6,52.50033,13.33203,morning,10,daylight,0,dry,0,0,7,1,0,0,0,0,0,3,slightly_injured
2019,9,Sat,7,52.53732,13.36033,morning,10,daylight,0,dry,0,5,2,0,1,0,0,0,0,3,slightly_injured
2019,9,Fri,6,52.56476,13.32521,afternoon,14,daylight,0,dry,0,5,7,0,1,0,0,0,0,3,slightly_injured
2019,9,Sat,7,52.5116,13.61227,morning,7,daylight,0,dry,0,6,4,0,0,1,0,0,1,2,seriously_injured
2019,9,Fri,6,52.46609,13.37797,afternoon,14,daylight,0,dry,0,2,6,0,1,0,0,0,0,3,slightly_injured
2019,9,Fri,6,52.5276,13.19522,afternoon,13,daylight,0,dry,0,2,6,0,1,0,0,0,0,3,slightly_injured
2019,9,Sat,7,52.56758,13.31374,afternoon,15,daylight,0,dry,0,1,5,1,1,0,0,0,1,3,slightly_injured
2019,9,Fri,6,52.51541,13.41821,afternoon,13,daylight,0,dry,0,3,6,1,0,0,0,0,0,3,slightly_injured
2019,9,Sat,7,52.58755,13.31986,afternoon,15,daylight,0,dry,0,2,7,0,1,0,0,0,0,3,slightly_injured
2019,9,Fri,6,52.53837,13.21405,afternoon,13,daylight,0,dry,1,5,2,1,0,0,0,0,1,3,slightly_injured
2019,9,Sat,7,52.48223,13.43887,afternoon,14,daylight,0,dry,0,3,6,1,1,0,0,0,0,3,slightly_injured
2019,9,Fri,6,52.47363,13.32857,afternoon,12,daylight,0,dry,0,0,7,1,1,0,0,0,0,3,slightly_injured
2019,9,Sat,7,52.47626,13.32856,night,3,dark,2,dry,0,9,1,0,0,0,1,0,0,2,seriously_injured
2019,9,Fri,6,52.487,13.3551,afternoon,12,daylight,0,dry,0,0,7,1,1,0,0,0,0,3,slightly_injured
2019,9,Fri,6,52.55437,13.2255,morning,11,daylight,0,dry,0,2,6,0,1,0,0,0,0,3,slightly_injured
2019,9,Sat,7,52.51251,13.37704,afternoon,14,daylight,0,dry,0,2,2,0,1,0,0,0,0,3,slightly_injured
2019,9,Sat,7,52.53065,13.4596,afternoon,14,daylight,0,dry,0,0,1,0,0,0,1,0,0,3,slightly_injured
2019,9,Fri,6,52.5594,13.21882,morning,11,daylight,0,dry,0,0,7,0,1,0,0,0,1,3,slightly_injured
2019,9,Fri,6,52.45141,13.58743,morning,10,daylight,0,dry,0,1,5,0,1,0,0,0,0,3,slightly_injured
2019,9,Sat,7,52.4467,13.62818,night,1,dark,2,dry,0,2,2,0,1,0,0,0,0,3,slightly_injured
2019,9,Fri,6,52.49389,13.45423,morning,10,daylight,0,dry,0,5,2,1,1,0,0,0,0,3,slightly_injured
2019,9,Sat,7,52.43016,13.47759,afternoon,13,daylight,0,dry,0,5,3,0,1,0,0,0,0,3,slightly_injured
2019,9,Fri,6,52.50192,13.31323,morning,9,daylight,0,dry,0,6,7,0,1,1,0,0,0,3,slightly_injured
2019,9,Fri,6,52.56588,13.32418,evening,21,dark,2,dry,0,4,6,1,1,0,0,0,0,3,slightly_injured
2019,9,Sat,7,52.54824,13.59283,afternoon,13,daylight,0,dry,0,5,3,1,1,0,0,0,0,3,slightly_injured
2019,9,Fri,6,52.49905,13.28067,morning,9,daylight,0,dry,0,0,1,0,0,0,1,0,0,2,seriously_injured
2019,9,Fri,6,52.52328,13.42984,morning,7,daylight,0,dry,0,5,2,0,1,0,0,0,0,3,slightly_injured
2019,9,Sat,7,52.5051,13.43351,afternoon,12,daylight,0,dry,0,0,3,0,1,0,1,0,0,3,slightly_injured
2019,9,Fri,6,52.46968,13.44165,afternoon,17,daylight,0,dry,0,2,2,0,1,0,0,0,0,3,slightly_injured
2019,9,Fri,6,52.56269,13.36454,night,3,dark,2,dry,0,0,1,0,0,0,1,0,0,3,slightly_injured
2019,9,Sat,7,52.4513,13.33805,afternoon,12,daylight,0,dry,0,2,6,0,1,0,0,0,0,3,slightly_injured
2019,9,Fri,6,52.42419,13.48539,evening,20,dark,2,dry,0,5,3,0,1,0,0,0,0,3,slightly_injured
2019,9,Sat,7,52.54227,13.32417,morning,11,daylight,0,dry,0,0,1,0,1,0,1,0,0,3,slightly_injured
2019,9,Fri,6,52.60635,13.36403,evening,18,daylight,0,dry,0,2,6,0,1,0,0,0,0,3,slightly_injured
2019,9,Sat,7,52.43569,13.25836,morning,11,daylight,0,dry,0,5,3,0,1,0,0,0,0,3,slightly_injured
2019,9,Fri,6,52.52757,13.38672,evening,18,daylight,0,dry,0,6,4,0,1,1,0,0,0,3,slightly_injured
2019,9,Sat,7,52.55774,13.55482,morning,11,daylight,0,dry,0,0,1,0,0,0,1,0,0,3,slightly_injured
2019,9,Fri,6,52.54811,13.13696,afternoon,17,daylight,0,dry,0,5,3,0,1,0,1,0,0,2,seriously_injured
2019,9,Fri,6,52.45665,13.56246,evening,18,daylight,0,dry,0,5,2,1,1,0,0,0,0,3,slightly_injured
2019,9,Sat,7,52.53408,13.18176,morning,10,daylight,0,dry,0,5,2,1,1,0,0,0,0,3,slightly_injured
2019,9,Sat,7,52.49845,13.41052,morning,10,daylight,0,dry,0,5,7,1,1,0,0,0,0,3,slightly_injured
2019,9,Fri,6,52.56265,13.42175,afternoon,17,daylight,0,dry,0,5,3,1,1,0,0,0,0,3,slightly_injured
2019,9,Fri,6,52.48104,13.42682,afternoon,17,daylight,0,dry,0,2,6,0,1,0,0,0,0,3,slightly_injured
2019,9,Sat,7,52.45008,13.57331,morning,10,daylight,0,dry,0,5,7,0,1,0,0,0,1,3,slightly_injured
2019,9,Fri,6,52.5121,13.31735,afternoon,16,daylight,0,dry,0,5,3,1,1,0,0,0,0,3,slightly_injured
2019,9,Sat,7,52.51778,13.37121,afternoon,12,daylight,0,dry,0,1,5,1,1,0,0,0,0,3,slightly_injured
2019,9,Fri,6,52.54455,13.39104,afternoon,16,daylight,0,dry,0,4,6,1,0,0,0,0,1,3,slightly_injured
2019,9,Fri,6,52.55683,13.37425,evening,23,dark,2,dry,0,2,6,0,1,0,0,0,0,3,slightly_injured
2019,9,Fri,6,52.55329,13.34686,afternoon,16,daylight,0,dry,0,5,3,0,1,0,0,0,1,2,seriously_injured
2019,9,Fri,6,52.50547,13.3296,evening,18,daylight,0,dry,0,1,5,1,1,0,0,0,0,3,slightly_injured
2019,9,Fri,6,52.53391,13.55516,afternoon,16,daylight,0,dry,0,2,6,0,1,0,0,0,1,3,slightly_injured
2019,9,Mon,2,52.47247,13.38044,afternoon,14,daylight,0,dry,0,5,3,0,1,0,0,0,1,3,slightly_injured
2019,9,Mon,2,52.47524,13.47425,afternoon,16,daylight,0,dry,1,2,6,0,1,0,0,0,0,3,slightly_injured
2019,9,Mon,2,52.54895,13.3495,afternoon,15,daylight,0,dry,1,2,6,0,1,0,0,0,0,3,slightly_injured
2019,9,Mon,2,52.58716,13.28602,afternoon,16,daylight,0,dry,0,6,4,0,1,1,0,0,0,2,seriously_injured
2019,9,Mon,2,52.57272,13.27788,afternoon,16,daylight,0,dry,0,0,4,0,1,1,0,0,0,3,slightly_injured
2019,9,Mon,2,52.52271,13.41538,afternoon,16,daylight,0,dry,1,5,3,0,0,0,1,0,1,2,seriously_injured
2019,9,Mon,2,52.5243,13.44896,afternoon,16,daylight,0,dry,1,5,3,0,1,0,0,0,0,3,slightly_injured
2019,9,Mon,2,52.52716,13.196,afternoon,16,daylight,0,dry,1,1,5,1,1,0,0,0,0,3,slightly_injured
2019,9,Mon,2,52.42877,13.53271,afternoon,16,daylight,0,dry,0,5,3,0,1,0,0,0,1,3,slightly_injured
2019,9,Mon,2,52.55604,13.38417,morning,6,daylight,0,dry,0,5,2,1,1,0,0,0,0,3,slightly_injured
2019,9,Mon,2,52.4492,13.33841,afternoon,12,daylight,0,dry,1,3,6,0,1,0,0,0,1,3,slightly_injured
2019,9,Mon,2,52.43461,13.36207,afternoon,12,daylight,0,dry,1,6,2,0,1,1,0,0,0,2,seriously_injured
2019,9,Mon,2,52.50416,13.33332,afternoon,12,daylight,0,dry,1,2,7,0,1,0,0,0,0,2,seriously_injured
2019,9,Mon,2,52.43072,13.25934,morning,9,daylight,0,dry,1,6,4,0,1,1,0,0,0,3,slightly_injured
2019,9,Mon,2,52.55543,13.20108,morning,9,daylight,0,dry,1,2,2,0,1,0,0,0,0,3,slightly_injured
2019,9,Mon,2,52.47805,13.45168,morning,11,daylight,0,dry,1,5,3,0,1,0,1,0,0,3,slightly_injured
2019,9,Mon,2,52.54524,13.41257,morning,10,daylight,0,dry,1,2,6,0,1,0,0,0,0,3,slightly_injured
2019,9,Mon,2,52.48099,13.31389,morning,9,daylight,0,dry,1,5,2,0,1,0,0,0,0,3,slightly_injured
2019,9,Mon,2,52.51198,13.31477,morning,8,daylight,0,dry,1,5,2,1,1,0,0,0,0,3,slightly_injured
2019,9,Mon,2,52.50091,13.44342,morning,8,daylight,0,dry,1,0,5,1,1,0,0,0,0,3,slightly_injured
2019,9,Mon,2,52.53389,13.28259,morning,7,daylight,0,dry,1,5,2,1,1,0,0,0,0,3,slightly_injured
2019,9,Mon,2,52.50009,13.2738,morning,7,daylight,0,dry,1,2,6,0,1,0,0,0,0,3,slightly_injured
2019,9,Mon,2,52.54126,13.39376,morning,6,dark,2,dry,1,6,2,0,1,1,0,0,0,3,slightly_injured
2019,9,Mon,2,52.44556,13.38561,morning,6,dark,2,dry,1,6,2,0,1,1,0,0,0,2,seriously_injured
2019,9,Mon,2,52.4175,13.43805,morning,6,dark,2,dry,1,6,4,0,1,1,0,0,0,3,slightly_injured
2019,9,Mon,2,52.50604,13.47048,morning,6,dark,2,dry,1,2,6,0,1,0,0,1,0,3,slightly_injured
2019,9,Mon,2,52.42768,13.35533,night,5,dark,2,dry,1,5,2,1,1,0,0,0,0,3,slightly_injured
2019,9,Mon,2,52.55566,13.3842,evening,18,daylight,0,dry,0,5,2,1,1,0,0,0,0,3,slightly_injured
2019,9,Sun,1,52.42596,13.46508,evening,18,dark,2,dry,1,2,7,0,1,0,1,0,1,3,slightly_injured
2019,9,Sun,1,52.50524,13.34101,afternoon,17,daylight,0,dry,1,0,4,0,0,1,1,0,0,3,slightly_injured
2019,9,Sun,1,52.53281,13.39882,afternoon,16,daylight,0,dry,1,2,6,0,1,0,0,0,0,3,slightly_injured
2019,9,Sun,1,52.50623,13.31371,afternoon,16,daylight,0,dry,1,5,3,0,1,0,0,0,0,2,seriously_injured
2019,9,Sun,1,52.53249,13.14147,afternoon,15,dusk,1,dry,1,5,2,0,1,0,0,0,0,2,seriously_injured
2019,9,Sun,1,52.52632,13.38732,afternoon,14,daylight,0,dry,1,0,1,0,0,0,0,0,1,3,slightly_injured
2019,9,Sun,1,52.54008,13.61163,afternoon,14,daylight,0,dry,1,5,3,0,1,0,0,0,1,3,slightly_injured
2019,9,Sun,1,52.41493,13.40308,afternoon,13,daylight,0,dry,1,2,6,0,1,0,0,0,0,3,slightly_injured
2019,9,Sun,1,52.47642,13.34144,afternoon,13,daylight,0,dry,1,3,6,1,1,0,0,0,0,3,slightly_injured
2019,9,Sun,1,52.50675,13.28069,afternoon,12,daylight,0,dry,1,3,6,0,1,0,0,0,0,3,slightly_injured
2019,9,Sun,1,52.50194,13.42478,afternoon,12,daylight,0,dry,1,4,7,1,0,0,0,0,1,2,seriously_injured
2019,9,Sun,1,52.543,13.23264,morning,8,daylight,0,dry,0,1,5,0,1,0,0,0,0,3,slightly_injured
2019,9,Sun,1,52.52937,13.45943,evening,19,dark,2,dry,1,0,6,0,1,0,0,0,0,3,slightly_injured
2019,9,Sun,1,52.49179,13.39451,morning,8,daylight,0,dry,1,5,3,1,1,0,0,0,0,3,slightly_injured
2019,9,Sun,1,52.56017,13.33498,evening,19,dusk,1,dry,1,5,2,0,1,0,0,0,0,3,slightly_injured
2019,9,Sun,1,52.43692,13.34517,evening,18,dusk,1,dry,1,5,7,0,1,0,1,0,0,3,slightly_injured
2019,9,Sun,1,52.48392,13.4397,afternoon,17,daylight,0,dry,1,5,2,1,0,0,0,0,1,3,slightly_injured
2019,9,Sat,7,52.48491,13.26438,evening,21,dark,2,dry,1,1,1,0,1,0,0,0,0,3,slightly_injured
2019,10,Tue,3,52.48374,13.40002,afternoon,17,dusk,1,dry,1,2,6,0,1,0,1,0,0,3,slightly_injured
2019,9,Sat,7,52.51371,13.35044,afternoon,13,daylight,0,dry,0,2,6,1,0,0,0,0,1,2,seriously_injured
2019,10,Tue,3,52.50653,13.42301,afternoon,17,daylight,0,dry,1,1,5,1,1,0,0,0,0,3,slightly_injured
2019,9,Sat,7,52.46097,13.41894,afternoon,15,dusk,1,dry,1,1,5,0,1,0,0,0,0,3,slightly_injured
2019,10,Tue,3,52.42298,13.35728,afternoon,17,daylight,0,dry,1,5,3,0,1,0,0,0,0,3,slightly_injured
2019,9,Sat,7,52.50602,13.33254,evening,22,dark,2,dry,0,0,2,0,0,1,0,0,1,3,slightly_injured
2019,10,Tue,3,52.44824,13.3586,afternoon,16,daylight,0,dry,1,2,6,0,1,0,0,0,0,3,slightly_injured
2019,10,Tue,3,52.42383,13.39729,afternoon,16,daylight,0,dry,1,2,2,0,1,0,0,0,1,3,slightly_injured
2019,9,Sat,7,52.52943,13.37941,evening,23,dark,2,dry,0,5,2,1,1,0,0,0,0,3,slightly_injured
2019,10,Tue,3,52.49733,13.36388,afternoon,16,daylight,0,dry,1,2,6,0,1,0,1,0,0,3,slightly_injured
2019,9,Sat,7,52.47696,13.28103,evening,21,dark,2,dry,1,8,1,0,1,0,0,0,0,3,slightly_injured
2019,10,Tue,3,52.51273,13.27935,afternoon,16,daylight,0,dry,1,2,6,0,1,0,0,0,0,3,slightly_injured
2019,10,Tue,3,52.44112,13.42168,afternoon,15,daylight,0,dry,1,5,3,0,1,0,0,0,0,3,slightly_injured
2019,9,Sat,7,52.4834,13.26583,evening,19,dark,2,dry,1,5,2,0,1,0,1,0,0,2,seriously_injured
2019,10,Tue,3,52.56351,13.50472,afternoon,15,daylight,0,dry,1,6,4,0,1,1,0,0,0,3,slightly_injured
2019,9,Sat,7,52.5479,13.21784,evening,18,daylight,0,dry,1,0,1,1,1,0,0,0,0,3,slightly_injured
2019,10,Tue,3,52.46934,13.43748,afternoon,15,daylight,0,dry,1,2,2,0,1,0,0,0,0,3,slightly_injured
2019,9,Sat,7,52.48746,13.42663,evening,18,daylight,0,dry,1,0,5,1,1,0,0,0,0,3,slightly_injured
2019,10,Tue,3,52.55553,13.38669,afternoon,14,daylight,0,dry,1,5,2,1,1,0,0,0,0,3,slightly_injured
2019,9,Sat,7,52.46024,13.58097,afternoon,15,daylight,0,dry,1,0,1,0,0,0,1,0,0,3,slightly_injured
2019,10,Tue,3,52.56616,13.32892,morning,10,daylight,0,dry,1,0,5,0,1,0,0,0,1,3,slightly_injured
2019,10,Tue,3,52.53811,13.49856,morning,9,daylight,0,dry,1,2,7,0,0,0,0,1,1,3,slightly_injured
2019,9,Sat,7,52.50983,13.40765,afternoon,17,daylight,0,dry,1,2,7,0,1,0,0,0,0,3,slightly_injured
2019,9,Sat,7,52.54997,13.29532,afternoon,15,daylight,0,dry,1,0,6,0,1,0,1,0,0,3,slightly_injured
2019,10,Tue,3,52.37167,13.69251,morning,9,daylight,0,dry,1,5,2,0,1,0,0,0,1,3,slightly_injured
2019,9,Sat,7,52.5414,13.57571,afternoon,16,daylight,0,dry,0,0,5,0,1,0,0,0,0,3,slightly_injured
2019,10,Tue,3,52.49904,13.42198,afternoon,14,daylight,0,dry,1,5,3,1,1,0,0,0,0,3,slightly_injured
2019,9,Sat,7,52.55017,13.50871,afternoon,15,daylight,0,dry,1,2,6,0,1,0,0,0,0,3,slightly_injured
2019,10,Tue,3,52.52006,13.38831,night,2,dark,2,dry,0,0,7,0,0,0,0,0,1,3,slightly_injured
2019,10,Tue,3,52.45249,13.40799,afternoon,13,daylight,0,dry,1,5,2,0,1,0,0,0,0,3,slightly_injured
2019,9,Sat,7,52.44507,13.37404,afternoon,16,daylight,0,dry,1,5,2,0,1,0,1,0,0,2,seriously_injured
2019,9,Sat,7,52.50991,13.40045,afternoon,14,daylight,0,dry,1,2,6,0,1,0,0,0,0,3,slightly_injured
2019,10,Tue,3,52.4914,13.37676,afternoon,12,daylight,0,dry,1,2,2,0,1,0,0,0,1,3,slightly_injured
2019,10,Tue,3,52.59059,13.29225,morning,11,daylight,0,dry,1,5,2,0,1,0,0,0,1,3,slightly_injured
2019,9,Sat,7,52.41594,13.34174,afternoon,14,daylight,0,dry,1,5,2,1,1,0,0,0,0,3,slightly_injured
2019,10,Tue,3,52.46262,13.15854,morning,10,daylight,0,dry,1,5,3,0,1,0,0,1,0,2,seriously_injured
2019,9,Sat,7,52.49138,13.39612,afternoon,12,daylight,0,dry,1,3,6,1,0,0,0,0,1,3,slightly_injured
2019,10,Mon,2,52.55605,13.38427,evening,20,daylight,0,dry,0,5,2,0,1,0,0,0,1,3,slightly_injured
2019,10,Mon,2,52.55684,13.52799,afternoon,14,daylight,0,dry,0,2,2,0,1,0,0,0,0,3,slightly_injured
2019,9,Sat,7,52.50218,13.33341,afternoon,12,daylight,0,dry,1,0,4,0,0,1,1,0,0,3,slightly_injured
2019,10,Mon,2,52.53166,13.41566,afternoon,17,daylight,0,dry,0,5,3,0,0,0,1,0,1,3,slightly_injured
2019,9,Sat,7,52.51218,13.20099,morning,9,daylight,0,dry,1,0,1,0,0,0,1,0,0,3,slightly_injured