ujahr,umonat,weekday,uwochentag,long,lat,time_of_day,ustunde,light_condition,ulichtverh,street_condition,ustrzustand,uart,utyp1,ist_rad,ist_pkw,ist_fuss,ist_krad,ist_gkfz,ist_sonstige,ukategorie,accident_outcome
2019,10,Mon,2,52.50128,13.41927,evening,20,dark,2,dry,0,5,2,0,1,0,1,0,0,2,seriously_injured
2019,9,Sat,7,52.48777,13.42896,morning,9,daylight,0,dry,1,0,1,0,0,0,1,0,0,3,slightly_injured
2019,10,Mon,2,52.52329,13.30609,evening,20,dark,2,dry,0,5,2,0,1,0,0,0,0,3,slightly_injured
2019,9,Sat,7,52.53847,13.21023,afternoon,12,daylight,0,dry,1,0,6,0,0,0,1,0,0,2,seriously_injured
2019,10,Mon,2,52.49845,13.41061,evening,19,dark,2,dry,0,5,7,0,1,0,1,0,0,3,slightly_injured
2019,10,Mon,2,52.50983,13.30244,evening,19,dark,2,dry,0,2,7,0,1,0,0,0,0,3,slightly_injured
2019,9,Sat,7,52.47521,13.42719,morning,11,daylight,0,dry,0,6,4,0,1,1,0,0,0,3,slightly_injured
2019,9,Sat,7,52.43445,13.25771,morning,11,daylight,0,dry,1,0,1,1,0,0,0,0,0,3,slightly_injured
2019,10,Mon,2,52.5159,13.41726,afternoon,16,daylight,0,dry,0,4,2,1,0,0,0,0,0,3,slightly_injured
2019,10,Mon,2,52.49874,13.3889,evening,18,dark,2,dry,0,2,6,0,1,0,0,0,1,3,slightly_injured
2019,9,Sat,7,52.54751,13.18476,morning,10,daylight,0,dry,1,5,2,1,1,0,0,0,0,2,seriously_injured
2019,10,Mon,2,52.41993,13.4898,afternoon,16,daylight,0,dry,0,5,3,1,1,0,0,0,0,3,slightly_injured
2019,9,Sat,7,52.48419,13.3215,morning,10,daylight,0,dry,0,6,7,0,1,1,0,0,0,3,slightly_injured
2019,10,Mon,2,52.45499,13.60818,evening,18,dark,2,dry,0,1,5,1,1,0,0,0,0,3,slightly_injured
2019,10,Mon,2,52.52832,13.39598,afternoon,15,daylight,0,dry,0,4,6,1,0,0,0,0,1,2,seriously_injured
2019,9,Sat,7,52.52938,13.34333,morning,10,daylight,0,dry,1,2,6,0,1,0,0,0,0,3,slightly_injured
2019,10,Mon,2,52.44278,13.51954,afternoon,15,daylight,0,dry,0,5,3,1,0,0,1,0,0,3,slightly_injured
2019,9,Sat,7,52.48062,13.3789,night,1,dark,2,dry,0,5,3,0,1,0,0,0,0,3,slightly_injured
2019,10,Mon,2,52.54731,13.59949,afternoon,15,daylight,0,dry,0,2,6,0,1,0,0,0,0,3,slightly_injured
2019,9,Sat,7,52.50192,13.37688,afternoon,15,daylight,0,dry,1,5,2,0,1,0,0,0,0,3,slightly_injured
2019,10,Mon,2,52.47564,13.42803,afternoon,15,daylight,0,dry,0,6,4,0,1,1,0,0,0,3,slightly_injured
2019,10,Mon,2,52.52436,13.35094,morning,8,daylight,0,dry,0,2,2,0,1,0,0,0,1,3,slightly_injured
2019,9,Sat,7,52.50255,13.40653,morning,11,daylight,0,dry,0,5,3,0,1,0,0,0,0,3,slightly_injured
2019,10,Mon,2,52.49856,13.44664,morning,9,daylight,0,dry,0,2,6,0,1,0,0,0,0,3,slightly_injured
2019,9,Fri,6,52.61485,13.31711,afternoon,16,daylight,0,dry,1,5,2,1,1,0,0,0,0,3,slightly_injured
2019,10,Mon,2,52.46509,13.3146,afternoon,14,daylight,0,dry,0,0,1,0,0,0,1,0,0,3,slightly_injured
2019,9,Fri,6,52.49316,13.33061,evening,21,dark,2,dry,1,5,2,1,1,0,0,0,0,3,slightly_injured
2019,10,Mon,2,52.53503,13.56184,afternoon,14,daylight,0,dry,0,2,2,0,1,0,0,0,0,3,slightly_injured
2019,9,Fri,6,52.45671,13.54936,afternoon,17,dusk,1,dry,1,0,1,0,0,0,1,0,0,3,slightly_injured
2019,10,Mon,2,52.47468,13.36185,afternoon,13,daylight,0,dry,0,5,2,1,0,0,0,0,1,3,slightly_injured
2019,10,Mon,2,52.55483,13.39226,afternoon,13,daylight,0,dry,0,5,3,1,0,0,0,0,1,3,slightly_injured
2019,9,Fri,6,52.44458,13.37061,afternoon,15,daylight,0,dry,1,4,6,0,1,0,1,0,0,3,slightly_injured
2019,9,Fri,6,52.46405,13.40949,afternoon,12,daylight,0,dry,1,0,1,0,1,0,1,0,0,3,slightly_injured
2019,10,Mon,2,52.50096,13.38663,morning,10,daylight,0,dry,0,1,7,1,1,0,0,0,0,3,slightly_injured
2019,10,Mon,2,52.52502,13.34577,afternoon,13,daylight,0,dry,0,6,4,0,1,1,0,0,0,3,slightly_injured
2019,9,Fri,6,52.56252,13.32652,morning,7,daylight,0,dry,1,3,2,0,1,0,0,0,0,3,slightly_injured
2019,10,Mon,2,52.56834,13.32131,afternoon,13,daylight,0,dry,0,5,3,0,1,0,0,0,0,2,seriously_injured
2019,9,Fri,6,52.4407,13.58154,afternoon,13,daylight,0,dry,1,5,2,1,0,0,0,0,1,3,slightly_injured
2019,10,Mon,2,52.50595,13.51986,morning,10,daylight,0,dry,0,6,2,0,1,1,0,0,0,3,slightly_injured
2019,10,Mon,2,52.53835,13.34436,morning,10,daylight,0,dry,0,5,2,1,0,0,0,1,0,3,slightly_injured
2019,9,Fri,6,52.54624,13.14388,evening,19,daylight,0,dry,0,2,2,0,1,0,0,0,0,3,slightly_injured
2019,10,Mon,2,52.442,13.26537,afternoon,12,daylight,0,dry,0,5,3,1,1,0,0,0,0,3,slightly_injured
2019,10,Mon,2,52.58346,13.35581,morning,10,daylight,0,dry,0,5,2,0,1,0,0,0,1,3,slightly_injured
2019,9,Fri,6,52.40758,13.37793,morning,9,daylight,0,dry,1,0,7,0,0,0,1,0,1,3,slightly_injured
2019,10,Mon,2,52.50821,13.39416,morning,9,daylight,0,dry,0,0,7,1,0,0,0,0,0,3,slightly_injured
2019,9,Fri,6,52.50257,13.46812,afternoon,14,daylight,0,dry,0,0,6,0,1,0,0,0,1,3,slightly_injured
2019,10,Mon,2,52.49228,13.43178,morning,9,daylight,0,dry,0,3,6,1,0,0,0,0,1,3,slightly_injured
2019,10,Mon,2,52.49128,13.39664,morning,9,daylight,0,dry,0,2,6,0,1,0,0,0,0,3,slightly_injured
2019,9,Fri,6,52.56248,13.33045,afternoon,13,daylight,0,dry,1,5,3,0,1,0,0,0,0,3,slightly_injured
2019,9,Fri,6,52.53793,13.32628,afternoon,12,daylight,0,dry,1,5,3,1,1,0,0,0,0,3,slightly_injured
2019,10,Mon,2,52.54679,13.44225,morning,9,daylight,0,dry,0,5,3,1,1,0,0,0,0,3,slightly_injured
2019,9,Fri,6,52.51255,13.48974,afternoon,14,daylight,0,dry,1,3,6,0,1,0,0,0,0,3,slightly_injured
2019,10,Mon,2,52.48196,13.38055,morning,8,daylight,0,dry,0,1,5,1,1,0,0,0,0,3,slightly_injured
2019,10,Mon,2,52.49853,13.38015,morning,7,daylight,0,dry,0,5,3,1,1,0,0,0,0,3,slightly_injured
2019,9,Fri,6,52.52915,13.20693,afternoon,15,daylight,0,dry,0,2,6,0,1,0,0,0,0,3,slightly_injured
2019,9,Fri,6,52.54363,13.37712,afternoon,14,daylight,0,dry,1,2,6,0,1,0,0,0,0,3,slightly_injured
2019,10,Mon,2,52.45921,13.57825,afternoon,12,daylight,0,dry,0,5,3,1,1,0,0,0,0,3,slightly_injured
2019,10,Mon,2,52.55649,13.37418,afternoon,12,daylight,0,dry,0,5,2,0,1,0,0,0,0,3,slightly_injured
2019,9,Fri,6,52.5424,13.58908,afternoon,14,daylight,0,dry,1,6,4,0,1,1,0,0,0,3,slightly_injured
2019,10,Mon,2,52.54488,13.20003,morning,8,daylight,0,dry,0,2,2,0,1,0,0,0,0,3,slightly_injured
2019,9,Fri,6,52.5473,13.35083,afternoon,14,daylight,0,dry,1,5,3,1,1,0,0,0,0,3,slightly_injured
2019,10,Mon,2,52.50353,13.30435,morning,8,daylight,0,dry,0,5,7,0,1,0,0,0,0,3,slightly_injured
2019,9,Fri,6,52.45151,13.58628,afternoon,14,daylight,0,dry,1,5,2,1,1,0,0,0,0,3,slightly_injured
2019,10,Mon,2,52.56387,13.36454,morning,7,daylight,0,dry,0,5,2,1,1,0,0,0,0,3,slightly_injured
2019,9,Fri,6,52.54489,13.1949,afternoon,14,daylight,0,dry,1,5,3,0,1,0,0,0,0,3,slightly_injured
2019,10,Mon,2,52.38718,13.40973,afternoon,12,daylight,0,dry,0,6,2,0,1,1,0,0,0,3,slightly_injured
2019,10,Mon,2,52.57147,13.36354,night,1,dark,2,dry,0,1,7,0,1,0,0,0,0,2,seriously_injured
2019,9,Fri,6,52.42138,13.29957,afternoon,14,daylight,0,dry,1,5,3,0,1,0,1,0,0,3,slightly_injured
2019,9,Fri,6,52.49352,13.32345,afternoon,13,daylight,0,dry,1,5,2,1,1,0,0,0,0,3,slightly_injured
2019,10,Mon,2,52.54632,13.20174,morning,11,daylight,0,dry,0,1,7,0,1,0,0,0,0,3,slightly_injured
2019,10,Mon,2,52.52872,13.45744,morning,11,daylight,0,dry,0,6,4,0,1,1,0,0,0,2,seriously_injured
2019,9,Fri,6,52.48856,13.30792,afternoon,13,daylight,0,dry,1,2,2,0,1,0,0,0,1,3,slightly_injured
2019,10,Mon,2,52.50866,13.42513,morning,11,daylight,0,dry,0,5,2,0,1,0,1,0,0,3,slightly_injured
2019,9,Fri,6,52.49765,13.39505,afternoon,12,daylight,0,dry,1,2,6,0,1,0,0,0,1,3,slightly_injured
2019,10,Mon,2,52.46368,13.50835,morning,10,daylight,0,dry,0,5,3,1,1,0,0,0,0,2,seriously_injured
2019,10,Sun,1,52.50236,13.46659,night,5,dark,2,dry,1,1,5,1,1,0,0,0,1,3,slightly_injured
2019,9,Fri,6,52.39764,13.39407,afternoon,13,daylight,0,dry,1,1,6,1,1,0,0,0,0,3,slightly_injured
2019,10,Sun,1,52.55007,13.57286,afternoon,14,daylight,0,dry,0,5,3,1,1,0,0,0,0,3,slightly_injured
2019,9,Fri,6,52.4841,13.43507,afternoon,12,daylight,0,dry,1,1,5,1,1,0,0,0,0,3,slightly_injured
2019,10,Sun,1,52.54942,13.38656,evening,19,dark,2,dry,0,5,2,0,1,0,0,0,0,3,slightly_injured
2019,9,Fri,6,52.50892,13.40459,afternoon,12,daylight,0,dry,1,5,2,1,1,0,0,0,0,3,slightly_injured
2019,9,Fri,6,52.39856,13.38208,afternoon,12,daylight,0,dry,1,6,4,0,1,1,0,0,0,2,seriously_injured
2019,10,Sun,1,52.53218,13.34181,evening,18,dusk,1,dry,0,6,4,0,1,1,0,0,0,2,seriously_injured
2019,10,Sun,1,52.54837,13.21003,evening,18,dusk,1,dry,0,2,6,0,1,0,0,0,0,3,slightly_injured
2019,9,Fri,6,52.55615,13.34793,morning,11,daylight,0,dry,1,5,2,1,1,0,0,0,0,3,slightly_injured
2019,10,Sun,1,52.49347,13.49044,evening,21,dark,2,dry,0,2,2,0,1,0,1,0,0,3,slightly_injured
2019,9,Fri,6,52.50993,13.38423,evening,21,dark,2,dry,0,6,4,0,1,1,0,0,0,2,seriously_injured
2019,10,Sun,1,52.55617,13.38257,afternoon,16,daylight,0,dry,0,2,6,0,1,0,0,0,0,3,slightly_injured
2019,9,Fri,6,52.49952,13.34943,evening,18,dusk,1,dry,1,5,3,1,1,0,0,0,0,3,slightly_injured
2019,10,Sun,1,52.42388,13.43642,afternoon,14,daylight,0,dry,0,2,6,0,1,0,0,0,0,3,slightly_injured
2019,9,Fri,6,52.45454,13.46318,evening,18,dusk,1,dry,1,8,1,0,1,0,0,0,0,3,slightly_injured
2019,10,Sun,1,52.63663,13.28526,afternoon,14,daylight,0,dry,0,2,2,1,1,0,0,0,0,3,slightly_injured
2019,10,Sun,1,52.48432,13.38577,afternoon,14,daylight,0,dry,0,2,6,0,1,0,0,0,0,3,slightly_injured
2019,9,Fri,6,52.51875,13.38902,evening,19,dark,2,dry,1,0,1,0,0,0,0,0,1,3,slightly_injured
2019,9,Fri,6,52.51442,13.49323,evening,18,dusk,1,dry,1,5,3,0,1,0,0,0,0,3,slightly_injured
2019,10,Sun,1,52.48231,13.44305,afternoon,14,daylight,0,dry,0,5,3,1,1,0,0,0,0,3,slightly_injured
2019,9,Fri,6,52.52643,13.27821,evening,18,dusk,1,dry,1,8,1,0,1,0,0,0,0,3,slightly_injured
2019,10,Sun,1,52.5569,13.37334,afternoon,13,daylight,0,dry,0,6,4,0,1,1,0,0,0,3,slightly_injured
2019,9,Fri,6,52.52744,13.32808,afternoon,17,daylight,0,dry,1,1,5,1,1,0,0,0,0,3,slightly_injured
2019,10,Sun,1,52.50478,13.4409,afternoon,13,daylight,0,dry,0,2,2,1,1,0,0,0,0,3,slightly_injured
2019,9,Fri,6,52.39699,13.3962,afternoon,16,daylight,0,dry,1,5,3,0,1,0,0,0,0,3,slightly_injured
2019,10,Sun,1,52.57671,13.31414,afternoon,13,daylight,0,dry,0,5,2,0,1,0,0,0,0,3,slightly_injured
2019,10,Sun,1,52.43974,13.22667,afternoon,13,daylight,0,dry,0,5,3,1,1,0,0,0,0,3,slightly_injured
2019,9,Fri,6,52.50301,13.29031,afternoon,17,daylight,0,dry,1,4,6,0,1,0,1,0,0,3,slightly_injured
2019,10,Sun,1,52.54638,13.16187,afternoon,12,daylight,0,dry,0,5,2,1,1,0,0,0,0,3,slightly_injured
2019,9,Fri,6,52.39895,13.41001,afternoon,16,daylight,0,dry,1,2,6,0,1,0,1,0,0,3,slightly_injured
2019,10,Sun,1,52.50239,13.34822,morning,11,daylight,0,dry,0,6,4,0,0,1,0,0,1,3,slightly_injured
2019,9,Fri,6,52.48014,13.52496,afternoon,16,daylight,0,dry,1,6,4,0,1,1,0,0,0,3,slightly_injured
2019,10,Sun,1,52.5128,13.43093,morning,9,daylight,0,dry,0,5,3,1,1,0,0,0,0,3,slightly_injured
2019,9,Fri,6,52.54085,13.39408,afternoon,16,daylight,0,dry,1,2,6,0,1,0,0,0,0,3,slightly_injured
2019,10,Sun,1,52.44029,13.44665,night,1,dark,2,dry,0,1,5,0,1,0,0,0,1,2,seriously_injured
2019,9,Fri,6,52.45216,13.42051,afternoon,16,daylight,0,dry,1,3,6,0,1,0,1,0,0,3,slightly_injured
2019,9,Fri,6,52.47769,13.27881,afternoon,15,daylight,0,dry,1,5,3,0,1,0,0,0,1,3,slightly_injured
2019,10,Sun,1,52.59058,13.292,night,0,dark,2,dry,1,5,2,0,1,0,1,0,0,2,seriously_injured
2019,9,Fri,6,52.52667,13.30619,afternoon,15,daylight,0,dry,1,6,4,0,1,1,0,0,0,3,slightly_injured
2019,10,Sat,7,52.56792,13.31227,afternoon,13,daylight,0,dry,0,2,6,0,1,0,0,0,0,3,slightly_injured
2019,10,Sat,7,52.60334,13.33471,afternoon,16,daylight,0,dry,0,8,1,0,1,0,0,0,0,3,slightly_injured
2019,9,Fri,6,52.55517,13.43833,morning,11,daylight,0,dry,1,0,1,1,1,1,0,0,0,3,slightly_injured
2019,9,Fri,6,52.50759,13.61262,morning,9,daylight,0,dry,1,5,2,1,1,0,0,0,0,3,slightly_injured
2019,10,Sat,7,52.50351,13.41117,afternoon,16,daylight,0,dry,0,5,3,1,1,0,0,0,0,3,slightly_injured
2019,9,Fri,6,52.54754,13.18498,morning,10,daylight,0,dry,1,2,6,0,1,0,0,0,1,3,slightly_injured
2019,10,Sat,7,52.51637,13.38096,afternoon,14,daylight,0,dry,0,0,1,1,0,0,0,0,0,3,slightly_injured
2019,9,Fri,6,52.43636,13.54998,morning,10,daylight,0,dry,1,5,3,1,1,0,0,0,0,3,slightly_injured
2019,10,Sat,7,52.50252,13.34115,evening,20,dark,2,dry,1,6,7,1,0,1,0,0,0,3,slightly_injured
2019,9,Fri,6,52.5043,13.35121,morning,10,daylight,0,dry,1,5,2,1,1,0,0,0,0,3,slightly_injured
2019,10,Sat,7,52.43435,13.39005,evening,19,dark,2,dry,0,5,2,0,1,0,0,0,0,3,slightly_injured
2019,10,Sat,7,52.52348,13.30591,evening,18,dusk,1,dry,1,2,6,0,1,0,0,0,0,3,slightly_injured
2019,10,Sat,7,52.45516,13.5668,evening,18,daylight,0,dry,0,9,1,0,0,0,1,0,0,3,slightly_injured
2019,9,Fri,6,52.49447,13.30155,morning,10,daylight,0,dry,1,6,4,0,1,1,0,0,0,3,slightly_injured
2019,10,Sat,7,52.55322,13.44775,afternoon,17,daylight,0,dry,0,0,7,0,1,0,0,0,1,3,slightly_injured
2019,9,Fri,6,52.51146,13.28147,morning,9,daylight,0,dry,1,5,3,0,1,0,0,0,0,2,seriously_injured
2019,10,Sat,7,52.5036,13.3376,afternoon,14,daylight,0,dry,0,6,2,0,1,1,0,0,0,3,slightly_injured
2019,9,Fri,6,52.57425,13.35926,morning,9,daylight,0,dry,1,5,3,1,1,0,0,0,0,3,slightly_injured
2019,10,Sat,7,52.50662,13.30719,afternoon,12,daylight,0,dry,0,3,6,0,1,0,1,0,0,3,slightly_injured
2019,10,Sat,7,52.54676,13.22732,afternoon,12,daylight,0,dry,0,6,4,0,1,1,0,0,0,3,slightly_injured
2019,9,Fri,6,52.42903,13.55067,morning,9,daylight,0,dry,1,5,2,0,1,0,0,0,0,2,seriously_injured
2019,9,Fri,6,52.54762,13.41943,morning,9,daylight,0,dry,1,0,5,1,0,0,0,1,0,3,slightly_injured
2019,10,Sat,7,52.41259,13.36131,morning,11,daylight,0,dry,0,2,2,0,1,0,0,0,0,3,slightly_injured
2019,10,Sat,7,52.55028,13.45878,morning,11,daylight,0,dry,1,5,3,0,1,0,0,0,0,3,slightly_injured
2019,9,Fri,6,52.50412,13.35106,morning,9,daylight,0,dry,1,3,6,0,1,0,0,0,0,3,slightly_injured
2019,10,Sat,7,52.46025,13.32847,morning,7,dusk,1,dry,1,5,2,0,1,0,0,0,0,3,slightly_injured
2019,9,Fri,6,52.56204,13.20839,morning,8,daylight,0,dry,1,5,2,1,1,0,0,0,0,3,slightly_injured
2019,10,Sat,7,52.45106,13.27067,morning,6,dark,2,dry,1,5,3,0,1,0,0,0,0,3,slightly_injured
2019,10,Sat,7,52.48936,13.31557,night,5,dark,2,dry,1,2,6,0,1,0,0,0,0,3,slightly_injured
2019,10,Sat,7,52.51548,13.4181,night,4,dark,2,dry,1,5,2,0,1,0,0,0,0,3,slightly_injured
2019,9,Fri,6,52.43145,13.54703,morning,8,daylight,0,dry,1,2,6,0,1,0,0,0,0,3,slightly_injured
2019,10,Sat,7,52.5073,13.31405,evening,19,dark,2,dry,1,1,5,1,1,0,0,0,0,3,slightly_injured
2019,9,Fri,6,52.47381,13.45583,morning,8,daylight,0,dry,1,5,2,1,1,0,0,0,0,3,slightly_injured
2019,10,Fri,6,52.54345,13.54901,morning,10,daylight,0,dry,0,6,4,0,1,1,0,0,0,3,slightly_injured
2019,10,Fri,6,52.5097,13.49809,evening,19,dark,2,dry,1,6,2,0,1,1,0,0,0,3,slightly_injured
2019,9,Fri,6,52.43738,13.56203,morning,8,daylight,0,dry,1,2,6,0,1,0,0,1,0,3,slightly_injured
2019,10,Fri,6,52.55591,13.38416,evening,22,dark,2,dry,1,5,2,0,1,0,0,0,0,3,slightly_injured
2019,9,Fri,6,52.51619,13.38093,morning,9,daylight,0,dry,1,2,6,1,0,0,0,0,0,3,slightly_injured
2019,10,Fri,6,52.43531,13.31359,evening,21,dark,2,dry,1,6,2,0,1,1,0,0,0,3,slightly_injured
2019,9,Fri,6,52.53224,13.35005,morning,7,daylight,0,dry,1,5,7,0,1,0,1,0,0,3,slightly_injured
2019,10,Fri,6,52.53883,13.20783,evening,21,dark,2,dry,1,2,6,0,1,0,0,0,0,3,slightly_injured
2019,10,Fri,6,52.44884,13.25172,morning,10,daylight,0,dry,0,2,7,0,1,0,1,0,0,3,slightly_injured
2019,9,Fri,6,52.54608,13.38028,night,0,dark,2,dry,0,1,5,0,1,0,0,0,0,3,slightly_injured
2019,9,Fri,6,52.54824,13.29106,morning,8,daylight,0,dry,1,0,7,0,1,0,0,1,0,2,seriously_injured
2019,10,Fri,6,52.54899,13.21004,evening,20,dark,2,dry,1,6,7,0,1,1,0,0,0,3,slightly_injured
2019,10,Fri,6,52.49727,13.34621,evening,19,dark,2,dry,1,6,2,0,1,1,0,0,0,3,slightly_injured
2019,9,Fri,6,52.47567,13.59886,afternoon,12,daylight,0,dry,1,0,1,0,0,0,1,0,0,2,seriously_injured
2019,10,Fri,6,52.51938,13.19781,evening,19,dark,2,dry,1,5,3,0,1,0,0,0,0,3,slightly_injured
2019,9,Fri,6,52.49141,13.4119,morning,8,daylight,0,dry,1,6,4,1,0,1,0,0,0,3,slightly_injured
2019,10,Fri,6,52.53535,13.38998,afternoon,17,daylight,0,dry,1,0,1,0,0,0,1,0,0,3,slightly_injured
2019,9,Fri,6,52.44807,13.38512,morning,7,daylight,0,dry,1,0,4,1,0,1,0,0,0,3,slightly_injured
2019,10,Fri,6,52.51228,13.38302,evening,18,daylight,0,dry,1,5,7,0,1,0,1,0,0,3,slightly_injured
2019,9,Thu,5,52.43086,13.23003,evening,18,daylight,0,dry,0,5,2,0,1,0,0,0,0,3,slightly_injured
2019,10,Fri,6,52.53922,13.27257,afternoon,17,dusk,1,dry,1,5,3,0,1,0,0,0,0,3,slightly_injured
2019,10,Fri,6,52.52919,13.20684,afternoon,16,daylight,0,dry,1,2,6,0,1,0,0,0,0,3,slightly_injured
2019,9,Thu,5,52.50061,13.41881,evening,21,dark,2,dry,0,5,2,1,0,0,0,0,1,3,slightly_injured
2019,9,Thu,5,52.49321,13.20219,morning,11,daylight,0,dry,0,9,1,0,1,0,0,0,0,3,slightly_injured
2019,10,Fri,6,52.50154,13.42683,afternoon,16,daylight,0,dry,1,5,3,1,1,0,0,0,0,3,slightly_injured
2019,9,Thu,5,52.50548,13.30313,morning,11,daylight,0,dry,0,2,6,0,1,0,0,0,0,3,slightly_injured
2019,10,Fri,6,52.60441,13.43217,afternoon,15,daylight,0,dry,0,0,5,1,1,0,0,0,0,3,slightly_injured
2019,9,Thu,5,52.4116,13.34001,afternoon,13,daylight,0,dry,0,5,5,0,1,0,1,0,0,2,seriously_injured
2019,10,Fri,6,52.53672,13.39209,afternoon,14,daylight,0,dry,1,0,1,0,0,0,1,0,0,3,slightly_injured
2019,9,Thu,5,52.47899,13.31033,afternoon,12,daylight,0,dry,0,0,7,0,1,0,0,0,1,2,seriously_injured
2019,10,Fri,6,52.55634,13.42912,afternoon,14,daylight,0,dry,1,5,2,0,1,0,0,0,0,3,slightly_injured
2019,9,Thu,5,52.46416,13.12993,afternoon,12,daylight,0,dry,0,5,2,1,1,0,0,0,0,2,seriously_injured
2019,10,Fri,6,52.45621,13.37819,afternoon,12,daylight,0,dry,0,5,2,0,1,0,1,0,0,3,slightly_injured
2019,10,Fri,6,52.50102,13.44206,morning,10,daylight,0,dry,0,2,2,0,1,0,0,0,0,3,slightly_injured
2019,9,Thu,5,52.53524,13.20602,afternoon,12,daylight,0,dry,0,6,4,0,0,1,1,0,0,2,seriously_injured
2019,10,Fri,6,52.56231,13.33093,afternoon,14,daylight,0,dry,1,2,6,0,1,0,0,0,0,3,slightly_injured
2019,9,Thu,5,52.54898,13.38751,morning,10,daylight,0,dry,0,5,3,0,1,0,0,0,1,3,slightly_injured
2019,10,Fri,6,52.45388,13.32947,afternoon,13,daylight,0,dry,1,2,6,0,1,0,0,0,0,3,slightly_injured
2019,10,Fri,6,52.46863,13.37798,night,5,dark,2,dry,0,5,2,1,1,0,0,0,0,2,seriously_injured
2019,9,Thu,5,52.53687,13.37518,morning,10,daylight,0,dry,0,2,6,0,1,0,0,0,0,3,slightly_injured
2019,10,Fri,6,52.48124,13.43768,night,0,dark,2,dry,0,5,2,1,1,0,0,0,0,3,slightly_injured
2019,9,Thu,5,52.54587,13.40589,morning,8,daylight,0,dry,0,1,5,1,1,0,0,0,0,3,slightly_injured
2019,10,Fri,6,52.51758,13.30643,night,0,dark,2,dry,0,5,3,0,1,0,0,0,0,3,slightly_injured
2019,9,Thu,5,52.48988,13.3528,morning,8,daylight,0,dry,0,1,5,1,0,0,0,0,1,3,slightly_injured
2019,10,Thu,5,52.4958,13.42277,afternoon,17,daylight,0,dry,0,6,7,0,0,1,0,0,1,3,slightly_injured
2019,9,Thu,5,52.4359,13.25596,morning,8,daylight,0,dry,0,5,3,1,1,0,0,0,0,3,slightly_injured
2019,10,Thu,5,52.54774,13.45325,afternoon,14,daylight,0,dry,1,5,3,0,1,0,0,0,0,3,slightly_injured
2019,10,Thu,5,52.46072,13.50359,afternoon,13,daylight,0,dry,1,5,3,0,1,0,0,0,0,2,seriously_injured
2019,9,Thu,5,52.4161,13.34034,morning,7,daylight,0,dry,0,5,3,0,1,0,0,0,0,3,slightly_injured
2019,9,Thu,5,52.54923,13.20062,morning,7,daylight,0,dry,0,4,6,1,0,0,0,0,0,3,slightly_injured
2019,10,Thu,5,52.55009,13.23623,morning,11,daylight,0,dry,1,4,6,0,1,0,0,0,0,2,seriously_injured
2019,9,Thu,5,52.49902,13.39584,morning,7,daylight,0,dry,0,5,3,1,1,0,0,0,0,2,seriously_injured
2019,10,Thu,5,52.44535,13.4528,morning,11,daylight,0,dry,1,5,3,0,1,0,0,0,0,3,slightly_injured
2019,9,Thu,5,52.53348,13.43352,afternoon,16,daylight,0,dry,0,6,7,1,0,1,0,0,0,3,slightly_injured
2019,10,Thu,5,52.52988,13.40345,morning,10,daylight,0,dry,1,0,7,0,1,0,0,0,0,2,seriously_injured
2019,9,Thu,5,52.54647,13.50485,afternoon,16,daylight,0,dry,0,5,3,0,1,0,1,0,0,3,slightly_injured
2019,10,Thu,5,52.48901,13.43604,evening,23,dark,2,dry,0,5,3,0,1,0,0,0,0,3,slightly_injured
2019,10,Thu,5,52.53527,13.38989,morning,10,daylight,0,dry,1,0,1,0,0,0,1,0,0,3,slightly_injured
2019,9,Thu,5,52.54477,13.44586,evening,18,dusk,1,dry,0,5,3,1,1,0,0,0,0,3,slightly_injured
2019,10,Thu,5,52.52926,13.37859,morning,9,daylight,0,dry,1,0,1,0,0,0,1,0,0,3,slightly_injured
2019,9,Thu,5,52.41699,13.58094,evening,18,dark,2,dry,0,5,3,1,1,0,0,0,0,3,slightly_injured
2019,10,Thu,5,52.50648,13.38605,night,4,dark,2,dry,1,6,2,0,1,1,0,0,0,2,seriously_injured
2019,9,Thu,5,52.49614,13.28773,afternoon,16,daylight,0,dry,0,5,2,0,1,0,0,0,0,3,slightly_injured
2019,10,Thu,5,52.46645,13.43193,evening,19,dark,2,dry,0,5,3,0,1,0,0,0,1,3,slightly_injured
2019,9,Thu,5,52.61919,13.45036,afternoon,16,daylight,0,dry,0,2,6,0,1,0,0,0,0,3,slightly_injured
2019,10,Thu,5,52.52748,13.32777,afternoon,16,daylight,0,dry,1,1,5,1,1,0,0,0,0,3,slightly_injured
2019,10,Thu,5,52.51869,13.28381,afternoon,14,daylight,0,dry,1,2,6,0,1,0,0,0,0,3,slightly_injured
2019,9,Thu,5,52.5103,13.38991,afternoon,16,daylight,0,dry,0,5,2,1,1,0,0,0,0,3,slightly_injured
2019,10,Thu,5,52.56895,13.54094,afternoon,14,daylight,0,dry,1,1,1,0,1,0,0,0,0,3,slightly_injured
2019,9,Thu,5,52.59835,13.21546,evening,18,dusk,1,dry,0,6,6,0,1,1,0,0,0,3,slightly_injured
2019,10,Thu,5,52.50518,13.40523,evening,18,dark,2,dry,0,5,3,0,1,0,0,0,1,2,seriously_injured
2019,9,Thu,5,52.44534,13.43364,evening,18,daylight,0,dry,0,5,2,1,0,0,0,0,1,3,slightly_injured
2019,10,Wed,4,52.51776,13.37586,evening,18,dusk,1,dry,1,6,4,0,1,1,0,0,0,2,seriously_injured
2019,9,Thu,5,52.5432,13.42586,afternoon,15,daylight,0,dry,0,3,6,1,1,0,0,0,0,3,slightly_injured
2019,10,Wed,4,52.45282,13.57448,morning,7,daylight,0,dry,1,6,2,0,1,1,0,0,0,3,slightly_injured
2019,10,Wed,4,52.45452,13.29942,morning,7,dark,2,dry,1,0,1,0,0,0,1,0,0,3,slightly_injured