ujahr,umonat,weekday,uwochentag,long,lat,time_of_day,ustunde,light_condition,ulichtverh,street_condition,ustrzustand,uart,utyp1,ist_rad,ist_pkw,ist_fuss,ist_krad,ist_gkfz,ist_sonstige,ukategorie,accident_outcome
2019,9,Thu,5,52.53433,13.49972,afternoon,14,daylight,0,dry,0,0,6,0,1,0,0,0,1,3,slightly_injured
2019,9,Thu,5,52.48761,13.33321,afternoon,14,daylight,0,dry,0,6,4,0,1,1,0,0,0,3,slightly_injured
2019,10,Wed,4,52.47845,13.44878,morning,7,dark,2,dry,1,6,4,0,1,1,0,0,0,3,slightly_injured
2019,10,Wed,4,52.46397,13.31477,morning,7,daylight,0,dry,0,3,6,1,0,0,0,0,1,3,slightly_injured
2019,9,Thu,5,52.48887,13.34371,afternoon,14,daylight,0,dry,0,5,7,0,1,0,1,0,0,3,slightly_injured
2019,10,Wed,4,52.56161,13.42913,evening,18,daylight,0,dry,0,5,7,0,1,0,1,0,0,3,slightly_injured
2019,9,Thu,5,52.55534,13.3561,afternoon,14,daylight,0,dry,0,2,7,0,1,0,0,0,0,3,slightly_injured
2019,10,Wed,4,52.51375,13.33794,afternoon,17,daylight,0,dry,0,5,2,0,1,0,1,0,0,2,seriously_injured
2019,10,Wed,4,52.54191,13.23602,afternoon,17,daylight,0,dry,1,2,6,0,1,0,0,0,0,3,slightly_injured
2019,9,Thu,5,52.50213,13.34275,evening,18,dusk,1,dry,0,2,6,0,1,0,0,0,0,3,slightly_injured
2019,10,Wed,4,52.47466,13.45462,afternoon,16,daylight,0,dry,0,6,2,0,1,1,0,0,0,3,slightly_injured
2019,10,Wed,4,52.53113,13.31905,afternoon,16,daylight,0,dry,1,0,1,0,0,0,0,0,1,3,slightly_injured
2019,9,Thu,5,52.50493,13.37124,afternoon,17,daylight,0,dry,0,3,6,0,1,0,1,0,0,2,seriously_injured
2019,10,Wed,4,52.47064,13.44361,afternoon,16,daylight,0,dry,1,1,5,1,1,0,0,0,0,3,slightly_injured
2019,9,Thu,5,52.49157,13.37638,afternoon,14,daylight,0,dry,0,3,6,0,1,0,1,0,0,3,slightly_injured
2019,10,Wed,4,52.42656,13.30409,afternoon,16,daylight,0,dry,0,0,2,1,0,0,0,0,1,3,slightly_injured
2019,10,Wed,4,52.47365,13.32857,evening,23,dark,2,dry,0,5,7,0,1,0,1,0,0,2,seriously_injured
2019,9,Thu,5,52.59409,13.3252,evening,18,daylight,0,dry,0,5,2,1,1,0,0,0,0,3,slightly_injured
2019,10,Wed,4,52.48939,13.43345,afternoon,16,daylight,0,dry,0,5,3,1,0,0,1,0,0,3,slightly_injured
2019,9,Thu,5,52.49891,13.34592,afternoon,13,daylight,0,dry,0,6,2,0,1,1,0,0,0,3,slightly_injured
2019,10,Wed,4,52.51226,13.41945,evening,22,dark,2,dry,0,0,7,0,0,1,0,0,1,3,slightly_injured
2019,9,Thu,5,52.53121,13.38542,afternoon,17,daylight,0,dry,0,5,7,0,1,0,0,0,0,3,slightly_injured
2019,10,Wed,4,52.57115,13.3305,afternoon,15,daylight,0,dry,0,5,3,0,1,0,0,0,1,3,slightly_injured
2019,10,Wed,4,52.54326,13.33867,afternoon,15,daylight,0,dry,0,2,6,0,1,0,0,0,0,3,slightly_injured
2019,9,Thu,5,52.51679,13.30884,afternoon,17,daylight,0,dry,0,1,5,0,1,0,1,0,0,3,slightly_injured
2019,9,Thu,5,52.54479,13.34584,afternoon,13,daylight,0,dry,0,2,2,1,1,0,0,0,0,3,slightly_injured
2019,10,Wed,4,52.54467,13.36133,evening,22,dark,2,dry,0,1,5,1,1,0,0,0,0,3,slightly_injured
2019,10,Wed,4,52.56053,13.32191,evening,21,dark,2,dry,0,5,2,0,1,0,0,0,0,3,slightly_injured
2019,9,Thu,5,52.4707,13.28984,afternoon,17,daylight,0,dry,0,2,6,0,1,0,0,0,0,3,slightly_injured
2019,10,Wed,4,52.55744,13.46567,afternoon,13,daylight,0,dry,1,6,4,0,1,1,0,0,0,2,seriously_injured
2019,9,Thu,5,52.46363,13.43744,afternoon,17,daylight,0,dry,1,5,3,0,1,0,0,0,0,3,slightly_injured
2019,10,Wed,4,52.50778,13.40435,afternoon,13,daylight,0,dry,0,2,6,0,1,0,0,0,1,3,slightly_injured
2019,10,Wed,4,52.57344,13.38215,afternoon,13,daylight,0,dry,0,2,6,0,1,0,0,1,0,3,slightly_injured
2019,9,Thu,5,52.40356,13.54183,night,0,dark,2,dry,1,1,1,0,1,0,0,0,0,3,slightly_injured
2019,10,Wed,4,52.46406,13.40964,afternoon,12,daylight,0,dry,0,4,6,0,1,0,0,0,0,2,seriously_injured
2019,10,Wed,4,52.48418,13.42897,evening,20,dark,2,dry,0,6,2,0,1,1,0,0,0,3,slightly_injured
2019,9,Thu,5,52.50403,13.40962,morning,7,daylight,0,dry,1,0,1,1,0,0,0,0,0,3,slightly_injured
2019,10,Wed,4,52.45814,13.32989,afternoon,12,daylight,0,dry,1,6,2,0,1,1,0,0,0,3,slightly_injured
2019,9,Thu,5,52.44361,13.68344,morning,8,daylight,0,dry,1,0,1,0,0,0,1,0,0,2,seriously_injured
2019,10,Wed,4,52.56058,13.42772,evening,20,dark,2,dry,0,5,3,1,1,0,0,0,0,3,slightly_injured
2019,10,Wed,4,52.44031,13.45874,morning,11,daylight,0,dry,1,5,3,0,1,0,0,0,0,2,seriously_injured
2019,9,Thu,5,52.49904,13.42175,night,1,dark,2,dry,1,0,1,1,0,0,0,0,0,2,seriously_injured
2019,9,Thu,5,52.5761,13.37887,morning,8,daylight,0,dry,0,6,4,0,0,1,1,0,0,3,slightly_injured
2019,10,Wed,4,52.58681,13.39719,morning,11,daylight,0,dry,1,5,3,0,1,0,0,0,0,3,slightly_injured
2019,10,Wed,4,52.52219,13.37717,evening,18,dark,2,dry,0,2,6,1,1,0,0,0,0,3,slightly_injured
2019,9,Wed,4,52.41273,13.39299,evening,19,dusk,1,dry,0,2,6,0,1,0,0,0,0,3,slightly_injured
2019,10,Wed,4,52.53355,13.32838,morning,10,daylight,0,dry,1,2,6,0,1,0,0,0,0,3,slightly_injured
2019,9,Wed,4,52.51079,13.45151,morning,10,daylight,0,dry,0,0,3,1,0,0,0,0,0,3,slightly_injured
2019,9,Wed,4,52.51412,13.40567,afternoon,12,daylight,0,dry,1,0,1,1,0,0,0,0,0,3,slightly_injured
2019,10,Wed,4,52.54554,13.37958,morning,8,daylight,0,dry,1,5,2,1,1,0,0,0,0,3,slightly_injured
2019,10,Wed,4,52.49626,13.34602,morning,10,daylight,0,dry,1,2,6,0,1,0,0,0,0,3,slightly_injured
2019,9,Wed,4,52.5069,13.39441,morning,9,daylight,0,dry,1,5,3,1,1,0,0,0,0,3,slightly_injured
2019,10,Wed,4,52.5119,13.38664,morning,8,daylight,0,dry,1,5,2,1,1,0,0,0,0,3,slightly_injured
2019,9,Wed,4,52.56507,13.44553,afternoon,16,daylight,0,dry,1,5,3,0,1,0,0,0,0,3,slightly_injured
2019,10,Wed,4,52.43435,13.39005,morning,10,daylight,0,dry,1,5,2,0,1,0,0,0,0,3,slightly_injured
2019,9,Wed,4,52.49892,13.31514,evening,23,dark,2,dry,0,5,7,1,1,0,0,0,0,3,slightly_injured
2019,10,Wed,4,52.53351,13.48527,morning,10,daylight,0,dry,1,2,1,0,1,0,0,0,1,2,seriously_injured
2019,9,Wed,4,52.52717,13.3917,evening,21,dark,2,dry,1,0,6,1,0,1,0,0,0,3,slightly_injured
2019,10,Wed,4,52.49299,13.40134,morning,8,daylight,0,dry,1,0,2,1,1,0,0,0,0,3,slightly_injured
2019,9,Wed,4,52.57215,13.41428,evening,21,dark,2,dry,1,0,7,0,0,0,0,0,1,3,slightly_injured
2019,10,Wed,4,52.5159,13.42628,morning,8,daylight,0,dry,1,5,2,0,1,0,1,0,0,2,seriously_injured
2019,9,Wed,4,52.55697,13.52815,evening,20,dark,2,dry,1,5,2,0,1,0,0,0,0,3,slightly_injured
2019,10,Wed,4,52.52663,13.48742,morning,10,daylight,0,dry,1,0,1,1,0,0,0,0,0,2,seriously_injured
2019,9,Wed,4,52.55378,13.35879,evening,20,dark,2,dry,1,6,4,0,1,1,0,0,0,3,slightly_injured
2019,10,Wed,4,52.45258,13.45247,morning,6,dark,2,dry,1,8,1,0,1,0,0,0,0,3,slightly_injured
2019,10,Wed,4,52.46507,13.31447,morning,9,daylight,0,dry,1,0,1,0,0,0,1,0,0,3,slightly_injured
2019,9,Wed,4,52.54106,13.35759,evening,20,dark,2,dry,0,0,7,1,1,0,0,0,0,3,slightly_injured
2019,10,Wed,4,52.46571,13.48723,morning,9,daylight,0,dry,1,2,4,0,1,1,0,0,0,3,slightly_injured
2019,9,Wed,4,52.54008,13.53978,evening,19,dark,2,dry,1,0,3,0,1,0,1,0,0,3,slightly_injured
2019,10,Wed,4,52.5185,13.28052,morning,9,daylight,0,dry,1,6,4,0,1,1,0,0,0,2,seriously_injured
2019,10,Wed,4,52.5402,13.60428,afternoon,16,daylight,0,dry,0,2,6,0,1,0,0,0,1,3,slightly_injured
2019,9,Wed,4,52.52758,13.37304,evening,19,dark,2,dry,0,6,4,0,0,1,0,0,1,2,seriously_injured
2019,10,Tue,3,52.44384,13.57864,evening,20,dark,2,dry,1,1,1,1,1,0,0,0,0,3,slightly_injured
2019,9,Wed,4,52.48699,13.422,evening,19,dark,2,dry,1,5,2,1,1,0,0,0,0,3,slightly_injured
2019,10,Tue,3,52.47776,13.44791,evening,19,dark,2,dry,1,6,4,0,1,1,0,0,0,3,slightly_injured
2019,9,Wed,4,52.52463,13.60615,evening,19,dark,2,dry,1,5,3,1,1,0,0,0,0,3,slightly_injured
2019,10,Tue,3,52.49912,13.48076,evening,20,dark,2,dry,1,5,2,1,1,0,0,0,0,3,slightly_injured
2019,9,Wed,4,52.47354,13.32202,evening,19,dark,2,dry,1,5,2,1,1,0,0,0,0,3,slightly_injured
2019,10,Tue,3,52.48709,13.34755,evening,19,dark,2,dry,1,5,3,0,1,0,0,0,0,3,slightly_injured
2019,10,Tue,3,52.53462,13.19964,evening,18,daylight,0,dry,0,5,2,0,1,0,0,0,0,3,slightly_injured
2019,9,Wed,4,52.51142,13.38332,afternoon,14,daylight,0,dry,0,0,6,0,1,0,0,0,1,3,slightly_injured
2019,9,Wed,4,52.55656,13.36338,evening,18,dusk,1,dry,1,1,1,0,1,0,0,0,0,3,slightly_injured
2019,10,Tue,3,52.54104,13.41192,afternoon,15,daylight,0,dry,0,5,2,1,1,0,0,0,0,3,slightly_injured
2019,9,Wed,4,52.56178,13.33213,afternoon,17,daylight,0,dry,1,5,3,0,1,0,0,0,1,2,seriously_injured
2019,10,Tue,3,52.55423,13.52423,evening,21,dark,2,dry,1,6,7,1,0,1,0,0,0,3,slightly_injured
2019,9,Wed,4,52.50828,13.46331,afternoon,17,daylight,0,dry,1,5,3,1,1,0,0,0,0,3,slightly_injured
2019,10,Tue,3,52.4809,13.43556,morning,11,daylight,0,dry,1,6,7,0,1,1,0,0,0,3,slightly_injured
2019,10,Tue,3,52.55714,13.36579,afternoon,17,daylight,0,dry,1,5,3,0,1,0,0,0,1,3,slightly_injured
2019,9,Wed,4,52.49838,13.39615,afternoon,17,daylight,0,dry,1,5,3,1,1,0,0,0,0,3,slightly_injured
2019,9,Wed,4,52.5331,13.40439,afternoon,17,daylight,0,dry,1,5,3,1,1,0,0,0,0,3,slightly_injured
2019,10,Tue,3,52.44561,13.33714,afternoon,17,dusk,1,dry,1,5,3,1,1,0,0,0,0,3,slightly_injured
2019,10,Tue,3,52.50682,13.34827,afternoon,16,daylight,0,dry,0,5,3,0,1,0,0,0,1,3,slightly_injured
2019,9,Wed,4,52.47293,13.32868,afternoon,17,daylight,0,dry,1,5,3,1,1,0,0,0,0,3,slightly_injured
2019,10,Tue,3,52.54878,13.39293,afternoon,15,daylight,0,dry,1,6,7,0,0,1,0,0,1,3,slightly_injured
2019,9,Wed,4,52.42643,13.22915,afternoon,16,daylight,0,dry,1,5,3,1,1,0,0,0,0,3,slightly_injured
2019,10,Tue,3,52.49886,13.34592,afternoon,16,daylight,0,dry,1,5,2,0,1,0,1,0,0,3,slightly_injured
2019,10,Tue,3,52.4344,13.21762,afternoon,15,daylight,0,dry,1,0,3,1,1,0,0,0,0,3,slightly_injured
2019,9,Wed,4,52.49902,13.4174,evening,20,dark,2,dry,1,0,1,0,0,0,1,0,0,2,seriously_injured
2019,10,Tue,3,52.50047,13.29971,afternoon,15,daylight,0,dry,1,0,1,0,1,0,0,0,1,3,slightly_injured
2019,9,Wed,4,52.54926,13.15398,afternoon,16,daylight,0,dry,1,6,4,0,1,1,0,0,0,3,slightly_injured
2019,10,Tue,3,52.54326,13.20648,afternoon,15,daylight,0,dry,1,0,7,0,0,0,1,0,0,3,slightly_injured
2019,9,Wed,4,52.49332,13.32354,afternoon,16,daylight,0,dry,1,0,6,0,1,0,1,0,0,3,slightly_injured
2019,10,Tue,3,52.52647,13.29742,afternoon,15,daylight,0,dry,1,5,2,0,1,0,0,0,0,2,seriously_injured
2019,9,Wed,4,52.55603,13.38043,evening,18,dusk,1,dry,1,0,7,0,0,0,1,0,0,3,slightly_injured
2019,10,Tue,3,52.50936,13.32916,afternoon,15,daylight,0,dry,0,2,6,1,1,0,0,0,0,3,slightly_injured
2019,10,Tue,3,52.52679,13.44948,afternoon,14,daylight,0,dry,1,3,6,0,1,0,0,1,0,2,seriously_injured
2019,9,Wed,4,52.55011,13.23622,afternoon,16,daylight,0,dry,1,4,1,0,1,0,0,0,0,3,slightly_injured
2019,9,Wed,4,52.51889,13.33976,morning,8,daylight,0,dry,0,5,2,1,1,0,0,0,0,3,slightly_injured
2019,10,Tue,3,52.52662,13.45119,afternoon,14,daylight,0,dry,1,3,6,1,1,0,0,0,0,3,slightly_injured
2019,10,Tue,3,52.55373,13.3587,afternoon,14,daylight,0,dry,1,2,6,0,1,0,0,0,1,3,slightly_injured
2019,9,Wed,4,52.51211,13.39159,morning,8,daylight,0,dry,1,2,6,1,1,0,0,0,0,3,slightly_injured
2019,10,Tue,3,52.54431,13.20471,afternoon,14,daylight,0,dry,1,5,3,1,1,0,0,0,0,3,slightly_injured
2019,9,Wed,4,52.50569,13.43192,afternoon,16,daylight,0,dry,1,8,1,0,1,1,0,0,0,3,slightly_injured
2019,10,Tue,3,52.51329,13.42396,afternoon,14,daylight,0,dry,1,2,3,0,1,0,0,0,0,3,slightly_injured
2019,9,Wed,4,52.55206,13.48654,afternoon,16,daylight,0,dry,1,5,3,1,1,0,0,0,0,3,slightly_injured
2019,10,Tue,3,52.51334,13.33161,afternoon,14,daylight,0,dry,1,5,2,1,1,0,0,0,0,3,slightly_injured
2019,9,Wed,4,52.44946,13.34962,afternoon,16,daylight,0,dry,1,0,6,0,0,0,1,0,0,3,slightly_injured
2019,10,Tue,3,52.50051,13.31668,afternoon,14,daylight,0,dry,1,6,4,1,0,1,0,0,0,3,slightly_injured
2019,9,Wed,4,52.4556,13.37207,afternoon,15,dusk,1,dry,1,5,3,0,1,0,0,0,0,3,slightly_injured
2019,10,Tue,3,52.43916,13.38859,afternoon,13,daylight,0,dry,1,2,6,0,1,0,1,0,0,3,slightly_injured
2019,9,Wed,4,52.56089,13.19729,afternoon,15,daylight,0,dry,1,2,6,0,1,0,0,0,0,3,slightly_injured
2019,10,Tue,3,52.506,13.32041,afternoon,13,daylight,0,dry,1,2,6,0,1,0,0,0,0,3,slightly_injured
2019,10,Tue,3,52.4947,13.3012,afternoon,12,daylight,0,dry,1,2,6,0,1,0,0,0,0,3,slightly_injured
2019,9,Wed,4,52.43397,13.35072,afternoon,12,daylight,0,dry,1,2,6,0,1,0,0,0,1,3,slightly_injured
2019,10,Tue,3,52.55974,13.36976,afternoon,12,daylight,0,dry,1,5,3,1,0,0,0,0,1,3,slightly_injured
2019,9,Wed,4,52.55639,13.3798,afternoon,15,daylight,0,dry,1,2,6,0,1,0,1,0,0,3,slightly_injured
2019,10,Tue,3,52.59567,13.33543,morning,11,daylight,0,dry,1,2,3,0,1,0,0,0,1,3,slightly_injured
2019,9,Wed,4,52.52332,13.43419,afternoon,12,daylight,0,dry,1,5,3,1,1,0,0,0,0,3,slightly_injured
2019,10,Tue,3,52.45543,13.61821,morning,11,daylight,0,dry,1,2,6,0,1,0,0,0,0,3,slightly_injured
2019,9,Wed,4,52.51425,13.5907,afternoon,12,daylight,0,dry,1,0,1,0,0,0,1,0,0,3,slightly_injured
2019,10,Tue,3,52.56271,13.42187,morning,11,daylight,0,dry,1,6,4,0,1,1,0,0,0,3,slightly_injured
2019,10,Tue,3,52.51839,13.29994,morning,8,daylight,0,dry,1,5,7,0,1,0,0,0,0,2,seriously_injured
2019,9,Wed,4,52.41669,13.3532,morning,11,daylight,0,dry,1,1,5,0,1,0,0,0,0,3,slightly_injured
2019,9,Wed,4,52.5353,13.43235,morning,11,daylight,0,dry,1,6,4,0,1,1,0,0,0,3,slightly_injured
2019,10,Tue,3,52.56649,13.48082,morning,7,daylight,0,dry,1,2,6,0,1,0,0,0,1,3,slightly_injured
2019,10,Tue,3,52.49071,13.44142,morning,7,daylight,0,dry,1,6,4,0,1,1,0,0,0,2,seriously_injured
2019,9,Wed,4,52.49241,13.28499,morning,11,daylight,0,dry,0,0,5,1,1,0,0,0,0,3,slightly_injured
2019,10,Tue,3,52.55222,13.48681,morning,11,daylight,0,dry,1,5,2,0,1,0,0,0,1,3,slightly_injured
2019,9,Wed,4,52.43529,13.34771,morning,10,daylight,0,dry,1,2,2,0,1,0,0,0,0,3,slightly_injured
2019,10,Tue,3,52.61857,13.39033,morning,10,daylight,0,dry,1,0,2,1,1,0,0,0,0,3,slightly_injured
2019,10,Tue,3,52.45528,13.6187,morning,7,daylight,0,dry,1,5,3,1,1,0,0,0,0,3,slightly_injured
2019,9,Wed,4,52.4661,13.38559,morning,10,daylight,0,dry,1,2,2,0,1,0,0,0,0,3,slightly_injured
2019,10,Tue,3,52.49834,13.39554,morning,10,daylight,0,dry,1,6,2,0,1,1,0,0,0,3,slightly_injured
2019,10,Tue,3,52.52721,13.32998,night,5,dark,2,dry,1,2,6,0,1,0,0,1,0,3,slightly_injured
2019,9,Wed,4,52.51896,13.28924,morning,10,daylight,0,dry,1,6,4,1,0,1,0,0,0,3,slightly_injured
2019,10,Tue,3,52.49307,13.32185,morning,9,daylight,0,dry,1,5,3,1,1,0,0,0,0,3,slightly_injured
2019,10,Tue,3,52.4983,13.40245,night,0,dark,2,dry,0,1,6,0,1,0,0,1,1,3,slightly_injured
2019,9,Wed,4,52.42298,13.31331,afternoon,15,daylight,0,dry,1,5,3,0,1,0,0,1,0,2,seriously_injured
2019,10,Tue,3,52.5518,13.43056,morning,9,daylight,0,dry,1,5,3,1,0,0,0,0,0,3,slightly_injured
2019,9,Wed,4,52.55015,13.38929,morning,10,daylight,0,dry,1,2,6,0,1,0,0,0,0,3,slightly_injured
2019,9,Mon,2,52.56804,13.51232,morning,9,daylight,0,dry,1,2,6,0,1,0,0,0,0,3,slightly_injured
2019,9,Wed,4,52.42631,13.4447,morning,10,daylight,0,dry,1,5,3,0,1,0,0,0,0,3,slightly_injured
2019,9,Mon,2,52.52833,13.38072,afternoon,16,daylight,0,dry,1,1,5,0,1,0,1,0,0,2,seriously_injured
2019,9,Wed,4,52.54619,13.36929,afternoon,15,daylight,0,dry,1,0,3,0,0,0,1,0,1,3,slightly_injured
2019,9,Mon,2,52.5398,13.53959,afternoon,15,daylight,0,dry,0,5,2,0,1,0,0,0,0,3,slightly_injured
2019,9,Mon,2,52.44993,13.34734,evening,19,dusk,1,dry,1,2,6,0,1,0,0,0,0,3,slightly_injured
2019,9,Wed,4,52.44543,13.52662,afternoon,14,daylight,0,dry,1,5,3,1,1,0,0,0,0,3,slightly_injured
2019,9,Wed,4,52.55715,13.36599,morning,9,daylight,0,dry,1,2,6,0,1,0,0,0,0,3,slightly_injured
2019,9,Mon,2,52.40885,13.30324,evening,19,dark,2,dry,1,5,3,1,1,0,0,0,0,3,slightly_injured
2019,9,Mon,2,52.52998,13.62676,afternoon,17,daylight,0,dry,0,5,2,1,1,0,0,0,0,3,slightly_injured
2019,9,Wed,4,52.50837,13.27369,afternoon,14,daylight,0,dry,1,3,6,0,1,0,0,0,0,3,slightly_injured
2019,9,Mon,2,52.48743,13.29979,evening,18,daylight,0,dry,1,2,6,0,1,0,0,0,0,3,slightly_injured
2019,9,Wed,4,52.59808,13.2666,afternoon,14,daylight,0,dry,1,0,7,0,0,0,1,0,0,3,slightly_injured
2019,9,Mon,2,52.51149,13.39415,afternoon,17,dark,2,dry,0,5,3,0,1,0,0,0,0,3,slightly_injured
2019,9,Wed,4,52.53655,13.60475,afternoon,13,daylight,0,dry,0,6,2,0,1,1,0,0,0,3,slightly_injured
2019,9,Mon,2,52.48765,13.30842,afternoon,14,daylight,0,dry,1,5,7,0,1,0,0,0,0,3,slightly_injured
2019,9,Wed,4,52.47884,13.31994,afternoon,12,daylight,0,dry,0,4,6,0,1,0,0,0,0,3,slightly_injured
2019,10,Wed,4,52.50427,13.31357,evening,18,dusk,1,dry,1,0,4,1,0,1,0,0,0,3,slightly_injured
2019,10,Wed,4,52.5085,13.34929,evening,18,dusk,1,dry,1,0,3,1,1,0,0,0,0,3,slightly_injured
2019,10,Wed,4,52.46452,13.51607,afternoon,12,daylight,0,dry,0,6,4,0,1,1,0,0,0,3,slightly_injured
2019,10,Wed,4,52.5374,13.22529,afternoon,17,daylight,0,dry,1,2,6,0,1,0,0,0,1,3,slightly_injured
2019,10,Wed,4,52.52963,13.40092,afternoon,17,daylight,0,dry,1,2,6,0,1,0,0,0,0,3,slightly_injured
2019,10,Wed,4,52.53344,13.40359,night,0,dark,2,dry,0,0,1,0,0,0,1,0,0,2,seriously_injured
2019,10,Wed,4,52.47862,13.36344,morning,11,daylight,0,dry,1,5,3,1,1,0,0,0,0,3,slightly_injured
2019,10,Wed,4,52.47395,13.30065,morning,11,daylight,0,dry,1,6,2,0,1,1,0,0,0,2,seriously_injured
2019,10,Wed,4,52.54756,13.41458,morning,11,daylight,0,dry,1,2,6,0,1,0,1,0,0,3,slightly_injured
2019,10,Wed,4,52.44506,13.56603,morning,9,daylight,0,dry,1,5,3,1,1,0,0,0,0,3,slightly_injured
2019,10,Wed,4,52.54345,13.37688,morning,9,daylight,0,dry,1,5,7,0,0,0,1,0,1,3,slightly_injured
2019,10,Wed,4,52.54714,13.42463,morning,9,daylight,0,dry,1,1,5,1,0,0,0,1,0,3,slightly_injured
2019,10,Wed,4,52.5387,13.20775,morning,9,daylight,0,dry,1,2,6,0,1,0,0,0,1,3,slightly_injured
2019,10,Wed,4,52.54459,13.42264,morning,9,daylight,0,dry,1,5,2,1,1,0,0,0,0,3,slightly_injured
2019,10,Wed,4,52.61047,13.33417,morning,8,daylight,0,dry,1,5,3,0,1,0,0,0,0,3,slightly_injured
2019,10,Wed,4,52.5295,13.37937,morning,8,daylight,0,dry,1,0,7,0,1,0,0,0,1,3,slightly_injured
2019,10,Wed,4,52.43768,13.52681,morning,8,daylight,0,dry,1,0,3,0,1,0,1,0,0,3,slightly_injured
2019,10,Wed,4,52.48181,13.32195,morning,7,daylight,0,dry,1,5,5,1,1,0,0,0,0,3,slightly_injured
2019,10,Wed,4,52.55823,13.43337,morning,7,dusk,1,dry,0,6,4,0,0,1,1,0,0,3,slightly_injured
2019,10,Wed,4,52.44908,13.43621,morning,6,dark,2,dry,0,5,2,1,1,0,0,0,0,3,slightly_injured
2019,10,Wed,4,52.47757,13.28765,evening,19,dark,2,dry,1,6,4,0,1,1,1,0,0,1,killed
2019,10,Tue,3,52.4443,13.57504,afternoon,15,daylight,0,dry,0,3,6,1,0,0,0,0,0,3,slightly_injured
2019,10,Tue,3,52.49377,13.41828,evening,18,dusk,1,dry,0,0,1,0,0,0,1,0,0,3,slightly_injured
2019,10,Tue,3,52.546,13.44367,afternoon,15,daylight,0,dry,0,5,3,1,1,0,0,0,0,2,seriously_injured
2019,10,Tue,3,52.50619,13.43096,evening,22,dark,2,dry,0,1,5,1,1,0,0,0,1,3,slightly_injured
2019,10,Tue,3,52.52949,13.37932,evening,22,dark,2,dry,0,3,6,0,1,0,1,0,0,3,slightly_injured
2019,10,Wed,4,52.50906,13.37189,afternoon,13,daylight,0,dry,1,6,2,0,1,1,0,0,0,3,slightly_injured
2019,10,Tue,3,52.51018,13.45484,evening,21,dark,2,dry,0,1,5,1,1,0,0,0,0,3,slightly_injured
2019,10,Tue,3,52.49772,13.29425,evening,20,dark,2,dry,0,5,7,1,1,0,0,0,0,3,slightly_injured
2019,10,Tue,3,52.4398,13.39185,evening,20,dark,2,dry,0,2,6,0,1,0,0,0,0,3,slightly_injured
2019,10,Tue,3,52.55573,13.3842,evening,18,dusk,1,dry,0,0,1,0,0,0,1,0,0,3,slightly_injured
2019,10,Tue,3,52.55851,13.21854,afternoon,16,daylight,0,dry,0,0,4,0,0,1,0,0,1,3,slightly_injured
2019,10,Tue,3,52.5398,13.53958,afternoon,15,daylight,0,dry,0,5,2,0,1,0,0,0,1,3,slightly_injured
2019,10,Tue,3,52.47326,13.56645,afternoon,15,daylight,0,dry,0,4,6,0,1,0,0,0,0,3,slightly_injured
2019,10,Tue,3,52.50836,13.37732,morning,11,daylight,0,dry,0,0,5,0,1,0,1,0,1,2,seriously_injured
2019,10,Tue,3,52.49475,13.35376,afternoon,14,daylight,0,dry,0,1,5,1,0,0,1,0,0,3,slightly_injured
2019,10,Tue,3,52.52055,13.47955,morning,11,daylight,0,dry,0,5,3,0,1,1,0,0,0,2,seriously_injured
2019,10,Tue,3,52.44681,13.30048,morning,11,daylight,0,dry,1,0,1,1,0,0,0,0,0,3,slightly_injured
2019,10,Tue,3,52.46889,13.51458,morning,11,daylight,0,dry,0,5,2,1,0,0,0,1,0,3,slightly_injured
2019,10,Tue,3,52.52888,13.39881,morning,11,daylight,0,dry,0,5,2,1,0,0,0,0,0,3,slightly_injured
2019,10,Tue,3,52.52729,13.19594,morning,10,daylight,0,dry,0,5,2,1,1,0,0,0,0,3,slightly_injured
2019,10,Tue,3,52.47022,13.31705,morning,9,daylight,0,dry,1,1,5,1,1,0,0,0,0,3,slightly_injured
2019,10,Tue,3,52.5101,13.38414,morning,8,daylight,0,dry,0,5,3,1,0,1,0,0,0,3,slightly_injured
2019,10,Tue,3,52.51118,13.32325,morning,8,daylight,0,dry,0,2,6,0,1,0,0,0,0,3,slightly_injured
2019,10,Tue,3,52.5091,13.42367,morning,9,daylight,0,dry,0,4,6,1,1,0,0,0,0,3,slightly_injured
2019,10,Tue,3,52.531,13.40629,afternoon,14,daylight,0,dry,0,6,4,1,0,1,0,0,0,3,slightly_injured
2019,10,Tue,3,52.50944,13.38993,morning,8,daylight,0,dry,0,2,2,1,1,0,0,0,0,3,slightly_injured
2019,10,Tue,3,52.43952,13.40438,afternoon,14,daylight,0,dry,0,6,7,0,0,1,0,0,1,3,slightly_injured
2019,10,Tue,3,52.52808,13.31519,evening,18,dusk,1,dry,0,0,2,0,1,0,1,0,0,3,slightly_injured
2019,10,Tue,3,52.50121,13.35827,afternoon,14,daylight,0,dry,0,2,6,0,1,0,0,0,0,3,slightly_injured
2019,10,Tue,3,52.44505,13.50514,morning,8,daylight,0,dry,0,0,3,0,1,0,1,0,0,3,slightly_injured
2019,10,Tue,3,52.49878,13.41853,morning,7,daylight,0,dry,0,2,6,0,1,0,1,0,0,2,seriously_injured
2019,10,Tue,3,52.56839,13.57191,evening,18,dusk,1,dry,0,2,7,0,1,0,0,0,0,3,slightly_injured
2019,10,Tue,3,52.53854,13.24182,morning,7,daylight,0,dry,0,0,6,0,1,0,1,0,0,3,slightly_injured
2019,10,Tue,3,52.54178,13.20535,morning,6,dusk,1,dry,0,5,3,1,1,0,0,0,0,3,slightly_injured
2019,10,Tue,3,52.54866,13.17803,afternoon,17,daylight,0,dry,0,5,2,1,1,0,0,0,0,3,slightly_injured
2019,10,Tue,3,52.5128,13.43091,afternoon,17,daylight,0,dry,0,5,3,1,0,0,0,1,0,3,slightly_injured