ujahr,umonat,weekday,uwochentag,long,lat,time_of_day,ustunde,light_condition,ulichtverh,street_condition,ustrzustand,uart,utyp1,ist_rad,ist_pkw,ist_fuss,ist_krad,ist_gkfz,ist_sonstige,ukategorie,accident_outcome
2019,10,Tue,3,52.48524,13.43244,afternoon,13,daylight,0,dry,0,2,6,0,1,0,0,0,0,3,slightly_injured
2019,10,Tue,3,52.53814,13.34571,afternoon,17,daylight,0,dry,0,5,2,0,1,0,1,0,0,3,slightly_injured
2019,10,Tue,3,52.61029,13.31497,afternoon,12,daylight,0,dry,0,6,2,0,0,1,0,0,1,3,slightly_injured
2019,10,Tue,3,52.44308,13.43414,afternoon,15,daylight,0,dry,0,2,6,0,1,0,0,0,0,3,slightly_injured
2019,10,Tue,3,52.54381,13.43231,afternoon,12,daylight,0,dry,0,5,2,0,0,0,1,0,1,3,slightly_injured
2019,10,Tue,3,52.46625,13.49609,afternoon,16,daylight,0,dry,0,2,6,0,0,0,0,0,1,3,slightly_injured
2019,10,Mon,2,52.45907,13.40011,evening,21,dark,2,dry,0,5,3,0,1,0,1,0,0,2,seriously_injured
2019,10,Mon,2,52.53676,13.29316,evening,21,dark,2,dry,0,6,7,0,0,1,0,1,0,3,slightly_injured
2019,10,Mon,2,52.53485,13.35523,evening,20,dark,2,dry,0,2,6,1,1,0,0,0,0,3,slightly_injured
2019,10,Mon,2,52.51241,13.45282,evening,19,dark,2,dry,0,5,2,1,1,0,0,0,0,3,slightly_injured
2019,10,Mon,2,52.52903,13.45779,evening,18,dusk,1,dry,0,2,2,1,1,0,0,0,0,3,slightly_injured
2019,10,Mon,2,52.50802,13.37774,evening,18,dusk,1,dry,0,6,4,1,0,1,0,0,0,3,slightly_injured
2019,10,Mon,2,52.47694,13.28101,evening,18,dusk,1,dry,0,5,2,1,1,0,0,0,0,3,slightly_injured
2019,10,Mon,2,52.50998,13.36433,afternoon,17,daylight,0,dry,0,5,2,1,1,0,0,0,0,3,slightly_injured
2019,10,Mon,2,52.43427,13.43528,afternoon,17,daylight,0,dry,0,1,5,0,1,0,0,0,0,2,seriously_injured
2019,10,Mon,2,52.56808,13.35086,afternoon,17,dusk,1,dry,0,1,5,0,1,0,0,0,0,3,slightly_injured
2019,10,Mon,2,52.45457,13.31873,afternoon,16,daylight,0,dry,0,0,6,0,1,0,0,0,1,2,seriously_injured
2019,10,Mon,2,52.52566,13.54013,afternoon,15,daylight,0,dry,0,5,2,1,0,0,0,0,1,3,slightly_injured
2019,10,Mon,2,52.53999,13.4112,afternoon,15,daylight,0,dry,0,5,7,0,0,0,0,0,1,3,slightly_injured
2019,10,Mon,2,52.50705,13.39592,afternoon,15,daylight,0,dry,0,6,4,0,1,1,0,0,0,2,seriously_injured
2019,10,Mon,2,52.49429,13.39961,morning,9,daylight,0,dry,0,2,2,1,1,0,0,0,0,3,slightly_injured
2019,10,Mon,2,52.49031,13.51016,afternoon,15,daylight,0,dry,0,5,5,0,1,0,0,0,0,3,slightly_injured
2019,10,Mon,2,52.4876,13.44806,afternoon,15,daylight,0,dry,0,0,6,1,0,0,0,0,1,3,slightly_injured
2019,10,Mon,2,52.53259,13.18661,morning,11,daylight,0,dry,0,5,3,1,0,0,1,0,0,2,seriously_injured
2019,10,Mon,2,52.45286,13.62495,morning,11,daylight,0,dry,0,0,6,1,0,0,0,0,1,3,slightly_injured
2019,10,Mon,2,52.44656,13.59072,morning,11,daylight,0,dry,0,0,7,1,0,0,0,0,0,2,seriously_injured
2019,10,Mon,2,52.53559,13.39032,afternoon,15,daylight,0,dry,0,2,6,0,1,0,1,0,0,3,slightly_injured
2019,10,Mon,2,52.50243,13.46907,morning,8,daylight,0,dry,0,2,6,0,1,0,1,0,0,3,slightly_injured
2019,10,Mon,2,52.53829,13.24753,afternoon,14,daylight,0,dry,0,2,2,0,1,0,0,0,0,3,slightly_injured
2019,10,Mon,2,52.54363,13.36422,morning,8,daylight,0,dry,0,2,6,0,1,0,0,0,0,3,slightly_injured
2019,10,Mon,2,52.56721,13.32911,morning,7,daylight,0,dry,0,5,2,0,1,0,0,0,0,3,slightly_injured
2019,10,Mon,2,52.39941,13.3822,afternoon,13,daylight,0,dry,0,2,3,0,1,0,1,0,0,3,slightly_injured
2019,10,Mon,2,52.5469,13.49786,morning,10,daylight,0,dry,0,6,4,0,1,1,0,0,0,2,seriously_injured
2019,10,Mon,2,52.44296,13.3082,morning,6,dusk,1,dry,0,1,5,1,1,0,0,0,0,3,slightly_injured
2019,10,Mon,2,52.49583,13.28683,morning,10,daylight,0,dry,0,5,2,0,1,0,0,0,0,3,slightly_injured
2019,10,Mon,2,52.464,13.43338,afternoon,14,daylight,0,dry,0,6,2,0,1,1,0,0,0,3,slightly_injured
2019,10,Mon,2,52.52886,13.4491,morning,6,dark,2,dry,1,5,3,1,1,0,0,0,0,3,slightly_injured
2019,10,Mon,2,52.45317,13.50767,morning,10,daylight,0,dry,0,5,5,0,1,0,0,0,0,3,slightly_injured
2019,10,Mon,2,52.52464,13.53863,afternoon,13,daylight,0,dry,0,0,3,0,1,0,1,0,0,2,seriously_injured
2019,10,Mon,2,52.51864,13.28283,morning,10,daylight,0,dry,0,5,2,0,1,0,1,0,0,3,slightly_injured
2019,10,Mon,2,52.52893,13.30651,afternoon,13,daylight,0,dry,0,5,3,1,1,0,0,0,0,3,slightly_injured
2019,10,Mon,2,52.51494,13.58375,morning,9,daylight,0,dry,0,5,2,0,1,0,0,0,0,3,slightly_injured
2019,10,Mon,2,52.49842,13.40055,morning,9,daylight,0,dry,0,2,6,0,1,0,1,0,0,3,slightly_injured
2019,10,Mon,2,52.54105,13.41185,afternoon,12,daylight,0,dry,0,5,3,1,1,0,0,0,0,2,seriously_injured
2019,10,Mon,2,52.47638,13.37732,morning,9,daylight,0,dry,0,0,1,1,0,0,0,0,0,3,slightly_injured
2019,10,Mon,2,52.50369,13.40266,morning,8,daylight,0,dry,1,0,7,0,0,0,1,0,0,3,slightly_injured
2019,10,Mon,2,52.47296,13.37798,afternoon,12,daylight,0,dry,0,2,6,0,1,0,0,0,0,3,slightly_injured
2019,10,Sun,1,52.48113,13.42765,afternoon,16,daylight,0,dry,0,5,3,1,1,0,0,0,0,3,slightly_injured
2019,10,Sun,1,52.56595,13.40831,evening,22,dark,2,dry,0,3,6,1,0,0,0,0,1,2,seriously_injured
2019,10,Sun,1,52.58054,13.4288,afternoon,17,daylight,0,dry,0,4,6,1,0,0,0,0,0,3,slightly_injured
2019,10,Sun,1,52.43861,13.59244,afternoon,16,daylight,0,dry,1,2,6,0,1,0,0,0,0,3,slightly_injured
2019,10,Sun,1,52.6046,13.36585,afternoon,16,daylight,0,dry,0,0,1,0,0,0,1,0,0,3,slightly_injured
2019,10,Sun,1,52.5811,13.37561,afternoon,15,daylight,0,dry,0,2,6,0,1,0,1,0,0,3,slightly_injured
2019,10,Sun,1,52.50332,13.34949,afternoon,15,daylight,0,dry,0,2,6,0,1,0,1,0,0,2,seriously_injured
2019,10,Sun,1,52.5111,13.37103,afternoon,13,daylight,0,dry,0,5,3,1,0,0,1,0,0,3,slightly_injured
2019,10,Sun,1,52.56057,13.32185,afternoon,13,daylight,0,dry,0,5,2,0,1,0,0,0,1,3,slightly_injured
2019,10,Sun,1,52.49135,13.31189,afternoon,13,daylight,0,dry,0,5,5,0,1,0,1,0,0,3,slightly_injured
2019,10,Sun,1,52.51106,13.2818,afternoon,12,daylight,0,dry,0,2,6,0,1,0,0,0,0,3,slightly_injured
2019,10,Sun,1,52.41822,13.41702,morning,11,daylight,0,dry,0,6,2,0,1,1,0,0,0,3,slightly_injured
2019,10,Sun,1,52.55361,13.47017,morning,10,daylight,0,dry,0,5,3,0,1,0,0,0,0,3,slightly_injured
2019,10,Sun,1,52.56872,13.52044,morning,9,daylight,0,dry,0,5,7,1,1,0,0,0,0,3,slightly_injured
2019,10,Sun,1,52.51062,13.43214,morning,7,daylight,0,dry,0,6,7,0,1,1,0,0,0,3,slightly_injured
2019,10,Sun,1,52.5475,13.31459,morning,6,dark,2,dry,0,5,7,0,1,0,0,0,0,3,slightly_injured
2019,10,Sun,1,52.50661,13.41774,evening,22,dark,2,dry,1,5,3,0,1,0,0,0,0,3,slightly_injured
2019,10,Sun,1,52.56597,13.40836,evening,22,dark,2,dry,0,3,6,1,0,0,0,0,1,2,seriously_injured
2019,10,Sun,1,52.50147,13.43493,evening,20,dark,2,dry,1,5,3,0,1,0,1,0,0,3,slightly_injured
2019,10,Sun,1,52.51808,13.31373,evening,20,dark,2,dry,0,0,1,1,0,0,0,0,0,3,slightly_injured
2019,10,Wed,4,52.49442,13.30013,afternoon,16,daylight,0,dry,1,5,2,0,1,0,1,0,0,3,slightly_injured
2019,10,Tue,3,52.52837,13.3858,afternoon,17,dusk,1,dry,1,0,1,0,1,0,0,0,1,3,slightly_injured
2019,10,Sun,1,52.4685,13.31995,evening,19,dark,2,dry,1,0,1,0,0,0,1,0,0,3,slightly_injured
2019,10,Sun,1,52.51224,13.47577,evening,19,dark,2,dry,1,0,1,0,0,0,1,0,0,3,slightly_injured
2019,10,Sun,1,52.49867,13.4123,evening,18,dark,2,dry,1,0,2,1,1,0,0,0,0,3,slightly_injured
2019,10,Sun,1,52.50148,13.31919,evening,18,dusk,1,dry,0,0,1,0,0,0,1,0,0,3,slightly_injured
2019,10,Sat,7,52.4518,13.37833,afternoon,13,daylight,0,dry,0,2,2,0,1,0,0,0,0,3,slightly_injured
2019,10,Sat,7,52.46089,13.27517,afternoon,13,daylight,0,dry,0,2,2,0,1,0,0,0,0,3,slightly_injured
2019,10,Sat,7,52.53802,13.34863,evening,18,dusk,1,dry,0,0,5,0,1,0,1,0,0,3,slightly_injured
2019,10,Wed,4,52.50247,13.46882,afternoon,15,daylight,0,dry,1,6,4,0,1,1,0,0,0,2,seriously_injured
2019,10,Sat,7,52.43988,13.3001,evening,23,dark,2,dry,0,0,1,1,0,0,0,0,0,2,seriously_injured
2019,10,Sat,7,52.534,13.4527,evening,23,dark,2,dry,0,2,6,0,1,0,1,0,0,2,seriously_injured
2019,10,Wed,4,52.52896,13.39554,afternoon,15,daylight,0,dry,1,6,4,0,0,1,1,0,0,3,slightly_injured
2019,10,Sat,7,52.55429,13.34507,evening,22,dusk,1,dry,0,5,2,1,1,0,0,0,0,2,seriously_injured
2019,10,Sat,7,52.4826,13.45406,evening,21,dark,2,dry,0,5,2,0,1,0,0,0,1,3,slightly_injured
2019,10,Sat,7,52.53961,13.29542,evening,22,dark,2,dry,0,5,2,0,1,0,0,0,1,3,slightly_injured
2019,10,Sat,7,52.51061,13.40996,evening,22,dark,2,dry,0,6,2,0,1,1,0,0,0,3,slightly_injured
2019,10,Sat,7,52.4611,13.435,evening,19,dark,2,dry,0,0,5,0,1,0,0,0,1,3,slightly_injured
2019,10,Sat,7,52.55957,13.33342,evening,18,dark,2,dry,0,1,5,0,1,0,0,0,1,3,slightly_injured
2019,10,Sat,7,52.58103,13.29138,evening,18,dark,2,dry,0,6,2,0,0,1,0,0,1,3,slightly_injured
2019,10,Sat,7,52.61136,13.31903,afternoon,16,daylight,0,dry,0,5,3,1,1,0,0,0,0,2,seriously_injured
2019,10,Sat,7,52.42801,13.45,afternoon,15,daylight,0,dry,0,5,3,0,1,0,0,0,0,3,slightly_injured
2019,10,Sat,7,52.52961,13.19574,afternoon,15,daylight,0,dry,0,0,6,0,1,0,0,0,1,2,seriously_injured
2019,10,Sat,7,52.40912,13.37602,afternoon,14,daylight,0,dry,0,5,2,1,1,0,0,0,0,3,slightly_injured
2019,10,Sat,7,52.49883,13.34599,afternoon,14,daylight,0,dry,0,5,7,0,1,0,1,0,0,3,slightly_injured
2019,10,Sat,7,52.54242,13.54292,afternoon,13,daylight,0,dry,0,0,6,0,1,0,0,0,1,3,slightly_injured
2019,10,Sat,7,52.51067,13.31439,afternoon,12,daylight,0,dry,0,5,3,1,0,0,1,0,0,3,slightly_injured
2019,10,Sat,7,52.5295,13.59041,afternoon,12,daylight,0,dry,0,5,2,0,0,0,0,0,1,3,slightly_injured
2019,10,Sat,7,52.43767,13.52677,afternoon,12,daylight,0,dry,0,5,3,1,1,0,0,0,0,3,slightly_injured
2019,10,Sat,7,52.4594,13.31951,afternoon,12,daylight,0,dry,0,5,3,0,1,0,0,0,0,3,slightly_injured
2019,10,Sat,7,52.49988,13.52141,morning,11,daylight,0,dry,0,5,3,1,1,0,0,0,0,3,slightly_injured
2019,10,Sat,7,52.52616,13.49976,morning,11,daylight,0,dry,0,3,6,1,0,0,0,0,1,3,slightly_injured
2019,10,Sat,7,52.5232,13.48514,morning,10,daylight,0,dry,0,3,6,1,1,0,0,0,0,3,slightly_injured
2019,10,Sat,7,52.57234,13.44377,morning,10,daylight,0,dry,0,5,3,0,1,0,0,0,0,3,slightly_injured
2019,10,Sat,7,52.57031,13.52042,morning,10,daylight,0,dry,0,0,3,0,1,0,1,0,0,3,slightly_injured
2019,10,Sat,7,52.52718,13.30637,morning,9,daylight,0,dry,0,5,7,0,1,0,1,0,0,3,slightly_injured
2019,10,Sat,7,52.49256,13.43056,night,1,dark,2,dry,0,5,3,0,1,0,1,0,0,3,slightly_injured
2019,10,Sat,7,52.5342,13.20112,night,0,dark,2,dry,0,6,4,0,1,1,0,0,0,3,slightly_injured
2019,10,Fri,6,52.52337,13.43572,evening,19,dark,2,dry,0,0,6,0,1,0,1,0,0,3,slightly_injured
2019,10,Fri,6,52.51839,13.38347,morning,10,daylight,0,dry,1,6,4,1,0,1,0,0,0,2,seriously_injured
2019,10,Fri,6,52.48281,13.50143,evening,20,dark,2,dry,1,6,4,0,1,1,0,0,0,3,slightly_injured
2019,10,Fri,6,52.5081,13.42646,afternoon,14,daylight,0,dry,0,5,7,1,0,0,0,0,1,3,slightly_injured
2019,10,Fri,6,52.52175,13.18886,afternoon,13,daylight,0,dry,0,5,2,0,1,0,0,0,0,3,slightly_injured
2019,10,Fri,6,52.4642,13.44357,afternoon,13,daylight,0,dry,0,2,6,0,1,0,0,0,0,3,slightly_injured
2019,10,Fri,6,52.53199,13.4718,evening,19,dark,2,dry,1,5,3,0,1,0,0,0,1,2,seriously_injured
2019,10,Fri,6,52.53561,13.35673,morning,10,daylight,0,dry,0,0,6,1,1,0,0,0,0,3,slightly_injured
2019,10,Fri,6,52.43966,13.36376,evening,19,dark,2,dry,1,5,3,0,1,0,0,0,0,3,slightly_injured
2019,10,Fri,6,52.53831,13.41426,evening,19,dark,2,dry,1,1,5,1,1,0,0,0,0,3,slightly_injured
2019,10,Fri,6,52.50092,13.44202,afternoon,17,dusk,1,dry,1,5,2,1,1,0,0,0,0,3,slightly_injured
2019,10,Fri,6,52.52044,13.27994,evening,19,dark,2,dry,1,5,2,1,1,0,0,0,0,3,slightly_injured
2019,10,Fri,6,52.62686,13.227,morning,6,dusk,1,dry,0,2,6,0,1,0,0,0,0,3,slightly_injured
2019,10,Wed,4,52.51069,13.45203,afternoon,12,daylight,0,dry,1,0,3,1,1,0,0,0,0,3,slightly_injured
2019,10,Fri,6,52.44973,13.28593,evening,18,dark,2,dry,1,5,3,0,1,0,0,0,0,3,slightly_injured
2019,10,Fri,6,52.53506,13.27716,night,5,dark,2,dry,0,6,4,0,0,1,1,0,0,3,slightly_injured
2019,10,Fri,6,52.49871,13.41215,afternoon,17,dusk,1,dry,1,5,3,1,1,0,0,0,0,3,slightly_injured
2019,10,Fri,6,52.55131,13.38347,afternoon,17,dusk,1,dry,0,5,7,0,1,0,1,0,0,3,slightly_injured
2019,10,Fri,6,52.41417,13.36192,afternoon,16,daylight,0,dry,1,2,6,0,1,0,0,0,0,3,slightly_injured
2019,10,Fri,6,52.41537,13.26605,afternoon,16,daylight,0,dry,1,5,5,0,1,0,0,0,0,2,seriously_injured
2019,10,Fri,6,52.38668,13.40232,afternoon,15,daylight,0,dry,0,5,2,0,1,0,1,0,0,3,slightly_injured
2019,10,Fri,6,52.5418,13.48807,afternoon,14,daylight,0,dry,0,2,6,0,1,0,0,0,0,3,slightly_injured
2019,10,Fri,6,52.52926,13.32862,afternoon,14,daylight,0,dry,0,0,5,0,0,1,0,0,1,3,slightly_injured
2019,10,Fri,6,52.50189,13.29765,evening,20,dark,2,dry,1,5,7,0,1,0,0,0,0,3,slightly_injured
2019,10,Wed,4,52.45517,13.42941,afternoon,14,daylight,0,dry,1,3,6,0,1,0,0,0,1,3,slightly_injured
2019,10,Fri,6,52.53387,13.28275,afternoon,15,daylight,0,dry,0,2,6,0,1,0,0,0,1,3,slightly_injured
2019,10,Thu,5,52.50612,13.40178,afternoon,16,daylight,0,dry,1,6,6,0,0,1,0,0,1,3,slightly_injured
2019,10,Thu,5,52.50791,13.39408,evening,19,dark,2,dry,0,5,3,1,0,0,0,0,0,3,slightly_injured
2019,10,Thu,5,52.47696,13.42642,evening,23,dark,2,dry,1,2,6,0,1,0,0,0,0,3,slightly_injured
2019,10,Thu,5,52.55926,13.35261,evening,22,dark,2,dry,1,2,6,0,1,0,0,0,0,3,slightly_injured
2019,10,Thu,5,52.6345,13.4963,evening,20,dark,2,dry,1,6,4,1,0,1,0,0,0,3,slightly_injured
2019,10,Thu,5,52.4652,13.32863,evening,20,dark,2,dry,1,6,4,0,1,1,0,0,0,3,slightly_injured
2019,10,Thu,5,52.54285,13.60372,evening,19,dark,2,dry,1,3,6,1,1,0,0,0,0,2,seriously_injured
2019,10,Thu,5,52.53488,13.19895,evening,19,dark,2,dry,0,6,4,0,1,1,0,0,0,2,seriously_injured
2019,10,Thu,5,52.51185,13.4025,afternoon,17,daylight,0,dry,1,5,2,0,1,0,0,0,0,3,slightly_injured
2019,10,Wed,4,52.45761,13.37242,afternoon,13,daylight,0,dry,1,6,7,0,0,1,0,1,0,3,slightly_injured
2019,10,Thu,5,52.47728,13.42381,afternoon,17,daylight,0,dry,1,0,3,0,1,0,1,0,0,3,slightly_injured
2019,10,Wed,4,52.48765,13.51463,afternoon,14,daylight,0,dry,1,3,6,1,1,0,0,0,0,3,slightly_injured
2019,10,Thu,5,52.53252,13.4037,morning,9,daylight,0,dry,1,0,1,1,0,0,0,0,0,3,slightly_injured
2019,10,Thu,5,52.43079,13.25913,morning,9,daylight,0,dry,0,3,6,1,1,0,0,0,0,3,slightly_injured
2019,10,Thu,5,52.44955,13.36658,morning,8,daylight,0,dry,1,2,6,0,1,0,0,0,0,3,slightly_injured
2019,10,Thu,5,52.5159,13.42614,morning,6,dusk,1,dry,1,5,3,0,1,0,0,0,0,2,seriously_injured
2019,10,Thu,5,52.58865,13.35453,morning,6,dark,2,dry,1,6,2,0,1,1,0,0,0,3,slightly_injured
2019,10,Wed,4,52.55328,13.47995,afternoon,13,daylight,0,dry,1,5,2,1,1,0,0,0,0,3,slightly_injured
2019,10,Thu,5,52.50652,13.41039,night,4,dark,2,dry,1,0,1,0,0,0,0,0,1,3,slightly_injured
2019,10,Thu,5,52.41373,13.39228,afternoon,16,daylight,0,dry,0,5,2,1,1,0,0,0,0,3,slightly_injured
2019,10,Thu,5,52.52311,13.4298,afternoon,15,daylight,0,dry,0,5,2,0,0,0,0,0,1,3,slightly_injured
2019,10,Thu,5,52.52029,13.46841,afternoon,15,daylight,0,dry,0,1,5,1,0,0,0,0,1,3,slightly_injured
2019,10,Thu,5,52.55971,13.3698,afternoon,14,daylight,0,dry,1,5,2,0,1,0,0,0,0,3,slightly_injured
2019,10,Thu,5,52.51831,13.40103,afternoon,12,daylight,0,dry,0,5,3,0,1,0,1,0,0,3,slightly_injured
2019,10,Thu,5,52.48499,13.38418,morning,10,daylight,0,dry,1,5,7,0,1,0,1,0,0,3,slightly_injured
2019,10,Wed,4,52.53855,13.20056,evening,21,dark,2,dry,0,9,1,0,1,0,0,0,0,2,seriously_injured
2019,10,Thu,5,52.5634,13.50485,morning,10,daylight,0,dry,0,6,6,1,0,1,0,0,0,3,slightly_injured
2019,10,Thu,5,52.52494,13.24555,morning,6,dusk,1,dry,1,2,6,0,0,0,1,0,1,3,slightly_injured
2019,10,Wed,4,52.50944,13.37662,evening,23,dark,2,dry,1,5,2,0,1,0,0,0,0,3,slightly_injured
2019,10,Wed,4,52.51481,13.42005,evening,23,dark,2,dry,1,0,1,1,0,0,0,0,0,3,slightly_injured
2019,10,Wed,4,52.5865,13.42949,evening,18,daylight,0,dry,0,5,2,0,1,0,0,0,1,2,seriously_injured
2019,10,Wed,4,52.55101,13.57844,evening,18,dark,2,dry,1,6,4,0,1,1,0,0,0,2,seriously_injured
2019,10,Wed,4,52.44614,13.58973,afternoon,17,daylight,0,dry,0,5,2,0,1,0,0,0,0,3,slightly_injured
2019,10,Wed,4,52.54783,13.35156,afternoon,16,daylight,0,dry,0,1,5,1,1,0,0,0,0,3,slightly_injured
2019,10,Wed,4,52.50078,13.34746,afternoon,16,daylight,0,dry,0,6,4,0,1,1,0,0,0,2,seriously_injured
2019,10,Wed,4,52.52896,13.40173,evening,21,dark,2,dry,1,0,3,0,1,0,0,0,1,3,slightly_injured
2019,10,Wed,4,52.50011,13.31265,afternoon,17,daylight,0,dry,0,2,6,0,1,0,1,0,0,3,slightly_injured
2019,10,Wed,4,52.57461,13.51902,afternoon,15,daylight,0,dry,0,0,6,0,1,0,0,0,1,3,slightly_injured
2019,10,Wed,4,52.51028,13.49876,afternoon,15,daylight,0,dry,0,6,4,0,0,1,0,0,1,3,slightly_injured
2019,10,Wed,4,52.54151,13.3252,afternoon,12,daylight,0,dry,1,2,6,0,1,0,0,0,0,3,slightly_injured
2019,10,Wed,4,52.49673,13.42032,evening,21,dark,2,dry,1,0,4,1,0,1,0,0,0,3,slightly_injured
2019,10,Wed,4,52.50303,13.3314,afternoon,15,daylight,0,dry,0,0,3,1,0,0,1,0,0,3,slightly_injured
2019,10,Wed,4,52.53395,13.46751,afternoon,12,daylight,0,dry,1,6,4,1,0,1,0,0,0,3,slightly_injured
2019,10,Wed,4,52.52376,13.3977,morning,9,daylight,0,dry,0,1,1,1,1,0,0,0,0,3,slightly_injured
2019,10,Wed,4,52.57321,13.40788,evening,21,dark,2,dry,1,5,3,1,0,0,1,0,0,3,slightly_injured
2019,10,Wed,4,52.41133,13.26353,evening,20,dark,2,dry,1,0,2,0,1,0,1,0,0,3,slightly_injured
2019,10,Wed,4,52.58922,13.28414,morning,8,daylight,0,dry,1,1,5,1,1,0,0,0,0,3,slightly_injured
2019,10,Wed,4,52.54889,13.50393,morning,7,daylight,0,dry,1,1,7,0,1,0,0,0,0,3,slightly_injured
2019,10,Wed,4,52.56038,13.32135,afternoon,14,daylight,0,dry,1,2,6,0,1,0,0,0,0,3,slightly_injured
2019,10,Wed,4,52.50525,13.47168,afternoon,12,daylight,0,dry,1,2,6,0,1,0,0,0,0,3,slightly_injured
2019,10,Wed,4,52.55329,13.41838,morning,7,daylight,0,dry,0,5,2,0,1,0,0,0,1,2,seriously_injured
2019,10,Wed,4,52.57359,13.56798,evening,20,dark,2,dry,1,0,7,0,1,0,1,0,0,3,slightly_injured
2019,10,Wed,4,52.45247,13.43111,afternoon,14,daylight,0,dry,1,2,6,0,1,0,0,0,0,3,slightly_injured
2019,10,Wed,4,52.5543,13.40253,afternoon,14,daylight,0,dry,0,5,2,0,1,0,0,0,0,3,slightly_injured
2019,10,Wed,4,52.408,13.66881,afternoon,13,daylight,0,dry,0,0,6,0,1,0,0,0,1,3,slightly_injured
2019,10,Wed,4,52.47639,13.34096,afternoon,12,daylight,0,dry,1,1,5,1,1,0,0,0,0,3,slightly_injured
2019,10,Wed,4,52.50529,13.33882,evening,19,dark,2,dry,1,0,7,0,0,0,0,0,1,3,slightly_injured
2019,10,Wed,4,52.49718,13.35454,evening,19,dark,2,dry,0,5,2,1,1,0,0,0,0,3,slightly_injured
2019,10,Wed,4,52.48833,13.42778,night,5,dark,2,dry,1,0,3,1,1,0,0,0,0,3,slightly_injured
2019,10,Wed,4,52.50049,13.42222,evening,19,dark,2,dry,1,3,6,0,1,0,0,1,0,3,slightly_injured
2019,10,Wed,4,52.46438,13.29684,morning,11,daylight,0,dry,0,5,2,1,1,0,0,0,0,2,seriously_injured
2019,10,Wed,4,52.56647,13.41365,morning,10,daylight,0,dry,0,2,6,1,1,0,0,0,0,3,slightly_injured
2019,10,Wed,4,52.49402,13.40298,evening,22,dark,2,dry,1,5,3,0,1,0,0,0,1,3,slightly_injured
2019,10,Wed,4,52.56446,13.32626,morning,7,daylight,0,dry,0,2,6,0,1,0,0,0,0,3,slightly_injured
2019,10,Wed,4,52.54773,13.20804,morning,10,daylight,0,dry,0,6,7,0,1,1,0,0,0,3,slightly_injured
2019,10,Wed,4,52.53103,13.38475,afternoon,14,daylight,0,dry,1,0,1,0,0,0,1,0,0,3,slightly_injured
2019,10,Wed,4,52.58595,13.40514,morning,6,daylight,0,dry,1,5,3,1,0,0,0,0,1,3,slightly_injured
2019,10,Wed,4,52.50743,13.42804,evening,18,dark,2,dry,0,2,6,0,1,0,0,0,0,3,slightly_injured
2019,10,Wed,4,52.45522,13.61724,morning,6,dark,2,dry,1,5,3,1,1,0,0,0,0,2,seriously_injured
2019,10,Wed,4,52.5208,13.26545,evening,18,dark,2,dry,0,2,6,0,1,0,0,0,0,3,slightly_injured
2019,10,Wed,4,52.56276,13.39016,morning,6,dark,2,dry,1,6,4,1,0,1,0,0,0,3,slightly_injured
2019,10,Wed,4,52.58797,13.32433,morning,6,dusk,1,dry,1,5,2,0,1,0,0,0,0,3,slightly_injured
2019,10,Tue,3,52.52478,13.33511,morning,10,daylight,0,dry,1,5,2,1,1,0,0,0,0,3,slightly_injured
2019,10,Tue,3,52.46909,13.4913,evening,21,dark,2,dry,1,5,2,0,1,0,0,0,0,3,slightly_injured
2019,10,Wed,4,52.48982,13.38193,evening,19,dark,2,dry,1,2,6,0,1,0,1,0,0,3,slightly_injured
2019,10,Tue,3,52.52898,13.40242,evening,20,dark,2,dry,1,1,5,1,0,0,0,0,1,3,slightly_injured
2019,10,Tue,3,52.53241,13.41267,evening,18,daylight,0,dry,1,2,6,0,1,0,1,0,0,3,slightly_injured
2019,10,Tue,3,52.51843,13.44695,afternoon,17,daylight,0,dry,1,6,7,0,1,1,0,0,0,3,slightly_injured
2019,10,Tue,3,52.46951,13.31505,evening,18,dark,2,dry,1,0,1,1,0,0,0,0,0,2,seriously_injured
2019,10,Wed,4,52.56192,13.37287,evening,19,dark,2,dry,1,6,4,0,0,1,1,0,0,2,seriously_injured
2019,10,Tue,3,52.56429,13.39293,evening,20,dark,2,dry,1,6,4,0,1,1,0,0,0,3,slightly_injured
2019,10,Thu,5,52.52743,13.55739,morning,7,daylight,0,dry,1,0,3,0,0,0,1,0,1,3,slightly_injured
2019,10,Thu,5,52.52853,13.41027,afternoon,13,daylight,0,dry,0,2,2,1,1,0,0,0,0,3,slightly_injured
2019,10,Thu,5,52.56689,13.34668,night,5,dark,2,dry,1,5,7,0,1,0,0,0,1,3,slightly_injured
2019,10,Thu,5,52.53927,13.23192,morning,6,dusk,1,dry,1,2,2,0,1,0,0,0,0,3,slightly_injured
2019,10,Thu,5,52.46018,13.41723,afternoon,13,daylight,0,dry,0,1,5,0,0,0,0,1,1,3,slightly_injured
2019,10,Thu,5,52.47047,13.42966,morning,6,dark,2,dry,1,2,2,0,1,0,1,0,0,3,slightly_injured
2019,10,Thu,5,52.53718,13.2608,afternoon,12,daylight,0,dry,1,2,7,0,1,0,0,0,0,3,slightly_injured
2019,10,Thu,5,52.41119,13.38329,afternoon,12,daylight,0,dry,1,0,1,1,0,0,0,0,0,3,slightly_injured
2019,10,Thu,5,52.5595,13.38691,morning,6,dark,2,dry,1,0,1,0,0,0,1,0,0,3,slightly_injured
2019,10,Thu,5,52.55141,13.38363,morning,9,daylight,0,dry,1,2,2,0,1,0,0,0,0,3,slightly_injured
2019,10,Thu,5,52.53624,13.39134,morning,6,dark,2,dry,1,2,6,0,1,0,0,1,0,3,slightly_injured
2019,10,Thu,5,52.52017,13.37349,morning,8,daylight,0,dry,1,1,5,1,0,0,0,0,1,2,seriously_injured