ujahr,umonat,weekday,uwochentag,long,lat,time_of_day,ustunde,light_condition,ulichtverh,street_condition,ustrzustand,uart,utyp1,ist_rad,ist_pkw,ist_fuss,ist_krad,ist_gkfz,ist_sonstige,ukategorie,accident_outcome
2019,10,Thu,5,52.41462,13.39228,morning,10,daylight,0,dry,1,2,6,0,1,0,0,0,0,3,slightly_injured
2019,10,Thu,5,52.44919,13.36587,morning,8,daylight,0,dry,1,5,2,1,1,0,0,0,0,3,slightly_injured
2019,10,Thu,5,52.55765,13.37697,morning,9,daylight,0,dry,0,1,5,1,1,0,0,0,0,3,slightly_injured
2019,10,Thu,5,52.56692,13.47751,morning,8,daylight,0,dry,1,2,6,0,1,0,0,0,0,3,slightly_injured
2019,10,Thu,5,52.56508,13.33569,morning,8,daylight,0,dry,1,2,6,0,1,0,0,0,0,3,slightly_injured
2019,10,Thu,5,52.53259,13.38055,morning,8,daylight,0,dry,1,5,2,1,1,0,0,0,0,3,slightly_injured
2019,10,Thu,5,52.5184,13.28153,morning,8,daylight,0,dry,1,0,7,1,0,0,0,0,0,2,seriously_injured
2019,10,Wed,4,52.44201,13.30551,afternoon,12,daylight,0,dry,0,5,3,1,1,0,0,0,0,3,slightly_injured
2019,10,Wed,4,52.52723,13.19597,evening,18,dark,2,dry,0,5,3,0,1,0,1,0,0,3,slightly_injured
2019,10,Wed,4,52.53067,13.4111,morning,9,daylight,0,dry,0,5,2,1,0,0,0,0,1,3,slightly_injured
2019,10,Wed,4,52.50253,13.32525,evening,18,dark,2,dry,0,5,3,1,1,0,0,0,0,3,slightly_injured
2019,10,Wed,4,52.39377,13.40676,evening,20,dark,2,dry,0,5,2,0,1,0,0,0,0,3,slightly_injured
2019,10,Thu,5,52.51541,13.31366,morning,10,daylight,0,dry,0,5,3,1,1,0,0,0,0,3,slightly_injured
2019,10,Wed,4,52.55703,13.46844,evening,20,dark,2,dry,0,5,3,1,1,0,0,0,0,3,slightly_injured
2019,10,Wed,4,52.53662,13.41829,evening,19,dark,2,dry,0,5,3,1,1,0,0,0,0,3,slightly_injured
2019,10,Thu,5,52.53366,13.29387,morning,6,dusk,1,dry,0,0,6,0,1,0,1,0,0,3,slightly_injured
2019,10,Thu,5,52.42818,13.45007,afternoon,14,daylight,0,dry,0,5,7,0,1,0,0,0,0,3,slightly_injured
2019,10,Wed,4,52.41084,13.32982,afternoon,16,daylight,0,dry,0,5,3,0,1,0,0,0,0,3,slightly_injured
2019,10,Wed,4,52.50043,13.26346,afternoon,14,daylight,0,dry,0,5,3,1,0,0,0,0,0,2,seriously_injured
2019,10,Wed,4,52.43472,13.47639,afternoon,14,daylight,0,dry,0,5,3,1,1,0,0,0,0,3,slightly_injured
2019,10,Wed,4,52.55456,13.3922,afternoon,17,dark,2,dry,0,6,4,1,0,1,0,0,0,3,slightly_injured
2019,10,Wed,4,52.59512,13.32211,afternoon,13,daylight,0,dry,0,1,5,0,1,0,0,0,0,3,slightly_injured
2019,10,Wed,4,52.53859,13.21314,afternoon,17,daylight,0,dry,0,0,1,0,0,0,1,0,0,2,seriously_injured
2019,10,Wed,4,52.5163,13.25676,afternoon,13,daylight,0,dry,0,6,4,0,1,1,0,0,0,3,slightly_injured
2019,10,Wed,4,52.49264,13.26445,afternoon,17,daylight,0,dry,0,5,2,1,1,0,0,0,0,3,slightly_injured
2019,10,Thu,5,52.52637,13.44726,morning,9,daylight,0,dry,0,6,4,1,0,1,0,0,0,2,seriously_injured
2019,10,Wed,4,52.5631,13.41405,afternoon,17,dusk,1,dry,1,1,5,1,1,0,0,0,1,3,slightly_injured
2019,10,Thu,5,52.45093,13.33492,morning,7,daylight,0,dry,0,0,4,1,0,1,0,0,0,2,seriously_injured
2019,10,Wed,4,52.50223,13.39274,afternoon,14,daylight,0,dry,0,6,7,0,1,1,0,0,0,3,slightly_injured
2019,10,Wed,4,52.48741,13.37664,afternoon,16,daylight,0,dry,0,5,2,1,1,0,0,0,0,3,slightly_injured
2019,10,Wed,4,52.4889,13.45406,morning,7,daylight,0,dry,0,5,2,1,0,0,0,0,1,3,slightly_injured
2019,10,Wed,4,52.54144,13.33763,afternoon,16,daylight,0,dry,0,1,5,0,1,0,0,0,0,2,seriously_injured
2019,10,Wed,4,52.4299,13.4931,afternoon,16,daylight,0,dry,0,5,7,0,1,0,1,0,0,3,slightly_injured
2019,10,Wed,4,52.51587,13.33734,afternoon,16,daylight,0,dry,0,3,6,1,0,0,0,1,0,3,slightly_injured
2019,10,Wed,4,52.43262,13.45944,afternoon,15,daylight,0,dry,0,2,6,0,1,0,0,0,0,3,slightly_injured
2019,10,Wed,4,52.62545,13.32585,afternoon,15,daylight,0,dry,0,3,6,0,1,0,1,0,0,3,slightly_injured
2019,10,Wed,4,52.43034,13.31229,afternoon,15,daylight,0,dry,0,5,2,1,1,0,0,0,0,3,slightly_injured
2019,10,Wed,4,52.50345,13.49639,afternoon,15,daylight,0,dry,0,5,3,1,1,0,0,0,0,3,slightly_injured
2019,10,Thu,5,52.49566,13.38423,morning,8,daylight,0,dry,0,0,6,0,0,0,1,0,1,3,slightly_injured
2019,10,Wed,4,52.53356,13.19557,afternoon,12,daylight,0,dry,0,6,7,0,1,1,0,0,0,3,slightly_injured
2019,10,Wed,4,52.58169,13.40616,morning,10,daylight,0,dry,0,5,2,1,0,0,0,0,1,3,slightly_injured
2019,10,Thu,5,52.45704,13.38955,morning,7,daylight,0,dry,1,2,6,0,1,0,0,0,1,3,slightly_injured
2019,10,Wed,4,52.5503,13.35206,morning,10,daylight,0,dry,0,5,2,1,1,0,0,0,0,3,slightly_injured
2019,10,Wed,4,52.50563,13.55256,morning,10,daylight,0,dry,0,5,3,1,0,0,0,0,0,3,slightly_injured
2019,10,Wed,4,52.50785,13.37644,morning,9,daylight,0,dry,0,6,4,0,1,1,0,0,0,3,slightly_injured
2019,10,Wed,4,52.56556,13.40073,morning,8,daylight,0,dry,0,5,3,1,0,0,0,0,1,3,slightly_injured
2019,10,Wed,4,52.4831,13.36786,morning,8,daylight,0,dry,0,5,2,1,0,0,0,0,0,3,slightly_injured
2019,10,Wed,4,52.4996,13.33941,morning,8,daylight,0,dry,0,2,6,0,1,0,0,0,0,3,slightly_injured
2019,10,Wed,4,52.49569,13.43379,afternoon,13,daylight,0,dry,0,1,7,1,1,0,0,0,0,3,slightly_injured
2019,10,Wed,4,52.54565,13.56951,morning,7,daylight,0,dry,0,0,7,0,1,0,0,0,0,3,slightly_injured
2019,10,Wed,4,52.4983,13.40273,morning,7,daylight,0,dry,0,0,6,0,1,0,1,0,0,3,slightly_injured
2019,10,Wed,4,52.53897,13.38617,morning,7,daylight,0,dry,0,5,7,1,1,0,0,0,0,3,slightly_injured
2019,10,Wed,4,52.48558,13.34463,morning,7,daylight,0,dry,0,2,7,0,1,0,0,0,0,3,slightly_injured
2019,10,Wed,4,52.46951,13.55326,morning,7,daylight,0,dry,0,2,6,0,1,0,0,0,0,3,slightly_injured
2019,10,Thu,5,52.55143,13.16436,morning,6,dark,2,dry,1,0,1,0,0,0,1,0,0,3,slightly_injured
2019,10,Wed,4,52.47261,13.45831,afternoon,13,daylight,0,dry,0,0,2,0,1,1,0,0,0,3,slightly_injured
2019,10,Wed,4,52.4861,13.18265,morning,7,dark,2,dry,0,6,4,0,1,1,0,0,0,2,seriously_injured
2019,10,Wed,4,52.59263,13.28144,afternoon,13,daylight,0,dry,0,5,2,1,1,0,0,0,0,3,slightly_injured
2019,10,Wed,4,52.46394,13.44109,afternoon,12,daylight,0,dry,0,5,7,1,1,0,0,0,0,3,slightly_injured
2019,10,Wed,4,52.42232,13.53586,morning,6,dark,2,dry,0,1,5,1,1,0,0,0,0,3,slightly_injured
2019,10,Wed,4,52.57595,13.3205,night,5,dark,2,dry,1,1,5,0,1,0,0,0,1,3,slightly_injured
2019,10,Wed,4,52.4291,13.52846,afternoon,12,daylight,0,dry,0,0,7,0,1,0,1,0,0,3,slightly_injured
2019,10,Wed,4,52.5329,13.47598,afternoon,12,daylight,0,dry,0,5,2,0,1,0,0,0,1,3,slightly_injured
2019,10,Wed,4,52.52241,13.19776,morning,11,daylight,0,dry,0,1,5,1,0,0,0,0,1,3,slightly_injured
2019,10,Wed,4,52.55283,13.35617,morning,11,daylight,0,dry,0,2,6,0,1,0,0,0,0,3,slightly_injured
2019,10,Wed,4,52.44112,13.2002,night,1,dark,2,dry,0,9,1,0,1,0,0,0,0,2,seriously_injured
2019,10,Tue,3,52.51089,13.32335,afternoon,16,daylight,0,dry,0,2,6,1,1,0,0,0,0,3,slightly_injured
2019,10,Thu,5,52.52273,13.38046,morning,8,daylight,0,dry,0,5,2,1,1,0,0,0,0,3,slightly_injured
2019,10,Tue,3,52.54075,13.44042,evening,18,dusk,1,dry,0,6,7,0,1,1,0,0,0,3,slightly_injured
2019,10,Tue,3,52.49573,13.30854,evening,19,dark,2,dry,0,2,6,0,1,0,1,0,0,3,slightly_injured
2019,10,Tue,3,52.52462,13.53858,evening,19,dark,2,dry,0,5,3,0,1,0,0,0,0,3,slightly_injured
2019,10,Tue,3,52.45251,13.44916,evening,19,dark,2,dry,0,5,7,0,1,0,1,0,0,3,slightly_injured
2019,10,Tue,3,52.49836,13.447,evening,19,dark,2,dry,0,1,5,1,0,0,0,0,1,3,slightly_injured
2019,10,Tue,3,52.51467,13.47753,evening,19,dark,2,dry,0,2,6,0,1,0,0,0,0,3,slightly_injured
2019,10,Tue,3,52.54189,13.16609,evening,19,dark,2,dry,0,6,4,0,1,1,0,0,0,2,seriously_injured
2019,10,Tue,3,52.54637,13.50959,evening,22,dark,2,dry,0,5,2,0,1,0,0,0,0,3,slightly_injured
2019,10,Tue,3,52.58041,13.40055,evening,22,dark,2,dry,0,5,2,0,1,0,1,0,0,3,slightly_injured
2019,10,Tue,3,52.51018,13.32467,afternoon,15,daylight,0,dry,0,0,6,1,0,0,0,0,1,3,slightly_injured
2019,10,Tue,3,52.54536,13.37049,afternoon,13,daylight,0,dry,0,2,2,1,1,0,0,0,0,3,slightly_injured
2019,10,Tue,3,52.48444,13.47953,afternoon,12,daylight,0,dry,0,5,3,0,1,0,0,0,0,3,slightly_injured
2019,10,Thu,5,52.54736,13.42413,evening,19,dark,2,dry,0,3,6,0,1,0,1,0,0,3,slightly_injured
2019,10,Tue,3,52.56462,13.32819,afternoon,12,daylight,0,dry,0,6,4,0,0,1,0,0,1,3,slightly_injured
2019,10,Tue,3,52.53654,13.20039,morning,10,daylight,0,dry,0,0,2,0,1,0,0,0,1,3,slightly_injured
2019,10,Tue,3,52.46785,13.48978,morning,10,daylight,0,dry,0,5,2,1,1,0,0,0,0,3,slightly_injured
2019,10,Thu,5,52.55563,13.42708,evening,22,dark,2,dry,0,1,5,0,1,0,0,0,0,3,slightly_injured
2019,10,Tue,3,52.44584,13.31549,morning,9,daylight,0,dry,0,2,6,1,1,0,0,0,0,3,slightly_injured
2019,10,Tue,3,52.41107,13.3825,afternoon,17,daylight,0,dry,0,2,2,0,1,0,1,0,0,3,slightly_injured
2019,10,Tue,3,52.56271,13.41216,afternoon,17,daylight,0,dry,0,6,4,0,1,1,0,0,0,3,slightly_injured
2019,10,Tue,3,52.47998,13.43956,afternoon,17,daylight,0,dry,0,0,7,1,0,0,0,0,0,3,slightly_injured
2019,10,Tue,3,52.47162,13.47872,afternoon,16,daylight,0,dry,0,2,6,0,1,0,0,0,0,3,slightly_injured
2019,10,Tue,3,52.42384,13.38048,morning,8,daylight,0,dry,0,2,6,0,1,0,0,0,1,3,slightly_injured
2019,10,Tue,3,52.43972,13.5351,morning,6,daylight,0,dry,0,5,3,1,1,0,0,0,0,3,slightly_injured
2019,10,Tue,3,52.58809,13.3401,night,1,dark,2,dry,0,9,1,0,1,0,0,0,0,2,seriously_injured
2019,10,Thu,5,52.43451,13.37474,morning,7,daylight,0,dry,1,0,1,1,0,0,0,0,0,3,slightly_injured
2019,10,Tue,3,52.54383,13.24332,morning,7,daylight,0,dry,0,5,3,0,1,0,1,0,0,3,slightly_injured
2019,10,Tue,3,52.6077,13.34383,afternoon,16,daylight,0,dry,0,1,5,0,1,0,1,0,0,3,slightly_injured
2019,10,Tue,3,52.49407,13.29958,afternoon,16,daylight,0,dry,0,2,6,0,1,0,1,0,0,3,slightly_injured
2019,10,Tue,3,52.53679,13.35438,afternoon,15,daylight,0,dry,0,5,2,1,0,0,0,1,0,3,slightly_injured
2019,10,Tue,3,52.48586,13.3766,afternoon,16,daylight,0,dry,0,1,5,1,1,0,0,0,0,3,slightly_injured
2019,10,Tue,3,52.52493,13.34651,morning,7,dusk,1,dry,0,6,2,0,1,1,0,0,0,3,slightly_injured
2019,10,Tue,3,52.52782,13.20973,afternoon,15,daylight,0,dry,0,2,6,0,1,0,0,0,0,3,slightly_injured
2019,10,Tue,3,52.43323,13.353,afternoon,15,daylight,0,dry,0,6,2,0,1,1,0,0,0,3,slightly_injured
2019,10,Tue,3,52.5792,13.30008,morning,7,daylight,0,dry,0,2,6,0,1,0,0,0,0,3,slightly_injured
2019,10,Tue,3,52.45224,13.31932,afternoon,15,daylight,0,dry,0,3,6,1,1,0,0,0,0,3,slightly_injured
2019,10,Tue,3,52.51044,13.29712,afternoon,15,daylight,0,dry,0,6,4,0,0,1,1,0,0,3,slightly_injured
2019,10,Tue,3,52.53811,13.24983,afternoon,15,daylight,0,dry,0,5,2,1,1,0,0,0,0,3,slightly_injured
2019,10,Tue,3,52.42412,13.34797,afternoon,14,daylight,0,dry,0,6,4,0,1,1,0,0,0,3,slightly_injured
2019,10,Tue,3,52.51794,13.4434,morning,6,daylight,0,dry,0,5,3,0,1,0,1,0,0,3,slightly_injured
2019,10,Tue,3,52.41909,13.47935,morning,7,dark,2,dry,1,0,3,1,1,0,0,0,0,3,slightly_injured
2019,10,Mon,2,52.50689,13.35862,afternoon,17,dusk,1,dry,0,5,3,1,1,0,0,0,0,3,slightly_injured
2019,10,Mon,2,52.5284,13.20865,afternoon,17,daylight,0,dry,0,2,6,0,1,0,0,0,0,3,slightly_injured
2019,10,Mon,2,52.54223,13.38289,afternoon,15,daylight,0,dry,0,6,2,0,1,1,0,0,0,3,slightly_injured
2019,10,Mon,2,52.57441,13.38068,afternoon,16,daylight,0,dry,0,2,2,0,1,0,0,0,1,3,slightly_injured
2019,10,Mon,2,52.41039,13.49858,afternoon,16,daylight,0,dry,0,5,3,1,0,0,0,0,1,3,slightly_injured
2019,10,Mon,2,52.59535,13.44655,afternoon,16,daylight,0,dry,0,5,3,0,1,0,0,0,0,3,slightly_injured
2019,10,Mon,2,52.51541,13.30108,afternoon,15,daylight,0,dry,0,5,3,1,1,0,0,0,0,3,slightly_injured
2019,10,Mon,2,52.40089,13.50065,afternoon,15,daylight,0,dry,0,5,2,1,1,0,0,0,0,3,slightly_injured
2019,10,Mon,2,52.54673,13.40266,afternoon,13,daylight,0,dry,0,6,7,0,0,1,0,0,1,3,slightly_injured
2019,10,Mon,2,52.42949,13.2241,evening,19,daylight,0,dry,0,5,2,0,1,0,0,0,0,2,seriously_injured
2019,10,Mon,2,52.53816,13.4093,afternoon,15,daylight,0,dry,0,1,5,1,0,0,0,0,1,3,slightly_injured
2019,10,Mon,2,52.50962,13.47646,afternoon,14,daylight,0,dry,0,5,3,1,0,0,0,0,1,2,seriously_injured
2019,10,Mon,2,52.5477,13.20136,afternoon,14,daylight,0,dry,0,5,3,1,1,0,0,0,0,2,seriously_injured
2019,10,Mon,2,52.49936,13.33583,afternoon,14,daylight,0,dry,0,2,6,0,1,0,0,0,0,3,slightly_injured
2019,10,Thu,5,52.48397,13.39439,morning,8,daylight,0,dry,0,6,4,0,0,1,1,0,0,2,seriously_injured
2019,10,Mon,2,52.51976,13.16419,afternoon,14,daylight,0,dry,0,2,6,0,1,0,0,0,0,2,seriously_injured
2019,10,Mon,2,52.43625,13.24925,afternoon,14,daylight,0,dry,0,5,3,1,0,0,0,0,1,3,slightly_injured
2019,10,Mon,2,52.50881,13.50629,afternoon,13,daylight,0,dry,0,5,3,1,1,0,0,0,0,3,slightly_injured
2019,10,Mon,2,52.51391,13.43969,evening,19,dark,2,dry,0,5,2,1,0,0,0,0,1,3,slightly_injured
2019,10,Mon,2,52.45129,13.34804,evening,19,dark,2,dry,0,0,2,0,1,0,1,0,0,3,slightly_injured
2019,10,Mon,2,52.48439,13.44795,evening,19,dark,2,dry,0,1,5,1,1,0,0,0,0,3,slightly_injured
2019,10,Mon,2,52.51198,13.40879,evening,19,dark,2,dry,0,5,2,1,1,0,0,0,0,3,slightly_injured
2019,10,Mon,2,52.44884,13.48548,evening,19,dark,2,dry,0,4,6,0,1,0,0,0,0,3,slightly_injured
2019,10,Thu,5,52.55776,13.3666,morning,8,daylight,0,dry,1,1,7,0,1,0,0,0,0,3,slightly_injured
2019,10,Mon,2,52.50073,13.42549,evening,19,dark,2,dry,0,1,5,1,1,0,0,0,0,3,slightly_injured
2019,10,Mon,2,52.52491,13.3932,evening,18,dusk,1,dry,1,0,1,1,0,0,0,0,0,3,slightly_injured
2019,10,Thu,5,52.51222,13.39165,morning,8,daylight,0,dry,0,5,3,0,1,0,0,0,0,3,slightly_injured
2019,10,Mon,2,52.5085,13.41319,night,1,dark,2,dry,0,0,1,1,0,0,0,0,0,3,slightly_injured
2019,10,Thu,5,52.42369,13.30079,evening,19,dark,2,dry,0,0,3,0,1,0,1,0,0,2,seriously_injured
2019,10,Mon,2,52.54255,13.23234,morning,11,daylight,0,dry,0,2,6,0,1,0,0,1,0,3,slightly_injured
2019,10,Mon,2,52.59054,13.44443,afternoon,12,daylight,0,dry,0,2,6,0,1,0,0,0,0,3,slightly_injured
2019,10,Mon,2,52.47349,13.32186,afternoon,12,daylight,0,dry,0,5,3,0,1,0,0,0,0,3,slightly_injured
2019,10,Mon,2,52.53641,13.49423,morning,10,daylight,0,dry,0,1,7,0,1,0,0,0,0,3,slightly_injured
2019,10,Mon,2,52.54991,13.44624,morning,9,daylight,0,dry,0,5,3,0,1,0,1,0,0,3,slightly_injured
2019,10,Mon,2,52.48913,13.33103,morning,8,daylight,0,dry,0,2,6,0,1,0,0,0,0,3,slightly_injured
2019,10,Mon,2,52.45239,13.59319,morning,8,daylight,0,dry,0,0,2,1,1,0,0,0,0,3,slightly_injured
2019,10,Mon,2,52.51377,13.42436,morning,8,daylight,0,dry,0,0,6,1,1,0,0,0,0,3,slightly_injured
2019,10,Thu,5,52.51257,13.47621,morning,6,dark,2,dry,1,5,3,1,1,0,0,0,0,3,slightly_injured
2019,10,Mon,2,52.53184,13.37788,morning,8,daylight,0,dry,0,5,3,1,1,0,0,0,0,3,slightly_injured
2019,10,Mon,2,52.53611,13.60215,morning,8,daylight,0,dry,0,5,3,1,1,0,0,0,0,3,slightly_injured
2019,10,Mon,2,52.61802,13.24132,morning,7,dusk,1,dry,1,4,6,1,0,0,0,0,0,3,slightly_injured
2019,10,Mon,2,52.51533,13.471,morning,7,daylight,0,dry,1,0,1,0,1,0,1,0,0,3,slightly_injured
2019,10,Thu,5,52.52668,13.27759,morning,7,daylight,0,dry,1,0,6,0,0,0,1,0,0,3,slightly_injured
2019,10,Mon,2,52.41937,13.26478,morning,7,dusk,1,dry,1,0,2,1,1,0,0,0,0,3,slightly_injured
2019,10,Mon,2,52.42918,13.55068,morning,6,dark,2,dry,0,5,2,0,1,0,0,0,0,3,slightly_injured
2019,10,Sun,1,52.41762,13.44491,afternoon,15,daylight,0,dry,0,2,6,0,1,0,0,0,0,2,seriously_injured
2019,10,Sun,1,52.46516,13.27746,morning,10,daylight,0,dry,0,1,1,0,1,0,0,0,0,2,seriously_injured
2019,10,Sun,1,52.55865,13.33754,evening,21,dark,2,dry,0,5,2,0,1,0,0,0,0,3,slightly_injured
2019,10,Sun,1,52.56406,13.37048,evening,19,dark,2,dry,0,5,2,1,1,0,0,0,0,2,seriously_injured
2019,10,Sun,1,52.53243,13.14159,afternoon,17,dusk,1,dry,0,5,2,0,1,0,0,0,0,3,slightly_injured
2019,10,Sun,1,52.56552,13.33617,afternoon,16,daylight,0,dry,0,2,6,0,1,0,0,0,0,3,slightly_injured
2019,10,Sun,1,52.42947,13.51318,night,3,dark,2,dry,0,8,1,0,1,0,0,0,0,2,seriously_injured
2019,10,Sun,1,52.46426,13.44728,morning,9,daylight,0,dry,0,1,5,0,1,0,0,0,1,3,slightly_injured
2019,10,Sun,1,52.49709,13.29102,afternoon,12,daylight,0,dry,0,2,6,0,1,0,0,0,0,3,slightly_injured
2019,10,Sun,1,52.52315,13.43192,afternoon,15,daylight,0,dry,0,6,4,0,1,1,0,0,0,3,slightly_injured
2019,10,Sat,7,52.49123,13.37677,morning,11,daylight,0,dry,0,0,7,1,1,0,0,0,0,3,slightly_injured
2019,10,Sat,7,52.40937,13.37037,afternoon,12,daylight,0,dry,0,0,6,0,1,0,0,0,0,3,slightly_injured
2019,10,Sat,7,52.49421,13.45472,evening,19,dark,2,dry,0,5,2,0,1,0,1,0,0,2,seriously_injured
2019,10,Sat,7,52.53796,13.21621,evening,18,daylight,0,dry,0,2,7,0,1,0,1,0,1,2,seriously_injured
2019,10,Sat,7,52.51734,13.4103,evening,22,dark,2,dry,0,0,1,0,0,0,0,0,1,3,slightly_injured
2019,10,Sat,7,52.47033,13.46472,evening,19,dark,2,dry,0,5,3,0,1,0,0,0,0,3,slightly_injured
2019,10,Sat,7,52.41097,13.314,afternoon,17,dusk,1,dry,0,5,3,0,1,0,0,0,1,3,slightly_injured
2019,10,Sat,7,52.46381,13.43992,afternoon,17,dusk,1,dry,1,6,4,0,1,1,0,0,0,2,seriously_injured
2019,10,Sat,7,52.4517,13.32066,afternoon,16,daylight,0,dry,0,2,2,0,1,0,0,0,0,3,slightly_injured
2019,10,Sat,7,52.52448,13.33391,afternoon,16,daylight,0,dry,0,3,6,0,1,0,1,0,0,3,slightly_injured
2019,10,Sat,7,52.53661,13.27184,afternoon,15,daylight,0,dry,0,5,2,0,1,0,0,0,0,3,slightly_injured
2019,10,Sat,7,52.49916,13.41932,afternoon,15,daylight,0,dry,0,5,3,1,1,0,0,0,0,3,slightly_injured
2019,10,Sat,7,52.49724,13.34256,afternoon,16,daylight,0,dry,1,0,1,0,0,0,0,0,1,2,seriously_injured
2019,10,Thu,5,52.50043,13.33082,morning,8,daylight,0,dry,0,5,2,0,1,0,0,0,0,3,slightly_injured
2019,10,Sat,7,52.56472,13.21472,afternoon,14,daylight,0,dry,0,6,4,0,1,1,0,0,0,3,slightly_injured
2019,10,Thu,5,52.56121,13.49905,evening,19,dark,2,dry,0,6,4,0,0,1,0,0,1,3,slightly_injured
2019,10,Sat,7,52.52348,13.38986,afternoon,14,daylight,0,dry,0,1,5,1,1,0,0,0,0,3,slightly_injured
2019,10,Sat,7,52.46633,13.43673,afternoon,13,daylight,0,dry,1,6,4,1,0,1,0,0,0,3,slightly_injured
2019,10,Sat,7,52.57646,13.50982,morning,11,daylight,0,dry,0,6,7,0,0,1,0,0,1,3,slightly_injured
2019,10,Sat,7,52.49964,13.43416,night,2,dark,2,dry,1,1,5,1,1,0,0,0,1,3,slightly_injured
2019,10,Fri,6,52.50099,13.34617,evening,18,dark,2,dry,1,5,2,1,0,0,1,0,0,3,slightly_injured
2019,10,Fri,6,52.49275,13.37048,night,3,dark,2,dry,1,0,1,1,0,0,0,0,0,2,seriously_injured
2019,10,Fri,6,52.48171,13.44424,night,3,dark,2,dry,0,5,2,1,0,0,0,0,1,3,slightly_injured
2019,10,Fri,6,52.50086,13.34686,morning,11,daylight,0,dry,0,5,2,1,1,0,0,0,0,3,slightly_injured
2019,10,Fri,6,52.49363,13.35662,morning,11,daylight,0,dry,0,1,7,0,1,0,1,0,0,3,slightly_injured
2019,10,Thu,5,52.5944,13.43718,morning,8,daylight,0,dry,1,5,3,1,0,0,0,0,1,3,slightly_injured
2019,10,Fri,6,52.49901,13.30218,morning,11,daylight,0,dry,0,6,7,0,1,1,0,0,0,3,slightly_injured
2019,10,Thu,5,52.51154,13.29303,evening,19,dark,2,dry,0,1,5,1,1,0,0,0,0,3,slightly_injured
2019,10,Fri,6,52.55697,13.52823,morning,11,daylight,0,dry,0,5,3,0,1,0,0,0,1,3,slightly_injured
2019,10,Fri,6,52.48782,13.37426,afternoon,12,daylight,0,dry,0,5,3,1,0,0,0,0,0,3,slightly_injured
2019,10,Fri,6,52.52384,13.43963,afternoon,12,daylight,0,dry,0,5,2,0,0,0,0,1,1,3,slightly_injured
2019,10,Fri,6,52.44296,13.43419,afternoon,12,daylight,0,dry,0,5,2,0,0,0,0,1,1,3,slightly_injured
2019,10,Fri,6,52.56206,13.52456,morning,10,daylight,0,dry,1,0,4,0,0,1,0,0,1,3,slightly_injured
2019,10,Fri,6,52.50355,13.27895,morning,10,daylight,0,dry,0,3,2,0,1,0,0,1,0,3,slightly_injured
2019,10,Fri,6,52.52338,13.37056,morning,10,daylight,0,dry,1,2,6,1,1,0,0,0,0,3,slightly_injured
2019,10,Fri,6,52.49497,13.32931,morning,9,daylight,0,dry,1,0,1,0,0,0,1,0,0,3,slightly_injured
2019,10,Fri,6,52.54018,13.37985,morning,9,daylight,0,dry,1,5,3,1,1,0,0,0,0,2,seriously_injured
2019,10,Thu,5,52.50321,13.38775,night,5,dusk,1,dry,0,9,1,0,1,0,0,0,0,3,slightly_injured
2019,10,Fri,6,52.51683,13.4275,morning,8,daylight,0,dry,0,1,5,1,1,0,0,0,0,3,slightly_injured
2019,10,Thu,5,52.53276,13.14979,morning,7,daylight,0,dry,0,2,6,0,1,0,0,0,1,3,slightly_injured
2019,10,Fri,6,52.46343,13.40314,morning,8,daylight,0,dry,1,5,2,0,1,0,0,1,0,3,slightly_injured
2019,10,Fri,6,52.47871,13.328,morning,8,daylight,0,dry,1,2,7,0,0,0,1,1,0,3,slightly_injured
2019,10,Thu,5,52.521,13.48592,morning,7,daylight,0,dry,1,2,7,0,1,0,0,1,0,3,slightly_injured
2019,10,Fri,6,52.50426,13.31725,morning,7,daylight,0,dry,1,5,3,1,1,0,0,0,0,3,slightly_injured
2019,10,Fri,6,52.53616,13.47329,morning,6,dusk,1,dry,1,5,3,0,1,0,0,0,1,3,slightly_injured
2019,10,Fri,6,52.54127,13.33786,morning,6,dark,2,dry,1,2,7,0,1,0,0,0,0,3,slightly_injured
2019,10,Thu,5,52.50568,13.50936,morning,11,daylight,0,dry,1,5,3,0,1,0,0,0,0,3,slightly_injured
2019,10,Fri,6,52.59617,13.34639,night,0,dark,2,dry,1,6,4,0,1,1,0,0,0,2,seriously_injured
2019,10,Fri,6,52.51983,13.41631,evening,19,dark,2,dry,1,6,4,1,0,1,0,0,0,3,slightly_injured
2019,10,Fri,6,52.56648,13.41364,evening,19,dark,2,dry,1,5,3,1,1,0,0,0,0,3,slightly_injured
2019,10,Fri,6,52.44991,13.25107,evening,19,dark,2,dry,1,5,3,0,1,0,0,0,0,3,slightly_injured
2019,10,Fri,6,52.54138,13.45552,afternoon,17,dusk,1,dry,0,5,3,1,1,0,0,0,0,3,slightly_injured
2019,10,Fri,6,52.52511,13.4997,afternoon,17,daylight,0,dry,0,6,4,0,1,1,0,0,0,3,slightly_injured
2019,10,Fri,6,52.51816,13.42785,evening,22,dark,2,dry,1,5,2,1,1,0,0,0,0,3,slightly_injured
2019,10,Thu,5,52.52184,13.18877,night,2,dark,2,dry,1,6,4,0,0,1,0,0,1,2,seriously_injured
2019,10,Fri,6,52.48668,13.42318,evening,21,dark,2,dry,1,0,2,0,1,0,1,0,0,3,slightly_injured
2019,10,Fri,6,52.54993,13.38733,afternoon,16,daylight,0,dry,0,6,4,0,1,1,0,0,0,2,seriously_injured
2019,10,Thu,5,52.485,13.38649,afternoon,13,daylight,0,dry,0,2,6,0,1,0,1,0,0,3,slightly_injured
2019,10,Fri,6,52.43511,13.34611,afternoon,16,daylight,0,dry,1,0,7,0,0,0,1,0,1,3,slightly_injured
2019,10,Fri,6,52.53975,13.41095,afternoon,16,daylight,0,dry,0,5,2,1,1,0,1,0,0,3,slightly_injured