ujahr,umonat,weekday,uwochentag,long,lat,time_of_day,ustunde,light_condition,ulichtverh,street_condition,ustrzustand,uart,utyp1,ist_rad,ist_pkw,ist_fuss,ist_krad,ist_gkfz,ist_sonstige,ukategorie,accident_outcome
2019,10,Fri,6,52.50281,13.44665,evening,20,dark,2,dry,1,5,2,1,1,0,0,0,0,3,slightly_injured
2019,10,Thu,5,52.62367,13.23205,morning,11,daylight,0,dry,1,5,7,1,1,0,0,0,0,3,slightly_injured
2019,10,Fri,6,52.55676,13.38497,afternoon,15,daylight,0,dry,0,2,6,0,1,0,0,0,0,3,slightly_injured
2019,10,Fri,6,52.48762,13.56031,afternoon,14,daylight,0,dry,0,5,3,0,1,0,1,0,0,3,slightly_injured
2019,10,Fri,6,52.45712,13.32082,evening,20,dark,2,dry,1,2,6,0,1,0,0,0,0,3,slightly_injured
2019,10,Thu,5,52.51073,13.3762,morning,10,daylight,0,dry,0,1,5,1,1,0,0,0,1,3,slightly_injured
2019,10,Fri,6,52.46,13.58071,evening,20,dark,2,dry,1,0,1,1,0,0,0,0,0,3,slightly_injured
2019,10,Fri,6,52.50832,13.46281,evening,19,dark,2,dry,1,0,1,0,0,0,1,0,1,2,seriously_injured
2019,10,Fri,6,52.49557,13.5232,afternoon,14,daylight,0,dry,0,6,2,0,1,1,0,0,0,3,slightly_injured
2019,10,Thu,5,52.45452,13.31911,evening,18,dusk,1,dry,1,5,3,0,1,0,0,0,0,3,slightly_injured
2019,10,Fri,6,52.43773,13.3448,afternoon,14,daylight,0,dry,0,5,3,1,1,0,0,0,0,3,slightly_injured
2019,10,Fri,6,52.54098,13.61664,afternoon,14,daylight,0,dry,0,5,3,1,1,0,0,0,0,3,slightly_injured
2019,10,Wed,4,52.44184,13.29793,morning,9,daylight,0,dry,1,6,4,0,0,1,0,1,0,1,killed
2019,10,Fri,6,52.42649,13.46617,evening,19,dark,2,dry,1,2,3,1,1,0,0,0,0,3,slightly_injured
2019,10,Wed,4,52.42779,13.57278,afternoon,15,daylight,0,dry,1,5,3,0,1,0,0,0,0,3,slightly_injured
2019,10,Wed,4,52.62491,13.32372,morning,6,dusk,1,dry,1,3,6,1,1,0,0,0,0,3,slightly_injured
2019,10,Fri,6,52.54756,13.43883,morning,9,daylight,0,dry,0,2,6,0,1,0,0,0,0,3,slightly_injured
2019,10,Thu,5,52.42303,13.32914,evening,18,daylight,0,dry,0,5,3,0,1,0,0,0,1,3,slightly_injured
2019,10,Thu,5,52.50643,13.41292,afternoon,13,daylight,0,dry,0,1,5,1,1,0,0,0,0,3,slightly_injured
2019,10,Wed,4,52.53724,13.36035,afternoon,17,daylight,0,dry,0,5,2,1,1,0,0,0,0,3,slightly_injured
2019,10,Thu,5,52.5244,13.44932,morning,9,daylight,0,dry,0,5,2,1,0,0,0,1,0,3,slightly_injured
2019,10,Wed,4,52.57292,13.31871,afternoon,16,daylight,0,dry,1,5,3,0,1,0,0,0,0,3,slightly_injured
2019,10,Thu,5,52.47405,13.44324,morning,6,dusk,1,dry,1,8,1,0,1,0,0,0,0,2,seriously_injured
2019,10,Thu,5,52.55602,13.56752,night,1,dark,2,dry,1,5,2,1,0,0,0,0,1,2,seriously_injured
2019,10,Thu,5,52.51122,13.38985,evening,22,dark,2,dry,0,5,2,0,1,0,0,0,1,3,slightly_injured
2019,10,Wed,4,52.51783,13.26125,afternoon,16,daylight,0,dry,1,5,3,0,1,0,0,0,0,3,slightly_injured
2019,10,Thu,5,52.53101,13.51899,evening,21,dark,2,dry,0,6,4,0,1,1,0,0,0,2,seriously_injured
2019,10,Thu,5,52.51945,13.4167,evening,20,dark,2,dry,0,0,2,1,1,0,0,0,0,3,slightly_injured
2019,10,Thu,5,52.49575,13.32397,evening,20,dark,2,dry,0,1,5,1,1,0,0,0,0,3,slightly_injured
2019,10,Thu,5,52.48934,13.31037,evening,19,dark,2,dry,0,5,2,1,1,0,0,0,0,3,slightly_injured
2019,10,Thu,5,52.51005,13.32972,afternoon,15,daylight,0,dry,0,2,6,0,1,0,1,0,0,3,slightly_injured
2019,10,Thu,5,52.50102,13.46112,afternoon,14,daylight,0,dry,0,3,6,0,1,0,1,0,0,3,slightly_injured
2019,10,Thu,5,52.50056,13.33092,afternoon,12,daylight,0,dry,0,5,7,1,1,0,0,0,0,3,slightly_injured
2019,10,Thu,5,52.47878,13.43596,afternoon,14,daylight,0,dry,0,6,7,0,1,1,0,0,0,3,slightly_injured
2019,10,Thu,5,52.48993,13.52782,morning,7,daylight,0,dry,1,5,3,1,0,0,0,0,0,3,slightly_injured
2019,10,Thu,5,52.50521,13.3516,evening,18,dark,2,dry,0,6,4,0,1,1,0,0,0,3,slightly_injured
2019,10,Thu,5,52.53396,13.19354,morning,7,daylight,0,dry,0,3,5,0,1,0,0,1,0,3,slightly_injured
2019,10,Thu,5,52.49426,13.36097,evening,18,dark,2,dry,0,5,2,1,1,0,0,0,0,2,seriously_injured
2019,10,Thu,5,52.48654,13.32534,afternoon,17,daylight,0,dry,0,5,2,1,1,0,0,0,0,3,slightly_injured
2019,10,Thu,5,52.49615,13.39576,evening,21,dark,2,dry,1,3,6,1,1,0,0,0,0,2,seriously_injured
2019,10,Thu,5,52.50672,13.42,afternoon,14,daylight,0,dry,0,6,4,0,1,1,0,0,0,2,seriously_injured
2019,10,Thu,5,52.51138,13.4223,afternoon,17,daylight,0,dry,0,5,2,1,1,0,0,0,0,3,slightly_injured
2019,10,Thu,5,52.41215,13.36285,afternoon,13,daylight,0,dry,0,0,4,0,0,1,0,0,1,3,slightly_injured
2019,10,Thu,5,52.51455,13.47793,afternoon,16,daylight,0,dry,0,5,7,0,1,0,0,0,1,2,seriously_injured
2019,10,Thu,5,52.45353,13.27218,afternoon,16,daylight,0,dry,0,5,2,0,1,0,0,0,0,3,slightly_injured
2019,10,Thu,5,52.51294,13.33032,afternoon,15,daylight,0,dry,0,5,3,1,1,0,0,0,0,2,seriously_injured
2019,10,Wed,4,52.50506,13.4727,afternoon,16,dusk,1,dry,1,4,5,0,1,0,0,1,0,3,slightly_injured
2019,10,Thu,5,52.40232,13.52267,afternoon,15,daylight,0,dry,0,6,4,1,0,1,0,0,0,2,seriously_injured
2019,10,Thu,5,52.60745,13.479,afternoon,13,daylight,0,dry,0,5,3,1,1,0,0,0,0,3,slightly_injured
2019,10,Thu,5,52.48262,13.47047,afternoon,15,daylight,0,dry,0,6,7,0,1,1,0,0,0,2,seriously_injured
2019,10,Thu,5,52.50658,13.31589,afternoon,15,daylight,0,dry,0,3,6,1,1,0,0,0,0,2,seriously_injured
2019,10,Thu,5,52.53912,13.5367,morning,10,daylight,0,dry,0,3,6,0,1,0,0,1,0,3,slightly_injured
2019,10,Wed,4,52.47952,13.28535,afternoon,16,daylight,0,dry,1,5,2,1,1,0,0,0,0,3,slightly_injured
2019,10,Thu,5,52.47628,13.48689,morning,6,dark,2,dry,1,5,7,0,1,0,0,0,0,3,slightly_injured
2019,10,Mon,2,52.50937,13.3255,morning,8,daylight,0,dry,0,6,4,0,1,1,0,0,0,3,slightly_injured
2019,10,Thu,5,52.55788,13.35044,evening,23,dark,2,dry,0,1,5,0,1,0,0,1,0,3,slightly_injured
2019,11,Sat,7,52.5641,13.33342,afternoon,15,daylight,0,dry,1,5,7,0,1,0,0,0,0,3,slightly_injured
2019,10,Sat,7,52.58903,13.32525,evening,21,dark,2,dry,0,4,6,0,1,0,0,0,0,2,seriously_injured
2019,10,Tue,3,52.49352,13.3836,night,0,dark,2,dry,1,0,3,1,0,0,1,0,0,3,slightly_injured
2019,11,Fri,6,52.54796,13.4494,morning,10,daylight,0,dry,0,5,7,1,1,0,0,0,0,3,slightly_injured
2019,10,Fri,6,52.48499,13.38366,afternoon,14,daylight,0,dry,0,1,5,0,1,0,1,0,0,3,slightly_injured
2019,10,Mon,2,52.60275,13.33563,afternoon,17,dark,2,dry,1,6,2,0,1,1,0,0,0,2,seriously_injured
2019,10,Thu,5,52.51574,13.35211,afternoon,12,daylight,0,dry,0,3,6,0,1,0,1,0,0,3,slightly_injured
2019,10,Sun,1,52.49997,13.40794,night,1,dark,2,dry,0,5,3,0,1,0,0,0,0,2,seriously_injured
2019,10,Wed,4,52.49514,13.33433,afternoon,16,daylight,0,dry,1,1,1,1,1,0,0,0,0,3,slightly_injured
2019,11,Fri,6,52.60771,13.43356,evening,18,dark,2,dry,0,5,2,1,1,0,0,0,0,3,slightly_injured
2019,10,Sat,7,52.5297,13.4376,night,0,dark,2,dry,0,0,1,0,0,0,0,0,1,2,seriously_injured
2019,10,Tue,3,52.43972,13.40198,morning,10,daylight,0,dry,0,2,6,0,1,0,0,0,0,3,slightly_injured
2019,11,Fri,6,52.44644,13.25839,afternoon,16,dusk,1,dry,1,0,6,0,0,0,0,0,1,3,slightly_injured
2019,10,Fri,6,52.50106,13.31542,evening,19,dark,2,dry,0,5,7,0,1,0,0,0,0,3,slightly_injured
2019,10,Tue,3,52.5154,13.30088,morning,11,daylight,0,dry,0,5,2,0,1,0,1,0,0,3,slightly_injured
2019,11,Fri,6,52.52376,13.2026,morning,9,daylight,0,dry,0,2,6,0,1,0,1,0,0,3,slightly_injured
2019,10,Fri,6,52.50598,13.32073,evening,23,dark,2,dry,0,1,5,1,1,0,0,0,1,3,slightly_injured
2019,10,Mon,2,52.51299,13.31488,afternoon,16,dusk,1,dry,1,2,6,0,1,0,0,0,0,3,slightly_injured
2019,10,Thu,5,52.51833,13.28028,morning,10,daylight,0,dry,0,5,2,0,1,0,0,0,0,3,slightly_injured
2019,10,Sun,1,52.56633,13.33977,evening,18,dark,2,dry,0,1,5,0,1,0,0,0,0,3,slightly_injured
2019,10,Wed,4,52.5139,13.26845,afternoon,13,daylight,0,dry,0,5,3,0,1,0,1,0,0,3,slightly_injured
2019,11,Fri,6,52.52725,13.33064,evening,20,dark,2,dry,1,6,4,0,1,1,0,0,0,2,seriously_injured
2019,10,Sat,7,52.49942,13.39525,afternoon,13,daylight,0,dry,0,1,5,1,1,0,0,0,0,2,seriously_injured
2019,10,Tue,3,52.49175,13.37709,morning,7,dusk,1,dry,1,0,7,0,0,0,1,0,0,3,slightly_injured
2019,10,Fri,6,52.46554,13.44734,morning,10,daylight,0,dry,0,2,6,0,1,0,0,1,0,3,slightly_injured
2019,10,Thu,5,52.4955,13.57689,evening,18,dark,2,dry,1,5,3,1,0,0,0,0,1,3,slightly_injured
2019,10,Fri,6,52.55803,13.36523,afternoon,12,daylight,0,dry,0,0,2,1,1,0,0,0,0,3,slightly_injured
2019,10,Mon,2,52.49946,13.26572,morning,7,daylight,0,dry,0,2,6,1,1,0,0,0,0,3,slightly_injured
2019,10,Thu,5,52.5263,13.5402,evening,18,dark,2,dry,0,6,4,0,1,1,0,0,0,3,slightly_injured
2019,11,Sat,7,52.40299,13.50636,evening,21,dark,2,dry,1,6,2,0,1,1,0,0,0,3,slightly_injured
2019,10,Sat,7,52.52841,13.3941,afternoon,16,daylight,0,dry,0,6,4,1,0,1,0,0,0,3,slightly_injured
2019,10,Mon,2,52.54639,13.34386,evening,18,dark,2,dry,1,0,1,0,0,0,1,0,0,2,seriously_injured
2019,10,Thu,5,52.48795,13.42482,evening,19,dark,2,dry,0,6,4,0,1,1,0,0,0,3,slightly_injured
2019,11,Sat,7,52.53414,13.49798,morning,8,daylight,0,dry,1,3,6,0,0,0,1,0,1,2,seriously_injured
2019,10,Sat,7,52.64121,13.51403,afternoon,17,dark,2,dry,0,2,4,0,1,1,0,0,0,3,slightly_injured
2019,10,Wed,4,52.55977,13.3699,morning,10,daylight,0,dry,0,2,2,0,1,0,0,0,0,3,slightly_injured
2019,10,Wed,4,52.59357,13.32129,morning,8,daylight,0,dry,0,5,2,0,1,0,0,0,0,2,seriously_injured
2019,11,Fri,6,52.51076,13.37668,afternoon,17,dark,2,dry,1,5,3,1,1,0,0,0,0,2,seriously_injured
2019,10,Fri,6,52.50678,13.39158,evening,18,dark,2,dry,0,1,5,1,1,0,0,0,0,3,slightly_injured
2019,10,Tue,3,52.45747,13.57836,morning,11,daylight,0,dry,0,6,4,0,0,1,0,1,0,2,seriously_injured
2019,10,Thu,5,52.54694,13.36016,afternoon,15,daylight,0,dry,0,6,7,0,1,1,0,0,0,3,slightly_injured
2019,10,Fri,6,52.59059,13.40089,afternoon,12,daylight,0,dry,0,2,6,0,1,0,0,0,0,3,slightly_injured
2019,10,Mon,2,52.50582,13.51605,morning,8,daylight,0,dry,0,6,4,0,1,1,0,0,0,3,slightly_injured
2019,10,Thu,5,52.47852,13.43391,morning,10,daylight,0,dry,0,5,5,0,1,0,1,0,0,2,seriously_injured
2019,11,Sat,7,52.61854,13.39018,afternoon,16,dark,2,dry,1,5,3,0,1,0,0,0,1,2,seriously_injured
2019,10,Sat,7,52.45581,13.55684,afternoon,15,daylight,0,dry,0,0,6,0,0,0,1,0,1,3,slightly_injured
2019,10,Tue,3,52.46573,13.38852,afternoon,16,dark,2,dry,0,3,6,0,1,0,1,0,0,3,slightly_injured
2019,11,Fri,6,52.51029,13.38991,afternoon,12,daylight,0,dry,0,2,2,0,1,0,0,0,0,3,slightly_injured
2019,10,Fri,6,52.501,13.38667,afternoon,15,daylight,0,dry,0,5,2,0,1,0,1,0,0,2,seriously_injured
2019,10,Mon,2,52.49041,13.39948,evening,18,dark,2,dry,1,2,6,0,1,0,0,0,0,3,slightly_injured
2019,10,Wed,4,52.49363,13.28276,morning,7,daylight,0,dry,0,1,6,0,1,0,0,0,1,3,slightly_injured
2019,10,Tue,3,52.46325,13.51043,evening,19,dark,2,dry,0,5,3,1,1,0,0,0,0,3,slightly_injured
2019,11,Fri,6,52.50603,13.40147,afternoon,14,daylight,0,dry,0,5,3,1,1,0,0,0,0,3,slightly_injured
2019,10,Fri,6,52.47043,13.46452,afternoon,16,daylight,0,dry,0,5,2,1,1,0,0,0,0,3,slightly_injured
2019,10,Mon,2,52.42897,13.3298,afternoon,13,daylight,0,dry,1,0,2,1,1,0,0,0,0,3,slightly_injured
2019,10,Thu,5,52.48112,13.43693,afternoon,13,daylight,0,dry,0,1,5,1,1,0,0,0,1,3,slightly_injured
2019,10,Fri,6,52.52585,13.36781,afternoon,12,daylight,0,dry,0,2,2,0,1,0,0,0,0,3,slightly_injured
2019,10,Mon,2,52.47376,13.25554,evening,20,dark,2,dry,1,0,7,0,1,0,0,0,0,1,killed
2019,10,Thu,5,52.4697,13.44092,afternoon,14,daylight,0,dry,0,6,7,0,0,1,0,1,0,1,killed
2019,11,Sat,7,52.52008,13.19781,afternoon,14,daylight,0,dry,1,1,5,0,1,0,0,0,0,3,slightly_injured
2019,10,Sat,7,52.55179,13.38834,evening,21,dark,2,dry,0,1,5,0,1,0,0,0,1,3,slightly_injured
2019,10,Tue,3,52.48951,13.40586,afternoon,12,daylight,0,dry,0,5,2,1,1,0,0,0,0,3,slightly_injured
2019,11,Fri,6,52.49693,13.50693,morning,10,daylight,0,dry,0,6,2,0,1,1,0,0,0,3,slightly_injured
2019,10,Fri,6,52.50605,13.43129,afternoon,14,daylight,0,dry,0,1,5,0,1,0,0,0,0,3,slightly_injured
2019,10,Mon,2,52.47648,13.45906,afternoon,17,dark,2,dry,1,2,6,0,1,0,0,0,0,3,slightly_injured
2019,10,Thu,5,52.57592,13.36024,morning,7,daylight,0,dry,0,2,6,0,1,0,0,0,0,3,slightly_injured
2019,10,Sun,1,52.49896,13.44594,night,4,dark,2,dry,0,1,5,0,1,0,0,0,0,3,slightly_injured
2019,10,Wed,4,52.51716,13.38881,afternoon,14,daylight,0,dry,0,3,6,0,1,0,0,0,0,3,slightly_injured
2019,10,Thu,5,52.49566,13.38423,afternoon,12,daylight,0,dry,0,0,5,1,1,0,0,0,0,3,slightly_injured
2019,10,Fri,6,52.5116,13.40752,morning,11,daylight,0,dry,0,0,5,1,1,0,0,0,0,3,slightly_injured
2019,10,Sun,1,52.44747,13.50084,afternoon,13,daylight,0,dry,0,5,3,1,1,0,0,0,0,3,slightly_injured
2019,10,Wed,4,52.50963,13.35114,afternoon,17,dark,2,dry,0,5,2,1,1,0,0,0,0,3,slightly_injured
2019,11,Fri,6,52.49539,13.33038,evening,19,dark,2,dry,1,5,2,1,1,0,0,0,0,3,slightly_injured
2019,10,Sat,7,52.48784,13.32262,evening,19,dark,2,dry,0,6,4,0,0,1,0,0,1,3,slightly_injured
2019,10,Tue,3,52.53439,13.18988,morning,10,daylight,0,dry,0,5,3,0,1,0,1,0,0,3,slightly_injured
2019,11,Fri,6,52.56209,13.35386,morning,8,daylight,0,dry,0,0,6,0,1,0,0,0,1,3,slightly_injured
2019,10,Fri,6,52.53915,13.45257,afternoon,13,daylight,0,dry,0,5,3,0,1,0,0,0,1,3,slightly_injured
2019,10,Mon,2,52.57182,13.57189,afternoon,16,daylight,0,dry,0,6,4,0,1,1,0,0,0,2,seriously_injured
2019,10,Thu,5,52.41552,13.40561,morning,10,daylight,0,dry,0,0,1,1,0,0,0,0,0,3,slightly_injured
2019,10,Sat,7,52.5757,13.3266,afternoon,14,daylight,0,dry,0,5,3,0,1,0,0,0,0,3,slightly_injured
2019,10,Wed,4,52.52741,13.49985,morning,11,daylight,0,dry,0,1,5,0,1,0,0,0,0,3,slightly_injured
2019,10,Wed,4,52.53267,13.29475,afternoon,17,dark,2,dry,0,4,7,1,0,0,0,0,1,2,seriously_injured
2019,11,Fri,6,52.42557,13.58614,evening,18,dark,2,dry,0,5,2,0,1,0,1,0,0,2,seriously_injured
2019,10,Sat,7,52.44811,13.43868,afternoon,12,daylight,0,dry,0,5,3,0,1,0,0,0,0,3,slightly_injured
2019,10,Tue,3,52.56706,13.41952,afternoon,17,dark,2,dry,0,0,7,1,0,0,0,0,0,2,seriously_injured
2019,11,Fri,6,52.49089,13.31511,evening,18,dark,2,dry,1,5,3,1,1,0,0,0,0,3,slightly_injured
2019,10,Sat,7,52.50974,13.46722,night,1,dark,2,dry,0,5,3,1,1,0,0,0,0,3,slightly_injured
2019,10,Tue,3,52.53767,13.22724,morning,6,dusk,1,dry,0,5,2,1,1,0,0,0,0,3,slightly_injured
2019,10,Thu,5,52.55894,13.43795,morning,9,daylight,0,dry,0,0,3,0,1,0,1,0,0,3,slightly_injured
2019,10,Fri,6,52.49022,13.32298,afternoon,13,daylight,0,dry,0,5,2,0,1,0,1,0,0,3,slightly_injured
2019,10,Mon,2,52.4338,13.37769,morning,11,daylight,0,dry,0,5,3,0,1,0,1,0,0,2,seriously_injured
2019,10,Thu,5,52.48135,13.36026,evening,19,dark,2,dry,0,6,4,1,0,1,0,0,0,3,slightly_injured
2019,11,Sat,7,52.41047,13.49865,morning,8,daylight,0,dry,1,5,3,0,1,0,1,0,0,3,slightly_injured
2019,10,Sat,7,52.51709,13.46109,afternoon,17,dark,2,dry,0,5,2,1,1,0,0,0,0,3,slightly_injured
2019,10,Wed,4,52.51635,13.38055,morning,8,daylight,0,dry,0,2,6,1,1,0,0,0,0,3,slightly_injured
2019,10,Wed,4,52.47873,13.32638,evening,18,dark,2,dry,0,5,5,0,1,0,1,0,0,1,killed
2019,11,Fri,6,52.46966,13.32545,afternoon,16,dark,2,dry,0,5,3,1,1,0,0,0,0,3,slightly_injured
2019,10,Fri,6,52.53533,13.51717,afternoon,17,dusk,1,dry,0,0,3,0,1,0,0,0,1,3,slightly_injured
2019,10,Tue,3,52.61346,13.34369,afternoon,14,daylight,0,dry,0,6,2,0,1,1,0,0,0,3,slightly_injured
2019,10,Thu,5,52.52836,13.40239,afternoon,15,daylight,0,dry,0,3,6,1,1,0,0,0,0,3,slightly_injured
2019,10,Fri,6,52.52488,13.27918,morning,11,daylight,0,dry,0,5,7,0,1,0,0,0,0,3,slightly_injured
2019,10,Mon,2,52.42579,13.2439,morning,8,daylight,0,dry,0,5,3,1,1,0,0,0,0,3,slightly_injured
2019,10,Thu,5,52.47329,13.29961,morning,9,daylight,0,dry,0,6,2,0,0,1,1,0,0,3,slightly_injured
2019,10,Thu,5,52.49932,13.30026,afternoon,17,dusk,1,dry,0,1,5,1,1,0,0,0,0,3,slightly_injured
2019,10,Fri,6,52.56655,13.31737,morning,9,daylight,0,dry,0,6,2,0,1,1,0,0,0,3,slightly_injured
2019,10,Mon,2,52.50621,13.47582,morning,9,daylight,0,dry,0,5,2,1,1,0,0,0,0,3,slightly_injured
2019,10,Thu,5,52.41314,13.26673,afternoon,16,dark,2,dry,1,6,4,0,1,1,0,0,0,2,seriously_injured
2019,11,Sat,7,52.43454,13.34244,evening,22,dark,2,dry,1,5,3,1,1,0,0,0,0,3,slightly_injured
2019,10,Sat,7,52.55103,13.16576,afternoon,16,daylight,0,dry,0,2,6,1,1,0,0,0,0,3,slightly_injured
2019,10,Wed,4,52.6373,13.48134,night,5,dark,2,dry,0,6,6,0,1,1,0,0,0,3,slightly_injured
2019,10,Tue,3,52.46804,13.46637,afternoon,17,dark,2,dry,0,6,4,0,0,1,1,0,0,3,slightly_injured
2019,11,Fri,6,52.56229,13.35539,afternoon,14,daylight,0,dry,0,6,4,0,1,1,0,0,0,3,slightly_injured
2019,10,Fri,6,52.51147,13.28147,afternoon,16,daylight,0,dry,0,5,2,1,0,0,0,0,1,3,slightly_injured
2019,10,Mon,2,52.57052,13.36124,afternoon,17,dark,2,dry,0,2,6,0,1,0,0,0,0,2,seriously_injured
2019,10,Thu,5,52.52113,13.334,afternoon,13,daylight,0,dry,0,0,1,0,0,0,1,0,0,3,slightly_injured
2019,10,Fri,6,52.42261,13.34879,morning,8,daylight,0,dry,0,2,6,0,1,0,0,0,0,3,slightly_injured
2019,10,Sun,1,52.59423,13.28041,afternoon,17,dark,2,dry,0,2,6,0,1,0,0,0,0,3,slightly_injured
2019,10,Wed,4,52.47902,13.31038,evening,19,dark,2,dry,0,6,2,0,1,1,0,0,0,3,slightly_injured
2019,11,Fri,6,52.5917,13.32621,afternoon,17,dusk,1,dry,1,5,3,0,1,0,0,0,0,3,slightly_injured
2019,10,Sat,7,52.4978,13.323,afternoon,14,daylight,0,dry,0,0,7,0,0,0,0,0,1,3,slightly_injured
2019,10,Tue,3,52.5438,13.59868,morning,11,daylight,0,dry,0,9,7,0,0,0,0,0,1,3,slightly_injured
2019,11,Fri,6,52.50247,13.45682,morning,10,daylight,0,dry,0,2,2,0,1,0,0,0,0,3,slightly_injured
2019,10,Fri,6,52.51032,13.43019,evening,22,dark,2,dry,0,5,3,0,1,0,0,0,1,2,seriously_injured
2019,11,Sat,7,52.39472,13.41954,afternoon,15,daylight,0,dry,1,6,2,0,0,1,0,0,1,3,slightly_injured
2019,10,Sat,7,52.4696,13.5533,afternoon,14,daylight,0,dry,0,5,3,0,1,0,0,0,0,3,slightly_injured
2019,10,Tue,3,52.44744,13.36237,afternoon,14,daylight,0,dry,0,2,6,0,1,0,0,0,0,3,slightly_injured
2019,11,Fri,6,52.45261,13.4388,morning,10,daylight,0,dry,0,2,6,0,1,0,1,0,0,2,seriously_injured
2019,10,Fri,6,52.53291,13.47602,afternoon,15,daylight,0,dry,0,0,2,0,1,0,0,0,1,3,slightly_injured
2019,10,Mon,2,52.51099,13.28181,evening,18,dark,2,dry,1,5,3,0,1,0,0,0,0,3,slightly_injured
2019,10,Thu,5,52.50845,13.46615,afternoon,12,daylight,0,dry,0,2,6,0,1,0,0,0,0,3,slightly_injured
2019,10,Sun,1,52.50353,13.45202,night,2,dark,2,dry,0,5,3,0,1,0,0,0,0,3,slightly_injured
2019,10,Wed,4,52.45898,13.34887,afternoon,16,daylight,0,dry,0,5,2,0,1,0,1,0,0,3,slightly_injured
2019,11,Fri,6,52.59691,13.36037,evening,18,dark,2,dry,1,6,2,0,1,1,0,0,0,3,slightly_injured
2019,10,Sat,7,52.51158,13.26893,morning,11,daylight,0,dry,0,5,3,0,1,0,0,0,0,3,slightly_injured
2019,10,Tue,3,52.43049,13.54049,morning,10,daylight,0,dry,0,1,5,1,1,0,0,0,1,3,slightly_injured
2019,11,Fri,6,52.49932,13.4453,night,1,dark,2,dry,0,5,5,0,1,0,0,0,0,2,seriously_injured
2019,10,Fri,6,52.49938,13.4452,evening,19,dark,2,dry,0,5,7,1,1,0,0,0,0,3,slightly_injured
2019,10,Mon,2,52.52519,13.39208,evening,23,dark,2,dry,1,4,6,1,1,0,0,0,0,2,seriously_injured
2019,10,Thu,5,52.42782,13.44953,evening,22,dark,2,dry,0,1,5,0,1,0,0,0,0,3,slightly_injured
2019,10,Mon,2,52.43236,13.302,afternoon,17,dark,2,dry,1,5,3,0,1,0,0,0,0,3,slightly_injured
2019,10,Thu,5,52.55342,13.41842,night,4,dark,2,dry,0,5,2,0,1,0,1,0,0,3,slightly_injured
2019,10,Sun,1,52.49434,13.30487,evening,19,dark,2,dry,0,6,2,0,1,1,0,0,0,3,slightly_injured
2019,10,Wed,4,52.57624,13.36044,afternoon,13,daylight,0,dry,0,2,6,0,1,0,0,0,0,3,slightly_injured
2019,11,Fri,6,52.45343,13.59314,evening,21,dark,2,dry,1,0,1,1,0,0,0,0,0,2,seriously_injured
2019,10,Sat,7,52.4288,13.3132,afternoon,13,daylight,0,dry,0,0,1,1,0,0,0,0,0,3,slightly_injured
2019,10,Tue,3,52.53369,13.42073,morning,8,daylight,0,dry,0,5,2,1,1,0,0,0,0,3,slightly_injured
2019,10,Thu,5,52.5184,13.40094,afternoon,17,dark,2,dry,0,5,3,1,1,0,0,0,0,3,slightly_injured
2019,10,Mon,2,52.5292,13.19555,morning,10,daylight,0,dry,0,5,2,1,1,0,0,0,0,3,slightly_injured
2019,10,Thu,5,52.53296,13.15246,evening,18,dark,2,dry,0,6,4,0,1,1,0,0,0,3,slightly_injured
2019,11,Sat,7,52.54915,13.35446,night,0,dark,2,dry,1,2,6,0,1,0,0,0,0,3,slightly_injured
2019,10,Sat,7,52.49521,13.33461,afternoon,17,dusk,1,dry,0,5,3,1,1,0,0,0,0,3,slightly_injured
2019,10,Wed,4,52.53263,13.29452,morning,8,daylight,0,dry,0,2,6,0,1,0,0,0,1,3,slightly_injured
2019,10,Tue,3,52.5757,13.28008,evening,19,dark,2,dry,0,5,2,1,1,0,0,0,0,3,slightly_injured
2019,11,Fri,6,52.57028,13.35113,afternoon,16,daylight,0,dry,0,1,5,0,1,0,0,0,0,3,slightly_injured
2019,10,Fri,6,52.46903,13.58793,afternoon,14,daylight,0,dry,0,0,6,1,0,0,0,0,0,3,slightly_injured
2019,11,Sat,7,52.4179,13.30511,morning,9,daylight,0,dry,1,2,2,0,1,0,0,0,0,3,slightly_injured
2019,10,Sat,7,52.53325,13.15444,afternoon,17,dusk,1,dry,0,0,7,1,1,0,0,0,0,3,slightly_injured
2019,10,Wed,4,52.46093,13.34572,morning,10,daylight,0,dry,0,5,3,0,1,0,0,0,0,3,slightly_injured
2019,10,Wed,4,52.52589,13.36792,afternoon,13,daylight,0,dry,0,2,6,0,0,0,1,1,0,2,seriously_injured
2019,11,Fri,6,52.51109,13.43066,evening,21,dark,2,dry,1,5,3,1,1,0,0,0,0,3,slightly_injured
2019,10,Fri,6,52.5218,13.38801,evening,19,dark,2,dry,0,5,2,1,1,0,0,0,0,3,slightly_injured
2019,10,Tue,3,52.4686,13.38354,afternoon,12,daylight,0,dry,0,5,3,1,0,0,1,0,0,2,seriously_injured
2019,10,Thu,5,52.52668,13.48007,afternoon,15,dusk,1,dry,0,0,2,0,1,0,0,0,1,3,slightly_injured
2019,10,Fri,6,52.52565,13.31182,morning,8,daylight,0,dry,0,6,4,0,1,1,0,0,0,3,slightly_injured
2019,10,Mon,2,52.53784,13.36143,morning,8,daylight,0,dry,0,5,3,1,1,0,0,0,0,3,slightly_injured
2019,10,Thu,5,52.5272,13.4043,afternoon,14,daylight,0,dry,0,5,3,1,1,0,0,0,0,2,seriously_injured
2019,11,Sat,7,52.54155,13.35033,afternoon,17,dark,2,dry,1,2,2,0,1,0,0,0,0,3,slightly_injured
2019,10,Sat,7,52.5411,13.33811,afternoon,15,daylight,0,dry,0,2,6,0,1,0,0,0,0,3,slightly_injured
2019,10,Tue,3,52.53766,13.51546,afternoon,16,dusk,1,dry,0,5,2,1,0,0,0,0,1,3,slightly_injured