ujahr,umonat,weekday,uwochentag,long,lat,time_of_day,ustunde,light_condition,ulichtverh,street_condition,ustrzustand,uart,utyp1,ist_rad,ist_pkw,ist_fuss,ist_krad,ist_gkfz,ist_sonstige,ukategorie,accident_outcome
2019,11,Fri,6,52.4909,13.31511,afternoon,13,daylight,0,dry,0,5,3,1,1,0,0,0,0,3,slightly_injured
2019,10,Fri,6,52.43185,13.46015,afternoon,15,daylight,0,dry,0,5,3,0,1,0,1,0,0,2,seriously_injured
2019,10,Mon,2,52.51498,13.39254,evening,18,dark,2,dry,1,1,5,1,1,0,0,0,0,3,slightly_injured
2019,10,Thu,5,52.46292,13.51188,morning,8,daylight,0,dry,0,5,2,1,1,0,0,0,0,3,slightly_injured
2019,10,Fri,6,52.48379,13.28229,morning,8,daylight,0,dry,0,5,2,1,1,0,0,0,0,3,slightly_injured
2019,10,Sun,1,52.50666,13.47822,afternoon,13,daylight,0,dry,0,2,6,1,1,0,0,0,0,3,slightly_injured
2019,10,Mon,2,52.60936,13.48125,morning,6,daylight,0,dry,0,5,2,1,1,0,0,0,0,3,slightly_injured
2019,10,Thu,5,52.63522,13.49886,morning,10,daylight,0,dry,0,0,1,0,1,0,0,0,0,3,slightly_injured
2019,10,Fri,6,52.47239,13.37782,morning,7,daylight,0,dry,0,6,2,0,1,1,0,0,0,3,slightly_injured
2019,10,Mon,2,52.53259,13.19826,night,5,dusk,1,dry,0,2,6,0,1,0,0,0,0,3,slightly_injured
2019,10,Thu,5,52.50248,13.39484,evening,19,dark,2,dry,0,1,5,1,0,0,0,0,1,3,slightly_injured
2019,11,Sat,7,52.4851,13.36792,afternoon,15,daylight,0,dry,1,6,4,0,1,1,0,0,0,3,slightly_injured
2019,10,Sat,7,52.50204,13.34172,afternoon,14,daylight,0,dry,0,0,5,1,0,0,1,0,0,3,slightly_injured
2019,10,Tue,3,52.596,13.43304,afternoon,13,daylight,0,dry,0,2,6,0,1,0,0,0,0,3,slightly_injured
2019,11,Fri,6,52.45664,13.32056,morning,10,daylight,0,dry,0,2,6,0,1,0,0,0,0,3,slightly_injured
2019,10,Fri,6,52.5348,13.1995,afternoon,15,daylight,0,dry,0,0,2,0,1,0,0,0,1,2,seriously_injured
2019,10,Mon,2,52.53114,13.41211,afternoon,17,dark,2,dry,1,5,3,0,1,0,0,0,0,3,slightly_injured
2019,10,Thu,5,52.45991,13.3289,morning,7,daylight,0,dry,1,2,6,0,1,0,0,0,0,3,slightly_injured
2019,10,Sun,1,52.50115,13.3943,night,1,dark,2,dry,0,5,2,0,1,0,0,0,0,3,slightly_injured
2019,10,Wed,4,52.4265,13.52666,afternoon,15,daylight,0,dry,0,5,2,0,1,0,0,0,0,3,slightly_injured
2019,11,Fri,6,52.49048,13.34912,evening,18,dark,2,dry,1,2,2,1,1,0,0,0,0,3,slightly_injured
2019,10,Sat,7,52.49294,13.28505,night,0,dark,2,dry,0,1,5,1,1,0,0,0,0,2,seriously_injured
2019,10,Wed,4,52.49951,13.30385,evening,20,dusk,1,dry,0,5,3,0,1,0,0,0,0,3,slightly_injured
2019,11,Fri,6,52.55041,13.37845,evening,20,dark,2,dry,1,5,3,0,1,0,0,0,0,3,slightly_injured
2019,10,Sat,7,52.45357,13.37288,evening,20,dark,2,dry,0,1,7,0,1,0,0,0,0,3,slightly_injured
2019,10,Tue,3,52.42553,13.43532,afternoon,16,daylight,0,dry,1,0,3,0,0,0,1,0,1,3,slightly_injured
2019,11,Fri,6,52.48981,13.35219,morning,9,daylight,0,dry,0,2,2,0,1,0,0,0,0,3,slightly_injured
2019,10,Fri,6,52.56476,13.32521,afternoon,14,daylight,0,dry,0,5,7,0,1,0,1,0,0,3,slightly_injured
2019,10,Mon,2,52.47795,13.42599,afternoon,16,daylight,0,dry,0,3,6,0,1,0,1,0,0,3,slightly_injured
2019,10,Thu,5,52.46161,13.48224,morning,10,daylight,0,dry,0,3,6,0,1,0,0,0,0,3,slightly_injured
2019,10,Sat,7,52.43986,13.43668,afternoon,12,daylight,0,dry,0,5,3,1,1,0,0,0,0,3,slightly_injured
2019,10,Wed,4,52.52309,13.40349,afternoon,12,daylight,0,dry,0,6,4,0,1,1,0,0,0,3,slightly_injured
2019,10,Wed,4,52.42042,13.56368,afternoon,17,dark,2,dry,0,0,6,0,0,0,1,0,1,2,seriously_injured
2019,11,Fri,6,52.49901,13.41731,evening,23,dark,2,dry,1,2,6,0,1,0,0,0,0,3,slightly_injured
2019,10,Sat,7,52.53445,13.60667,afternoon,12,daylight,0,dry,0,0,5,0,1,0,1,0,0,3,slightly_injured
2019,10,Tue,3,52.4338,13.22955,morning,8,daylight,0,dry,1,5,3,1,1,0,0,0,0,3,slightly_injured
2019,10,Thu,5,52.49769,13.29387,afternoon,17,dark,2,dry,0,6,4,0,1,1,0,0,0,3,slightly_injured
2019,10,Fri,6,52.61378,13.48723,morning,7,dusk,1,dry,0,7,7,0,0,0,1,0,0,3,slightly_injured
2019,10,Mon,2,52.49783,13.56358,morning,9,daylight,0,dry,0,5,2,0,1,0,1,0,0,3,slightly_injured
2019,10,Tue,3,52.51042,13.40119,morning,9,daylight,0,dry,0,5,2,1,0,0,0,0,0,3,slightly_injured
2019,10,Thu,5,52.50642,13.32218,morning,9,daylight,0,dry,0,1,5,1,1,0,0,0,0,3,slightly_injured
2019,10,Fri,6,52.49981,13.61318,afternoon,16,daylight,0,dry,0,0,1,1,0,0,0,0,0,3,slightly_injured
2019,10,Mon,2,52.47345,13.45668,morning,11,daylight,0,dry,0,3,6,0,1,0,0,0,0,3,slightly_injured
2019,10,Thu,5,52.5376,13.60184,evening,19,dark,2,dry,0,6,4,0,1,1,0,0,0,3,slightly_injured
2019,11,Sat,7,52.55126,13.4304,morning,8,dusk,1,dry,1,5,2,1,1,0,0,0,0,3,slightly_injured
2019,10,Sat,7,52.55302,13.45998,afternoon,17,daylight,0,dry,0,1,5,1,1,0,0,0,0,3,slightly_injured
2019,10,Wed,4,52.44901,13.4956,morning,10,daylight,0,dry,0,4,7,0,1,0,0,0,1,3,slightly_injured
2019,10,Wed,4,52.47059,13.34741,morning,8,daylight,0,dry,0,6,2,0,1,1,0,0,0,3,slightly_injured
2019,11,Fri,6,52.55666,13.51424,evening,22,dark,2,dry,1,5,3,0,1,0,1,0,0,2,seriously_injured
2019,10,Fri,6,52.53084,13.62117,evening,18,dusk,1,dry,0,2,6,0,1,0,0,0,0,3,slightly_injured
2019,10,Tue,3,52.41346,13.27746,morning,8,daylight,0,dry,0,5,3,0,1,0,0,0,1,2,seriously_injured
2019,10,Thu,5,52.42295,13.35744,afternoon,15,daylight,0,dry,0,5,3,0,1,0,0,0,0,3,slightly_injured
2019,10,Fri,6,52.47941,13.34496,morning,7,daylight,0,dry,0,2,6,0,1,0,0,0,0,3,slightly_injured
2019,10,Mon,2,52.59648,13.35241,morning,8,daylight,0,dry,0,2,6,0,1,0,0,0,0,3,slightly_injured
2019,10,Thu,5,52.54282,13.55018,night,1,dark,2,dry,0,2,3,0,1,0,0,0,0,2,seriously_injured
2019,11,Sat,7,52.52346,13.35982,afternoon,16,daylight,0,dry,1,5,3,0,1,0,0,0,1,3,slightly_injured
2019,10,Sat,7,52.52543,13.33765,afternoon,15,daylight,0,dry,0,6,2,0,1,1,0,0,0,2,seriously_injured
2019,10,Tue,3,52.54423,13.59724,afternoon,14,daylight,0,dry,0,6,6,1,0,1,0,0,0,3,slightly_injured
2019,10,Thu,5,52.47717,13.42632,evening,19,dark,2,dry,0,5,5,0,1,0,1,0,0,2,seriously_injured
2019,11,Sat,7,52.50582,13.32348,evening,20,dark,2,dry,1,2,6,0,1,0,0,0,0,3,slightly_injured
2019,10,Sat,7,52.49473,13.35522,afternoon,16,daylight,0,dry,0,6,7,1,0,1,0,0,0,3,slightly_injured
2019,10,Wed,4,52.5666,13.48001,morning,7,daylight,0,dry,1,2,6,0,1,0,0,0,0,3,slightly_injured
2019,10,Tue,3,52.501,13.49293,evening,18,dark,2,dry,0,0,1,0,0,0,1,0,0,3,slightly_injured
2019,10,Fri,6,52.51777,13.37319,morning,9,daylight,0,dry,0,5,7,0,1,0,1,0,0,3,slightly_injured
2019,11,Fri,6,52.4601,13.3764,afternoon,15,daylight,0,dry,0,5,3,1,1,0,0,0,0,3,slightly_injured
2019,10,Fri,6,52.40299,13.53908,afternoon,16,daylight,0,dry,0,6,4,0,0,1,0,0,1,3,slightly_injured
2019,10,Mon,2,52.51838,13.28009,evening,20,dark,2,dry,1,5,3,0,1,0,0,0,0,3,slightly_injured
2019,10,Thu,5,52.44716,13.31569,afternoon,13,daylight,0,dry,0,5,3,1,1,0,0,0,0,3,slightly_injured
2019,10,Fri,6,52.47311,13.13252,night,3,dark,2,dry,1,9,1,0,1,0,0,0,0,3,slightly_injured
2019,10,Sun,1,52.49481,13.35282,evening,18,dark,2,dry,0,2,2,0,1,0,0,0,0,3,slightly_injured
2019,10,Wed,4,52.43319,13.59488,morning,6,dark,2,dry,0,5,3,1,1,0,0,0,0,3,slightly_injured
2019,10,Fri,6,52.5198,13.43358,morning,9,daylight,0,dry,0,2,6,1,1,0,0,0,0,3,slightly_injured
2019,11,Sat,7,52.50793,13.45948,afternoon,12,daylight,0,dry,1,5,3,0,1,0,0,0,0,3,slightly_injured
2019,10,Sat,7,52.5068,13.30243,evening,21,dark,2,dry,0,0,1,0,0,0,0,0,1,3,slightly_injured
2019,10,Tue,3,52.51925,13.39395,morning,11,daylight,0,dry,0,5,3,1,0,0,1,0,0,3,slightly_injured
2019,11,Fri,6,52.5109,13.42917,morning,10,daylight,0,dry,0,2,2,1,1,0,0,0,0,3,slightly_injured
2019,10,Fri,6,52.50124,13.44213,afternoon,14,daylight,0,dry,0,2,7,1,1,0,0,0,0,3,slightly_injured
2019,10,Mon,2,52.44526,13.38063,afternoon,17,dark,2,dry,1,0,5,1,1,0,0,0,0,3,slightly_injured
2019,10,Thu,5,52.53778,13.44805,morning,7,daylight,0,dry,0,2,6,0,1,0,0,0,0,3,slightly_injured
2019,10,Fri,6,52.54305,13.18379,afternoon,15,daylight,0,dry,0,2,6,0,1,0,0,0,0,3,slightly_injured
2019,11,Fri,6,52.58034,13.2965,morning,11,daylight,0,dry,0,2,6,0,0,0,0,0,1,3,slightly_injured
2019,10,Fri,6,52.50151,13.31938,afternoon,15,daylight,0,dry,0,5,3,1,1,0,0,0,0,3,slightly_injured
2019,10,Mon,2,52.49936,13.38885,evening,18,dark,2,dry,1,2,6,0,1,0,0,0,0,3,slightly_injured
2019,10,Thu,5,52.55932,13.45509,morning,7,daylight,0,dry,0,5,3,1,1,0,0,0,0,3,slightly_injured
2019,10,Fri,6,52.53963,13.29489,night,0,dark,2,dry,0,5,2,0,1,0,0,0,0,3,slightly_injured
2019,10,Sun,1,52.53101,13.38468,morning,11,daylight,0,dry,1,0,1,0,0,0,1,0,0,3,slightly_injured
2019,10,Wed,4,52.50357,13.32541,afternoon,16,dusk,1,dry,0,5,7,0,1,0,0,0,0,3,slightly_injured
2019,10,Thu,5,52.53691,13.60198,afternoon,17,dusk,1,dry,0,1,4,1,1,1,0,0,0,2,seriously_injured
2019,11,Fri,6,52.55213,13.35481,evening,19,dark,2,dry,1,2,6,0,1,0,0,0,0,3,slightly_injured
2019,10,Sat,7,52.48306,13.32038,afternoon,12,daylight,0,dry,0,5,7,0,1,0,0,0,0,3,slightly_injured
2019,10,Tue,3,52.51566,13.26159,morning,10,daylight,0,dry,1,5,2,1,1,0,0,0,0,3,slightly_injured
2019,10,Thu,5,52.52834,13.5989,evening,21,dark,2,dry,0,5,3,0,1,0,0,0,0,3,slightly_injured
2019,11,Fri,6,52.52555,13.45817,morning,7,dusk,1,dry,0,5,2,1,1,0,0,0,0,3,slightly_injured
2019,10,Fri,6,52.51242,13.39493,evening,21,dark,2,dry,0,8,1,0,0,0,0,0,1,3,slightly_injured
2019,10,Mon,2,52.50401,13.31353,afternoon,15,daylight,0,dry,0,5,5,0,1,0,0,0,1,3,slightly_injured
2019,10,Thu,5,52.5063,13.40114,morning,7,daylight,0,dry,0,5,2,1,1,0,0,0,0,3,slightly_injured
2019,10,Thu,5,52.42906,13.55085,evening,18,daylight,0,dry,0,5,2,1,1,0,0,0,0,3,slightly_injured
2019,10,Sat,7,52.46495,13.43275,afternoon,17,dusk,1,dry,0,0,6,0,1,0,1,0,0,3,slightly_injured
2019,10,Wed,4,52.56409,13.39279,morning,11,daylight,0,dry,0,5,3,1,1,0,0,0,0,3,slightly_injured
2019,10,Thu,5,52.51886,13.56376,evening,18,dark,2,dry,1,5,2,1,1,0,0,0,0,2,seriously_injured
2019,10,Wed,4,52.55155,13.18542,afternoon,13,daylight,0,dry,0,5,2,1,1,0,0,0,0,2,seriously_injured
2019,10,Thu,5,52.51633,13.38894,afternoon,16,daylight,0,dry,0,1,5,1,1,0,0,0,0,3,slightly_injured
2019,10,Thu,5,52.56582,13.40803,afternoon,16,daylight,0,dry,0,3,5,1,1,0,0,0,0,2,seriously_injured
2019,10,Sun,1,52.51713,13.44064,evening,20,dark,2,dry,0,5,3,0,1,0,0,0,0,3,slightly_injured
2019,10,Wed,4,52.61357,13.29831,afternoon,14,daylight,0,dry,0,2,6,0,1,0,0,0,0,3,slightly_injured
2019,10,Thu,5,52.60111,13.24636,afternoon,16,daylight,0,dry,0,2,6,0,1,0,0,0,1,3,slightly_injured
2019,10,Thu,5,52.45778,13.57864,afternoon,15,daylight,0,dry,0,3,6,0,0,0,0,0,1,3,slightly_injured
2019,11,Fri,6,52.51847,13.28258,afternoon,17,dark,2,dry,1,3,6,0,1,0,0,0,0,3,slightly_injured
2019,10,Sat,7,52.44028,13.43491,afternoon,13,daylight,0,dry,0,2,2,0,1,0,1,0,0,3,slightly_injured
2019,10,Tue,3,52.43495,13.47006,morning,7,daylight,0,dry,1,5,3,1,1,0,0,0,0,3,slightly_injured
2019,10,Thu,5,52.40088,13.54658,afternoon,15,daylight,0,dry,0,5,3,0,1,0,0,0,0,3,slightly_injured
2019,10,Thu,5,52.46801,13.33507,morning,7,daylight,0,dry,0,5,2,1,1,1,0,0,0,3,slightly_injured
2019,10,Fri,6,52.46516,13.43681,afternoon,13,daylight,0,dry,0,5,3,0,1,0,1,0,0,3,slightly_injured
2019,10,Mon,2,52.56184,13.42831,morning,10,daylight,0,dry,0,6,4,1,0,1,0,0,0,3,slightly_injured
2019,10,Thu,5,52.45181,13.33424,evening,18,dark,2,dry,0,1,5,1,1,0,0,0,0,3,slightly_injured
2019,11,Sat,7,52.48097,13.31367,night,5,dark,2,dry,1,0,1,0,1,0,0,0,0,3,slightly_injured
2019,10,Sat,7,52.58214,13.39252,afternoon,17,daylight,0,dry,0,5,7,0,1,0,0,0,1,3,slightly_injured
2019,10,Wed,4,52.50343,13.49081,morning,8,daylight,0,dry,0,2,6,1,1,0,0,0,0,3,slightly_injured
2019,10,Tue,3,52.48637,13.42448,evening,22,dark,2,dry,0,5,7,0,1,0,0,0,0,3,slightly_injured
2019,11,Fri,6,52.50626,13.31585,afternoon,16,dusk,1,dry,0,5,3,0,1,0,0,0,0,3,slightly_injured
2019,10,Fri,6,52.56266,13.50379,afternoon,17,daylight,0,dry,0,2,6,0,1,0,0,0,0,3,slightly_injured
2019,10,Tue,3,52.4767,13.36385,afternoon,17,dusk,1,dry,0,0,7,0,0,1,0,0,1,3,slightly_injured
2019,10,Thu,5,52.52173,13.40054,afternoon,14,daylight,0,dry,0,5,5,1,1,0,0,0,0,3,slightly_injured
2019,10,Fri,6,52.43694,13.44633,morning,11,daylight,0,dry,0,6,4,0,1,1,0,0,0,3,slightly_injured
2019,11,Sat,7,52.48642,13.32149,afternoon,16,daylight,0,dry,0,6,4,0,1,1,0,0,0,3,slightly_injured
2019,11,Fri,6,52.46427,13.4436,evening,20,dark,2,dry,1,8,1,0,1,0,0,0,0,3,slightly_injured
2019,10,Sat,7,52.44173,13.26168,afternoon,12,daylight,0,dry,0,0,2,1,1,0,0,0,0,3,slightly_injured
2019,11,Sat,7,52.46504,13.44271,evening,22,dark,2,dry,1,5,3,0,1,0,0,0,0,3,slightly_injured
2019,10,Tue,3,52.52321,13.58943,afternoon,13,daylight,0,dry,0,6,2,0,1,1,0,0,0,2,seriously_injured
2019,11,Sat,7,52.4814,13.32034,evening,22,dark,2,dry,1,5,2,0,1,0,0,0,0,3,slightly_injured
2019,10,Thu,5,52.49378,13.52581,afternoon,16,dark,2,dry,0,2,6,0,1,0,0,0,0,3,slightly_injured
2019,10,Fri,6,52.61503,13.46688,morning,10,daylight,0,dry,0,5,3,0,1,0,0,0,1,3,slightly_injured
2019,11,Sat,7,52.4408,13.43486,afternoon,12,daylight,0,dry,1,3,6,0,1,0,0,0,1,3,slightly_injured
2019,11,Sat,7,52.49723,13.52206,afternoon,12,daylight,0,dry,0,5,3,1,1,0,0,0,0,3,slightly_injured
2019,10,Mon,2,52.51248,13.45243,morning,8,daylight,0,dry,0,5,3,0,1,0,1,0,0,3,slightly_injured
2019,10,Thu,5,52.41112,13.38284,afternoon,16,daylight,0,dry,0,5,3,1,1,0,0,0,0,2,seriously_injured
2019,11,Sat,7,52.57371,13.35213,morning,11,daylight,0,dry,1,5,7,0,1,0,1,0,0,2,seriously_injured
2019,11,Sat,7,52.45112,13.57178,morning,11,daylight,0,dry,0,3,2,0,1,0,0,0,1,2,seriously_injured
2019,11,Sat,7,52.58384,13.30964,afternoon,17,dark,2,dry,1,6,4,0,1,1,0,0,0,3,slightly_injured
2019,10,Sat,7,52.50084,13.31401,afternoon,16,daylight,0,dry,0,1,5,1,1,0,0,0,0,3,slightly_injured
2019,10,Wed,4,52.43205,13.4959,morning,6,dark,2,dry,1,5,3,1,1,0,0,0,0,3,slightly_injured
2019,11,Sat,7,52.49012,13.36091,morning,11,daylight,0,dry,1,0,2,0,1,0,1,0,0,3,slightly_injured
2019,10,Tue,3,52.56139,13.37471,afternoon,17,dark,2,dry,0,0,3,0,1,0,1,0,1,3,slightly_injured
2019,11,Sat,7,52.54768,13.41316,morning,11,daylight,0,dry,1,0,2,1,1,0,0,0,0,3,slightly_injured
2019,10,Thu,5,52.53412,13.496,afternoon,17,daylight,0,dry,0,6,4,0,1,1,0,0,0,3,slightly_injured
2019,11,Fri,6,52.43586,13.31391,afternoon,14,daylight,0,dry,0,1,5,1,1,0,0,0,0,3,slightly_injured
2019,10,Fri,6,52.56278,13.19665,afternoon,16,daylight,0,dry,0,0,4,0,0,1,0,0,1,3,slightly_injured
2019,11,Sat,7,52.53606,13.60227,morning,10,daylight,0,dry,1,5,3,0,1,0,0,0,0,3,slightly_injured
2019,10,Mon,2,52.59738,13.36946,evening,19,dark,2,dry,0,5,3,1,1,0,0,0,0,3,slightly_injured
2019,10,Thu,5,52.52058,13.47334,morning,8,daylight,0,dry,0,1,5,1,1,0,0,0,0,3,slightly_injured
2019,10,Fri,6,52.50318,13.43342,morning,10,daylight,0,dry,0,1,5,0,1,0,0,0,0,3,slightly_injured
2019,11,Sat,7,52.60455,13.36591,morning,10,daylight,0,dry,1,5,3,0,1,0,0,0,0,3,slightly_injured
2019,11,Sat,7,52.42822,13.51965,morning,10,daylight,0,dry,1,5,2,0,1,0,0,0,0,3,slightly_injured
2019,10,Sun,1,52.42556,13.22443,afternoon,16,daylight,0,dry,1,0,3,1,1,0,0,0,0,3,slightly_injured
2019,10,Wed,4,52.44271,13.2402,evening,18,dark,2,dry,1,5,2,0,1,0,0,0,0,3,slightly_injured
2019,11,Sat,7,52.46203,13.30464,morning,10,daylight,0,dry,1,0,3,0,0,0,1,0,1,3,slightly_injured
2019,10,Thu,5,52.52582,13.38734,afternoon,15,daylight,0,dry,0,1,5,1,1,0,0,0,0,3,slightly_injured
2019,11,Fri,6,52.51073,13.37685,afternoon,15,dusk,1,dry,0,5,2,1,0,0,0,0,1,3,slightly_injured
2019,10,Sat,7,52.47202,13.3144,evening,20,dusk,1,dry,0,0,7,0,1,0,0,0,0,3,slightly_injured
2019,11,Tue,3,52.49908,13.39574,morning,7,daylight,0,dry,0,6,4,1,0,1,0,0,0,3,slightly_injured
2019,11,Tue,3,52.45883,13.38746,morning,6,dusk,1,dry,0,1,7,0,1,0,0,0,1,2,seriously_injured
2019,11,Tue,3,52.42253,13.25077,afternoon,14,daylight,0,dry,0,1,5,0,1,0,0,0,0,2,seriously_injured
2019,11,Tue,3,52.59482,13.24991,afternoon,13,daylight,0,dry,0,3,6,1,1,0,0,0,0,3,slightly_injured
2019,11,Tue,3,52.50131,13.37114,afternoon,13,daylight,0,dry,0,0,2,1,1,0,0,0,0,3,slightly_injured
2019,11,Tue,3,52.5521,13.35121,morning,11,daylight,0,dry,0,5,7,0,1,0,0,0,0,3,slightly_injured
2019,11,Tue,3,52.51129,13.38975,morning,9,daylight,0,dry,0,5,2,1,1,0,0,0,0,3,slightly_injured
2019,11,Tue,3,52.56948,13.35094,evening,18,dark,2,dry,0,5,2,0,1,0,1,0,0,3,slightly_injured
2019,11,Tue,3,52.57679,13.29595,evening,18,dark,2,dry,0,2,6,0,1,0,0,0,1,3,slightly_injured
2019,11,Tue,3,52.49006,13.57565,evening,18,dark,2,dry,0,5,2,1,1,0,0,0,0,3,slightly_injured
2019,11,Tue,3,52.41551,13.65579,afternoon,17,dark,2,dry,0,6,2,0,1,1,0,0,0,3,slightly_injured
2019,11,Tue,3,52.53822,13.32616,afternoon,17,dark,2,dry,0,0,6,0,1,0,0,0,1,3,slightly_injured
2019,11,Tue,3,52.39377,13.40672,afternoon,16,dark,2,dry,0,5,2,0,1,0,0,0,0,3,slightly_injured
2019,11,Tue,3,52.50946,13.39013,afternoon,16,dark,2,dry,0,5,3,1,1,0,0,0,0,3,slightly_injured
2019,11,Tue,3,52.54887,13.50872,afternoon,15,daylight,0,dry,0,2,6,0,1,0,0,0,0,3,slightly_injured
2019,11,Mon,2,52.52254,13.37679,afternoon,15,daylight,0,dry,0,2,6,1,1,0,0,0,0,3,slightly_injured
2019,11,Mon,2,52.43902,13.56535,afternoon,15,daylight,0,dry,0,0,6,1,0,1,0,0,0,3,slightly_injured
2019,11,Mon,2,52.58308,13.4286,morning,7,dark,2,dry,0,5,2,1,1,0,0,0,0,2,seriously_injured
2019,11,Mon,2,52.51787,13.37084,morning,6,dusk,1,dry,0,6,2,0,1,1,0,0,0,2,seriously_injured
2019,11,Mon,2,52.4449,13.43316,morning,6,dusk,1,dry,1,5,3,1,0,0,0,0,1,3,slightly_injured
2019,11,Mon,2,52.52633,13.3401,afternoon,12,daylight,0,dry,0,3,6,1,1,0,0,0,0,2,seriously_injured
2019,11,Mon,2,52.4091,13.35056,afternoon,12,daylight,0,dry,0,0,3,1,0,0,0,0,1,3,slightly_injured
2019,11,Mon,2,52.51808,13.40643,morning,11,daylight,0,dry,0,2,6,0,1,0,0,0,0,3,slightly_injured
2019,11,Mon,2,52.63346,13.29036,morning,11,daylight,0,dry,0,5,2,0,1,0,0,0,1,3,slightly_injured
2019,11,Mon,2,52.6085,13.23506,morning,10,daylight,0,dry,0,5,7,1,1,0,0,0,0,3,slightly_injured
2019,11,Mon,2,52.53566,13.422,morning,10,daylight,0,dry,0,5,2,1,0,0,0,1,0,3,slightly_injured
2019,11,Mon,2,52.45866,13.30393,morning,9,daylight,0,dry,0,5,2,1,0,0,0,1,0,2,seriously_injured
2019,11,Mon,2,52.51171,13.35073,evening,19,dark,2,dry,0,2,6,0,1,0,1,0,0,3,slightly_injured
2019,11,Mon,2,52.53085,13.4776,morning,9,daylight,0,dry,0,5,2,0,1,0,0,1,0,3,slightly_injured
2019,11,Mon,2,52.48912,13.34516,evening,18,dark,2,dry,0,2,3,0,1,0,0,0,0,3,slightly_injured
2019,11,Mon,2,52.51708,13.44063,evening,18,dark,2,dry,0,3,3,0,1,0,0,0,0,3,slightly_injured
2019,11,Mon,2,52.59709,13.46738,afternoon,17,dark,2,dry,0,5,3,1,1,0,0,0,0,3,slightly_injured
2019,11,Mon,2,52.55159,13.45356,afternoon,17,dark,2,dry,0,3,6,0,1,0,0,0,1,3,slightly_injured
2019,11,Mon,2,52.55538,13.42653,afternoon,15,daylight,0,dry,0,5,3,0,1,0,0,0,0,3,slightly_injured
2019,11,Mon,2,52.45322,13.33098,afternoon,15,dusk,1,dry,0,0,6,0,1,0,0,0,1,3,slightly_injured
2019,11,Mon,2,52.4513,13.48834,afternoon,15,daylight,0,dry,0,5,3,0,1,0,0,0,0,3,slightly_injured
2019,11,Mon,2,52.53833,13.34434,afternoon,15,daylight,0,dry,0,5,2,1,1,0,0,0,0,3,slightly_injured
2019,11,Mon,2,52.52227,13.56499,afternoon,15,daylight,0,dry,0,5,3,1,1,0,0,0,0,3,slightly_injured
2019,11,Mon,2,52.54551,13.42794,afternoon,15,daylight,0,dry,0,5,2,1,1,0,0,0,0,3,slightly_injured
2019,11,Mon,2,52.50918,13.6136,afternoon,13,daylight,0,dry,0,2,2,0,1,0,1,0,0,3,slightly_injured
2019,11,Mon,2,52.44458,13.56904,afternoon,13,daylight,0,dry,0,2,6,0,1,0,0,0,0,3,slightly_injured
2019,11,Mon,2,52.53253,13.2726,afternoon,12,daylight,0,dry,0,5,3,0,1,0,0,0,0,3,slightly_injured
2019,11,Sun,1,52.44999,13.34689,evening,21,dark,2,dry,1,5,3,0,1,0,0,0,0,3,slightly_injured
2019,11,Sun,1,52.55157,13.38324,evening,20,dark,2,dry,0,2,6,0,1,0,0,0,0,3,slightly_injured
2019,11,Sun,1,52.48608,13.34497,evening,19,dark,2,dry,0,0,7,0,0,1,0,0,1,2,seriously_injured
2019,11,Sun,1,52.4144,13.3178,afternoon,17,dark,2,dry,0,5,2,0,1,0,1,0,0,3,slightly_injured
2019,11,Sun,1,52.44018,13.43471,afternoon,17,dark,2,dry,1,6,2,0,1,1,0,0,0,3,slightly_injured
2019,11,Sun,1,52.55156,13.1629,afternoon,14,daylight,0,dry,0,5,2,1,1,0,0,0,0,3,slightly_injured
2019,11,Sun,1,52.59343,13.32809,afternoon,13,daylight,0,dry,0,3,6,1,0,0,0,0,0,3,slightly_injured
2019,11,Sun,1,52.50985,13.36004,afternoon,14,daylight,0,dry,0,2,6,0,1,0,1,0,0,3,slightly_injured
2019,11,Sun,1,52.57427,13.38109,afternoon,13,daylight,0,dry,0,2,6,0,1,0,0,0,1,3,slightly_injured
2019,11,Sun,1,52.55526,13.19863,afternoon,13,daylight,0,dry,0,0,2,0,1,0,0,0,1,2,seriously_injured
2019,11,Sun,1,52.51234,13.43923,morning,11,daylight,0,dry,0,6,4,0,1,1,0,0,0,2,seriously_injured
2019,11,Sun,1,52.54797,13.4595,morning,11,daylight,0,dry,0,5,3,0,1,0,0,0,0,3,slightly_injured
2019,11,Sun,1,52.56534,13.49555,morning,10,daylight,0,dry,1,0,1,0,0,0,1,0,0,2,seriously_injured
2019,11,Sun,1,52.52647,13.33793,morning,7,daylight,0,dry,0,2,6,0,1,0,0,0,0,3,slightly_injured
2019,11,Sun,1,52.41749,13.3528,night,5,dark,2,dry,1,6,7,0,1,1,1,0,0,3,slightly_injured
2019,11,Sun,1,52.5413,13.40907,night,0,dark,2,dry,1,0,5,0,0,0,1,0,1,3,slightly_injured
2019,11,Sat,7,52.52043,13.49629,evening,18,dark,2,dry,1,5,3,0,1,0,1,0,0,2,seriously_injured
2019,11,Sat,7,52.48388,13.32019,afternoon,15,daylight,0,dry,0,5,3,0,1,1,0,0,0,3,slightly_injured
2019,11,Sat,7,52.50113,13.36254,afternoon,17,dark,2,dry,1,1,5,1,1,0,0,0,0,3,slightly_injured
2019,11,Sat,7,52.53787,13.22762,afternoon,17,dark,2,dry,1,2,7,0,1,0,0,0,0,3,slightly_injured
2019,11,Sat,7,52.56322,13.39091,afternoon,17,dark,2,dry,1,2,2,0,1,0,0,0,0,3,slightly_injured
2019,11,Sat,7,52.47909,13.44523,afternoon,16,dark,2,dry,1,5,2,1,1,0,0,0,0,3,slightly_injured
2019,11,Sat,7,52.54807,13.29672,afternoon,15,daylight,0,dry,1,5,2,0,1,0,0,0,0,2,seriously_injured
2019,11,Sat,7,52.54843,13.50838,evening,20,dark,2,dry,1,9,1,0,1,0,0,0,0,3,slightly_injured