ujahr,umonat,weekday,uwochentag,long,lat,time_of_day,ustunde,light_condition,ulichtverh,street_condition,ustrzustand,uart,utyp1,ist_rad,ist_pkw,ist_fuss,ist_krad,ist_gkfz,ist_sonstige,ukategorie,accident_outcome
2019,11,Wed,4,52.51638,13.58683,morning,6,dark,2,dry,0,5,2,0,1,0,1,0,0,2,seriously_injured
2019,11,Mon,2,52.46711,13.37019,morning,6,dusk,1,dry,1,6,2,0,1,1,0,0,0,3,slightly_injured
2019,11,Mon,2,52.50173,13.47687,morning,6,dark,2,dry,1,6,4,0,0,1,1,0,0,3,slightly_injured
2019,11,Wed,4,52.51371,13.35044,morning,8,daylight,0,dry,0,2,3,1,0,0,0,0,0,3,slightly_injured
2019,11,Wed,4,52.5349,13.45182,afternoon,16,dark,2,dry,0,5,2,1,0,0,0,0,1,3,slightly_injured
2019,11,Sun,1,52.59058,13.2922,afternoon,13,daylight,0,dry,1,0,7,0,0,0,1,0,0,3,slightly_injured
2019,11,Sun,1,52.60133,13.36963,night,5,dark,2,dry,1,1,5,0,1,0,0,0,0,2,seriously_injured
2019,11,Tue,3,52.44201,13.50319,morning,11,daylight,0,dry,0,5,7,0,0,0,0,0,1,3,slightly_injured
2019,11,Tue,3,52.5238,13.32957,morning,10,daylight,0,dry,0,2,2,0,1,0,0,0,0,3,slightly_injured
2019,11,Sun,1,52.50885,13.4606,night,3,dark,2,dry,1,0,1,1,0,1,0,0,0,3,slightly_injured
2019,11,Sun,1,52.58969,13.43061,night,1,dark,2,dry,1,2,6,0,1,0,1,0,0,3,slightly_injured
2019,11,Sun,1,52.4401,13.4467,afternoon,17,dark,2,dry,1,2,7,0,1,0,0,0,0,3,slightly_injured
2019,11,Tue,3,52.50852,13.47248,morning,10,daylight,0,dry,0,5,2,1,0,0,0,0,1,3,slightly_injured
2019,11,Sun,1,52.44499,13.57411,afternoon,17,dark,2,dry,1,0,1,1,0,0,0,0,0,3,slightly_injured
2019,11,Tue,3,52.53352,13.38743,morning,8,daylight,0,dry,0,5,2,1,1,0,0,0,0,3,slightly_injured
2019,11,Sun,1,52.55412,13.39198,afternoon,15,daylight,0,dry,1,5,3,1,1,0,0,0,0,3,slightly_injured
2019,11,Sun,1,52.55691,13.37368,afternoon,15,daylight,0,dry,0,2,6,0,1,0,0,0,0,3,slightly_injured
2019,11,Tue,3,52.49296,13.5377,morning,8,daylight,0,dry,0,5,3,0,1,0,0,0,1,3,slightly_injured
2019,11,Sun,1,52.57429,13.38977,afternoon,15,daylight,0,dry,1,5,3,1,1,0,0,0,0,3,slightly_injured
2019,11,Sun,1,52.5369,13.26476,afternoon,14,daylight,0,dry,1,0,7,0,0,0,1,0,0,3,slightly_injured
2019,11,Sun,1,52.55725,13.37327,afternoon,15,daylight,0,dry,0,5,3,0,1,0,0,0,0,3,slightly_injured
2019,11,Tue,3,52.52819,13.22877,morning,8,daylight,0,dry,0,5,7,0,1,0,0,0,0,3,slightly_injured
2019,11,Tue,3,52.51918,13.42845,morning,8,daylight,0,dry,0,2,6,0,1,0,0,0,0,3,slightly_injured
2019,11,Sun,1,52.5634,13.46014,afternoon,14,daylight,0,dry,1,0,1,1,0,0,0,0,0,3,slightly_injured
2019,11,Sun,1,52.50713,13.45721,morning,6,dark,2,dry,1,1,5,0,1,0,0,0,0,3,slightly_injured
2019,11,Tue,3,52.52902,13.37767,morning,8,daylight,0,dry,0,5,2,1,1,0,0,0,0,2,seriously_injured
2019,11,Sun,1,52.44145,13.2649,evening,21,dark,2,dry,1,2,7,0,1,0,0,0,0,3,slightly_injured
2019,11,Thu,5,52.49995,13.30729,evening,19,dark,2,dry,1,6,2,0,1,1,0,0,0,3,slightly_injured
2019,11,Thu,5,52.52382,13.16865,evening,18,dark,2,dry,1,5,3,0,0,0,1,0,0,3,slightly_injured
2019,11,Thu,5,52.5624,13.32646,evening,18,dark,2,dry,1,6,4,0,1,1,0,0,0,3,slightly_injured
2019,11,Thu,5,52.4561,13.47523,morning,7,daylight,0,dry,0,2,6,0,1,0,0,1,0,3,slightly_injured
2019,11,Thu,5,52.41316,13.4219,morning,6,dusk,1,dry,0,6,4,0,1,1,0,0,0,3,slightly_injured
2019,11,Thu,5,52.55374,13.40282,night,5,dark,2,dry,1,6,4,0,1,1,0,0,0,3,slightly_injured
2019,11,Thu,5,52.53778,13.20031,morning,7,daylight,0,dry,0,5,2,0,1,0,0,0,1,3,slightly_injured
2019,11,Wed,4,52.59514,13.43237,morning,8,daylight,0,dry,1,0,2,1,1,0,0,0,0,3,slightly_injured
2019,11,Wed,4,52.51544,13.42881,evening,21,dark,2,dry,1,5,3,0,1,0,0,0,0,3,slightly_injured
2019,11,Wed,4,52.5636,13.50575,evening,19,dark,2,dry,0,6,4,0,1,1,0,0,0,3,slightly_injured
2019,11,Wed,4,52.61187,13.48304,evening,19,dark,2,dry,1,5,3,0,1,0,0,0,0,3,slightly_injured
2019,11,Wed,4,52.49461,13.41539,afternoon,17,dark,2,dry,1,4,7,1,0,0,0,0,0,3,slightly_injured
2019,11,Wed,4,52.54018,13.37985,afternoon,17,dark,2,dry,1,5,3,1,1,0,0,0,0,3,slightly_injured
2019,11,Wed,4,52.51533,13.60093,afternoon,17,dark,2,dry,1,5,3,0,1,0,0,1,0,3,slightly_injured
2019,11,Wed,4,52.53237,13.54962,afternoon,17,dark,2,dry,1,5,2,1,1,0,0,0,0,3,slightly_injured
2019,11,Wed,4,52.54416,13.24698,afternoon,16,dark,2,dry,0,5,3,0,1,0,0,0,0,3,slightly_injured
2019,11,Wed,4,52.47005,13.48075,evening,22,dark,2,dry,0,0,1,0,0,0,0,0,1,3,slightly_injured
2019,11,Wed,4,52.46554,13.43243,evening,22,dark,2,dry,0,0,7,0,1,0,1,0,0,3,slightly_injured
2019,11,Wed,4,52.48984,13.38222,evening,19,dark,2,dry,1,0,2,0,1,0,1,0,0,3,slightly_injured
2019,11,Wed,4,52.48844,13.30785,evening,21,dark,2,dry,0,5,3,0,1,0,0,0,0,3,slightly_injured
2019,11,Wed,4,52.4291,13.52847,afternoon,12,daylight,0,dry,1,5,3,0,1,0,0,0,0,3,slightly_injured
2019,11,Wed,4,52.40921,13.37581,morning,11,daylight,0,dry,1,9,1,0,1,0,0,0,0,3,slightly_injured
2019,11,Wed,4,52.47495,13.45392,morning,10,daylight,0,dry,1,2,6,1,1,0,0,0,0,3,slightly_injured
2019,11,Wed,4,52.517,13.38577,morning,10,daylight,0,dry,1,2,6,1,1,0,0,0,0,2,seriously_injured
2019,11,Wed,4,52.50591,13.46367,morning,10,daylight,0,dry,1,5,7,1,1,0,0,0,0,3,slightly_injured
2019,11,Wed,4,52.48376,13.44286,morning,10,daylight,0,dry,1,0,6,0,1,0,1,0,0,3,slightly_injured
2019,11,Wed,4,52.43756,13.40059,morning,9,daylight,0,dry,0,4,7,1,0,0,0,0,0,3,slightly_injured
2019,11,Wed,4,52.54094,13.48643,morning,9,daylight,0,dry,1,6,4,0,1,1,0,0,0,3,slightly_injured
2019,11,Wed,4,52.55735,13.2076,morning,8,daylight,0,dry,1,0,1,0,0,0,1,0,0,3,slightly_injured
2019,11,Wed,4,52.51273,13.27927,morning,8,daylight,0,dry,1,6,4,0,0,1,1,0,0,2,seriously_injured
2019,11,Wed,4,52.49038,13.31386,morning,8,daylight,0,dry,1,6,2,0,0,1,0,1,0,2,seriously_injured
2019,11,Wed,4,52.50556,13.30333,morning,8,daylight,0,dry,1,2,6,0,1,0,0,0,0,3,slightly_injured
2019,11,Wed,4,52.51371,13.33579,morning,6,dusk,1,dry,1,6,4,0,1,1,0,0,0,3,slightly_injured
2019,11,Wed,4,52.43326,13.30725,morning,7,daylight,0,dry,1,5,2,1,1,0,0,0,0,2,seriously_injured
2019,11,Wed,4,52.40907,13.37251,morning,7,dark,2,dry,1,3,6,0,1,0,0,1,0,3,slightly_injured
2019,11,Wed,4,52.52648,13.29742,morning,7,daylight,0,dry,1,5,2,0,1,0,0,0,1,3,slightly_injured
2019,11,Wed,4,52.45081,13.4897,afternoon,16,dark,2,dry,0,5,3,1,1,0,0,0,0,2,seriously_injured
2019,11,Wed,4,52.50379,13.33157,afternoon,15,dusk,1,dry,0,6,4,1,0,1,0,0,0,3,slightly_injured
2019,11,Wed,4,52.58311,13.28936,afternoon,14,daylight,0,dry,1,0,1,0,1,0,1,0,0,3,slightly_injured
2019,11,Wed,4,52.54422,13.49271,afternoon,14,daylight,0,dry,1,6,4,0,0,1,0,0,1,3,slightly_injured
2019,11,Wed,4,52.42437,13.432,afternoon,13,daylight,0,dry,1,4,6,0,1,0,0,0,0,3,slightly_injured
2019,11,Wed,4,52.52537,13.16099,morning,7,daylight,0,dry,1,5,2,0,1,0,1,0,0,3,slightly_injured
2019,11,Wed,4,52.50444,13.34063,morning,7,dusk,1,dry,1,0,3,1,1,0,0,0,0,3,slightly_injured
2019,11,Wed,4,52.5188,13.28651,morning,6,dark,2,dry,1,6,2,0,1,1,0,0,0,3,slightly_injured
2019,11,Wed,4,52.52781,13.39778,morning,9,daylight,0,dry,1,3,6,1,1,0,0,0,0,3,slightly_injured
2019,11,Wed,4,52.53816,13.2451,morning,6,dark,2,dry,1,7,7,1,0,0,0,0,0,3,slightly_injured
2019,11,Wed,4,52.53732,13.37444,night,5,dark,2,dry,1,5,2,1,1,0,0,0,0,2,seriously_injured
2019,11,Wed,4,52.53299,13.40416,night,4,dark,2,dry,1,0,1,0,0,0,0,0,1,3,slightly_injured
2019,11,Tue,3,52.52956,13.41578,afternoon,13,daylight,0,dry,1,6,4,0,1,1,0,0,0,3,slightly_injured
2019,11,Tue,3,52.5523,13.38132,evening,22,dark,2,dry,1,5,2,0,1,0,0,0,1,3,slightly_injured
2019,11,Tue,3,52.52865,13.39429,evening,22,dark,2,dry,1,6,4,0,0,1,1,0,0,2,seriously_injured
2019,11,Tue,3,52.52448,13.29796,evening,23,dark,2,dry,1,2,6,0,1,0,0,0,0,3,slightly_injured
2019,11,Tue,3,52.56772,13.54541,evening,21,dark,2,dry,1,5,3,1,1,0,0,0,0,3,slightly_injured
2019,11,Tue,3,52.45854,13.41933,evening,19,dark,2,dry,0,1,5,0,1,0,0,0,1,3,slightly_injured
2019,11,Tue,3,52.51983,13.38824,evening,19,dark,2,dry,1,6,7,0,1,1,0,0,0,3,slightly_injured
2019,11,Tue,3,52.54892,13.15727,evening,19,dark,2,dry,1,6,2,0,1,1,0,0,0,3,slightly_injured
2019,11,Tue,3,52.48617,13.35107,evening,20,dark,2,dry,1,6,2,0,1,1,0,0,0,2,seriously_injured
2019,11,Tue,3,52.55428,13.40281,evening,18,dark,2,dry,1,6,4,0,1,1,0,0,0,3,slightly_injured
2019,11,Tue,3,52.55651,13.56396,afternoon,17,dark,2,dry,0,2,6,0,1,0,0,0,0,3,slightly_injured
2019,11,Tue,3,52.46149,13.37672,afternoon,17,dark,2,dry,0,6,2,0,1,1,0,0,0,3,slightly_injured
2019,11,Tue,3,52.43895,13.44944,afternoon,17,dusk,1,dry,0,6,4,0,1,1,0,0,0,2,seriously_injured
2019,11,Tue,3,52.45235,13.42405,afternoon,16,dark,2,dry,0,2,6,0,1,0,0,1,0,3,slightly_injured
2019,11,Tue,3,52.51353,13.51886,afternoon,16,dark,2,dry,0,5,2,1,1,0,0,0,0,3,slightly_injured
2019,11,Tue,3,52.51874,13.27591,afternoon,15,daylight,0,dry,0,5,2,0,1,0,0,0,1,3,slightly_injured
2019,11,Tue,3,52.50799,13.32822,afternoon,14,daylight,0,dry,0,5,3,1,1,0,0,0,0,3,slightly_injured
2019,11,Tue,3,52.5399,13.20393,afternoon,15,dusk,1,dry,0,0,4,0,0,1,1,0,0,2,seriously_injured
2019,11,Tue,3,52.39485,13.41873,evening,19,dark,2,dry,0,1,7,0,1,0,0,0,0,2,seriously_injured
2019,11,Tue,3,52.49046,13.3588,afternoon,14,daylight,0,dry,0,5,7,0,1,0,0,0,0,3,slightly_injured
2019,11,Tue,3,52.4412,13.5918,afternoon,14,daylight,0,dry,0,2,6,0,1,0,0,0,0,3,slightly_injured
2019,11,Tue,3,52.53836,13.32611,afternoon,14,daylight,0,dry,0,5,2,0,1,0,0,0,0,3,slightly_injured
2019,11,Tue,3,52.53961,13.2954,afternoon,15,daylight,0,dry,0,2,6,0,1,0,0,0,0,3,slightly_injured
2019,11,Tue,3,52.54014,13.37195,morning,11,daylight,0,dry,0,1,5,0,1,0,0,0,0,3,slightly_injured
2019,11,Tue,3,52.53413,13.49674,morning,11,daylight,0,dry,0,2,6,0,1,0,0,0,0,3,slightly_injured
2019,11,Tue,3,52.4581,13.37176,morning,9,daylight,0,dry,0,1,5,1,1,0,0,0,0,3,slightly_injured
2019,11,Tue,3,52.44484,13.56778,morning,10,daylight,0,dry,0,6,7,0,1,1,0,0,0,2,seriously_injured
2019,11,Tue,3,52.52773,13.45206,morning,6,dark,2,dry,0,5,2,1,1,0,0,0,0,3,slightly_injured
2019,11,Tue,3,52.46863,13.45027,morning,9,daylight,0,dry,0,5,3,0,1,0,0,0,1,3,slightly_injured
2019,11,Tue,3,52.46994,13.44325,morning,9,daylight,0,dry,0,0,7,0,1,0,0,0,0,3,slightly_injured
2019,11,Tue,3,52.49891,13.31643,morning,8,daylight,0,dry,0,5,2,1,1,0,0,0,0,3,slightly_injured
2019,11,Tue,3,52.53234,13.40628,morning,8,daylight,0,dry,0,5,3,1,1,0,0,0,0,3,slightly_injured
2019,11,Tue,3,52.45738,13.39096,morning,8,daylight,0,dry,0,5,3,0,1,0,0,0,0,3,slightly_injured
2019,11,Tue,3,52.44574,13.50564,morning,7,daylight,0,dry,1,2,2,1,1,0,0,0,0,3,slightly_injured
2019,11,Tue,3,52.49763,13.44143,morning,7,dusk,1,dry,1,8,1,1,0,0,0,0,0,3,slightly_injured
2019,11,Tue,3,52.56798,13.43975,morning,7,daylight,0,dry,0,6,2,0,0,1,0,1,0,2,seriously_injured
2019,11,Mon,2,52.53991,13.20383,morning,8,daylight,0,dry,0,5,2,1,1,0,0,0,0,3,slightly_injured
2019,11,Mon,2,52.44037,13.43502,afternoon,17,dark,2,dry,1,6,2,0,1,1,0,0,0,3,slightly_injured
2019,11,Mon,2,52.39668,13.53988,evening,18,dark,2,dry,1,5,2,1,0,0,0,1,0,3,slightly_injured
2019,11,Mon,2,52.47881,13.32845,evening,18,dark,2,dry,1,2,7,0,1,0,0,0,0,3,slightly_injured
2019,11,Mon,2,52.52117,13.35604,afternoon,17,dark,2,dry,1,0,1,1,0,0,0,0,0,3,slightly_injured
2019,11,Mon,2,52.45998,13.27722,afternoon,16,dark,2,dry,1,5,3,0,1,0,0,0,0,3,slightly_injured
2019,11,Mon,2,52.55134,13.40578,afternoon,17,dark,2,dry,1,5,2,1,1,0,0,0,0,3,slightly_injured
2019,11,Mon,2,52.50996,13.45591,evening,18,dark,2,dry,0,0,7,1,0,0,0,0,0,3,slightly_injured
2019,11,Mon,2,52.52347,13.37376,afternoon,16,dusk,1,dry,1,6,2,0,1,1,0,0,0,3,slightly_injured
2019,11,Mon,2,52.56448,13.37798,afternoon,16,dark,2,dry,1,6,6,0,1,1,0,0,0,3,slightly_injured
2019,11,Mon,2,52.52839,13.46687,afternoon,16,dark,2,dry,1,0,3,0,1,0,0,0,1,3,slightly_injured
2019,11,Mon,2,52.49863,13.33423,afternoon,17,dark,2,dry,1,5,3,0,1,0,0,0,0,3,slightly_injured
2019,11,Mon,2,52.40212,13.52188,afternoon,17,dark,2,dry,1,6,4,0,1,1,0,0,0,2,seriously_injured
2019,11,Mon,2,52.53446,13.5407,afternoon,15,daylight,0,dry,1,5,2,1,1,0,0,0,0,3,slightly_injured
2019,11,Mon,2,52.5189,13.38012,afternoon,17,dark,2,dry,1,6,4,1,0,1,0,0,0,3,slightly_injured
2019,11,Mon,2,52.51014,13.43008,afternoon,15,daylight,0,dry,1,5,3,1,0,0,0,0,1,3,slightly_injured
2019,11,Mon,2,52.58148,13.40422,afternoon,13,dusk,1,dry,1,5,3,1,1,0,0,0,0,2,seriously_injured
2019,11,Mon,2,52.48393,13.39445,afternoon,17,dark,2,dry,1,6,2,0,1,1,0,0,0,2,seriously_injured
2019,11,Mon,2,52.60177,13.30131,afternoon,13,daylight,0,dry,1,5,3,0,1,0,0,0,0,3,slightly_injured
2019,11,Mon,2,52.47826,13.31654,afternoon,13,daylight,0,dry,1,2,3,1,1,0,0,0,0,3,slightly_injured
2019,11,Mon,2,52.5303,13.20432,afternoon,17,dark,2,dry,1,2,6,0,1,0,0,0,1,3,slightly_injured
2019,11,Mon,2,52.6045,13.32642,afternoon,17,dark,2,dry,1,6,2,0,0,1,0,0,1,3,slightly_injured
2019,11,Mon,2,52.56803,13.31197,afternoon,12,daylight,0,dry,0,5,2,1,0,0,0,1,0,2,seriously_injured
2019,11,Mon,2,52.52006,13.61728,evening,19,dark,2,dry,1,1,5,0,1,0,1,0,0,3,slightly_injured
2019,11,Mon,2,52.52544,13.34276,afternoon,12,daylight,0,dry,1,5,2,0,1,0,1,0,0,2,seriously_injured
2019,11,Mon,2,52.5297,13.40288,evening,19,dark,2,dry,1,2,6,0,1,0,1,0,0,3,slightly_injured
2019,11,Mon,2,52.54801,13.29675,morning,10,daylight,0,dry,1,5,2,0,1,0,0,0,1,3,slightly_injured
2019,11,Mon,2,52.52717,13.12926,morning,9,daylight,0,dry,0,5,2,0,1,0,0,0,0,2,seriously_injured
2019,11,Mon,2,52.45311,13.33138,morning,9,daylight,0,dry,1,2,2,0,1,0,0,0,0,3,slightly_injured
2019,11,Mon,2,52.5659,13.39574,morning,9,daylight,0,dry,0,6,4,0,1,1,0,0,0,3,slightly_injured
2019,11,Mon,2,52.45719,13.51203,morning,8,daylight,0,dry,1,6,4,0,1,1,0,0,0,2,seriously_injured
2019,11,Mon,2,52.4525,13.57001,morning,8,daylight,0,dry,1,5,2,1,1,0,0,0,0,3,slightly_injured
2019,11,Mon,2,52.53194,13.3432,morning,8,daylight,0,dry,0,5,2,1,0,0,0,0,1,3,slightly_injured
2019,11,Mon,2,52.53001,13.38374,morning,8,daylight,0,dry,1,0,1,1,0,0,0,0,0,3,slightly_injured
2019,11,Mon,2,52.44436,13.37253,morning,7,daylight,0,dry,1,2,6,0,1,0,1,0,0,3,slightly_injured
2019,11,Mon,2,52.4902,13.43422,morning,7,daylight,0,dry,1,1,5,1,1,0,0,0,1,3,slightly_injured
2019,11,Mon,2,52.43317,13.32263,morning,7,daylight,0,dry,1,6,4,0,1,1,0,0,0,3,slightly_injured
2019,11,Mon,2,52.55984,13.31749,morning,6,dark,2,dry,1,5,2,0,1,0,0,0,1,2,seriously_injured
2019,11,Sun,1,52.50433,13.44178,afternoon,16,dark,2,dry,1,6,4,0,1,1,0,0,0,2,seriously_injured
2019,11,Sun,1,52.56205,13.35625,afternoon,15,daylight,0,dry,1,0,3,0,1,0,1,0,0,3,slightly_injured
2019,11,Sun,1,52.5517,13.4656,afternoon,15,daylight,0,dry,1,5,3,1,1,0,0,0,0,3,slightly_injured
2019,11,Sun,1,52.43804,13.57171,afternoon,14,daylight,0,dry,1,1,7,1,0,0,0,0,1,3,slightly_injured
2019,11,Sun,1,52.42783,13.72853,afternoon,13,daylight,0,dry,1,0,7,0,0,0,1,0,0,3,slightly_injured
2019,11,Sun,1,52.50229,13.38523,morning,10,daylight,0,dry,1,5,3,0,1,0,0,0,0,3,slightly_injured
2019,11,Sun,1,52.42721,13.26014,morning,9,daylight,0,dry,1,5,3,0,1,0,0,0,0,3,slightly_injured
2019,11,Sun,1,52.61764,13.3159,morning,8,daylight,0,dry,1,5,3,0,1,0,1,0,0,3,slightly_injured
2019,11,Sun,1,52.46557,13.42466,afternoon,17,dark,2,dry,1,6,4,0,1,1,0,0,0,2,seriously_injured
2019,11,Sun,1,52.48841,13.37667,night,2,dark,2,dry,0,1,5,1,1,0,0,0,0,3,slightly_injured
2019,11,Sun,1,52.55603,13.38435,evening,23,dark,2,dry,1,5,3,0,1,0,0,0,0,3,slightly_injured
2019,11,Sun,1,52.59379,13.32883,morning,6,dark,2,dry,1,8,1,0,1,0,0,0,0,3,slightly_injured
2019,11,Sun,1,52.50525,13.47186,evening,21,dark,2,dry,1,4,1,0,1,0,0,0,0,3,slightly_injured
2019,11,Sun,1,52.55142,13.42998,evening,20,dark,2,dry,1,5,2,1,1,0,0,0,0,3,slightly_injured
2019,11,Sun,1,52.41576,13.40607,evening,20,dark,2,dry,1,6,3,0,1,1,0,0,0,2,seriously_injured
2019,11,Sun,1,52.47975,13.4254,afternoon,17,dark,2,dry,1,6,4,0,1,1,0,0,0,3,slightly_injured
2019,11,Sun,1,52.4691,13.49131,afternoon,17,dark,2,dry,1,5,2,0,1,0,0,0,0,2,seriously_injured
2019,11,Sun,1,52.48454,13.35274,afternoon,15,dusk,1,dry,1,1,7,0,1,0,0,0,1,3,slightly_injured
2019,11,Sun,1,52.61705,13.35436,morning,7,dark,2,dry,1,9,1,0,1,0,0,0,0,3,slightly_injured
2019,11,Sat,7,52.50456,13.39461,night,5,dark,2,dry,1,5,3,0,1,0,0,0,0,3,slightly_injured
2019,11,Sat,7,52.54844,13.59291,afternoon,14,daylight,0,dry,0,5,2,0,1,0,0,0,0,3,slightly_injured
2019,11,Sat,7,52.47591,13.42687,evening,22,dark,2,dry,0,2,6,0,1,0,0,0,0,3,slightly_injured
2019,11,Sat,7,52.42893,13.30682,evening,19,dark,2,dry,0,6,2,0,1,1,0,0,0,3,slightly_injured
2019,11,Sat,7,52.49973,13.41611,evening,18,dark,2,dry,0,2,6,0,1,0,0,0,0,3,slightly_injured
2019,11,Sat,7,52.55143,13.37993,evening,18,dark,2,dry,0,2,6,0,1,0,0,0,0,3,slightly_injured
2019,11,Sat,7,52.5461,13.34407,afternoon,14,daylight,0,dry,1,5,2,0,1,0,0,0,0,3,slightly_injured
2019,11,Sat,7,52.52482,13.38663,night,0,dark,2,dry,0,1,5,0,1,0,0,0,1,2,seriously_injured
2019,11,Sat,7,52.53277,13.14798,morning,9,daylight,0,dry,1,5,2,0,1,0,0,0,0,3,slightly_injured
2019,11,Sat,7,52.53564,13.51966,morning,7,dark,2,dry,1,0,1,0,0,0,1,0,0,3,slightly_injured
2019,11,Sat,7,52.42657,13.31981,morning,6,dark,2,dry,1,5,3,1,1,0,0,0,0,3,slightly_injured
2019,11,Sat,7,52.46655,13.33852,evening,20,dark,2,dry,0,2,6,0,1,0,0,0,0,3,slightly_injured
2019,11,Sat,7,52.45108,13.28712,night,5,dark,2,dry,0,9,1,0,1,1,0,0,0,2,seriously_injured
2019,11,Sat,7,52.49303,13.38773,evening,20,dark,2,dry,0,5,2,0,1,0,0,0,0,3,slightly_injured
2019,11,Sat,7,52.56501,13.39428,evening,19,dark,2,dry,0,0,3,0,1,0,1,0,0,3,slightly_injured
2019,11,Sat,7,52.50193,13.44588,evening,18,dark,2,dry,0,2,6,0,1,0,0,0,0,3,slightly_injured
2019,11,Sat,7,52.47296,13.47661,afternoon,13,daylight,0,dry,0,5,2,0,1,0,0,0,0,3,slightly_injured
2019,11,Sat,7,52.48709,13.33312,afternoon,13,daylight,0,dry,0,5,7,0,1,0,0,0,0,3,slightly_injured
2019,11,Sat,7,52.47947,13.28667,afternoon,12,daylight,0,dry,0,6,7,0,1,1,0,0,0,3,slightly_injured
2019,11,Sat,7,52.52708,13.41555,night,2,dark,2,dry,0,0,2,0,1,0,0,0,0,3,slightly_injured
2019,11,Sat,7,52.53346,13.48435,afternoon,12,daylight,0,dry,1,2,6,0,1,0,0,0,0,3,slightly_injured
2019,11,Sat,7,52.54808,13.35195,morning,10,daylight,0,dry,1,0,5,0,1,0,1,0,0,2,seriously_injured
2019,11,Fri,6,52.53382,13.33944,morning,11,daylight,0,dry,0,6,4,0,1,1,0,0,0,3,slightly_injured
2019,11,Fri,6,52.4884,13.4136,evening,22,dark,2,dry,0,0,3,1,1,0,0,0,0,3,slightly_injured
2019,11,Fri,6,52.54011,13.49427,morning,7,dark,2,dry,1,6,4,0,1,1,0,0,0,3,slightly_injured
2019,11,Fri,6,52.46493,13.32846,evening,19,dark,2,dry,0,5,2,1,1,0,0,0,0,3,slightly_injured
2019,11,Fri,6,52.49687,13.33178,afternoon,17,dark,2,dry,0,0,5,1,1,0,0,0,0,3,slightly_injured
2019,11,Fri,6,52.56244,13.33098,afternoon,17,dark,2,dry,0,2,6,0,1,0,0,0,0,3,slightly_injured
2019,11,Sun,1,52.51077,13.3769,afternoon,13,daylight,0,dry,0,5,3,0,1,0,1,0,0,3,slightly_injured
2019,11,Sun,1,52.51017,13.5307,afternoon,12,daylight,0,dry,0,5,3,1,1,0,0,0,0,3,slightly_injured
2019,11,Fri,6,52.47346,13.37781,afternoon,17,dark,2,dry,0,3,6,0,1,0,0,1,0,3,slightly_injured
2019,11,Sun,1,52.5131,13.28123,afternoon,12,daylight,0,dry,0,3,6,0,1,0,0,0,1,3,slightly_injured
2019,11,Fri,6,52.51981,13.271,afternoon,16,daylight,0,dry,0,2,6,0,1,0,0,0,1,3,slightly_injured
2019,11,Sun,1,52.48647,13.36017,morning,11,daylight,0,dry,0,0,5,1,1,0,0,0,0,3,slightly_injured
2019,11,Sun,1,52.6099,13.47409,morning,10,daylight,0,dry,0,5,3,0,1,0,0,0,0,3,slightly_injured
2019,11,Fri,6,52.54015,13.37988,afternoon,16,daylight,0,dry,1,0,1,1,0,0,0,0,0,3,slightly_injured
2019,11,Sun,1,52.53754,13.29096,night,1,dark,2,dry,0,1,1,0,1,0,0,0,0,3,slightly_injured
2019,11,Sun,1,52.47337,13.29876,afternoon,16,dark,2,dry,0,6,2,0,1,1,0,0,0,3,slightly_injured
2019,11,Sun,1,52.44431,13.55968,night,2,dark,2,dry,1,0,1,1,0,0,0,0,0,3,slightly_injured
2019,11,Fri,6,52.51586,13.44042,afternoon,14,daylight,0,dry,0,5,3,1,1,0,0,0,0,3,slightly_injured
2019,11,Fri,6,52.55637,13.44104,afternoon,14,daylight,0,dry,0,5,3,1,1,0,0,0,0,3,slightly_injured
2019,11,Sun,1,52.43689,13.37343,evening,19,dark,2,dry,0,6,4,0,1,1,0,0,0,2,seriously_injured
2019,11,Sun,1,52.52384,13.35388,afternoon,17,dark,2,dry,0,0,1,0,0,0,0,0,1,3,slightly_injured
2019,11,Fri,6,52.51583,13.55356,afternoon,15,daylight,0,dry,0,5,3,1,1,0,0,0,0,2,seriously_injured
2019,11,Sat,7,52.53502,13.51242,afternoon,17,dark,2,dry,0,2,6,0,1,0,0,0,0,3,slightly_injured
2019,11,Sat,7,52.52926,13.37903,afternoon,17,dark,2,dry,0,0,1,1,0,0,0,0,0,2,seriously_injured
2019,11,Fri,6,52.40843,13.37678,afternoon,15,dusk,1,dry,0,5,3,0,1,0,0,0,0,3,slightly_injured
2019,11,Fri,6,52.50651,13.28541,afternoon,14,daylight,0,dry,0,5,3,0,1,0,0,0,0,3,slightly_injured
2019,11,Sat,7,52.54548,13.34891,afternoon,15,daylight,0,dry,0,6,4,0,1,1,0,0,0,3,slightly_injured
2019,11,Sat,7,52.52335,13.48549,afternoon,13,daylight,0,dry,0,2,6,0,1,0,0,0,0,3,slightly_injured
2019,11,Fri,6,52.55366,13.41668,afternoon,14,daylight,0,dry,0,2,6,0,1,0,0,0,0,3,slightly_injured
2019,11,Fri,6,52.50868,13.43502,afternoon,14,daylight,0,dry,0,2,2,0,0,0,1,0,1,3,slightly_injured
2019,11,Sat,7,52.55018,13.46481,afternoon,12,daylight,0,dry,0,0,5,0,1,0,0,0,0,3,slightly_injured
2019,11,Sat,7,52.40827,13.35303,afternoon,12,daylight,0,dry,0,3,6,1,1,0,0,0,0,3,slightly_injured
2019,11,Sat,7,52.51392,13.49815,evening,22,dark,2,dry,0,0,2,1,1,0,0,0,0,3,slightly_injured
2019,11,Fri,6,52.48371,13.40033,afternoon,12,daylight,0,dry,0,6,7,0,1,1,0,0,0,3,slightly_injured
2019,11,Sat,7,52.54786,13.57779,evening,20,dark,2,dry,0,6,4,0,1,1,0,0,0,2,seriously_injured
2019,11,Fri,6,52.51808,13.31439,afternoon,14,daylight,0,dry,0,0,7,1,1,0,0,0,0,3,slightly_injured