ujahr,umonat,weekday,uwochentag,long,lat,time_of_day,ustunde,light_condition,ulichtverh,street_condition,ustrzustand,uart,utyp1,ist_rad,ist_pkw,ist_fuss,ist_krad,ist_gkfz,ist_sonstige,ukategorie,accident_outcome
2019,11,Sat,7,52.56013,13.37049,evening,19,dark,2,dry,0,0,5,0,1,0,0,0,0,3,slightly_injured
2019,11,Sat,7,52.42784,13.31773,evening,20,dark,2,dry,0,4,6,0,1,0,0,0,0,2,seriously_injured
2019,11,Fri,6,52.52459,13.32756,afternoon,13,daylight,0,dry,0,0,6,0,1,0,1,0,0,2,seriously_injured
2019,11,Sat,7,52.54208,13.59153,evening,19,dark,2,dry,0,0,1,0,0,0,1,0,0,3,slightly_injured
2019,11,Sat,7,52.59554,13.33344,morning,10,daylight,0,dry,0,2,6,0,1,0,0,0,0,3,slightly_injured
2019,11,Sat,7,52.5197,13.29947,morning,10,daylight,0,dry,0,5,2,0,1,0,0,0,0,3,slightly_injured
2019,11,Fri,6,52.55158,13.50924,afternoon,13,daylight,0,dry,0,6,7,0,1,1,0,0,0,3,slightly_injured
2019,11,Fri,6,52.52402,13.40977,afternoon,13,daylight,0,dry,0,0,2,1,1,0,0,0,0,2,seriously_injured
2019,11,Sat,7,52.4808,13.42554,morning,7,dark,2,dry,0,0,1,1,0,0,0,0,0,3,slightly_injured
2019,11,Sat,7,52.54999,13.50882,night,2,dark,2,dry,1,9,1,0,1,0,0,0,0,3,slightly_injured
2019,11,Fri,6,52.56447,13.39318,afternoon,12,daylight,0,dry,0,0,2,1,1,0,0,0,0,3,slightly_injured
2019,11,Fri,6,52.47036,13.30113,afternoon,12,daylight,0,dry,0,1,5,1,1,0,0,0,0,3,slightly_injured
2019,11,Fri,6,52.59235,13.35405,morning,9,daylight,0,dry,1,5,3,1,1,0,0,0,0,3,slightly_injured
2019,11,Fri,6,52.44397,13.43351,afternoon,17,dark,2,dry,0,6,2,0,1,1,0,0,0,3,slightly_injured
2019,11,Fri,6,52.53821,13.37303,afternoon,12,daylight,0,dry,0,3,6,0,1,0,1,0,0,3,slightly_injured
2019,11,Fri,6,52.58693,13.28603,evening,21,dark,2,dry,0,5,3,0,1,0,0,0,0,3,slightly_injured
2019,11,Fri,6,52.55504,13.39243,evening,20,dark,2,dry,0,6,7,0,1,1,0,0,0,3,slightly_injured
2019,11,Fri,6,52.51149,13.41424,morning,10,daylight,0,dry,0,5,5,1,0,0,0,0,1,3,slightly_injured
2019,11,Fri,6,52.52769,13.24561,morning,10,daylight,0,dry,0,5,7,0,1,0,1,0,0,3,slightly_injured
2019,11,Fri,6,52.45262,13.4386,evening,19,dark,2,dry,0,5,2,0,1,0,0,0,0,3,slightly_injured
2019,11,Fri,6,52.48883,13.4021,evening,23,dark,2,dry,0,0,7,1,0,0,0,0,0,3,slightly_injured
2019,11,Fri,6,52.45303,13.29789,evening,19,dark,2,dry,1,1,7,0,1,0,0,0,0,2,seriously_injured
2019,11,Fri,6,52.53025,13.40887,morning,9,daylight,0,dry,0,1,5,1,1,0,0,0,0,3,slightly_injured
2019,11,Fri,6,52.48315,13.29162,evening,19,dark,2,dry,1,3,5,0,1,0,1,0,0,3,slightly_injured
2019,11,Fri,6,52.53238,13.16917,morning,10,daylight,0,dry,0,0,7,0,1,0,0,0,1,2,seriously_injured
2019,11,Fri,6,52.51637,13.38091,evening,18,dark,2,dry,0,5,2,1,1,0,0,0,0,3,slightly_injured
2019,11,Fri,6,52.50866,13.43409,evening,18,dark,2,dry,1,1,5,1,1,0,0,0,1,3,slightly_injured
2019,11,Fri,6,52.46103,13.48084,morning,8,daylight,0,dry,0,2,6,0,1,0,0,0,0,3,slightly_injured
2019,11,Fri,6,52.52458,13.36328,morning,8,daylight,0,dry,0,5,2,0,1,0,0,0,0,3,slightly_injured
2019,11,Fri,6,52.54755,13.45266,evening,18,dark,2,dry,0,0,5,0,1,0,0,0,0,3,slightly_injured
2019,11,Fri,6,52.53019,13.4638,morning,6,dusk,1,dry,0,0,6,0,1,0,1,0,0,3,slightly_injured
2019,11,Fri,6,52.54529,13.41293,afternoon,17,dark,2,dry,0,2,6,0,1,0,0,0,0,3,slightly_injured
2019,11,Fri,6,52.55076,13.41131,afternoon,17,dark,2,dry,0,1,5,1,1,0,0,0,0,3,slightly_injured
2019,11,Fri,6,52.55325,13.44761,morning,8,daylight,0,dry,0,6,7,1,0,1,0,0,0,3,slightly_injured
2019,11,Fri,6,52.52867,13.22243,morning,6,dark,2,dry,0,6,4,0,1,1,0,0,0,2,seriously_injured
2019,11,Fri,6,52.42554,13.48374,afternoon,17,dark,2,dry,1,2,6,0,1,0,0,0,0,3,slightly_injured
2019,11,Fri,6,52.53288,13.19918,afternoon,17,dark,2,dry,0,0,1,1,0,0,0,0,0,2,seriously_injured
2019,11,Fri,6,52.53946,13.33057,morning,8,daylight,0,dry,0,3,6,0,1,0,0,1,0,3,slightly_injured
2019,11,Fri,6,52.52161,13.15576,night,5,dark,2,dry,0,6,4,0,0,1,0,0,1,2,seriously_injured
2019,11,Fri,6,52.43747,13.50633,afternoon,17,dark,2,dry,0,0,7,1,0,0,0,0,0,3,slightly_injured
2019,11,Fri,6,52.44027,13.53619,afternoon,17,dark,2,dry,0,6,7,0,1,1,0,0,0,3,slightly_injured
2019,11,Fri,6,52.54149,13.59162,morning,7,dusk,1,dry,0,5,3,1,1,0,0,0,0,2,seriously_injured
2019,11,Fri,6,52.51711,13.56347,afternoon,17,dark,2,dry,0,0,5,0,1,0,0,0,0,3,slightly_injured
2019,11,Thu,5,52.41439,13.35016,afternoon,16,dusk,1,dry,0,6,2,0,0,1,0,0,1,3,slightly_injured
2019,11,Fri,6,52.41762,13.33226,morning,11,daylight,0,dry,1,5,3,0,1,0,0,0,0,3,slightly_injured
2019,11,Fri,6,52.41105,13.5565,morning,10,daylight,0,dry,1,8,7,0,1,0,0,0,0,3,slightly_injured
2019,11,Thu,5,52.50384,13.34018,evening,19,dark,2,dry,0,6,7,0,0,1,0,0,1,3,slightly_injured
2019,11,Thu,5,52.56369,13.37779,morning,7,dark,2,dry,0,3,6,0,1,0,0,0,0,3,slightly_injured
2019,11,Fri,6,52.49181,13.43578,afternoon,16,dusk,1,dry,0,1,5,1,1,0,0,0,0,3,slightly_injured
2019,11,Fri,6,52.50882,13.61334,afternoon,15,dusk,1,dry,0,1,5,0,1,0,0,0,0,3,slightly_injured
2019,11,Thu,5,52.63418,13.28066,morning,7,daylight,0,dry,0,5,3,1,1,0,0,0,0,3,slightly_injured
2019,11,Thu,5,52.4166,13.33826,morning,9,daylight,0,dry,0,6,2,0,1,1,0,0,0,3,slightly_injured
2019,11,Fri,6,52.51884,13.30234,afternoon,15,daylight,0,dry,0,5,2,0,1,0,0,0,1,3,slightly_injured
2019,11,Fri,6,52.47465,13.38076,afternoon,13,daylight,0,dry,0,0,6,1,1,0,0,0,0,3,slightly_injured
2019,11,Thu,5,52.52925,13.30164,night,1,dark,2,dry,0,5,2,0,1,0,0,1,0,3,slightly_injured
2019,11,Thu,5,52.43759,13.57169,evening,19,dark,2,dry,0,4,6,0,1,0,0,0,0,3,slightly_injured
2019,11,Fri,6,52.56302,13.50481,afternoon,13,daylight,0,dry,0,6,4,0,1,1,0,0,0,3,slightly_injured
2019,11,Fri,6,52.51502,13.46285,morning,9,daylight,0,dry,1,5,2,1,1,0,0,0,0,3,slightly_injured
2019,11,Fri,6,52.55075,13.51175,morning,9,daylight,0,dry,0,5,2,0,1,0,0,0,0,3,slightly_injured
2019,11,Thu,5,52.53158,13.61655,evening,19,dark,2,dry,0,1,5,0,1,0,0,0,1,2,seriously_injured
2019,11,Thu,5,52.56245,13.50319,evening,18,dark,2,dry,0,6,4,0,0,1,0,0,1,2,seriously_injured
2019,11,Fri,6,52.55241,13.42743,morning,9,daylight,0,dry,0,5,3,0,1,0,0,0,0,3,slightly_injured
2019,11,Fri,6,52.51516,13.61266,afternoon,13,daylight,0,dry,0,5,3,0,1,0,0,0,0,3,slightly_injured
2019,11,Thu,5,52.55632,13.37678,afternoon,17,dark,2,dry,0,2,6,0,1,0,0,0,0,3,slightly_injured
2019,11,Thu,5,52.54164,13.59159,afternoon,15,daylight,0,dry,0,5,3,1,1,0,0,0,0,3,slightly_injured
2019,11,Fri,6,52.54007,13.37097,morning,8,daylight,0,dry,1,2,6,0,1,0,1,0,0,3,slightly_injured
2019,11,Fri,6,52.49753,13.46696,morning,7,dusk,1,dry,1,0,6,0,1,0,1,0,0,3,slightly_injured
2019,11,Thu,5,52.46057,13.37008,afternoon,15,daylight,0,dry,0,5,2,1,1,0,0,0,0,3,slightly_injured
2019,11,Fri,6,52.5524,13.42744,afternoon,12,daylight,0,dry,0,5,3,0,1,0,0,0,0,3,slightly_injured
2019,11,Thu,5,52.43161,13.49541,afternoon,12,daylight,0,dry,0,5,2,1,1,0,0,0,0,2,seriously_injured
2019,11,Fri,6,52.55655,13.37394,morning,6,dark,2,dry,1,2,6,0,1,0,0,0,0,3,slightly_injured
2019,11,Fri,6,52.5392,13.60404,morning,7,dark,2,dry,1,6,2,0,1,1,0,0,0,2,seriously_injured
2019,11,Thu,5,52.40343,13.39955,afternoon,12,daylight,0,dry,0,1,7,0,1,0,0,0,0,2,seriously_injured
2019,11,Thu,5,52.50236,13.31329,afternoon,12,daylight,0,dry,0,2,6,0,1,0,0,0,0,3,slightly_injured
2019,11,Fri,6,52.53541,13.32824,night,5,dark,2,dry,1,5,2,1,0,0,0,1,0,3,slightly_injured
2019,11,Fri,6,52.47389,13.45588,night,5,dark,2,dry,1,6,2,0,1,1,0,0,0,3,slightly_injured
2019,11,Thu,5,52.54352,13.54924,morning,11,daylight,0,dry,0,3,6,0,1,0,0,0,1,3,slightly_injured
2019,11,Thu,5,52.51744,13.41821,morning,10,daylight,0,dry,0,5,7,1,1,0,0,0,0,3,slightly_injured
2019,11,Fri,6,52.43441,13.60331,afternoon,12,daylight,0,dry,1,4,6,0,1,0,0,0,0,2,seriously_injured
2019,11,Fri,6,52.44436,13.57414,morning,11,daylight,0,dry,1,2,6,0,1,0,0,0,0,3,slightly_injured
2019,11,Thu,5,52.43162,13.30985,afternoon,15,daylight,0,dry,0,2,6,0,1,0,1,0,0,3,slightly_injured
2019,11,Fri,6,52.52842,13.17148,morning,11,daylight,0,dry,1,1,5,1,0,0,0,0,1,3,slightly_injured
2019,11,Thu,5,52.53569,13.3566,afternoon,14,daylight,0,dry,0,5,2,1,1,0,0,0,0,3,slightly_injured
2019,11,Thu,5,52.51571,13.4985,afternoon,13,daylight,0,dry,0,5,2,1,1,0,0,0,0,3,slightly_injured
2019,11,Fri,6,52.50522,13.41197,morning,11,daylight,0,dry,0,3,5,1,1,0,0,0,0,3,slightly_injured
2019,11,Thu,5,52.56729,13.50405,afternoon,13,daylight,0,dry,0,6,4,0,1,1,0,0,0,3,slightly_injured
2019,11,Fri,6,52.46374,13.34461,evening,19,dark,2,dry,1,0,7,0,0,0,0,0,1,3,slightly_injured
2019,11,Thu,5,52.53983,13.37056,evening,22,dark,2,dry,0,5,2,0,1,0,1,0,0,3,slightly_injured
2019,11,Thu,5,52.52667,13.48594,evening,19,dark,2,dry,0,3,6,1,0,0,0,0,1,3,slightly_injured
2019,11,Thu,5,52.47669,13.45007,afternoon,14,daylight,0,dry,0,5,2,1,1,0,0,0,0,3,slightly_injured
2019,11,Thu,5,52.5357,13.26548,afternoon,17,dark,2,dry,1,2,6,0,1,0,0,0,0,3,slightly_injured
2019,11,Thu,5,52.61796,13.24139,morning,10,daylight,0,dry,0,5,3,0,1,0,0,0,0,3,slightly_injured
2019,11,Thu,5,52.59602,13.29147,afternoon,17,dark,2,dry,1,6,2,0,1,1,0,0,0,2,seriously_injured
2019,11,Thu,5,52.54789,13.30227,afternoon,17,dark,2,dry,1,5,2,0,1,0,1,0,0,2,seriously_injured
2019,11,Thu,5,52.53548,13.51915,afternoon,17,dark,2,dry,1,2,6,0,1,0,0,0,0,3,slightly_injured
2019,11,Thu,5,52.54288,13.54981,afternoon,17,dark,2,dry,1,6,2,0,1,1,0,0,0,3,slightly_injured
2019,11,Thu,5,52.48881,13.34516,afternoon,16,dark,2,dry,1,2,6,0,1,0,0,0,0,3,slightly_injured
2019,11,Thu,5,52.50972,13.53043,evening,19,dark,2,dry,0,6,3,0,1,1,0,0,0,3,slightly_injured
2019,11,Thu,5,52.48276,13.43818,morning,9,daylight,0,dry,0,5,3,0,1,0,1,0,0,3,slightly_injured
2019,11,Thu,5,52.61066,13.48223,afternoon,16,dark,2,dry,1,1,5,1,1,0,0,0,1,3,slightly_injured
2019,11,Thu,5,52.52685,13.41528,afternoon,17,dark,2,dry,1,6,4,0,1,1,0,0,0,3,slightly_injured
2019,11,Thu,5,52.50621,13.31405,afternoon,16,dark,2,dry,1,6,2,0,1,1,0,0,0,3,slightly_injured
2019,11,Thu,5,52.42384,13.57572,morning,8,daylight,0,dry,0,5,3,0,1,0,1,0,0,3,slightly_injured
2019,11,Thu,5,52.50185,13.34217,afternoon,16,dark,2,dry,1,6,4,0,1,1,0,0,0,2,seriously_injured
2019,11,Thu,5,52.43583,13.40328,morning,9,daylight,0,dry,0,1,7,0,1,0,0,0,1,2,seriously_injured
2019,11,Thu,5,52.53751,13.39321,afternoon,16,dark,2,dry,1,5,2,1,1,0,0,0,0,3,slightly_injured
2019,11,Thu,5,52.51192,13.38664,afternoon,16,dusk,1,dry,1,5,2,0,1,0,0,0,1,3,slightly_injured
2019,11,Thu,5,52.5039,13.41409,morning,6,dark,2,dry,0,5,5,1,0,0,0,0,1,3,slightly_injured
2019,11,Thu,5,52.56938,13.37148,afternoon,15,dusk,1,dry,1,6,4,0,1,1,0,0,0,3,slightly_injured
2019,11,Thu,5,52.60693,13.31953,afternoon,15,daylight,0,dry,1,6,4,0,1,1,0,0,0,3,slightly_injured
2019,11,Thu,5,52.53205,13.44125,afternoon,15,dusk,1,dry,0,5,2,1,0,0,0,0,1,3,slightly_injured
2019,11,Thu,5,52.43708,13.50502,morning,9,daylight,0,dry,0,6,2,0,1,1,0,0,0,3,slightly_injured
2019,11,Thu,5,52.45878,13.2833,afternoon,15,dusk,1,dry,1,6,4,0,0,1,0,0,1,3,slightly_injured
2019,11,Thu,5,52.44767,13.63866,afternoon,14,daylight,0,dry,1,0,1,1,0,0,0,0,0,3,slightly_injured
2019,11,Thu,5,52.62465,13.32261,morning,9,daylight,0,dry,0,5,3,1,1,0,0,0,0,3,slightly_injured
2019,11,Thu,5,52.44707,13.34217,afternoon,14,daylight,0,dry,1,0,7,0,1,0,0,0,0,2,seriously_injured
2019,11,Thu,5,52.52515,13.40656,night,1,dark,2,dry,0,0,1,0,0,0,0,0,1,3,slightly_injured
2019,11,Thu,5,52.52841,13.36383,afternoon,12,daylight,0,dry,1,6,4,0,1,1,0,0,0,3,slightly_injured
2019,11,Thu,5,52.44319,13.3156,afternoon,12,daylight,0,dry,0,6,2,0,1,1,0,0,0,2,seriously_injured
2019,11,Thu,5,52.50724,13.42846,night,0,dark,2,dry,1,0,1,1,0,0,0,0,0,3,slightly_injured
2019,11,Wed,4,52.5067,13.39244,evening,20,dark,2,dry,0,6,4,0,1,1,0,0,0,3,slightly_injured
2019,11,Thu,5,52.51803,13.40999,afternoon,12,daylight,0,dry,0,3,6,1,0,0,0,0,1,2,seriously_injured
2019,11,Thu,5,52.58639,13.40691,afternoon,12,daylight,0,dry,0,5,3,0,1,0,0,0,1,3,slightly_injured
2019,11,Wed,4,52.455,13.57957,afternoon,17,dark,2,dry,1,0,5,0,1,1,0,0,1,3,slightly_injured
2019,11,Wed,4,52.4806,13.4158,morning,7,dusk,1,dry,0,5,3,1,0,0,0,0,1,3,slightly_injured
2019,11,Thu,5,52.50601,13.30892,morning,10,daylight,0,dry,0,6,4,0,1,1,0,0,0,3,slightly_injured
2019,11,Thu,5,52.60726,13.32946,morning,11,daylight,0,dry,1,1,5,0,1,0,0,0,0,3,slightly_injured
2019,11,Thu,5,52.50715,13.32809,morning,9,daylight,0,dry,0,5,2,1,1,0,0,0,0,3,slightly_injured
2019,11,Wed,4,52.49925,13.43225,evening,20,dark,2,dry,0,6,4,0,1,1,0,0,0,3,slightly_injured
2019,11,Thu,5,52.5021,13.42482,morning,9,daylight,0,dry,0,5,3,1,1,0,0,0,0,3,slightly_injured
2019,11,Wed,4,52.42854,13.52233,evening,19,dark,2,dry,0,5,3,1,1,0,0,0,0,3,slightly_injured
2019,11,Thu,5,52.45432,13.32837,morning,8,daylight,0,dry,0,2,2,1,1,0,0,0,0,3,slightly_injured
2019,11,Thu,5,52.50317,13.39499,evening,22,dark,2,dry,1,5,3,1,1,0,0,0,0,3,slightly_injured
2019,11,Wed,4,52.48177,13.32548,evening,18,dark,2,dry,0,5,2,1,1,0,0,0,0,3,slightly_injured
2019,11,Thu,5,52.52933,13.62607,evening,20,dark,2,dry,1,5,2,0,1,0,0,0,0,3,slightly_injured
2019,11,Thu,5,52.49913,13.46817,evening,18,dark,2,dry,1,2,6,0,1,0,0,0,0,3,slightly_injured
2019,11,Thu,5,52.54472,13.39118,evening,20,dark,2,dry,1,6,2,0,1,1,0,0,0,3,slightly_injured
2019,11,Wed,4,52.50438,13.40794,evening,18,dark,2,dry,0,5,2,1,1,0,0,0,0,3,slightly_injured
2019,11,Wed,4,52.57466,13.37007,evening,18,dark,2,dry,0,6,4,0,1,1,0,0,0,2,seriously_injured
2019,11,Thu,5,52.55668,13.3636,evening,19,dark,2,dry,1,1,1,0,1,0,0,1,0,2,seriously_injured
2019,11,Thu,5,52.63898,13.28693,evening,19,dark,2,dry,1,1,5,1,1,0,0,0,0,2,seriously_injured
2019,11,Wed,4,52.4972,13.42454,afternoon,14,daylight,0,dry,0,5,3,0,1,0,0,0,0,3,slightly_injured
2019,12,Wed,4,52.51865,13.28305,evening,22,dark,2,dry,0,4,1,0,1,0,0,1,0,3,slightly_injured
2019,12,Wed,4,52.50027,13.42298,evening,22,dark,2,dry,0,5,2,0,1,0,1,0,0,3,slightly_injured
2019,12,Wed,4,52.43476,13.46977,evening,21,dark,2,dry,0,1,1,0,1,0,0,0,0,3,slightly_injured
2019,12,Wed,4,52.51244,13.46962,afternoon,12,daylight,0,dry,1,1,1,1,1,0,0,0,0,2,seriously_injured
2019,12,Wed,4,52.52664,13.34314,morning,11,daylight,0,dry,0,2,6,0,1,0,0,0,0,3,slightly_injured
2019,12,Wed,4,52.48066,13.45149,morning,9,daylight,0,dry,0,1,5,1,1,0,0,0,1,3,slightly_injured
2019,12,Wed,4,52.49939,13.33561,morning,9,daylight,0,dry,1,2,2,1,1,0,0,0,0,3,slightly_injured
2019,12,Wed,4,52.55689,13.52826,morning,9,daylight,0,dry,0,5,2,1,1,0,0,0,0,3,slightly_injured
2019,12,Wed,4,52.47402,13.28468,morning,9,daylight,0,dry,1,5,3,1,1,0,0,0,0,3,slightly_injured
2019,12,Wed,4,52.50841,13.43509,morning,9,daylight,0,dry,0,6,4,0,1,1,0,0,0,2,seriously_injured
2019,12,Wed,4,52.51387,13.39705,morning,9,daylight,0,dry,0,1,5,1,1,0,0,0,1,3,slightly_injured
2019,12,Wed,4,52.46609,13.51788,morning,8,daylight,0,dry,1,5,3,0,1,0,0,0,0,3,slightly_injured
2019,12,Wed,4,52.549,13.21014,morning,8,daylight,0,dry,1,3,6,0,1,0,1,0,0,3,slightly_injured
2019,12,Wed,4,52.5671,13.39733,night,5,dark,2,dry,1,0,3,0,0,0,1,0,0,3,slightly_injured
2019,12,Wed,4,52.44061,13.25508,afternoon,16,dark,2,dry,0,0,2,0,1,1,0,0,0,3,slightly_injured
2019,12,Wed,4,52.55658,13.34725,afternoon,16,dark,2,dry,1,1,5,1,1,0,0,0,1,3,slightly_injured
2019,12,Wed,4,52.44955,13.31533,afternoon,14,daylight,0,dry,0,5,2,0,1,0,0,0,0,3,slightly_injured
2019,12,Wed,4,52.45128,13.48833,afternoon,14,daylight,0,dry,0,5,3,1,1,0,0,0,0,3,slightly_injured
2019,12,Tue,3,52.52222,13.54482,afternoon,15,dusk,1,dry,1,4,6,1,1,0,0,0,0,3,slightly_injured
2019,12,Tue,3,52.53489,13.19886,morning,11,daylight,0,dry,1,6,4,0,1,1,0,0,0,2,seriously_injured
2019,12,Tue,3,52.42918,13.25987,morning,9,daylight,0,dry,1,0,2,1,1,0,0,0,0,3,slightly_injured
2019,12,Tue,3,52.55111,13.50953,morning,9,daylight,0,dry,1,6,4,0,1,1,0,0,0,2,seriously_injured
2019,12,Tue,3,52.52532,13.44383,morning,10,daylight,0,dry,1,2,6,0,1,0,0,0,1,3,slightly_injured
2019,12,Tue,3,52.50897,13.26452,morning,9,daylight,0,dry,1,5,3,0,1,0,0,0,0,3,slightly_injured
2019,12,Tue,3,52.45834,13.38255,morning,9,daylight,0,dry,2,5,3,0,1,0,0,0,0,2,seriously_injured
2019,12,Tue,3,52.48112,13.43692,morning,8,daylight,0,dry,0,3,6,1,1,0,0,0,0,3,slightly_injured
2019,12,Tue,3,52.45197,13.41845,morning,8,daylight,0,dry,0,2,6,0,1,0,0,0,0,3,slightly_injured
2019,12,Tue,3,52.51257,13.47622,morning,7,daylight,0,dry,2,0,1,1,0,0,0,0,0,3,slightly_injured
2019,12,Tue,3,52.43343,13.27619,morning,8,daylight,0,dry,0,6,2,0,1,1,0,0,0,3,slightly_injured
2019,12,Tue,3,52.49346,13.38345,morning,7,daylight,0,dry,2,0,2,1,0,0,0,0,1,3,slightly_injured
2019,12,Tue,3,52.42849,13.55173,morning,7,dusk,1,dry,1,5,2,0,1,0,1,0,0,3,slightly_injured
2019,12,Tue,3,52.55213,13.22546,night,5,dark,2,dry,2,1,5,0,1,0,0,0,0,3,slightly_injured
2019,12,Tue,3,52.59057,13.29208,night,5,dark,2,dry,2,5,2,0,1,0,0,0,0,3,slightly_injured
2019,12,Tue,3,52.53258,13.39874,evening,21,dark,2,dry,1,6,2,0,1,1,0,0,0,3,slightly_injured
2019,12,Tue,3,52.58073,13.30293,evening,20,dark,2,dry,0,5,2,0,1,0,0,0,0,3,slightly_injured
2019,12,Tue,3,52.552,13.46574,evening,20,dark,2,dry,2,0,1,0,0,0,1,0,0,3,slightly_injured
2019,12,Tue,3,52.44638,13.51428,evening,20,dark,2,dry,1,5,2,1,1,0,0,0,0,3,slightly_injured
2019,12,Tue,3,52.44227,13.58201,afternoon,17,dark,2,dry,1,1,1,0,1,0,1,0,0,3,slightly_injured
2019,12,Tue,3,52.54329,13.44161,afternoon,17,dark,2,dry,1,5,2,1,1,0,0,0,0,3,slightly_injured
2019,12,Tue,3,52.56294,13.45957,afternoon,17,dark,2,dry,1,2,6,0,1,0,0,0,0,3,slightly_injured
2019,12,Tue,3,52.52243,13.61953,evening,18,dark,2,dry,1,2,2,0,1,0,0,0,0,3,slightly_injured
2019,12,Tue,3,52.52479,13.39916,evening,18,dark,2,dry,1,1,5,1,1,0,0,0,0,3,slightly_injured
2019,12,Tue,3,52.51965,13.41649,afternoon,16,dark,2,dry,1,2,2,0,1,0,0,0,0,3,slightly_injured
2019,12,Tue,3,52.49263,13.53074,morning,7,dusk,1,dry,2,0,6,1,1,0,0,0,0,3,slightly_injured
2019,12,Tue,3,52.45658,13.35933,afternoon,17,dark,2,dry,1,6,2,0,1,1,0,0,0,3,slightly_injured
2019,12,Tue,3,52.56398,13.3683,afternoon,17,dark,2,dry,1,1,5,0,1,0,1,0,0,3,slightly_injured
2019,12,Tue,3,52.54999,13.45834,afternoon,16,dark,2,dry,1,6,4,0,1,1,0,0,0,2,seriously_injured
2019,12,Tue,3,52.54221,13.43607,afternoon,17,dark,2,dry,1,2,6,0,1,0,0,0,0,3,slightly_injured
2019,12,Tue,3,52.55221,13.42703,afternoon,16,dark,2,dry,1,5,3,0,1,0,0,0,0,3,slightly_injured
2019,12,Tue,3,52.5258,13.31595,afternoon,16,dark,2,dry,1,5,2,0,1,0,0,0,0,3,slightly_injured
2019,12,Tue,3,52.55387,13.41475,afternoon,15,daylight,0,dry,1,5,3,1,1,0,0,0,0,3,slightly_injured
2019,12,Tue,3,52.42475,13.37815,afternoon,15,daylight,0,dry,1,1,5,0,1,0,0,0,0,2,seriously_injured
2019,12,Tue,3,52.51433,13.39682,afternoon,15,daylight,0,dry,1,5,3,1,1,0,0,0,0,3,slightly_injured
2019,12,Tue,3,52.49163,13.30914,afternoon,15,daylight,0,dry,0,2,6,0,1,0,0,0,0,3,slightly_injured
2019,12,Tue,3,52.49591,13.29599,afternoon,14,daylight,0,dry,0,5,2,1,1,0,0,0,0,3,slightly_injured
2019,12,Tue,3,52.53925,13.49285,morning,7,dark,2,dry,1,6,2,0,1,1,0,0,0,3,slightly_injured
2019,12,Tue,3,52.49414,13.38896,afternoon,13,daylight,0,dry,1,1,5,1,1,0,0,0,0,3,slightly_injured
2019,12,Tue,3,52.45303,13.57455,afternoon,12,daylight,0,dry,1,6,6,0,1,1,0,0,0,3,slightly_injured
2019,12,Tue,3,52.45637,13.56262,morning,11,daylight,0,dry,0,5,2,1,1,0,0,0,0,2,seriously_injured
2019,12,Mon,2,52.48503,13.37665,evening,20,dark,2,dry,1,5,2,0,1,0,0,0,0,2,seriously_injured
2019,12,Mon,2,52.52614,13.36794,evening,21,dark,2,dry,1,3,6,1,0,0,0,0,0,2,seriously_injured
2019,12,Mon,2,52.60521,13.29139,afternoon,16,dark,2,dry,0,1,5,1,0,0,0,0,1,3,slightly_injured
2019,12,Mon,2,52.49804,13.29607,afternoon,17,dark,2,dry,1,6,2,0,1,1,0,0,0,3,slightly_injured
2019,12,Mon,2,52.54833,13.29652,afternoon,17,dark,2,dry,1,2,6,0,1,0,0,0,0,3,slightly_injured
2019,12,Mon,2,52.46717,13.3703,afternoon,17,dark,2,dry,1,6,2,0,1,1,0,0,0,3,slightly_injured
2019,12,Mon,2,52.51727,13.44068,afternoon,17,dark,2,dry,1,5,3,0,1,0,0,0,1,3,slightly_injured
2019,12,Mon,2,52.4143,13.35011,afternoon,17,dark,2,dry,1,6,4,0,1,1,0,0,0,2,seriously_injured
2019,12,Mon,2,52.53277,13.38032,afternoon,16,dark,2,dry,1,2,6,1,1,0,0,0,0,3,slightly_injured
2019,12,Mon,2,52.46837,13.46744,afternoon,16,dark,2,dry,1,1,5,1,1,0,0,0,0,3,slightly_injured
2019,12,Mon,2,52.57081,13.31791,afternoon,16,dark,2,dry,1,5,3,0,1,0,0,0,0,3,slightly_injured
2019,12,Mon,2,52.52316,13.42993,afternoon,16,dark,2,dry,1,5,2,0,1,0,0,0,1,3,slightly_injured
2019,12,Mon,2,52.43033,13.31229,afternoon,16,dark,2,dry,1,5,2,1,1,0,0,0,0,3,slightly_injured
2019,12,Mon,2,52.52575,13.3105,afternoon,16,dark,2,dry,1,2,6,0,1,0,0,0,0,3,slightly_injured
2019,12,Mon,2,52.5097,13.45705,afternoon,15,dusk,1,dry,1,0,7,1,0,0,0,0,0,3,slightly_injured
2019,12,Mon,2,52.49842,13.39596,afternoon,16,dark,2,dry,1,6,4,0,1,1,0,0,0,2,seriously_injured
2019,12,Mon,2,52.51984,13.46261,evening,22,dark,2,dry,0,8,1,0,1,0,0,0,0,3,slightly_injured
2019,12,Mon,2,52.49118,13.43526,afternoon,14,daylight,0,dry,1,5,3,1,1,0,0,0,0,3,slightly_injured
2019,12,Mon,2,52.43767,13.3481,afternoon,14,daylight,0,dry,0,2,6,0,1,0,0,1,0,3,slightly_injured
2019,12,Mon,2,52.49675,13.41945,evening,21,dark,2,dry,1,3,6,1,1,0,0,0,0,2,seriously_injured
2019,12,Mon,2,52.52963,13.46086,evening,19,dark,2,dry,1,5,7,0,1,0,0,0,1,3,slightly_injured
2019,12,Mon,2,52.46393,13.40826,afternoon,13,daylight,0,dry,0,2,6,0,1,0,0,1,0,3,slightly_injured
2019,12,Mon,2,52.46737,13.30871,evening,19,dark,2,dry,1,6,2,0,1,1,0,0,0,3,slightly_injured
2019,12,Mon,2,52.55553,13.38675,afternoon,13,daylight,0,dry,1,2,6,0,1,0,0,1,0,3,slightly_injured
2019,12,Mon,2,52.57794,13.31571,afternoon,12,daylight,0,dry,1,0,5,0,1,0,0,0,1,3,slightly_injured