ujahr,umonat,weekday,uwochentag,long,lat,time_of_day,ustunde,light_condition,ulichtverh,street_condition,ustrzustand,uart,utyp1,ist_rad,ist_pkw,ist_fuss,ist_krad,ist_gkfz,ist_sonstige,ukategorie,accident_outcome
2019,12,Mon,2,52.54776,13.43943,evening,18,dark,2,dry,1,6,2,0,1,1,0,0,0,2,seriously_injured
2019,12,Mon,2,52.59134,13.37144,afternoon,16,dark,2,dry,1,6,4,0,1,1,0,0,0,3,slightly_injured
2019,12,Mon,2,52.47759,13.47875,morning,11,daylight,0,dry,0,5,2,0,1,0,0,0,0,3,slightly_injured
2019,12,Mon,2,52.41371,13.35333,afternoon,17,dark,2,dry,1,1,5,0,1,0,0,0,0,3,slightly_injured
2019,12,Mon,2,52.41486,13.32573,morning,11,daylight,0,dry,0,0,3,0,0,0,0,0,1,3,slightly_injured
2019,12,Mon,2,52.52078,13.32767,morning,9,daylight,0,dry,1,5,2,0,1,0,1,0,0,3,slightly_injured
2019,12,Mon,2,52.49771,13.29426,night,5,dark,2,dry,0,5,7,0,1,0,0,1,0,3,slightly_injured
2019,12,Mon,2,52.63774,13.49135,night,5,dark,2,dry,0,5,3,1,1,0,0,0,0,3,slightly_injured
2019,12,Mon,2,52.47293,13.46985,night,4,dark,2,dry,1,4,6,0,1,0,0,0,0,3,slightly_injured
2019,12,Mon,2,52.51176,13.45682,night,2,dark,2,dry,0,6,4,0,1,1,0,0,0,3,slightly_injured
2019,12,Mon,2,52.56484,13.39396,afternoon,17,dark,2,dry,1,5,7,1,1,0,0,0,0,3,slightly_injured
2019,12,Mon,2,52.47864,13.52449,morning,7,daylight,0,dry,0,5,2,1,1,0,0,0,0,3,slightly_injured
2019,12,Sun,1,52.4661,13.38572,evening,22,dark,2,dry,0,5,3,0,1,0,0,0,0,3,slightly_injured
2019,12,Sun,1,52.54486,13.34172,evening,21,dark,2,dry,0,1,6,0,1,0,0,0,1,3,slightly_injured
2019,12,Sun,1,52.5537,13.41283,evening,19,dark,2,dry,0,6,4,0,0,1,0,0,1,2,seriously_injured
2019,12,Sun,1,52.5273,13.19594,evening,18,dark,2,dry,0,5,2,0,1,0,1,0,0,3,slightly_injured
2019,12,Sun,1,52.51625,13.4796,afternoon,14,daylight,0,dry,0,0,4,1,0,1,0,0,0,3,slightly_injured
2019,12,Sun,1,52.47272,13.43628,afternoon,13,daylight,0,dry,0,5,3,0,1,0,0,0,0,3,slightly_injured
2019,12,Sun,1,52.56117,13.45736,morning,10,daylight,0,dry,0,2,6,0,1,0,0,0,0,3,slightly_injured
2019,12,Sun,1,52.43253,13.46231,night,4,dark,2,dry,0,5,3,0,1,0,0,0,0,2,seriously_injured
2019,12,Sun,1,52.52317,13.43332,night,1,dark,2,dry,0,6,7,0,1,1,0,0,0,2,seriously_injured
2019,12,Sun,1,52.52274,13.41541,night,1,dark,2,dry,0,5,3,0,1,0,0,0,1,3,slightly_injured
2019,11,Sat,7,52.49434,13.40035,afternoon,15,daylight,0,dry,0,0,6,0,1,0,1,0,0,3,slightly_injured
2019,11,Sat,7,52.5227,13.36267,afternoon,12,daylight,0,dry,0,5,3,1,1,0,0,0,0,3,slightly_injured
2019,11,Sat,7,52.59704,13.28376,night,0,dark,2,dry,0,2,6,0,1,0,0,0,0,3,slightly_injured
2019,11,Sat,7,52.53857,13.20058,morning,9,daylight,0,dry,0,6,2,0,1,1,0,0,0,3,slightly_injured
2019,11,Sat,7,52.5287,13.41034,night,3,dark,2,dry,0,2,6,0,1,0,0,0,0,3,slightly_injured
2019,11,Sat,7,52.53021,13.3835,evening,23,dark,2,dry,0,1,5,1,0,0,0,0,1,3,slightly_injured
2019,11,Sat,7,52.52007,13.46564,evening,19,dark,2,dry,0,5,3,0,1,0,1,0,0,3,slightly_injured
2019,11,Sat,7,52.59252,13.4367,evening,18,dark,2,dry,0,5,2,1,1,0,0,0,0,3,slightly_injured
2019,11,Sat,7,52.48157,13.43134,evening,18,dark,2,dry,0,5,2,0,1,0,0,0,0,3,slightly_injured
2019,11,Sat,7,52.53811,13.24775,afternoon,16,dusk,1,dry,0,5,2,0,1,0,0,0,0,3,slightly_injured
2019,11,Sat,7,52.59467,13.28459,afternoon,16,dusk,1,dry,0,2,6,0,1,0,0,0,0,3,slightly_injured
2019,11,Sat,7,52.55136,13.43015,evening,18,dark,2,dry,0,2,6,0,1,0,0,0,0,3,slightly_injured
2019,11,Sat,7,52.53475,13.19976,afternoon,14,daylight,0,dry,0,6,4,0,1,1,0,0,0,2,seriously_injured
2019,11,Sat,7,52.53543,13.47121,afternoon,12,daylight,0,dry,0,5,2,0,1,0,0,0,1,2,seriously_injured
2019,11,Sat,7,52.44327,13.37585,afternoon,14,daylight,0,dry,0,2,6,0,1,0,0,0,0,3,slightly_injured
2019,11,Sat,7,52.4991,13.42572,morning,7,daylight,0,dry,0,0,7,1,0,0,0,0,0,3,slightly_injured
2019,11,Sat,7,52.50254,13.46832,night,4,dark,2,dry,0,0,1,0,0,0,0,0,1,3,slightly_injured
2019,11,Sat,7,52.5012,13.45907,evening,19,dark,2,dry,1,6,2,0,1,1,0,0,0,3,slightly_injured
2019,11,Fri,6,52.49829,13.39945,afternoon,17,dark,2,dry,0,5,2,0,1,0,0,0,0,3,slightly_injured
2019,11,Fri,6,52.4319,13.46018,evening,19,dark,2,dry,1,5,7,0,1,0,0,0,0,3,slightly_injured
2019,11,Fri,6,52.53871,13.20067,evening,18,dark,2,dry,0,5,2,1,1,0,0,0,0,3,slightly_injured
2019,11,Fri,6,52.53919,13.19798,evening,18,dark,2,dry,0,6,4,0,1,1,0,0,0,3,slightly_injured
2019,11,Fri,6,52.4681,13.43096,evening,18,dark,2,dry,0,0,6,0,0,0,1,0,1,3,slightly_injured
2019,11,Fri,6,52.49852,13.41215,afternoon,17,dusk,1,dry,0,3,2,1,1,0,0,0,0,3,slightly_injured
2019,11,Fri,6,52.48909,13.40572,afternoon,16,dark,2,dry,0,5,2,1,1,0,0,0,0,3,slightly_injured
2019,11,Fri,6,52.55111,13.38401,afternoon,15,daylight,0,dry,0,1,5,0,1,0,0,1,0,3,slightly_injured
2019,11,Fri,6,52.48858,13.44219,afternoon,14,daylight,0,dry,1,5,3,0,1,0,0,0,0,3,slightly_injured
2019,11,Fri,6,52.3705,13.68383,afternoon,12,daylight,0,dry,1,0,6,0,1,0,1,0,0,3,slightly_injured
2019,11,Fri,6,52.4328,13.25934,afternoon,12,daylight,0,dry,0,5,7,0,1,0,0,0,1,3,slightly_injured
2019,11,Fri,6,52.53615,13.39119,afternoon,12,daylight,0,dry,0,5,2,0,1,0,0,0,0,3,slightly_injured
2019,11,Fri,6,52.46137,13.34493,morning,11,daylight,0,dry,0,6,4,0,1,1,0,0,0,3,slightly_injured
2019,11,Fri,6,52.59059,13.292,morning,11,daylight,0,dry,0,5,2,0,1,0,0,0,0,3,slightly_injured
2019,11,Fri,6,52.41913,13.3596,morning,11,daylight,0,dry,0,1,5,0,1,0,0,0,0,2,seriously_injured
2019,11,Fri,6,52.50684,13.39254,morning,9,daylight,0,dry,0,6,4,0,0,1,0,0,1,3,slightly_injured
2019,11,Fri,6,52.54753,13.24772,morning,9,daylight,0,dry,0,2,6,0,1,0,0,1,0,3,slightly_injured
2019,11,Fri,6,52.46765,13.33642,morning,9,daylight,0,dry,0,5,3,1,1,0,0,0,0,3,slightly_injured
2019,11,Fri,6,52.49972,13.39508,afternoon,16,dark,2,dry,0,0,7,1,0,0,0,0,0,2,seriously_injured
2019,11,Fri,6,52.55953,13.36946,morning,9,daylight,0,dry,0,2,6,0,1,0,0,0,0,3,slightly_injured
2019,11,Fri,6,52.49818,13.35946,morning,9,daylight,0,dry,1,6,4,1,0,1,0,0,0,3,slightly_injured
2019,11,Fri,6,52.52449,13.44098,morning,8,daylight,0,dry,0,5,2,1,0,0,0,0,1,3,slightly_injured
2019,11,Fri,6,52.48889,13.39718,morning,8,daylight,0,dry,1,6,4,1,0,1,0,0,0,3,slightly_injured
2019,11,Fri,6,52.56804,13.57474,morning,7,dark,2,dry,1,6,4,0,1,1,0,0,0,3,slightly_injured
2019,11,Thu,5,52.53763,13.22697,evening,19,dark,2,dry,1,2,6,0,1,0,0,0,0,3,slightly_injured
2019,11,Thu,5,52.46947,13.58823,evening,19,dark,2,dry,1,1,5,0,1,0,0,0,1,2,seriously_injured
2019,11,Thu,5,52.50227,13.31328,evening,19,dark,2,dry,1,2,6,0,1,0,0,0,0,3,slightly_injured
2019,11,Thu,5,52.51933,13.30087,evening,18,dark,2,dry,1,3,6,0,1,0,1,0,0,3,slightly_injured
2019,11,Thu,5,52.48381,13.43604,evening,18,dark,2,dry,1,2,3,0,1,0,0,0,0,3,slightly_injured
2019,11,Thu,5,52.5443,13.36013,evening,18,dark,2,dry,1,6,2,0,1,1,0,0,0,2,seriously_injured
2019,11,Thu,5,52.55464,13.40258,evening,19,dark,2,dry,0,6,2,0,0,1,0,0,1,2,seriously_injured
2019,11,Thu,5,52.43435,13.39002,evening,18,dark,2,dry,1,5,2,0,1,0,0,0,0,3,slightly_injured
2019,11,Thu,5,52.50217,13.47546,afternoon,17,dark,2,dry,1,0,6,0,1,0,1,0,0,3,slightly_injured
2019,11,Thu,5,52.54295,13.35172,afternoon,17,dark,2,dry,1,2,6,0,1,0,0,0,0,3,slightly_injured
2019,11,Thu,5,52.54644,13.46774,afternoon,17,dark,2,dry,1,5,2,0,1,0,0,0,0,3,slightly_injured
2019,11,Thu,5,52.42676,13.30307,afternoon,17,dark,2,dry,1,6,2,0,1,1,0,0,0,3,slightly_injured
2019,11,Thu,5,52.535,13.51011,afternoon,17,dark,2,dry,1,6,4,1,0,1,0,0,0,2,seriously_injured
2019,11,Thu,5,52.61224,13.30805,afternoon,17,dark,2,dry,0,1,5,0,1,0,0,0,0,3,slightly_injured
2019,11,Thu,5,52.53075,13.39482,afternoon,17,dark,2,dry,1,5,3,1,1,0,0,0,0,3,slightly_injured
2019,11,Thu,5,52.53555,13.1953,afternoon,17,dark,2,dry,1,6,4,0,1,1,0,0,0,3,slightly_injured
2019,11,Thu,5,52.47472,13.60014,afternoon,16,dark,2,dry,1,5,3,1,1,0,0,0,0,3,slightly_injured
2019,11,Thu,5,52.51714,13.58694,afternoon,16,dark,2,dry,0,6,7,0,0,1,0,0,1,3,slightly_injured
2019,11,Thu,5,52.44328,13.58312,afternoon,16,dark,2,dry,1,6,4,0,1,1,0,0,0,3,slightly_injured
2019,11,Thu,5,52.52402,13.40977,afternoon,15,daylight,0,dry,0,5,2,1,1,0,0,0,0,3,slightly_injured
2019,11,Thu,5,52.56044,13.57424,afternoon,14,daylight,0,dry,0,6,4,0,1,1,0,0,0,3,slightly_injured
2019,11,Thu,5,52.48638,13.32051,evening,21,dark,2,dry,1,5,2,1,1,0,0,0,0,3,slightly_injured
2019,11,Thu,5,52.43477,13.52295,afternoon,12,daylight,0,dry,0,1,5,0,1,0,0,0,0,3,slightly_injured
2019,11,Thu,5,52.58947,13.34581,afternoon,13,daylight,0,dry,1,2,6,0,1,0,0,0,0,3,slightly_injured
2019,11,Thu,5,52.53793,13.41529,afternoon,13,daylight,0,dry,0,7,7,1,0,0,0,0,0,3,slightly_injured
2019,11,Thu,5,52.5097,13.50348,afternoon,12,daylight,0,dry,0,5,2,0,1,0,0,0,0,3,slightly_injured
2019,11,Thu,5,52.55425,13.17459,afternoon,12,daylight,0,dry,0,2,3,0,1,0,1,0,0,3,slightly_injured
2019,11,Thu,5,52.48841,13.30452,evening,20,dark,2,dry,1,5,7,0,1,0,1,0,0,3,slightly_injured
2019,11,Thu,5,52.47144,13.51729,afternoon,12,daylight,0,dry,0,5,7,0,1,0,0,1,0,3,slightly_injured
2019,11,Thu,5,52.47402,13.48366,evening,20,dark,2,dry,1,5,3,1,1,0,0,0,0,3,slightly_injured
2019,11,Thu,5,52.49967,13.43328,morning,11,daylight,0,dry,0,5,7,1,1,0,0,0,0,3,slightly_injured
2019,11,Thu,5,52.56211,13.33153,morning,10,daylight,0,dry,0,5,2,1,1,0,0,0,0,3,slightly_injured
2019,11,Thu,5,52.56452,13.50881,morning,10,daylight,0,dry,0,6,2,0,0,1,0,1,0,3,slightly_injured
2019,11,Thu,5,52.59803,13.43334,morning,10,daylight,0,dry,0,1,5,1,0,0,0,0,1,3,slightly_injured
2019,11,Thu,5,52.53988,13.61172,morning,8,daylight,0,dry,0,5,3,1,1,0,0,0,0,3,slightly_injured
2019,11,Thu,5,52.48662,13.18233,morning,8,daylight,0,dry,0,2,6,0,1,0,0,0,0,3,slightly_injured
2019,11,Thu,5,52.50404,13.42866,morning,7,daylight,0,dry,1,6,4,1,1,1,0,0,0,3,slightly_injured
2019,11,Thu,5,52.53864,13.24308,night,5,dark,2,dry,1,5,2,1,1,0,0,0,0,3,slightly_injured
2019,11,Wed,4,52.49647,13.35223,evening,18,dark,2,dry,1,2,7,1,1,0,0,0,0,3,slightly_injured
2019,11,Wed,4,52.46023,13.39102,afternoon,17,dark,2,dry,0,6,6,1,0,1,0,0,0,3,slightly_injured
2019,11,Wed,4,52.54668,13.44221,evening,19,dark,2,dry,1,5,3,0,1,0,0,0,0,3,slightly_injured
2019,11,Wed,4,52.46679,13.43492,evening,20,dark,2,dry,0,1,5,1,1,0,0,0,0,3,slightly_injured
2019,11,Wed,4,52.41822,13.41702,afternoon,16,dusk,1,dry,1,6,2,0,1,1,0,0,0,3,slightly_injured
2019,11,Wed,4,52.5606,13.38783,evening,19,dark,2,dry,1,1,5,0,1,0,0,0,1,2,seriously_injured
2019,11,Wed,4,52.47275,13.45505,evening,19,dark,2,dry,1,6,4,0,1,1,0,0,0,3,slightly_injured
2019,11,Wed,4,52.45202,13.46954,evening,19,dark,2,dry,1,2,6,0,1,0,0,0,0,3,slightly_injured
2019,11,Wed,4,52.43751,13.33456,evening,18,dark,2,dry,1,6,2,0,1,1,0,0,0,3,slightly_injured
2019,12,Fri,6,52.54881,13.43677,morning,8,daylight,0,dry,1,5,3,1,1,0,0,0,0,3,slightly_injured
2019,11,Wed,4,52.53801,13.32625,evening,18,dark,2,dry,1,5,2,0,1,0,0,0,0,3,slightly_injured
2019,11,Wed,4,52.45448,13.43051,evening,18,dark,2,dry,1,8,1,0,1,0,0,0,0,3,slightly_injured
2019,12,Fri,6,52.4251,13.24667,morning,8,daylight,0,dry,0,5,7,0,0,0,1,0,1,3,slightly_injured
2019,11,Wed,4,52.54605,13.4427,afternoon,17,dark,2,dry,1,2,6,0,1,0,0,0,0,3,slightly_injured
2019,12,Fri,6,52.41027,13.4107,night,5,dark,2,dry,0,5,3,0,1,0,0,0,0,3,slightly_injured
2019,11,Wed,4,52.48843,13.3036,afternoon,17,dark,2,dry,1,5,2,1,1,0,0,0,0,3,slightly_injured
2019,11,Wed,4,52.58798,13.33965,afternoon,17,dark,2,dry,1,6,4,0,1,1,0,0,0,3,slightly_injured
2019,12,Fri,6,52.49471,13.29006,morning,6,daylight,0,dry,1,2,6,0,1,0,0,0,0,3,slightly_injured
2019,11,Wed,4,52.45297,13.39267,afternoon,17,dark,2,dry,1,5,7,0,1,0,1,0,0,3,slightly_injured
2019,11,Wed,4,52.4754,13.36003,afternoon,17,dark,2,dry,1,5,3,0,1,0,0,0,0,3,slightly_injured
2019,11,Wed,4,52.45492,13.32688,afternoon,17,dark,2,dry,1,5,3,1,1,0,0,0,0,3,slightly_injured
2019,12,Fri,6,52.59379,13.28079,morning,6,dark,2,dry,2,5,2,0,1,0,0,0,1,3,slightly_injured
2019,12,Fri,6,52.57111,13.40892,morning,6,dark,2,dry,0,5,3,1,1,0,0,0,0,2,seriously_injured
2019,11,Wed,4,52.49929,13.42635,afternoon,17,dark,2,dry,1,5,2,1,1,0,0,0,0,3,slightly_injured
2019,11,Wed,4,52.51509,13.34945,afternoon,17,dark,2,dry,1,5,2,0,1,0,1,0,0,3,slightly_injured
2019,12,Fri,6,52.48913,13.35342,morning,7,dusk,1,dry,0,5,3,1,1,0,0,0,0,3,slightly_injured
2019,11,Wed,4,52.54101,13.35107,afternoon,17,dark,2,dry,1,6,2,0,1,1,0,0,0,3,slightly_injured
2019,11,Wed,4,52.52378,13.32993,evening,20,dark,2,dry,0,5,2,1,1,0,0,0,0,3,slightly_injured
2019,12,Fri,6,52.56533,13.20702,morning,7,dusk,1,dry,1,5,3,1,1,0,0,0,0,3,slightly_injured
2019,12,Fri,6,52.47389,13.4558,night,0,dark,2,dry,0,6,2,0,1,1,0,0,0,2,seriously_injured
2019,11,Wed,4,52.53116,13.38522,evening,22,dark,2,dry,1,0,7,0,0,0,0,0,1,3,slightly_injured
2019,11,Wed,4,52.61499,13.44399,afternoon,13,daylight,0,dry,0,3,6,1,1,0,0,0,0,3,slightly_injured
2019,12,Fri,6,52.53623,13.48129,afternoon,13,daylight,0,dry,1,6,4,0,1,1,0,0,0,2,seriously_injured
2019,12,Fri,6,52.46023,13.27468,afternoon,13,daylight,0,dry,1,2,6,0,1,0,0,0,0,3,slightly_injured
2019,11,Wed,4,52.48563,13.56028,afternoon,13,daylight,0,dry,0,2,6,0,1,0,0,0,1,3,slightly_injured
2019,11,Wed,4,52.51296,13.44952,afternoon,12,daylight,0,dry,0,0,1,0,0,0,0,0,1,3,slightly_injured
2019,11,Wed,4,52.46434,13.48556,afternoon,12,daylight,0,dry,1,2,6,0,1,0,0,0,0,3,slightly_injured
2019,12,Fri,6,52.5308,13.47776,afternoon,12,daylight,0,dry,1,5,7,0,1,0,0,0,1,3,slightly_injured
2019,11,Wed,4,52.48431,13.38593,afternoon,12,daylight,0,dry,0,3,6,1,0,0,0,1,0,3,slightly_injured
2019,12,Fri,6,52.52464,13.30732,afternoon,12,daylight,0,dry,1,0,1,0,0,0,1,0,0,3,slightly_injured
2019,11,Wed,4,52.48657,13.42348,morning,11,daylight,0,dry,0,2,6,0,1,0,0,0,1,3,slightly_injured
2019,11,Wed,4,52.55361,13.47018,morning,11,daylight,0,dry,0,5,3,0,1,0,0,0,0,3,slightly_injured
2019,12,Fri,6,52.50355,13.38756,afternoon,12,daylight,0,dry,1,0,1,0,0,0,1,0,0,3,slightly_injured
2019,11,Wed,4,52.44897,13.35522,morning,10,daylight,0,dry,0,2,7,0,1,0,0,0,0,3,slightly_injured
2019,11,Wed,4,52.53665,13.6049,afternoon,16,dark,2,dry,1,6,4,0,0,1,0,0,1,3,slightly_injured
2019,11,Wed,4,52.5331,13.37991,morning,9,daylight,0,dry,0,5,3,1,1,0,0,0,0,2,seriously_injured
2019,12,Fri,6,52.54824,13.35221,morning,11,daylight,0,dry,0,6,2,0,0,1,0,0,1,3,slightly_injured
2019,12,Fri,6,52.5757,13.32654,morning,11,daylight,0,dry,1,0,3,0,1,0,1,0,0,3,slightly_injured
2019,11,Wed,4,52.60473,13.33737,morning,7,daylight,0,dry,0,5,3,0,1,0,0,0,0,3,slightly_injured
2019,11,Wed,4,52.50986,13.42122,afternoon,16,dark,2,dry,1,6,2,0,1,1,0,0,0,3,slightly_injured
2019,12,Fri,6,52.51027,13.51914,morning,10,daylight,0,dry,1,3,6,0,1,0,0,0,0,3,slightly_injured
2019,12,Fri,6,52.43427,13.35006,evening,18,dark,2,dry,1,6,2,0,1,1,0,0,0,1,killed
2019,11,Wed,4,52.53781,13.20031,morning,7,daylight,0,dry,0,5,2,0,0,0,0,0,1,2,seriously_injured
2019,11,Wed,4,52.50558,13.51148,afternoon,16,dusk,1,dry,1,6,2,0,1,1,0,0,0,3,slightly_injured
2019,12,Fri,6,52.44997,13.25124,afternoon,17,dark,2,dry,1,6,2,0,1,1,0,0,0,1,killed
2019,11,Wed,4,52.50379,13.41029,afternoon,16,dark,2,dry,1,5,3,1,1,0,0,0,0,3,slightly_injured
2019,11,Wed,4,52.53437,13.54007,night,5,dark,2,dry,0,5,3,0,1,0,1,0,0,3,slightly_injured
2019,12,Thu,5,52.53062,13.34686,afternoon,17,dark,2,dry,1,1,5,1,1,0,0,0,0,3,slightly_injured
2019,12,Thu,5,52.53306,13.60987,afternoon,13,daylight,0,dry,0,0,4,0,0,1,0,0,1,3,slightly_injured
2019,11,Wed,4,52.50598,13.31383,afternoon,15,daylight,0,dry,1,2,6,0,1,0,0,0,0,3,slightly_injured
2019,11,Wed,4,52.56841,13.44687,afternoon,15,dusk,1,dry,1,6,4,0,1,1,0,0,0,3,slightly_injured
2019,11,Wed,4,52.50176,13.45806,afternoon,15,daylight,0,dry,1,6,4,0,1,1,0,0,0,3,slightly_injured
2019,12,Thu,5,52.60993,13.47389,afternoon,12,daylight,0,dry,0,5,3,0,1,0,0,0,0,3,slightly_injured
2019,11,Wed,4,52.52255,13.36722,afternoon,15,daylight,0,dry,1,2,1,1,0,0,0,0,1,3,slightly_injured
2019,12,Thu,5,52.56905,13.56949,afternoon,12,daylight,0,dry,0,0,3,0,0,0,0,0,1,3,slightly_injured
2019,11,Wed,4,52.5191,13.48146,morning,7,dusk,1,dry,0,0,1,1,0,0,0,0,0,3,slightly_injured
2019,11,Wed,4,52.48502,13.42317,afternoon,17,dark,2,dry,0,4,5,0,1,0,1,0,0,3,slightly_injured
2019,12,Thu,5,52.57868,13.2896,morning,9,daylight,0,dry,0,6,4,0,1,1,0,0,0,3,slightly_injured
2019,12,Thu,5,52.49959,13.3178,morning,9,daylight,0,dry,1,2,6,0,1,0,1,0,0,2,seriously_injured
2019,11,Tue,3,52.5885,13.38834,morning,7,dusk,1,dry,0,6,4,0,1,1,0,0,0,3,slightly_injured
2019,12,Thu,5,52.55267,13.43719,morning,9,daylight,0,dry,0,2,6,1,1,0,0,0,0,3,slightly_injured
2019,11,Tue,3,52.48078,13.42545,evening,19,dark,2,dry,0,0,1,1,0,0,0,0,0,2,seriously_injured
2019,11,Tue,3,52.53375,13.55144,evening,18,dark,2,dry,0,6,4,0,0,1,0,0,1,2,seriously_injured
2019,12,Thu,5,52.47921,13.445,evening,23,dark,2,dry,0,6,4,0,1,1,0,0,0,2,seriously_injured
2019,12,Thu,5,52.48759,13.42794,morning,8,daylight,0,dry,0,2,6,0,1,0,0,0,0,3,slightly_injured
2019,11,Tue,3,52.58011,13.29729,afternoon,17,dark,2,dry,0,5,3,0,1,0,1,0,0,3,slightly_injured
2019,11,Tue,3,52.46722,13.43633,afternoon,16,dark,2,dry,0,5,3,0,1,0,0,0,0,3,slightly_injured
2019,12,Thu,5,52.42307,13.29724,morning,7,daylight,0,dry,0,1,5,1,1,0,0,0,0,3,slightly_injured
2019,12,Thu,5,52.49321,13.33067,evening,21,dark,2,dry,0,5,2,1,1,0,0,0,0,3,slightly_injured
2019,11,Tue,3,52.50884,13.21868,afternoon,16,dark,2,dry,0,2,6,0,1,0,0,0,0,3,slightly_injured
2019,11,Tue,3,52.53847,13.36281,afternoon,16,dusk,1,dry,0,2,6,0,1,0,0,0,0,3,slightly_injured
2019,12,Thu,5,52.49199,13.50607,morning,7,dark,2,dry,1,5,3,1,1,0,0,0,0,3,slightly_injured
2019,11,Tue,3,52.45871,13.31552,afternoon,16,dark,2,dry,0,6,4,0,1,1,0,0,0,2,seriously_injured
2019,12,Thu,5,52.53494,13.49962,morning,7,dark,2,dry,1,5,3,1,1,0,0,0,0,3,slightly_injured
2019,11,Tue,3,52.56378,13.37782,afternoon,16,dark,2,dry,0,2,6,0,1,0,0,0,0,3,slightly_injured
2019,11,Tue,3,52.44992,13.6062,afternoon,16,dusk,1,dry,0,0,5,0,1,0,0,0,0,3,slightly_injured
2019,12,Thu,5,52.50172,13.33782,evening,21,dark,2,dry,0,1,5,0,1,0,0,0,0,3,slightly_injured
2019,12,Thu,5,52.50998,13.29998,night,0,dark,2,dry,0,0,7,0,0,0,0,0,1,2,seriously_injured
2019,11,Tue,3,52.48323,13.44215,afternoon,15,dusk,1,dry,0,3,6,1,0,0,0,0,1,3,slightly_injured
2019,11,Tue,3,52.46433,13.30669,evening,20,dark,2,dry,1,5,3,1,1,0,0,0,0,3,slightly_injured
2019,12,Thu,5,52.45972,13.36634,morning,10,daylight,0,dry,0,5,3,1,0,0,0,1,0,2,seriously_injured
2019,12,Thu,5,52.42211,13.24815,evening,19,dark,2,dry,1,1,1,0,1,0,1,0,0,3,slightly_injured
2019,11,Tue,3,52.50436,13.40792,evening,19,dark,2,dry,0,5,2,1,1,0,0,0,0,3,slightly_injured
2019,11,Tue,3,52.52993,13.31328,evening,19,dusk,1,dry,0,5,3,0,1,0,0,0,0,3,slightly_injured
2019,12,Thu,5,52.59273,13.32069,afternoon,17,dark,2,dry,0,6,4,0,1,1,0,0,0,3,slightly_injured
2019,12,Thu,5,52.49088,13.39715,evening,18,dark,2,dry,0,0,1,0,0,0,1,0,0,3,slightly_injured
2019,11,Tue,3,52.57574,13.27726,evening,19,dark,2,dry,0,2,6,0,1,0,1,0,0,3,slightly_injured
2019,11,Tue,3,52.46618,13.3248,evening,19,dark,2,dry,0,1,5,1,1,0,0,0,0,3,slightly_injured
2019,11,Tue,3,52.533,13.19838,evening,19,dark,2,dry,0,5,2,0,1,0,0,0,0,3,slightly_injured
2019,12,Thu,5,52.50333,13.43763,afternoon,17,dark,2,dry,0,6,4,0,1,1,0,0,0,3,slightly_injured
2019,12,Thu,5,52.55226,13.42438,afternoon,17,dark,2,dry,0,3,6,0,1,0,0,0,1,3,slightly_injured
2019,11,Tue,3,52.42284,13.31305,evening,18,dark,2,dry,0,2,6,0,1,0,0,0,0,3,slightly_injured
2019,11,Tue,3,52.59575,13.28867,afternoon,15,dusk,1,dry,0,5,3,0,1,0,0,0,0,3,slightly_injured
2019,12,Thu,5,52.51206,13.29717,evening,18,dark,2,dry,0,1,5,1,0,0,0,0,1,3,slightly_injured
2019,12,Thu,5,52.50973,13.4685,afternoon,17,dusk,1,dry,0,6,6,0,1,1,0,0,0,3,slightly_injured
2019,11,Tue,3,52.49843,13.40665,afternoon,14,daylight,0,dry,0,5,2,0,1,0,0,1,0,3,slightly_injured
2019,11,Tue,3,52.53547,13.35292,afternoon,15,daylight,0,dry,0,0,1,0,0,0,1,0,0,3,slightly_injured
2019,12,Thu,5,52.42643,13.22916,evening,18,dark,2,dry,0,5,3,1,1,0,0,0,0,3,slightly_injured
2019,11,Tue,3,52.51914,13.28027,afternoon,14,daylight,0,dry,0,1,5,0,1,0,0,0,0,3,slightly_injured
2019,12,Thu,5,52.50103,13.31505,afternoon,16,dark,2,dry,1,0,3,1,0,0,1,0,0,3,slightly_injured
2019,11,Tue,3,52.46716,13.37825,afternoon,14,daylight,0,dry,0,5,3,1,1,0,0,0,0,3,slightly_injured
2019,11,Tue,3,52.5038,13.41045,afternoon,13,daylight,0,dry,0,5,2,1,0,0,0,0,1,3,slightly_injured
2019,12,Thu,5,52.48388,13.35499,afternoon,16,dark,2,dry,1,5,2,0,1,0,1,0,0,3,slightly_injured
2019,12,Thu,5,52.52942,13.43563,afternoon,16,dark,2,dry,0,1,5,1,1,0,0,0,0,3,slightly_injured
2019,11,Tue,3,52.42828,13.51963,afternoon,13,daylight,0,dry,0,5,2,0,1,0,0,0,0,3,slightly_injured
2019,11,Tue,3,52.50558,13.51489,morning,10,daylight,0,dry,0,5,3,0,1,0,0,0,0,3,slightly_injured
2019,12,Thu,5,52.57441,13.50359,afternoon,16,dark,2,dry,1,6,4,0,1,1,0,0,0,3,slightly_injured
2019,12,Thu,5,52.62836,13.49787,afternoon,14,daylight,0,dry,0,5,3,1,1,0,0,0,0,3,slightly_injured
2019,11,Tue,3,52.39376,13.40659,morning,10,daylight,0,dry,0,0,7,0,1,0,0,0,1,3,slightly_injured
2019,11,Tue,3,52.52293,13.32987,afternoon,12,daylight,0,dry,0,0,7,0,0,0,1,0,1,3,slightly_injured
2019,12,Thu,5,52.51404,13.38205,afternoon,15,daylight,0,dry,0,2,2,1,1,0,0,0,0,3,slightly_injured
2019,11,Tue,3,52.50655,13.28575,morning,9,daylight,0,dry,0,3,6,0,1,0,1,0,0,3,slightly_injured
2019,12,Thu,5,52.53772,13.21716,afternoon,14,daylight,0,dry,0,2,6,0,1,0,0,0,0,3,slightly_injured
2019,12,Thu,5,52.46449,13.51284,afternoon,14,daylight,0,dry,0,6,4,0,1,1,0,0,0,2,seriously_injured