ujahr,umonat,weekday,uwochentag,long,lat,time_of_day,ustunde,light_condition,ulichtverh,street_condition,ustrzustand,uart,utyp1,ist_rad,ist_pkw,ist_fuss,ist_krad,ist_gkfz,ist_sonstige,ukategorie,accident_outcome
2019,11,Tue,3,52.55972,13.36982,morning,9,daylight,0,dry,0,5,2,0,1,0,0,0,1,3,slightly_injured
2019,12,Thu,5,52.58231,13.30098,afternoon,14,daylight,0,dry,0,0,6,0,1,0,1,0,0,3,slightly_injured
2019,11,Tue,3,52.49068,13.39043,morning,7,daylight,0,dry,0,0,3,1,0,0,1,0,0,3,slightly_injured
2019,12,Thu,5,52.42677,13.30284,afternoon,14,daylight,0,dry,0,5,3,1,1,0,0,0,0,2,seriously_injured
2019,12,Thu,5,52.58374,13.32068,afternoon,13,daylight,0,dry,0,2,7,0,1,0,0,0,0,3,slightly_injured
2019,11,Tue,3,52.53661,13.26727,morning,7,dusk,1,dry,0,2,6,0,1,0,0,0,0,3,slightly_injured
2019,11,Tue,3,52.49761,13.29629,morning,7,daylight,0,dry,0,5,3,1,1,0,0,0,0,3,slightly_injured
2019,12,Thu,5,52.45271,13.43406,afternoon,13,daylight,0,dry,0,5,7,1,1,0,0,0,0,3,slightly_injured
2019,11,Tue,3,52.46899,13.28965,morning,7,dusk,1,dry,0,1,5,0,0,0,0,0,1,3,slightly_injured
2019,11,Tue,3,52.41753,13.43931,afternoon,12,daylight,0,dry,0,6,4,0,1,1,0,0,1,3,slightly_injured
2019,11,Tue,3,52.48097,13.44143,morning,10,daylight,0,dry,0,3,6,1,1,0,0,0,0,3,slightly_injured
2019,11,Tue,3,52.50488,13.35607,morning,11,daylight,0,dry,0,1,5,1,1,0,0,0,0,3,slightly_injured
2019,11,Tue,3,52.56322,13.50474,morning,10,daylight,0,dry,0,6,4,0,0,1,0,0,1,3,slightly_injured
2019,12,Thu,5,52.50484,13.38402,afternoon,13,daylight,0,dry,0,1,5,0,1,0,0,0,0,3,slightly_injured
2019,12,Wed,4,52.51545,13.18491,evening,18,dusk,1,dry,0,5,2,0,1,0,0,0,1,3,slightly_injured
2019,11,Tue,3,52.60448,13.43221,morning,10,daylight,0,dry,0,5,2,0,1,0,0,0,1,3,slightly_injured
2019,11,Mon,2,52.47646,13.52274,afternoon,13,daylight,0,dry,0,5,2,1,0,0,0,0,1,3,slightly_injured
2019,11,Mon,2,52.55727,13.33524,morning,8,daylight,0,dry,0,5,3,0,1,0,0,0,0,3,slightly_injured
2019,12,Wed,4,52.4796,13.28511,morning,7,dusk,1,dry,0,6,2,0,1,1,0,0,0,3,slightly_injured
2019,11,Mon,2,52.51809,13.38044,morning,8,daylight,0,dry,0,6,4,1,0,1,0,0,0,3,slightly_injured
2019,12,Wed,4,52.54524,13.35701,afternoon,14,daylight,0,dry,0,6,4,0,1,1,0,0,0,3,slightly_injured
2019,11,Mon,2,52.5538,13.50324,afternoon,15,daylight,0,dry,0,6,7,0,1,1,0,0,0,2,seriously_injured
2019,11,Mon,2,52.47393,13.45573,evening,21,dark,2,dry,0,6,4,0,1,1,0,0,0,3,slightly_injured
2019,12,Wed,4,52.41515,13.30293,evening,19,dark,2,dry,0,5,2,0,1,0,1,0,0,2,seriously_injured
2019,11,Mon,2,52.54608,13.57184,evening,20,dark,2,dry,0,5,2,1,1,0,0,0,0,2,seriously_injured
2019,11,Mon,2,52.49881,13.44621,evening,19,dark,2,dry,0,0,1,1,1,0,0,0,0,3,slightly_injured
2019,11,Mon,2,52.46123,13.15578,afternoon,17,dark,2,dry,0,5,3,1,1,0,0,0,0,3,slightly_injured
2019,12,Wed,4,52.44527,13.37945,evening,18,dark,2,dry,0,5,2,0,1,0,1,0,0,3,slightly_injured
2019,11,Mon,2,52.46835,13.46086,afternoon,16,dark,2,dry,0,2,6,0,1,0,0,0,0,3,slightly_injured
2019,11,Mon,2,52.45259,13.4385,afternoon,16,dark,2,dry,0,5,3,0,1,0,1,0,0,3,slightly_injured
2019,12,Wed,4,52.59791,13.27517,evening,18,dark,2,dry,0,9,1,0,1,0,0,0,0,3,slightly_injured
2019,11,Mon,2,52.50678,13.29267,afternoon,16,dark,2,dry,0,2,3,1,1,0,0,0,0,3,slightly_injured
2019,12,Wed,4,52.46585,13.37771,evening,18,dark,2,dry,1,6,4,0,0,1,1,0,0,2,seriously_injured
2019,11,Mon,2,52.4941,13.39513,afternoon,15,daylight,0,dry,0,1,1,0,1,0,0,0,0,3,slightly_injured
2019,11,Mon,2,52.48079,13.42552,evening,18,dark,2,dry,0,0,1,1,0,0,0,0,0,3,slightly_injured
2019,12,Wed,4,52.50088,13.31425,afternoon,17,dark,2,dry,0,1,5,1,1,0,0,0,1,3,slightly_injured
2019,12,Wed,4,52.48543,13.42624,afternoon,17,dark,2,dry,0,6,4,1,0,1,0,0,0,3,slightly_injured
2019,11,Mon,2,52.48932,13.37546,morning,11,daylight,0,dry,0,5,3,1,1,0,0,0,0,3,slightly_injured
2019,11,Mon,2,52.469,13.32147,afternoon,14,daylight,0,dry,0,0,4,1,0,1,0,0,0,3,slightly_injured
2019,12,Wed,4,52.50804,13.29608,afternoon,17,dark,2,dry,0,0,7,0,0,0,1,0,0,3,slightly_injured
2019,12,Wed,4,52.5241,13.43963,afternoon,16,dark,2,dry,0,5,3,1,1,0,0,0,0,3,slightly_injured
2019,11,Mon,2,52.40494,13.52374,afternoon,15,daylight,0,dry,0,7,7,0,1,0,0,0,1,3,slightly_injured
2019,11,Mon,2,52.55697,13.25173,afternoon,15,daylight,0,dry,0,4,6,0,1,0,0,0,0,3,slightly_injured
2019,11,Mon,2,52.45337,13.55849,afternoon,15,daylight,0,dry,0,2,6,0,1,0,0,0,0,3,slightly_injured
2019,12,Wed,4,52.50631,13.36828,evening,18,dark,2,dry,0,5,2,1,1,0,0,0,0,3,slightly_injured
2019,11,Mon,2,52.54454,13.54573,afternoon,15,daylight,0,dry,0,2,6,0,1,0,0,0,0,3,slightly_injured
2019,12,Wed,4,52.52515,13.41964,afternoon,15,dusk,1,dry,0,5,3,0,1,0,0,0,0,3,slightly_injured
2019,11,Mon,2,52.61159,13.48285,afternoon,13,daylight,0,dry,0,6,2,0,1,1,0,0,0,3,slightly_injured
2019,11,Mon,2,52.48516,13.40119,morning,11,daylight,0,dry,0,5,3,1,1,0,0,0,0,3,slightly_injured
2019,12,Wed,4,52.44202,13.5697,evening,23,dark,2,dry,0,6,2,0,1,1,0,0,0,3,slightly_injured
2019,11,Mon,2,52.56386,13.50647,morning,9,daylight,0,dry,0,0,6,0,1,0,1,0,0,3,slightly_injured
2019,11,Mon,2,52.53909,13.34851,morning,8,daylight,0,dry,0,6,4,1,0,1,0,0,0,3,slightly_injured
2019,11,Mon,2,52.53474,13.29513,morning,8,daylight,0,dry,0,9,1,0,0,0,0,0,1,3,slightly_injured
2019,12,Wed,4,52.50222,13.43974,evening,23,dark,2,dry,1,2,6,0,1,0,0,0,0,3,slightly_injured
2019,12,Wed,4,52.51791,13.46152,evening,22,dark,2,dry,0,2,6,0,1,0,0,0,0,3,slightly_injured
2019,11,Mon,2,52.57765,13.27709,morning,6,dark,2,dry,0,5,3,1,1,0,0,0,0,2,seriously_injured
2019,11,Mon,2,52.48199,13.44052,night,0,dark,2,dry,0,1,5,1,1,0,0,0,0,3,slightly_injured
2019,12,Sat,7,52.55214,13.42703,afternoon,14,daylight,0,dry,1,2,1,1,1,0,0,0,0,3,slightly_injured
2019,12,Sat,7,52.49542,13.33118,afternoon,14,daylight,0,dry,1,0,1,1,0,0,0,0,0,3,slightly_injured
2019,12,Sat,7,52.48608,13.43533,afternoon,13,daylight,0,dry,1,4,2,1,1,0,0,0,0,3,slightly_injured
2019,12,Sat,7,52.54478,13.59149,afternoon,13,daylight,0,dry,1,5,2,0,1,0,0,0,0,3,slightly_injured
2019,12,Sat,7,52.53627,13.18188,afternoon,13,daylight,0,dry,1,0,1,1,0,0,0,0,0,3,slightly_injured
2019,12,Sat,7,52.41956,13.30696,afternoon,12,daylight,0,dry,1,5,3,0,1,0,0,0,0,3,slightly_injured
2019,12,Sat,7,52.42095,13.31013,afternoon,12,daylight,0,dry,1,5,7,0,1,0,0,0,0,3,slightly_injured
2019,12,Sat,7,52.4594,13.33761,morning,11,daylight,0,dry,1,5,2,1,1,0,0,0,0,3,slightly_injured
2019,12,Sat,7,52.53751,13.39343,morning,11,daylight,0,dry,1,2,6,0,1,0,1,0,0,3,slightly_injured
2019,12,Sat,7,52.54144,13.40815,morning,10,daylight,0,dry,1,5,3,1,1,0,0,0,0,3,slightly_injured
2019,12,Sat,7,52.50385,13.45041,night,5,dark,2,dry,1,6,2,0,1,1,0,0,0,3,slightly_injured
2019,12,Sat,7,52.51342,13.45591,night,3,dark,2,dry,1,0,1,0,0,0,0,0,1,3,slightly_injured
2019,12,Sat,7,52.48171,13.44017,evening,23,dark,2,dry,1,5,2,0,1,0,0,0,0,3,slightly_injured
2019,12,Sat,7,52.50216,13.41992,evening,23,dark,2,dry,1,2,6,0,1,0,0,0,0,3,slightly_injured
2019,12,Sat,7,52.53481,13.50916,evening,21,dark,2,dry,1,6,4,0,1,1,0,0,0,2,seriously_injured
2019,12,Sat,7,52.39849,13.40651,evening,20,dark,2,dry,1,5,2,0,1,0,0,0,0,2,seriously_injured
2019,12,Sat,7,52.49179,13.31907,evening,19,dark,2,dry,1,6,6,1,0,1,0,0,0,3,slightly_injured
2019,12,Sat,7,52.43252,13.462,afternoon,16,dark,2,dry,1,2,6,0,1,0,0,0,0,3,slightly_injured
2019,12,Sat,7,52.5364,13.47306,afternoon,17,dark,2,dry,0,0,7,0,1,0,0,0,1,3,slightly_injured
2019,12,Sat,7,52.53608,13.60216,afternoon,17,dark,2,dry,1,6,2,0,1,1,0,0,0,3,slightly_injured
2019,12,Sat,7,52.55697,13.39246,afternoon,15,dusk,1,dry,1,0,1,0,0,0,1,0,0,3,slightly_injured
2019,12,Sat,7,52.50345,13.38353,afternoon,15,daylight,0,dry,1,5,3,0,1,0,0,0,0,3,slightly_injured
2019,12,Fri,6,52.54521,13.20801,evening,22,dark,2,dry,0,6,2,0,1,1,0,0,0,3,slightly_injured
2019,12,Fri,6,52.44184,13.58403,evening,21,dark,2,dry,1,1,5,1,0,0,0,0,1,3,slightly_injured
2019,12,Fri,6,52.43437,13.58287,afternoon,13,daylight,0,dry,0,6,4,0,1,1,0,0,0,3,slightly_injured
2019,12,Fri,6,52.53233,13.40627,afternoon,13,daylight,0,dry,0,5,3,0,1,0,0,0,0,3,slightly_injured
2019,12,Fri,6,52.45137,13.59232,afternoon,13,daylight,0,dry,0,0,6,0,1,0,0,0,1,3,slightly_injured
2019,12,Fri,6,52.56515,13.32838,afternoon,12,daylight,0,dry,0,6,4,0,1,1,0,0,0,3,slightly_injured
2019,12,Fri,6,52.47063,13.34717,morning,11,daylight,0,dry,0,5,3,0,1,0,0,0,1,3,slightly_injured
2019,12,Fri,6,52.44965,13.31548,morning,7,dusk,1,dry,1,6,2,0,1,1,0,0,0,3,slightly_injured
2019,12,Fri,6,52.496,13.34629,morning,10,daylight,0,dry,0,5,3,1,1,0,0,0,0,3,slightly_injured
2019,12,Fri,6,52.50086,13.31503,morning,10,daylight,0,dry,0,5,2,0,1,0,1,0,0,3,slightly_injured
2019,12,Fri,6,52.38642,13.39793,morning,10,daylight,0,dry,2,0,1,1,0,0,0,0,0,3,slightly_injured
2019,12,Fri,6,52.54175,13.55973,morning,10,daylight,0,dry,2,0,1,0,0,0,1,0,0,3,slightly_injured
2019,12,Fri,6,52.49934,13.31267,morning,9,daylight,0,dry,0,6,2,0,1,1,0,0,0,2,seriously_injured
2019,12,Fri,6,52.42684,13.5291,morning,9,daylight,0,dry,2,4,1,0,1,0,0,0,0,3,slightly_injured
2019,12,Fri,6,52.42312,13.32924,morning,8,daylight,0,dry,1,5,3,0,0,0,1,1,0,3,slightly_injured
2019,12,Fri,6,52.49261,13.33101,morning,8,daylight,0,dry,0,5,2,1,1,0,0,0,0,3,slightly_injured
2019,12,Fri,6,52.51795,13.34185,morning,8,dusk,1,dry,2,0,1,0,0,0,1,0,0,2,seriously_injured
2019,12,Fri,6,52.60239,13.33513,morning,8,daylight,0,dry,0,3,6,1,1,0,0,0,0,3,slightly_injured
2019,12,Fri,6,52.48,13.30402,morning,7,dusk,1,dry,0,5,2,1,0,0,0,0,1,3,slightly_injured
2019,12,Fri,6,52.46097,13.41893,morning,7,daylight,0,dry,1,5,2,1,1,0,0,0,0,3,slightly_injured
2019,12,Fri,6,52.49355,13.52608,morning,7,dark,2,dry,1,5,7,1,1,0,0,0,0,3,slightly_injured
2019,12,Fri,6,52.50402,13.33265,afternoon,14,daylight,0,dry,0,6,4,0,1,1,0,0,0,2,seriously_injured
2019,12,Fri,6,52.52201,13.39165,evening,19,dark,2,dry,0,5,3,0,1,0,0,0,0,3,slightly_injured
2019,12,Fri,6,52.54108,13.40688,evening,19,dark,2,dry,0,0,1,1,0,0,0,0,0,2,seriously_injured
2019,12,Fri,6,52.55201,13.18383,evening,19,dark,2,dry,0,2,6,0,1,0,0,0,0,3,slightly_injured
2019,12,Fri,6,52.49592,13.45413,evening,18,dark,2,dry,0,1,5,1,1,0,0,0,0,3,slightly_injured
2019,12,Fri,6,52.55327,13.34689,evening,18,dark,2,dry,0,5,3,1,1,0,0,0,0,2,seriously_injured
2019,12,Fri,6,52.44012,13.39617,afternoon,17,dark,2,dry,0,2,6,0,1,0,0,0,0,3,slightly_injured
2019,12,Fri,6,52.56577,13.51214,afternoon,17,dark,2,dry,1,2,6,0,1,0,0,0,0,3,slightly_injured
2019,12,Fri,6,52.53682,13.20022,afternoon,16,dark,2,dry,0,0,6,0,1,0,0,0,1,3,slightly_injured
2019,12,Fri,6,52.45001,13.34672,afternoon,16,dusk,1,dry,0,2,2,0,1,0,0,0,0,3,slightly_injured
2019,12,Fri,6,52.51967,13.35347,afternoon,16,daylight,0,dry,0,0,1,1,0,0,0,0,0,3,slightly_injured
2019,12,Fri,6,52.58682,13.37391,afternoon,16,dark,2,dry,0,8,1,0,1,0,0,0,0,3,slightly_injured
2019,12,Fri,6,52.54127,13.19453,afternoon,15,daylight,0,dry,0,5,3,0,1,0,0,0,1,3,slightly_injured
2019,12,Fri,6,52.51809,13.38044,afternoon,15,dark,2,dry,1,2,2,0,0,0,0,0,1,3,slightly_injured
2019,12,Fri,6,52.51797,13.44903,afternoon,15,daylight,0,dry,0,2,7,1,1,0,0,0,0,3,slightly_injured
2019,12,Fri,6,52.58733,13.40168,afternoon,14,daylight,0,dry,0,6,4,0,1,1,0,0,0,3,slightly_injured
2019,12,Thu,5,52.57715,13.42712,morning,6,dark,2,dry,0,6,7,1,0,1,0,0,0,3,slightly_injured
2019,12,Thu,5,52.49498,13.30015,afternoon,13,daylight,0,dry,0,6,4,0,1,1,0,0,0,2,seriously_injured
2019,12,Thu,5,52.49813,13.4474,morning,11,daylight,0,dry,0,5,2,1,1,0,0,0,0,3,slightly_injured
2019,12,Thu,5,52.5285,13.376,afternoon,16,dark,2,dry,0,3,6,1,0,0,0,0,1,3,slightly_injured
2019,12,Thu,5,52.48185,13.43663,afternoon,16,dark,2,dry,0,5,3,1,1,0,0,0,0,3,slightly_injured
2019,12,Thu,5,52.59981,13.34167,afternoon,16,dusk,1,dry,1,6,4,0,1,1,0,0,0,3,slightly_injured
2019,12,Thu,5,52.44642,13.29282,afternoon,15,dark,2,dry,1,3,6,0,1,0,0,0,0,3,slightly_injured
2019,12,Thu,5,52.42249,13.39498,afternoon,15,dusk,1,dry,1,5,3,0,1,0,0,0,0,3,slightly_injured
2019,12,Thu,5,52.4503,13.5081,afternoon,15,dark,2,dry,1,5,3,0,1,0,0,0,0,3,slightly_injured
2019,12,Thu,5,52.50951,13.37662,afternoon,14,daylight,0,dry,0,1,5,0,1,0,0,0,0,3,slightly_injured
2019,12,Thu,5,52.47143,13.44948,evening,20,dark,2,dry,1,6,7,0,0,1,0,0,1,3,slightly_injured
2019,12,Thu,5,52.54666,13.39765,afternoon,13,daylight,0,dry,1,0,5,0,1,0,1,0,0,3,slightly_injured
2019,12,Thu,5,52.41127,13.27528,afternoon,13,daylight,0,dry,1,2,2,0,1,0,0,0,0,3,slightly_injured
2019,12,Thu,5,52.55246,13.38122,afternoon,12,daylight,0,dry,1,5,3,1,1,0,0,0,0,3,slightly_injured
2019,12,Thu,5,52.51406,13.61192,afternoon,12,daylight,0,dry,1,5,3,1,1,0,0,0,0,3,slightly_injured
2019,12,Thu,5,52.50316,13.47017,afternoon,12,daylight,0,dry,1,0,1,0,0,0,1,0,0,3,slightly_injured
2019,12,Thu,5,52.45811,13.49746,afternoon,12,dusk,1,dry,0,5,2,1,0,0,0,1,0,2,seriously_injured
2019,12,Thu,5,52.45804,13.4923,morning,11,daylight,0,dry,1,8,1,0,1,0,0,0,0,3,slightly_injured
2019,12,Thu,5,52.52371,13.39962,morning,11,daylight,0,dry,1,5,3,0,1,0,1,0,0,3,slightly_injured
2019,12,Thu,5,52.50113,13.39142,morning,10,daylight,0,dry,0,0,5,0,1,0,0,0,0,3,slightly_injured
2019,12,Thu,5,52.41837,13.41708,morning,10,daylight,0,dry,0,2,6,0,1,0,0,1,0,2,seriously_injured
2019,12,Thu,5,52.45548,13.55834,morning,9,daylight,0,dry,1,3,6,0,1,0,0,0,1,3,slightly_injured
2019,12,Thu,5,52.49166,13.37943,evening,21,dark,2,dry,1,5,3,1,0,0,0,0,0,2,seriously_injured
2019,12,Thu,5,52.53102,13.40018,evening,20,daylight,0,dry,0,1,5,1,1,0,0,0,0,3,slightly_injured
2019,12,Thu,5,52.45733,13.43663,evening,19,dark,2,dry,0,6,1,0,1,1,0,0,0,2,seriously_injured
2019,12,Thu,5,52.53827,13.23155,evening,19,dark,2,dry,0,2,6,0,1,0,0,0,0,3,slightly_injured
2019,12,Thu,5,52.43342,13.27595,evening,18,dark,2,dry,1,5,3,1,1,0,0,0,0,3,slightly_injured
2019,12,Thu,5,52.50474,13.41486,evening,18,dark,2,dry,0,2,2,1,1,0,0,0,0,3,slightly_injured
2019,12,Thu,5,52.56856,13.44132,afternoon,17,dark,2,dry,1,5,3,0,1,0,0,0,0,2,seriously_injured
2019,12,Thu,5,52.55995,13.46741,afternoon,17,dark,2,dry,1,6,4,0,1,1,0,0,0,2,seriously_injured
2019,12,Thu,5,52.54789,13.30227,afternoon,16,dark,2,dry,0,5,2,0,1,0,0,0,0,3,slightly_injured
2019,12,Thu,5,52.51506,13.39304,morning,8,daylight,0,dry,1,5,3,0,1,0,0,0,1,3,slightly_injured
2019,12,Thu,5,52.47613,13.47596,morning,7,daylight,0,dry,1,3,5,0,0,0,1,0,1,3,slightly_injured
2019,12,Thu,5,52.5551,13.42353,morning,7,daylight,0,dry,1,5,2,0,1,0,0,0,0,3,slightly_injured
2019,12,Thu,5,52.53682,13.44992,morning,7,dusk,1,dry,1,2,6,0,1,0,0,0,0,3,slightly_injured
2019,12,Thu,5,52.42656,13.26059,morning,7,daylight,0,dry,1,6,4,0,1,1,0,0,0,2,seriously_injured
2019,12,Thu,5,52.53827,13.39601,morning,7,dark,2,dry,1,5,2,0,1,0,0,0,0,3,slightly_injured
2019,12,Thu,5,52.45395,13.57556,morning,6,dark,2,dry,1,4,6,1,0,0,0,0,0,3,slightly_injured
2019,12,Thu,5,52.43161,13.49541,morning,6,dusk,1,dry,1,6,2,0,0,1,0,0,1,3,slightly_injured
2019,12,Thu,5,52.61072,13.29564,morning,6,dark,2,dry,1,2,6,0,1,0,0,0,0,3,slightly_injured
2019,12,Thu,5,52.53316,13.15777,night,5,dark,2,dry,1,6,2,0,0,1,0,0,1,3,slightly_injured
2019,12,Wed,4,52.46311,13.49058,morning,7,daylight,0,dry,0,4,5,1,1,0,0,0,0,3,slightly_injured
2019,12,Wed,4,52.54039,13.42218,afternoon,16,dusk,1,dry,0,0,6,1,1,0,0,0,0,3,slightly_injured
2019,12,Wed,4,52.48212,13.43368,evening,20,dark,2,dry,0,0,2,1,0,0,0,0,1,3,slightly_injured
2019,12,Wed,4,52.60076,13.32426,evening,20,dark,2,dry,2,1,1,0,1,0,0,0,0,3,slightly_injured
2019,12,Wed,4,52.55976,13.47084,afternoon,17,dusk,1,dry,0,4,6,0,1,0,1,0,0,3,slightly_injured
2019,12,Wed,4,52.53096,13.34332,afternoon,17,dark,2,dry,0,5,2,1,1,0,0,0,0,3,slightly_injured
2019,12,Wed,4,52.42397,13.333,afternoon,16,daylight,0,dry,0,5,3,0,1,0,0,0,0,3,slightly_injured
2019,12,Wed,4,52.4358,13.54873,afternoon,16,dark,2,dry,0,6,4,0,1,1,0,0,0,3,slightly_injured
2019,12,Wed,4,52.56851,13.5206,afternoon,16,dark,2,dry,0,5,2,0,1,0,0,0,0,3,slightly_injured
2019,12,Wed,4,52.53795,13.3757,afternoon,15,daylight,0,dry,1,5,3,0,1,0,0,0,0,3,slightly_injured
2019,12,Wed,4,52.54601,13.57163,afternoon,15,dusk,1,dry,0,2,2,0,1,0,0,0,0,3,slightly_injured
2019,12,Wed,4,52.50147,13.31913,afternoon,15,daylight,0,dry,0,0,6,0,1,0,0,0,1,3,slightly_injured
2019,12,Wed,4,52.53722,13.22291,afternoon,15,daylight,0,dry,0,9,1,0,1,0,0,0,0,2,seriously_injured
2019,12,Wed,4,52.52008,13.16265,afternoon,14,daylight,0,dry,0,5,2,0,1,0,0,0,0,2,seriously_injured
2019,12,Wed,4,52.45381,13.36059,afternoon,13,daylight,0,dry,0,6,4,0,1,1,0,0,0,3,slightly_injured
2019,12,Wed,4,52.51308,13.28855,afternoon,13,daylight,0,dry,0,0,4,1,0,1,0,0,0,3,slightly_injured
2019,12,Wed,4,52.51102,13.41648,afternoon,12,daylight,0,dry,0,5,2,1,1,0,0,0,0,3,slightly_injured
2019,12,Wed,4,52.44345,13.43399,afternoon,12,daylight,0,dry,0,0,2,0,1,0,0,0,1,3,slightly_injured
2019,12,Wed,4,52.56506,13.44561,morning,7,dusk,1,dry,0,0,6,0,1,0,0,0,1,3,slightly_injured
2019,12,Wed,4,52.43215,13.53523,morning,7,dusk,1,dry,0,2,2,0,1,0,0,0,0,3,slightly_injured
2019,12,Wed,4,52.48603,13.33123,morning,6,dark,2,dry,0,6,2,0,1,1,0,0,0,3,slightly_injured
2019,12,Wed,4,52.59584,13.33968,evening,22,dark,2,dry,0,6,4,0,0,1,1,0,0,2,seriously_injured
2019,12,Wed,4,52.55589,13.38225,evening,19,dark,2,dry,0,2,6,0,1,0,0,0,0,3,slightly_injured
2019,12,Wed,4,52.51123,13.40591,afternoon,17,dark,2,dry,0,6,2,1,0,1,0,0,0,3,slightly_injured
2019,12,Wed,4,52.52132,13.29976,afternoon,15,daylight,0,dry,0,5,3,1,1,0,0,0,0,1,killed
2019,12,Tue,3,52.39442,13.57315,afternoon,17,dark,2,dry,0,6,6,0,1,1,0,0,0,3,slightly_injured
2019,12,Tue,3,52.55062,13.29509,morning,7,daylight,0,dry,0,2,6,0,1,0,0,0,0,3,slightly_injured
2019,12,Tue,3,52.51183,13.38665,afternoon,14,daylight,0,dry,0,3,2,1,0,0,0,0,1,3,slightly_injured
2019,12,Tue,3,52.55382,13.29232,morning,11,daylight,0,dry,0,6,7,0,1,1,0,1,1,2,seriously_injured
2019,12,Tue,3,52.42419,13.3683,afternoon,16,dark,2,dry,0,6,7,0,0,1,0,0,1,3,slightly_injured
2019,12,Tue,3,52.49174,13.28491,afternoon,15,dusk,1,dry,0,2,6,0,1,0,0,0,1,3,slightly_injured
2019,12,Tue,3,52.62047,13.30576,afternoon,15,dusk,1,dry,0,2,2,0,1,0,0,0,0,3,slightly_injured
2019,12,Tue,3,52.53327,13.35209,evening,23,dark,2,dry,0,5,2,0,1,0,1,0,0,3,slightly_injured
2019,12,Tue,3,52.39849,13.38833,afternoon,14,daylight,0,dry,0,5,3,1,1,0,0,0,0,3,slightly_injured
2019,12,Tue,3,52.48438,13.29367,afternoon,13,daylight,0,dry,0,5,3,0,1,0,0,0,0,3,slightly_injured
2019,12,Tue,3,52.46968,13.37193,afternoon,13,daylight,0,dry,0,6,2,0,1,1,0,0,0,3,slightly_injured
2019,12,Tue,3,52.53465,13.50464,afternoon,13,daylight,0,dry,0,2,6,0,1,0,0,0,0,3,slightly_injured
2019,12,Tue,3,52.5458,13.49987,afternoon,12,daylight,0,dry,1,1,5,1,1,0,0,0,0,3,slightly_injured
2019,12,Tue,3,52.43972,13.53511,afternoon,12,daylight,0,dry,1,5,2,1,1,0,0,0,0,3,slightly_injured
2019,12,Tue,3,52.52813,13.34309,afternoon,12,daylight,0,dry,2,5,2,1,1,0,0,0,0,3,slightly_injured
2019,12,Tue,3,52.52331,13.19764,morning,11,daylight,0,dry,0,1,5,0,1,0,1,0,0,3,slightly_injured
2019,12,Tue,3,52.48648,13.39562,morning,10,daylight,0,dry,1,1,5,0,1,0,0,0,0,3,slightly_injured
2019,12,Tue,3,52.49869,13.44169,morning,10,daylight,0,dry,0,6,7,0,1,1,0,0,0,3,slightly_injured
2019,12,Tue,3,52.49028,13.31424,morning,9,daylight,0,dry,0,5,2,1,1,0,0,0,0,2,seriously_injured
2019,12,Tue,3,52.53888,13.20721,morning,10,daylight,0,dry,1,2,6,0,1,0,0,0,0,3,slightly_injured
2019,12,Tue,3,52.57755,13.37712,morning,9,daylight,0,dry,0,1,5,0,1,0,0,0,1,3,slightly_injured
2019,12,Tue,3,52.50917,13.62071,morning,8,daylight,0,dry,0,7,7,1,0,0,0,0,0,3,slightly_injured
2019,12,Tue,3,52.4897,13.37929,evening,22,dark,2,dry,1,5,3,1,1,0,0,0,0,3,slightly_injured
2019,12,Tue,3,52.53294,13.32838,evening,20,dark,2,dry,0,5,2,0,1,0,0,0,0,3,slightly_injured
2019,12,Tue,3,52.43266,13.55493,evening,20,dark,2,dry,1,5,2,0,1,0,0,0,0,3,slightly_injured
2019,12,Tue,3,52.49622,13.39918,evening,19,dark,2,dry,0,6,4,0,1,1,0,0,0,3,slightly_injured
2019,12,Tue,3,52.53843,13.20923,evening,19,dark,2,dry,0,1,5,0,1,0,0,0,0,3,slightly_injured
2019,12,Tue,3,52.47743,13.37784,evening,19,dark,2,dry,0,1,5,0,1,0,0,0,0,3,slightly_injured
2019,12,Tue,3,52.51125,13.37207,evening,19,dark,2,dry,0,5,3,0,1,0,1,0,0,3,slightly_injured
2019,12,Tue,3,52.56657,13.4136,evening,18,dark,2,dry,0,2,6,0,1,0,0,0,0,3,slightly_injured
2019,12,Tue,3,52.503,13.32721,afternoon,17,dark,2,dry,1,1,5,1,1,0,0,0,0,3,slightly_injured
2019,12,Tue,3,52.40898,13.26758,afternoon,17,dark,2,dry,0,6,2,0,1,1,0,0,0,3,slightly_injured
2019,12,Tue,3,52.53128,13.34332,afternoon,17,dark,2,dry,0,1,5,1,1,0,0,0,1,3,slightly_injured
2019,12,Tue,3,52.42965,13.46521,afternoon,16,dark,2,dry,0,5,3,0,1,0,0,0,0,2,seriously_injured
2019,12,Tue,3,52.43544,13.36666,afternoon,16,dusk,1,dry,0,5,3,1,1,0,0,0,0,3,slightly_injured
2019,12,Tue,3,52.50636,13.22799,morning,7,dark,2,dry,2,0,1,1,0,0,0,0,0,2,seriously_injured
2019,12,Tue,3,52.46897,13.3326,morning,6,dark,2,dry,1,5,2,0,1,0,0,0,0,3,slightly_injured
2019,12,Tue,3,52.54472,13.51949,night,4,dark,2,dry,1,0,2,1,0,0,0,0,1,3,slightly_injured
2019,12,Tue,3,52.52198,13.4491,afternoon,16,dark,2,dry,0,6,4,0,1,1,0,0,0,3,slightly_injured
2019,12,Tue,3,52.52594,13.45883,night,0,dark,2,dry,1,9,1,0,1,0,0,0,0,2,seriously_injured
2019,12,Tue,3,52.5264,13.34331,morning,8,daylight,0,dry,0,0,2,0,0,1,0,0,1,3,slightly_injured
2019,12,Tue,3,52.46439,13.29666,morning,8,daylight,0,dry,2,0,1,1,0,0,0,0,0,3,slightly_injured
2019,12,Tue,3,52.48223,13.28998,morning,7,daylight,0,dry,1,5,2,0,1,0,0,0,0,3,slightly_injured
2019,12,Tue,3,52.6021,13.47174,morning,7,daylight,0,dry,0,6,7,1,0,1,0,0,0,3,slightly_injured