ujahr,umonat,weekday,uwochentag,long,lat,time_of_day,ustunde,light_condition,ulichtverh,street_condition,ustrzustand,uart,utyp1,ist_rad,ist_pkw,ist_fuss,ist_krad,ist_gkfz,ist_sonstige,ukategorie,accident_outcome
2019,12,Sat,7,52.46348,13.46356,evening,20,dark,2,dry,1,2,2,0,1,0,0,0,0,3,slightly_injured
2019,12,Sat,7,52.55302,13.37915,afternoon,17,dark,2,dry,0,6,7,0,1,1,0,0,0,3,slightly_injured
2019,12,Sat,7,52.5277,13.36425,afternoon,16,dark,2,dry,0,0,1,1,0,0,0,0,0,3,slightly_injured
2019,12,Sat,7,52.45931,13.38725,afternoon,17,dark,2,dry,0,6,4,0,1,1,0,0,0,3,slightly_injured
2019,12,Sat,7,52.52332,13.43367,afternoon,15,daylight,0,dry,0,6,3,1,0,1,0,0,0,3,slightly_injured
2019,12,Sat,7,52.44862,13.35467,afternoon,14,daylight,0,dry,0,6,4,0,1,1,0,0,0,3,slightly_injured
2019,12,Sat,7,52.44502,13.45921,afternoon,13,daylight,0,dry,0,5,3,0,1,0,0,0,1,3,slightly_injured
2019,12,Sat,7,52.52143,13.40301,afternoon,12,daylight,0,dry,0,5,3,0,0,0,0,0,1,3,slightly_injured
2019,12,Sat,7,52.51707,13.30048,afternoon,12,daylight,0,dry,0,5,7,0,1,0,1,0,0,3,slightly_injured
2019,12,Sat,7,52.48552,13.43212,afternoon,12,daylight,0,dry,0,6,4,0,1,1,0,0,0,3,slightly_injured
2019,12,Sat,7,52.50038,13.43758,morning,7,dark,2,dry,0,5,3,1,1,0,0,0,0,3,slightly_injured
2019,12,Sat,7,52.48764,13.43176,evening,23,dark,2,dry,0,0,1,1,0,0,0,0,0,2,seriously_injured
2019,12,Sat,7,52.51093,13.41642,night,0,dark,2,dry,0,5,3,0,1,0,0,0,1,2,seriously_injured
2019,12,Fri,6,52.51465,13.31502,night,0,dark,2,dry,1,8,1,0,1,0,0,0,0,2,seriously_injured
2019,12,Fri,6,52.53648,13.35232,afternoon,16,dark,2,dry,0,5,3,1,1,0,0,0,0,3,slightly_injured
2019,12,Fri,6,52.4884,13.41207,afternoon,13,daylight,0,dry,0,0,7,0,1,0,0,0,0,3,slightly_injured
2019,12,Fri,6,52.46377,13.57593,morning,10,daylight,0,dry,1,3,6,1,1,0,0,0,0,3,slightly_injured
2019,12,Fri,6,52.46485,13.34434,morning,10,daylight,0,dry,1,0,3,0,0,0,1,0,1,3,slightly_injured
2019,12,Fri,6,52.49021,13.40045,morning,9,daylight,0,dry,1,8,1,0,1,0,0,0,0,3,slightly_injured
2019,12,Fri,6,52.48529,13.28422,morning,7,dusk,1,dry,0,5,3,1,0,0,0,0,1,3,slightly_injured
2019,12,Fri,6,52.5039,13.35958,evening,21,dark,2,dry,1,2,6,0,1,0,0,0,0,3,slightly_injured
2019,12,Fri,6,52.55409,13.2075,evening,20,dark,2,dry,1,6,2,0,1,1,0,0,0,3,slightly_injured
2019,12,Fri,6,52.47239,13.31435,evening,19,dark,2,dry,0,1,5,1,1,0,0,0,0,3,slightly_injured
2019,12,Fri,6,52.44057,13.43467,afternoon,17,dark,2,dry,1,2,6,0,1,0,0,0,0,3,slightly_injured
2019,12,Fri,6,52.47862,13.36344,afternoon,17,dark,2,dry,1,5,3,1,1,0,0,0,0,3,slightly_injured
2019,12,Fri,6,52.53437,13.49982,afternoon,16,dark,2,dry,1,5,3,0,1,0,0,0,0,3,slightly_injured
2019,12,Fri,6,52.45116,13.62475,evening,19,dark,2,dry,1,6,4,0,1,1,0,0,0,2,seriously_injured
2019,12,Fri,6,52.57054,13.39871,afternoon,14,daylight,0,dry,1,0,1,1,0,0,0,0,0,2,seriously_injured
2019,12,Fri,6,52.44543,13.26768,morning,9,daylight,0,dry,1,5,3,1,1,0,0,0,0,2,seriously_injured
2019,12,Thu,5,52.56807,13.3667,afternoon,17,dark,2,dry,1,2,2,1,1,0,0,0,0,3,slightly_injured
2019,12,Thu,5,52.47442,13.45453,evening,20,dark,2,dry,1,5,3,0,1,0,0,0,0,3,slightly_injured
2019,12,Thu,5,52.52356,13.58723,afternoon,17,dark,2,dry,1,5,2,0,1,0,0,0,0,3,slightly_injured
2019,12,Thu,5,52.54121,13.49377,afternoon,17,dark,2,dry,1,5,3,0,1,0,0,0,0,3,slightly_injured
2019,12,Thu,5,52.50141,13.47566,afternoon,17,dark,2,dry,1,2,6,0,1,0,1,0,0,3,slightly_injured
2019,12,Thu,5,52.48533,13.4289,afternoon,16,dark,2,dry,1,5,3,0,1,0,0,0,0,3,slightly_injured
2019,12,Thu,5,52.53922,13.39942,morning,11,daylight,0,dry,1,0,1,0,1,0,1,0,0,3,slightly_injured
2019,12,Thu,5,52.45162,13.62481,morning,9,daylight,0,dry,1,0,1,1,0,0,0,0,0,3,slightly_injured
2019,12,Thu,5,52.52928,13.19583,night,2,dark,2,dry,1,8,1,0,1,0,0,0,0,3,slightly_injured
2019,12,Thu,5,52.52599,13.30095,night,0,dark,2,dry,1,0,1,0,0,0,0,0,1,3,slightly_injured
2019,12,Thu,5,52.53514,13.51415,afternoon,15,daylight,0,dry,1,5,1,0,1,0,0,0,0,2,seriously_injured
2019,12,Thu,5,52.4691,13.4913,afternoon,14,daylight,0,dry,1,5,2,0,1,0,0,0,0,2,seriously_injured
2019,12,Thu,5,52.55193,13.38102,morning,6,dark,2,dry,1,3,6,1,1,0,0,0,0,2,seriously_injured
2019,12,Wed,4,52.47867,13.32834,afternoon,12,daylight,0,dry,1,5,2,0,1,0,0,0,0,3,slightly_injured
2019,12,Wed,4,52.53909,13.39528,evening,23,dark,2,dry,1,5,7,0,1,0,1,0,0,3,slightly_injured
2019,12,Wed,4,52.50014,13.30759,evening,19,dark,2,dry,1,2,7,0,1,0,0,0,0,3,slightly_injured
2019,12,Wed,4,52.45897,13.34922,afternoon,16,dark,2,dry,1,1,1,0,1,0,0,0,1,3,slightly_injured
2019,12,Wed,4,52.41935,13.4403,afternoon,13,daylight,0,dry,1,5,3,0,1,0,0,0,1,3,slightly_injured
2019,12,Tue,3,52.50683,13.2561,evening,23,dark,2,dry,1,6,2,0,1,1,0,0,0,3,slightly_injured
2019,12,Tue,3,52.46909,13.49129,evening,21,dark,2,dry,1,5,2,0,1,0,0,0,0,3,slightly_injured
2019,12,Tue,3,52.56159,13.20867,evening,20,dark,2,dry,1,6,2,0,1,1,0,0,0,3,slightly_injured
2019,12,Tue,3,52.52474,13.62189,evening,19,dark,2,dry,1,5,3,0,1,0,0,0,0,3,slightly_injured
2019,12,Tue,3,52.56938,13.50459,evening,18,dark,2,dry,1,1,5,0,1,0,0,0,0,3,slightly_injured
2019,12,Tue,3,52.42991,13.33311,evening,18,dark,2,dry,1,8,1,0,1,0,0,0,0,3,slightly_injured
2019,12,Tue,3,52.5345,13.35242,afternoon,14,daylight,0,dry,0,0,1,0,1,0,1,0,0,3,slightly_injured
2019,12,Tue,3,52.52631,13.23973,afternoon,13,daylight,0,dry,1,0,6,0,1,0,0,0,1,3,slightly_injured
2019,12,Tue,3,52.48047,13.4391,afternoon,13,daylight,0,dry,0,6,4,0,1,1,0,0,0,3,slightly_injured
2019,12,Tue,3,52.56613,13.41256,morning,11,daylight,0,dry,0,5,2,1,1,0,0,0,0,3,slightly_injured
2019,12,Tue,3,52.51919,13.4372,morning,10,daylight,0,dry,0,5,3,1,0,0,0,0,0,3,slightly_injured
2019,12,Tue,3,52.55512,13.57441,morning,9,daylight,0,dry,0,2,2,0,1,0,0,0,0,3,slightly_injured
2019,12,Mon,2,52.55422,13.44404,evening,20,dark,2,dry,0,6,4,0,1,1,0,0,0,3,slightly_injured
2019,12,Mon,2,52.49886,13.41859,afternoon,17,dusk,1,dry,0,2,2,0,1,0,1,0,0,3,slightly_injured
2019,12,Mon,2,52.5494,13.57045,morning,7,dark,2,dry,0,6,7,1,0,1,0,0,0,3,slightly_injured
2019,12,Mon,2,52.51848,13.56393,afternoon,13,daylight,0,dry,1,2,6,0,1,0,0,0,1,3,slightly_injured
2019,12,Mon,2,52.52112,13.25318,afternoon,12,daylight,0,dry,1,6,7,0,1,1,0,0,0,3,slightly_injured
2019,12,Mon,2,52.46539,13.58411,afternoon,12,daylight,0,dry,0,1,5,0,1,0,0,0,0,3,slightly_injured
2019,12,Mon,2,52.50187,13.4404,evening,19,dark,2,dry,0,1,5,1,1,0,0,0,0,3,slightly_injured
2019,12,Mon,2,52.50645,13.33164,evening,20,dark,2,dry,0,6,4,0,1,1,0,0,0,3,slightly_injured
2019,12,Mon,2,52.49828,13.46524,evening,18,dark,2,dry,0,5,7,0,1,0,0,0,0,3,slightly_injured
2019,12,Mon,2,52.5441,13.49249,afternoon,12,daylight,0,dry,1,6,4,0,1,1,0,0,0,2,seriously_injured
2019,12,Mon,2,52.44304,13.47897,afternoon,17,dark,2,dry,0,2,6,0,1,0,0,0,0,3,slightly_injured
2019,12,Mon,2,52.42192,13.34932,afternoon,16,dark,2,dry,0,9,1,0,1,0,0,0,0,2,seriously_injured
2019,12,Mon,2,52.58762,13.28581,afternoon,16,dusk,1,dry,0,2,6,0,1,0,0,0,0,3,slightly_injured
2019,12,Mon,2,52.43721,13.35873,afternoon,16,dark,2,dry,1,5,3,0,1,0,0,0,0,3,slightly_injured
2019,12,Mon,2,52.42445,13.48229,afternoon,16,dusk,1,dry,1,0,5,1,1,0,0,0,0,3,slightly_injured
2019,12,Mon,2,52.573,13.29731,afternoon,15,daylight,0,dry,0,5,2,1,1,0,0,0,0,2,seriously_injured
2019,12,Mon,2,52.47705,13.28071,morning,11,daylight,0,dry,1,9,7,0,1,0,0,0,0,2,seriously_injured
2019,12,Mon,2,52.44936,13.43601,morning,11,daylight,0,dry,1,5,3,1,1,0,0,0,0,3,slightly_injured
2019,12,Mon,2,52.46143,13.34513,morning,9,daylight,0,dry,1,6,4,1,0,1,0,0,0,3,slightly_injured
2019,12,Mon,2,52.50603,13.33251,morning,9,daylight,0,dry,1,6,2,0,1,1,0,0,0,2,seriously_injured
2019,12,Mon,2,52.49988,13.43881,morning,8,daylight,0,dry,1,1,5,1,0,0,0,0,1,3,slightly_injured
2019,12,Mon,2,52.55728,13.33418,morning,7,dusk,1,dry,1,5,3,0,1,0,0,0,0,3,slightly_injured
2019,12,Mon,2,52.47763,13.44818,morning,7,dark,2,dry,1,6,2,0,1,1,0,0,0,3,slightly_injured
2019,12,Mon,2,52.53293,13.19827,evening,18,dark,2,dry,0,5,3,0,1,0,0,0,1,3,slightly_injured
2019,12,Sun,1,52.48903,13.3943,afternoon,14,daylight,0,dry,1,0,1,1,0,0,0,0,0,3,slightly_injured
2019,12,Sun,1,52.53137,13.4332,afternoon,14,daylight,0,dry,0,0,5,0,1,0,0,0,0,3,slightly_injured
2019,12,Sun,1,52.56768,13.35132,afternoon,12,daylight,0,dry,0,5,2,1,1,0,0,0,0,2,seriously_injured
2019,12,Sun,1,52.45259,13.43851,afternoon,12,daylight,0,dry,1,5,2,0,1,0,0,0,0,3,slightly_injured
2019,12,Sun,1,52.57211,13.3078,morning,9,daylight,0,dry,1,2,2,0,1,0,1,0,0,3,slightly_injured
2019,12,Sun,1,52.50241,13.32518,morning,8,daylight,0,dry,1,5,3,0,1,0,0,0,0,3,slightly_injured
2019,12,Sun,1,52.48893,13.40769,morning,7,dark,2,dry,1,5,3,0,1,0,0,0,0,3,slightly_injured
2019,12,Sun,1,52.49545,13.5227,evening,18,dark,2,dry,1,1,5,0,1,0,0,0,0,3,slightly_injured
2019,12,Sun,1,52.5604,13.32146,evening,21,dark,2,dry,0,2,6,0,1,0,0,0,0,3,slightly_injured
2019,12,Sun,1,52.50156,13.31943,evening,18,dark,2,dry,0,5,3,0,1,0,1,0,0,3,slightly_injured
2019,12,Sun,1,52.531,13.40589,afternoon,16,dark,2,dry,1,3,6,1,0,0,0,0,0,3,slightly_injured
2019,12,Sun,1,52.42551,13.48138,afternoon,14,daylight,0,dry,0,1,5,0,1,0,0,0,0,3,slightly_injured
2019,12,Sun,1,52.42428,13.20534,afternoon,13,daylight,0,dry,0,5,3,0,1,0,0,0,0,3,slightly_injured
2019,12,Sat,7,52.47002,13.37172,evening,21,dark,2,dry,0,2,2,0,1,0,0,0,0,3,slightly_injured
2019,12,Sat,7,52.49828,13.42973,evening,20,dark,2,dry,1,0,3,0,1,0,0,0,0,2,seriously_injured
2019,12,Sat,7,52.53264,13.14436,evening,19,dark,2,dry,1,2,6,0,1,0,0,0,1,3,slightly_injured
2019,12,Sat,7,52.56527,13.37819,afternoon,17,dark,2,dry,0,0,4,0,0,1,0,0,1,2,seriously_injured
2019,12,Sat,7,52.48059,13.4389,afternoon,16,dark,2,dry,1,0,1,0,0,0,1,0,0,3,slightly_injured
2019,12,Sat,7,52.44548,13.26791,afternoon,14,daylight,0,dry,1,2,2,0,1,0,0,0,0,3,slightly_injured
2019,12,Sat,7,52.52983,13.19749,afternoon,13,daylight,0,dry,0,2,7,0,1,0,0,0,0,3,slightly_injured
2019,12,Sat,7,52.45134,13.62477,afternoon,13,daylight,0,dry,0,6,4,0,1,1,0,0,0,3,slightly_injured
2019,12,Sat,7,52.42001,13.48998,afternoon,13,daylight,0,dry,0,5,2,0,1,0,0,0,0,2,seriously_injured
2019,12,Sat,7,52.41869,13.29019,afternoon,12,daylight,0,dry,1,1,1,0,1,0,0,0,1,3,slightly_injured
2019,12,Sat,7,52.41708,13.36089,afternoon,12,daylight,0,dry,1,0,3,1,1,0,0,0,0,3,slightly_injured
2019,12,Sat,7,52.40912,13.37605,morning,11,daylight,0,dry,1,8,1,0,1,0,0,0,0,2,seriously_injured
2019,12,Sat,7,52.56819,13.30547,morning,11,daylight,0,dry,1,5,7,0,1,0,0,0,0,3,slightly_injured
2019,12,Sat,7,52.59637,13.2844,morning,10,daylight,0,dry,1,2,6,0,1,0,0,0,0,3,slightly_injured
2019,12,Sat,7,52.5282,13.38601,morning,10,daylight,0,dry,0,2,6,0,1,0,0,0,0,3,slightly_injured
2019,12,Sat,7,52.51205,13.47558,morning,9,daylight,0,dry,1,2,6,0,1,0,0,0,1,3,slightly_injured
2019,12,Sat,7,52.4816,13.44016,morning,8,daylight,0,dry,1,0,3,0,1,0,0,0,1,3,slightly_injured
2019,12,Sat,7,52.49829,13.39949,night,3,dark,2,dry,1,5,2,0,1,0,0,0,0,3,slightly_injured
2019,12,Fri,6,52.56153,13.56228,afternoon,16,dusk,1,dry,1,2,6,0,1,0,0,0,0,3,slightly_injured
2019,12,Fri,6,52.55581,13.38796,afternoon,15,daylight,0,dry,1,0,3,1,1,0,0,0,0,3,slightly_injured
2019,12,Fri,6,52.46313,13.31992,afternoon,17,dark,2,dry,1,0,7,0,1,1,0,0,0,3,slightly_injured
2019,12,Fri,6,52.51921,13.29238,afternoon,16,dark,2,dry,0,5,3,0,1,0,0,0,0,3,slightly_injured
2019,12,Fri,6,52.48218,13.44076,afternoon,16,dark,2,dry,1,1,5,1,1,0,0,0,0,3,slightly_injured
2019,12,Fri,6,52.45535,13.37528,evening,20,dark,2,dry,1,5,2,0,1,0,0,0,0,3,slightly_injured
2019,12,Fri,6,52.6126,13.4733,evening,19,dark,2,dry,1,5,2,0,1,0,1,0,0,2,seriously_injured
2019,12,Fri,6,52.50495,13.31368,evening,19,dark,2,dry,0,2,6,0,1,0,0,0,0,3,slightly_injured
2019,12,Fri,6,52.50243,13.487,evening,19,dark,2,dry,0,6,2,0,1,1,0,0,0,3,slightly_injured
2019,12,Fri,6,52.63014,13.28032,evening,18,dark,2,dry,1,5,3,0,1,0,0,0,0,3,slightly_injured
2019,12,Fri,6,52.51516,13.3507,evening,18,dark,2,dry,0,5,3,0,1,0,0,0,0,3,slightly_injured
2019,12,Fri,6,52.47421,13.36698,afternoon,17,dark,2,dry,1,6,4,0,1,1,0,0,0,2,seriously_injured
2019,12,Fri,6,52.52902,13.56666,morning,10,daylight,0,dry,1,6,4,0,1,1,0,0,0,2,seriously_injured
2019,12,Fri,6,52.52348,13.35683,afternoon,16,dark,2,dry,1,6,2,0,1,1,0,0,0,3,slightly_injured
2019,12,Fri,6,52.55401,13.15017,afternoon,17,dark,2,dry,0,6,4,0,1,1,0,0,0,3,slightly_injured
2019,12,Fri,6,52.57564,13.28436,morning,10,daylight,0,dry,1,0,5,1,1,0,0,0,0,3,slightly_injured
2019,12,Fri,6,52.50443,13.31342,morning,9,daylight,0,dry,1,5,3,1,1,0,0,0,0,3,slightly_injured
2019,12,Fri,6,52.52878,13.30653,morning,9,daylight,0,dry,0,5,3,0,1,0,0,0,0,3,slightly_injured
2019,12,Fri,6,52.54641,13.59217,morning,8,daylight,0,dry,1,6,4,0,1,1,0,0,0,2,seriously_injured
2019,12,Fri,6,52.50949,13.40025,morning,7,dusk,1,dry,0,2,2,1,1,0,0,0,0,3,slightly_injured
2019,12,Fri,6,52.51134,13.53262,morning,7,dark,2,dry,1,6,4,0,1,1,0,0,0,3,slightly_injured
2019,12,Fri,6,52.50654,13.38765,morning,6,dark,2,dry,1,1,5,1,1,0,0,0,0,3,slightly_injured
2019,12,Fri,6,52.51611,13.49366,morning,6,dark,2,dry,0,6,2,0,1,1,0,0,0,3,slightly_injured
2019,12,Fri,6,52.56748,13.35147,afternoon,16,dusk,1,dry,0,5,2,1,1,0,0,0,0,3,slightly_injured
2019,12,Fri,6,52.50197,13.44021,afternoon,15,dusk,1,dry,1,0,3,1,1,0,0,0,0,3,slightly_injured
2019,12,Fri,6,52.45541,13.25016,afternoon,15,dusk,1,dry,1,6,4,0,1,1,0,0,0,3,slightly_injured
2019,12,Fri,6,52.42014,13.48996,afternoon,14,daylight,0,dry,1,6,4,0,1,1,0,0,0,2,seriously_injured
2019,12,Fri,6,52.44104,13.38127,afternoon,14,daylight,0,dry,0,5,3,1,0,0,0,1,0,3,slightly_injured
2019,12,Fri,6,52.50257,13.32514,afternoon,14,daylight,0,dry,0,0,6,0,1,0,0,0,1,3,slightly_injured
2019,12,Fri,6,52.5066,13.45866,evening,23,dark,2,dry,1,5,3,0,1,0,0,0,0,3,slightly_injured
2019,12,Fri,6,52.5486,13.58142,evening,22,dark,2,dry,1,0,1,1,0,0,0,0,0,2,seriously_injured
2019,12,Fri,6,52.55167,13.41874,evening,22,dark,2,dry,0,0,5,0,1,1,0,0,0,3,slightly_injured
2019,12,Fri,6,52.51685,13.296,evening,21,dark,2,dry,0,5,3,0,1,0,0,0,1,3,slightly_injured
2019,12,Fri,6,52.50527,13.56756,afternoon,14,daylight,0,dry,0,5,2,1,0,0,0,0,1,3,slightly_injured
2019,12,Fri,6,52.49726,13.34182,afternoon,14,daylight,0,dry,0,3,6,1,0,0,0,0,0,3,slightly_injured
2019,12,Fri,6,52.53893,13.60837,afternoon,17,dark,2,dry,1,5,2,1,1,0,0,0,0,2,seriously_injured
2019,12,Fri,6,52.53818,13.56862,afternoon,16,dark,2,dry,0,5,2,1,1,0,0,0,0,3,slightly_injured
2019,12,Fri,6,52.43826,13.23298,afternoon,14,daylight,0,dry,0,3,6,0,1,0,0,0,0,3,slightly_injured
2019,12,Fri,6,52.43461,13.36206,afternoon,16,dark,2,dry,0,6,2,0,1,1,0,0,0,2,seriously_injured
2019,12,Fri,6,52.48512,13.4243,afternoon,13,daylight,0,dry,0,5,7,0,1,0,0,0,0,3,slightly_injured
2019,12,Fri,6,52.43542,13.31348,morning,7,daylight,0,dry,0,5,2,1,1,0,0,0,0,3,slightly_injured
2019,12,Fri,6,52.53835,13.39604,evening,21,dark,2,dry,1,5,2,1,1,0,0,0,0,3,slightly_injured
2019,12,Fri,6,52.53656,13.26497,evening,20,dark,2,dry,1,6,2,0,1,1,0,0,0,3,slightly_injured
2019,12,Fri,6,52.53385,13.35925,afternoon,13,daylight,0,dry,1,5,3,1,1,0,0,0,0,3,slightly_injured
2019,12,Fri,6,52.60319,13.42647,evening,20,dark,2,dry,0,6,2,0,1,1,0,0,0,3,slightly_injured
2019,12,Fri,6,52.54985,13.21012,afternoon,13,daylight,0,dry,1,5,7,0,1,0,1,0,0,3,slightly_injured
2019,12,Fri,6,52.46053,13.32414,afternoon,13,daylight,0,dry,0,3,6,1,1,0,0,0,0,3,slightly_injured
2019,12,Fri,6,52.56515,13.20936,afternoon,12,daylight,0,dry,0,6,4,0,1,1,0,0,0,3,slightly_injured
2019,12,Fri,6,52.48274,13.40586,afternoon,12,daylight,0,dry,0,6,7,0,1,1,0,0,0,3,slightly_injured
2019,12,Fri,6,52.50571,13.34598,afternoon,12,daylight,0,dry,1,0,7,1,1,0,0,0,0,3,slightly_injured
2019,12,Fri,6,52.49478,13.5145,morning,10,daylight,0,dry,0,6,4,0,1,1,0,0,0,3,slightly_injured
2019,12,Thu,5,52.55416,13.35874,afternoon,12,daylight,0,dry,0,0,2,1,1,0,0,0,0,3,slightly_injured
2019,12,Thu,5,52.39851,13.40669,evening,18,dark,2,dry,0,6,2,0,1,1,0,0,0,3,slightly_injured
2019,12,Thu,5,52.48656,13.42916,afternoon,17,dark,2,dry,0,0,7,0,0,1,0,0,1,3,slightly_injured
2019,12,Thu,5,52.4529,13.38645,afternoon,17,dark,2,dry,0,6,4,0,1,1,0,0,0,2,seriously_injured
2019,12,Thu,5,52.38667,13.40628,afternoon,17,dark,2,dry,1,6,4,0,1,1,0,0,0,2,seriously_injured
2019,12,Thu,5,52.48512,13.33087,afternoon,17,dark,2,dry,0,5,2,1,1,0,0,0,0,3,slightly_injured
2019,12,Thu,5,52.60622,13.4198,afternoon,17,dark,2,dry,1,6,2,0,1,1,0,0,0,2,seriously_injured
2019,12,Thu,5,52.53947,13.20605,afternoon,16,dark,2,dry,0,3,6,0,1,0,0,0,0,3,slightly_injured
2019,12,Thu,5,52.52997,13.62675,afternoon,16,dark,2,dry,1,0,3,0,1,0,1,0,0,3,slightly_injured
2019,12,Thu,5,52.51529,13.30099,evening,22,dark,2,dry,0,5,2,0,1,0,0,0,0,3,slightly_injured
2019,12,Thu,5,52.41182,13.25511,evening,21,dark,2,dry,1,5,3,0,1,0,1,0,0,3,slightly_injured
2019,12,Thu,5,52.49871,13.35695,evening,22,dark,2,dry,0,5,3,1,1,0,0,0,0,3,slightly_injured
2019,12,Thu,5,52.48505,13.37299,evening,20,dark,2,dry,0,5,3,0,1,0,0,0,1,3,slightly_injured
2019,12,Thu,5,52.50466,13.42665,evening,18,dark,2,dry,1,5,3,1,0,0,0,0,0,3,slightly_injured
2019,12,Thu,5,52.48168,13.34831,evening,18,dark,2,dry,1,2,6,0,1,0,0,0,1,3,slightly_injured
2019,12,Thu,5,52.4252,13.25242,afternoon,17,dark,2,dry,1,0,2,1,1,0,0,0,0,3,slightly_injured
2019,12,Thu,5,52.50335,13.33945,afternoon,15,daylight,0,dry,0,6,4,0,1,1,0,0,0,3,slightly_injured
2019,12,Thu,5,52.42339,13.51185,afternoon,13,daylight,0,dry,0,5,3,0,1,0,0,0,0,3,slightly_injured
2019,12,Thu,5,52.50727,13.51267,afternoon,12,daylight,0,dry,0,5,3,1,0,0,0,0,0,3,slightly_injured
2019,12,Thu,5,52.51366,13.29666,afternoon,12,daylight,0,dry,0,5,2,1,1,0,0,0,0,3,slightly_injured
2019,12,Thu,5,52.55455,13.5118,morning,9,daylight,0,dry,0,2,7,0,1,0,0,0,1,3,slightly_injured
2019,12,Thu,5,52.43192,13.39116,morning,8,daylight,0,dry,1,2,6,0,1,0,0,0,1,3,slightly_injured
2019,12,Thu,5,52.50559,13.41226,morning,8,daylight,0,dry,0,5,7,1,1,0,0,0,0,3,slightly_injured
2019,12,Thu,5,52.59028,13.28938,morning,8,daylight,0,dry,0,0,2,0,1,0,0,0,1,3,slightly_injured
2019,12,Thu,5,52.43044,13.25947,morning,8,daylight,0,dry,0,2,6,0,1,0,0,0,0,3,slightly_injured
2019,12,Thu,5,52.55291,13.24924,afternoon,16,dark,2,dry,0,5,3,1,1,0,0,0,0,3,slightly_injured
2019,12,Thu,5,52.54681,13.50165,morning,6,dark,2,dry,0,5,3,0,1,0,0,0,0,3,slightly_injured
2019,12,Thu,5,52.50367,13.4111,afternoon,14,daylight,0,dry,0,2,6,0,1,0,0,0,0,3,slightly_injured
2019,12,Thu,5,52.46906,13.45756,afternoon,14,daylight,0,dry,0,1,5,1,1,0,0,0,0,3,slightly_injured
2019,12,Thu,5,52.43384,13.49806,afternoon,15,daylight,0,dry,0,2,6,0,1,0,0,0,0,3,slightly_injured
2019,12,Thu,5,52.5267,13.41573,afternoon,15,daylight,0,dry,0,6,2,0,1,1,0,0,0,3,slightly_injured
2019,12,Thu,5,52.53468,13.49167,afternoon,15,daylight,0,dry,1,5,3,1,1,0,0,0,0,3,slightly_injured
2019,12,Thu,5,52.41691,13.39953,afternoon,13,daylight,0,dry,0,2,2,0,1,0,0,0,1,3,slightly_injured
2019,12,Wed,4,52.53501,13.19959,afternoon,12,daylight,0,dry,0,2,6,0,1,0,0,0,0,3,slightly_injured
2019,12,Wed,4,52.54,13.60396,evening,18,dark,2,dry,0,1,6,1,1,0,0,0,0,3,slightly_injured
2019,12,Wed,4,52.54275,13.5665,night,4,dark,2,dry,1,0,6,0,1,0,1,0,0,3,slightly_injured
2019,12,Wed,4,52.49913,13.35506,evening,18,dark,2,dry,0,1,7,0,1,0,0,0,0,3,slightly_injured
2019,12,Wed,4,52.54761,13.31095,morning,6,dark,2,dry,0,5,7,0,1,0,0,1,0,3,slightly_injured
2019,12,Wed,4,52.57486,13.31303,morning,9,daylight,0,dry,0,5,3,0,1,0,0,0,0,3,slightly_injured
2019,12,Wed,4,52.42197,13.29843,morning,8,daylight,0,dry,0,5,2,1,1,0,0,0,0,2,seriously_injured
2019,12,Wed,4,52.55545,13.43946,morning,8,daylight,0,dry,0,5,3,1,1,0,0,0,0,3,slightly_injured
2019,12,Wed,4,52.43173,13.49513,morning,7,dark,2,dry,0,6,4,0,1,1,0,0,0,3,slightly_injured
2019,12,Wed,4,52.63428,13.46864,evening,23,dark,2,dry,0,8,1,0,1,0,0,0,0,3,slightly_injured
2019,12,Tue,3,52.50885,13.45992,evening,21,dark,2,dry,0,6,4,0,1,1,0,0,0,3,slightly_injured
2019,12,Wed,4,52.60953,13.32958,evening,21,dark,2,dry,0,1,5,1,1,0,0,0,0,3,slightly_injured
2019,12,Tue,3,52.50672,13.29334,afternoon,15,daylight,0,dry,0,5,5,0,1,0,0,0,0,3,slightly_injured
2019,12,Tue,3,52.59489,13.32199,afternoon,15,dusk,1,dry,0,1,7,0,1,0,0,0,0,3,slightly_injured
2019,12,Wed,4,52.49032,13.44444,afternoon,17,dark,2,dry,0,5,3,1,1,0,0,0,0,3,slightly_injured
2019,12,Tue,3,52.5414,13.33392,afternoon,13,daylight,0,dry,0,5,3,1,1,0,0,0,0,3,slightly_injured
2019,12,Tue,3,52.45527,13.32602,afternoon,12,daylight,0,dry,0,0,6,0,1,0,0,0,1,3,slightly_injured
2019,12,Tue,3,52.50177,13.33788,afternoon,12,daylight,0,dry,0,1,5,1,1,0,0,0,0,3,slightly_injured
2019,12,Wed,4,52.44486,13.4298,evening,21,dark,2,dry,0,3,6,1,1,0,0,0,0,3,slightly_injured
2019,12,Tue,3,52.51092,13.41678,night,2,dark,2,dry,1,2,7,1,1,0,0,0,0,3,slightly_injured
2019,12,Tue,3,52.48508,13.44886,evening,18,dark,2,dry,0,5,2,0,1,0,0,0,0,2,seriously_injured
2019,12,Wed,4,52.55976,13.36989,evening,21,dark,2,dry,0,5,2,0,1,0,0,0,0,3,slightly_injured
2019,12,Tue,3,52.55635,13.42915,afternoon,15,daylight,0,dry,0,5,2,0,1,0,0,0,0,2,seriously_injured
2019,12,Wed,4,52.50105,13.34618,afternoon,14,daylight,0,dry,0,3,6,0,1,0,0,0,0,3,slightly_injured
2019,12,Tue,3,52.57141,13.56079,morning,11,daylight,0,dry,0,6,4,0,1,1,0,0,0,2,seriously_injured
2019,12,Mon,2,52.49085,13.37937,evening,19,dark,2,dry,0,6,7,1,0,1,0,0,0,3,slightly_injured
2019,12,Wed,4,52.50674,13.30188,morning,8,daylight,0,dry,0,2,6,1,1,0,0,0,0,3,slightly_injured
2019,12,Wed,4,52.52426,13.59947,afternoon,16,dark,2,dry,0,5,3,0,1,0,0,0,0,3,slightly_injured