ujahr,umonat,weekday,uwochentag,long,lat,time_of_day,ustunde,light_condition,ulichtverh,street_condition,ustrzustand,uart,utyp1,ist_rad,ist_pkw,ist_fuss,ist_krad,ist_gkfz,ist_sonstige,ukategorie,accident_outcome
2019,12,Mon,2,52.41044,13.32316,evening,22,dark,2,dry,0,0,3,0,0,0,0,0,1,3,slightly_injured
2019,12,Mon,2,52.50857,13.33432,evening,19,dark,2,dry,0,2,2,0,1,0,0,0,0,3,slightly_injured
2019,12,Wed,4,52.43259,13.33697,evening,18,dark,2,dry,0,0,7,0,1,0,0,0,0,3,slightly_injured
2019,12,Wed,4,52.51578,13.49358,afternoon,15,dusk,1,dry,0,2,6,0,1,0,0,0,0,3,slightly_injured
2019,12,Mon,2,52.55683,13.36567,evening,18,dark,2,dry,0,5,2,0,1,0,0,0,0,3,slightly_injured
2019,12,Mon,2,52.51724,13.41826,evening,18,dark,2,dry,0,6,7,1,1,1,0,0,0,3,slightly_injured
2019,12,Mon,2,52.52345,13.3597,afternoon,17,dark,2,dry,0,5,3,0,1,0,1,0,0,3,slightly_injured
2019,12,Wed,4,52.54213,13.34959,afternoon,15,daylight,0,dry,0,5,2,0,1,0,0,0,0,3,slightly_injured
2019,12,Mon,2,52.52953,13.45708,afternoon,17,dark,2,dry,0,2,6,0,1,0,0,0,0,3,slightly_injured
2019,12,Wed,4,52.45813,13.39323,evening,18,dark,2,dry,1,0,7,1,0,0,0,0,0,3,slightly_injured
2019,12,Mon,2,52.53488,13.51028,afternoon,16,dark,2,dry,0,5,3,1,1,0,0,0,0,3,slightly_injured
2019,12,Mon,2,52.49408,13.56205,afternoon,16,dusk,1,dry,0,2,6,0,1,0,1,0,0,3,slightly_injured
2019,12,Wed,4,52.49599,13.3958,evening,18,dark,2,dry,1,1,5,1,1,0,0,0,0,3,slightly_injured
2019,12,Mon,2,52.52271,13.41538,afternoon,15,daylight,0,dry,0,3,6,0,1,1,0,0,0,3,slightly_injured
2019,12,Mon,2,52.51232,13.38421,afternoon,14,daylight,0,dry,0,1,5,1,1,0,0,0,0,3,slightly_injured
2019,12,Mon,2,52.51544,13.41808,afternoon,14,daylight,0,dry,0,2,2,0,1,0,0,0,1,3,slightly_injured
2019,12,Wed,4,52.51569,13.49862,evening,18,dark,2,dry,0,5,2,0,1,0,1,0,0,2,seriously_injured
2019,12,Wed,4,52.5164,13.38082,afternoon,14,daylight,0,dry,0,2,2,1,1,0,0,0,0,3,slightly_injured
2020,1,Wed,4,52.4623009,13.45500598,morning,11,daylight,0,wet,1,3,6,0,1,0,0,1,0,2,seriously_injured
2020,1,Tue,3,52.49387309,13.29111618,night,2,dark,2,wet,1,9,1,0,0,0,0,1,0,2,seriously_injured
2020,1,Sun,1,52.48407191,13.30534822,morning,7,dusk,1,wet,1,0,1,0,0,0,0,0,1,3,slightly_injured
2020,1,Fri,6,52.517556,13.43737099,evening,22,dark,2,dry,0,1,5,0,1,0,0,0,0,2,seriously_injured
2020,1,Sun,1,52.48791866,13.29974796,afternoon,17,dark,2,wet,1,0,1,0,0,0,1,0,0,3,slightly_injured
2020,1,Fri,6,52.47837396,13.33629164,afternoon,14,daylight,0,dry,0,2,6,0,1,0,0,0,0,3,slightly_injured
2020,1,Mon,2,52.49909824,13.36256795,afternoon,13,daylight,0,dry,0,0,4,0,0,1,0,0,1,3,slightly_injured
2020,1,Sat,7,52.47553062,13.38588423,afternoon,15,daylight,0,dry,0,1,1,0,1,0,0,0,0,2,seriously_injured
2020,1,Thu,5,52.57738163,13.39826708,afternoon,13,daylight,0,dry,0,2,6,0,1,0,0,0,0,3,slightly_injured
2020,1,Sun,1,52.55808889,13.36525689,morning,9,daylight,0,dry,0,5,3,0,1,0,0,0,0,3,slightly_injured
2020,2,Sat,7,52.4918167,13.4577519,afternoon,12,daylight,0,wet,1,2,2,0,0,0,1,0,1,3,slightly_injured
2020,1,Thu,5,52.47781709,13.32702026,afternoon,17,dark,2,dry,0,2,1,0,1,0,0,0,0,3,slightly_injured
2020,1,Thu,5,52.51024968,13.28696175,morning,11,daylight,0,dry,0,0,1,1,0,0,0,0,0,3,slightly_injured
2020,1,Mon,2,52.49378756,13.29063655,afternoon,15,daylight,0,dry,0,5,3,0,1,0,0,1,0,3,slightly_injured
2020,1,Thu,5,52.51582959,13.369821,afternoon,15,daylight,0,wet,1,5,2,0,1,0,0,0,0,3,slightly_injured
2020,1,Wed,4,52.51689063,13.44252783,evening,18,dusk,1,dry,0,3,6,1,0,0,0,0,0,3,slightly_injured
2020,1,Thu,5,52.55713178,13.30881102,afternoon,14,daylight,0,wet,1,3,7,0,1,0,0,1,0,2,seriously_injured
2020,1,Fri,6,52.52520178,13.41961997,morning,10,daylight,0,dry,0,5,2,0,1,0,0,0,0,3,slightly_injured
2020,1,Wed,4,52.50107535,13.45285824,evening,21,dark,2,dry,0,6,7,1,0,1,0,0,0,3,slightly_injured
2020,1,Wed,4,52.5117929,13.20312525,afternoon,15,daylight,0,wet,1,2,6,0,1,0,0,0,1,3,slightly_injured
2020,1,Tue,3,52.52943224,13.44418945,morning,7,daylight,0,wet,1,0,7,0,1,0,0,0,1,3,slightly_injured
2020,1,Wed,4,52.41996231,13.17542061,morning,11,daylight,0,dry,0,5,2,0,1,0,0,0,0,3,slightly_injured
2020,1,Tue,3,52.41362926,13.36193572,morning,9,daylight,0,dry,0,6,2,0,0,1,0,1,0,2,seriously_injured
2020,1,Tue,3,52.54717101,13.44815487,morning,7,daylight,0,dry,0,3,6,1,1,0,0,0,0,3,slightly_injured
2020,1,Tue,3,52.56297781,13.46906298,afternoon,17,dark,2,wet,1,5,3,0,1,0,0,0,0,3,slightly_injured
2020,1,Sun,1,52.51674525,13.4091764,afternoon,13,daylight,0,dry,0,5,3,0,1,0,0,0,0,3,slightly_injured
2020,1,Thu,5,52.50957906,13.37764319,evening,18,dark,2,dry,0,4,6,1,0,0,0,0,1,3,slightly_injured
2020,1,Tue,3,52.52843034,13.28260654,morning,6,dark,2,wet,1,3,6,0,1,0,0,1,0,3,slightly_injured
2020,1,Mon,2,52.51343456,13.47675274,night,4,dark,2,wet,1,6,2,0,1,1,0,0,0,3,slightly_injured
2020,1,Sun,1,52.43534916,13.26399353,night,3,dark,2,wet,1,3,6,0,1,0,0,0,1,3,slightly_injured
2020,1,Wed,4,52.4695124,13.3886979,morning,9,daylight,0,dry,0,3,6,0,1,0,0,1,0,3,slightly_injured
2020,1,Sat,7,52.51090969,13.29769472,afternoon,15,daylight,0,dry,0,1,5,0,1,0,1,0,0,3,slightly_injured
2020,1,Fri,6,52.58274696,13.34401431,afternoon,15,daylight,0,dry,0,3,6,0,1,0,0,0,0,3,slightly_injured
2020,1,Wed,4,52.51921233,13.41262809,night,3,dark,2,dry,0,6,4,0,1,1,0,0,0,2,seriously_injured
2020,1,Fri,6,52.52207519,13.41675606,afternoon,16,dark,2,wet,1,2,6,0,1,0,0,0,0,3,slightly_injured
2020,1,Thu,5,52.48192672,13.30955669,evening,22,dark,2,dry,0,2,6,0,1,0,0,0,0,3,slightly_injured
2020,1,Wed,4,52.53905061,13.4242441,morning,6,dark,2,dry,0,5,2,0,1,0,0,0,0,3,slightly_injured
2020,1,Thu,5,52.61314013,13.31537724,morning,11,daylight,0,wet,1,5,3,1,1,0,0,0,0,3,slightly_injured
2020,1,Thu,5,52.5809442,13.40385303,afternoon,16,daylight,0,dry,0,0,7,1,0,0,0,0,0,2,seriously_injured
2020,1,Tue,3,52.53905409,13.29492109,afternoon,17,dark,2,dry,0,2,6,0,1,0,0,0,0,3,slightly_injured
2020,1,Thu,5,52.50972329,13.37977451,morning,8,daylight,0,dry,0,2,6,0,1,0,0,0,0,3,slightly_injured
2020,1,Sun,1,52.53800624,13.32575802,afternoon,14,daylight,0,dry,0,2,6,0,1,0,0,0,0,2,seriously_injured
2020,1,Thu,5,52.60063121,13.33128678,afternoon,13,daylight,0,wet,1,5,3,0,1,0,0,0,0,3,slightly_injured
2020,1,Wed,4,52.51988474,13.42301478,afternoon,17,dark,2,wet,1,0,5,1,1,0,0,0,0,3,slightly_injured
2020,1,Tue,3,52.55308856,13.36640787,morning,7,dusk,1,dry,0,1,5,1,1,0,0,0,0,3,slightly_injured
2020,1,Tue,3,52.58622174,13.40242993,afternoon,12,daylight,0,wet,1,1,5,1,1,0,0,0,0,3,slightly_injured
2020,1,Tue,3,52.43805153,13.38058644,afternoon,16,dusk,1,wet,1,6,2,0,0,1,0,0,1,3,slightly_injured
2020,1,Wed,4,52.52197488,13.54051453,afternoon,12,daylight,0,wet,1,1,5,0,1,0,0,0,1,3,slightly_injured
2020,1,Tue,3,52.50967,13.37899741,evening,18,dark,2,wet,1,0,1,0,1,0,1,0,0,3,slightly_injured
2020,1,Mon,2,52.50964634,13.2852835,afternoon,17,dark,2,dry,0,3,6,0,1,0,0,1,0,3,slightly_injured
2020,1,Fri,6,52.5099775,13.54077723,morning,6,dark,2,icy,2,0,1,0,0,0,1,0,0,2,seriously_injured
2020,1,Sun,1,52.50247963,13.28097194,evening,19,dark,2,dry,0,5,3,0,1,0,0,1,0,3,slightly_injured
2020,1,Fri,6,52.48481229,13.3041698,afternoon,15,daylight,0,dry,0,2,6,0,1,0,0,1,0,3,slightly_injured
2020,1,Wed,4,52.51582173,13.45376921,evening,22,dark,2,dry,0,5,3,0,1,0,0,0,0,3,slightly_injured
2020,1,Sat,7,52.51161677,13.3055724,afternoon,15,daylight,0,dry,0,5,7,0,1,0,0,0,0,3,slightly_injured
2020,1,Thu,5,52.51015542,13.28276782,evening,18,daylight,0,dry,0,3,6,0,1,0,0,0,1,3,slightly_injured
2020,1,Fri,6,52.61854174,13.39058326,afternoon,13,daylight,0,wet,1,5,2,1,1,0,0,0,0,3,slightly_injured
2020,1,Thu,5,52.42816033,13.51196554,afternoon,12,daylight,0,dry,0,2,6,0,1,0,0,0,1,3,slightly_injured
2020,1,Tue,3,52.53755066,13.29376824,night,5,dark,2,dry,0,2,6,0,1,0,0,0,0,3,slightly_injured
2020,1,Thu,5,52.49758644,13.15177549,afternoon,15,daylight,0,wet,1,2,6,0,1,0,0,0,0,3,slightly_injured
2020,1,Wed,4,52.47224193,13.36656709,afternoon,14,daylight,0,dry,0,2,6,0,1,0,0,0,0,2,seriously_injured
2020,1,Fri,6,52.40563733,13.35664989,morning,7,dark,2,wet,1,5,3,1,1,0,0,0,0,3,slightly_injured
2020,1,Fri,6,52.51422561,13.2852335,morning,11,daylight,0,dry,0,2,6,0,1,0,0,0,0,3,slightly_injured
2020,1,Thu,5,52.58073554,13.40267503,afternoon,17,dusk,1,dry,0,2,6,0,1,0,0,0,0,3,slightly_injured
2020,1,Wed,4,52.47937611,13.31401653,afternoon,16,dark,2,dry,0,3,6,0,1,0,0,1,0,3,slightly_injured
2020,1,Tue,3,52.45269491,13.38457459,night,5,dark,2,wet,1,5,2,0,1,0,0,0,0,3,slightly_injured
2020,1,Tue,3,52.5394255,13.29493447,morning,6,dark,2,dry,0,2,6,0,1,0,0,0,0,3,slightly_injured
2020,1,Tue,3,52.44928169,13.38502877,morning,10,daylight,0,dry,0,5,3,0,1,0,0,0,0,2,seriously_injured
2020,1,Wed,4,52.51074273,13.50492813,morning,9,daylight,0,dry,0,5,3,1,1,0,0,0,0,3,slightly_injured
2020,1,Tue,3,52.48672236,13.46502433,morning,7,dusk,1,wet,1,5,3,1,1,0,0,0,0,3,slightly_injured
2020,1,Sun,1,52.52021565,13.28251145,evening,18,dark,2,dry,0,2,6,0,1,0,0,0,0,3,slightly_injured
2020,1,Thu,5,52.5150694,13.18689744,afternoon,16,dark,2,dry,0,3,6,0,0,0,1,0,1,3,slightly_injured
2020,1,Fri,6,52.43482496,13.26230773,afternoon,16,dark,2,wet,1,6,2,0,1,1,0,0,0,2,seriously_injured
2020,1,Mon,2,52.48449525,13.47943026,evening,18,dark,2,dry,0,5,3,0,1,0,0,0,0,3,slightly_injured
2020,1,Mon,2,52.48448944,13.47941806,afternoon,12,daylight,0,dry,0,5,3,1,1,0,0,0,0,3,slightly_injured
2020,1,Fri,6,52.50860475,13.56136496,afternoon,12,daylight,0,dry,0,5,2,0,1,0,0,0,0,2,seriously_injured
2020,1,Thu,5,52.54177478,13.36963169,morning,10,daylight,0,dry,0,3,6,0,1,0,0,1,0,3,slightly_injured
2020,1,Sun,1,52.51656757,13.17896627,night,0,dark,2,dry,0,5,2,1,1,0,0,0,0,3,slightly_injured
2020,2,Sat,7,52.52219145,13.41650018,night,0,dark,2,dry,0,5,2,0,1,0,0,0,0,3,slightly_injured
2020,1,Thu,5,52.55794822,13.36550618,evening,22,dark,2,wet,1,0,1,0,0,0,1,0,0,3,slightly_injured
2020,1,Thu,5,52.49284138,13.36093162,morning,11,daylight,0,dry,0,2,6,0,1,0,0,0,0,3,slightly_injured
2020,1,Fri,6,52.44400008,13.28938045,evening,22,dark,2,dry,0,1,7,1,1,0,0,0,0,3,slightly_injured
2020,1,Wed,4,52.49927984,13.37836475,evening,18,dark,2,dry,0,2,6,0,1,0,0,0,0,3,slightly_injured
2020,1,Thu,5,52.4401743,13.3873192,evening,20,dark,2,wet,1,5,3,0,1,0,0,0,0,3,slightly_injured
2020,1,Fri,6,52.43927037,13.38186602,morning,6,dark,2,wet,1,6,2,0,1,1,0,0,0,3,slightly_injured
2020,1,Wed,4,52.56282336,13.55823167,evening,18,dark,2,wet,1,5,2,0,1,0,0,0,0,3,slightly_injured
2020,1,Wed,4,52.53978795,13.43701537,morning,7,dark,2,wet,1,5,3,1,0,0,0,0,1,2,seriously_injured
2020,1,Sun,1,52.55807714,13.36548411,afternoon,17,dark,2,dry,0,5,3,1,1,0,0,0,0,3,slightly_injured
2020,1,Thu,5,52.57906894,13.34684894,afternoon,14,daylight,0,wet,1,2,6,0,1,0,0,0,0,3,slightly_injured
2020,1,Wed,4,52.53676681,13.2934365,morning,10,daylight,0,dry,0,5,3,0,1,0,0,1,0,3,slightly_injured
2020,1,Tue,3,52.4844972,13.47943434,morning,8,daylight,0,wet,1,5,3,1,1,0,0,0,0,3,slightly_injured
2020,1,Tue,3,52.474454,13.35976037,afternoon,16,dark,2,wet,1,2,2,0,1,0,0,0,0,3,slightly_injured
2020,1,Tue,3,52.51452225,13.46599365,afternoon,13,daylight,0,wet,1,0,2,1,1,0,0,0,0,2,seriously_injured
2020,1,Sun,1,52.51011815,13.28219929,afternoon,12,daylight,0,wet,1,2,6,0,1,0,0,0,0,3,slightly_injured
2020,1,Tue,3,52.5079485,13.56343189,morning,11,daylight,0,wet,1,3,6,0,1,0,0,1,0,3,slightly_injured
2020,1,Mon,2,52.50372295,13.44767223,morning,6,dusk,1,dry,0,6,4,0,1,1,0,0,0,3,slightly_injured
2020,1,Fri,6,52.4132711,13.0970364,morning,11,daylight,0,dry,0,5,7,0,1,0,0,0,0,3,slightly_injured
2020,1,Mon,2,52.46140018,13.40847871,night,0,dark,2,dry,0,9,1,0,1,0,0,0,0,3,slightly_injured
2020,1,Sun,1,52.55149233,13.36730684,evening,19,dusk,1,dry,0,5,2,0,1,0,0,0,0,3,slightly_injured
2020,1,Wed,4,52.50034887,13.28032454,morning,8,daylight,0,dry,0,2,6,0,1,0,0,0,0,3,slightly_injured
2020,1,Sat,7,52.5692346,13.40357185,afternoon,16,dark,2,dry,0,6,2,0,1,1,0,0,0,3,slightly_injured
2020,1,Thu,5,52.53766662,13.32298198,afternoon,15,daylight,0,dry,0,5,3,0,1,0,0,0,1,3,slightly_injured
2020,1,Fri,6,52.56057739,13.36477857,evening,22,dark,2,wet,1,5,7,0,1,0,0,0,0,3,slightly_injured
2020,1,Thu,5,52.5977376,13.33252244,afternoon,12,daylight,0,dry,0,3,6,0,1,0,1,0,0,3,slightly_injured
2020,1,Wed,4,52.50517035,13.58320199,night,5,dark,2,dry,0,2,6,0,1,0,0,0,0,3,slightly_injured
2020,1,Thu,5,52.47208819,13.36702781,afternoon,17,dark,2,wet,1,2,6,0,1,0,0,0,0,3,slightly_injured
2020,1,Thu,5,52.46248404,13.33024664,morning,8,daylight,0,wet,1,9,1,0,1,0,0,0,0,2,seriously_injured
2020,1,Tue,3,52.5085347,13.25848409,evening,20,dark,2,dry,0,6,4,0,1,1,0,0,0,3,slightly_injured
2020,1,Fri,6,52.54624577,13.29925021,afternoon,14,daylight,0,dry,0,3,6,0,1,0,1,0,0,3,slightly_injured
2020,1,Thu,5,52.52232363,13.54012794,morning,7,dark,2,dry,0,1,1,0,1,0,0,1,0,2,seriously_injured
2020,1,Thu,5,52.52215817,13.41602635,afternoon,12,daylight,0,wet,1,2,1,0,1,0,0,1,0,3,slightly_injured
2020,1,Wed,4,52.50308901,13.37479602,evening,20,dark,2,wet,1,6,2,0,1,1,0,0,0,3,slightly_injured
2020,1,Tue,3,52.51643767,13.17875479,morning,7,dark,2,dry,0,2,6,0,1,0,0,0,1,3,slightly_injured
2020,1,Tue,3,52.5512916,13.36758744,afternoon,17,dark,2,wet,1,6,3,0,1,1,0,0,0,3,slightly_injured
2020,10,Sat,7,52.52658663,13.4477226,night,1,dark,2,wet,1,5,2,1,1,0,0,0,0,2,seriously_injured
2020,4,Wed,4,52.51668464,13.44456805,evening,22,dark,2,wet,1,1,5,0,1,0,0,0,1,3,slightly_injured
2020,9,Thu,5,52.42909385,13.37558903,afternoon,13,daylight,0,dry,0,2,7,0,1,0,0,0,0,3,slightly_injured
2020,11,Mon,2,52.62722172,13.47948482,morning,6,dark,2,wet,1,2,6,0,1,0,0,0,1,3,slightly_injured
2020,5,Sun,1,52.60751483,13.32420191,afternoon,15,daylight,0,dry,0,2,6,0,1,0,0,0,0,3,slightly_injured
2020,8,Tue,3,52.53561866,13.43457473,morning,7,daylight,0,dry,0,5,3,1,1,0,0,0,0,3,slightly_injured
2020,6,Wed,4,52.54038342,13.36988851,afternoon,16,daylight,0,dry,0,3,6,1,1,0,0,0,0,3,slightly_injured
2020,5,Thu,5,52.51532832,13.18553429,evening,19,daylight,0,dry,0,6,7,0,1,1,0,0,0,2,seriously_injured
2020,4,Wed,4,52.51117642,13.29886025,evening,19,dusk,1,wet,1,3,5,1,1,0,0,0,0,3,slightly_injured
2020,9,Wed,4,52.4231668,13.39645684,afternoon,14,daylight,0,dry,0,3,6,0,0,0,1,0,1,3,slightly_injured
2020,12,Fri,6,52.51818229,13.4287219,afternoon,14,daylight,0,dry,0,3,6,0,1,0,1,0,0,3,slightly_injured
2020,8,Wed,4,52.4971452,13.36174766,afternoon,14,daylight,0,dry,0,0,7,0,0,0,1,0,1,3,slightly_injured
2020,6,Fri,6,52.45023607,13.38483821,evening,22,dark,2,dry,0,2,7,0,1,0,0,0,0,3,slightly_injured
2020,10,Sun,1,52.51209274,13.31577878,afternoon,14,daylight,0,wet,1,0,6,0,1,0,0,0,0,3,slightly_injured
2020,4,Wed,4,52.51618682,13.45410718,afternoon,16,daylight,0,dry,0,6,4,1,0,1,0,0,0,3,slightly_injured
2020,11,Wed,4,52.51893029,13.2830989,afternoon,17,dark,2,dry,0,2,6,0,1,0,0,0,0,3,slightly_injured
2020,9,Tue,3,52.50630542,13.36834502,afternoon,17,daylight,0,dry,0,5,2,1,1,0,0,0,0,3,slightly_injured
2020,8,Mon,2,52.56984154,13.36106337,afternoon,17,daylight,0,dry,0,2,6,0,1,0,1,0,0,3,slightly_injured
2020,4,Wed,4,52.51087962,13.2972364,morning,9,daylight,0,wet,1,5,3,0,1,0,0,0,0,3,slightly_injured
2020,10,Fri,6,52.56751703,13.42774802,morning,11,daylight,0,wet,1,5,7,1,1,0,0,0,0,2,seriously_injured
2020,8,Wed,4,52.51343282,13.3332539,afternoon,16,daylight,0,dry,0,5,2,1,1,0,0,0,0,3,slightly_injured
2020,7,Wed,4,52.52520283,13.42023536,evening,23,dark,2,wet,1,2,6,0,1,0,0,0,1,3,slightly_injured
2020,6,Fri,6,52.48201461,13.30968606,morning,10,daylight,0,dry,0,8,1,0,0,0,1,0,0,2,seriously_injured
2020,11,Thu,5,52.52720576,13.53728504,night,5,dark,2,dry,0,3,6,1,0,0,1,0,0,2,seriously_injured
2020,4,Wed,4,52.51711768,13.38836072,morning,7,daylight,0,dry,0,3,6,1,1,0,0,0,0,3,slightly_injured
2020,9,Thu,5,52.41374014,13.36188566,afternoon,15,daylight,0,dry,0,6,4,0,1,1,0,0,0,3,slightly_injured
2020,12,Tue,3,52.49748826,13.38926438,evening,20,dark,2,dry,0,5,2,1,1,0,0,0,0,3,slightly_injured
2020,6,Mon,2,52.57448766,13.34784496,evening,19,daylight,0,dry,0,6,2,0,1,1,0,0,0,3,slightly_injured
2020,4,Tue,3,52.49524971,13.28473853,afternoon,13,daylight,0,dry,0,2,7,0,1,0,0,0,1,3,slightly_injured
2020,9,Thu,5,52.52887167,13.44523473,evening,20,dark,2,dry,0,5,2,1,1,0,0,0,0,3,slightly_injured
2020,7,Sat,7,52.59250061,13.28707127,morning,11,daylight,0,dry,0,0,7,0,1,0,0,0,0,2,seriously_injured
2020,4,Tue,3,52.50320726,13.37456616,evening,23,dark,2,wet,1,3,6,0,1,0,0,0,0,3,slightly_injured
2020,10,Thu,5,52.43755635,13.38813093,evening,18,dusk,1,wet,1,0,3,1,1,0,0,0,0,3,slightly_injured
2020,12,Wed,4,52.46703845,13.39525933,afternoon,12,daylight,0,dry,0,2,6,0,1,0,0,0,0,3,slightly_injured
2020,5,Sat,7,52.59463211,13.40309044,afternoon,15,daylight,0,dry,0,1,5,0,1,0,0,0,1,3,slightly_injured
2020,8,Sat,7,52.51453246,13.18957283,morning,11,daylight,0,dry,0,6,4,0,0,1,1,0,0,3,slightly_injured
2020,7,Wed,4,52.43546614,13.26445457,afternoon,16,daylight,0,dry,0,2,6,0,1,0,0,0,0,3,slightly_injured
2020,5,Sun,1,52.63389582,13.42724663,afternoon,15,daylight,0,dry,0,3,6,0,1,0,1,0,0,2,seriously_injured
2020,10,Wed,4,52.5744711,13.34765328,afternoon,14,daylight,0,dry,0,5,3,0,1,0,0,0,0,3,slightly_injured
2020,4,Tue,3,52.57318377,13.39906373,morning,10,daylight,0,dry,0,2,6,0,1,0,0,0,0,3,slightly_injured
2020,9,Mon,2,52.54806894,13.45061974,morning,6,dusk,1,dry,0,2,6,0,1,0,0,0,0,3,slightly_injured
2020,11,Mon,2,52.47380151,13.35725223,morning,10,daylight,0,dry,0,2,6,0,1,0,0,0,1,3,slightly_injured
2020,5,Sat,7,52.4980268,13.38914034,evening,18,daylight,0,dry,0,5,3,1,1,0,0,0,0,3,slightly_injured
2020,8,Fri,6,52.5719312,13.35999744,evening,18,daylight,0,dry,0,5,2,1,1,0,0,0,0,3,slightly_injured
2020,6,Sun,1,52.48320552,13.38605362,night,3,dark,2,wet,1,3,6,0,1,0,0,0,0,3,slightly_injured
2020,4,Tue,3,52.54111107,13.36833544,morning,8,daylight,0,dry,0,5,2,1,1,0,0,0,0,3,slightly_injured
2020,10,Sat,7,52.42024051,13.17419967,morning,11,daylight,0,dry,0,2,2,0,1,0,1,0,0,3,slightly_injured
2020,12,Thu,5,52.43495058,13.26220729,morning,6,dark,2,dry,0,5,3,1,1,0,0,0,0,3,slightly_injured
2020,8,Mon,2,52.46395107,13.40270548,afternoon,15,daylight,0,dry,0,2,6,0,1,0,0,0,0,3,slightly_injured
2020,7,Thu,5,52.44202754,13.38674203,morning,8,daylight,0,dry,0,2,6,0,1,0,0,0,0,3,slightly_injured
2020,4,Tue,3,52.5184913,13.45362467,morning,7,daylight,0,dry,0,5,3,1,1,0,0,0,0,3,slightly_injured
2020,10,Thu,5,52.51271094,13.40398898,morning,10,daylight,0,dry,0,3,6,0,1,0,1,0,0,3,slightly_injured
2020,4,Mon,2,52.6130958,13.31536758,afternoon,12,daylight,0,dry,0,2,2,0,1,0,0,0,0,3,slightly_injured
2020,9,Tue,3,52.50476522,13.61355311,morning,9,daylight,0,dry,0,5,2,1,1,0,0,0,0,3,slightly_injured
2020,11,Mon,2,52.5099218,13.28173285,morning,11,daylight,0,dry,0,8,1,1,0,0,0,0,0,2,seriously_injured
2020,9,Sat,7,52.48966372,13.35970961,night,0,dark,2,dry,0,1,5,1,1,0,0,0,0,3,slightly_injured
2020,5,Sat,7,52.46192107,13.43084597,evening,19,daylight,0,dry,0,2,6,0,1,0,0,0,0,3,slightly_injured
2020,8,Sun,1,52.48331311,13.38605474,afternoon,16,daylight,0,dry,0,2,6,0,1,0,0,0,0,3,slightly_injured
2020,6,Tue,3,52.51526557,13.36114698,evening,18,daylight,0,dry,0,2,6,0,1,0,1,0,0,3,slightly_injured
2020,4,Sun,1,52.41965943,13.1609308,evening,18,daylight,0,dry,0,0,1,1,0,0,0,0,0,2,seriously_injured
2020,9,Mon,2,52.52524472,13.42028521,afternoon,12,daylight,0,dry,0,2,6,0,1,0,0,0,0,3,slightly_injured
2020,12,Wed,4,52.44702202,13.38560059,morning,6,dark,2,wet,1,2,6,0,1,0,1,0,0,3,slightly_injured
2020,8,Tue,3,52.55302354,13.36644065,afternoon,13,daylight,0,dry,0,3,6,1,1,0,0,0,0,3,slightly_injured
2020,6,Wed,4,52.53219701,13.42817699,afternoon,12,daylight,0,dry,0,1,5,1,1,0,0,0,0,3,slightly_injured
2020,4,Fri,6,52.42974441,13.22517713,morning,10,daylight,0,dry,0,2,6,0,1,0,1,0,0,3,slightly_injured
2020,11,Mon,2,52.51039198,13.28924145,morning,6,daylight,0,dry,0,5,2,0,1,0,0,0,0,3,slightly_injured
2020,9,Sun,1,52.53256497,13.28805012,afternoon,14,daylight,0,dry,0,2,6,0,1,0,0,0,0,3,slightly_injured
2020,8,Sat,7,52.55501441,13.41479592,afternoon,15,daylight,0,dry,0,5,2,1,1,0,0,0,0,2,seriously_injured
2020,4,Thu,5,52.47896396,13.35392759,afternoon,15,daylight,0,dry,0,5,7,0,1,0,0,0,0,2,seriously_injured
2020,10,Wed,4,52.42020694,13.19810794,afternoon,16,dusk,1,wet,1,9,1,0,1,0,0,0,0,3,slightly_injured
2020,8,Tue,3,52.59319086,13.4027963,morning,9,daylight,0,wet,1,0,7,1,0,0,0,0,0,3,slightly_injured
2020,7,Mon,2,52.57245093,13.39867415,morning,7,daylight,0,dry,0,5,2,0,1,0,0,0,1,3,slightly_injured
2020,6,Wed,4,52.45799223,13.38407497,morning,8,daylight,0,dry,0,2,6,0,1,0,0,0,0,3,slightly_injured
2020,11,Tue,3,52.51615065,13.2850998,morning,8,daylight,0,dry,0,2,6,0,1,0,1,0,0,3,slightly_injured
2020,4,Thu,5,52.41611495,13.40010893,afternoon,15,daylight,0,dry,0,5,7,1,1,0,0,0,0,3,slightly_injured
2020,9,Wed,4,52.51610528,13.4503043,afternoon,16,daylight,0,dry,0,5,3,1,0,0,1,0,0,3,slightly_injured
2020,11,Sun,1,52.50344432,13.36600606,afternoon,17,dark,2,dry,0,4,6,0,1,0,0,0,0,3,slightly_injured
2020,6,Fri,6,52.46135439,13.42020885,evening,19,dark,2,dry,0,2,6,0,1,0,0,0,0,3,slightly_injured
2020,4,Thu,5,52.51698823,13.40893058,afternoon,17,daylight,0,dry,0,5,2,1,1,0,0,0,0,3,slightly_injured
2020,9,Tue,3,52.49474915,13.38916994,evening,18,daylight,0,dry,0,4,6,1,0,0,0,0,1,3,slightly_injured
2020,7,Thu,5,52.49567649,13.26895749,afternoon,15,daylight,0,dry,0,2,6,0,1,0,0,0,0,3,slightly_injured
2020,4,Thu,5,52.5740439,13.39936222,afternoon,17,daylight,0,dry,0,5,7,0,1,0,0,0,1,3,slightly_injured