ujahr,umonat,weekday,uwochentag,long,lat,time_of_day,ustunde,light_condition,ulichtverh,street_condition,ustrzustand,uart,utyp1,ist_rad,ist_pkw,ist_fuss,ist_krad,ist_gkfz,ist_sonstige,ukategorie,accident_outcome
2020,10,Wed,4,52.5115612,13.49712071,night,5,dark,2,wet,1,0,1,0,0,0,1,0,0,3,slightly_injured
2020,12,Thu,5,52.50905153,13.55308467,night,0,dark,2,wet,1,5,3,0,1,0,0,0,0,3,slightly_injured
2020,8,Thu,5,52.51009751,13.2818844,afternoon,15,daylight,0,dry,0,0,2,0,1,0,1,0,0,3,slightly_injured
2020,7,Mon,2,52.51166594,13.30927944,afternoon,17,daylight,0,dry,0,5,2,1,1,0,0,0,0,3,slightly_injured
2020,5,Fri,6,52.41962326,13.15978455,afternoon,15,daylight,0,dry,0,2,3,0,1,0,1,0,0,2,seriously_injured
2020,10,Tue,3,52.51235134,13.20034294,evening,20,dark,2,dry,0,0,7,1,0,0,0,0,0,3,slightly_injured
2020,4,Wed,4,52.50339496,13.44739846,evening,18,daylight,0,dry,0,5,7,0,1,0,1,0,0,3,slightly_injured
2020,9,Sat,7,52.47329034,13.38559478,afternoon,12,daylight,0,dry,0,2,6,0,1,0,0,0,0,3,slightly_injured
2020,11,Thu,5,52.50990864,13.28153148,evening,18,dark,2,wet,1,6,4,0,1,1,0,0,0,2,seriously_injured
2020,8,Wed,4,52.43843117,13.38094583,morning,10,daylight,0,wet,1,2,6,0,0,0,1,0,1,3,slightly_injured
2020,7,Tue,3,52.45319391,13.31465963,afternoon,15,daylight,0,dry,0,5,2,1,1,0,0,0,0,3,slightly_injured
2020,6,Thu,5,52.50500838,13.58785304,evening,19,daylight,0,wet,1,0,1,0,0,0,0,0,1,3,slightly_injured
2020,11,Wed,4,52.51281989,13.48424305,morning,7,daylight,0,dry,0,5,3,1,1,0,0,0,0,3,slightly_injured
2020,4,Wed,4,52.54093992,13.43882048,afternoon,14,daylight,0,dry,0,2,6,0,1,0,1,0,0,3,slightly_injured
2020,9,Thu,5,52.50954047,13.45149083,afternoon,13,daylight,0,dry,0,2,6,1,0,0,0,1,0,2,seriously_injured
2020,11,Mon,2,52.54110574,13.41197129,afternoon,12,daylight,0,dry,0,5,3,0,1,0,1,0,0,2,seriously_injured
2020,6,Sun,1,52.54107316,13.36873395,afternoon,13,daylight,0,dry,0,0,7,1,0,0,0,0,0,3,slightly_injured
2020,4,Wed,4,52.58095031,13.40388787,afternoon,14,daylight,0,dry,0,0,6,0,0,0,1,0,1,3,slightly_injured
2020,9,Wed,4,52.5136655,13.47438881,afternoon,17,daylight,0,wet,1,6,7,0,1,1,0,0,0,3,slightly_injured
2020,7,Thu,5,52.43507264,13.26347876,afternoon,16,daylight,0,dry,0,5,2,1,1,0,0,0,0,3,slightly_injured
2020,4,Wed,4,52.47453537,13.48310444,afternoon,12,daylight,0,dry,0,6,4,0,1,1,0,0,0,2,seriously_injured
2020,10,Thu,5,52.56051202,13.3650165,afternoon,17,daylight,0,wet,1,5,2,1,1,0,0,0,0,3,slightly_injured
2020,12,Mon,2,52.55388392,13.42993228,evening,18,dark,2,wet,1,1,5,0,1,0,0,0,0,3,slightly_injured
2020,8,Thu,5,52.57674715,13.48337084,afternoon,14,daylight,0,dry,0,5,3,1,1,0,0,0,0,3,slightly_injured
2020,7,Tue,3,52.51878762,13.45371394,evening,18,daylight,0,dry,0,4,6,1,0,0,0,0,0,3,slightly_injured
2020,5,Sat,7,52.5051909,13.58155435,night,1,dark,2,dry,0,0,1,1,0,0,0,0,0,2,seriously_injured
2020,10,Tue,3,52.51948058,13.37163915,morning,11,daylight,0,dry,0,5,2,1,1,0,0,0,0,3,slightly_injured
2020,4,Wed,4,52.5411205,13.41232436,morning,7,daylight,0,dry,0,2,2,1,1,0,0,0,0,3,slightly_injured
2020,9,Sun,1,52.51078804,13.29587666,morning,10,daylight,0,dry,0,5,7,1,1,0,0,0,0,2,seriously_injured
2020,11,Mon,2,52.50841475,13.25658277,afternoon,15,daylight,0,dry,0,1,5,1,1,0,0,0,0,2,seriously_injured
2020,5,Fri,6,52.48450025,13.47944076,morning,9,daylight,0,dry,0,5,3,1,1,0,0,0,0,3,slightly_injured
2020,8,Thu,5,52.51668117,13.38158082,afternoon,16,daylight,0,dry,0,3,6,1,1,0,0,0,0,3,slightly_injured
2020,6,Sat,7,52.50878865,13.26290731,morning,11,daylight,0,dry,0,2,6,0,1,0,0,0,0,3,slightly_injured
2020,4,Tue,3,52.5124305,13.48810065,evening,21,dusk,1,dry,0,5,3,1,1,0,0,0,0,3,slightly_injured
2020,10,Fri,6,52.48707993,13.30114551,evening,23,dark,2,dry,0,2,6,0,1,0,0,0,0,3,slightly_injured
2020,12,Wed,4,52.41668328,13.36591227,morning,8,daylight,0,dry,0,5,3,1,1,0,0,0,0,3,slightly_injured
2020,8,Mon,2,52.40473038,13.4063202,afternoon,16,daylight,0,dry,0,5,3,1,1,0,0,0,0,3,slightly_injured
2020,6,Tue,3,52.5150693,13.46054868,morning,10,daylight,0,dry,0,1,7,1,1,0,0,0,0,3,slightly_injured
2020,4,Tue,3,52.51715359,13.40911803,afternoon,16,daylight,0,dry,0,2,6,0,1,0,0,0,0,3,slightly_injured
2020,10,Thu,5,52.50181617,13.28066221,afternoon,14,daylight,0,dry,0,3,6,0,1,0,0,1,0,3,slightly_injured
2020,4,Tue,3,52.5051321,13.37201659,morning,9,daylight,0,dry,0,5,3,0,1,0,0,0,0,3,slightly_injured
2020,9,Mon,2,52.5618615,13.36476748,afternoon,17,daylight,0,dry,0,5,3,1,1,0,0,0,0,3,slightly_injured
2020,11,Sun,1,52.58290693,13.43111307,afternoon,12,daylight,0,dry,0,2,6,0,1,0,0,0,0,3,slightly_injured
2020,9,Fri,6,52.47726727,13.35515444,afternoon,16,daylight,0,dry,0,3,6,0,1,0,1,0,1,3,slightly_injured
2020,4,Tue,3,52.4784286,13.31717086,evening,19,daylight,0,dry,0,3,6,0,1,0,0,1,0,3,slightly_injured
2020,5,Thu,5,52.49196288,13.38706153,morning,10,daylight,0,dry,0,3,6,0,1,0,0,0,0,3,slightly_injured
2020,8,Sat,7,52.48488774,13.35400391,night,1,dark,2,dry,0,1,5,1,1,0,0,0,0,3,slightly_injured
2020,7,Tue,3,52.46776151,13.49318558,evening,23,dark,2,dry,0,5,3,1,1,0,0,0,0,3,slightly_injured
2020,6,Tue,3,52.50324646,13.28103777,afternoon,14,daylight,0,dry,0,3,6,0,1,0,0,0,0,3,slightly_injured
2020,4,Mon,2,52.43683161,13.37965629,afternoon,13,daylight,0,dry,0,3,6,0,1,0,1,0,0,2,seriously_injured
2020,9,Sat,7,52.50184626,13.36462098,afternoon,12,daylight,0,wet,1,2,6,0,0,0,1,0,1,3,slightly_injured
2020,12,Mon,2,52.50424029,13.4480592,morning,7,dusk,1,wet,1,5,2,1,1,0,0,0,0,3,slightly_injured
2020,6,Wed,4,52.48066991,13.38577648,afternoon,15,daylight,0,dry,0,5,2,1,1,0,0,0,0,2,seriously_injured
2020,4,Mon,2,52.50508568,13.59122779,evening,18,daylight,0,dry,0,2,6,1,1,0,0,0,0,3,slightly_injured
2020,11,Sun,1,52.51651575,13.44624057,evening,18,dark,2,dry,0,5,3,1,0,0,0,0,1,3,slightly_injured
2020,9,Sat,7,52.51678201,13.45344077,evening,21,dark,2,dry,0,2,6,0,1,0,0,0,0,3,slightly_injured
2020,7,Fri,6,52.47278082,13.36587252,afternoon,13,daylight,0,dry,0,2,6,0,1,0,0,0,0,3,slightly_injured
2020,4,Sun,1,52.54548562,13.44490001,evening,23,dark,2,dry,0,5,2,0,1,0,0,0,0,3,slightly_injured
2020,10,Tue,3,52.45309167,13.31433531,afternoon,13,daylight,0,dry,0,5,2,0,1,0,0,0,0,3,slightly_injured
2020,8,Mon,2,52.51738622,13.39391319,evening,18,daylight,0,dry,0,6,4,1,0,1,0,0,0,3,slightly_injured
2020,7,Sun,1,52.52065584,13.40628797,night,5,dusk,1,dry,0,0,1,0,0,0,0,0,1,3,slightly_injured
2020,6,Wed,4,52.51437749,13.46734993,afternoon,16,daylight,0,dry,0,5,2,1,1,0,0,0,0,3,slightly_injured
2020,11,Mon,2,52.49361636,13.29107791,night,5,dark,2,wet,1,0,1,0,0,0,1,0,0,3,slightly_injured
2020,4,Sun,1,52.51524574,13.4602211,afternoon,15,daylight,0,dry,0,5,2,0,1,0,1,0,0,3,slightly_injured
2020,9,Wed,4,52.50977323,13.38053423,night,3,dark,2,dry,0,0,1,1,0,0,0,0,0,3,slightly_injured
2020,11,Sat,7,52.4975865,13.28272554,afternoon,14,daylight,0,dry,0,2,6,0,1,0,0,0,0,3,slightly_injured
2020,6,Thu,5,52.54061461,13.36950152,evening,20,daylight,0,dry,0,3,6,1,0,0,0,0,0,2,seriously_injured
2020,4,Sun,1,52.48645195,13.4776735,afternoon,14,daylight,0,dry,0,4,6,1,1,0,0,0,0,3,slightly_injured
2020,8,Mon,2,52.5050662,13.44862254,evening,18,daylight,0,dry,0,8,1,1,0,0,1,0,0,2,seriously_injured
2020,7,Wed,4,52.47413376,13.3591579,afternoon,16,daylight,0,dry,0,2,6,0,1,0,0,0,0,2,seriously_injured
2020,4,Sun,1,52.59221462,13.40251882,evening,18,daylight,0,dry,0,5,2,1,1,0,0,0,0,2,seriously_injured
2020,10,Wed,4,52.45854821,13.32560134,afternoon,15,daylight,0,dry,0,2,6,0,1,0,0,0,0,3,slightly_injured
2020,12,Tue,3,52.57854009,13.29653196,evening,19,dusk,1,wet,1,2,6,0,1,0,0,0,1,3,slightly_injured
2020,8,Wed,4,52.51270726,13.32448685,afternoon,17,daylight,0,dry,0,0,5,0,1,0,1,0,0,3,slightly_injured
2020,7,Mon,2,52.51850647,13.45250799,night,1,dark,2,dry,0,0,1,1,0,0,0,0,0,3,slightly_injured
2020,5,Thu,5,52.5124425,13.32293018,evening,21,dark,2,dry,0,5,2,0,1,0,0,0,1,3,slightly_injured
2020,10,Mon,2,52.51448606,13.46778829,morning,9,daylight,0,wet,1,2,6,0,1,0,0,0,0,3,slightly_injured
2020,4,Sun,1,52.50229296,13.15881615,afternoon,13,daylight,0,dry,0,7,7,0,1,0,0,0,0,3,slightly_injured
2020,9,Fri,6,52.44153857,13.28134383,afternoon,16,daylight,0,dry,0,5,2,1,0,0,0,0,1,3,slightly_injured
2020,11,Wed,4,52.4917118,13.45770576,morning,6,dusk,1,wet,1,5,2,1,1,0,0,0,0,3,slightly_injured
2020,5,Thu,5,52.43518383,13.26020684,afternoon,14,daylight,0,dry,0,6,4,0,1,1,0,0,0,3,slightly_injured
2020,8,Tue,3,52.40848492,13.35880551,afternoon,14,daylight,0,dry,0,0,6,0,1,0,1,0,0,3,slightly_injured
2020,6,Thu,5,52.5504052,13.41404184,morning,8,daylight,0,wet,1,2,6,0,1,0,0,1,0,3,slightly_injured
2020,5,Thu,5,52.56356798,13.31672631,evening,18,daylight,0,dry,0,2,6,0,1,0,0,0,0,3,slightly_injured
2020,4,Sat,7,52.51281844,13.48425738,evening,18,daylight,0,dry,0,5,2,1,1,0,0,0,0,2,seriously_injured
2020,10,Thu,5,52.5019975,13.2773456,afternoon,17,daylight,0,dry,0,0,1,0,0,0,1,0,0,2,seriously_injured
2020,12,Mon,2,52.50882524,13.26349438,afternoon,14,daylight,0,dry,0,3,6,0,1,0,0,0,1,3,slightly_injured
2020,8,Thu,5,52.56374521,13.36441297,afternoon,17,daylight,0,dry,0,5,2,1,1,0,0,0,0,3,slightly_injured
2020,6,Mon,2,52.48031053,13.38576841,afternoon,17,daylight,0,wet,1,3,1,1,1,0,0,0,0,3,slightly_injured
2020,4,Sat,7,52.51913448,13.45239512,evening,19,daylight,0,dry,0,0,1,1,0,0,0,0,0,3,slightly_injured
2020,10,Mon,2,52.5454471,13.41296765,evening,23,dark,2,wet,1,1,5,1,0,0,1,0,0,3,slightly_injured
2020,4,Sat,7,52.51911761,13.45286307,evening,19,daylight,0,dry,0,5,7,0,1,0,0,0,1,3,slightly_injured
2020,11,Fri,6,52.56932574,13.40291995,evening,18,dark,2,dry,0,3,6,0,1,0,0,0,0,3,slightly_injured
2020,9,Thu,5,52.50804871,13.28420673,afternoon,15,daylight,0,dry,0,2,6,0,1,0,0,0,0,3,slightly_injured
2020,4,Sat,7,52.43487933,13.4954539,afternoon,17,daylight,0,dry,0,2,6,0,1,0,0,0,0,2,seriously_injured
2020,5,Thu,5,52.5793719,13.34661417,afternoon,14,daylight,0,dry,0,5,2,1,1,0,0,0,0,3,slightly_injured
2020,8,Thu,5,52.56534157,13.31026786,evening,22,dark,2,dry,0,0,1,0,0,0,1,0,0,3,slightly_injured
2020,7,Sat,7,52.51277287,13.48471754,afternoon,17,daylight,0,dry,0,2,6,0,1,0,0,0,0,3,slightly_injured
2020,6,Sat,7,52.46403488,13.49858878,afternoon,13,daylight,0,dry,0,4,6,1,0,0,0,0,0,3,slightly_injured
2020,5,Thu,5,52.51582966,13.45421973,morning,7,daylight,0,dry,0,5,2,1,0,0,0,1,0,3,slightly_injured
2020,8,Wed,4,52.51624478,13.44892339,evening,19,dusk,1,wet,1,5,3,1,1,0,0,0,0,3,slightly_injured
2020,6,Fri,6,52.44152039,13.28128562,afternoon,12,daylight,0,dry,0,5,3,0,1,0,0,0,0,3,slightly_injured
2020,4,Fri,6,52.58077322,13.40288736,afternoon,14,daylight,0,dry,0,1,5,1,1,0,0,0,0,2,seriously_injured
2020,10,Fri,6,52.49190901,13.38703773,afternoon,13,daylight,0,dry,0,0,7,1,1,0,0,0,0,3,slightly_injured
2020,12,Tue,3,52.53262331,13.28827783,afternoon,15,daylight,0,dry,0,2,6,0,1,0,0,0,0,3,slightly_injured
2020,8,Sun,1,52.44979968,13.30509893,night,0,dark,2,dry,0,0,1,1,0,0,0,0,0,2,seriously_injured
2020,6,Mon,2,52.62763112,13.31131723,morning,10,daylight,0,dry,0,5,2,1,1,0,0,0,0,3,slightly_injured
2020,4,Fri,6,52.53371796,13.3651072,evening,21,dark,2,dry,0,3,6,0,1,0,0,0,0,3,slightly_injured
2020,10,Wed,4,52.55088414,13.41413236,morning,9,daylight,0,wet,1,0,7,1,0,0,0,0,1,3,slightly_injured
2020,4,Fri,6,52.50661824,13.36853129,evening,18,daylight,0,dry,0,2,6,0,1,0,0,0,0,3,slightly_injured
2020,9,Sun,1,52.55011698,13.41399298,evening,20,dark,2,dry,0,0,6,0,1,0,1,0,0,3,slightly_injured
2020,11,Fri,6,52.41779567,13.39950108,morning,10,daylight,0,dry,0,0,7,0,1,0,0,0,0,3,slightly_injured
2020,9,Fri,6,52.43238801,13.23572881,afternoon,15,daylight,0,dry,0,2,3,1,1,0,0,0,0,3,slightly_injured
2020,4,Thu,5,52.54199003,13.36977732,evening,19,daylight,0,dry,0,2,3,0,1,0,0,0,0,3,slightly_injured
2020,5,Wed,4,52.51512284,13.46001098,afternoon,15,daylight,0,dry,0,5,2,1,1,0,0,0,0,3,slightly_injured
2020,8,Fri,6,52.46948207,13.38574131,morning,8,daylight,0,dry,0,5,2,1,1,0,0,0,0,3,slightly_injured
2020,7,Tue,3,52.53293574,13.42950534,afternoon,16,daylight,0,dry,0,0,1,0,0,0,1,0,0,3,slightly_injured
2020,6,Sun,1,52.62162125,13.3131211,night,3,dark,2,dry,0,6,7,1,0,1,0,0,0,3,slightly_injured
2020,4,Thu,5,52.46440113,13.4023763,afternoon,14,daylight,0,dry,0,0,6,0,0,0,1,0,1,3,slightly_injured
2020,9,Fri,6,52.61071135,13.31905507,morning,11,daylight,0,wet,1,0,1,0,0,0,1,0,0,3,slightly_injured
2020,12,Sun,1,52.49925198,13.38050565,evening,18,dark,2,wet,1,0,1,0,0,0,1,0,0,3,slightly_injured
2020,6,Wed,4,52.50947282,13.28424382,afternoon,14,daylight,0,dry,0,2,6,0,1,0,0,0,0,3,slightly_injured
2020,4,Thu,5,52.56550027,13.36333529,morning,10,daylight,0,dry,0,5,2,1,1,0,0,0,0,2,seriously_injured
2020,11,Thu,5,52.48186026,13.34856039,morning,8,daylight,0,dry,0,5,2,1,1,0,0,0,0,3,slightly_injured
2020,9,Sat,7,52.53495182,13.29245416,afternoon,14,daylight,0,dry,0,2,6,0,1,0,0,0,0,3,slightly_injured
2020,7,Thu,5,52.52204971,13.28153415,afternoon,14,daylight,0,dry,0,2,6,0,1,0,0,0,1,3,slightly_injured
2020,4,Thu,5,52.51452041,13.46601288,morning,8,daylight,0,dry,0,5,2,1,1,0,0,0,0,3,slightly_injured
2020,10,Sat,7,52.54754364,13.30042759,evening,21,dark,2,dry,0,0,1,0,0,0,1,0,0,2,seriously_injured
2020,8,Mon,2,52.43217681,13.39097603,morning,11,daylight,0,dry,0,0,6,1,0,0,0,0,1,2,seriously_injured
2020,7,Fri,6,52.48187286,13.34857785,afternoon,14,daylight,0,dry,0,0,4,0,0,1,0,0,1,3,slightly_injured
2020,6,Tue,3,52.4526368,13.3845856,morning,11,daylight,0,dry,0,5,3,0,1,0,0,0,0,3,slightly_injured
2020,10,Sat,7,52.49082948,13.36066758,afternoon,15,daylight,0,wet,1,6,7,0,0,1,0,0,1,3,slightly_injured
2020,4,Wed,4,52.48084033,13.35078483,evening,22,dark,2,dry,0,3,6,0,1,0,0,0,1,3,slightly_injured
2020,9,Tue,3,52.54616619,13.41282271,afternoon,13,daylight,0,dry,0,4,6,1,0,0,0,0,1,3,slightly_injured
2020,11,Fri,6,52.48525271,13.46719457,afternoon,16,dark,2,dry,0,5,3,1,1,0,0,0,0,3,slightly_injured
2020,6,Thu,5,52.57441929,13.48299705,morning,7,daylight,0,dry,0,5,7,0,1,0,1,0,0,3,slightly_injured
2020,4,Wed,4,52.56810347,13.47639728,evening,18,daylight,0,dry,0,3,6,0,1,0,1,0,0,2,seriously_injured
2020,8,Mon,2,52.51501105,13.54500683,afternoon,13,daylight,0,dry,0,3,6,0,1,0,0,0,0,3,slightly_injured
2020,7,Wed,4,52.4948027,13.28538331,morning,7,daylight,0,dry,0,3,6,0,1,0,0,1,0,3,slightly_injured
2020,6,Tue,3,52.39307919,13.40687955,evening,18,daylight,0,dry,0,6,7,1,0,1,0,0,0,3,slightly_injured
2020,4,Wed,4,52.53929135,13.42422234,morning,10,daylight,0,dry,0,5,2,0,1,0,0,0,1,3,slightly_injured
2020,10,Mon,2,52.458949,13.50615373,afternoon,16,daylight,0,wet,1,2,6,0,1,0,0,0,1,3,slightly_injured
2020,12,Mon,2,52.416583,13.13490246,morning,8,daylight,0,wet,1,1,5,1,0,0,0,1,0,3,slightly_injured
2020,8,Wed,4,52.5191375,13.40327432,morning,9,daylight,0,dry,0,5,3,1,0,0,0,0,0,2,seriously_injured
2020,7,Sun,1,52.54045533,13.41673288,morning,8,daylight,0,dry,0,0,7,1,0,0,0,0,0,2,seriously_injured
2020,5,Wed,4,52.54107614,13.41232082,morning,10,daylight,0,dry,0,5,3,1,0,0,0,0,1,3,slightly_injured
2020,10,Mon,2,52.43981258,13.38508144,night,5,dark,2,dry,0,5,2,0,1,0,1,0,0,3,slightly_injured
2020,4,Wed,4,52.51242424,13.32296455,afternoon,16,daylight,0,dry,0,5,2,0,1,0,1,0,0,3,slightly_injured
2020,9,Thu,5,52.51144258,13.40156061,morning,8,daylight,0,dry,0,5,2,1,1,0,0,0,0,3,slightly_injured
2020,11,Tue,3,52.45264707,13.38437674,afternoon,14,daylight,0,dry,0,5,2,0,1,0,0,0,0,3,slightly_injured
2020,5,Wed,4,52.5396644,13.42178414,afternoon,14,daylight,0,dry,0,5,2,0,1,0,0,0,1,3,slightly_injured
2020,8,Tue,3,52.5086419,13.56099283,evening,19,daylight,0,dry,0,2,6,0,1,0,1,0,0,2,seriously_injured
2020,6,Thu,5,52.55114859,13.54849132,afternoon,13,daylight,0,dry,0,2,6,0,1,0,0,0,0,3,slightly_injured
2020,5,Thu,5,52.41921014,13.1878422,afternoon,16,daylight,0,dry,0,1,5,0,1,0,0,0,0,3,slightly_injured
2020,4,Tue,3,52.48026289,13.35211733,morning,11,daylight,0,dry,0,6,2,0,0,1,0,0,1,2,seriously_injured
2020,9,Wed,4,52.51567949,13.3693372,afternoon,15,daylight,0,dry,0,2,6,0,1,0,0,0,0,3,slightly_injured
2020,12,Sat,7,52.42607022,13.20983761,morning,10,daylight,0,dry,0,5,3,0,1,0,0,0,0,3,slightly_injured
2020,8,Thu,5,52.51636738,13.28431181,afternoon,14,daylight,0,dry,0,2,6,0,1,0,0,0,0,3,slightly_injured
2020,6,Sun,1,52.51582761,13.36979314,afternoon,13,daylight,0,wet,1,0,2,0,1,0,1,0,0,3,slightly_injured
2020,10,Sun,1,52.54182771,13.36991809,evening,21,dark,2,wet,1,6,2,0,1,1,0,0,0,3,slightly_injured
2020,4,Tue,3,52.5285488,13.28267563,morning,11,daylight,0,dry,0,3,6,0,1,0,0,1,0,2,seriously_injured
2020,11,Wed,4,52.45524437,13.38392301,morning,11,daylight,0,dry,0,2,6,0,1,0,0,0,0,3,slightly_injured
2020,9,Tue,3,52.51585733,13.45421308,evening,20,dark,2,dry,0,0,1,1,0,0,0,0,0,3,slightly_injured
2020,4,Tue,3,52.51692973,13.4093978,morning,7,daylight,0,dry,0,2,6,0,1,0,1,0,0,3,slightly_injured
2020,10,Fri,6,52.5135167,13.47741242,morning,9,daylight,0,dry,0,5,2,1,1,0,0,0,0,3,slightly_injured
2020,8,Wed,4,52.5409083,13.36900992,afternoon,17,daylight,0,dry,0,0,7,0,1,0,0,0,0,3,slightly_injured
2020,7,Thu,5,52.51452703,13.46737556,morning,8,daylight,0,dry,0,6,4,1,0,1,0,0,0,3,slightly_injured
2020,6,Fri,6,52.50151857,13.36433752,afternoon,15,daylight,0,dry,0,5,2,0,1,0,1,0,0,3,slightly_injured
2020,4,Tue,3,52.50936755,13.54912041,morning,7,daylight,0,dry,0,3,6,0,1,0,0,1,0,3,slightly_injured
2020,9,Thu,5,52.4921875,13.4584948,evening,19,dark,2,dry,0,2,6,0,1,0,0,0,0,3,slightly_injured
2020,12,Wed,4,52.47013771,13.38576647,morning,6,dark,2,wet,1,2,6,0,1,0,0,0,0,3,slightly_injured
2020,6,Tue,3,52.53962508,13.36988176,afternoon,14,daylight,0,dry,0,2,6,0,1,0,0,0,0,3,slightly_injured
2020,4,Tue,3,52.61239422,13.44723418,evening,22,dark,2,dry,0,7,7,0,0,0,1,0,0,3,slightly_injured
2020,9,Fri,6,52.51998819,13.40452841,evening,20,dusk,1,dry,0,5,3,0,1,0,0,0,1,3,slightly_injured
2020,7,Sun,1,52.57302394,13.3593792,evening,19,daylight,0,wet,1,0,1,0,1,0,0,0,0,3,slightly_injured
2020,4,Tue,3,52.50808982,13.25130682,afternoon,14,daylight,0,dry,0,2,6,0,1,0,0,0,1,3,slightly_injured
2020,10,Fri,6,52.59349486,13.2863425,morning,9,daylight,0,dry,0,2,6,0,1,0,0,0,0,3,slightly_injured
2020,12,Wed,4,52.496296,13.28394504,afternoon,14,daylight,0,dry,0,2,6,0,1,0,0,0,1,3,slightly_injured
2020,5,Tue,3,52.54018538,13.4171928,afternoon,12,daylight,0,wet,1,3,6,1,1,0,0,0,0,2,seriously_injured
2020,8,Sun,1,52.52820858,13.42357729,evening,19,daylight,0,dry,0,5,2,1,1,0,0,0,0,3,slightly_injured
2020,7,Thu,5,52.58606131,13.34148242,afternoon,15,daylight,0,wet,1,6,4,0,1,1,0,0,0,3,slightly_injured
2020,6,Mon,2,52.43877174,13.38774267,afternoon,13,daylight,0,dry,0,2,6,0,1,0,0,0,0,3,slightly_injured
2020,10,Wed,4,52.44015384,13.2775146,afternoon,14,daylight,0,dry,0,2,6,0,1,0,0,0,0,3,slightly_injured
2020,4,Sun,1,52.5105605,13.28927752,afternoon,13,daylight,0,dry,0,5,2,1,1,0,0,0,0,3,slightly_injured
2020,9,Mon,2,52.44262935,13.28489245,afternoon,17,daylight,0,dry,0,3,6,0,1,0,1,0,0,3,slightly_injured
2020,11,Tue,3,52.51236113,13.20029473,evening,18,dark,2,dry,0,2,6,0,1,0,0,0,1,3,slightly_injured
2020,4,Sun,1,52.53957202,13.42110704,afternoon,16,daylight,0,dry,0,0,6,0,1,0,1,0,0,3,slightly_injured
2020,9,Thu,5,52.50998554,13.54058463,morning,6,daylight,0,dry,0,2,6,0,1,0,0,0,0,3,slightly_injured
2020,12,Fri,6,52.47007231,13.3783977,evening,20,dark,2,dry,0,3,6,0,1,0,0,1,0,3,slightly_injured
2020,6,Tue,3,52.41361158,13.3619437,afternoon,17,daylight,0,dry,0,5,2,1,0,0,0,1,0,3,slightly_injured
2020,4,Sun,1,52.50755724,13.24273997,afternoon,14,daylight,0,dry,0,2,6,0,1,0,0,0,0,3,slightly_injured
2020,9,Fri,6,52.48559851,13.35538408,afternoon,15,daylight,0,dry,0,1,5,0,1,0,1,0,0,2,seriously_injured
2020,7,Tue,3,52.42682716,13.21255787,morning,11,daylight,0,dry,0,1,5,0,1,0,0,0,0,3,slightly_injured
2020,4,Sat,7,52.47010089,13.38551455,evening,22,dark,2,dry,0,6,2,0,1,1,0,0,0,3,slightly_injured
2020,10,Fri,6,52.51416072,13.28512231,afternoon,16,daylight,0,dry,0,2,6,0,1,0,0,0,0,3,slightly_injured
2020,8,Sun,1,52.49806467,13.38913618,evening,18,daylight,0,dry,0,3,6,1,1,0,0,0,0,3,slightly_injured
2020,7,Fri,6,52.56915016,13.36161187,morning,11,daylight,0,wet,1,2,1,1,1,0,0,0,0,3,slightly_injured
2020,6,Tue,3,52.41937446,13.17720506,afternoon,12,daylight,0,dry,0,5,7,1,1,0,0,0,0,3,slightly_injured
2020,10,Thu,5,52.51166055,13.30919604,morning,10,daylight,0,wet,1,0,2,1,0,0,0,0,1,3,slightly_injured
2020,4,Sat,7,52.64161311,13.30314311,afternoon,14,daylight,0,dry,0,3,6,0,1,0,1,0,0,3,slightly_injured
2020,9,Mon,2,52.43242476,13.37715154,morning,11,daylight,0,dry,0,8,7,0,0,0,0,0,1,3,slightly_injured
2020,11,Thu,5,52.53591793,13.36337553,afternoon,16,dark,2,wet,1,2,6,0,1,0,1,0,0,3,slightly_injured
2020,6,Wed,4,52.5985259,13.33233326,afternoon,14,daylight,0,dry,0,2,2,0,1,0,1,0,0,3,slightly_injured
2020,8,Sun,1,52.50971341,13.27580244,morning,11,daylight,0,dry,0,5,2,1,1,0,0,0,0,2,seriously_injured
2020,6,Tue,3,52.51405899,13.4705667,afternoon,15,daylight,0,dry,0,6,4,0,0,1,0,0,1,3,slightly_injured
2020,4,Fri,6,52.42117243,13.19354965,evening,19,dusk,1,dry,0,0,1,0,0,0,1,0,0,3,slightly_injured
2020,10,Mon,2,52.53472011,13.43156674,afternoon,16,daylight,0,wet,1,3,6,0,1,0,1,0,0,3,slightly_injured
2020,12,Sat,7,52.45510763,13.51170499,afternoon,12,daylight,0,dry,0,2,6,0,1,0,0,0,0,3,slightly_injured
2020,8,Tue,3,52.48826207,13.2997676,afternoon,13,daylight,0,dry,0,2,6,0,1,0,0,0,0,3,slightly_injured
2020,7,Thu,5,52.51086998,13.29417657,morning,9,daylight,0,dry,0,0,7,1,0,1,0,0,0,3,slightly_injured
2020,5,Tue,3,52.51330707,13.47945108,afternoon,14,daylight,0,dry,0,6,7,0,0,1,0,0,1,3,slightly_injured