ujahr,umonat,weekday,uwochentag,long,lat,time_of_day,ustunde,light_condition,ulichtverh,street_condition,ustrzustand,uart,utyp1,ist_rad,ist_pkw,ist_fuss,ist_krad,ist_gkfz,ist_sonstige,ukategorie,accident_outcome
2020,10,Fri,6,52.4784035,13.34357523,night,0,dark,2,dry,0,9,1,0,1,0,0,0,0,2,seriously_injured
2020,4,Fri,6,52.52064422,13.40581801,afternoon,17,daylight,0,dry,0,2,6,0,1,0,0,0,0,3,slightly_injured
2020,9,Wed,4,52.49872074,13.28156846,evening,19,dusk,1,dry,0,2,6,0,1,0,0,0,0,3,slightly_injured
2020,11,Mon,2,52.43892215,13.3871618,evening,18,dark,2,wet,1,2,6,0,1,0,0,0,0,3,slightly_injured
2020,5,Mon,2,52.5133538,13.47901532,morning,11,daylight,0,wet,1,2,6,0,1,0,0,0,0,3,slightly_injured
2020,8,Mon,2,52.49493779,13.36111978,afternoon,14,daylight,0,dry,0,1,5,1,1,0,0,0,0,3,slightly_injured
2020,6,Wed,4,52.51688992,13.44253494,afternoon,15,daylight,0,dry,0,6,4,0,1,1,0,0,0,2,seriously_injured
2020,5,Thu,5,52.53198577,13.28598233,afternoon,15,daylight,0,dry,0,2,6,0,1,0,0,0,0,3,slightly_injured
2020,4,Fri,6,52.44174293,13.28263625,afternoon,15,daylight,0,dry,0,5,2,0,1,0,0,0,0,2,seriously_injured
2020,9,Wed,4,52.53636857,13.43212507,morning,9,daylight,0,dry,0,2,6,1,1,0,0,0,0,3,slightly_injured
2020,12,Thu,5,52.51590121,13.45375173,evening,19,dark,2,wet,1,5,2,1,1,0,0,0,0,3,slightly_injured
2020,8,Wed,4,52.61081317,13.31888786,morning,8,daylight,0,dry,0,5,2,1,1,0,0,0,0,3,slightly_injured
2020,6,Fri,6,52.41895174,13.15462097,afternoon,16,daylight,0,wet,1,0,5,1,1,0,0,0,0,3,slightly_injured
2020,10,Sat,7,52.50964109,13.37856689,afternoon,17,daylight,0,dry,0,2,6,0,1,0,0,0,0,3,slightly_injured
2020,4,Thu,5,52.51544346,13.45683238,afternoon,13,daylight,0,dry,0,3,6,1,0,0,0,0,0,2,seriously_injured
2020,11,Wed,4,52.44071678,13.38703199,afternoon,12,daylight,0,dry,0,3,6,1,1,0,0,0,0,2,seriously_injured
2020,9,Tue,3,52.44977138,13.3050046,afternoon,15,daylight,0,dry,0,5,3,0,1,0,1,0,0,3,slightly_injured
2020,8,Mon,2,52.50156531,13.36437795,afternoon,14,daylight,0,dry,0,2,6,0,0,0,1,0,1,2,seriously_injured
2020,4,Thu,5,52.53880436,13.36844761,afternoon,17,daylight,0,dry,0,2,6,0,1,0,0,0,0,3,slightly_injured
2020,10,Fri,6,52.51512261,13.46001336,evening,21,dark,2,wet,1,5,2,1,1,0,0,0,0,3,slightly_injured
2020,8,Wed,4,52.51012917,13.38613382,afternoon,12,daylight,0,dry,0,3,6,1,0,0,0,1,0,3,slightly_injured
2020,7,Wed,4,52.46998726,13.37761173,afternoon,12,daylight,0,wet,1,3,6,0,1,0,1,0,0,3,slightly_injured
2020,6,Fri,6,52.51556449,13.45716764,morning,6,daylight,0,wet,1,5,2,1,0,0,0,0,1,3,slightly_injured
2020,11,Thu,5,52.4423656,13.48047226,afternoon,13,daylight,0,dry,0,3,6,0,1,0,1,0,0,3,slightly_injured
2020,4,Thu,5,52.54109732,13.43900519,afternoon,16,daylight,0,dry,0,5,2,1,1,0,0,0,0,3,slightly_injured
2020,9,Thu,5,52.51914733,13.41249547,afternoon,14,daylight,0,dry,0,5,3,1,1,0,0,0,0,3,slightly_injured
2020,11,Mon,2,52.5051321,13.37201659,morning,11,daylight,0,dry,0,5,3,0,1,0,0,0,0,3,slightly_injured
2020,6,Mon,2,52.4728514,13.38558429,afternoon,16,daylight,0,dry,0,2,6,0,1,0,0,0,0,3,slightly_injured
2020,4,Thu,5,52.5080513,13.56360558,afternoon,15,daylight,0,dry,0,2,2,0,1,0,0,0,0,3,slightly_injured
2020,9,Thu,5,52.53134359,13.42763285,morning,8,daylight,0,dry,0,5,2,1,0,0,0,0,0,2,seriously_injured
2020,7,Fri,6,52.49250912,13.45858092,afternoon,12,daylight,0,dry,0,0,6,0,0,0,0,0,1,3,slightly_injured
2020,4,Thu,5,52.6160845,13.31731205,afternoon,12,daylight,0,dry,0,0,1,1,0,0,0,0,0,3,slightly_injured
2020,10,Thu,5,52.53758663,13.42857536,afternoon,13,daylight,0,dry,0,5,2,1,1,0,0,0,0,3,slightly_injured
2020,12,Tue,3,52.41232604,13.40224926,afternoon,14,daylight,0,wet,1,1,5,0,1,0,0,0,1,3,slightly_injured
2020,5,Mon,2,52.58374461,13.40309303,morning,9,daylight,0,dry,0,5,2,1,1,0,0,0,0,3,slightly_injured
2020,8,Fri,6,52.51026513,13.4518331,evening,20,dusk,1,dry,0,3,6,1,0,0,0,0,0,2,seriously_injured
2020,7,Tue,3,52.5732688,13.35889074,evening,18,daylight,0,dry,0,2,2,0,1,0,0,0,0,3,slightly_injured
2020,5,Sun,1,52.55090012,13.36765213,afternoon,15,daylight,0,dry,0,0,7,1,1,0,0,0,0,3,slightly_injured
2020,10,Wed,4,52.48611159,13.30245349,afternoon,17,dusk,1,dry,0,2,6,0,1,0,0,0,0,3,slightly_injured
2020,4,Wed,4,52.49560114,13.26886163,afternoon,14,daylight,0,dry,0,2,6,0,1,0,0,0,1,3,slightly_injured
2020,9,Sun,1,52.50995853,13.54120519,afternoon,16,daylight,0,dry,0,3,6,0,1,0,1,0,0,3,slightly_injured
2020,11,Mon,2,52.50415427,13.28136977,evening,20,dark,2,dry,0,3,6,0,1,0,0,1,0,3,slightly_injured
2020,5,Mon,2,52.44320565,13.386339,morning,8,daylight,0,wet,1,3,6,1,0,0,0,0,1,3,slightly_injured
2020,8,Fri,6,52.50993322,13.27935177,morning,10,daylight,0,dry,0,6,4,1,0,1,0,0,0,2,seriously_injured
2020,6,Sat,7,52.43872681,13.38122572,afternoon,13,daylight,0,dry,0,5,3,1,1,0,0,0,0,3,slightly_injured
2020,4,Wed,4,52.46365066,13.45145471,morning,8,daylight,0,dry,0,5,3,0,1,0,0,1,0,3,slightly_injured
2020,10,Sat,7,52.53762918,13.43449435,evening,20,dark,2,dry,0,0,1,1,0,0,0,0,0,3,slightly_injured
2020,12,Thu,5,52.56886614,13.36176048,evening,18,dark,2,dry,0,3,6,0,1,0,1,0,0,3,slightly_injured
2020,8,Mon,2,52.51845052,13.4524911,morning,9,daylight,0,dry,0,5,2,0,1,0,0,0,1,3,slightly_injured
2020,7,Wed,4,52.51431383,13.46798497,afternoon,14,daylight,0,wet,1,6,4,0,0,1,0,0,1,3,slightly_injured
2020,4,Tue,3,52.53546847,13.36337967,afternoon,16,daylight,0,dry,0,2,6,0,1,0,0,0,0,3,slightly_injured
2020,10,Thu,5,52.50862354,13.26006681,morning,11,daylight,0,dry,0,2,6,0,1,0,0,0,0,3,slightly_injured
2020,4,Tue,3,52.5931614,13.40278827,afternoon,13,daylight,0,dry,0,5,3,0,1,0,1,0,0,3,slightly_injured
2020,9,Tue,3,52.4779376,13.3263126,afternoon,16,daylight,0,dry,0,2,6,0,1,0,0,0,0,3,slightly_injured
2020,11,Sun,1,52.62400688,13.3124033,afternoon,14,daylight,0,dry,0,0,1,1,0,0,0,0,0,3,slightly_injured
2020,9,Fri,6,52.48472836,13.47926798,evening,19,daylight,0,dry,0,8,1,0,1,0,0,0,0,2,seriously_injured
2020,5,Mon,2,52.51009501,13.38557374,afternoon,17,daylight,0,wet,1,0,1,0,0,0,1,0,0,3,slightly_injured
2020,8,Sat,7,52.56460368,13.36400195,evening,19,daylight,0,wet,1,5,2,1,1,0,0,0,0,3,slightly_injured
2020,6,Tue,3,52.41368722,13.4017987,afternoon,16,daylight,0,dry,0,2,6,0,1,0,0,0,0,3,slightly_injured
2020,4,Tue,3,52.53756737,13.4286328,evening,19,daylight,0,dry,0,5,2,1,1,0,0,0,0,3,slightly_injured
2020,9,Mon,2,52.57449384,13.34765472,evening,18,dusk,1,dry,0,5,2,1,1,0,0,0,0,3,slightly_injured
2020,12,Mon,2,52.46950079,13.38574086,evening,20,dark,2,dry,0,5,2,0,1,0,0,0,0,3,slightly_injured
2020,5,Mon,2,52.47395944,13.36296698,afternoon,15,daylight,0,wet,1,2,6,0,1,0,0,0,0,3,slightly_injured
2020,8,Sat,7,52.57443618,13.34765108,evening,20,dusk,1,dry,0,5,3,0,1,0,0,0,0,3,slightly_injured
2020,6,Mon,2,52.45948105,13.50565572,afternoon,13,daylight,0,dry,0,3,6,0,0,0,1,1,0,2,seriously_injured
2020,4,Tue,3,52.51113624,13.54415478,evening,20,dark,2,dry,0,0,1,1,0,0,0,0,0,2,seriously_injured
2020,10,Sat,7,52.54089349,13.41356807,afternoon,14,daylight,0,dry,0,0,1,1,0,0,0,0,0,2,seriously_injured
2020,12,Fri,6,52.49344058,13.38790036,afternoon,14,daylight,0,dry,0,2,6,0,1,0,0,0,0,3,slightly_injured
2020,8,Tue,3,52.5068401,13.23117719,afternoon,17,daylight,0,dry,0,5,3,0,0,0,1,0,1,2,seriously_injured
2020,7,Thu,5,52.51121376,13.29942522,afternoon,16,daylight,0,dry,0,3,6,1,0,0,0,0,0,3,slightly_injured
2020,10,Fri,6,52.58328084,13.34360627,morning,11,daylight,0,dry,0,2,6,0,1,0,1,0,0,2,seriously_injured
2020,4,Tue,3,52.57281108,13.42909947,morning,10,daylight,0,dry,0,5,7,1,1,0,0,0,0,3,slightly_injured
2020,9,Wed,4,52.46779706,13.49313301,afternoon,15,daylight,0,dry,0,5,2,0,1,0,1,0,0,3,slightly_injured
2020,11,Mon,2,52.51181657,13.49421709,morning,8,daylight,0,wet,1,0,6,0,1,0,1,0,0,3,slightly_injured
2020,5,Mon,2,52.53598449,13.31155362,afternoon,14,daylight,0,wet,1,2,6,0,1,0,0,1,0,3,slightly_injured
2020,8,Sun,1,52.55850319,13.30988386,evening,22,dark,2,dry,0,3,6,0,1,0,0,1,0,3,slightly_injured
2020,6,Tue,3,52.46323295,13.38530725,morning,11,daylight,0,dry,0,5,3,1,0,0,0,0,1,3,slightly_injured
2020,4,Mon,2,52.61310535,13.31536966,morning,11,daylight,0,dry,0,5,3,1,1,0,0,0,0,3,slightly_injured
2020,9,Mon,2,52.48171536,13.34842415,morning,9,daylight,0,dry,0,0,2,1,0,0,0,0,1,2,seriously_injured
2020,12,Wed,4,52.62094862,13.49987798,afternoon,14,daylight,0,wet,1,2,6,0,0,0,0,1,1,3,slightly_injured
2020,8,Tue,3,52.49932662,13.37827427,afternoon,14,daylight,0,dry,0,0,3,1,0,0,1,0,0,3,slightly_injured
2020,6,Thu,5,52.47976819,13.31325909,afternoon,16,daylight,0,dry,0,2,6,0,1,0,1,0,0,3,slightly_injured
2020,4,Mon,2,52.5004099,13.27984594,morning,7,daylight,0,dry,0,2,6,0,1,0,0,1,0,3,slightly_injured
2020,11,Mon,2,52.51872669,13.45372528,afternoon,15,daylight,0,dry,0,5,2,1,1,0,0,0,0,3,slightly_injured
2020,9,Mon,2,52.51703545,13.38708864,evening,23,dark,2,dry,0,9,1,0,1,0,0,0,0,2,seriously_injured
2020,8,Sat,7,52.46739681,13.38549202,evening,18,daylight,0,dry,0,1,5,0,1,0,0,0,1,3,slightly_injured
2020,4,Mon,2,52.51139412,13.3021791,afternoon,15,daylight,0,dry,0,3,6,1,0,0,0,0,0,3,slightly_injured
2020,10,Thu,5,52.49215141,13.38740921,morning,6,dark,2,wet,1,0,6,0,0,0,1,0,1,3,slightly_injured
2020,8,Tue,3,52.57207826,13.39869608,evening,19,daylight,0,dry,0,5,2,0,1,0,0,0,1,3,slightly_injured
2020,7,Tue,3,52.46397578,13.33260477,night,0,dark,2,dry,0,8,1,0,1,0,0,0,0,3,slightly_injured
2020,6,Thu,5,52.55057779,13.30278237,afternoon,17,daylight,0,wet,1,2,6,0,1,0,0,0,0,3,slightly_injured
2020,11,Wed,4,52.46946349,13.38574085,night,0,dark,2,dry,0,5,2,0,1,0,0,0,0,3,slightly_injured
2020,4,Mon,2,52.51242451,13.40357178,afternoon,15,daylight,0,dry,0,2,6,0,1,0,0,0,0,3,slightly_injured
2020,9,Thu,5,52.51656797,13.40896299,morning,8,daylight,0,dry,0,2,6,0,1,0,1,0,0,3,slightly_injured
2020,11,Mon,2,52.37682772,13.41762551,morning,7,daylight,0,dry,0,6,3,0,1,1,0,0,0,3,slightly_injured
2020,6,Sat,7,52.51571735,13.45424257,night,1,dark,2,wet,1,0,1,1,0,0,0,0,0,3,slightly_injured
2020,4,Sat,7,52.46384301,13.45246843,afternoon,15,daylight,0,dry,0,0,1,0,0,0,1,0,0,2,seriously_injured
2020,9,Wed,4,52.47891096,13.35400078,afternoon,14,daylight,0,dry,0,5,3,0,1,0,0,0,1,2,seriously_injured
2020,7,Thu,5,52.5395163,13.42283267,evening,20,dusk,1,dry,0,5,2,1,1,0,0,0,0,3,slightly_injured
2020,4,Sat,7,52.5147738,13.45337855,morning,11,daylight,0,dry,0,0,7,1,0,1,0,0,0,3,slightly_injured
2020,10,Wed,4,52.56289627,13.55829203,afternoon,12,daylight,0,wet,1,5,3,0,1,0,0,0,1,3,slightly_injured
2020,12,Fri,6,52.49419863,13.28867407,night,0,dark,2,dry,0,9,1,0,1,0,0,0,0,3,slightly_injured
2020,8,Thu,5,52.50195873,13.3768965,morning,8,daylight,0,dry,0,5,2,1,1,0,0,0,0,3,slightly_injured
2020,7,Tue,3,52.58068014,13.40236726,afternoon,17,daylight,0,dry,0,5,2,1,1,0,0,0,0,3,slightly_injured
2020,5,Sat,7,52.53297892,13.53696835,morning,9,daylight,0,dry,0,5,3,1,1,0,0,0,0,3,slightly_injured
2020,10,Tue,3,52.49786794,13.38779892,afternoon,14,daylight,0,wet,1,0,1,1,0,0,0,0,0,3,slightly_injured
2020,4,Fri,6,52.56284156,13.46896761,afternoon,12,daylight,0,dry,0,2,6,0,1,0,0,0,0,3,slightly_injured
2020,9,Sun,1,52.49976168,13.28070711,evening,18,daylight,0,dry,0,2,6,0,1,0,0,0,0,3,slightly_injured
2020,11,Mon,2,52.54112235,13.4119725,afternoon,13,daylight,0,dry,0,5,3,0,1,0,1,0,0,2,seriously_injured
2020,5,Sun,1,52.56649705,13.40568461,evening,18,daylight,0,wet,1,0,1,0,0,0,1,0,0,2,seriously_injured
2020,8,Thu,5,52.49378402,13.46030328,afternoon,15,daylight,0,dry,0,0,1,1,0,0,0,0,0,3,slightly_injured
2020,6,Fri,6,52.62145423,13.31317141,afternoon,15,daylight,0,dry,0,5,7,0,0,0,1,0,1,3,slightly_injured
2020,4,Thu,5,52.48531741,13.38605432,morning,11,daylight,0,dry,0,3,6,1,0,0,0,1,0,3,slightly_injured
2020,10,Fri,6,52.4998915,13.45684375,afternoon,16,daylight,0,dry,0,2,7,0,1,0,0,0,1,3,slightly_injured
2020,12,Tue,3,52.50956898,13.45105119,afternoon,17,dark,2,dry,0,1,5,1,1,0,0,0,0,3,slightly_injured
2020,8,Sun,1,52.49920068,13.28090526,afternoon,14,daylight,0,dry,0,0,6,0,1,0,1,0,0,3,slightly_injured
2020,6,Tue,3,52.49283415,13.45933014,morning,10,daylight,0,dry,0,5,2,0,1,0,1,0,0,3,slightly_injured
2020,3,Tue,3,52.53900358,13.42438501,night,5,dark,2,wet,1,6,2,0,1,1,0,0,0,2,seriously_injured
2020,10,Wed,4,52.51098922,13.29891809,morning,7,daylight,0,wet,1,3,6,0,1,0,1,0,0,3,slightly_injured
2020,3,Tue,3,52.53549889,13.36334915,afternoon,12,daylight,0,dry,0,2,6,0,1,0,0,0,1,3,slightly_injured
2020,9,Mon,2,52.51241383,13.48826407,afternoon,15,daylight,0,dry,0,5,3,1,1,0,0,0,0,3,slightly_injured
2020,11,Sat,7,52.55261682,13.41412593,morning,11,daylight,0,dry,0,3,6,1,1,0,0,0,0,3,slightly_injured
2020,9,Fri,6,52.56371813,13.36419305,afternoon,16,daylight,0,dry,0,5,3,1,1,0,0,0,0,2,seriously_injured
2020,3,Tue,3,52.53189009,13.28614554,afternoon,12,daylight,0,dry,0,2,6,0,1,0,0,0,0,3,slightly_injured
2020,5,Sat,7,52.45999526,13.22511843,afternoon,12,daylight,0,dry,0,0,7,0,1,0,0,0,0,2,seriously_injured
2020,8,Sat,7,52.53922488,13.42451927,night,1,dark,2,dry,0,2,2,0,1,0,0,0,1,3,slightly_injured
2020,7,Tue,3,52.43604071,13.49329145,evening,22,dark,2,dry,0,2,6,0,1,0,0,0,0,2,seriously_injured
2020,6,Mon,2,52.51654919,13.17893799,morning,11,daylight,0,dry,0,2,6,0,1,0,0,0,1,3,slightly_injured
2020,3,Mon,2,52.45415669,13.51311088,evening,19,dark,2,dry,0,5,3,1,1,0,0,0,0,3,slightly_injured
2020,9,Sat,7,52.54898818,13.36877727,evening,19,dusk,1,wet,1,2,6,0,1,0,0,0,0,3,slightly_injured
2020,12,Mon,2,52.55149782,13.36730324,afternoon,15,dusk,1,wet,1,0,2,0,1,0,1,0,0,3,slightly_injured
2020,6,Wed,4,52.40601441,13.40605797,afternoon,15,daylight,0,dry,0,3,6,0,1,0,1,0,0,3,slightly_injured
2020,3,Mon,2,52.58064356,13.40216403,morning,9,daylight,0,dry,0,2,6,0,1,0,0,0,0,3,slightly_injured
2020,11,Fri,6,52.49597429,13.28399908,afternoon,14,daylight,0,dry,0,2,6,0,1,0,0,0,0,3,slightly_injured
2020,9,Sat,7,52.51003959,13.52583887,afternoon,17,daylight,0,dry,0,9,1,0,1,0,0,0,0,3,slightly_injured
2020,7,Thu,5,52.43823838,13.27137794,evening,23,dark,2,dry,0,5,3,0,1,0,0,0,0,2,seriously_injured
2020,3,Sat,7,52.4193455,13.1773578,afternoon,16,daylight,0,dry,0,0,4,0,0,1,1,0,0,3,slightly_injured
2020,10,Mon,2,52.47996186,13.38575709,afternoon,14,daylight,0,dry,0,5,3,0,1,0,1,0,0,2,seriously_injured
2020,8,Mon,2,52.54097102,13.41248703,afternoon,13,daylight,0,dry,0,2,6,1,1,0,0,0,0,3,slightly_injured
2020,7,Sun,1,52.55792286,13.36551135,night,1,dark,2,dry,0,2,3,0,1,0,0,0,0,2,seriously_injured
2020,6,Tue,3,52.51673729,13.44548032,evening,19,daylight,0,dry,0,3,6,1,1,0,0,0,0,3,slightly_injured
2020,11,Sun,1,52.43192105,13.39111888,afternoon,17,dark,2,wet,1,5,2,0,1,0,0,0,0,3,slightly_injured
2020,3,Sat,7,52.4871912,13.47699432,afternoon,13,daylight,0,dry,0,2,6,1,1,0,0,0,0,3,slightly_injured
2020,9,Tue,3,52.53497321,13.43591365,afternoon,14,daylight,0,dry,0,9,1,0,0,0,0,0,1,3,slightly_injured
2020,11,Sat,7,52.41891081,13.15328123,afternoon,16,dark,2,dry,0,2,6,0,1,0,0,0,0,3,slightly_injured
2020,6,Thu,5,52.51459532,13.46523063,afternoon,14,daylight,0,dry,0,2,6,0,1,0,0,0,0,2,seriously_injured
2020,3,Sat,7,52.50487957,13.59864041,evening,18,dusk,1,dry,0,5,2,0,1,0,0,0,0,3,slightly_injured
2020,8,Mon,2,52.42383725,13.3718805,afternoon,16,daylight,0,wet,1,6,4,0,1,1,0,0,0,3,slightly_injured
2020,7,Wed,4,52.54280509,13.41246209,morning,11,daylight,0,dry,0,6,4,1,1,1,0,0,0,3,slightly_injured
2020,6,Wed,4,52.5157305,13.453777,morning,11,daylight,0,dry,0,0,3,1,0,0,0,0,1,3,slightly_injured
2020,6,Wed,4,52.54098136,13.41244273,afternoon,12,daylight,0,dry,0,2,6,0,1,0,0,0,0,3,slightly_injured
2020,3,Fri,6,52.52092005,13.42051756,afternoon,14,daylight,0,dry,0,3,6,0,1,0,1,0,0,3,slightly_injured
2020,11,Mon,2,52.50711497,13.5664504,morning,10,daylight,0,dry,0,2,6,0,1,0,0,0,0,3,slightly_injured
2020,9,Sun,1,52.43349913,13.24152427,afternoon,13,daylight,0,dry,0,9,1,0,0,0,1,0,0,3,slightly_injured
2020,7,Fri,6,52.52643525,13.42113451,morning,8,daylight,0,dry,0,5,3,1,1,0,0,0,0,3,slightly_injured
2020,3,Fri,6,52.49478127,13.28542034,afternoon,17,daylight,0,dry,0,3,6,0,1,0,1,0,0,3,slightly_injured
2020,10,Wed,4,52.49463311,13.28597574,evening,20,dark,2,wet,1,2,6,0,1,0,0,0,1,3,slightly_injured
2020,8,Tue,3,52.51566153,13.45421857,afternoon,13,daylight,0,wet,1,5,2,1,1,0,0,0,0,3,slightly_injured
2020,7,Mon,2,52.50494965,13.60676547,afternoon,13,daylight,0,dry,0,2,6,0,1,0,0,0,0,3,slightly_injured
2020,6,Wed,4,52.46368332,13.45087264,evening,18,daylight,0,dry,0,2,6,0,1,0,0,0,0,3,slightly_injured
2020,11,Mon,2,52.43680239,13.37963345,afternoon,14,daylight,0,dry,0,5,7,0,1,0,0,0,1,3,slightly_injured
2020,3,Fri,6,52.61758479,13.31590119,afternoon,15,daylight,0,dry,0,5,3,0,1,0,1,0,0,3,slightly_injured
2020,9,Wed,4,52.43448331,13.24684513,afternoon,12,daylight,0,dry,0,3,6,0,1,0,1,0,0,3,slightly_injured
2020,11,Sat,7,52.51302999,13.48082454,night,0,dark,2,dry,0,2,6,1,0,0,0,0,0,3,slightly_injured
2020,6,Fri,6,52.57872925,13.34711218,afternoon,14,daylight,0,dry,0,6,4,1,0,1,0,0,0,3,slightly_injured
2020,3,Thu,5,52.51175505,13.30770479,afternoon,15,daylight,0,dry,0,5,3,0,1,0,0,0,0,3,slightly_injured
2020,9,Tue,3,52.4401743,13.3873192,morning,7,daylight,0,dry,0,5,3,0,1,0,0,0,0,2,seriously_injured
2020,7,Thu,5,52.51127627,13.30037347,afternoon,12,daylight,0,dry,0,6,4,1,0,1,0,0,0,3,slightly_injured
2020,3,Thu,5,52.56205777,13.56023093,evening,19,dark,2,dry,0,5,2,0,1,0,0,0,0,2,seriously_injured
2020,10,Wed,4,52.54133532,13.36881741,afternoon,16,daylight,0,wet,1,2,6,0,1,0,0,0,0,3,slightly_injured
2020,12,Wed,4,52.49352747,13.38795725,evening,21,dark,2,wet,1,9,1,0,1,0,0,0,0,3,slightly_injured
2020,8,Thu,5,52.50999284,13.54040974,morning,11,daylight,0,dry,0,0,1,0,1,0,1,0,0,2,seriously_injured
2020,7,Mon,2,52.56835001,13.36186495,afternoon,14,daylight,0,dry,0,5,2,1,1,0,0,0,0,3,slightly_injured
2020,5,Fri,6,52.50365694,13.44761714,afternoon,12,daylight,0,dry,0,4,7,1,0,1,0,0,0,3,slightly_injured
2020,10,Mon,2,52.41138385,13.4027851,afternoon,15,dusk,1,dry,0,2,6,0,1,0,0,1,0,2,seriously_injured
2020,3,Wed,4,52.5392618,13.4243583,evening,19,dark,2,dry,0,5,2,1,1,0,0,0,0,3,slightly_injured
2020,9,Fri,6,52.4648363,13.49741312,afternoon,13,daylight,0,dry,0,5,3,1,0,0,0,1,0,3,slightly_injured
2020,11,Wed,4,52.54081357,13.43867223,evening,21,dark,2,dry,0,6,4,0,0,1,1,0,0,3,slightly_injured
2020,5,Sat,7,52.42207116,13.37039367,afternoon,12,daylight,0,dry,0,1,5,0,1,0,0,0,1,3,slightly_injured
2020,8,Wed,4,52.51612752,13.37639671,morning,8,daylight,0,dry,0,2,6,0,1,0,0,0,0,3,slightly_injured
2020,6,Fri,6,52.52819924,13.42394736,morning,8,daylight,0,dry,0,5,3,1,1,0,0,0,0,3,slightly_injured
2020,3,Wed,4,52.4273187,13.21469592,afternoon,12,daylight,0,dry,0,5,2,0,1,0,0,0,0,3,slightly_injured
2020,10,Thu,5,52.4677748,13.38571071,afternoon,14,daylight,0,dry,0,2,6,0,1,0,0,0,0,3,slightly_injured
2020,12,Tue,3,52.49177571,13.29433116,afternoon,14,daylight,0,dry,0,2,6,0,1,0,0,0,0,3,slightly_injured
2020,8,Sat,7,52.52512499,13.41953595,evening,20,daylight,0,dry,0,5,3,1,1,0,0,0,0,3,slightly_injured
2020,6,Mon,2,52.51539783,13.45726373,morning,11,daylight,0,dry,0,5,2,1,1,0,0,0,0,3,slightly_injured
2020,3,Tue,3,52.51090034,13.29755086,evening,18,dusk,1,dry,0,0,1,1,0,0,0,0,0,2,seriously_injured
2020,10,Tue,3,52.52902909,13.28323511,evening,19,dark,2,dry,0,2,6,0,1,0,0,0,0,3,slightly_injured
2020,3,Tue,3,52.54112544,13.43903873,afternoon,16,daylight,0,dry,0,2,6,0,1,0,0,1,0,3,slightly_injured
2020,9,Sun,1,52.54078397,13.29566343,evening,18,daylight,0,dry,0,2,6,0,1,0,0,0,0,3,slightly_injured
2020,11,Fri,6,52.58305147,13.48330367,morning,8,daylight,0,dry,0,5,2,1,0,0,0,1,0,3,slightly_injured
2020,9,Thu,5,52.50108293,13.36396069,morning,9,daylight,0,dry,0,2,6,0,1,0,1,0,0,3,slightly_injured
2020,3,Tue,3,52.56223359,13.56035141,morning,7,daylight,0,dry,0,2,6,0,1,0,0,0,0,3,slightly_injured
2020,5,Sat,7,52.52835386,13.4241286,morning,10,daylight,0,dry,0,6,4,0,1,1,0,0,0,3,slightly_injured
2020,8,Thu,5,52.46300692,13.44521034,evening,18,daylight,0,dry,0,3,6,0,1,0,0,1,0,3,slightly_injured
2020,7,Sun,1,52.51950391,13.4130195,morning,7,daylight,0,dry,0,9,1,0,0,0,1,0,0,2,seriously_injured
2020,6,Sun,1,52.5134335,13.33326368,evening,18,daylight,0,dry,0,5,3,0,0,0,1,0,1,2,seriously_injured
2020,3,Mon,2,52.43982033,13.27584562,afternoon,15,daylight,0,dry,0,2,6,0,1,0,0,0,0,2,seriously_injured
2020,9,Fri,6,52.53406344,13.43036109,morning,8,daylight,0,wet,1,1,5,1,1,0,0,0,0,3,slightly_injured
2020,12,Sun,1,52.49495413,13.46203958,afternoon,14,daylight,0,dry,0,2,6,0,1,0,0,0,0,3,slightly_injured
2020,6,Wed,4,52.50042907,13.36339675,afternoon,12,daylight,0,dry,0,0,6,0,0,0,1,0,1,3,slightly_injured
2020,3,Mon,2,52.51074969,13.29228367,afternoon,13,daylight,0,dry,0,0,2,1,1,0,0,0,0,3,slightly_injured
2020,9,Sat,7,52.52511044,13.41952034,afternoon,13,daylight,0,dry,0,5,2,1,1,0,0,0,0,3,slightly_injured
2020,7,Wed,4,52.43877174,13.38774267,morning,11,daylight,0,dry,0,2,6,0,1,0,0,0,1,3,slightly_injured
2020,3,Sun,1,52.57444267,13.34765149,afternoon,17,daylight,0,dry,0,5,3,0,1,0,0,0,0,3,slightly_injured
2020,10,Sat,7,52.51750213,13.43645054,evening,20,dark,2,dry,0,5,3,1,1,0,0,0,0,3,slightly_injured
2020,8,Mon,2,52.50467921,13.61589822,morning,8,daylight,0,dry,0,5,7,0,1,0,0,0,0,3,slightly_injured
2020,7,Fri,6,52.56375409,13.36441129,afternoon,14,daylight,0,wet,1,5,2,1,1,0,0,0,0,2,seriously_injured
2020,6,Tue,3,52.45282802,13.38455036,morning,10,daylight,0,dry,0,5,2,1,0,0,0,0,1,3,slightly_injured
2020,10,Fri,6,52.51055994,13.28926869,evening,19,dark,2,wet,1,6,2,0,1,1,0,0,0,3,slightly_injured
2020,3,Sat,7,52.51037197,13.5310679,afternoon,17,daylight,0,dry,0,2,6,0,1,0,0,0,0,2,seriously_injured