ujahr,umonat,weekday,uwochentag,long,lat,time_of_day,ustunde,light_condition,ulichtverh,street_condition,ustrzustand,uart,utyp1,ist_rad,ist_pkw,ist_fuss,ist_krad,ist_gkfz,ist_sonstige,ukategorie,accident_outcome
2020,9,Tue,3,52.51482014,13.46305105,afternoon,16,daylight,0,dry,0,2,6,0,1,0,0,0,0,3,slightly_injured
2020,11,Thu,5,52.55806697,13.36526112,morning,9,daylight,0,wet,1,5,2,1,1,0,0,0,0,3,slightly_injured
2020,6,Wed,4,52.46948207,13.38574131,morning,7,daylight,0,dry,0,5,2,0,1,0,0,0,1,2,seriously_injured
2020,8,Mon,2,52.47781998,13.32637274,morning,11,daylight,0,dry,0,3,6,0,1,0,0,1,0,3,slightly_injured
2020,6,Tue,3,52.50509317,13.59031509,afternoon,17,daylight,0,dry,0,0,2,1,1,0,0,0,0,3,slightly_injured
2020,3,Fri,6,52.51355233,13.47549959,morning,10,daylight,0,dry,0,2,6,0,1,0,0,0,0,3,slightly_injured
2020,10,Mon,2,52.46997025,13.23703511,evening,18,dusk,1,wet,1,2,6,0,1,0,0,0,0,2,seriously_injured
2020,12,Sat,7,52.49814432,13.38872068,afternoon,17,dark,2,wet,1,5,3,1,1,0,0,0,0,3,slightly_injured
2020,8,Tue,3,52.51604772,13.45370218,night,0,dark,2,dry,0,5,3,0,0,0,1,0,1,3,slightly_injured
2020,7,Fri,6,52.42542167,13.20821048,afternoon,15,daylight,0,dry,0,2,7,1,1,0,0,0,0,3,slightly_injured
2020,5,Tue,3,52.57339236,13.35902459,afternoon,13,daylight,0,dry,0,5,2,0,1,0,0,0,0,2,seriously_injured
2020,10,Sun,1,52.53058132,13.44338312,evening,19,dark,2,dry,0,2,6,0,1,0,0,0,0,3,slightly_injured
2020,3,Wed,4,52.50749802,13.28383365,afternoon,16,daylight,0,dry,0,2,6,0,1,0,0,0,0,3,slightly_injured
2020,9,Thu,5,52.54965382,13.41391449,afternoon,13,daylight,0,dry,0,6,4,1,0,1,0,0,0,3,slightly_injured
2020,11,Tue,3,52.57105991,13.30547706,morning,7,dark,2,wet,1,2,6,0,1,0,0,0,0,3,slightly_injured
2020,5,Sat,7,52.5321713,13.28622084,afternoon,16,daylight,0,dry,0,2,6,0,1,0,0,0,0,3,slightly_injured
2020,8,Tue,3,52.51160461,13.20405014,afternoon,17,daylight,0,dry,0,2,6,0,1,0,1,0,0,3,slightly_injured
2020,6,Wed,4,52.4987351,13.38631579,morning,8,daylight,0,dry,0,0,1,1,0,0,0,0,0,3,slightly_injured
2020,5,Thu,5,52.51569265,13.45423195,morning,9,daylight,0,dry,0,0,2,0,1,0,1,0,0,3,slightly_injured
2020,3,Wed,4,52.50503317,13.44860225,evening,20,dark,2,dry,0,3,6,1,0,0,0,0,0,3,slightly_injured
2020,9,Wed,4,52.52823567,13.42361461,morning,6,dusk,1,dry,0,5,2,1,1,0,0,0,0,3,slightly_injured
2020,12,Fri,6,52.41428555,13.36398254,evening,18,dark,2,dry,0,2,5,0,1,0,0,0,1,3,slightly_injured
2020,8,Wed,4,52.46151077,13.45590363,afternoon,15,daylight,0,dry,0,2,6,0,0,0,0,0,1,3,slightly_injured
2020,6,Sat,7,52.44489924,13.29194208,evening,18,daylight,0,dry,0,1,1,1,1,0,0,0,0,3,slightly_injured
2020,3,Wed,4,52.52876983,13.28281975,afternoon,16,daylight,0,dry,0,2,6,0,1,0,0,0,0,3,slightly_injured
2020,10,Tue,3,52.56587328,13.36313579,afternoon,13,daylight,0,dry,0,2,6,0,1,0,0,0,0,3,slightly_injured
2020,12,Tue,3,52.47896967,13.35392001,afternoon,12,daylight,0,wet,1,5,3,1,1,0,0,0,0,3,slightly_injured
2020,8,Wed,4,52.43703019,13.38848701,afternoon,16,daylight,0,dry,0,5,3,1,1,0,0,0,0,3,slightly_injured
2020,7,Sun,1,52.42074393,13.16995493,evening,19,daylight,0,wet,1,8,1,1,0,0,0,0,0,3,slightly_injured
2020,5,Thu,5,52.53757035,13.42862391,night,5,dusk,1,dry,0,5,2,1,1,0,0,0,0,3,slightly_injured
2020,10,Mon,2,52.51270061,13.32438201,morning,8,daylight,0,wet,1,2,6,0,1,0,0,0,1,3,slightly_injured
2020,3,Wed,4,52.38810627,13.40862271,morning,8,daylight,0,dry,0,6,2,0,1,1,0,0,0,3,slightly_injured
2020,9,Thu,5,52.51143408,13.30568644,afternoon,13,daylight,0,dry,0,3,6,1,0,0,0,0,0,3,slightly_injured
2020,11,Tue,3,52.50514988,13.37212095,afternoon,17,dark,2,wet,1,2,2,0,1,0,0,0,0,3,slightly_injured
2020,5,Sat,7,52.51196733,13.20227083,afternoon,16,daylight,0,dry,0,0,7,1,0,0,0,0,0,3,slightly_injured
2020,8,Tue,3,52.45154332,13.30986088,afternoon,14,daylight,0,dry,0,5,3,1,1,0,0,0,0,3,slightly_injured
2020,6,Thu,5,52.57470493,13.39925726,evening,18,daylight,0,wet,1,5,5,0,1,0,1,0,0,3,slightly_injured
2020,5,Thu,5,52.49797527,13.46292259,evening,18,daylight,0,dry,0,0,3,1,0,0,0,0,1,3,slightly_injured
2020,3,Tue,3,52.5392885,13.42423797,afternoon,15,daylight,0,dry,0,5,2,0,1,0,0,0,1,3,slightly_injured
2020,10,Thu,5,52.46948764,13.38549821,night,5,dark,2,dry,0,5,2,0,1,0,1,0,0,2,seriously_injured
2020,12,Sat,7,52.44742478,13.20889791,night,5,dark,2,dry,0,3,6,0,1,0,0,0,0,3,slightly_injured
2020,8,Thu,5,52.5032012,13.28100774,afternoon,17,daylight,0,dry,0,2,6,0,1,0,0,0,0,3,slightly_injured
2020,6,Sun,1,52.57463222,13.34766345,afternoon,13,daylight,0,wet,1,0,1,0,0,0,1,0,0,3,slightly_injured
2020,3,Tue,3,52.41655655,13.40019349,evening,18,dusk,1,dry,0,5,7,0,1,0,1,0,0,2,seriously_injured
2020,10,Mon,2,52.56131535,13.36464196,afternoon,16,daylight,0,dry,0,0,3,0,1,0,1,0,0,3,slightly_injured
2020,3,Tue,3,52.42816997,13.21836888,afternoon,16,daylight,0,dry,0,0,1,1,0,0,0,0,0,2,seriously_injured
2020,11,Thu,5,52.48176423,13.34830826,afternoon,14,daylight,0,dry,0,6,4,1,0,1,0,0,0,3,slightly_injured
2020,9,Wed,4,52.51976316,13.4130938,morning,10,daylight,0,dry,0,3,6,1,1,0,0,0,0,3,slightly_injured
2020,3,Tue,3,52.49776059,13.28252441,morning,9,daylight,0,dry,0,5,3,0,1,0,0,1,0,3,slightly_injured
2020,10,Sat,7,52.5086019,13.25964016,afternoon,16,daylight,0,dry,0,2,6,0,1,0,0,0,0,3,slightly_injured
2020,8,Thu,5,52.51651358,13.446262,afternoon,14,daylight,0,dry,0,2,6,0,1,0,0,0,0,3,slightly_injured
2020,7,Fri,6,52.43773711,13.26965058,afternoon,16,daylight,0,wet,1,2,6,0,1,0,0,0,1,3,slightly_injured
2020,6,Fri,6,52.41524751,13.40060638,morning,8,daylight,0,dry,0,2,6,0,1,0,0,0,0,3,slightly_injured
2020,3,Tue,3,52.51435521,13.2865276,night,5,dusk,1,dry,0,2,6,0,1,0,0,0,0,3,slightly_injured
2020,9,Thu,5,52.4892889,13.35936894,afternoon,17,daylight,0,dry,0,2,6,0,1,0,0,0,0,2,seriously_injured
2020,12,Fri,6,52.46081446,13.41437379,afternoon,16,dark,2,dry,0,2,6,0,1,0,0,0,0,3,slightly_injured
2020,6,Tue,3,52.5411881,13.36851551,afternoon,17,daylight,0,dry,0,2,6,0,1,0,0,0,0,3,slightly_injured
2020,3,Tue,3,52.51222935,13.31494522,afternoon,14,daylight,0,dry,0,5,2,1,1,0,0,0,0,3,slightly_injured
2020,9,Fri,6,52.51094902,13.29542069,morning,9,daylight,0,wet,1,0,6,0,1,0,1,0,0,3,slightly_injured
2020,7,Mon,2,52.5418135,13.41238054,evening,23,dark,2,wet,1,1,5,1,1,0,0,0,0,2,seriously_injured
2020,3,Mon,2,52.5160953,13.45191407,afternoon,12,daylight,0,dry,0,2,6,0,1,0,0,0,0,3,slightly_injured
2020,10,Fri,6,52.5051185,13.44865466,evening,19,dark,2,wet,1,6,7,1,0,1,0,0,0,3,slightly_injured
2020,12,Thu,5,52.55935448,13.41243957,morning,11,daylight,0,dry,0,5,3,0,1,0,0,0,1,2,seriously_injured
2020,8,Sun,1,52.54112697,13.36837322,afternoon,12,daylight,0,dry,0,5,2,0,1,0,0,0,0,2,seriously_injured
2020,7,Thu,5,52.56350704,13.36423546,afternoon,17,daylight,0,wet,1,0,6,0,0,0,1,0,1,2,seriously_injured
2020,5,Mon,2,52.44922783,13.38519066,afternoon,16,daylight,0,wet,1,5,2,0,1,0,0,0,0,3,slightly_injured
2020,6,Mon,2,52.47003042,13.38551362,afternoon,16,daylight,0,dry,0,3,2,0,1,0,1,0,0,3,slightly_injured
2020,10,Thu,5,52.46787643,13.49333097,morning,9,daylight,0,wet,1,0,1,1,1,0,0,0,0,3,slightly_injured
2020,3,Mon,2,52.42583719,13.39493575,morning,11,daylight,0,dry,0,2,6,0,1,0,1,0,0,2,seriously_injured
2020,9,Mon,2,52.47788156,13.321206,morning,9,daylight,0,dry,0,2,6,0,1,0,0,0,0,3,slightly_injured
2020,11,Wed,4,52.53891395,13.36863738,evening,19,dark,2,dry,0,2,6,0,1,0,0,0,0,3,slightly_injured
2020,6,Wed,4,52.43274967,13.39065551,afternoon,12,daylight,0,dry,0,0,2,1,1,0,0,0,0,3,slightly_injured
2020,8,Sat,7,52.45654901,13.50957018,afternoon,15,daylight,0,dry,0,1,5,1,0,0,0,0,1,3,slightly_injured
2020,6,Tue,3,52.62564536,13.31191984,morning,7,daylight,0,dry,0,5,2,0,1,0,1,0,0,3,slightly_injured
2020,3,Mon,2,52.51409843,13.34515195,evening,18,dark,2,dry,0,2,6,0,1,0,0,0,0,3,slightly_injured
2020,10,Mon,2,52.56388136,13.364376,evening,18,dark,2,wet,1,0,1,0,0,0,1,0,0,2,seriously_injured
2020,12,Fri,6,52.43688367,13.38835267,morning,7,dusk,1,wet,1,1,5,0,1,0,0,0,0,3,slightly_injured
2020,8,Tue,3,52.42629515,13.2097718,morning,8,daylight,0,dry,0,5,3,0,1,0,0,0,0,3,slightly_injured
2020,7,Thu,5,52.61079885,13.31891138,afternoon,17,daylight,0,dry,0,5,2,1,1,0,0,0,0,3,slightly_injured
2020,10,Fri,6,52.55051848,13.41406105,evening,19,dark,2,wet,1,5,2,1,1,0,0,0,0,3,slightly_injured
2020,3,Mon,2,52.45096513,13.30829885,afternoon,13,daylight,0,dry,0,3,6,1,0,0,0,0,0,3,slightly_injured
2020,9,Wed,4,52.51428068,13.19082659,morning,9,daylight,0,dry,0,2,6,0,1,0,0,0,0,3,slightly_injured
2020,11,Mon,2,52.51007884,13.28416454,morning,6,dusk,1,wet,1,6,4,0,1,1,0,0,0,2,seriously_injured
2020,5,Sat,7,52.50399845,13.4478895,afternoon,14,daylight,0,dry,0,6,7,1,0,1,0,0,0,3,slightly_injured
2020,8,Mon,2,52.51382573,13.47288437,morning,8,daylight,0,dry,0,6,7,1,0,1,0,0,0,2,seriously_injured
2020,6,Wed,4,52.41944179,13.15812455,evening,18,daylight,0,dry,0,5,2,1,1,0,0,0,0,3,slightly_injured
2020,5,Wed,4,52.51563137,13.45420561,evening,23,dark,2,dry,0,5,2,1,1,0,0,0,0,3,slightly_injured
2020,3,Sun,1,52.54010424,13.41900477,afternoon,17,dusk,1,dry,0,0,4,0,0,1,0,0,1,3,slightly_injured
2020,9,Tue,3,52.54823253,13.30086912,night,5,dark,2,dry,0,2,6,0,1,0,0,0,0,3,slightly_injured
2020,12,Thu,5,52.49308246,13.4593641,evening,20,dark,2,wet,1,2,6,0,1,0,1,0,0,3,slightly_injured
2020,8,Tue,3,52.52827483,13.42403598,evening,18,daylight,0,dry,0,5,2,1,1,0,0,0,0,3,slightly_injured
2020,6,Fri,6,52.47227189,13.3666206,afternoon,12,daylight,0,dry,0,2,6,0,1,0,0,0,0,3,slightly_injured
2020,10,Sat,7,52.49693389,13.28344279,afternoon,13,daylight,0,dry,0,2,6,0,1,0,0,0,0,3,slightly_injured
2020,3,Sun,1,52.42848038,13.51193956,afternoon,16,daylight,0,dry,0,2,6,0,1,0,1,0,0,3,slightly_injured
2020,11,Wed,4,52.45809494,13.4584939,night,5,dark,2,dry,0,0,6,0,1,0,1,0,0,2,seriously_injured
2020,9,Mon,2,52.54487716,13.4128229,afternoon,15,daylight,0,dry,0,3,6,1,1,0,0,0,0,3,slightly_injured
2020,8,Sun,1,52.57339236,13.35902459,afternoon,12,daylight,0,wet,1,5,2,0,1,0,1,0,0,3,slightly_injured
2020,3,Sun,1,52.491693,13.4576975,afternoon,15,daylight,0,dry,0,3,6,0,1,0,0,0,0,3,slightly_injured
2020,10,Thu,5,52.50990095,13.28141301,evening,19,dark,2,wet,1,2,6,0,1,0,0,0,0,3,slightly_injured
2020,8,Wed,4,52.4578098,13.38403025,morning,11,daylight,0,dry,0,1,5,1,1,0,0,0,0,3,slightly_injured
2020,7,Tue,3,52.54687403,13.44795459,afternoon,15,daylight,0,dry,0,5,2,1,1,0,0,0,0,3,slightly_injured
2020,5,Mon,2,52.60715063,13.32453008,afternoon,15,daylight,0,wet,1,2,6,0,1,0,1,0,0,3,slightly_injured
2020,6,Thu,5,52.53081155,13.4270092,afternoon,14,daylight,0,dry,0,2,6,1,1,0,0,0,0,3,slightly_injured
2020,11,Wed,4,52.48842705,13.46247268,afternoon,12,daylight,0,dry,0,3,6,1,0,0,0,0,0,3,slightly_injured
2020,3,Sun,1,52.5744778,13.34765371,evening,18,dark,2,dry,0,5,2,0,1,0,0,0,0,3,slightly_injured
2020,9,Thu,5,52.54154216,13.54056759,morning,6,dark,2,dry,0,2,6,0,1,0,0,0,1,2,seriously_injured
2020,11,Mon,2,52.51784979,13.43456661,morning,9,daylight,0,dry,0,6,4,1,1,1,0,0,0,3,slightly_injured
2020,6,Sun,1,52.50623611,13.36861191,afternoon,12,daylight,0,dry,0,5,3,0,1,0,0,0,0,3,slightly_injured
2020,3,Sat,7,52.48214601,13.38603976,afternoon,16,daylight,0,dry,0,2,6,0,1,0,0,0,0,3,slightly_injured
2020,9,Wed,4,52.47008303,13.38551428,evening,21,dark,2,dry,0,6,2,0,1,1,0,0,0,3,slightly_injured
2020,7,Fri,6,52.50870918,13.26163233,morning,7,daylight,0,dry,0,3,6,1,0,0,0,0,1,3,slightly_injured
2020,3,Fri,6,52.49500143,13.38914633,afternoon,17,daylight,0,dry,0,2,6,0,1,0,0,0,0,3,slightly_injured
2020,10,Thu,5,52.46186067,13.43162024,afternoon,17,dusk,1,wet,1,2,6,0,1,0,0,0,0,3,slightly_injured
2020,12,Mon,2,52.46060315,13.4162237,evening,20,dark,2,icy,2,9,1,0,1,0,0,0,0,3,slightly_injured
2020,10,Sun,1,52.51066238,13.29370011,afternoon,14,daylight,0,wet,1,3,6,0,1,0,0,0,0,3,slightly_injured
2020,3,Fri,6,52.41589989,13.40023227,afternoon,13,daylight,0,dry,0,2,6,0,1,0,1,0,0,3,slightly_injured
2020,11,Wed,4,52.53966118,13.42463182,afternoon,17,dark,2,dry,0,3,6,0,1,0,1,0,0,3,slightly_injured
2020,9,Tue,3,52.50579778,13.36834654,evening,18,daylight,0,dry,0,5,2,0,1,0,0,0,0,3,slightly_injured
2020,8,Mon,2,52.5432162,13.36981647,morning,8,daylight,0,dry,0,1,5,1,1,0,0,0,0,3,slightly_injured
2020,3,Fri,6,52.56041847,13.55649365,afternoon,14,daylight,0,wet,1,6,4,0,1,1,0,0,0,3,slightly_injured
2020,10,Fri,6,52.44184014,13.28296171,afternoon,13,daylight,0,dry,0,2,2,0,1,1,0,0,0,3,slightly_injured
2020,8,Wed,4,52.49658367,13.2837274,afternoon,17,daylight,0,dry,0,2,6,0,1,0,0,0,1,3,slightly_injured
2020,7,Wed,4,52.50963683,13.37850345,evening,18,daylight,0,wet,1,0,1,0,0,0,1,0,0,3,slightly_injured
2020,5,Mon,2,52.5126512,13.32054333,afternoon,14,daylight,0,wet,1,0,7,1,0,0,0,0,0,2,seriously_injured
2020,6,Fri,6,52.41905667,13.15461255,afternoon,14,daylight,0,dry,0,5,3,0,1,0,0,0,0,3,slightly_injured
2020,3,Thu,5,52.50856521,13.25896787,afternoon,12,daylight,0,dry,0,2,6,0,1,0,0,0,0,3,slightly_injured
2020,9,Thu,5,52.63755653,13.30580316,afternoon,15,daylight,0,dry,0,2,6,0,1,0,0,0,0,3,slightly_injured
2020,12,Tue,3,52.51038935,13.28919935,evening,18,dark,2,dry,0,5,2,0,1,0,0,0,0,2,seriously_injured
2020,6,Mon,2,52.51473705,13.54479948,afternoon,14,daylight,0,dry,0,2,6,0,1,0,1,0,0,3,slightly_injured
2020,3,Thu,5,52.45495828,13.38397294,afternoon,12,daylight,0,wet,1,0,6,0,1,0,1,0,0,3,slightly_injured
2020,9,Thu,5,52.48747654,13.35746564,evening,21,dusk,1,dry,0,1,5,1,1,0,0,0,0,3,slightly_injured
2020,7,Sat,7,52.4720964,13.24010726,afternoon,12,daylight,0,dry,0,2,6,0,1,0,0,0,1,3,slightly_injured
2020,3,Thu,5,52.55798118,13.36549947,morning,10,daylight,0,wet,1,5,3,0,1,0,0,0,0,3,slightly_injured
2020,10,Thu,5,52.39265849,13.40690173,afternoon,16,daylight,0,wet,1,1,7,0,1,0,0,0,0,3,slightly_injured
2020,12,Wed,4,52.48456024,13.47942022,afternoon,13,daylight,0,dry,0,5,3,0,1,0,0,0,1,3,slightly_injured
2020,5,Sat,7,52.51592325,13.4541926,evening,19,daylight,0,dry,0,0,1,1,0,0,0,0,0,3,slightly_injured
2020,8,Sat,7,52.45475049,13.38421683,evening,21,dark,2,dry,0,2,6,0,1,0,0,0,0,3,slightly_injured
2020,7,Thu,5,52.47890319,13.35401191,morning,9,daylight,0,dry,0,5,3,0,1,0,0,0,0,3,slightly_injured
2020,6,Mon,2,52.50697479,13.23330688,afternoon,17,daylight,0,dry,0,2,6,0,1,0,0,0,0,3,slightly_injured
2020,10,Wed,4,52.51100911,13.29922407,morning,8,daylight,0,dry,0,2,6,0,1,0,0,0,1,3,slightly_injured
2020,3,Thu,5,52.47792959,13.38570515,morning,10,daylight,0,wet,1,2,6,0,1,0,0,0,1,3,slightly_injured
2020,9,Mon,2,52.50869134,13.561658,afternoon,16,daylight,0,dry,0,5,2,1,1,0,0,0,0,3,slightly_injured
2020,11,Tue,3,52.49318334,13.36096302,morning,9,daylight,0,dry,0,2,6,0,1,0,0,0,0,3,slightly_injured
2020,5,Fri,6,52.57699524,13.39827342,evening,19,daylight,0,dry,0,2,6,0,1,0,0,0,0,3,slightly_injured
2020,8,Sat,7,52.52989035,13.44369143,evening,18,daylight,0,dry,0,1,5,1,1,0,0,0,0,3,slightly_injured
2020,6,Sun,1,52.54047181,13.41662561,morning,9,daylight,0,dry,0,2,6,0,1,0,0,0,0,3,slightly_injured
2020,3,Wed,4,52.53924598,13.42442653,afternoon,15,daylight,0,dry,0,2,6,1,1,0,0,0,0,3,slightly_injured
2020,10,Sat,7,52.50513887,13.28279953,afternoon,16,daylight,0,dry,0,3,6,0,1,0,0,1,0,3,slightly_injured
2020,12,Thu,5,52.43824616,13.27140153,afternoon,16,dark,2,dry,0,5,2,0,1,0,0,0,1,3,slightly_injured
2020,8,Tue,3,52.55138746,13.54869634,afternoon,14,daylight,0,dry,0,2,6,0,1,0,0,0,0,3,slightly_injured
2020,7,Thu,5,52.50499179,13.58881308,afternoon,13,daylight,0,dry,0,2,6,0,1,0,0,0,1,3,slightly_injured
2020,3,Tue,3,52.5865428,13.40215455,evening,18,dark,2,wet,1,5,3,1,1,0,0,0,0,3,slightly_injured
2020,10,Fri,6,52.49908624,13.28125788,evening,18,dusk,1,wet,1,2,6,0,1,0,0,0,0,3,slightly_injured
2020,3,Tue,3,52.50419773,13.62069124,afternoon,17,dusk,1,wet,1,5,2,0,1,0,0,0,0,3,slightly_injured
2020,9,Wed,4,52.48219094,13.38604034,afternoon,17,daylight,0,dry,0,2,6,0,1,0,1,0,0,3,slightly_injured
2020,11,Mon,2,52.51657651,13.17898003,morning,8,daylight,0,wet,1,5,2,1,1,0,0,0,0,3,slightly_injured
2020,9,Sat,7,52.49370539,13.29085616,afternoon,12,daylight,0,dry,0,2,6,0,1,0,0,0,0,3,slightly_injured
2020,5,Fri,6,52.47072465,13.38552761,afternoon,12,daylight,0,dry,0,2,6,0,1,0,0,0,0,3,slightly_injured
2020,8,Sun,1,52.52689499,13.44736719,afternoon,16,daylight,0,dry,0,3,5,1,0,0,0,0,1,3,slightly_injured
2020,6,Tue,3,52.48944001,13.35950628,evening,20,dusk,1,dry,0,0,6,0,0,0,0,0,1,3,slightly_injured
2020,3,Tue,3,52.54594536,13.44533926,afternoon,16,daylight,0,wet,1,6,4,0,1,1,0,0,0,2,seriously_injured
2020,9,Mon,2,52.39496915,13.40677061,night,0,dark,2,dry,0,3,6,0,1,0,0,0,0,3,slightly_injured
2020,12,Wed,4,52.51286111,13.32091135,afternoon,15,daylight,0,wet,1,3,6,0,1,0,0,0,0,3,slightly_injured
2020,8,Tue,3,52.43824816,13.27140762,morning,9,daylight,0,dry,0,5,2,0,1,0,0,0,0,3,slightly_injured
2020,6,Thu,5,52.60666133,13.32493163,morning,11,daylight,0,dry,0,5,3,0,1,0,0,0,0,3,slightly_injured
2020,3,Tue,3,52.54006842,13.41794439,afternoon,16,daylight,0,wet,1,5,3,1,1,0,0,0,0,3,slightly_injured
2020,11,Mon,2,52.51102923,13.2966543,morning,8,daylight,0,dry,0,3,6,1,0,0,0,0,0,3,slightly_injured
2020,9,Mon,2,52.50630542,13.36834502,afternoon,12,daylight,0,dry,0,5,2,1,1,0,0,0,0,3,slightly_injured
2020,8,Sat,7,52.45512674,13.38415321,afternoon,12,daylight,0,dry,0,0,6,0,1,0,1,0,0,3,slightly_injured
2020,3,Tue,3,52.50853395,13.25847321,afternoon,16,daylight,0,wet,1,6,4,0,0,1,1,0,0,2,seriously_injured
2020,10,Wed,4,52.57186536,13.39845245,afternoon,16,daylight,0,wet,1,3,6,1,1,0,0,0,0,3,slightly_injured
2020,8,Tue,3,52.37639752,13.4177712,morning,10,daylight,0,dry,0,2,6,0,1,0,0,0,0,3,slightly_injured
2020,7,Mon,2,52.46780092,13.49312729,afternoon,13,daylight,0,dry,0,5,3,1,1,0,0,0,0,3,slightly_injured
2020,5,Mon,2,52.51664897,13.17909154,afternoon,14,daylight,0,dry,0,5,2,1,1,0,0,0,0,3,slightly_injured
2020,6,Thu,5,52.50741598,13.36892736,evening,18,daylight,0,wet,1,5,2,1,1,0,0,0,0,3,slightly_injured
2020,11,Tue,3,52.53391715,13.43018999,afternoon,14,daylight,0,dry,0,1,5,1,0,0,0,0,1,3,slightly_injured
2020,3,Tue,3,52.46764916,13.38570945,afternoon,13,daylight,0,wet,1,2,6,0,1,0,0,0,1,3,slightly_injured
2020,9,Wed,4,52.48760942,13.46369185,afternoon,16,daylight,0,dry,0,0,6,0,1,0,0,0,1,3,slightly_injured
2020,11,Mon,2,52.48499376,13.3537236,afternoon,17,dark,2,dry,0,1,5,1,1,0,0,0,0,3,slightly_injured
2020,6,Sat,7,52.51131239,13.30092297,morning,10,daylight,0,dry,0,1,5,0,1,0,0,0,0,3,slightly_injured
2020,3,Tue,3,52.51590636,13.45227316,afternoon,12,daylight,0,wet,1,0,6,0,1,0,1,0,0,3,slightly_injured
2020,9,Wed,4,52.53997736,13.37015847,morning,9,daylight,0,dry,0,5,2,1,1,0,0,0,0,3,slightly_injured
2020,7,Thu,5,52.55803017,13.36526822,afternoon,16,daylight,0,dry,0,0,2,0,1,0,1,0,0,3,slightly_injured
2020,3,Tue,3,52.54380786,13.54226552,afternoon,12,daylight,0,wet,1,2,6,0,1,0,0,0,0,3,slightly_injured
2020,10,Wed,4,52.50934504,13.37575743,morning,8,daylight,0,dry,0,5,2,1,1,0,0,0,0,3,slightly_injured
2020,12,Thu,5,52.57434782,13.34764132,afternoon,13,daylight,0,wet,1,0,2,0,1,0,1,0,0,3,slightly_injured
2020,8,Thu,5,52.50508572,13.58139002,afternoon,16,daylight,0,dry,0,5,3,1,1,0,0,0,0,2,seriously_injured
2020,7,Mon,2,52.43495566,13.26070158,evening,20,daylight,0,wet,1,6,2,1,0,1,0,0,0,2,seriously_injured
2020,5,Fri,6,52.43246196,13.37716843,afternoon,16,daylight,0,dry,0,2,2,0,1,0,1,0,0,3,slightly_injured
2020,10,Tue,3,52.52107415,13.42001929,morning,8,daylight,0,dry,0,3,6,1,1,0,1,0,0,3,slightly_injured
2020,3,Mon,2,52.50977825,13.28446512,afternoon,16,daylight,0,dry,0,3,6,0,1,0,1,0,0,2,seriously_injured
2020,9,Sat,7,52.47282444,13.38558364,afternoon,17,daylight,0,dry,0,2,6,0,1,0,0,0,0,3,slightly_injured
2020,11,Fri,6,52.53790583,13.42842094,morning,11,daylight,0,dry,0,5,3,1,1,0,0,0,0,3,slightly_injured
2020,5,Thu,5,52.45272378,13.51522125,afternoon,13,daylight,0,dry,0,3,6,0,0,0,1,0,1,2,seriously_injured
2020,8,Thu,5,52.43359407,13.3777061,afternoon,14,daylight,0,dry,0,5,3,0,1,0,1,0,0,3,slightly_injured
2020,6,Fri,6,52.54575938,13.4449342,afternoon,13,daylight,0,dry,0,2,6,0,0,0,0,1,0,3,slightly_injured
2020,3,Mon,2,52.57271981,13.42882188,afternoon,16,daylight,0,wet,1,5,3,1,1,0,0,0,0,3,slightly_injured
2020,10,Fri,6,52.51841818,13.45358111,afternoon,12,daylight,0,dry,0,5,2,1,1,0,0,0,0,3,slightly_injured
2020,12,Tue,3,52.47857024,13.33979554,afternoon,15,dusk,1,dry,0,2,6,0,1,0,0,0,0,3,slightly_injured
2020,8,Sun,1,52.49881203,13.36245003,afternoon,17,daylight,0,dry,0,2,6,0,1,0,0,0,0,3,slightly_injured
2020,6,Mon,2,52.47803952,13.34488369,evening,23,dark,2,dry,0,9,1,0,1,0,0,0,0,2,seriously_injured
2020,3,Mon,2,52.48186198,13.34856278,morning,10,daylight,0,wet,1,5,2,1,0,0,0,0,1,3,slightly_injured
2020,10,Wed,4,52.4936225,13.46008705,morning,10,daylight,0,wet,1,2,6,0,1,0,0,0,1,3,slightly_injured
2020,3,Mon,2,52.50556396,13.36790852,morning,7,daylight,0,wet,1,6,4,0,0,1,0,0,1,3,slightly_injured
2020,9,Mon,2,52.55808839,13.36525699,afternoon,13,daylight,0,dry,0,5,3,1,1,0,0,0,0,3,slightly_injured
2020,11,Fri,6,52.51571404,13.45377342,afternoon,12,daylight,0,dry,0,5,2,1,0,0,0,0,1,3,slightly_injured
2020,9,Fri,6,52.51667678,13.38151246,morning,10,daylight,0,dry,0,2,6,1,0,0,0,0,1,3,slightly_injured
2020,8,Fri,6,52.51546252,13.3641656,evening,18,daylight,0,dry,0,3,6,1,0,0,0,0,1,3,slightly_injured
2020,7,Tue,3,52.55059625,13.36782799,evening,22,dark,2,wet,1,2,3,0,1,0,0,0,0,3,slightly_injured
2020,5,Sat,7,52.51868123,13.42752983,afternoon,17,daylight,0,dry,0,2,6,0,1,0,0,0,0,3,slightly_injured