ujahr,umonat,weekday,uwochentag,long,lat,time_of_day,ustunde,light_condition,ulichtverh,street_condition,ustrzustand,uart,utyp1,ist_rad,ist_pkw,ist_fuss,ist_krad,ist_gkfz,ist_sonstige,ukategorie,accident_outcome
2020,10,Tue,3,52.4532383,13.46199299,morning,7,daylight,0,dry,0,2,6,0,1,0,0,0,1,3,slightly_injured
2020,3,Sun,1,52.50925588,13.27057805,night,3,dark,2,wet,1,0,1,0,0,0,1,0,0,2,seriously_injured
2020,9,Sun,1,52.48931665,13.29832207,afternoon,15,daylight,0,dry,0,2,6,0,1,0,0,0,0,3,slightly_injured
2020,11,Mon,2,52.5900468,13.40171523,morning,10,daylight,0,dry,0,5,2,1,1,0,0,0,0,3,slightly_injured
2020,5,Thu,5,52.53909367,13.42405178,evening,18,daylight,0,dry,0,5,2,1,1,0,0,0,0,3,slightly_injured
2020,8,Thu,5,52.44216143,13.38651813,evening,18,daylight,0,dry,0,5,3,0,1,0,1,0,0,3,slightly_injured
2020,6,Sat,7,52.51383538,13.47412428,afternoon,12,daylight,0,dry,0,3,1,0,1,0,1,0,0,3,slightly_injured
2020,3,Sat,7,52.5251161,13.42013356,afternoon,14,daylight,0,dry,0,3,2,0,1,0,0,0,1,3,slightly_injured
2020,10,Fri,6,52.52813775,13.28266542,evening,19,dark,2,dry,0,2,6,0,1,0,0,0,0,3,slightly_injured
2020,12,Thu,5,52.51352331,13.28678244,morning,11,daylight,0,dry,0,2,6,0,1,0,0,0,0,3,slightly_injured
2020,8,Mon,2,52.55502908,13.41479391,morning,9,daylight,0,dry,0,5,2,1,1,0,0,0,0,2,seriously_injured
2020,7,Wed,4,52.5389469,13.42455101,night,0,dark,2,dry,0,9,1,0,0,0,1,0,0,1,killed
2020,3,Sat,7,52.53189865,13.4282835,night,1,dark,2,wet,1,2,2,1,1,0,0,0,0,3,slightly_injured
2020,10,Thu,5,52.49811615,13.28183625,afternoon,16,daylight,0,dry,0,2,6,0,1,0,0,0,0,3,slightly_injured
2020,3,Fri,6,52.60531379,13.32601167,evening,18,dark,2,wet,1,2,6,0,1,0,0,0,0,3,slightly_injured
2020,9,Tue,3,52.50376978,13.62434645,afternoon,15,daylight,0,dry,0,2,6,0,1,0,1,0,0,3,slightly_injured
2020,11,Sun,1,52.62413672,13.31236673,afternoon,14,daylight,0,dry,0,2,7,0,1,0,0,0,1,3,slightly_injured
2020,9,Fri,6,52.54711138,13.36934266,afternoon,17,daylight,0,dry,0,2,6,0,1,0,1,0,0,3,slightly_injured
2020,5,Thu,5,52.52513631,13.4195481,evening,18,daylight,0,dry,0,2,6,0,1,0,1,0,0,3,slightly_injured
2020,8,Sat,7,52.50216603,13.36489757,morning,11,daylight,0,wet,1,0,2,0,1,0,1,0,0,3,slightly_injured
2020,7,Tue,3,52.50994901,13.2821458,evening,18,daylight,0,dry,0,6,7,0,0,1,0,0,1,3,slightly_injured
2020,6,Tue,3,52.4909833,13.26273335,morning,10,daylight,0,dry,0,3,6,0,1,0,0,1,0,3,slightly_injured
2020,3,Fri,6,52.46376508,13.49919336,afternoon,17,dusk,1,wet,1,5,3,1,1,0,0,0,0,3,slightly_injured
2020,9,Sat,7,52.49403908,13.29016234,evening,21,dark,2,wet,1,9,1,0,1,0,0,0,0,3,slightly_injured
2020,12,Mon,2,52.47117684,13.23895074,morning,8,daylight,0,dry,0,0,6,0,1,0,0,0,0,3,slightly_injured
2020,6,Wed,4,52.50511541,13.44865276,morning,8,daylight,0,dry,0,6,4,1,0,1,0,0,0,2,seriously_injured
2020,3,Fri,6,52.43838173,13.27123669,afternoon,15,daylight,0,wet,1,8,1,1,1,0,0,0,0,3,slightly_injured
2020,11,Mon,2,52.48450403,13.47944869,morning,8,daylight,0,dry,0,5,3,1,0,0,0,1,0,3,slightly_injured
2020,9,Sat,7,52.51492379,13.35741351,evening,23,dark,2,dry,0,0,1,0,0,0,0,0,1,2,seriously_injured
2020,7,Fri,6,52.41972523,13.19167144,afternoon,17,daylight,0,dry,0,0,1,1,0,0,0,0,0,2,seriously_injured
2020,3,Fri,6,52.49614273,13.284061,afternoon,15,daylight,0,wet,1,2,6,0,1,0,0,0,0,3,slightly_injured
2020,10,Wed,4,52.46948207,13.38574131,morning,7,dusk,1,wet,1,0,2,0,0,0,0,1,1,3,slightly_injured
2020,8,Tue,3,52.47854039,13.12616314,afternoon,16,daylight,0,dry,0,5,3,0,1,0,0,0,0,3,slightly_injured
2020,7,Sun,1,52.54565376,13.44526919,night,2,dark,2,dry,0,0,1,0,0,0,0,0,1,3,slightly_injured
2020,5,Mon,2,52.51560059,13.45682183,afternoon,12,daylight,0,wet,1,0,6,0,1,0,1,0,0,3,slightly_injured
2020,6,Wed,4,52.50992382,13.51459095,afternoon,16,daylight,0,dry,0,3,6,0,1,0,1,0,0,2,seriously_injured
2020,11,Mon,2,52.50484708,13.44848499,morning,10,daylight,0,dry,0,0,1,1,0,0,0,0,0,3,slightly_injured
2020,3,Fri,6,52.55773042,13.41412184,morning,8,daylight,0,wet,1,5,2,1,1,0,0,0,0,3,slightly_injured
2020,9,Wed,4,52.56576462,13.30858562,evening,19,dusk,1,dry,0,2,6,0,0,0,1,0,1,2,seriously_injured
2020,11,Sat,7,52.52614039,13.44762019,afternoon,14,daylight,0,dry,0,3,6,1,1,0,0,0,0,3,slightly_injured
2020,6,Fri,6,52.53394245,13.29123451,afternoon,12,daylight,0,dry,0,2,6,0,1,0,0,0,0,3,slightly_injured
2020,3,Fri,6,52.51597529,13.45372747,afternoon,14,daylight,0,wet,1,5,2,1,0,0,0,0,1,3,slightly_injured
2020,9,Tue,3,52.45720816,13.50892394,morning,7,daylight,0,dry,0,2,6,0,1,0,0,0,1,3,slightly_injured
2020,7,Wed,4,52.51203865,13.32147797,evening,18,daylight,0,dry,0,4,6,1,0,0,0,0,0,3,slightly_injured
2020,3,Thu,5,52.4972165,13.38906258,evening,18,dark,2,dry,0,3,6,1,0,0,0,0,0,3,slightly_injured
2020,10,Wed,4,52.51095402,13.2860201,afternoon,15,daylight,0,wet,1,2,6,0,1,0,0,0,0,3,slightly_injured
2020,12,Wed,4,52.5194115,13.41232206,morning,10,daylight,0,wet,1,3,6,1,1,0,0,0,0,3,slightly_injured
2020,8,Wed,4,52.53488836,13.36395372,evening,18,daylight,0,dry,0,3,6,0,1,0,1,0,0,3,slightly_injured
2020,7,Mon,2,52.43505047,13.26019928,morning,11,daylight,0,dry,0,6,4,1,0,1,0,0,0,2,seriously_injured
2020,5,Thu,5,52.5572314,13.30890738,afternoon,16,daylight,0,dry,0,2,6,0,1,0,0,0,0,3,slightly_injured
2020,10,Mon,2,52.51608799,13.45198817,night,0,dark,2,dry,0,0,6,0,1,0,0,0,0,3,slightly_injured
2020,3,Thu,5,52.52798447,13.42366726,afternoon,15,daylight,0,dry,0,5,3,1,0,0,0,0,1,3,slightly_injured
2020,9,Fri,6,52.54576911,13.44495538,afternoon,16,daylight,0,dry,0,2,6,0,1,0,0,1,0,3,slightly_injured
2020,11,Wed,4,52.48320582,13.38605362,evening,18,dark,2,dry,0,5,2,1,1,0,0,0,0,3,slightly_injured
2020,5,Thu,5,52.50912134,13.21636639,morning,8,daylight,0,dry,0,2,6,0,1,0,0,0,0,3,slightly_injured
2020,8,Wed,4,52.57338003,13.35907162,morning,6,daylight,0,wet,1,5,2,1,1,0,0,0,0,3,slightly_injured
2020,6,Thu,5,52.54900534,13.45383608,morning,10,daylight,0,wet,1,0,7,0,1,0,1,0,0,3,slightly_injured
2020,5,Tue,3,52.49285934,13.45906227,afternoon,14,daylight,0,dry,0,5,2,1,0,0,0,0,1,2,seriously_injured
2020,3,Thu,5,52.49488726,13.38904608,afternoon,12,daylight,0,dry,0,2,6,0,1,0,0,0,0,3,slightly_injured
2020,10,Thu,5,52.57559747,13.39874379,morning,8,daylight,0,dry,0,5,3,1,1,0,0,0,0,3,slightly_injured
2020,12,Mon,2,52.54695947,13.44814382,afternoon,13,daylight,0,wet,1,3,6,1,0,0,0,1,0,3,slightly_injured
2020,8,Fri,6,52.43820241,13.19725083,afternoon,17,daylight,0,dry,0,2,6,0,1,0,0,0,0,3,slightly_injured
2020,6,Mon,2,52.56397561,13.36414131,afternoon,14,daylight,0,dry,0,6,4,1,0,1,0,0,0,3,slightly_injured
2020,3,Thu,5,52.55806978,13.36526058,morning,11,daylight,0,dry,0,5,3,0,1,0,1,0,0,2,seriously_injured
2020,10,Mon,2,52.51023167,13.28667329,afternoon,15,daylight,0,dry,0,0,7,1,1,0,0,0,0,3,slightly_injured
2020,3,Thu,5,52.57338366,13.42923416,morning,9,daylight,0,dry,0,5,3,1,1,0,0,0,0,3,slightly_injured
2020,11,Fri,6,52.51845136,13.45360497,evening,18,dark,2,dry,0,5,3,1,1,0,0,0,0,3,slightly_injured
2020,9,Thu,5,52.5752109,13.30266588,evening,20,dusk,1,dry,0,3,6,0,1,0,0,1,0,3,slightly_injured
2020,3,Thu,5,52.55057197,13.41372528,morning,9,daylight,0,dry,0,5,3,1,0,0,0,0,0,3,slightly_injured
2020,5,Thu,5,52.54562236,13.44463578,night,0,dark,2,dry,0,5,2,1,1,0,0,0,0,3,slightly_injured
2020,8,Thu,5,52.52495144,13.41994064,evening,18,daylight,0,dry,0,5,2,1,1,0,0,0,0,3,slightly_injured
2020,7,Sat,7,52.50949535,13.2145277,evening,21,dark,2,dry,0,0,1,1,0,0,0,0,0,3,slightly_injured
2020,6,Sat,7,52.48855942,13.29936002,evening,21,dusk,1,dry,0,3,6,0,1,0,0,0,0,3,slightly_injured
2020,3,Thu,5,52.49836034,13.36226393,morning,8,daylight,0,dry,0,3,6,1,1,0,0,0,0,3,slightly_injured
2020,9,Thu,5,52.58315704,13.34369441,night,5,dark,2,dry,0,5,3,0,1,0,1,0,0,2,seriously_injured
2020,12,Sat,7,52.53013776,13.53690312,afternoon,12,daylight,0,dry,0,5,7,0,1,0,0,0,0,3,slightly_injured
2020,6,Tue,3,52.49550036,13.28476096,morning,10,daylight,0,dry,0,3,6,0,1,0,0,0,0,3,slightly_injured
2020,3,Wed,4,52.50002355,13.28028235,afternoon,12,daylight,0,wet,1,2,6,0,0,0,0,1,1,3,slightly_injured
2020,9,Fri,6,52.51378283,13.34057156,afternoon,15,daylight,0,dry,0,1,7,0,1,0,0,0,1,3,slightly_injured
2020,7,Tue,3,52.48451132,13.47946399,afternoon,13,daylight,0,dry,0,5,3,1,1,0,0,0,0,3,slightly_injured
2020,3,Wed,4,52.54551746,13.44496926,morning,9,daylight,0,dry,0,5,2,0,1,0,0,0,1,3,slightly_injured
2020,10,Fri,6,52.47276982,13.36553616,afternoon,17,daylight,0,dry,0,2,6,0,1,0,0,0,0,3,slightly_injured
2020,8,Sun,1,52.41732974,13.39975524,evening,18,daylight,0,dry,0,5,7,0,1,0,0,0,0,3,slightly_injured
2020,7,Fri,6,52.490942,13.45882761,afternoon,14,daylight,0,wet,1,2,6,0,1,0,0,1,0,3,slightly_injured
2020,6,Tue,3,52.50989523,13.54021453,night,3,dark,2,dry,0,1,5,0,1,0,0,0,1,2,seriously_injured
2020,3,Wed,4,52.4887033,13.35883637,morning,9,daylight,0,dry,0,2,6,0,1,0,0,1,0,3,slightly_injured
2020,5,Wed,4,52.54120609,13.36855242,afternoon,15,daylight,0,dry,0,5,2,1,1,0,0,0,0,3,slightly_injured
2020,8,Fri,6,52.49218297,13.36087901,afternoon,14,daylight,0,dry,0,5,3,1,0,0,0,0,1,2,seriously_injured
2020,7,Tue,3,52.50893118,13.37093315,afternoon,12,daylight,0,dry,0,0,1,0,0,0,1,0,0,3,slightly_injured
2020,6,Sun,1,52.49815189,13.38868987,afternoon,13,daylight,0,dry,0,5,3,0,1,0,0,0,0,3,slightly_injured
2020,3,Wed,4,52.61403178,13.31641112,morning,9,daylight,0,dry,0,5,3,0,1,0,0,0,0,3,slightly_injured
2020,9,Fri,6,52.47396342,13.36237055,afternoon,15,daylight,0,dry,0,2,6,0,1,0,0,0,0,3,slightly_injured
2020,12,Mon,2,52.44176064,13.38666043,afternoon,14,daylight,0,wet,1,1,5,1,1,0,0,0,0,3,slightly_injured
2020,6,Wed,4,52.48176423,13.34830826,afternoon,15,daylight,0,dry,0,6,4,0,1,1,0,0,0,3,slightly_injured
2020,3,Wed,4,52.51189322,13.49341751,morning,8,daylight,0,dry,0,1,7,1,0,0,1,0,0,2,seriously_injured
2020,11,Thu,5,52.54591616,13.44527566,afternoon,13,daylight,0,dry,0,6,4,0,1,1,0,0,0,2,seriously_injured
2020,9,Sat,7,52.53219715,13.28625408,afternoon,16,daylight,0,dry,0,2,6,0,1,0,0,0,0,2,seriously_injured
2020,7,Thu,5,52.49753481,13.38925281,afternoon,15,daylight,0,dry,0,5,2,1,1,0,0,0,0,3,slightly_injured
2020,3,Wed,4,52.50990066,13.28140857,morning,7,daylight,0,dry,0,2,6,0,1,0,1,0,0,3,slightly_injured
2020,10,Sun,1,52.50858338,13.56149271,evening,20,dark,2,dry,0,5,2,0,1,0,0,0,0,3,slightly_injured
2020,8,Mon,2,52.55504787,13.42962614,morning,10,daylight,0,dry,0,3,6,0,0,0,1,1,0,2,seriously_injured
2020,7,Sat,7,52.38840667,13.40826629,afternoon,14,daylight,0,dry,0,5,7,1,1,0,0,0,0,3,slightly_injured
2020,6,Tue,3,52.5152859,13.45983579,afternoon,17,daylight,0,dry,0,0,7,1,0,0,0,0,0,3,slightly_injured
2020,10,Sat,7,52.55348101,13.55076535,evening,18,dark,2,wet,1,0,1,1,0,0,0,0,0,3,slightly_injured
2020,3,Tue,3,52.5637376,13.36418913,afternoon,17,dusk,1,dry,0,5,2,1,0,0,0,0,1,2,seriously_injured
2020,9,Tue,3,52.48777763,13.35773261,afternoon,14,daylight,0,dry,0,2,6,0,1,0,1,0,0,3,slightly_injured
2020,11,Fri,6,52.51890753,13.28310931,afternoon,17,dark,2,wet,1,2,6,0,1,0,0,0,0,3,slightly_injured
2020,6,Thu,5,52.57465789,13.48303578,afternoon,13,daylight,0,dry,0,5,2,1,1,0,0,0,0,3,slightly_injured
2020,3,Tue,3,52.48673762,13.46500113,afternoon,15,daylight,0,wet,1,0,2,0,1,0,0,0,1,2,seriously_injured
2020,8,Mon,2,52.48344017,13.38605581,afternoon,14,daylight,0,dry,0,2,6,0,1,0,0,0,1,3,slightly_injured
2020,7,Wed,4,52.5231789,13.45009468,morning,9,daylight,0,dry,0,6,7,1,0,1,0,0,0,3,slightly_injured
2020,6,Tue,3,52.48502186,13.35378484,evening,19,daylight,0,dry,0,1,5,1,1,0,0,0,0,3,slightly_injured
2020,3,Mon,2,52.44014144,13.38712811,night,5,dark,2,wet,1,6,2,0,1,1,0,0,0,3,slightly_injured
2020,10,Tue,3,52.4785331,13.126128,afternoon,14,daylight,0,dry,0,5,2,1,1,0,0,0,0,3,slightly_injured
2020,12,Tue,3,52.49407901,13.28861501,afternoon,15,daylight,0,wet,1,2,6,0,1,0,0,1,0,3,slightly_injured
2020,8,Wed,4,52.45601892,13.51061525,evening,18,daylight,0,dry,0,2,6,1,0,0,0,0,0,3,slightly_injured
2020,7,Sun,1,52.55059592,13.54802349,morning,8,daylight,0,dry,0,5,3,1,0,0,0,0,1,3,slightly_injured
2020,5,Wed,4,52.49924435,13.38056502,morning,9,daylight,0,dry,0,5,2,1,1,0,0,0,0,3,slightly_injured
2020,10,Mon,2,52.438125,13.38065599,morning,7,daylight,0,wet,1,2,6,0,1,0,0,1,0,3,slightly_injured
2020,3,Mon,2,52.51351287,13.4774516,morning,7,daylight,0,dry,0,8,1,0,0,0,1,0,0,2,seriously_injured
2020,9,Thu,5,52.51243441,13.32292579,afternoon,17,daylight,0,dry,0,2,6,0,1,0,0,0,0,3,slightly_injured
2020,11,Tue,3,52.56056534,13.36500662,afternoon,14,daylight,0,wet,1,6,7,0,1,1,0,0,0,2,seriously_injured
2020,5,Wed,4,52.41677333,13.1969231,morning,11,daylight,0,dry,0,2,6,0,1,0,0,0,0,3,slightly_injured
2020,8,Tue,3,52.41879643,13.152137,afternoon,13,daylight,0,dry,0,0,1,0,0,0,1,0,0,3,slightly_injured
2020,6,Thu,5,52.55135896,13.41387221,afternoon,17,daylight,0,wet,1,1,1,1,0,0,1,0,0,3,slightly_injured
2020,5,Tue,3,52.51323956,13.48010834,afternoon,12,daylight,0,dry,0,3,6,0,1,0,1,0,0,3,slightly_injured
2020,3,Mon,2,52.6245574,13.48708686,morning,7,daylight,0,wet,1,2,6,0,1,0,0,1,1,2,seriously_injured
2020,9,Wed,4,52.53758003,13.42859505,afternoon,16,daylight,0,dry,0,5,2,1,0,0,1,0,0,3,slightly_injured
2020,12,Sat,7,52.51504303,13.35930584,night,1,dark,2,dry,0,0,1,1,0,0,0,0,0,2,seriously_injured
2020,8,Thu,5,52.47857479,13.12629243,afternoon,15,daylight,0,dry,0,5,3,1,1,0,0,0,0,3,slightly_injured
2020,6,Sun,1,52.52196054,13.4084332,night,2,dark,2,dry,0,0,1,0,0,0,0,0,1,3,slightly_injured
2020,10,Mon,2,52.50263462,13.28114331,afternoon,17,dusk,1,dry,0,5,3,0,1,0,0,1,0,3,slightly_injured
2020,3,Mon,2,52.52524472,13.42028521,afternoon,13,daylight,0,dry,0,2,6,0,1,0,0,0,0,3,slightly_injured
2020,11,Thu,5,52.57440967,13.34764848,morning,8,daylight,0,dry,0,5,2,0,1,0,0,0,1,3,slightly_injured
2020,9,Tue,3,52.51807383,13.43103829,afternoon,15,daylight,0,dry,0,0,7,1,0,0,0,0,0,3,slightly_injured
2020,3,Sun,1,52.50989437,13.52523459,night,0,dark,2,wet,1,1,6,0,1,0,0,1,0,2,seriously_injured
2020,10,Sat,7,52.51241312,13.48827115,morning,11,daylight,0,dry,0,4,6,1,0,0,0,0,0,3,slightly_injured
2020,8,Thu,5,52.58722942,13.34056736,afternoon,13,daylight,0,dry,0,5,3,1,1,0,0,0,0,3,slightly_injured
2020,7,Thu,5,52.50036165,13.36333875,afternoon,13,daylight,0,wet,1,5,5,1,1,0,0,0,0,3,slightly_injured
2020,5,Sun,1,52.5158357,13.45376553,morning,11,daylight,0,dry,0,5,3,1,1,0,0,0,0,3,slightly_injured
2020,6,Fri,6,52.47057532,13.37411511,evening,18,daylight,0,dry,0,2,6,0,1,0,0,0,0,3,slightly_injured
2020,2,Sat,7,52.49924565,13.38055494,night,5,dark,2,wet,1,5,3,0,1,0,0,0,0,3,slightly_injured
2020,9,Thu,5,52.54575182,13.44491772,afternoon,16,daylight,0,dry,0,2,6,0,1,0,1,0,0,3,slightly_injured
2020,12,Wed,4,52.54119544,13.43864069,night,5,dark,2,wet,1,0,1,1,0,0,0,0,0,3,slightly_injured
2020,6,Tue,3,52.53909728,13.42403075,afternoon,15,daylight,0,dry,0,5,2,1,1,0,0,0,0,3,slightly_injured
2020,2,Sat,7,52.52319738,13.41069229,evening,19,dark,2,wet,1,3,6,1,1,0,0,0,0,2,seriously_injured
2020,9,Fri,6,52.54124168,13.43918035,morning,7,daylight,0,dry,0,5,2,1,1,0,0,0,0,3,slightly_injured
2020,7,Sun,1,52.38601036,13.41099632,night,0,dark,2,dry,0,0,1,1,0,0,0,0,0,3,slightly_injured
2020,2,Sat,7,52.55797126,13.36550149,afternoon,16,dusk,1,dry,0,5,3,0,1,0,0,0,0,2,seriously_injured
2020,10,Fri,6,52.444279,13.38611343,afternoon,15,daylight,0,dry,0,6,7,1,0,1,0,0,0,3,slightly_injured
2020,12,Wed,4,52.57441318,13.34774154,afternoon,12,daylight,0,dry,0,5,3,0,1,0,0,0,1,3,slightly_injured
2020,8,Sun,1,52.46076081,13.41723589,morning,10,daylight,0,dry,0,3,6,0,1,0,0,0,0,3,slightly_injured
2020,7,Thu,5,52.61825045,13.31523537,afternoon,16,daylight,0,wet,1,5,3,1,1,0,0,0,0,3,slightly_injured
2020,5,Sun,1,52.50979201,13.27973633,afternoon,13,daylight,0,wet,1,0,3,1,1,0,0,0,0,3,slightly_injured
2020,6,Mon,2,52.49666129,13.28366867,afternoon,14,daylight,0,dry,0,2,6,0,1,0,0,0,0,3,slightly_injured
2020,10,Wed,4,52.54553147,13.44500009,afternoon,16,dark,2,wet,1,2,6,0,1,0,0,0,0,3,slightly_injured
2020,2,Sat,7,52.52002106,13.4225741,afternoon,16,daylight,0,dry,0,4,6,1,0,0,0,0,1,3,slightly_injured
2020,9,Mon,2,52.47361985,13.35649294,afternoon,13,daylight,0,dry,0,5,3,0,1,0,0,1,0,3,slightly_injured
2020,11,Tue,3,52.50002348,13.37842759,morning,11,daylight,0,dry,0,0,7,1,0,0,0,0,0,3,slightly_injured
2020,6,Wed,4,52.55073994,13.41375375,morning,8,daylight,0,dry,0,5,2,1,1,0,0,0,0,3,slightly_injured
2020,8,Sat,7,52.46315817,13.44646995,evening,22,dark,2,dry,0,3,6,0,1,0,0,1,0,3,slightly_injured
2020,6,Mon,2,52.61821226,13.31527352,morning,8,daylight,0,dry,0,0,3,1,1,0,0,0,0,3,slightly_injured
2020,2,Sat,7,52.54012631,13.4188664,afternoon,13,daylight,0,dry,0,6,4,0,0,1,0,0,1,3,slightly_injured
2020,10,Sun,1,52.52937606,13.28348149,afternoon,13,daylight,0,dry,0,2,6,0,1,0,0,0,0,3,slightly_injured
2020,12,Fri,6,52.50495252,13.60641287,afternoon,14,daylight,0,dry,0,5,2,0,1,0,0,0,1,3,slightly_injured
2020,8,Tue,3,52.48971673,13.35948497,evening,18,daylight,0,dry,0,1,5,1,1,0,0,0,0,2,seriously_injured
2020,7,Thu,5,52.56514288,13.36371686,afternoon,16,daylight,0,dry,0,5,2,1,1,0,0,0,0,3,slightly_injured
2020,10,Fri,6,52.49808583,13.38900958,morning,11,daylight,0,dry,0,5,3,1,1,0,0,0,0,3,slightly_injured
2020,2,Fri,6,52.56376395,13.36440942,afternoon,15,daylight,0,dry,0,5,2,1,1,0,0,0,0,3,slightly_injured
2020,9,Wed,4,52.60805893,13.26094258,afternoon,14,daylight,0,dry,0,2,6,0,1,0,0,0,0,3,slightly_injured
2020,11,Mon,2,52.43482513,13.37829523,morning,6,dark,2,wet,1,0,6,0,1,0,1,0,0,3,slightly_injured
2020,10,Fri,6,52.56636948,13.40578156,morning,11,daylight,0,wet,1,2,6,0,1,0,0,0,0,3,slightly_injured
2020,2,Fri,6,52.50993235,13.28188965,afternoon,13,daylight,0,dry,0,5,2,0,1,0,0,0,0,3,slightly_injured
2020,9,Tue,3,52.51012061,13.28484072,evening,18,daylight,0,dry,0,5,2,0,1,0,0,0,0,3,slightly_injured
2020,11,Thu,5,52.55807966,13.36525867,afternoon,17,dark,2,wet,1,5,3,0,1,0,0,0,1,3,slightly_injured
2020,6,Wed,4,52.52208292,13.41619904,afternoon,15,daylight,0,dry,0,5,2,1,0,0,0,0,1,3,slightly_injured
2020,8,Sun,1,52.53414853,13.298615,evening,21,dark,2,wet,1,8,1,0,1,0,0,0,0,3,slightly_injured
2020,6,Tue,3,52.57938607,13.34660319,afternoon,16,daylight,0,dry,0,5,3,0,1,0,1,0,0,3,slightly_injured
2020,2,Fri,6,52.5287199,13.28278527,afternoon,12,daylight,0,dry,0,3,6,0,1,0,0,1,0,3,slightly_injured
2020,10,Mon,2,52.50960585,13.21399455,afternoon,16,daylight,0,wet,1,2,6,0,1,0,0,0,1,3,slightly_injured
2020,12,Sat,7,52.55767388,13.55439159,afternoon,13,daylight,0,wet,1,0,1,0,0,0,1,0,0,2,seriously_injured
2020,8,Tue,3,52.49777183,13.28222869,evening,19,daylight,0,dry,0,0,4,0,1,1,0,0,0,3,slightly_injured
2020,7,Fri,6,52.43939712,13.38262047,morning,6,daylight,0,dry,0,5,2,0,0,0,1,0,1,3,slightly_injured
2020,5,Tue,3,52.51125128,13.29999322,afternoon,14,daylight,0,dry,0,5,2,1,0,0,0,0,1,3,slightly_injured
2020,10,Sat,7,52.51297994,13.45304379,afternoon,15,daylight,0,dry,0,2,6,1,1,0,0,0,0,2,seriously_injured
2020,2,Fri,6,52.51020439,13.28623521,morning,9,daylight,0,dry,0,6,7,0,1,1,0,0,0,2,seriously_injured
2020,9,Wed,4,52.48765464,13.3578812,morning,10,daylight,0,dry,0,1,5,1,1,0,0,0,0,3,slightly_injured
2020,11,Mon,2,52.5069206,13.23244444,afternoon,14,daylight,0,dry,0,1,5,1,1,0,0,0,0,3,slightly_injured
2020,5,Wed,4,52.50749802,13.28383365,afternoon,16,daylight,0,dry,0,2,6,0,1,0,0,0,0,3,slightly_injured
2020,8,Tue,3,52.51175932,13.30777749,morning,7,daylight,0,dry,0,5,2,1,0,0,0,0,1,3,slightly_injured
2020,6,Wed,4,52.47282686,13.36541146,afternoon,15,daylight,0,dry,0,2,6,0,1,0,0,0,0,3,slightly_injured
2020,5,Tue,3,52.51133833,13.30131778,morning,8,daylight,0,dry,0,5,2,0,1,1,0,0,0,3,slightly_injured
2020,2,Fri,6,52.59221462,13.40251882,morning,8,daylight,0,dry,0,5,3,1,1,0,0,0,0,3,slightly_injured
2020,9,Wed,4,52.50496729,13.60420211,afternoon,13,daylight,0,dry,0,0,1,1,0,0,0,0,0,3,slightly_injured
2020,12,Fri,6,52.41852586,13.39871878,evening,18,dark,2,dry,0,6,7,0,1,1,0,0,0,3,slightly_injured
2020,8,Wed,4,52.51268968,13.48422987,morning,9,daylight,0,dry,0,5,2,1,1,0,0,0,0,2,seriously_injured
2020,6,Fri,6,52.50493857,13.28142861,morning,8,daylight,0,dry,0,3,6,0,1,0,0,1,0,3,slightly_injured
2020,10,Sat,7,52.53885173,13.36852964,afternoon,14,daylight,0,dry,0,5,7,0,1,0,0,0,0,3,slightly_injured
2020,2,Thu,5,52.47242898,13.38557419,morning,11,daylight,0,wet,1,2,6,0,1,0,0,1,0,3,slightly_injured
2020,11,Wed,4,52.5232435,13.41747238,afternoon,16,dark,2,dry,0,1,5,1,1,0,0,0,0,2,seriously_injured
2020,9,Tue,3,52.50583456,13.36808964,afternoon,16,daylight,0,dry,0,5,3,0,1,0,1,0,0,3,slightly_injured
2020,8,Mon,2,52.58305147,13.48330367,afternoon,15,daylight,0,dry,0,5,2,1,0,0,0,0,1,3,slightly_injured
2020,2,Wed,4,52.50488224,13.36735728,afternoon,17,daylight,0,dry,0,4,6,1,0,0,0,0,1,3,slightly_injured
2020,10,Fri,6,52.53729424,13.29413083,morning,10,daylight,0,dry,0,0,6,0,0,0,0,0,1,3,slightly_injured
2020,8,Wed,4,52.51464826,13.46616819,afternoon,15,daylight,0,dry,0,2,2,1,0,0,0,0,0,2,seriously_injured
2020,7,Wed,4,52.47383557,13.35743564,afternoon,12,daylight,0,wet,1,2,6,0,1,0,0,0,0,3,slightly_injured
2020,6,Fri,6,52.5253891,13.41982397,morning,9,daylight,0,dry,0,5,3,1,1,0,0,0,0,3,slightly_injured
2020,11,Thu,5,52.54147936,13.41199847,afternoon,13,daylight,0,dry,0,2,7,0,1,0,0,0,1,3,slightly_injured
2020,2,Wed,4,52.54115293,13.36876337,evening,18,dark,2,wet,1,6,2,0,1,1,0,0,0,3,slightly_injured
2020,9,Thu,5,52.51033996,13.28840795,evening,22,dark,2,dry,0,6,4,1,0,1,0,0,0,3,slightly_injured
2020,12,Tue,3,52.57462059,13.34766272,morning,10,daylight,0,dry,0,2,6,0,1,0,0,0,1,3,slightly_injured