ujahr,umonat,weekday,uwochentag,long,lat,time_of_day,ustunde,light_condition,ulichtverh,street_condition,ustrzustand,uart,utyp1,ist_rad,ist_pkw,ist_fuss,ist_krad,ist_gkfz,ist_sonstige,ukategorie,accident_outcome
2020,6,Mon,2,52.41914731,13.15545884,afternoon,17,daylight,0,dry,0,8,1,1,0,0,0,0,0,3,slightly_injured
2020,2,Wed,4,52.53996984,13.37017055,afternoon,15,daylight,0,dry,0,0,2,1,0,0,0,0,1,3,slightly_injured
2020,9,Thu,5,52.51143456,13.20490171,afternoon,17,daylight,0,dry,0,5,3,0,1,0,0,0,0,3,slightly_injured
2020,7,Fri,6,52.61598406,13.31732523,afternoon,16,daylight,0,dry,0,5,3,1,1,0,0,0,0,3,slightly_injured
2020,2,Wed,4,52.46776929,13.49317407,afternoon,14,daylight,0,dry,0,5,3,1,1,0,0,0,0,2,seriously_injured
2020,10,Thu,5,52.53514704,13.43555306,afternoon,13,daylight,0,dry,0,3,6,1,0,0,0,0,1,3,slightly_injured
2020,12,Tue,3,52.4200594,13.16418371,afternoon,14,daylight,0,dry,0,0,5,1,1,0,0,0,0,3,slightly_injured
2020,5,Wed,4,52.50511777,13.37210589,evening,18,daylight,0,dry,0,5,3,1,1,0,0,0,0,3,slightly_injured
2020,8,Sat,7,52.52818385,13.42354322,afternoon,15,daylight,0,dry,0,5,3,0,1,0,0,0,1,3,slightly_injured
2020,7,Wed,4,52.51092289,13.50289804,afternoon,14,daylight,0,dry,0,3,1,0,1,0,0,1,0,3,slightly_injured
2020,5,Sun,1,52.4880004,13.30034095,evening,23,dark,2,dry,0,0,1,1,0,0,0,0,0,2,seriously_injured
2020,10,Wed,4,52.51023126,13.52818794,morning,8,daylight,0,wet,1,8,1,0,0,0,1,0,0,3,slightly_injured
2020,2,Wed,4,52.4889439,13.38630348,evening,21,dark,2,wet,1,9,1,0,1,0,0,0,0,3,slightly_injured
2020,9,Sun,1,52.55033506,13.3023703,afternoon,13,daylight,0,dry,0,8,1,0,1,0,0,0,0,3,slightly_injured
2020,11,Mon,2,52.55457731,13.41485593,morning,7,daylight,0,dry,0,6,4,0,1,1,0,0,0,3,slightly_injured
2020,5,Wed,4,52.51132327,13.40167351,afternoon,17,daylight,0,dry,0,5,3,1,1,0,0,0,0,2,seriously_injured
2020,8,Fri,6,52.46645387,13.38550366,evening,20,dusk,1,dry,0,6,7,0,1,1,0,0,0,3,slightly_injured
2020,6,Sat,7,52.48422039,13.46872454,evening,18,dusk,1,wet,1,5,3,1,1,0,0,0,0,3,slightly_injured
2020,2,Wed,4,52.48009897,13.3857614,evening,20,dark,2,dry,0,5,3,0,1,0,0,0,0,3,slightly_injured
2020,10,Sat,7,52.51650632,13.44633391,evening,22,dark,2,dry,0,4,6,1,0,0,0,0,1,3,slightly_injured
2020,12,Thu,5,52.57076092,13.30542501,morning,6,dark,2,dry,0,2,6,0,1,0,0,0,0,3,slightly_injured
2020,8,Mon,2,52.49745632,13.38927231,morning,10,daylight,0,dry,0,5,2,1,0,0,0,0,1,3,slightly_injured
2020,7,Thu,5,52.53202831,13.3667723,morning,8,daylight,0,wet,1,0,6,0,0,0,1,0,1,3,slightly_injured
2020,2,Wed,4,52.5050415,13.37221503,evening,19,dark,2,wet,1,2,6,0,1,0,0,0,0,3,slightly_injured
2020,10,Thu,5,52.4532235,13.31475351,night,0,dark,2,dry,0,2,6,0,1,0,0,0,1,3,slightly_injured
2020,2,Wed,4,52.50934638,13.55334756,evening,18,dark,2,wet,1,5,2,1,1,0,0,0,0,3,slightly_injured
2020,9,Tue,3,52.562885,13.55828112,afternoon,12,daylight,0,dry,0,5,3,0,1,0,0,1,0,2,seriously_injured
2020,11,Sun,1,52.53956242,13.42254531,afternoon,13,daylight,0,dry,0,2,6,1,1,0,0,0,0,3,slightly_injured
2020,9,Fri,6,52.43917372,13.38161398,night,0,dark,2,dry,0,3,2,0,1,0,0,0,0,3,slightly_injured
2020,5,Wed,4,52.47228315,13.36696111,afternoon,17,daylight,0,dry,0,2,6,0,1,0,0,0,0,3,slightly_injured
2020,8,Sat,7,52.53045746,13.44307485,night,1,dark,2,dry,0,2,6,1,1,0,0,0,0,3,slightly_injured
2020,6,Tue,3,52.53993364,13.37022866,afternoon,16,daylight,0,dry,0,5,2,1,1,0,0,0,0,3,slightly_injured
2020,2,Tue,3,52.51702793,13.39136759,evening,22,dark,2,dry,0,2,6,0,1,0,0,0,0,3,slightly_injured
2020,9,Mon,2,52.57338117,13.35906727,evening,20,dark,2,dry,0,5,2,0,1,0,0,0,1,3,slightly_injured
2020,12,Tue,3,52.4847913,13.30446595,morning,9,daylight,0,dry,0,2,6,0,1,0,0,0,1,3,slightly_injured
2020,6,Wed,4,52.52625903,13.44753959,afternoon,12,daylight,0,dry,0,5,3,1,1,1,0,0,0,3,slightly_injured
2020,2,Tue,3,52.49095135,13.45881354,evening,21,dark,2,dry,0,2,6,0,1,0,0,0,0,3,slightly_injured
2020,11,Mon,2,52.51591276,13.4537493,evening,18,dark,2,dry,0,5,2,1,1,0,0,0,0,2,seriously_injured
2020,9,Sun,1,52.42066201,13.16841724,afternoon,17,daylight,0,dry,0,1,5,1,1,0,0,0,0,3,slightly_injured
2020,7,Fri,6,52.45339325,13.38444789,morning,11,daylight,0,dry,0,2,6,0,1,0,0,0,0,3,slightly_injured
2020,2,Tue,3,52.49462065,13.38905855,morning,11,daylight,0,wet,1,6,7,0,1,1,0,0,0,2,seriously_injured
2020,10,Wed,4,52.60042605,13.33153206,afternoon,14,daylight,0,wet,1,5,3,0,1,0,0,0,0,3,slightly_injured
2020,8,Tue,3,52.4649795,13.38551333,afternoon,14,daylight,0,dry,0,1,5,1,1,0,0,0,0,2,seriously_injured
2020,7,Mon,2,52.52863546,13.28296267,afternoon,15,daylight,0,dry,0,2,6,0,1,0,0,0,0,3,slightly_injured
2020,5,Sat,7,52.51622024,13.45064723,evening,23,dark,2,dry,0,5,3,1,1,0,0,0,0,3,slightly_injured
2020,6,Wed,4,52.43498619,13.26055659,evening,19,daylight,0,dry,0,5,3,1,0,0,0,0,0,3,slightly_injured
2020,11,Mon,2,52.52865863,13.28274297,evening,20,dark,2,dry,0,3,6,0,1,0,1,0,0,2,seriously_injured
2020,2,Tue,3,52.53621656,13.43258724,evening,18,dark,2,dry,0,6,4,1,0,1,0,0,0,3,slightly_injured
2020,9,Wed,4,52.44643139,13.29609794,afternoon,13,daylight,0,dry,0,1,5,1,1,0,0,0,0,3,slightly_injured
2020,11,Sat,7,52.46974207,13.38550606,afternoon,12,daylight,0,dry,0,3,6,0,1,0,0,0,0,3,slightly_injured
2020,5,Wed,4,52.52974337,13.42575716,afternoon,16,daylight,0,dry,0,3,6,1,0,0,0,0,0,3,slightly_injured
2020,8,Mon,2,52.50905938,13.55300565,afternoon,16,daylight,0,dry,0,0,2,1,1,0,0,0,0,3,slightly_injured
2020,6,Wed,4,52.41640045,13.40028135,morning,11,daylight,0,dry,0,3,6,0,1,0,1,0,0,3,slightly_injured
2020,2,Tue,3,52.45886474,13.50627257,afternoon,17,dusk,1,wet,1,5,2,1,1,0,0,0,0,3,slightly_injured
2020,9,Tue,3,52.56192406,13.42780316,morning,8,daylight,0,dry,0,2,6,0,1,0,0,0,1,3,slightly_injured
2020,12,Wed,4,52.51242355,13.32291989,afternoon,17,dusk,1,wet,1,5,2,0,1,0,0,0,0,3,slightly_injured
2020,8,Tue,3,52.47091918,13.37039626,afternoon,16,daylight,0,dry,0,0,1,0,1,0,1,0,0,3,slightly_injured
2020,6,Thu,5,52.54441454,13.44243358,afternoon,16,daylight,0,dry,0,6,7,1,0,1,0,0,0,3,slightly_injured
2020,10,Sat,7,52.4389981,13.38761144,afternoon,17,daylight,0,dry,0,2,6,0,1,0,0,0,0,3,slightly_injured
2020,2,Mon,2,52.53261638,13.53693454,night,5,dusk,1,wet,1,6,6,0,1,1,0,0,0,2,seriously_injured
2020,11,Tue,3,52.54551697,13.44496819,morning,10,daylight,0,dry,0,0,2,0,0,0,0,1,1,2,seriously_injured
2020,9,Mon,2,52.54693916,13.44809828,afternoon,14,daylight,0,dry,0,3,6,1,1,0,0,0,0,3,slightly_injured
2020,8,Sun,1,52.48571275,13.38605377,night,1,dark,2,dry,0,2,6,0,1,0,1,0,0,3,slightly_injured
2020,2,Mon,2,52.43939278,13.38259479,morning,7,daylight,0,dry,0,5,2,0,0,0,1,0,1,3,slightly_injured
2020,10,Thu,5,52.53671521,13.43388882,afternoon,15,daylight,0,wet,1,2,6,0,1,0,0,1,0,3,slightly_injured
2020,8,Tue,3,52.5402109,13.41702878,afternoon,14,daylight,0,dry,0,2,6,1,0,0,0,0,1,3,slightly_injured
2020,7,Tue,3,52.52702935,13.44721773,afternoon,13,daylight,0,dry,0,1,5,1,1,0,0,0,0,3,slightly_injured
2020,6,Thu,5,52.44981495,13.38509056,evening,18,daylight,0,wet,1,1,1,0,1,0,0,0,0,3,slightly_injured
2020,11,Wed,4,52.41692405,13.36610162,morning,6,dark,2,dry,0,6,4,0,1,1,0,0,0,3,slightly_injured
2020,2,Mon,2,52.51525271,13.46015358,evening,20,dusk,1,wet,1,5,3,1,1,0,0,0,0,3,slightly_injured
2020,9,Thu,5,52.49816686,13.38862893,morning,11,daylight,0,dry,0,5,2,1,1,0,0,0,0,3,slightly_injured
2020,11,Mon,2,52.57385609,13.30453523,morning,8,daylight,0,dry,0,3,6,0,1,0,0,1,0,3,slightly_injured
2020,6,Sun,1,52.4222037,13.20035745,morning,9,daylight,0,dry,0,4,6,1,0,0,0,0,0,2,seriously_injured
2020,2,Mon,2,52.43107425,13.19200066,evening,19,dark,2,wet,1,2,6,0,1,0,0,0,0,3,slightly_injured
2020,9,Wed,4,52.54396318,13.41259523,afternoon,15,daylight,0,wet,1,1,5,1,1,0,0,0,0,3,slightly_injured
2020,7,Thu,5,52.5142319,13.47031863,evening,21,dusk,1,dry,0,1,5,0,1,0,1,0,0,3,slightly_injured
2020,2,Mon,2,52.49465496,13.28563852,afternoon,15,daylight,0,dry,0,3,6,0,1,0,0,1,0,3,slightly_injured
2020,10,Wed,4,52.49716995,13.1511337,morning,10,daylight,0,dry,0,0,7,0,1,0,0,0,1,3,slightly_injured
2020,12,Fri,6,52.51355977,13.47700011,afternoon,17,dark,2,wet,1,6,4,1,0,1,0,0,0,3,slightly_injured
2020,8,Thu,5,52.60785512,13.32381694,morning,11,daylight,0,dry,0,2,6,0,1,0,0,0,0,3,slightly_injured
2020,7,Tue,3,52.50506058,13.59340801,evening,18,daylight,0,dry,0,2,6,0,1,0,0,0,0,2,seriously_injured
2020,5,Sat,7,52.47357897,13.35426256,afternoon,13,daylight,0,dry,0,8,1,0,1,0,0,0,0,3,slightly_injured
2020,10,Tue,3,52.50302219,13.28088894,afternoon,17,dark,2,dry,0,3,6,0,1,0,0,0,1,3,slightly_injured
2020,2,Sun,1,52.49767469,13.388632,afternoon,16,dark,2,wet,1,2,6,0,1,0,0,0,0,3,slightly_injured
2020,9,Sun,1,52.51274405,13.40403644,evening,20,dusk,1,dry,0,2,6,0,1,0,0,0,0,3,slightly_injured
2020,11,Mon,2,52.45959049,13.50549508,afternoon,15,daylight,0,dry,0,2,6,0,1,0,0,0,0,3,slightly_injured
2020,5,Wed,4,52.50716165,13.22611069,afternoon,15,daylight,0,dry,0,1,1,1,0,0,0,1,0,2,seriously_injured
2020,8,Thu,5,52.51421055,13.34680652,afternoon,16,daylight,0,dry,0,2,6,0,1,0,0,0,0,3,slightly_injured
2020,6,Fri,6,52.50679776,13.56712165,morning,10,daylight,0,dry,0,2,6,0,1,0,0,1,0,3,slightly_injured
2020,2,Sun,1,52.5167589,13.40919283,afternoon,17,dark,2,wet,1,5,3,0,1,0,0,0,0,3,slightly_injured
2020,10,Fri,6,52.4216206,13.3973313,afternoon,16,daylight,0,dry,0,5,3,1,1,0,0,0,0,3,slightly_injured
2020,12,Tue,3,52.53974491,13.37010734,night,0,dark,2,dry,0,2,6,0,1,0,0,0,0,3,slightly_injured
2020,8,Sun,1,52.56900195,13.36168942,night,0,dark,2,dry,0,6,7,1,0,1,0,0,0,3,slightly_injured
2020,6,Tue,3,52.51675969,13.40919377,evening,22,dark,2,dry,0,5,3,0,1,0,0,0,0,3,slightly_injured
2020,2,Sat,7,52.54147136,13.43944611,evening,20,dark,2,dry,0,3,6,0,1,0,0,0,0,3,slightly_injured
2020,10,Thu,5,52.49674274,13.36157719,afternoon,14,daylight,0,dry,0,1,5,1,1,0,0,0,0,3,slightly_injured
2020,2,Sat,7,52.5486852,13.45234995,evening,19,dark,2,wet,1,6,4,0,0,1,0,0,1,3,slightly_injured
2020,9,Mon,2,52.51242983,13.32297127,afternoon,17,daylight,0,dry,0,5,2,0,1,0,1,0,0,3,slightly_injured
2020,11,Sat,7,52.53429013,13.36454332,evening,23,dark,2,dry,0,6,7,0,1,1,0,0,0,2,seriously_injured
2020,9,Fri,6,52.51882016,13.28276935,afternoon,12,daylight,0,dry,0,2,6,0,0,0,0,1,1,2,seriously_injured
2020,2,Sat,7,52.56368314,13.36420008,evening,19,dark,2,wet,1,6,2,0,1,1,0,0,0,3,slightly_injured
2020,5,Tue,3,52.54857845,13.36901738,afternoon,13,daylight,0,dry,0,3,6,0,1,0,0,0,0,3,slightly_injured
2020,8,Sat,7,52.50989961,13.28139242,morning,10,daylight,0,wet,1,2,6,0,1,0,0,0,0,3,slightly_injured
2020,7,Tue,3,52.53225673,13.28633068,evening,19,daylight,0,dry,0,2,6,0,1,0,0,0,0,3,slightly_injured
2020,6,Mon,2,52.56129549,13.46788816,afternoon,15,daylight,0,dry,0,2,6,1,0,0,0,0,0,3,slightly_injured
2020,2,Fri,6,52.57402703,13.35028517,evening,20,dark,2,dry,0,1,5,0,1,0,0,0,0,2,seriously_injured
2020,9,Sat,7,52.61804814,13.25134755,morning,10,daylight,0,wet,1,8,1,0,1,0,0,0,0,3,slightly_injured
2020,12,Mon,2,52.49849077,13.38731043,night,2,dark,2,dry,0,3,6,1,0,0,0,0,0,3,slightly_injured
2020,6,Wed,4,52.51545936,13.45817459,morning,11,daylight,0,dry,0,2,6,1,0,0,0,0,0,3,slightly_injured
2020,2,Fri,6,52.51926778,13.40326956,evening,18,daylight,0,dry,0,5,5,0,1,0,0,0,0,3,slightly_injured
2020,11,Fri,6,52.53998353,13.37014858,afternoon,13,daylight,0,wet,1,0,7,0,0,0,1,0,0,3,slightly_injured
2020,9,Sat,7,52.51246954,13.32294487,evening,18,daylight,0,dry,0,5,2,0,1,0,1,0,0,3,slightly_injured
2020,7,Fri,6,52.51908975,13.45242538,afternoon,12,daylight,0,dry,0,3,6,1,0,0,0,0,0,2,seriously_injured
2020,2,Fri,6,52.58937421,13.28957478,afternoon,13,daylight,0,dry,0,2,6,0,1,0,0,0,0,3,slightly_injured
2020,10,Mon,2,52.49148962,13.45800355,evening,22,dark,2,dry,0,3,6,0,1,0,1,0,0,3,slightly_injured
2020,8,Mon,2,52.51432092,13.1756041,afternoon,15,daylight,0,dry,0,2,6,0,1,0,0,0,0,3,slightly_injured
2020,7,Sun,1,52.52631697,13.44794967,evening,21,daylight,0,dry,0,5,2,1,1,0,0,0,0,3,slightly_injured
2020,6,Wed,4,52.51436734,13.46744374,afternoon,13,daylight,0,dry,0,3,6,1,1,0,0,0,0,3,slightly_injured
2020,11,Sun,1,52.55807764,13.36525906,afternoon,13,daylight,0,wet,1,5,3,0,1,0,0,0,0,3,slightly_injured
2020,2,Fri,6,52.5651798,13.36350669,morning,10,daylight,0,wet,1,5,3,0,1,0,0,1,0,3,slightly_injured
2020,9,Tue,3,52.61855745,13.39057506,afternoon,17,daylight,0,dry,0,2,7,1,0,0,1,0,0,3,slightly_injured
2020,11,Sat,7,52.55893691,13.41300525,evening,20,dark,2,dry,0,2,6,0,1,0,0,0,1,3,slightly_injured
2020,6,Thu,5,52.50859037,13.25941266,afternoon,15,daylight,0,dry,0,4,6,0,1,0,0,0,1,3,slightly_injured
2020,2,Fri,6,52.42380666,13.39574825,afternoon,12,daylight,0,dry,0,0,6,1,1,0,0,0,0,3,slightly_injured
2020,8,Mon,2,52.51070399,13.394757,evening,18,daylight,0,dry,0,2,6,0,1,0,0,0,0,3,slightly_injured
2020,7,Wed,4,52.51086212,13.29697658,afternoon,14,daylight,0,dry,0,3,6,1,0,0,1,0,0,3,slightly_injured
2020,2,Fri,6,52.50247348,13.44772363,morning,6,dark,2,wet,1,5,3,1,1,0,0,0,0,3,slightly_injured
2020,10,Tue,3,52.51063562,13.29323686,morning,9,daylight,0,dry,0,3,6,0,1,0,0,0,0,3,slightly_injured
2020,12,Tue,3,52.51174628,13.30752915,afternoon,12,daylight,0,dry,0,5,7,0,1,0,0,0,0,3,slightly_injured
2020,8,Wed,4,52.47854284,13.12617614,afternoon,16,daylight,0,dry,0,5,2,1,1,0,0,0,0,3,slightly_injured
2020,7,Mon,2,52.51378742,13.47326423,morning,9,daylight,0,dry,0,5,2,1,1,0,0,0,0,3,slightly_injured
2020,5,Thu,5,52.46896893,13.38549136,morning,7,daylight,0,dry,0,0,5,0,0,0,1,0,1,3,slightly_injured
2020,10,Mon,2,52.47067615,13.38552685,morning,8,daylight,0,wet,1,2,6,0,1,0,0,0,1,3,slightly_injured
2020,2,Thu,5,52.51675108,13.40918341,evening,23,dark,2,wet,1,5,2,0,1,0,0,0,0,3,slightly_injured
2020,9,Thu,5,52.52960206,13.44400486,night,2,dark,2,dry,0,2,6,1,1,0,0,0,0,3,slightly_injured
2020,11,Wed,4,52.54914451,13.3688243,afternoon,16,daylight,0,dry,0,6,7,0,0,1,0,0,1,2,seriously_injured
2020,5,Tue,3,52.49838143,13.38775549,evening,21,dusk,1,dry,0,0,1,1,0,0,0,0,0,3,slightly_injured
2020,8,Tue,3,52.50508923,13.59091864,afternoon,14,daylight,0,dry,0,5,2,1,1,0,0,0,0,3,slightly_injured
2020,6,Thu,5,52.5356882,13.36315918,afternoon,17,daylight,0,dry,0,0,2,1,1,0,0,0,0,3,slightly_injured
2020,6,Fri,6,52.44704371,13.38559653,afternoon,15,daylight,0,dry,0,2,6,0,1,0,0,0,0,3,slightly_injured
2020,2,Thu,5,52.61236925,13.31596572,night,0,dark,2,wet,1,3,6,0,1,0,0,0,0,3,slightly_injured
2020,9,Tue,3,52.50086943,13.27559073,afternoon,15,daylight,0,dry,0,2,6,0,1,0,0,0,1,2,seriously_injured
2020,7,Thu,5,52.41379324,13.10538185,afternoon,13,daylight,0,dry,0,1,7,0,1,0,0,0,0,3,slightly_injured
2020,2,Thu,5,52.52661995,13.4472111,evening,21,dark,2,dry,0,2,6,0,1,0,0,0,0,3,slightly_injured
2020,10,Wed,4,52.50683915,13.2277991,afternoon,16,daylight,0,wet,1,3,6,0,1,0,1,0,0,2,seriously_injured
2020,12,Wed,4,52.51710283,13.40905951,afternoon,16,dark,2,wet,1,5,3,0,1,0,0,0,0,3,slightly_injured
2020,8,Thu,5,52.42306405,13.20228849,afternoon,13,daylight,0,dry,0,5,3,1,1,0,0,0,0,3,slightly_injured
2020,7,Mon,2,52.5047725,13.61613615,afternoon,17,daylight,0,dry,0,2,6,0,1,0,0,0,0,3,slightly_injured
2020,5,Fri,6,52.46955376,13.38549807,afternoon,16,daylight,0,dry,0,3,2,0,1,0,0,1,0,3,slightly_injured
2020,10,Mon,2,52.62741682,13.47933584,evening,20,dark,2,wet,1,8,1,0,1,0,0,1,0,2,seriously_injured
2020,2,Thu,5,52.50142319,13.36425501,evening,18,dusk,1,wet,1,6,4,1,0,1,0,0,0,2,seriously_injured
2020,9,Sat,7,52.49628263,13.3613823,night,0,dark,2,dry,0,1,5,0,1,0,0,0,1,3,slightly_injured
2020,11,Thu,5,52.46303633,13.447289,evening,18,dark,2,wet,1,2,6,0,1,0,0,1,0,3,slightly_injured
2020,5,Tue,3,52.45103668,13.38488859,evening,19,dusk,1,dry,0,1,5,1,1,0,0,0,0,3,slightly_injured
2020,8,Wed,4,52.54097067,13.36890551,evening,18,daylight,0,wet,1,2,6,0,1,0,0,0,0,3,slightly_injured
2020,6,Fri,6,52.54089689,13.4135442,morning,10,daylight,0,dry,0,3,6,1,0,0,0,0,0,3,slightly_injured
2020,2,Thu,5,52.62439779,13.31229371,evening,18,dark,2,wet,1,5,3,1,1,0,0,0,0,3,slightly_injured
2020,10,Thu,5,52.50019765,13.45589692,afternoon,14,daylight,0,dry,0,0,6,0,0,0,1,0,1,2,seriously_injured
2020,12,Tue,3,52.52036244,13.42232046,afternoon,14,daylight,0,dry,0,6,4,1,0,1,0,0,0,3,slightly_injured
2020,8,Sat,7,52.51134398,13.30140368,afternoon,14,daylight,0,dry,0,5,2,0,1,0,1,0,0,3,slightly_injured
2020,6,Mon,2,52.59168399,13.40236519,evening,19,daylight,0,dry,0,5,2,1,1,0,0,0,0,3,slightly_injured
2020,2,Wed,4,52.53928847,13.36928595,evening,19,dark,2,wet,1,5,5,0,1,0,0,0,0,3,slightly_injured
2020,10,Wed,4,52.51525052,13.46017461,night,4,dark,2,wet,1,5,2,0,1,0,0,0,0,2,seriously_injured
2020,2,Wed,4,52.5047955,13.60982932,evening,18,dark,2,wet,1,2,6,0,1,0,0,0,0,3,slightly_injured
2020,9,Sun,1,52.5093259,13.55387092,evening,19,dusk,1,dry,0,2,6,0,1,0,1,0,0,2,seriously_injured
2020,11,Fri,6,52.45416576,13.51309752,morning,8,daylight,0,dry,0,5,2,1,1,0,0,0,0,2,seriously_injured
2020,9,Thu,5,52.51088051,13.29724952,morning,11,daylight,0,dry,0,6,4,0,1,1,0,0,0,3,slightly_injured
2020,2,Wed,4,52.51942544,13.41235264,afternoon,16,daylight,0,dry,0,5,2,1,0,0,0,0,1,3,slightly_injured
2020,5,Tue,3,52.55796995,13.36550176,evening,18,daylight,0,dry,0,5,3,0,1,0,0,0,0,3,slightly_injured
2020,8,Fri,6,52.57449384,13.34765472,afternoon,15,daylight,0,dry,0,5,2,1,0,0,0,1,0,1,killed
2020,7,Mon,2,52.63311366,13.44832687,morning,6,daylight,0,dry,0,8,1,0,0,0,0,1,0,3,slightly_injured
2020,6,Sun,1,52.40727677,13.40546943,night,0,dark,2,dry,0,0,1,1,0,0,0,0,0,3,slightly_injured
2020,2,Wed,4,52.50925364,13.28501971,afternoon,16,daylight,0,dry,0,2,6,0,1,0,0,0,0,3,slightly_injured
2020,9,Fri,6,52.50511131,13.37198973,morning,9,daylight,0,wet,1,5,2,0,1,0,0,0,0,3,slightly_injured
2020,12,Sun,1,52.50627802,13.36832972,morning,10,daylight,0,dry,0,5,2,1,1,0,0,0,0,3,slightly_injured
2020,6,Wed,4,52.47399227,13.35827839,afternoon,13,daylight,0,dry,0,2,6,0,1,0,1,0,0,3,slightly_injured
2020,2,Wed,4,52.51157466,13.30787154,morning,7,daylight,0,wet,1,2,6,0,1,0,0,0,0,3,slightly_injured
2020,11,Thu,5,52.61860501,13.39055023,morning,7,daylight,0,dry,0,0,2,1,1,0,0,0,0,3,slightly_injured
2020,9,Sat,7,52.42080292,13.17209557,afternoon,14,daylight,0,dry,0,5,7,0,1,0,0,0,0,3,slightly_injured
2020,7,Wed,4,52.47883999,13.3543864,afternoon,17,daylight,0,dry,0,2,6,0,1,0,1,0,0,3,slightly_injured
2020,2,Wed,4,52.43817344,13.27118073,afternoon,12,daylight,0,wet,1,2,6,0,1,0,0,0,1,3,slightly_injured
2020,10,Sat,7,52.53927339,13.42430956,night,0,dark,2,wet,1,5,3,1,1,0,0,0,0,3,slightly_injured
2020,8,Mon,2,52.50860316,13.25966486,morning,10,daylight,0,dry,0,2,6,0,1,0,0,0,0,3,slightly_injured
2020,7,Fri,6,52.46332805,13.44816963,evening,20,dusk,1,dry,0,2,6,0,1,0,0,0,0,3,slightly_injured
2020,5,Sat,7,52.47795429,13.32336922,evening,22,dark,2,dry,0,2,6,0,1,0,0,0,0,3,slightly_injured
2020,6,Tue,3,52.59810479,13.33243377,morning,11,daylight,0,dry,0,3,6,0,1,0,0,0,0,3,slightly_injured
2020,10,Sat,7,52.5127927,13.32353073,afternoon,13,daylight,0,wet,1,0,6,0,1,0,1,0,0,3,slightly_injured
2020,2,Wed,4,52.59473358,13.4030984,morning,9,daylight,0,wet,1,6,7,0,1,1,0,0,0,3,slightly_injured
2020,9,Tue,3,52.54905215,13.41345914,morning,11,daylight,0,dry,0,6,7,0,1,1,0,0,0,3,slightly_injured
2020,11,Fri,6,52.47794863,13.32436911,afternoon,17,dark,2,wet,1,2,6,0,1,0,0,0,0,3,slightly_injured
2020,6,Thu,5,52.51140568,13.40140814,night,4,daylight,0,dry,0,2,6,0,1,0,1,0,0,3,slightly_injured
2020,8,Mon,2,52.52656673,13.44726724,afternoon,12,daylight,0,dry,0,2,6,0,1,0,0,1,0,3,slightly_injured
2020,6,Tue,3,52.498533,13.36233507,afternoon,17,daylight,0,dry,0,2,6,1,0,0,0,0,0,3,slightly_injured
2020,2,Tue,3,52.56209533,13.42754115,evening,19,dark,2,dry,0,6,7,1,0,1,0,0,0,2,seriously_injured
2020,10,Mon,2,52.44960285,13.30417084,afternoon,17,daylight,0,dry,0,5,2,1,1,0,0,0,0,3,slightly_injured
2020,12,Mon,2,52.57150743,13.36037881,morning,7,daylight,0,wet,1,5,3,1,1,0,0,0,0,3,slightly_injured
2020,8,Wed,4,52.55767052,13.41375441,morning,8,daylight,0,dry,0,5,2,1,1,0,0,0,0,2,seriously_injured
2020,7,Sun,1,52.50192528,13.44977149,evening,22,dark,2,wet,1,0,1,0,0,0,1,0,0,3,slightly_injured
2020,5,Tue,3,52.54093216,13.41329614,evening,19,daylight,0,dry,0,2,6,0,1,0,0,0,0,3,slightly_injured
2020,10,Sun,1,52.50910006,13.16889364,evening,20,dark,2,dry,0,9,1,0,0,0,1,0,0,2,seriously_injured
2020,2,Tue,3,52.48021701,13.35222318,afternoon,14,daylight,0,wet,1,2,6,0,1,0,0,0,0,3,slightly_injured
2020,9,Thu,5,52.45322171,13.31474781,afternoon,15,daylight,0,dry,0,3,6,0,0,0,1,0,0,3,slightly_injured
2020,11,Tue,3,52.50869877,13.26146539,afternoon,13,daylight,0,dry,0,2,6,0,1,0,0,0,0,3,slightly_injured
2020,5,Tue,3,52.51750008,13.43647061,afternoon,17,daylight,0,dry,0,5,3,1,1,0,0,0,0,3,slightly_injured
2020,8,Tue,3,52.51161784,13.30558849,evening,18,daylight,0,dry,0,3,6,0,1,0,1,0,0,3,slightly_injured
2020,6,Thu,5,52.4736858,13.35671996,morning,11,daylight,0,wet,1,2,3,0,1,0,0,0,1,2,seriously_injured
2020,5,Mon,2,52.56372488,13.36419169,morning,11,daylight,0,dry,0,5,3,1,1,0,0,0,0,3,slightly_injured
2020,2,Tue,3,52.4789971,13.35416196,morning,8,daylight,0,wet,1,5,2,0,1,0,0,0,0,3,slightly_injured
2020,9,Wed,4,52.41738245,13.19691824,afternoon,15,daylight,0,dry,0,0,7,0,1,0,0,0,0,3,slightly_injured
2020,12,Fri,6,52.54165774,13.43966177,afternoon,12,daylight,0,dry,0,1,7,0,1,0,0,0,0,3,slightly_injured
2020,8,Wed,4,52.57243121,13.30534305,afternoon,12,daylight,0,dry,0,3,6,0,1,0,0,1,0,2,seriously_injured
2020,6,Sat,7,52.56897442,13.36170382,morning,10,daylight,0,dry,0,0,1,0,0,0,1,0,0,3,slightly_injured