ujahr,umonat,weekday,uwochentag,long,lat,time_of_day,ustunde,light_condition,ulichtverh,street_condition,ustrzustand,uart,utyp1,ist_rad,ist_pkw,ist_fuss,ist_krad,ist_gkfz,ist_sonstige,ukategorie,accident_outcome
2020,10,Sun,1,52.40719177,13.35778264,afternoon,12,daylight,0,wet,1,6,4,0,1,1,0,0,0,3,slightly_injured
2020,2,Tue,3,52.47849699,13.33901828,morning,8,daylight,0,wet,1,2,2,0,1,0,0,1,0,2,seriously_injured
2020,11,Wed,4,52.54596837,13.29902526,evening,18,dark,2,dry,0,2,6,0,1,0,0,0,0,3,slightly_injured
2020,9,Tue,3,52.49467478,13.46170655,evening,18,daylight,0,dry,0,2,6,1,1,0,0,0,0,3,slightly_injured
2020,8,Mon,2,52.51899836,13.28287737,afternoon,16,daylight,0,dry,0,2,6,0,1,0,0,0,1,3,slightly_injured
2020,2,Tue,3,52.51651261,13.1788817,evening,22,dark,2,dry,0,6,2,0,1,1,0,0,0,2,seriously_injured
2020,10,Fri,6,52.43325441,13.39073278,afternoon,17,daylight,0,dry,0,2,6,0,1,0,0,0,0,2,seriously_injured
2020,8,Wed,4,52.54115526,13.43859306,evening,19,daylight,0,dry,0,5,2,1,1,0,0,0,0,3,slightly_injured
2020,7,Thu,5,52.62236182,13.31289805,afternoon,17,daylight,0,dry,0,5,2,0,1,0,1,0,0,2,seriously_injured
2020,6,Fri,6,52.43158667,13.39131239,afternoon,15,daylight,0,dry,0,1,5,0,0,0,0,0,1,3,slightly_injured
2020,2,Tue,3,52.5392618,13.4243583,evening,19,dusk,1,dry,0,0,2,1,0,0,0,0,0,3,slightly_injured
2020,9,Thu,5,52.52221815,13.41644153,afternoon,16,daylight,0,dry,0,3,2,0,1,0,0,0,1,3,slightly_injured
2020,12,Wed,4,52.50508545,13.58133122,afternoon,15,daylight,0,dry,0,5,2,1,0,0,0,1,0,3,slightly_injured
2020,6,Mon,2,52.4531829,13.3146247,morning,10,daylight,0,dry,0,5,2,1,1,0,0,0,0,3,slightly_injured
2020,5,Sun,1,52.54385651,13.44220737,evening,18,daylight,0,dry,0,2,6,0,1,0,0,0,0,3,slightly_injured
2020,2,Tue,3,52.49908476,13.3625624,afternoon,17,dusk,1,dry,0,2,6,0,1,0,0,0,0,3,slightly_injured
2020,10,Thu,5,52.48350119,13.30631729,morning,6,daylight,0,dry,0,3,6,0,1,0,0,1,0,3,slightly_injured
2020,12,Sun,1,52.55801873,13.36549182,evening,21,dark,2,dry,0,5,3,1,1,0,0,0,0,3,slightly_injured
2020,8,Thu,5,52.41335541,13.09748979,afternoon,16,daylight,0,dry,0,0,1,1,0,0,0,0,0,2,seriously_injured
2020,6,Mon,2,52.54111107,13.36833544,afternoon,16,daylight,0,dry,0,2,2,0,1,0,0,0,0,3,slightly_injured
2020,2,Tue,3,52.50985596,13.38181415,afternoon,12,daylight,0,wet,1,5,7,0,1,0,0,0,0,3,slightly_injured
2020,10,Mon,2,52.50782526,13.22280198,morning,11,daylight,0,wet,1,6,7,0,1,1,0,0,0,3,slightly_injured
2020,2,Mon,2,52.50516793,13.58339032,afternoon,13,daylight,0,dry,0,2,6,0,1,0,0,0,1,3,slightly_injured
2020,11,Fri,6,52.51248301,13.31877689,afternoon,17,dark,2,dry,0,6,4,1,0,1,0,0,0,2,seriously_injured
2020,9,Thu,5,52.51000008,13.28038493,afternoon,16,daylight,0,dry,0,5,2,0,1,0,1,0,0,3,slightly_injured
2020,2,Mon,2,52.57637213,13.39844548,morning,6,dark,2,dry,0,2,6,0,1,0,0,0,1,3,slightly_injured
2020,8,Thu,5,52.51279834,13.48445849,afternoon,15,daylight,0,dry,0,5,2,1,1,0,0,0,0,3,slightly_injured
2020,7,Fri,6,52.4896712,13.38622819,night,5,dusk,1,dry,0,0,6,0,1,0,1,0,0,3,slightly_injured
2020,6,Fri,6,52.46725051,13.39476811,afternoon,16,daylight,0,dry,0,2,6,0,1,0,0,0,0,3,slightly_injured
2020,2,Mon,2,52.51739006,13.39397713,evening,19,dark,2,dry,0,6,7,0,0,1,0,0,1,2,seriously_injured
2020,9,Thu,5,52.46946449,13.38574087,evening,18,daylight,0,dry,0,5,3,1,0,0,0,0,1,2,seriously_injured
2020,12,Fri,6,52.51378443,13.28673372,morning,11,daylight,0,dry,0,2,6,0,1,0,0,0,0,3,slightly_injured
2020,6,Tue,3,52.52628761,13.44796955,evening,19,daylight,0,dry,0,5,2,0,1,0,0,0,1,3,slightly_injured
2020,2,Mon,2,52.47221018,13.3452055,afternoon,15,daylight,0,dry,0,3,6,0,1,0,0,1,0,2,seriously_injured
2020,9,Fri,6,52.5657968,13.30851871,morning,10,daylight,0,wet,1,0,1,0,0,0,1,0,0,3,slightly_injured
2020,7,Tue,3,52.51113767,13.29827403,evening,21,dark,2,dry,0,1,5,0,0,0,1,0,1,3,slightly_injured
2020,2,Mon,2,52.51212326,13.31333165,afternoon,15,daylight,0,dry,0,1,5,0,1,0,0,0,0,3,slightly_injured
2020,10,Fri,6,52.46960634,13.38700817,afternoon,16,daylight,0,dry,0,2,6,0,1,0,0,0,0,3,slightly_injured
2020,12,Thu,5,52.58733161,13.34048672,evening,20,dark,2,wet,1,4,6,0,1,0,0,0,0,2,seriously_injured
2020,8,Sun,1,52.51538225,13.36294315,afternoon,13,daylight,0,dry,0,0,1,1,0,0,0,0,0,2,seriously_injured
2020,7,Fri,6,52.42971771,13.3758829,morning,9,daylight,0,wet,1,2,6,0,1,0,0,0,1,3,slightly_injured
2020,6,Tue,3,52.53622067,13.43331883,evening,19,daylight,0,dry,0,5,3,1,1,0,0,0,0,3,slightly_injured
2020,10,Thu,5,52.43509978,13.26359064,afternoon,13,daylight,0,dry,0,5,2,1,1,0,0,0,0,2,seriously_injured
2020,2,Sun,1,52.48225114,13.38580801,afternoon,16,daylight,0,dry,0,1,5,1,0,0,1,0,0,3,slightly_injured
2020,9,Mon,2,52.50420381,13.62063621,morning,10,daylight,0,dry,0,5,2,0,1,0,0,0,0,3,slightly_injured
2020,11,Thu,5,52.45638959,13.50979773,afternoon,13,daylight,0,dry,0,2,7,0,1,0,0,0,1,3,slightly_injured
2020,6,Wed,4,52.43955337,13.2749847,afternoon,13,daylight,0,dry,0,0,6,0,1,0,0,0,1,3,slightly_injured
2020,8,Sun,1,52.45180858,13.38474242,morning,11,daylight,0,dry,0,1,5,1,1,0,0,0,0,3,slightly_injured
2020,6,Tue,3,52.48095696,13.38578293,afternoon,14,daylight,0,dry,0,6,2,1,1,1,0,0,0,3,slightly_injured
2020,2,Sun,1,52.50620287,13.36858951,afternoon,14,daylight,0,dry,0,5,3,0,1,0,0,0,0,3,slightly_injured
2020,10,Mon,2,52.4947714,13.28543739,evening,18,dusk,1,wet,1,2,6,0,1,0,0,0,0,3,slightly_injured
2020,12,Sat,7,52.49421414,13.28823304,night,1,dark,2,wet,1,9,1,0,1,0,0,0,0,2,seriously_injured
2020,8,Tue,3,52.52511472,13.41952494,afternoon,13,daylight,0,dry,0,2,2,0,1,0,0,0,0,3,slightly_injured
2020,7,Thu,5,52.59332346,13.40283238,afternoon,17,daylight,0,dry,0,5,3,1,0,0,1,0,0,3,slightly_injured
2020,5,Mon,2,52.53505852,13.29252828,morning,7,daylight,0,wet,1,2,6,0,1,0,0,0,0,3,slightly_injured
2020,10,Fri,6,52.55807966,13.36525867,evening,19,dark,2,wet,1,5,3,0,1,0,0,0,0,2,seriously_injured
2020,2,Sun,1,52.49699342,13.28315124,morning,7,daylight,0,dry,0,9,1,0,1,0,0,0,0,3,slightly_injured
2020,9,Wed,4,52.50508397,13.59137615,morning,10,daylight,0,dry,0,2,6,0,1,0,0,0,1,3,slightly_injured
2020,11,Mon,2,52.51089599,13.29748395,afternoon,15,daylight,0,dry,0,6,4,0,1,1,0,0,0,3,slightly_injured
2020,5,Tue,3,52.53984287,13.43707767,morning,10,daylight,0,dry,0,6,4,0,0,1,0,0,1,3,slightly_injured
2020,8,Mon,2,52.5209747,13.28197137,afternoon,12,daylight,0,dry,0,2,6,0,1,0,1,0,0,3,slightly_injured
2020,6,Wed,4,52.50226332,13.36498173,evening,19,daylight,0,dry,0,0,2,1,1,0,0,0,0,3,slightly_injured
2020,5,Sun,1,52.54158809,13.36965936,evening,18,daylight,0,dry,0,5,3,1,1,0,0,0,0,3,slightly_injured
2020,2,Sat,7,52.50954606,13.37717158,evening,20,daylight,0,dry,0,0,5,1,1,0,0,0,0,3,slightly_injured
2020,9,Wed,4,52.51088753,13.29735383,morning,9,daylight,0,dry,0,5,7,0,1,0,0,1,0,3,slightly_injured
2020,12,Thu,5,52.57996795,13.39863448,afternoon,12,daylight,0,dry,0,2,6,0,1,0,0,0,0,3,slightly_injured
2020,8,Wed,4,52.51036316,13.51872326,evening,18,daylight,0,dry,0,5,3,1,1,0,0,0,0,2,seriously_injured
2020,6,Fri,6,52.5161388,13.44997251,afternoon,12,daylight,0,dry,0,5,3,1,1,0,0,0,0,3,slightly_injured
2020,10,Sat,7,52.52228992,13.41639942,afternoon,13,daylight,0,dry,0,5,2,1,1,0,0,0,0,3,slightly_injured
2020,2,Fri,6,52.51511236,13.46011622,evening,20,dark,2,dry,0,5,2,0,1,0,0,0,0,3,slightly_injured
2020,11,Wed,4,52.51255704,13.31990201,morning,11,daylight,0,dry,0,5,2,1,1,0,0,0,0,2,seriously_injured
2020,9,Mon,2,52.50477062,13.61271226,evening,18,daylight,0,dry,0,0,1,1,0,0,0,0,0,2,seriously_injured
2020,8,Sun,1,52.44341742,13.38628546,afternoon,13,daylight,0,wet,1,2,6,0,1,0,0,0,0,3,slightly_injured
2020,2,Fri,6,52.50984862,13.38170057,evening,19,dark,2,dry,0,5,7,0,1,0,0,0,0,2,seriously_injured
2020,10,Thu,5,52.47089647,13.37051617,evening,22,dark,2,wet,1,9,1,0,1,0,0,0,0,3,slightly_injured
2020,8,Wed,4,52.50993335,13.28190451,morning,11,daylight,0,dry,0,5,3,0,1,0,0,0,0,2,seriously_injured
2020,7,Wed,4,52.51047542,13.29055811,afternoon,12,daylight,0,wet,1,3,6,0,1,0,0,0,0,3,slightly_injured
2020,6,Thu,5,52.54546717,13.44486137,evening,20,daylight,0,wet,1,5,2,0,1,0,0,0,0,3,slightly_injured
2020,11,Wed,4,52.46382311,13.45350776,afternoon,14,daylight,0,dry,0,3,6,0,1,0,0,1,0,3,slightly_injured
2020,2,Fri,6,52.54245349,13.29676622,afternoon,16,daylight,0,dry,0,2,6,0,1,0,0,0,0,3,slightly_injured
2020,9,Thu,5,52.47233715,13.36644601,evening,18,daylight,0,dry,0,2,6,0,1,0,0,0,0,3,slightly_injured
2020,11,Mon,2,52.55757088,13.5540425,morning,10,daylight,0,dry,0,3,6,0,1,0,0,1,0,3,slightly_injured
2020,6,Mon,2,52.50641097,13.36840787,afternoon,12,daylight,0,dry,0,2,3,1,1,0,0,0,0,3,slightly_injured
2020,2,Fri,6,52.54191486,13.43995929,afternoon,16,dusk,1,wet,1,6,7,0,1,1,0,0,0,2,seriously_injured
2020,9,Thu,5,52.58360143,13.40314735,morning,6,daylight,0,wet,1,0,1,1,0,0,0,1,0,3,slightly_injured
2020,7,Fri,6,52.49181377,13.45796957,morning,10,daylight,0,dry,0,6,2,0,1,1,0,0,0,3,slightly_injured
2020,2,Fri,6,52.52081411,13.28193667,afternoon,14,daylight,0,dry,0,2,6,0,1,0,0,0,0,3,slightly_injured
2020,10,Thu,5,52.51211948,13.31618129,morning,8,daylight,0,dry,0,5,2,1,1,0,0,0,0,3,slightly_injured
2020,12,Tue,3,52.53902487,13.42432269,afternoon,13,daylight,0,wet,1,5,2,1,1,0,0,0,0,3,slightly_injured
2020,8,Fri,6,52.57435276,13.34815156,evening,19,daylight,0,dry,0,0,6,0,0,0,1,0,1,3,slightly_injured
2020,7,Tue,3,52.47860531,13.33947784,afternoon,15,daylight,0,dry,0,2,6,0,1,0,0,0,0,3,slightly_injured
2020,5,Sun,1,52.51395356,13.34303739,afternoon,15,daylight,0,dry,0,6,4,1,0,1,0,0,0,3,slightly_injured
2020,10,Wed,4,52.46324114,13.45446203,morning,6,dark,2,wet,1,3,6,0,1,0,0,1,0,3,slightly_injured
2020,2,Fri,6,52.52078278,13.28225223,afternoon,14,daylight,0,dry,0,2,6,0,1,0,0,1,0,3,slightly_injured
2020,9,Sun,1,52.51524039,13.46027317,afternoon,16,daylight,0,dry,0,5,2,1,1,0,0,0,0,3,slightly_injured
2020,11,Mon,2,52.5251167,13.41952707,evening,18,dark,2,dry,0,2,6,0,1,0,1,0,0,3,slightly_injured
2020,5,Tue,3,52.47628688,13.34740269,morning,7,daylight,0,dry,0,3,6,0,1,0,1,0,0,2,seriously_injured
2020,8,Thu,5,52.57205816,13.35992957,morning,11,daylight,0,dry,0,1,7,1,1,0,0,0,0,3,slightly_injured
2020,6,Sat,7,52.54018067,13.41722309,afternoon,16,daylight,0,wet,1,3,6,1,0,0,0,0,0,3,slightly_injured
2020,2,Fri,6,52.53942345,13.29512297,morning,9,daylight,0,dry,0,2,6,0,1,0,0,0,0,2,seriously_injured
2020,10,Fri,6,52.45909175,13.4576957,afternoon,15,daylight,0,dry,0,2,6,0,1,0,0,0,0,3,slightly_injured
2020,12,Thu,5,52.4785428,13.1261759,afternoon,12,daylight,0,dry,0,5,3,1,1,0,0,0,0,3,slightly_injured
2020,2,Fri,6,52.51382477,13.4728939,morning,7,dusk,1,dry,0,6,4,0,0,1,0,1,0,3,slightly_injured
2020,9,Thu,5,52.46880637,13.38548922,evening,21,dark,2,dry,0,0,1,1,0,0,0,0,0,3,slightly_injured
2020,7,Sat,7,52.48488257,13.35399388,evening,20,daylight,0,dry,0,2,6,0,1,0,0,0,0,3,slightly_injured
2020,2,Thu,5,52.53546384,13.43489589,morning,8,daylight,0,dry,0,0,1,1,0,0,0,0,0,3,slightly_injured
2020,10,Thu,5,52.43916249,13.38160688,afternoon,16,daylight,0,wet,1,3,2,0,1,0,0,1,0,3,slightly_injured
2020,12,Wed,4,52.54109545,13.41232236,afternoon,13,daylight,0,wet,1,0,2,1,1,0,0,0,0,3,slightly_injured
2020,5,Mon,2,52.53999366,13.4184211,morning,10,daylight,0,wet,1,2,6,0,1,0,0,0,1,3,slightly_injured
2020,8,Sat,7,52.49316809,13.29221212,evening,22,dark,2,dry,0,3,6,0,1,0,1,0,0,3,slightly_injured
2020,7,Thu,5,52.45506508,13.32148119,morning,9,daylight,0,dry,0,2,6,0,1,0,0,1,0,3,slightly_injured
2020,6,Mon,2,52.5618343,13.55753381,afternoon,17,daylight,0,dry,0,8,7,0,1,0,0,0,0,3,slightly_injured
2020,10,Wed,4,52.43761016,13.26937764,afternoon,12,daylight,0,dry,0,5,3,0,1,0,1,0,0,3,slightly_injured
2020,2,Thu,5,52.43784621,13.38039414,evening,22,dark,2,wet,1,3,6,0,1,0,0,0,0,3,slightly_injured
2020,9,Mon,2,52.51271117,13.48401487,afternoon,17,daylight,0,dry,0,2,6,0,1,0,1,0,0,3,slightly_injured
2020,11,Tue,3,52.53900163,13.42439072,afternoon,17,dark,2,wet,1,3,6,1,0,0,0,0,0,3,slightly_injured
2020,5,Mon,2,52.56355473,13.31049381,afternoon,17,daylight,0,dry,0,2,6,0,1,0,0,0,0,3,slightly_injured
2020,8,Sat,7,52.43670039,13.37955371,evening,20,dark,2,dry,0,5,2,0,1,0,0,0,1,3,slightly_injured
2020,6,Sun,1,52.57339236,13.35902459,afternoon,12,daylight,0,dry,0,5,2,0,1,0,0,0,0,3,slightly_injured
2020,2,Thu,5,52.51074229,13.5049352,evening,19,dark,2,wet,1,2,6,0,1,0,0,0,0,3,slightly_injured
2020,10,Sat,7,52.50380729,13.36632474,morning,7,dusk,1,dry,0,0,7,0,0,0,0,0,1,3,slightly_injured
2020,12,Fri,6,52.60143269,13.44741844,afternoon,12,daylight,0,dry,0,2,6,0,1,0,0,0,0,3,slightly_injured
2020,8,Tue,3,52.51406019,13.34458936,afternoon,16,daylight,0,dry,0,5,3,1,0,0,0,0,0,3,slightly_injured
2020,7,Thu,5,52.54110932,13.41197156,afternoon,15,daylight,0,dry,0,6,4,0,1,1,0,0,0,3,slightly_injured
2020,2,Thu,5,52.42800047,13.51638888,afternoon,14,daylight,0,dry,0,2,7,0,1,0,0,0,1,3,slightly_injured
2020,10,Fri,6,52.59314822,13.40278466,afternoon,14,daylight,0,dry,0,5,3,1,1,0,0,0,0,3,slightly_injured
2020,2,Thu,5,52.4260382,13.20912641,morning,7,daylight,0,dry,0,1,5,0,1,0,0,0,0,3,slightly_injured
2020,9,Wed,4,52.46538389,13.3855101,afternoon,15,daylight,0,dry,0,0,1,1,1,0,0,0,0,3,slightly_injured
2020,11,Mon,2,52.5948532,13.40309391,morning,8,daylight,0,wet,1,5,2,1,1,0,0,0,0,3,slightly_injured
2020,9,Sun,1,52.51038263,13.50879675,afternoon,16,daylight,0,dry,0,1,5,1,1,0,0,0,0,3,slightly_injured
2020,5,Mon,2,52.50176714,13.37707022,afternoon,14,daylight,0,wet,1,2,6,0,1,0,0,0,0,3,slightly_injured
2020,8,Sun,1,52.57317443,13.39890275,evening,19,daylight,0,dry,0,2,6,0,1,0,0,0,0,2,seriously_injured
2020,6,Tue,3,52.48984819,13.261579,morning,8,daylight,0,dry,0,2,6,0,1,0,0,0,1,3,slightly_injured
2020,2,Thu,5,52.51248573,13.48756356,afternoon,15,daylight,0,wet,1,0,7,1,0,0,0,0,0,3,slightly_injured
2020,9,Mon,2,52.61859411,13.39044086,afternoon,14,daylight,0,dry,0,5,2,0,1,0,0,0,0,2,seriously_injured
2020,12,Wed,4,52.47720106,13.34634389,afternoon,14,daylight,0,wet,1,2,6,0,1,0,0,0,0,3,slightly_injured
2020,8,Tue,3,52.53505218,13.43574984,morning,9,daylight,0,dry,0,3,6,1,1,0,0,0,0,3,slightly_injured
2020,6,Thu,5,52.5202115,13.42280846,afternoon,12,daylight,0,dry,0,5,3,1,1,0,0,0,0,3,slightly_injured
2020,2,Wed,4,52.48440131,13.35246206,evening,18,dusk,1,dry,0,3,6,1,1,0,0,0,0,3,slightly_injured
2020,11,Mon,2,52.51178859,13.49452447,evening,18,dark,2,dry,0,1,5,1,1,0,0,0,0,3,slightly_injured
2020,9,Mon,2,52.57571287,13.39869935,night,5,dusk,1,dry,0,5,3,0,1,0,1,0,0,3,slightly_injured
2020,8,Sat,7,52.50875978,13.56122514,afternoon,14,daylight,0,dry,0,5,3,1,1,0,0,0,0,3,slightly_injured
2020,2,Wed,4,52.43850481,13.27223243,morning,10,daylight,0,dry,0,2,6,0,1,0,0,1,0,3,slightly_injured
2020,10,Thu,5,52.47855126,13.3426561,night,5,dark,2,wet,1,0,1,0,0,0,0,0,1,3,slightly_injured
2020,8,Tue,3,52.47290986,13.36523,evening,19,daylight,0,dry,0,2,6,0,1,0,1,0,0,2,seriously_injured
2020,7,Tue,3,52.50529032,13.44876019,evening,22,dark,2,dry,0,5,3,0,1,0,0,0,1,3,slightly_injured
2020,6,Thu,5,52.54585249,13.4130756,afternoon,16,daylight,0,wet,1,3,6,1,1,0,0,0,0,3,slightly_injured
2020,11,Tue,3,52.43898893,13.38755712,afternoon,12,daylight,0,dry,0,5,3,0,1,0,0,0,0,3,slightly_injured
2020,2,Wed,4,52.43884424,13.38670061,afternoon,13,daylight,0,dry,0,3,6,1,1,0,0,0,0,3,slightly_injured
2020,9,Wed,4,52.51132837,13.3011661,evening,18,dusk,1,dry,0,2,6,0,1,0,0,0,0,3,slightly_injured
2020,11,Mon,2,52.51200239,13.31441454,evening,19,dark,2,dry,0,2,6,0,1,0,0,0,1,3,slightly_injured
2020,6,Sat,7,52.48318785,13.38605339,morning,11,daylight,0,dry,0,5,2,1,1,0,0,0,0,3,slightly_injured
2020,2,Wed,4,52.53971161,13.37004464,evening,20,dark,2,dry,0,2,6,0,1,0,0,0,0,3,slightly_injured
2020,9,Wed,4,52.60202508,13.27801696,morning,9,daylight,0,dry,0,2,6,0,1,0,0,0,0,3,slightly_injured
2020,7,Thu,5,52.51241123,13.48829022,morning,7,daylight,0,dry,0,0,2,1,1,0,0,0,0,3,slightly_injured
2020,2,Tue,3,52.50476436,13.61343583,afternoon,12,daylight,0,dry,0,5,2,0,1,0,1,0,0,3,slightly_injured
2020,10,Wed,4,52.52486441,13.41983904,evening,19,dark,2,wet,1,5,3,1,1,0,0,0,0,3,slightly_injured
2020,12,Fri,6,52.47864327,13.34278656,night,3,dark,2,wet,1,8,1,0,1,0,0,0,0,3,slightly_injured
2020,8,Thu,5,52.49182236,13.45798247,afternoon,17,daylight,0,dry,0,5,2,1,1,0,0,0,0,2,seriously_injured
2020,7,Tue,3,52.50756294,13.2428317,afternoon,17,daylight,0,dry,0,2,6,0,1,0,0,0,0,3,slightly_injured
2020,5,Fri,6,52.57339024,13.35903268,morning,11,daylight,0,dry,0,5,2,1,0,0,0,1,0,3,slightly_injured
2020,10,Tue,3,52.47970452,13.35323275,morning,8,daylight,0,dry,0,5,2,1,1,0,0,0,0,3,slightly_injured
2020,2,Mon,2,52.50592124,13.5707863,morning,7,dusk,1,wet,1,2,6,0,1,0,0,0,0,3,slightly_injured
2020,9,Sun,1,52.50499623,13.44857956,evening,18,daylight,0,dry,0,6,4,1,0,1,0,0,0,2,seriously_injured
2020,11,Sun,1,52.47857601,13.12629546,afternoon,13,daylight,0,dry,0,5,3,1,1,0,0,0,0,3,slightly_injured
2020,5,Mon,2,52.45696739,13.50926568,afternoon,15,daylight,0,dry,0,2,6,0,1,0,0,1,0,3,slightly_injured
2020,8,Thu,5,52.62555429,13.31194665,afternoon,15,daylight,0,dry,0,2,6,0,1,0,0,0,0,3,slightly_injured
2020,6,Fri,6,52.52870104,13.368834,afternoon,14,daylight,0,dry,0,2,6,0,1,0,0,0,0,3,slightly_injured
2020,2,Mon,2,52.6150543,13.44399519,night,5,dark,2,wet,1,3,6,0,1,0,0,1,0,3,slightly_injured
2020,10,Fri,6,52.51288481,13.48227743,afternoon,13,daylight,0,dry,0,5,3,1,1,0,0,0,0,3,slightly_injured
2020,12,Tue,3,52.4742735,13.35915914,afternoon,16,dark,2,dry,0,2,6,0,0,0,1,0,1,3,slightly_injured
2020,8,Sun,1,52.61342643,13.2481459,evening,18,daylight,0,dry,0,2,6,0,0,0,1,0,0,3,slightly_injured
2020,6,Mon,2,52.44946795,13.30430178,morning,6,daylight,0,dry,0,0,6,1,1,0,0,0,0,3,slightly_injured
2020,2,Sun,1,52.51563161,13.45420571,evening,23,dark,2,wet,1,5,3,0,1,0,0,0,0,3,slightly_injured
2020,10,Wed,4,52.57894283,13.34694668,morning,9,daylight,0,wet,1,5,3,0,1,0,0,0,0,3,slightly_injured
2020,2,Sun,1,52.53953153,13.42455414,night,1,dark,2,dry,0,0,1,1,0,0,0,0,0,2,seriously_injured
2020,9,Mon,2,52.42628202,13.19143185,morning,11,daylight,0,dry,0,0,6,0,1,0,0,0,0,3,slightly_injured
2020,11,Sat,7,52.51039883,13.28934954,afternoon,16,dusk,1,dry,0,6,2,0,1,1,0,0,0,3,slightly_injured
2020,9,Fri,6,52.47079205,13.37106762,morning,11,daylight,0,dry,0,2,6,0,1,0,0,0,1,3,slightly_injured
2020,2,Sun,1,52.48924008,13.35932457,evening,18,dark,2,wet,1,0,5,1,1,0,0,0,0,3,slightly_injured
2020,5,Mon,2,52.49641317,13.36143759,morning,11,daylight,0,wet,1,1,5,1,1,0,0,0,0,3,slightly_injured
2020,8,Fri,6,52.57060846,13.36066207,evening,18,dusk,1,dry,0,0,1,1,0,0,0,0,0,3,slightly_injured
2020,7,Tue,3,52.52486033,13.41983427,afternoon,13,daylight,0,dry,0,5,3,1,0,0,0,0,1,3,slightly_injured
2020,6,Mon,2,52.54366036,13.41217277,evening,18,daylight,0,dry,0,1,1,1,1,0,0,0,0,2,seriously_injured
2020,2,Sat,7,52.45730714,13.50878282,afternoon,13,daylight,0,dry,0,0,7,1,0,0,0,0,0,3,slightly_injured
2020,9,Fri,6,52.52308934,13.41729891,evening,20,dark,2,dry,0,1,5,1,1,0,0,0,0,3,slightly_injured
2020,12,Mon,2,52.57313223,13.35925051,afternoon,15,daylight,0,wet,1,3,6,0,1,0,0,0,0,3,slightly_injured
2020,6,Wed,4,52.48796158,13.35789346,afternoon,15,daylight,0,dry,0,6,7,0,1,1,0,0,0,3,slightly_injured
2020,2,Sat,7,52.51821241,13.45267735,evening,20,dark,2,dry,0,2,6,0,1,0,0,0,0,3,slightly_injured
2020,11,Fri,6,52.57157148,13.42879465,morning,11,daylight,0,dry,0,5,2,1,0,0,0,0,1,3,slightly_injured
2020,9,Sat,7,52.52620013,13.44757965,morning,10,daylight,0,wet,1,2,6,0,1,0,0,0,0,3,slightly_injured
2020,7,Thu,5,52.51293679,13.45302435,evening,18,daylight,0,dry,0,3,6,1,1,0,0,0,0,3,slightly_injured
2020,8,Mon,2,52.46102878,13.41239863,morning,9,daylight,0,dry,0,2,6,0,1,0,0,0,0,3,slightly_injured
2020,7,Wed,4,52.55809156,13.36525638,morning,7,daylight,0,dry,0,5,3,1,1,0,0,0,0,2,seriously_injured
2020,2,Sat,7,52.51059234,13.28587058,evening,19,dark,2,dry,0,2,6,0,1,0,0,0,0,3,slightly_injured
2020,10,Thu,5,52.47899009,13.35389289,afternoon,16,daylight,0,dry,0,5,2,0,1,0,1,0,0,3,slightly_injured
2020,2,Sat,7,52.41860914,13.39867129,evening,18,dark,2,dry,0,0,5,0,1,0,0,0,1,3,slightly_injured
2020,9,Tue,3,52.43180095,13.39118822,afternoon,16,daylight,0,dry,0,6,2,0,1,1,0,0,0,3,slightly_injured
2020,11,Sun,1,52.5094393,13.55059309,afternoon,15,daylight,0,dry,0,9,1,0,1,0,0,0,0,2,seriously_injured
2020,9,Fri,6,52.48149809,13.34924531,afternoon,17,daylight,0,dry,0,6,4,0,1,1,0,0,0,3,slightly_injured
2020,5,Sun,1,52.49800092,13.38914318,afternoon,14,daylight,0,dry,0,2,6,0,1,0,0,0,0,3,slightly_injured
2020,8,Sat,7,52.50499313,13.58874484,evening,18,daylight,0,dry,0,6,3,0,1,1,0,0,0,2,seriously_injured
2020,6,Tue,3,52.51697369,13.40891472,afternoon,16,daylight,0,dry,0,2,2,0,1,0,1,0,0,3,slightly_injured
2020,2,Sat,7,52.49905066,13.27299315,afternoon,15,daylight,0,dry,0,2,6,0,1,0,0,0,0,3,slightly_injured
2020,9,Sun,1,52.50852274,13.25830901,afternoon,16,daylight,0,dry,0,5,2,1,1,0,0,0,0,3,slightly_injured
2020,12,Mon,2,52.50882222,13.26344604,morning,7,daylight,0,dry,0,3,6,1,1,0,0,0,0,3,slightly_injured
2020,6,Wed,4,52.58043092,13.34579782,morning,10,daylight,0,dry,0,2,7,0,1,0,1,0,0,3,slightly_injured
2020,2,Sat,7,52.5932316,13.33446914,afternoon,14,daylight,0,dry,0,6,4,0,1,1,0,0,0,3,slightly_injured
2020,11,Mon,2,52.60670939,13.44921473,morning,9,daylight,0,dry,0,2,6,0,1,0,0,0,1,2,seriously_injured
2020,9,Sun,1,52.51087742,13.54427708,evening,21,dusk,1,dry,0,0,1,1,0,0,0,0,0,3,slightly_injured
2020,7,Fri,6,52.51140887,13.40142133,evening,18,daylight,0,dry,0,2,6,0,1,0,1,0,0,3,slightly_injured