ujahr,umonat,weekday,uwochentag,long,lat,time_of_day,ustunde,light_condition,ulichtverh,street_condition,ustrzustand,uart,utyp1,ist_rad,ist_pkw,ist_fuss,ist_krad,ist_gkfz,ist_sonstige,ukategorie,accident_outcome
2020,2,Fri,6,52.51573643,13.40796419,evening,19,dark,2,dry,0,5,3,1,0,0,0,0,1,3,slightly_injured
2020,10,Wed,4,52.54182973,13.36991946,morning,7,daylight,0,wet,1,6,2,0,1,1,0,0,0,3,slightly_injured
2020,8,Tue,3,52.50500361,13.4485841,morning,10,daylight,0,wet,1,0,1,1,0,0,0,0,0,2,seriously_injured
2020,7,Sun,1,52.42084693,13.17019237,morning,11,daylight,0,dry,0,8,1,1,0,0,0,0,0,3,slightly_injured
2020,6,Wed,4,52.5100818,13.28164418,afternoon,17,daylight,0,dry,0,2,6,0,1,0,0,0,0,3,slightly_injured
2020,11,Mon,2,52.53605411,13.43304013,morning,11,daylight,0,dry,0,2,2,0,1,0,0,0,0,3,slightly_injured
2020,2,Fri,6,52.54016785,13.29533442,evening,21,dark,2,dry,0,2,6,0,1,0,0,0,0,3,slightly_injured
2020,9,Wed,4,52.50922127,13.37416596,morning,11,daylight,0,dry,0,2,6,0,1,0,0,0,0,3,slightly_injured
2020,11,Sat,7,52.51598277,13.45151696,night,1,dark,2,dry,0,0,1,1,0,0,0,0,0,2,seriously_injured
2020,6,Fri,6,52.54964748,13.4293563,morning,6,daylight,0,dry,0,0,5,1,1,0,0,0,0,3,slightly_injured
2020,2,Fri,6,52.5043444,13.44813226,afternoon,15,daylight,0,dry,0,0,2,1,1,0,0,0,0,3,slightly_injured
2020,9,Tue,3,52.51436538,13.46746353,morning,7,daylight,0,dry,0,5,3,1,1,0,0,0,0,3,slightly_injured
2020,7,Thu,5,52.55039741,13.46024313,morning,9,daylight,0,dry,0,2,6,0,1,0,0,0,0,3,slightly_injured
2020,2,Thu,5,52.50992685,13.28180793,evening,20,dark,2,dry,0,6,4,0,0,1,0,0,1,2,seriously_injured
2020,10,Wed,4,52.52511783,13.41952827,afternoon,15,daylight,0,wet,1,2,2,0,1,0,0,1,0,2,seriously_injured
2020,12,Wed,4,52.5004409,13.27505042,evening,19,dark,2,wet,1,3,6,0,1,0,0,0,0,3,slightly_injured
2020,8,Wed,4,52.48562113,13.35505574,evening,18,daylight,0,dry,0,0,5,1,1,0,0,0,0,3,slightly_injured
2020,7,Mon,2,52.4647395,13.49755082,morning,11,daylight,0,dry,0,5,3,1,0,0,0,0,1,3,slightly_injured
2020,5,Thu,5,52.55463327,13.46773464,afternoon,16,daylight,0,dry,0,0,6,0,1,0,1,0,0,3,slightly_injured
2020,10,Mon,2,52.562885,13.55828112,morning,9,daylight,0,wet,1,5,3,0,1,0,0,0,0,3,slightly_injured
2020,2,Thu,5,52.4534924,13.38442991,evening,19,dark,2,dry,0,6,4,0,0,1,1,0,0,3,slightly_injured
2020,9,Fri,6,52.46775987,13.493188,afternoon,13,daylight,0,dry,0,5,3,1,1,0,0,0,0,3,slightly_injured
2020,11,Wed,4,52.51472948,13.35272196,evening,18,dark,2,dry,0,6,4,1,0,1,0,0,0,3,slightly_injured
2020,5,Sat,7,52.509347,13.55331664,afternoon,15,daylight,0,wet,1,0,1,0,0,0,1,0,0,3,slightly_injured
2020,8,Wed,4,52.49195694,13.45785199,afternoon,16,daylight,0,wet,1,2,6,0,1,0,0,0,0,3,slightly_injured
2020,6,Fri,6,52.51248397,13.48758066,morning,7,daylight,0,dry,0,3,6,0,1,0,0,1,0,3,slightly_injured
2020,2,Thu,5,52.48990138,13.26164615,evening,18,dark,2,dry,0,2,6,0,1,0,0,0,0,3,slightly_injured
2020,10,Thu,5,52.51288481,13.48227743,morning,8,daylight,0,dry,0,5,3,1,1,0,0,0,0,3,slightly_injured
2020,12,Tue,3,52.53848155,13.36788782,afternoon,14,daylight,0,dry,0,3,6,0,1,0,0,0,0,3,slightly_injured
2020,8,Fri,6,52.47690575,13.35468149,morning,9,daylight,0,dry,0,9,1,0,0,0,1,0,0,3,slightly_injured
2020,6,Mon,2,52.41880914,13.18241851,afternoon,16,daylight,0,dry,0,1,1,0,1,0,0,0,0,2,seriously_injured
2020,2,Thu,5,52.51966034,13.45203937,morning,11,daylight,0,dry,0,1,5,1,1,0,0,0,0,3,slightly_injured
2020,10,Mon,2,52.50934877,13.45095321,evening,18,dusk,1,dry,0,6,7,1,0,1,0,0,0,3,slightly_injured
2020,2,Wed,4,52.50191683,13.3769363,afternoon,14,daylight,0,dry,0,5,3,0,1,0,0,1,0,3,slightly_injured
2020,11,Fri,6,52.43383378,13.39040167,night,4,dark,2,dry,0,0,6,0,1,0,1,0,0,3,slightly_injured
2020,9,Thu,5,52.57991599,13.39852053,night,2,dark,2,wet,1,6,2,0,1,1,0,0,0,3,slightly_injured
2020,2,Wed,4,52.51301699,13.32694291,afternoon,15,daylight,0,dry,0,2,6,1,0,0,0,0,0,3,slightly_injured
2020,5,Fri,6,52.59817338,13.40294667,afternoon,15,daylight,0,dry,0,5,3,1,1,0,0,0,0,3,slightly_injured
2020,8,Thu,5,52.49835415,13.38786655,evening,18,daylight,0,dry,0,1,5,1,1,0,0,0,0,3,slightly_injured
2020,7,Sun,1,52.54111107,13.36833544,evening,18,daylight,0,dry,0,2,6,0,1,0,1,0,0,3,slightly_injured
2020,6,Sun,1,52.5374926,13.36615343,afternoon,17,daylight,0,dry,0,5,3,0,1,0,0,1,0,3,slightly_injured
2020,2,Wed,4,52.56276292,13.46891256,night,4,dark,2,wet,1,4,7,0,1,0,0,0,0,3,slightly_injured
2020,9,Thu,5,52.53950613,13.42152674,morning,11,daylight,0,dry,0,6,2,0,1,1,0,0,0,3,slightly_injured
2020,12,Sat,7,52.56458158,13.31003616,morning,6,dark,2,dry,0,0,1,0,0,0,0,0,1,3,slightly_injured
2020,6,Tue,3,52.49183387,13.36084245,evening,20,daylight,0,dry,0,1,5,1,1,0,0,0,0,3,slightly_injured
2020,2,Wed,4,52.46137219,13.42668443,evening,19,dark,2,dry,0,3,6,0,1,0,0,1,0,3,slightly_injured
2020,9,Fri,6,52.51546062,13.45667011,afternoon,15,daylight,0,dry,0,0,6,1,0,0,0,0,0,3,slightly_injured
2020,7,Tue,3,52.51525337,13.46014731,afternoon,14,daylight,0,dry,0,5,2,0,1,0,0,0,0,3,slightly_injured
2020,2,Wed,4,52.5124155,13.48824719,evening,20,dark,2,dry,0,5,2,1,1,0,0,0,0,2,seriously_injured
2020,10,Fri,6,52.5415956,13.36967484,afternoon,13,daylight,0,dry,0,5,3,1,0,0,0,0,1,3,slightly_injured
2020,8,Mon,2,52.43944381,13.38767599,morning,8,daylight,0,dry,0,2,6,0,1,0,0,0,0,3,slightly_injured
2020,7,Fri,6,52.53495834,13.29245869,afternoon,14,daylight,0,wet,1,2,6,0,1,0,0,0,0,3,slightly_injured
2020,6,Tue,3,52.50917041,13.27142735,morning,10,daylight,0,dry,0,4,6,1,0,0,0,0,0,3,slightly_injured
2020,10,Fri,6,52.610846,13.31883393,morning,9,daylight,0,wet,1,5,3,0,1,0,0,0,0,3,slightly_injured
2020,2,Wed,4,52.51666293,13.44478303,afternoon,17,dusk,1,dry,0,2,6,0,1,0,0,1,0,3,slightly_injured
2020,9,Tue,3,52.57985536,13.39843115,evening,18,daylight,0,dry,0,0,1,1,1,0,0,0,0,3,slightly_injured
2020,11,Thu,5,52.55077303,13.36772568,evening,19,dark,2,wet,1,2,6,1,0,0,0,0,1,3,slightly_injured
2020,6,Wed,4,52.44606325,13.29429524,afternoon,16,daylight,0,dry,0,1,1,1,1,0,0,0,0,3,slightly_injured
2020,8,Sun,1,52.51664897,13.17909154,afternoon,17,dusk,1,wet,1,5,2,1,1,0,0,0,0,3,slightly_injured
2020,6,Tue,3,52.51282038,13.48423823,afternoon,16,daylight,0,dry,0,5,3,1,1,0,0,0,0,3,slightly_injured
2020,2,Wed,4,52.49747068,13.38926875,morning,10,daylight,0,dry,0,2,2,1,0,0,0,1,0,3,slightly_injured
2020,10,Mon,2,52.48434978,13.46853296,afternoon,14,daylight,0,dry,0,5,3,1,0,0,1,0,0,3,slightly_injured
2020,12,Sat,7,52.50951783,13.28427643,afternoon,14,daylight,0,dry,0,2,6,0,1,0,0,0,1,3,slightly_injured
2020,8,Tue,3,52.56460785,13.36381256,evening,19,daylight,0,dry,0,0,4,1,0,1,0,0,0,3,slightly_injured
2020,7,Fri,6,52.49590485,13.28429004,afternoon,13,daylight,0,dry,0,2,6,0,1,0,0,0,0,3,slightly_injured
2020,5,Tue,3,52.48480511,13.38605918,morning,11,daylight,0,dry,0,5,2,1,1,0,0,0,0,3,slightly_injured
2020,2,Wed,4,52.52907314,13.36946465,morning,6,dark,2,wet,1,0,7,1,0,0,0,0,0,3,slightly_injured
2020,10,Sun,1,52.43899502,13.38759316,morning,11,daylight,0,wet,1,5,3,0,1,0,0,0,0,3,slightly_injured
2020,8,Mon,2,52.58255218,13.40368418,morning,7,daylight,0,dry,0,0,1,1,0,0,0,0,0,3,slightly_injured
2020,7,Sat,7,52.46250632,13.43790518,afternoon,16,daylight,0,dry,0,2,6,0,1,0,0,0,0,3,slightly_injured
2020,6,Tue,3,52.42215891,13.19604624,evening,18,daylight,0,dry,0,2,6,0,1,0,1,0,0,3,slightly_injured
2020,11,Sun,1,52.51847103,13.42943589,afternoon,12,daylight,0,dry,0,2,6,0,1,0,0,0,0,3,slightly_injured
2020,2,Wed,4,52.45276928,13.38435378,morning,6,dusk,1,wet,1,0,1,0,0,0,1,0,0,3,slightly_injured
2020,9,Tue,3,52.51165966,13.30621689,afternoon,14,daylight,0,dry,0,0,6,0,1,0,1,0,0,3,slightly_injured
2020,11,Fri,6,52.49813736,13.388749,evening,21,dark,2,dry,0,5,3,0,1,0,0,0,0,3,slightly_injured
2020,6,Thu,5,52.50171635,13.3645086,afternoon,15,daylight,0,dry,0,2,6,0,1,0,0,0,0,3,slightly_injured
2020,2,Wed,4,52.47007673,13.38224141,night,5,dark,2,wet,1,2,6,0,1,0,0,0,0,3,slightly_injured
2020,8,Mon,2,52.49335356,13.36097866,afternoon,15,daylight,0,dry,0,2,6,0,1,0,0,0,0,3,slightly_injured
2020,7,Wed,4,52.44955517,13.30400231,morning,11,daylight,0,dry,0,5,5,1,0,0,0,0,1,2,seriously_injured
2020,6,Tue,3,52.4329318,13.19226276,evening,22,dusk,1,dry,0,3,6,0,1,0,0,0,0,3,slightly_injured
2020,2,Tue,3,52.47246588,13.3858099,afternoon,15,daylight,0,wet,1,2,6,0,1,0,0,0,1,3,slightly_injured
2020,10,Tue,3,52.48808647,13.30000828,afternoon,14,daylight,0,dry,0,2,6,0,1,0,0,0,0,3,slightly_injured
2020,12,Tue,3,52.43994683,13.27685566,evening,18,dark,2,wet,1,1,5,0,1,0,0,0,0,3,slightly_injured
2020,8,Wed,4,52.51140321,13.40139794,morning,6,daylight,0,dry,0,2,6,0,1,0,0,0,1,3,slightly_injured
2020,7,Sun,1,52.54502205,13.41251001,afternoon,14,daylight,0,dry,0,4,6,1,0,0,0,0,0,3,slightly_injured
2020,5,Thu,5,52.51933802,13.41266773,afternoon,13,daylight,0,dry,0,2,6,0,1,0,1,0,0,3,slightly_injured
2020,10,Mon,2,52.49418352,13.46081296,morning,7,daylight,0,wet,1,0,5,1,0,0,0,0,1,3,slightly_injured
2020,2,Tue,3,52.50955655,13.27616893,evening,18,dark,2,wet,1,6,4,0,1,1,0,0,0,2,seriously_injured
2020,9,Thu,5,52.50934552,13.5533902,evening,18,daylight,0,dry,0,5,2,1,1,0,0,0,0,3,slightly_injured
2020,11,Tue,3,52.472037,13.36750114,afternoon,16,dusk,1,wet,1,0,1,0,0,0,1,0,0,3,slightly_injured
2020,4,Thu,5,52.56997128,13.40002472,afternoon,13,daylight,0,dry,0,6,7,1,0,1,0,0,0,2,seriously_injured
2020,8,Tue,3,52.5519756,13.54946988,evening,22,dark,2,dry,0,6,4,0,1,1,0,0,0,2,seriously_injured
2020,6,Thu,5,52.5108774,13.29720346,afternoon,17,daylight,0,wet,1,2,3,0,1,0,0,0,0,3,slightly_injured
2020,5,Sun,1,52.54556428,13.44507229,afternoon,17,daylight,0,dry,0,5,2,1,1,0,0,0,0,3,slightly_injured
2020,2,Mon,2,52.57379026,13.48289495,morning,7,dusk,1,wet,1,2,6,0,1,0,0,0,0,3,slightly_injured
2020,9,Wed,4,52.46211993,13.43264554,evening,23,dark,2,dry,0,3,6,0,1,0,0,1,0,3,slightly_injured
2020,12,Sat,7,52.48983082,13.35986149,afternoon,13,daylight,0,dry,0,1,5,1,1,0,0,0,0,3,slightly_injured
2020,8,Thu,5,52.51152749,13.30424582,afternoon,16,daylight,0,dry,0,2,6,0,1,0,1,0,0,3,slightly_injured
2020,6,Sun,1,52.49486857,13.28551337,afternoon,15,daylight,0,wet,1,2,6,0,1,0,0,0,0,3,slightly_injured
2020,10,Mon,2,52.39130405,13.40663759,afternoon,16,daylight,0,dry,0,0,7,1,0,0,0,0,0,3,slightly_injured
2020,2,Mon,2,52.5743209,13.3476382,morning,11,daylight,0,wet,1,2,7,0,1,0,0,0,0,3,slightly_injured
2020,11,Thu,5,52.51422892,13.34707758,morning,11,daylight,0,dry,0,2,6,0,1,0,0,0,1,3,slightly_injured
2020,9,Wed,4,52.51015433,13.38654639,morning,9,daylight,0,dry,0,3,6,0,1,0,1,0,0,3,slightly_injured
2020,2,Mon,2,52.55797233,13.36550127,evening,23,dark,2,wet,1,5,3,0,1,0,0,0,0,3,slightly_injured
2020,10,Sat,7,52.53058111,13.28423437,morning,10,daylight,0,wet,1,3,6,0,1,0,0,1,0,3,slightly_injured
2020,8,Thu,5,52.57203425,13.35994235,afternoon,14,daylight,0,dry,0,2,6,0,1,0,0,0,1,3,slightly_injured
2020,7,Thu,5,52.52554777,13.42001319,afternoon,14,daylight,0,dry,0,2,6,0,1,0,0,0,0,3,slightly_injured
2020,5,Sat,7,52.43925011,13.3817454,afternoon,12,daylight,0,dry,0,0,7,1,0,0,0,0,0,3,slightly_injured
2020,6,Fri,6,52.55216867,13.54963639,afternoon,13,daylight,0,wet,1,5,3,1,1,0,0,0,0,3,slightly_injured
2020,2,Mon,2,52.46176665,13.40721454,evening,21,dark,2,wet,1,0,6,0,1,0,0,0,0,3,slightly_injured
2020,9,Thu,5,52.4389981,13.38761144,afternoon,16,daylight,0,dry,0,2,6,0,1,0,0,0,0,2,seriously_injured
2020,12,Thu,5,52.50641097,13.36840787,morning,8,daylight,0,dry,0,2,6,0,1,0,0,0,0,3,slightly_injured
2020,6,Tue,3,52.40716506,13.35776132,afternoon,15,daylight,0,dry,0,5,3,1,1,0,0,0,0,2,seriously_injured
2020,2,Mon,2,52.47230172,13.34813448,evening,18,dark,2,wet,1,0,6,0,1,0,1,0,0,2,seriously_injured
2020,9,Fri,6,52.55072601,13.41410164,morning,8,daylight,0,wet,1,5,2,1,1,0,0,0,0,3,slightly_injured
2020,7,Mon,2,52.50822393,13.56268656,evening,19,daylight,0,wet,1,0,1,0,0,0,1,0,0,3,slightly_injured
2020,2,Mon,2,52.51574004,13.45377907,afternoon,17,dark,2,wet,1,5,2,0,1,0,0,0,0,3,slightly_injured
2020,10,Fri,6,52.573385,13.35905267,evening,19,dark,2,wet,1,5,3,0,1,0,1,0,0,3,slightly_injured
2020,12,Wed,4,52.57338769,13.35904242,afternoon,13,daylight,0,dry,0,5,3,0,1,0,0,0,0,3,slightly_injured
2020,8,Sun,1,52.54152896,13.36921452,evening,21,dark,2,dry,0,0,1,1,0,0,0,0,0,2,seriously_injured
2020,7,Thu,5,52.48186368,13.34856514,evening,18,daylight,0,wet,1,5,2,1,1,0,0,0,0,3,slightly_injured
2020,5,Fri,6,52.50677964,13.22820963,afternoon,17,daylight,0,dry,0,6,2,0,1,1,0,0,0,2,seriously_injured
2020,6,Mon,2,52.50906769,13.267435,afternoon,14,daylight,0,dry,0,0,7,1,0,0,0,0,0,2,seriously_injured
2020,10,Wed,4,52.42597656,13.20960309,evening,21,dark,2,dry,0,3,6,0,0,0,1,0,1,3,slightly_injured
2020,2,Mon,2,52.62778346,13.31127018,afternoon,17,dark,2,wet,1,2,6,0,1,0,0,0,0,3,slightly_injured
2020,9,Mon,2,52.58638094,13.34123226,afternoon,16,daylight,0,dry,0,5,7,0,1,0,1,0,0,3,slightly_injured
2020,11,Wed,4,52.51201656,13.31463051,afternoon,13,daylight,0,dry,0,5,3,0,1,0,0,0,1,3,slightly_injured
2020,6,Wed,4,52.42931254,13.2223862,morning,10,daylight,0,dry,0,2,6,0,1,0,0,0,0,3,slightly_injured
2020,8,Sat,7,52.46450716,13.49810449,afternoon,13,daylight,0,dry,0,3,5,0,1,0,0,0,0,3,slightly_injured
2020,6,Tue,3,52.45838978,13.50723581,morning,10,daylight,0,dry,0,5,2,1,1,0,0,0,0,3,slightly_injured
2020,2,Mon,2,52.52853181,13.28266584,afternoon,13,daylight,0,wet,1,2,6,0,1,0,0,0,0,3,slightly_injured
2020,10,Sun,1,52.50908573,13.26772955,afternoon,15,daylight,0,dry,0,1,5,1,1,0,0,0,0,3,slightly_injured
2020,12,Fri,6,52.51946862,13.41244741,morning,9,daylight,0,dry,0,0,6,1,1,0,0,0,0,3,slightly_injured
2020,8,Tue,3,52.56685707,13.36283135,morning,10,daylight,0,dry,0,6,7,1,0,1,0,0,0,3,slightly_injured
2020,7,Thu,5,52.46995021,13.37849781,afternoon,16,daylight,0,dry,0,2,6,0,1,0,0,0,0,3,slightly_injured
2020,10,Fri,6,52.48118862,13.3499811,evening,19,dark,2,wet,1,2,2,1,1,0,0,0,0,3,slightly_injured
2020,2,Mon,2,52.51278839,13.32346507,afternoon,12,daylight,0,wet,1,2,6,0,1,0,0,0,0,3,slightly_injured
2020,9,Wed,4,52.50407613,13.28135248,morning,7,daylight,0,dry,0,2,6,0,1,0,0,0,0,3,slightly_injured
2020,11,Mon,2,52.51934148,13.28254045,night,5,dark,2,wet,1,3,6,0,1,0,1,0,0,3,slightly_injured
2020,4,Thu,5,52.52874139,13.36894707,afternoon,17,daylight,0,dry,0,2,6,0,1,0,0,0,1,3,slightly_injured
2020,8,Mon,2,52.51011845,13.28220377,afternoon,17,daylight,0,wet,1,2,6,0,1,0,1,0,0,3,slightly_injured
2020,6,Wed,4,52.48451132,13.47946399,morning,7,daylight,0,dry,0,5,3,1,1,0,0,0,0,3,slightly_injured
2020,2,Sat,7,52.4989073,13.28140745,evening,22,dark,2,dry,0,2,6,0,1,0,0,0,0,3,slightly_injured
2020,9,Tue,3,52.51573288,13.45377752,afternoon,16,daylight,0,dry,0,5,3,1,1,0,0,0,0,3,slightly_injured
2020,12,Thu,5,52.50852526,13.25834589,evening,18,dark,2,dry,0,6,2,0,1,1,0,0,0,3,slightly_injured
2020,8,Tue,3,52.54908931,13.41346386,afternoon,17,daylight,0,dry,0,3,6,1,0,0,0,0,0,3,slightly_injured
2020,6,Thu,5,52.51632051,13.44817357,evening,19,daylight,0,dry,0,0,6,1,0,0,0,0,0,3,slightly_injured
2020,10,Sat,7,52.48813502,13.35804513,afternoon,12,daylight,0,dry,0,2,2,0,1,0,0,0,0,3,slightly_injured
2020,2,Sat,7,52.5048288,13.60626152,afternoon,17,dark,2,wet,1,5,3,0,1,0,0,0,0,3,slightly_injured
2020,11,Tue,3,52.49085504,13.38661282,morning,6,dark,2,dry,0,7,7,1,0,0,0,0,0,3,slightly_injured
2020,2,Sat,7,52.41850661,13.19716447,afternoon,12,daylight,0,wet,1,2,6,0,1,0,0,0,0,3,slightly_injured
2020,9,Mon,2,52.52495323,13.41994272,afternoon,15,daylight,0,dry,0,5,2,1,1,0,0,0,0,3,slightly_injured
2020,8,Sun,1,52.54977031,13.41393423,night,1,dark,2,dry,0,6,4,1,0,1,0,0,0,3,slightly_injured
2020,10,Thu,5,52.53302423,13.28841519,afternoon,16,daylight,0,wet,1,3,6,0,1,0,0,1,0,3,slightly_injured
2020,1,Mon,2,52.4651733,13.32161321,afternoon,17,dark,2,wet,1,0,3,0,1,0,1,0,0,3,slightly_injured
2020,1,Tue,3,52.60805063,13.32449086,afternoon,15,daylight,0,wet,1,2,6,0,1,0,0,0,0,3,slightly_injured
2020,1,Mon,2,52.56107042,13.49934546,afternoon,16,dark,2,dry,0,6,4,0,1,1,0,0,0,3,slightly_injured
2020,1,Wed,4,52.45990886,13.30234785,afternoon,13,daylight,0,wet,1,6,4,0,1,1,0,0,0,3,slightly_injured
2020,1,Mon,2,52.4934761,13.42804383,morning,11,daylight,0,dry,0,5,3,1,1,0,0,0,0,2,seriously_injured
2020,1,Mon,2,52.4660849,13.42899738,morning,9,daylight,0,dry,0,0,5,1,1,0,0,0,0,3,slightly_injured
2020,1,Mon,2,52.61045484,13.29447081,afternoon,16,daylight,0,wet,1,2,6,0,1,0,0,0,0,3,slightly_injured
2020,1,Mon,2,52.4835722,13.43559394,afternoon,17,dark,2,dry,0,6,7,1,0,1,0,0,0,3,slightly_injured
2020,1,Mon,2,52.47445045,13.45462786,afternoon,15,daylight,0,dry,0,5,7,0,1,0,0,0,0,3,slightly_injured
2020,1,Wed,4,52.49814748,13.28141733,morning,9,daylight,0,wet,1,0,7,0,1,0,0,0,0,2,seriously_injured
2020,1,Mon,2,52.55012451,13.38900893,afternoon,15,dusk,1,wet,1,1,5,1,1,0,0,0,0,3,slightly_injured
2020,1,Wed,4,52.45029592,13.50809686,afternoon,12,daylight,0,wet,1,0,2,0,0,0,0,1,1,3,slightly_injured
2020,1,Mon,2,52.61589783,13.48596975,afternoon,15,daylight,0,dry,0,5,2,0,1,0,0,0,0,3,slightly_injured
2020,1,Mon,2,52.52228229,13.56491218,afternoon,14,daylight,0,wet,1,5,3,1,1,0,0,0,0,3,slightly_injured
2020,1,Mon,2,52.50674323,13.30183536,afternoon,14,daylight,0,dry,0,0,6,0,1,0,0,0,1,3,slightly_injured
2020,1,Mon,2,52.52892362,13.51913818,afternoon,14,daylight,0,dry,0,6,4,0,1,1,0,0,0,3,slightly_injured
2020,1,Mon,2,52.54458174,13.56536699,afternoon,14,daylight,0,dry,0,5,3,0,1,0,0,0,0,3,slightly_injured
2020,1,Tue,3,52.51994877,13.41637506,evening,20,dark,2,wet,1,5,2,1,1,0,0,0,0,3,slightly_injured
2020,1,Mon,2,52.52712339,13.33198564,afternoon,12,daylight,0,wet,1,2,6,0,1,0,0,0,0,3,slightly_injured
2020,1,Mon,2,52.53936201,13.42982909,afternoon,12,daylight,0,wet,1,0,7,1,0,0,0,0,0,3,slightly_injured
2020,1,Tue,3,52.44954729,13.33792833,afternoon,14,daylight,0,wet,1,5,2,1,1,0,0,0,0,3,slightly_injured
2020,1,Mon,2,52.44331442,13.43124676,morning,10,daylight,0,dry,0,5,3,0,1,0,0,0,0,3,slightly_injured
2020,1,Mon,2,52.43624574,13.34570208,morning,9,daylight,0,dry,0,2,2,0,1,0,0,0,0,3,slightly_injured
2020,1,Mon,2,52.61385391,13.24078429,morning,9,daylight,0,wet,1,5,2,1,1,0,0,0,0,2,seriously_injured
2020,1,Mon,2,52.51047188,13.29154812,morning,8,daylight,0,dry,0,5,2,1,1,0,0,0,0,3,slightly_injured
2020,1,Mon,2,52.44890762,13.29224547,morning,8,dusk,1,dry,0,6,2,0,1,1,0,0,0,3,slightly_injured
2020,1,Tue,3,52.49774474,13.39535837,morning,8,daylight,0,wet,1,2,6,0,1,0,0,0,0,3,slightly_injured
2020,1,Mon,2,52.42132849,13.26405618,morning,7,daylight,0,wet,1,1,5,0,1,0,0,0,0,3,slightly_injured
2020,1,Sun,1,52.48499184,13.38337995,evening,19,dark,2,wet,1,4,7,0,1,0,0,0,1,3,slightly_injured
2020,1,Tue,3,52.45747683,13.51097339,afternoon,14,daylight,0,dry,0,6,4,0,1,1,0,0,0,3,slightly_injured
2020,1,Sun,1,52.52360296,13.40173997,evening,23,dark,2,wet,1,0,1,1,0,0,0,0,0,3,slightly_injured
2020,1,Wed,4,52.50787253,13.37775078,afternoon,16,dark,2,wet,1,0,3,1,1,0,0,0,0,2,seriously_injured
2020,1,Sun,1,52.43983579,13.39206592,afternoon,12,daylight,0,wet,1,0,1,1,0,0,0,0,0,2,seriously_injured
2020,1,Sun,1,52.49275283,13.38790208,night,5,dusk,1,dry,0,6,2,0,1,1,0,0,0,2,seriously_injured
2020,1,Sun,1,52.51562189,13.3889442,night,2,dark,2,wet,1,5,3,0,1,0,0,0,0,3,slightly_injured
2020,1,Wed,4,52.50979799,13.30167493,evening,20,dark,2,wet,1,5,7,0,1,0,1,0,0,2,seriously_injured
2020,1,Sun,1,52.55653765,13.34315883,night,0,dark,2,dry,0,5,3,0,1,0,0,0,0,3,slightly_injured
2020,1,Sun,1,52.52721788,13.38703224,evening,23,dark,2,wet,1,5,3,0,1,0,0,0,0,3,slightly_injured
2020,1,Sun,1,52.54783832,13.34662112,evening,20,dark,2,wet,1,2,6,0,1,0,0,0,0,3,slightly_injured
2020,1,Sun,1,52.47041694,13.4416571,evening,18,dusk,1,dry,0,5,3,1,1,0,0,0,0,3,slightly_injured
2020,1,Sun,1,52.5432085,13.32293196,afternoon,15,dark,2,wet,1,2,6,0,1,0,0,0,0,3,slightly_injured
2020,1,Tue,3,52.5518799,13.19933651,afternoon,13,daylight,0,dry,0,6,7,0,1,1,0,0,0,3,slightly_injured
2020,1,Sat,7,52.50506496,13.33722646,evening,22,dark,2,dry,0,6,7,0,1,1,0,0,0,3,slightly_injured
2020,1,Wed,4,52.43454484,13.53849359,morning,6,dark,2,wet,1,5,2,0,1,0,0,0,1,3,slightly_injured
2020,1,Sat,7,52.52699888,13.21607124,evening,18,dark,2,dry,0,2,2,0,1,0,0,0,0,3,slightly_injured
2020,1,Sat,7,52.53306446,13.47600965,evening,18,dark,2,wet,1,2,6,0,1,0,0,0,0,3,slightly_injured
2020,1,Sat,7,52.43329951,13.35308756,afternoon,17,dark,2,wet,1,5,3,0,1,0,0,0,0,3,slightly_injured
2020,1,Sat,7,52.55199183,13.37837871,afternoon,17,dark,2,wet,1,5,3,1,1,0,0,0,0,3,slightly_injured
2020,1,Sat,7,52.51102632,13.33040118,afternoon,17,dark,2,wet,1,5,2,0,1,0,0,0,0,3,slightly_injured
2020,1,Sat,7,52.56945112,13.3300916,afternoon,16,dark,2,wet,1,6,2,0,1,1,0,0,0,3,slightly_injured
2020,1,Sat,7,52.53160905,13.38601028,afternoon,16,dark,2,wet,1,2,6,0,1,0,0,0,0,3,slightly_injured
2020,1,Wed,4,52.59622818,13.34750754,morning,11,daylight,0,wet,1,5,2,0,1,0,0,0,0,3,slightly_injured
2020,1,Sat,7,52.56834972,13.41690993,afternoon,14,daylight,0,wet,1,2,6,0,1,0,0,0,0,3,slightly_injured
2020,1,Sat,7,52.52206867,13.37643259,afternoon,13,daylight,0,wet,1,5,2,1,1,0,0,0,0,3,slightly_injured
2020,1,Sat,7,52.56970931,13.43668688,afternoon,13,daylight,0,wet,1,5,2,0,1,0,0,0,0,3,slightly_injured
2020,1,Sat,7,52.52578496,13.31602915,afternoon,13,daylight,0,wet,1,5,2,1,1,0,0,0,0,2,seriously_injured
2020,1,Tue,3,52.40522918,13.38138041,morning,10,daylight,0,dry,0,5,2,0,1,0,0,0,0,3,slightly_injured
2020,1,Sat,7,52.48608982,13.32261791,morning,11,daylight,0,wet,1,0,4,1,0,1,0,0,0,3,slightly_injured