ujahr,umonat,weekday,uwochentag,long,lat,time_of_day,ustunde,light_condition,ulichtverh,street_condition,ustrzustand,uart,utyp1,ist_rad,ist_pkw,ist_fuss,ist_krad,ist_gkfz,ist_sonstige,ukategorie,accident_outcome
2020,1,Tue,3,52.40927192,13.37168176,afternoon,14,daylight,0,wet,1,2,6,0,1,0,0,0,0,3,slightly_injured
2020,1,Sat,7,52.53119369,13.26732852,morning,7,dusk,1,wet,1,0,2,0,1,0,1,0,0,3,slightly_injured
2020,1,Sat,7,52.52707528,13.41590455,night,3,dark,2,wet,1,5,3,0,1,0,0,0,0,3,slightly_injured
2020,1,Sat,7,52.49990578,13.30690143,night,0,dark,2,wet,1,5,2,0,1,0,0,0,1,2,seriously_injured
2020,1,Thu,5,52.49307963,13.56136328,afternoon,12,daylight,0,wet,1,5,3,1,0,0,0,0,1,3,slightly_injured
2020,1,Fri,6,52.45899075,13.33094695,afternoon,13,daylight,0,wet,1,2,6,0,1,0,0,0,0,3,slightly_injured
2020,1,Fri,6,52.46344235,13.47481993,evening,19,dark,2,wet,1,2,6,0,1,0,0,0,0,3,slightly_injured
2020,1,Fri,6,52.43714727,13.32293653,afternoon,12,daylight,0,wet,1,0,1,1,0,0,0,0,0,3,slightly_injured
2020,1,Fri,6,52.55201347,13.34940586,afternoon,16,dark,2,wet,1,0,3,0,1,0,1,0,0,3,slightly_injured
2020,1,Tue,3,52.56116805,13.41147561,afternoon,14,daylight,0,wet,1,1,5,1,1,0,0,0,0,3,slightly_injured
2020,1,Fri,6,52.48221197,13.43604226,afternoon,15,dusk,1,wet,1,5,3,0,1,0,0,0,0,3,slightly_injured
2020,1,Fri,6,52.60136373,13.37926536,afternoon,15,dusk,1,wet,1,1,5,0,1,0,1,0,0,3,slightly_injured
2020,1,Tue,3,52.56043525,13.43392739,afternoon,14,daylight,0,wet,1,2,6,0,1,0,0,0,1,3,slightly_injured
2020,1,Fri,6,52.45408851,13.57428085,afternoon,15,daylight,0,wet,1,5,2,0,1,0,0,0,1,3,slightly_injured
2020,1,Wed,4,52.51812994,13.32106415,afternoon,17,dark,2,wet,1,0,3,1,0,0,1,0,0,3,slightly_injured
2020,1,Fri,6,52.49525963,13.36630284,afternoon,14,daylight,0,wet,1,5,3,0,1,0,0,0,0,3,slightly_injured
2020,1,Tue,3,52.54778642,13.20146706,morning,7,dusk,1,dry,0,5,3,0,1,0,0,0,0,3,slightly_injured
2020,1,Fri,6,52.54873843,13.17799172,afternoon,13,daylight,0,wet,1,2,6,0,1,0,0,0,0,2,seriously_injured
2020,1,Fri,6,52.51607653,13.31108903,afternoon,14,daylight,0,dry,0,2,6,0,1,0,0,0,0,3,slightly_injured
2020,1,Fri,6,52.45272356,13.50878829,evening,20,dark,2,wet,1,6,2,0,0,1,0,0,1,2,seriously_injured
2020,1,Fri,6,52.51012094,13.30771764,evening,19,dark,2,wet,1,6,2,0,1,1,0,0,0,2,seriously_injured
2020,1,Tue,3,52.44699603,13.34232293,afternoon,12,daylight,0,wet,1,6,4,0,1,1,0,0,0,2,seriously_injured
2020,1,Fri,6,52.57658034,13.31502415,evening,20,dark,2,wet,1,5,3,0,1,0,0,0,1,2,seriously_injured
2020,1,Tue,3,52.47353769,13.3221004,evening,19,dark,2,wet,1,5,3,0,1,0,1,0,0,2,seriously_injured
2020,1,Wed,4,52.51377245,13.26998554,night,5,dark,2,wet,1,5,3,0,1,0,0,0,0,3,slightly_injured
2020,1,Fri,6,52.49837489,13.41406992,evening,18,dark,2,wet,1,5,3,1,1,0,0,0,0,3,slightly_injured
2020,1,Fri,6,52.4852953,13.28421498,evening,18,dark,2,wet,1,5,3,1,1,0,0,0,0,3,slightly_injured
2020,1,Tue,3,52.5260878,13.16567014,evening,19,dark,2,dry,0,5,3,0,1,0,1,0,0,2,seriously_injured
2020,1,Wed,4,52.49041049,13.31395329,afternoon,14,daylight,0,wet,1,2,6,0,1,0,0,0,0,3,slightly_injured
2020,1,Fri,6,52.46430454,13.44355672,afternoon,16,dusk,1,wet,1,6,2,0,1,1,0,0,0,3,slightly_injured
2020,1,Fri,6,52.43621375,13.34564598,afternoon,17,dark,2,wet,1,2,2,0,1,0,0,0,0,3,slightly_injured
2020,1,Fri,6,52.52101512,13.26324921,afternoon,17,dark,2,wet,1,6,2,0,1,1,0,0,0,3,slightly_injured
2020,1,Fri,6,52.50029578,13.43756381,afternoon,17,dark,2,wet,1,6,2,0,1,1,0,0,0,2,seriously_injured
2020,1,Fri,6,52.5555836,13.1694157,afternoon,17,dark,2,wet,1,6,4,0,1,1,0,0,0,3,slightly_injured
2020,1,Fri,6,52.50517636,13.47130533,afternoon,16,dark,2,wet,1,2,2,1,1,0,0,0,0,3,slightly_injured
2020,1,Tue,3,52.52637751,13.38723329,evening,18,dark,2,wet,1,0,1,1,0,0,0,0,0,3,slightly_injured
2020,1,Wed,4,52.51201644,13.40888259,morning,7,dusk,1,wet,1,5,3,1,1,0,0,0,0,3,slightly_injured
2020,1,Fri,6,52.55007556,13.50849248,evening,23,dark,2,wet,1,5,2,0,1,0,0,0,0,3,slightly_injured
2020,1,Fri,6,52.46962304,13.4355271,evening,22,dark,2,wet,1,6,4,1,0,1,0,0,0,3,slightly_injured
2020,1,Fri,6,52.56797309,13.30961972,evening,22,dark,2,wet,1,6,4,0,1,1,0,0,0,2,seriously_injured
2020,1,Fri,6,52.45275757,13.43855944,evening,21,dark,2,wet,1,0,2,0,1,1,0,0,0,3,slightly_injured
2020,1,Fri,6,52.41781763,13.28688045,evening,20,dark,2,wet,1,5,3,1,1,0,0,0,0,2,seriously_injured
2020,1,Fri,6,52.55585295,13.38798941,evening,20,dark,2,wet,1,5,3,1,1,0,0,0,0,2,seriously_injured
2020,1,Tue,3,52.47133847,13.34034536,afternoon,17,dark,2,wet,1,5,3,1,1,0,0,0,0,3,slightly_injured
2020,1,Tue,3,52.51106778,13.4586239,evening,21,dark,2,wet,1,6,4,0,1,1,0,0,0,3,slightly_injured
2020,1,Fri,6,52.47879804,13.32024515,afternoon,13,daylight,0,dry,0,5,2,0,1,0,0,0,0,3,slightly_injured
2020,1,Fri,6,52.53229475,13.46293064,afternoon,13,daylight,0,dry,0,5,3,0,1,0,0,0,0,3,slightly_injured
2020,1,Mon,2,52.5597284,13.3698271,afternoon,15,daylight,0,wet,1,5,2,0,1,0,0,0,0,3,slightly_injured
2020,1,Fri,6,52.53361509,13.16948797,afternoon,12,daylight,0,wet,1,2,6,0,1,0,0,0,0,3,slightly_injured
2020,1,Wed,4,52.5660063,13.32867961,evening,18,dark,2,wet,1,5,7,0,1,0,1,0,0,3,slightly_injured
2020,1,Fri,6,52.54748012,13.4153941,afternoon,12,daylight,0,dry,0,2,1,0,1,0,1,0,0,3,slightly_injured
2020,1,Fri,6,52.45161072,13.62480513,morning,11,daylight,0,wet,1,5,2,1,1,0,0,0,0,3,slightly_injured
2020,1,Fri,6,52.56710778,13.39730193,morning,10,daylight,0,wet,1,5,3,1,1,0,0,0,0,3,slightly_injured
2020,1,Tue,3,52.46300552,13.37723705,morning,8,daylight,0,wet,1,6,2,0,1,1,0,0,0,3,slightly_injured
2020,1,Fri,6,52.46962546,13.33145482,night,1,dark,2,dry,0,0,1,1,0,0,0,0,0,3,slightly_injured
2020,1,Thu,5,52.45798703,13.29196126,afternoon,15,dusk,1,dry,0,6,4,0,1,1,0,0,0,3,slightly_injured
2020,1,Mon,2,52.55408722,13.40623481,evening,18,dark,2,wet,1,0,1,0,0,0,1,0,0,3,slightly_injured
2020,1,Thu,5,52.48082777,13.42505495,night,3,dark,2,icy,2,5,3,0,1,0,0,0,0,2,seriously_injured
2020,1,Tue,3,52.49631228,13.39523474,afternoon,17,dark,2,wet,1,5,3,1,1,0,0,0,0,3,slightly_injured
2020,1,Wed,4,52.42917686,13.32245034,afternoon,16,dark,2,wet,1,2,6,0,1,0,0,0,0,3,slightly_injured
2020,1,Thu,5,52.51753112,13.31742888,afternoon,14,daylight,0,dry,0,3,6,0,1,0,1,1,0,2,seriously_injured
2020,1,Tue,3,52.48779182,13.60559185,afternoon,16,dusk,1,wet,1,5,3,1,1,0,0,0,0,3,slightly_injured
2020,1,Thu,5,52.5597284,13.3698271,afternoon,13,daylight,0,dry,0,5,2,0,1,0,0,0,0,3,slightly_injured
2020,1,Thu,5,52.36605197,13.65501965,afternoon,13,daylight,0,dry,0,2,6,1,1,0,0,0,0,3,slightly_injured
2020,1,Thu,5,52.4739486,13.30065945,afternoon,12,daylight,0,dry,0,6,2,0,1,1,0,0,0,3,slightly_injured
2020,1,Thu,5,52.61242163,13.43125103,afternoon,12,daylight,0,dry,0,0,7,1,1,0,0,0,0,3,slightly_injured
2020,1,Thu,5,52.52612874,13.45147645,morning,11,daylight,0,dry,0,3,2,1,1,0,0,0,0,3,slightly_injured
2020,1,Thu,5,52.50076503,13.306842,morning,11,daylight,0,dry,0,5,2,0,1,0,0,0,0,3,slightly_injured
2020,1,Thu,5,52.57075411,13.33055482,morning,8,daylight,0,dry,0,0,7,0,1,0,0,0,0,3,slightly_injured
2020,1,Thu,5,52.38866514,13.39301555,morning,8,daylight,0,dry,0,5,3,0,1,0,0,0,0,3,slightly_injured
2020,1,Mon,2,52.539743,13.40657964,evening,21,dark,2,dry,0,8,1,0,0,0,1,0,0,3,slightly_injured
2020,1,Thu,5,52.47449331,13.37135445,morning,6,dark,2,icy,2,5,3,0,1,0,0,0,0,3,slightly_injured
2020,1,Wed,4,52.54814389,13.2054071,morning,7,daylight,0,wet,1,2,6,0,1,0,0,0,0,3,slightly_injured
2020,1,Thu,5,52.45269914,13.43853955,night,3,dark,2,wet,1,5,3,0,1,0,0,0,0,3,slightly_injured
2020,1,Thu,5,52.46858784,13.38554501,evening,22,dark,2,wet,1,0,1,0,1,0,0,0,0,2,seriously_injured
2020,1,Thu,5,52.41070341,13.41818868,evening,19,dark,2,dry,0,1,5,0,1,0,0,0,0,2,seriously_injured
2020,1,Thu,5,52.52293619,13.42640619,evening,18,dark,2,dry,0,6,4,0,1,1,0,0,0,2,seriously_injured
2020,1,Thu,5,52.50064978,13.49485202,evening,18,dark,2,dry,0,5,3,0,1,0,0,0,1,3,slightly_injured
2020,1,Tue,3,52.42212646,13.34916213,afternoon,15,dusk,1,wet,1,5,3,1,1,0,0,0,0,3,slightly_injured
2020,1,Thu,5,52.45718363,13.3208807,afternoon,17,dark,2,dry,0,0,6,0,1,0,0,0,1,2,seriously_injured
2020,1,Wed,4,52.57909874,13.42892024,morning,11,daylight,0,wet,1,5,3,0,1,0,0,0,0,3,slightly_injured
2020,1,Thu,5,52.50927008,13.37181979,afternoon,17,dark,2,dry,0,5,2,1,1,0,0,0,0,3,slightly_injured
2020,1,Thu,5,52.55605764,13.38446367,afternoon,15,dusk,1,dry,0,5,3,1,1,0,0,0,0,3,slightly_injured
2020,1,Thu,5,52.52431722,13.32755617,afternoon,15,daylight,0,dry,0,2,2,0,1,0,0,0,0,3,slightly_injured
2020,1,Thu,5,52.50185921,13.41970733,morning,7,dusk,1,dry,0,6,4,0,0,1,0,0,1,1,killed
2020,1,Wed,4,52.52864396,13.42909883,afternoon,13,daylight,0,dry,0,6,4,0,1,1,0,0,0,3,slightly_injured
2020,1,Tue,3,52.58423188,13.36577131,morning,11,daylight,0,wet,1,5,3,1,1,0,0,0,0,2,seriously_injured
2020,1,Wed,4,52.52298703,13.47722457,evening,18,dark,2,dry,0,5,2,0,1,0,1,0,0,2,seriously_injured
2020,1,Wed,4,52.45093957,13.25415726,evening,21,dark,2,dry,0,5,2,1,1,0,0,0,0,3,slightly_injured
2020,1,Wed,4,52.4988784,13.41862533,afternoon,13,daylight,0,wet,1,5,2,1,0,0,0,1,0,1,killed
2020,1,Wed,4,52.48062375,13.42511406,morning,11,daylight,0,dry,0,5,3,0,1,0,0,0,0,2,seriously_injured
2020,1,Wed,4,52.54212844,13.33652295,night,3,dark,2,wet,1,5,2,0,1,0,0,0,0,3,slightly_injured
2020,1,Wed,4,52.48080885,13.42506007,night,3,dark,2,dry,0,5,3,0,1,0,0,0,0,3,slightly_injured
2020,1,Wed,4,52.45273033,13.43857098,night,2,dark,2,dry,0,5,3,0,1,0,0,0,0,3,slightly_injured
2020,1,Tue,3,52.49925435,13.31249276,afternoon,15,dusk,1,wet,1,6,4,1,0,1,0,0,0,3,slightly_injured
2020,1,Wed,4,52.54278359,13.41422706,night,1,dark,2,dry,0,0,1,1,0,0,0,0,0,2,seriously_injured
2020,1,Tue,3,52.50258237,13.33875222,morning,7,daylight,0,wet,1,1,5,1,1,0,0,0,0,3,slightly_injured
2020,1,Mon,2,52.52465668,13.40313616,evening,20,dark,2,dry,0,6,2,0,1,1,0,0,0,3,slightly_injured
2020,1,Mon,2,52.48565539,13.43128267,evening,19,dark,2,dry,0,1,5,1,1,0,0,0,0,3,slightly_injured
2020,1,Wed,4,52.43311804,13.25953386,evening,19,dark,2,wet,1,5,2,1,1,0,0,0,0,3,slightly_injured
2020,1,Mon,2,52.42921645,13.34682336,evening,18,dark,2,wet,1,6,4,0,1,1,0,0,0,2,seriously_injured
2020,1,Wed,4,52.49298331,13.38798524,morning,6,dark,2,wet,1,5,2,1,1,0,0,0,0,3,slightly_injured
2020,1,Wed,4,52.45979551,13.36435654,afternoon,15,daylight,0,dry,0,6,4,0,1,1,0,0,0,3,slightly_injured
2020,1,Wed,4,52.53566511,13.19990576,morning,8,daylight,0,wet,1,0,5,0,0,0,0,0,1,3,slightly_injured
2020,1,Tue,3,52.5347091,13.40577975,morning,8,dusk,1,wet,1,1,5,1,0,0,0,0,1,3,slightly_injured
2020,1,Thu,5,52.53413976,13.55498479,evening,21,dark,2,wet,1,9,1,0,0,0,0,0,1,2,seriously_injured
2020,1,Tue,3,52.43537526,13.3133656,morning,9,daylight,0,wet,1,5,2,0,1,0,0,0,0,2,seriously_injured
2020,1,Mon,2,52.40995205,13.47787614,evening,18,dark,2,wet,1,5,2,0,1,0,1,0,0,2,seriously_injured
2020,1,Tue,3,52.4314391,13.49509726,afternoon,15,dusk,1,wet,1,3,6,0,1,0,0,0,1,3,slightly_injured
2020,1,Wed,4,52.5038608,13.34691531,afternoon,17,dark,2,wet,1,1,5,1,1,0,0,0,0,3,slightly_injured
2020,1,Tue,3,52.56269115,13.36454229,afternoon,15,daylight,0,dry,0,5,2,0,1,0,0,0,0,3,slightly_injured
2020,1,Tue,3,52.53503614,13.28284224,morning,7,dark,2,wet,1,6,2,0,1,1,0,0,0,3,slightly_injured
2020,1,Sat,7,52.54431746,13.36031619,evening,18,dark,2,dry,0,6,2,0,1,1,0,0,0,3,slightly_injured
2020,1,Mon,2,52.56227981,13.37328144,afternoon,16,dark,2,dry,0,2,3,0,1,0,0,0,0,3,slightly_injured
2020,1,Fri,6,52.44527016,13.52657352,afternoon,12,daylight,0,wet,1,1,5,0,1,0,0,0,0,3,slightly_injured
2020,1,Sat,7,52.42835286,13.29245694,afternoon,15,daylight,0,dry,0,5,3,0,1,0,0,0,0,3,slightly_injured
2020,1,Fri,6,52.52830857,13.46798797,morning,10,daylight,0,dry,0,5,2,1,1,0,0,0,0,3,slightly_injured
2020,1,Thu,5,52.47726221,13.42364032,morning,7,dark,2,dry,0,5,2,1,1,0,0,0,0,3,slightly_injured
2020,1,Mon,2,52.4507381,13.53927934,morning,7,dark,2,dry,0,5,3,1,1,0,0,0,0,3,slightly_injured
2020,1,Fri,6,52.51087945,13.46274106,morning,10,daylight,0,wet,1,5,3,0,1,0,0,1,0,3,slightly_injured
2020,1,Tue,3,52.49691971,13.42564532,evening,18,dark,2,dry,0,1,5,1,1,0,0,0,0,3,slightly_injured
2020,1,Fri,6,52.42299819,13.32931998,morning,10,daylight,0,wet,1,5,3,0,1,0,0,1,0,3,slightly_injured
2020,1,Sat,7,52.47821843,13.31681949,evening,18,dark,2,dry,0,8,1,0,1,0,0,0,0,3,slightly_injured
2020,1,Mon,2,52.50484771,13.42677997,afternoon,13,daylight,0,wet,1,5,3,1,1,0,0,0,0,3,slightly_injured
2020,1,Fri,6,52.48520324,13.30648369,morning,10,daylight,0,wet,1,0,1,1,0,0,0,0,0,2,seriously_injured
2020,1,Thu,5,52.53493944,13.19956066,morning,10,daylight,0,dry,0,6,4,0,1,1,0,0,0,3,slightly_injured
2020,1,Wed,4,52.49078094,13.33161864,evening,18,dark,2,dry,0,6,4,1,0,1,0,0,0,3,slightly_injured
2020,1,Sun,1,52.43560385,13.3048509,afternoon,14,daylight,0,dry,0,5,2,0,1,0,1,0,0,3,slightly_injured
2020,1,Wed,4,52.54440117,13.41273551,morning,9,daylight,0,dry,0,5,2,1,1,0,0,0,0,3,slightly_injured
2020,1,Mon,2,52.51735511,13.39514822,afternoon,15,daylight,0,dry,0,5,2,0,1,0,1,0,0,2,seriously_injured
2020,1,Tue,3,52.53243309,13.14158863,morning,7,dark,2,dry,0,5,2,0,1,0,0,0,0,3,slightly_injured
2020,1,Fri,6,52.44719834,13.55657019,morning,9,daylight,0,wet,1,5,3,1,1,0,0,0,0,2,seriously_injured
2020,1,Fri,6,52.44725121,13.59233039,morning,8,dusk,1,dry,0,3,6,1,0,0,0,0,1,3,slightly_injured
2020,1,Mon,2,52.48641968,13.42449771,morning,9,daylight,0,dry,0,2,2,0,1,0,0,0,1,3,slightly_injured
2020,1,Fri,6,52.45362927,13.31643779,morning,8,daylight,0,wet,1,5,2,1,1,0,0,0,0,2,seriously_injured
2020,1,Thu,5,52.5465127,13.40025536,evening,18,dark,2,dry,0,1,5,1,1,0,0,0,0,3,slightly_injured
2020,1,Wed,4,52.47210196,13.3144216,afternoon,16,dark,2,dry,0,5,2,0,1,0,1,0,0,3,slightly_injured
2020,1,Sun,1,52.44764962,13.51281143,afternoon,12,daylight,0,dry,0,5,2,1,0,0,0,0,1,1,killed
2020,1,Mon,2,52.48828277,13.426693,afternoon,12,daylight,0,wet,1,5,3,1,1,0,0,0,0,3,slightly_injured
2020,1,Fri,6,52.50419521,13.38150444,morning,8,dusk,1,wet,1,0,1,0,0,0,0,0,1,3,slightly_injured
2020,1,Sat,7,52.50218579,13.33341703,night,5,dark,2,wet,1,0,1,0,0,0,0,0,1,3,slightly_injured
2020,1,Fri,6,52.53430042,13.55713023,afternoon,14,daylight,0,dry,0,0,7,0,1,0,0,0,1,3,slightly_injured
2020,1,Sun,1,52.49020498,13.31387214,afternoon,15,daylight,0,dry,0,2,6,0,1,0,0,0,1,3,slightly_injured
2020,1,Fri,6,52.52208375,13.3915136,morning,8,daylight,0,dry,0,5,3,0,1,0,0,0,0,3,slightly_injured
2020,1,Tue,3,52.61570827,13.46338099,morning,10,daylight,0,dry,0,4,7,0,1,0,0,0,0,3,slightly_injured
2020,1,Fri,6,52.51219768,13.33114153,morning,8,daylight,0,wet,1,5,2,1,1,0,0,0,0,2,seriously_injured
2020,1,Fri,6,52.4369449,13.44739085,morning,7,dusk,1,icy,2,6,2,0,1,1,0,0,0,2,seriously_injured
2020,1,Mon,2,52.45618006,13.47535829,morning,7,dark,2,dry,0,6,2,0,1,1,0,0,0,3,slightly_injured
2020,1,Fri,6,52.43688245,13.23142494,morning,7,daylight,0,wet,1,6,2,0,1,1,0,0,0,2,seriously_injured
2020,1,Thu,5,52.52497819,13.34281798,evening,18,dusk,1,dry,0,6,4,1,0,1,0,0,0,3,slightly_injured
2020,1,Wed,4,52.48262461,13.34395946,afternoon,13,daylight,0,dry,0,5,5,1,1,0,0,0,0,3,slightly_injured
2020,1,Sat,7,52.49503112,13.3310349,evening,18,dark,2,dry,0,5,3,1,1,0,0,0,0,3,slightly_injured
2020,1,Mon,2,52.564326,13.42688105,afternoon,17,dark,2,dry,0,5,3,1,1,0,0,0,0,3,slightly_injured
2020,1,Fri,6,52.44498496,13.50502921,morning,7,dark,2,wet,1,5,3,1,1,0,0,0,0,3,slightly_injured
2020,1,Sat,7,52.54949283,13.38661112,night,3,dark,2,wet,1,5,2,0,1,0,0,0,0,3,slightly_injured
2020,1,Fri,6,52.54742738,13.37377203,afternoon,13,daylight,0,dry,0,2,6,0,1,0,0,0,1,3,slightly_injured
2020,1,Thu,5,52.47412027,13.50856853,morning,10,daylight,0,dry,0,2,6,0,1,0,0,0,0,3,slightly_injured
2020,1,Mon,2,52.43912898,13.52471144,morning,9,daylight,0,dry,0,5,3,1,1,0,0,0,0,3,slightly_injured
2020,1,Fri,6,52.4849671,13.43743429,evening,20,dark,2,wet,1,5,3,1,1,0,0,0,0,3,slightly_injured
2020,1,Thu,5,52.54559098,13.20340001,afternoon,17,dark,2,dry,0,6,4,0,1,1,0,0,0,3,slightly_injured
2020,1,Mon,2,52.57210447,13.30793885,morning,11,daylight,0,dry,0,0,2,0,1,0,0,0,1,2,seriously_injured
2020,1,Wed,4,52.55064448,13.5118282,morning,7,dark,2,dry,0,5,3,1,1,0,0,0,0,2,seriously_injured
2020,1,Sat,7,52.44517299,13.33041987,afternoon,13,daylight,0,dry,0,5,3,1,1,0,0,0,0,3,slightly_injured
2020,1,Mon,2,52.49652095,13.36673786,afternoon,16,daylight,0,dry,0,3,6,0,1,0,0,0,0,2,seriously_injured
2020,1,Fri,6,52.49919601,13.43042467,evening,19,dusk,1,wet,1,5,3,1,1,0,0,0,0,3,slightly_injured
2020,1,Sat,7,52.41831674,13.32806566,night,1,dark,2,wet,1,1,1,0,1,0,0,0,0,2,seriously_injured
2020,1,Fri,6,52.5394889,13.29998213,morning,11,daylight,0,dry,0,0,2,1,1,0,0,0,0,3,slightly_injured
2020,1,Thu,5,52.45244934,13.6043954,morning,7,dusk,1,dry,0,5,3,1,1,0,0,0,0,3,slightly_injured
2020,1,Mon,2,52.42511909,13.59227432,afternoon,17,dark,2,dry,0,1,5,0,1,0,0,0,0,3,slightly_injured
2020,1,Fri,6,52.51036998,13.43021537,evening,19,dark,2,wet,1,3,6,1,1,0,0,0,0,3,slightly_injured
2020,1,Tue,3,52.47285843,13.50964526,afternoon,17,dark,2,dry,0,2,2,0,1,0,0,0,0,3,slightly_injured
2020,1,Fri,6,52.43631176,13.34595004,evening,19,dark,2,dry,0,6,2,0,1,1,0,0,0,2,seriously_injured
2020,1,Sat,7,52.52130914,13.40309315,evening,18,dark,2,dry,0,2,2,0,1,0,0,0,0,3,slightly_injured
2020,1,Mon,2,52.57575163,13.3252371,morning,11,daylight,0,dry,0,5,3,0,1,0,0,0,0,3,slightly_injured
2020,1,Fri,6,52.49135707,13.29400168,evening,18,dark,2,wet,1,6,4,0,1,1,0,0,0,3,slightly_injured
2020,1,Tue,3,52.52961425,13.46158711,evening,20,dark,2,dry,0,2,6,0,1,0,0,0,0,3,slightly_injured
2020,1,Fri,6,52.43410903,13.35862571,afternoon,17,dark,2,wet,1,5,3,0,1,0,0,0,0,3,slightly_injured
2020,1,Sat,7,52.42397816,13.31435083,morning,10,daylight,0,wet,1,5,2,1,1,0,0,0,0,3,slightly_injured
2020,1,Mon,2,52.57114789,13.41609465,afternoon,15,daylight,0,wet,1,5,7,0,1,0,1,0,0,3,slightly_injured
2020,1,Fri,6,52.55649548,13.37394465,afternoon,17,dark,2,wet,1,2,2,0,1,0,0,0,0,3,slightly_injured
2020,1,Thu,5,52.5528811,13.40315005,morning,8,daylight,0,dry,0,2,7,0,1,0,0,0,0,3,slightly_injured
2020,1,Wed,4,52.52041218,13.45157718,morning,8,daylight,0,dry,0,5,3,0,1,0,0,0,0,3,slightly_injured
2020,1,Sun,1,52.49865552,13.46549222,evening,19,dark,2,dry,0,6,2,0,1,1,0,0,0,3,slightly_injured
2020,1,Tue,3,52.49388386,13.40283777,afternoon,16,daylight,0,dry,0,5,2,1,1,0,0,0,0,3,slightly_injured
2020,1,Fri,6,52.50754518,13.42767991,afternoon,17,dark,2,wet,1,5,2,0,0,0,1,0,1,3,slightly_injured
2020,1,Fri,6,52.52241078,13.42957617,morning,7,daylight,0,dry,0,1,5,1,1,0,0,0,0,3,slightly_injured
2020,1,Mon,2,52.59252381,13.43669709,morning,8,daylight,0,dry,0,5,2,1,1,0,0,0,0,3,slightly_injured
2020,1,Fri,6,52.54250952,13.42077049,afternoon,16,dark,2,wet,1,0,1,0,0,0,1,0,0,3,slightly_injured
2020,1,Thu,5,52.50470486,13.40696,afternoon,16,dark,2,dry,0,6,4,0,1,1,0,0,0,2,seriously_injured
2020,1,Wed,4,52.44043809,13.567435,afternoon,16,daylight,0,dry,0,5,2,1,1,0,0,0,0,3,slightly_injured
2020,1,Sat,7,52.48267198,13.48114945,morning,10,daylight,0,dry,0,6,4,0,1,1,0,0,0,3,slightly_injured
2020,1,Thu,5,52.51046477,13.27082267,evening,21,dark,2,dry,0,8,1,0,1,0,0,0,0,2,seriously_injured
2020,1,Wed,4,52.44350124,13.33127234,afternoon,17,dark,2,dry,0,5,3,0,1,0,1,0,0,2,seriously_injured
2020,1,Sun,1,52.48647752,13.42416487,night,5,dark,2,dry,0,0,7,0,1,0,0,0,0,3,slightly_injured
2020,1,Tue,3,52.48882197,13.37446091,morning,8,daylight,0,wet,1,0,2,1,0,0,0,1,0,3,slightly_injured
2020,1,Fri,6,52.50192611,13.34200343,afternoon,15,dusk,1,wet,1,0,3,1,0,0,0,0,1,2,seriously_injured
2020,1,Fri,6,52.46440675,13.329815,evening,18,dusk,1,dry,0,6,2,0,1,1,0,0,0,3,slightly_injured
2020,1,Mon,2,52.54066058,13.37638529,night,0,dark,2,wet,1,1,1,0,1,0,0,0,0,3,slightly_injured
2020,1,Fri,6,52.47732207,13.29015778,afternoon,15,dusk,1,wet,1,6,2,0,1,1,0,0,0,3,slightly_injured
2020,1,Thu,5,52.43017655,13.33405637,afternoon,17,dark,2,dry,0,5,2,0,1,0,1,0,0,3,slightly_injured
2020,1,Wed,4,52.52765638,13.23290284,afternoon,13,daylight,0,dry,0,2,6,0,1,0,0,0,0,2,seriously_injured
2020,1,Mon,2,52.528821,13.45792604,afternoon,16,dark,2,wet,1,5,2,0,1,0,0,0,0,3,slightly_injured
2020,1,Fri,6,52.45447345,13.37404404,afternoon,15,daylight,0,dry,0,6,7,1,0,1,0,0,0,3,slightly_injured
2020,1,Fri,6,52.49846977,13.40640902,afternoon,17,dark,2,dry,0,6,7,1,0,1,0,0,0,3,slightly_injured
2020,1,Mon,2,52.54278164,13.23019949,evening,23,dark,2,dry,0,0,3,1,1,0,0,0,0,3,slightly_injured
2020,1,Fri,6,52.49317642,13.35358494,afternoon,14,daylight,0,wet,1,5,7,0,1,0,1,0,0,3,slightly_injured
2020,1,Fri,6,52.49077031,13.31384908,afternoon,12,daylight,0,wet,1,1,5,0,1,0,1,0,0,3,slightly_injured
2020,1,Fri,6,52.41191495,13.38814316,afternoon,14,daylight,0,dry,0,2,2,0,1,0,0,0,0,3,slightly_injured
2020,1,Sun,1,52.45247889,13.57843267,afternoon,13,daylight,0,dry,0,4,1,0,1,0,0,0,0,2,seriously_injured
2020,1,Thu,5,52.58793234,13.2799952,afternoon,17,dark,2,dry,0,6,4,0,1,1,0,0,0,3,slightly_injured
2020,1,Mon,2,52.56046746,13.21713961,morning,8,daylight,0,dry,0,5,3,0,1,0,0,1,0,3,slightly_injured
2020,1,Sun,1,52.43192974,13.3461654,morning,9,daylight,0,dry,0,6,2,0,1,1,0,0,0,2,seriously_injured
2020,1,Wed,4,52.53631779,13.56255394,night,5,dark,2,dry,0,6,2,0,1,1,0,0,0,3,slightly_injured
2020,1,Sat,7,52.49595551,13.38942438,evening,23,dark,2,wet,1,5,2,1,1,0,0,0,0,3,slightly_injured
2020,1,Mon,2,52.39244506,13.38989929,afternoon,15,daylight,0,dry,0,6,5,0,1,1,0,0,0,3,slightly_injured
2020,1,Fri,6,52.4837788,13.400252,night,5,dark,2,dry,0,6,2,0,1,1,0,0,0,3,slightly_injured