ujahr,umonat,weekday,uwochentag,long,lat,time_of_day,ustunde,light_condition,ulichtverh,street_condition,ustrzustand,uart,utyp1,ist_rad,ist_pkw,ist_fuss,ist_krad,ist_gkfz,ist_sonstige,ukategorie,accident_outcome
2020,1,Fri,6,52.44542284,13.38346607,afternoon,14,daylight,0,dry,0,0,3,0,1,0,0,0,1,3,slightly_injured
2020,1,Fri,6,52.52368945,13.27938564,morning,10,daylight,0,dry,0,5,2,1,1,0,0,0,0,2,seriously_injured
2020,1,Sun,1,52.578165,13.29790407,morning,9,daylight,0,wet,1,5,2,0,1,0,0,0,0,3,slightly_injured
2020,1,Wed,4,52.47412171,13.44501963,morning,11,daylight,0,dry,0,6,4,0,1,1,0,0,0,3,slightly_injured
2020,1,Mon,2,52.55343876,13.24970333,afternoon,15,dusk,1,wet,1,2,6,0,1,0,0,0,0,3,slightly_injured
2020,1,Fri,6,52.50283647,13.47791407,afternoon,12,daylight,0,wet,1,0,1,0,0,0,1,0,0,3,slightly_injured
2020,1,Sat,7,52.57689629,13.4428882,afternoon,14,daylight,0,dry,0,5,3,0,1,0,0,0,0,3,slightly_injured
2020,1,Thu,5,52.58016852,13.36305157,morning,8,daylight,0,dry,0,1,7,0,1,0,0,1,0,2,seriously_injured
2020,1,Mon,2,52.452572,13.38343513,morning,7,dusk,1,dry,0,5,5,1,1,0,0,0,0,3,slightly_injured
2020,1,Fri,6,52.43188312,13.45982977,night,4,dark,2,wet,1,6,2,0,0,1,0,1,0,3,slightly_injured
2020,1,Tue,3,52.51831855,13.49926633,evening,19,dark,2,wet,1,2,6,0,1,0,0,0,0,3,slightly_injured
2020,1,Fri,6,52.59640843,13.35094732,morning,7,dark,2,wet,1,6,2,0,1,1,0,0,0,3,slightly_injured
2020,1,Sat,7,52.54468764,13.36236775,morning,10,daylight,0,dry,0,2,6,0,1,0,0,0,0,3,slightly_injured
2020,1,Mon,2,52.56016897,13.33498357,afternoon,14,daylight,0,wet,1,2,6,0,1,0,0,1,0,3,slightly_injured
2020,1,Fri,6,52.53213273,13.52682892,morning,7,dark,2,wet,1,4,6,0,1,0,0,0,1,3,slightly_injured
2020,1,Thu,5,52.48954937,13.39072094,afternoon,12,daylight,0,dry,0,5,3,1,1,0,0,0,0,3,slightly_injured
2020,1,Sat,7,52.42637163,13.52871483,afternoon,14,daylight,0,dry,0,2,6,0,1,0,0,0,0,3,slightly_injured
2020,1,Wed,4,52.53834949,13.21511533,evening,18,dark,2,dry,0,2,6,0,1,0,0,0,0,2,seriously_injured
2020,1,Sun,1,52.51587836,13.25310489,afternoon,17,daylight,0,dry,0,5,5,0,1,0,1,0,0,2,seriously_injured
2020,1,Tue,3,52.48437216,13.38789089,morning,11,daylight,0,dry,0,0,6,0,0,1,0,0,1,3,slightly_injured
2020,1,Fri,6,52.55346541,13.15361643,morning,7,dark,2,wet,1,6,2,0,1,1,0,0,0,2,seriously_injured
2020,1,Fri,6,52.3942608,13.41250323,morning,7,daylight,0,wet,1,0,1,1,0,0,0,0,0,3,slightly_injured
2020,1,Tue,3,52.54364832,13.1554117,morning,7,dusk,1,dry,0,2,6,0,1,0,0,0,0,3,slightly_injured
2020,1,Fri,6,52.45602241,13.59531686,morning,6,dark,2,wet,1,6,2,0,1,1,0,0,0,3,slightly_injured
2020,1,Sat,7,52.56921782,13.40126361,evening,18,dark,2,dry,0,0,2,0,1,0,0,0,1,3,slightly_injured
2020,1,Mon,2,52.4121582,13.26690523,morning,9,daylight,0,dry,0,6,2,0,0,1,0,0,1,3,slightly_injured
2020,1,Fri,6,52.54058271,13.23251359,morning,6,dark,2,wet,1,6,2,0,1,1,0,0,0,3,slightly_injured
2020,1,Thu,5,52.54060406,13.62506314,afternoon,16,dusk,1,dry,0,6,4,0,1,1,0,0,0,2,seriously_injured
2020,1,Sat,7,52.4591285,13.40012036,afternoon,15,daylight,0,dry,0,5,2,0,1,0,0,0,0,3,slightly_injured
2020,1,Wed,4,52.53248,13.39715493,evening,18,dark,2,dry,0,1,5,0,1,0,0,0,0,3,slightly_injured
2020,1,Sun,1,52.53347173,13.40462291,night,1,dark,2,wet,1,0,1,1,0,0,0,0,0,3,slightly_injured
2020,1,Mon,2,52.51508442,13.3494231,morning,9,daylight,0,dry,0,3,6,0,1,0,0,0,0,3,slightly_injured
2020,1,Thu,5,52.40911934,13.37603827,morning,7,dusk,1,wet,1,5,2,1,1,0,0,0,0,3,slightly_injured
2020,1,Fri,6,52.49600917,13.52462655,afternoon,13,daylight,0,dry,0,5,2,1,1,0,0,0,0,3,slightly_injured
2020,1,Fri,6,52.48817982,13.37057507,afternoon,15,daylight,0,dry,0,0,7,1,0,0,0,0,0,3,slightly_injured
2020,1,Sun,1,52.44666481,13.4020603,afternoon,16,dark,2,dry,0,5,3,0,1,0,0,0,1,3,slightly_injured
2020,1,Thu,5,52.46343555,13.41996646,afternoon,14,daylight,0,dry,0,4,6,1,1,0,0,0,0,3,slightly_injured
2020,1,Thu,5,52.54595392,13.20867638,afternoon,13,daylight,0,dry,0,2,6,0,0,0,1,0,1,3,slightly_injured
2020,1,Mon,2,52.55340116,13.15350924,afternoon,12,daylight,0,dry,0,5,2,0,1,0,0,0,0,3,slightly_injured
2020,1,Mon,2,52.53125132,13.4809123,morning,7,daylight,0,dry,0,2,6,0,1,0,0,0,0,3,slightly_injured
2020,1,Thu,5,52.56527994,13.44399536,afternoon,17,dark,2,wet,1,0,1,0,1,0,1,0,0,3,slightly_injured
2020,1,Thu,5,52.5302787,13.29570452,afternoon,16,daylight,0,dry,0,2,6,0,1,0,0,0,0,3,slightly_injured
2020,1,Wed,4,52.54621681,13.3690855,afternoon,15,daylight,0,dry,0,5,3,1,1,0,0,0,0,3,slightly_injured
2020,1,Sat,7,52.53355796,13.42110605,evening,18,dark,2,dry,0,3,2,1,1,0,0,0,0,3,slightly_injured
2020,1,Mon,2,52.58393909,13.27564269,evening,18,dark,2,dry,0,1,1,1,1,0,0,0,0,3,slightly_injured
2020,1,Thu,5,52.55102771,13.34053783,evening,21,dark,2,wet,1,6,4,0,1,1,0,0,0,3,slightly_injured
2020,1,Fri,6,52.51477839,13.34899339,afternoon,13,daylight,0,wet,1,5,3,0,1,0,0,0,0,3,slightly_injured
2020,1,Fri,6,52.54116697,13.40731969,afternoon,14,daylight,0,dry,0,2,7,1,1,0,0,0,0,3,slightly_injured
2020,1,Sat,7,52.4449574,13.37954019,afternoon,15,daylight,0,dry,0,5,3,1,1,0,0,0,0,3,slightly_injured
2020,1,Thu,5,52.53433936,13.19100786,morning,11,daylight,0,dry,0,2,6,0,1,0,0,0,1,2,seriously_injured
2020,1,Mon,2,52.590217,13.28392467,morning,9,daylight,0,dry,0,0,6,1,0,0,0,0,1,3,slightly_injured
2020,1,Sat,7,52.43016459,13.22314934,afternoon,15,daylight,0,dry,0,5,2,1,1,0,0,0,0,3,slightly_injured
2020,1,Tue,3,52.55211751,13.42700252,morning,11,daylight,0,dry,0,5,3,1,1,0,0,0,0,3,slightly_injured
2020,1,Sat,7,52.55328901,13.41837869,evening,23,dark,2,dry,0,5,2,0,1,0,0,0,1,3,slightly_injured
2020,1,Wed,4,52.50961722,13.37660859,morning,8,daylight,0,dry,0,5,3,1,1,0,0,0,0,3,slightly_injured
2020,1,Sat,7,52.56912185,13.32977584,afternoon,17,dark,2,dry,0,6,2,0,1,1,0,0,0,2,seriously_injured
2020,1,Mon,2,52.52674532,13.48532739,afternoon,16,dark,2,wet,1,5,3,0,1,0,0,0,0,3,slightly_injured
2020,1,Thu,5,52.55422947,13.34504102,evening,20,dark,2,wet,1,6,2,0,1,1,0,0,0,2,seriously_injured
2020,1,Fri,6,52.58079465,13.29144555,afternoon,13,daylight,0,dry,0,2,6,0,1,0,0,0,1,3,slightly_injured
2020,1,Fri,6,52.64342693,13.49610655,morning,10,daylight,0,dry,0,5,3,1,1,0,0,0,0,2,seriously_injured
2020,1,Thu,5,52.48275046,13.50166478,morning,7,dark,2,dry,0,5,2,1,1,0,0,0,0,3,slightly_injured
2020,1,Mon,2,52.50206861,13.48140258,night,5,dark,2,dry,0,5,3,0,1,0,0,0,0,3,slightly_injured
2020,1,Thu,5,52.45630009,13.38641163,evening,20,dark,2,wet,1,6,4,0,1,1,0,0,0,3,slightly_injured
2020,1,Tue,3,52.49634235,13.39500643,evening,18,dark,2,dry,0,5,2,1,1,0,0,0,0,3,slightly_injured
2020,1,Thu,5,52.4711026,13.43504201,evening,19,dark,2,wet,1,6,4,0,1,1,0,0,0,2,seriously_injured
2020,1,Sat,7,52.50675667,13.29928183,night,5,dark,2,dry,0,5,3,0,1,0,0,0,0,3,slightly_injured
2020,1,Mon,2,52.45431145,13.3186487,afternoon,12,daylight,0,dry,0,2,6,0,1,0,0,0,1,3,slightly_injured
2020,1,Thu,5,52.50789824,13.40441202,evening,19,dark,2,wet,1,5,3,0,1,0,0,0,0,3,slightly_injured
2020,1,Thu,5,52.45654678,13.56249375,evening,22,dark,2,dry,0,5,2,0,1,0,0,0,0,3,slightly_injured
2020,1,Sat,7,52.47187786,13.4289376,afternoon,12,daylight,0,dry,0,2,2,0,1,0,0,0,0,3,slightly_injured
2020,1,Mon,2,52.55953749,13.38694021,afternoon,15,dusk,1,wet,1,6,4,0,1,1,0,0,0,3,slightly_injured
2020,1,Thu,5,52.60309021,13.33235595,morning,9,daylight,0,wet,1,5,3,0,1,0,0,0,0,3,slightly_injured
2020,1,Fri,6,52.52281037,13.19770454,evening,18,dark,2,dry,0,6,2,0,1,1,0,0,0,3,slightly_injured
2020,1,Wed,4,52.56246595,13.42140386,morning,8,daylight,0,dry,0,5,3,1,1,0,0,0,0,3,slightly_injured
2020,1,Sun,1,52.4837912,13.43268149,afternoon,12,daylight,0,dry,0,6,7,1,0,1,0,0,0,3,slightly_injured
2020,1,Tue,3,52.56513786,13.33536903,afternoon,16,dark,2,dry,0,5,2,1,1,0,0,0,0,3,slightly_injured
2020,1,Thu,5,52.46502864,13.42148024,morning,10,daylight,0,dry,0,2,7,1,1,0,0,0,0,3,slightly_injured
2020,1,Fri,6,52.54898776,13.38117826,morning,10,daylight,0,dry,0,6,7,0,1,1,0,0,0,3,slightly_injured
2020,1,Mon,2,52.52889417,13.40194331,morning,8,daylight,0,dry,0,5,3,0,1,0,0,0,1,3,slightly_injured
2020,1,Thu,5,52.53820382,13.18997452,morning,9,daylight,0,wet,1,6,2,0,0,1,0,0,1,3,slightly_injured
2020,1,Thu,5,52.51808928,13.28014698,afternoon,16,daylight,0,dry,0,5,2,1,1,0,0,0,0,3,slightly_injured
2020,1,Wed,4,52.50435448,13.47432521,afternoon,16,dusk,1,dry,0,1,5,0,1,0,0,0,0,3,slightly_injured
2020,1,Sat,7,52.48692728,13.39037661,afternoon,13,daylight,0,dry,0,1,5,1,0,0,0,0,1,3,slightly_injured
2020,1,Mon,2,52.62110277,13.49024771,afternoon,16,dusk,1,dry,0,3,6,1,0,0,1,0,0,3,slightly_injured
2020,1,Thu,5,52.56054567,13.32168741,morning,7,dusk,1,wet,1,5,2,0,1,0,0,1,0,3,slightly_injured
2020,1,Wed,4,52.52310078,13.42950089,evening,18,dark,2,dry,0,5,2,1,1,0,0,0,0,3,slightly_injured
2020,1,Sun,1,52.50325761,13.27921771,morning,10,daylight,0,wet,1,2,6,0,1,0,0,0,0,3,slightly_injured
2020,1,Tue,3,52.45230589,13.50916811,morning,10,daylight,0,dry,0,2,6,0,1,0,0,0,0,3,slightly_injured
2020,1,Thu,5,52.61437318,13.24454895,morning,7,dusk,1,wet,1,6,4,0,1,1,0,0,0,3,slightly_injured
2020,1,Fri,6,52.52873261,13.4490521,morning,6,dusk,1,dry,0,5,3,0,1,0,0,0,0,3,slightly_injured
2020,1,Mon,2,52.48733062,13.34974032,night,3,dark,2,dry,0,5,3,0,1,0,0,0,1,3,slightly_injured
2020,1,Thu,5,52.62580819,13.49553054,morning,7,dark,2,wet,1,6,4,0,1,1,0,0,0,2,seriously_injured
2020,1,Thu,5,52.50242976,13.56158314,afternoon,15,daylight,0,dry,0,2,6,0,1,0,0,0,0,3,slightly_injured
2020,1,Sat,7,52.56813059,13.34674509,morning,11,daylight,0,wet,1,0,6,0,1,0,0,0,1,2,seriously_injured
2020,1,Wed,4,52.45060117,13.48752574,afternoon,13,daylight,0,dry,0,2,6,0,1,0,0,0,0,3,slightly_injured
2020,1,Mon,2,52.50910037,13.18021387,afternoon,16,dark,2,dry,0,5,2,0,1,0,0,0,0,3,slightly_injured
2020,1,Thu,5,52.50674581,13.413422,morning,6,dark,2,wet,1,5,3,1,1,0,0,0,0,3,slightly_injured
2020,1,Fri,6,52.58243791,13.30635711,afternoon,12,daylight,0,dry,0,6,4,0,1,1,0,0,0,2,seriously_injured
2020,1,Fri,6,52.42068671,13.42773962,afternoon,12,daylight,0,dry,0,6,2,0,1,1,0,0,0,3,slightly_injured
2020,1,Fri,6,52.53273274,13.29470548,afternoon,12,daylight,0,dry,0,2,6,0,1,0,0,0,1,3,slightly_injured
2020,1,Fri,6,52.46740251,13.43137695,afternoon,14,daylight,0,dry,0,2,6,0,1,0,1,0,0,3,slightly_injured
2020,1,Sun,1,52.43324136,13.35300198,afternoon,14,daylight,0,dry,0,5,2,1,1,0,0,0,0,3,slightly_injured
2020,1,Thu,5,52.4782859,13.44685226,afternoon,17,dark,2,dry,0,2,6,0,1,0,0,0,0,3,slightly_injured
2020,1,Mon,2,52.52574481,13.52160289,morning,10,daylight,0,dry,0,5,3,0,1,0,0,0,0,3,slightly_injured
2020,1,Wed,4,52.51992164,13.49938022,night,5,dark,2,dry,0,5,3,0,1,0,1,0,0,2,seriously_injured
2020,1,Sat,7,52.53684342,13.60113012,afternoon,13,daylight,0,dry,0,5,3,0,1,0,0,0,0,3,slightly_injured
2020,1,Mon,2,52.47991763,13.45553706,afternoon,16,daylight,0,dry,0,6,7,0,1,1,0,0,0,3,slightly_injured
2020,1,Thu,5,52.51830992,13.27999202,evening,19,dark,2,wet,1,5,2,1,1,0,0,0,0,3,slightly_injured
2020,1,Fri,6,52.47397834,13.3008051,afternoon,12,daylight,0,dry,0,5,3,0,1,0,0,0,0,3,slightly_injured
2020,1,Fri,6,52.52873587,13.56954016,morning,10,daylight,0,dry,0,5,3,1,1,0,0,0,0,3,slightly_injured
2020,1,Wed,4,52.4428801,13.3806642,morning,6,dark,2,dry,0,5,3,0,1,0,1,0,0,1,killed
2020,1,Mon,2,52.49815529,13.40643744,afternoon,16,daylight,0,dry,0,2,6,0,1,0,0,0,0,3,slightly_injured
2020,1,Tue,3,52.50447115,13.38227056,afternoon,17,dark,2,dry,0,5,2,0,1,0,0,0,0,3,slightly_injured
2020,1,Thu,5,52.56289168,13.21423506,evening,19,dark,2,wet,1,6,4,0,1,1,0,0,0,2,seriously_injured
2020,1,Thu,5,52.51219068,13.39107292,morning,9,daylight,0,dry,0,1,5,1,1,0,0,0,0,3,slightly_injured
2020,1,Mon,2,52.43081696,13.31750684,morning,7,daylight,0,dry,0,5,2,1,1,0,0,0,0,3,slightly_injured
2020,1,Thu,5,52.445822,13.3408546,evening,18,dark,2,wet,1,1,5,1,1,0,0,0,0,3,slightly_injured
2020,1,Tue,3,52.51611656,13.35298226,evening,19,dark,2,wet,1,0,6,0,1,0,1,0,0,2,seriously_injured
2020,1,Thu,5,52.507594,13.4276516,evening,18,dark,2,wet,1,5,3,1,0,0,0,0,1,3,slightly_injured
2020,1,Sat,7,52.39763905,13.14364568,morning,10,daylight,0,icy,2,0,1,1,0,0,0,0,0,2,seriously_injured
2020,1,Mon,2,52.59378754,13.28078857,afternoon,15,dusk,1,dry,0,5,2,0,1,0,0,0,0,3,slightly_injured
2020,1,Thu,5,52.49287396,13.28504077,afternoon,17,dark,2,wet,1,2,6,0,1,0,0,0,0,3,slightly_injured
2020,1,Thu,5,52.57277879,13.3836417,afternoon,14,daylight,0,dry,0,6,2,0,1,1,0,0,0,3,slightly_injured
2020,1,Wed,4,52.54539233,13.41702753,evening,20,dark,2,dry,0,1,5,1,1,0,0,0,0,3,slightly_injured
2020,1,Sun,1,52.54271267,13.54970427,evening,22,dark,2,dry,0,2,6,0,1,0,0,0,0,3,slightly_injured
2020,1,Tue,3,52.55385423,13.13343644,afternoon,13,daylight,0,dry,0,5,2,0,1,0,0,0,0,2,seriously_injured
2020,1,Thu,5,52.43323602,13.30746483,afternoon,17,dark,2,wet,1,6,4,0,1,1,0,0,0,3,slightly_injured
2020,1,Fri,6,52.43142586,13.53432466,morning,8,daylight,0,dry,0,5,3,1,1,0,0,0,0,3,slightly_injured
2020,1,Mon,2,52.43628863,13.34591344,morning,8,daylight,0,dry,0,5,2,1,1,0,0,0,0,3,slightly_injured
2020,1,Thu,5,52.51154206,13.49167069,afternoon,17,dark,2,wet,1,2,6,0,1,0,0,0,0,3,slightly_injured
2020,1,Thu,5,52.51802903,13.38852751,afternoon,16,dusk,1,dry,0,6,4,0,1,1,0,0,0,3,slightly_injured
2020,1,Sat,7,52.55539506,13.19761746,night,3,dark,2,wet,1,1,1,0,1,0,0,0,0,3,slightly_injured
2020,1,Mon,2,52.51636901,13.38089617,morning,10,daylight,0,dry,0,5,2,1,1,0,0,0,0,3,slightly_injured
2020,1,Thu,5,52.50011805,13.41845588,afternoon,16,dark,2,wet,1,2,7,1,0,0,0,0,1,3,slightly_injured
2020,1,Thu,5,52.4932072,13.42551825,evening,19,dark,2,dry,0,5,3,1,1,0,0,0,0,3,slightly_injured
2020,1,Wed,4,52.43983237,13.39204661,afternoon,17,dark,2,dry,0,5,2,0,1,0,0,0,1,3,slightly_injured
2020,1,Sun,1,52.56043484,13.38766736,night,2,dark,2,dry,0,5,3,0,1,0,0,0,0,3,slightly_injured
2020,1,Tue,3,52.44653311,13.51407063,morning,10,daylight,0,dry,0,5,3,1,1,0,0,0,0,3,slightly_injured
2020,1,Thu,5,52.60623482,13.42775417,afternoon,16,dark,2,wet,1,1,5,0,1,0,0,0,0,3,slightly_injured
2020,1,Fri,6,52.48503432,13.37646078,afternoon,17,dusk,1,dry,0,5,3,0,1,1,0,0,0,2,seriously_injured
2020,1,Sun,1,52.46441857,13.43307381,evening,18,dark,2,dry,0,1,5,1,1,0,0,0,0,3,slightly_injured
2020,1,Thu,5,52.57353759,13.56783558,afternoon,14,daylight,0,wet,1,2,6,0,1,0,0,0,0,3,slightly_injured
2020,1,Thu,5,52.5147495,13.43503563,afternoon,14,daylight,0,dry,0,1,5,1,1,0,0,0,0,3,slightly_injured
2020,1,Wed,4,52.52780879,13.32481088,afternoon,12,daylight,0,dry,0,5,2,0,1,0,0,0,0,2,seriously_injured
2020,1,Wed,4,52.42680953,13.43514339,afternoon,15,daylight,0,dry,0,2,6,0,1,0,0,0,0,3,slightly_injured
2020,1,Sat,7,52.38987233,13.12980729,morning,10,daylight,0,icy,2,0,1,1,0,0,0,0,0,3,slightly_injured
2020,1,Mon,2,52.46959051,13.46584273,evening,23,dark,2,dry,0,9,1,0,1,0,0,0,1,3,slightly_injured
2020,1,Thu,5,52.53800488,13.22854921,afternoon,13,daylight,0,wet,1,2,6,0,1,0,0,0,0,3,slightly_injured
2020,1,Fri,6,52.49833993,13.39571474,afternoon,12,daylight,0,wet,1,3,6,0,1,0,0,1,0,3,slightly_injured
2020,1,Fri,6,52.46999777,13.50250572,afternoon,14,daylight,0,dry,0,2,6,0,1,0,1,0,0,2,seriously_injured
2020,1,Sun,1,52.6152975,13.44469629,morning,10,daylight,0,dry,0,5,3,0,1,0,0,0,0,3,slightly_injured
2020,1,Sat,7,52.53644497,13.27236756,evening,21,dark,2,dry,0,2,6,0,1,0,0,0,0,3,slightly_injured
2020,1,Thu,5,52.58715671,13.36811407,afternoon,12,daylight,0,dry,0,6,2,0,1,1,0,0,0,3,slightly_injured
2020,1,Mon,2,52.54489462,13.36414973,morning,9,daylight,0,dry,0,2,2,1,0,0,0,0,1,3,slightly_injured
2020,1,Sat,7,52.52765646,13.45191944,afternoon,17,dark,2,dry,0,5,3,1,0,0,0,0,1,3,slightly_injured
2020,1,Tue,3,52.56763807,13.36132646,morning,11,daylight,0,dry,0,6,7,1,0,1,0,0,0,3,slightly_injured
2020,1,Sat,7,52.43127486,13.30960823,afternoon,13,daylight,0,dry,0,5,2,1,1,0,0,0,0,3,slightly_injured
2020,1,Mon,2,52.48683032,13.3448111,afternoon,15,daylight,0,wet,1,5,3,0,1,0,0,0,0,2,seriously_injured
2020,1,Thu,5,52.53821624,13.60435148,afternoon,14,daylight,0,wet,1,1,5,0,1,0,0,0,1,3,slightly_injured
2020,1,Fri,6,52.54289129,13.19855259,morning,8,dusk,1,dry,0,5,2,0,1,0,0,0,0,2,seriously_injured
2020,1,Tue,3,52.50171052,13.40922378,afternoon,15,dusk,1,wet,1,5,2,1,1,0,0,0,0,3,slightly_injured
2020,1,Tue,3,52.54992418,13.55123996,afternoon,15,daylight,0,wet,1,2,6,0,1,0,0,0,0,3,slightly_injured
2020,1,Thu,5,52.43737773,13.30557854,afternoon,16,daylight,0,dry,0,6,7,1,0,1,0,0,0,3,slightly_injured
2020,1,Tue,3,52.42398402,13.43826695,afternoon,14,daylight,0,wet,1,3,6,0,1,0,0,1,0,2,seriously_injured
2020,1,Tue,3,52.54345283,13.37688676,evening,19,dark,2,wet,1,1,5,0,1,0,0,0,0,3,slightly_injured
2020,1,Thu,5,52.54000803,13.18330395,evening,22,dark,2,dry,0,2,6,0,1,0,0,0,0,3,slightly_injured
2020,1,Tue,3,52.5030498,13.47363118,evening,19,dark,2,wet,1,5,2,1,1,0,0,0,0,3,slightly_injured
2020,1,Wed,4,52.50390494,13.33138266,evening,18,dark,2,wet,1,0,3,0,1,0,1,0,0,2,seriously_injured
2020,1,Thu,5,52.49986468,13.30677743,afternoon,15,daylight,0,dry,0,5,2,1,1,0,0,0,0,3,slightly_injured
2020,1,Tue,3,52.50337543,13.38765796,evening,19,dark,2,wet,1,5,2,1,1,0,0,0,0,3,slightly_injured
2020,1,Thu,5,52.4902669,13.42886533,afternoon,17,dark,2,dry,0,6,4,0,1,1,0,0,0,1,killed
2020,1,Tue,3,52.54869907,13.17820057,morning,7,daylight,0,wet,1,6,2,0,1,1,0,0,0,3,slightly_injured
2020,1,Tue,3,52.4565396,13.54985064,afternoon,15,daylight,0,wet,1,6,4,0,0,1,0,0,1,2,seriously_injured
2020,1,Wed,4,52.50104614,13.4447635,evening,21,dark,2,wet,1,0,1,1,0,0,0,0,0,3,slightly_injured
2020,1,Tue,3,52.45049902,13.62475959,morning,7,dusk,1,wet,1,6,2,0,1,1,0,0,0,3,slightly_injured
2020,1,Thu,5,52.55495147,13.39654524,morning,8,daylight,0,wet,1,6,4,0,1,1,0,0,0,2,seriously_injured
2020,1,Tue,3,52.48867784,13.3449098,morning,7,daylight,0,wet,1,1,5,1,1,0,0,0,0,3,slightly_injured
2020,1,Tue,3,52.42807194,13.52682725,morning,7,dusk,1,wet,1,5,2,1,0,0,0,0,1,3,slightly_injured
2020,1,Wed,4,52.48221326,13.28988467,afternoon,17,dark,2,wet,1,5,2,0,1,0,0,0,0,3,slightly_injured
2020,1,Tue,3,52.50210429,13.50271018,morning,7,dark,2,wet,1,6,4,0,1,1,0,0,0,2,seriously_injured
2020,1,Wed,4,52.5188256,13.38030635,evening,19,dark,2,dry,0,5,2,1,1,0,0,0,0,3,slightly_injured
2020,1,Tue,3,52.50690595,13.30240463,evening,19,dark,2,wet,1,6,2,0,1,1,0,0,0,3,slightly_injured
2020,1,Fri,6,52.50279491,13.31335311,morning,7,daylight,0,wet,1,6,4,1,0,1,0,0,0,3,slightly_injured
2020,1,Tue,3,52.45024783,13.34468341,afternoon,14,daylight,0,wet,1,6,7,1,0,1,0,0,0,2,seriously_injured
2020,1,Wed,4,52.59603684,13.43293265,afternoon,17,dark,2,dry,0,6,4,0,0,1,0,0,1,3,slightly_injured
2020,1,Tue,3,52.41943977,13.31260665,evening,18,dark,2,wet,1,5,2,0,1,0,0,0,0,2,seriously_injured
2020,1,Thu,5,52.53086546,13.5984033,morning,6,dark,2,wet,1,5,3,0,1,0,0,0,0,3,slightly_injured
2020,1,Tue,3,52.49673245,13.34491477,evening,18,dark,2,wet,1,5,3,1,1,0,0,0,0,3,slightly_injured
2020,1,Tue,3,52.56862474,13.3757443,morning,7,dark,2,wet,1,6,2,0,1,1,0,0,0,2,seriously_injured
2020,1,Wed,4,52.49839761,13.33438153,evening,18,dark,2,wet,1,5,3,1,1,0,0,0,0,3,slightly_injured
2020,1,Tue,3,52.43156871,13.5468379,morning,11,daylight,0,wet,1,5,2,1,1,0,0,0,0,3,slightly_injured
2020,1,Tue,3,52.53724347,13.36034106,morning,7,dusk,1,wet,1,5,2,1,1,0,0,0,0,3,slightly_injured
2020,1,Thu,5,52.4627765,13.51255403,afternoon,17,dark,2,dry,0,5,2,1,1,0,0,0,0,3,slightly_injured
2020,1,Tue,3,52.49387951,13.56177817,morning,6,dark,2,wet,1,6,2,0,1,1,0,0,0,2,seriously_injured
2020,1,Wed,4,52.52658445,13.4076858,afternoon,17,dark,2,dry,0,1,5,1,1,0,0,0,0,3,slightly_injured
2020,1,Tue,3,52.50003348,13.44388478,evening,18,dark,2,wet,1,2,6,0,1,0,1,0,0,3,slightly_injured
2020,1,Wed,4,52.48853703,13.32270294,afternoon,16,dark,2,wet,1,2,6,0,1,0,0,0,0,3,slightly_injured
2020,1,Tue,3,52.52934567,13.59118323,night,5,dark,2,wet,1,9,1,0,1,0,0,0,0,3,slightly_injured
2020,1,Fri,6,52.57820772,13.29797705,afternoon,12,daylight,0,dry,0,5,2,1,0,0,0,1,0,1,killed
2020,1,Tue,3,52.42465081,13.52642609,afternoon,17,dark,2,wet,1,5,2,1,1,0,0,0,0,3,slightly_injured
2020,1,Wed,4,52.50744398,13.32082066,afternoon,16,dusk,1,wet,1,6,7,0,1,1,0,0,0,3,slightly_injured
2020,1,Tue,3,52.49689881,13.30519969,afternoon,17,dark,2,wet,1,6,2,0,1,1,0,0,0,3,slightly_injured
2020,1,Wed,4,52.59040495,13.40376773,afternoon,14,daylight,0,dry,0,2,7,0,1,0,0,0,1,3,slightly_injured
2020,1,Tue,3,52.52097128,13.48592712,afternoon,16,dark,2,wet,1,6,4,0,1,1,0,0,0,2,seriously_injured
2020,1,Tue,3,52.54805156,13.20986236,afternoon,14,daylight,0,dry,0,2,6,0,1,0,0,0,0,3,slightly_injured
2020,1,Wed,4,52.54054066,13.20418341,afternoon,15,daylight,0,wet,1,0,6,0,1,0,1,0,0,3,slightly_injured
2020,1,Tue,3,52.47895731,13.31013167,morning,10,daylight,0,dry,0,2,2,0,1,0,0,0,1,3,slightly_injured
2020,1,Tue,3,52.55271377,13.42254319,afternoon,16,dark,2,wet,1,3,6,0,1,0,0,0,0,3,slightly_injured
2020,1,Thu,5,52.53232115,13.55893376,evening,22,dark,2,dry,0,1,5,0,1,0,0,0,0,3,slightly_injured
2020,1,Tue,3,52.52410094,13.3924095,afternoon,17,dark,2,wet,1,6,4,0,1,1,0,0,0,2,seriously_injured
2020,1,Wed,4,52.50263493,13.48615699,morning,6,dusk,1,dry,0,1,5,0,1,0,0,0,0,3,slightly_injured
2020,1,Wed,4,52.53476601,13.29385903,afternoon,15,daylight,0,dry,0,0,2,0,0,0,1,0,1,3,slightly_injured
2020,1,Tue,3,52.5444767,13.3710316,afternoon,14,daylight,0,dry,0,5,2,1,1,0,0,0,0,3,slightly_injured
2020,1,Wed,4,52.53265897,13.47409086,morning,11,daylight,0,dry,0,6,7,0,0,1,0,1,0,2,seriously_injured