ujahr,umonat,weekday,uwochentag,long,lat,time_of_day,ustunde,light_condition,ulichtverh,street_condition,ustrzustand,uart,utyp1,ist_rad,ist_pkw,ist_fuss,ist_krad,ist_gkfz,ist_sonstige,ukategorie,accident_outcome
2020,1,Tue,3,52.39216481,13.41993782,afternoon,16,dark,2,wet,1,1,5,0,1,0,0,0,1,3,slightly_injured
2020,1,Tue,3,52.5078939,13.30721287,afternoon,16,dark,2,wet,1,5,7,1,1,0,0,0,0,3,slightly_injured
2020,1,Tue,3,52.42852743,13.52233549,morning,10,daylight,0,wet,1,5,3,0,1,0,1,0,0,1,killed
2020,1,Wed,4,52.40293962,13.38247377,afternoon,14,daylight,0,dry,0,5,3,1,1,0,0,0,0,3,slightly_injured
2020,1,Tue,3,52.53413673,13.40426828,morning,10,daylight,0,wet,1,4,6,1,0,0,1,0,0,3,slightly_injured
2020,1,Mon,2,52.49795849,13.39206799,evening,18,dark,2,dry,0,0,4,0,0,1,0,0,1,3,slightly_injured
2020,1,Thu,5,52.61854977,13.48802559,morning,6,dark,2,wet,1,5,3,1,0,0,0,0,0,2,seriously_injured
2020,1,Mon,2,52.55139303,13.4288647,afternoon,14,daylight,0,dry,0,5,3,1,1,0,0,0,0,3,slightly_injured
2020,1,Wed,4,52.45811743,13.29285925,evening,18,dark,2,wet,1,0,3,0,1,0,1,0,0,2,seriously_injured
2020,1,Wed,4,52.52083103,13.26525338,afternoon,13,daylight,0,dry,0,2,6,0,1,0,0,0,0,3,slightly_injured
2020,1,Mon,2,52.50430807,13.41678215,afternoon,13,daylight,0,dry,0,5,3,0,1,0,0,0,0,3,slightly_injured
2020,1,Wed,4,52.44717793,13.36176069,afternoon,12,daylight,0,wet,1,2,6,0,1,0,0,0,0,3,slightly_injured
2020,1,Mon,2,52.40476328,13.69775997,afternoon,13,daylight,0,wet,1,9,1,0,1,0,0,0,0,2,seriously_injured
2020,1,Mon,2,52.49437761,13.29055259,afternoon,12,daylight,0,dry,0,6,3,0,1,1,0,0,0,3,slightly_injured
2020,1,Wed,4,52.48150065,13.43169026,evening,22,dark,2,dry,0,0,3,1,0,0,0,0,1,3,slightly_injured
2020,1,Mon,2,52.40911315,13.37598283,afternoon,12,daylight,0,dry,0,0,1,1,0,0,0,0,0,3,slightly_injured
2020,1,Wed,4,52.57425024,13.35922599,morning,7,daylight,0,dry,0,0,2,1,1,0,0,0,0,3,slightly_injured
2020,1,Mon,2,52.50382019,13.32545008,afternoon,12,daylight,0,dry,0,2,6,1,1,0,0,0,0,3,slightly_injured
2020,1,Mon,2,52.43578275,13.34670961,morning,11,daylight,0,dry,0,2,6,0,1,0,0,0,0,3,slightly_injured
2020,1,Wed,4,52.52070188,13.38820062,evening,18,dark,2,wet,1,1,5,1,1,0,0,0,0,3,slightly_injured
2020,1,Mon,2,52.50515791,13.47138835,morning,11,daylight,0,dry,0,0,2,1,1,0,0,0,0,3,slightly_injured
2020,1,Thu,5,52.5181586,13.49932025,morning,9,daylight,0,wet,1,5,3,0,1,0,0,0,0,3,slightly_injured
2020,1,Mon,2,52.4505072,13.62455175,morning,11,daylight,0,dry,0,5,2,1,1,0,0,0,0,3,slightly_injured
2020,1,Wed,4,52.46525265,13.4377124,afternoon,16,dusk,1,dry,0,6,4,0,0,1,0,0,1,3,slightly_injured
2020,1,Mon,2,52.5067953,13.33128531,morning,11,daylight,0,dry,0,5,2,0,1,0,0,0,0,3,slightly_injured
2020,1,Wed,4,52.42960604,13.25975476,evening,20,dark,2,dry,0,1,5,1,1,0,0,0,0,3,slightly_injured
2020,1,Mon,2,52.55641194,13.37953584,morning,11,daylight,0,dry,0,0,6,0,1,0,1,0,0,3,slightly_injured
2020,1,Fri,6,52.46523856,13.42146662,evening,23,dark,2,dry,0,5,2,1,1,0,0,0,0,3,slightly_injured
2020,1,Mon,2,52.47855597,13.33278095,morning,10,daylight,0,wet,1,2,2,0,1,0,0,0,0,3,slightly_injured
2020,1,Wed,4,52.43420703,13.53901133,morning,8,daylight,0,dry,0,5,3,1,0,0,0,0,0,3,slightly_injured
2020,1,Mon,2,52.44489424,13.51109213,morning,8,daylight,0,dry,0,5,2,1,1,0,0,0,0,3,slightly_injured
2020,1,Thu,5,52.51072499,13.50044189,morning,10,daylight,0,wet,1,6,4,0,0,1,0,0,1,2,seriously_injured
2020,1,Mon,2,52.54234175,13.3491152,morning,8,daylight,0,dry,0,2,6,0,1,0,0,0,0,3,slightly_injured
2020,1,Mon,2,52.52395155,13.40959879,morning,8,daylight,0,wet,1,5,2,1,0,0,0,1,0,3,slightly_injured
2020,1,Thu,5,52.42776221,13.58510068,morning,7,dark,2,wet,1,6,4,0,1,1,0,0,0,2,seriously_injured
2020,1,Mon,2,52.45663671,13.32176679,morning,8,daylight,0,dry,0,6,4,0,1,1,0,0,0,3,slightly_injured
2020,1,Mon,2,52.56691662,13.47753763,morning,7,dusk,1,wet,1,0,6,0,1,0,0,0,1,3,slightly_injured
2020,1,Wed,4,52.50635321,13.47044918,afternoon,16,dusk,1,dry,0,3,6,1,1,0,0,0,0,3,slightly_injured
2020,1,Mon,2,52.55722031,13.43280084,evening,19,dark,2,wet,1,5,3,1,1,0,0,0,0,3,slightly_injured
2020,1,Thu,5,52.49610041,13.39957539,evening,18,dark,2,dry,0,6,4,1,0,1,0,0,0,3,slightly_injured
2020,1,Mon,2,52.59449492,13.28442761,evening,18,dark,2,dry,0,5,3,1,1,0,0,0,0,3,slightly_injured
2020,1,Wed,4,52.53664114,13.54297721,morning,9,daylight,0,wet,1,5,3,0,1,0,0,0,0,3,slightly_injured
2020,1,Mon,2,52.53290208,13.38629275,evening,18,dark,2,dry,0,0,6,0,1,0,1,0,0,3,slightly_injured
2020,1,Wed,4,52.5252691,13.34376761,afternoon,13,daylight,0,dry,0,1,5,1,0,0,0,0,1,3,slightly_injured
2020,1,Mon,2,52.51963144,13.38837158,evening,18,dark,2,dry,0,6,7,0,0,1,1,0,0,3,slightly_injured
2020,1,Mon,2,52.48093135,13.4357323,afternoon,16,dusk,1,dry,0,2,6,0,1,0,0,0,0,3,slightly_injured
2020,1,Wed,4,52.54932747,13.34352345,morning,9,daylight,0,wet,1,6,4,0,1,1,0,0,0,3,slightly_injured
2020,1,Tue,3,52.52990445,13.46183768,morning,9,daylight,0,dry,0,2,6,0,1,0,0,0,0,3,slightly_injured
2020,1,Mon,2,52.43427391,13.38952376,afternoon,16,dusk,1,dry,0,2,6,0,1,0,0,0,0,3,slightly_injured
2020,1,Wed,4,52.53522561,13.40698891,morning,9,daylight,0,wet,1,1,5,1,1,0,0,0,0,3,slightly_injured
2020,1,Tue,3,52.59946401,13.42860647,morning,8,daylight,0,wet,1,5,2,1,1,0,0,0,0,3,slightly_injured
2020,1,Mon,2,52.43763971,13.52701319,afternoon,15,daylight,0,dry,0,5,3,0,1,0,0,0,0,3,slightly_injured
2020,1,Thu,5,52.45057789,13.63026738,afternoon,15,daylight,0,wet,1,0,3,1,0,0,1,0,0,2,seriously_injured
2020,1,Mon,2,52.52266591,13.24512258,afternoon,15,daylight,0,dry,0,1,5,0,1,0,0,0,0,3,slightly_injured
2020,1,Mon,2,52.61606513,13.49236716,afternoon,14,daylight,0,dry,0,6,4,0,1,1,0,0,0,3,slightly_injured
2020,1,Wed,4,52.45679021,13.32048264,evening,22,dark,2,dry,0,6,2,0,1,1,0,0,0,3,slightly_injured
2020,1,Wed,4,52.52303262,13.49218086,afternoon,14,daylight,0,dry,0,2,6,0,1,0,0,0,0,3,slightly_injured
2020,1,Mon,2,52.43695911,13.53916093,morning,7,dusk,1,wet,1,2,6,0,1,0,0,0,0,3,slightly_injured
2020,1,Mon,2,52.47227476,13.44588619,morning,7,dusk,1,dry,0,5,3,1,0,0,0,0,1,3,slightly_injured
2020,1,Mon,2,52.56557381,13.40263638,morning,7,dusk,1,wet,1,5,2,1,1,0,0,0,0,3,slightly_injured
2020,1,Wed,4,52.56251124,13.33051634,morning,7,dusk,1,wet,1,5,2,0,1,0,0,0,0,3,slightly_injured
2020,1,Tue,3,52.53941866,13.29475933,morning,8,daylight,0,wet,1,2,6,0,1,0,0,0,0,3,slightly_injured
2020,1,Mon,2,52.55752969,13.43260387,morning,7,dusk,1,wet,1,5,3,1,1,0,0,0,0,3,slightly_injured
2020,1,Thu,5,52.50002419,13.42383046,afternoon,13,daylight,0,dry,0,1,5,1,1,0,0,0,0,3,slightly_injured
2020,1,Wed,4,52.49711764,13.38178252,afternoon,15,daylight,0,dry,0,5,7,0,1,0,0,0,1,3,slightly_injured
2020,1,Mon,2,52.44036358,13.45903539,morning,6,dark,2,wet,1,5,2,0,1,0,0,0,0,3,slightly_injured
2020,1,Wed,4,52.45240588,13.43301032,afternoon,17,dark,2,wet,1,5,3,0,1,0,0,0,0,2,seriously_injured
2020,1,Mon,2,52.54397578,13.24702546,morning,6,dark,2,dry,0,5,2,1,1,0,0,0,0,3,slightly_injured
2020,1,Thu,5,52.55502506,13.38374947,evening,21,dark,2,dry,0,5,7,0,1,0,0,0,0,3,slightly_injured
2020,1,Wed,4,52.56574176,13.52352184,evening,18,dark,2,dry,0,6,4,0,1,1,0,0,0,3,slightly_injured
2020,1,Mon,2,52.50858378,13.37707033,morning,6,dark,2,dry,0,5,3,0,1,0,1,0,0,3,slightly_injured
2020,1,Wed,4,52.4930419,13.40818129,evening,18,dark,2,wet,1,2,7,1,1,0,0,0,0,3,slightly_injured
2020,1,Wed,4,52.44359796,13.34053875,night,1,dark,2,dry,0,8,7,0,0,0,1,0,0,1,killed
2020,1,Mon,2,52.48633773,13.44624742,night,4,dark,2,dry,0,5,3,0,1,0,1,0,0,2,seriously_injured
2020,1,Tue,3,52.45144979,13.31539262,morning,8,daylight,0,dry,0,5,2,1,1,0,0,0,0,3,slightly_injured
2020,1,Mon,2,52.55647879,13.5273191,night,4,dark,2,dry,0,5,2,1,1,0,0,0,0,3,slightly_injured
2020,1,Mon,2,52.52764212,13.36423448,night,4,dark,2,wet,1,8,1,0,1,0,0,0,0,3,slightly_injured
2020,1,Tue,3,52.51810128,13.38043628,morning,8,daylight,0,dry,0,5,2,1,1,0,0,0,0,3,slightly_injured
2020,1,Sun,1,52.49878669,13.27200785,night,2,dark,2,wet,1,8,1,0,1,0,0,0,0,3,slightly_injured
2020,1,Thu,5,52.47798848,13.4479356,morning,8,daylight,0,wet,1,5,3,1,1,0,0,0,0,3,slightly_injured
2020,1,Wed,4,52.55704661,13.52836997,morning,6,dark,2,wet,1,2,6,0,1,0,0,1,0,3,slightly_injured
2020,1,Sun,1,52.50614468,13.31769792,evening,19,dark,2,dry,0,6,7,0,1,1,0,0,0,3,slightly_injured
2020,1,Sun,1,52.50207899,13.46648115,night,3,dark,2,wet,1,9,1,0,1,1,0,0,0,3,slightly_injured
2020,1,Tue,3,52.44964025,13.43675209,morning,11,daylight,0,dry,0,6,4,0,1,1,0,0,0,3,slightly_injured
2020,1,Sun,1,52.49996549,13.44407573,night,0,dark,2,dry,0,6,4,0,1,1,0,0,0,3,slightly_injured
2020,1,Sun,1,52.56028477,13.21848337,evening,22,dark,2,wet,1,2,6,0,1,0,0,0,0,3,slightly_injured
2020,1,Tue,3,52.48256787,13.601415,afternoon,15,daylight,0,dry,0,6,4,0,1,1,0,0,0,3,slightly_injured
2020,1,Sun,1,52.45711022,13.43672919,evening,20,dark,2,dry,0,5,5,0,1,0,0,0,0,3,slightly_injured
2020,1,Sun,1,52.53912201,13.49238555,evening,20,dark,2,dry,0,6,7,0,1,1,0,0,0,3,slightly_injured
2020,1,Tue,3,52.49294204,13.43689836,afternoon,14,daylight,0,dry,0,1,5,1,1,0,0,0,0,3,slightly_injured
2020,1,Sun,1,52.54845513,13.29643915,evening,19,dark,2,dry,0,2,6,0,1,0,0,0,0,3,slightly_injured
2020,1,Thu,5,52.6105666,13.43047759,morning,6,dark,2,wet,1,6,4,0,1,1,0,0,0,2,seriously_injured
2020,1,Tue,3,52.52827975,13.3925741,afternoon,15,daylight,0,dry,0,6,2,0,0,1,0,0,1,3,slightly_injured
2020,1,Sun,1,52.55330239,13.41838286,evening,19,dark,2,dry,0,5,3,0,1,0,0,0,1,3,slightly_injured
2020,1,Sun,1,52.55468636,13.37601511,evening,18,dark,2,dry,0,1,5,0,1,0,0,0,0,3,slightly_injured
2020,1,Tue,3,52.443239,13.56925434,afternoon,14,daylight,0,dry,0,6,7,1,0,1,0,0,0,3,slightly_injured
2020,1,Tue,3,52.48290888,13.28563375,morning,8,daylight,0,wet,1,5,3,0,1,0,0,0,0,3,slightly_injured
2020,1,Sun,1,52.48075032,13.44318023,afternoon,17,dusk,1,dry,0,1,5,1,1,0,0,0,0,3,slightly_injured
2020,1,Thu,5,52.49793583,13.32447744,afternoon,17,dark,2,dry,0,6,4,0,1,1,0,0,0,3,slightly_injured
2020,1,Sun,1,52.50706503,13.27690842,afternoon,12,daylight,0,dry,0,5,2,0,1,0,0,0,0,3,slightly_injured
2020,1,Tue,3,52.46472868,13.16247388,afternoon,14,daylight,0,dry,0,5,3,1,1,0,0,0,0,3,slightly_injured
2020,1,Sat,7,52.60390191,13.35135969,evening,21,dark,2,wet,1,5,3,0,1,0,0,0,0,3,slightly_injured
2020,1,Wed,4,52.50753795,13.30229356,morning,8,daylight,0,dry,0,3,6,0,1,0,0,0,0,3,slightly_injured
2020,1,Fri,6,52.56412308,13.32797355,evening,23,dark,2,dry,0,5,3,0,1,0,1,0,0,3,slightly_injured
2020,1,Sat,7,52.52872567,13.59558476,evening,19,dark,2,wet,1,2,6,0,1,0,0,0,0,3,slightly_injured
2020,1,Tue,3,52.40250226,13.5281026,afternoon,12,daylight,0,dry,0,5,3,1,1,0,0,0,0,3,slightly_injured
2020,1,Sat,7,52.48154015,13.42491345,evening,19,dark,2,wet,1,6,7,0,1,1,0,0,0,3,slightly_injured
2020,1,Wed,4,52.49152307,13.29113358,afternoon,14,daylight,0,dry,0,1,5,1,1,0,0,0,0,3,slightly_injured
2020,1,Sat,7,52.57397266,13.31871013,afternoon,17,dark,2,wet,1,5,3,0,1,0,0,0,0,3,slightly_injured
2020,1,Sat,7,52.51277291,13.33042197,evening,18,dark,2,wet,1,6,4,0,1,1,0,0,0,3,slightly_injured
2020,1,Tue,3,52.55667653,13.37236425,morning,11,daylight,0,dry,0,0,4,0,0,1,0,0,1,2,seriously_injured
2020,1,Tue,3,52.5506659,13.20992705,morning,8,daylight,0,wet,1,2,6,0,1,0,0,0,0,3,slightly_injured
2020,1,Sat,7,52.41723963,13.48462182,evening,18,dark,2,wet,1,5,3,0,1,0,0,0,0,3,slightly_injured
2020,1,Thu,5,52.49940113,13.42645441,evening,23,dark,2,wet,1,5,3,0,1,0,0,0,1,3,slightly_injured
2020,1,Tue,3,52.52561083,13.30385558,afternoon,14,daylight,0,wet,1,5,3,0,1,0,0,0,0,3,slightly_injured
2020,1,Sat,7,52.49063858,13.33102488,afternoon,16,dark,2,wet,1,2,6,0,1,0,0,0,0,3,slightly_injured
2020,1,Wed,4,52.54065857,13.571488,morning,7,dusk,1,wet,1,6,4,0,0,1,1,0,0,3,slightly_injured
2020,1,Tue,3,52.5108633,13.28909089,morning,11,daylight,0,wet,1,5,2,0,1,0,1,0,0,3,slightly_injured
2020,1,Sat,7,52.4896287,13.35327684,afternoon,15,daylight,0,dry,0,2,6,1,1,0,0,0,0,3,slightly_injured
2020,1,Sat,7,52.45412479,13.57408072,afternoon,16,dusk,1,wet,1,0,1,1,0,0,0,0,0,3,slightly_injured
2020,1,Sat,7,52.52876996,13.40510505,afternoon,14,daylight,0,wet,1,5,3,1,0,0,0,0,0,2,seriously_injured
2020,1,Sat,7,52.42207064,13.46191356,afternoon,13,daylight,0,wet,1,8,1,0,1,0,0,0,0,3,slightly_injured
2020,1,Sat,7,52.6122073,13.46256869,afternoon,13,daylight,0,wet,1,0,7,1,0,0,0,0,0,3,slightly_injured
2020,1,Tue,3,52.43785515,13.45188881,morning,11,daylight,0,dry,0,5,3,1,1,0,0,0,0,3,slightly_injured
2020,1,Tue,3,52.43766189,13.37883988,afternoon,16,dark,2,wet,1,5,2,0,1,0,1,0,0,2,seriously_injured
2020,1,Sat,7,52.42129751,13.17745372,afternoon,12,daylight,0,wet,1,2,7,0,0,0,1,1,0,2,seriously_injured
2020,1,Thu,5,52.52806949,13.60182872,evening,19,dark,2,dry,0,1,5,0,1,0,0,0,0,3,slightly_injured
2020,1,Sat,7,52.52095437,13.40354899,morning,7,dark,2,wet,1,6,4,0,1,1,0,0,0,2,seriously_injured
2020,1,Wed,4,52.51563295,13.38911608,evening,18,dark,2,wet,1,5,3,0,1,0,0,0,0,3,slightly_injured
2020,1,Tue,3,52.5342936,13.47495947,evening,21,dark,2,dry,0,3,6,0,1,0,1,0,0,3,slightly_injured
2020,1,Sat,7,52.47726689,13.4262738,evening,22,dark,2,wet,1,6,4,0,0,1,0,0,1,3,slightly_injured
2020,1,Tue,3,52.56118999,13.15777144,evening,20,dark,2,dry,0,0,2,0,1,0,1,0,0,2,seriously_injured
2020,1,Fri,6,52.43059246,13.31135411,afternoon,16,dusk,1,dry,0,6,7,0,1,0,0,0,1,3,slightly_injured
2020,1,Fri,6,52.52507877,13.44354607,afternoon,17,dusk,1,dry,0,3,6,1,0,0,0,0,0,3,slightly_injured
2020,1,Tue,3,52.50014364,13.39700281,evening,19,dark,2,dry,0,0,2,1,1,0,0,0,0,3,slightly_injured
2020,1,Fri,6,52.52322456,13.4829333,morning,7,dusk,1,dry,0,6,4,0,1,1,0,0,0,3,slightly_injured
2020,1,Thu,5,52.47189593,13.42896304,morning,8,daylight,0,wet,1,5,2,1,1,0,0,0,0,3,slightly_injured
2020,1,Tue,3,52.54536785,13.4949248,afternoon,16,dusk,1,dry,0,0,6,1,1,0,0,0,0,3,slightly_injured
2020,1,Fri,6,52.52224936,13.40942383,afternoon,16,dusk,1,dry,0,0,2,0,1,0,0,0,1,3,slightly_injured
2020,1,Tue,3,52.46644741,13.43207886,afternoon,17,dark,2,dry,0,6,7,0,0,1,0,0,1,3,slightly_injured
2020,1,Fri,6,52.51723274,13.38879409,morning,11,daylight,0,dry,0,6,2,0,1,1,0,0,0,3,slightly_injured
2020,1,Thu,5,52.42773389,13.30306124,afternoon,13,daylight,0,wet,1,5,3,0,1,0,0,0,0,2,seriously_injured
2020,1,Fri,6,52.47218767,13.44120036,morning,11,daylight,0,dry,0,2,6,0,1,0,0,0,0,3,slightly_injured
2020,1,Wed,4,52.50505992,13.35149316,evening,18,dusk,1,dry,0,3,6,0,1,0,0,0,0,3,slightly_injured
2020,1,Fri,6,52.5021543,13.34253624,morning,11,daylight,0,dry,0,6,4,0,1,1,0,0,0,3,slightly_injured
2020,1,Tue,3,52.5423259,13.37549826,evening,19,dark,2,dry,0,5,3,1,1,0,0,0,0,3,slightly_injured
2020,1,Fri,6,52.55980587,13.4183511,morning,10,daylight,0,dry,0,5,3,0,1,0,0,0,1,3,slightly_injured
2020,1,Fri,6,52.56497168,13.4939808,morning,7,dusk,1,wet,1,6,4,0,1,1,0,0,0,2,seriously_injured
2020,1,Fri,6,52.54159985,13.54783778,morning,10,daylight,0,dry,0,2,2,0,1,0,0,0,0,3,slightly_injured
2020,1,Tue,3,52.54584132,13.4275747,evening,18,dark,2,dry,0,6,4,0,1,1,0,0,0,2,seriously_injured
2020,1,Fri,6,52.56292973,13.19656314,morning,11,daylight,0,dry,0,5,3,1,1,0,0,0,0,3,slightly_injured
2020,1,Thu,5,52.56530093,13.54010619,night,5,dark,2,wet,1,5,2,1,1,0,0,0,0,3,slightly_injured
2020,1,Fri,6,52.44486407,13.56765211,afternoon,17,dark,2,dry,0,6,4,0,0,1,0,0,1,2,seriously_injured
2020,1,Fri,6,52.4949865,13.50892991,afternoon,17,dark,2,dry,0,6,4,0,1,1,0,0,0,2,seriously_injured
2020,1,Tue,3,52.53253683,13.473546,afternoon,17,dark,2,dry,0,2,6,0,1,0,0,0,0,3,slightly_injured
2020,1,Fri,6,52.58988361,13.45315063,afternoon,17,dark,2,dry,0,5,2,0,1,0,1,0,0,2,seriously_injured
2020,1,Fri,6,52.57103481,13.31583772,afternoon,15,daylight,0,dry,0,2,7,0,0,0,1,0,1,3,slightly_injured
2020,1,Tue,3,52.48233093,13.28119482,morning,10,daylight,0,dry,0,6,4,0,1,1,0,0,0,2,seriously_injured
2020,1,Fri,6,52.56746303,13.21078891,afternoon,15,daylight,0,dry,0,5,3,0,1,0,0,0,0,3,slightly_injured
2020,1,Thu,5,52.47847455,13.44647226,afternoon,14,daylight,0,dry,0,2,6,0,1,0,0,0,0,3,slightly_injured
2020,1,Fri,6,52.48036743,13.3129956,afternoon,13,daylight,0,dry,0,5,2,0,1,0,1,0,0,2,seriously_injured
2020,1,Tue,3,52.52328075,13.58723171,morning,9,daylight,0,wet,1,6,2,0,1,1,0,0,0,3,slightly_injured
2020,1,Fri,6,52.547674,13.41326838,afternoon,12,daylight,0,dry,0,6,4,0,1,1,0,0,0,2,seriously_injured
2020,1,Wed,4,52.60450594,13.32642045,afternoon,13,daylight,0,dry,0,6,2,0,0,1,0,0,1,3,slightly_injured
2020,1,Tue,3,52.52616607,13.34302281,afternoon,17,dusk,1,wet,1,6,2,0,1,1,0,0,0,3,slightly_injured
2020,1,Fri,6,52.53274733,13.32726059,afternoon,12,daylight,0,dry,0,5,7,0,1,0,1,0,0,3,slightly_injured
2020,1,Fri,6,52.54911799,13.55376954,morning,11,daylight,0,dry,0,5,3,1,1,0,0,0,0,2,seriously_injured
2020,1,Tue,3,52.50867743,13.46637221,morning,8,daylight,0,dry,0,5,3,1,1,0,0,0,0,3,slightly_injured
2020,1,Tue,3,52.57744296,13.35712256,afternoon,16,dusk,1,wet,1,1,5,0,1,0,0,0,0,3,slightly_injured
2020,1,Fri,6,52.52779789,13.41332279,evening,23,dark,2,wet,1,6,7,1,1,1,0,0,0,3,slightly_injured
2020,1,Thu,5,52.57717594,13.29407478,evening,21,dark,2,dry,0,6,4,0,1,1,0,0,0,2,seriously_injured
2020,1,Tue,3,52.45430903,13.14423214,evening,20,dark,2,wet,1,6,2,0,1,1,0,0,0,2,seriously_injured
2020,1,Fri,6,52.53036777,13.4017617,evening,22,dark,2,dry,0,6,4,0,1,1,0,0,0,3,slightly_injured
2020,1,Thu,5,52.42663388,13.27519238,afternoon,13,daylight,0,wet,1,1,1,0,1,0,0,1,0,2,seriously_injured
2020,1,Fri,6,52.57743761,13.30660447,evening,20,dark,2,dry,0,5,3,0,1,0,0,0,0,3,slightly_injured
2020,1,Fri,6,52.52331841,13.35923436,evening,19,dark,2,dry,0,3,6,1,1,0,0,0,0,3,slightly_injured
2020,1,Wed,4,52.49758619,13.39445604,morning,9,daylight,0,dry,0,3,6,1,0,0,0,0,1,3,slightly_injured
2020,1,Fri,6,52.50130464,13.35711865,evening,18,dark,2,dry,0,5,5,0,1,0,0,0,0,3,slightly_injured
2020,1,Fri,6,52.51971561,13.3801578,afternoon,17,dark,2,dry,0,5,2,0,1,0,1,0,0,3,slightly_injured
2020,1,Fri,6,52.62455188,13.23066875,morning,7,dusk,1,wet,1,6,4,0,1,1,0,0,0,3,slightly_injured
2020,1,Tue,3,52.53306864,13.38666824,morning,8,daylight,0,dry,0,6,4,0,0,1,1,0,0,3,slightly_injured
2020,1,Tue,3,52.5488798,13.42076997,afternoon,16,dusk,1,wet,1,6,2,0,1,1,0,0,0,3,slightly_injured
2020,1,Fri,6,52.55523086,13.52463772,morning,7,daylight,0,wet,1,2,6,0,1,0,0,0,0,3,slightly_injured
2020,1,Thu,5,52.53905633,13.34510175,afternoon,13,daylight,0,wet,1,5,2,1,1,0,0,0,0,3,slightly_injured
2020,1,Fri,6,52.52986165,13.46165123,morning,6,dark,2,dry,0,2,6,0,1,0,0,0,0,3,slightly_injured
2020,1,Wed,4,52.50017534,13.32618733,evening,18,dark,2,wet,1,2,6,0,1,0,0,0,0,3,slightly_injured
2020,1,Fri,6,52.52025365,13.49940235,morning,6,dark,2,dry,0,2,2,0,1,0,0,0,1,3,slightly_injured
2020,1,Tue,3,52.49875699,13.38890322,morning,7,dusk,1,dry,0,2,6,0,1,0,0,0,0,3,slightly_injured
2020,1,Fri,6,52.49933066,13.35299156,night,4,dark,2,dry,0,5,3,1,1,0,0,0,0,3,slightly_injured
2020,1,Wed,4,52.55120206,13.16539948,morning,6,dusk,1,wet,1,5,2,0,1,0,0,0,0,3,slightly_injured
2020,1,Tue,3,52.45367281,13.31927381,morning,6,dusk,1,wet,1,2,6,0,1,0,0,0,0,3,slightly_injured
2020,1,Fri,6,52.52478645,13.24563349,afternoon,13,daylight,0,dry,0,6,7,1,0,1,0,0,0,3,slightly_injured
2020,1,Tue,3,52.53077298,13.57523773,night,5,dark,2,dry,0,0,1,0,1,0,0,0,0,3,slightly_injured
2020,1,Thu,5,52.5429679,13.55057086,night,2,dark,2,wet,1,0,1,1,0,0,0,0,0,3,slightly_injured
2020,1,Thu,5,52.50048664,13.39490247,evening,21,dark,2,dry,0,6,4,0,0,1,0,0,1,3,slightly_injured
2020,1,Tue,3,52.57572987,13.27796902,afternoon,13,daylight,0,dry,0,4,5,0,1,0,0,1,0,1,killed
2020,1,Thu,5,52.51708727,13.35463245,morning,7,dark,2,dry,0,0,2,0,1,0,1,0,0,3,slightly_injured
2020,1,Thu,5,52.44040983,13.45905337,morning,8,daylight,0,wet,1,5,3,0,1,0,0,0,1,3,slightly_injured
2020,1,Thu,5,52.46968997,13.5532321,morning,7,daylight,0,wet,1,5,2,0,1,0,0,0,0,3,slightly_injured
2020,1,Thu,5,52.52379294,13.33007545,afternoon,14,daylight,0,dry,0,5,3,1,0,0,0,0,1,3,slightly_injured
2020,1,Mon,2,52.47345899,13.32856934,afternoon,13,daylight,0,dry,0,6,2,0,1,1,0,0,0,3,slightly_injured
2020,1,Thu,5,52.55363519,13.41388459,afternoon,14,daylight,0,dry,0,2,6,0,1,0,0,0,0,3,slightly_injured
2020,1,Fri,6,52.49738139,13.36548733,afternoon,13,daylight,0,dry,0,5,3,1,1,0,0,0,0,3,slightly_injured
2020,1,Thu,5,52.45578013,13.57703862,afternoon,14,daylight,0,dry,0,5,2,1,1,0,0,0,0,3,slightly_injured
2020,1,Mon,2,52.61807209,13.30268469,afternoon,13,daylight,0,dry,0,5,3,0,1,0,0,0,0,3,slightly_injured
2020,1,Thu,5,52.53144975,13.32029135,afternoon,15,daylight,0,dry,0,5,3,1,1,0,0,0,0,3,slightly_injured
2020,1,Thu,5,52.53854064,13.32608341,afternoon,14,daylight,0,wet,1,3,6,0,1,0,0,0,0,3,slightly_injured
2020,1,Thu,5,52.46566719,13.42141644,afternoon,12,daylight,0,dry,0,3,6,1,1,0,0,0,0,3,slightly_injured
2020,1,Mon,2,52.50403028,13.34609026,morning,9,daylight,0,wet,1,5,2,0,1,0,1,0,0,3,slightly_injured
2020,1,Thu,5,52.52670931,13.33535804,afternoon,12,daylight,0,dry,0,2,2,0,1,0,0,0,0,3,slightly_injured
2020,1,Thu,5,52.56159151,13.208659,morning,7,dusk,1,wet,1,6,2,0,1,1,0,0,0,2,seriously_injured
2020,1,Thu,5,52.52271245,13.41537892,afternoon,12,daylight,0,dry,0,6,4,0,0,1,0,0,1,2,seriously_injured
2020,1,Thu,5,52.46053919,13.46780086,morning,10,daylight,0,dry,0,5,2,0,1,0,0,0,0,3,slightly_injured
2020,1,Mon,2,52.52569301,13.38999114,afternoon,12,daylight,0,dry,0,0,2,0,0,0,0,1,1,3,slightly_injured
2020,1,Thu,5,52.51026521,13.39185787,morning,9,daylight,0,dry,0,2,6,1,1,0,0,0,0,3,slightly_injured