ujahr,umonat,weekday,uwochentag,long,lat,time_of_day,ustunde,light_condition,ulichtverh,street_condition,ustrzustand,uart,utyp1,ist_rad,ist_pkw,ist_fuss,ist_krad,ist_gkfz,ist_sonstige,ukategorie,accident_outcome
2020,1,Thu,5,52.51389143,13.42272851,evening,18,dark,2,dry,0,6,4,0,1,1,0,0,0,3,slightly_injured
2020,1,Thu,5,52.526363,13.49977666,morning,8,daylight,0,dry,0,2,2,0,1,0,0,0,0,3,slightly_injured
2020,1,Mon,2,52.55328982,13.34358696,afternoon,14,daylight,0,dry,0,5,2,1,1,0,0,0,0,3,slightly_injured
2020,1,Thu,5,52.4441267,13.57719865,morning,8,daylight,0,dry,0,1,6,1,1,0,0,0,0,3,slightly_injured
2020,1,Wed,4,52.49781359,13.32438254,afternoon,13,daylight,0,dry,0,5,3,1,1,0,0,0,0,3,slightly_injured
2020,1,Thu,5,52.39848902,13.40642207,morning,7,dusk,1,wet,1,2,2,0,1,0,1,0,0,3,slightly_injured
2020,1,Wed,4,52.56926985,13.38880986,afternoon,17,dark,2,wet,1,1,5,0,1,0,0,0,1,3,slightly_injured
2020,1,Thu,5,52.54886006,13.19348819,morning,6,dark,2,dry,0,6,2,0,1,1,0,0,0,2,seriously_injured
2020,1,Thu,5,52.54645867,13.35912477,morning,6,dark,2,dry,0,5,2,0,1,0,0,0,0,3,slightly_injured
2020,1,Mon,2,52.45210826,13.3334972,afternoon,13,daylight,0,dry,0,0,6,0,1,0,0,0,1,3,slightly_injured
2020,1,Tue,3,52.46371107,13.42535122,evening,20,dark,2,wet,1,9,1,0,1,0,0,0,0,3,slightly_injured
2020,1,Thu,5,52.53791892,13.47166258,evening,18,dark,2,dry,0,6,3,0,1,1,0,0,0,2,seriously_injured
2020,1,Thu,5,52.52917166,13.37752348,afternoon,14,daylight,0,dry,0,1,5,1,1,0,0,0,0,3,slightly_injured
2020,1,Thu,5,52.53216898,13.40622328,evening,18,dark,2,dry,0,5,3,1,1,0,0,0,0,3,slightly_injured
2020,1,Tue,3,52.54464152,13.37040921,evening,22,dark,2,wet,1,6,2,0,0,1,0,0,1,3,slightly_injured
2020,1,Thu,5,52.49733435,13.43200539,morning,7,dusk,1,wet,1,5,2,1,1,0,0,0,0,3,slightly_injured
2020,1,Wed,4,52.54766448,13.34629068,morning,9,daylight,0,dry,0,2,6,0,1,0,0,0,0,3,slightly_injured
2020,1,Tue,3,52.58583443,13.42342011,morning,7,daylight,0,wet,1,6,2,0,1,1,0,0,0,3,slightly_injured
2020,1,Thu,5,52.42944987,13.29066637,evening,20,dark,2,dry,0,1,5,1,1,0,0,0,0,3,slightly_injured
2020,1,Thu,5,52.60863435,13.21297172,afternoon,17,dark,2,dry,0,6,4,0,1,1,0,0,0,3,slightly_injured
2020,1,Thu,5,52.52288843,13.49941325,morning,7,dusk,1,dry,0,5,3,1,0,0,0,0,1,3,slightly_injured
2020,1,Mon,2,52.53411522,13.20675029,afternoon,13,daylight,0,dry,0,5,3,1,1,0,0,0,0,3,slightly_injured
2020,1,Wed,4,52.42416938,13.424405,afternoon,15,daylight,0,dry,0,6,4,0,1,1,0,0,0,2,seriously_injured
2020,1,Thu,5,52.41428367,13.35016871,afternoon,13,daylight,0,wet,1,5,2,0,1,0,0,0,0,3,slightly_injured
2020,2,Mon,2,52.53847485,13.40240597,night,4,dark,2,wet,1,5,3,0,1,0,0,0,0,3,slightly_injured
2020,2,Sun,1,52.4390485,13.55119004,afternoon,17,dark,2,dry,0,0,7,0,1,0,1,0,0,3,slightly_injured
2020,2,Mon,2,52.55385951,13.3589485,afternoon,13,daylight,0,wet,1,2,2,0,1,0,0,0,1,3,slightly_injured
2020,2,Mon,2,52.53203274,13.34320651,morning,6,dusk,1,dry,0,6,4,0,0,1,1,0,0,3,slightly_injured
2020,2,Sun,1,52.50527175,13.33098673,afternoon,15,daylight,0,wet,1,2,6,0,1,0,0,0,0,3,slightly_injured
2020,2,Wed,4,52.42340472,13.43690022,afternoon,15,daylight,0,dry,0,0,3,1,0,0,0,0,1,3,slightly_injured
2020,2,Sun,1,52.49933222,13.42631579,evening,20,dark,2,wet,1,5,3,0,1,0,1,0,0,3,slightly_injured
2020,2,Sun,1,52.52446458,13.44089772,afternoon,17,dark,2,dry,0,5,3,1,1,0,0,0,0,3,slightly_injured
2020,2,Mon,2,52.47004117,13.43155418,evening,18,dark,2,wet,1,1,5,1,1,0,0,0,0,3,slightly_injured
2020,2,Sun,1,52.50760531,13.43615794,afternoon,16,daylight,0,dry,0,0,7,0,1,0,0,0,1,3,slightly_injured
2020,2,Tue,3,52.47622379,13.34118266,morning,8,daylight,0,dry,0,4,6,1,0,0,0,0,0,3,slightly_injured
2020,2,Sun,1,52.57419715,13.31423059,night,4,dark,2,dry,0,1,1,0,1,0,0,0,1,2,seriously_injured
2020,2,Sun,1,52.50992859,13.36400212,afternoon,13,daylight,0,dry,0,2,6,0,1,0,0,0,0,3,slightly_injured
2020,2,Sun,1,52.50570589,13.51969365,evening,20,dark,2,wet,1,6,2,0,1,1,0,0,0,3,slightly_injured
2020,2,Tue,3,52.53944399,13.30202276,afternoon,15,daylight,0,wet,1,5,2,1,1,0,0,0,0,3,slightly_injured
2020,2,Wed,4,52.54286951,13.44252127,morning,8,daylight,0,wet,1,5,3,1,1,0,0,0,0,3,slightly_injured
2020,2,Sun,1,52.49277704,13.42211989,evening,19,dark,2,wet,1,0,7,0,1,1,0,0,0,3,slightly_injured
2020,2,Mon,2,52.48831634,13.30230525,afternoon,17,dark,2,wet,1,5,2,0,1,0,0,0,0,3,slightly_injured
2020,2,Sun,1,52.44534429,13.37857122,afternoon,14,daylight,0,dry,0,2,6,1,1,0,0,0,0,3,slightly_injured
2020,2,Tue,3,52.55592143,13.38183446,evening,19,dark,2,wet,1,2,6,0,1,0,0,0,0,3,slightly_injured
2020,2,Sun,1,52.49882659,13.30019815,evening,19,dark,2,wet,1,5,3,1,1,0,0,0,0,2,seriously_injured
2020,2,Sun,1,52.52396641,13.4117835,afternoon,13,daylight,0,dry,0,5,2,0,1,0,0,0,0,3,slightly_injured
2020,2,Thu,5,52.53377665,13.28224422,morning,8,daylight,0,dry,0,5,2,1,0,0,0,0,1,3,slightly_injured
2020,2,Sun,1,52.51529034,13.41904752,evening,19,dark,2,wet,1,2,6,1,0,0,0,0,1,3,slightly_injured
2020,2,Tue,3,52.45589363,13.55446971,morning,10,daylight,0,dry,0,5,7,0,1,0,0,0,1,3,slightly_injured
2020,2,Mon,2,52.50482467,13.34898813,morning,10,daylight,0,wet,1,5,3,0,1,0,0,0,0,3,slightly_injured
2020,2,Sat,7,52.51694458,13.17763471,afternoon,12,daylight,0,dry,0,2,6,0,1,0,0,0,0,3,slightly_injured
2020,2,Mon,2,52.55016747,13.38874933,morning,11,daylight,0,wet,1,5,3,0,1,0,0,0,1,2,seriously_injured
2020,2,Tue,3,52.55786413,13.35041892,afternoon,13,daylight,0,dry,0,1,5,0,1,0,0,0,0,3,slightly_injured
2020,2,Sun,1,52.4509472,13.33791558,evening,19,dark,2,wet,1,6,2,0,1,1,0,0,0,3,slightly_injured
2020,2,Sat,7,52.48828882,13.30176847,afternoon,12,daylight,0,dry,0,0,5,0,0,0,0,0,1,3,slightly_injured
2020,2,Mon,2,52.48098314,13.31553246,afternoon,15,daylight,0,wet,1,1,5,0,1,0,0,0,0,3,slightly_injured
2020,2,Sat,7,52.5106638,13.43034896,afternoon,12,daylight,0,dry,0,2,6,0,1,0,0,0,0,3,slightly_injured
2020,2,Tue,3,52.55133584,13.38364076,evening,18,dark,2,dry,0,6,2,0,0,1,0,0,1,3,slightly_injured
2020,2,Sun,1,52.43190853,13.4602966,evening,18,dark,2,wet,1,6,2,0,1,1,0,0,0,3,slightly_injured
2020,2,Sat,7,52.48756161,13.33310011,morning,11,daylight,0,dry,0,5,2,1,1,0,0,0,0,3,slightly_injured
2020,2,Wed,4,52.56025929,13.57511439,afternoon,14,daylight,0,dry,0,8,1,0,0,0,0,1,0,3,slightly_injured
2020,2,Sun,1,52.59702851,13.36050058,afternoon,17,dark,2,wet,1,6,2,0,1,1,0,0,0,2,seriously_injured
2020,2,Tue,3,52.49740648,13.2930821,evening,21,dark,2,wet,1,6,7,0,1,1,0,0,0,3,slightly_injured
2020,2,Mon,2,52.49587689,13.2959346,morning,8,daylight,0,wet,1,5,2,1,1,0,0,0,0,3,slightly_injured
2020,2,Sat,7,52.56846641,13.37250369,morning,11,daylight,0,dry,0,1,1,0,1,0,0,0,0,3,slightly_injured
2020,2,Mon,2,52.53331539,13.40717956,morning,11,daylight,0,wet,1,5,3,1,1,0,0,0,0,3,slightly_injured
2020,2,Mon,2,52.51114663,13.40121733,morning,6,dark,2,dry,0,5,2,1,1,0,0,0,0,3,slightly_injured
2020,2,Sun,1,52.53833841,13.39604695,afternoon,17,dark,2,wet,1,5,2,1,0,0,0,0,1,3,slightly_injured
2020,2,Wed,4,52.40785954,13.57360358,afternoon,16,daylight,0,dry,0,5,3,1,1,0,0,0,0,2,seriously_injured
2020,2,Sun,1,52.54717315,13.20950496,afternoon,16,dusk,1,wet,1,6,4,0,1,1,0,0,0,3,slightly_injured
2020,2,Sat,7,52.5299839,13.40103671,night,2,dark,2,dry,0,3,6,0,1,0,0,0,0,2,seriously_injured
2020,2,Mon,2,52.51651929,13.54525071,evening,20,dark,2,wet,1,5,2,0,1,0,0,0,0,2,seriously_injured
2020,2,Wed,4,52.46983414,13.33340198,evening,22,dark,2,dry,0,5,7,0,1,0,0,0,0,3,slightly_injured
2020,2,Sun,1,52.54823797,13.20996149,afternoon,16,dusk,1,wet,1,5,7,0,1,0,1,0,0,3,slightly_injured
2020,2,Mon,2,52.45446627,13.29959017,evening,18,dark,2,wet,1,5,3,1,1,0,0,0,0,3,slightly_injured
2020,2,Tue,3,52.55343124,13.15352222,afternoon,13,daylight,0,dry,0,5,2,0,1,0,0,0,0,2,seriously_injured
2020,2,Mon,2,52.49582464,13.28681515,afternoon,15,daylight,0,wet,1,5,3,0,1,0,0,0,0,3,slightly_injured
2020,2,Sat,7,52.50002018,13.31287843,night,1,dark,2,dry,0,0,2,1,1,0,0,0,0,3,slightly_injured
2020,2,Mon,2,52.55079911,13.36232094,morning,8,daylight,0,wet,1,0,5,1,0,0,0,0,1,3,slightly_injured
2020,2,Mon,2,52.5524928,13.42737449,night,5,dark,2,wet,1,5,3,1,1,0,0,0,0,3,slightly_injured
2020,2,Sun,1,52.54734094,13.43914497,afternoon,16,dusk,1,wet,1,5,2,0,1,0,1,0,0,3,slightly_injured
2020,2,Wed,4,52.52594014,13.53996384,afternoon,15,daylight,0,dry,0,6,2,0,1,1,0,0,0,3,slightly_injured
2020,2,Sun,1,52.4218333,13.35799812,afternoon,16,dusk,1,wet,1,5,7,0,1,0,0,0,0,2,seriously_injured
2020,2,Sat,7,52.52372043,13.35719856,evening,21,dark,2,dry,0,0,2,1,0,0,0,0,1,3,slightly_injured
2020,2,Mon,2,52.57421114,13.35914602,evening,18,dark,2,wet,1,6,2,0,1,1,0,0,0,2,seriously_injured
2020,2,Sat,7,52.43130158,13.30963959,evening,21,dark,2,dry,0,5,2,0,1,0,0,0,0,2,seriously_injured
2020,2,Tue,3,52.54317009,13.38578532,evening,23,dark,2,wet,1,1,5,0,1,0,0,1,0,3,slightly_injured
2020,2,Sun,1,52.50105412,13.34624882,evening,22,dark,2,wet,1,5,2,0,1,0,0,0,0,2,seriously_injured
2020,2,Sat,7,52.55599044,13.38441586,evening,19,dark,2,dry,0,5,2,0,1,0,0,0,0,3,slightly_injured
2020,2,Sat,7,52.4880672,13.37056597,afternoon,17,dark,2,dry,0,5,3,0,1,0,1,0,0,3,slightly_injured
2020,2,Tue,3,52.50249464,13.30066457,morning,10,daylight,0,dry,0,0,7,1,0,0,0,0,0,3,slightly_injured
2020,2,Mon,2,52.44298558,13.34100208,afternoon,12,daylight,0,dry,0,2,6,0,1,0,0,0,0,3,slightly_injured
2020,2,Sat,7,52.55432137,13.40217908,afternoon,17,dusk,1,dry,0,5,3,1,1,0,0,0,0,3,slightly_injured
2020,2,Sun,1,52.58043537,13.40020889,afternoon,14,daylight,0,wet,1,5,3,1,1,0,0,0,0,3,slightly_injured
2020,2,Wed,4,52.39678891,13.53992591,morning,6,dusk,1,wet,1,6,2,0,1,1,0,0,0,3,slightly_injured
2020,2,Sun,1,52.49625937,13.39512297,afternoon,14,daylight,0,wet,1,5,2,0,1,0,0,0,0,3,slightly_injured
2020,2,Mon,2,52.5157069,13.4266829,afternoon,17,dark,2,wet,1,5,3,1,1,0,0,0,0,3,slightly_injured
2020,2,Sat,7,52.47734097,13.4242886,afternoon,15,daylight,0,dry,0,1,5,1,0,0,0,0,1,3,slightly_injured
2020,2,Tue,3,52.56220087,13.35391542,evening,18,dark,2,wet,1,6,2,0,0,1,0,1,0,3,slightly_injured
2020,2,Sun,1,52.435956,13.38220137,afternoon,13,daylight,0,wet,1,5,3,0,1,0,0,0,0,3,slightly_injured
2020,2,Sat,7,52.44286166,13.38048164,afternoon,14,daylight,0,dry,0,5,3,0,1,0,1,0,0,2,seriously_injured
2020,2,Thu,5,52.45869761,13.35471309,evening,23,dark,2,dry,0,6,2,0,1,1,0,0,0,3,slightly_injured
2020,2,Sun,1,52.50669587,13.28038822,afternoon,13,daylight,0,wet,1,2,6,0,1,0,0,0,0,3,slightly_injured
2020,2,Tue,3,52.42895955,13.32927773,morning,8,daylight,0,wet,1,2,7,1,0,0,0,1,0,3,slightly_injured
2020,2,Thu,5,52.49179685,13.39256076,night,5,dark,2,dry,0,5,3,0,1,0,1,0,0,3,slightly_injured
2020,2,Sun,1,52.50367953,13.34714715,night,0,dark,2,dry,0,2,6,0,1,0,0,0,0,3,slightly_injured
2020,2,Tue,3,52.52575927,13.54104122,afternoon,15,daylight,0,dry,0,5,3,0,1,0,0,0,1,2,seriously_injured
2020,2,Mon,2,52.43358034,13.5331827,morning,11,daylight,0,wet,1,0,4,0,0,1,0,0,1,3,slightly_injured
2020,2,Sat,7,52.45843719,13.56179968,afternoon,13,daylight,0,dry,0,2,6,0,1,0,0,0,0,3,slightly_injured
2020,2,Tue,3,52.5943766,13.33004606,afternoon,14,daylight,0,dry,0,6,7,1,0,1,0,0,0,3,slightly_injured
2020,2,Sat,7,52.52335667,13.35887459,night,3,dark,2,dry,0,0,1,0,0,0,0,0,1,3,slightly_injured
2020,2,Sat,7,52.523301,13.43044534,afternoon,13,daylight,0,dry,0,2,6,0,1,0,0,0,0,3,slightly_injured
2020,2,Wed,4,52.55062092,13.46651201,afternoon,14,daylight,0,dry,0,5,3,1,1,0,0,0,0,2,seriously_injured
2020,2,Sat,7,52.51491199,13.3510454,afternoon,16,dusk,1,wet,1,5,2,0,1,0,1,0,0,3,slightly_injured
2020,2,Tue,3,52.52668853,13.33558325,evening,18,dark,2,wet,1,6,7,0,1,1,0,0,0,3,slightly_injured
2020,2,Mon,2,52.53913875,13.34485827,morning,6,dark,2,wet,1,6,2,0,0,1,0,0,1,3,slightly_injured
2020,2,Fri,6,52.5371437,13.22346623,evening,20,dark,2,dry,0,1,5,0,1,0,1,0,0,3,slightly_injured
2020,2,Mon,2,52.45180479,13.40730381,morning,8,daylight,0,wet,1,2,6,0,1,0,0,0,0,3,slightly_injured
2020,2,Mon,2,52.4445768,13.57007264,morning,7,dark,2,wet,1,0,1,0,0,0,1,0,0,3,slightly_injured
2020,2,Mon,2,52.4130836,13.42125419,morning,9,daylight,0,wet,1,6,2,0,0,1,0,1,0,3,slightly_injured
2020,2,Fri,6,52.52826886,13.39252112,evening,21,dark,2,dry,0,0,7,0,1,0,1,0,0,3,slightly_injured
2020,2,Mon,2,52.43298538,13.71432386,morning,8,daylight,0,wet,1,5,3,0,1,0,0,0,0,3,slightly_injured
2020,2,Tue,3,52.47560956,13.28749273,afternoon,13,daylight,0,dry,0,5,3,0,1,0,0,0,0,2,seriously_injured
2020,2,Sat,7,52.48503473,13.38582718,evening,20,dark,2,wet,1,5,2,1,0,0,1,0,0,3,slightly_injured
2020,2,Wed,4,52.52374372,13.38679444,evening,18,dark,2,dry,0,3,6,1,0,0,0,0,0,3,slightly_injured
2020,2,Sat,7,52.5789727,13.29966399,evening,19,dark,2,wet,1,2,6,0,1,0,0,0,0,3,slightly_injured
2020,2,Mon,2,52.49288038,13.44431187,evening,22,dark,2,wet,1,0,1,0,0,0,1,0,0,3,slightly_injured
2020,2,Mon,2,52.51274387,13.45794195,afternoon,12,daylight,0,dry,0,1,5,1,0,0,0,1,0,3,slightly_injured
2020,2,Tue,3,52.57121951,13.39717091,evening,18,dusk,1,dry,0,6,4,0,1,1,0,0,0,3,slightly_injured
2020,2,Mon,2,52.51038113,13.38397955,afternoon,15,daylight,0,wet,1,2,6,0,1,0,0,0,1,2,seriously_injured
2020,2,Fri,6,52.52333255,13.43196132,evening,19,dark,2,dry,0,6,4,0,1,1,0,0,0,2,seriously_injured
2020,2,Mon,2,52.51929231,13.35538098,morning,8,daylight,0,wet,1,5,2,1,1,0,0,0,0,3,slightly_injured
2020,2,Sat,7,52.51872263,13.28667869,evening,19,dark,2,wet,1,6,2,0,1,1,0,0,0,3,slightly_injured
2020,2,Mon,2,52.60773411,13.43356425,afternoon,14,daylight,0,wet,1,0,7,0,0,1,0,1,0,2,seriously_injured
2020,2,Wed,4,52.49966185,13.35459964,morning,8,daylight,0,wet,1,0,1,0,0,0,1,0,0,3,slightly_injured
2020,2,Sat,7,52.5276087,13.41455804,evening,19,dark,2,wet,1,0,6,0,1,0,1,0,0,3,slightly_injured
2020,2,Sat,7,52.4800957,13.52518227,evening,18,dark,2,wet,1,6,4,0,1,1,0,0,0,3,slightly_injured
2020,2,Mon,2,52.55984212,13.45992503,afternoon,17,dark,2,wet,1,6,4,0,1,1,0,0,0,3,slightly_injured
2020,2,Wed,4,52.45384565,13.3486203,afternoon,15,daylight,0,dry,0,2,6,1,1,0,0,0,0,3,slightly_injured
2020,2,Sat,7,52.46821119,13.57374628,afternoon,17,dusk,1,wet,1,6,4,0,1,1,0,0,0,2,seriously_injured
2020,2,Fri,6,52.42753208,13.44831933,evening,19,dark,2,dry,0,5,5,0,1,0,0,0,0,3,slightly_injured
2020,2,Mon,2,52.60893342,13.32762682,evening,19,dark,2,wet,1,5,3,0,1,0,0,0,0,3,slightly_injured
2020,2,Fri,6,52.50012154,13.30744016,evening,19,dark,2,dry,0,2,6,0,1,0,0,0,0,3,slightly_injured
2020,2,Tue,3,52.39394863,13.4086857,morning,8,daylight,0,dry,0,3,6,1,1,0,0,0,0,3,slightly_injured
2020,2,Sun,1,52.45268689,13.6257581,evening,22,dark,2,wet,1,0,7,1,0,0,0,0,0,1,killed
2020,2,Fri,6,52.42636288,13.52891035,morning,6,dark,2,dry,0,1,5,0,1,0,0,0,1,3,slightly_injured
2020,2,Sat,7,52.59850131,13.26236558,afternoon,16,dusk,1,wet,1,8,1,0,1,0,0,0,0,3,slightly_injured
2020,2,Mon,2,52.52770911,13.37876729,evening,18,dark,2,wet,1,6,4,0,1,1,0,0,0,2,seriously_injured
2020,2,Tue,3,52.44089979,13.35241532,afternoon,12,daylight,0,dry,0,5,3,0,1,0,0,0,0,3,slightly_injured
2020,2,Mon,2,52.52442828,13.24793256,afternoon,16,daylight,0,wet,1,2,6,0,1,0,0,0,1,3,slightly_injured
2020,2,Fri,6,52.44286897,13.38054473,evening,18,dark,2,dry,0,2,6,0,1,0,0,0,0,3,slightly_injured
2020,2,Tue,3,52.51452198,13.43843689,afternoon,16,daylight,0,wet,1,2,6,1,1,0,0,0,0,3,slightly_injured
2020,2,Mon,2,52.58583731,13.42342937,afternoon,17,dark,2,wet,1,6,2,0,1,1,0,0,0,3,slightly_injured
2020,2,Fri,6,52.55294439,13.37960752,afternoon,17,dark,2,dry,0,0,3,1,1,0,0,0,0,2,seriously_injured
2020,2,Tue,3,52.52956252,13.40457686,evening,19,dark,2,wet,1,0,6,1,0,0,0,0,1,2,seriously_injured
2020,2,Sun,1,52.50272134,13.32740272,afternoon,15,daylight,0,wet,1,6,7,0,1,1,0,0,0,3,slightly_injured
2020,2,Fri,6,52.43788447,13.34835351,afternoon,17,dark,2,dry,0,5,2,0,1,0,1,0,0,3,slightly_injured
2020,2,Thu,5,52.57783625,13.3154379,morning,8,daylight,0,dry,0,5,2,0,1,0,0,0,0,3,slightly_injured
2020,2,Sat,7,52.52973109,13.44813596,afternoon,12,daylight,0,wet,1,5,3,0,1,0,0,0,0,3,slightly_injured
2020,2,Mon,2,52.53255837,13.41273681,afternoon,17,dark,2,wet,1,0,1,0,1,0,1,0,0,2,seriously_injured
2020,2,Tue,3,52.53575071,13.35767312,morning,10,daylight,0,dry,0,1,5,1,1,0,0,0,0,3,slightly_injured
2020,2,Mon,2,52.44862156,13.3546693,morning,10,daylight,0,wet,1,4,6,0,1,0,0,0,0,3,slightly_injured
2020,2,Fri,6,52.55410616,13.14963757,afternoon,16,dusk,1,dry,0,2,6,0,1,0,0,0,0,3,slightly_injured
2020,2,Mon,2,52.42305838,13.43516242,morning,7,daylight,0,wet,1,5,3,1,1,0,0,0,0,3,slightly_injured
2020,2,Tue,3,52.62169397,13.30906525,afternoon,14,daylight,0,wet,1,5,3,0,1,0,0,0,1,2,seriously_injured
2020,2,Sat,7,52.58484822,13.42893807,afternoon,15,daylight,0,wet,1,6,4,0,1,1,0,0,0,3,slightly_injured
2020,2,Fri,6,52.43362477,13.35151288,afternoon,15,daylight,0,wet,1,2,2,0,1,0,0,0,1,3,slightly_injured
2020,2,Wed,4,52.42395589,13.36509695,afternoon,16,daylight,0,dry,0,5,3,0,1,0,0,0,0,3,slightly_injured
2020,2,Sat,7,52.52550511,13.45810865,afternoon,15,daylight,0,wet,1,5,2,0,1,0,0,0,0,3,slightly_injured
2020,2,Sat,7,52.52379044,13.41673973,afternoon,14,daylight,0,wet,1,0,1,1,0,0,0,0,0,3,slightly_injured
2020,2,Fri,6,52.52872293,13.45747401,afternoon,14,daylight,0,dry,0,2,6,0,1,0,0,0,0,3,slightly_injured
2020,2,Wed,4,52.44430667,13.51029825,afternoon,14,daylight,0,dry,0,2,6,0,1,0,0,0,1,3,slightly_injured
2020,2,Sat,7,52.41955182,13.3984471,afternoon,12,daylight,0,wet,1,5,2,0,1,0,0,0,0,3,slightly_injured
2020,2,Tue,3,52.43768447,13.37899528,morning,6,dark,2,dry,0,5,3,0,0,0,1,0,1,3,slightly_injured
2020,2,Mon,2,52.49797218,13.3201242,morning,9,daylight,0,wet,1,5,2,1,1,0,0,0,0,3,slightly_injured
2020,2,Fri,6,52.5571009,13.20787238,afternoon,14,daylight,0,dry,0,2,6,0,1,0,0,0,0,3,slightly_injured
2020,2,Sun,1,52.56306609,13.39062525,afternoon,16,dusk,1,dry,0,0,5,0,1,0,0,0,1,3,slightly_injured
2020,2,Tue,3,52.50022911,13.41460097,morning,10,daylight,0,wet,1,5,7,1,1,0,0,0,0,3,slightly_injured
2020,2,Sat,7,52.46315443,13.48418507,afternoon,12,daylight,0,wet,1,5,3,1,1,0,0,0,0,3,slightly_injured
2020,2,Mon,2,52.55015975,13.45894946,afternoon,17,dusk,1,wet,1,0,2,0,0,1,0,0,1,3,slightly_injured
2020,2,Wed,4,52.51284488,13.43112295,afternoon,16,dusk,1,dry,0,5,3,1,1,0,0,0,0,3,slightly_injured
2020,2,Sat,7,52.42623649,13.31609638,night,4,dark,2,wet,1,1,1,0,1,0,0,0,0,2,seriously_injured
2020,2,Mon,2,52.63640885,13.49310058,afternoon,16,daylight,0,wet,1,6,4,0,1,1,0,0,0,3,slightly_injured
2020,2,Mon,2,52.5145434,13.31508416,evening,19,dark,2,wet,1,9,1,0,1,1,0,0,0,3,slightly_injured
2020,2,Tue,3,52.47632985,13.33751492,morning,11,daylight,0,dry,0,2,2,0,1,0,1,0,0,3,slightly_injured
2020,2,Mon,2,52.60285098,13.40207211,afternoon,12,daylight,0,wet,1,5,2,0,1,0,0,0,0,2,seriously_injured
2020,2,Mon,2,52.45343997,13.31552565,morning,8,daylight,0,wet,1,6,4,0,1,1,0,0,0,3,slightly_injured
2020,2,Mon,2,52.49839432,13.39959767,night,1,dark,2,wet,1,5,2,0,1,0,0,0,0,3,slightly_injured
2020,2,Fri,6,52.56360886,13.37763228,afternoon,14,daylight,0,dry,0,5,3,0,1,0,1,0,0,3,slightly_injured
2020,2,Sun,1,52.53467885,13.38633808,morning,10,daylight,0,dry,0,6,7,0,1,1,0,0,0,2,seriously_injured
2020,2,Mon,2,52.58227894,13.41157151,morning,7,dusk,1,wet,1,6,4,0,1,1,0,0,0,2,seriously_injured
2020,2,Sat,7,52.57458269,13.38067521,afternoon,12,daylight,0,wet,1,5,2,0,1,0,0,0,0,2,seriously_injured
2020,2,Wed,4,52.48530511,13.32249322,afternoon,15,daylight,0,dry,0,5,3,1,1,0,0,0,0,3,slightly_injured
2020,1,Fri,6,52.55050678,13.58196063,night,5,dark,2,wet,1,6,2,0,1,1,0,0,0,3,slightly_injured
2020,2,Fri,6,52.53866019,13.48120369,afternoon,14,daylight,0,dry,0,5,2,1,1,0,0,0,0,3,slightly_injured
2020,2,Mon,2,52.43043263,13.31221169,evening,18,dark,2,wet,1,6,2,0,1,1,0,0,0,3,slightly_injured
2020,2,Fri,6,52.52590106,13.196713,afternoon,12,daylight,0,dry,0,0,5,0,1,0,0,0,1,3,slightly_injured
2020,2,Tue,3,52.4696593,13.49198094,morning,8,daylight,0,dry,0,6,4,0,0,1,0,0,1,2,seriously_injured
2020,2,Sun,1,52.50680478,13.46886336,evening,23,dark,2,wet,1,5,2,0,1,0,1,0,0,3,slightly_injured
2020,2,Fri,6,52.54789166,13.3022473,afternoon,13,daylight,0,dry,0,5,2,0,1,0,0,0,0,3,slightly_injured
2020,1,Fri,6,52.59133002,13.29920514,evening,23,dark,2,dry,0,1,5,1,1,0,0,0,0,3,slightly_injured
2020,2,Mon,2,52.52475783,13.5386662,afternoon,15,daylight,0,wet,1,5,3,1,1,0,0,0,0,2,seriously_injured
2020,2,Fri,6,52.50527065,13.29392311,afternoon,12,daylight,0,dry,0,0,3,0,1,0,1,0,0,3,slightly_injured
2020,1,Fri,6,52.44807306,13.37907267,evening,21,dark,2,dry,0,5,3,1,1,0,0,0,0,3,slightly_injured
2020,2,Wed,4,52.52039926,13.47540993,morning,7,daylight,0,wet,1,5,2,1,0,0,0,0,1,3,slightly_injured
2020,1,Fri,6,52.52927711,13.29643122,evening,19,daylight,0,dry,0,5,2,0,1,0,0,0,0,3,slightly_injured
2020,2,Mon,2,52.55939323,13.49392604,afternoon,17,dark,2,wet,1,5,3,1,1,0,0,0,0,3,slightly_injured
2020,2,Fri,6,52.46224393,13.51490613,afternoon,12,daylight,0,dry,0,5,7,0,1,0,0,0,1,3,slightly_injured
2020,2,Tue,3,52.55049556,13.39374515,afternoon,15,daylight,0,wet,1,5,3,0,1,0,0,0,0,3,slightly_injured
2020,1,Fri,6,52.48752551,13.33204688,evening,18,dark,2,dry,0,5,7,0,1,0,0,0,0,3,slightly_injured
2020,2,Fri,6,52.4360911,13.3688955,afternoon,12,daylight,0,dry,0,5,3,0,1,0,0,0,0,3,slightly_injured
2020,2,Thu,5,52.49563942,13.3797285,evening,19,dark,2,dry,0,5,2,1,1,0,0,0,0,3,slightly_injured
2020,1,Fri,6,52.4979472,13.32456783,afternoon,17,dark,2,dry,0,5,3,1,1,0,0,0,0,3,slightly_injured
2020,2,Tue,3,52.53934761,13.34327157,morning,10,daylight,0,dry,0,5,2,0,1,0,0,1,0,3,slightly_injured