ujahr,umonat,weekday,uwochentag,long,lat,time_of_day,ustunde,light_condition,ulichtverh,street_condition,ustrzustand,uart,utyp1,ist_rad,ist_pkw,ist_fuss,ist_krad,ist_gkfz,ist_sonstige,ukategorie,accident_outcome
2020,2,Mon,2,52.49842781,13.40116667,morning,10,daylight,0,wet,1,0,7,0,0,0,0,1,0,3,slightly_injured
2020,2,Fri,6,52.44143983,13.5005968,morning,6,dusk,1,dry,0,1,5,0,1,0,0,0,0,3,slightly_injured
2020,2,Tue,3,52.53579512,13.20527021,afternoon,15,daylight,0,dry,0,0,6,0,1,0,0,0,1,2,seriously_injured
2020,2,Mon,2,52.53321655,13.47585134,afternoon,12,daylight,0,wet,1,2,6,0,1,0,0,0,0,3,slightly_injured
2020,2,Fri,6,52.50586761,13.32267896,afternoon,15,daylight,0,dry,0,3,1,1,1,0,0,0,0,1,killed
2020,2,Tue,3,52.38667515,13.39954727,afternoon,14,daylight,0,dry,0,5,5,1,1,0,0,0,0,3,slightly_injured
2020,1,Fri,6,52.47687146,13.32027068,afternoon,15,daylight,0,dry,0,6,4,0,1,1,0,0,0,3,slightly_injured
2020,2,Thu,5,52.48156637,13.31487921,afternoon,15,daylight,0,dry,0,6,2,0,1,1,0,0,0,3,slightly_injured
2020,2,Wed,4,52.54283116,13.34852322,afternoon,14,daylight,0,dry,0,2,2,0,1,0,0,0,0,3,slightly_injured
2020,1,Fri,6,52.61065649,13.24526942,afternoon,12,daylight,0,dry,0,1,5,1,1,0,0,0,1,3,slightly_injured
2020,2,Mon,2,52.51044776,13.40922725,afternoon,14,daylight,0,wet,1,2,6,0,1,0,0,0,0,3,slightly_injured
2020,2,Tue,3,52.55965994,13.36970432,evening,18,dark,2,wet,1,6,2,0,1,1,0,0,0,3,slightly_injured
2020,2,Mon,2,52.48066091,13.41551232,morning,7,daylight,0,wet,1,5,3,1,1,0,0,0,0,3,slightly_injured
2020,2,Thu,5,52.44527094,13.5662855,evening,20,dark,2,dry,0,5,2,0,1,0,0,0,1,3,slightly_injured
2020,2,Sun,1,52.5214724,13.38806574,morning,9,daylight,0,dry,0,2,6,1,1,0,0,0,0,3,slightly_injured
2020,2,Mon,2,52.59511454,13.28538002,morning,7,dusk,1,wet,1,2,6,0,1,0,0,0,0,3,slightly_injured
2020,1,Fri,6,52.3910471,13.63522428,afternoon,12,daylight,0,wet,1,5,3,1,1,0,0,0,0,3,slightly_injured
2020,2,Wed,4,52.50096195,13.31479366,afternoon,16,daylight,0,dry,0,2,6,0,1,0,0,0,0,3,slightly_injured
2020,2,Sun,1,52.5513681,13.43012384,night,4,dark,2,dry,0,9,1,0,0,0,1,0,0,2,seriously_injured
2020,2,Tue,3,52.56207765,13.15830423,afternoon,13,daylight,0,dry,0,6,4,0,1,1,0,0,0,3,slightly_injured
2020,1,Fri,6,52.46127599,13.50247696,afternoon,14,daylight,0,dry,0,0,1,1,0,0,0,0,0,3,slightly_injured
2020,2,Wed,4,52.5011092,13.27509323,evening,18,dark,2,dry,0,3,6,0,1,0,0,0,0,3,slightly_injured
2020,1,Fri,6,52.51404422,13.19772155,afternoon,12,daylight,0,dry,0,0,1,1,0,0,0,0,0,3,slightly_injured
2020,2,Mon,2,52.41813429,13.41693948,evening,18,dark,2,wet,1,6,2,0,1,1,0,0,0,2,seriously_injured
2020,2,Tue,3,52.52631874,13.34487018,afternoon,17,dark,2,wet,1,6,4,0,1,1,0,0,0,3,slightly_injured
2020,2,Mon,2,52.51512287,13.43193751,afternoon,15,daylight,0,wet,1,5,2,0,1,0,0,0,0,3,slightly_injured
2020,2,Thu,5,52.52064936,13.41533022,evening,19,dark,2,dry,0,5,2,1,1,0,0,0,0,3,slightly_injured
2020,2,Sun,1,52.50066797,13.31282961,evening,22,dark,2,wet,1,6,2,0,1,1,0,0,0,3,slightly_injured
2020,1,Fri,6,52.45345844,13.51839364,afternoon,14,daylight,0,dry,0,0,1,1,0,0,0,0,0,3,slightly_injured
2020,2,Wed,4,52.54232033,13.34945034,morning,8,daylight,0,wet,1,5,2,1,0,0,0,0,1,3,slightly_injured
2020,1,Fri,6,52.52652024,13.33837755,morning,11,daylight,0,dry,0,3,6,1,1,0,0,0,0,3,slightly_injured
2020,2,Mon,2,52.47848412,13.33277831,afternoon,17,dark,2,wet,1,2,6,1,1,0,0,0,0,3,slightly_injured
2020,2,Thu,5,52.53719046,13.22272793,evening,18,dark,2,dry,0,2,6,0,1,0,1,0,0,3,slightly_injured
2020,1,Fri,6,52.52542643,13.1969834,morning,11,daylight,0,dry,0,5,7,0,1,0,0,0,0,3,slightly_injured
2020,2,Thu,5,52.52760016,13.21168066,evening,18,dark,2,dry,0,4,2,0,1,0,0,0,0,3,slightly_injured
2020,2,Mon,2,52.52713981,13.38699847,evening,20,dark,2,wet,1,5,2,1,1,0,0,0,0,3,slightly_injured
2020,2,Thu,5,52.52445182,13.41755356,afternoon,17,dark,2,dry,0,4,2,1,0,0,0,0,0,3,slightly_injured
2020,2,Tue,3,52.5767118,13.36364175,morning,9,daylight,0,wet,1,1,1,0,1,0,0,0,1,3,slightly_injured
2020,2,Mon,2,52.42579737,13.5453701,morning,8,daylight,0,wet,1,5,3,1,0,0,0,0,1,2,seriously_injured
2020,2,Thu,5,52.4976206,13.44824821,afternoon,17,dark,2,dry,0,6,4,0,1,1,0,0,0,3,slightly_injured
2020,1,Fri,6,52.44512895,13.59154297,morning,11,daylight,0,dry,0,1,5,1,1,0,0,0,0,2,seriously_injured
2020,2,Wed,4,52.56061815,13.47754381,night,5,dark,2,wet,1,6,2,0,1,1,0,0,0,3,slightly_injured
2020,2,Mon,2,52.44693444,13.37161902,afternoon,16,dusk,1,wet,1,2,6,0,1,0,0,0,0,3,slightly_injured
2020,2,Thu,5,52.55826328,13.35109918,afternoon,17,dark,2,dry,0,6,2,0,1,1,0,0,0,3,slightly_injured
2020,2,Tue,3,52.39376891,13.40680715,afternoon,16,daylight,0,wet,1,5,2,0,1,0,0,0,0,3,slightly_injured
2020,1,Fri,6,52.41832749,13.49691786,morning,10,daylight,0,wet,1,0,7,0,1,0,1,0,0,3,slightly_injured
2020,2,Thu,5,52.49299149,13.34184658,afternoon,17,dark,2,dry,0,0,1,1,0,0,0,0,0,3,slightly_injured
2020,2,Wed,4,52.4267259,13.59460538,afternoon,14,daylight,0,dry,0,0,7,1,1,0,0,0,0,3,slightly_injured
2020,2,Tue,3,52.56911327,13.32977278,morning,6,dark,2,wet,1,6,2,0,1,1,0,0,0,3,slightly_injured
2020,2,Sun,1,52.53594541,13.35738394,evening,22,dark,2,wet,1,5,3,0,1,0,0,0,0,3,slightly_injured
2020,2,Thu,5,52.53175051,13.38975277,afternoon,16,dusk,1,dry,0,5,2,1,0,0,1,0,0,3,slightly_injured
2020,2,Thu,5,52.50205445,13.33391388,morning,9,daylight,0,dry,0,2,7,1,1,0,0,0,0,3,slightly_injured
2020,1,Fri,6,52.47409765,13.42496634,morning,9,daylight,0,dry,0,5,3,1,1,0,0,0,0,3,slightly_injured
2020,2,Tue,3,52.53788635,13.22882694,afternoon,13,daylight,0,dry,0,0,2,0,1,0,0,0,1,3,slightly_injured
2020,2,Mon,2,52.5558344,13.38667346,morning,11,daylight,0,wet,1,2,6,0,1,0,0,0,0,3,slightly_injured
2020,2,Thu,5,52.4698052,13.3720898,afternoon,16,daylight,0,dry,0,2,2,0,1,0,0,0,0,3,slightly_injured
2020,2,Tue,3,52.55177053,13.43049892,evening,18,dark,2,wet,1,2,2,0,1,0,0,0,0,3,slightly_injured
2020,1,Fri,6,52.5367932,13.60492252,morning,9,daylight,0,dry,0,0,1,0,0,0,1,0,0,3,slightly_injured
2020,2,Thu,5,52.5489943,13.21008132,afternoon,12,daylight,0,dry,0,5,3,1,1,0,0,0,0,3,slightly_injured
2020,2,Wed,4,52.51214017,13.46145865,afternoon,14,daylight,0,dry,0,5,3,0,1,0,0,0,1,2,seriously_injured
2020,1,Fri,6,52.51819724,13.44111026,morning,9,daylight,0,wet,1,5,3,1,1,0,0,0,0,3,slightly_injured
2020,2,Tue,3,52.48604445,13.34497245,afternoon,17,dark,2,dry,0,3,6,0,1,0,0,0,0,3,slightly_injured
2020,1,Fri,6,52.5043754,13.56577338,morning,9,daylight,0,dry,0,6,4,0,1,1,0,0,0,3,slightly_injured
2020,2,Tue,3,52.51487927,13.39105181,morning,8,daylight,0,dry,0,5,2,1,0,0,0,0,1,3,slightly_injured
2020,2,Mon,2,52.60398101,13.43194978,morning,9,daylight,0,wet,1,0,5,1,1,0,0,0,0,3,slightly_injured
2020,2,Thu,5,52.45417204,13.59280129,morning,9,daylight,0,dry,0,0,1,1,0,0,0,0,0,2,seriously_injured
2020,2,Sun,1,52.54799942,13.42234395,evening,18,dark,2,dry,0,0,1,0,1,0,0,0,0,3,slightly_injured
2020,2,Tue,3,52.45671584,13.43690208,afternoon,12,daylight,0,dry,0,2,6,0,1,0,0,0,0,3,slightly_injured
2020,1,Fri,6,52.55016173,13.2955428,morning,8,daylight,0,dry,0,2,6,0,1,0,0,0,0,3,slightly_injured
2020,2,Mon,2,52.46001981,13.40251168,afternoon,14,daylight,0,wet,1,5,3,0,1,0,0,0,1,3,slightly_injured
2020,2,Wed,4,52.52322371,13.48392803,afternoon,16,dusk,1,dry,0,5,2,1,1,0,0,0,0,3,slightly_injured
2020,1,Fri,6,52.56135891,13.50015923,morning,8,daylight,0,dry,0,6,4,0,1,1,0,0,0,3,slightly_injured
2020,2,Mon,2,52.45805665,13.29324019,afternoon,13,daylight,0,wet,1,6,4,0,1,1,0,0,0,3,slightly_injured
2020,2,Mon,2,52.48611478,13.18263959,evening,20,dark,2,wet,1,4,6,0,1,0,0,0,0,3,slightly_injured
2020,2,Tue,3,52.53193911,13.34337575,evening,18,dark,2,dry,0,6,2,0,1,1,0,0,0,3,slightly_injured
2020,2,Mon,2,52.58023445,13.29686243,afternoon,14,daylight,0,wet,1,5,3,0,1,0,0,0,0,3,slightly_injured
2020,2,Thu,5,52.45422989,13.46092691,morning,9,daylight,0,dry,0,5,3,0,1,0,0,0,0,3,slightly_injured
2020,1,Fri,6,52.41031983,13.49860153,morning,8,daylight,0,dry,0,3,6,0,0,0,0,0,1,3,slightly_injured
2020,2,Wed,4,52.49597951,13.39074288,morning,8,daylight,0,wet,1,5,2,1,1,0,0,0,0,3,slightly_injured
2020,2,Fri,6,52.55750575,13.39054322,afternoon,16,dusk,1,wet,1,1,5,0,1,0,1,0,0,2,seriously_injured
2020,2,Wed,4,52.42283517,13.31304074,afternoon,13,daylight,0,wet,1,0,3,0,1,0,1,0,0,3,slightly_injured
2020,2,Sat,7,52.44202804,13.34164132,morning,9,daylight,0,dry,0,2,6,0,1,0,0,0,0,3,slightly_injured
2020,2,Sat,7,52.5665276,13.52251719,evening,18,dark,2,dry,0,6,4,0,1,1,0,0,0,3,slightly_injured
2020,2,Tue,3,52.528676,13.30505782,morning,9,daylight,0,wet,1,2,2,0,1,0,0,0,0,3,slightly_injured
2020,2,Mon,2,52.5079463,13.39461227,evening,20,dark,2,dry,0,5,5,1,0,0,0,0,1,3,slightly_injured
2020,2,Thu,5,52.52054342,13.38822835,afternoon,13,daylight,0,wet,1,2,7,0,1,0,1,0,0,3,slightly_injured
2020,2,Fri,6,52.55011579,13.29573829,afternoon,16,daylight,0,dry,0,2,6,0,1,0,0,0,0,3,slightly_injured
2020,2,Fri,6,52.44390773,13.56913989,afternoon,14,daylight,0,dry,0,0,7,0,0,1,0,0,1,3,slightly_injured
2020,2,Wed,4,52.53439331,13.50017024,evening,18,dark,2,wet,1,2,6,0,0,0,1,0,1,3,slightly_injured
2020,2,Tue,3,52.46920721,13.43031494,evening,18,dusk,1,wet,1,5,2,1,1,0,0,0,0,3,slightly_injured
2020,2,Fri,6,52.48153112,13.32944712,afternoon,14,daylight,0,wet,1,5,2,1,1,0,0,0,0,3,slightly_injured
2020,2,Tue,3,52.60614991,13.3168827,morning,9,daylight,0,wet,1,2,6,0,1,0,1,0,0,2,seriously_injured
2020,2,Fri,6,52.53270273,13.38040363,morning,6,dark,2,dry,0,0,7,0,0,0,0,0,1,1,killed
2020,2,Mon,2,52.49414844,13.45496389,morning,7,daylight,0,wet,1,2,7,0,1,0,0,1,0,3,slightly_injured
2020,2,Mon,2,52.43428639,13.5386335,afternoon,14,daylight,0,dry,0,3,6,0,1,0,0,0,1,3,slightly_injured
2020,2,Thu,5,52.56097005,13.21346742,morning,7,daylight,0,dry,0,6,4,0,1,1,0,0,0,3,slightly_injured
2020,2,Mon,2,52.50654194,13.45882062,morning,10,daylight,0,dry,0,5,2,0,1,0,0,0,0,3,slightly_injured
2020,2,Mon,2,52.50349118,13.41103441,afternoon,16,daylight,0,dry,0,5,2,1,1,0,0,0,0,3,slightly_injured
2020,2,Thu,5,52.53792431,13.20266497,morning,11,daylight,0,dry,0,6,7,0,1,1,0,0,0,3,slightly_injured
2020,2,Fri,6,52.48653732,13.32089547,afternoon,13,daylight,0,wet,1,5,7,0,1,0,0,0,0,3,slightly_injured
2020,2,Wed,4,52.44438083,13.33878878,afternoon,17,dusk,1,wet,1,5,2,0,1,0,0,0,0,3,slightly_injured
2020,2,Tue,3,52.55752668,13.56425658,afternoon,15,daylight,0,wet,1,6,4,0,1,1,0,0,0,3,slightly_injured
2020,2,Fri,6,52.39934546,13.38219529,afternoon,13,daylight,0,wet,1,5,2,1,0,0,0,0,1,3,slightly_injured
2020,2,Tue,3,52.52298683,13.47351311,afternoon,17,dark,2,wet,1,2,2,1,1,0,0,0,0,3,slightly_injured
2020,2,Fri,6,52.52849623,13.33810988,evening,23,dark,2,wet,1,0,1,0,0,0,0,0,1,3,slightly_injured
2020,2,Mon,2,52.50028057,13.32916171,evening,20,dark,2,wet,1,6,4,0,1,1,0,0,0,3,slightly_injured
2020,2,Thu,5,52.45294232,13.3950868,evening,19,dark,2,wet,1,5,5,0,1,0,1,0,0,2,seriously_injured
2020,2,Wed,4,52.54811207,13.25886793,evening,18,dark,2,wet,1,6,2,0,1,1,0,0,0,3,slightly_injured
2020,2,Fri,6,52.4202653,13.35936799,evening,18,dark,2,wet,1,5,2,1,1,0,0,0,0,2,seriously_injured
2020,2,Wed,4,52.56248698,13.42165812,afternoon,14,daylight,0,dry,0,5,3,1,1,0,0,0,0,3,slightly_injured
2020,2,Sat,7,52.56068277,13.21562488,morning,9,daylight,0,dry,0,2,6,0,1,0,0,0,0,3,slightly_injured
2020,2,Sun,1,52.49938597,13.43122871,afternoon,14,daylight,0,wet,1,5,3,1,1,0,0,0,0,3,slightly_injured
2020,2,Tue,3,52.46304356,13.34274989,afternoon,13,daylight,0,wet,1,5,2,0,1,0,1,0,0,3,slightly_injured
2020,2,Fri,6,52.60445673,13.4321987,afternoon,17,dark,2,wet,1,5,3,0,1,0,0,0,0,3,slightly_injured
2020,2,Wed,4,52.53831889,13.4238455,afternoon,14,daylight,0,dry,0,5,2,1,0,0,0,0,1,3,slightly_injured
2020,2,Fri,6,52.51323406,13.33024688,morning,6,dark,2,wet,1,5,3,0,1,0,0,0,0,3,slightly_injured
2020,2,Wed,4,52.45058384,13.63049289,morning,8,daylight,0,dry,0,5,3,1,0,0,0,0,0,3,slightly_injured
2020,2,Sun,1,52.51921065,13.2957694,evening,20,dark,2,wet,1,6,4,0,1,1,0,0,0,3,slightly_injured
2020,2,Tue,3,52.59568084,13.33562224,afternoon,15,daylight,0,dry,0,3,6,0,0,0,0,0,1,3,slightly_injured
2020,2,Fri,6,52.53812463,13.21612737,night,5,dark,2,wet,1,2,6,0,1,0,1,0,0,3,slightly_injured
2020,2,Tue,3,52.49122657,13.41150355,afternoon,12,daylight,0,wet,1,1,5,1,0,0,0,1,0,3,slightly_injured
2020,2,Fri,6,52.55127203,13.51392967,afternoon,14,daylight,0,dry,0,5,2,1,1,0,0,0,0,3,slightly_injured
2020,2,Mon,2,52.52833641,13.38583332,evening,18,dark,2,wet,1,0,1,0,1,0,1,0,0,3,slightly_injured
2020,2,Wed,4,52.47164787,13.33537469,evening,20,dark,2,wet,1,6,4,0,0,1,0,0,1,1,killed
2020,2,Wed,4,52.550923,13.43125367,morning,9,daylight,0,wet,1,0,1,1,0,0,0,0,0,3,slightly_injured
2020,2,Fri,6,52.54669442,13.36272927,night,5,dark,2,wet,1,5,3,0,1,0,0,0,0,3,slightly_injured
2020,2,Wed,4,52.52813748,13.32173737,afternoon,14,daylight,0,dry,0,0,1,0,0,0,1,0,0,3,slightly_injured
2020,2,Sat,7,52.50250137,13.41518692,night,1,dark,2,dry,0,2,6,0,1,0,0,0,0,3,slightly_injured
2020,2,Sat,7,52.50557609,13.32561463,evening,20,dark,2,wet,1,6,2,0,1,1,0,0,0,3,slightly_injured
2020,2,Tue,3,52.52471814,13.38752289,morning,9,daylight,0,dry,0,6,4,0,0,1,0,0,1,2,seriously_injured
2020,2,Mon,2,52.56695025,13.51520983,morning,7,daylight,0,dry,0,2,2,1,1,0,0,0,0,3,slightly_injured
2020,2,Fri,6,52.52170951,13.15581803,morning,7,daylight,0,dry,0,6,4,1,0,1,0,0,0,3,slightly_injured
2020,2,Thu,5,52.53399666,13.54885605,night,5,dark,2,dry,0,0,7,0,1,0,0,0,0,2,seriously_injured
2020,2,Mon,2,52.55290166,13.37984575,afternoon,12,daylight,0,dry,0,6,7,0,1,1,0,0,0,2,seriously_injured
2020,2,Fri,6,52.52161257,13.15576166,morning,8,daylight,0,wet,1,6,4,0,1,1,0,0,0,2,seriously_injured
2020,2,Mon,2,52.41461363,13.40121932,morning,11,daylight,0,dry,0,5,2,0,1,0,0,0,0,2,seriously_injured
2020,2,Wed,4,52.51840477,13.44871518,evening,21,dark,2,wet,1,3,6,1,1,0,0,0,0,3,slightly_injured
2020,2,Wed,4,52.46701586,13.32838175,morning,8,daylight,0,wet,1,5,3,1,1,0,0,0,0,2,seriously_injured
2020,2,Thu,5,52.55214891,13.36676245,evening,22,dark,2,wet,1,5,3,1,1,0,0,0,0,3,slightly_injured
2020,2,Wed,4,52.43841793,13.33821165,afternoon,13,daylight,0,wet,1,5,7,1,1,0,0,0,0,3,slightly_injured
2020,2,Sat,7,52.48357785,13.58388679,afternoon,13,daylight,0,dry,0,5,3,0,1,0,0,0,0,3,slightly_injured
2020,2,Sat,7,52.51364487,13.48457563,evening,18,dark,2,dry,0,5,2,1,1,0,0,0,0,3,slightly_injured
2020,2,Mon,2,52.45439611,13.51767747,morning,6,dark,2,wet,1,2,7,0,1,0,0,0,0,3,slightly_injured
2020,2,Mon,2,52.50184143,13.32151714,evening,19,dark,2,dry,0,2,6,0,1,0,0,0,0,3,slightly_injured
2020,2,Thu,5,52.42075235,13.42754028,afternoon,14,daylight,0,wet,1,5,2,0,1,0,0,0,1,3,slightly_injured
2020,2,Thu,5,52.38739322,13.40966316,evening,22,dark,2,wet,1,5,3,0,1,0,0,0,0,3,slightly_injured
2020,2,Thu,5,52.4674232,13.33617596,evening,21,dark,2,wet,1,5,3,1,1,0,0,0,0,3,slightly_injured
2020,2,Wed,4,52.47901751,13.31037473,evening,18,dark,2,wet,1,5,2,1,1,0,0,0,0,3,slightly_injured
2020,2,Tue,3,52.52064936,13.41533022,afternoon,17,daylight,0,dry,0,5,2,1,1,0,0,0,0,3,slightly_injured
2020,2,Thu,5,52.43285844,13.3397812,evening,19,dark,2,wet,1,6,4,0,0,1,0,0,1,2,seriously_injured
2020,2,Tue,3,52.50843062,13.41354397,morning,6,dusk,1,wet,1,5,3,1,1,0,0,0,0,3,slightly_injured
2020,2,Thu,5,52.42561874,13.26128105,evening,19,dark,2,wet,1,2,6,0,1,0,0,0,0,3,slightly_injured
2020,2,Wed,4,52.58804025,13.3398998,evening,19,dark,2,wet,1,5,2,0,1,0,0,0,0,3,slightly_injured
2020,2,Tue,3,52.5053768,13.33983764,morning,11,daylight,0,wet,1,0,6,0,1,0,1,0,0,3,slightly_injured
2020,2,Thu,5,52.45081783,13.53953897,evening,19,dark,2,wet,1,6,4,0,1,1,0,0,0,2,seriously_injured
2020,2,Tue,3,52.46968117,13.3719323,evening,19,dark,2,dry,0,5,3,1,1,0,0,0,0,3,slightly_injured
2020,2,Sat,7,52.57149671,13.39141596,morning,11,daylight,0,dry,0,1,5,0,1,0,0,0,0,3,slightly_injured
2020,2,Mon,2,52.45090533,13.27043468,morning,9,daylight,0,wet,1,5,2,1,1,0,0,0,0,3,slightly_injured
2020,2,Mon,2,52.49805865,13.32031545,afternoon,15,daylight,0,dry,0,5,3,0,1,0,0,0,0,3,slightly_injured
2020,2,Thu,5,52.498447,13.40334556,morning,11,daylight,0,dry,0,2,6,0,1,0,0,0,0,3,slightly_injured
2020,2,Thu,5,52.56509862,13.39443603,evening,18,dusk,1,wet,1,2,6,0,1,0,0,0,0,3,slightly_injured
2020,2,Wed,4,52.44403022,13.37999917,afternoon,16,daylight,0,wet,1,2,6,0,1,0,0,0,0,3,slightly_injured
2020,2,Tue,3,52.5394017,13.58641651,afternoon,16,daylight,0,dry,0,0,3,0,1,0,0,0,1,3,slightly_injured
2020,2,Thu,5,52.53176724,13.17901605,evening,18,dark,2,wet,1,0,3,0,1,0,1,0,0,3,slightly_injured
2020,2,Tue,3,52.52077164,13.48612801,afternoon,14,daylight,0,dry,0,5,3,1,1,0,0,0,0,2,seriously_injured
2020,2,Fri,6,52.55023823,13.57280697,afternoon,17,dark,2,dry,0,6,4,0,1,1,0,0,0,2,seriously_injured
2020,2,Mon,2,52.43660865,13.37138132,evening,19,dark,2,wet,1,2,2,0,1,0,0,0,0,3,slightly_injured
2020,2,Fri,6,52.48142875,13.32937142,morning,8,daylight,0,wet,1,2,6,0,1,0,0,0,0,2,seriously_injured
2020,2,Mon,2,52.50019684,13.34623372,evening,21,dark,2,wet,1,2,6,0,1,0,0,0,0,3,slightly_injured
2020,2,Sun,1,52.4418746,13.56962674,afternoon,15,daylight,0,wet,1,5,2,1,1,0,0,0,0,3,slightly_injured
2020,2,Thu,5,52.5439805,13.59136791,morning,7,daylight,0,dry,0,6,4,0,1,1,0,0,0,3,slightly_injured
2020,2,Wed,4,52.56746936,13.43998189,afternoon,13,daylight,0,wet,1,0,1,1,0,0,0,0,0,3,slightly_injured
2020,2,Thu,5,52.46132236,13.43499993,evening,18,dark,2,wet,1,2,6,0,1,0,0,0,0,3,slightly_injured
2020,2,Wed,4,52.58180505,13.40737177,afternoon,15,daylight,0,wet,1,1,5,1,0,0,0,0,1,3,slightly_injured
2020,2,Sun,1,52.50379112,13.33134202,afternoon,17,dark,2,wet,1,5,2,0,1,0,0,0,0,3,slightly_injured
2020,2,Tue,3,52.52959463,13.40054212,afternoon,14,daylight,0,wet,1,2,7,1,1,0,0,0,0,3,slightly_injured
2020,2,Thu,5,52.49041317,13.42380656,afternoon,16,dusk,1,dry,0,6,4,0,1,1,0,0,0,3,slightly_injured
2020,2,Tue,3,52.49017543,13.40021039,morning,11,daylight,0,dry,0,5,2,0,1,0,0,0,0,3,slightly_injured
2020,2,Fri,6,52.6257296,13.29128572,afternoon,13,daylight,0,dry,0,5,3,0,1,0,0,0,0,3,slightly_injured
2020,2,Mon,2,52.55068609,13.41224215,afternoon,14,daylight,0,dry,0,0,6,1,1,0,0,0,0,3,slightly_injured
2020,2,Wed,4,52.46487385,13.37739733,evening,22,dark,2,wet,1,6,2,0,1,1,0,0,0,3,slightly_injured
2020,2,Wed,4,52.53722008,13.44951459,morning,8,daylight,0,wet,1,5,2,0,1,0,0,0,0,3,slightly_injured
2020,2,Thu,5,52.41767062,13.4495686,afternoon,16,dusk,1,dry,0,5,3,1,1,0,0,0,0,3,slightly_injured
2020,2,Wed,4,52.55276105,13.50397829,afternoon,14,daylight,0,wet,1,5,2,1,1,0,0,0,0,3,slightly_injured
2020,2,Fri,6,52.52580357,13.53602799,evening,22,dark,2,wet,1,6,4,0,0,1,0,0,1,1,killed
2020,2,Thu,5,52.46304634,13.34257867,afternoon,16,daylight,0,wet,1,5,3,0,1,0,1,0,0,3,slightly_injured
2020,2,Wed,4,52.55000251,13.38760522,morning,11,daylight,0,wet,1,5,3,1,0,0,0,0,0,3,slightly_injured
2020,2,Thu,5,52.51001285,13.30632959,morning,9,daylight,0,dry,0,3,6,1,0,0,0,0,0,3,slightly_injured
2020,2,Wed,4,52.44751145,13.44097726,morning,7,daylight,0,wet,1,6,4,0,1,1,0,0,0,3,slightly_injured
2020,2,Fri,6,52.47976111,13.27195399,afternoon,14,daylight,0,wet,1,2,6,0,1,0,0,0,0,3,slightly_injured
2020,2,Sun,1,52.4511674,13.57230703,morning,9,daylight,0,wet,1,6,4,0,1,1,0,0,0,2,seriously_injured
2020,2,Tue,3,52.54582384,13.18439613,afternoon,12,daylight,0,dry,0,2,6,0,1,0,0,0,0,3,slightly_injured
2020,2,Mon,2,52.58743172,13.33023384,morning,11,daylight,0,dry,0,2,6,0,1,0,0,0,1,3,slightly_injured
2020,2,Fri,6,52.5614581,13.15793475,morning,9,daylight,0,wet,1,5,5,0,1,0,1,0,0,3,slightly_injured
2020,2,Sun,1,52.44304231,13.47897305,evening,22,dark,2,dry,0,2,6,0,1,0,0,0,0,3,slightly_injured
2020,2,Sat,7,52.528146,13.41178596,afternoon,16,dusk,1,dry,0,5,3,1,1,0,0,0,0,3,slightly_injured
2020,2,Wed,4,52.57043429,13.56563535,evening,19,dark,2,wet,1,5,2,0,1,0,0,0,0,3,slightly_injured
2020,2,Wed,4,52.5137027,13.3501865,morning,7,daylight,0,wet,1,8,1,0,1,0,0,0,0,3,slightly_injured
2020,2,Thu,5,52.5070347,13.37931727,afternoon,15,daylight,0,dry,0,5,3,1,1,0,0,0,0,3,slightly_injured
2020,2,Wed,4,52.50612636,13.40175855,morning,8,daylight,0,wet,1,2,2,0,1,0,1,0,0,3,slightly_injured
2020,2,Fri,6,52.49467668,13.40667002,evening,23,dark,2,wet,1,6,4,0,1,1,0,0,0,3,slightly_injured
2020,2,Sat,7,52.52728095,13.37205149,afternoon,15,daylight,0,dry,0,1,5,1,1,0,0,0,0,3,slightly_injured
2020,2,Mon,2,52.51467841,13.31515277,evening,21,dark,2,wet,1,5,3,0,1,0,0,0,0,3,slightly_injured
2020,2,Sat,7,52.43806269,13.56390862,afternoon,15,daylight,0,dry,0,2,6,0,1,0,0,0,0,3,slightly_injured
2020,2,Mon,2,52.53412721,13.49975998,afternoon,16,daylight,0,dry,0,0,2,0,1,0,0,0,1,3,slightly_injured
2020,2,Thu,5,52.54793695,13.30566802,afternoon,13,daylight,0,wet,1,2,7,0,1,0,0,0,0,2,seriously_injured
2020,2,Sat,7,52.52833963,13.40240684,evening,19,dark,2,wet,1,0,5,1,1,0,0,0,0,3,slightly_injured
2020,2,Tue,3,52.48840101,13.41360456,morning,9,daylight,0,wet,1,5,3,1,1,0,0,0,0,3,slightly_injured
2020,2,Sat,7,52.51350408,13.45852812,evening,20,dark,2,dry,0,1,5,1,1,0,0,0,0,3,slightly_injured
2020,2,Mon,2,52.5765272,13.31542146,night,5,dark,2,dry,0,2,6,0,1,0,0,0,0,3,slightly_injured
2020,2,Thu,5,52.46099905,13.520393,afternoon,16,daylight,0,dry,0,0,5,1,1,0,0,0,0,3,slightly_injured
2020,2,Thu,5,52.50408044,13.51100306,afternoon,15,daylight,0,dry,0,6,6,1,0,1,0,0,0,3,slightly_injured
2020,2,Thu,5,52.54051952,13.20417515,afternoon,14,daylight,0,dry,0,5,2,0,1,0,0,0,0,3,slightly_injured
2020,2,Wed,4,52.51515771,13.35065297,evening,18,dark,2,wet,1,5,3,0,1,0,1,0,0,3,slightly_injured