ujahr,umonat,weekday,uwochentag,long,lat,time_of_day,ustunde,light_condition,ulichtverh,street_condition,ustrzustand,uart,utyp1,ist_rad,ist_pkw,ist_fuss,ist_krad,ist_gkfz,ist_sonstige,ukategorie,accident_outcome
2020,2,Tue,3,52.44064886,13.5677537,morning,7,daylight,0,wet,1,2,6,0,1,0,0,0,0,3,slightly_injured
2020,2,Thu,5,52.63629489,13.28933432,afternoon,12,daylight,0,dry,0,5,3,1,1,0,0,0,0,3,slightly_injured
2020,2,Tue,3,52.55462933,13.39860254,morning,11,daylight,0,dry,0,6,6,1,0,1,0,0,0,2,seriously_injured
2020,2,Sat,7,52.49514873,13.33107149,night,3,dark,2,dry,0,9,1,0,1,0,0,0,0,3,slightly_injured
2020,2,Mon,2,52.4957468,13.31103186,morning,9,daylight,0,dry,0,6,4,0,1,1,0,0,0,2,seriously_injured
2020,2,Sat,7,52.44598563,13.57473063,evening,18,dark,2,dry,0,2,7,1,1,0,0,0,0,3,slightly_injured
2020,2,Mon,2,52.43863034,13.23384913,afternoon,15,daylight,0,dry,0,5,3,0,1,0,1,0,0,3,slightly_injured
2020,2,Thu,5,52.42297658,13.3572529,morning,8,daylight,0,dry,0,5,2,1,1,0,0,0,0,3,slightly_injured
2020,2,Wed,4,52.51962298,13.42733259,afternoon,14,daylight,0,wet,1,1,5,1,0,0,0,0,1,3,slightly_injured
2020,2,Thu,5,52.51702494,13.44061195,afternoon,12,daylight,0,dry,0,5,2,1,1,0,0,0,0,3,slightly_injured
2020,2,Wed,4,52.55345432,13.24971064,afternoon,15,dusk,1,wet,1,2,6,0,1,0,0,0,0,3,slightly_injured
2020,2,Thu,5,52.50644052,13.45877116,morning,9,daylight,0,dry,0,5,2,1,0,0,0,1,0,3,slightly_injured
2020,2,Wed,4,52.53264572,13.39904404,evening,18,dark,2,wet,1,5,2,1,1,0,0,0,0,3,slightly_injured
2020,2,Tue,3,52.5117997,13.32253725,afternoon,17,daylight,0,dry,0,2,6,0,1,0,0,0,0,3,slightly_injured
2020,2,Thu,5,52.55996176,13.35698475,morning,9,daylight,0,dry,0,5,3,1,1,0,0,0,0,2,seriously_injured
2020,2,Tue,3,52.50186486,13.32166963,afternoon,17,dark,2,wet,1,5,2,0,0,0,0,1,1,3,slightly_injured
2020,2,Fri,6,52.48033431,13.31292675,evening,23,dark,2,dry,0,5,2,0,1,0,0,0,0,3,slightly_injured
2020,2,Mon,2,52.50928848,13.42295946,evening,20,dark,2,wet,1,1,5,1,1,0,0,0,0,3,slightly_injured
2020,2,Sat,7,52.49469322,13.29964103,afternoon,16,daylight,0,dry,0,5,3,0,1,0,1,0,0,3,slightly_injured
2020,2,Sun,1,52.5583189,13.43340214,night,2,dark,2,dry,0,1,1,0,1,0,0,0,0,3,slightly_injured
2020,2,Thu,5,52.50732867,13.31772034,morning,7,daylight,0,dry,0,6,4,1,0,1,0,0,0,3,slightly_injured
2020,2,Wed,4,52.52712301,13.38682794,evening,22,dark,2,wet,1,5,2,0,1,0,1,0,0,3,slightly_injured
2020,2,Thu,5,52.52964728,13.55794796,morning,9,daylight,0,dry,0,5,3,0,1,0,0,0,0,3,slightly_injured
2020,2,Wed,4,52.55248615,13.35637022,afternoon,14,daylight,0,dry,0,5,2,1,0,0,0,0,1,2,seriously_injured
2020,2,Fri,6,52.55832767,13.38593166,evening,23,dark,2,dry,0,6,4,0,1,1,0,0,0,2,seriously_injured
2020,2,Sun,1,52.55208511,13.45190284,afternoon,15,daylight,0,wet,1,1,5,0,1,0,0,0,0,3,slightly_injured
2020,2,Tue,3,52.51417374,13.61172178,afternoon,13,daylight,0,wet,1,5,3,0,1,0,0,0,0,3,slightly_injured
2020,2,Thu,5,52.58418034,13.36573175,morning,8,daylight,0,dry,0,5,3,1,1,0,0,0,0,3,slightly_injured
2020,2,Mon,2,52.52773192,13.23157206,afternoon,14,daylight,0,dry,0,2,6,0,1,0,0,0,0,3,slightly_injured
2020,2,Fri,6,52.47764964,13.47885706,morning,7,daylight,0,wet,1,0,7,1,1,0,1,1,0,3,slightly_injured
2020,2,Mon,2,52.46617759,13.48779914,afternoon,14,daylight,0,dry,0,6,7,1,0,1,0,0,0,3,slightly_injured
2020,2,Sun,1,52.50719899,13.38199347,evening,20,dark,2,wet,1,1,5,0,1,0,0,0,0,3,slightly_injured
2020,2,Tue,3,52.52111132,13.42936587,afternoon,16,daylight,0,dry,0,6,4,0,1,1,0,0,0,2,seriously_injured
2020,2,Thu,5,52.43390398,13.27727813,morning,8,daylight,0,dry,0,5,2,1,1,0,0,0,0,3,slightly_injured
2020,2,Tue,3,52.58310773,13.41439377,afternoon,12,daylight,0,wet,1,5,3,1,1,0,0,0,0,3,slightly_injured
2020,2,Fri,6,52.48781767,13.41650872,afternoon,15,daylight,0,dry,0,2,6,0,1,0,0,0,0,3,slightly_injured
2020,2,Mon,2,52.47608232,13.44754394,evening,18,dark,2,wet,1,5,3,0,1,0,0,0,0,3,slightly_injured
2020,2,Thu,5,52.5051104,13.42208871,afternoon,14,daylight,0,wet,1,0,2,1,1,0,0,0,0,3,slightly_injured
2020,2,Wed,4,52.53481612,13.2064969,morning,11,daylight,0,wet,1,8,1,0,0,0,1,0,0,2,seriously_injured
2020,2,Thu,5,52.56606279,13.35206065,morning,7,daylight,0,dry,0,1,1,0,1,0,0,0,1,3,slightly_injured
2020,2,Wed,4,52.49089147,13.31511478,night,5,dark,2,dry,0,5,3,1,1,0,0,0,0,3,slightly_injured
2020,2,Fri,6,52.55332007,13.44476466,evening,21,dark,2,wet,1,0,3,0,1,0,1,0,0,3,slightly_injured
2020,2,Sun,1,52.43077726,13.3171906,morning,9,daylight,0,wet,1,2,6,0,1,0,0,0,0,3,slightly_injured
2020,2,Tue,3,52.50892334,13.45995499,morning,11,daylight,0,wet,1,6,2,0,0,1,0,0,1,3,slightly_injured
2020,2,Sat,7,52.44304067,13.56928878,afternoon,15,daylight,0,dry,0,2,7,1,1,0,0,0,0,3,slightly_injured
2020,2,Mon,2,52.43123239,13.25760276,morning,9,daylight,0,dry,0,5,3,1,1,0,0,0,0,3,slightly_injured
2020,2,Fri,6,52.51825965,13.40684485,morning,7,daylight,0,wet,1,1,7,1,1,0,0,0,0,3,slightly_injured
2020,2,Sat,7,52.51280421,13.38633783,afternoon,13,daylight,0,dry,0,5,3,0,1,0,0,0,1,3,slightly_injured
2020,2,Wed,4,52.59699879,13.36050484,evening,19,dark,2,wet,1,6,2,0,1,1,0,0,0,2,seriously_injured
2020,2,Wed,4,52.60239811,13.30097794,evening,21,dark,2,wet,1,6,4,1,0,1,0,0,0,2,seriously_injured
2020,2,Wed,4,52.53673503,13.49964895,morning,8,daylight,0,wet,1,5,2,1,1,0,0,0,0,3,slightly_injured
2020,2,Thu,5,52.56369199,13.506649,afternoon,15,daylight,0,dry,0,6,7,1,0,1,0,0,0,3,slightly_injured
2020,2,Wed,4,52.54794367,13.30541653,afternoon,13,daylight,0,wet,1,2,6,0,1,0,0,0,0,3,slightly_injured
2020,2,Fri,6,52.55174306,13.35485505,evening,20,dark,2,dry,0,5,2,0,1,0,0,0,0,3,slightly_injured
2020,2,Sat,7,52.52698074,13.33352741,evening,18,dark,2,wet,1,0,6,1,1,0,0,0,0,3,slightly_injured
2020,2,Tue,3,52.53837496,13.2097278,morning,8,daylight,0,wet,1,2,6,0,1,0,0,0,0,3,slightly_injured
2020,2,Mon,2,52.49608525,13.38947861,evening,19,dark,2,dry,0,2,6,0,1,0,0,0,0,3,slightly_injured
2020,2,Thu,5,52.54477365,13.39105363,afternoon,14,daylight,0,wet,1,3,6,0,1,0,0,0,1,3,slightly_injured
2020,2,Wed,4,52.43331682,13.33566946,afternoon,12,daylight,0,dry,0,5,3,0,1,0,0,0,0,3,slightly_injured
2020,2,Wed,4,52.48514149,13.4487425,evening,18,dark,2,dry,0,6,4,0,1,1,0,0,0,2,seriously_injured
2020,2,Wed,4,52.44369539,13.38016276,evening,18,dark,2,dry,0,1,5,1,1,0,0,0,0,3,slightly_injured
2020,2,Tue,3,52.5063441,13.4305859,evening,20,dusk,1,dry,0,5,7,0,1,0,1,0,0,2,seriously_injured
2020,2,Wed,4,52.51829301,13.3804021,afternoon,16,daylight,0,dry,0,5,2,1,0,0,0,0,0,3,slightly_injured
2020,2,Tue,3,52.45135357,13.59335848,morning,7,daylight,0,dry,0,4,6,1,0,0,0,0,0,3,slightly_injured
2020,2,Fri,6,52.50796131,13.30130067,morning,9,daylight,0,dry,0,5,3,1,1,0,0,0,0,3,slightly_injured
2020,2,Mon,2,52.41315367,13.48757452,night,0,dark,2,dry,0,1,5,0,1,0,0,0,1,3,slightly_injured
2020,2,Sat,7,52.41842298,13.15055898,afternoon,13,daylight,0,dry,0,5,3,1,1,0,0,0,0,3,slightly_injured
2020,2,Mon,2,52.49607645,13.28768781,afternoon,14,daylight,0,dry,0,5,2,0,1,0,0,0,1,3,slightly_injured
2020,2,Wed,4,52.52604271,13.40365659,night,0,dark,2,wet,1,5,2,1,0,0,0,0,1,3,slightly_injured
2020,2,Wed,4,52.54524251,13.49952693,afternoon,16,daylight,0,dry,0,6,4,0,1,1,0,0,0,3,slightly_injured
2020,2,Wed,4,52.49526713,13.36634817,evening,22,dark,2,wet,1,5,3,0,1,0,0,0,1,3,slightly_injured
2020,2,Sat,7,52.54161587,13.35411637,morning,11,daylight,0,dry,0,5,2,1,1,0,0,0,0,3,slightly_injured
2020,2,Mon,2,52.42337517,13.43692866,morning,10,daylight,0,wet,1,5,3,0,1,0,0,0,0,3,slightly_injured
2020,2,Mon,2,52.57898206,13.42882495,afternoon,15,daylight,0,dry,0,5,2,1,1,0,0,0,0,3,slightly_injured
2020,2,Thu,5,52.53737607,13.39335435,morning,11,daylight,0,dry,0,0,1,0,0,0,1,0,0,3,slightly_injured
2020,2,Wed,4,52.45422979,13.37653887,afternoon,16,daylight,0,dry,0,2,6,0,1,0,0,0,1,3,slightly_injured
2020,2,Wed,4,52.55643715,13.42940222,afternoon,17,dark,2,wet,1,6,2,0,1,1,0,0,0,3,slightly_injured
2020,2,Tue,3,52.56017826,13.22020275,afternoon,16,daylight,0,dry,0,2,6,0,1,0,1,0,0,2,seriously_injured
2020,2,Wed,4,52.42708062,13.44693655,afternoon,14,daylight,0,dry,0,5,2,0,1,0,0,0,0,3,slightly_injured
2020,2,Tue,3,52.55092891,13.35639303,afternoon,15,daylight,0,wet,1,5,2,1,1,0,0,0,0,3,slightly_injured
2020,2,Fri,6,52.53551452,13.42232681,evening,20,dark,2,dry,0,6,2,0,1,1,0,0,0,3,slightly_injured
2020,2,Mon,2,52.42892783,13.3067966,evening,19,dark,2,wet,1,6,2,0,1,1,0,0,0,3,slightly_injured
2020,2,Thu,5,52.4841662,13.42464998,evening,18,dark,2,wet,1,6,4,0,1,1,0,0,0,2,seriously_injured
2020,2,Wed,4,52.56049311,13.32174163,evening,18,dark,2,wet,1,5,3,0,1,0,0,0,1,3,slightly_injured
2020,2,Wed,4,52.46228197,13.58292915,morning,11,daylight,0,dry,0,5,3,1,1,0,0,0,0,3,slightly_injured
2020,2,Thu,5,52.51516753,13.39676596,morning,8,daylight,0,dry,0,5,3,1,1,0,0,0,0,3,slightly_injured
2020,2,Wed,4,52.5128636,13.28508898,afternoon,13,daylight,0,dry,0,1,5,0,1,0,0,0,0,2,seriously_injured
2020,2,Wed,4,52.48616533,13.42437717,morning,9,daylight,0,dry,0,0,2,1,1,1,0,0,0,3,slightly_injured
2020,2,Wed,4,52.53788965,13.3735206,afternoon,16,daylight,0,dry,0,3,6,0,1,0,0,0,0,3,slightly_injured
2020,2,Sun,1,52.46998284,13.371786,evening,19,dark,2,wet,1,2,6,0,1,0,0,0,0,3,slightly_injured
2020,2,Tue,3,52.51812029,13.31409574,afternoon,15,daylight,0,dry,0,5,3,1,1,0,0,0,0,3,slightly_injured
2020,2,Wed,4,52.59576401,13.1541848,morning,9,daylight,0,dry,0,4,6,0,1,0,0,0,0,2,seriously_injured
2020,2,Tue,3,52.55270162,13.43722171,morning,11,daylight,0,wet,1,5,3,0,1,0,0,0,1,3,slightly_injured
2020,2,Fri,6,52.57895097,13.31654456,afternoon,13,daylight,0,dry,0,0,1,0,0,0,1,0,0,3,slightly_injured
2020,2,Mon,2,52.53303875,13.198173,evening,18,dark,2,wet,1,6,2,0,1,1,0,0,0,3,slightly_injured
2020,2,Sat,7,52.50348874,13.49647582,afternoon,13,daylight,0,dry,0,5,3,0,1,0,0,0,0,3,slightly_injured
2020,2,Wed,4,52.50651331,13.59133611,evening,21,dark,2,wet,1,6,2,0,0,1,0,0,1,3,slightly_injured
2020,2,Wed,4,52.53381487,13.48783851,morning,9,daylight,0,wet,1,6,4,0,1,1,0,0,0,3,slightly_injured
2020,2,Wed,4,52.57131093,13.37741308,morning,9,daylight,0,dry,0,5,3,0,1,0,0,0,1,3,slightly_injured
2020,2,Wed,4,52.47021761,13.43299419,afternoon,14,daylight,0,wet,1,6,4,0,1,1,0,0,0,2,seriously_injured
2020,2,Fri,6,52.56931039,13.30177544,evening,19,dark,2,dry,0,9,1,0,1,0,0,0,0,3,slightly_injured
2020,2,Sat,7,52.5225817,13.41014311,evening,19,dark,2,wet,1,2,2,0,1,0,0,0,1,3,slightly_injured
2020,2,Tue,3,52.48971098,13.38054953,morning,9,daylight,0,wet,1,1,5,1,1,0,0,0,0,3,slightly_injured
2020,2,Mon,2,52.56058743,13.42775671,morning,7,daylight,0,dry,0,2,2,0,1,0,0,0,0,3,slightly_injured
2020,2,Wed,4,52.58217679,13.41650961,morning,7,daylight,0,wet,1,1,5,1,1,0,0,0,0,3,slightly_injured
2020,2,Fri,6,52.54263044,13.54225442,afternoon,17,dusk,1,wet,1,6,7,0,1,1,0,0,0,3,slightly_injured
2020,2,Sun,1,52.43287431,13.53638623,morning,10,daylight,0,wet,1,5,2,0,1,0,0,1,0,3,slightly_injured
2020,2,Tue,3,52.52925245,13.29644352,afternoon,12,daylight,0,wet,1,5,3,1,1,0,0,0,0,3,slightly_injured
2020,2,Mon,2,52.48593065,13.33123286,morning,11,daylight,0,dry,0,6,4,1,0,1,0,0,0,2,seriously_injured
2020,2,Fri,6,52.52400567,13.40995734,morning,9,daylight,0,dry,0,5,7,1,0,0,0,0,1,3,slightly_injured
2020,2,Sun,1,52.52726363,13.3293846,evening,23,dark,2,wet,1,2,6,0,1,0,0,0,0,3,slightly_injured
2020,2,Wed,4,52.51355649,13.42441808,evening,18,dark,2,wet,1,6,2,0,1,1,0,0,0,3,slightly_injured
2020,2,Wed,4,52.46879741,13.32251866,morning,7,daylight,0,wet,1,1,7,0,1,1,0,0,0,3,slightly_injured
2020,2,Wed,4,52.51916694,13.58835925,morning,8,daylight,0,dry,0,5,3,1,1,0,0,0,0,3,slightly_injured
2020,2,Wed,4,52.56459844,13.50902091,morning,11,daylight,0,wet,1,5,2,1,1,0,0,0,0,3,slightly_injured
2020,2,Fri,6,52.58471286,13.22301101,afternoon,16,daylight,0,dry,0,0,7,0,1,0,0,0,0,3,slightly_injured
2020,2,Sat,7,52.63960356,13.27687893,afternoon,16,daylight,0,dry,0,3,6,1,0,0,0,0,1,3,slightly_injured
2020,2,Mon,2,52.4443884,13.33893582,morning,6,daylight,0,wet,1,0,7,0,0,0,1,0,1,3,slightly_injured
2020,2,Mon,2,52.57119541,13.3774523,evening,18,dark,2,dry,0,6,4,0,1,1,0,0,0,2,seriously_injured
2020,2,Thu,5,52.50889388,13.27203825,afternoon,14,daylight,0,wet,1,2,6,0,1,0,0,0,0,3,slightly_injured
2020,2,Wed,4,52.49606741,13.38958422,morning,8,daylight,0,wet,1,5,2,1,1,0,0,0,0,3,slightly_injured
2020,2,Wed,4,52.43334783,13.27627344,evening,18,dark,2,wet,1,6,4,0,1,1,0,0,0,3,slightly_injured
2020,2,Fri,6,52.53775778,13.21725745,night,5,dark,2,wet,1,5,2,0,1,0,0,0,0,3,slightly_injured
2020,2,Wed,4,52.53864267,13.48123388,morning,7,daylight,0,dry,0,0,3,0,0,0,0,0,1,3,slightly_injured
2020,2,Wed,4,52.48218769,13.52528013,evening,20,dark,2,dry,0,5,3,1,1,0,0,0,0,3,slightly_injured
2020,2,Wed,4,52.53913703,13.34487243,evening,18,dark,2,wet,1,6,4,0,1,1,0,0,0,3,slightly_injured
2020,2,Tue,3,52.45920499,13.57829392,night,5,dark,2,wet,1,5,3,1,1,0,0,0,0,2,seriously_injured
2020,2,Wed,4,52.52500692,13.33627352,evening,20,dark,2,dry,0,5,2,1,1,0,0,0,0,3,slightly_injured
2020,2,Tue,3,52.44210516,13.5696558,evening,18,dark,2,dry,0,4,6,1,0,0,0,0,0,3,slightly_injured
2020,2,Sat,7,52.49643154,13.39851215,morning,10,daylight,0,dry,0,5,3,1,1,0,0,0,0,3,slightly_injured
2020,2,Mon,2,52.45602918,13.38056763,morning,9,daylight,0,dry,0,0,5,0,0,0,0,0,1,2,seriously_injured
2020,2,Mon,2,52.49584116,13.28720999,afternoon,15,daylight,0,dry,0,5,2,1,1,0,0,0,0,3,slightly_injured
2020,2,Thu,5,52.51080922,13.41226051,morning,8,daylight,0,dry,0,5,3,1,0,0,0,0,0,3,slightly_injured
2020,2,Wed,4,52.61442841,13.24495896,evening,19,dark,2,dry,0,5,2,0,1,0,0,0,0,3,slightly_injured
2020,2,Wed,4,52.54182324,13.20557446,afternoon,15,daylight,0,wet,1,5,3,1,1,0,0,0,0,2,seriously_injured
2020,2,Tue,3,52.50928751,13.43243917,afternoon,16,daylight,0,dry,0,2,6,0,1,0,1,0,0,3,slightly_injured
2020,2,Wed,4,52.5524942,13.39175434,evening,19,dark,2,dry,0,5,3,1,1,0,0,0,0,3,slightly_injured
2020,2,Tue,3,52.51279582,13.45780398,afternoon,12,daylight,0,wet,1,0,1,0,0,0,1,0,0,3,slightly_injured
2020,2,Tue,3,52.49089149,13.31511477,afternoon,17,dusk,1,dry,0,5,3,1,1,0,0,0,0,3,slightly_injured
2020,2,Wed,4,52.53953577,13.61993336,night,5,dark,2,dry,0,5,3,1,1,0,0,0,0,3,slightly_injured
2020,2,Tue,3,52.51128626,13.44819722,night,1,dark,2,wet,1,0,1,0,0,0,0,0,1,3,slightly_injured
2020,2,Fri,6,52.52437324,13.59768989,evening,22,dark,2,dry,0,5,3,0,1,0,0,0,0,3,slightly_injured
2020,2,Mon,2,52.51833525,13.28044534,evening,21,dark,2,wet,1,6,2,0,1,1,0,0,0,2,seriously_injured
2020,2,Sun,1,52.55765068,13.21833487,afternoon,12,daylight,0,wet,1,6,4,0,1,1,0,0,0,3,slightly_injured
2020,2,Thu,5,52.62114713,13.48579169,morning,7,dusk,1,wet,1,5,3,1,1,0,0,0,0,3,slightly_injured
2020,2,Wed,4,52.54286472,13.57054704,afternoon,13,daylight,0,wet,1,6,4,0,1,1,0,0,0,3,slightly_injured
2020,2,Tue,3,52.43617977,13.37495838,evening,18,dark,2,wet,1,2,6,0,1,0,0,0,0,3,slightly_injured
2020,2,Wed,4,52.50201733,13.3542066,afternoon,15,daylight,0,wet,1,1,5,1,1,0,0,0,0,3,slightly_injured
2020,2,Sun,1,52.44569908,13.57674001,afternoon,15,daylight,0,wet,1,6,2,0,1,1,0,0,0,3,slightly_injured
2020,2,Tue,3,52.59057469,13.28710002,afternoon,14,daylight,0,dry,0,6,4,0,0,1,0,0,1,3,slightly_injured
2020,2,Tue,3,52.54411805,13.41563864,evening,20,dusk,1,wet,1,0,1,1,0,0,0,0,0,3,slightly_injured
2020,2,Tue,3,52.46323955,13.48401637,morning,10,daylight,0,dry,0,5,3,1,1,0,0,0,0,3,slightly_injured
2020,2,Fri,6,52.48435913,13.38865552,morning,11,daylight,0,dry,0,1,7,0,1,0,0,0,0,3,slightly_injured
2020,2,Mon,2,52.54929873,13.58325523,afternoon,14,daylight,0,dry,0,5,2,1,1,0,0,0,0,2,seriously_injured
2020,2,Wed,4,52.47933634,13.42552978,evening,23,dark,2,wet,1,6,4,1,0,1,0,0,0,2,seriously_injured
2020,2,Fri,6,52.61052379,13.23108721,afternoon,16,daylight,0,dry,0,2,2,0,1,0,1,0,0,3,slightly_injured
2020,2,Mon,2,52.54261916,13.59146243,evening,18,dark,2,wet,1,6,4,0,0,1,1,0,0,3,slightly_injured
2020,2,Thu,5,52.43120439,13.2661101,afternoon,16,daylight,0,wet,1,2,6,0,1,0,0,0,1,3,slightly_injured
2020,2,Wed,4,52.54940514,13.18507692,morning,11,daylight,0,wet,1,5,3,0,1,0,0,0,0,3,slightly_injured
2020,2,Tue,3,52.49831655,13.40502449,evening,19,dark,2,dry,0,3,6,1,1,0,0,0,0,3,slightly_injured
2020,2,Wed,4,52.42694953,13.34723796,morning,7,daylight,0,wet,1,5,2,1,1,0,0,0,0,3,slightly_injured
2020,2,Fri,6,52.509656,13.28196847,afternoon,16,daylight,0,wet,1,2,6,0,1,0,0,0,0,3,slightly_injured
2020,2,Sun,1,52.55044276,13.3931531,night,2,dark,2,dry,0,5,3,0,1,0,0,0,0,3,slightly_injured
2020,2,Tue,3,52.53694542,13.20047704,morning,11,daylight,0,wet,1,6,4,0,1,1,0,0,0,2,seriously_injured
2020,2,Sat,7,52.48641237,13.32032762,afternoon,12,daylight,0,dry,0,5,7,0,1,0,1,0,0,3,slightly_injured
2020,2,Mon,2,52.50288646,13.47911115,morning,10,daylight,0,dry,0,0,4,0,0,1,1,0,0,3,slightly_injured
2020,2,Fri,6,52.51884176,13.61613969,morning,8,daylight,0,wet,1,2,2,0,1,0,1,0,0,2,seriously_injured
2020,2,Sat,7,52.46419708,13.48538887,morning,10,daylight,0,dry,0,5,7,0,1,0,0,0,0,3,slightly_injured
2020,2,Wed,4,52.46689089,13.43643191,evening,19,dark,2,wet,1,5,3,0,1,0,0,0,0,3,slightly_injured
2020,2,Wed,4,52.45661287,13.36953992,morning,7,daylight,0,dry,0,5,3,0,1,0,0,0,0,3,slightly_injured
2020,2,Tue,3,52.53468499,13.29396536,afternoon,15,daylight,0,dry,0,5,2,0,1,0,0,0,0,3,slightly_injured
2020,2,Wed,4,52.48667764,13.5304327,night,0,dark,2,dry,0,5,3,0,1,0,0,0,1,3,slightly_injured
2020,2,Sat,7,52.53698184,13.18933114,afternoon,13,daylight,0,dry,0,2,6,0,1,0,0,0,0,3,slightly_injured
2020,3,Thu,5,52.63194069,13.49297279,morning,9,daylight,0,dry,0,2,2,1,1,0,0,0,0,3,slightly_injured
2020,3,Tue,3,52.43047544,13.31752954,afternoon,14,daylight,0,wet,1,2,6,0,1,0,0,0,0,3,slightly_injured
2020,3,Thu,5,52.4372412,13.56224065,afternoon,16,daylight,0,dry,0,5,2,0,1,0,0,0,0,3,slightly_injured
2020,3,Tue,3,52.55631164,13.44090955,afternoon,14,daylight,0,dry,0,0,1,1,0,0,0,0,0,3,slightly_injured
2020,3,Mon,2,52.54129514,13.49359109,morning,8,daylight,0,wet,1,5,3,0,1,0,0,0,0,3,slightly_injured
2020,3,Tue,3,52.49882183,13.4122301,afternoon,13,daylight,0,dry,0,5,2,1,1,0,0,0,0,3,slightly_injured
2020,3,Tue,3,52.54493661,13.59162143,afternoon,13,daylight,0,dry,0,5,2,0,1,0,0,0,0,3,slightly_injured
2020,3,Thu,5,52.50951328,13.40019053,morning,8,daylight,0,dry,0,0,3,0,1,0,1,0,0,3,slightly_injured
2020,3,Fri,6,52.45882163,13.27424646,evening,18,dark,2,wet,1,6,2,0,1,1,0,0,0,3,slightly_injured
2020,3,Thu,5,52.50367064,13.33100142,night,1,dark,2,dry,0,0,1,0,0,0,0,0,1,2,seriously_injured
2020,3,Tue,3,52.57241295,13.41775268,afternoon,13,daylight,0,dry,0,3,6,0,1,0,0,0,1,3,slightly_injured
2020,3,Wed,4,52.52889313,13.40312998,afternoon,13,daylight,0,dry,0,5,3,1,1,0,0,0,0,3,slightly_injured
2020,3,Tue,3,52.50875133,13.2640965,afternoon,13,daylight,0,wet,1,5,7,0,1,0,0,0,0,3,slightly_injured
2020,3,Mon,2,52.47837722,13.44666832,afternoon,13,daylight,0,dry,0,3,6,1,1,0,1,0,1,2,seriously_injured
2020,3,Sun,1,52.42395979,13.62900898,afternoon,15,daylight,0,dry,0,2,7,0,1,0,0,0,1,3,slightly_injured
2020,3,Mon,2,52.62827531,13.49809459,afternoon,16,daylight,0,dry,0,5,3,1,1,0,0,0,0,3,slightly_injured
2020,3,Mon,2,52.5215114,13.41056143,afternoon,13,daylight,0,wet,1,0,1,1,0,0,0,0,0,3,slightly_injured
2020,3,Fri,6,52.52952504,13.39914546,morning,6,dusk,1,wet,1,5,7,0,1,0,1,0,0,3,slightly_injured
2020,3,Sun,1,52.55507013,13.25062721,night,0,dark,2,wet,1,0,7,0,1,0,0,0,0,3,slightly_injured
2020,3,Mon,2,52.46649843,13.43190377,evening,20,dark,2,dry,0,6,4,0,0,1,1,0,0,3,slightly_injured
2020,3,Mon,2,52.47097459,13.28890116,afternoon,17,dusk,1,dry,0,1,5,1,1,0,0,0,0,3,slightly_injured
2020,3,Fri,6,52.54787589,13.20976816,morning,11,daylight,0,wet,1,0,2,1,1,0,0,0,0,3,slightly_injured
2020,3,Wed,4,52.51708652,13.388819,evening,19,dark,2,dry,0,0,6,1,1,0,0,0,0,3,slightly_injured
2020,3,Mon,2,52.52087491,13.40365109,afternoon,15,daylight,0,dry,0,6,4,0,0,1,0,0,1,3,slightly_injured
2020,3,Wed,4,52.53815107,13.40929246,afternoon,17,daylight,0,dry,0,0,1,1,0,0,0,0,0,3,slightly_injured
2020,3,Mon,2,52.44659894,13.36046212,morning,7,daylight,0,wet,1,2,6,0,1,0,0,0,0,3,slightly_injured
2020,3,Mon,2,52.45711866,13.38986831,night,5,dark,2,wet,1,5,7,0,1,0,0,0,1,3,slightly_injured
2020,3,Sun,1,52.52396402,13.41170932,morning,9,daylight,0,dry,0,5,2,1,1,0,0,0,0,3,slightly_injured
2020,3,Mon,2,52.54205268,13.34941901,afternoon,15,daylight,0,dry,0,5,2,1,0,0,0,0,1,3,slightly_injured
2020,3,Fri,6,52.53353569,13.42117076,afternoon,13,daylight,0,wet,1,5,3,1,1,0,0,0,0,3,slightly_injured
2020,3,Wed,4,52.50119048,13.33724707,evening,19,dark,2,dry,0,1,5,1,1,0,0,0,0,3,slightly_injured
2020,3,Mon,2,52.43088737,13.25939583,afternoon,15,daylight,0,dry,0,5,3,1,0,0,0,0,0,3,slightly_injured
2020,3,Thu,5,52.57302534,13.42095789,afternoon,16,daylight,0,dry,0,2,6,0,1,0,0,0,0,3,slightly_injured
2020,3,Mon,2,52.54549338,13.37056337,afternoon,14,daylight,0,dry,0,8,1,0,1,0,0,0,0,2,seriously_injured
2020,3,Wed,4,52.49246407,13.41733139,evening,18,dusk,1,wet,1,0,7,1,1,0,0,0,0,3,slightly_injured
2020,3,Wed,4,52.51706168,13.3079835,afternoon,15,daylight,0,dry,0,6,7,0,0,1,0,0,1,3,slightly_injured
2020,3,Mon,2,52.42004416,13.44867454,afternoon,13,daylight,0,dry,0,1,5,0,1,0,0,0,0,3,slightly_injured
2020,3,Mon,2,52.49315686,13.38707772,afternoon,12,daylight,0,dry,0,6,4,1,0,1,0,0,0,3,slightly_injured
2020,3,Wed,4,52.50056269,13.46633132,morning,8,daylight,0,dry,0,5,2,1,1,0,0,0,0,3,slightly_injured
2020,3,Mon,2,52.5149276,13.26282168,morning,11,daylight,0,wet,1,2,6,0,1,0,0,1,0,3,slightly_injured