ujahr,umonat,weekday,uwochentag,long,lat,time_of_day,ustunde,light_condition,ulichtverh,street_condition,ustrzustand,uart,utyp1,ist_rad,ist_pkw,ist_fuss,ist_krad,ist_gkfz,ist_sonstige,ukategorie,accident_outcome
2020,3,Mon,2,52.43396017,13.39127723,morning,10,daylight,0,dry,0,6,2,0,1,1,0,0,0,2,seriously_injured
2020,3,Sat,7,52.45211794,13.52898824,afternoon,14,daylight,0,dry,0,5,3,1,1,0,0,0,0,3,slightly_injured
2020,3,Mon,2,52.51990266,13.27047592,morning,10,daylight,0,wet,1,2,6,0,1,0,0,0,0,3,slightly_injured
2020,3,Fri,6,52.5155589,13.26204457,morning,11,daylight,0,dry,0,5,7,1,1,0,0,0,0,3,slightly_injured
2020,3,Wed,4,52.57264732,13.41901534,afternoon,16,daylight,0,dry,0,2,6,0,1,0,0,0,0,3,slightly_injured
2020,3,Mon,2,52.49447452,13.37964191,morning,9,daylight,0,wet,1,0,1,1,0,0,0,0,0,3,slightly_injured
2020,3,Thu,5,52.48507297,13.36821656,afternoon,16,daylight,0,dry,0,2,6,1,1,0,0,0,0,3,slightly_injured
2020,3,Mon,2,52.54051132,13.33309874,morning,8,daylight,0,wet,1,2,6,0,1,0,0,1,0,3,slightly_injured
2020,3,Mon,2,52.52911955,13.19506895,morning,10,daylight,0,wet,1,6,4,0,1,1,0,0,0,3,slightly_injured
2020,3,Mon,2,52.41718997,13.5522276,morning,7,daylight,0,wet,1,3,6,1,1,0,0,0,0,3,slightly_injured
2020,3,Sun,1,52.40828261,13.25855413,afternoon,13,daylight,0,dry,0,7,7,1,0,0,0,0,0,3,slightly_injured
2020,3,Wed,4,52.48859509,13.31678769,afternoon,16,daylight,0,dry,0,2,6,1,0,0,0,0,0,3,slightly_injured
2020,3,Fri,6,52.48396714,13.39412881,afternoon,12,daylight,0,wet,1,2,2,0,1,0,0,0,0,3,slightly_injured
2020,3,Sun,1,52.48802446,13.1812712,afternoon,14,daylight,0,wet,1,0,6,1,0,0,0,0,0,3,slightly_injured
2020,3,Sun,1,52.46699041,13.34744976,evening,21,dark,2,dry,0,5,7,0,1,0,0,0,0,2,seriously_injured
2020,3,Sat,7,52.55680806,13.52840078,morning,9,daylight,0,wet,1,2,6,0,1,0,0,0,0,3,slightly_injured
2020,3,Sun,1,52.48465219,13.39439919,evening,20,dark,2,dry,0,1,5,1,1,0,0,0,0,3,slightly_injured
2020,3,Fri,6,52.54415857,13.20469697,evening,19,dark,2,wet,1,1,3,0,1,0,0,0,0,2,seriously_injured
2020,3,Wed,4,52.58117304,13.43197191,afternoon,15,daylight,0,dry,0,2,6,0,1,0,0,0,1,3,slightly_injured
2020,3,Sun,1,52.54763818,13.41367362,evening,19,dark,2,dry,0,3,6,1,0,0,0,0,0,3,slightly_injured
2020,3,Thu,5,52.50378559,13.41028986,afternoon,15,daylight,0,dry,0,5,3,1,1,0,0,0,0,3,slightly_injured
2020,3,Sun,1,52.52193402,13.40446398,evening,18,dark,2,wet,1,0,7,0,0,0,1,0,0,3,slightly_injured
2020,3,Mon,2,52.49199128,13.52718434,morning,8,daylight,0,wet,1,2,6,0,1,0,0,0,0,3,slightly_injured
2020,3,Sun,1,52.44922819,13.43644994,afternoon,17,daylight,0,dry,0,2,6,0,1,0,0,0,0,3,slightly_injured
2020,3,Sun,1,52.40401907,13.40450538,afternoon,16,daylight,0,dry,0,6,4,0,1,1,0,0,0,3,slightly_injured
2020,3,Wed,4,52.58268268,13.28994457,afternoon,12,daylight,0,dry,0,3,6,0,1,0,1,0,0,2,seriously_injured
2020,3,Fri,6,52.56263937,13.3643292,evening,18,dark,2,wet,1,5,2,1,1,0,0,0,0,3,slightly_injured
2020,3,Wed,4,52.56081406,13.56941189,afternoon,12,daylight,0,dry,0,5,2,0,0,0,0,0,1,3,slightly_injured
2020,3,Sun,1,52.52998984,13.38097191,afternoon,15,daylight,0,wet,1,0,1,0,0,0,1,0,0,2,seriously_injured
2020,3,Wed,4,52.4951066,13.36661975,afternoon,12,daylight,0,dry,0,1,5,1,1,0,0,0,0,3,slightly_injured
2020,3,Sun,1,52.59120874,13.38510617,evening,19,dark,2,dry,0,5,3,1,1,0,0,0,0,3,slightly_injured
2020,3,Wed,4,52.42072379,13.4277148,afternoon,16,daylight,0,dry,0,5,3,0,1,0,1,0,0,3,slightly_injured
2020,3,Sun,1,52.63961884,13.41308843,afternoon,14,daylight,0,wet,1,6,4,0,1,1,0,0,0,3,slightly_injured
2020,3,Wed,4,52.48116966,13.45217422,evening,22,dark,2,dry,0,5,3,0,1,0,0,0,0,3,slightly_injured
2020,3,Sun,1,52.54570978,13.19453402,afternoon,14,daylight,0,wet,1,6,4,0,1,1,0,0,0,2,seriously_injured
2020,3,Sun,1,52.52570178,13.36732131,afternoon,13,daylight,0,wet,1,0,1,0,0,0,1,0,0,3,slightly_injured
2020,3,Sun,1,52.54398588,13.49238523,evening,19,dark,2,dry,0,0,1,1,0,0,0,0,0,2,seriously_injured
2020,3,Sun,1,52.42834373,13.58482802,morning,11,daylight,0,dry,0,4,6,1,1,0,0,0,0,3,slightly_injured
2020,3,Sun,1,52.42824139,13.46913233,morning,11,daylight,0,wet,1,5,2,1,1,0,0,0,0,3,slightly_injured
2020,3,Fri,6,52.53427264,13.18702437,afternoon,16,daylight,0,wet,1,6,4,0,1,1,0,0,0,2,seriously_injured
2020,3,Wed,4,52.49149757,13.32321502,evening,22,dark,2,dry,0,5,7,0,1,0,1,0,0,3,slightly_injured
2020,3,Sun,1,52.44405356,13.43324799,morning,9,daylight,0,wet,1,3,6,0,1,0,1,0,0,3,slightly_injured
2020,3,Wed,4,52.50475576,13.44097195,evening,22,dark,2,dry,0,2,6,0,1,0,0,0,0,3,slightly_injured
2020,3,Sun,1,52.51500099,13.39292014,morning,6,dark,2,dry,0,5,3,0,1,0,0,0,0,2,seriously_injured
2020,3,Sun,1,52.49116385,13.41574215,night,0,dark,2,wet,1,0,1,1,0,0,0,0,0,2,seriously_injured
2020,3,Sun,1,52.46066448,13.50348584,night,0,dark,2,wet,1,5,2,1,1,0,0,0,0,3,slightly_injured
2020,2,Sat,7,52.53464035,13.50560819,evening,18,dark,2,wet,1,2,2,0,1,0,1,0,0,3,slightly_injured
2020,3,Sun,1,52.46022405,13.33044961,afternoon,14,daylight,0,dry,0,0,5,0,1,0,0,0,0,3,slightly_injured
2020,2,Sat,7,52.53569052,13.35688148,night,2,dark,2,dry,0,0,2,1,1,0,0,0,0,3,slightly_injured
2020,2,Sat,7,52.44089753,13.29896417,afternoon,17,dusk,1,wet,1,6,4,0,1,1,0,0,0,2,seriously_injured
2020,3,Fri,6,52.56018561,13.22001819,morning,6,dark,2,wet,1,5,3,0,1,0,1,0,0,2,seriously_injured
2020,3,Wed,4,52.4859855,13.42433401,evening,21,dark,2,dry,0,1,5,1,1,0,0,0,0,3,slightly_injured
2020,2,Sat,7,52.50370823,13.33116907,night,5,dark,2,wet,1,5,3,0,1,0,0,0,0,3,slightly_injured
2020,2,Sat,7,52.5403197,13.37548665,afternoon,15,daylight,0,wet,1,5,3,0,1,0,1,0,0,3,slightly_injured
2020,3,Wed,4,52.54772453,13.42888733,evening,19,dark,2,dry,0,6,2,0,0,1,0,0,1,3,slightly_injured
2020,2,Sat,7,52.52408901,13.33170334,afternoon,16,daylight,0,dry,0,6,4,0,1,1,0,0,0,3,slightly_injured
2020,2,Sat,7,52.41985234,13.30255125,morning,6,dark,2,wet,1,4,6,0,0,0,0,0,1,2,seriously_injured
2020,3,Sat,7,52.53989927,13.2031301,afternoon,13,daylight,0,dry,0,0,6,0,1,0,0,0,1,3,slightly_injured
2020,2,Sat,7,52.50749345,13.45007233,night,2,dark,2,wet,1,6,7,0,1,1,0,0,0,2,seriously_injured
2020,3,Fri,6,52.52874408,13.38550078,morning,8,daylight,0,wet,1,5,3,0,1,0,0,0,0,3,slightly_injured
2020,3,Wed,4,52.57095337,13.40881376,afternoon,15,daylight,0,dry,0,4,6,1,0,0,0,0,0,3,slightly_injured
2020,2,Sat,7,52.49843051,13.40665083,evening,23,dark,2,wet,1,5,2,0,1,0,0,0,0,3,slightly_injured
2020,3,Thu,5,52.50006537,13.34967305,afternoon,14,daylight,0,dry,0,1,5,0,1,0,1,0,0,3,slightly_injured
2020,2,Sat,7,52.51410695,13.46286527,evening,19,dark,2,wet,1,1,5,1,1,0,0,0,0,3,slightly_injured
2020,3,Fri,6,52.54224981,13.23274018,afternoon,13,daylight,0,wet,1,4,6,0,1,0,0,0,0,3,slightly_injured
2020,3,Wed,4,52.4865525,13.43069637,afternoon,13,daylight,0,dry,0,5,5,1,1,0,0,0,0,3,slightly_injured
2020,2,Sat,7,52.55051236,13.37833689,evening,19,dark,2,wet,1,5,3,0,1,0,0,0,0,3,slightly_injured
2020,3,Thu,5,52.4650867,13.44278873,afternoon,14,daylight,0,dry,0,5,2,1,1,0,0,0,0,3,slightly_injured
2020,2,Sat,7,52.48212948,13.31354115,evening,19,dark,2,wet,1,1,5,1,1,0,0,0,0,3,slightly_injured
2020,3,Mon,2,52.48509091,13.43285267,morning,11,daylight,0,dry,0,2,6,0,1,0,0,0,0,3,slightly_injured
2020,2,Sat,7,52.51459709,13.435399,evening,19,dark,2,wet,1,5,3,1,1,0,0,0,0,3,slightly_injured
2020,2,Sat,7,52.60881384,13.32219953,evening,18,dark,2,wet,1,5,3,0,1,0,0,0,0,3,slightly_injured
2020,3,Sat,7,52.54706631,13.43079916,night,0,dark,2,wet,1,1,5,1,1,0,0,0,0,3,slightly_injured
2020,3,Fri,6,52.44321453,13.58039614,morning,11,daylight,0,wet,1,6,4,0,0,1,0,0,1,1,killed
2020,2,Sat,7,52.52372043,13.35719856,afternoon,17,daylight,0,dry,0,5,2,0,1,0,0,0,1,3,slightly_injured
2020,3,Wed,4,52.44255808,13.38070293,afternoon,13,daylight,0,dry,0,6,4,0,1,1,0,0,0,3,slightly_injured
2020,2,Sat,7,52.47054441,13.33437968,evening,18,dark,2,wet,1,1,5,1,1,0,0,0,0,3,slightly_injured
2020,3,Thu,5,52.45624786,13.37811561,afternoon,13,daylight,0,dry,0,5,3,0,1,0,1,0,0,3,slightly_injured
2020,2,Sat,7,52.48878962,13.4090887,afternoon,16,daylight,0,dry,0,6,7,0,1,1,0,0,0,3,slightly_injured
2020,3,Mon,2,52.47396396,13.42446419,morning,7,daylight,0,wet,1,2,7,1,1,0,0,0,0,3,slightly_injured
2020,3,Thu,5,52.52755812,13.3431943,afternoon,16,daylight,0,dry,0,1,5,1,1,0,0,0,0,3,slightly_injured
2020,2,Sat,7,52.42391915,13.49101576,afternoon,15,daylight,0,dry,0,6,2,0,1,1,0,0,0,3,slightly_injured
2020,2,Sat,7,52.52009028,13.17551202,afternoon,15,daylight,0,dry,0,6,4,0,1,1,0,0,0,3,slightly_injured
2020,2,Sat,7,52.57563744,13.28423958,afternoon,15,daylight,0,dry,0,5,5,0,1,0,1,0,0,3,slightly_injured
2020,3,Mon,2,52.52396655,13.41178791,night,5,dusk,1,wet,1,5,2,0,1,0,0,0,0,3,slightly_injured
2020,3,Thu,5,52.39497335,13.42298102,evening,20,dark,2,dry,0,8,1,0,1,0,0,0,0,2,seriously_injured
2020,2,Sat,7,52.54265132,13.33675601,afternoon,14,daylight,0,dry,0,2,6,0,1,0,0,0,0,3,slightly_injured
2020,2,Sat,7,52.53186937,13.60486771,afternoon,14,daylight,0,dry,0,6,6,0,1,1,0,0,0,3,slightly_injured
2020,3,Wed,4,52.61837729,13.24076124,morning,11,daylight,0,dry,0,5,3,0,1,0,0,0,0,3,slightly_injured
2020,3,Fri,6,52.4519029,13.33021632,evening,18,dark,2,wet,1,2,6,0,1,0,0,0,0,3,slightly_injured
2020,3,Wed,4,52.48867331,13.35765855,morning,11,daylight,0,dry,0,5,2,1,1,0,0,0,0,3,slightly_injured
2020,2,Sat,7,52.53740218,13.18194241,afternoon,13,daylight,0,dry,0,6,7,0,1,1,0,0,0,3,slightly_injured
2020,3,Wed,4,52.45875142,13.34153952,morning,10,daylight,0,wet,1,5,3,0,1,0,0,0,0,3,slightly_injured
2020,2,Sat,7,52.50888297,13.50606237,afternoon,13,daylight,0,dry,0,6,4,0,1,1,0,0,0,3,slightly_injured
2020,2,Sat,7,52.4029251,13.50620341,afternoon,12,daylight,0,dry,0,5,2,1,1,0,0,0,0,3,slightly_injured
2020,3,Sun,1,52.54749072,13.18455244,afternoon,16,daylight,0,dry,0,5,2,0,1,0,0,0,0,3,slightly_injured
2020,3,Thu,5,52.43364781,13.55616294,evening,19,dark,2,dry,0,5,2,1,1,0,0,0,0,3,slightly_injured
2020,2,Sat,7,52.5009297,13.44203486,morning,11,daylight,0,dry,0,2,6,0,1,0,0,0,0,3,slightly_injured
2020,2,Fri,6,52.50659015,13.30960785,evening,19,dusk,1,dry,0,1,5,1,1,0,0,0,0,3,slightly_injured
2020,3,Fri,6,52.49897037,13.48071249,morning,7,daylight,0,wet,1,6,2,0,1,1,0,0,0,3,slightly_injured
2020,3,Wed,4,52.55211497,13.46564739,morning,10,daylight,0,dry,0,6,4,0,1,1,0,0,0,3,slightly_injured
2020,2,Fri,6,52.43001482,13.33354091,morning,11,daylight,0,dry,0,6,6,0,1,1,0,0,0,2,seriously_injured
2020,3,Fri,6,52.51803245,13.20206245,afternoon,16,daylight,0,wet,1,2,7,0,1,0,0,0,0,3,slightly_injured
2020,3,Wed,4,52.52083178,13.34134781,morning,10,daylight,0,dry,0,5,2,1,0,0,0,0,1,3,slightly_injured
2020,2,Fri,6,52.56240696,13.33030713,afternoon,13,daylight,0,dry,0,2,6,0,1,0,0,0,0,2,seriously_injured
2020,3,Wed,4,52.42569841,13.47444332,morning,8,daylight,0,dry,0,5,3,1,1,0,0,0,0,3,slightly_injured
2020,2,Fri,6,52.50242928,13.34945613,morning,8,daylight,0,dry,0,2,6,0,1,0,0,0,0,3,slightly_injured
2020,2,Fri,6,52.5346377,13.29437412,morning,7,daylight,0,wet,1,5,3,1,0,0,0,1,0,3,slightly_injured
2020,3,Sun,1,52.53203,13.34964286,afternoon,13,daylight,0,dry,0,1,1,0,1,0,0,0,0,2,seriously_injured
2020,3,Thu,5,52.51519698,13.4315565,evening,18,dark,2,dry,0,2,7,1,1,0,0,0,0,3,slightly_injured
2020,2,Fri,6,52.532067,13.1973434,evening,18,dark,2,dry,0,5,3,1,1,0,0,0,0,3,slightly_injured
2020,2,Fri,6,52.54660275,13.23049657,evening,19,dark,2,dry,0,2,6,0,1,0,0,0,0,3,slightly_injured
2020,3,Fri,6,52.54874812,13.178069,afternoon,14,daylight,0,wet,1,5,2,0,1,0,0,0,0,3,slightly_injured
2020,3,Wed,4,52.56080894,13.33342734,morning,7,daylight,0,dry,0,6,2,0,1,1,0,0,0,3,slightly_injured
2020,2,Fri,6,52.53848533,13.40964548,evening,21,dark,2,dry,0,5,3,1,1,0,0,0,0,3,slightly_injured
2020,3,Thu,5,52.55290191,13.3822534,afternoon,12,daylight,0,dry,0,6,7,0,1,1,0,0,0,3,slightly_injured
2020,2,Fri,6,52.45153314,13.434102,evening,19,dark,2,dry,0,6,4,0,1,1,0,0,0,2,seriously_injured
2020,3,Wed,4,52.48880545,13.30912419,morning,7,daylight,0,dry,0,5,2,1,1,0,0,0,0,3,slightly_injured
2020,2,Fri,6,52.48508529,13.36607634,evening,18,dark,2,dry,0,5,7,0,1,0,1,0,0,3,slightly_injured
2020,2,Fri,6,52.59690329,13.36030587,evening,18,dark,2,dry,0,5,2,1,1,0,0,0,0,3,slightly_injured
2020,3,Sat,7,52.53328073,13.40179037,morning,9,daylight,0,wet,1,0,1,1,0,0,0,0,0,3,slightly_injured
2020,2,Fri,6,52.50016197,13.32603031,evening,18,dark,2,dry,0,2,6,0,1,0,0,0,0,3,slightly_injured
2020,3,Wed,4,52.45800171,13.31766021,night,4,dark,2,wet,1,0,7,1,0,0,0,0,0,2,seriously_injured
2020,2,Fri,6,52.54800227,13.53692629,afternoon,17,dusk,1,dry,0,0,3,1,1,0,0,0,0,2,seriously_injured
2020,2,Fri,6,52.49622406,13.46670365,afternoon,16,daylight,0,dry,0,5,3,1,1,0,0,0,0,3,slightly_injured
2020,3,Sat,7,52.50263115,13.43896139,evening,19,dark,2,dry,0,6,4,0,1,1,0,0,0,2,seriously_injured
2020,2,Fri,6,52.44313311,13.31566667,afternoon,16,daylight,0,dry,0,5,2,0,1,0,0,0,1,3,slightly_injured
2020,3,Fri,6,52.49534362,13.39776372,afternoon,12,daylight,0,wet,1,5,3,1,1,0,0,0,0,3,slightly_injured
2020,3,Wed,4,52.45227476,13.42914479,night,5,daylight,0,dry,0,5,2,0,1,0,0,0,0,3,slightly_injured
2020,2,Fri,6,52.59484358,13.28546461,afternoon,16,daylight,0,dry,0,5,3,0,1,0,1,0,0,3,slightly_injured
2020,3,Thu,5,52.43693972,13.44713775,morning,11,daylight,0,dry,0,0,2,1,0,0,0,0,1,3,slightly_injured
2020,2,Fri,6,52.57669279,13.31423451,afternoon,16,daylight,0,dry,0,6,2,0,1,1,0,0,0,3,slightly_injured
2020,3,Mon,2,52.51392105,13.43969195,morning,11,daylight,0,wet,1,5,2,0,1,0,0,0,0,2,seriously_injured
2020,3,Thu,5,52.53938496,13.38065036,evening,18,dark,2,dry,0,5,7,0,1,0,0,0,1,3,slightly_injured
2020,2,Fri,6,52.52635357,13.35140912,afternoon,15,daylight,0,dry,0,2,6,0,1,0,0,0,0,3,slightly_injured
2020,2,Fri,6,52.5016517,13.31925605,afternoon,15,daylight,0,dry,0,3,6,1,1,0,0,0,0,3,slightly_injured
2020,3,Fri,6,52.52324724,13.48548724,morning,9,daylight,0,wet,1,5,2,1,1,0,0,0,0,3,slightly_injured
2020,3,Thu,5,52.47788062,13.60091793,evening,18,dark,2,dry,0,5,3,1,1,0,0,0,0,3,slightly_injured
2020,2,Fri,6,52.55381476,13.41094339,afternoon,15,daylight,0,dry,0,5,3,1,1,0,0,0,0,3,slightly_injured
2020,2,Fri,6,52.61033523,13.31484954,afternoon,15,daylight,0,dry,0,5,3,1,1,0,0,0,0,3,slightly_injured
2020,3,Fri,6,52.52970022,13.40737594,evening,20,dark,2,wet,1,5,3,1,1,0,0,0,0,3,slightly_injured
2020,3,Wed,4,52.50656935,13.30670881,night,1,dark,2,wet,1,0,1,0,0,0,0,0,1,3,slightly_injured
2020,2,Fri,6,52.54194366,13.37793657,afternoon,14,daylight,0,dry,0,2,6,0,1,0,1,0,0,3,slightly_injured
2020,3,Thu,5,52.52884649,13.30656432,morning,11,daylight,0,dry,0,5,2,1,1,0,0,0,0,3,slightly_injured
2020,2,Fri,6,52.5001837,13.32792074,afternoon,14,daylight,0,dry,0,2,6,0,1,0,0,0,0,3,slightly_injured
2020,3,Mon,2,52.50247174,13.43269331,morning,8,daylight,0,wet,1,5,3,1,1,0,0,0,0,3,slightly_injured
2020,2,Fri,6,52.56115091,13.43078373,afternoon,13,daylight,0,dry,0,5,3,0,1,0,0,0,0,3,slightly_injured
2020,2,Fri,6,52.48915327,13.3767019,afternoon,13,daylight,0,dry,0,3,6,0,1,0,0,0,0,3,slightly_injured
2020,3,Wed,4,52.55423532,13.30624436,morning,7,daylight,0,wet,1,2,6,0,0,0,0,1,1,3,slightly_injured
2020,3,Fri,6,52.5072576,13.28072624,evening,18,dark,2,wet,1,6,4,0,1,1,0,0,0,3,slightly_injured
2020,3,Tue,3,52.5151096,13.42557815,morning,9,daylight,0,dry,0,5,2,1,1,0,0,0,0,3,slightly_injured
2020,2,Fri,6,52.56771773,13.57456357,morning,11,daylight,0,dry,0,6,4,0,1,1,0,0,0,2,seriously_injured
2020,3,Tue,3,52.52463055,13.36345381,afternoon,12,daylight,0,wet,1,0,1,1,0,0,0,0,0,3,slightly_injured
2020,2,Fri,6,52.39849028,13.4064924,night,4,dark,2,icy,2,5,3,0,1,0,0,0,0,1,killed
2020,2,Fri,6,52.51562189,13.3889442,morning,10,daylight,0,dry,0,5,3,0,1,0,0,0,0,3,slightly_injured
2020,3,Sun,1,52.55066185,13.39561003,afternoon,15,daylight,0,dry,0,1,5,0,1,0,1,0,0,3,slightly_injured
2020,3,Thu,5,52.48735578,13.3861887,afternoon,17,dusk,1,dry,0,5,2,1,1,0,0,0,0,3,slightly_injured
2020,2,Fri,6,52.4507852,13.34013487,morning,9,daylight,0,wet,1,0,3,0,1,0,1,0,0,3,slightly_injured
2020,3,Tue,3,52.53149072,13.51895151,morning,8,daylight,0,dry,0,5,2,1,1,0,0,0,0,3,slightly_injured
2020,2,Fri,6,52.53689327,13.2015975,morning,9,daylight,0,wet,1,1,5,1,1,0,0,0,0,3,slightly_injured
2020,2,Fri,6,52.49045248,13.31408282,morning,9,daylight,0,wet,1,5,3,0,1,0,0,0,0,3,slightly_injured
2020,3,Sun,1,52.5204388,13.49584596,evening,21,dark,2,dry,0,1,5,0,1,0,0,0,0,2,seriously_injured
2020,2,Fri,6,52.44262827,13.24018275,morning,8,daylight,0,wet,1,2,2,0,1,0,0,0,0,3,slightly_injured
2020,2,Fri,6,52.57579464,13.32419578,morning,7,daylight,0,dry,0,6,4,0,0,1,0,0,1,3,slightly_injured
2020,3,Fri,6,52.48937874,13.37671025,afternoon,15,daylight,0,wet,1,3,6,1,0,0,0,1,0,3,slightly_injured
2020,3,Tue,3,52.49792042,13.29637621,morning,10,daylight,0,dry,0,8,7,0,1,1,0,0,0,3,slightly_injured
2020,2,Fri,6,52.50947875,13.37662,night,0,dark,2,wet,1,2,2,0,1,0,0,0,0,3,slightly_injured
2020,3,Tue,3,52.45295983,13.59492003,afternoon,17,daylight,0,wet,1,4,6,1,0,0,0,0,0,3,slightly_injured
2020,2,Thu,5,52.47467414,13.35893508,evening,18,dark,2,dry,0,0,3,0,1,0,1,0,0,3,slightly_injured
2020,2,Thu,5,52.55827861,13.52643603,morning,6,dusk,1,wet,1,6,7,1,0,1,0,0,0,2,seriously_injured
2020,3,Sun,1,52.51562519,13.38899495,morning,9,daylight,0,dry,0,5,3,0,1,0,0,0,0,3,slightly_injured
2020,2,Thu,5,52.50641734,13.30921566,evening,22,dark,2,wet,1,6,2,0,1,1,0,0,0,3,slightly_injured
2020,3,Fri,6,52.51514463,13.33167794,afternoon,13,daylight,0,wet,1,5,2,0,1,0,1,0,0,2,seriously_injured
2020,3,Tue,3,52.51813036,13.42783091,evening,21,dark,2,dry,0,5,3,1,1,0,0,0,0,3,slightly_injured
2020,2,Thu,5,52.52868157,13.34319264,evening,21,dark,2,wet,1,1,5,0,1,0,0,0,0,3,slightly_injured
2020,3,Fri,6,52.59056629,13.33039247,morning,6,dusk,1,wet,1,0,3,0,1,0,1,0,0,3,slightly_injured
2020,3,Tue,3,52.48583283,13.45833704,morning,8,dusk,1,dry,0,5,2,1,1,0,0,0,0,3,slightly_injured
2020,2,Thu,5,52.48221069,13.36142056,evening,20,dark,2,wet,1,4,6,0,1,0,0,0,1,3,slightly_injured
2020,2,Thu,5,52.46848567,13.43073573,evening,20,dark,2,dry,0,5,2,1,1,0,0,0,0,3,slightly_injured
2020,3,Tue,3,52.40696431,13.40530322,evening,19,dark,2,dry,0,5,2,1,1,0,0,0,0,3,slightly_injured
2020,2,Thu,5,52.46809113,13.46786928,evening,19,dark,2,dry,0,6,4,0,1,1,0,0,0,2,seriously_injured
2020,2,Thu,5,52.51225868,13.39155901,evening,19,dark,2,dry,0,5,2,1,1,0,0,0,0,3,slightly_injured
2020,3,Sat,7,52.52583137,13.55002653,afternoon,13,daylight,0,dry,0,5,3,0,1,0,0,0,0,3,slightly_injured
2020,3,Thu,5,52.54069469,13.40483971,afternoon,17,dusk,1,dry,0,6,4,0,1,1,0,0,0,3,slightly_injured
2020,2,Thu,5,52.53559863,13.12667962,afternoon,16,dusk,1,dry,0,8,1,0,1,0,0,0,0,2,seriously_injured
2020,3,Fri,6,52.55748855,13.3605922,morning,9,daylight,0,wet,1,2,6,0,1,0,0,0,0,3,slightly_injured
2020,3,Tue,3,52.53370015,13.40295735,evening,19,dark,2,dry,0,5,3,0,1,0,0,0,1,3,slightly_injured
2020,2,Thu,5,52.54489801,13.16013646,evening,19,dark,2,wet,1,2,6,0,1,0,0,0,0,3,slightly_injured
2020,3,Thu,5,52.56200313,13.33172641,morning,11,daylight,0,dry,0,2,6,0,1,0,0,0,0,3,slightly_injured
2020,2,Thu,5,52.46638136,13.43151892,evening,18,dark,2,dry,0,2,7,1,1,0,0,0,0,3,slightly_injured
2020,3,Mon,2,52.58741908,13.32658409,night,5,dusk,1,dry,0,5,2,1,1,0,0,0,0,3,slightly_injured
2020,2,Thu,5,52.54670318,13.20221837,afternoon,17,dark,2,dry,0,1,5,0,1,0,0,0,0,3,slightly_injured
2020,2,Thu,5,52.55569788,13.20769619,evening,18,dark,2,dry,0,5,2,1,1,0,0,0,0,2,seriously_injured
2020,3,Thu,5,52.55312399,13.34743818,morning,10,daylight,0,dry,0,2,6,0,1,0,0,1,1,3,slightly_injured
2020,2,Thu,5,52.5877658,13.2853854,afternoon,16,daylight,0,dry,0,6,4,0,1,1,0,0,0,3,slightly_injured
2020,2,Thu,5,52.51013466,13.4007186,afternoon,15,daylight,0,dry,0,6,4,1,0,1,0,0,0,3,slightly_injured
2020,2,Thu,5,52.46950837,13.4416866,afternoon,14,daylight,0,dry,0,2,6,0,1,0,0,0,1,3,slightly_injured
2020,3,Sat,7,52.53043628,13.22520763,morning,7,daylight,0,wet,1,1,7,0,1,0,0,0,0,3,slightly_injured
2020,2,Thu,5,52.45767231,13.31856652,afternoon,14,daylight,0,wet,1,5,3,0,1,0,0,0,0,3,slightly_injured
2020,3,Fri,6,52.60352598,13.30934971,evening,19,dark,2,wet,1,5,3,1,1,0,0,0,0,3,slightly_injured
2020,3,Tue,3,52.50350909,13.41116166,evening,19,dark,2,dry,0,5,3,1,1,0,0,0,0,3,slightly_injured
2020,2,Thu,5,52.50063096,13.33180498,afternoon,13,daylight,0,dry,0,5,3,1,1,0,0,0,0,3,slightly_injured
2020,3,Thu,5,52.56257832,13.50574627,morning,9,daylight,0,dry,0,6,4,0,1,1,0,0,0,3,slightly_injured
2020,2,Thu,5,52.5096986,13.35123677,afternoon,13,daylight,0,dry,0,0,2,0,1,0,0,0,1,3,slightly_injured
2020,3,Mon,2,52.61032782,13.47089592,morning,8,daylight,0,wet,1,5,3,0,1,0,0,0,0,3,slightly_injured
2020,2,Thu,5,52.50080064,13.31375491,afternoon,13,daylight,0,dry,0,0,6,0,1,0,0,0,1,3,slightly_injured
2020,2,Thu,5,52.42203488,13.58782242,afternoon,13,daylight,0,dry,0,5,3,1,1,0,0,0,0,3,slightly_injured
2020,3,Fri,6,52.4745804,13.29302164,evening,18,dark,2,wet,1,6,4,0,1,1,0,0,0,2,seriously_injured
2020,3,Tue,3,52.46556662,13.38414169,evening,19,dark,2,dry,0,5,3,1,1,0,0,0,0,3,slightly_injured
2020,2,Thu,5,52.59239422,13.39835246,morning,11,daylight,0,dry,0,5,3,0,1,0,0,0,0,3,slightly_injured
2020,2,Thu,5,52.49045456,13.36017091,afternoon,12,daylight,0,wet,1,0,2,0,1,0,0,0,1,3,slightly_injured
2020,3,Tue,3,52.52196107,13.4044941,evening,18,dark,2,wet,1,5,3,1,1,0,0,0,0,3,slightly_injured
2020,3,Fri,6,52.51545229,13.18468376,evening,19,dark,2,wet,1,5,2,0,1,0,0,0,0,3,slightly_injured