ujahr,umonat,weekday,uwochentag,long,lat,time_of_day,ustunde,light_condition,ulichtverh,street_condition,ustrzustand,uart,utyp1,ist_rad,ist_pkw,ist_fuss,ist_krad,ist_gkfz,ist_sonstige,ukategorie,accident_outcome
2020,3,Tue,3,52.4692261,13.45396164,morning,10,daylight,0,wet,1,5,3,1,1,0,0,0,0,3,slightly_injured
2020,2,Thu,5,52.55725282,13.36880789,morning,11,daylight,0,dry,0,2,6,0,1,0,0,0,0,3,slightly_injured
2020,3,Tue,3,52.5431531,13.46922712,morning,11,daylight,0,dry,0,5,7,0,1,0,0,0,1,2,seriously_injured
2020,2,Thu,5,52.48299627,13.52566572,morning,11,daylight,0,wet,1,6,4,0,0,1,0,0,1,2,seriously_injured
2020,2,Thu,5,52.55668525,13.37225204,morning,11,daylight,0,wet,1,5,3,1,1,0,0,0,0,3,slightly_injured
2020,3,Sun,1,52.52297929,13.42961661,afternoon,17,dusk,1,dry,0,2,2,0,1,0,0,0,0,3,slightly_injured
2020,2,Thu,5,52.49348296,13.49041715,morning,10,daylight,0,wet,1,2,6,0,1,0,0,0,1,3,slightly_injured
2020,2,Thu,5,52.53174004,13.21378227,morning,10,daylight,0,wet,1,5,2,0,1,0,0,1,0,2,seriously_injured
2020,3,Fri,6,52.59323652,13.45822379,afternoon,15,daylight,0,wet,1,5,3,0,1,0,1,0,0,3,slightly_injured
2020,3,Tue,3,52.58832284,13.28486169,morning,11,daylight,0,dry,0,1,5,1,1,0,0,0,0,3,slightly_injured
2020,2,Thu,5,52.45317871,13.33612327,morning,9,daylight,0,wet,1,5,3,1,1,0,0,0,0,3,slightly_injured
2020,3,Tue,3,52.60454281,13.32644788,morning,10,daylight,0,dry,0,5,3,0,1,0,0,0,0,3,slightly_injured
2020,2,Thu,5,52.41442405,13.40094568,morning,7,daylight,0,wet,1,6,2,0,0,1,0,0,1,3,slightly_injured
2020,3,Tue,3,52.50497605,13.27967913,morning,9,daylight,0,dry,0,3,6,0,1,0,0,1,0,3,slightly_injured
2020,2,Thu,5,52.48286623,13.42482828,morning,7,daylight,0,dry,0,2,6,0,1,0,0,0,0,3,slightly_injured
2020,2,Thu,5,52.45599163,13.55832801,morning,6,dark,2,wet,1,2,6,0,1,0,0,0,0,3,slightly_injured
2020,3,Sun,1,52.44748238,13.57552338,afternoon,14,daylight,0,dry,0,5,3,1,1,0,0,0,0,2,seriously_injured
2020,2,Thu,5,52.45261209,13.40798962,morning,6,dark,2,wet,1,5,2,1,1,0,0,0,0,3,slightly_injured
2020,2,Thu,5,52.53529296,13.51456052,night,5,dark,2,wet,1,2,6,0,1,0,0,1,0,3,slightly_injured
2020,3,Fri,6,52.56315841,13.41569153,morning,6,dusk,1,wet,1,5,3,0,1,0,0,0,0,2,seriously_injured
2020,3,Tue,3,52.51315772,13.27317812,afternoon,16,daylight,0,wet,1,5,3,0,1,0,1,0,0,3,slightly_injured
2020,2,Wed,4,52.50670585,13.30742266,afternoon,12,daylight,0,wet,1,1,5,1,1,0,0,0,0,3,slightly_injured
2020,2,Wed,4,52.53585003,13.19996974,afternoon,14,daylight,0,wet,1,6,7,0,0,1,0,0,1,3,slightly_injured
2020,3,Tue,3,52.50040709,13.31021646,afternoon,15,daylight,0,wet,1,1,5,0,0,0,0,0,1,3,slightly_injured
2020,2,Wed,4,52.52722905,13.57387488,afternoon,15,daylight,0,wet,1,2,7,0,1,0,0,0,1,3,slightly_injured
2020,2,Wed,4,52.57236971,13.4439263,morning,8,daylight,0,dry,0,4,6,0,1,0,1,0,0,1,killed
2020,3,Sat,7,52.58522208,13.36136963,afternoon,12,daylight,0,dry,0,5,3,0,1,0,0,0,0,3,slightly_injured
2020,2,Wed,4,52.53961849,13.29514215,evening,18,dark,2,wet,1,2,6,0,1,0,0,0,0,3,slightly_injured
2020,3,Fri,6,52.54574753,13.42739634,evening,22,dark,2,wet,1,6,6,0,1,1,0,0,0,3,slightly_injured
2020,2,Wed,4,52.60403123,13.32606726,afternoon,17,dusk,1,wet,1,2,6,0,1,0,0,0,0,3,slightly_injured
2020,3,Sat,7,52.46404508,13.33511899,evening,20,dark,2,dry,0,6,6,0,1,1,0,0,0,3,slightly_injured
2020,2,Wed,4,52.48415195,13.53194841,afternoon,16,daylight,0,wet,1,5,3,0,1,0,0,0,0,3,slightly_injured
2020,3,Fri,6,52.42742368,13.33491436,afternoon,13,daylight,0,wet,1,5,3,0,1,0,0,0,0,3,slightly_injured
2020,3,Tue,3,52.42400269,13.29432072,afternoon,15,daylight,0,wet,1,5,3,1,1,0,0,0,0,3,slightly_injured
2020,2,Wed,4,52.50133462,13.44147119,afternoon,15,daylight,0,wet,1,5,3,1,1,0,0,0,1,3,slightly_injured
2020,3,Thu,5,52.47624662,13.34097006,morning,9,daylight,0,dry,0,5,3,1,1,0,0,0,0,3,slightly_injured
2020,2,Wed,4,52.55950568,13.46051911,afternoon,15,daylight,0,wet,1,0,1,0,0,0,1,0,0,3,slightly_injured
2020,3,Mon,2,52.43378448,13.54355375,morning,11,daylight,0,wet,1,5,3,1,1,0,0,0,0,3,slightly_injured
2020,3,Thu,5,52.52815299,13.40995484,afternoon,17,daylight,0,dry,0,6,4,0,1,1,0,0,0,3,slightly_injured
2020,2,Wed,4,52.51382749,13.34990874,afternoon,15,daylight,0,dry,0,0,6,0,1,0,1,0,1,3,slightly_injured
2020,2,Wed,4,52.49552155,13.32221599,afternoon,17,daylight,0,wet,1,5,7,0,1,0,0,0,0,3,slightly_injured
2020,3,Sat,7,52.53753483,13.44906018,night,0,dark,2,wet,1,0,1,0,0,0,0,0,1,3,slightly_injured
2020,3,Thu,5,52.49801891,13.26693575,afternoon,16,daylight,0,dry,0,0,4,0,1,1,0,0,0,3,slightly_injured
2020,2,Wed,4,52.51127037,13.41358355,morning,8,daylight,0,wet,1,5,3,1,1,0,0,0,0,3,slightly_injured
2020,3,Tue,3,52.4718991,13.42898881,afternoon,14,daylight,0,dry,0,2,6,0,1,0,0,0,0,3,slightly_injured
2020,2,Wed,4,52.41892045,13.30406909,evening,20,dark,2,wet,1,4,1,0,1,0,0,0,0,3,slightly_injured
2020,3,Fri,6,52.44220346,13.68638291,evening,19,dark,2,wet,1,2,6,0,1,0,0,0,0,3,slightly_injured
2020,3,Thu,5,52.49920295,13.35722847,morning,10,daylight,0,wet,1,1,5,1,1,0,0,0,0,3,slightly_injured
2020,3,Wed,4,52.509405,13.30197738,afternoon,12,daylight,0,dry,0,1,5,1,1,0,0,0,0,2,seriously_injured
2020,3,Wed,4,52.55293184,13.37893789,afternoon,17,daylight,0,dry,0,1,5,1,1,0,0,0,0,3,slightly_injured
2020,3,Sat,7,52.41049676,13.38002138,morning,11,daylight,0,dry,0,5,3,1,1,0,0,0,0,2,seriously_injured
2020,3,Mon,2,52.52750251,13.40463967,afternoon,12,daylight,0,dry,0,5,3,1,1,0,0,0,0,3,slightly_injured
2020,3,Thu,5,52.59330248,13.45489247,morning,11,daylight,0,dry,0,5,3,1,1,0,0,0,0,3,slightly_injured
2020,3,Sat,7,52.47755578,13.42603724,night,0,dark,2,dry,0,5,3,1,1,0,0,0,0,3,slightly_injured
2020,3,Wed,4,52.443196,13.43409498,morning,11,daylight,0,dry,0,2,6,0,1,0,0,0,0,3,slightly_injured
2020,3,Wed,4,52.5199232,13.41619276,morning,9,daylight,0,dry,0,5,2,1,0,0,0,0,1,3,slightly_injured
2020,3,Fri,6,52.53277276,13.49995518,afternoon,12,daylight,0,wet,1,5,2,1,1,0,0,0,0,3,slightly_injured
2020,3,Wed,4,52.55812767,13.20778562,morning,11,daylight,0,dry,0,1,5,0,1,0,0,0,0,2,seriously_injured
2020,3,Mon,2,52.43247796,13.35346275,afternoon,17,daylight,0,dry,0,2,6,0,1,0,0,0,0,3,slightly_injured
2020,3,Tue,3,52.51114756,13.46106363,evening,18,dark,2,dry,0,0,3,0,1,0,0,0,1,3,slightly_injured
2020,3,Wed,4,52.52318887,13.48540309,morning,10,daylight,0,dry,0,5,3,0,1,0,0,0,1,2,seriously_injured
2020,3,Sat,7,52.50294338,13.38785354,afternoon,14,daylight,0,dry,0,5,2,0,1,0,0,0,0,3,slightly_injured
2020,3,Mon,2,52.5814805,13.40422134,morning,8,daylight,0,dry,0,5,3,1,1,0,0,0,0,3,slightly_injured
2020,3,Sat,7,52.5538639,13.35385756,afternoon,15,daylight,0,dry,0,5,2,0,1,0,1,0,0,3,slightly_injured
2020,3,Wed,4,52.47762717,13.37848148,afternoon,15,daylight,0,dry,0,2,6,0,1,0,0,0,0,3,slightly_injured
2020,3,Wed,4,52.50351947,13.41112556,evening,20,dark,2,dry,0,5,3,1,1,0,0,0,0,3,slightly_injured
2020,3,Sat,7,52.555397,13.38401023,evening,18,dark,2,dry,0,1,5,1,1,0,0,0,0,3,slightly_injured
2020,3,Wed,4,52.5290197,13.48098468,afternoon,15,daylight,0,dry,0,6,7,0,1,1,0,0,0,3,slightly_injured
2020,3,Wed,4,52.5702514,13.33037742,evening,21,dark,2,dry,0,0,3,1,1,0,0,0,0,3,slightly_injured
2020,3,Fri,6,52.40512397,13.53124915,morning,10,daylight,0,wet,1,5,2,1,1,0,0,0,0,3,slightly_injured
2020,3,Wed,4,52.55207141,13.41446606,morning,8,daylight,0,dry,0,5,3,1,1,0,0,0,0,3,slightly_injured
2020,3,Mon,2,52.47168141,13.31895847,afternoon,13,daylight,0,dry,0,2,6,0,1,0,0,0,0,3,slightly_injured
2020,3,Tue,3,52.51052839,13.43011925,evening,22,dark,2,dry,0,5,2,1,1,0,0,0,0,3,slightly_injured
2020,3,Wed,4,52.48098718,13.42630275,morning,8,daylight,0,dry,0,6,4,0,1,1,0,0,0,2,seriously_injured
2020,3,Fri,6,52.60891294,13.34070614,afternoon,13,daylight,0,dry,0,6,4,0,1,1,0,0,0,2,seriously_injured
2020,3,Mon,2,52.55059896,13.45891823,afternoon,17,daylight,0,dry,0,5,3,1,1,0,0,0,0,3,slightly_injured
2020,3,Sat,7,52.60919161,13.32846994,afternoon,13,daylight,0,dry,0,0,3,0,1,0,1,0,0,3,slightly_injured
2020,3,Wed,4,52.56058594,13.32198462,afternoon,12,daylight,0,dry,0,3,6,0,1,0,0,1,0,3,slightly_injured
2020,3,Wed,4,52.53240521,13.39576579,afternoon,17,daylight,0,dry,0,0,1,1,0,0,0,0,0,2,seriously_injured
2020,3,Thu,5,52.49990477,13.31318901,afternoon,15,daylight,0,dry,0,5,2,1,1,0,0,0,0,3,slightly_injured
2020,3,Tue,3,52.61874367,13.24004353,afternoon,17,dusk,1,wet,1,5,2,0,1,0,1,0,0,3,slightly_injured
2020,3,Wed,4,52.47906336,13.52462284,afternoon,17,dusk,1,dry,0,2,6,0,1,0,0,0,0,3,slightly_injured
2020,3,Sun,1,52.41755692,13.3628392,afternoon,16,daylight,0,dry,0,5,3,1,1,0,0,0,0,3,slightly_injured
2020,3,Tue,3,52.4924443,13.50771044,morning,7,daylight,0,dry,0,5,3,1,1,0,0,0,0,3,slightly_injured
2020,3,Tue,3,52.46365666,13.33874485,evening,23,dark,2,wet,1,0,7,0,1,0,0,0,0,2,seriously_injured
2020,3,Thu,5,52.50321571,13.34981166,evening,19,dark,2,dry,0,5,2,0,1,0,0,0,1,3,slightly_injured
2020,3,Tue,3,52.44854219,13.55894288,afternoon,12,daylight,0,wet,1,3,3,0,1,0,0,0,0,3,slightly_injured
2020,3,Mon,2,52.51752754,13.17480323,morning,7,daylight,0,dry,0,2,6,0,1,0,0,1,0,3,slightly_injured
2020,3,Tue,3,52.56324687,13.32721704,morning,8,daylight,0,dry,0,1,5,0,1,0,0,0,1,3,slightly_injured
2020,3,Tue,3,52.51241417,13.45281885,evening,23,dark,2,wet,1,5,3,0,1,0,0,0,0,3,slightly_injured
2020,3,Fri,6,52.39377269,13.40538586,evening,19,dark,2,dry,0,1,5,0,1,0,0,1,0,2,seriously_injured
2020,3,Mon,2,52.44276549,13.31583839,morning,7,daylight,0,dry,0,2,6,0,1,0,0,1,0,3,slightly_injured
2020,3,Sat,7,52.54403542,13.35508534,afternoon,12,daylight,0,dry,0,5,2,1,1,0,0,0,0,3,slightly_injured
2020,3,Tue,3,52.52377286,13.47971539,afternoon,16,daylight,0,dry,0,6,4,0,1,1,0,0,0,2,seriously_injured
2020,3,Wed,4,52.54063776,13.2321838,afternoon,15,daylight,0,dry,0,5,2,0,1,0,1,0,0,3,slightly_injured
2020,3,Thu,5,52.5010529,13.34614704,afternoon,13,daylight,0,dry,0,5,2,0,1,0,0,0,1,3,slightly_injured
2020,3,Tue,3,52.56294423,13.39040979,evening,20,dark,2,wet,1,6,4,1,0,1,0,0,0,3,slightly_injured
2020,3,Wed,4,52.48837734,13.33786766,afternoon,17,daylight,0,dry,0,1,5,1,1,0,0,0,0,3,slightly_injured
2020,3,Sun,1,52.50952115,13.53059227,morning,11,daylight,0,dry,0,0,1,0,0,0,1,0,0,3,slightly_injured
2020,3,Mon,2,52.40658401,13.34868591,afternoon,13,daylight,0,dry,0,5,3,0,1,0,1,0,0,3,slightly_injured
2020,3,Thu,5,52.55400292,13.52172614,afternoon,14,daylight,0,dry,0,5,2,0,1,0,1,0,0,2,seriously_injured
2020,3,Sun,1,52.4526307,13.43859545,night,2,dark,2,dry,0,5,2,0,1,0,0,0,0,3,slightly_injured
2020,3,Tue,3,52.55425381,13.35970157,evening,20,dark,2,wet,1,2,5,0,1,0,0,0,0,3,slightly_injured
2020,3,Thu,5,52.42532429,13.43920954,afternoon,16,daylight,0,dry,0,5,3,0,0,0,1,0,1,2,seriously_injured
2020,3,Fri,6,52.4740827,13.45540231,afternoon,15,daylight,0,dry,0,2,6,0,1,0,1,0,0,3,slightly_injured
2020,3,Thu,5,52.53176856,13.57459257,afternoon,15,daylight,0,dry,0,5,3,1,1,0,0,0,0,3,slightly_injured
2020,3,Mon,2,52.43974934,13.3002474,afternoon,12,daylight,0,dry,0,3,6,1,0,0,0,1,0,2,seriously_injured
2020,3,Thu,5,52.54314744,13.37649176,morning,11,daylight,0,dry,0,2,2,0,1,0,1,0,0,3,slightly_injured
2020,3,Fri,6,52.50471851,13.47458608,afternoon,17,dusk,1,wet,1,6,4,0,1,1,0,0,0,2,seriously_injured
2020,3,Tue,3,52.50875043,13.43386024,afternoon,12,daylight,0,dry,0,6,4,1,0,1,0,0,0,2,seriously_injured
2020,3,Wed,4,52.46839664,13.37043234,morning,11,daylight,0,dry,0,5,3,1,1,0,0,0,0,2,seriously_injured
2020,3,Thu,5,52.48117862,13.50242613,morning,10,daylight,0,dry,0,2,6,0,1,0,0,0,0,3,slightly_injured
2020,3,Tue,3,52.55499138,13.38372606,afternoon,16,daylight,0,wet,1,5,2,1,1,0,0,0,0,3,slightly_injured
2020,3,Wed,4,52.49384687,13.32363057,afternoon,16,daylight,0,dry,0,6,4,0,1,1,0,0,0,3,slightly_injured
2020,3,Sat,7,52.53675835,13.44998482,night,5,dark,2,dry,0,0,1,1,0,0,0,0,0,3,slightly_injured
2020,3,Mon,2,52.49209631,13.39254727,morning,11,daylight,0,dry,0,6,4,1,0,1,0,0,0,3,slightly_injured
2020,3,Sat,7,52.43533186,13.34410892,afternoon,17,daylight,0,dry,0,3,6,1,1,0,0,0,0,3,slightly_injured
2020,3,Tue,3,52.53697411,13.3267858,evening,22,dark,2,wet,1,0,6,0,0,0,0,0,1,3,slightly_injured
2020,3,Wed,4,52.45907115,13.40011319,morning,6,daylight,0,dry,0,5,2,1,0,0,0,1,0,3,slightly_injured
2020,3,Fri,6,52.46502104,13.4214806,night,5,dark,2,dry,0,1,5,0,1,0,0,0,1,2,seriously_injured
2020,3,Tue,3,52.44379752,13.38180717,morning,9,daylight,0,wet,1,0,1,1,0,0,0,0,0,3,slightly_injured
2020,3,Mon,2,52.51819724,13.44111026,afternoon,17,daylight,0,dry,0,5,3,1,1,0,0,0,0,3,slightly_injured
2020,3,Tue,3,52.50422388,13.51126864,afternoon,15,daylight,0,dry,0,2,6,0,1,0,0,0,0,3,slightly_injured
2020,3,Tue,3,52.52163742,13.18871837,evening,19,dark,2,wet,1,5,2,1,1,0,0,0,0,2,seriously_injured
2020,3,Tue,3,52.60449725,13.32641398,evening,19,dark,2,wet,1,6,2,0,1,1,0,0,0,2,seriously_injured
2020,3,Mon,2,52.46477041,13.41771549,night,5,dark,2,dry,0,5,3,0,1,0,1,0,0,2,seriously_injured
2020,3,Wed,4,52.45257025,13.43568467,night,4,dark,2,dry,0,5,2,0,0,0,1,0,1,3,slightly_injured
2020,3,Wed,4,52.47683055,13.28096969,afternoon,14,daylight,0,wet,1,2,2,0,1,0,0,0,0,3,slightly_injured
2020,3,Tue,3,52.56251613,13.35376749,evening,19,dark,2,wet,1,6,4,0,1,1,0,0,0,3,slightly_injured
2020,3,Sat,7,52.53881585,13.60708181,afternoon,17,daylight,0,dry,0,6,4,0,1,1,0,0,0,3,slightly_injured
2020,3,Mon,2,52.56514621,13.33538469,morning,9,daylight,0,dry,0,3,6,0,1,0,0,0,0,3,slightly_injured
2020,3,Sat,7,52.50117208,13.3171601,afternoon,16,daylight,0,dry,0,2,6,0,1,0,1,0,0,3,slightly_injured
2020,3,Wed,4,52.49596341,13.38937697,evening,19,dark,2,dry,0,5,2,1,1,0,0,0,0,3,slightly_injured
2020,3,Wed,4,52.50884519,13.27201904,morning,11,daylight,0,dry,0,5,2,1,1,0,0,0,0,3,slightly_injured
2020,3,Fri,6,52.49733738,13.29174014,night,1,dark,2,dry,0,2,6,0,1,0,0,0,0,3,slightly_injured
2020,3,Tue,3,52.49754387,13.39531634,evening,19,dark,2,wet,1,5,3,1,1,0,0,0,0,3,slightly_injured
2020,3,Mon,2,52.58982428,13.3802068,morning,10,daylight,0,dry,0,5,2,1,1,0,0,0,0,3,slightly_injured
2020,3,Tue,3,52.52466904,13.62165329,evening,19,dark,2,dry,0,2,2,0,1,0,1,0,0,3,slightly_injured
2020,3,Tue,3,52.5093935,13.39006553,evening,19,dark,2,wet,1,5,3,1,1,0,0,0,0,2,seriously_injured
2020,3,Fri,6,52.5694989,13.32991117,afternoon,13,daylight,0,dry,0,3,6,0,1,0,1,0,0,3,slightly_injured
2020,3,Mon,2,52.44723312,13.34184636,afternoon,16,daylight,0,dry,0,6,4,0,1,1,0,0,0,3,slightly_injured
2020,3,Sat,7,52.62601965,13.49592973,afternoon,12,daylight,0,dry,0,5,2,1,1,0,0,0,0,3,slightly_injured
2020,3,Fri,6,52.55125143,13.43041692,evening,23,dark,2,dry,0,5,2,0,1,0,0,0,0,3,slightly_injured
2020,3,Mon,2,52.44708835,13.5753774,morning,8,daylight,0,dry,0,1,5,1,1,0,0,0,0,3,slightly_injured
2020,3,Sat,7,52.63013591,13.28031085,afternoon,15,daylight,0,dry,0,5,3,0,1,0,1,0,0,3,slightly_injured
2020,3,Wed,4,52.42705526,13.36658654,afternoon,14,daylight,0,dry,0,1,5,1,1,0,0,0,0,3,slightly_injured
2020,3,Wed,4,52.46446902,13.51922122,evening,19,dark,2,dry,0,6,2,0,1,1,0,0,0,3,slightly_injured
2020,3,Thu,5,52.51447525,13.31505825,evening,18,dark,2,dry,0,6,4,0,1,1,0,0,0,2,seriously_injured
2020,3,Tue,3,52.42483613,13.37316107,evening,19,dark,2,wet,1,6,2,0,1,1,0,0,0,2,seriously_injured
2020,3,Mon,2,52.48120018,13.18108438,afternoon,16,daylight,0,dry,0,0,1,0,0,0,1,0,0,3,slightly_injured
2020,3,Tue,3,52.54853763,13.1992001,afternoon,15,daylight,0,dry,0,1,5,0,1,0,0,0,0,3,slightly_injured
2020,3,Tue,3,52.60694059,13.31980842,evening,18,dark,2,wet,1,6,2,0,1,1,0,0,0,2,seriously_injured
2020,3,Thu,5,52.47290087,13.32116285,morning,8,daylight,0,dry,0,3,6,1,1,0,0,0,0,3,slightly_injured
2020,3,Mon,2,52.56834095,13.57187435,afternoon,14,daylight,0,dry,0,5,2,0,1,0,0,0,0,3,slightly_injured
2020,3,Thu,5,52.50953242,13.37680374,afternoon,14,daylight,0,dry,0,0,1,1,0,0,0,0,0,3,slightly_injured
2020,3,Fri,6,52.54151307,13.42267116,evening,20,dark,2,wet,1,5,3,0,1,0,0,0,0,2,seriously_injured
2020,3,Tue,3,52.44112746,13.50766912,afternoon,14,daylight,0,dry,0,0,7,0,1,0,0,0,0,2,seriously_injured
2020,3,Wed,4,52.44012187,13.39656724,afternoon,13,daylight,0,dry,0,6,4,0,1,1,0,0,0,2,seriously_injured
2020,3,Thu,5,52.40998326,13.36808837,afternoon,12,daylight,0,wet,1,3,6,0,1,0,0,0,0,3,slightly_injured
2020,3,Tue,3,52.5401695,13.37986139,evening,18,dark,2,wet,1,5,3,1,1,0,0,0,0,3,slightly_injured
2020,3,Wed,4,52.41393824,13.31820612,afternoon,16,daylight,0,dry,0,0,7,0,1,0,0,0,0,3,slightly_injured
2020,3,Sat,7,52.63532395,13.49930303,morning,11,daylight,0,dry,0,5,2,1,1,0,0,0,0,3,slightly_injured
2020,3,Mon,2,52.55274374,13.44421621,afternoon,12,daylight,0,dry,0,5,3,1,1,0,0,0,0,3,slightly_injured
2020,3,Tue,3,52.5609355,13.33323914,afternoon,12,daylight,0,dry,0,5,2,1,1,0,0,0,0,3,slightly_injured
2020,3,Wed,4,52.54875199,13.2478918,afternoon,15,daylight,0,dry,0,5,2,0,1,0,1,0,0,2,seriously_injured
2020,3,Thu,5,52.45493799,13.32683226,afternoon,13,daylight,0,dry,0,5,2,0,0,0,1,0,1,2,seriously_injured
2020,3,Tue,3,52.51399197,13.40582539,evening,18,dark,2,wet,1,5,2,1,1,0,0,0,0,3,slightly_injured
2020,3,Wed,4,52.46399153,13.40035643,afternoon,15,daylight,0,dry,0,1,5,0,0,0,1,0,1,2,seriously_injured
2020,3,Sun,1,52.44847179,13.55060097,afternoon,14,daylight,0,dry,0,2,6,1,0,0,0,0,0,3,slightly_injured
2020,3,Tue,3,52.57905811,13.31663682,afternoon,13,daylight,0,dry,0,6,7,1,0,1,0,0,0,3,slightly_injured
2020,3,Thu,5,52.48975832,13.44781304,afternoon,15,daylight,0,dry,0,5,3,1,0,0,0,0,0,3,slightly_injured
2020,3,Sun,1,52.57748502,13.27452395,afternoon,16,daylight,0,dry,0,5,3,1,0,0,0,0,0,3,slightly_injured
2020,3,Thu,5,52.45372271,13.25033103,morning,8,daylight,0,dry,0,5,3,0,1,0,0,0,1,3,slightly_injured
2020,3,Wed,4,52.50817289,13.27409633,morning,8,daylight,0,dry,0,2,6,0,1,0,0,0,1,3,slightly_injured
2020,3,Fri,6,52.45069936,13.4059748,afternoon,15,daylight,0,dry,0,2,6,0,1,0,0,0,0,3,slightly_injured
2020,3,Tue,3,52.5086697,13.31426607,morning,11,daylight,0,dry,0,2,6,0,1,0,0,0,0,3,slightly_injured
2020,3,Wed,4,52.48582483,13.5232599,afternoon,12,daylight,0,dry,0,1,5,1,1,0,0,0,0,3,slightly_injured
2020,3,Thu,5,52.61620787,13.48521845,morning,9,daylight,0,dry,0,1,5,1,1,0,0,0,0,3,slightly_injured
2020,3,Tue,3,52.52865145,13.31787882,evening,20,dark,2,wet,1,5,5,0,1,0,0,0,1,3,slightly_injured
2020,3,Wed,4,52.52289232,13.42650895,afternoon,14,daylight,0,dry,0,6,4,0,1,0,0,0,1,3,slightly_injured
2020,3,Sat,7,52.57131746,13.37382722,evening,20,dark,2,dry,0,5,3,0,1,0,0,0,0,3,slightly_injured
2020,3,Mon,2,52.4880584,13.30068995,morning,11,daylight,0,dry,0,2,6,0,0,0,1,0,1,3,slightly_injured
2020,3,Wed,4,52.49874098,13.41217109,morning,8,daylight,0,dry,0,5,3,1,1,0,0,0,0,3,slightly_injured
2020,3,Sat,7,52.52959104,13.31468769,evening,20,dark,2,dry,0,2,2,0,1,0,0,0,0,3,slightly_injured
2020,3,Wed,4,52.59291657,13.4548562,morning,7,daylight,0,wet,1,5,3,1,1,0,0,0,0,3,slightly_injured
2020,3,Thu,5,52.41038199,13.32223602,afternoon,14,daylight,0,dry,0,5,3,0,1,0,1,0,0,3,slightly_injured
2020,3,Sat,7,52.55430523,13.34514864,morning,11,daylight,0,dry,0,5,2,0,1,0,0,0,0,3,slightly_injured
2020,3,Tue,3,52.50408661,13.34520149,afternoon,16,dusk,1,wet,1,2,6,0,1,0,0,0,0,3,slightly_injured
2020,3,Wed,4,52.55017952,13.46641308,morning,9,daylight,0,dry,0,3,5,0,1,0,0,0,0,3,slightly_injured
2020,3,Fri,6,52.43988846,13.45336989,morning,11,daylight,0,wet,1,2,7,0,1,0,0,0,0,3,slightly_injured
2020,3,Tue,3,52.53789534,13.20274336,afternoon,16,dusk,1,wet,1,6,7,0,1,1,0,0,0,3,slightly_injured
2020,3,Mon,2,52.54623855,13.50783186,afternoon,17,daylight,0,dry,0,5,3,1,1,0,0,0,0,3,slightly_injured
2020,3,Tue,3,52.51298891,13.26606673,afternoon,15,daylight,0,dry,0,5,2,1,1,0,0,0,0,3,slightly_injured
2020,3,Wed,4,52.52397742,13.41697247,morning,8,daylight,0,dry,0,0,5,1,1,0,0,0,0,3,slightly_injured
2020,3,Tue,3,52.54935533,13.42127641,afternoon,15,daylight,0,wet,1,8,1,0,1,0,0,0,0,3,slightly_injured
2020,3,Sat,7,52.43394649,13.36696572,afternoon,15,daylight,0,dry,0,0,1,1,0,0,0,0,0,2,seriously_injured
2020,3,Mon,2,52.54496986,13.42173487,evening,18,dusk,1,dry,0,2,6,0,1,0,0,0,0,3,slightly_injured
2020,3,Wed,4,52.55348325,13.56935582,morning,7,daylight,0,dry,0,5,3,1,1,0,0,0,0,2,seriously_injured
2020,3,Sat,7,52.53637402,13.24815157,afternoon,15,daylight,0,dry,0,4,1,0,1,0,1,0,0,3,slightly_injured
2020,3,Wed,4,52.4901537,13.36085938,afternoon,16,daylight,0,dry,0,0,1,0,0,0,1,0,0,3,slightly_injured
2020,3,Wed,4,52.5744948,13.36865436,evening,19,dark,2,dry,0,0,1,1,0,0,0,0,0,2,seriously_injured
2020,3,Thu,5,52.50136442,13.44141207,afternoon,15,daylight,0,dry,0,0,7,1,0,0,0,0,0,3,slightly_injured
2020,3,Tue,3,52.53384408,13.28295078,afternoon,15,daylight,0,wet,1,0,7,0,1,0,1,1,0,3,slightly_injured
2020,3,Mon,2,52.53604762,13.1926099,morning,8,daylight,0,dry,0,5,7,0,1,0,1,0,0,3,slightly_injured
2020,3,Tue,3,52.53405674,13.40333069,morning,9,daylight,0,dry,0,5,3,1,1,0,0,0,0,3,slightly_injured
2020,3,Wed,4,52.46912092,13.49133287,morning,6,daylight,0,dry,0,5,3,1,1,0,0,0,0,2,seriously_injured
2020,3,Thu,5,52.53429236,13.56545778,morning,10,daylight,0,dry,0,5,2,0,1,0,0,0,0,3,slightly_injured
2020,3,Fri,6,52.47399222,13.45559284,morning,9,daylight,0,dry,0,2,5,0,1,0,0,0,1,3,slightly_injured
2020,3,Tue,3,52.47571767,13.29013659,morning,7,daylight,0,wet,1,5,3,1,1,0,0,0,0,3,slightly_injured
2020,3,Mon,2,52.44631743,13.56058845,afternoon,14,daylight,0,dry,0,3,6,0,1,0,0,1,0,3,slightly_injured
2020,3,Tue,3,52.42988409,13.45425288,afternoon,15,daylight,0,dry,0,0,7,0,0,0,0,0,1,3,slightly_injured
2020,3,Tue,3,52.45311593,13.60792437,afternoon,15,daylight,0,wet,1,2,7,0,1,0,0,0,0,3,slightly_injured