ujahr,umonat,weekday,uwochentag,long,lat,time_of_day,ustunde,light_condition,ulichtverh,street_condition,ustrzustand,uart,utyp1,ist_rad,ist_pkw,ist_fuss,ist_krad,ist_gkfz,ist_sonstige,ukategorie,accident_outcome
2020,3,Fri,6,52.50443231,13.3757327,afternoon,16,daylight,0,dry,0,6,4,0,0,1,1,0,0,3,slightly_injured
2020,3,Mon,2,52.46158195,13.32531814,evening,18,dusk,1,dry,0,6,7,1,0,1,0,0,0,3,slightly_injured
2020,3,Wed,4,52.4277749,13.34709588,morning,7,daylight,0,wet,1,2,6,0,1,0,0,0,0,3,slightly_injured
2020,3,Sat,7,52.58311613,13.30000742,afternoon,14,daylight,0,dry,0,5,2,1,1,0,0,0,0,3,slightly_injured
2020,3,Wed,4,52.56718836,13.42051245,afternoon,13,daylight,0,dry,0,0,7,1,0,0,0,0,0,3,slightly_injured
2020,3,Wed,4,52.4695649,13.55328058,evening,18,dusk,1,dry,0,5,3,1,1,0,0,0,0,3,slightly_injured
2020,3,Thu,5,52.51841345,13.48794313,afternoon,16,daylight,0,dry,0,5,3,1,1,0,0,0,0,3,slightly_injured
2020,3,Tue,3,52.43086607,13.49435045,afternoon,14,daylight,0,wet,1,0,7,1,0,0,0,0,0,2,seriously_injured
2020,3,Wed,4,52.56775625,13.3129801,afternoon,14,daylight,0,dry,0,6,4,0,1,1,0,0,0,3,slightly_injured
2020,3,Sun,1,52.52836376,13.41124723,evening,19,dark,2,dry,0,0,7,0,1,0,0,0,0,2,seriously_injured
2020,3,Tue,3,52.58732735,13.32927099,morning,7,daylight,0,dry,0,2,6,0,1,0,0,0,1,3,slightly_injured
2020,3,Tue,3,52.55649976,13.37416797,afternoon,14,daylight,0,wet,1,3,6,0,1,0,0,0,1,3,slightly_injured
2020,3,Thu,5,52.41802542,13.58001373,afternoon,17,daylight,0,dry,0,1,5,0,1,0,0,0,0,3,slightly_injured
2020,3,Mon,2,52.52904895,13.45897725,night,1,dark,2,dry,0,7,7,1,0,0,0,0,0,3,slightly_injured
2020,3,Thu,5,52.53206927,13.32477864,afternoon,12,daylight,0,dry,0,6,4,0,1,1,0,0,0,3,slightly_injured
2020,3,Tue,3,52.53674924,13.26484952,afternoon,12,daylight,0,wet,1,5,2,0,1,0,0,0,0,3,slightly_injured
2020,3,Fri,6,52.55415842,13.41105357,afternoon,13,daylight,0,dry,0,5,3,1,1,0,0,0,0,3,slightly_injured
2020,3,Mon,2,52.42440202,13.39548078,afternoon,16,daylight,0,dry,0,6,4,0,0,1,0,0,1,3,slightly_injured
2020,3,Sat,7,52.53140071,13.51920133,afternoon,12,daylight,0,dry,0,5,2,0,1,0,0,0,1,3,slightly_injured
2020,3,Tue,3,52.50555219,13.35154819,evening,20,dark,2,dry,0,5,3,1,1,0,0,0,0,3,slightly_injured
2020,3,Wed,4,52.55577092,13.38405393,afternoon,16,daylight,0,dry,0,5,2,0,1,0,0,0,0,3,slightly_injured
2020,3,Thu,5,52.5489126,13.15733718,afternoon,13,daylight,0,dry,0,1,5,0,1,0,0,0,1,3,slightly_injured
2020,3,Tue,3,52.45664195,13.32173596,afternoon,12,daylight,0,wet,1,0,4,0,0,1,0,0,1,3,slightly_injured
2020,3,Wed,4,52.56433231,13.50832232,afternoon,14,daylight,0,dry,0,2,6,0,1,0,0,0,0,2,seriously_injured
2020,3,Sun,1,52.47668053,13.47133373,afternoon,13,daylight,0,dry,0,9,1,0,0,0,1,0,0,3,slightly_injured
2020,3,Tue,3,52.55849967,13.49146958,morning,11,daylight,0,dry,0,1,5,1,1,0,0,0,0,3,slightly_injured
2020,3,Wed,4,52.53839882,13.20073194,morning,6,daylight,0,dry,0,2,6,0,1,0,0,0,0,3,slightly_injured
2020,3,Thu,5,52.53842929,13.18238756,night,0,dark,2,dry,0,2,2,0,1,0,0,0,0,2,seriously_injured
2020,3,Sun,1,52.42242888,13.18126875,afternoon,12,daylight,0,dry,0,4,6,0,1,0,1,0,0,2,seriously_injured
2020,3,Thu,5,52.54266901,13.20614574,afternoon,15,daylight,0,dry,0,0,1,1,0,0,0,0,0,2,seriously_injured
2020,3,Wed,4,52.58771375,13.28496869,afternoon,14,daylight,0,dry,0,0,7,1,0,0,0,0,0,3,slightly_injured
2020,3,Fri,6,52.44460749,13.40702193,afternoon,14,daylight,0,dry,0,6,4,0,1,1,0,0,0,3,slightly_injured
2020,3,Tue,3,52.41430279,13.31783118,evening,18,dusk,1,dry,0,1,7,0,1,0,1,0,0,3,slightly_injured
2020,3,Wed,4,52.45798713,13.32707965,morning,10,daylight,0,dry,0,0,4,0,1,1,0,0,0,3,slightly_injured
2020,3,Thu,5,52.50337109,13.38346823,night,5,dark,2,wet,1,5,3,1,1,0,0,0,0,3,slightly_injured
2020,3,Fri,6,52.57197516,13.42919078,evening,18,dark,2,wet,1,0,1,0,0,0,1,0,0,3,slightly_injured
2020,3,Tue,3,52.54686779,13.41860805,afternoon,12,daylight,0,dry,0,5,7,0,1,0,0,0,1,3,slightly_injured
2020,3,Wed,4,52.49787439,13.39575683,afternoon,12,daylight,0,dry,0,5,2,0,1,0,0,1,0,3,slightly_injured
2020,3,Thu,5,52.51282672,13.282956,morning,10,daylight,0,wet,1,4,5,0,1,0,0,0,0,2,seriously_injured
2020,3,Tue,3,52.49821183,13.4295526,afternoon,12,daylight,0,wet,1,5,3,0,1,0,0,0,0,3,slightly_injured
2020,3,Wed,4,52.42434872,13.46336751,afternoon,14,daylight,0,dry,0,6,4,0,1,1,0,0,0,3,slightly_injured
2020,3,Sat,7,52.42579919,13.22908044,morning,11,daylight,0,dry,0,6,4,0,1,1,0,0,0,3,slightly_injured
2020,3,Mon,2,52.45242551,13.43298576,afternoon,12,daylight,0,dry,0,5,2,0,1,0,0,0,0,3,slightly_injured
2020,3,Thu,5,52.46308511,13.33914093,morning,11,daylight,0,dry,0,1,7,0,1,0,0,0,0,3,slightly_injured
2020,3,Sat,7,52.49717745,13.46948928,night,0,dark,2,dry,0,0,1,0,0,0,0,0,1,3,slightly_injured
2020,3,Tue,3,52.5865347,13.42548774,morning,11,daylight,0,wet,1,5,3,0,1,0,0,0,0,3,slightly_injured
2020,3,Wed,4,52.46571351,13.46496397,morning,9,daylight,0,dry,0,5,7,0,1,0,1,0,0,3,slightly_injured
2020,3,Fri,6,52.45115991,13.62474978,morning,11,daylight,0,dry,0,6,2,0,1,1,0,0,0,3,slightly_injured
2020,3,Tue,3,52.54812262,13.29680979,morning,11,daylight,0,wet,1,5,2,0,1,0,0,0,1,3,slightly_injured
2020,3,Mon,2,52.5009411,13.44218989,afternoon,17,daylight,0,dry,0,0,6,0,1,0,1,0,0,3,slightly_injured
2020,3,Tue,3,52.54643395,13.42578211,afternoon,16,daylight,0,dry,0,6,4,1,0,1,0,0,0,3,slightly_injured
2020,3,Tue,3,52.5203307,13.45125338,morning,7,dusk,1,dry,0,3,6,1,1,0,0,0,0,3,slightly_injured
2020,3,Sat,7,52.49932744,13.35298006,afternoon,12,daylight,0,dry,0,5,3,1,1,0,0,0,0,2,seriously_injured
2020,3,Mon,2,52.43063959,13.31529019,morning,8,daylight,0,dry,0,2,6,0,1,0,0,0,0,3,slightly_injured
2020,3,Wed,4,52.51727809,13.30188275,evening,20,dark,2,dry,0,1,5,1,1,0,0,0,0,3,slightly_injured
2020,3,Tue,3,52.51156907,13.26892508,morning,10,daylight,0,wet,1,2,6,0,1,0,1,0,1,3,slightly_injured
2020,3,Sat,7,52.61211762,13.3584823,evening,18,dusk,1,dry,0,5,3,0,1,0,1,0,0,2,seriously_injured
2020,3,Mon,2,52.50634232,13.31166465,morning,10,daylight,0,dry,0,0,7,1,0,0,0,0,0,3,slightly_injured
2020,3,Sat,7,52.52946124,13.19566798,afternoon,17,daylight,0,dry,0,5,3,0,1,0,0,0,0,3,slightly_injured
2020,3,Wed,4,52.52866731,13.3765825,evening,21,dark,2,dry,0,9,1,0,0,0,1,0,0,3,slightly_injured
2020,3,Wed,4,52.54874408,13.38248056,evening,18,dark,2,wet,1,0,7,0,0,0,1,0,1,3,slightly_injured
2020,3,Fri,6,52.50982864,13.35142387,night,2,dark,2,dry,0,8,1,0,1,0,0,0,0,3,slightly_injured
2020,3,Tue,3,52.53461409,13.25876927,morning,9,daylight,0,wet,1,5,7,0,1,0,1,0,0,3,slightly_injured
2020,3,Mon,2,52.51989605,13.32696163,morning,11,daylight,0,dry,0,5,7,0,1,0,0,1,0,2,seriously_injured
2020,3,Tue,3,52.42736804,13.40639821,evening,21,dark,2,dry,0,1,5,0,1,0,1,0,0,3,slightly_injured
2020,3,Tue,3,52.57643556,13.29447443,morning,8,daylight,0,dry,0,6,4,0,1,1,0,0,0,3,slightly_injured
2020,3,Fri,6,52.50791105,13.30557777,afternoon,13,daylight,0,dry,0,2,7,0,0,0,1,0,1,3,slightly_injured
2020,3,Mon,2,52.54072799,13.57019301,afternoon,16,daylight,0,dry,0,2,6,0,1,0,0,0,0,3,slightly_injured
2020,3,Sat,7,52.54954803,13.44112149,afternoon,13,daylight,0,dry,0,5,3,1,1,0,0,0,0,3,slightly_injured
2020,3,Wed,4,52.50636207,13.35216623,morning,10,daylight,0,dry,0,5,3,0,1,0,0,0,0,3,slightly_injured
2020,3,Wed,4,52.50007418,13.34582701,afternoon,15,daylight,0,dry,0,5,3,0,1,0,0,0,1,3,slightly_injured
2020,3,Thu,5,52.51455399,13.4712054,afternoon,14,daylight,0,dry,0,5,5,0,1,0,0,0,0,3,slightly_injured
2020,3,Tue,3,52.50962696,13.29250504,morning,8,daylight,0,dry,0,0,5,1,1,0,0,0,0,3,slightly_injured
2020,3,Sat,7,52.58102443,13.29133542,afternoon,15,daylight,0,dry,0,5,2,1,1,0,0,0,0,3,slightly_injured
2020,3,Wed,4,52.44353035,13.25447164,afternoon,15,daylight,0,dry,0,8,1,0,1,0,0,0,0,3,slightly_injured
2020,3,Wed,4,52.54312759,13.1578803,evening,19,dark,2,dry,0,2,6,0,1,0,1,0,0,3,slightly_injured
2020,3,Thu,5,52.52009766,13.32025407,evening,18,dark,2,dry,0,1,5,1,0,0,0,0,1,3,slightly_injured
2020,3,Tue,3,52.62386191,13.49306894,morning,7,daylight,0,dry,0,5,3,1,1,0,0,0,0,3,slightly_injured
2020,3,Mon,2,52.43553756,13.38502905,night,5,dusk,1,dry,0,0,1,0,0,0,1,0,0,2,seriously_injured
2020,3,Tue,3,52.47912208,13.28583555,afternoon,14,daylight,0,dry,0,1,5,1,1,0,0,0,0,2,seriously_injured
2020,3,Mon,2,52.53651665,13.24791404,morning,9,daylight,0,wet,1,2,6,0,1,0,0,0,0,3,slightly_injured
2020,3,Thu,5,52.45863217,13.35476487,afternoon,16,daylight,0,dry,0,3,6,0,1,0,1,0,0,3,slightly_injured
2020,3,Mon,2,52.54018854,13.37294311,afternoon,15,daylight,0,dry,0,5,3,0,1,0,0,0,0,3,slightly_injured
2020,3,Wed,4,52.54785584,13.42851828,evening,19,dark,2,dry,0,5,2,0,1,0,0,0,0,3,slightly_injured
2020,3,Fri,6,52.56652839,13.57370914,evening,22,dark,2,dry,0,6,4,0,1,1,0,0,0,2,seriously_injured
2020,3,Tue,3,52.55656707,13.36418391,afternoon,15,daylight,0,dry,0,2,6,0,1,0,0,0,0,3,slightly_injured
2020,3,Wed,4,52.44466716,13.56166067,afternoon,14,daylight,0,dry,0,5,7,1,0,0,0,0,1,3,slightly_injured
2020,3,Thu,5,52.52095694,13.37385706,morning,11,daylight,0,wet,1,0,7,1,0,0,0,0,0,3,slightly_injured
2020,3,Mon,2,52.50107765,13.34627672,evening,20,dark,2,dry,0,5,2,0,1,0,0,0,0,3,slightly_injured
2020,3,Wed,4,52.47883808,13.32880792,afternoon,14,daylight,0,dry,0,2,2,0,1,0,0,0,0,3,slightly_injured
2020,3,Sun,1,52.62693664,13.22689414,night,0,dark,2,dry,0,8,1,0,1,0,0,0,0,3,slightly_injured
2020,3,Mon,2,52.53044821,13.19643587,morning,11,daylight,0,dry,0,0,3,0,1,0,1,0,0,3,slightly_injured
2020,3,Thu,5,52.51117723,13.56223213,afternoon,14,daylight,0,dry,0,2,6,0,1,0,0,0,0,3,slightly_injured
2020,3,Sat,7,52.41735482,13.36071912,morning,11,daylight,0,dry,0,1,5,0,1,0,0,0,0,3,slightly_injured
2020,3,Wed,4,52.46079553,13.48125577,afternoon,13,daylight,0,dry,0,5,2,0,1,0,0,0,0,3,slightly_injured
2020,3,Sun,1,52.51188372,13.47700622,afternoon,16,daylight,0,dry,0,6,7,0,1,1,0,0,0,2,seriously_injured
2020,3,Tue,3,52.45875008,13.52590055,night,5,daylight,0,dry,0,5,2,1,1,0,0,0,0,3,slightly_injured
2020,3,Thu,5,52.56324894,13.47694958,afternoon,16,daylight,0,dry,0,5,3,0,1,0,1,0,0,2,seriously_injured
2020,3,Sun,1,52.50473863,13.4267063,afternoon,17,daylight,0,dry,0,2,1,1,1,0,0,0,0,3,slightly_injured
2020,3,Thu,5,52.48066951,13.60109433,morning,10,daylight,0,dry,0,5,2,1,1,0,0,0,0,3,slightly_injured
2020,3,Fri,6,52.5537674,13.48077012,afternoon,15,daylight,0,dry,0,2,6,0,1,0,0,0,0,3,slightly_injured
2020,3,Tue,3,52.45453183,13.31911613,afternoon,12,daylight,0,dry,0,5,3,1,1,0,0,0,0,3,slightly_injured
2020,3,Wed,4,52.50457246,13.34278126,morning,10,daylight,0,dry,0,3,2,0,1,0,1,0,0,3,slightly_injured
2020,3,Thu,5,52.51839469,13.27805095,morning,9,daylight,0,wet,1,5,2,0,1,0,0,0,0,3,slightly_injured
2020,3,Mon,2,52.54098607,13.42508986,evening,18,dark,2,dry,0,0,1,0,0,0,0,0,1,2,seriously_injured
2020,3,Wed,4,52.49694229,13.34557192,afternoon,13,daylight,0,dry,0,2,6,1,1,0,0,0,0,3,slightly_injured
2020,3,Sat,7,52.56058102,13.37698471,evening,20,dark,2,dry,0,2,6,0,1,0,0,0,0,3,slightly_injured
2020,3,Mon,2,52.46888051,13.33726659,morning,11,daylight,0,dry,0,1,5,1,1,0,0,0,0,3,slightly_injured
2020,3,Sat,7,52.53056708,13.37407493,evening,22,dark,2,dry,0,5,3,0,1,0,0,0,0,3,slightly_injured
2020,3,Wed,4,52.53578688,13.52756992,morning,8,daylight,0,dry,0,2,6,0,0,0,0,0,1,3,slightly_injured
2020,3,Fri,6,52.37463295,13.65489701,morning,7,daylight,0,dry,0,4,6,0,1,0,0,0,0,3,slightly_injured
2020,3,Mon,2,52.51309411,13.56857216,afternoon,16,dusk,1,wet,1,3,6,0,1,0,0,0,0,3,slightly_injured
2020,3,Mon,2,52.47604254,13.36299584,afternoon,15,daylight,0,dry,0,5,3,1,0,0,0,0,1,2,seriously_injured
2020,3,Wed,4,52.52132552,13.37964163,afternoon,16,daylight,0,dry,0,0,3,1,1,0,0,0,0,3,slightly_injured
2020,3,Fri,6,52.46800047,13.44463576,afternoon,13,daylight,0,dry,0,6,2,0,0,1,0,0,1,3,slightly_injured
2020,3,Mon,2,52.4651396,13.48653424,afternoon,15,daylight,0,dry,0,6,4,0,1,1,0,0,0,3,slightly_injured
2020,3,Mon,2,52.43988344,13.39235595,afternoon,17,dusk,1,dry,0,2,6,0,1,0,0,0,0,3,slightly_injured
2020,3,Tue,3,52.42516582,13.41231903,afternoon,12,daylight,0,dry,0,1,5,0,1,0,0,0,0,3,slightly_injured
2020,3,Wed,4,52.51563173,13.31592235,afternoon,12,daylight,0,dry,0,0,6,0,1,0,1,0,0,3,slightly_injured
2020,3,Mon,2,52.59804153,13.33112287,afternoon,15,daylight,0,wet,1,1,5,0,1,0,1,0,0,3,slightly_injured
2020,3,Sat,7,52.48676857,13.32795369,evening,21,dark,2,dry,0,6,7,1,0,1,0,0,0,3,slightly_injured
2020,3,Mon,2,52.49843396,13.40665346,evening,20,dark,2,dry,0,5,2,0,1,0,0,0,0,3,slightly_injured
2020,3,Sat,7,52.6028499,13.40206655,afternoon,15,daylight,0,dry,0,5,2,0,1,0,0,0,0,3,slightly_injured
2020,3,Wed,4,52.50921104,13.26853741,afternoon,17,daylight,0,dry,0,6,4,0,1,1,0,0,0,2,seriously_injured
2020,3,Wed,4,52.48895969,13.39740939,afternoon,16,daylight,0,dry,0,5,3,1,1,0,0,0,0,3,slightly_injured
2020,3,Thu,5,52.45911654,13.34788765,afternoon,14,daylight,0,dry,0,2,6,0,1,0,0,0,0,3,slightly_injured
2020,3,Mon,2,52.59159634,13.30259992,afternoon,15,daylight,0,wet,1,5,3,1,1,0,0,0,0,3,slightly_injured
2020,3,Mon,2,52.49828847,13.39945538,morning,8,daylight,0,dry,0,5,3,0,1,0,0,0,0,3,slightly_injured
2020,3,Tue,3,52.51701981,13.44061031,afternoon,17,dusk,1,dry,0,5,2,1,1,0,0,0,0,3,slightly_injured
2020,3,Mon,2,52.42974771,13.33247126,afternoon,13,daylight,0,wet,1,5,7,0,1,0,0,0,0,3,slightly_injured
2020,3,Fri,6,52.50515226,13.47137029,morning,10,daylight,0,dry,0,5,2,0,1,0,1,0,0,3,slightly_injured
2020,3,Mon,2,52.50896467,13.30205115,morning,7,daylight,0,dry,0,0,1,0,0,0,1,0,0,3,slightly_injured
2020,3,Mon,2,52.54869031,13.34900149,afternoon,15,daylight,0,dry,0,2,6,0,1,0,0,0,1,3,slightly_injured
2020,3,Tue,3,52.59058244,13.29222487,afternoon,15,daylight,0,dry,0,0,2,0,1,0,1,0,0,3,slightly_injured
2020,3,Mon,2,52.55757827,13.43256231,afternoon,12,daylight,0,wet,1,0,3,0,0,0,0,0,1,3,slightly_injured
2020,3,Fri,6,52.5337754,13.17924817,evening,21,dark,2,dry,0,5,3,1,1,0,0,0,0,3,slightly_injured
2020,3,Mon,2,52.51847235,13.48585641,morning,7,daylight,0,dry,0,5,2,1,1,0,0,0,0,3,slightly_injured
2020,3,Sat,7,52.42879517,13.5266856,afternoon,14,daylight,0,dry,0,5,2,1,1,0,0,0,0,3,slightly_injured
2020,3,Wed,4,52.48854162,13.37060431,afternoon,13,daylight,0,dry,0,6,4,0,1,1,0,0,0,3,slightly_injured
2020,3,Wed,4,52.50942273,13.42090348,evening,18,dusk,1,dry,0,5,2,1,1,0,0,0,0,2,seriously_injured
2020,3,Thu,5,52.43431973,13.54494769,evening,18,dark,2,dry,0,5,3,0,1,0,0,0,1,3,slightly_injured
2020,3,Mon,2,52.57563554,13.28437512,afternoon,12,daylight,0,wet,1,2,6,0,1,0,0,1,0,3,slightly_injured
2020,3,Mon,2,52.5039861,13.38127156,evening,19,dark,2,dry,0,0,1,1,0,0,0,0,0,3,slightly_injured
2020,3,Tue,3,52.43760015,13.34798914,morning,8,daylight,0,dry,0,2,6,0,1,0,0,0,0,3,slightly_injured
2020,3,Mon,2,52.56407988,13.32764364,evening,22,dark,2,dry,0,5,3,0,1,0,0,0,1,3,slightly_injured
2020,3,Thu,5,52.52952028,13.31490088,afternoon,12,daylight,0,dry,0,5,3,1,1,0,0,0,0,3,slightly_injured
2020,3,Mon,2,52.43651857,13.47190201,afternoon,14,daylight,0,dry,0,3,5,1,1,0,0,0,0,3,slightly_injured
2020,3,Thu,5,52.43159827,13.49530471,afternoon,14,daylight,0,dry,0,5,2,1,1,0,0,0,0,3,slightly_injured
2020,3,Fri,6,52.54558608,13.18413206,evening,18,dark,2,wet,1,5,7,0,1,0,0,0,0,3,slightly_injured
2020,3,Tue,3,52.52318995,13.48535728,afternoon,15,daylight,0,dry,0,5,3,0,1,0,0,0,0,3,slightly_injured
2020,3,Wed,4,52.6174719,13.39432197,afternoon,13,daylight,0,dry,0,8,1,0,0,0,1,0,0,2,seriously_injured
2020,3,Sat,7,52.50634479,13.35219602,afternoon,12,daylight,0,dry,0,5,3,0,1,0,0,0,0,3,slightly_injured
2020,3,Tue,3,52.5322912,13.39478407,evening,18,dusk,1,dry,0,6,4,0,1,1,0,0,0,3,slightly_injured
2020,3,Wed,4,52.57149142,13.39688202,afternoon,15,daylight,0,dry,0,5,2,1,1,0,0,0,0,3,slightly_injured
2020,3,Thu,5,52.46623314,13.32836512,afternoon,13,daylight,0,dry,0,6,7,0,0,1,0,0,1,2,seriously_injured
2020,3,Mon,2,52.42601677,13.35592235,afternoon,12,daylight,0,dry,0,2,7,0,1,0,0,0,0,3,slightly_injured
2020,3,Wed,4,52.49884859,13.2808162,afternoon,13,daylight,0,dry,0,5,2,1,1,0,0,0,0,3,slightly_injured
2020,3,Sun,1,52.53325868,13.48081618,afternoon,14,daylight,0,dry,0,6,7,0,1,1,0,0,0,3,slightly_injured
2020,3,Tue,3,52.54852786,13.43643853,afternoon,13,daylight,0,dry,0,5,2,1,1,0,0,0,0,2,seriously_injured
2020,3,Wed,4,52.41204177,13.38899993,evening,19,dark,2,dry,0,2,6,0,1,0,1,0,0,3,slightly_injured
2020,3,Thu,5,52.51146691,13.58716904,night,2,dark,2,dry,0,4,7,1,0,0,0,0,0,3,slightly_injured
2020,3,Sun,1,52.56328894,13.21460197,afternoon,13,daylight,0,dry,0,5,3,1,1,0,0,0,0,3,slightly_injured
2020,3,Thu,5,52.44249672,13.22978814,afternoon,17,daylight,0,dry,0,5,3,0,1,0,0,0,0,3,slightly_injured
2020,3,Wed,4,52.59166691,13.44001744,evening,19,dark,2,dry,0,6,4,0,1,1,0,0,0,3,slightly_injured
2020,3,Fri,6,52.5338653,13.17939949,afternoon,15,daylight,0,dry,0,5,3,0,1,0,0,0,0,3,slightly_injured
2020,3,Tue,3,52.47059434,13.34741231,morning,8,daylight,0,dry,0,5,2,0,1,0,0,0,0,3,slightly_injured
2020,3,Wed,4,52.44224902,13.36052325,morning,11,daylight,0,dry,0,1,1,0,1,0,1,0,1,3,slightly_injured
2020,3,Thu,5,52.55656412,13.30791961,night,5,dusk,1,dry,0,2,6,0,1,0,0,0,0,3,slightly_injured
2020,3,Mon,2,52.55622367,13.56572118,morning,11,daylight,0,wet,1,1,5,0,1,0,0,0,0,2,seriously_injured
2020,3,Sat,7,52.50192455,13.39128519,evening,19,dark,2,dry,0,1,7,0,1,0,0,0,1,3,slightly_injured
2020,3,Mon,2,52.43073905,13.31091065,morning,10,daylight,0,dry,0,2,1,1,0,0,0,1,0,3,slightly_injured
2020,4,Thu,5,52.46424253,13.44740419,afternoon,17,daylight,0,dry,0,5,3,0,0,0,1,0,0,3,slightly_injured
2020,4,Wed,4,52.56046466,13.42761511,evening,18,dusk,1,dry,0,5,3,1,1,0,0,0,0,3,slightly_injured
2020,4,Fri,6,52.4662962,13.37798995,afternoon,17,daylight,0,dry,0,5,2,1,1,0,0,0,0,3,slightly_injured
2020,4,Thu,5,52.55038901,13.37825925,evening,19,dark,2,dry,0,6,4,0,1,1,0,0,0,3,slightly_injured
2020,4,Wed,4,52.52452175,13.24757347,afternoon,16,daylight,0,dry,0,5,2,1,0,0,0,1,0,2,seriously_injured
2020,4,Fri,6,52.53685445,13.32461617,afternoon,15,daylight,0,dry,0,0,7,1,0,0,0,0,0,3,slightly_injured
2020,4,Thu,5,52.45957943,13.37260094,evening,19,daylight,0,dry,0,2,7,0,0,0,1,0,1,3,slightly_injured
2020,4,Sun,1,52.43340809,13.46528662,afternoon,17,daylight,0,dry,0,3,6,1,1,0,0,0,0,3,slightly_injured
2020,4,Wed,4,52.43770431,13.58224499,afternoon,16,daylight,0,dry,0,3,6,1,0,0,0,0,1,3,slightly_injured
2020,4,Thu,5,52.46573462,13.38916387,evening,18,daylight,0,dry,0,6,7,0,0,1,0,0,1,2,seriously_injured
2020,4,Wed,4,52.51630116,13.47924285,afternoon,16,daylight,0,dry,0,5,7,0,1,0,0,0,1,3,slightly_injured
2020,4,Thu,5,52.54123444,13.34806793,morning,9,daylight,0,dry,0,3,6,0,1,0,0,0,0,2,seriously_injured
2020,4,Thu,5,52.42481221,13.31548432,afternoon,17,daylight,0,dry,0,2,6,0,1,0,0,0,0,3,slightly_injured
2020,4,Wed,4,52.47750779,13.47859126,afternoon,15,daylight,0,dry,0,5,2,1,1,0,0,0,0,3,slightly_injured
2020,4,Thu,5,52.52830029,13.40898227,morning,9,daylight,0,dry,0,5,7,1,0,0,0,0,1,3,slightly_injured
2020,4,Tue,3,52.5457555,13.42737759,evening,22,dark,2,dry,0,2,7,0,1,0,1,0,0,3,slightly_injured
2020,4,Thu,5,52.55126074,13.4057021,afternoon,13,daylight,0,dry,0,5,2,0,1,0,0,0,0,3,slightly_injured
2020,4,Sun,1,52.39149148,13.5616695,afternoon,15,daylight,0,dry,0,5,3,1,1,0,0,0,0,3,slightly_injured
2020,4,Thu,5,52.45281477,13.56964123,morning,9,daylight,0,dry,0,6,2,0,1,1,0,0,0,3,slightly_injured
2020,4,Thu,5,52.48503411,13.37665086,evening,18,daylight,0,dry,0,5,2,0,1,0,1,0,0,3,slightly_injured
2020,4,Sun,1,52.41647116,13.4254779,afternoon,16,daylight,0,dry,0,0,1,0,0,0,1,0,0,2,seriously_injured
2020,4,Thu,5,52.44542674,13.45332769,evening,18,daylight,0,dry,0,2,6,0,1,0,0,0,0,3,slightly_injured
2020,4,Thu,5,52.54605127,13.45023292,afternoon,14,daylight,0,dry,0,0,2,1,0,0,0,0,1,3,slightly_injured
2020,4,Wed,4,52.40157833,13.36152683,afternoon,15,daylight,0,dry,0,1,5,1,1,0,0,0,0,3,slightly_injured
2020,4,Thu,5,52.48370455,13.40036528,afternoon,17,daylight,0,dry,0,0,1,1,0,0,0,0,0,2,seriously_injured
2020,4,Thu,5,52.48984936,13.38235382,afternoon,16,daylight,0,dry,0,5,2,1,1,0,0,0,0,3,slightly_injured
2020,4,Wed,4,52.43792,13.26218857,afternoon,15,daylight,0,dry,0,2,6,0,1,0,0,0,0,3,slightly_injured
2020,4,Thu,5,52.498727,13.41830565,afternoon,17,daylight,0,dry,0,5,2,1,1,0,0,0,0,3,slightly_injured
2020,4,Tue,3,52.55938372,13.41067424,afternoon,16,daylight,0,dry,0,5,2,1,1,0,0,0,0,3,slightly_injured
2020,4,Thu,5,52.44946068,13.36640666,afternoon,16,daylight,0,dry,0,2,7,1,1,0,0,0,0,3,slightly_injured
2020,4,Sat,7,52.51155815,13.28146028,evening,18,daylight,0,dry,0,5,3,0,1,0,0,0,0,2,seriously_injured
2020,4,Thu,5,52.52541456,13.3425684,afternoon,15,daylight,0,dry,0,5,2,1,1,0,0,0,0,2,seriously_injured
2020,4,Thu,5,52.42669004,13.54707215,afternoon,15,daylight,0,dry,0,5,2,0,1,0,0,0,0,3,slightly_injured
2020,4,Wed,4,52.41450989,13.40131448,afternoon,13,daylight,0,dry,0,5,2,0,1,0,1,0,0,3,slightly_injured
2020,4,Fri,6,52.51018057,13.22318652,afternoon,16,daylight,0,dry,0,5,2,1,1,0,0,0,0,3,slightly_injured
2020,4,Thu,5,52.55538483,13.35637001,afternoon,15,daylight,0,dry,0,5,3,0,1,0,0,0,0,3,slightly_injured
2020,4,Wed,4,52.46351955,13.50924532,morning,10,daylight,0,dry,0,0,2,1,0,0,0,0,1,3,slightly_injured
2020,4,Fri,6,52.48796894,13.41533251,afternoon,17,daylight,0,dry,0,2,6,0,1,0,1,0,0,3,slightly_injured
2020,4,Wed,4,52.45824075,13.58014315,afternoon,13,daylight,0,dry,0,5,2,0,1,0,1,0,0,3,slightly_injured
2020,4,Thu,5,52.45690455,13.42669766,afternoon,15,daylight,0,dry,0,6,4,0,1,1,0,0,0,3,slightly_injured