ujahr,umonat,weekday,uwochentag,long,lat,time_of_day,ustunde,light_condition,ulichtverh,street_condition,ustrzustand,uart,utyp1,ist_rad,ist_pkw,ist_fuss,ist_krad,ist_gkfz,ist_sonstige,ukategorie,accident_outcome
2020,4,Sat,7,52.52310162,13.42953093,afternoon,14,daylight,0,dry,0,5,2,1,1,0,0,0,0,3,slightly_injured
2020,4,Wed,4,52.50337368,13.31710939,afternoon,17,daylight,0,dry,0,6,7,1,0,1,0,0,0,3,slightly_injured
2020,4,Fri,6,52.48507115,13.36915965,afternoon,15,daylight,0,dry,0,5,2,1,1,0,0,0,0,3,slightly_injured
2020,4,Sat,7,52.49892905,13.25006007,afternoon,13,daylight,0,dry,0,5,7,1,0,0,0,0,0,3,slightly_injured
2020,4,Sun,1,52.43109028,13.38246321,night,2,dark,2,dry,0,1,1,0,1,0,0,0,0,2,seriously_injured
2020,4,Thu,5,52.52087011,13.6469633,morning,11,daylight,0,dry,0,5,3,1,1,0,0,0,0,3,slightly_injured
2020,4,Sat,7,52.51748022,13.18628174,afternoon,13,daylight,0,dry,0,2,6,0,1,0,0,0,0,3,slightly_injured
2020,4,Wed,4,52.5515766,13.18531341,evening,21,dark,2,dry,0,0,3,1,0,0,0,0,1,2,seriously_injured
2020,4,Fri,6,52.49761538,13.29337383,afternoon,16,daylight,0,dry,0,2,6,0,1,0,0,0,0,3,slightly_injured
2020,4,Sat,7,52.51781551,13.43287981,afternoon,13,daylight,0,dry,0,2,2,1,1,0,0,0,0,3,slightly_injured
2020,4,Sun,1,52.48188694,13.4818512,afternoon,12,daylight,0,dry,0,5,2,0,1,0,0,0,0,3,slightly_injured
2020,4,Sat,7,52.43665276,13.69669974,morning,10,daylight,0,dry,0,0,1,1,0,0,0,0,0,3,slightly_injured
2020,4,Sat,7,52.42939632,13.35640954,morning,9,daylight,0,dry,0,1,5,1,1,0,0,0,0,3,slightly_injured
2020,4,Fri,6,52.48343739,13.44671923,afternoon,15,daylight,0,dry,0,3,6,1,0,0,0,0,0,3,slightly_injured
2020,3,Fri,6,52.45409674,13.3191022,morning,10,daylight,0,dry,0,0,3,0,1,0,0,0,1,3,slightly_injured
2020,4,Thu,5,52.43907579,13.3048265,morning,11,daylight,0,dry,0,2,6,0,1,0,0,0,0,3,slightly_injured
2020,4,Fri,6,52.492391,13.38963143,morning,9,daylight,0,dry,0,5,2,1,1,0,0,0,0,3,slightly_injured
2020,4,Wed,4,52.43127955,13.30961374,afternoon,13,daylight,0,dry,0,5,2,0,1,0,0,0,0,2,seriously_injured
2020,4,Thu,5,52.4572636,13.32700346,morning,11,daylight,0,dry,0,0,3,1,0,0,0,0,1,3,slightly_injured
2020,4,Fri,6,52.49042987,13.42359132,evening,21,dark,2,dry,0,5,3,1,1,0,0,0,0,3,slightly_injured
2020,4,Sun,1,52.54495564,13.59162817,evening,18,daylight,0,dry,0,5,2,0,1,0,0,0,0,3,slightly_injured
2020,4,Fri,6,52.52031064,13.39543644,morning,11,daylight,0,dry,0,6,7,0,0,1,0,0,1,3,slightly_injured
2020,3,Fri,6,52.4294264,13.33114275,morning,10,daylight,0,dry,0,0,6,0,1,0,0,0,1,3,slightly_injured
2020,3,Fri,6,52.53232742,13.43103542,morning,9,daylight,0,dry,0,0,5,1,1,0,0,0,0,3,slightly_injured
2020,4,Fri,6,52.52497947,13.41037369,morning,11,daylight,0,dry,0,1,5,1,1,0,0,0,0,3,slightly_injured
2020,3,Fri,6,52.50968783,13.50350146,morning,7,daylight,0,dry,0,5,2,0,1,0,0,0,0,3,slightly_injured
2020,4,Fri,6,52.42173343,13.46162055,morning,10,daylight,0,dry,0,5,3,1,1,0,0,0,0,3,slightly_injured
2020,4,Thu,5,52.54756764,13.34653262,evening,18,daylight,0,dry,0,5,3,0,1,0,0,0,1,3,slightly_injured
2020,4,Fri,6,52.43841744,13.44025756,evening,21,dark,2,dry,0,5,3,0,1,0,0,0,0,3,slightly_injured
2020,3,Fri,6,52.44575694,13.67613335,afternoon,15,daylight,0,dry,0,7,7,1,0,0,0,0,0,3,slightly_injured
2020,4,Fri,6,52.49925202,13.50806642,morning,9,daylight,0,dry,0,6,4,0,1,1,0,0,0,3,slightly_injured
2020,4,Tue,3,52.6438142,13.47962233,morning,8,daylight,0,dry,0,2,6,0,1,0,0,0,0,3,slightly_injured
2020,4,Thu,5,52.42210883,13.34917557,evening,20,dark,2,dry,0,5,3,0,1,0,0,0,0,3,slightly_injured
2020,4,Fri,6,52.6247675,13.23031697,morning,9,daylight,0,dry,0,5,3,0,1,0,0,0,0,3,slightly_injured
2020,4,Sun,1,52.45227637,13.13851561,afternoon,15,daylight,0,dry,0,5,3,1,0,1,0,0,0,3,slightly_injured
2020,4,Fri,6,52.43471048,13.36199066,morning,8,daylight,0,dry,0,6,4,0,1,1,0,0,0,3,slightly_injured
2020,4,Fri,6,52.50492662,13.40615715,evening,18,daylight,0,dry,0,6,4,1,0,1,0,0,0,3,slightly_injured
2020,3,Fri,6,52.46597289,13.47135007,afternoon,13,daylight,0,dry,0,2,6,0,1,0,0,0,0,3,slightly_injured
2020,4,Fri,6,52.42733357,13.33089385,afternoon,15,daylight,0,dry,0,5,3,1,1,0,0,0,0,2,seriously_injured
2020,4,Thu,5,52.46343,13.40319114,afternoon,14,daylight,0,dry,0,5,3,0,1,0,0,0,0,3,slightly_injured
2020,3,Fri,6,52.57793495,13.31542814,afternoon,12,daylight,0,dry,0,5,2,0,1,0,1,0,0,3,slightly_injured
2020,4,Fri,6,52.53246875,13.20014753,afternoon,12,daylight,0,dry,0,3,6,0,1,0,1,0,0,3,slightly_injured
2020,4,Tue,3,52.48397568,13.3332116,afternoon,15,daylight,0,dry,0,5,3,0,1,0,0,0,0,3,slightly_injured
2020,4,Fri,6,52.46686545,13.48863176,morning,7,daylight,0,dry,0,6,4,0,1,1,0,0,0,2,seriously_injured
2020,4,Thu,5,52.54683049,13.34547567,afternoon,16,daylight,0,dry,0,5,2,1,1,0,0,0,0,3,slightly_injured
2020,3,Fri,6,52.50110166,13.40174715,morning,11,daylight,0,dry,0,7,7,1,0,0,0,0,0,3,slightly_injured
2020,4,Thu,5,52.53921057,13.45253422,afternoon,15,daylight,0,dry,0,5,3,0,1,0,0,0,0,3,slightly_injured
2020,4,Tue,3,52.55215904,13.42430887,afternoon,17,daylight,0,dry,0,0,1,1,0,0,0,0,0,3,slightly_injured
2020,4,Thu,5,52.5177597,13.42763351,afternoon,16,daylight,0,dry,0,5,2,0,1,0,1,0,0,3,slightly_injured
2020,4,Sat,7,52.42381372,13.49108581,evening,21,dark,2,dry,0,5,3,0,1,0,0,0,1,3,slightly_injured
2020,4,Thu,5,52.55442596,13.34483193,afternoon,14,daylight,0,dry,0,2,7,0,1,0,0,0,0,2,seriously_injured
2020,4,Thu,5,52.53858706,13.40249392,afternoon,16,daylight,0,dry,0,5,3,0,1,0,0,0,0,3,slightly_injured
2020,3,Fri,6,52.50717497,13.56110276,morning,11,daylight,0,dry,0,2,6,1,1,0,0,0,0,3,slightly_injured
2020,4,Thu,5,52.5580837,13.47291733,afternoon,16,daylight,0,dry,0,1,5,1,1,0,0,0,0,3,slightly_injured
2020,4,Thu,5,52.60222879,13.32487655,morning,7,daylight,0,dry,0,0,2,0,1,0,0,0,1,3,slightly_injured
2020,4,Fri,6,52.53227092,13.4062731,afternoon,17,daylight,0,dry,0,6,6,1,0,1,0,0,0,3,slightly_injured
2020,3,Fri,6,52.55599227,13.38092932,morning,9,daylight,0,dry,0,2,6,0,1,0,0,0,0,3,slightly_injured
2020,4,Thu,5,52.50239184,13.4866082,afternoon,12,daylight,0,dry,0,5,2,1,1,0,0,0,0,3,slightly_injured
2020,4,Mon,2,52.49581502,13.52430834,morning,10,daylight,0,dry,0,5,3,0,1,0,0,0,0,3,slightly_injured
2020,4,Thu,5,52.42685699,13.36725636,evening,18,daylight,0,dry,0,5,3,0,1,0,0,0,0,3,slightly_injured
2020,4,Thu,5,52.44965738,13.36690385,afternoon,17,daylight,0,dry,0,5,2,1,1,0,0,0,0,3,slightly_injured
2020,4,Thu,5,52.47216457,13.38501466,afternoon,17,daylight,0,dry,0,1,5,1,1,0,0,0,0,3,slightly_injured
2020,4,Thu,5,52.54242286,13.37549316,afternoon,17,daylight,0,dry,0,5,2,1,1,0,0,0,0,3,slightly_injured
2020,4,Thu,5,52.56679308,13.34513818,afternoon,16,daylight,0,dry,0,9,1,0,1,0,0,0,0,3,slightly_injured
2020,3,Fri,6,52.56013009,13.20789352,morning,9,daylight,0,dry,0,5,3,1,1,0,0,0,0,2,seriously_injured
2020,4,Thu,5,52.44924607,13.51135136,morning,10,daylight,0,dry,0,6,4,1,0,1,0,0,0,3,slightly_injured
2020,4,Thu,5,52.48429847,13.32201842,morning,9,daylight,0,dry,0,5,3,0,1,0,0,0,0,3,slightly_injured
2020,4,Wed,4,52.46087501,13.5209332,evening,19,daylight,0,dry,0,5,2,1,1,0,0,0,0,2,seriously_injured
2020,4,Fri,6,52.46778705,13.48972841,afternoon,16,daylight,0,dry,0,2,6,0,1,0,0,0,0,3,slightly_injured
2020,4,Fri,6,52.54019244,13.37938546,evening,19,daylight,0,dry,0,5,3,1,1,0,0,0,0,3,slightly_injured
2020,4,Thu,5,52.4132246,13.35568019,morning,7,daylight,0,dry,0,0,3,1,0,0,0,0,1,3,slightly_injured
2020,4,Sun,1,52.63300851,13.38101097,afternoon,12,daylight,0,dry,0,0,7,1,0,0,0,0,0,2,seriously_injured
2020,4,Fri,6,52.55661586,13.36348829,evening,18,daylight,0,dry,0,0,7,1,0,0,0,0,0,3,slightly_injured
2020,4,Wed,4,52.5480583,13.37479544,afternoon,16,daylight,0,dry,0,6,4,0,1,1,0,0,0,2,seriously_injured
2020,4,Wed,4,52.44576441,13.56394989,afternoon,16,daylight,0,dry,0,0,6,1,0,0,0,0,0,3,slightly_injured
2020,4,Wed,4,52.44551119,13.45282567,evening,20,dark,2,dry,0,5,3,0,1,0,0,0,1,3,slightly_injured
2020,3,Thu,5,52.45762627,13.53919857,evening,21,dark,2,dry,0,0,1,1,0,0,0,0,0,3,slightly_injured
2020,4,Tue,3,52.4191803,13.35957014,afternoon,14,daylight,0,dry,0,2,5,0,1,0,0,0,0,3,slightly_injured
2020,4,Sat,7,52.50856949,13.48411878,afternoon,17,daylight,0,dry,0,5,3,0,1,0,0,0,0,3,slightly_injured
2020,4,Thu,5,52.5629916,13.50473705,afternoon,13,daylight,0,dry,0,2,6,0,1,0,1,0,0,3,slightly_injured
2020,4,Sun,1,52.52865661,13.45580992,evening,18,daylight,0,dry,0,5,3,1,0,0,0,0,0,3,slightly_injured
2020,4,Wed,4,52.54786691,13.35004241,morning,7,daylight,0,dry,0,1,5,1,1,0,0,0,0,3,slightly_injured
2020,4,Sat,7,52.50309131,13.34962404,evening,19,daylight,0,dry,0,5,2,0,1,0,0,0,0,3,slightly_injured
2020,4,Thu,5,52.49566311,13.32224146,afternoon,15,daylight,0,dry,0,5,3,1,1,0,0,0,0,3,slightly_injured
2020,4,Tue,3,52.47685616,13.4227056,evening,20,daylight,0,wet,1,4,7,0,1,0,1,0,0,3,slightly_injured
2020,4,Sat,7,52.60309937,13.45783755,evening,19,daylight,0,dry,0,0,1,0,0,0,1,0,0,3,slightly_injured
2020,4,Thu,5,52.53496078,13.39811337,afternoon,15,daylight,0,dry,0,3,6,1,0,0,0,0,0,3,slightly_injured
2020,4,Mon,2,52.42150062,13.43022853,morning,11,daylight,0,dry,0,0,3,1,0,0,0,0,1,3,slightly_injured
2020,4,Wed,4,52.55070549,13.37575604,afternoon,15,daylight,0,dry,0,0,5,0,1,0,1,0,0,3,slightly_injured
2020,4,Wed,4,52.56332578,13.34285347,morning,11,daylight,0,dry,0,6,2,0,1,1,0,0,0,2,seriously_injured
2020,4,Mon,2,52.49142571,13.33304772,evening,21,dark,2,dry,0,0,1,1,1,0,0,0,0,3,slightly_injured
2020,4,Wed,4,52.50763273,13.39036878,evening,22,dark,2,dry,0,5,3,0,1,0,0,0,0,3,slightly_injured
2020,4,Sun,1,52.50020259,13.43800143,evening,18,daylight,0,dry,0,5,2,1,1,0,0,0,0,3,slightly_injured
2020,4,Sat,7,52.5435523,13.36402246,afternoon,14,daylight,0,dry,0,2,2,1,1,0,0,0,0,3,slightly_injured
2020,4,Wed,4,52.54084419,13.20303865,evening,21,dark,2,dry,0,5,2,0,1,0,0,0,0,3,slightly_injured
2020,4,Fri,6,52.50191872,13.40938837,morning,11,daylight,0,dry,0,2,6,0,1,0,1,0,0,3,slightly_injured
2020,4,Tue,3,52.52560382,13.3037408,afternoon,14,daylight,0,dry,0,5,3,0,1,0,0,0,0,3,slightly_injured
2020,4,Thu,5,52.50540258,13.33079103,morning,8,daylight,0,dry,0,1,5,1,1,0,0,0,0,3,slightly_injured
2020,4,Thu,5,52.63410756,13.38033385,afternoon,12,daylight,0,dry,0,5,2,1,1,0,0,0,0,3,slightly_injured
2020,4,Mon,2,52.4822184,13.43888381,afternoon,14,daylight,0,dry,0,3,6,1,1,0,0,0,0,3,slightly_injured
2020,4,Wed,4,52.47605918,13.44753744,evening,22,dark,2,wet,1,5,3,0,1,0,0,0,1,3,slightly_injured
2020,4,Thu,5,52.44490298,13.4332289,afternoon,12,daylight,0,dry,0,5,3,0,1,0,1,0,0,3,slightly_injured
2020,4,Thu,5,52.58889954,13.34345393,afternoon,14,daylight,0,dry,0,2,6,0,1,0,1,0,0,3,slightly_injured
2020,4,Mon,2,52.49402069,13.29957432,afternoon,15,daylight,0,dry,0,0,3,0,1,0,0,0,1,3,slightly_injured
2020,4,Wed,4,52.50665314,13.29100467,evening,18,daylight,0,wet,1,5,2,1,1,0,0,0,0,3,slightly_injured
2020,4,Mon,2,52.52449428,13.2792476,afternoon,16,daylight,0,dry,0,5,2,1,1,0,0,0,0,3,slightly_injured
2020,4,Wed,4,52.53259923,13.52000218,evening,20,daylight,0,dry,0,5,3,1,1,0,0,0,0,3,slightly_injured
2020,4,Sun,1,52.46509825,13.44277903,afternoon,17,daylight,0,dry,0,5,3,0,1,0,1,0,0,2,seriously_injured
2020,4,Sat,7,52.51843434,13.1829252,afternoon,16,daylight,0,dry,0,0,3,1,0,0,0,0,1,3,slightly_injured
2020,4,Wed,4,52.54877213,13.34839182,evening,20,daylight,0,dry,0,2,6,0,1,0,0,0,0,3,slightly_injured
2020,4,Fri,6,52.44556151,13.38569325,afternoon,12,daylight,0,dry,0,5,2,1,0,0,0,1,0,3,slightly_injured
2020,4,Mon,2,52.49044217,13.37074513,evening,18,daylight,0,dry,0,0,1,1,0,0,0,0,0,3,slightly_injured
2020,4,Thu,5,52.53636618,13.19123136,evening,18,daylight,0,dry,0,6,4,0,1,1,0,0,0,3,slightly_injured
2020,4,Mon,2,52.51095522,13.29154737,afternoon,14,daylight,0,dry,0,2,6,1,1,0,0,0,0,3,slightly_injured
2020,4,Wed,4,52.43121653,13.58474619,morning,9,daylight,0,dry,0,0,5,1,1,0,0,0,0,3,slightly_injured
2020,4,Mon,2,52.48358426,13.32018736,afternoon,14,daylight,0,dry,0,5,2,1,1,0,0,0,0,3,slightly_injured
2020,4,Wed,4,52.48509593,13.44890995,evening,19,daylight,0,dry,0,5,3,0,1,0,0,0,0,3,slightly_injured
2020,4,Sat,7,52.56541566,13.20921859,afternoon,14,daylight,0,dry,0,2,6,0,1,0,1,0,0,3,slightly_injured
2020,4,Thu,5,52.45228812,13.13741233,afternoon,13,daylight,0,dry,0,1,5,0,1,0,0,0,0,3,slightly_injured
2020,4,Tue,3,52.54105729,13.39356571,night,0,dark,2,dry,0,9,1,0,1,0,0,0,0,3,slightly_injured
2020,4,Sat,7,52.51877981,13.28617509,afternoon,13,daylight,0,dry,0,3,6,0,1,0,0,0,0,3,slightly_injured
2020,4,Wed,4,52.50787878,13.49700146,evening,19,daylight,0,dry,0,5,7,0,1,0,1,0,0,3,slightly_injured
2020,4,Mon,2,52.5687538,13.52069595,afternoon,15,daylight,0,dry,0,5,3,0,1,0,0,0,0,3,slightly_injured
2020,4,Wed,4,52.53037139,13.60337302,evening,19,daylight,0,dry,0,2,6,1,1,0,0,0,0,3,slightly_injured
2020,4,Sat,7,52.43984164,13.39209894,afternoon,13,daylight,0,dry,0,3,6,1,1,0,0,0,0,3,slightly_injured
2020,4,Wed,4,52.50392089,13.34026326,morning,7,daylight,0,dry,0,5,2,0,1,0,1,0,0,3,slightly_injured
2020,4,Sat,7,52.45767187,13.34871539,evening,20,dark,2,dry,0,1,6,0,1,0,0,0,1,2,seriously_injured
2020,4,Wed,4,52.53205613,13.39263048,evening,19,daylight,0,dry,0,0,1,1,0,0,0,0,0,3,slightly_injured
2020,4,Fri,6,52.42187197,13.36091773,afternoon,17,daylight,0,dry,0,6,7,1,0,1,0,0,0,3,slightly_injured
2020,4,Mon,2,52.49302309,13.42196317,evening,18,daylight,0,dry,0,0,1,1,0,0,0,0,0,3,slightly_injured
2020,4,Thu,5,52.48827004,13.42917418,afternoon,16,daylight,0,dry,0,5,3,1,1,0,0,0,0,3,slightly_injured
2020,4,Mon,2,52.55001835,13.17193158,morning,8,daylight,0,dry,0,5,7,1,1,0,0,0,0,2,seriously_injured
2020,4,Wed,4,52.51835767,13.40707253,afternoon,15,daylight,0,dry,0,5,2,1,1,0,0,0,0,2,seriously_injured
2020,4,Sun,1,52.5025098,13.46854574,afternoon,17,daylight,0,dry,0,0,7,1,0,1,0,0,0,3,slightly_injured
2020,4,Wed,4,52.52735653,13.21123914,evening,18,daylight,0,dry,0,5,2,1,1,0,0,0,0,2,seriously_injured
2020,4,Sat,7,52.4960726,13.29523152,evening,19,dusk,1,dry,0,0,7,1,1,0,0,0,0,3,slightly_injured
2020,4,Thu,5,52.5771964,13.29663444,evening,19,dusk,1,dry,0,0,1,1,0,0,0,0,0,3,slightly_injured
2020,4,Tue,3,52.6020069,13.32965771,morning,9,daylight,0,dry,0,5,2,0,1,0,0,0,0,3,slightly_injured
2020,4,Sat,7,52.56741328,13.44002264,afternoon,13,daylight,0,dry,0,0,1,1,0,0,0,0,0,2,seriously_injured
2020,4,Fri,6,52.51846591,13.27992628,afternoon,12,daylight,0,dry,0,6,2,0,0,1,0,1,0,1,killed
2020,4,Mon,2,52.43540202,13.54770652,afternoon,15,daylight,0,dry,0,1,5,1,1,0,0,0,0,2,seriously_injured
2020,4,Wed,4,52.4378354,13.44741763,evening,18,daylight,0,dry,0,5,3,0,1,0,0,0,0,3,slightly_injured
2020,4,Wed,4,52.53720283,13.4496563,afternoon,17,daylight,0,wet,1,0,2,1,1,0,0,0,0,3,slightly_injured
2020,4,Tue,3,52.48415611,13.5601329,evening,19,daylight,0,dry,0,2,6,0,1,0,1,0,0,3,slightly_injured
2020,4,Fri,6,52.56541541,13.20921845,afternoon,17,daylight,0,dry,0,5,2,1,1,0,0,0,0,3,slightly_injured
2020,4,Mon,2,52.59951904,13.30121759,afternoon,17,daylight,0,dry,0,5,3,0,1,0,1,0,0,3,slightly_injured
2020,4,Wed,4,52.50877781,13.54742963,morning,11,daylight,0,dry,0,5,3,1,1,0,0,0,0,3,slightly_injured
2020,4,Tue,3,52.49755873,13.30000181,morning,8,daylight,0,dry,0,5,2,1,1,0,0,0,0,3,slightly_injured
2020,4,Mon,2,52.46779508,13.48973983,afternoon,12,daylight,0,dry,0,5,2,1,1,0,0,0,0,3,slightly_injured
2020,4,Wed,4,52.43314361,13.55542715,afternoon,12,daylight,0,dry,0,5,2,1,1,0,0,0,0,3,slightly_injured
2020,4,Sun,1,52.58560071,13.33590345,afternoon,16,daylight,0,dry,0,0,1,0,0,0,1,0,0,3,slightly_injured
2020,4,Wed,4,52.52386245,13.32933685,evening,18,daylight,0,dry,0,3,6,0,1,0,1,0,0,2,seriously_injured
2020,4,Sat,7,52.5434413,13.44125587,morning,11,daylight,0,dry,0,6,2,0,1,1,0,0,0,3,slightly_injured
2020,4,Thu,5,52.45989909,13.52326811,evening,18,daylight,0,dry,0,0,1,1,0,0,0,0,0,2,seriously_injured
2020,4,Tue,3,52.47453301,13.4544564,evening,18,daylight,0,dry,0,3,6,1,1,0,0,0,0,3,slightly_injured
2020,4,Sat,7,52.5475888,13.34650317,afternoon,13,daylight,0,dry,0,5,7,0,1,0,0,0,1,3,slightly_injured
2020,4,Thu,5,52.56841633,13.44686714,afternoon,14,daylight,0,dry,0,5,3,1,1,0,0,0,0,2,seriously_injured
2020,4,Thu,5,52.48745495,13.37664288,morning,9,daylight,0,dry,0,2,6,1,1,0,0,0,0,3,slightly_injured
2020,4,Mon,2,52.550447,13.36926823,morning,11,daylight,0,dry,0,6,4,0,1,1,0,0,0,3,slightly_injured
2020,4,Wed,4,52.49431045,13.31513248,afternoon,17,daylight,0,dry,0,5,7,0,1,0,0,0,1,3,slightly_injured
2020,4,Wed,4,52.46807517,13.50469736,afternoon,17,daylight,0,wet,1,5,3,0,1,0,0,0,0,3,slightly_injured
2020,4,Mon,2,52.58307969,13.42859671,afternoon,17,daylight,0,dry,0,5,2,1,1,0,0,0,0,3,slightly_injured
2020,4,Wed,4,52.54949229,13.38642775,evening,18,daylight,0,dry,0,6,2,0,1,1,0,0,0,2,seriously_injured
2020,4,Sun,1,52.60997505,13.4740271,afternoon,12,daylight,0,dry,0,5,3,0,1,0,0,0,0,3,slightly_injured
2020,4,Sat,7,52.49837942,13.396056,night,0,dark,2,dry,0,5,3,1,1,0,0,0,0,3,slightly_injured
2020,4,Wed,4,52.49093328,13.39687898,afternoon,17,daylight,0,dry,0,3,6,1,0,0,0,0,0,3,slightly_injured
2020,4,Fri,6,52.57473146,13.37194995,afternoon,13,daylight,0,dry,0,5,5,0,1,0,1,0,0,3,slightly_injured
2020,4,Wed,4,52.47057382,13.44890129,afternoon,17,daylight,0,dry,0,1,5,1,1,0,0,0,0,3,slightly_injured
2020,4,Sun,1,52.43958194,13.22675796,evening,19,daylight,0,dry,0,5,3,1,1,0,0,0,0,3,slightly_injured
2020,4,Sun,1,52.48448644,13.28490139,afternoon,13,daylight,0,dry,0,2,7,0,1,0,1,0,0,2,seriously_injured
2020,4,Wed,4,52.55291638,13.42404401,afternoon,17,daylight,0,dry,0,6,2,0,1,1,0,0,0,3,slightly_injured
2020,4,Fri,6,52.52316817,13.48548705,evening,21,dark,2,dry,0,5,2,0,1,0,0,0,0,3,slightly_injured
2020,4,Tue,3,52.53858642,13.21356128,afternoon,15,daylight,0,dry,0,5,3,1,1,0,0,0,0,3,slightly_injured
2020,4,Sat,7,52.47256437,13.32086137,morning,11,daylight,0,dry,0,5,2,1,1,0,0,0,0,3,slightly_injured
2020,4,Thu,5,52.56221246,13.389463,morning,10,daylight,0,dry,0,2,6,0,1,0,0,1,0,3,slightly_injured
2020,4,Thu,5,52.49348495,13.40586629,afternoon,14,daylight,0,dry,0,5,3,1,0,0,0,0,1,3,slightly_injured
2020,4,Mon,2,52.5421351,13.3492359,morning,10,daylight,0,dry,0,6,2,0,0,1,0,0,1,3,slightly_injured
2020,4,Wed,4,52.58000789,13.42286008,evening,18,daylight,0,dry,0,0,1,1,0,0,0,0,0,3,slightly_injured
2020,4,Mon,2,52.52005878,13.17191559,afternoon,15,daylight,0,dry,0,0,5,0,1,0,0,0,0,3,slightly_injured
2020,4,Wed,4,52.54625465,13.35959054,afternoon,17,daylight,0,dry,0,2,7,1,1,0,0,0,0,3,slightly_injured
2020,4,Sun,1,52.50874073,13.21817542,afternoon,17,daylight,0,dry,0,5,2,0,0,0,1,0,0,2,seriously_injured
2020,4,Sat,7,52.52552414,13.40684737,afternoon,16,daylight,0,dry,0,0,1,1,0,0,0,0,0,2,seriously_injured
2020,4,Wed,4,52.49300247,13.38788102,afternoon,16,daylight,0,dry,0,5,3,0,1,0,0,0,0,3,slightly_injured
2020,4,Fri,6,52.55573891,13.4776133,morning,11,daylight,0,dry,0,5,2,1,1,0,0,0,0,3,slightly_injured
2020,4,Mon,2,52.59864907,13.38213213,evening,21,dark,2,dry,0,5,3,0,1,0,0,0,0,3,slightly_injured
2020,4,Thu,5,52.42269956,13.31289114,afternoon,17,daylight,0,dry,0,6,4,0,1,1,0,0,0,2,seriously_injured
2020,4,Tue,3,52.41389958,13.35209961,afternoon,13,daylight,0,dry,0,1,5,0,1,0,0,0,0,3,slightly_injured
2020,4,Thu,5,52.54643594,13.3439497,night,0,dark,2,dry,0,5,3,0,1,0,0,0,1,3,slightly_injured
2020,4,Thu,5,52.51231865,13.26768945,afternoon,12,daylight,0,dry,0,5,2,1,1,0,0,0,0,3,slightly_injured
2020,4,Mon,2,52.52649755,13.45411606,afternoon,13,daylight,0,dry,0,5,2,1,1,0,0,0,0,3,slightly_injured
2020,4,Wed,4,52.49920639,13.43042118,afternoon,17,daylight,0,wet,1,5,3,1,1,0,0,0,0,3,slightly_injured
2020,4,Mon,2,52.46014426,13.52270343,morning,7,daylight,0,dry,0,4,6,0,1,0,0,0,0,3,slightly_injured
2020,4,Wed,4,52.50314614,13.39499278,afternoon,16,daylight,0,dry,0,5,3,1,1,0,0,0,0,3,slightly_injured
2020,4,Sat,7,52.50698322,13.468368,afternoon,16,daylight,0,dry,0,2,6,1,1,0,0,0,0,3,slightly_injured
2020,4,Wed,4,52.45145045,13.37937413,morning,6,daylight,0,wet,1,1,5,1,1,0,0,0,0,2,seriously_injured
2020,4,Sat,7,52.49352495,13.38353891,morning,10,daylight,0,dry,0,5,2,1,1,0,0,0,0,3,slightly_injured
2020,4,Wed,4,52.53624551,13.39107771,afternoon,17,daylight,0,dry,0,5,3,1,1,0,0,0,0,3,slightly_injured
2020,4,Fri,6,52.51862503,13.27592283,evening,19,dusk,1,dry,0,5,3,1,1,0,0,0,0,3,slightly_injured
2020,4,Mon,2,52.40361298,13.50798708,evening,18,daylight,0,dry,0,5,3,0,1,0,0,0,0,3,slightly_injured
2020,4,Thu,5,52.49133443,13.34508337,afternoon,16,daylight,0,dry,0,5,7,0,1,0,0,0,0,3,slightly_injured
2020,4,Mon,2,52.49931222,13.30378028,afternoon,12,daylight,0,dry,0,5,3,1,1,0,0,0,0,3,slightly_injured
2020,4,Wed,4,52.51225478,13.61990866,afternoon,14,daylight,0,dry,0,5,3,0,1,0,0,0,0,3,slightly_injured
2020,4,Sun,1,52.50649048,13.4705787,evening,18,daylight,0,dry,0,3,6,0,1,0,1,0,0,3,slightly_injured
2020,4,Wed,4,52.53364301,13.19452059,afternoon,16,daylight,0,dry,0,5,2,1,1,0,0,0,0,3,slightly_injured
2020,4,Sat,7,52.52612497,13.16590482,afternoon,12,daylight,0,dry,0,5,3,0,1,0,0,0,0,2,seriously_injured
2020,4,Thu,5,52.43833038,13.34418017,afternoon,14,daylight,0,dry,0,2,6,0,1,0,0,0,0,3,slightly_injured
2020,4,Mon,2,52.52530405,13.16107956,morning,8,daylight,0,dry,0,5,3,1,1,0,0,0,0,3,slightly_injured
2020,4,Wed,4,52.53379804,13.28238668,afternoon,15,daylight,0,dry,0,5,2,0,1,0,0,0,1,3,slightly_injured
2020,4,Mon,2,52.5542785,13.53850139,evening,19,daylight,0,dry,0,5,3,0,1,0,1,0,0,2,seriously_injured
2020,4,Wed,4,52.48458882,13.34498633,afternoon,15,daylight,0,dry,0,5,2,1,1,0,0,0,0,3,slightly_injured