ujahr,umonat,weekday,uwochentag,long,lat,time_of_day,ustunde,light_condition,ulichtverh,street_condition,ustrzustand,uart,utyp1,ist_rad,ist_pkw,ist_fuss,ist_krad,ist_gkfz,ist_sonstige,ukategorie,accident_outcome
2020,4,Sat,7,52.53046799,13.40184718,afternoon,14,daylight,0,dry,0,5,7,1,1,0,0,0,0,3,slightly_injured
2020,4,Thu,5,52.5055014,13.49764672,morning,11,daylight,0,dry,0,5,3,0,1,0,0,0,0,3,slightly_injured
2020,4,Tue,3,52.54537057,13.370721,morning,11,daylight,0,dry,0,6,4,1,0,1,0,0,0,3,slightly_injured
2020,4,Fri,6,52.4645731,13.33892911,afternoon,16,daylight,0,dry,0,5,2,1,1,0,0,0,0,3,slightly_injured
2020,4,Fri,6,52.53824175,13.37298879,afternoon,17,daylight,0,dry,0,1,5,1,1,0,0,0,0,3,slightly_injured
2020,4,Mon,2,52.52353856,13.35716416,afternoon,16,daylight,0,dry,0,6,4,0,1,1,0,0,0,1,killed
2020,4,Wed,4,52.49523568,13.39769231,evening,19,daylight,0,wet,1,0,3,0,1,0,1,0,0,3,slightly_injured
2020,4,Thu,5,52.40896463,13.26732015,afternoon,16,daylight,0,dry,0,5,2,1,1,0,0,0,0,2,seriously_injured
2020,4,Tue,3,52.41845116,13.35184693,morning,8,daylight,0,dry,0,5,3,0,1,0,0,0,0,3,slightly_injured
2020,4,Sun,1,52.54568693,13.19454869,morning,11,daylight,0,dry,0,5,3,1,1,0,0,0,0,3,slightly_injured
2020,4,Sun,1,52.41190225,13.4029919,afternoon,17,daylight,0,dry,0,5,3,1,1,0,0,0,0,3,slightly_injured
2020,4,Wed,4,52.56986143,13.31127729,afternoon,16,daylight,0,dry,0,5,3,0,1,0,0,0,0,3,slightly_injured
2020,4,Sat,7,52.54667384,13.60351045,morning,7,daylight,0,dry,0,5,2,0,1,0,0,0,0,2,seriously_injured
2020,4,Thu,5,52.4268869,13.33119233,morning,10,daylight,0,dry,0,1,5,0,1,0,1,0,0,2,seriously_injured
2020,4,Tue,3,52.56633861,13.44782147,afternoon,16,daylight,0,dry,0,6,4,1,0,1,0,0,0,3,slightly_injured
2020,4,Fri,6,52.5288847,13.12444454,afternoon,13,daylight,0,dry,0,5,2,0,1,0,1,0,0,2,seriously_injured
2020,4,Thu,5,52.52822149,13.35275597,afternoon,13,daylight,0,wet,1,5,3,1,1,0,0,0,0,2,seriously_injured
2020,4,Thu,5,52.42090677,13.31106719,afternoon,16,daylight,0,dry,0,3,6,0,1,0,0,0,0,3,slightly_injured
2020,4,Thu,5,52.45818253,13.33070782,afternoon,14,daylight,0,dry,0,1,1,0,1,0,0,0,0,3,slightly_injured
2020,4,Mon,2,52.45275482,13.31297138,morning,10,daylight,0,dry,0,5,3,0,1,0,1,0,0,3,slightly_injured
2020,4,Tue,3,52.46132402,13.51897241,evening,20,dark,2,wet,1,0,1,1,0,0,0,0,0,3,slightly_injured
2020,4,Fri,6,52.56131177,13.53545256,afternoon,13,daylight,0,dry,0,5,3,0,1,0,0,0,0,3,slightly_injured
2020,4,Thu,5,52.53159445,13.46885485,afternoon,16,daylight,0,dry,0,0,4,1,0,1,0,0,0,3,slightly_injured
2020,4,Fri,6,52.48045292,13.42516754,evening,18,daylight,0,dry,0,2,6,0,1,0,0,0,0,3,slightly_injured
2020,4,Mon,2,52.50042777,13.42268231,afternoon,15,daylight,0,dry,0,5,3,0,1,0,0,0,0,2,seriously_injured
2020,4,Wed,4,52.49073563,13.43413963,afternoon,15,daylight,0,dry,0,1,5,0,1,0,0,0,0,2,seriously_injured
2020,4,Wed,4,52.44313312,13.31566716,afternoon,17,daylight,0,wet,1,2,2,0,1,0,1,0,0,3,slightly_injured
2020,4,Mon,2,52.50793268,13.61278291,afternoon,13,daylight,0,dry,0,0,7,1,0,0,0,0,0,3,slightly_injured
2020,4,Wed,4,52.49299481,13.38792265,afternoon,15,daylight,0,dry,0,5,3,1,1,0,0,0,0,3,slightly_injured
2020,4,Sun,1,52.5091664,13.40114851,evening,18,daylight,0,dry,0,5,2,0,1,0,1,0,0,2,seriously_injured
2020,4,Sat,7,52.50180902,13.47322131,evening,18,daylight,0,dry,0,2,6,0,1,0,1,0,0,3,slightly_injured
2020,4,Wed,4,52.50126225,13.52139628,afternoon,14,daylight,0,dry,0,2,6,0,1,0,0,0,0,3,slightly_injured
2020,4,Fri,6,52.4976285,13.2865793,afternoon,14,daylight,0,dry,0,1,5,1,1,0,0,0,0,2,seriously_injured
2020,4,Tue,3,52.55892655,13.35211325,afternoon,14,daylight,0,dry,0,2,6,1,0,0,0,0,0,3,slightly_injured
2020,4,Thu,5,52.49007828,13.3866186,morning,8,daylight,0,dry,0,5,2,1,0,0,0,0,1,2,seriously_injured
2020,4,Thu,5,52.54450345,13.39050612,evening,19,daylight,0,dry,0,6,4,0,1,1,0,0,0,3,slightly_injured
2020,4,Thu,5,52.45770856,13.37581084,afternoon,13,daylight,0,dry,0,5,2,0,1,0,1,0,0,3,slightly_injured
2020,4,Mon,2,52.54211552,13.34941835,morning,10,daylight,0,dry,0,5,3,0,1,0,0,0,0,3,slightly_injured
2020,4,Wed,4,52.45804357,13.49209755,evening,22,dark,2,wet,1,9,1,0,1,0,0,0,0,2,seriously_injured
2020,4,Mon,2,52.42931655,13.25983959,morning,8,daylight,0,dry,0,3,6,1,0,0,0,0,1,3,slightly_injured
2020,4,Wed,4,52.48112107,13.42497556,afternoon,14,daylight,0,dry,0,1,5,1,1,0,0,0,0,3,slightly_injured
2020,4,Sat,7,52.4934435,13.42730059,afternoon,15,daylight,0,dry,0,1,5,1,1,0,0,0,0,3,slightly_injured
2020,4,Wed,4,52.57538987,13.42086333,evening,18,daylight,0,dry,0,0,5,1,1,0,0,0,0,3,slightly_injured
2020,4,Mon,2,52.54337731,13.35672257,afternoon,16,daylight,0,dry,0,1,5,1,1,0,0,0,0,3,slightly_injured
2020,4,Wed,4,52.53163661,13.46951188,afternoon,13,daylight,0,dry,0,8,1,0,0,0,1,0,0,2,seriously_injured
2020,4,Sun,1,52.4815595,13.37983043,night,1,dark,2,dry,0,0,1,0,0,0,1,0,0,3,slightly_injured
2020,4,Sat,7,52.58130724,13.37551805,afternoon,17,daylight,0,dry,0,5,2,1,1,0,0,0,0,3,slightly_injured
2020,4,Wed,4,52.46585228,13.44702507,afternoon,13,daylight,0,dry,0,0,3,0,1,0,1,0,0,3,slightly_injured
2020,4,Fri,6,52.51462771,13.47789414,afternoon,12,daylight,0,dry,0,5,2,1,1,0,0,0,0,3,slightly_injured
2020,4,Mon,2,52.51010463,13.36506063,afternoon,12,daylight,0,dry,0,5,2,1,1,0,0,0,0,3,slightly_injured
2020,4,Thu,5,52.50552176,13.44676858,evening,20,dusk,1,dry,0,1,5,0,0,0,0,0,1,3,slightly_injured
2020,4,Thu,5,52.49742226,13.46464478,evening,18,daylight,0,dry,0,5,2,1,1,0,0,0,0,3,slightly_injured
2020,4,Thu,5,52.51737332,13.41822354,afternoon,17,daylight,0,dry,0,5,2,1,1,0,0,0,0,3,slightly_injured
2020,4,Mon,2,52.49895632,13.416887,morning,8,daylight,0,dry,0,3,6,1,1,0,0,0,0,2,seriously_injured
2020,4,Wed,4,52.53657845,13.37556711,afternoon,16,daylight,0,dry,0,1,5,1,1,0,0,0,0,3,slightly_injured
2020,4,Mon,2,52.52456318,13.36323677,afternoon,14,daylight,0,dry,0,2,2,0,1,0,0,0,0,2,seriously_injured
2020,4,Wed,4,52.55208031,13.41442081,afternoon,13,daylight,0,dry,0,5,2,1,0,0,0,0,1,3,slightly_injured
2020,4,Sat,7,52.56722084,13.50422891,afternoon,15,daylight,0,dry,0,5,3,0,1,0,0,0,0,3,slightly_injured
2020,4,Thu,5,52.4609039,13.48138677,morning,10,daylight,0,dry,0,5,3,1,1,0,0,0,0,3,slightly_injured
2020,4,Tue,3,52.44140545,13.59507525,evening,21,dark,2,dry,0,5,3,0,1,0,0,0,0,3,slightly_injured
2020,4,Fri,6,52.5652608,13.54022147,afternoon,13,daylight,0,dry,0,5,3,1,1,0,0,0,0,3,slightly_injured
2020,4,Wed,4,52.51976822,13.28012756,morning,11,daylight,0,dry,0,2,6,0,1,0,1,0,0,3,slightly_injured
2020,4,Fri,6,52.48181181,13.52552067,evening,18,daylight,0,dry,0,0,1,1,1,0,0,0,0,3,slightly_injured
2020,4,Mon,2,52.42411688,13.42883403,evening,18,daylight,0,dry,0,5,3,1,1,0,0,0,0,3,slightly_injured
2020,4,Thu,5,52.52601011,13.52194195,afternoon,17,daylight,0,dry,0,5,3,1,0,0,0,0,1,2,seriously_injured
2020,4,Wed,4,52.54234157,13.34974892,morning,9,daylight,0,dry,0,2,6,0,1,0,0,0,1,3,slightly_injured
2020,4,Sat,7,52.56265884,13.33060516,afternoon,14,daylight,0,dry,0,3,6,1,1,0,0,0,0,3,slightly_injured
2020,4,Wed,4,52.50260111,13.27866294,morning,11,daylight,0,dry,0,3,6,0,1,0,1,0,0,3,slightly_injured
2020,4,Fri,6,52.48183686,13.43354612,morning,10,daylight,0,dry,0,5,7,0,1,0,1,0,0,3,slightly_injured
2020,4,Mon,2,52.42850304,13.36188614,evening,19,daylight,0,dry,0,5,3,1,1,0,0,0,0,3,slightly_injured
2020,4,Thu,5,52.5429402,13.26169774,afternoon,17,daylight,0,dry,0,5,3,0,1,0,1,0,0,3,slightly_injured
2020,4,Mon,2,52.50252615,13.32488026,evening,22,dark,2,dry,0,0,1,1,0,0,0,0,0,3,slightly_injured
2020,4,Wed,4,52.48790852,13.60544335,afternoon,15,daylight,0,dry,0,5,3,1,1,0,0,0,0,2,seriously_injured
2020,4,Mon,2,52.43329824,13.30734656,evening,18,daylight,0,dry,0,5,2,0,1,0,0,0,0,2,seriously_injured
2020,4,Wed,4,52.55332943,13.15434124,morning,11,daylight,0,dry,0,2,6,0,1,0,0,0,0,3,slightly_injured
2020,4,Sat,7,52.61818414,13.48772357,afternoon,13,daylight,0,dry,0,5,2,1,1,0,0,0,0,3,slightly_injured
2020,4,Thu,5,52.51674949,13.30842564,morning,10,daylight,0,dry,0,5,2,1,1,0,0,0,0,3,slightly_injured
2020,4,Tue,3,52.5113037,13.28660305,morning,10,daylight,0,dry,0,5,3,1,0,0,1,0,0,3,slightly_injured
2020,4,Fri,6,52.5692,13.40152862,afternoon,12,daylight,0,dry,0,2,6,0,1,0,0,0,0,3,slightly_injured
2020,4,Thu,5,52.5728938,13.42027055,afternoon,16,daylight,0,dry,0,1,5,1,1,0,0,0,0,3,slightly_injured
2020,4,Fri,6,52.51917949,13.29624031,afternoon,15,daylight,0,dry,0,2,1,1,1,0,0,0,0,3,slightly_injured
2020,4,Mon,2,52.53236971,13.46292411,afternoon,15,daylight,0,dry,0,5,3,0,1,0,1,0,0,2,seriously_injured
2020,4,Wed,4,52.55585726,13.53143479,afternoon,17,daylight,0,wet,1,0,1,0,0,0,1,0,0,2,seriously_injured
2020,4,Thu,5,52.57547854,13.3310019,evening,18,daylight,0,dry,0,2,7,0,1,0,1,0,0,3,slightly_injured
2020,4,Tue,3,52.42637218,13.52870239,morning,6,daylight,0,dry,0,2,2,0,1,0,0,0,1,3,slightly_injured
2020,4,Sun,1,52.54795407,13.37067982,afternoon,13,daylight,0,dry,0,0,7,1,1,0,0,0,0,3,slightly_injured
2020,4,Sun,1,52.59238456,13.39847097,afternoon,13,daylight,0,dry,0,5,3,0,1,0,0,0,0,3,slightly_injured
2020,4,Tue,3,52.51399722,13.43962612,morning,10,daylight,0,dry,0,0,1,1,0,0,0,0,0,3,slightly_injured
2020,4,Mon,2,52.50327789,13.2955605,afternoon,12,daylight,0,dry,0,2,6,0,1,0,0,1,0,3,slightly_injured
2020,4,Wed,4,52.52352155,13.37959046,afternoon,12,daylight,0,dry,0,0,3,0,1,0,0,0,1,3,slightly_injured
2020,4,Sun,1,52.55475732,13.37619858,afternoon,16,daylight,0,dry,0,2,6,0,1,0,0,0,0,3,slightly_injured
2020,4,Wed,4,52.42396568,13.57550284,morning,10,daylight,0,dry,0,0,1,1,0,0,0,0,0,2,seriously_injured
2020,4,Sat,7,52.50554339,13.35371931,evening,18,daylight,0,dry,0,5,3,1,1,0,0,0,0,3,slightly_injured
2020,4,Thu,5,52.51542781,13.41807981,morning,9,daylight,0,dry,0,5,2,1,1,0,0,0,0,3,slightly_injured
2020,4,Tue,3,52.51205038,13.44335512,evening,19,daylight,0,dry,0,6,4,1,0,1,0,0,0,3,slightly_injured
2020,4,Fri,6,52.52951427,13.37940107,afternoon,12,daylight,0,dry,0,3,6,1,1,0,0,0,0,3,slightly_injured
2020,4,Thu,5,52.56398771,13.32765362,afternoon,16,daylight,0,dry,0,5,2,1,0,0,0,0,1,3,slightly_injured
2020,4,Mon,2,52.51980101,13.27104497,afternoon,14,daylight,0,dry,0,5,2,1,0,0,0,0,0,3,slightly_injured
2020,4,Wed,4,52.56524166,13.54028097,morning,9,daylight,0,dry,0,5,3,1,1,0,0,0,0,3,slightly_injured
2020,4,Wed,4,52.48848652,13.30201909,night,5,daylight,0,wet,1,2,2,0,1,0,1,0,0,3,slightly_injured
2020,4,Mon,2,52.43590224,13.35206497,evening,18,daylight,0,dry,0,1,3,1,1,0,0,0,0,3,slightly_injured
2020,4,Wed,4,52.50962635,13.37679208,morning,7,daylight,0,dry,0,5,2,1,1,0,0,0,0,3,slightly_injured
2020,4,Sun,1,52.51543786,13.41808246,afternoon,13,daylight,0,dry,0,5,2,0,1,0,0,0,0,3,slightly_injured
2020,4,Sat,7,52.45599601,13.38509395,night,3,dark,2,dry,0,0,1,1,0,0,0,0,0,3,slightly_injured
2020,4,Wed,4,52.51571817,13.42669313,morning,7,daylight,0,dry,0,5,2,0,1,0,1,0,0,3,slightly_injured
2020,4,Fri,6,52.44501737,13.37411616,afternoon,13,daylight,0,dry,0,6,2,0,1,1,0,0,0,3,slightly_injured
2020,4,Tue,3,52.48256067,13.28123602,afternoon,14,daylight,0,dry,0,2,7,0,1,1,0,0,0,3,slightly_injured
2020,4,Thu,5,52.48733065,13.39236808,morning,7,daylight,0,wet,1,0,7,0,0,0,1,1,0,3,slightly_injured
2020,4,Thu,5,52.58968759,13.33411751,evening,18,daylight,0,dry,0,5,2,1,1,0,0,0,0,3,slightly_injured
2020,4,Thu,5,52.45195816,13.41838841,afternoon,12,daylight,0,dry,0,0,1,1,0,0,0,0,0,3,slightly_injured
2020,4,Tue,3,52.63850899,13.50106493,afternoon,14,daylight,0,dry,0,0,6,1,0,0,0,0,1,3,slightly_injured
2020,4,Fri,6,52.44544144,13.3407105,afternoon,12,daylight,0,dry,0,2,3,1,0,0,0,0,0,3,slightly_injured
2020,4,Tue,3,52.55522563,13.38948594,afternoon,16,daylight,0,dry,0,5,3,1,1,0,0,0,0,3,slightly_injured
2020,4,Fri,6,52.51576374,13.2875876,afternoon,12,daylight,0,dry,0,5,2,1,1,0,0,0,0,3,slightly_injured
2020,4,Thu,5,52.46035533,13.15464017,afternoon,12,daylight,0,wet,1,5,2,1,1,0,0,0,0,3,slightly_injured
2020,4,Thu,5,52.52005529,13.37202411,afternoon,13,daylight,0,dry,0,9,1,0,0,0,1,0,0,2,seriously_injured
2020,4,Mon,2,52.57728785,13.307653,afternoon,14,daylight,0,dry,0,5,3,0,1,0,1,0,0,3,slightly_injured
2020,4,Wed,4,52.47193066,13.38579685,evening,18,daylight,0,wet,1,5,2,1,0,0,0,0,1,3,slightly_injured
2020,4,Mon,2,52.44656935,13.29307749,afternoon,15,daylight,0,dry,0,5,2,1,1,0,0,0,0,3,slightly_injured
2020,4,Tue,3,52.58213995,13.4241096,evening,19,daylight,0,dry,0,1,5,1,1,0,0,0,0,3,slightly_injured
2020,4,Sun,1,52.47704768,13.28072289,afternoon,17,daylight,0,dry,0,2,6,0,1,0,0,0,0,3,slightly_injured
2020,4,Sat,7,52.52463595,13.19737472,afternoon,17,daylight,0,dry,0,1,5,1,1,0,0,0,0,3,slightly_injured
2020,4,Tue,3,52.42106739,13.3348868,evening,18,daylight,0,dry,0,5,3,1,1,0,0,0,0,2,seriously_injured
2020,4,Fri,6,52.56490563,13.5413258,morning,11,daylight,0,dry,0,5,7,0,1,0,0,0,0,3,slightly_injured
2020,4,Mon,2,52.4444693,13.5735233,evening,21,dark,2,dry,0,0,1,0,0,0,1,0,0,2,seriously_injured
2020,4,Thu,5,52.50703345,13.37929592,afternoon,17,daylight,0,dry,0,5,3,1,1,0,0,0,0,3,slightly_injured
2020,4,Mon,2,52.52452892,13.24754284,morning,8,daylight,0,dry,0,5,2,1,0,0,0,1,0,3,slightly_injured
2020,4,Wed,4,52.52926725,13.29643614,afternoon,16,daylight,0,dry,0,5,2,0,1,0,0,0,0,3,slightly_injured
2020,4,Mon,2,52.53451884,13.50231352,evening,20,dusk,1,dry,0,3,6,0,1,0,1,0,0,2,seriously_injured
2020,4,Tue,3,52.5653181,13.54012842,evening,18,daylight,0,dry,0,2,2,0,1,0,1,0,0,3,slightly_injured
2020,4,Mon,2,52.43396909,13.43510426,morning,9,daylight,0,dry,0,5,2,1,1,0,0,0,0,3,slightly_injured
2020,4,Wed,4,52.44974531,13.34966188,evening,21,dark,2,dry,0,5,3,0,1,0,0,0,0,3,slightly_injured
2020,4,Mon,2,52.60451429,13.32642666,afternoon,15,daylight,0,dry,0,2,2,0,1,0,0,0,0,3,slightly_injured
2020,4,Tue,3,52.41961682,13.30682483,evening,18,daylight,0,dry,0,5,7,0,1,0,0,0,1,3,slightly_injured
2020,4,Sat,7,52.39376811,13.40676857,evening,21,dark,2,dry,0,5,2,0,1,0,0,0,0,2,seriously_injured
2020,4,Wed,4,52.48184669,13.34020479,morning,7,daylight,0,wet,1,1,5,1,1,0,0,0,0,3,slightly_injured
2020,4,Fri,6,52.43435288,13.53110264,morning,10,daylight,0,dry,0,5,7,0,1,0,1,0,0,3,slightly_injured
2020,4,Tue,3,52.45908575,13.34751224,afternoon,17,daylight,0,dry,0,5,3,1,1,0,0,0,0,2,seriously_injured
2020,4,Fri,6,52.55330872,13.35301592,evening,19,daylight,0,dry,0,5,2,1,1,0,0,0,0,3,slightly_injured
2020,4,Mon,2,52.55430076,13.40252371,evening,18,daylight,0,dry,0,5,2,1,1,0,0,0,0,3,slightly_injured
2020,4,Thu,5,52.57332125,13.56745189,afternoon,16,daylight,0,wet,1,5,3,1,1,0,0,0,0,3,slightly_injured
2020,4,Thu,5,52.5463605,13.19967186,afternoon,17,daylight,0,dry,0,1,5,0,1,0,0,0,0,2,seriously_injured
2020,4,Mon,2,52.57065778,13.31785325,afternoon,12,daylight,0,dry,0,1,5,0,1,0,1,0,0,3,slightly_injured
2020,4,Wed,4,52.43459131,13.26021981,afternoon,14,daylight,0,dry,0,1,5,1,1,0,0,0,0,3,slightly_injured
2020,4,Sun,1,52.43129403,13.30963073,evening,21,dark,2,dry,0,5,2,0,1,0,0,0,0,2,seriously_injured
2020,4,Tue,3,52.49498273,13.28570752,afternoon,17,daylight,0,dry,0,2,6,0,1,0,0,0,0,3,slightly_injured
2020,4,Sat,7,52.49977559,13.32701328,afternoon,12,daylight,0,dry,0,1,5,1,1,0,0,0,0,3,slightly_injured
2020,4,Thu,5,52.49521096,13.5785742,morning,7,daylight,0,dry,0,4,6,1,1,0,0,0,0,3,slightly_injured
2020,4,Tue,3,52.50863599,13.45057343,evening,22,dark,2,dry,0,6,2,0,0,1,0,0,1,3,slightly_injured
2020,4,Fri,6,52.48897325,13.40866734,morning,9,daylight,0,dry,0,3,6,1,0,0,0,0,0,3,slightly_injured
2020,4,Fri,6,52.53194159,13.32849184,afternoon,17,daylight,0,dry,0,2,6,0,1,0,0,0,0,3,slightly_injured
2020,4,Sat,7,52.45167693,13.59335939,afternoon,14,daylight,0,dry,0,5,2,1,1,0,0,0,0,3,slightly_injured
2020,4,Thu,5,52.41296915,13.35873123,morning,7,daylight,0,dry,0,5,2,1,1,0,0,0,0,3,slightly_injured
2020,4,Tue,3,52.47470036,13.35141894,afternoon,12,daylight,0,dry,0,2,6,0,1,0,1,0,0,2,seriously_injured
2020,4,Fri,6,52.54727605,13.44104339,morning,8,daylight,0,dry,0,6,4,0,1,1,0,0,0,2,seriously_injured
2020,4,Fri,6,52.50961856,13.35163648,afternoon,17,daylight,0,dry,0,5,3,1,1,0,0,0,0,3,slightly_injured
2020,4,Mon,2,52.56134606,13.37230729,afternoon,17,daylight,0,dry,0,5,3,1,1,0,0,0,0,3,slightly_injured
2020,4,Wed,4,52.53338379,13.48501299,morning,10,daylight,0,dry,0,0,2,1,0,0,0,0,1,3,slightly_injured
2020,4,Tue,3,52.53061244,13.39117763,morning,8,daylight,0,dry,0,0,7,0,1,0,0,0,1,3,slightly_injured
2020,4,Sun,1,52.47336944,13.48109553,evening,22,dark,2,dry,0,1,5,0,1,0,0,0,0,3,slightly_injured
2020,4,Wed,4,52.43136391,13.30984615,morning,11,daylight,0,dry,0,5,2,0,1,0,0,0,1,3,slightly_injured
2020,4,Sun,1,52.50970373,13.51914221,evening,18,daylight,0,dry,0,5,3,0,1,0,1,0,0,3,slightly_injured
2020,4,Tue,3,52.58804464,13.33991821,afternoon,16,daylight,0,dry,0,5,2,0,1,0,1,0,0,3,slightly_injured
2020,4,Sat,7,52.5720567,13.42881723,morning,9,daylight,0,dry,0,5,2,0,1,0,0,0,0,3,slightly_injured
2020,4,Wed,4,52.49668915,13.41948964,afternoon,14,daylight,0,dry,0,0,7,1,0,0,0,0,0,3,slightly_injured
2020,4,Tue,3,52.50698049,13.47852468,afternoon,17,daylight,0,dry,0,5,2,1,1,0,0,0,0,3,slightly_injured
2020,4,Fri,6,52.53399598,13.49650304,morning,8,daylight,0,dry,0,5,3,1,1,0,0,0,0,3,slightly_injured
2020,4,Thu,5,52.52227509,13.37727416,afternoon,14,daylight,0,dry,0,5,3,0,1,0,0,0,1,3,slightly_injured
2020,4,Thu,5,52.51755913,13.30640374,afternoon,17,daylight,0,dry,0,5,2,0,1,0,1,0,0,3,slightly_injured
2020,4,Mon,2,52.49353296,13.42787435,morning,11,daylight,0,dry,0,5,2,1,1,0,0,0,0,3,slightly_injured
2020,4,Wed,4,52.54855294,13.21814888,evening,18,dusk,1,wet,1,2,6,0,1,0,0,0,0,3,slightly_injured
2020,4,Mon,2,52.47688125,13.46634598,afternoon,17,daylight,0,dry,0,6,4,0,1,1,0,0,0,3,slightly_injured
2020,4,Tue,3,52.57527733,13.34157429,afternoon,16,daylight,0,dry,0,3,6,0,1,0,1,0,0,3,slightly_injured
2020,4,Sun,1,52.48431798,13.3530071,night,1,dark,2,dry,0,9,1,0,1,0,0,0,0,3,slightly_injured
2020,4,Mon,2,52.5142146,13.26713043,afternoon,15,daylight,0,dry,0,6,4,0,1,1,0,0,0,3,slightly_injured
2020,4,Tue,3,52.51370948,13.52578787,afternoon,16,daylight,0,dry,0,1,5,0,1,0,0,0,1,3,slightly_injured
2020,4,Wed,4,52.59590839,13.38995588,afternoon,17,daylight,0,wet,1,5,2,0,1,0,1,0,0,3,slightly_injured
2020,4,Tue,3,52.60678994,13.42163386,morning,6,daylight,0,dry,0,9,1,0,1,0,0,0,0,3,slightly_injured
2020,4,Tue,3,52.51431237,13.56306475,afternoon,16,daylight,0,dry,0,0,3,0,0,0,1,0,1,2,seriously_injured
2020,4,Sun,1,52.4668496,13.46295799,evening,19,daylight,0,dry,0,6,7,0,0,1,1,0,0,2,seriously_injured
2020,4,Sun,1,52.51873228,13.40788416,night,2,dark,2,dry,0,0,1,1,0,0,0,0,0,3,slightly_injured
2020,4,Tue,3,52.44031954,13.43469382,afternoon,16,daylight,0,dry,0,5,2,1,1,0,0,1,0,3,slightly_injured
2020,4,Fri,6,52.460829,13.44984916,morning,7,daylight,0,dry,0,5,3,1,1,0,0,0,0,3,slightly_injured
2020,4,Tue,3,52.54496929,13.39072114,afternoon,15,daylight,0,dry,0,2,6,0,1,0,0,0,0,3,slightly_injured
2020,4,Fri,6,52.54632263,13.44948772,morning,8,daylight,0,dry,0,0,1,1,0,0,0,0,0,3,slightly_injured
2020,4,Thu,5,52.54399383,13.49235603,morning,9,daylight,0,dry,0,0,1,1,0,0,0,0,0,3,slightly_injured
2020,4,Thu,5,52.52974719,13.40123284,afternoon,13,daylight,0,dry,0,3,6,1,1,0,0,0,0,3,slightly_injured
2020,4,Mon,2,52.49327722,13.39314122,afternoon,14,daylight,0,dry,0,3,5,0,1,0,1,0,0,3,slightly_injured
2020,4,Wed,4,52.50550677,13.35165512,afternoon,14,daylight,0,dry,0,2,3,0,1,0,1,0,0,3,slightly_injured
2020,4,Mon,2,52.51546372,13.41809084,morning,10,daylight,0,dry,0,5,2,0,1,0,0,0,0,3,slightly_injured
2020,4,Tue,3,52.49204258,13.39282112,afternoon,15,daylight,0,dry,0,5,3,1,0,0,1,0,0,2,seriously_injured
2020,4,Sun,1,52.4785782,13.33038941,afternoon,15,daylight,0,dry,0,5,3,0,1,0,1,0,0,2,seriously_injured
2020,4,Sat,7,52.54310191,13.24059968,afternoon,14,daylight,0,dry,0,2,6,0,1,0,1,0,1,3,slightly_injured
2020,4,Tue,3,52.49265632,13.3709044,afternoon,15,daylight,0,dry,0,5,2,1,1,0,0,0,0,3,slightly_injured
2020,4,Fri,6,52.50090328,13.4422631,morning,10,daylight,0,dry,0,5,2,1,0,0,0,0,1,3,slightly_injured
2020,4,Sat,7,52.54272086,13.33440856,afternoon,16,daylight,0,dry,0,1,5,1,1,0,0,0,0,3,slightly_injured
2020,4,Tue,3,52.43165899,13.49529434,afternoon,15,daylight,0,dry,0,5,2,0,1,0,0,0,1,3,slightly_injured
2020,4,Fri,6,52.56795618,13.31042136,afternoon,13,daylight,0,dry,0,5,2,1,0,0,0,1,0,3,slightly_injured
2020,4,Tue,3,52.49071216,13.45147156,evening,19,daylight,0,dry,0,1,5,1,0,0,0,0,1,3,slightly_injured
2020,4,Thu,5,52.48806789,13.43790897,evening,20,dusk,1,wet,1,3,6,1,0,0,0,0,0,3,slightly_injured
2020,4,Thu,5,52.43554732,13.28077052,morning,11,daylight,0,dry,0,5,3,1,0,0,0,0,1,3,slightly_injured
2020,4,Mon,2,52.40764517,13.37806749,afternoon,14,daylight,0,dry,0,5,3,0,1,0,0,0,0,3,slightly_injured
2020,4,Wed,4,52.46864047,13.31340353,morning,7,daylight,0,dry,0,6,2,0,1,1,0,0,0,3,slightly_injured
2020,4,Mon,2,52.46909421,13.49130077,evening,20,dusk,1,dry,0,5,2,0,1,0,0,0,0,3,slightly_injured
2020,4,Tue,3,52.47940504,13.4399171,afternoon,15,daylight,0,dry,0,1,5,0,1,0,0,0,0,3,slightly_injured
2020,4,Sat,7,52.41819722,13.14774073,afternoon,16,daylight,0,dry,0,0,1,0,0,0,1,0,0,3,slightly_injured
2020,4,Tue,3,52.53267036,13.29449155,morning,8,daylight,0,dry,0,3,6,0,1,0,0,0,0,3,slightly_injured
2020,4,Fri,6,52.50060911,13.33178286,morning,8,daylight,0,dry,0,5,3,1,1,0,0,0,0,3,slightly_injured
2020,4,Tue,3,52.57672347,13.31401705,afternoon,14,daylight,0,dry,0,5,2,1,0,0,0,0,1,3,slightly_injured
2020,4,Fri,6,52.51907962,13.29077796,evening,18,daylight,0,dry,0,1,5,0,1,0,1,0,0,3,slightly_injured