ujahr,umonat,weekday,uwochentag,long,lat,time_of_day,ustunde,light_condition,ulichtverh,street_condition,ustrzustand,uart,utyp1,ist_rad,ist_pkw,ist_fuss,ist_krad,ist_gkfz,ist_sonstige,ukategorie,accident_outcome
2020,4,Mon,2,52.47994346,13.42403776,afternoon,17,daylight,0,dry,0,2,7,0,1,0,1,0,0,3,slightly_injured
2020,4,Thu,5,52.5201351,13.4697061,afternoon,16,daylight,0,dry,0,5,3,1,1,0,0,0,0,3,slightly_injured
2020,4,Tue,3,52.50099492,13.49295154,morning,11,daylight,0,dry,0,2,2,0,1,0,0,0,0,3,slightly_injured
2020,4,Mon,2,52.46605222,13.47104024,afternoon,12,daylight,0,dry,0,5,2,0,1,0,0,0,0,3,slightly_injured
2020,4,Wed,4,52.46528676,13.32870852,afternoon,13,daylight,0,dry,0,2,6,1,1,0,0,0,0,3,slightly_injured
2020,4,Mon,2,52.5163682,13.38087932,evening,19,daylight,0,dry,0,2,2,1,1,0,0,0,0,3,slightly_injured
2020,4,Thu,5,52.45706902,13.35792658,afternoon,17,daylight,0,dry,0,8,1,1,0,0,0,0,0,2,seriously_injured
2020,4,Mon,2,52.51306164,13.28828553,morning,8,daylight,0,dry,0,0,2,1,1,0,0,0,0,3,slightly_injured
2020,4,Wed,4,52.54676038,13.44221891,afternoon,15,daylight,0,dry,0,5,3,0,1,0,1,0,0,3,slightly_injured
2020,4,Mon,2,52.43822416,13.44730336,evening,18,daylight,0,dry,0,1,5,0,1,0,0,0,0,3,slightly_injured
2020,4,Tue,3,52.49691726,13.4204761,afternoon,12,daylight,0,dry,0,1,5,1,1,0,0,0,0,3,slightly_injured
2020,4,Sat,7,52.59566208,13.3362631,afternoon,13,daylight,0,dry,0,0,2,0,1,0,0,0,1,3,slightly_injured
2020,4,Wed,4,52.45235019,13.42375955,afternoon,12,daylight,0,dry,0,0,2,1,1,0,0,0,0,3,slightly_injured
2020,4,Tue,3,52.4438555,13.57858982,morning,10,daylight,0,dry,0,2,6,0,1,0,0,0,0,3,slightly_injured
2020,4,Fri,6,52.48857102,13.30792125,morning,8,daylight,0,dry,0,5,2,0,1,0,0,0,0,3,slightly_injured
2020,4,Thu,5,52.52452701,13.34992669,afternoon,15,daylight,0,dry,0,4,6,1,0,0,0,0,0,3,slightly_injured
2020,4,Fri,6,52.41038111,13.32222301,morning,8,daylight,0,dry,0,2,6,0,1,0,0,0,0,3,slightly_injured
2020,4,Mon,2,52.51810314,13.38043596,afternoon,16,daylight,0,dry,0,5,2,1,1,0,0,0,0,3,slightly_injured
2020,4,Wed,4,52.43543376,13.19248267,afternoon,17,daylight,0,wet,1,0,1,1,0,0,0,0,0,3,slightly_injured
2020,4,Thu,5,52.43634943,13.56138629,afternoon,15,daylight,0,dry,0,5,2,1,1,0,0,0,0,3,slightly_injured
2020,4,Tue,3,52.48888271,13.45408692,evening,19,daylight,0,dry,0,2,2,1,1,0,0,0,0,3,slightly_injured
2020,4,Sun,1,52.44393215,13.40873284,morning,10,daylight,0,dry,0,0,1,1,0,0,0,0,0,3,slightly_injured
2020,4,Sun,1,52.48855137,13.39442619,evening,18,daylight,0,dry,0,0,1,1,0,0,0,0,0,3,slightly_injured
2020,4,Tue,3,52.61080069,13.33498817,afternoon,12,daylight,0,dry,0,1,5,0,1,0,0,0,0,3,slightly_injured
2020,4,Fri,6,52.47614375,13.44745018,evening,21,dark,2,dry,0,5,2,1,1,0,0,0,0,3,slightly_injured
2020,4,Fri,6,52.46396269,13.34125544,morning,7,daylight,0,dry,0,5,7,0,1,0,0,0,0,3,slightly_injured
2020,4,Tue,3,52.55790704,13.51565956,afternoon,16,daylight,0,dry,0,5,7,1,0,0,0,0,1,3,slightly_injured
2020,5,Sun,1,52.5061661,13.42595226,afternoon,16,daylight,0,dry,0,6,4,1,0,1,0,0,0,3,slightly_injured
2020,5,Sat,7,52.45621385,13.37817723,evening,19,daylight,0,dry,0,5,3,0,1,0,0,0,0,2,seriously_injured
2020,5,Fri,6,52.51307412,13.1829975,afternoon,12,daylight,0,dry,0,2,6,0,1,0,0,0,0,3,slightly_injured
2020,5,Mon,2,52.51109932,13.4609147,afternoon,17,daylight,0,wet,1,5,3,0,1,0,0,0,0,3,slightly_injured
2020,5,Mon,2,52.45574848,13.57707693,morning,9,daylight,0,wet,1,5,3,1,1,0,0,0,0,3,slightly_injured
2020,5,Fri,6,52.58949927,13.34543723,morning,8,daylight,0,dry,0,0,1,0,1,0,0,0,0,3,slightly_injured
2020,5,Fri,6,52.54322377,13.35597618,afternoon,13,daylight,0,dry,0,5,3,0,0,0,1,0,1,3,slightly_injured
2020,5,Fri,6,52.51573788,13.39078051,night,2,dark,2,dry,0,5,3,0,1,0,0,0,1,3,slightly_injured
2020,5,Thu,5,52.52511443,13.40652554,evening,20,dusk,1,dry,0,0,1,1,0,0,0,0,0,3,slightly_injured
2020,5,Sun,1,52.46166986,13.42034624,afternoon,13,daylight,0,dry,0,0,2,1,1,0,0,0,0,3,slightly_injured
2020,5,Wed,4,52.54423026,13.49273056,afternoon,16,daylight,0,dry,0,0,1,1,0,0,0,0,0,3,slightly_injured
2020,5,Sun,1,52.54185887,13.60781545,afternoon,15,daylight,0,dry,0,0,7,0,0,1,1,0,0,3,slightly_injured
2020,5,Thu,5,52.47053884,13.44810533,morning,8,daylight,0,dry,0,5,3,0,1,0,1,0,0,2,seriously_injured
2020,5,Tue,3,52.43066088,13.72613806,afternoon,15,daylight,0,dry,0,7,7,0,1,0,0,0,0,3,slightly_injured
2020,5,Sun,1,52.49200858,13.35318372,evening,20,daylight,0,wet,1,5,3,0,1,0,0,0,0,3,slightly_injured
2020,5,Fri,6,52.44114916,13.38123141,afternoon,17,daylight,0,dry,0,0,7,1,0,0,0,0,0,2,seriously_injured
2020,5,Thu,5,52.56223481,13.499461,morning,11,daylight,0,dry,0,6,4,0,1,1,0,0,0,3,slightly_injured
2020,5,Thu,5,52.50664282,13.48537882,evening,20,daylight,0,dry,0,5,3,1,1,0,0,0,0,3,slightly_injured
2020,5,Thu,5,52.49945012,13.43007341,afternoon,17,daylight,0,dry,0,0,1,1,0,0,0,0,0,3,slightly_injured
2020,5,Thu,5,52.56435185,13.32670809,afternoon,17,daylight,0,dry,0,2,6,0,1,0,0,0,0,3,slightly_injured
2020,5,Thu,5,52.63347188,13.49896704,afternoon,17,daylight,0,dry,0,5,3,1,1,0,0,0,0,3,slightly_injured
2020,5,Wed,4,52.54139925,13.33392184,afternoon,13,daylight,0,dry,0,5,3,1,1,0,0,0,0,3,slightly_injured
2020,5,Fri,6,52.42549651,13.30288779,morning,10,daylight,0,dry,0,2,2,0,1,0,0,0,0,3,slightly_injured
2020,5,Thu,5,52.42993837,13.33345502,afternoon,16,daylight,0,dry,0,5,2,1,1,0,0,0,0,3,slightly_injured
2020,5,Thu,5,52.51810989,13.38043476,afternoon,16,daylight,0,dry,0,5,2,1,1,0,0,0,0,3,slightly_injured
2020,5,Wed,4,52.49039333,13.32301538,afternoon,16,daylight,0,dry,0,5,7,0,1,0,1,0,0,3,slightly_injured
2020,5,Sun,1,52.5381496,13.42022556,evening,19,daylight,0,wet,1,5,3,0,1,0,0,0,0,3,slightly_injured
2020,5,Thu,5,52.48695075,13.42805842,afternoon,15,daylight,0,dry,0,5,2,0,1,0,0,0,1,3,slightly_injured
2020,5,Tue,3,52.4810257,13.34287581,morning,9,daylight,0,dry,0,2,6,1,1,0,0,0,0,3,slightly_injured
2020,5,Sun,1,52.5151692,13.35112182,evening,19,daylight,0,wet,1,2,2,0,1,0,0,0,0,3,slightly_injured
2020,5,Fri,6,52.44979442,13.25516561,morning,8,daylight,0,dry,0,0,3,0,0,0,0,0,1,3,slightly_injured
2020,5,Thu,5,52.40597108,13.52443095,afternoon,15,daylight,0,dry,0,2,6,0,1,0,1,0,0,3,slightly_injured
2020,5,Thu,5,52.52429279,13.35181663,afternoon,15,daylight,0,dry,0,2,6,0,1,0,1,0,0,3,slightly_injured
2020,5,Thu,5,52.53377737,13.2839023,afternoon,15,daylight,0,dry,0,3,6,0,1,0,1,0,0,2,seriously_injured
2020,5,Thu,5,52.55513748,13.22579208,afternoon,15,daylight,0,dry,0,5,2,0,1,0,0,0,0,3,slightly_injured
2020,5,Wed,4,52.55879596,13.227699,afternoon,12,daylight,0,dry,0,5,3,0,1,0,0,0,0,3,slightly_injured
2020,5,Sun,1,52.46343018,13.40321532,evening,18,daylight,0,wet,1,5,3,0,1,0,0,0,0,3,slightly_injured
2020,5,Sun,1,52.51283818,13.46560404,afternoon,13,daylight,0,dry,0,4,6,1,1,0,0,0,1,3,slightly_injured
2020,5,Thu,5,52.42468336,13.54432952,afternoon,14,daylight,0,dry,0,5,3,1,1,0,0,0,0,3,slightly_injured
2020,5,Mon,2,52.50767802,13.39015547,afternoon,17,daylight,0,wet,1,6,4,0,1,1,0,0,0,2,seriously_injured
2020,5,Mon,2,52.49976462,13.36266211,afternoon,13,daylight,0,wet,1,5,2,0,1,1,0,0,0,3,slightly_injured
2020,5,Thu,5,52.45998714,13.37654716,afternoon,13,daylight,0,dry,0,5,3,1,1,0,0,0,0,3,slightly_injured
2020,5,Sun,1,52.57916507,13.29957117,afternoon,17,daylight,0,dry,0,5,7,0,1,0,0,0,0,3,slightly_injured
2020,5,Fri,6,52.39247448,13.56952794,afternoon,14,daylight,0,dry,0,5,3,0,1,0,0,0,0,3,slightly_injured
2020,5,Sun,1,52.51557416,13.4696429,afternoon,17,daylight,0,dry,0,1,5,1,1,0,0,0,0,3,slightly_injured
2020,5,Sun,1,52.54750522,13.25025586,afternoon,15,daylight,0,dry,0,3,6,1,0,0,0,0,0,3,slightly_injured
2020,5,Thu,5,52.60285138,13.40207422,evening,20,dark,2,dry,0,5,2,0,1,0,0,0,0,3,slightly_injured
2020,5,Tue,3,52.47418478,13.42772296,night,0,dark,2,dry,0,1,5,0,1,0,0,0,0,3,slightly_injured
2020,5,Thu,5,52.52885314,13.56585567,evening,19,daylight,0,dry,0,2,6,0,1,0,0,0,0,3,slightly_injured
2020,5,Sun,1,52.55225982,13.15944247,afternoon,16,daylight,0,dry,0,5,3,0,1,0,0,0,0,3,slightly_injured
2020,5,Fri,6,52.49217008,13.3733501,morning,7,daylight,0,dry,0,5,2,1,0,0,0,0,0,3,slightly_injured
2020,5,Thu,5,52.59757451,13.33631456,evening,18,daylight,0,dry,0,1,5,1,1,0,0,0,0,3,slightly_injured
2020,5,Thu,5,52.54718893,13.35049974,evening,18,daylight,0,dry,0,6,2,0,1,1,0,0,0,3,slightly_injured
2020,5,Thu,5,52.59270853,13.32713034,afternoon,13,daylight,0,dry,0,2,6,0,1,0,0,0,0,3,slightly_injured
2020,5,Thu,5,52.50866255,13.4598287,afternoon,13,daylight,0,dry,0,1,5,1,0,0,0,0,1,3,slightly_injured
2020,5,Wed,4,52.45142918,13.58702448,morning,7,daylight,0,wet,1,5,3,0,1,0,1,0,0,3,slightly_injured
2020,5,Sun,1,52.48311054,13.38023624,afternoon,16,daylight,0,dry,0,5,3,1,1,0,0,0,0,3,slightly_injured
2020,5,Sat,7,52.55155899,13.38294113,evening,20,dusk,1,dry,0,1,5,1,1,0,0,0,0,3,slightly_injured
2020,5,Thu,5,52.49639503,13.38705828,afternoon,13,daylight,0,dry,0,5,2,1,1,0,0,0,0,3,slightly_injured
2020,5,Mon,2,52.53376166,13.17683322,afternoon,12,daylight,0,wet,1,0,7,0,0,0,1,0,0,3,slightly_injured
2020,5,Mon,2,52.50951396,13.50404771,morning,11,daylight,0,wet,1,5,2,1,1,0,0,0,0,3,slightly_injured
2020,5,Thu,5,52.59030839,13.30958581,afternoon,13,daylight,0,dry,0,4,6,0,1,0,1,0,0,2,seriously_injured
2020,5,Fri,6,52.47759999,13.37830659,afternoon,13,daylight,0,dry,0,5,3,1,1,0,0,0,0,3,slightly_injured
2020,5,Thu,5,52.59596477,13.29160244,afternoon,12,daylight,0,dry,0,2,2,0,1,0,0,0,0,3,slightly_injured
2020,5,Thu,5,52.49726456,13.3806944,morning,8,daylight,0,dry,0,5,2,1,1,0,0,0,0,3,slightly_injured
2020,5,Sun,1,52.55287029,13.42390863,afternoon,14,daylight,0,dry,0,5,3,1,0,0,0,0,0,2,seriously_injured
2020,5,Thu,5,52.53947132,13.60442729,morning,6,daylight,0,dry,0,6,4,0,1,1,0,0,0,2,seriously_injured
2020,5,Thu,5,52.50951044,13.5187772,afternoon,12,daylight,0,dry,0,5,2,0,1,0,0,0,0,3,slightly_injured
2020,5,Thu,5,52.43626327,13.54990839,morning,11,daylight,0,dry,0,5,3,1,1,0,0,0,0,3,slightly_injured
2020,5,Thu,5,52.50641398,13.39780074,afternoon,14,daylight,0,dry,0,1,5,1,1,0,0,0,0,3,slightly_injured
2020,5,Thu,5,52.42354127,13.27117449,morning,10,daylight,0,dry,0,0,6,1,1,0,0,0,0,2,seriously_injured
2020,5,Tue,3,52.46884021,13.33259202,morning,10,daylight,0,dry,0,5,2,1,1,0,0,0,0,3,slightly_injured
2020,5,Sun,1,52.53992663,13.20345637,afternoon,12,daylight,0,dry,0,3,6,0,1,0,0,0,0,3,slightly_injured
2020,5,Sat,7,52.41276555,13.359906,evening,18,daylight,0,dry,0,5,2,1,1,0,0,0,0,3,slightly_injured
2020,5,Thu,5,52.49431361,13.44640722,morning,10,daylight,0,dry,0,5,3,1,1,0,0,0,0,3,slightly_injured
2020,5,Mon,2,52.56735164,13.21058028,afternoon,16,daylight,0,wet,1,2,6,0,1,0,0,0,0,3,slightly_injured
2020,5,Mon,2,52.38667103,13.39552273,morning,9,daylight,0,wet,1,2,2,0,1,0,0,0,0,3,slightly_injured
2020,5,Thu,5,52.53530056,13.20308596,morning,7,daylight,0,dry,0,5,3,0,1,0,1,0,0,2,seriously_injured
2020,5,Fri,6,52.62748493,13.22613894,morning,11,daylight,0,dry,0,5,2,1,1,0,0,0,0,3,slightly_injured
2020,5,Thu,5,52.45311242,13.33136155,morning,7,daylight,0,dry,0,5,2,1,0,0,0,0,1,2,seriously_injured
2020,5,Wed,4,52.52295213,13.55654589,afternoon,14,daylight,0,dry,0,6,7,1,0,1,0,0,0,3,slightly_injured
2020,5,Sun,1,52.48207383,13.52557688,afternoon,12,daylight,0,dry,0,0,1,1,0,0,0,0,0,2,seriously_injured
2020,5,Wed,4,52.52078342,13.4858324,evening,22,dark,2,dry,0,5,3,0,1,0,0,0,0,3,slightly_injured
2020,5,Sun,1,52.42083959,13.25462815,morning,9,daylight,0,dry,0,1,5,1,1,0,0,0,0,3,slightly_injured
2020,5,Wed,4,52.46608755,13.38605714,afternoon,14,daylight,0,dry,0,5,2,0,0,0,1,0,1,3,slightly_injured
2020,5,Tue,3,52.52892943,13.39543523,morning,10,daylight,0,dry,0,1,5,1,0,0,0,0,1,3,slightly_injured
2020,5,Sun,1,52.51570893,13.42668475,morning,9,daylight,0,dry,0,5,3,1,1,0,0,0,0,3,slightly_injured
2020,5,Fri,6,52.54377075,13.42671126,morning,7,daylight,0,dry,0,0,6,1,1,0,0,0,0,2,seriously_injured
2020,5,Wed,4,52.45532549,13.43749785,afternoon,14,daylight,0,dry,0,5,7,0,1,0,1,0,0,3,slightly_injured
2020,5,Sun,1,52.42586086,13.46492145,morning,8,daylight,0,dry,0,5,3,1,1,0,0,0,0,3,slightly_injured
2020,5,Wed,4,52.48704678,13.42794699,afternoon,14,daylight,0,dry,0,5,3,1,1,0,0,0,0,3,slightly_injured
2020,5,Tue,3,52.54521215,13.37676368,evening,18,daylight,0,dry,0,1,7,0,1,0,0,0,0,3,slightly_injured
2020,5,Sat,7,52.54488639,13.19510902,evening,21,dark,2,dry,0,6,4,0,1,1,0,0,0,2,seriously_injured
2020,5,Fri,6,52.5307034,13.40204796,evening,19,daylight,0,dry,0,0,1,1,0,0,0,0,0,3,slightly_injured
2020,5,Wed,4,52.43922163,13.50729273,afternoon,13,daylight,0,dry,0,5,2,0,1,0,0,0,0,3,slightly_injured
2020,5,Wed,4,52.51558768,13.56329566,afternoon,12,daylight,0,dry,0,2,6,0,1,0,0,0,0,3,slightly_injured
2020,5,Thu,5,52.46695508,13.34023544,evening,21,dark,2,dry,0,0,1,0,0,0,1,0,0,3,slightly_injured
2020,5,Wed,4,52.51860615,13.27225181,afternoon,12,daylight,0,dry,0,5,3,0,1,0,0,0,0,3,slightly_injured
2020,5,Wed,4,52.45082103,13.33985986,morning,11,daylight,0,dry,0,2,6,0,1,0,1,0,0,2,seriously_injured
2020,5,Wed,4,52.5461564,13.50972247,afternoon,15,daylight,0,dry,0,2,6,0,1,0,0,1,0,3,slightly_injured
2020,5,Sat,7,52.4958771,13.52470853,afternoon,17,daylight,0,dry,0,8,1,1,0,0,1,0,0,2,seriously_injured
2020,5,Wed,4,52.50104666,13.34617631,morning,9,daylight,0,dry,0,5,2,0,0,0,1,0,1,3,slightly_injured
2020,5,Tue,3,52.49968256,13.42505755,morning,7,daylight,0,dry,0,1,5,1,0,0,0,1,0,3,slightly_injured
2020,5,Sat,7,52.43160046,13.49530756,afternoon,12,daylight,0,dry,0,5,2,1,1,0,0,0,0,3,slightly_injured
2020,5,Fri,6,52.54641845,13.42581857,morning,7,daylight,0,dry,0,5,2,1,0,0,0,0,0,3,slightly_injured
2020,5,Wed,4,52.5493289,13.44814203,morning,9,daylight,0,dry,0,5,2,0,1,0,0,0,0,3,slightly_injured
2020,5,Wed,4,52.50195828,13.39127933,morning,8,daylight,0,dry,0,1,5,1,1,0,0,0,0,3,slightly_injured
2020,5,Thu,5,52.53358068,13.16865225,afternoon,14,daylight,0,dry,0,4,7,1,0,0,0,0,1,3,slightly_injured
2020,5,Wed,4,52.42421432,13.52853568,morning,6,daylight,0,dry,0,1,5,0,1,0,1,0,0,3,slightly_injured
2020,5,Thu,5,52.41255812,13.36147242,afternoon,17,daylight,0,dry,0,2,3,0,1,0,0,0,0,3,slightly_injured
2020,5,Wed,4,52.44221143,13.26558088,afternoon,12,daylight,0,dry,0,5,3,0,1,0,0,0,0,3,slightly_injured
2020,5,Wed,4,52.48665814,13.35541283,evening,21,dark,2,dry,0,0,5,1,1,0,0,0,0,3,slightly_injured
2020,5,Wed,4,52.56324667,13.32695534,afternoon,14,daylight,0,dry,0,0,2,0,0,0,0,0,1,3,slightly_injured
2020,5,Sat,7,52.61424193,13.43205991,morning,11,daylight,0,dry,0,5,3,0,1,0,0,0,0,3,slightly_injured
2020,5,Sun,1,52.63302615,13.38106917,afternoon,13,daylight,0,dry,0,5,2,1,0,0,0,0,0,3,slightly_injured
2020,5,Wed,4,52.51472768,13.31531769,evening,20,daylight,0,dry,0,5,3,0,1,0,0,0,0,3,slightly_injured
2020,5,Mon,2,52.51423302,13.61189781,evening,20,dusk,1,dry,0,5,3,0,1,0,0,0,0,3,slightly_injured
2020,5,Wed,4,52.50979065,13.45668396,evening,18,daylight,0,dry,0,1,1,1,1,0,0,0,0,3,slightly_injured
2020,5,Sat,7,52.53703301,13.18917204,morning,11,daylight,0,dry,0,2,6,0,1,0,0,0,0,3,slightly_injured
2020,5,Fri,6,52.56479292,13.32843101,afternoon,15,daylight,0,dry,0,5,3,0,1,0,1,0,0,3,slightly_injured
2020,5,Wed,4,52.51590945,13.46050385,afternoon,17,daylight,0,dry,0,5,2,1,1,0,0,0,0,3,slightly_injured
2020,5,Wed,4,52.56842079,13.41707311,afternoon,17,daylight,0,dry,0,5,2,1,1,0,0,0,0,3,slightly_injured
2020,5,Thu,5,52.5541634,13.44426212,afternoon,12,daylight,0,dry,0,2,6,0,1,0,0,0,0,3,slightly_injured
2020,5,Wed,4,52.52815474,13.33927601,afternoon,16,daylight,0,dry,0,5,3,0,1,0,0,0,0,3,slightly_injured
2020,5,Wed,4,52.51952239,13.43890003,afternoon,13,daylight,0,dry,0,0,2,1,1,0,0,0,0,3,slightly_injured
2020,5,Sat,7,52.56663591,13.31762869,morning,10,daylight,0,dry,0,3,6,0,0,0,1,0,1,3,slightly_injured
2020,5,Sat,7,52.51166133,13.4167977,night,0,dark,2,dry,0,0,1,1,0,0,0,0,0,3,slightly_injured
2020,5,Wed,4,52.49773606,13.28617853,afternoon,16,daylight,0,dry,0,1,5,1,1,0,0,0,0,3,slightly_injured
2020,5,Mon,2,52.42764697,13.20373566,afternoon,16,daylight,0,wet,1,5,3,0,1,0,0,0,0,3,slightly_injured
2020,5,Mon,2,52.49073275,13.4172817,morning,9,daylight,0,wet,1,0,2,1,1,0,0,0,0,3,slightly_injured
2020,5,Tue,3,52.49889111,13.38028501,morning,9,daylight,0,dry,0,0,7,1,0,0,0,0,0,3,slightly_injured
2020,5,Wed,4,52.5338801,13.28241726,morning,11,daylight,0,dry,0,2,2,0,1,0,0,0,0,3,slightly_injured
2020,5,Sat,7,52.4417789,13.31576977,evening,19,daylight,0,dry,0,1,5,0,1,0,0,0,0,3,slightly_injured
2020,5,Sat,7,52.45501609,13.2999723,afternoon,12,daylight,0,dry,0,1,5,0,1,0,0,0,0,3,slightly_injured
2020,5,Tue,3,52.51011977,13.56213677,evening,21,dusk,1,wet,1,2,3,1,1,0,0,0,0,3,slightly_injured
2020,5,Mon,2,52.45610952,13.37943327,afternoon,16,daylight,0,wet,1,2,6,0,1,0,0,0,0,3,slightly_injured
2020,5,Mon,2,52.54787146,13.44967491,morning,11,daylight,0,wet,1,2,6,0,1,0,0,0,0,3,slightly_injured
2020,5,Tue,3,52.48507731,13.3676452,evening,19,daylight,0,wet,1,2,6,1,1,0,0,0,0,3,slightly_injured
2020,5,Fri,6,52.51629671,13.26047088,afternoon,14,daylight,0,dry,0,2,6,0,1,0,1,0,0,2,seriously_injured
2020,5,Tue,3,52.50312942,13.34967043,afternoon,17,daylight,0,dry,0,5,3,0,1,0,0,0,0,3,slightly_injured
2020,5,Tue,3,52.44116114,13.57020597,morning,10,daylight,0,dry,0,6,4,0,1,1,0,0,0,2,seriously_injured
2020,5,Thu,5,52.4879459,13.31795385,morning,10,daylight,0,dry,0,3,6,1,0,0,0,0,0,3,slightly_injured
2020,5,Mon,2,52.51892621,13.48578245,morning,8,daylight,0,dry,0,5,3,0,1,0,0,0,0,3,slightly_injured
2020,5,Tue,3,52.63644707,13.27813889,morning,10,daylight,0,dry,0,5,3,1,1,0,0,0,0,2,seriously_injured
2020,5,Tue,3,52.49888492,13.41893055,afternoon,16,daylight,0,dry,0,5,2,1,1,0,0,0,0,3,slightly_injured
2020,5,Sat,7,52.52895417,13.39553674,evening,19,daylight,0,dry,0,3,6,1,0,0,1,0,0,3,slightly_injured
2020,5,Sat,7,52.50666465,13.47074302,afternoon,17,daylight,0,dry,0,2,6,1,1,0,0,0,0,3,slightly_injured
2020,5,Tue,3,52.55381337,13.35885731,morning,9,daylight,0,dry,0,2,3,0,1,0,0,0,1,3,slightly_injured
2020,5,Mon,2,52.49475883,13.30081688,afternoon,16,daylight,0,wet,1,5,2,1,1,0,0,0,0,3,slightly_injured
2020,5,Tue,3,52.44557276,13.38587191,morning,8,daylight,0,dry,0,5,2,0,1,0,0,0,0,3,slightly_injured
2020,5,Fri,6,52.41878851,13.30581597,morning,10,daylight,0,dry,0,5,3,0,1,0,0,0,0,2,seriously_injured
2020,5,Mon,2,52.55083622,13.41028457,morning,7,daylight,0,wet,1,5,2,1,1,0,0,0,0,3,slightly_injured
2020,5,Tue,3,52.52195965,13.41713613,night,5,dusk,1,dry,0,2,6,0,1,0,0,0,0,3,slightly_injured
2020,5,Tue,3,52.49171498,13.42790303,afternoon,17,daylight,0,wet,1,2,6,1,1,0,0,0,0,3,slightly_injured
2020,5,Tue,3,52.45891729,13.30532669,afternoon,16,daylight,0,wet,1,6,4,0,1,1,0,0,0,3,slightly_injured
2020,5,Fri,6,52.51075051,13.45170518,afternoon,13,daylight,0,dry,0,5,3,0,1,0,0,0,0,3,slightly_injured
2020,5,Mon,2,52.53801756,13.32624675,morning,6,dusk,1,wet,1,5,2,0,1,0,0,1,1,3,slightly_injured
2020,5,Tue,3,52.44491007,13.35601311,afternoon,16,daylight,0,wet,1,2,6,0,1,0,1,0,0,3,slightly_injured
2020,5,Tue,3,52.4553548,13.59046641,afternoon,15,daylight,0,wet,1,5,2,1,1,0,0,0,0,3,slightly_injured
2020,5,Sat,7,52.41569948,13.58196647,evening,18,daylight,0,dry,0,3,6,1,1,0,0,0,0,3,slightly_injured
2020,5,Thu,5,52.56945272,13.56859939,morning,10,daylight,0,dry,0,5,3,1,1,0,0,0,0,3,slightly_injured
2020,5,Sat,7,52.4195734,13.31246965,afternoon,17,daylight,0,dry,0,2,6,0,1,0,0,0,0,3,slightly_injured
2020,5,Tue,3,52.51009798,13.32478228,afternoon,15,daylight,0,dry,0,2,6,0,1,0,0,0,1,2,seriously_injured
2020,5,Tue,3,52.51362692,13.45530546,afternoon,17,daylight,0,dry,0,1,5,1,1,0,0,0,0,3,slightly_injured
2020,5,Sat,7,52.4338511,13.18935251,afternoon,17,daylight,0,dry,0,5,2,1,1,0,0,0,0,2,seriously_injured
2020,5,Fri,6,52.4961941,13.3595677,evening,22,dark,2,dry,0,1,5,1,1,0,0,0,0,3,slightly_injured
2020,5,Tue,3,52.54718186,13.21649688,afternoon,14,daylight,0,dry,0,2,6,0,1,0,0,0,0,3,slightly_injured
2020,5,Tue,3,52.48880134,13.30911035,afternoon,14,daylight,0,wet,1,2,6,1,1,0,0,0,0,3,slightly_injured
2020,5,Thu,5,52.49991354,13.35373492,afternoon,15,daylight,0,dry,0,0,2,1,1,0,0,0,0,3,slightly_injured
2020,5,Mon,2,52.53332019,13.45839816,morning,11,daylight,0,wet,1,5,3,0,1,0,0,0,0,3,slightly_injured
2020,5,Tue,3,52.60436996,13.42400156,afternoon,14,daylight,0,wet,1,5,3,0,1,0,0,0,0,3,slightly_injured
2020,5,Tue,3,52.51824994,13.28036877,afternoon,14,daylight,0,dry,0,6,6,1,0,1,0,0,0,3,slightly_injured
2020,5,Wed,4,52.5461564,13.50972247,afternoon,14,daylight,0,dry,0,2,6,0,1,0,0,0,0,3,slightly_injured
2020,5,Sat,7,52.58308869,13.42859671,afternoon,17,daylight,0,dry,0,5,2,1,1,0,0,0,0,3,slightly_injured
2020,5,Sun,1,52.60622029,13.21047083,afternoon,16,daylight,0,dry,0,5,7,1,0,0,0,0,1,3,slightly_injured
2020,5,Tue,3,52.46369109,13.33134056,afternoon,12,daylight,0,dry,0,0,3,0,1,0,1,0,0,3,slightly_injured
2020,5,Tue,3,52.43634105,13.34574712,morning,6,dark,2,dry,0,5,2,1,0,0,0,0,1,3,slightly_injured
2020,5,Wed,4,52.51077462,13.41629112,evening,19,daylight,0,dry,0,0,6,0,1,0,1,0,0,2,seriously_injured
2020,5,Sat,7,52.49790415,13.39145725,afternoon,17,daylight,0,dry,0,0,7,1,0,0,0,0,0,3,slightly_injured
2020,5,Tue,3,52.48489961,13.29513996,afternoon,12,daylight,0,dry,0,6,7,0,1,1,0,0,0,3,slightly_injured
2020,5,Tue,3,52.45082159,13.53952127,morning,10,daylight,0,dry,0,6,4,0,1,1,0,0,0,1,killed
2020,5,Sat,7,52.45562869,13.37580296,afternoon,17,daylight,0,dry,0,5,3,0,1,0,0,0,0,3,slightly_injured
2020,5,Fri,6,52.55884024,13.33704916,morning,9,daylight,0,dry,0,2,7,0,1,0,0,0,1,2,seriously_injured