ujahr,umonat,weekday,uwochentag,long,lat,time_of_day,ustunde,light_condition,ulichtverh,street_condition,ustrzustand,uart,utyp1,ist_rad,ist_pkw,ist_fuss,ist_krad,ist_gkfz,ist_sonstige,ukategorie,accident_outcome
2020,5,Tue,3,52.44383268,13.34025538,morning,11,daylight,0,dry,0,2,6,0,1,0,0,0,0,3,slightly_injured
2020,5,Mon,2,52.47687023,13.45029655,morning,10,daylight,0,dry,0,5,3,1,1,0,0,0,0,3,slightly_injured
2020,5,Thu,5,52.51726336,13.44068261,afternoon,15,daylight,0,dry,0,5,2,1,1,0,0,0,0,3,slightly_injured
2020,5,Mon,2,52.44384205,13.43267037,evening,20,dusk,1,wet,1,0,1,0,0,0,1,0,0,2,seriously_injured
2020,5,Mon,2,52.47698809,13.42640231,afternoon,16,daylight,0,wet,1,6,4,1,0,1,0,0,0,2,seriously_injured
2020,5,Mon,2,52.52932174,13.29631972,afternoon,16,daylight,0,wet,1,5,2,0,1,0,1,0,0,2,seriously_injured
2020,5,Wed,4,52.47730151,13.32963462,afternoon,12,daylight,0,dry,0,0,4,1,0,1,0,0,0,2,seriously_injured
2020,5,Sat,7,52.46915336,13.43034432,afternoon,16,daylight,0,dry,0,2,2,0,1,0,0,0,0,3,slightly_injured
2020,5,Sun,1,52.44027232,13.45877612,afternoon,13,daylight,0,dry,0,5,2,0,1,0,1,0,0,2,seriously_injured
2020,5,Mon,2,52.60881384,13.32219953,afternoon,15,daylight,0,dry,0,5,2,0,1,0,0,0,0,3,slightly_injured
2020,5,Mon,2,52.49278365,13.42233164,afternoon,15,daylight,0,wet,1,2,6,0,1,0,1,0,0,3,slightly_injured
2020,5,Mon,2,52.55199528,13.34943844,afternoon,13,daylight,0,wet,1,5,2,1,1,0,0,0,0,3,slightly_injured
2020,5,Mon,2,52.481794,13.28943176,afternoon,15,daylight,0,wet,1,0,6,0,1,0,1,0,0,3,slightly_injured
2020,5,Sat,7,52.53038618,13.4613799,afternoon,15,daylight,0,dry,0,6,4,0,0,1,0,0,1,3,slightly_injured
2020,5,Fri,6,52.57831412,13.30994278,afternoon,14,daylight,0,dry,0,1,5,0,1,0,1,0,0,3,slightly_injured
2020,5,Mon,2,52.54468032,13.37025945,afternoon,15,daylight,0,wet,1,0,2,0,0,0,1,0,1,3,slightly_injured
2020,5,Mon,2,52.48068372,13.42480448,afternoon,14,daylight,0,wet,1,6,4,0,0,1,1,0,0,3,slightly_injured
2020,5,Thu,5,52.63761545,13.43745151,morning,11,daylight,0,dry,0,4,6,0,1,0,0,0,0,3,slightly_injured
2020,5,Mon,2,52.5489505,13.58691216,afternoon,13,daylight,0,dry,0,6,4,0,0,1,0,0,1,2,seriously_injured
2020,5,Sat,7,52.46953197,13.31998872,afternoon,13,daylight,0,dry,0,1,1,1,1,0,0,0,0,3,slightly_injured
2020,5,Fri,6,52.55196909,13.33747719,evening,18,daylight,0,dry,0,0,2,1,1,0,0,0,0,3,slightly_injured
2020,5,Mon,2,52.55654505,13.37786126,afternoon,13,daylight,0,wet,1,6,4,0,0,1,1,0,0,3,slightly_injured
2020,5,Mon,2,52.55510286,13.35573635,afternoon,12,daylight,0,wet,1,2,6,0,1,0,0,0,0,3,slightly_injured
2020,5,Thu,5,52.51776156,13.38870604,afternoon,13,daylight,0,dry,0,1,5,1,1,0,0,0,0,3,slightly_injured
2020,5,Mon,2,52.48966336,13.38992881,morning,11,daylight,0,wet,1,5,2,1,1,0,0,0,0,3,slightly_injured
2020,5,Wed,4,52.46658284,13.56833002,morning,10,daylight,0,dry,0,1,5,1,1,0,0,0,0,3,slightly_injured
2020,5,Sat,7,52.49262787,13.53099252,afternoon,15,daylight,0,dry,0,0,7,1,1,0,0,0,0,3,slightly_injured
2020,5,Sat,7,52.53347069,13.16586544,evening,23,dark,2,dry,0,1,1,0,1,0,0,0,0,2,seriously_injured
2020,5,Mon,2,52.56345164,13.329222,morning,11,daylight,0,wet,1,0,1,0,0,0,1,0,0,3,slightly_injured
2020,5,Mon,2,52.51951722,13.25620672,afternoon,15,daylight,0,wet,1,2,6,0,1,0,0,0,0,3,slightly_injured
2020,5,Mon,2,52.50650376,13.28041939,morning,11,daylight,0,wet,1,5,2,0,1,0,0,0,1,3,slightly_injured
2020,5,Mon,2,52.56754331,13.38436118,evening,22,dark,2,dry,0,5,2,0,1,0,1,0,0,3,slightly_injured
2020,5,Fri,6,52.5178368,13.4328861,evening,18,daylight,0,dry,0,5,2,1,1,0,0,0,0,3,slightly_injured
2020,5,Mon,2,52.54626945,13.50965435,afternoon,12,daylight,0,wet,1,6,2,0,1,1,0,0,0,3,slightly_injured
2020,5,Mon,2,52.51081275,13.31625698,evening,19,daylight,0,wet,1,2,6,0,1,0,0,0,0,3,slightly_injured
2020,5,Mon,2,52.53502846,13.59857242,afternoon,17,daylight,0,dry,0,5,2,1,1,0,0,0,0,3,slightly_injured
2020,5,Thu,5,52.47164721,13.47877374,morning,9,daylight,0,dry,0,2,6,0,1,0,0,1,0,3,slightly_injured
2020,5,Mon,2,52.49425864,13.34028005,evening,20,dusk,1,wet,1,0,1,0,0,0,1,0,0,3,slightly_injured
2020,5,Mon,2,52.5216867,13.37529352,afternoon,16,daylight,0,dry,0,8,1,1,0,0,0,0,0,1,killed
2020,5,Tue,3,52.50638872,13.31334801,evening,18,daylight,0,dry,0,2,6,0,1,0,0,0,0,3,slightly_injured
2020,5,Mon,2,52.55508651,13.39134882,afternoon,16,daylight,0,dry,0,5,2,1,1,0,0,0,0,3,slightly_injured
2020,5,Tue,3,52.4173895,13.58229848,morning,7,daylight,0,dry,0,6,4,1,0,1,0,0,0,3,slightly_injured
2020,5,Sat,7,52.50349736,13.37320371,evening,20,dusk,1,dry,0,5,2,1,1,0,0,0,0,3,slightly_injured
2020,5,Sat,7,52.59541308,13.43363054,evening,18,daylight,0,dry,0,8,1,0,0,0,1,0,0,2,seriously_injured
2020,5,Mon,2,52.56724253,13.421577,afternoon,16,daylight,0,wet,1,6,4,0,1,1,0,0,0,2,seriously_injured
2020,5,Mon,2,52.45699405,13.57797295,afternoon,15,daylight,0,wet,1,5,3,0,1,0,0,0,0,3,slightly_injured
2020,5,Mon,2,52.49388852,13.36589974,morning,8,daylight,0,wet,1,0,1,0,0,0,1,0,0,3,slightly_injured
2020,5,Mon,2,52.52613444,13.45902798,morning,10,daylight,0,wet,1,5,2,1,1,0,0,0,0,3,slightly_injured
2020,5,Fri,6,52.642941,13.30024371,afternoon,12,daylight,0,dry,0,6,4,0,1,1,0,0,0,3,slightly_injured
2020,5,Mon,2,52.50853958,13.39712705,morning,9,daylight,0,dry,0,1,5,1,1,0,0,0,0,3,slightly_injured
2020,5,Mon,2,52.54186619,13.43699078,morning,8,daylight,0,dry,0,0,7,1,0,0,0,0,0,3,slightly_injured
2020,5,Sat,7,52.54224701,13.33598532,evening,20,daylight,0,dry,0,6,4,0,0,1,1,0,0,2,seriously_injured
2020,5,Wed,4,52.50001057,13.32579097,evening,22,dark,2,dry,0,1,5,0,1,0,0,0,0,3,slightly_injured
2020,5,Sat,7,52.49918376,13.42264582,afternoon,13,daylight,0,dry,0,0,1,1,0,0,0,0,0,2,seriously_injured
2020,5,Mon,2,52.49939978,13.46339338,morning,8,daylight,0,wet,1,2,6,0,1,0,0,0,1,3,slightly_injured
2020,5,Tue,3,52.38310044,13.40901202,afternoon,14,daylight,0,dry,0,1,5,1,1,0,0,0,0,3,slightly_injured
2020,5,Sat,7,52.52850218,13.34333908,evening,18,daylight,0,dry,0,3,6,1,1,0,0,0,0,3,slightly_injured
2020,5,Fri,6,52.44353374,13.43396081,morning,10,daylight,0,dry,0,5,2,1,1,0,0,0,0,3,slightly_injured
2020,5,Mon,2,52.41779885,13.49557388,morning,8,daylight,0,dry,0,0,4,0,1,1,0,0,0,3,slightly_injured
2020,5,Sun,1,52.57586843,13.27084593,afternoon,13,daylight,0,dry,0,2,6,0,1,0,0,0,0,3,slightly_injured
2020,5,Thu,5,52.46652634,13.30748722,evening,18,daylight,0,dry,0,2,6,0,1,0,0,0,0,3,slightly_injured
2020,5,Mon,2,52.46481219,13.47381498,evening,19,daylight,0,wet,1,6,4,0,1,1,0,0,0,3,slightly_injured
2020,5,Sun,1,52.44516891,13.3304242,afternoon,17,daylight,0,dry,0,6,4,0,1,1,0,0,0,3,slightly_injured
2020,5,Sat,7,52.46744015,13.44050422,afternoon,15,daylight,0,dry,0,0,3,0,1,0,1,0,0,3,slightly_injured
2020,5,Fri,6,52.50850445,13.50727891,afternoon,17,daylight,0,dry,0,4,6,1,0,0,0,0,0,3,slightly_injured
2020,5,Sun,1,52.54303362,13.15781993,afternoon,16,daylight,0,dry,0,5,3,0,1,0,0,0,0,3,slightly_injured
2020,5,Sun,1,52.54653937,13.35347921,afternoon,15,daylight,0,dry,0,6,4,0,1,1,0,0,0,3,slightly_injured
2020,5,Thu,5,52.56528453,13.57342764,evening,19,daylight,0,dry,0,1,5,0,1,0,1,0,0,3,slightly_injured
2020,5,Sun,1,52.44662606,13.34910618,morning,11,daylight,0,dry,0,2,2,1,1,0,0,0,0,3,slightly_injured
2020,5,Sun,1,52.50125964,13.44181628,night,0,dark,2,wet,1,5,3,0,1,0,0,0,0,3,slightly_injured
2020,5,Wed,4,52.52959575,13.55802512,afternoon,16,daylight,0,dry,0,5,3,0,1,0,0,0,1,3,slightly_injured
2020,5,Sat,7,52.52006137,13.16273251,afternoon,13,daylight,0,dry,0,5,2,1,1,0,0,0,0,3,slightly_injured
2020,5,Sun,1,52.50090328,13.4422631,afternoon,13,daylight,0,dry,0,5,2,1,1,0,0,0,0,3,slightly_injured
2020,5,Tue,3,52.43475422,13.3630561,morning,8,daylight,0,dry,0,0,6,0,0,0,0,1,1,2,seriously_injured
2020,5,Fri,6,52.50574546,13.29331154,afternoon,16,daylight,0,dry,0,6,6,1,0,1,0,0,0,3,slightly_injured
2020,5,Fri,6,52.48612876,13.44685447,evening,19,daylight,0,dry,0,5,7,0,1,0,0,0,0,3,slightly_injured
2020,5,Sun,1,52.53432896,13.15667976,afternoon,13,daylight,0,dry,0,1,5,0,1,0,0,0,0,3,slightly_injured
2020,5,Sun,1,52.45826351,13.30168453,afternoon,12,daylight,0,dry,0,0,1,1,0,0,0,0,0,3,slightly_injured
2020,5,Thu,5,52.5474896,13.25008464,afternoon,14,daylight,0,dry,0,2,6,0,1,0,0,0,0,3,slightly_injured
2020,5,Sun,1,52.53407259,13.18155013,morning,11,daylight,0,dry,0,5,3,1,1,0,0,0,0,3,slightly_injured
2020,5,Wed,4,52.42625547,13.48808932,afternoon,12,daylight,0,dry,0,6,4,0,1,1,0,0,0,2,seriously_injured
2020,5,Fri,6,52.59251719,13.3571395,evening,22,dark,2,dry,0,0,7,1,0,0,0,0,0,3,slightly_injured
2020,5,Sat,7,52.4733957,13.3285495,morning,9,daylight,0,dry,0,5,2,1,1,0,0,0,0,2,seriously_injured
2020,5,Sun,1,52.45692884,13.62492087,morning,7,daylight,0,dry,0,9,1,0,1,0,0,0,0,3,slightly_injured
2020,5,Wed,4,52.45611236,13.32629911,afternoon,15,daylight,0,dry,0,6,4,1,0,1,0,0,0,3,slightly_injured
2020,5,Fri,6,52.57125588,13.31316397,evening,19,daylight,0,dry,0,2,2,0,1,0,0,0,1,3,slightly_injured
2020,5,Sun,1,52.50350744,13.41116737,afternoon,14,daylight,0,dry,0,5,3,1,1,0,0,0,0,3,slightly_injured
2020,5,Sat,7,52.48292039,13.43455633,evening,22,dark,2,wet,1,5,3,0,1,0,0,0,1,2,seriously_injured
2020,5,Mon,2,52.5162497,13.31657963,afternoon,16,daylight,0,wet,1,5,3,0,1,0,1,0,0,3,slightly_injured
2020,5,Sat,7,52.54784967,13.42853555,evening,21,dark,2,wet,1,5,3,1,1,0,0,0,0,3,slightly_injured
2020,5,Fri,6,52.49876595,13.38890246,afternoon,15,daylight,0,dry,0,3,6,0,1,0,1,0,0,3,slightly_injured
2020,5,Fri,6,52.52691789,13.38489422,afternoon,17,daylight,0,dry,0,1,5,1,1,0,0,0,0,3,slightly_injured
2020,5,Sat,7,52.47134245,13.32895566,afternoon,12,daylight,0,wet,1,5,3,0,1,0,0,0,0,3,slightly_injured
2020,5,Sat,7,52.53963021,13.38845263,afternoon,16,daylight,0,dry,0,2,6,0,1,0,0,0,0,3,slightly_injured
2020,5,Thu,5,52.43104162,13.22982491,afternoon,12,daylight,0,dry,0,2,2,0,1,0,1,0,0,3,slightly_injured
2020,5,Mon,2,52.55878623,13.33744372,evening,19,daylight,0,wet,1,5,2,0,1,0,0,0,0,3,slightly_injured
2020,5,Sat,7,52.47286071,13.42843579,afternoon,13,daylight,0,dry,0,1,5,1,1,0,0,0,0,3,slightly_injured
2020,5,Wed,4,52.50499725,13.34111862,morning,7,daylight,0,dry,0,0,2,1,1,0,0,0,0,3,slightly_injured
2020,5,Fri,6,52.49286042,13.38737324,evening,22,dark,2,dry,0,0,1,1,0,0,0,0,0,3,slightly_injured
2020,5,Sat,7,52.52915744,13.56562517,evening,18,dusk,1,dry,0,5,3,0,1,0,0,0,1,2,seriously_injured
2020,5,Sat,7,52.45296315,13.5694726,afternoon,13,daylight,0,dry,0,2,6,0,1,0,0,0,0,3,slightly_injured
2020,5,Mon,2,52.50512531,13.4219402,afternoon,14,daylight,0,wet,1,5,3,1,1,0,0,0,0,3,slightly_injured
2020,5,Mon,2,52.59184381,13.45359198,morning,10,daylight,0,wet,1,0,7,0,1,0,0,0,0,3,slightly_injured
2020,5,Sat,7,52.50390356,13.41096761,afternoon,12,daylight,0,wet,1,5,3,1,1,0,0,0,0,3,slightly_injured
2020,5,Fri,6,52.53656086,13.47503293,afternoon,13,daylight,0,dry,0,5,3,0,1,0,1,0,0,2,seriously_injured
2020,5,Sat,7,52.42870713,13.3282873,afternoon,12,daylight,0,dry,0,6,7,1,0,1,0,0,0,3,slightly_injured
2020,5,Sat,7,52.4982484,13.50179206,morning,9,daylight,0,dry,0,0,3,1,0,0,0,0,1,3,slightly_injured
2020,5,Mon,2,52.42246618,13.37057409,afternoon,14,daylight,0,wet,1,0,1,0,0,0,1,0,0,3,slightly_injured
2020,5,Mon,2,52.58629098,13.28697851,morning,10,daylight,0,wet,1,6,2,0,1,1,0,0,0,2,seriously_injured
2020,5,Sat,7,52.51558999,13.51895915,afternoon,13,daylight,0,wet,1,2,6,0,1,0,0,0,0,3,slightly_injured
2020,5,Fri,6,52.58248978,13.29009414,morning,7,daylight,0,dry,0,5,2,1,0,0,0,1,0,3,slightly_injured
2020,5,Sat,7,52.54455753,13.42267086,afternoon,14,daylight,0,wet,1,0,6,0,1,0,1,0,0,3,slightly_injured
2020,5,Sat,7,52.47894493,13.34218287,morning,11,daylight,0,wet,1,5,3,0,1,0,0,0,0,2,seriously_injured
2020,5,Thu,5,52.52413971,13.41717383,afternoon,14,daylight,0,dry,0,0,1,1,0,0,0,0,0,3,slightly_injured
2020,5,Sat,7,52.4356073,13.540885,afternoon,15,daylight,0,wet,1,2,6,0,1,0,0,0,0,3,slightly_injured
2020,5,Tue,3,52.4185508,13.25028301,afternoon,13,daylight,0,dry,0,5,3,1,1,0,0,0,0,3,slightly_injured
2020,5,Fri,6,52.54856784,13.21819709,evening,21,dark,2,dry,0,2,7,0,1,0,0,0,0,3,slightly_injured
2020,5,Sat,7,52.49615722,13.39473277,afternoon,17,daylight,0,dry,0,2,6,1,0,0,0,0,0,3,slightly_injured
2020,5,Sat,7,52.45634579,13.38660969,afternoon,16,daylight,0,wet,1,2,2,0,1,0,0,0,0,3,slightly_injured
2020,5,Sun,1,52.45297071,13.57448708,evening,18,daylight,0,dry,0,0,2,1,1,0,0,0,0,3,slightly_injured
2020,5,Sat,7,52.53289855,13.15049932,afternoon,16,daylight,0,dry,0,2,6,0,1,0,0,0,0,3,slightly_injured
2020,5,Fri,6,52.56117453,13.41096078,morning,11,daylight,0,dry,0,5,3,0,1,0,0,0,0,2,seriously_injured
2020,5,Sat,7,52.54760217,13.57758874,afternoon,17,daylight,0,dry,0,0,7,0,1,0,0,0,1,3,slightly_injured
2020,5,Sat,7,52.47459997,13.35883664,evening,18,daylight,0,wet,1,5,3,0,1,0,0,0,0,3,slightly_injured
2020,5,Wed,4,52.48042771,13.44276911,evening,20,dusk,1,dry,0,5,2,1,1,0,0,0,0,3,slightly_injured
2020,5,Fri,6,52.46182675,13.14181958,evening,20,dusk,1,dry,0,0,1,1,0,0,0,0,0,2,seriously_injured
2020,5,Sat,7,52.59583649,13.36752124,night,3,dark,2,dry,0,6,6,0,1,1,0,0,0,3,slightly_injured
2020,5,Fri,6,52.45548849,13.58067183,afternoon,14,daylight,0,dry,0,2,6,0,1,0,0,0,0,3,slightly_injured
2020,5,Fri,6,52.54537358,13.49960713,evening,18,daylight,0,dry,0,0,1,0,1,0,1,0,0,2,seriously_injured
2020,5,Thu,5,52.59966654,13.32793122,night,2,dark,2,dry,0,0,1,0,1,0,0,0,0,2,seriously_injured
2020,5,Fri,6,52.53043581,13.29606456,afternoon,15,daylight,0,dry,0,3,6,1,0,0,0,0,1,3,slightly_injured
2020,5,Fri,6,52.49461972,13.35555103,evening,20,dark,2,wet,1,0,6,0,1,0,1,0,0,3,slightly_injured
2020,5,Tue,3,52.49476313,13.34974329,afternoon,17,daylight,0,dry,0,5,5,0,1,0,1,0,0,3,slightly_injured
2020,5,Fri,6,52.53244392,13.14159472,afternoon,15,daylight,0,dry,0,5,2,0,1,0,0,0,0,2,seriously_injured
2020,5,Fri,6,52.56466826,13.3253954,afternoon,13,daylight,0,dry,0,5,2,1,1,0,0,0,0,3,slightly_injured
2020,5,Fri,6,52.4633289,13.65343557,afternoon,15,daylight,0,dry,0,5,2,0,1,0,0,0,0,3,slightly_injured
2020,5,Fri,6,52.45602654,13.55857524,morning,10,daylight,0,dry,0,3,6,0,1,0,1,0,0,3,slightly_injured
2020,5,Thu,5,52.55535627,13.35612081,evening,21,dark,2,dry,0,0,1,1,0,0,0,0,0,3,slightly_injured
2020,5,Fri,6,52.57445939,13.38083226,night,2,dark,2,dry,0,8,7,0,1,0,0,0,0,3,slightly_injured
2020,5,Fri,6,52.50215588,13.47545525,evening,23,dark,2,dry,0,6,7,1,0,1,0,0,0,3,slightly_injured
2020,5,Wed,4,52.53292517,13.19805391,afternoon,14,daylight,0,dry,0,5,3,1,0,0,0,0,1,3,slightly_injured
2020,5,Fri,6,52.51206586,13.20123721,afternoon,15,daylight,0,dry,0,2,6,0,1,0,0,0,0,3,slightly_injured
2020,5,Sun,1,52.44221343,13.58199958,afternoon,17,daylight,0,dry,0,2,6,0,1,0,0,0,0,3,slightly_injured
2020,5,Fri,6,52.45689378,13.32314999,evening,22,dark,2,wet,1,0,1,0,0,0,1,0,0,3,slightly_injured
2020,5,Tue,3,52.41264295,13.47987173,morning,7,daylight,0,dry,0,5,3,0,1,0,0,0,0,3,slightly_injured
2020,5,Fri,6,52.47201204,13.45398978,afternoon,15,daylight,0,dry,0,5,3,0,1,0,0,0,0,3,slightly_injured
2020,5,Fri,6,52.48748618,13.41912046,evening,18,daylight,0,dry,0,2,6,0,1,0,0,0,0,3,slightly_injured
2020,5,Fri,6,52.55774373,13.43879296,afternoon,16,daylight,0,dry,0,7,7,1,0,0,0,0,0,2,seriously_injured
2020,5,Tue,3,52.53059589,13.22386602,morning,10,daylight,0,dry,0,2,6,0,1,0,0,0,0,3,slightly_injured
2020,5,Fri,6,52.45278573,13.59702925,afternoon,13,daylight,0,dry,0,3,6,1,0,0,0,0,0,3,slightly_injured
2020,5,Fri,6,52.46775192,13.48402007,morning,9,daylight,0,dry,0,5,2,1,1,0,0,0,0,3,slightly_injured
2020,5,Fri,6,52.46164851,13.42039937,evening,19,daylight,0,dry,0,2,6,0,1,0,1,0,0,3,slightly_injured
2020,5,Fri,6,52.55527579,13.35599859,afternoon,17,daylight,0,dry,0,6,4,0,1,1,0,0,0,3,slightly_injured
2020,5,Thu,5,52.42116337,13.31077977,afternoon,16,daylight,0,dry,0,3,2,0,1,0,1,0,0,3,slightly_injured
2020,5,Fri,6,52.44015554,13.19901786,afternoon,16,daylight,0,dry,0,1,5,1,1,0,0,0,0,2,seriously_injured
2020,5,Fri,6,52.42083762,13.22950849,afternoon,15,daylight,0,dry,0,4,6,1,1,0,0,0,0,3,slightly_injured
2020,5,Wed,4,52.56847468,13.31701743,afternoon,12,daylight,0,dry,0,5,7,0,0,0,1,0,1,3,slightly_injured
2020,5,Fri,6,52.51061651,13.45800515,afternoon,12,daylight,0,wet,1,0,7,0,1,0,1,0,0,3,slightly_injured
2020,5,Sun,1,52.54723688,13.23677379,afternoon,13,daylight,0,dry,0,0,5,0,1,0,1,0,0,3,slightly_injured
2020,5,Fri,6,52.53942028,13.35127742,afternoon,14,daylight,0,dry,0,6,4,0,1,1,0,0,0,3,slightly_injured
2020,5,Mon,2,52.5358379,13.6056683,afternoon,14,daylight,0,dry,0,6,4,0,1,1,0,0,0,3,slightly_injured
2020,5,Fri,6,52.57561542,13.32842968,afternoon,13,daylight,0,dry,0,5,2,1,1,0,0,0,0,3,slightly_injured
2020,5,Fri,6,52.50512307,13.22868971,afternoon,12,daylight,0,dry,0,5,2,1,1,0,0,0,0,3,slightly_injured
2020,5,Fri,6,52.58783946,13.32419636,afternoon,14,daylight,0,dry,0,0,1,0,0,0,1,0,0,3,slightly_injured
2020,5,Fri,6,52.44719982,13.36225052,night,4,dark,2,dry,0,9,1,0,1,0,0,0,0,2,seriously_injured
2020,5,Fri,6,52.45496898,13.62521681,morning,11,daylight,0,dry,0,0,1,1,0,0,0,0,0,2,seriously_injured
2020,5,Thu,5,52.4491599,13.43590441,afternoon,12,daylight,0,dry,0,2,6,0,1,0,0,0,1,3,slightly_injured
2020,5,Fri,6,52.55354969,13.35755462,afternoon,17,daylight,0,dry,0,0,1,0,0,0,1,0,0,2,seriously_injured
2020,5,Tue,3,52.51020273,13.43002891,evening,19,daylight,0,dry,0,5,2,1,1,0,0,0,0,3,slightly_injured
2020,4,Thu,5,52.60874587,13.43379735,morning,9,daylight,0,wet,1,6,7,0,1,1,0,0,0,3,slightly_injured
2020,5,Thu,5,52.55597599,13.38495196,afternoon,14,daylight,0,dry,0,2,6,0,0,0,0,0,1,3,slightly_injured
2020,4,Thu,5,52.5488077,13.21897328,afternoon,14,daylight,0,wet,1,2,6,0,1,0,0,0,0,3,slightly_injured
2020,5,Wed,4,52.52328063,13.46608079,morning,10,daylight,0,dry,0,5,3,0,1,0,0,0,0,3,slightly_injured
2020,5,Fri,6,52.57566291,13.28242275,morning,11,daylight,0,dry,0,5,3,1,1,0,0,0,0,3,slightly_injured
2020,5,Sat,7,52.51827105,13.30000328,night,2,dark,2,dry,0,1,5,1,1,0,0,0,0,3,slightly_injured
2020,4,Thu,5,52.49904463,13.3018485,afternoon,14,daylight,0,wet,1,5,2,1,1,0,0,0,0,3,slightly_injured
2020,5,Sun,1,52.580019,13.39750636,evening,21,dark,2,dry,0,5,3,0,1,0,0,0,1,3,slightly_injured
2020,5,Mon,2,52.55820124,13.19755179,morning,11,daylight,0,wet,1,7,7,0,1,0,0,0,0,2,seriously_injured
2020,4,Thu,5,52.49262943,13.5583155,afternoon,15,daylight,0,dry,0,5,3,1,1,0,0,0,0,2,seriously_injured
2020,5,Fri,6,52.50788825,13.30223199,afternoon,14,daylight,0,dry,0,5,2,1,1,0,0,0,0,2,seriously_injured
2020,5,Mon,2,52.56617287,13.51253241,afternoon,17,daylight,0,wet,1,6,4,0,0,1,0,0,1,2,seriously_injured
2020,4,Thu,5,52.49299306,13.33101118,afternoon,15,daylight,0,wet,1,2,6,0,1,0,1,0,0,3,slightly_injured
2020,4,Thu,5,52.53426667,13.37009881,afternoon,15,daylight,0,wet,1,5,3,1,1,0,0,0,0,3,slightly_injured
2020,5,Thu,5,52.50030609,13.34980831,morning,10,daylight,0,dry,0,6,7,0,0,1,0,1,0,3,slightly_injured
2020,5,Mon,2,52.56463431,13.32590323,afternoon,17,daylight,0,dry,0,5,2,1,0,0,0,0,1,3,slightly_injured
2020,4,Thu,5,52.50324802,13.31539651,afternoon,15,daylight,0,wet,1,5,3,1,1,0,0,0,0,3,slightly_injured
2020,5,Tue,3,52.54634625,13.34383358,evening,19,daylight,0,dry,0,2,2,0,1,0,0,0,0,3,slightly_injured
2020,5,Fri,6,52.53887116,13.17977924,morning,11,daylight,0,dry,0,0,6,0,1,0,1,0,0,2,seriously_injured
2020,5,Sat,7,52.54364502,13.37420731,afternoon,12,daylight,0,dry,0,2,6,0,1,0,0,0,1,3,slightly_injured
2020,4,Thu,5,52.41265223,13.39274485,afternoon,15,daylight,0,wet,1,5,2,0,1,0,0,0,0,2,seriously_injured
2020,4,Thu,5,52.56915994,13.32978942,afternoon,14,daylight,0,wet,1,2,2,0,1,0,0,0,0,3,slightly_injured
2020,5,Tue,3,52.46511228,13.45151477,afternoon,15,daylight,0,dry,0,3,6,0,1,1,0,1,0,3,slightly_injured
2020,5,Thu,5,52.4724533,13.42864121,afternoon,16,daylight,0,dry,0,6,4,0,1,1,0,0,0,3,slightly_injured
2020,5,Tue,3,52.54749527,13.23400122,evening,20,dusk,1,dry,0,6,4,0,1,1,0,0,0,3,slightly_injured
2020,5,Wed,4,52.42550352,13.3321258,morning,10,daylight,0,dry,0,5,3,1,1,0,0,0,0,2,seriously_injured
2020,5,Mon,2,52.44279657,13.43412771,afternoon,12,daylight,0,wet,1,5,3,0,1,0,0,0,0,3,slightly_injured
2020,5,Wed,4,52.40892766,13.37635441,afternoon,16,daylight,0,dry,0,0,1,1,0,0,0,0,0,3,slightly_injured
2020,5,Wed,4,52.47159355,13.47866782,afternoon,16,daylight,0,dry,0,5,3,0,0,0,1,0,0,3,slightly_injured
2020,5,Sat,7,52.38977355,13.40545648,evening,18,daylight,0,dry,0,0,7,1,0,0,0,0,0,2,seriously_injured
2020,5,Tue,3,52.46657083,13.43186202,afternoon,15,daylight,0,dry,0,1,7,0,1,1,0,0,0,3,slightly_injured
2020,5,Sat,7,52.52721948,13.21257067,afternoon,13,daylight,0,dry,0,3,6,0,1,0,0,0,0,2,seriously_injured
2020,5,Tue,3,52.52658775,13.29738217,evening,19,daylight,0,dry,0,5,2,1,1,0,0,0,0,2,seriously_injured
2020,5,Tue,3,52.4447004,13.41889486,afternoon,15,daylight,0,dry,0,2,6,1,1,0,0,0,0,3,slightly_injured
2020,5,Fri,6,52.53657577,13.60515317,afternoon,16,daylight,0,dry,0,6,4,0,1,1,0,0,0,2,seriously_injured
2020,5,Thu,5,52.44071776,13.35111445,evening,18,daylight,0,dry,0,3,6,1,1,0,0,0,0,3,slightly_injured
2020,5,Tue,3,52.5120615,13.44350996,afternoon,14,daylight,0,dry,0,2,2,0,1,0,1,0,0,3,slightly_injured
2020,5,Mon,2,52.50191292,13.31689296,afternoon,16,daylight,0,dry,0,0,4,1,0,1,0,0,0,3,slightly_injured
2020,5,Thu,5,52.57476696,13.35262281,afternoon,13,daylight,0,dry,0,5,3,1,1,0,0,0,0,3,slightly_injured
2020,5,Wed,4,52.49652401,13.31589388,afternoon,16,daylight,0,dry,0,5,2,1,1,0,0,0,0,3,slightly_injured
2020,5,Sun,1,52.55536651,13.19860966,evening,22,dark,2,wet,1,5,3,0,1,0,0,0,0,3,slightly_injured