ujahr,umonat,weekday,uwochentag,long,lat,time_of_day,ustunde,light_condition,ulichtverh,street_condition,ustrzustand,uart,utyp1,ist_rad,ist_pkw,ist_fuss,ist_krad,ist_gkfz,ist_sonstige,ukategorie,accident_outcome
2020,5,Wed,4,52.47886056,13.37443695,morning,7,daylight,0,dry,0,0,7,0,1,0,0,0,1,3,slightly_injured
2020,5,Sat,7,52.44221483,13.58199995,afternoon,12,daylight,0,dry,0,2,6,0,1,0,0,0,0,3,slightly_injured
2020,5,Fri,6,52.56269948,13.43512443,night,0,dark,2,dry,0,0,1,1,0,0,0,0,0,3,slightly_injured
2020,5,Tue,3,52.47758248,13.50461559,afternoon,15,daylight,0,dry,0,8,7,1,1,0,0,0,0,3,slightly_injured
2020,5,Mon,2,52.481989,13.52555868,morning,10,daylight,0,dry,0,0,6,1,1,0,0,0,0,3,slightly_injured
2020,5,Wed,4,52.55172931,13.16197499,afternoon,14,daylight,0,dry,0,5,7,0,1,0,1,0,0,2,seriously_injured
2020,5,Sat,7,52.47871194,13.60584327,afternoon,16,daylight,0,dry,0,5,3,0,1,0,0,0,0,3,slightly_injured
2020,5,Sat,7,52.45232587,13.45235197,night,1,dark,2,wet,1,2,6,0,1,0,0,0,0,3,slightly_injured
2020,5,Tue,3,52.51607465,13.47935279,afternoon,17,daylight,0,dry,0,2,6,0,1,0,0,0,0,3,slightly_injured
2020,5,Tue,3,52.57106823,13.33046614,afternoon,15,daylight,0,wet,1,0,7,0,0,0,1,0,1,3,slightly_injured
2020,5,Fri,6,52.44312836,13.31551937,afternoon,14,daylight,0,dry,0,5,2,1,1,0,0,0,0,3,slightly_injured
2020,5,Thu,5,52.51848079,13.1828473,afternoon,14,daylight,0,dry,0,5,2,0,1,0,0,0,0,3,slightly_injured
2020,5,Sat,7,52.48889747,13.35352066,afternoon,12,daylight,0,dry,0,0,6,1,0,0,0,0,0,3,slightly_injured
2020,5,Tue,3,52.54812259,13.29681105,afternoon,14,daylight,0,dry,0,5,3,0,1,0,0,0,0,3,slightly_injured
2020,5,Mon,2,52.52657499,13.36933703,afternoon,17,daylight,0,dry,0,6,4,1,0,1,0,0,0,3,slightly_injured
2020,5,Thu,5,52.55032148,13.33906394,afternoon,12,daylight,0,dry,0,2,3,0,1,0,1,0,0,3,slightly_injured
2020,5,Wed,4,52.53374764,13.17924427,afternoon,16,daylight,0,dry,0,2,6,0,1,0,0,0,0,3,slightly_injured
2020,5,Sun,1,52.39885338,13.39109262,afternoon,13,daylight,0,wet,1,4,1,0,1,0,0,0,0,3,slightly_injured
2020,5,Wed,4,52.37535291,13.65198891,afternoon,16,daylight,0,dry,0,0,7,0,1,0,0,1,0,2,seriously_injured
2020,5,Fri,6,52.44579069,13.33088028,morning,8,daylight,0,dry,0,2,6,1,0,0,0,0,0,2,seriously_injured
2020,5,Fri,6,52.53836756,13.32610678,evening,18,daylight,0,dry,0,5,2,0,1,0,0,0,0,3,slightly_injured
2020,5,Tue,3,52.4955016,13.32221232,afternoon,14,daylight,0,dry,0,5,3,1,1,0,0,0,0,3,slightly_injured
2020,5,Tue,3,52.45343666,13.4573938,afternoon,14,daylight,0,dry,0,0,2,1,1,0,0,0,0,3,slightly_injured
2020,5,Thu,5,52.46059988,13.46538524,morning,10,daylight,0,dry,0,5,7,0,1,0,0,0,0,3,slightly_injured
2020,5,Tue,3,52.50975922,13.42120718,evening,20,daylight,0,dry,0,2,2,0,1,0,0,0,0,3,slightly_injured
2020,5,Wed,4,52.46577753,13.56973588,morning,10,daylight,0,dry,0,5,3,1,1,0,0,0,0,2,seriously_injured
2020,5,Tue,3,52.56995354,13.33007203,afternoon,14,daylight,0,wet,1,0,7,0,0,0,1,0,1,3,slightly_injured
2020,5,Mon,2,52.53447632,13.53967083,afternoon,15,daylight,0,wet,1,2,6,0,1,0,0,0,0,3,slightly_injured
2020,5,Wed,4,52.48580566,13.33522097,evening,20,dusk,1,dry,0,5,3,0,1,0,1,0,0,3,slightly_injured
2020,5,Tue,3,52.54255551,13.35084854,afternoon,12,daylight,0,dry,0,2,6,0,1,0,0,0,1,3,slightly_injured
2020,5,Thu,5,52.50988354,13.30383351,afternoon,12,daylight,0,dry,0,1,5,1,1,0,0,0,0,2,seriously_injured
2020,5,Thu,5,52.53338927,13.37954017,morning,10,daylight,0,dry,0,0,1,0,0,0,1,0,0,3,slightly_injured
2020,5,Sat,7,52.51134537,13.45875365,evening,18,daylight,0,dry,0,5,7,0,1,0,1,0,0,3,slightly_injured
2020,5,Tue,3,52.57655985,13.37829962,morning,11,daylight,0,dry,0,6,7,0,1,1,0,0,0,3,slightly_injured
2020,5,Mon,2,52.49761845,13.29624845,morning,8,daylight,0,dry,0,6,2,0,1,1,0,0,0,3,slightly_injured
2020,5,Thu,5,52.53801059,13.32625002,morning,8,daylight,0,dry,0,5,2,0,1,0,0,0,1,3,slightly_injured
2020,5,Wed,4,52.59726585,13.36929157,afternoon,16,daylight,0,dry,0,6,4,0,1,1,0,0,0,2,seriously_injured
2020,5,Sat,7,52.49046629,13.36008976,night,0,dark,2,wet,1,6,4,0,1,1,0,0,0,2,seriously_injured
2020,5,Wed,4,52.44435147,13.57691654,afternoon,14,daylight,0,dry,0,5,3,0,1,0,0,1,0,3,slightly_injured
2020,5,Fri,6,52.55279895,13.24940802,morning,11,daylight,0,dry,0,2,6,0,1,0,0,0,0,3,slightly_injured
2020,5,Fri,6,52.54627665,13.35955141,evening,21,dusk,1,wet,1,2,6,0,1,0,0,0,0,3,slightly_injured
2020,5,Tue,3,52.59605435,13.34425875,morning,10,daylight,0,dry,0,0,3,0,1,0,1,0,0,3,slightly_injured
2020,5,Tue,3,52.48512078,13.18322785,morning,9,daylight,0,dry,0,1,6,1,1,0,0,0,1,3,slightly_injured
2020,5,Thu,5,52.45251414,13.37146791,night,5,daylight,0,dry,0,0,6,0,1,0,1,0,0,2,seriously_injured
2020,5,Tue,3,52.52974728,13.59613931,evening,20,daylight,0,dry,0,5,3,1,1,0,0,0,0,3,slightly_injured
2020,5,Wed,4,52.48047619,13.41637462,afternoon,17,daylight,0,dry,0,5,3,1,1,0,0,0,0,3,slightly_injured
2020,5,Mon,2,52.51352479,13.42372234,afternoon,13,daylight,0,wet,1,2,6,0,1,0,0,0,1,3,slightly_injured
2020,5,Wed,4,52.51356961,13.49001012,afternoon,17,daylight,0,dry,0,2,6,0,1,0,1,0,0,3,slightly_injured
2020,5,Wed,4,52.57089672,13.43262504,afternoon,14,daylight,0,dry,0,5,3,1,1,0,0,0,0,3,slightly_injured
2020,5,Tue,3,52.53836219,13.32610797,morning,9,daylight,0,dry,0,5,2,0,1,0,0,0,0,3,slightly_injured
2020,5,Sat,7,52.51971695,13.61696263,afternoon,13,daylight,0,dry,0,2,6,0,1,0,0,0,0,3,slightly_injured
2020,5,Tue,3,52.49124602,13.39640466,evening,20,daylight,0,dry,0,5,3,0,1,0,0,0,0,3,slightly_injured
2020,5,Wed,4,52.44617976,13.24398501,afternoon,15,daylight,0,dry,0,5,2,1,1,0,0,0,0,3,slightly_injured
2020,5,Sat,7,52.50632657,13.41883605,evening,19,daylight,0,dry,0,3,6,1,1,0,0,0,0,3,slightly_injured
2020,5,Wed,4,52.50094986,13.35345267,morning,11,daylight,0,dry,0,5,7,0,1,0,0,0,0,3,slightly_injured
2020,5,Fri,6,52.46927821,13.23723089,morning,7,daylight,0,dry,0,5,2,1,1,0,0,0,0,2,seriously_injured
2020,5,Fri,6,52.56081233,13.56945007,afternoon,16,daylight,0,dry,0,5,2,1,0,0,0,0,1,3,slightly_injured
2020,5,Tue,3,52.547491,13.55764008,afternoon,13,daylight,0,dry,0,5,3,1,1,0,0,0,0,3,slightly_injured
2020,5,Tue,3,52.5211063,13.32223345,morning,8,daylight,0,dry,0,5,2,1,0,0,0,0,0,3,slightly_injured
2020,5,Thu,5,52.52566473,13.54012811,afternoon,16,daylight,0,dry,0,5,2,1,1,0,0,0,0,3,slightly_injured
2020,5,Tue,3,52.58383911,13.39097105,evening,19,daylight,0,dry,0,5,3,1,1,0,0,0,0,3,slightly_injured
2020,5,Wed,4,52.61799917,13.35466973,morning,10,daylight,0,dry,0,5,3,1,1,0,0,0,0,3,slightly_injured
2020,5,Mon,2,52.55018518,13.57278825,morning,11,daylight,0,dry,0,2,6,0,1,0,0,0,0,3,slightly_injured
2020,5,Wed,4,52.44486677,13.56763871,afternoon,16,daylight,0,dry,0,5,3,1,0,0,0,0,1,3,slightly_injured
2020,5,Sat,7,52.51459262,13.47779174,afternoon,17,daylight,0,dry,0,5,2,1,1,0,0,0,0,3,slightly_injured
2020,5,Tue,3,52.48501953,13.37825804,morning,8,daylight,0,dry,0,5,7,0,1,0,1,0,0,3,slightly_injured
2020,5,Sat,7,52.58777386,13.4278683,morning,11,daylight,0,dry,0,5,3,0,1,0,1,0,0,3,slightly_injured
2020,5,Tue,3,52.51251863,13.47602973,evening,18,daylight,0,dry,0,9,1,0,1,0,1,0,0,3,slightly_injured
2020,5,Tue,3,52.41440507,13.47976102,morning,7,daylight,0,dry,0,5,3,1,1,0,0,0,0,3,slightly_injured
2020,5,Fri,6,52.49517054,13.38399852,afternoon,15,daylight,0,dry,0,5,3,1,1,0,0,0,0,3,slightly_injured
2020,5,Thu,5,52.44064284,13.22413931,afternoon,17,daylight,0,dry,0,0,1,0,0,0,1,0,0,2,seriously_injured
2020,5,Sat,7,52.50608319,13.4196747,evening,23,dark,2,dry,0,5,3,0,1,0,0,0,0,3,slightly_injured
2020,5,Tue,3,52.58114831,13.299487,morning,6,daylight,0,dry,0,1,5,1,1,0,0,0,0,3,slightly_injured
2020,5,Mon,2,52.50018439,13.30959656,evening,20,dusk,1,dry,0,1,5,1,1,0,0,0,0,3,slightly_injured
2020,5,Thu,5,52.45670275,13.14826759,afternoon,12,daylight,0,dry,0,2,6,0,1,0,0,0,0,3,slightly_injured
2020,5,Tue,3,52.42561636,13.44355432,morning,6,daylight,0,dry,0,3,5,0,1,0,1,0,0,2,seriously_injured
2020,5,Fri,6,52.44513275,13.5051288,evening,20,daylight,0,dry,0,5,3,0,1,0,0,0,0,3,slightly_injured
2020,5,Thu,5,52.44398879,13.68214394,evening,22,dark,2,dry,0,0,1,1,0,0,0,0,0,3,slightly_injured
2020,5,Tue,3,52.54148096,13.59161814,morning,6,dusk,1,dry,0,0,3,0,1,0,1,0,0,3,slightly_injured
2020,5,Tue,3,52.46335321,13.32670481,morning,7,daylight,0,dry,0,5,3,1,1,0,0,0,0,3,slightly_injured
2020,5,Thu,5,52.444017,13.2887023,afternoon,14,daylight,0,dry,0,3,6,1,0,0,0,0,0,2,seriously_injured
2020,5,Wed,4,52.45233554,13.42189169,morning,8,daylight,0,dry,0,2,6,0,1,0,0,0,0,3,slightly_injured
2020,5,Mon,2,52.55594743,13.38529933,morning,9,daylight,0,dry,0,2,6,1,0,0,0,0,0,3,slightly_injured
2020,5,Wed,4,52.49933283,13.43204223,morning,8,daylight,0,dry,0,5,2,1,1,0,0,0,0,3,slightly_injured
2020,5,Sat,7,52.53222787,13.40342282,afternoon,14,daylight,0,dry,0,1,5,1,1,0,0,0,0,3,slightly_injured
2020,5,Fri,6,52.41769222,13.31442412,morning,11,daylight,0,dry,0,0,4,1,0,1,0,0,0,3,slightly_injured
2020,5,Tue,3,52.48858516,13.30189307,afternoon,15,daylight,0,dry,0,5,2,1,1,0,0,0,0,3,slightly_injured
2020,5,Tue,3,52.41318519,13.35532024,night,5,daylight,0,dry,0,5,3,0,1,0,0,0,1,3,slightly_injured
2020,5,Fri,6,52.5652608,13.54022147,afternoon,13,daylight,0,dry,0,5,3,1,1,0,0,0,0,3,slightly_injured
2020,5,Thu,5,52.41385355,13.14746033,afternoon,13,daylight,0,dry,0,0,4,1,0,1,0,0,0,3,slightly_injured
2020,5,Sat,7,52.43242234,13.29986362,night,0,dark,2,dry,0,2,6,0,1,0,0,0,0,3,slightly_injured
2020,5,Tue,3,52.4818046,13.41023147,night,4,dusk,1,dry,0,0,7,1,0,0,0,0,0,3,slightly_injured
2020,5,Mon,2,52.51932758,13.29564807,afternoon,17,daylight,0,wet,1,5,2,1,1,0,0,0,0,3,slightly_injured
2020,5,Thu,5,52.48130484,13.37491286,morning,10,daylight,0,dry,0,5,3,0,1,0,0,0,0,3,slightly_injured
2020,5,Wed,4,52.46015115,13.32718149,afternoon,15,daylight,0,dry,0,1,5,0,1,0,0,0,0,3,slightly_injured
2020,5,Sun,1,52.53532098,13.4063529,evening,19,dusk,1,wet,1,0,1,0,0,0,1,0,0,3,slightly_injured
2020,5,Wed,4,52.48453405,13.4995317,afternoon,13,daylight,0,dry,0,0,2,1,0,0,0,1,0,3,slightly_injured
2020,5,Fri,6,52.46750861,13.48939504,afternoon,12,daylight,0,dry,0,6,4,0,1,1,0,0,0,3,slightly_injured
2020,5,Wed,4,52.566872,13.47703837,evening,19,daylight,0,dry,0,5,3,1,1,0,0,0,0,3,slightly_injured
2020,5,Sun,1,52.46328533,13.58337018,afternoon,16,daylight,0,wet,1,2,6,0,1,0,0,0,0,3,slightly_injured
2020,5,Wed,4,52.45946277,13.48697292,morning,6,daylight,0,dry,0,1,5,1,1,0,0,0,0,3,slightly_injured
2020,5,Sat,7,52.50771833,13.39227148,morning,9,daylight,0,dry,0,5,3,0,1,0,0,0,0,3,slightly_injured
2020,5,Fri,6,52.57506134,13.31455294,afternoon,12,daylight,0,dry,0,5,2,0,1,0,1,0,0,3,slightly_injured
2020,5,Tue,3,52.4604272,13.48364345,afternoon,15,daylight,0,dry,0,1,1,0,1,0,0,0,0,3,slightly_injured
2020,5,Tue,3,52.53191657,13.40311961,morning,9,daylight,0,dry,0,0,1,1,0,0,0,0,0,3,slightly_injured
2020,5,Thu,5,52.53244548,13.41237557,morning,8,daylight,0,dry,0,0,1,1,0,0,0,0,0,3,slightly_injured
2020,5,Thu,5,52.51893147,13.27483265,morning,9,daylight,0,dry,0,1,5,0,1,0,0,0,0,3,slightly_injured
2020,5,Sat,7,52.52859626,13.40654206,evening,20,daylight,0,dry,0,5,2,1,1,0,0,0,0,3,slightly_injured
2020,5,Tue,3,52.45588638,13.40255755,afternoon,14,daylight,0,dry,0,0,1,0,0,0,1,0,0,3,slightly_injured
2020,5,Mon,2,52.53882158,13.38609059,morning,6,daylight,0,wet,1,5,3,0,1,0,0,0,1,3,slightly_injured
2020,5,Wed,4,52.55141721,13.43000056,morning,10,daylight,0,dry,0,5,2,1,1,0,0,0,0,3,slightly_injured
2020,5,Wed,4,52.46694825,13.48873188,afternoon,16,daylight,0,dry,0,2,6,0,1,0,0,0,0,3,slightly_injured
2020,5,Sat,7,52.49838641,13.33436689,evening,20,dusk,1,dry,0,5,7,1,1,0,0,0,0,2,seriously_injured
2020,5,Wed,4,52.55041214,13.37844524,afternoon,12,daylight,0,dry,0,5,3,0,1,0,0,0,0,3,slightly_injured
2020,5,Fri,6,52.52007293,13.55617293,morning,11,daylight,0,dry,0,5,3,1,1,0,0,0,0,3,slightly_injured
2020,5,Fri,6,52.42891823,13.55077014,afternoon,15,daylight,0,dry,0,5,2,1,1,0,0,0,0,3,slightly_injured
2020,5,Tue,3,52.54751077,13.36105838,afternoon,13,daylight,0,dry,0,3,6,0,1,0,1,0,0,3,slightly_injured
2020,5,Mon,2,52.53554744,13.51704636,afternoon,13,daylight,0,dry,0,5,2,1,0,0,0,1,0,1,killed
2020,5,Thu,5,52.41187295,13.52833779,afternoon,17,daylight,0,dry,0,0,6,1,0,0,0,0,0,3,slightly_injured
2020,5,Tue,3,52.42269838,13.38723674,evening,18,daylight,0,dry,0,5,7,0,1,0,0,0,0,3,slightly_injured
2020,5,Wed,4,52.43393852,13.27563878,morning,11,daylight,0,dry,0,3,6,1,0,0,0,1,0,3,slightly_injured
2020,5,Fri,6,52.50502768,13.46712413,evening,18,daylight,0,dry,0,1,5,1,1,0,0,0,0,3,slightly_injured
2020,5,Tue,3,52.55333311,13.47482593,afternoon,14,daylight,0,dry,0,5,2,1,1,0,0,0,0,3,slightly_injured
2020,5,Mon,2,52.51362092,13.33189201,afternoon,17,daylight,0,dry,0,0,7,1,0,0,0,0,1,3,slightly_injured
2020,5,Thu,5,52.48103958,13.43478301,morning,8,daylight,0,dry,0,5,3,1,1,0,0,0,0,3,slightly_injured
2020,5,Tue,3,52.47831608,13.44679148,evening,18,daylight,0,dry,0,3,6,1,1,0,0,0,1,3,slightly_injured
2020,5,Wed,4,52.51343924,13.42393798,evening,20,dusk,1,dry,0,5,3,1,1,0,0,0,0,3,slightly_injured
2020,5,Mon,2,52.55400764,13.55230357,afternoon,15,daylight,0,dry,0,5,2,0,1,0,0,0,0,3,slightly_injured
2020,5,Wed,4,52.47534848,13.45278292,evening,18,daylight,0,dry,0,2,6,0,1,0,0,0,0,3,slightly_injured
2020,5,Wed,4,52.56505178,13.32419805,afternoon,14,daylight,0,dry,0,6,4,0,1,1,0,0,0,3,slightly_injured
2020,5,Sat,7,52.51975581,13.16420248,afternoon,14,daylight,0,dry,0,2,6,0,1,0,0,0,1,3,slightly_injured
2020,5,Wed,4,52.45550019,13.61872083,morning,11,daylight,0,dry,0,5,2,1,1,0,0,0,0,3,slightly_injured
2020,5,Wed,4,52.4685628,13.38834051,morning,10,daylight,0,dry,0,3,6,1,0,0,0,0,1,3,slightly_injured
2020,5,Fri,6,52.55399227,13.41256155,night,0,dark,2,dry,0,0,1,1,0,0,0,0,0,3,slightly_injured
2020,5,Fri,6,52.52637856,13.49914099,afternoon,15,daylight,0,dry,0,2,7,1,1,0,0,0,0,3,slightly_injured
2020,5,Mon,2,52.46488549,13.43278275,evening,19,daylight,0,dry,0,6,4,0,1,1,0,0,0,2,seriously_injured
2020,5,Thu,5,52.50860134,13.47997628,afternoon,15,daylight,0,dry,0,5,3,1,0,0,0,0,0,3,slightly_injured
2020,5,Tue,3,52.55678294,13.38481971,afternoon,17,daylight,0,dry,0,2,6,0,1,0,0,0,0,3,slightly_injured
2020,5,Wed,4,52.54412,13.35958094,morning,9,daylight,0,dry,0,5,2,0,1,0,0,0,1,3,slightly_injured
2020,5,Mon,2,52.54749154,13.18454816,morning,10,daylight,0,wet,1,5,2,0,1,0,0,0,0,3,slightly_injured
2020,5,Wed,4,52.45081783,13.53953897,afternoon,15,daylight,0,dry,0,6,4,0,1,1,0,0,0,2,seriously_injured
2020,5,Wed,4,52.41956881,13.20948479,afternoon,13,daylight,0,dry,0,2,6,1,0,0,0,0,0,3,slightly_injured
2020,5,Sat,7,52.51816938,13.19763796,afternoon,16,daylight,0,dry,0,0,3,0,1,0,0,0,1,3,slightly_injured
2020,5,Mon,2,52.48683092,13.35720258,afternoon,13,daylight,0,wet,1,5,2,1,1,0,0,0,0,3,slightly_injured
2020,5,Wed,4,52.59653684,13.34747309,afternoon,17,daylight,0,dry,0,0,6,0,1,1,0,0,0,3,slightly_injured
2020,5,Wed,4,52.46482846,13.32826649,afternoon,13,daylight,0,dry,0,6,2,0,1,1,0,0,0,3,slightly_injured
2020,5,Wed,4,52.54270057,13.4117939,afternoon,14,daylight,0,dry,0,6,4,0,1,1,0,0,0,3,slightly_injured
2020,5,Sat,7,52.41309067,13.39463146,evening,18,daylight,0,dry,0,0,5,0,1,0,0,0,1,3,slightly_injured
2020,5,Mon,2,52.53857217,13.20080583,evening,19,daylight,0,dry,0,2,2,1,1,0,0,0,0,3,slightly_injured
2020,5,Sat,7,52.58805088,13.33994399,afternoon,13,daylight,0,dry,0,5,2,0,1,0,0,0,0,3,slightly_injured
2020,5,Tue,3,52.52583093,13.41123449,evening,20,dusk,1,dry,0,1,5,1,0,0,0,0,1,2,seriously_injured
2020,5,Mon,2,52.49791599,13.29530501,evening,19,daylight,0,dry,0,2,7,0,1,0,1,0,0,3,slightly_injured
2020,5,Fri,6,52.54789063,13.30231272,afternoon,17,daylight,0,dry,0,5,2,0,1,0,0,0,0,3,slightly_injured
2020,5,Thu,5,52.54873201,13.45018966,evening,21,daylight,0,dry,0,0,1,1,0,0,0,0,0,3,slightly_injured
2020,5,Mon,2,52.58167095,13.30169363,afternoon,15,daylight,0,dry,0,1,5,0,1,0,0,0,0,3,slightly_injured
2020,5,Tue,3,52.44770875,13.63866165,morning,7,daylight,0,dry,0,5,3,1,1,0,0,0,0,2,seriously_injured
2020,5,Thu,5,52.4922657,13.43180674,afternoon,13,daylight,0,dry,0,5,3,1,1,0,0,0,0,3,slightly_injured
2020,5,Wed,4,52.53939994,13.34287963,morning,7,daylight,0,dry,0,0,1,0,0,0,1,0,0,3,slightly_injured
2020,5,Sun,1,52.53989075,13.32694246,afternoon,16,daylight,0,dry,0,0,1,1,0,0,0,0,0,3,slightly_injured
2020,5,Wed,4,52.57481954,13.31329124,morning,8,daylight,0,dry,0,5,3,1,1,0,0,0,0,2,seriously_injured
2020,5,Wed,4,52.41941719,13.20896063,afternoon,13,daylight,0,dry,0,3,7,1,0,0,0,0,0,3,slightly_injured
2020,5,Sat,7,52.62656553,13.29059937,afternoon,14,daylight,0,dry,0,6,4,1,0,1,0,0,0,3,slightly_injured
2020,5,Fri,6,52.54914867,13.34910984,night,3,dark,2,dry,0,6,4,0,0,1,0,0,1,2,seriously_injured
2020,5,Tue,3,52.44679396,13.5576304,afternoon,13,daylight,0,dry,0,5,3,1,1,0,0,0,0,3,slightly_injured
2020,5,Mon,2,52.59988832,13.25228092,evening,18,daylight,0,dry,0,2,6,0,1,0,0,0,0,3,slightly_injured
2020,5,Thu,5,52.5579469,13.1558011,afternoon,14,daylight,0,dry,0,5,2,0,1,0,1,1,0,2,seriously_injured
2020,5,Thu,5,52.42621185,13.63017425,afternoon,12,daylight,0,dry,0,7,7,1,0,0,0,0,0,2,seriously_injured
2020,5,Sat,7,52.55713442,13.46640079,night,1,dark,2,dry,0,8,1,0,0,0,0,0,1,2,seriously_injured
2020,5,Sat,7,52.49041567,13.40087896,night,2,dark,2,wet,1,0,1,1,0,0,0,0,0,3,slightly_injured
2020,5,Tue,3,52.53142727,13.46923684,afternoon,13,daylight,0,dry,0,5,2,1,1,0,0,0,0,3,slightly_injured
2020,5,Mon,2,52.50483403,13.44045189,morning,9,daylight,0,dry,0,2,6,0,1,0,0,0,0,3,slightly_injured
2020,5,Fri,6,52.53019132,13.20490361,afternoon,14,daylight,0,dry,0,0,3,1,1,0,0,0,0,3,slightly_injured
2020,5,Thu,5,52.4443013,13.23703513,afternoon,15,daylight,0,dry,0,0,7,1,1,0,0,0,0,2,seriously_injured
2020,5,Sat,7,52.5976893,13.37388924,afternoon,14,daylight,0,dry,0,0,4,0,0,1,0,1,0,3,slightly_injured
2020,5,Mon,2,52.57456235,13.3458709,morning,8,daylight,0,dry,0,5,2,0,1,0,0,0,0,3,slightly_injured
2020,5,Mon,2,52.50782473,13.28594657,afternoon,17,daylight,0,wet,1,5,5,1,1,0,0,0,0,3,slightly_injured
2020,5,Thu,5,52.48585601,13.29690139,afternoon,12,daylight,0,dry,0,5,3,0,1,0,0,0,0,3,slightly_injured
2020,5,Wed,4,52.53960321,13.60916165,evening,18,daylight,0,dry,0,5,2,0,1,0,0,0,0,3,slightly_injured
2020,5,Sun,1,52.51813497,13.38043033,afternoon,14,daylight,0,wet,1,2,2,0,1,0,1,0,0,3,slightly_injured
2020,5,Wed,4,52.45319389,13.39161737,afternoon,15,daylight,0,dry,0,6,4,0,0,1,0,1,0,1,killed
2020,5,Wed,4,52.42315922,13.45599688,afternoon,13,daylight,0,dry,0,2,6,0,1,0,0,0,0,3,slightly_injured
2020,5,Fri,6,52.51579224,13.42676036,morning,7,daylight,0,dry,0,5,2,1,1,0,0,0,0,3,slightly_injured
2020,5,Fri,6,52.58391931,13.30954727,morning,9,daylight,0,dry,0,5,2,0,1,0,0,0,0,3,slightly_injured
2020,5,Tue,3,52.50146238,13.33098939,afternoon,15,daylight,0,dry,0,5,7,0,1,0,1,0,0,3,slightly_injured
2020,5,Mon,2,52.52002264,13.31362661,morning,7,daylight,0,dry,0,6,4,0,0,1,1,0,0,3,slightly_injured
2020,5,Thu,5,52.53575798,13.60133123,morning,10,daylight,0,dry,0,5,2,0,1,0,0,0,0,3,slightly_injured
2020,5,Tue,3,52.41434522,13.35036801,afternoon,17,daylight,0,dry,0,5,2,1,1,0,0,0,0,3,slightly_injured
2020,5,Thu,5,52.43088362,13.31751115,night,0,dark,2,dry,0,9,1,0,1,0,0,0,0,3,slightly_injured
2020,5,Mon,2,52.54717498,13.40754837,afternoon,17,daylight,0,dry,0,0,3,1,1,0,0,0,0,3,slightly_injured
2020,5,Mon,2,52.52419404,13.33228375,afternoon,15,daylight,0,wet,1,5,7,0,1,0,1,0,0,2,seriously_injured
2020,5,Wed,4,52.57934225,13.30003406,evening,21,dark,2,dry,0,0,1,1,0,0,0,0,0,2,seriously_injured
2020,5,Wed,4,52.59727578,13.36930697,afternoon,16,daylight,0,dry,0,0,1,0,0,0,1,0,0,3,slightly_injured
2020,5,Sat,7,52.60019543,13.30245328,evening,18,daylight,0,dry,0,1,5,0,1,0,0,0,0,3,slightly_injured
2020,5,Wed,4,52.44565098,13.33715415,afternoon,12,daylight,0,dry,0,5,3,1,1,0,0,0,0,3,slightly_injured
2020,5,Mon,2,52.54472002,13.56399687,afternoon,17,daylight,0,dry,0,9,1,0,0,0,1,0,0,3,slightly_injured
2020,5,Mon,2,52.46413518,13.51071237,morning,8,daylight,0,wet,1,5,2,0,1,0,1,0,0,3,slightly_injured
2020,5,Thu,5,52.52904745,13.45785113,morning,8,daylight,0,dry,0,5,2,1,1,0,0,0,0,3,slightly_injured
2020,5,Wed,4,52.5213164,13.40266875,afternoon,17,daylight,0,dry,0,5,3,1,1,0,0,0,0,3,slightly_injured
2020,5,Sun,1,52.51392265,13.43976148,afternoon,16,daylight,0,wet,1,5,2,1,1,0,0,0,0,3,slightly_injured
2020,5,Wed,4,52.5005778,13.311888,afternoon,14,daylight,0,dry,0,5,2,1,1,0,0,0,0,2,seriously_injured
2020,5,Fri,6,52.54616805,13.46787157,morning,11,daylight,0,dry,0,0,7,0,1,0,0,0,1,3,slightly_injured
2020,5,Fri,6,52.54992557,13.46361731,evening,21,dark,2,dry,0,0,1,0,0,0,1,0,0,3,slightly_injured
2020,5,Tue,3,52.50497692,13.50033515,morning,10,daylight,0,dry,0,5,3,1,1,0,0,0,0,3,slightly_injured
2020,5,Mon,2,52.44355378,13.37566013,evening,20,dusk,1,dry,0,2,6,0,1,0,1,0,0,3,slightly_injured
2020,5,Thu,5,52.44867303,13.36484783,morning,7,daylight,0,dry,0,2,6,0,1,0,0,0,0,3,slightly_injured
2020,5,Tue,3,52.58124955,13.30394424,afternoon,17,daylight,0,dry,0,5,3,0,0,0,1,1,0,3,slightly_injured
2020,5,Wed,4,52.51148544,13.35096982,evening,20,daylight,0,dry,0,0,1,0,0,0,1,0,0,2,seriously_injured
2020,5,Mon,2,52.45008294,13.55876733,afternoon,13,daylight,0,wet,1,8,1,0,0,0,1,0,0,3,slightly_injured
2020,5,Wed,4,52.45277369,13.57427129,evening,18,daylight,0,dry,0,5,2,1,0,0,0,0,0,3,slightly_injured
2020,5,Wed,4,52.51068271,13.20877333,afternoon,12,daylight,0,dry,0,6,4,0,1,1,0,0,0,2,seriously_injured
2020,5,Wed,4,52.53392138,13.42017121,afternoon,14,daylight,0,dry,0,1,5,1,1,0,0,0,0,3,slightly_injured