ujahr,umonat,weekday,uwochentag,long,lat,time_of_day,ustunde,light_condition,ulichtverh,street_condition,ustrzustand,uart,utyp1,ist_rad,ist_pkw,ist_fuss,ist_krad,ist_gkfz,ist_sonstige,ukategorie,accident_outcome
2020,5,Sat,7,52.55430554,13.14870768,afternoon,14,daylight,0,dry,0,5,2,1,1,0,0,0,0,3,slightly_injured
2020,5,Wed,4,52.52104795,13.19781502,morning,11,daylight,0,dry,0,5,2,0,1,0,0,0,0,3,slightly_injured
2020,5,Wed,4,52.52568737,13.3672741,morning,8,daylight,0,dry,0,0,6,1,0,0,0,1,0,3,slightly_injured
2020,5,Fri,6,52.48639364,13.42964567,evening,20,daylight,0,dry,0,1,5,1,1,0,0,0,0,3,slightly_injured
2020,5,Fri,6,52.55549869,13.39150667,afternoon,12,daylight,0,dry,0,5,2,1,0,0,0,1,0,3,slightly_injured
2020,5,Fri,6,52.44262166,13.42895598,morning,9,daylight,0,dry,0,2,2,0,1,0,1,1,0,3,slightly_injured
2020,5,Fri,6,52.42147996,13.17814088,afternoon,17,daylight,0,dry,0,2,5,1,1,0,0,0,1,3,slightly_injured
2020,5,Tue,3,52.42459335,13.52657385,afternoon,13,daylight,0,dry,0,5,3,0,1,0,1,0,0,2,seriously_injured
2020,5,Mon,2,52.45629452,13.44222147,afternoon,17,daylight,0,dry,0,1,5,1,1,0,0,0,0,3,slightly_injured
2020,5,Thu,5,52.51721375,13.60832296,afternoon,16,daylight,0,dry,0,0,5,0,1,0,0,0,1,3,slightly_injured
2020,5,Tue,3,52.43341855,13.46533504,afternoon,16,daylight,0,dry,0,2,6,0,1,0,1,0,0,3,slightly_injured
2020,5,Wed,4,52.49930278,13.39055058,morning,10,daylight,0,dry,0,5,3,1,1,0,0,0,0,3,slightly_injured
2020,5,Mon,2,52.61234134,13.43372632,afternoon,12,daylight,0,wet,1,5,2,1,1,0,0,0,0,2,seriously_injured
2020,5,Wed,4,52.53621262,13.39114127,afternoon,16,daylight,0,dry,0,5,2,1,0,0,0,0,1,3,slightly_injured
2020,5,Wed,4,52.4701046,13.46416558,afternoon,14,daylight,0,dry,0,2,6,0,1,0,0,1,0,3,slightly_injured
2020,5,Sat,7,52.56729798,13.31489246,afternoon,17,daylight,0,dry,0,8,1,0,1,0,0,0,0,3,slightly_injured
2020,5,Mon,2,52.50455959,13.39461164,afternoon,17,daylight,0,dry,0,5,3,1,1,0,0,0,0,2,seriously_injured
2020,5,Sat,7,52.52425143,13.40287673,afternoon,13,daylight,0,dry,0,1,5,0,1,0,1,0,0,3,slightly_injured
2020,5,Tue,3,52.44589857,13.26771606,evening,19,daylight,0,dry,0,5,3,0,1,0,0,0,0,3,slightly_injured
2020,5,Mon,2,52.58838468,13.27812299,afternoon,16,daylight,0,dry,0,6,7,1,0,1,0,0,0,3,slightly_injured
2020,5,Fri,6,52.54211124,13.34954529,afternoon,15,daylight,0,dry,0,5,2,0,1,0,0,0,0,2,seriously_injured
2020,5,Thu,5,52.539644,13.41084214,evening,18,daylight,0,dry,0,1,5,1,1,0,0,0,0,3,slightly_injured
2020,5,Mon,2,52.50904288,13.42386443,afternoon,15,daylight,0,dry,0,2,6,0,0,0,1,0,1,3,slightly_injured
2020,5,Mon,2,52.55971336,13.40319346,afternoon,16,daylight,0,dry,0,4,6,1,0,0,0,0,1,3,slightly_injured
2020,5,Thu,5,52.53823726,13.53401058,afternoon,13,daylight,0,dry,0,5,2,0,1,0,1,0,0,3,slightly_injured
2020,5,Wed,4,52.52573993,13.36671629,evening,19,daylight,0,dry,0,6,4,0,1,1,0,0,0,3,slightly_injured
2020,5,Sun,1,52.42897349,13.35481223,night,0,dark,2,dry,0,0,1,1,0,0,0,0,0,3,slightly_injured
2020,5,Wed,4,52.52566473,13.54012811,morning,6,daylight,0,dry,0,5,2,1,1,0,0,0,0,3,slightly_injured
2020,5,Tue,3,52.49596975,13.34637122,evening,18,daylight,0,dry,0,2,2,1,1,0,0,0,0,3,slightly_injured
2020,5,Mon,2,52.4303465,13.31228892,afternoon,15,daylight,0,dry,0,5,2,1,1,0,0,0,0,3,slightly_injured
2020,5,Tue,3,52.44164925,13.29814751,morning,7,daylight,0,dry,0,5,2,0,1,0,0,0,1,3,slightly_injured
2020,5,Thu,5,52.51172666,13.49177613,afternoon,14,daylight,0,dry,0,5,2,1,1,0,0,0,0,3,slightly_injured
2020,5,Wed,4,52.59407468,13.46215852,morning,9,daylight,0,dry,0,5,3,1,1,0,0,0,0,2,seriously_injured
2020,5,Mon,2,52.50456576,13.36729918,morning,8,daylight,0,wet,1,0,2,0,1,0,0,0,1,3,slightly_injured
2020,5,Wed,4,52.55349389,13.3603865,morning,10,daylight,0,dry,0,2,3,0,0,0,1,0,1,3,slightly_injured
2020,5,Sat,7,52.5056545,13.43220585,afternoon,16,daylight,0,dry,0,5,2,1,1,0,0,0,0,3,slightly_injured
2020,5,Sat,7,52.54168178,13.2057272,afternoon,14,daylight,0,dry,0,3,6,0,1,0,1,0,0,3,slightly_injured
2020,5,Tue,3,52.49710355,13.39239893,afternoon,16,daylight,0,dry,0,0,7,1,0,0,0,0,0,2,seriously_injured
2020,5,Mon,2,52.51064275,13.45227722,afternoon,15,daylight,0,dry,0,2,6,1,0,0,1,0,0,3,slightly_injured
2020,5,Fri,6,52.52960874,13.23208835,afternoon,14,daylight,0,dry,0,5,3,1,1,0,0,0,0,2,seriously_injured
2020,5,Thu,5,52.45443365,13.61373659,afternoon,14,daylight,0,dry,0,0,3,1,0,0,0,0,1,3,slightly_injured
2020,5,Sat,7,52.58059441,13.39614301,morning,11,daylight,0,dry,0,0,7,0,0,0,1,0,0,2,seriously_injured
2020,5,Mon,2,52.44374492,13.38104727,afternoon,13,daylight,0,dry,0,2,6,0,1,0,0,0,0,2,seriously_injured
2020,5,Mon,2,52.41500621,13.40074475,afternoon,17,dusk,1,dry,0,2,6,0,1,0,0,0,0,3,slightly_injured
2020,5,Thu,5,52.49387308,13.45420072,afternoon,12,daylight,0,dry,0,5,2,1,0,0,0,1,0,3,slightly_injured
2020,5,Wed,4,52.54058996,13.4046113,afternoon,15,daylight,0,dry,0,5,2,1,1,0,0,0,0,3,slightly_injured
2020,5,Sun,1,52.56873097,13.37911135,morning,7,daylight,0,dry,0,1,5,1,1,0,0,0,0,3,slightly_injured
2020,5,Wed,4,52.4530596,13.33623134,afternoon,16,daylight,0,dry,0,0,3,1,1,0,0,0,0,3,slightly_injured
2020,5,Fri,6,52.60747927,13.32205773,afternoon,15,daylight,0,dry,0,5,3,0,1,0,1,0,0,3,slightly_injured
2020,5,Fri,6,52.59583216,13.33922869,evening,18,daylight,0,dry,0,5,3,0,1,0,0,0,0,3,slightly_injured
2020,5,Tue,3,52.52284514,13.40908987,morning,10,daylight,0,dry,0,2,6,0,1,0,1,0,0,3,slightly_injured
2020,5,Mon,2,52.51167576,13.58715721,afternoon,13,daylight,0,dry,0,0,1,1,0,0,0,0,0,2,seriously_injured
2020,5,Thu,5,52.5107735,13.41735389,evening,21,dusk,1,dry,0,5,2,1,0,0,1,0,0,3,slightly_injured
2020,5,Sat,7,52.55704436,13.46678176,morning,10,daylight,0,dry,0,5,2,0,1,0,0,0,0,3,slightly_injured
2020,5,Fri,6,52.56439179,13.35256548,afternoon,12,daylight,0,dry,0,5,2,0,1,0,0,0,1,3,slightly_injured
2020,5,Tue,3,52.50513596,13.49538359,afternoon,13,daylight,0,dry,0,2,6,0,1,0,1,0,0,3,slightly_injured
2020,5,Mon,2,52.41448585,13.31782981,afternoon,13,daylight,0,dry,0,5,3,0,1,0,0,0,0,3,slightly_injured
2020,5,Thu,5,52.51344169,13.32076149,morning,10,daylight,0,dry,0,3,6,0,1,0,1,0,0,3,slightly_injured
2020,5,Thu,5,52.52817719,13.39208231,morning,10,daylight,0,dry,0,4,7,0,1,0,0,0,0,3,slightly_injured
2020,5,Sat,7,52.49754068,13.44838028,evening,20,daylight,0,dry,0,0,4,1,0,1,0,0,0,3,slightly_injured
2020,5,Mon,2,52.55124809,13.43042543,afternoon,13,daylight,0,dry,0,5,2,1,1,0,0,0,0,3,slightly_injured
2020,5,Mon,2,52.45797429,13.42506544,morning,7,daylight,0,wet,1,5,3,1,1,0,0,0,0,3,slightly_injured
2020,5,Thu,5,52.56038548,13.2177409,afternoon,14,daylight,0,dry,0,5,3,0,1,0,0,0,0,3,slightly_injured
2020,5,Wed,4,52.56323421,13.32960284,afternoon,16,daylight,0,dry,0,2,6,0,1,0,0,0,0,3,slightly_injured
2020,5,Sat,7,52.61701377,13.33987616,morning,8,daylight,0,wet,1,0,1,0,0,0,1,0,0,3,slightly_injured
2020,5,Wed,4,52.53926473,13.33005602,afternoon,13,daylight,0,dry,0,0,6,0,1,0,1,0,0,3,slightly_injured
2020,5,Tue,3,52.5647025,13.3983669,evening,18,daylight,0,dry,0,6,7,0,1,1,0,0,0,3,slightly_injured
2020,5,Fri,6,52.56740892,13.36318468,morning,11,daylight,0,dry,0,1,5,0,1,0,0,0,0,3,slightly_injured
2020,5,Fri,6,52.50252788,13.32525181,evening,20,daylight,0,dry,0,5,2,1,1,0,0,0,0,3,slightly_injured
2020,5,Tue,3,52.45342229,13.27229089,morning,9,daylight,0,dry,0,5,2,1,1,0,0,0,0,2,seriously_injured
2020,5,Mon,2,52.55479845,13.51208474,afternoon,13,daylight,0,dry,0,6,7,0,1,1,0,0,0,2,seriously_injured
2020,5,Thu,5,52.43190521,13.49571177,evening,18,daylight,0,dry,0,5,3,1,1,0,0,0,0,3,slightly_injured
2020,5,Tue,3,52.52366618,13.39965133,afternoon,16,daylight,0,dry,0,0,1,1,0,0,0,0,0,3,slightly_injured
2020,5,Wed,4,52.51922477,13.33052546,morning,11,daylight,0,dry,0,1,7,0,1,0,0,0,0,3,slightly_injured
2020,5,Mon,2,52.45089794,13.43456256,afternoon,13,daylight,0,wet,1,5,3,0,1,0,1,0,0,2,seriously_injured
2020,5,Wed,4,52.56242163,13.37343317,afternoon,17,daylight,0,dry,0,6,4,0,1,1,0,0,0,3,slightly_injured
2020,5,Wed,4,52.44936758,13.26969084,afternoon,14,daylight,0,dry,0,5,2,1,1,0,0,0,0,3,slightly_injured
2020,5,Tue,3,52.50757196,13.58809129,afternoon,15,daylight,0,dry,0,5,3,0,1,0,0,0,0,3,slightly_injured
2020,5,Wed,4,52.50124026,13.34628182,morning,7,daylight,0,dry,0,5,2,1,0,0,0,0,1,3,slightly_injured
2020,5,Mon,2,52.5177426,13.44531363,afternoon,14,daylight,0,dry,0,6,4,1,0,1,0,0,0,3,slightly_injured
2020,5,Wed,4,52.6076512,13.43346035,evening,18,daylight,0,dry,0,3,2,1,1,0,0,0,0,2,seriously_injured
2020,5,Wed,4,52.55318303,13.42106276,afternoon,16,daylight,0,dry,0,1,5,1,1,0,0,0,0,3,slightly_injured
2020,5,Sat,7,52.4032399,13.50602822,evening,18,daylight,0,dry,0,5,3,1,1,0,0,0,0,3,slightly_injured
2020,5,Wed,4,52.50038832,13.61305794,morning,11,daylight,0,dry,0,2,6,0,1,0,0,0,0,3,slightly_injured
2020,5,Fri,6,52.52968794,13.55805091,night,4,dusk,1,dry,0,5,3,1,1,0,0,0,0,3,slightly_injured
2020,5,Fri,6,52.55384058,13.41500129,afternoon,14,daylight,0,dry,0,2,6,0,1,0,0,0,0,3,slightly_injured
2020,5,Tue,3,52.44850996,13.55908534,morning,8,daylight,0,dry,0,2,6,0,1,0,0,0,0,3,slightly_injured
2020,5,Mon,2,52.5118566,13.29363248,afternoon,13,daylight,0,dry,0,5,3,1,1,0,0,0,0,3,slightly_injured
2020,5,Thu,5,52.51277021,13.41733401,afternoon,15,daylight,0,dry,0,1,5,0,1,0,0,0,0,3,slightly_injured
2020,5,Tue,3,52.5237934,13.32960721,afternoon,15,daylight,0,dry,0,5,2,1,1,0,0,0,0,3,slightly_injured
2020,5,Wed,4,52.45228715,13.13739084,morning,10,daylight,0,dry,0,1,5,0,1,0,1,0,0,3,slightly_injured
2020,5,Mon,2,52.53865274,13.60415803,morning,11,daylight,0,wet,1,0,2,0,0,1,0,0,1,3,slightly_injured
2020,5,Wed,4,52.55114579,13.16537051,evening,18,daylight,0,dry,0,5,2,0,1,0,0,0,0,3,slightly_injured
2020,5,Sat,7,52.47260981,13.45493352,afternoon,17,daylight,0,dry,0,5,2,1,1,0,0,0,0,3,slightly_injured
2020,5,Sat,7,52.40152183,13.4085559,morning,10,daylight,0,dry,0,1,5,1,1,0,0,0,0,3,slightly_injured
2020,5,Tue,3,52.47408054,13.44520155,afternoon,17,daylight,0,dry,0,6,4,0,1,1,0,0,0,3,slightly_injured
2020,5,Mon,2,52.41738403,13.49971658,afternoon,12,daylight,0,dry,0,9,1,0,1,0,0,0,0,2,seriously_injured
2020,5,Fri,6,52.56544556,13.20327509,afternoon,14,daylight,0,dry,0,1,5,1,1,0,0,0,0,3,slightly_injured
2020,5,Sat,7,52.51008824,13.38414554,evening,19,daylight,0,dry,0,2,2,0,1,0,0,0,1,3,slightly_injured
2020,5,Mon,2,52.56414633,13.39265607,morning,10,daylight,0,dry,0,6,7,0,0,1,0,0,1,3,slightly_injured
2020,5,Sat,7,52.54878122,13.17776036,afternoon,13,daylight,0,dry,0,2,6,0,1,0,0,0,0,3,slightly_injured
2020,5,Tue,3,52.54212795,13.33652202,evening,20,dusk,1,dry,0,5,2,1,1,0,0,0,0,3,slightly_injured
2020,5,Sun,1,52.4523632,13.59339779,afternoon,16,daylight,0,dry,0,0,6,1,0,0,0,0,0,3,slightly_injured
2020,5,Fri,6,52.50101924,13.30667933,evening,18,daylight,0,dry,0,0,1,0,0,0,1,0,0,2,seriously_injured
2020,5,Thu,5,52.45527382,13.32599954,evening,23,dark,2,dry,0,1,5,1,1,0,0,0,0,3,slightly_injured
2020,5,Sun,1,52.45862309,13.33900412,afternoon,16,daylight,0,dry,0,2,6,1,1,0,0,0,0,3,slightly_injured
2020,5,Tue,3,52.51503385,13.46286048,morning,7,daylight,0,dry,0,5,2,1,1,0,0,0,0,3,slightly_injured
2020,5,Thu,5,52.48090873,13.31400596,afternoon,13,daylight,0,dry,0,5,2,1,1,0,0,0,0,3,slightly_injured
2020,5,Wed,4,52.45712537,13.54878513,morning,8,daylight,0,dry,0,1,5,1,1,0,0,0,0,3,slightly_injured
2020,5,Mon,2,52.57706204,13.33270733,morning,8,daylight,0,wet,1,1,7,1,1,0,0,0,0,3,slightly_injured
2020,5,Wed,4,52.6412272,13.51410924,morning,8,daylight,0,dry,0,6,4,0,0,1,1,0,0,2,seriously_injured
2020,5,Sat,7,52.57594695,13.42631513,afternoon,14,daylight,0,dry,0,5,2,1,1,0,0,0,0,2,seriously_injured
2020,5,Fri,6,52.47388721,13.45581399,morning,9,daylight,0,dry,0,2,2,0,1,0,0,0,0,3,slightly_injured
2020,5,Tue,3,52.50709456,13.39822379,afternoon,15,daylight,0,dry,0,5,2,0,1,0,1,0,0,3,slightly_injured
2020,5,Sun,1,52.52280723,13.59257001,afternoon,14,daylight,0,dry,0,0,7,1,1,0,0,0,0,3,slightly_injured
2020,5,Fri,6,52.55104447,13.44287372,afternoon,12,daylight,0,dry,0,0,5,0,0,0,0,0,1,2,seriously_injured
2020,5,Thu,5,52.44359777,13.5293363,afternoon,12,daylight,0,dry,0,5,7,0,1,0,1,0,0,2,seriously_injured
2020,5,Sat,7,52.43255766,13.25918817,morning,6,daylight,0,dry,0,8,1,0,1,0,0,0,0,2,seriously_injured
2020,5,Sun,1,52.52463826,13.40312437,evening,21,dark,2,dry,0,0,1,1,0,0,0,0,0,3,slightly_injured
2020,5,Mon,2,52.50160937,13.32000703,afternoon,16,daylight,0,wet,1,2,2,0,1,0,0,0,0,3,slightly_injured
2020,5,Thu,5,52.53722854,13.42285835,morning,9,daylight,0,dry,0,0,3,0,1,0,1,0,0,3,slightly_injured
2020,5,Wed,4,52.61827705,13.30823435,afternoon,15,daylight,0,dry,0,6,4,0,1,1,0,0,0,3,slightly_injured
2020,5,Thu,5,52.53265984,13.39887891,afternoon,16,daylight,0,dry,0,5,3,0,1,0,0,0,1,3,slightly_injured
2020,5,Sat,7,52.53583892,13.50705945,evening,19,daylight,0,dry,0,1,5,1,0,0,0,0,1,3,slightly_injured
2020,5,Sun,1,52.51128694,13.44663681,evening,20,dusk,1,dry,0,5,3,1,1,0,0,0,0,3,slightly_injured
2020,5,Mon,2,52.4718919,13.42893026,afternoon,17,daylight,0,wet,1,2,6,0,1,0,1,0,0,3,slightly_injured
2020,5,Thu,5,52.44535812,13.32378935,afternoon,12,daylight,0,dry,0,6,4,0,1,1,0,0,0,3,slightly_injured
2020,5,Wed,4,52.52491136,13.34665523,evening,19,daylight,0,dry,0,5,3,1,0,0,1,0,0,3,slightly_injured
2020,5,Sun,1,52.42294019,13.49070873,afternoon,14,daylight,0,wet,1,5,3,0,1,0,0,0,0,3,slightly_injured
2020,5,Wed,4,52.502316,13.4700199,night,4,dusk,1,dry,0,5,3,0,1,0,0,0,0,3,slightly_injured
2020,5,Fri,6,52.57159527,13.44340876,afternoon,12,daylight,0,dry,0,2,6,0,1,0,0,0,0,3,slightly_injured
2020,5,Fri,6,52.61013151,13.29509278,morning,11,daylight,0,dry,0,2,6,0,1,0,0,0,0,3,slightly_injured
2020,5,Tue,3,52.51850474,13.28059017,afternoon,13,daylight,0,dry,0,2,6,0,1,0,0,1,0,3,slightly_injured
2020,5,Sun,1,52.46893722,13.3324631,evening,20,dusk,1,dry,0,5,2,1,1,0,0,0,0,3,slightly_injured
2020,5,Thu,5,52.56457943,13.50897002,afternoon,16,daylight,0,dry,0,3,2,0,1,0,0,0,0,3,slightly_injured
2020,5,Thu,5,52.48580131,13.26386286,morning,8,daylight,0,dry,0,1,5,1,1,0,0,0,0,3,slightly_injured
2020,5,Sun,1,52.46038435,13.41766136,evening,20,daylight,0,dry,0,2,6,0,1,0,0,0,0,2,seriously_injured
2020,5,Mon,2,52.53801404,13.24813412,morning,6,daylight,0,wet,1,0,6,0,1,0,1,0,0,3,slightly_injured
2020,5,Wed,4,52.48652387,13.42458417,afternoon,16,daylight,0,dry,0,6,7,0,0,1,0,0,1,3,slightly_injured
2020,5,Wed,4,52.53794089,13.22809173,afternoon,16,daylight,0,dry,0,2,6,0,1,0,0,0,1,3,slightly_injured
2020,5,Sat,7,52.53524304,13.1571731,evening,20,dusk,1,dry,0,9,2,0,1,0,0,0,0,3,slightly_injured
2020,5,Wed,4,52.43648274,13.37127685,afternoon,12,daylight,0,dry,0,5,3,0,1,0,1,0,0,3,slightly_injured
2020,5,Fri,6,52.45517918,13.25018548,morning,10,daylight,0,dry,0,2,7,0,1,0,1,0,0,2,seriously_injured
2020,5,Fri,6,52.54677317,13.34536566,afternoon,17,daylight,0,dry,0,5,3,1,1,0,0,0,0,3,slightly_injured
2020,5,Tue,3,52.43098123,13.4615865,afternoon,13,daylight,0,dry,0,5,3,1,1,0,0,0,0,3,slightly_injured
2020,5,Sun,1,52.4643291,13.51675482,afternoon,16,daylight,0,dry,0,6,4,0,1,1,0,0,0,2,seriously_injured
2020,5,Wed,4,52.54089474,13.20380232,afternoon,15,daylight,0,dry,0,5,3,1,1,0,0,0,0,3,slightly_injured
2020,5,Fri,6,52.53570234,13.40674495,morning,11,daylight,0,dry,0,3,6,1,0,0,0,0,1,3,slightly_injured
2020,5,Fri,6,52.4644027,13.2966499,afternoon,17,daylight,0,dry,0,5,3,1,1,0,1,0,0,3,slightly_injured
2020,5,Tue,3,52.48002614,13.48336543,morning,10,daylight,0,dry,0,5,3,1,1,0,0,0,0,3,slightly_injured
2020,5,Sun,1,52.51702494,13.44061195,afternoon,17,daylight,0,dry,0,5,2,1,1,0,0,0,0,3,slightly_injured
2020,5,Thu,5,52.58338154,13.30564405,morning,7,daylight,0,dry,0,5,3,0,1,0,0,0,0,3,slightly_injured
2020,5,Tue,3,52.48669273,13.52512752,afternoon,15,daylight,0,dry,0,5,3,0,1,0,1,0,0,3,slightly_injured
2020,5,Wed,4,52.4400688,13.38160615,evening,22,dark,2,dry,0,5,7,0,1,0,1,0,0,3,slightly_injured
2020,5,Mon,2,52.57231036,13.56440211,afternoon,13,daylight,0,wet,1,5,2,1,1,0,0,0,0,3,slightly_injured
2020,5,Wed,4,52.52555211,13.3661013,evening,18,daylight,0,dry,0,2,6,0,1,0,0,0,0,3,slightly_injured
2020,5,Tue,3,52.53249757,13.14157453,afternoon,16,daylight,0,dry,0,5,2,0,1,0,1,0,0,2,seriously_injured
2020,5,Wed,4,52.4969479,13.43324536,afternoon,14,daylight,0,dry,0,0,1,1,0,0,0,0,0,3,slightly_injured
2020,5,Sat,7,52.47989394,13.42534855,afternoon,14,daylight,0,dry,0,2,7,1,1,0,0,0,0,3,slightly_injured
2020,5,Wed,4,52.52389633,13.24971918,morning,11,daylight,0,dry,0,2,6,0,1,0,0,0,0,3,slightly_injured
2020,5,Tue,3,52.52439491,13.44931503,afternoon,13,daylight,0,dry,0,2,3,0,1,0,0,0,1,3,slightly_injured
2020,5,Fri,6,52.4345758,13.31609982,evening,22,dark,2,dry,0,8,1,0,0,0,1,0,0,3,slightly_injured
2020,5,Fri,6,52.48509844,13.36429924,afternoon,12,daylight,0,dry,0,1,5,1,1,0,0,0,0,3,slightly_injured
2020,5,Sun,1,52.50508415,13.30089675,afternoon,17,daylight,0,dry,0,1,5,1,1,0,0,0,0,3,slightly_injured
2020,5,Thu,5,52.57128353,13.39744114,afternoon,15,daylight,0,dry,0,5,2,1,1,0,0,0,0,2,seriously_injured
2020,5,Wed,4,52.53408399,13.5598008,morning,9,daylight,0,dry,0,3,6,0,0,0,0,0,1,3,slightly_injured
2020,6,Mon,2,52.55043029,13.33922994,evening,19,daylight,0,dry,0,5,3,1,1,0,0,0,0,3,slightly_injured
2020,6,Mon,2,52.46629538,13.378187,evening,22,dusk,1,dry,0,0,2,0,1,0,1,0,0,3,slightly_injured
2020,6,Sat,7,52.54676663,13.24038189,morning,10,daylight,0,dry,0,6,7,1,0,1,0,0,0,3,slightly_injured
2020,6,Fri,6,52.40912719,13.37610845,afternoon,14,daylight,0,dry,0,5,2,1,1,0,0,0,0,2,seriously_injured
2020,6,Wed,4,52.62041445,13.24315448,afternoon,13,daylight,0,dry,0,2,6,1,1,0,0,0,0,3,slightly_injured
2020,6,Sat,7,52.4516632,13.41472874,evening,20,daylight,0,dry,0,8,1,0,1,0,0,0,0,3,slightly_injured
2020,6,Fri,6,52.44417328,13.43357537,afternoon,14,daylight,0,dry,0,2,2,0,1,0,1,0,0,3,slightly_injured
2020,6,Fri,6,52.5212463,13.42935225,morning,11,daylight,0,dry,0,5,2,1,1,0,0,0,0,3,slightly_injured
2020,6,Tue,3,52.50159407,13.47473099,afternoon,16,daylight,0,dry,0,3,6,1,1,0,0,0,0,3,slightly_injured
2020,6,Mon,2,52.46039576,13.27495542,afternoon,15,daylight,0,dry,0,5,2,0,1,0,0,0,0,2,seriously_injured
2020,6,Fri,6,52.53517475,13.5146778,morning,11,daylight,0,dry,0,5,2,1,0,0,0,1,0,3,slightly_injured
2020,6,Mon,2,52.52565113,13.53792391,morning,11,daylight,0,dry,0,3,6,0,1,0,0,1,0,2,seriously_injured
2020,6,Mon,2,52.53091288,13.40222663,afternoon,15,daylight,0,dry,0,1,5,1,1,0,0,0,0,3,slightly_injured
2020,6,Fri,6,52.49332421,13.33362312,evening,23,dark,2,wet,1,0,1,0,0,0,0,0,1,3,slightly_injured
2020,6,Thu,5,52.59573952,13.33935148,afternoon,17,daylight,0,wet,1,0,7,0,1,0,0,0,0,3,slightly_injured
2020,6,Sun,1,52.53954252,13.60839991,afternoon,16,daylight,0,dry,0,0,7,0,0,0,0,0,1,3,slightly_injured
2020,6,Mon,2,52.62081426,13.24395014,afternoon,14,daylight,0,dry,0,0,7,1,0,0,0,0,0,3,slightly_injured
2020,6,Fri,6,52.41375322,13.58330938,afternoon,14,daylight,0,wet,1,2,7,1,1,0,0,0,0,3,slightly_injured
2020,6,Fri,6,52.4698264,13.37205349,evening,22,dark,2,wet,1,5,2,0,1,0,0,0,0,3,slightly_injured
2020,6,Wed,4,52.55072518,13.41034552,morning,6,daylight,0,dry,0,5,3,1,0,0,0,0,1,3,slightly_injured
2020,6,Fri,6,52.52581202,13.36834634,evening,21,dark,2,dry,0,5,3,1,1,0,0,0,0,3,slightly_injured
2020,6,Tue,3,52.60141762,13.4710825,morning,10,daylight,0,dry,0,5,3,0,1,0,0,0,0,3,slightly_injured
2020,6,Fri,6,52.42829536,13.52237128,evening,21,dusk,1,dry,0,5,3,0,1,0,0,0,1,3,slightly_injured
2020,6,Fri,6,52.54751928,13.18459601,afternoon,13,daylight,0,dry,0,5,2,0,1,0,0,0,0,2,seriously_injured
2020,6,Tue,3,52.48998454,13.41540549,morning,8,daylight,0,dry,0,5,3,1,0,0,0,0,0,3,slightly_injured
2020,6,Fri,6,52.46596656,13.38294162,morning,11,daylight,0,dry,0,2,6,0,1,0,0,0,0,3,slightly_injured
2020,6,Mon,2,52.42946228,13.46542317,afternoon,15,daylight,0,dry,0,0,7,1,1,0,0,0,1,3,slightly_injured
2020,6,Mon,2,52.58163219,13.27490603,afternoon,12,daylight,0,dry,0,3,6,1,0,0,0,0,0,3,slightly_injured
2020,6,Fri,6,52.54838529,13.18187283,morning,10,daylight,0,dry,0,1,7,0,1,0,0,0,0,3,slightly_injured
2020,6,Wed,4,52.44095543,13.29553542,afternoon,17,daylight,0,dry,0,5,3,1,1,0,0,0,0,3,slightly_injured
2020,6,Thu,5,52.54611793,13.46058377,afternoon,16,daylight,0,dry,0,1,5,1,1,0,0,0,0,3,slightly_injured
2020,6,Sun,1,52.48020885,13.52528625,afternoon,17,daylight,0,dry,0,5,3,0,1,0,0,0,0,3,slightly_injured
2020,6,Mon,2,52.56432119,13.46096452,afternoon,13,daylight,0,dry,0,5,3,1,1,0,0,0,0,3,slightly_injured
2020,6,Fri,6,52.53416612,13.43476798,evening,20,dusk,1,dry,0,1,5,0,1,0,1,0,0,3,slightly_injured
2020,6,Fri,6,52.48516508,13.43264639,afternoon,13,daylight,0,dry,0,1,5,1,1,0,0,0,0,3,slightly_injured
2020,6,Wed,4,52.53887826,13.23589205,morning,10,daylight,0,dry,0,2,6,0,1,0,0,0,0,3,slightly_injured
2020,6,Fri,6,52.48142848,13.44189942,morning,9,daylight,0,wet,1,1,5,1,1,0,0,0,0,3,slightly_injured
2020,6,Tue,3,52.51844436,13.61884448,morning,8,daylight,0,dry,0,5,3,1,0,0,0,0,1,3,slightly_injured
2020,6,Fri,6,52.50886416,13.31425913,evening,20,daylight,0,dry,0,0,2,1,1,0,0,0,0,3,slightly_injured
2020,6,Mon,2,52.42289707,13.48708961,morning,9,daylight,0,dry,0,5,3,0,1,0,0,0,0,3,slightly_injured
2020,6,Mon,2,52.54805076,13.50006332,afternoon,13,daylight,0,dry,0,5,3,0,0,0,1,0,1,3,slightly_injured
2020,6,Sat,7,52.44807942,13.40344845,morning,10,daylight,0,dry,0,6,2,0,1,1,0,0,0,3,slightly_injured
2020,6,Fri,6,52.52448076,13.24773678,afternoon,12,daylight,0,dry,0,2,6,0,1,0,0,0,0,3,slightly_injured
2020,6,Wed,4,52.45836773,13.42589847,afternoon,15,daylight,0,dry,0,0,3,1,1,0,0,0,0,3,slightly_injured