ujahr,umonat,weekday,uwochentag,long,lat,time_of_day,ustunde,light_condition,ulichtverh,street_condition,ustrzustand,uart,utyp1,ist_rad,ist_pkw,ist_fuss,ist_krad,ist_gkfz,ist_sonstige,ukategorie,accident_outcome
2020,6,Sat,7,52.49881802,13.41705994,evening,22,dark,2,dry,0,6,4,0,0,1,0,0,1,3,slightly_injured
2020,6,Mon,2,52.58223939,13.20844854,afternoon,12,daylight,0,dry,0,2,6,1,1,0,0,0,0,3,slightly_injured
2020,6,Fri,6,52.54927769,13.34935828,evening,18,daylight,0,dry,0,2,6,0,1,0,0,0,0,3,slightly_injured
2020,6,Mon,2,52.46430202,13.44737557,morning,10,daylight,0,dry,0,5,2,0,1,0,0,0,0,3,slightly_injured
2020,6,Mon,2,52.52454655,13.59774783,afternoon,12,daylight,0,dry,0,5,3,1,1,0,0,0,0,3,slightly_injured
2020,6,Fri,6,52.53151182,13.19625383,evening,19,daylight,0,dry,0,5,3,1,1,0,0,0,0,3,slightly_injured
2020,6,Wed,4,52.4321246,13.48460595,afternoon,16,daylight,0,dry,0,6,4,0,1,1,0,0,0,3,slightly_injured
2020,6,Thu,5,52.56295795,13.51883553,afternoon,12,daylight,0,dry,0,6,4,0,1,1,0,0,0,3,slightly_injured
2020,6,Sun,1,52.53681688,13.44905484,afternoon,17,daylight,0,dry,0,3,6,0,1,0,1,0,0,3,slightly_injured
2020,6,Mon,2,52.55599487,13.38472238,morning,11,daylight,0,dry,0,2,6,0,1,0,0,0,0,3,slightly_injured
2020,6,Fri,6,52.5041871,13.3910123,afternoon,12,daylight,0,dry,0,5,3,1,1,0,0,0,0,3,slightly_injured
2020,6,Fri,6,52.53823881,13.41922892,morning,8,daylight,0,wet,1,0,1,0,0,0,1,0,0,3,slightly_injured
2020,6,Wed,4,52.48040105,13.31281342,morning,8,daylight,0,dry,0,5,2,0,1,0,0,0,1,3,slightly_injured
2020,6,Fri,6,52.4388816,13.5819927,morning,8,daylight,0,dry,0,5,3,0,1,0,0,0,0,2,seriously_injured
2020,6,Tue,3,52.49332043,13.36784237,afternoon,15,daylight,0,dry,0,4,6,0,0,0,0,0,1,2,seriously_injured
2020,6,Fri,6,52.44805853,13.34401319,morning,7,daylight,0,wet,1,1,5,1,1,0,0,0,0,2,seriously_injured
2020,6,Mon,2,52.45519098,13.51416826,evening,20,daylight,0,dry,0,5,2,1,0,0,0,0,1,3,slightly_injured
2020,6,Mon,2,52.41946195,13.58866946,morning,10,daylight,0,dry,0,0,1,1,0,0,0,0,0,3,slightly_injured
2020,6,Sat,7,52.61146385,13.33775488,morning,9,daylight,0,dry,0,5,3,1,1,0,0,0,0,2,seriously_injured
2020,6,Fri,6,52.45546809,13.61836761,morning,7,daylight,0,wet,1,0,1,1,0,0,0,0,0,3,slightly_injured
2020,6,Wed,4,52.43405484,13.21208951,afternoon,14,daylight,0,dry,0,5,3,0,1,0,0,0,0,3,slightly_injured
2020,6,Sat,7,52.50096874,13.31504163,evening,23,dark,2,dry,0,5,7,0,1,0,0,0,0,3,slightly_injured
2020,6,Fri,6,52.51079155,13.3767167,morning,7,daylight,0,wet,1,5,3,1,1,0,0,0,0,3,slightly_injured
2020,6,Fri,6,52.50060483,13.44284071,evening,18,daylight,0,wet,1,2,6,1,1,0,0,0,0,3,slightly_injured
2020,6,Tue,3,52.50245072,13.32524127,evening,18,daylight,0,dry,0,5,2,1,1,0,0,0,0,3,slightly_injured
2020,6,Mon,2,52.43696393,13.59688811,morning,10,daylight,0,dry,0,0,2,1,1,0,0,0,0,3,slightly_injured
2020,6,Fri,6,52.56797371,13.43963691,afternoon,16,daylight,0,dry,0,2,2,0,1,0,0,0,1,3,slightly_injured
2020,6,Mon,2,52.48651115,13.37349772,evening,23,dark,2,dry,0,0,1,1,0,0,0,0,0,3,slightly_injured
2020,6,Fri,6,52.55115559,13.44945313,morning,7,daylight,0,wet,1,0,1,0,0,0,1,0,0,3,slightly_injured
2020,6,Tue,3,52.45570429,13.63507633,evening,19,daylight,0,dry,0,3,6,1,0,0,0,0,0,2,seriously_injured
2020,6,Thu,5,52.43580421,13.27379365,morning,7,daylight,0,dry,0,0,3,1,0,0,0,0,0,3,slightly_injured
2020,6,Tue,3,52.54878771,13.42080768,afternoon,13,daylight,0,dry,0,5,3,0,1,0,0,0,1,3,slightly_injured
2020,6,Thu,5,52.52955676,13.6060541,afternoon,17,daylight,0,dry,0,0,1,0,1,0,0,0,0,3,slightly_injured
2020,6,Mon,2,52.57848329,13.34798628,afternoon,17,daylight,0,dry,0,5,3,0,1,0,0,0,0,3,slightly_injured
2020,6,Mon,2,52.5097221,13.33072973,morning,10,daylight,0,dry,0,5,7,0,1,0,1,0,0,3,slightly_injured
2020,6,Sat,7,52.55111525,13.44272143,afternoon,15,daylight,0,dry,0,5,2,0,0,0,1,0,1,3,slightly_injured
2020,6,Thu,5,52.5058227,13.3333443,afternoon,14,daylight,0,dry,0,1,5,0,1,0,0,0,1,3,slightly_injured
2020,6,Wed,4,52.56074032,13.37138829,afternoon,13,daylight,0,dry,0,2,6,0,1,0,0,0,1,3,slightly_injured
2020,6,Sat,7,52.49422976,13.36121034,evening,18,daylight,0,wet,1,5,2,1,1,0,0,0,0,3,slightly_injured
2020,6,Thu,5,52.49438524,13.29002807,afternoon,16,daylight,0,dry,0,0,5,0,1,0,0,0,0,3,slightly_injured
2020,6,Tue,3,52.44611832,13.37268138,afternoon,15,daylight,0,dry,0,2,6,0,1,0,1,0,0,3,slightly_injured
2020,6,Mon,2,52.54789,13.36165675,evening,21,dusk,1,dry,0,5,3,1,1,0,0,0,0,3,slightly_injured
2020,6,Thu,5,52.51349401,13.30741357,morning,8,daylight,0,dry,0,2,6,0,1,0,0,0,1,3,slightly_injured
2020,6,Mon,2,52.5848131,13.44866339,afternoon,15,daylight,0,dry,0,5,2,0,1,0,1,0,0,3,slightly_injured
2020,6,Mon,2,52.55315229,13.37843943,night,5,daylight,0,dry,0,0,1,0,0,0,1,0,0,2,seriously_injured
2020,6,Thu,5,52.51299985,13.44990328,afternoon,16,daylight,0,wet,1,5,3,1,1,0,0,0,0,3,slightly_injured
2020,6,Thu,5,52.53316231,13.40424984,afternoon,17,daylight,0,wet,1,5,3,1,1,0,0,0,0,3,slightly_injured
2020,6,Sun,1,52.50035594,13.36059687,afternoon,13,daylight,0,dry,0,5,3,1,1,0,0,0,0,3,slightly_injured
2020,6,Mon,2,52.54625409,13.3189687,evening,20,daylight,0,dry,0,3,6,1,1,0,0,0,0,3,slightly_injured
2020,6,Thu,5,52.5037757,13.41875642,evening,23,dark,2,wet,1,1,5,0,0,0,1,0,0,3,slightly_injured
2020,6,Mon,2,52.50932752,13.37179806,evening,19,daylight,0,dry,0,5,3,0,1,0,0,0,1,2,seriously_injured
2020,6,Thu,5,52.45636862,13.56260511,afternoon,16,daylight,0,wet,1,5,2,1,1,0,0,0,0,2,seriously_injured
2020,6,Thu,5,52.48864504,13.45159104,night,3,dark,2,dry,0,0,7,1,0,0,0,0,0,3,slightly_injured
2020,6,Mon,2,52.55943317,13.44269073,afternoon,16,daylight,0,dry,0,2,7,0,1,0,1,0,0,3,slightly_injured
2020,6,Mon,2,52.5090142,13.45989271,evening,20,daylight,0,dry,0,6,4,0,1,1,0,0,0,3,slightly_injured
2020,6,Thu,5,52.51997456,13.41634784,morning,7,daylight,0,dry,0,5,2,1,1,0,0,0,0,3,slightly_injured
2020,6,Thu,5,52.51027572,13.43694921,afternoon,14,daylight,0,dry,0,2,6,0,1,0,0,0,0,3,slightly_injured
2020,6,Wed,4,52.51704937,13.17711826,evening,18,daylight,0,dry,0,2,6,0,1,0,0,0,1,3,slightly_injured
2020,6,Sat,7,52.53332405,13.19608571,afternoon,16,daylight,0,dry,0,3,6,0,1,0,0,0,1,3,slightly_injured
2020,6,Thu,5,52.47614991,13.44741278,afternoon,13,daylight,0,dry,0,0,7,1,0,0,0,0,0,3,slightly_injured
2020,6,Tue,3,52.39377195,13.40546046,afternoon,13,daylight,0,dry,0,2,7,0,1,0,1,0,0,3,slightly_injured
2020,6,Thu,5,52.55207108,13.17872339,evening,22,dark,2,wet,1,1,5,0,1,0,0,0,0,3,slightly_injured
2020,6,Mon,2,52.46549789,13.44248683,afternoon,14,daylight,0,dry,0,5,2,1,1,0,0,0,0,3,slightly_injured
2020,6,Mon,2,52.49939958,13.38890781,evening,19,daylight,0,dry,0,5,2,1,1,0,0,0,0,3,slightly_injured
2020,6,Thu,5,52.59967323,13.27389669,morning,11,daylight,0,dry,0,0,1,1,0,0,0,0,0,3,slightly_injured
2020,6,Wed,4,52.49470486,13.35060256,afternoon,17,daylight,0,dry,0,2,6,0,1,0,0,0,1,3,slightly_injured
2020,6,Thu,5,52.48650479,13.32004226,afternoon,14,daylight,0,dry,0,5,3,1,1,0,0,0,0,3,slightly_injured
2020,6,Sun,1,52.46564369,13.50956399,evening,20,dusk,1,dry,0,0,7,1,0,0,0,0,0,3,slightly_injured
2020,6,Mon,2,52.60486037,13.34948773,evening,19,daylight,0,dry,0,2,6,0,1,0,0,0,0,3,slightly_injured
2020,6,Thu,5,52.42387718,13.52617678,morning,11,daylight,0,dry,0,5,3,0,1,0,1,0,0,3,slightly_injured
2020,6,Thu,5,52.5173831,13.418221,morning,11,daylight,0,dry,0,5,2,1,1,0,0,0,0,2,seriously_injured
2020,6,Wed,4,52.45920864,13.57826976,morning,10,daylight,0,dry,0,5,3,1,1,0,0,0,0,3,slightly_injured
2020,6,Thu,5,52.46513444,13.47212663,evening,19,daylight,0,wet,1,5,3,0,1,0,0,0,0,2,seriously_injured
2020,6,Tue,3,52.44444167,13.57176131,morning,8,daylight,0,dry,0,3,6,1,0,0,0,0,0,3,slightly_injured
2020,6,Thu,5,52.49204258,13.39282112,evening,18,daylight,0,wet,1,5,3,1,1,0,0,0,0,3,slightly_injured
2020,6,Wed,4,52.42322759,13.45570528,afternoon,12,daylight,0,dry,0,5,3,0,1,0,0,0,0,2,seriously_injured
2020,6,Thu,5,52.49976998,13.34053411,evening,19,daylight,0,wet,1,6,4,1,0,1,0,0,0,3,slightly_injured
2020,6,Tue,3,52.53748776,13.47228887,morning,9,daylight,0,dry,0,2,6,0,1,0,0,0,0,3,slightly_injured
2020,6,Thu,5,52.4603974,13.36656677,afternoon,17,daylight,0,wet,1,1,1,0,1,0,0,0,0,2,seriously_injured
2020,6,Mon,2,52.42572095,13.24403427,afternoon,12,daylight,0,dry,0,5,2,1,0,0,0,1,0,3,slightly_injured
2020,6,Mon,2,52.54067741,13.40475209,afternoon,17,daylight,0,dry,0,5,3,1,0,0,0,0,0,3,slightly_injured
2020,6,Thu,5,52.5043218,13.33576747,morning,10,daylight,0,dry,0,5,2,0,1,0,0,0,1,3,slightly_injured
2020,6,Wed,4,52.51603378,13.46704218,afternoon,16,daylight,0,dry,0,1,5,1,1,0,0,0,0,3,slightly_injured
2020,6,Wed,4,52.47440706,13.504138,morning,6,daylight,0,dry,0,5,2,1,0,0,0,0,1,3,slightly_injured
2020,6,Sun,1,52.5091871,13.43508971,afternoon,15,daylight,0,dry,0,4,6,1,1,0,0,0,0,3,slightly_injured
2020,6,Mon,2,52.5134845,13.18316699,evening,18,daylight,0,dry,0,5,3,0,1,0,1,0,0,2,seriously_injured
2020,6,Thu,5,52.52364301,13.58565474,afternoon,17,daylight,0,dry,0,5,3,1,1,0,0,0,0,3,slightly_injured
2020,6,Thu,5,52.5206695,13.37995973,morning,10,daylight,0,dry,0,8,1,1,0,0,0,0,0,2,seriously_injured
2020,6,Wed,4,52.56433838,13.42699014,afternoon,17,daylight,0,dry,0,5,2,1,1,0,0,0,0,3,slightly_injured
2020,6,Thu,5,52.47073916,13.51226411,morning,7,daylight,0,dry,0,5,2,0,1,0,0,0,0,3,slightly_injured
2020,6,Tue,3,52.47689045,13.42032039,afternoon,15,daylight,0,dry,0,5,3,1,1,0,0,0,0,3,slightly_injured
2020,6,Thu,5,52.51046722,13.40113435,night,5,daylight,0,dry,0,5,2,0,1,0,1,0,0,3,slightly_injured
2020,6,Mon,2,52.53766698,13.22724324,evening,19,daylight,0,dry,0,0,5,0,1,0,1,0,0,3,slightly_injured
2020,6,Mon,2,52.47041665,13.44165454,evening,18,daylight,0,dry,0,5,3,1,1,0,0,0,0,3,slightly_injured
2020,6,Sat,7,52.52718659,13.21190999,afternoon,13,daylight,0,dry,0,2,6,0,1,0,0,0,0,3,slightly_injured
2020,6,Thu,5,52.49925669,13.29259374,night,0,dark,2,dry,0,1,7,0,0,0,1,0,0,3,slightly_injured
2020,6,Wed,4,52.54634718,13.51626733,afternoon,14,daylight,0,dry,0,5,3,0,1,0,0,0,0,3,slightly_injured
2020,6,Thu,5,52.46890487,13.32843226,morning,9,daylight,0,dry,0,5,2,0,1,0,0,0,0,3,slightly_injured
2020,6,Mon,2,52.57560532,13.28631861,morning,11,daylight,0,dry,0,2,6,0,1,0,0,0,0,3,slightly_injured
2020,6,Mon,2,52.5263659,13.35159011,afternoon,17,daylight,0,dry,0,2,2,0,1,0,0,0,0,3,slightly_injured
2020,6,Fri,6,52.49976787,13.41819955,afternoon,17,daylight,0,dry,0,0,5,1,1,0,0,0,0,3,slightly_injured
2020,6,Thu,5,52.55179462,13.46552533,afternoon,17,daylight,0,wet,1,2,2,0,1,0,0,0,0,3,slightly_injured
2020,6,Wed,4,52.58823756,13.42873957,afternoon,14,daylight,0,dry,0,5,3,1,1,0,0,0,0,3,slightly_injured
2020,6,Sat,7,52.62106413,13.49666615,evening,21,daylight,0,dry,0,1,5,0,1,0,0,0,0,3,slightly_injured
2020,6,Thu,5,52.47988519,13.4479898,morning,9,daylight,0,dry,0,0,3,1,1,0,0,0,0,3,slightly_injured
2020,6,Thu,5,52.42397829,13.53004691,morning,9,daylight,0,dry,0,1,5,1,1,0,0,0,0,3,slightly_injured
2020,6,Tue,3,52.49501882,13.52526157,afternoon,17,daylight,0,dry,0,4,6,1,0,0,0,0,0,3,slightly_injured
2020,6,Thu,5,52.50078419,13.36372226,morning,8,daylight,0,dry,0,5,2,1,1,0,0,0,0,3,slightly_injured
2020,6,Sat,7,52.53902416,13.34575045,afternoon,14,daylight,0,dry,0,3,6,1,1,0,0,0,0,3,slightly_injured
2020,6,Tue,3,52.52296939,13.19769655,morning,11,daylight,0,dry,0,2,6,0,1,0,0,0,0,3,slightly_injured
2020,6,Thu,5,52.52858102,13.39377071,morning,7,daylight,0,dry,0,5,3,0,1,0,0,0,1,3,slightly_injured
2020,6,Mon,2,52.45827924,13.32487859,afternoon,17,daylight,0,dry,0,5,2,0,1,0,1,0,0,2,seriously_injured
2020,6,Mon,2,52.54265956,13.33466778,afternoon,17,daylight,0,dry,0,1,5,1,1,0,0,0,0,3,slightly_injured
2020,6,Fri,6,52.49619143,13.39498986,evening,23,dark,2,dry,0,5,3,0,0,0,1,0,1,3,slightly_injured
2020,6,Thu,5,52.49188167,13.34499701,afternoon,16,daylight,0,dry,0,2,6,0,1,0,0,0,0,3,slightly_injured
2020,6,Wed,4,52.47382093,13.44132273,evening,19,daylight,0,dry,0,6,7,0,1,1,0,0,0,3,slightly_injured
2020,6,Sat,7,52.52911212,13.45816401,afternoon,16,daylight,0,dry,0,2,6,0,1,0,0,0,0,3,slightly_injured
2020,6,Thu,5,52.54364133,13.37422137,afternoon,16,daylight,0,wet,1,5,3,1,1,0,0,0,0,2,seriously_injured
2020,6,Sat,7,52.47243066,13.3285883,afternoon,14,daylight,0,dry,0,5,3,1,1,0,0,0,0,2,seriously_injured
2020,6,Tue,3,52.48942728,13.3996307,morning,10,daylight,0,dry,0,1,5,1,0,0,0,0,1,3,slightly_injured
2020,6,Sat,7,52.50192794,13.33106397,evening,20,dusk,1,dry,0,5,7,0,1,0,0,0,0,3,slightly_injured
2020,6,Thu,5,52.49600518,13.39069602,morning,7,daylight,0,dry,0,5,2,1,1,0,0,0,0,3,slightly_injured
2020,6,Sat,7,52.52731381,13.45066972,afternoon,14,daylight,0,dry,0,2,3,1,0,0,1,0,0,3,slightly_injured
2020,6,Thu,5,52.41162746,13.50361653,afternoon,16,daylight,0,wet,1,2,2,0,1,0,0,0,1,2,seriously_injured
2020,6,Tue,3,52.47238039,13.43288039,evening,18,daylight,0,dry,0,1,5,1,1,0,0,0,0,3,slightly_injured
2020,6,Mon,2,52.54485002,13.42732148,night,5,daylight,0,dry,0,6,4,0,1,1,0,0,0,3,slightly_injured
2020,6,Thu,5,52.4634678,13.4040029,afternoon,15,daylight,0,dry,0,5,2,0,1,0,0,0,1,3,slightly_injured
2020,6,Mon,2,52.57798019,13.31512395,afternoon,17,daylight,0,dry,0,0,1,0,0,0,0,0,1,3,slightly_injured
2020,6,Mon,2,52.52744416,13.23333859,afternoon,17,daylight,0,dry,0,0,2,1,1,0,0,0,0,3,slightly_injured
2020,6,Thu,5,52.49832618,13.40649751,afternoon,15,daylight,0,dry,0,5,2,1,1,0,0,0,0,2,seriously_injured
2020,6,Thu,5,52.48498732,13.38444082,afternoon,17,daylight,0,wet,1,6,4,0,1,1,0,0,0,3,slightly_injured
2020,6,Mon,2,52.50969707,13.46731996,afternoon,16,daylight,0,dry,0,5,2,0,1,0,1,0,0,3,slightly_injured
2020,6,Mon,2,52.45628042,13.43709295,afternoon,17,daylight,0,dry,0,1,7,0,1,0,0,0,0,3,slightly_injured
2020,6,Thu,5,52.54999118,13.41727032,afternoon,15,daylight,0,wet,1,0,1,0,0,0,1,0,0,2,seriously_injured
2020,6,Thu,5,52.4081671,13.26749008,afternoon,15,daylight,0,wet,1,3,7,1,0,0,0,0,0,3,slightly_injured
2020,6,Wed,4,52.4921505,13.50756747,morning,7,daylight,0,dry,0,0,7,0,1,0,1,0,0,2,seriously_injured
2020,6,Thu,5,52.53724925,13.36017634,morning,9,daylight,0,dry,0,5,2,1,0,0,0,0,1,3,slightly_injured
2020,6,Sat,7,52.55212591,13.41380435,afternoon,13,daylight,0,dry,0,5,3,1,1,0,0,0,0,3,slightly_injured
2020,6,Tue,3,52.52549036,13.45833497,morning,10,daylight,0,dry,0,5,2,1,1,0,0,0,0,3,slightly_injured
2020,6,Wed,4,52.53957904,13.42429727,afternoon,17,daylight,0,dry,0,3,6,1,0,0,0,0,0,3,slightly_injured
2020,6,Mon,2,52.48578695,13.60389822,morning,10,daylight,0,dry,0,5,3,0,1,0,1,0,0,3,slightly_injured
2020,6,Mon,2,52.39509596,13.63130704,afternoon,16,daylight,0,dry,0,1,1,1,1,0,0,0,0,3,slightly_injured
2020,6,Wed,4,52.45836876,13.5118199,evening,22,dark,2,dry,0,1,1,1,1,0,0,0,0,3,slightly_injured
2020,6,Wed,4,52.42011243,13.3590412,afternoon,16,daylight,0,dry,0,5,2,1,1,0,0,0,0,3,slightly_injured
2020,6,Thu,5,52.50278991,13.47530374,afternoon,13,daylight,0,wet,1,5,3,1,1,0,0,0,0,3,slightly_injured
2020,6,Wed,4,52.49591087,13.38974208,evening,19,daylight,0,dry,0,0,2,1,1,0,0,0,0,3,slightly_injured
2020,6,Mon,2,52.44433257,13.33898333,afternoon,15,daylight,0,dry,0,0,2,0,1,0,0,0,1,2,seriously_injured
2020,6,Mon,2,52.54310262,13.39216645,afternoon,16,daylight,0,dry,0,1,5,0,1,0,0,0,0,3,slightly_injured
2020,6,Wed,4,52.47237747,13.35597093,evening,19,daylight,0,dry,0,5,2,1,0,0,1,0,0,3,slightly_injured
2020,6,Wed,4,52.49481048,13.30076687,afternoon,17,daylight,0,dry,0,5,2,1,1,0,0,0,0,3,slightly_injured
2020,6,Thu,5,52.47057941,13.34751624,afternoon,16,daylight,0,wet,1,5,2,1,1,0,0,0,0,3,slightly_injured
2020,6,Sun,1,52.49940129,13.28132764,evening,18,daylight,0,dry,0,5,7,1,1,0,0,0,0,3,slightly_injured
2020,5,Sun,1,52.54084963,13.20297079,afternoon,16,daylight,0,dry,0,3,2,0,1,0,0,0,0,3,slightly_injured
2020,6,Wed,4,52.48912721,13.39367728,evening,19,daylight,0,dry,0,5,2,1,1,0,0,0,0,3,slightly_injured
2020,6,Wed,4,52.53267661,13.38578208,morning,8,daylight,0,dry,0,5,2,1,1,0,0,0,0,3,slightly_injured
2020,6,Wed,4,52.42416767,13.32405469,morning,10,daylight,0,dry,0,1,5,1,1,0,0,0,0,3,slightly_injured
2020,6,Wed,4,52.42580927,13.47421569,morning,6,daylight,0,dry,0,2,6,0,1,0,0,0,0,2,seriously_injured
2020,6,Sat,7,52.43906542,13.32752548,evening,18,daylight,0,wet,1,0,1,0,0,0,1,0,0,3,slightly_injured
2020,6,Tue,3,52.50601122,13.32790395,morning,9,daylight,0,dry,0,1,5,1,1,0,0,0,0,3,slightly_injured
2020,6,Wed,4,52.50097389,13.2966032,morning,6,daylight,0,dry,0,5,7,0,1,0,1,0,0,3,slightly_injured
2020,6,Mon,2,52.4435232,13.32163642,afternoon,12,daylight,0,dry,0,5,2,0,1,0,1,0,0,3,slightly_injured
2020,5,Sun,1,52.46411075,13.46791008,evening,23,dark,2,dry,0,5,3,0,1,0,0,0,0,3,slightly_injured
2020,6,Fri,6,52.50123731,13.47571766,afternoon,17,daylight,0,dry,0,5,3,1,0,0,0,0,0,3,slightly_injured
2020,6,Wed,4,52.52396607,13.41177322,evening,22,dark,2,dry,0,5,2,0,1,0,0,0,0,3,slightly_injured
2020,6,Wed,4,52.44113324,13.56849386,afternoon,15,daylight,0,dry,0,6,4,0,1,1,0,0,0,2,seriously_injured
2020,6,Sat,7,52.47653002,13.4503888,afternoon,14,daylight,0,dry,0,0,7,1,0,0,0,0,0,3,slightly_injured
2020,5,Sun,1,52.4789553,13.4415172,evening,19,daylight,0,dry,0,5,7,0,1,0,0,0,0,3,slightly_injured
2020,6,Wed,4,52.44428585,13.29526271,evening,22,dark,2,dry,0,0,1,1,0,0,0,0,0,2,seriously_injured
2020,6,Wed,4,52.56502659,13.3357521,evening,19,daylight,0,dry,0,2,6,0,1,0,0,0,0,3,slightly_injured
2020,6,Tue,3,52.51215506,13.43088989,afternoon,14,daylight,0,dry,0,0,6,1,0,0,0,0,0,2,seriously_injured
2020,6,Wed,4,52.50193767,13.4804048,evening,19,daylight,0,dry,0,5,7,1,1,0,0,0,0,3,slightly_injured
2020,6,Sun,1,52.57091036,13.38581696,evening,19,daylight,0,dry,0,4,6,1,1,0,0,0,0,3,slightly_injured
2020,5,Sun,1,52.49528614,13.3663095,evening,19,daylight,0,dry,0,5,3,1,1,0,0,0,0,3,slightly_injured
2020,6,Wed,4,52.44139655,13.59492795,evening,19,daylight,0,dry,0,3,6,1,1,0,0,0,0,2,seriously_injured
2020,6,Wed,4,52.50450343,13.38222916,evening,18,daylight,0,dry,0,5,3,0,1,0,0,0,0,2,seriously_injured
2020,6,Wed,4,52.54602789,13.39520592,morning,9,daylight,0,dry,0,0,3,1,0,0,1,0,0,3,slightly_injured
2020,6,Wed,4,52.51602294,13.4952593,evening,18,daylight,0,dry,0,5,3,0,1,0,1,0,0,2,seriously_injured
2020,6,Tue,3,52.50258126,13.43905541,afternoon,16,daylight,0,dry,0,5,2,1,0,0,0,0,0,3,slightly_injured
2020,6,Wed,4,52.43909486,13.40938321,afternoon,12,daylight,0,dry,0,4,6,0,1,0,0,0,0,2,seriously_injured
2020,6,Mon,2,52.5622668,13.42184756,afternoon,12,daylight,0,dry,0,2,7,0,1,0,0,0,0,3,slightly_injured
2020,5,Sun,1,52.43992029,13.39965504,afternoon,17,daylight,0,dry,0,0,1,0,0,0,1,0,0,3,slightly_injured
2020,6,Fri,6,52.47117634,13.46185303,afternoon,13,daylight,0,dry,0,0,2,1,1,0,0,0,0,3,slightly_injured
2020,6,Wed,4,52.4393388,13.55228564,morning,11,daylight,0,dry,0,5,3,1,1,0,0,0,0,3,slightly_injured
2020,6,Wed,4,52.52395081,13.41129903,afternoon,15,daylight,0,dry,0,2,6,0,0,0,1,0,1,3,slightly_injured
2020,6,Sat,7,52.58538128,13.37440244,evening,23,dark,2,dry,0,5,3,1,1,0,0,0,0,3,slightly_injured
2020,6,Wed,4,52.41964903,13.49305023,morning,10,daylight,0,dry,0,5,7,1,1,0,0,0,0,3,slightly_injured
2020,6,Sat,7,52.5131263,13.57490155,afternoon,12,daylight,0,dry,0,5,2,0,1,0,0,0,0,3,slightly_injured
2020,6,Wed,4,52.48220064,13.61065688,morning,10,daylight,0,dry,0,5,3,1,1,0,0,0,0,3,slightly_injured
2020,6,Tue,3,52.58617969,13.36733775,evening,19,daylight,0,dry,0,5,7,0,1,0,0,0,0,2,seriously_injured
2020,6,Wed,4,52.44266685,13.24026887,morning,8,daylight,0,dry,0,5,3,0,1,0,0,0,0,3,slightly_injured
2020,6,Sat,7,52.59011507,13.28782227,evening,19,daylight,0,dry,0,1,5,1,1,0,0,0,0,3,slightly_injured
2020,6,Mon,2,52.48764477,13.34493526,evening,18,daylight,0,dry,0,0,5,1,1,0,0,0,0,3,slightly_injured
2020,6,Wed,4,52.56306401,13.34449786,afternoon,17,daylight,0,dry,0,2,6,0,1,0,0,0,0,3,slightly_injured
2020,6,Mon,2,52.49109577,13.39799384,afternoon,16,daylight,0,dry,0,5,3,1,1,0,0,0,0,3,slightly_injured
2020,6,Tue,3,52.4162603,13.53006145,afternoon,13,daylight,0,dry,0,8,1,0,1,0,0,0,0,3,slightly_injured
2020,6,Wed,4,52.46417976,13.12997758,evening,18,daylight,0,dry,0,5,2,1,1,0,0,0,0,3,slightly_injured
2020,6,Mon,2,52.47639792,13.47648395,evening,18,daylight,0,dry,0,5,3,0,1,0,1,0,0,3,slightly_injured
2020,5,Sun,1,52.46468867,13.24741221,evening,19,dusk,1,dry,0,7,7,0,0,0,1,0,0,2,seriously_injured
2020,6,Fri,6,52.52721061,13.41494506,morning,10,daylight,0,dry,0,9,1,0,1,0,0,0,0,2,seriously_injured
2020,6,Wed,4,52.55423395,13.43617214,afternoon,16,daylight,0,dry,0,1,5,1,1,0,0,0,0,3,slightly_injured
2020,6,Wed,4,52.55151129,13.18553481,afternoon,13,daylight,0,dry,0,0,2,0,1,0,1,0,0,2,seriously_injured
2020,6,Sat,7,52.49306212,13.34769347,evening,18,daylight,0,wet,1,1,5,1,1,0,0,0,0,3,slightly_injured
2020,6,Wed,4,52.56319231,13.50530037,afternoon,16,daylight,0,dry,0,2,6,0,1,0,0,0,0,3,slightly_injured
2020,6,Wed,4,52.57206172,13.3649851,afternoon,15,daylight,0,dry,0,2,6,0,1,0,0,0,0,3,slightly_injured
2020,6,Tue,3,52.50047857,13.34888807,afternoon,15,daylight,0,dry,0,1,5,1,1,0,0,0,0,3,slightly_injured
2020,5,Sun,1,52.50568458,13.34131204,evening,18,dusk,1,dry,0,4,6,1,0,0,1,0,0,3,slightly_injured
2020,6,Wed,4,52.52881699,13.45790756,afternoon,15,daylight,0,dry,0,2,6,0,1,0,0,0,1,3,slightly_injured
2020,6,Mon,2,52.4888926,13.39809438,afternoon,16,daylight,0,dry,0,5,2,1,1,0,0,0,0,3,slightly_injured
2020,5,Sun,1,52.41776471,13.31435256,afternoon,17,daylight,0,dry,0,2,7,0,1,0,0,0,0,3,slightly_injured
2020,6,Wed,4,52.41540761,13.26604402,afternoon,15,daylight,0,dry,0,5,7,0,1,0,1,0,0,3,slightly_injured