ujahr,umonat,weekday,uwochentag,long,lat,time_of_day,ustunde,light_condition,ulichtverh,street_condition,ustrzustand,uart,utyp1,ist_rad,ist_pkw,ist_fuss,ist_krad,ist_gkfz,ist_sonstige,ukategorie,accident_outcome
2020,6,Thu,5,52.45712117,13.57823141,afternoon,17,daylight,0,wet,1,5,3,1,1,0,0,0,0,2,seriously_injured
2020,6,Sun,1,52.44594671,13.48207953,afternoon,17,daylight,0,dry,0,0,1,1,0,0,0,0,0,3,slightly_injured
2020,5,Sun,1,52.54933066,13.47425513,afternoon,17,daylight,0,dry,0,1,5,1,1,0,0,0,0,3,slightly_injured
2020,6,Wed,4,52.47395175,13.47519557,afternoon,14,daylight,0,dry,0,5,7,0,1,0,0,0,0,3,slightly_injured
2020,6,Wed,4,52.58713224,13.32358387,afternoon,15,daylight,0,dry,0,5,2,1,1,0,0,0,0,3,slightly_injured
2020,6,Wed,4,52.50444399,13.39356466,afternoon,17,daylight,0,dry,0,1,5,1,1,0,0,0,0,3,slightly_injured
2020,6,Wed,4,52.50379681,13.34662948,afternoon,14,daylight,0,dry,0,3,6,1,1,0,0,0,0,3,slightly_injured
2020,6,Sat,7,52.4604371,13.32421537,afternoon,12,daylight,0,dry,0,5,2,1,1,0,0,0,0,3,slightly_injured
2020,5,Sun,1,52.51536346,13.18462152,afternoon,13,daylight,0,dry,0,2,6,0,1,0,0,0,0,3,slightly_injured
2020,6,Wed,4,52.43796971,13.44737836,afternoon,14,daylight,0,dry,0,6,4,0,1,1,0,0,0,3,slightly_injured
2020,6,Wed,4,52.5388482,13.47124035,afternoon,14,daylight,0,dry,0,5,7,0,1,0,0,0,1,3,slightly_injured
2020,6,Wed,4,52.51055143,13.43030441,evening,18,daylight,0,dry,0,5,3,1,1,0,0,0,0,2,seriously_injured
2020,6,Sat,7,52.60818711,13.31702576,afternoon,16,daylight,0,dry,0,1,5,1,1,0,0,0,0,3,slightly_injured
2020,6,Wed,4,52.54470672,13.56118018,afternoon,14,daylight,0,dry,0,5,3,0,1,0,0,0,1,3,slightly_injured
2020,6,Tue,3,52.55764696,13.4325138,morning,6,daylight,0,dry,0,5,3,0,1,0,0,0,1,3,slightly_injured
2020,6,Wed,4,52.5063935,13.45874823,afternoon,14,daylight,0,dry,0,5,3,1,1,0,0,0,0,3,slightly_injured
2020,6,Mon,2,52.56429697,13.37343371,afternoon,15,daylight,0,dry,0,5,2,0,1,0,1,0,0,2,seriously_injured
2020,5,Sun,1,52.5428808,13.19853527,afternoon,13,daylight,0,dry,0,5,2,0,1,0,1,0,0,2,seriously_injured
2020,6,Wed,4,52.52050778,13.45195128,morning,11,daylight,0,dry,0,5,2,1,0,0,0,1,0,1,killed
2020,6,Wed,4,52.50327677,13.39091939,afternoon,17,daylight,0,dry,0,5,3,1,1,0,0,0,0,3,slightly_injured
2020,6,Thu,5,52.50566822,13.39261899,afternoon,16,daylight,0,wet,1,5,3,0,1,0,1,0,0,3,slightly_injured
2020,6,Sun,1,52.52789141,13.32405573,afternoon,17,daylight,0,dry,0,1,5,0,1,0,0,0,1,3,slightly_injured
2020,5,Sun,1,52.43555071,13.70038514,afternoon,12,daylight,0,dry,0,5,7,1,1,0,0,0,0,3,slightly_injured
2020,6,Wed,4,52.41259512,13.36129168,afternoon,14,daylight,0,dry,0,2,2,0,1,0,0,0,1,3,slightly_injured
2020,6,Wed,4,52.42615274,13.48804974,afternoon,13,daylight,0,dry,0,5,2,0,1,0,0,0,0,3,slightly_injured
2020,6,Wed,4,52.43167994,13.49524362,morning,10,daylight,0,dry,0,5,2,0,1,0,0,0,0,3,slightly_injured
2020,6,Wed,4,52.41504707,13.34614414,afternoon,13,daylight,0,dry,0,5,2,1,1,0,0,0,0,3,slightly_injured
2020,6,Tue,3,52.51505999,13.39304363,morning,8,daylight,0,dry,0,5,3,0,1,0,1,0,0,3,slightly_injured
2020,6,Wed,4,52.54810281,13.20988961,morning,11,daylight,0,dry,0,0,6,0,1,0,0,0,1,3,slightly_injured
2020,6,Mon,2,52.4511227,13.26854219,morning,8,daylight,0,dry,0,5,2,1,1,0,0,0,0,3,slightly_injured
2020,5,Sun,1,52.53520472,13.157073,afternoon,12,daylight,0,dry,0,5,2,1,1,0,0,0,0,3,slightly_injured
2020,6,Tue,3,52.54556015,13.42782127,morning,10,daylight,0,dry,0,5,3,0,1,0,0,0,1,3,slightly_injured
2020,6,Tue,3,52.49126395,13.39671477,afternoon,12,daylight,0,dry,0,2,6,0,1,0,1,0,0,3,slightly_injured
2020,6,Mon,2,52.49180665,13.39451255,morning,9,daylight,0,dry,0,0,4,1,0,1,0,0,0,3,slightly_injured
2020,5,Sun,1,52.4718525,13.42895083,morning,10,daylight,0,dry,0,2,6,0,1,0,1,0,0,3,slightly_injured
2020,6,Tue,3,52.49289853,13.38057118,morning,9,daylight,0,dry,0,3,6,1,0,0,0,0,0,2,seriously_injured
2020,6,Wed,4,52.54951979,13.5626617,afternoon,16,daylight,0,dry,0,5,3,1,1,0,0,0,0,3,slightly_injured
2020,6,Wed,4,52.50775286,13.3903479,evening,18,daylight,0,dry,0,5,2,1,1,0,0,0,0,3,slightly_injured
2020,6,Sun,1,52.44831167,13.29064989,evening,18,daylight,0,dry,0,5,3,0,1,0,0,0,0,3,slightly_injured
2020,5,Sun,1,52.50703431,13.37931052,afternoon,17,daylight,0,dry,0,5,3,1,1,0,0,0,0,3,slightly_injured
2020,6,Tue,3,52.50405459,13.33727918,evening,21,dusk,1,dry,0,6,4,1,0,1,0,0,0,3,slightly_injured
2020,6,Tue,3,52.63468662,13.49674947,evening,19,daylight,0,dry,0,5,2,1,1,0,0,0,0,3,slightly_injured
2020,6,Wed,4,52.51953437,13.42859526,morning,8,daylight,0,dry,0,5,2,1,1,0,0,0,0,3,slightly_injured
2020,6,Tue,3,52.42902187,13.18475762,evening,19,daylight,0,dry,0,5,2,1,0,0,0,0,0,2,seriously_injured
2020,6,Sat,7,52.54138874,13.39366573,afternoon,12,daylight,0,dry,0,6,7,1,0,1,0,0,0,2,seriously_injured
2020,6,Tue,3,52.46848741,13.27815414,afternoon,15,daylight,0,dry,0,5,3,1,1,0,0,0,0,3,slightly_injured
2020,6,Tue,3,52.51129449,13.38974575,evening,19,daylight,0,dry,0,6,7,0,1,1,0,0,0,3,slightly_injured
2020,6,Mon,2,52.49003833,13.38717005,evening,20,daylight,0,dry,0,5,7,1,1,0,0,0,0,3,slightly_injured
2020,5,Sun,1,52.49235589,13.4109999,night,5,daylight,0,dry,0,4,7,0,1,0,0,0,0,2,seriously_injured
2020,6,Fri,6,52.44204904,13.55956115,evening,18,daylight,0,dry,0,5,3,1,1,0,0,0,0,3,slightly_injured
2020,6,Tue,3,52.49461618,13.39888986,afternoon,16,daylight,0,dry,0,5,2,1,1,0,0,0,0,3,slightly_injured
2020,6,Wed,4,52.53244112,13.14159314,afternoon,14,daylight,0,dry,0,5,2,0,1,0,0,0,0,3,slightly_injured
2020,6,Sat,7,52.48530707,13.39439996,morning,11,daylight,0,dry,0,6,7,1,0,1,0,0,0,3,slightly_injured
2020,6,Tue,3,52.45069882,13.63346861,afternoon,12,daylight,0,dry,0,3,6,1,1,0,0,0,0,2,seriously_injured
2020,6,Tue,3,52.46152178,13.53321625,evening,18,daylight,0,dry,0,1,5,1,1,0,0,0,0,3,slightly_injured
2020,6,Tue,3,52.54557937,13.35794886,evening,18,daylight,0,dry,0,1,5,1,1,0,0,0,0,3,slightly_injured
2020,6,Fri,6,52.55071316,13.36620312,afternoon,17,daylight,0,wet,1,2,6,0,1,0,0,0,1,3,slightly_injured
2020,6,Tue,3,52.49442106,13.36122302,evening,18,daylight,0,dry,0,5,2,1,1,0,0,0,0,3,slightly_injured
2020,6,Wed,4,52.53704912,13.21910233,afternoon,15,daylight,0,dry,0,5,2,0,1,0,1,0,0,2,seriously_injured
2020,6,Sat,7,52.48053213,13.43899471,evening,22,dark,2,dry,0,5,7,1,1,0,0,0,0,3,slightly_injured
2020,6,Tue,3,52.52430405,13.412248,afternoon,16,daylight,0,dry,0,2,6,0,1,0,0,0,0,3,slightly_injured
2020,6,Tue,3,52.42746987,13.30517869,afternoon,16,daylight,0,dry,0,0,4,0,0,1,0,0,1,3,slightly_injured
2020,6,Tue,3,52.52380264,13.2006745,evening,19,daylight,0,dry,0,6,7,0,1,1,0,0,0,3,slightly_injured
2020,6,Tue,3,52.5074173,13.38552559,afternoon,16,daylight,0,dry,0,5,2,0,1,0,1,0,0,2,seriously_injured
2020,6,Tue,3,52.50568865,13.47082038,afternoon,12,daylight,0,dry,0,0,1,1,0,0,0,0,0,2,seriously_injured
2020,6,Tue,3,52.48151986,13.34243851,afternoon,15,daylight,0,dry,0,3,6,1,1,0,0,0,0,3,slightly_injured
2020,6,Mon,2,52.5428755,13.43482508,afternoon,17,daylight,0,dry,0,5,3,0,1,0,1,0,0,2,seriously_injured
2020,5,Sun,1,52.52475809,13.53866741,afternoon,17,daylight,0,dry,0,5,3,1,1,0,0,0,0,3,slightly_injured
2020,6,Fri,6,52.48978342,13.44558467,afternoon,16,daylight,0,dry,0,1,5,1,1,0,0,0,0,3,slightly_injured
2020,6,Tue,3,52.59865708,13.44143614,afternoon,16,daylight,0,dry,0,0,7,1,0,0,0,0,0,3,slightly_injured
2020,6,Wed,4,52.53488578,13.199535,evening,20,dusk,1,dry,0,5,2,1,1,0,0,0,0,3,slightly_injured
2020,6,Sat,7,52.49437369,13.41064922,afternoon,17,daylight,0,dry,0,5,3,1,1,0,0,0,0,3,slightly_injured
2020,6,Tue,3,52.49402599,13.43796738,afternoon,15,daylight,0,dry,0,6,7,1,0,1,0,0,0,3,slightly_injured
2020,6,Tue,3,52.48508899,13.38241381,afternoon,14,daylight,0,dry,0,0,7,0,1,0,0,0,1,3,slightly_injured
2020,6,Tue,3,52.55623747,13.37447366,afternoon,15,daylight,0,dry,0,3,6,0,0,0,1,0,1,3,slightly_injured
2020,6,Mon,2,52.46779456,13.43114477,afternoon,15,daylight,0,dry,0,6,4,0,1,1,0,0,0,3,slightly_injured
2020,5,Sun,1,52.55046663,13.20026021,afternoon,16,daylight,0,dry,0,1,5,0,1,0,0,0,0,2,seriously_injured
2020,5,Sun,1,52.41246466,13.36133181,night,1,dark,2,dry,0,9,1,0,1,0,0,0,0,2,seriously_injured
2020,6,Tue,3,52.48207102,13.4334679,afternoon,15,daylight,0,dry,0,2,7,1,1,0,0,0,0,3,slightly_injured
2020,6,Mon,2,52.53414459,13.29330052,evening,21,dusk,1,dry,0,3,6,0,1,0,0,0,0,3,slightly_injured
2020,5,Sun,1,52.52069182,13.26604243,afternoon,17,daylight,0,dry,0,2,6,0,1,0,0,0,0,3,slightly_injured
2020,6,Tue,3,52.52749429,13.38679557,afternoon,15,daylight,0,dry,0,1,5,0,1,0,0,0,1,3,slightly_injured
2020,6,Thu,5,52.50977995,13.51196861,afternoon,17,daylight,0,dry,0,5,3,1,1,0,0,0,0,3,slightly_injured
2020,6,Mon,2,52.50927008,13.37181979,afternoon,16,daylight,0,dry,0,5,2,1,1,0,0,0,0,3,slightly_injured
2020,5,Sun,1,52.52668116,13.4852727,afternoon,17,daylight,0,dry,0,0,2,0,1,0,1,0,0,3,slightly_injured
2020,6,Tue,3,52.52426682,13.20451508,afternoon,14,daylight,0,dry,0,1,5,0,1,0,0,0,0,2,seriously_injured
2020,6,Tue,3,52.50877872,13.61331247,afternoon,14,daylight,0,dry,0,0,2,1,1,0,0,0,0,3,slightly_injured
2020,6,Wed,4,52.5031127,13.36558964,morning,8,daylight,0,dry,0,5,2,1,1,0,0,0,0,3,slightly_injured
2020,6,Sat,7,52.46478207,13.32842341,afternoon,16,daylight,0,dry,0,5,2,1,1,0,0,0,0,3,slightly_injured
2020,6,Tue,3,52.49172317,13.28490977,afternoon,15,daylight,0,dry,0,2,6,0,1,0,0,0,0,3,slightly_injured
2020,6,Tue,3,52.5339782,13.49650607,morning,10,daylight,0,dry,0,5,3,0,1,0,0,0,1,3,slightly_injured
2020,6,Tue,3,52.51992529,13.46385301,afternoon,14,daylight,0,dry,0,5,6,0,1,0,0,0,0,3,slightly_injured
2020,6,Mon,2,52.49848094,13.3594763,afternoon,12,daylight,0,dry,0,5,2,1,1,0,0,0,0,3,slightly_injured
2020,5,Sun,1,52.51358475,13.45542764,afternoon,16,daylight,0,dry,0,1,5,1,1,0,0,0,0,3,slightly_injured
2020,6,Tue,3,52.49835081,13.40658985,afternoon,13,daylight,0,dry,0,5,2,0,1,0,1,0,0,2,seriously_injured
2020,6,Wed,4,52.57575773,13.40416838,afternoon,16,daylight,0,dry,0,5,3,1,0,0,0,0,0,3,slightly_injured
2020,6,Thu,5,52.49932482,13.38885494,afternoon,12,daylight,0,dry,0,5,2,1,1,0,0,0,0,3,slightly_injured
2020,6,Sun,1,52.52318545,13.4855491,evening,20,daylight,0,dry,0,5,3,0,1,0,0,0,1,3,slightly_injured
2020,5,Sun,1,52.45237413,13.43097953,afternoon,16,daylight,0,dry,0,5,7,0,1,0,0,0,0,3,slightly_injured
2020,6,Tue,3,52.49004004,13.57564236,afternoon,13,daylight,0,dry,0,5,3,1,1,0,0,0,0,3,slightly_injured
2020,6,Tue,3,52.60878278,13.32214427,afternoon,13,daylight,0,dry,0,5,3,0,1,0,1,0,0,3,slightly_injured
2020,6,Wed,4,52.61571036,13.30086648,morning,9,daylight,0,dry,0,5,2,0,1,0,1,0,0,3,slightly_injured
2020,6,Tue,3,52.47651464,13.32633765,morning,10,daylight,0,dry,0,5,7,0,1,0,0,0,0,3,slightly_injured
2020,6,Wed,4,52.5621302,13.33124066,afternoon,17,daylight,0,dry,0,3,6,0,1,0,1,0,0,3,slightly_injured
2020,6,Thu,5,52.44454166,13.37233844,afternoon,17,daylight,0,wet,1,5,3,1,1,0,0,0,0,3,slightly_injured
2020,6,Sun,1,52.44725284,13.57542208,morning,11,daylight,0,wet,1,0,1,1,0,0,0,0,0,2,seriously_injured
2020,5,Sun,1,52.51087598,13.42194639,afternoon,15,daylight,0,dry,0,1,5,1,1,0,0,0,0,2,seriously_injured
2020,6,Tue,3,52.54526156,13.45551923,morning,9,daylight,0,dry,0,0,3,0,1,0,1,0,0,2,seriously_injured
2020,6,Tue,3,52.43381783,13.24260596,afternoon,12,daylight,0,dry,0,5,2,1,1,0,0,0,0,3,slightly_injured
2020,6,Wed,4,52.60298234,13.43146961,morning,11,daylight,0,dry,0,0,1,1,0,0,0,0,0,2,seriously_injured
2020,6,Tue,3,52.55337585,13.34371767,morning,8,daylight,0,dry,0,5,2,1,1,0,0,0,0,3,slightly_injured
2020,6,Tue,3,52.54198408,13.40804582,morning,9,daylight,0,dry,0,5,2,1,0,0,0,1,0,2,seriously_injured
2020,6,Tue,3,52.4830596,13.45467783,morning,8,daylight,0,dry,0,1,5,1,1,0,0,0,0,3,slightly_injured
2020,6,Mon,2,52.52739008,13.479266,morning,9,daylight,0,dry,0,5,2,1,0,0,0,0,0,3,slightly_injured
2020,5,Sun,1,52.560643,13.38787267,afternoon,14,daylight,0,dry,0,6,4,0,1,1,0,0,0,2,seriously_injured
2020,6,Tue,3,52.59126692,13.45076438,morning,8,daylight,0,dry,0,5,2,1,1,0,0,0,0,3,slightly_injured
2020,6,Wed,4,52.45211421,13.33040161,afternoon,15,daylight,0,dry,0,1,5,1,1,0,0,0,0,3,slightly_injured
2020,6,Sun,1,52.49873584,13.41829332,afternoon,13,daylight,0,dry,0,5,2,1,1,0,0,0,0,2,seriously_injured
2020,5,Sun,1,52.54714085,13.40716714,afternoon,13,daylight,0,dry,0,0,7,1,0,0,0,0,0,3,slightly_injured
2020,6,Tue,3,52.42430778,13.27602782,morning,8,daylight,0,dry,0,2,7,1,0,0,0,0,1,3,slightly_injured
2020,6,Tue,3,52.41253297,13.36157889,morning,7,daylight,0,dry,0,5,2,1,1,0,0,0,0,2,seriously_injured
2020,6,Tue,3,52.53010138,13.45651664,morning,10,daylight,0,dry,0,5,2,1,1,0,0,0,0,3,slightly_injured
2020,6,Tue,3,52.52999462,13.40147352,morning,7,daylight,0,dry,0,2,7,1,1,0,0,0,0,3,slightly_injured
2020,6,Tue,3,52.48329059,13.43375932,afternoon,14,daylight,0,dry,0,5,7,1,1,0,0,0,0,3,slightly_injured
2020,6,Tue,3,52.61498164,13.24418431,morning,7,daylight,0,dry,0,5,2,1,1,0,0,0,0,3,slightly_injured
2020,6,Tue,3,52.51611184,13.58599786,morning,7,daylight,0,dry,0,1,5,1,0,0,0,0,1,3,slightly_injured
2020,6,Tue,3,52.52019669,13.28624613,morning,8,daylight,0,dry,0,6,4,0,1,1,0,0,0,2,seriously_injured
2020,6,Tue,3,52.4368431,13.37311291,afternoon,12,daylight,0,dry,0,5,2,1,0,0,0,0,1,3,slightly_injured
2020,6,Mon,2,52.46978089,13.37213254,morning,11,daylight,0,dry,0,2,2,0,1,0,0,0,0,3,slightly_injured
2020,5,Sun,1,52.55078386,13.37889435,afternoon,17,daylight,0,dry,0,0,6,0,1,0,0,0,1,3,slightly_injured
2020,6,Fri,6,52.46410713,13.46790459,afternoon,16,daylight,0,dry,0,5,3,0,1,0,0,0,0,3,slightly_injured
2020,6,Tue,3,52.51397196,13.62381986,night,5,daylight,0,dry,0,2,6,0,1,0,0,0,0,3,slightly_injured
2020,6,Wed,4,52.49109016,13.39799223,afternoon,15,daylight,0,dry,0,5,7,1,1,0,0,0,0,3,slightly_injured
2020,6,Sat,7,52.53701124,13.32695775,evening,20,daylight,0,dry,0,5,3,1,1,0,0,0,0,3,slightly_injured
2020,6,Tue,3,52.50289819,13.43143124,evening,19,daylight,0,dry,0,5,3,1,1,0,0,0,0,3,slightly_injured
2020,6,Sat,7,52.56793762,13.42769019,afternoon,12,daylight,0,dry,0,5,2,0,1,0,0,0,0,3,slightly_injured
2020,6,Tue,3,52.47671969,13.36357414,afternoon,12,daylight,0,dry,0,5,2,0,1,0,1,0,0,3,slightly_injured
2020,6,Tue,3,52.56608107,13.3960088,evening,19,daylight,0,dry,0,6,6,1,0,1,0,0,0,3,slightly_injured
2020,6,Tue,3,52.58509387,13.36646324,afternoon,16,daylight,0,dry,0,1,7,0,1,0,1,0,1,2,seriously_injured
2020,6,Sat,7,52.5491344,13.5835162,morning,11,daylight,0,dry,0,2,6,0,1,0,0,0,0,3,slightly_injured
2020,6,Mon,2,52.44661776,13.55881608,morning,11,daylight,0,dry,0,0,6,0,1,0,0,0,1,3,slightly_injured
2020,6,Mon,2,52.54330466,13.32280388,evening,18,daylight,0,dry,0,0,6,0,1,0,0,0,1,3,slightly_injured
2020,6,Mon,2,52.52737245,13.4523331,afternoon,17,daylight,0,dry,0,5,3,1,1,0,1,0,0,3,slightly_injured
2020,5,Sat,7,52.49009149,13.43411769,evening,22,dark,2,dry,0,1,5,1,1,0,0,0,0,3,slightly_injured
2020,6,Wed,4,52.49229096,13.42797362,evening,19,daylight,0,dry,0,3,6,1,1,0,0,0,0,3,slightly_injured
2020,6,Sat,7,52.44152304,13.35331891,afternoon,15,daylight,0,dry,0,2,7,0,1,0,0,0,0,2,seriously_injured
2020,6,Sat,7,52.54082122,13.24758931,afternoon,16,daylight,0,dry,0,5,2,0,1,0,0,0,0,2,seriously_injured
2020,6,Mon,2,52.53546789,13.19537026,evening,22,dark,2,dry,0,5,3,0,1,0,0,0,0,2,seriously_injured
2020,6,Wed,4,52.41236173,13.66195471,afternoon,12,daylight,0,dry,0,1,5,0,1,0,1,0,0,3,slightly_injured
2020,6,Wed,4,52.54460705,13.44584326,afternoon,15,daylight,0,dry,0,5,3,1,1,0,0,0,0,3,slightly_injured
2020,6,Mon,2,52.50245942,13.41490576,evening,19,daylight,0,dry,0,5,2,1,1,0,0,0,0,3,slightly_injured
2020,6,Mon,2,52.51580569,13.24791297,evening,19,daylight,0,dry,0,1,5,1,1,0,0,0,0,3,slightly_injured
2020,6,Mon,2,52.43289901,13.35309835,evening,18,daylight,0,dry,0,4,6,1,0,0,0,0,0,3,slightly_injured
2020,6,Wed,4,52.534377,13.19069943,morning,11,daylight,0,dry,0,5,7,0,1,0,0,0,0,3,slightly_injured
2020,6,Mon,2,52.48982113,13.40857336,evening,18,daylight,0,dry,0,0,7,1,1,0,0,0,0,3,slightly_injured
2020,6,Wed,4,52.48935347,13.39957351,morning,10,daylight,0,dry,0,6,4,1,0,1,0,0,0,3,slightly_injured
2020,6,Mon,2,52.50530461,13.33044283,afternoon,17,daylight,0,dry,0,5,7,0,1,0,0,0,0,3,slightly_injured
2020,6,Thu,5,52.5211806,13.32264202,afternoon,13,daylight,0,dry,0,3,6,1,1,0,0,0,0,2,seriously_injured
2020,6,Wed,4,52.49866543,13.44646254,morning,10,daylight,0,dry,0,5,2,1,1,0,0,0,0,2,seriously_injured
2020,6,Mon,2,52.53474407,13.39706892,afternoon,17,daylight,0,dry,0,5,5,1,1,0,0,0,0,3,slightly_injured
2020,6,Mon,2,52.48940176,13.34905333,afternoon,16,daylight,0,dry,0,5,2,1,1,0,0,0,0,3,slightly_injured
2020,6,Mon,2,52.52332844,13.43341966,afternoon,16,daylight,0,dry,0,0,1,1,0,0,0,0,0,2,seriously_injured
2020,6,Mon,2,52.5272375,13.38752941,afternoon,16,daylight,0,dry,0,2,6,1,1,0,0,0,0,3,slightly_injured
2020,6,Wed,4,52.49747733,13.31641111,morning,10,daylight,0,dry,0,5,3,1,1,0,0,0,0,3,slightly_injured
2020,6,Mon,2,52.48834951,13.3082273,afternoon,15,daylight,0,dry,0,2,6,0,1,0,1,0,0,3,slightly_injured
2020,6,Mon,2,52.47652376,13.47672031,afternoon,12,daylight,0,dry,0,2,6,0,1,0,0,0,1,3,slightly_injured
2020,6,Thu,5,52.40920949,13.3758103,morning,11,daylight,0,dry,0,2,6,0,1,0,1,0,0,3,slightly_injured
2020,6,Wed,4,52.54439804,13.41276882,morning,9,daylight,0,dry,0,5,3,0,1,0,0,0,0,3,slightly_injured
2020,6,Mon,2,52.4849886,13.38413142,evening,23,dark,2,dry,0,1,5,1,1,0,0,0,0,3,slightly_injured
2020,6,Mon,2,52.55122498,13.16551511,afternoon,13,daylight,0,dry,0,5,2,1,1,0,0,0,0,3,slightly_injured
2020,6,Mon,2,52.50993848,13.51914252,evening,22,dark,2,dry,0,5,3,1,0,0,1,0,0,2,seriously_injured
2020,6,Wed,4,52.47018609,13.32283311,morning,9,daylight,0,dry,0,5,3,1,1,0,0,0,0,3,slightly_injured
2020,6,Wed,4,52.41440767,13.31772292,afternoon,15,daylight,0,dry,0,5,2,0,1,0,0,0,0,3,slightly_injured
2020,6,Mon,2,52.50461371,13.44101499,evening,21,dusk,1,dry,0,1,5,1,1,0,0,0,0,3,slightly_injured
2020,6,Mon,2,52.57444294,13.50816819,evening,20,dusk,1,dry,0,5,3,1,1,0,0,0,0,2,seriously_injured
2020,6,Wed,4,52.56389739,13.46095555,morning,8,daylight,0,dry,0,5,3,1,1,0,0,0,0,3,slightly_injured
2020,6,Wed,4,52.51953516,13.42859159,morning,9,daylight,0,dry,0,5,2,0,1,0,1,0,0,3,slightly_injured
2020,6,Mon,2,52.44880391,13.31544421,evening,20,daylight,0,dry,0,2,4,0,1,1,0,0,0,2,seriously_injured
2020,6,Wed,4,52.44807506,13.66831097,morning,9,daylight,0,dry,0,2,6,0,1,0,0,0,0,3,slightly_injured
2020,6,Mon,2,52.56141138,13.50030725,evening,20,dusk,1,dry,0,5,2,1,1,0,0,0,0,3,slightly_injured
2020,6,Mon,2,52.47118169,13.46183534,evening,20,dusk,1,dry,0,0,2,1,1,0,0,0,0,3,slightly_injured
2020,6,Thu,5,52.52527021,13.40664791,morning,9,daylight,0,dry,0,0,6,1,1,0,0,0,0,3,slightly_injured
2020,6,Wed,4,52.44415257,13.56911591,morning,8,daylight,0,dry,0,5,2,1,1,0,0,0,0,3,slightly_injured
2020,6,Mon,2,52.41462567,13.40126305,evening,20,daylight,0,dry,0,5,2,1,1,0,0,0,0,3,slightly_injured
2020,6,Mon,2,52.5462998,13.35918034,evening,20,daylight,0,dry,0,5,7,1,1,0,0,0,0,3,slightly_injured
2020,6,Mon,2,52.41288948,13.31945993,morning,11,daylight,0,dry,0,0,7,1,0,0,0,0,0,3,slightly_injured
2020,6,Wed,4,52.43860227,13.4505049,morning,8,daylight,0,dry,0,6,7,0,1,1,0,0,0,3,slightly_injured
2020,6,Wed,4,52.52842601,13.22108911,afternoon,15,daylight,0,dry,0,2,6,0,1,0,1,0,0,2,seriously_injured
2020,6,Mon,2,52.55798855,13.35177179,morning,8,daylight,0,dry,0,4,6,0,1,0,0,0,0,3,slightly_injured
2020,6,Mon,2,52.41791055,13.30505119,morning,8,daylight,0,dry,0,6,2,0,0,1,0,0,1,3,slightly_injured
2020,6,Mon,2,52.52691077,13.57468272,morning,7,daylight,0,dry,0,6,4,0,1,1,0,0,0,3,slightly_injured
2020,6,Wed,4,52.55270372,13.44954947,morning,8,daylight,0,dry,0,5,3,1,1,0,0,0,0,2,seriously_injured
2020,6,Mon,2,52.53584926,13.6013106,morning,7,daylight,0,dry,0,0,1,1,0,0,0,0,0,3,slightly_injured
2020,6,Mon,2,52.51563707,13.48740207,morning,6,daylight,0,dry,0,5,3,1,1,0,0,0,0,3,slightly_injured
2020,6,Mon,2,52.48733394,13.5747797,morning,6,daylight,0,dry,0,5,3,1,1,0,0,0,0,3,slightly_injured
2020,6,Mon,2,52.56852671,13.44120447,night,5,daylight,0,wet,1,0,1,0,0,0,1,0,0,3,slightly_injured
2020,6,Wed,4,52.45647787,13.3227072,night,1,dark,2,dry,0,0,1,0,0,0,0,0,1,3,slightly_injured
2020,6,Wed,4,52.43315669,13.31912819,afternoon,15,daylight,0,dry,0,2,6,0,1,0,0,0,1,3,slightly_injured
2020,6,Mon,2,52.51223912,13.18240487,afternoon,16,daylight,0,dry,0,2,6,0,1,0,1,0,0,3,slightly_injured
2020,6,Mon,2,52.52270021,13.36452223,afternoon,16,daylight,0,dry,0,5,2,0,1,0,0,0,0,2,seriously_injured
2020,6,Mon,2,52.54648524,13.31166454,afternoon,16,daylight,0,dry,0,1,5,0,1,0,0,0,0,3,slightly_injured
2020,6,Tue,3,52.43358382,13.34365002,morning,8,daylight,0,dry,0,0,5,0,1,0,0,0,0,3,slightly_injured
2020,6,Mon,2,52.49883194,13.61339483,afternoon,15,daylight,0,dry,0,4,6,1,0,0,0,0,0,3,slightly_injured
2020,6,Tue,3,52.49948332,13.30469112,afternoon,15,daylight,0,dry,0,2,6,0,1,0,0,0,0,3,slightly_injured
2020,6,Mon,2,52.53407995,13.18172511,afternoon,15,daylight,0,dry,0,5,3,1,0,0,0,1,0,2,seriously_injured
2020,6,Thu,5,52.49695234,13.50663326,morning,11,daylight,0,dry,0,8,7,0,0,0,0,0,1,3,slightly_injured
2020,6,Tue,3,52.51705333,13.47865923,evening,21,dusk,1,dry,0,1,5,1,1,0,0,0,0,3,slightly_injured
2020,6,Tue,3,52.53486218,13.14204188,morning,9,daylight,0,dry,0,6,7,1,0,1,0,0,0,3,slightly_injured
2020,6,Mon,2,52.58706944,13.31690158,afternoon,15,daylight,0,dry,0,2,6,0,1,0,0,0,0,3,slightly_injured
2020,6,Thu,5,52.41631122,13.40583919,afternoon,15,daylight,0,dry,0,5,3,0,1,0,0,0,0,3,slightly_injured