ujahr,umonat,weekday,uwochentag,long,lat,time_of_day,ustunde,light_condition,ulichtverh,street_condition,ustrzustand,uart,utyp1,ist_rad,ist_pkw,ist_fuss,ist_krad,ist_gkfz,ist_sonstige,ukategorie,accident_outcome
2020,6,Tue,3,52.4945157,13.42680374,evening,19,daylight,0,dry,0,0,2,1,0,0,1,0,0,3,slightly_injured
2020,6,Mon,2,52.46030274,13.43527599,afternoon,14,daylight,0,dry,0,5,2,0,1,0,0,0,0,3,slightly_injured
2020,6,Mon,2,52.39867715,13.39006525,afternoon,14,daylight,0,dry,0,3,6,0,1,0,1,0,0,3,slightly_injured
2020,6,Mon,2,52.52738089,13.38672692,afternoon,14,daylight,0,dry,0,3,6,1,1,0,0,0,0,3,slightly_injured
2020,6,Mon,2,52.48109452,13.36140134,afternoon,13,daylight,0,dry,0,1,5,1,1,0,0,0,0,3,slightly_injured
2020,6,Tue,3,52.52335476,13.36066604,evening,19,daylight,0,dry,0,5,2,0,1,0,1,0,0,3,slightly_injured
2020,6,Mon,2,52.56797205,13.31199676,afternoon,13,daylight,0,dry,0,5,3,0,1,0,1,0,0,2,seriously_injured
2020,6,Mon,2,52.51793385,13.44088983,afternoon,13,daylight,0,dry,0,0,5,1,1,0,0,0,0,2,seriously_injured
2020,6,Thu,5,52.5685578,13.44133317,morning,10,daylight,0,dry,0,5,3,0,1,0,0,0,0,3,slightly_injured
2020,6,Tue,3,52.5436283,13.36423344,evening,18,daylight,0,dry,0,6,4,1,0,1,0,0,0,3,slightly_injured
2020,6,Mon,2,52.41742247,13.33385449,afternoon,13,daylight,0,dry,0,0,7,1,0,0,0,0,0,3,slightly_injured
2020,6,Mon,2,52.50313726,13.39499437,afternoon,12,daylight,0,dry,0,5,3,1,1,0,0,0,0,2,seriously_injured
2020,6,Mon,2,52.49985994,13.36232922,afternoon,12,daylight,0,dry,0,2,7,0,0,0,1,0,1,3,slightly_injured
2020,6,Mon,2,52.49888261,13.41894073,evening,20,daylight,0,dry,0,5,2,1,1,0,0,0,0,3,slightly_injured
2020,6,Mon,2,52.42976025,13.25680615,morning,11,daylight,0,dry,0,5,2,1,1,0,0,0,0,2,seriously_injured
2020,6,Tue,3,52.53232837,13.3250435,evening,18,daylight,0,dry,0,5,2,0,1,0,1,0,0,3,slightly_injured
2020,6,Mon,2,52.50069742,13.38869863,afternoon,17,daylight,0,dry,0,5,2,1,0,0,0,0,0,3,slightly_injured
2020,6,Mon,2,52.52743967,13.40322866,morning,10,daylight,0,dry,0,6,4,1,0,1,0,0,0,3,slightly_injured
2020,6,Thu,5,52.53951857,13.61977352,morning,8,daylight,0,dry,0,5,2,0,1,0,1,0,0,3,slightly_injured
2020,6,Tue,3,52.50032812,13.34367336,evening,18,daylight,0,dry,0,3,6,1,0,0,0,0,0,3,slightly_injured
2020,6,Mon,2,52.52633144,13.1332247,morning,11,daylight,0,dry,0,5,2,0,1,0,0,0,1,3,slightly_injured
2020,6,Mon,2,52.60778512,13.42657438,morning,10,daylight,0,dry,0,0,2,0,1,0,0,0,1,3,slightly_injured
2020,6,Mon,2,52.50565358,13.17993401,morning,10,daylight,0,dry,0,4,6,0,1,0,0,0,0,2,seriously_injured
2020,6,Tue,3,52.50960943,13.35138298,evening,18,daylight,0,dry,0,5,2,0,1,0,0,0,0,3,slightly_injured
2020,6,Wed,4,52.5498181,13.37949336,evening,21,dark,2,dry,0,5,3,0,1,0,0,0,0,3,slightly_injured
2020,6,Mon,2,52.49413795,13.40368386,morning,8,daylight,0,dry,0,0,7,1,0,0,0,0,0,3,slightly_injured
2020,6,Mon,2,52.60145327,13.4708851,afternoon,16,daylight,0,dry,0,5,2,0,1,0,1,0,0,1,killed
2020,6,Tue,3,52.49171815,13.39295425,evening,18,daylight,0,dry,0,1,5,1,1,0,0,0,0,3,slightly_injured
2020,6,Wed,4,52.53192073,13.39135545,evening,19,daylight,0,dry,0,0,1,1,0,0,0,0,0,3,slightly_injured
2020,6,Sun,1,52.57180752,13.46386123,afternoon,17,daylight,0,dry,0,0,3,1,0,0,0,0,1,3,slightly_injured
2020,6,Sun,1,52.45675045,13.28943163,evening,18,daylight,0,dry,0,5,2,1,0,0,1,0,0,3,slightly_injured
2020,6,Wed,4,52.43412746,13.35851493,morning,8,daylight,0,dry,0,5,3,1,1,0,0,0,0,3,slightly_injured
2020,6,Sun,1,52.49145934,13.32867352,evening,22,dark,2,dry,0,2,7,1,1,0,0,0,0,3,slightly_injured
2020,6,Wed,4,52.63039085,13.50416345,morning,8,daylight,0,dry,0,6,4,0,1,1,0,0,0,3,slightly_injured
2020,6,Sun,1,52.53832718,13.39605572,evening,22,dark,2,dry,0,5,2,1,1,0,0,0,0,3,slightly_injured
2020,6,Sun,1,52.52101673,13.38676805,evening,20,daylight,0,dry,0,1,7,1,1,0,0,0,0,3,slightly_injured
2020,6,Tue,3,52.42811902,13.45026186,evening,18,daylight,0,dry,0,4,6,0,1,0,1,0,0,2,seriously_injured
2020,6,Wed,4,52.47107269,13.44794054,afternoon,14,daylight,0,dry,0,5,3,1,1,0,0,0,0,3,slightly_injured
2020,6,Sun,1,52.48089008,13.26956499,evening,20,daylight,0,dry,0,1,5,1,1,0,0,0,0,3,slightly_injured
2020,6,Sun,1,52.46552188,13.28848695,evening,19,daylight,0,dry,0,5,2,1,1,0,0,0,0,3,slightly_injured
2020,6,Wed,4,52.46427314,13.44733343,morning,8,daylight,0,dry,0,5,2,0,1,0,0,0,0,3,slightly_injured
2020,6,Sun,1,52.42284938,13.45731713,evening,18,daylight,0,dry,0,0,1,1,0,0,0,0,0,3,slightly_injured
2020,6,Sun,1,52.55047167,13.41516841,afternoon,17,daylight,0,dry,0,1,5,1,1,0,0,0,0,3,slightly_injured
2020,6,Wed,4,52.53605351,13.35038867,morning,7,daylight,0,dry,0,4,6,0,1,0,0,0,1,3,slightly_injured
2020,6,Sun,1,52.5773176,13.44458483,evening,18,daylight,0,dry,0,9,1,0,1,0,0,0,0,2,seriously_injured
2020,6,Tue,3,52.52611185,13.51973187,afternoon,17,daylight,0,dry,0,5,2,1,1,0,0,0,0,3,slightly_injured
2020,6,Sun,1,52.45342916,13.47156358,afternoon,16,daylight,0,dry,0,5,7,0,1,0,1,0,0,2,seriously_injured
2020,6,Tue,3,52.44298675,13.58100046,afternoon,17,dark,2,dry,0,6,4,1,0,1,0,0,0,3,slightly_injured
2020,6,Sun,1,52.51973669,13.39845684,afternoon,15,daylight,0,dry,0,0,1,0,0,0,0,0,1,3,slightly_injured
2020,6,Thu,5,52.50874175,13.32706643,afternoon,14,daylight,0,dry,0,2,6,0,1,0,1,0,0,3,slightly_injured
2020,6,Tue,3,52.48710838,13.35500636,afternoon,17,daylight,0,dry,0,0,5,0,1,0,0,0,0,3,slightly_injured
2020,6,Sun,1,52.48509902,13.36425547,afternoon,12,daylight,0,dry,0,2,6,1,1,0,0,0,0,3,slightly_injured
2020,6,Wed,4,52.41972192,13.43823322,morning,7,daylight,0,dry,0,2,1,0,1,0,1,0,0,3,slightly_injured
2020,6,Sun,1,52.5141696,13.39513858,morning,11,daylight,0,dry,0,5,5,1,1,0,0,0,0,3,slightly_injured
2020,6,Sun,1,52.54924902,13.35402518,morning,11,daylight,0,dry,0,2,6,0,1,0,0,0,0,3,slightly_injured
2020,6,Tue,3,52.5276353,13.23259292,afternoon,17,daylight,0,dry,0,2,6,0,1,0,0,0,0,3,slightly_injured
2020,6,Sun,1,52.51365988,13.33575913,afternoon,16,daylight,0,dry,0,5,2,1,0,0,0,0,0,3,slightly_injured
2020,6,Sat,7,52.49162666,13.39446394,evening,22,dark,2,wet,1,5,3,0,1,0,0,0,0,3,slightly_injured
2020,6,Tue,3,52.50679234,13.33095708,afternoon,17,daylight,0,dry,0,2,6,0,1,0,1,0,0,3,slightly_injured
2020,6,Sat,7,52.49339651,13.42828439,evening,21,dark,2,wet,1,5,3,1,1,0,0,0,0,3,slightly_injured
2020,6,Sat,7,52.49996993,13.44406727,evening,21,dark,2,wet,1,6,4,0,1,1,0,0,0,2,seriously_injured
2020,6,Thu,5,52.52021346,13.17119063,morning,11,daylight,0,dry,0,5,3,0,1,0,0,0,0,3,slightly_injured
2020,6,Tue,3,52.54116709,13.56999393,afternoon,16,daylight,0,dry,0,2,6,0,1,0,0,0,0,3,slightly_injured
2020,6,Sat,7,52.48818971,13.42687569,evening,20,dark,2,wet,1,5,3,1,1,0,0,0,0,3,slightly_injured
2020,6,Wed,4,52.52180243,13.40414749,night,5,daylight,0,dry,0,5,2,1,1,0,0,0,0,3,slightly_injured
2020,6,Sat,7,52.5871901,13.28302238,evening,20,dusk,1,wet,1,6,7,1,0,1,0,0,0,3,slightly_injured
2020,6,Sat,7,52.51455349,13.42080518,evening,19,dusk,1,wet,1,0,1,1,0,0,0,0,0,3,slightly_injured
2020,6,Tue,3,52.56407114,13.37065051,afternoon,16,daylight,0,dry,0,6,4,0,1,1,0,0,0,3,slightly_injured
2020,6,Wed,4,52.55867697,13.3517368,afternoon,14,daylight,0,dry,0,2,6,0,1,0,1,0,0,2,seriously_injured
2020,6,Sat,7,52.52992664,13.6350887,evening,19,dusk,1,wet,1,0,1,1,0,0,0,0,0,3,slightly_injured
2020,6,Sat,7,52.58038167,13.40024593,evening,18,daylight,0,wet,1,0,6,0,1,0,1,0,0,3,slightly_injured
2020,6,Thu,5,52.54583063,13.44325785,morning,7,daylight,0,dry,0,0,7,1,0,1,0,0,0,3,slightly_injured
2020,6,Tue,3,52.42725397,13.4478824,morning,9,daylight,0,dry,0,1,5,0,1,0,0,0,0,3,slightly_injured
2020,6,Sat,7,52.43441083,13.54269057,afternoon,16,daylight,0,dry,0,0,7,1,0,0,0,0,0,2,seriously_injured
2020,6,Sat,7,52.5391433,13.39523801,afternoon,16,daylight,0,wet,1,0,1,0,0,0,1,0,0,2,seriously_injured
2020,6,Thu,5,52.52905915,13.4018057,morning,9,daylight,0,dry,0,5,3,1,0,0,0,0,1,3,slightly_injured
2020,6,Tue,3,52.53888153,13.20720872,morning,9,daylight,0,dry,0,2,6,0,1,0,0,0,1,3,slightly_injured
2020,6,Sat,7,52.52733488,13.3045261,afternoon,16,daylight,0,dry,0,5,3,1,1,0,0,0,0,1,killed
2020,6,Sat,7,52.56132149,13.5633827,afternoon,14,daylight,0,wet,1,2,6,0,1,0,0,0,0,2,seriously_injured
2020,6,Sat,7,52.53050127,13.35091739,afternoon,14,daylight,0,dry,0,1,5,1,1,0,0,0,0,3,slightly_injured
2020,6,Tue,3,52.51546467,13.38130628,afternoon,16,daylight,0,dry,0,0,1,1,0,0,0,0,0,3,slightly_injured
2020,6,Wed,4,52.55673431,13.37699895,evening,18,daylight,0,dry,0,5,3,1,0,0,0,0,0,3,slightly_injured
2020,6,Sat,7,52.47086004,13.44550804,afternoon,14,daylight,0,dry,0,5,7,1,1,0,0,0,0,3,slightly_injured
2020,6,Sat,7,52.54879553,13.3759949,afternoon,14,daylight,0,dry,0,0,2,1,1,0,0,0,0,3,slightly_injured
2020,6,Wed,4,52.5692134,13.30965913,evening,18,daylight,0,dry,0,5,2,1,1,0,0,0,0,3,slightly_injured
2020,6,Sat,7,52.55917295,13.38662007,afternoon,14,daylight,0,dry,0,6,4,1,0,1,0,0,0,3,slightly_injured
2020,6,Wed,4,52.56039597,13.32146139,afternoon,17,daylight,0,dry,0,2,6,0,1,0,1,0,0,3,slightly_injured
2020,6,Sat,7,52.4405817,13.56765108,afternoon,14,daylight,0,dry,0,6,4,0,1,1,0,0,0,3,slightly_injured
2020,6,Sat,7,52.50468274,13.34316968,afternoon,13,daylight,0,dry,0,5,3,1,1,0,0,0,0,3,slightly_injured
2020,6,Sat,7,52.53782826,13.37548809,afternoon,12,daylight,0,dry,0,0,7,1,0,0,0,0,0,3,slightly_injured
2020,6,Sat,7,52.4769441,13.42642258,morning,11,daylight,0,dry,0,5,7,0,1,0,1,0,0,3,slightly_injured
2020,6,Tue,3,52.55752677,13.43260661,morning,8,daylight,0,dry,0,5,3,0,1,0,0,0,0,3,slightly_injured
2020,6,Wed,4,52.42999932,13.34048381,afternoon,13,daylight,0,dry,0,2,6,1,1,0,0,0,0,2,seriously_injured
2020,6,Sat,7,52.59901441,13.29981839,morning,10,daylight,0,dry,0,2,6,0,1,0,0,0,0,3,slightly_injured
2020,6,Sat,7,52.52424583,13.14331661,morning,11,daylight,0,dry,0,5,3,0,1,0,1,0,0,2,seriously_injured
2020,6,Sat,7,52.417721,13.33228334,morning,6,daylight,0,dry,0,5,3,0,1,0,0,0,0,3,slightly_injured
2020,6,Tue,3,52.58657583,13.31565565,afternoon,15,daylight,0,dry,0,5,2,0,1,0,1,0,0,2,seriously_injured
2020,6,Sat,7,52.51827224,13.38861551,night,1,dark,2,dry,0,1,5,1,1,0,0,0,0,3,slightly_injured
2020,6,Tue,3,52.54625655,13.45573211,afternoon,14,daylight,0,dry,0,1,5,1,0,0,0,0,1,2,seriously_injured
2020,6,Sat,7,52.54627833,13.35921825,night,0,dark,2,dry,0,6,2,0,0,1,0,0,1,3,slightly_injured
2020,6,Thu,5,52.54205999,13.33541026,afternoon,12,daylight,0,dry,0,0,2,1,1,0,0,0,0,3,slightly_injured
2020,6,Tue,3,52.4588878,13.37614729,morning,8,daylight,0,dry,0,5,2,1,1,0,0,0,0,3,slightly_injured
2020,6,Sat,7,52.55046695,13.50992306,afternoon,17,dusk,1,wet,1,3,2,1,1,0,0,0,0,3,slightly_injured
2020,6,Wed,4,52.51243894,13.41718128,afternoon,16,daylight,0,dry,0,5,2,1,1,0,0,0,0,3,slightly_injured
2020,6,Thu,5,52.42133742,13.31088415,afternoon,15,daylight,0,dry,0,6,6,1,0,1,0,0,0,3,slightly_injured
2020,6,Tue,3,52.48943886,13.39147827,afternoon,14,daylight,0,dry,0,3,6,1,1,0,0,0,0,3,slightly_injured
2020,6,Fri,6,52.53377459,13.28225813,afternoon,13,daylight,0,dry,0,5,2,1,0,0,0,0,1,2,seriously_injured
2020,6,Fri,6,52.5289096,13.39535386,evening,20,daylight,0,dry,0,3,6,1,1,0,0,0,0,2,seriously_injured
2020,6,Fri,6,52.50196094,13.32182349,evening,19,daylight,0,wet,1,0,7,1,0,0,0,0,0,3,slightly_injured
2020,6,Fri,6,52.48109122,13.43674063,evening,18,daylight,0,dry,0,0,1,1,0,0,0,0,0,3,slightly_injured
2020,6,Tue,3,52.52832261,13.40907827,morning,8,daylight,0,dry,0,0,1,1,0,0,0,0,0,3,slightly_injured
2020,6,Fri,6,52.57027931,13.32144836,evening,18,daylight,0,dry,0,0,1,0,1,0,1,0,0,3,slightly_injured
2020,6,Fri,6,52.57074246,13.31802458,evening,18,daylight,0,dry,0,5,3,0,1,0,0,0,1,3,slightly_injured
2020,6,Thu,5,52.43326103,13.48598393,morning,11,daylight,0,dry,0,5,3,0,1,0,0,0,0,3,slightly_injured
2020,6,Tue,3,52.55668877,13.37220665,afternoon,15,daylight,0,dry,0,5,3,1,1,0,0,0,0,3,slightly_injured
2020,6,Fri,6,52.41679221,13.28316724,afternoon,17,daylight,0,dry,0,5,3,0,1,0,0,0,0,3,slightly_injured
2020,6,Fri,6,52.47352754,13.57044839,afternoon,17,daylight,0,dry,0,5,3,0,1,0,0,0,0,3,slightly_injured
2020,6,Fri,6,52.54927096,13.1786618,afternoon,17,daylight,0,dry,0,6,7,1,0,1,0,0,0,3,slightly_injured
2020,6,Tue,3,52.41812721,13.31092185,afternoon,14,daylight,0,dry,0,2,6,1,1,0,0,0,0,3,slightly_injured
2020,6,Fri,6,52.60220476,13.36019572,afternoon,16,daylight,0,dry,0,6,7,1,0,1,0,0,0,3,slightly_injured
2020,6,Fri,6,52.39533836,13.39071088,afternoon,15,daylight,0,dry,0,1,5,1,1,0,0,0,0,3,slightly_injured
2020,6,Tue,3,52.5466369,13.37219527,afternoon,13,daylight,0,dry,0,5,3,1,1,0,0,0,0,3,slightly_injured
2020,6,Fri,6,52.454191,13.14431999,morning,8,daylight,0,dry,0,2,6,1,1,0,0,0,0,3,slightly_injured
2020,6,Fri,6,52.48773654,13.4318503,afternoon,15,daylight,0,dry,0,5,7,1,1,0,0,0,1,3,slightly_injured
2020,6,Thu,5,52.48341302,13.60215242,morning,9,daylight,0,dry,0,6,4,1,0,1,0,0,0,1,killed
2020,6,Tue,3,52.45278406,13.57428257,morning,6,daylight,0,dry,0,5,2,1,1,0,0,0,0,3,slightly_injured
2020,6,Fri,6,52.57464104,13.31464908,afternoon,14,daylight,0,dry,0,2,6,0,1,0,0,0,0,3,slightly_injured
2020,6,Wed,4,52.55365273,13.37641966,afternoon,16,daylight,0,dry,0,4,6,1,0,0,0,0,1,3,slightly_injured
2020,6,Fri,6,52.51386254,13.45457935,afternoon,14,daylight,0,dry,0,3,6,1,1,0,0,0,0,3,slightly_injured
2020,6,Fri,6,52.52235199,13.38714726,afternoon,13,daylight,0,dry,0,0,1,0,0,0,1,0,0,3,slightly_injured
2020,6,Tue,3,52.57172242,13.42999566,morning,6,daylight,0,dry,0,5,3,0,1,0,0,0,1,3,slightly_injured
2020,6,Wed,4,52.43954712,13.4041011,afternoon,13,daylight,0,dry,0,5,3,1,1,0,0,0,0,3,slightly_injured
2020,6,Fri,6,52.48503379,13.37668836,afternoon,13,daylight,0,dry,0,5,2,1,0,0,0,0,1,2,seriously_injured
2020,6,Fri,6,52.51041848,13.40118763,afternoon,13,daylight,0,dry,0,5,2,1,1,0,0,0,0,3,slightly_injured
2020,6,Fri,6,52.50155524,13.44103366,afternoon,12,daylight,0,dry,0,5,7,0,1,0,1,0,0,3,slightly_injured
2020,6,Wed,4,52.53878517,13.3721562,afternoon,13,daylight,0,wet,1,0,7,0,0,0,1,0,0,3,slightly_injured
2020,6,Fri,6,52.51367389,13.3379494,evening,23,dark,2,dry,0,5,2,0,1,0,1,0,0,3,slightly_injured
2020,6,Fri,6,52.56721969,13.41123687,evening,22,dark,2,dry,0,1,5,1,1,0,0,0,0,3,slightly_injured
2020,6,Wed,4,52.49016777,13.42647464,evening,23,dark,2,dry,0,1,1,0,1,0,1,0,0,3,slightly_injured
2020,6,Fri,6,52.54314141,13.31316401,evening,22,dark,2,dry,0,1,5,1,0,0,0,0,1,2,seriously_injured
2020,6,Fri,6,52.52434202,13.2484348,afternoon,12,daylight,0,dry,0,5,2,1,0,0,0,0,1,3,slightly_injured
2020,6,Fri,6,52.52329222,13.35946883,afternoon,12,daylight,0,dry,0,5,2,0,1,0,0,0,1,2,seriously_injured
2020,6,Tue,3,52.4613405,13.42066388,night,5,daylight,0,dry,0,5,3,1,1,0,0,0,0,3,slightly_injured
2020,6,Wed,4,52.50640587,13.45875426,afternoon,17,daylight,0,dry,0,5,2,1,1,0,0,0,0,3,slightly_injured
2020,6,Fri,6,52.47312882,13.12197213,evening,20,daylight,0,dry,0,5,2,0,1,0,1,0,0,3,slightly_injured
2020,6,Fri,6,52.47789179,13.60073584,afternoon,12,daylight,0,dry,0,5,2,1,1,0,0,0,0,3,slightly_injured
2020,6,Fri,6,52.45662044,13.59668854,afternoon,12,daylight,0,dry,0,1,5,1,1,0,0,0,0,3,slightly_injured
2020,6,Fri,6,52.52522746,13.44353115,morning,11,daylight,0,dry,0,2,6,0,1,0,1,0,0,3,slightly_injured
2020,6,Tue,3,52.54567774,13.19386306,night,0,dark,2,dry,0,5,3,1,1,0,0,0,0,2,seriously_injured
2020,6,Tue,3,52.51871476,13.38845421,afternoon,13,daylight,0,dry,0,5,2,0,1,0,1,0,0,3,slightly_injured
2020,6,Fri,6,52.42276674,13.383434,morning,11,daylight,0,dry,0,1,5,0,1,0,0,0,0,3,slightly_injured
2020,6,Tue,3,52.50583247,13.51965702,afternoon,12,daylight,0,dry,0,5,2,1,1,0,0,0,0,3,slightly_injured
2020,6,Fri,6,52.45081783,13.53953897,morning,10,daylight,0,dry,0,6,4,0,1,1,0,0,0,2,seriously_injured
2020,6,Thu,5,52.51825444,13.34253908,afternoon,14,daylight,0,dry,0,0,7,1,0,1,0,0,0,3,slightly_injured
2020,6,Tue,3,52.44410572,13.51013226,afternoon,12,daylight,0,dry,0,2,6,0,1,0,0,0,0,3,slightly_injured
2020,6,Fri,6,52.52799402,13.62482199,morning,9,daylight,0,dry,0,2,6,0,1,0,0,0,0,3,slightly_injured
2020,6,Fri,6,52.54423704,13.15898491,morning,8,daylight,0,dry,0,1,5,0,1,0,0,0,0,3,slightly_injured
2020,6,Fri,6,52.5142073,13.56298707,morning,8,daylight,0,dry,0,5,2,1,1,0,0,0,0,3,slightly_injured
2020,6,Fri,6,52.55096529,13.41040069,morning,7,daylight,0,dry,0,5,2,1,1,0,0,0,0,2,seriously_injured
2020,6,Tue,3,52.50036358,13.43802685,morning,11,daylight,0,dry,0,5,3,1,1,0,0,0,0,3,slightly_injured
2020,6,Fri,6,52.4461603,13.24395585,morning,6,daylight,0,dry,0,5,2,1,1,0,0,0,0,3,slightly_injured
2020,6,Thu,5,52.55458535,13.43094933,morning,9,daylight,0,dry,0,6,7,1,0,1,0,0,0,3,slightly_injured
2020,6,Thu,5,52.4209,13.42759824,morning,10,daylight,0,dry,0,6,2,0,1,1,0,0,0,3,slightly_injured
2020,6,Tue,3,52.41033658,13.50709022,morning,11,daylight,0,dry,0,5,3,0,1,0,0,1,0,3,slightly_injured
2020,6,Thu,5,52.4273447,13.24425486,morning,7,daylight,0,wet,1,0,1,1,0,0,0,0,0,2,seriously_injured
2020,6,Thu,5,52.41449657,13.40125843,afternoon,12,daylight,0,wet,1,5,2,0,1,0,0,0,0,3,slightly_injured
2020,6,Thu,5,52.48865015,13.32090319,morning,11,daylight,0,wet,1,5,2,1,1,0,0,0,0,3,slightly_injured
2020,6,Thu,5,52.50941119,13.46800178,afternoon,12,daylight,0,dry,0,5,7,1,1,0,0,0,0,3,slightly_injured
2020,6,Tue,3,52.50790835,13.39401114,morning,11,daylight,0,dry,0,0,7,1,1,0,0,0,0,3,slightly_injured
2020,6,Thu,5,52.49508968,13.32767894,morning,11,daylight,0,wet,1,6,4,1,0,1,0,0,0,3,slightly_injured
2020,6,Thu,5,52.62039766,13.30584552,morning,9,daylight,0,wet,1,5,3,1,1,0,0,0,0,3,slightly_injured
2020,6,Thu,5,52.49151813,13.32338362,morning,9,daylight,0,wet,1,6,2,0,1,1,0,0,0,3,slightly_injured
2020,6,Tue,3,52.54212795,13.33652202,morning,10,daylight,0,dry,0,5,2,1,1,0,0,0,0,3,slightly_injured
2020,6,Thu,5,52.49528082,13.28491089,morning,9,daylight,0,dry,0,3,6,0,1,0,0,1,0,3,slightly_injured
2020,6,Thu,5,52.54798944,13.20982933,morning,9,daylight,0,wet,1,6,4,0,1,1,0,0,0,3,slightly_injured
2020,6,Thu,5,52.47256278,13.30692507,morning,7,daylight,0,dry,0,5,3,0,1,0,0,0,0,3,slightly_injured
2020,6,Tue,3,52.51667686,13.38888771,morning,10,daylight,0,dry,0,0,7,1,0,0,0,0,0,2,seriously_injured
2020,6,Thu,5,52.47706675,13.30655003,morning,9,daylight,0,wet,1,2,6,0,1,0,0,0,1,3,slightly_injured
2020,6,Thu,5,52.55415377,13.35859317,morning,9,daylight,0,wet,1,5,2,1,0,0,0,0,1,3,slightly_injured
2020,6,Thu,5,52.44505572,13.37950714,evening,20,dusk,1,dry,0,2,6,0,1,0,0,0,1,3,slightly_injured
2020,6,Thu,5,52.55410733,13.41049019,morning,8,daylight,0,wet,1,0,6,0,0,0,1,0,1,3,slightly_injured
2020,6,Mon,2,52.46427578,13.4473475,afternoon,13,daylight,0,dry,0,2,3,0,1,0,0,1,0,3,slightly_injured
2020,6,Wed,4,52.52811623,13.58957376,afternoon,12,daylight,0,dry,0,2,6,0,1,0,0,0,0,3,slightly_injured
2020,6,Thu,5,52.49305733,13.38760115,morning,8,daylight,0,wet,1,0,2,1,1,0,0,0,0,2,seriously_injured
2020,6,Thu,5,52.54527716,13.39854055,morning,7,daylight,0,wet,1,1,5,1,1,0,0,0,0,3,slightly_injured
2020,6,Wed,4,52.55110782,13.45506989,morning,8,daylight,0,dry,0,5,3,0,1,1,0,0,1,3,slightly_injured
2020,6,Wed,4,52.55137274,13.38012575,afternoon,16,daylight,0,dry,0,1,5,1,1,0,0,0,1,3,slightly_injured
2020,6,Thu,5,52.39384264,13.40416282,evening,19,daylight,0,dry,0,2,1,0,1,0,0,0,0,3,slightly_injured
2020,6,Wed,4,52.56456952,13.32616824,afternoon,15,daylight,0,dry,0,1,5,1,1,0,0,0,0,3,slightly_injured
2020,6,Thu,5,52.57138351,13.35144758,morning,6,daylight,0,wet,1,5,3,1,1,0,0,0,0,3,slightly_injured
2020,6,Thu,5,52.50563777,13.26457025,evening,19,daylight,0,dry,0,5,7,0,1,0,0,0,0,3,slightly_injured
2020,6,Thu,5,52.53421842,13.18859879,afternoon,15,daylight,0,dry,0,5,3,0,1,0,0,0,0,3,slightly_injured
2020,6,Mon,2,52.5356618,13.30124941,afternoon,15,daylight,0,dry,0,6,7,1,0,1,0,0,0,2,seriously_injured
2020,6,Thu,5,52.54717808,13.39006877,evening,19,daylight,0,wet,1,6,4,0,1,1,0,0,0,3,slightly_injured
2020,6,Thu,5,52.50942473,13.50397458,evening,19,daylight,0,wet,1,5,3,1,1,0,0,0,0,3,slightly_injured
2020,6,Thu,5,52.51948005,13.29954038,afternoon,13,daylight,0,dry,0,5,2,1,0,0,0,1,0,3,slightly_injured
2020,6,Mon,2,52.53834505,13.32611175,evening,18,daylight,0,dry,0,5,2,1,1,0,0,0,0,3,slightly_injured
2020,6,Sat,7,52.50272122,13.4468361,afternoon,17,daylight,0,wet,1,5,2,0,1,0,0,0,0,3,slightly_injured
2020,6,Sat,7,52.57019101,13.38966464,evening,23,dark,2,dry,0,0,7,1,0,0,0,0,0,3,slightly_injured
2020,6,Wed,4,52.46792212,13.43106736,morning,6,daylight,0,dry,0,5,7,0,1,0,0,0,0,3,slightly_injured
2020,6,Thu,5,52.46532325,13.43255663,evening,20,daylight,0,dry,0,5,7,0,1,0,0,0,0,3,slightly_injured
2020,6,Tue,3,52.42023736,13.3656901,morning,11,daylight,0,dry,0,1,5,0,1,0,0,0,0,3,slightly_injured
2020,6,Sat,7,52.52248053,13.36727927,afternoon,16,daylight,0,wet,1,5,3,0,1,0,0,0,0,3,slightly_injured
2020,6,Tue,3,52.58989883,13.2853398,afternoon,13,daylight,0,dry,0,6,7,0,0,1,0,0,1,3,slightly_injured
2020,6,Sat,7,52.54533912,13.37047547,afternoon,16,daylight,0,wet,1,6,2,0,1,1,0,0,0,3,slightly_injured
2020,6,Thu,5,52.50166423,13.56153221,morning,7,daylight,0,dry,0,5,2,0,1,0,1,0,0,3,slightly_injured
2020,6,Fri,6,52.47668985,13.3202674,afternoon,14,daylight,0,wet,1,5,3,0,1,0,0,0,0,3,slightly_injured
2020,6,Mon,2,52.53830455,13.2078046,morning,6,daylight,0,dry,0,1,5,1,1,0,0,0,0,3,slightly_injured
2020,6,Sat,7,52.54319485,13.37655308,afternoon,16,daylight,0,wet,1,0,1,1,0,0,0,0,0,3,slightly_injured
2020,6,Wed,4,52.49428038,13.3605583,evening,19,daylight,0,dry,0,0,1,0,0,0,0,0,1,2,seriously_injured
2020,6,Tue,3,52.53912684,13.34517382,morning,7,daylight,0,dry,0,5,2,1,1,0,0,0,0,3,slightly_injured