ujahr,umonat,weekday,uwochentag,long,lat,time_of_day,ustunde,light_condition,ulichtverh,street_condition,ustrzustand,uart,utyp1,ist_rad,ist_pkw,ist_fuss,ist_krad,ist_gkfz,ist_sonstige,ukategorie,accident_outcome
2020,6,Tue,3,52.43491164,13.34338814,evening,18,daylight,0,dry,0,5,2,1,1,0,0,0,0,3,slightly_injured
2020,6,Mon,2,52.50312419,13.32533811,afternoon,12,daylight,0,dry,0,5,5,1,1,0,0,0,0,3,slightly_injured
2020,6,Sat,7,52.62070121,13.48985562,afternoon,16,daylight,0,wet,1,2,2,0,1,0,0,0,0,3,slightly_injured
2020,6,Wed,4,52.43714306,13.23180078,morning,10,daylight,0,dry,0,0,7,0,0,0,0,1,0,2,seriously_injured
2020,6,Fri,6,52.56727048,13.3293147,afternoon,13,daylight,0,dry,0,6,7,1,0,1,0,0,0,3,slightly_injured
2020,6,Mon,2,52.49508353,13.33496786,afternoon,14,daylight,0,dry,0,1,5,0,0,0,1,0,1,3,slightly_injured
2020,6,Sat,7,52.55453118,13.34547297,afternoon,15,daylight,0,wet,1,2,6,0,1,0,0,0,0,3,slightly_injured
2020,6,Wed,4,52.48824339,13.3050286,afternoon,16,daylight,0,dry,0,9,1,0,0,0,1,0,0,2,seriously_injured
2020,6,Tue,3,52.43072536,13.49416757,afternoon,17,daylight,0,dry,0,0,1,1,0,0,0,0,0,2,seriously_injured
2020,6,Mon,2,52.45842757,13.30345068,morning,8,daylight,0,dry,0,2,6,0,1,0,0,0,0,3,slightly_injured
2020,6,Sat,7,52.54022563,13.31372761,afternoon,15,daylight,0,wet,1,1,7,0,1,0,0,0,0,3,slightly_injured
2020,6,Sat,7,52.40081546,13.52951002,evening,22,dark,2,wet,1,1,5,0,1,0,0,0,0,3,slightly_injured
2020,6,Wed,4,52.41957456,13.49959658,morning,9,daylight,0,dry,0,5,3,1,1,0,0,0,0,3,slightly_injured
2020,6,Thu,5,52.45547513,13.43645412,afternoon,17,daylight,0,dry,0,6,4,0,1,1,0,0,0,3,slightly_injured
2020,6,Sun,1,52.5965514,13.35361962,afternoon,15,daylight,0,dry,0,1,5,0,1,0,0,0,1,2,seriously_injured
2020,6,Fri,6,52.49896166,13.345915,evening,18,daylight,0,wet,1,6,4,0,0,1,1,0,0,3,slightly_injured
2020,6,Mon,2,52.53801886,13.32624614,morning,10,daylight,0,dry,0,5,2,0,1,0,0,1,0,3,slightly_injured
2020,6,Fri,6,52.49367897,13.41226022,evening,22,dark,2,dry,0,1,5,1,1,0,0,0,0,3,slightly_injured
2020,6,Wed,4,52.50116143,13.44472143,morning,10,daylight,0,dry,0,5,7,1,0,0,0,0,1,3,slightly_injured
2020,6,Thu,5,52.55520325,13.30662395,evening,19,daylight,0,dry,0,5,2,1,1,0,0,0,0,2,seriously_injured
2020,6,Mon,2,52.47062298,13.3039569,morning,11,daylight,0,dry,0,5,3,1,0,0,0,0,1,3,slightly_injured
2020,6,Fri,6,52.48161077,13.5021967,afternoon,17,daylight,0,wet,1,0,2,1,1,0,0,0,0,3,slightly_injured
2020,6,Wed,4,52.51070322,13.45194555,afternoon,13,daylight,0,dry,0,5,2,0,1,0,0,0,1,3,slightly_injured
2020,6,Tue,3,52.55212632,13.36580933,afternoon,16,daylight,0,dry,0,5,3,1,1,0,0,0,0,3,slightly_injured
2020,6,Mon,2,52.42336043,13.49921941,afternoon,17,daylight,0,dry,0,5,3,1,1,0,0,0,0,3,slightly_injured
2020,6,Fri,6,52.48375129,13.44284279,afternoon,13,daylight,0,dry,0,1,5,1,1,0,0,0,0,2,seriously_injured
2020,6,Sat,7,52.54452614,13.39124489,evening,18,daylight,0,wet,1,2,6,0,1,0,0,0,0,3,slightly_injured
2020,6,Wed,4,52.49298276,13.38798819,afternoon,17,daylight,0,dry,0,0,2,1,1,0,0,0,0,3,slightly_injured
2020,6,Thu,5,52.50166241,13.27657528,evening,21,dusk,1,dry,0,0,7,0,0,0,1,0,0,3,slightly_injured
2020,6,Tue,3,52.45637314,13.56268718,afternoon,12,daylight,0,dry,0,5,2,1,1,0,0,0,0,2,seriously_injured
2020,6,Fri,6,52.47709544,13.44446141,afternoon,12,daylight,0,dry,0,5,2,1,1,0,0,0,0,3,slightly_injured
2020,6,Wed,4,52.51754889,13.38874145,afternoon,12,daylight,0,dry,0,0,6,1,1,0,0,0,0,3,slightly_injured
2020,6,Tue,3,52.49611068,13.3958982,afternoon,15,daylight,0,dry,0,8,1,1,1,0,0,0,0,3,slightly_injured
2020,6,Thu,5,52.42388887,13.43640969,afternoon,12,daylight,0,dry,0,1,5,0,1,0,0,0,1,3,slightly_injured
2020,6,Fri,6,52.5007951,13.31372022,afternoon,16,daylight,0,dry,0,2,6,1,1,0,0,0,0,3,slightly_injured
2020,6,Mon,2,52.56525655,13.44416746,afternoon,17,daylight,0,dry,0,5,3,1,0,0,1,0,0,2,seriously_injured
2020,6,Fri,6,52.52347098,13.43653502,afternoon,12,daylight,0,dry,0,0,7,0,1,1,0,0,0,3,slightly_injured
2020,6,Sat,7,52.49084237,13.33023497,evening,18,daylight,0,wet,1,2,7,0,1,0,1,0,0,3,slightly_injured
2020,6,Wed,4,52.56201038,13.35863544,afternoon,14,daylight,0,dry,0,0,5,0,1,0,0,0,1,3,slightly_injured
2020,6,Thu,5,52.48732213,13.33061565,afternoon,14,daylight,0,dry,0,6,7,1,0,1,0,0,0,3,slightly_injured
2020,6,Tue,3,52.51919799,13.25704455,morning,9,daylight,0,dry,0,3,6,0,1,0,1,0,0,3,slightly_injured
2020,6,Fri,6,52.52878077,13.34333697,evening,23,dark,2,dry,0,2,2,1,1,0,0,0,0,3,slightly_injured
2020,6,Tue,3,52.4903806,13.42362228,morning,10,daylight,0,dry,0,2,6,0,1,0,0,0,0,3,slightly_injured
2020,6,Fri,6,52.5057156,13.32544204,evening,18,daylight,0,dry,0,0,6,0,1,0,0,0,1,3,slightly_injured
2020,6,Thu,5,52.5953891,13.33274274,afternoon,14,daylight,0,dry,0,2,2,1,1,0,0,0,0,3,slightly_injured
2020,6,Fri,6,52.44474841,13.37073823,afternoon,14,daylight,0,wet,1,0,3,1,1,0,0,0,0,3,slightly_injured
2020,6,Mon,2,52.42031542,13.72180372,afternoon,15,daylight,0,dry,0,3,6,1,0,0,0,0,1,3,slightly_injured
2020,6,Fri,6,52.55216994,13.42808133,evening,21,dusk,1,dry,0,0,2,1,1,0,0,0,0,3,slightly_injured
2020,6,Tue,3,52.47900976,13.3103603,afternoon,14,daylight,0,dry,0,5,2,1,1,0,0,0,0,3,slightly_injured
2020,6,Fri,6,52.48641861,13.4575307,evening,19,daylight,0,wet,1,0,1,1,0,0,0,0,0,3,slightly_injured
2020,6,Thu,5,52.46783321,13.31061046,morning,10,daylight,0,dry,0,2,6,0,1,0,0,0,1,3,slightly_injured
2020,6,Fri,6,52.56011239,13.57504761,afternoon,15,daylight,0,dry,0,5,3,1,1,0,0,0,0,2,seriously_injured
2020,6,Mon,2,52.44170008,13.56936004,afternoon,17,daylight,0,dry,0,4,6,1,0,0,0,0,0,3,slightly_injured
2020,6,Fri,6,52.4913829,13.32672125,evening,19,dusk,1,wet,1,1,5,0,1,0,1,0,0,3,slightly_injured
2020,6,Wed,4,52.52865697,13.39431725,evening,21,dusk,1,dry,0,2,6,0,1,0,1,0,0,3,slightly_injured
2020,6,Thu,5,52.47831055,13.64232859,afternoon,14,daylight,0,dry,0,2,6,0,1,0,0,0,0,3,slightly_injured
2020,6,Tue,3,52.47750841,13.47016263,morning,7,daylight,0,dry,0,2,6,0,1,0,0,0,0,2,seriously_injured
2020,6,Mon,2,52.45803054,13.37612713,evening,19,daylight,0,dry,0,2,6,0,1,0,0,0,0,3,slightly_injured
2020,6,Fri,6,52.55384037,13.3772767,evening,19,daylight,0,wet,1,4,3,1,0,0,0,0,1,3,slightly_injured
2020,6,Wed,4,52.47935508,13.44976104,morning,11,daylight,0,dry,0,6,4,0,1,1,0,0,0,3,slightly_injured
2020,6,Thu,5,52.54625714,13.35906284,evening,19,daylight,0,dry,0,5,2,1,1,0,0,0,0,3,slightly_injured
2020,6,Mon,2,52.51212635,13.43088025,afternoon,13,daylight,0,dry,0,0,1,1,0,0,0,0,0,3,slightly_injured
2020,6,Fri,6,52.44188906,13.38095312,evening,18,daylight,0,dry,0,5,2,1,1,0,0,0,0,3,slightly_injured
2020,6,Wed,4,52.45044261,13.49063616,afternoon,15,daylight,0,dry,0,2,6,0,1,0,1,0,0,2,seriously_injured
2020,6,Tue,3,52.40944521,13.52672877,afternoon,17,daylight,0,dry,0,5,3,1,0,0,0,0,1,3,slightly_injured
2020,6,Wed,4,52.51277266,13.45778028,evening,18,daylight,0,dry,0,5,2,1,1,0,0,0,0,3,slightly_injured
2020,6,Tue,3,52.54929873,13.58325523,morning,6,daylight,0,dry,0,0,2,1,1,0,0,0,0,3,slightly_injured
2020,6,Mon,2,52.53998365,13.470341,morning,10,daylight,0,dry,0,5,2,0,1,0,1,0,0,2,seriously_injured
2020,6,Fri,6,52.48727457,13.42670623,evening,18,daylight,0,dry,0,2,6,0,1,0,0,0,0,3,slightly_injured
2020,6,Wed,4,52.42963333,13.25974677,morning,9,daylight,0,dry,0,5,2,0,1,0,0,0,1,3,slightly_injured
2020,6,Thu,5,52.49925285,13.42600313,evening,18,daylight,0,dry,0,3,6,1,0,0,0,0,0,3,slightly_injured
2020,6,Sun,1,52.53751169,13.4086172,evening,21,dusk,1,dry,0,0,7,1,1,0,0,0,0,3,slightly_injured
2020,6,Fri,6,52.53348784,13.29397334,afternoon,17,daylight,0,wet,1,3,6,0,1,0,0,1,0,3,slightly_injured
2020,6,Wed,4,52.48859723,13.3079085,afternoon,13,daylight,0,dry,0,5,2,0,1,0,1,0,0,3,slightly_injured
2020,6,Tue,3,52.54757534,13.47209277,evening,19,daylight,0,dry,0,3,6,1,0,0,0,1,0,2,seriously_injured
2020,6,Mon,2,52.39460884,13.41652219,evening,18,daylight,0,dry,0,6,4,0,1,1,0,0,0,3,slightly_injured
2020,6,Fri,6,52.5484387,13.44786198,afternoon,17,daylight,0,dry,0,1,5,1,1,0,0,0,0,3,slightly_injured
2020,6,Sat,7,52.49921153,13.43041946,afternoon,15,daylight,0,wet,1,5,3,1,1,0,0,0,0,3,slightly_injured
2020,6,Mon,2,52.55949906,13.38331994,afternoon,15,daylight,0,dry,0,6,7,0,0,1,0,0,1,2,seriously_injured
2020,6,Fri,6,52.50379219,13.41043947,afternoon,16,daylight,0,wet,1,5,2,1,1,0,0,0,0,3,slightly_injured
2020,6,Sat,7,52.58732737,13.40169824,afternoon,15,daylight,0,wet,1,5,2,1,1,0,0,0,0,3,slightly_injured
2020,6,Wed,4,52.53420537,13.55709648,morning,8,daylight,0,dry,0,5,2,0,1,0,0,0,0,3,slightly_injured
2020,6,Thu,5,52.55459218,13.42963102,afternoon,16,daylight,0,dry,0,6,4,0,1,1,0,0,0,3,slightly_injured
2020,6,Sun,1,52.43779733,13.52700246,afternoon,14,daylight,0,dry,0,5,2,0,1,0,0,0,0,2,seriously_injured
2020,6,Tue,3,52.48940876,13.37660602,evening,19,daylight,0,dry,0,5,2,1,1,0,0,0,0,3,slightly_injured
2020,6,Sun,1,52.54855239,13.42621635,morning,11,daylight,0,dry,0,5,3,1,1,0,0,0,0,2,seriously_injured
2020,6,Tue,3,52.45351434,13.33141051,afternoon,14,daylight,0,dry,0,2,6,0,1,0,0,0,0,3,slightly_injured
2020,6,Thu,5,52.40029572,13.40449823,afternoon,12,daylight,0,dry,0,2,7,1,1,0,0,0,1,3,slightly_injured
2020,6,Fri,6,52.45199401,13.28364996,afternoon,15,daylight,0,wet,1,1,5,1,1,0,0,0,0,3,slightly_injured
2020,6,Mon,2,52.46496778,13.33887096,afternoon,17,daylight,0,dry,0,5,2,1,1,0,0,0,0,3,slightly_injured
2020,6,Fri,6,52.51775034,13.31246892,afternoon,16,daylight,0,dry,0,6,4,0,1,1,0,0,0,2,seriously_injured
2020,6,Sat,7,52.58159548,13.4286113,afternoon,14,daylight,0,wet,1,0,2,0,1,0,1,0,0,3,slightly_injured
2020,6,Wed,4,52.53559296,13.39031612,evening,22,dark,2,dry,0,0,1,1,0,0,0,0,0,2,seriously_injured
2020,6,Thu,5,52.43204526,13.54812885,afternoon,15,daylight,0,dry,0,0,3,0,1,0,1,0,0,3,slightly_injured
2020,6,Sun,1,52.46821849,13.44669,morning,10,daylight,0,dry,0,5,7,1,1,0,0,0,0,3,slightly_injured
2020,6,Tue,3,52.52342871,13.39205802,morning,9,daylight,0,dry,0,2,2,0,1,0,1,0,0,3,slightly_injured
2020,6,Wed,4,52.47925315,13.4345694,morning,7,daylight,0,dry,0,0,7,0,1,0,0,0,0,3,slightly_injured
2020,6,Thu,5,52.46372004,13.40606464,evening,20,daylight,0,dry,0,1,5,0,1,0,1,0,0,2,seriously_injured
2020,6,Sun,1,52.49853425,13.40936794,evening,20,daylight,0,dry,0,2,6,0,1,0,0,0,0,3,slightly_injured
2020,6,Tue,3,52.45231354,13.43040521,morning,11,daylight,0,dry,0,3,6,0,1,0,0,0,0,3,slightly_injured
2020,6,Fri,6,52.52064614,13.16914105,afternoon,13,daylight,0,dry,0,6,7,1,0,1,0,0,0,3,slightly_injured
2020,6,Tue,3,52.53750324,13.59873758,afternoon,13,daylight,0,dry,0,6,4,1,0,1,0,0,0,3,slightly_injured
2020,6,Fri,6,52.49933451,13.43205219,afternoon,15,daylight,0,wet,1,5,2,1,1,0,0,0,0,3,slightly_injured
2020,6,Thu,5,52.46757847,13.30911097,morning,8,daylight,0,dry,0,5,2,1,0,0,0,0,1,3,slightly_injured
2020,6,Fri,6,52.519717,13.35561255,afternoon,14,daylight,0,dry,0,5,2,1,1,0,0,0,0,3,slightly_injured
2020,6,Mon,2,52.55421995,13.42079691,morning,6,daylight,0,dry,0,0,5,0,0,0,1,0,1,3,slightly_injured
2020,6,Fri,6,52.4090249,13.35933749,afternoon,14,daylight,0,dry,0,5,3,1,1,0,0,0,0,3,slightly_injured
2020,6,Wed,4,52.54866059,13.42620545,evening,19,daylight,0,dry,0,5,3,0,1,0,1,0,0,3,slightly_injured
2020,6,Sun,1,52.49315683,13.42808903,evening,18,daylight,0,dry,0,0,5,1,0,0,0,0,1,3,slightly_injured
2020,6,Tue,3,52.5125651,13.26678356,morning,7,daylight,0,dry,0,2,6,0,1,0,0,0,0,3,slightly_injured
2020,6,Mon,2,52.53514677,13.51424201,morning,11,daylight,0,dry,0,2,6,0,1,0,1,0,0,3,slightly_injured
2020,6,Fri,6,52.40647135,13.26827109,afternoon,14,daylight,0,dry,0,5,3,1,1,0,0,0,0,3,slightly_injured
2020,6,Wed,4,52.41992105,13.30241636,morning,11,daylight,0,dry,0,9,1,0,0,0,1,0,0,3,slightly_injured
2020,6,Mon,2,52.50657693,13.33324361,morning,11,daylight,0,dry,0,3,6,1,0,0,0,0,1,3,slightly_injured
2020,6,Fri,6,52.5303924,13.29576828,afternoon,14,daylight,0,dry,0,5,3,0,1,0,0,0,0,3,slightly_injured
2020,6,Wed,4,52.52774345,13.38653479,morning,11,daylight,0,dry,0,0,1,1,0,0,0,0,0,3,slightly_injured
2020,6,Fri,6,52.48587417,13.33569253,afternoon,13,daylight,0,dry,0,0,1,0,0,0,1,0,0,3,slightly_injured
2020,6,Mon,2,52.53269976,13.20760469,afternoon,14,daylight,0,dry,0,0,1,0,0,0,1,0,0,3,slightly_injured
2020,6,Fri,6,52.44571923,13.56342251,afternoon,13,daylight,0,dry,0,0,2,0,1,0,0,0,1,2,seriously_injured
2020,6,Wed,4,52.57458257,13.3143705,afternoon,17,daylight,0,dry,0,5,3,0,1,0,1,0,0,2,seriously_injured
2020,6,Sun,1,52.5565045,13.33495493,evening,19,daylight,0,dry,0,5,3,1,1,0,0,0,0,3,slightly_injured
2020,6,Tue,3,52.43796105,13.47652233,afternoon,17,daylight,0,dry,0,1,5,1,1,0,0,0,0,3,slightly_injured
2020,6,Mon,2,52.52594892,13.4170944,morning,9,daylight,0,dry,0,0,1,1,0,0,0,0,0,3,slightly_injured
2020,6,Fri,6,52.53436188,13.29312086,morning,10,daylight,0,dry,0,0,1,0,0,0,1,0,0,3,slightly_injured
2020,6,Sat,7,52.56447986,13.50810761,afternoon,13,daylight,0,wet,1,3,6,0,0,0,1,1,0,3,slightly_injured
2020,6,Wed,4,52.53221989,13.43484462,morning,9,daylight,0,dry,0,6,7,1,0,1,0,0,0,3,slightly_injured
2020,6,Thu,5,52.45136749,13.33807519,evening,18,daylight,0,dry,0,0,6,0,1,0,1,0,0,3,slightly_injured
2020,6,Sun,1,52.44283129,13.68580035,afternoon,15,daylight,0,dry,0,5,2,1,1,0,0,0,0,3,slightly_injured
2020,6,Fri,6,52.39929674,13.55585693,morning,10,daylight,0,dry,0,5,3,0,1,0,0,1,0,3,slightly_injured
2020,6,Wed,4,52.5006058,13.35765787,afternoon,12,daylight,0,dry,0,3,6,1,0,0,0,0,0,3,slightly_injured
2020,6,Thu,5,52.52180599,13.32483738,evening,19,daylight,0,dry,0,1,7,0,1,0,1,0,0,3,slightly_injured
2020,6,Mon,2,52.63660869,13.50337629,afternoon,14,daylight,0,dry,0,0,3,0,1,0,1,0,0,3,slightly_injured
2020,6,Fri,6,52.52040686,13.47936522,morning,9,daylight,0,dry,0,3,6,1,1,0,0,0,0,3,slightly_injured
2020,6,Wed,4,52.50360933,13.44383408,afternoon,14,daylight,0,dry,0,2,6,0,1,0,0,0,0,3,slightly_injured
2020,6,Tue,3,52.41162625,13.66245465,afternoon,16,daylight,0,dry,0,2,3,1,1,0,0,0,1,3,slightly_injured
2020,6,Mon,2,52.42302446,13.28896569,evening,21,dusk,1,dry,0,0,1,0,0,0,1,0,0,2,seriously_injured
2020,6,Fri,6,52.55159469,13.34101403,morning,7,daylight,0,dry,0,6,4,0,1,1,0,0,0,3,slightly_injured
2020,6,Sat,7,52.50206777,13.34165955,morning,11,daylight,0,dry,0,0,7,0,0,1,0,0,1,3,slightly_injured
2020,6,Wed,4,52.57358621,13.27150476,morning,7,daylight,0,dry,0,0,7,0,1,0,0,0,0,2,seriously_injured
2020,6,Thu,5,52.54924413,13.4480689,evening,20,daylight,0,dry,0,7,7,1,0,0,0,0,0,3,slightly_injured
2020,6,Sun,1,52.43621102,13.57154575,afternoon,17,daylight,0,dry,0,0,1,1,0,0,0,0,0,2,seriously_injured
2020,6,Tue,3,52.54634598,13.51600193,afternoon,12,daylight,0,dry,0,5,7,0,1,0,0,1,0,2,seriously_injured
2020,6,Sat,7,52.50065812,13.40837728,morning,10,daylight,0,wet,1,1,5,1,1,0,0,0,0,3,slightly_injured
2020,6,Tue,3,52.44613154,13.40126752,afternoon,14,daylight,0,dry,0,2,6,0,1,0,0,0,0,3,slightly_injured
2020,6,Thu,5,52.57571394,13.32611378,morning,11,daylight,0,dry,0,0,1,0,0,0,1,0,0,3,slightly_injured
2020,6,Fri,6,52.50670824,13.30594324,afternoon,16,daylight,0,dry,0,0,6,0,1,0,0,0,1,3,slightly_injured
2020,6,Tue,3,52.44676937,13.38481338,evening,19,daylight,0,dry,0,1,7,0,1,0,0,0,0,2,seriously_injured
2020,6,Thu,5,52.41841308,13.4947105,afternoon,13,daylight,0,dry,0,5,3,1,1,0,0,0,0,3,slightly_injured
2020,6,Fri,6,52.48479684,13.61569679,afternoon,17,daylight,0,dry,0,5,3,0,1,0,1,0,0,3,slightly_injured
2020,6,Mon,2,52.46099794,13.52039787,evening,18,daylight,0,dry,0,1,5,1,1,0,0,0,0,3,slightly_injured
2020,6,Fri,6,52.51111037,13.37109583,morning,6,daylight,0,dry,0,5,2,0,1,0,1,0,0,3,slightly_injured
2020,6,Sat,7,52.45973853,13.36586172,afternoon,13,daylight,0,wet,1,1,5,0,1,0,1,0,0,3,slightly_injured
2020,6,Wed,4,52.5454379,13.36070269,night,0,dark,2,dry,0,5,3,0,1,0,0,0,0,3,slightly_injured
2020,6,Thu,5,52.54471338,13.37851727,afternoon,16,daylight,0,dry,0,6,2,0,1,1,0,0,0,3,slightly_injured
2020,6,Tue,3,52.50544908,13.42229486,morning,11,daylight,0,dry,0,5,3,1,1,0,0,0,0,3,slightly_injured
2020,6,Fri,6,52.44750974,13.57532055,morning,11,daylight,0,dry,0,0,1,1,0,0,0,0,0,3,slightly_injured
2020,6,Tue,3,52.50551922,13.35216437,afternoon,12,daylight,0,dry,0,5,3,0,1,0,0,0,0,3,slightly_injured
2020,6,Fri,6,52.41141008,13.50383825,afternoon,12,daylight,0,dry,0,2,6,0,1,0,0,0,0,3,slightly_injured
2020,6,Thu,5,52.58878063,13.32504921,afternoon,12,daylight,0,dry,0,1,5,0,1,0,0,0,0,3,slightly_injured
2020,6,Fri,6,52.43810427,13.29598741,afternoon,14,daylight,0,wet,1,5,3,0,1,0,0,0,0,3,slightly_injured
2020,6,Mon,2,52.42786969,13.32614189,afternoon,15,daylight,0,dry,0,2,6,0,1,0,0,0,0,3,slightly_injured
2020,6,Fri,6,52.54789907,13.20982347,afternoon,12,daylight,0,dry,0,5,2,1,1,0,0,0,0,3,slightly_injured
2020,6,Wed,4,52.45012037,13.34578553,evening,19,daylight,0,dry,0,5,7,0,1,0,1,0,0,3,slightly_injured
2020,6,Sat,7,52.55573742,13.5025944,afternoon,12,daylight,0,dry,0,5,3,1,1,0,0,0,0,3,slightly_injured
2020,6,Mon,2,52.56488324,13.44682932,afternoon,16,daylight,0,dry,0,1,6,1,1,0,0,0,0,3,slightly_injured
2020,6,Fri,6,52.44166606,13.29812923,morning,11,daylight,0,dry,0,5,2,0,1,0,0,0,1,3,slightly_injured
2020,6,Wed,4,52.43215362,13.24101089,evening,22,dark,2,dry,0,5,2,1,0,0,1,0,0,3,slightly_injured
2020,6,Thu,5,52.41473864,13.30251134,afternoon,14,daylight,0,dry,0,2,6,0,1,0,0,0,0,3,slightly_injured
2020,6,Tue,3,52.53823756,13.39590704,morning,8,daylight,0,dry,0,5,2,1,1,0,0,0,0,3,slightly_injured
2020,6,Mon,2,52.48207781,13.43361869,evening,22,dark,2,dry,0,5,2,1,1,0,0,0,0,3,slightly_injured
2020,6,Thu,5,52.51419861,13.56298448,afternoon,17,daylight,0,dry,0,0,2,1,1,0,0,0,0,3,slightly_injured
2020,6,Wed,4,52.5199615,13.41636163,evening,19,daylight,0,dry,0,5,2,1,1,0,0,0,0,3,slightly_injured
2020,6,Thu,5,52.44194883,13.56974017,afternoon,16,daylight,0,dry,0,3,6,0,1,0,0,0,0,3,slightly_injured
2020,6,Mon,2,52.54353522,13.36378422,afternoon,13,daylight,0,dry,0,5,3,0,1,0,0,0,1,3,slightly_injured
2020,6,Thu,5,52.50381551,13.41047449,night,1,dark,2,wet,1,0,1,1,0,0,0,0,0,3,slightly_injured
2020,6,Wed,4,52.47066095,13.47988647,afternoon,16,daylight,0,dry,0,0,1,0,0,0,1,0,0,3,slightly_injured
2020,6,Tue,3,52.56553176,13.40259519,afternoon,17,daylight,0,dry,0,2,1,1,1,0,0,0,0,3,slightly_injured
2020,6,Mon,2,52.51746838,13.32287161,morning,8,daylight,0,dry,0,5,7,0,1,0,1,0,0,3,slightly_injured
2020,6,Thu,5,52.43919135,13.25587976,afternoon,15,daylight,0,dry,0,0,7,1,0,0,0,0,0,3,slightly_injured
2020,6,Tue,3,52.58145621,13.40399636,morning,7,daylight,0,dry,0,5,3,1,0,0,0,0,0,3,slightly_injured
2020,6,Mon,2,52.4920559,13.30928776,morning,10,daylight,0,dry,0,5,3,1,1,0,0,0,0,3,slightly_injured
2020,6,Thu,5,52.43975033,13.59350445,evening,21,dusk,1,dry,0,0,7,1,0,0,0,0,0,2,seriously_injured
2020,6,Wed,4,52.42789612,13.40504591,morning,10,daylight,0,dry,0,8,1,0,1,1,0,0,0,3,slightly_injured
2020,6,Thu,5,52.43204587,13.1864618,evening,18,daylight,0,dry,0,1,5,1,1,0,0,0,0,3,slightly_injured
2020,6,Sun,1,52.48869953,13.27945564,evening,21,dusk,1,dry,0,1,5,1,1,0,0,0,0,3,slightly_injured
2020,6,Thu,5,52.51280694,13.45768096,evening,19,daylight,0,dry,0,0,1,1,0,0,0,0,0,3,slightly_injured
2020,6,Wed,4,52.50341943,13.41080374,afternoon,13,daylight,0,dry,0,8,1,0,0,0,0,0,1,2,seriously_injured
2020,6,Sat,7,52.48920347,13.39312378,morning,11,daylight,0,dry,0,6,4,1,1,1,0,0,0,3,slightly_injured
2020,6,Tue,3,52.5475914,13.16228266,afternoon,16,daylight,0,dry,0,2,2,0,1,0,0,0,0,3,slightly_injured
2020,6,Mon,2,52.56803673,13.51236384,morning,8,daylight,0,dry,0,5,2,0,1,0,1,0,0,3,slightly_injured
2020,6,Thu,5,52.54458697,13.42260201,evening,19,daylight,0,dry,0,5,3,1,1,0,0,0,0,3,slightly_injured
2020,6,Sat,7,52.5419682,13.42057729,night,5,daylight,0,dry,0,1,5,1,1,0,0,0,0,3,slightly_injured
2020,6,Wed,4,52.6259947,13.49599061,afternoon,15,daylight,0,dry,0,5,3,1,1,0,0,0,0,3,slightly_injured
2020,6,Thu,5,52.49993362,13.31297428,evening,21,dusk,1,dry,0,5,2,0,1,0,0,0,0,3,slightly_injured
2020,6,Sat,7,52.51530956,13.30098395,night,5,dusk,1,dry,0,3,6,1,1,0,0,0,0,3,slightly_injured
2020,6,Wed,4,52.42940926,13.35649965,morning,8,daylight,0,dry,0,1,5,0,1,0,0,0,1,3,slightly_injured
2020,6,Thu,5,52.60506654,13.41561722,afternoon,17,daylight,0,dry,0,1,5,0,1,0,0,0,0,3,slightly_injured
2020,6,Sun,1,52.59635833,13.34756487,afternoon,14,daylight,0,dry,0,5,2,1,1,0,0,0,0,3,slightly_injured
2020,6,Wed,4,52.43873837,13.58773912,night,5,daylight,0,dry,0,6,6,1,0,1,0,0,0,3,slightly_injured
2020,6,Tue,3,52.52922028,13.19555544,afternoon,15,daylight,0,dry,0,5,2,1,1,0,0,0,0,3,slightly_injured
2020,6,Thu,5,52.55604029,13.38416776,afternoon,12,daylight,0,dry,0,6,4,1,0,1,0,0,0,3,slightly_injured
2020,6,Fri,6,52.55128177,13.40659894,evening,19,daylight,0,dry,0,0,7,1,0,1,0,0,0,3,slightly_injured
2020,6,Mon,2,52.46856281,13.38833885,afternoon,17,daylight,0,dry,0,5,7,1,1,0,0,0,0,3,slightly_injured
2020,6,Thu,5,52.52527133,13.33763875,evening,19,daylight,0,dry,0,5,3,1,1,0,0,0,0,3,slightly_injured
2020,6,Sat,7,52.517174,13.44065624,night,3,dark,2,wet,1,5,2,0,1,0,0,0,0,2,seriously_injured
2020,6,Wed,4,52.46819855,13.31128866,evening,22,dark,2,dry,0,6,7,0,1,1,0,0,0,3,slightly_injured
2020,6,Thu,5,52.52694832,13.21593702,afternoon,16,daylight,0,dry,0,5,2,0,1,0,1,0,0,3,slightly_injured
2020,6,Tue,3,52.50275341,13.43873096,morning,9,daylight,0,dry,0,5,7,1,1,0,0,0,0,3,slightly_injured
2020,6,Tue,3,52.50916706,13.45079605,afternoon,17,daylight,0,dry,0,3,6,0,0,0,0,1,1,3,slightly_injured
2020,6,Thu,5,52.56873126,13.52052225,evening,18,daylight,0,dry,0,5,2,1,1,0,0,0,0,3,slightly_injured