ujahr,umonat,weekday,uwochentag,long,lat,time_of_day,ustunde,light_condition,ulichtverh,street_condition,ustrzustand,uart,utyp1,ist_rad,ist_pkw,ist_fuss,ist_krad,ist_gkfz,ist_sonstige,ukategorie,accident_outcome
2020,6,Tue,3,52.41086894,13.38165785,morning,11,daylight,0,dry,0,5,3,1,1,0,0,0,0,3,slightly_injured
2020,6,Thu,5,52.49141608,13.39447783,evening,18,daylight,0,dry,0,5,2,1,1,0,0,0,0,3,slightly_injured
2020,6,Tue,3,52.42592731,13.18746065,afternoon,13,daylight,0,dry,0,0,6,1,1,0,0,0,0,3,slightly_injured
2020,6,Thu,5,52.49827753,13.3989966,evening,19,daylight,0,dry,0,2,6,1,1,0,0,0,0,3,slightly_injured
2020,6,Thu,5,52.42730546,13.35529946,morning,8,daylight,0,dry,0,0,1,1,0,0,0,0,0,3,slightly_injured
2020,6,Fri,6,52.44314312,13.56927099,afternoon,15,daylight,0,wet,1,0,1,0,0,0,1,0,0,3,slightly_injured
2020,6,Mon,2,52.51781772,13.43288046,afternoon,17,daylight,0,dry,0,5,2,1,1,0,0,0,0,2,seriously_injured
2020,6,Thu,5,52.51019567,13.38408466,afternoon,17,daylight,0,dry,0,2,2,0,1,0,0,0,1,3,slightly_injured
2020,6,Wed,4,52.42680285,13.22946882,evening,19,dusk,1,dry,0,0,1,1,0,0,0,0,0,2,seriously_injured
2020,6,Thu,5,52.50719184,13.37896604,afternoon,13,daylight,0,dry,0,1,5,0,1,0,1,0,0,3,slightly_injured
2020,6,Tue,3,52.57005369,13.35987428,evening,18,daylight,0,dry,0,3,6,1,1,0,0,0,0,3,slightly_injured
2020,6,Mon,2,52.4852516,13.32588819,morning,11,daylight,0,dry,0,4,2,1,1,0,0,0,0,3,slightly_injured
2020,6,Thu,5,52.47923623,13.60114074,afternoon,17,daylight,0,dry,0,5,3,1,1,0,0,0,0,3,slightly_injured
2020,6,Wed,4,52.5258399,13.4593312,morning,11,daylight,0,dry,0,2,6,0,1,0,0,0,1,3,slightly_injured
2020,6,Thu,5,52.49168364,13.38056867,evening,19,daylight,0,dry,0,6,7,1,0,1,0,0,0,3,slightly_injured
2020,6,Mon,2,52.50439188,13.35141991,afternoon,13,daylight,0,dry,0,2,6,1,0,0,0,0,0,3,slightly_injured
2020,6,Thu,5,52.49175331,13.39268736,afternoon,16,daylight,0,dry,0,5,3,0,1,0,0,0,0,3,slightly_injured
2020,6,Wed,4,52.53939037,13.30733615,afternoon,15,daylight,0,dry,0,0,3,0,1,0,0,0,1,3,slightly_injured
2020,6,Wed,4,52.50239867,13.36863564,evening,22,dark,2,dry,0,6,7,1,0,1,0,0,0,3,slightly_injured
2020,6,Fri,6,52.54461887,13.42266712,afternoon,14,daylight,0,dry,0,5,3,1,1,0,0,0,0,3,slightly_injured
2020,6,Mon,2,52.51956919,13.35547421,afternoon,14,daylight,0,dry,0,2,6,0,1,0,0,1,0,3,slightly_injured
2020,6,Thu,5,52.51680656,13.30824662,afternoon,16,daylight,0,dry,0,6,7,0,1,1,0,0,0,3,slightly_injured
2020,6,Wed,4,52.52383058,13.39737237,afternoon,17,daylight,0,dry,0,1,5,1,1,0,0,0,0,3,slightly_injured
2020,6,Tue,3,52.41946559,13.24892711,night,5,daylight,0,dry,0,1,1,0,1,0,0,0,1,3,slightly_injured
2020,6,Mon,2,52.53883357,13.17994559,morning,9,daylight,0,dry,0,0,7,1,0,0,0,0,1,3,slightly_injured
2020,6,Thu,5,52.59262926,13.35887914,afternoon,16,daylight,0,dry,0,1,5,0,1,0,1,0,0,2,seriously_injured
2020,6,Wed,4,52.54759736,13.3110052,morning,9,daylight,0,dry,0,5,3,0,1,0,0,0,1,3,slightly_injured
2020,6,Thu,5,52.57615762,13.31827981,afternoon,17,daylight,0,dry,0,2,6,0,1,0,0,0,0,3,slightly_injured
2020,6,Sun,1,52.51628873,13.37000215,afternoon,16,daylight,0,dry,0,0,1,1,0,0,0,0,0,2,seriously_injured
2020,6,Thu,5,52.45385163,13.51034028,afternoon,15,daylight,0,dry,0,2,7,1,0,0,0,0,1,3,slightly_injured
2020,6,Wed,4,52.50135003,13.34658653,afternoon,13,daylight,0,dry,0,2,6,0,1,0,1,0,0,3,slightly_injured
2020,6,Tue,3,52.50428879,13.41751676,afternoon,15,daylight,0,dry,0,1,7,0,1,0,0,0,1,3,slightly_injured
2020,6,Tue,3,52.538866,13.32597021,afternoon,17,daylight,0,dry,0,5,3,0,0,0,1,0,1,2,seriously_injured
2020,6,Mon,2,52.4787563,13.32227249,evening,19,daylight,0,dry,0,6,7,1,0,1,0,0,0,3,slightly_injured
2020,6,Thu,5,52.51708251,13.17695494,afternoon,15,daylight,0,dry,0,5,3,0,1,0,0,0,1,3,slightly_injured
2020,6,Sat,7,52.54801219,13.29681029,night,1,dark,2,wet,1,0,1,0,1,0,0,0,0,3,slightly_injured
2020,6,Wed,4,52.51348859,13.26282192,morning,8,daylight,0,dry,0,1,5,0,1,0,0,1,0,3,slightly_injured
2020,6,Thu,5,52.49201483,13.30942923,afternoon,16,daylight,0,dry,0,5,2,1,1,0,0,0,0,3,slightly_injured
2020,6,Sun,1,52.47961048,13.32902988,afternoon,12,daylight,0,dry,0,6,7,0,1,1,0,0,0,2,seriously_injured
2020,6,Sat,7,52.43789886,13.54808116,evening,18,daylight,0,wet,1,0,1,0,0,0,1,0,0,3,slightly_injured
2020,6,Tue,3,52.48466233,13.33087307,afternoon,14,daylight,0,dry,0,1,5,1,1,0,0,0,0,3,slightly_injured
2020,6,Sat,7,52.50173158,13.35324285,afternoon,17,daylight,0,wet,1,5,2,1,1,0,0,0,0,3,slightly_injured
2020,6,Tue,3,52.58678538,13.31624881,afternoon,14,daylight,0,dry,0,5,2,0,1,0,0,0,0,3,slightly_injured
2020,6,Thu,5,52.45164666,13.62480958,afternoon,12,daylight,0,dry,0,0,1,1,0,0,0,0,0,3,slightly_injured
2020,6,Fri,6,52.47150174,13.46121413,afternoon,17,daylight,0,dry,0,3,6,0,1,0,0,0,0,3,slightly_injured
2020,6,Mon,2,52.42466522,13.49556525,afternoon,17,daylight,0,dry,0,0,3,1,1,0,0,0,0,3,slightly_injured
2020,6,Thu,5,52.52869839,13.59006392,morning,8,daylight,0,dry,0,6,7,0,1,1,0,0,0,3,slightly_injured
2020,6,Wed,4,52.50873057,13.42870754,evening,22,dark,2,dry,0,0,1,1,0,0,0,0,0,3,slightly_injured
2020,6,Thu,5,52.43163928,13.39864706,afternoon,15,daylight,0,dry,0,0,7,1,0,0,0,0,1,3,slightly_injured
2020,7,Sat,7,52.57259611,13.56521881,morning,10,daylight,0,dry,0,1,5,1,1,0,0,0,0,2,seriously_injured
2020,6,Mon,2,52.4892352,13.41483236,afternoon,13,daylight,0,dry,0,2,3,1,1,0,0,0,0,3,slightly_injured
2020,6,Sun,1,52.47790673,13.4291267,night,0,dark,2,dry,0,0,1,1,0,0,0,0,0,3,slightly_injured
2020,7,Thu,5,52.43573585,13.32159099,evening,21,daylight,0,dry,0,0,2,1,0,0,1,0,0,3,slightly_injured
2020,7,Wed,4,52.51041365,13.39183352,morning,8,daylight,0,dry,0,3,6,1,1,0,0,0,0,3,slightly_injured
2020,7,Fri,6,52.49823354,13.42984115,evening,18,daylight,0,dry,0,6,4,0,1,1,0,0,0,3,slightly_injured
2020,6,Mon,2,52.46163004,13.32479966,afternoon,13,daylight,0,dry,0,2,7,0,1,0,0,0,0,2,seriously_injured
2020,6,Tue,3,52.49905266,13.42279248,evening,20,daylight,0,dry,0,5,2,1,1,0,0,0,0,3,slightly_injured
2020,6,Sun,1,52.50571941,13.32537173,afternoon,13,daylight,0,wet,1,3,5,0,1,0,1,0,0,3,slightly_injured
2020,7,Sun,1,52.51472057,13.48141842,evening,19,daylight,0,wet,1,1,5,1,1,0,0,0,0,3,slightly_injured
2020,6,Tue,3,52.5432738,13.49090181,morning,9,daylight,0,dry,0,2,6,0,0,0,1,0,1,3,slightly_injured
2020,6,Sun,1,52.49818597,13.44289273,afternoon,14,daylight,0,dry,0,0,7,0,1,1,0,0,0,3,slightly_injured
2020,7,Sat,7,52.43695883,13.59688302,morning,9,daylight,0,dry,0,5,2,1,1,0,0,0,0,3,slightly_injured
2020,6,Mon,2,52.532217,13.4034122,evening,19,daylight,0,dry,0,0,1,1,0,0,0,0,0,2,seriously_injured
2020,6,Sun,1,52.5182021,13.41769751,afternoon,14,daylight,0,wet,1,2,6,0,1,0,0,0,0,3,slightly_injured
2020,7,Wed,4,52.4983291,13.46526792,afternoon,16,daylight,0,dry,0,1,5,0,1,0,0,0,1,3,slightly_injured
2020,7,Fri,6,52.55127388,13.51393628,afternoon,13,daylight,0,dry,0,5,3,0,1,0,0,1,0,3,slightly_injured
2020,6,Tue,3,52.47111971,13.32850575,afternoon,16,daylight,0,dry,0,5,2,1,1,0,0,0,0,3,slightly_injured
2020,7,Sun,1,52.45598714,13.64295937,night,1,dark,2,dry,0,0,1,0,0,0,1,0,0,2,seriously_injured
2020,6,Tue,3,52.55110017,13.34041447,evening,19,daylight,0,dry,0,2,3,1,1,0,0,0,0,3,slightly_injured
2020,7,Sun,1,52.50230003,13.29617124,afternoon,16,daylight,0,dry,0,1,5,1,0,0,0,0,1,2,seriously_injured
2020,6,Tue,3,52.51228414,13.46993059,morning,8,daylight,0,dry,0,5,3,1,1,0,0,0,0,3,slightly_injured
2020,6,Sun,1,52.40186412,13.57393706,afternoon,14,daylight,0,wet,1,5,3,1,1,0,0,0,0,3,slightly_injured
2020,7,Thu,5,52.53250962,13.32602262,afternoon,14,daylight,0,dry,0,1,5,1,1,0,0,0,0,3,slightly_injured
2020,7,Sat,7,52.51403834,13.4057666,afternoon,17,daylight,0,dry,0,6,4,0,1,1,0,0,0,3,slightly_injured
2020,6,Mon,2,52.41889417,13.53676978,morning,11,daylight,0,dry,0,1,5,1,1,0,0,0,0,3,slightly_injured
2020,6,Sun,1,52.50521291,13.39744558,afternoon,16,daylight,0,dry,0,1,1,1,1,0,0,0,0,3,slightly_injured
2020,7,Wed,4,52.49714295,13.28773432,evening,23,dark,2,wet,1,6,4,0,0,1,0,0,1,2,seriously_injured
2020,7,Fri,6,52.52958819,13.15933644,afternoon,12,daylight,0,dry,0,5,3,1,1,0,0,0,0,3,slightly_injured
2020,6,Tue,3,52.41566218,13.36167371,afternoon,15,daylight,0,dry,0,5,3,0,1,0,0,0,0,3,slightly_injured
2020,7,Sat,7,52.50085397,13.31308409,afternoon,17,daylight,0,dry,0,2,6,1,0,0,0,0,0,3,slightly_injured
2020,6,Mon,2,52.52734525,13.19602231,evening,21,dusk,1,dry,0,5,3,1,1,0,0,0,0,3,slightly_injured
2020,6,Sun,1,52.43085103,13.23003314,afternoon,14,daylight,0,wet,1,5,3,1,1,0,0,0,0,2,seriously_injured
2020,7,Thu,5,52.48724185,13.45639795,evening,20,daylight,0,dry,0,5,2,1,1,0,0,0,0,3,slightly_injured
2020,7,Thu,5,52.56440829,13.50852088,night,0,dark,2,dry,0,2,6,0,1,0,0,0,0,3,slightly_injured
2020,7,Fri,6,52.52656786,13.21761915,afternoon,13,daylight,0,dry,0,1,5,0,1,0,0,0,0,3,slightly_injured
2020,6,Mon,2,52.54063002,13.20394885,afternoon,17,daylight,0,dry,0,3,6,0,1,0,1,0,0,3,slightly_injured
2020,6,Sun,1,52.45132196,13.53629876,afternoon,12,daylight,0,dry,0,5,3,0,1,0,1,0,0,3,slightly_injured
2020,6,Mon,2,52.48629685,13.45769765,afternoon,16,daylight,0,wet,1,0,1,1,0,0,0,0,0,3,slightly_injured
2020,6,Sun,1,52.51016365,13.53069189,afternoon,12,daylight,0,dry,0,5,3,1,1,0,0,0,0,3,slightly_injured
2020,7,Thu,5,52.59104225,13.44226662,morning,8,daylight,0,dry,0,5,3,1,1,0,0,0,0,3,slightly_injured
2020,7,Sat,7,52.42838555,13.52244863,afternoon,15,daylight,0,dry,0,5,3,1,1,0,0,0,0,3,slightly_injured
2020,6,Mon,2,52.55683498,13.3657528,afternoon,17,daylight,0,dry,0,5,2,1,0,0,0,0,1,3,slightly_injured
2020,6,Sun,1,52.45216241,13.2971639,afternoon,12,daylight,0,dry,0,0,3,0,1,0,1,0,0,3,slightly_injured
2020,7,Wed,4,52.49427339,13.40144796,afternoon,14,daylight,0,wet,1,1,1,1,1,0,1,0,0,3,slightly_injured
2020,7,Fri,6,52.48369489,13.43589843,morning,11,daylight,0,dry,0,6,7,0,1,1,0,0,0,3,slightly_injured
2020,6,Tue,3,52.48768582,13.30845185,morning,6,daylight,0,dry,0,3,6,0,1,0,0,0,0,3,slightly_injured
2020,7,Sat,7,52.4953552,13.39767464,evening,19,daylight,0,dry,0,0,1,1,0,0,0,0,0,3,slightly_injured
2020,6,Mon,2,52.52633185,13.20758313,afternoon,12,daylight,0,dry,0,5,2,1,0,0,1,0,0,3,slightly_injured
2020,6,Sat,7,52.45170118,13.58318065,afternoon,14,daylight,0,dry,0,0,1,1,0,0,0,0,0,3,slightly_injured
2020,7,Thu,5,52.59627632,13.3484482,evening,20,daylight,0,dry,0,5,2,0,1,0,1,0,0,3,slightly_injured
2020,7,Wed,4,52.5174173,13.48002756,afternoon,15,daylight,0,wet,1,0,1,0,0,0,1,0,0,2,seriously_injured
2020,7,Fri,6,52.53362758,13.19459608,evening,20,daylight,0,dry,0,5,2,1,1,0,0,0,0,3,slightly_injured
2020,6,Mon,2,52.52566473,13.54012811,afternoon,16,daylight,0,wet,1,5,2,1,1,0,0,0,0,3,slightly_injured
2020,7,Wed,4,52.48981006,13.38886889,morning,8,daylight,0,dry,0,6,4,0,0,1,1,0,0,3,slightly_injured
2020,6,Sat,7,52.50859785,13.51927648,morning,11,daylight,0,dry,0,0,5,1,1,0,0,0,0,3,slightly_injured
2020,6,Tue,3,52.49498774,13.43902063,morning,11,daylight,0,dry,0,5,3,1,0,0,0,0,0,3,slightly_injured
2020,7,Wed,4,52.41778661,13.30516451,morning,10,daylight,0,dry,0,5,2,1,0,0,0,1,0,2,seriously_injured
2020,6,Tue,3,52.42435111,13.39522896,afternoon,13,daylight,0,dry,0,2,2,0,1,0,0,0,0,3,slightly_injured
2020,7,Sat,7,52.49154263,13.39384009,night,3,dark,2,dry,0,1,5,0,1,0,0,0,1,3,slightly_injured
2020,6,Mon,2,52.42879879,13.52670912,morning,10,daylight,0,dry,0,5,2,1,1,0,0,0,0,3,slightly_injured
2020,6,Sat,7,52.54849604,13.59244976,afternoon,14,daylight,0,dry,0,3,6,0,1,0,1,0,0,3,slightly_injured
2020,7,Thu,5,52.50258111,13.35177037,evening,20,daylight,0,dry,0,1,5,1,1,0,0,0,0,3,slightly_injured
2020,7,Wed,4,52.51791079,13.43290576,evening,18,daylight,0,dry,0,5,3,1,1,0,0,0,0,2,seriously_injured
2020,7,Fri,6,52.53143235,13.19670527,afternoon,17,daylight,0,dry,0,2,2,0,1,0,0,0,0,3,slightly_injured
2020,6,Mon,2,52.51114364,13.58725653,afternoon,16,daylight,0,wet,1,0,2,1,1,0,0,0,0,3,slightly_injured
2020,6,Tue,3,52.54049898,13.20405683,evening,21,daylight,0,dry,0,5,2,0,0,0,1,0,1,3,slightly_injured
2020,6,Sat,7,52.50255978,13.48866379,afternoon,13,daylight,0,dry,0,0,6,1,1,0,0,0,0,3,slightly_injured
2020,7,Sun,1,52.46844232,13.51495628,afternoon,17,daylight,0,dry,0,6,4,1,0,1,0,0,0,3,slightly_injured
2020,6,Tue,3,52.50121759,13.27915062,morning,8,daylight,0,dry,0,2,6,0,1,0,0,0,0,3,slightly_injured
2020,6,Sat,7,52.594177,13.28046934,afternoon,13,daylight,0,dry,0,0,1,0,0,0,1,0,0,3,slightly_injured
2020,7,Sat,7,52.45238485,13.44920841,evening,18,daylight,0,wet,1,5,2,0,1,0,0,0,0,3,slightly_injured
2020,6,Mon,2,52.50423075,13.43551354,afternoon,16,daylight,0,wet,1,0,5,1,1,0,0,0,0,3,slightly_injured
2020,6,Sat,7,52.44723266,13.39683099,afternoon,13,daylight,0,dry,0,5,3,1,1,0,0,0,0,3,slightly_injured
2020,6,Sat,7,52.56937845,13.30134221,afternoon,13,daylight,0,dry,0,0,6,1,0,0,0,0,0,3,slightly_injured
2020,7,Sat,7,52.49989365,13.32293138,morning,11,daylight,0,dry,0,0,1,0,0,0,1,0,0,3,slightly_injured
2020,6,Mon,2,52.39841547,13.38885039,afternoon,15,daylight,0,wet,1,5,2,1,1,0,0,0,0,3,slightly_injured
2020,6,Sat,7,52.49849789,13.41470356,afternoon,13,daylight,0,dry,0,6,4,1,0,1,0,0,0,3,slightly_injured
2020,7,Wed,4,52.54429929,13.24619372,afternoon,16,daylight,0,dry,0,2,6,0,1,0,0,0,0,3,slightly_injured
2020,7,Fri,6,52.55108766,13.42992307,afternoon,14,daylight,0,dry,0,0,2,1,0,0,0,0,1,3,slightly_injured
2020,6,Mon,2,52.45543077,13.14168685,morning,9,daylight,0,dry,0,0,7,0,1,0,0,0,0,3,slightly_injured
2020,6,Tue,3,52.44831843,13.36413451,evening,18,daylight,0,dry,0,0,2,0,1,1,0,0,0,3,slightly_injured
2020,7,Sun,1,52.43366014,13.19173167,afternoon,14,daylight,0,dry,0,5,2,1,1,0,0,0,0,3,slightly_injured
2020,6,Tue,3,52.51358296,13.29658668,morning,8,daylight,0,dry,0,0,1,0,0,0,0,0,1,2,seriously_injured
2020,6,Sat,7,52.47565894,13.282612,afternoon,13,daylight,0,dry,0,0,1,1,0,0,0,0,0,2,seriously_injured
2020,7,Thu,5,52.46855722,13.37791706,afternoon,12,daylight,0,dry,0,5,2,1,1,0,0,0,0,3,slightly_injured
2020,7,Sat,7,52.46639479,13.58479971,afternoon,16,daylight,0,dry,0,2,6,0,1,0,0,0,0,3,slightly_injured
2020,6,Mon,2,52.51075963,13.45165949,afternoon,15,daylight,0,dry,0,5,2,1,1,0,0,0,0,3,slightly_injured
2020,6,Sat,7,52.56183883,13.25452798,afternoon,13,daylight,0,dry,0,2,2,0,1,0,0,0,1,3,slightly_injured
2020,7,Wed,4,52.58731039,13.33480111,evening,18,daylight,0,dry,0,5,3,0,1,0,0,0,0,3,slightly_injured
2020,7,Fri,6,52.52545552,13.56529037,morning,11,daylight,0,dry,0,3,6,0,1,0,0,0,0,3,slightly_injured
2020,6,Tue,3,52.57482129,13.43731786,afternoon,14,daylight,0,dry,0,6,4,0,1,1,0,0,0,2,seriously_injured
2020,7,Wed,4,52.52373626,13.38674894,afternoon,16,daylight,0,dry,0,6,7,0,1,1,0,0,0,3,slightly_injured
2020,7,Fri,6,52.4408571,13.38123349,afternoon,13,daylight,0,dry,0,3,2,0,1,0,0,1,0,3,slightly_injured
2020,6,Tue,3,52.5339701,13.61307268,afternoon,16,daylight,0,dry,0,5,5,0,1,0,0,0,0,3,slightly_injured
2020,7,Sun,1,52.55057664,13.20966309,evening,20,dusk,1,wet,1,5,3,0,1,0,1,0,0,3,slightly_injured
2020,6,Mon,2,52.53125178,13.34316952,evening,20,daylight,0,dry,0,5,7,0,1,0,1,0,0,2,seriously_injured
2020,6,Sat,7,52.51336106,13.33160376,evening,20,daylight,0,dry,0,5,2,1,1,0,0,0,0,3,slightly_injured
2020,7,Thu,5,52.51783952,13.37083606,morning,6,daylight,0,dry,0,0,2,1,1,0,0,0,0,3,slightly_injured
2020,7,Fri,6,52.59421723,13.31854242,morning,7,daylight,0,dry,0,0,6,1,0,0,0,1,0,3,slightly_injured
2020,6,Mon,2,52.46483188,13.32861271,afternoon,17,daylight,0,dry,0,6,4,1,0,1,0,0,0,3,slightly_injured
2020,6,Sat,7,52.48288396,13.45316901,afternoon,12,daylight,0,dry,0,1,5,0,1,0,0,0,0,3,slightly_injured
2020,7,Wed,4,52.49443132,13.36110358,morning,11,daylight,0,wet,1,5,2,0,1,0,0,0,0,3,slightly_injured
2020,6,Tue,3,52.50428294,13.61375481,afternoon,14,daylight,0,dry,0,3,6,0,1,0,1,0,0,2,seriously_injured
2020,7,Sat,7,52.491726,13.43550083,evening,19,daylight,0,dry,0,5,3,0,1,0,0,0,0,3,slightly_injured
2020,6,Mon,2,52.56597832,13.31999707,afternoon,12,daylight,0,dry,0,6,4,0,1,1,0,0,0,3,slightly_injured
2020,6,Sat,7,52.46930126,13.19983941,morning,11,daylight,0,dry,0,8,1,1,0,0,0,0,0,2,seriously_injured
2020,7,Thu,5,52.45375761,13.57742283,evening,19,daylight,0,dry,0,1,5,1,1,0,0,0,0,3,slightly_injured
2020,7,Wed,4,52.54851295,13.43647644,afternoon,14,daylight,0,dry,0,5,2,1,1,0,0,0,0,3,slightly_injured
2020,7,Sat,7,52.50610666,13.31838856,evening,22,dark,2,dry,0,1,5,1,1,0,0,0,0,3,slightly_injured
2020,6,Mon,2,52.46955645,13.55327709,afternoon,14,daylight,0,dry,0,5,3,1,1,0,0,0,0,3,slightly_injured
2020,6,Sat,7,52.52329211,13.35946963,afternoon,12,daylight,0,dry,0,5,2,0,1,0,0,0,1,3,slightly_injured
2020,7,Thu,5,52.52304731,13.47929691,evening,18,daylight,0,dry,0,5,2,1,1,0,0,0,0,3,slightly_injured
2020,7,Wed,4,52.49519662,13.52095812,afternoon,13,daylight,0,dry,0,6,4,0,1,1,0,0,0,3,slightly_injured
2020,7,Fri,6,52.54621143,13.36912784,evening,21,dusk,1,dry,0,0,3,1,1,0,0,0,0,3,slightly_injured
2020,6,Mon,2,52.5248982,13.34675991,morning,9,daylight,0,dry,0,5,2,1,1,0,0,0,0,3,slightly_injured
2020,7,Wed,4,52.58427114,13.41827126,morning,9,daylight,0,dry,0,0,6,0,1,0,1,0,0,3,slightly_injured
2020,7,Fri,6,52.54111624,13.49375662,morning,8,daylight,0,dry,0,5,2,1,1,0,0,0,0,3,slightly_injured
2020,6,Tue,3,52.44327853,13.43115044,afternoon,12,daylight,0,dry,0,3,6,0,1,0,1,0,0,3,slightly_injured
2020,7,Sat,7,52.48593322,13.44572128,afternoon,14,daylight,0,dry,0,1,5,1,1,0,0,0,0,3,slightly_injured
2020,6,Mon,2,52.58936841,13.31808243,morning,7,daylight,0,dry,0,2,6,0,1,0,0,0,0,3,slightly_injured
2020,6,Sat,7,52.60874903,13.32704097,afternoon,12,daylight,0,dry,0,2,6,0,1,0,0,0,0,3,slightly_injured
2020,7,Thu,5,52.51638455,13.31012462,evening,18,daylight,0,dry,0,2,6,0,1,0,0,0,0,3,slightly_injured
2020,7,Wed,4,52.47909149,13.42467745,afternoon,17,daylight,0,dry,0,6,4,0,1,1,0,0,0,3,slightly_injured
2020,7,Fri,6,52.5096111,13.35144604,afternoon,17,daylight,0,dry,0,2,2,0,1,0,0,0,0,3,slightly_injured
2020,6,Mon,2,52.5282077,13.2286812,morning,7,daylight,0,dry,0,5,2,0,0,0,1,0,1,3,slightly_injured
2020,7,Fri,6,52.53800577,13.21600158,morning,7,daylight,0,dry,0,5,2,1,1,0,0,0,0,3,slightly_injured
2020,6,Tue,3,52.5433708,13.48998123,evening,19,daylight,0,dry,0,5,7,1,1,0,0,0,0,2,seriously_injured
2020,7,Fri,6,52.51203106,13.47556479,evening,20,daylight,0,dry,0,0,1,1,0,0,0,0,0,3,slightly_injured
2020,6,Mon,2,52.50416037,13.33332285,morning,6,daylight,0,dry,0,3,6,0,1,0,0,0,1,3,slightly_injured
2020,7,Fri,6,52.41048694,13.26714229,morning,7,daylight,0,dry,0,3,6,0,1,0,1,0,0,2,seriously_injured
2020,6,Tue,3,52.52983813,13.46154879,morning,6,daylight,0,dry,0,2,6,0,1,0,0,0,1,3,slightly_injured
2020,6,Sat,7,52.50423294,13.58127941,afternoon,12,daylight,0,dry,0,3,6,1,1,0,0,0,0,3,slightly_injured
2020,7,Sun,1,52.46266445,13.11611451,night,0,dark,2,dry,0,6,4,0,1,1,0,0,0,3,slightly_injured
2020,6,Tue,3,52.41194423,13.36337079,morning,10,daylight,0,dry,0,0,2,0,1,0,0,0,1,3,slightly_injured
2020,6,Sat,7,52.43914657,13.40878866,morning,11,daylight,0,dry,0,2,6,0,1,0,0,0,1,3,slightly_injured
2020,7,Sat,7,52.42456004,13.52711924,morning,10,daylight,0,dry,0,5,2,0,1,0,1,0,0,2,seriously_injured
2020,6,Mon,2,52.49848908,13.40844144,morning,6,daylight,0,dry,0,2,6,0,1,0,0,0,0,3,slightly_injured
2020,6,Sat,7,52.52070021,13.39490293,morning,11,daylight,0,dry,0,6,7,0,0,1,0,0,1,3,slightly_injured
2020,7,Wed,4,52.48388001,13.44713629,afternoon,16,daylight,0,wet,1,5,3,1,1,0,0,0,0,3,slightly_injured
2020,7,Fri,6,52.50232095,13.56157554,afternoon,14,daylight,0,dry,0,5,2,0,1,0,0,0,0,3,slightly_injured
2020,7,Fri,6,52.55663337,13.34316385,night,5,daylight,0,wet,1,0,7,0,0,0,1,0,0,3,slightly_injured
2020,6,Tue,3,52.52807134,13.47895399,afternoon,17,daylight,0,dry,0,5,3,1,0,0,0,0,0,3,slightly_injured
2020,7,Sun,1,52.53815344,13.24511415,morning,11,daylight,0,dry,0,5,2,1,1,0,0,0,0,3,slightly_injured
2020,6,Tue,3,52.45279498,13.5934129,morning,7,daylight,0,dry,0,2,6,0,1,0,0,0,0,3,slightly_injured
2020,6,Sat,7,52.56373326,13.51784813,morning,10,daylight,0,dry,0,2,2,0,1,0,1,0,0,3,slightly_injured
2020,7,Thu,5,52.56228787,13.33123498,morning,10,daylight,0,dry,0,2,7,0,1,0,0,0,1,3,slightly_injured
2020,7,Sat,7,52.55357206,13.41470285,afternoon,16,daylight,0,dry,0,5,2,1,1,0,0,0,0,3,slightly_injured
2020,7,Sun,1,52.52348501,13.40722794,afternoon,16,daylight,0,dry,0,5,2,1,1,0,0,0,0,3,slightly_injured
2020,6,Tue,3,52.5479773,13.45949614,morning,8,daylight,0,dry,0,5,3,1,1,0,0,0,0,3,slightly_injured
2020,6,Sat,7,52.46436818,13.44349442,morning,10,daylight,0,dry,0,2,6,0,1,0,0,0,0,3,slightly_injured
2020,7,Thu,5,52.43767214,13.52678292,afternoon,14,daylight,0,dry,0,5,3,0,1,0,1,0,0,2,seriously_injured
2020,7,Sat,7,52.53581675,13.5138312,afternoon,15,daylight,0,dry,0,3,6,0,1,0,0,0,0,3,slightly_injured
2020,6,Mon,2,52.51377559,13.51886568,afternoon,16,daylight,0,dry,0,2,6,0,1,0,0,0,1,3,slightly_injured
2020,6,Sat,7,52.46143396,13.42056242,morning,9,daylight,0,dry,0,5,3,1,1,0,0,0,0,3,slightly_injured
2020,7,Wed,4,52.43128408,13.30961905,afternoon,16,daylight,0,wet,1,5,2,0,1,0,0,0,0,3,slightly_injured
2020,7,Fri,6,52.48114731,13.42780479,afternoon,13,daylight,0,dry,0,3,6,1,1,0,0,0,0,3,slightly_injured
2020,7,Fri,6,52.54215867,13.38276913,night,2,dark,2,dry,0,8,1,0,1,0,0,0,0,2,seriously_injured
2020,6,Tue,3,52.51372973,13.5245508,afternoon,15,daylight,0,dry,0,5,2,1,1,0,0,0,0,3,slightly_injured
2020,7,Sat,7,52.42352065,13.43678866,evening,19,daylight,0,dry,0,0,1,1,0,0,0,0,0,3,slightly_injured
2020,6,Mon,2,52.51727538,13.48002333,evening,20,daylight,0,dry,0,1,1,0,1,0,1,0,0,2,seriously_injured