ujahr,umonat,weekday,uwochentag,long,lat,time_of_day,ustunde,light_condition,ulichtverh,street_condition,ustrzustand,uart,utyp1,ist_rad,ist_pkw,ist_fuss,ist_krad,ist_gkfz,ist_sonstige,ukategorie,accident_outcome
2020,6,Sat,7,52.45663711,13.5640845,evening,18,daylight,0,dry,0,0,7,1,0,0,0,0,0,3,slightly_injured
2020,7,Thu,5,52.51432684,13.42146627,afternoon,17,daylight,0,dry,0,5,2,1,1,0,0,0,0,3,slightly_injured
2020,7,Thu,5,52.51859681,13.56396016,morning,10,daylight,0,dry,0,2,3,0,1,0,0,0,0,3,slightly_injured
2020,7,Fri,6,52.43344893,13.3529895,morning,10,daylight,0,dry,0,5,2,1,0,0,0,1,0,1,killed
2020,6,Mon,2,52.39376236,13.4064333,afternoon,15,daylight,0,wet,1,0,2,1,1,0,0,0,0,3,slightly_injured
2020,6,Sat,7,52.43786201,13.25091608,evening,18,daylight,0,dry,0,1,5,1,1,0,0,0,0,3,slightly_injured
2020,7,Wed,4,52.5067035,13.29272821,morning,9,daylight,0,dry,0,5,2,1,0,0,0,0,1,3,slightly_injured
2020,6,Mon,2,52.58651513,13.23031301,afternoon,17,daylight,0,dry,0,5,3,1,1,0,0,0,0,2,seriously_injured
2020,6,Sat,7,52.54468044,13.60012162,evening,18,daylight,0,dry,0,5,3,1,1,0,0,0,0,3,slightly_injured
2020,7,Wed,4,52.48620027,13.44606863,evening,18,daylight,0,wet,1,0,7,1,0,1,0,0,0,3,slightly_injured
2020,7,Fri,6,52.52436891,13.45727342,morning,11,daylight,0,dry,0,1,5,0,1,0,0,0,0,3,slightly_injured
2020,6,Tue,3,52.49943357,13.38970022,morning,6,daylight,0,dry,0,5,2,1,1,0,0,0,0,3,slightly_injured
2020,7,Sat,7,52.44262901,13.24033931,evening,20,daylight,0,wet,1,0,1,0,0,0,1,0,0,2,seriously_injured
2020,6,Mon,2,52.51272664,13.45091124,afternoon,13,daylight,0,dry,0,0,5,0,1,0,0,0,1,3,slightly_injured
2020,6,Sat,7,52.55680904,13.36537196,evening,19,daylight,0,dry,0,5,3,1,1,0,0,0,0,3,slightly_injured
2020,7,Thu,5,52.57128042,13.43140321,afternoon,17,daylight,0,dry,0,3,6,1,0,0,0,0,1,3,slightly_injured
2020,7,Wed,4,52.49983648,13.3066203,afternoon,15,daylight,0,dry,0,2,6,1,1,0,0,0,0,3,slightly_injured
2020,7,Fri,6,52.50525745,13.39695974,evening,21,dusk,1,dry,0,5,3,1,1,0,0,0,0,3,slightly_injured
2020,6,Mon,2,52.52482287,13.60624145,afternoon,17,daylight,0,dry,0,1,5,0,1,0,0,0,0,3,slightly_injured
2020,7,Fri,6,52.48736489,13.51954461,night,1,dark,2,dry,0,2,7,1,1,0,0,0,0,3,slightly_injured
2020,7,Wed,4,52.51244065,13.41713668,morning,8,daylight,0,dry,0,5,2,1,1,0,0,0,0,3,slightly_injured
2020,7,Fri,6,52.49570935,13.43690297,morning,10,daylight,0,dry,0,5,3,1,0,0,0,0,0,3,slightly_injured
2020,6,Tue,3,52.53425013,13.49666884,morning,11,daylight,0,dry,0,2,6,0,1,0,0,0,0,3,slightly_injured
2020,7,Sat,7,52.45162149,13.37976035,afternoon,13,daylight,0,dry,0,1,3,1,1,0,0,0,0,3,slightly_injured
2020,6,Mon,2,52.48487017,13.3858224,afternoon,14,daylight,0,dry,0,3,6,0,1,0,0,1,0,3,slightly_injured
2020,6,Tue,3,52.52974073,13.35116634,evening,18,daylight,0,dry,0,5,3,0,1,0,0,0,0,3,slightly_injured
2020,7,Sat,7,52.53084128,13.40032651,morning,6,daylight,0,dry,0,1,5,0,1,0,0,0,0,3,slightly_injured
2020,6,Mon,2,52.55713057,13.36569169,afternoon,17,daylight,0,dry,0,0,2,1,0,0,0,0,1,3,slightly_injured
2020,6,Sat,7,52.49590936,13.38975637,evening,18,daylight,0,dry,0,5,2,1,1,0,0,0,0,3,slightly_injured
2020,7,Thu,5,52.45106114,13.50792142,afternoon,16,daylight,0,dry,0,0,6,0,0,0,1,0,1,3,slightly_injured
2020,7,Wed,4,52.52699794,13.51963972,night,1,dark,2,dry,0,9,1,0,1,0,0,0,0,3,slightly_injured
2020,7,Fri,6,52.45158862,13.59299391,afternoon,17,daylight,0,dry,0,5,3,1,1,0,0,0,0,3,slightly_injured
2020,6,Mon,2,52.49323467,13.4287838,afternoon,17,daylight,0,dry,0,0,1,1,0,0,0,0,0,3,slightly_injured
2020,6,Tue,3,52.476396,13.47648033,afternoon,13,daylight,0,dry,0,5,2,1,0,0,0,0,0,3,slightly_injured
2020,6,Sat,7,52.47571245,13.47268602,afternoon,17,daylight,0,dry,0,0,1,1,0,0,0,0,0,3,slightly_injured
2020,7,Sun,1,52.53284711,13.36032608,evening,18,daylight,0,wet,1,2,3,1,1,0,0,0,0,3,slightly_injured
2020,6,Tue,3,52.52658802,13.40768867,morning,9,daylight,0,dry,0,1,5,1,1,0,0,0,0,3,slightly_injured
2020,6,Sat,7,52.48742552,13.35473781,afternoon,17,daylight,0,dry,0,5,2,1,0,0,1,0,0,3,slightly_injured
2020,7,Sat,7,52.42246531,13.3272826,evening,19,daylight,0,dry,0,5,3,0,1,0,0,0,0,2,seriously_injured
2020,6,Mon,2,52.43641292,13.4717862,afternoon,16,daylight,0,dry,0,1,5,0,1,0,0,0,0,3,slightly_injured
2020,6,Sat,7,52.63325285,13.4215892,afternoon,17,daylight,0,dry,0,0,3,1,0,0,1,0,0,3,slightly_injured
2020,7,Wed,4,52.56927617,13.43825424,afternoon,16,daylight,0,dry,0,2,2,0,1,0,0,0,0,3,slightly_injured
2020,7,Fri,6,52.43595137,13.46086799,afternoon,13,daylight,0,dry,0,0,7,0,1,0,0,0,0,3,slightly_injured
2020,7,Thu,5,52.42440112,13.57544688,morning,9,daylight,0,dry,0,6,7,1,0,1,0,0,0,3,slightly_injured
2020,6,Sat,7,52.40957217,13.49306675,afternoon,15,daylight,0,dry,0,0,5,0,1,0,0,0,0,3,slightly_injured
2020,7,Wed,4,52.46584038,13.39461587,afternoon,16,daylight,0,dry,0,4,6,1,1,0,0,0,0,3,slightly_injured
2020,7,Fri,6,52.50304729,13.4296414,afternoon,15,daylight,0,dry,0,5,7,1,1,0,0,0,0,3,slightly_injured
2020,6,Sun,1,52.50010615,13.4108684,evening,19,daylight,0,wet,1,5,3,1,1,0,0,0,0,3,slightly_injured
2020,6,Tue,3,52.50327878,13.39095009,evening,19,daylight,0,dry,0,5,3,1,1,0,0,0,0,3,slightly_injured
2020,7,Sun,1,52.50905082,13.41221593,afternoon,15,daylight,0,dry,0,6,4,0,1,1,0,0,0,3,slightly_injured
2020,6,Tue,3,52.42261413,13.32745682,morning,8,daylight,0,dry,0,5,3,0,1,0,0,0,0,3,slightly_injured
2020,6,Sat,7,52.55315767,13.37841661,afternoon,15,daylight,0,dry,0,1,5,1,1,0,0,0,0,3,slightly_injured
2020,7,Thu,5,52.45266328,13.43694425,afternoon,12,daylight,0,dry,0,5,2,1,1,0,0,0,0,3,slightly_injured
2020,7,Sat,7,52.51114751,13.37133696,afternoon,16,daylight,0,dry,0,5,2,1,1,0,0,0,0,3,slightly_injured
2020,6,Sun,1,52.5178632,13.18623334,evening,18,daylight,0,dry,0,0,5,0,1,0,0,0,1,3,slightly_injured
2020,6,Sat,7,52.51260521,13.45872075,evening,19,daylight,0,dry,0,1,1,1,1,0,0,0,0,3,slightly_injured
2020,7,Wed,4,52.54130629,13.40806086,evening,20,daylight,0,wet,1,8,1,0,1,0,0,0,0,3,slightly_injured
2020,7,Fri,6,52.60499129,13.35313778,morning,11,daylight,0,dry,0,5,2,1,1,0,0,0,0,3,slightly_injured
2020,6,Tue,3,52.533257,13.29439191,afternoon,15,daylight,0,dry,0,2,6,0,1,0,0,0,0,3,slightly_injured
2020,7,Sat,7,52.62829428,13.28324047,afternoon,13,daylight,0,dry,0,0,7,0,1,0,0,0,1,3,slightly_injured
2020,6,Mon,2,52.53134377,13.46885778,evening,18,daylight,0,dry,0,0,2,1,1,0,0,0,0,3,slightly_injured
2020,6,Fri,6,52.42098189,13.58817512,afternoon,13,daylight,0,dry,0,0,1,1,0,0,0,0,0,2,seriously_injured
2020,6,Tue,3,52.45260336,13.44504388,afternoon,16,daylight,0,dry,0,0,7,0,0,0,1,0,0,3,slightly_injured
2020,7,Sun,1,52.55182609,13.16207007,evening,23,dark,2,wet,1,1,5,0,1,0,0,0,0,2,seriously_injured
2020,6,Mon,2,52.48173974,13.42488634,evening,22,dark,2,dry,0,5,7,0,1,0,0,0,0,2,seriously_injured
2020,6,Fri,6,52.46245745,13.4449202,afternoon,17,daylight,0,dry,0,2,2,0,1,0,1,0,0,3,slightly_injured
2020,7,Thu,5,52.52116229,13.26245401,morning,7,daylight,0,dry,0,2,6,0,1,0,0,0,0,2,seriously_injured
2020,7,Sat,7,52.46351074,13.4007289,afternoon,15,daylight,0,dry,0,2,6,0,0,0,1,0,1,3,slightly_injured
2020,6,Sun,1,52.55708098,13.38504404,evening,23,dark,2,dry,0,5,2,1,1,0,0,0,0,3,slightly_injured
2020,6,Fri,6,52.46144963,13.31685599,afternoon,15,daylight,0,wet,1,0,5,1,1,0,0,0,0,3,slightly_injured
2020,7,Wed,4,52.48408593,13.3931435,morning,11,daylight,0,wet,1,6,4,0,1,1,0,0,0,2,seriously_injured
2020,7,Fri,6,52.50094571,13.44218097,morning,9,daylight,0,dry,0,5,2,1,1,0,0,0,0,3,slightly_injured
2020,7,Thu,5,52.49417767,13.36153718,afternoon,13,daylight,0,dry,0,0,6,0,0,0,1,0,1,3,slightly_injured
2020,6,Tue,3,52.48557438,13.34204893,afternoon,14,daylight,0,dry,0,5,7,1,1,0,0,0,0,3,slightly_injured
2020,7,Sat,7,52.50909887,13.2932246,afternoon,17,daylight,0,dry,0,1,5,1,1,0,0,0,0,3,slightly_injured
2020,6,Mon,2,52.51282489,13.261242,afternoon,14,daylight,0,dry,0,1,5,1,1,0,0,0,0,3,slightly_injured
2020,6,Fri,6,52.50945881,13.35091548,evening,22,dark,2,dry,0,2,6,0,1,0,1,0,0,3,slightly_injured
2020,7,Thu,5,52.444591,13.41373637,afternoon,15,daylight,0,dry,0,3,6,1,0,0,0,0,0,3,slightly_injured
2020,7,Wed,4,52.53276222,13.37192437,afternoon,13,daylight,0,wet,1,2,6,1,1,0,0,0,0,2,seriously_injured
2020,7,Fri,6,52.4914394,13.37674957,evening,20,daylight,0,dry,0,2,2,1,1,0,0,0,0,3,slightly_injured
2020,6,Sun,1,52.48494731,13.38582741,evening,22,dark,2,dry,0,5,2,0,1,0,0,0,0,3,slightly_injured
2020,7,Wed,4,52.52907532,13.19482734,morning,7,daylight,0,dry,0,0,1,1,0,0,0,0,0,3,slightly_injured
2020,7,Thu,5,52.54458289,13.56537731,afternoon,15,daylight,0,dry,0,5,2,1,1,0,0,0,0,3,slightly_injured
2020,7,Wed,4,52.45133238,13.26558416,morning,9,daylight,0,dry,0,0,1,1,0,0,0,0,0,3,slightly_injured
2020,7,Fri,6,52.53795536,13.41240018,evening,20,daylight,0,dry,0,5,2,1,0,0,0,0,1,3,slightly_injured
2020,6,Sun,1,52.45168882,13.59336008,evening,20,daylight,0,wet,1,0,1,1,0,0,0,0,0,2,seriously_injured
2020,7,Wed,4,52.52506615,13.27914591,morning,10,daylight,0,dry,0,2,6,0,1,0,0,0,0,3,slightly_injured
2020,6,Tue,3,52.49217655,13.52706672,afternoon,13,daylight,0,dry,0,5,2,1,1,0,0,0,0,3,slightly_injured
2020,7,Sat,7,52.54057027,13.40422339,afternoon,17,daylight,0,dry,0,0,4,1,0,1,0,0,0,2,seriously_injured
2020,6,Sun,1,52.50680124,13.29318195,evening,20,daylight,0,dry,0,2,6,0,1,0,1,0,0,3,slightly_injured
2020,6,Fri,6,52.49448525,13.39946959,afternoon,17,daylight,0,dry,0,5,3,1,1,0,0,0,0,3,slightly_injured
2020,7,Thu,5,52.48711808,13.32959522,afternoon,12,daylight,0,dry,0,1,5,1,1,0,0,0,0,3,slightly_injured
2020,7,Wed,4,52.50656043,13.49622188,evening,18,daylight,0,dry,0,5,7,1,1,0,0,0,0,3,slightly_injured
2020,7,Fri,6,52.52496956,13.39287633,afternoon,17,daylight,0,dry,0,5,2,1,1,0,0,0,0,3,slightly_injured
2020,6,Sun,1,52.5667266,13.41873326,evening,20,daylight,0,wet,1,5,3,0,1,0,0,0,0,3,slightly_injured
2020,6,Tue,3,52.50241769,13.46663159,evening,20,daylight,0,dry,0,8,1,0,1,0,0,0,0,3,slightly_injured
2020,7,Sun,1,52.45811988,13.57895503,afternoon,17,daylight,0,dry,0,4,6,1,0,0,0,0,0,3,slightly_injured
2020,6,Tue,3,52.51731452,13.30664426,morning,8,daylight,0,dry,0,5,2,0,1,0,0,0,0,3,slightly_injured
2020,6,Fri,6,52.44543289,13.56483009,afternoon,13,daylight,0,wet,1,5,3,1,1,0,0,0,0,2,seriously_injured
2020,6,Fri,6,52.61902007,13.31280416,morning,11,daylight,0,dry,0,1,5,1,1,0,0,0,0,2,seriously_injured
2020,6,Tue,3,52.43888562,13.47460544,morning,10,daylight,0,dry,0,5,3,0,1,0,0,0,0,3,slightly_injured
2020,6,Fri,6,52.53935253,13.41054162,morning,9,daylight,0,dry,0,1,5,1,0,0,0,1,0,2,seriously_injured
2020,7,Sat,7,52.48503473,13.38582718,morning,11,daylight,0,dry,0,5,2,1,1,0,0,0,0,3,slightly_injured
2020,6,Sun,1,52.59235596,13.35413916,evening,19,dusk,1,dry,0,5,2,0,1,0,0,0,0,3,slightly_injured
2020,6,Fri,6,52.53671294,13.56106646,morning,9,daylight,0,dry,0,1,5,1,0,0,0,0,1,3,slightly_injured
2020,7,Wed,4,52.54766686,13.49932463,afternoon,16,daylight,0,dry,0,2,6,0,1,0,0,0,1,3,slightly_injured
2020,7,Fri,6,52.41408877,13.40157631,afternoon,14,daylight,0,dry,0,5,3,1,1,0,0,0,0,2,seriously_injured
2020,6,Sun,1,52.55211212,13.41397027,evening,18,daylight,0,wet,1,0,3,1,0,0,0,0,0,3,slightly_injured
2020,6,Tue,3,52.41071639,13.38116572,evening,18,daylight,0,dry,0,1,5,1,1,0,0,0,0,3,slightly_injured
2020,7,Sun,1,52.42636041,13.36335431,afternoon,14,daylight,0,dry,0,5,3,1,1,0,0,0,0,3,slightly_injured
2020,6,Tue,3,52.5171119,13.38881454,morning,8,daylight,0,dry,0,5,2,0,0,0,1,0,0,2,seriously_injured
2020,6,Fri,6,52.46328321,13.47537667,morning,8,daylight,0,dry,0,0,5,0,0,0,0,0,1,3,slightly_injured
2020,7,Thu,5,52.48750018,13.43143612,morning,10,daylight,0,dry,0,5,2,1,1,0,0,0,0,3,slightly_injured
2020,7,Sat,7,52.47323055,13.45542176,afternoon,16,daylight,0,dry,0,1,5,1,1,0,0,0,0,3,slightly_injured
2020,6,Sun,1,52.55364678,13.37724372,evening,18,daylight,0,wet,1,5,3,1,1,0,0,0,0,2,seriously_injured
2020,6,Fri,6,52.48838377,13.42792169,morning,8,daylight,0,dry,0,5,3,1,1,0,0,0,0,3,slightly_injured
2020,7,Wed,4,52.49442938,13.36112618,evening,19,daylight,0,dry,0,5,2,0,1,0,0,0,0,3,slightly_injured
2020,7,Fri,6,52.57722212,13.3153792,morning,11,daylight,0,dry,0,2,6,0,1,0,0,0,0,3,slightly_injured
2020,7,Thu,5,52.53196438,13.19743773,afternoon,14,daylight,0,dry,0,0,6,0,1,0,0,0,1,3,slightly_injured
2020,7,Sat,7,52.49667527,13.35138052,afternoon,17,daylight,0,dry,0,1,5,0,1,0,0,0,1,3,slightly_injured
2020,6,Sun,1,52.50932524,13.49997525,evening,18,daylight,0,dry,0,5,3,1,1,0,0,0,0,3,slightly_injured
2020,6,Fri,6,52.49243981,13.30968297,morning,8,daylight,0,dry,0,1,5,1,1,0,0,0,0,3,slightly_injured
2020,7,Wed,4,52.49241087,13.34501994,afternoon,16,daylight,0,dry,0,2,6,1,1,0,0,0,0,3,slightly_injured
2020,7,Fri,6,52.52373455,13.16170509,afternoon,13,daylight,0,dry,0,2,6,0,1,0,0,0,0,3,slightly_injured
2020,6,Tue,3,52.56447061,13.39317441,afternoon,16,daylight,0,dry,0,5,2,1,1,0,0,0,0,3,slightly_injured
2020,7,Sat,7,52.55259802,13.35649897,afternoon,14,daylight,0,dry,0,2,6,0,1,0,0,0,0,3,slightly_injured
2020,6,Mon,2,52.50802316,13.46708076,evening,20,daylight,0,dry,0,3,6,1,0,0,1,0,0,3,slightly_injured
2020,6,Fri,6,52.50634625,13.33222862,morning,7,daylight,0,dry,0,6,2,0,1,1,0,0,0,3,slightly_injured
2020,7,Thu,5,52.52396515,13.41174456,morning,6,daylight,0,dry,0,5,2,0,1,0,0,0,0,3,slightly_injured
2020,7,Fri,6,52.41211599,13.25881172,evening,18,daylight,0,dry,0,0,5,1,1,0,0,0,0,3,slightly_injured
2020,6,Sun,1,52.59543088,13.33288264,afternoon,17,daylight,0,wet,1,5,2,1,1,0,0,0,0,2,seriously_injured
2020,6,Fri,6,52.48083844,13.44329386,morning,11,daylight,0,dry,0,5,5,1,1,0,0,0,0,3,slightly_injured
2020,7,Wed,4,52.5335659,13.39396648,morning,10,daylight,0,wet,1,6,7,1,0,1,0,0,0,3,slightly_injured
2020,6,Tue,3,52.58473873,13.40812895,morning,6,daylight,0,dry,0,5,3,1,1,0,0,0,0,3,slightly_injured
2020,6,Tue,3,52.44314071,13.31586426,morning,6,daylight,0,dry,0,3,6,1,1,0,0,0,0,3,slightly_injured
2020,7,Sat,7,52.53226233,13.40624957,night,1,dark,2,dry,0,5,2,1,1,0,0,0,0,3,slightly_injured
2020,6,Mon,2,52.51467928,13.39832931,evening,19,daylight,0,dry,0,0,7,0,1,0,0,0,0,3,slightly_injured
2020,6,Fri,6,52.57332264,13.56744655,evening,18,daylight,0,dry,0,5,3,1,1,0,0,0,0,3,slightly_injured
2020,7,Thu,5,52.53966705,13.35920332,afternoon,15,daylight,0,dry,0,6,4,0,1,1,0,0,0,3,slightly_injured
2020,7,Wed,4,52.5307451,13.43918748,afternoon,15,daylight,0,dry,0,5,3,0,1,0,0,0,1,3,slightly_injured
2020,7,Fri,6,52.48001927,13.52322826,evening,23,dark,2,dry,0,0,1,1,0,0,0,0,0,3,slightly_injured
2020,6,Sun,1,52.43379776,13.54353501,afternoon,16,daylight,0,dry,0,5,3,1,1,0,0,0,0,3,slightly_injured
2020,7,Thu,5,52.43567533,13.3444769,evening,19,daylight,0,dry,0,5,7,1,1,0,0,0,0,3,slightly_injured
2020,7,Wed,4,52.50679416,13.26763476,morning,9,daylight,0,dry,0,5,3,0,1,0,1,0,0,3,slightly_injured
2020,7,Thu,5,52.40696524,13.26748822,evening,23,dark,2,wet,1,9,1,0,1,0,0,0,0,3,slightly_injured
2020,6,Tue,3,52.51129234,13.41364644,afternoon,12,daylight,0,dry,0,5,3,1,1,0,0,0,0,3,slightly_injured
2020,7,Sat,7,52.57427246,13.35900456,morning,11,daylight,0,dry,0,3,2,1,1,0,0,0,0,3,slightly_injured
2020,6,Sun,1,52.52773553,13.18864227,morning,7,daylight,0,dry,0,5,3,1,1,0,0,0,0,2,seriously_injured
2020,6,Fri,6,52.51693206,13.31696084,evening,18,daylight,0,dry,0,5,2,1,1,0,0,0,0,3,slightly_injured
2020,7,Wed,4,52.44754077,13.34122794,afternoon,17,daylight,0,dry,0,6,4,0,1,1,0,0,0,3,slightly_injured
2020,7,Fri,6,52.49607601,13.31116771,morning,9,daylight,0,dry,0,6,2,0,1,1,0,0,0,3,slightly_injured
2020,7,Fri,6,52.54661815,13.59878696,afternoon,16,dark,2,dry,0,0,4,0,1,1,0,0,0,3,slightly_injured
2020,7,Tue,3,52.5094566,13.35089384,afternoon,17,daylight,0,dry,0,2,6,0,1,0,0,0,0,3,slightly_injured
2020,7,Tue,3,52.50677,13.47084241,evening,18,daylight,0,dry,0,0,1,0,1,0,1,0,0,3,slightly_injured
2020,7,Sun,1,52.41410204,13.34591224,morning,10,daylight,0,dry,0,1,5,1,1,0,0,0,0,3,slightly_injured
2020,7,Mon,2,52.52896633,13.4574456,afternoon,15,daylight,0,dry,0,5,2,1,1,0,0,0,0,3,slightly_injured
2020,7,Thu,5,52.473831,13.43965669,afternoon,16,daylight,0,wet,1,2,6,0,1,0,0,0,0,3,slightly_injured
2020,7,Tue,3,52.47605872,13.36301169,afternoon,16,daylight,0,dry,0,5,2,0,1,0,0,0,0,3,slightly_injured
2020,7,Wed,4,52.45441299,13.51759309,evening,22,dark,2,dry,0,0,1,1,0,0,0,0,0,3,slightly_injured
2020,7,Wed,4,52.53770822,13.24596761,evening,18,daylight,0,wet,1,2,6,0,1,0,0,0,0,3,slightly_injured
2020,7,Sun,1,52.44490249,13.43317757,morning,8,daylight,0,dry,0,5,3,1,1,0,0,0,0,3,slightly_injured
2020,7,Tue,3,52.45916276,13.34883122,afternoon,16,daylight,0,dry,0,5,2,1,1,0,0,0,0,3,slightly_injured
2020,7,Tue,3,52.60376977,13.408221,afternoon,12,daylight,0,dry,0,7,7,0,0,0,1,0,0,2,seriously_injured
2020,7,Sun,1,52.44815874,13.3058082,afternoon,17,daylight,0,dry,0,6,4,0,1,1,0,0,0,3,slightly_injured
2020,7,Tue,3,52.54359422,13.33930903,afternoon,16,daylight,0,dry,0,2,6,0,1,0,0,0,1,3,slightly_injured
2020,7,Mon,2,52.5114161,13.61231702,morning,10,daylight,0,dry,0,0,3,0,0,0,0,0,1,3,slightly_injured
2020,7,Sun,1,52.43533941,13.55956627,afternoon,15,daylight,0,dry,0,3,1,0,1,0,1,0,0,3,slightly_injured
2020,7,Thu,5,52.56363494,13.50584953,afternoon,13,daylight,0,wet,1,2,6,0,1,0,0,0,0,3,slightly_injured
2020,7,Tue,3,52.53572153,13.52187586,afternoon,16,daylight,0,dry,0,0,2,1,0,0,0,0,1,3,slightly_injured
2020,7,Wed,4,52.53840827,13.24594575,afternoon,16,daylight,0,dry,0,5,2,0,1,0,1,0,0,3,slightly_injured
2020,7,Wed,4,52.51657775,13.58930878,afternoon,14,daylight,0,wet,1,5,3,0,1,0,1,0,0,3,slightly_injured
2020,7,Tue,3,52.50398096,13.35285138,afternoon,16,daylight,0,dry,0,5,3,1,1,0,0,0,0,3,slightly_injured
2020,7,Wed,4,52.52746309,13.40310154,evening,18,daylight,0,dry,0,5,2,1,1,0,0,0,0,3,slightly_injured
2020,7,Wed,4,52.56209809,13.33155769,afternoon,16,daylight,0,wet,1,5,2,1,1,0,0,0,0,3,slightly_injured
2020,7,Tue,3,52.50694859,13.50958781,afternoon,14,daylight,0,dry,0,0,3,0,0,0,1,0,1,3,slightly_injured
2020,7,Tue,3,52.62080699,13.47711235,morning,10,daylight,0,dry,0,5,3,1,1,0,0,0,0,3,slightly_injured
2020,7,Sun,1,52.38990184,13.39365267,afternoon,14,daylight,0,dry,0,1,1,0,1,0,1,0,0,3,slightly_injured
2020,7,Tue,3,52.48822075,13.30625525,afternoon,14,daylight,0,dry,0,0,3,0,1,0,1,0,0,3,slightly_injured
2020,7,Mon,2,52.45966977,13.3471825,morning,9,daylight,0,dry,0,2,6,0,1,0,0,0,0,3,slightly_injured
2020,7,Sun,1,52.5359247,13.52303883,afternoon,13,daylight,0,dry,0,3,6,0,1,0,0,0,0,3,slightly_injured
2020,7,Thu,5,52.47488718,13.50737492,night,5,daylight,0,dry,0,5,3,1,1,0,0,0,0,3,slightly_injured
2020,7,Tue,3,52.48434615,13.50560761,afternoon,14,daylight,0,dry,0,5,3,1,1,0,0,0,0,3,slightly_injured
2020,7,Wed,4,52.50131134,13.38627744,afternoon,15,daylight,0,dry,0,2,7,0,1,0,1,0,0,3,slightly_injured
2020,7,Wed,4,52.60534525,13.239619,afternoon,12,daylight,0,wet,1,5,3,0,1,0,0,0,0,3,slightly_injured
2020,7,Tue,3,52.44566219,13.562508,afternoon,14,daylight,0,dry,0,2,6,0,1,0,0,0,0,3,slightly_injured
2020,7,Tue,3,52.55359579,13.54527176,morning,6,daylight,0,dry,0,5,2,1,1,0,0,0,0,3,slightly_injured
2020,7,Sun,1,52.53922743,13.1569987,afternoon,13,daylight,0,dry,0,1,1,0,1,0,0,0,0,3,slightly_injured
2020,7,Mon,2,52.44737221,13.39510795,afternoon,15,daylight,0,dry,0,0,3,0,1,0,0,0,1,3,slightly_injured
2020,7,Tue,3,52.46887636,13.3706228,afternoon,13,daylight,0,dry,0,5,3,0,1,0,0,0,0,2,seriously_injured
2020,7,Mon,2,52.52027011,13.55379761,afternoon,17,daylight,0,dry,0,5,3,1,1,0,0,0,0,3,slightly_injured
2020,7,Sun,1,52.54992549,13.57269654,afternoon,13,daylight,0,dry,0,2,6,1,0,0,0,0,0,3,slightly_injured
2020,7,Tue,3,52.57128695,13.34725347,morning,9,daylight,0,dry,0,3,6,1,1,0,0,0,0,3,slightly_injured
2020,7,Sun,1,52.41467824,13.40201354,morning,11,daylight,0,dry,0,1,5,0,0,0,1,0,1,3,slightly_injured
2020,7,Tue,3,52.49875073,13.28088722,afternoon,13,daylight,0,dry,0,5,3,1,1,0,0,0,0,2,seriously_injured
2020,7,Mon,2,52.41480492,13.34785145,morning,8,daylight,0,dry,0,6,7,0,0,1,0,0,1,3,slightly_injured
2020,7,Sun,1,52.49447536,13.26678424,afternoon,14,daylight,0,dry,0,1,5,1,1,0,0,0,0,2,seriously_injured
2020,7,Thu,5,52.53630122,13.52445713,morning,9,daylight,0,dry,0,6,4,0,1,1,0,0,0,2,seriously_injured
2020,7,Tue,3,52.45793955,13.32644109,afternoon,13,daylight,0,dry,0,8,1,1,0,0,0,0,0,3,slightly_injured
2020,7,Wed,4,52.53946503,13.20607035,afternoon,13,daylight,0,dry,0,2,6,0,1,0,0,0,0,3,slightly_injured
2020,7,Wed,4,52.54820891,13.29266419,night,5,daylight,0,dry,0,5,7,0,1,0,1,0,0,3,slightly_injured
2020,7,Tue,3,52.50437716,13.30738333,afternoon,12,daylight,0,dry,0,2,6,0,1,0,0,0,0,3,slightly_injured
2020,7,Tue,3,52.51751532,13.48358098,evening,19,dusk,1,dry,0,1,7,1,1,0,0,0,0,3,slightly_injured
2020,7,Sun,1,52.46503393,13.4426958,afternoon,17,daylight,0,dry,0,5,3,1,1,0,0,0,0,2,seriously_injured
2020,7,Mon,2,52.56083266,13.52239991,afternoon,15,daylight,0,dry,0,2,2,0,1,0,0,0,1,3,slightly_injured
2020,7,Thu,5,52.46708962,13.43155884,afternoon,17,daylight,0,wet,1,1,5,1,1,0,0,0,0,3,slightly_injured
2020,7,Tue,3,52.49467424,13.40341446,morning,8,daylight,0,dry,0,1,5,1,1,0,0,0,0,3,slightly_injured
2020,7,Wed,4,52.43591936,13.55055192,evening,20,daylight,0,dry,0,0,5,1,1,0,0,0,0,3,slightly_injured
2020,7,Wed,4,52.52306231,13.42789328,evening,18,daylight,0,wet,1,0,1,1,0,0,0,0,0,3,slightly_injured
2020,7,Sun,1,52.43152404,13.22995642,afternoon,17,daylight,0,dry,0,3,6,0,1,0,1,0,0,2,seriously_injured
2020,7,Wed,4,52.50217424,13.38827032,morning,8,daylight,0,dry,0,0,6,1,1,0,0,0,0,3,slightly_injured