ujahr,umonat,weekday,uwochentag,long,lat,time_of_day,ustunde,light_condition,ulichtverh,street_condition,ustrzustand,uart,utyp1,ist_rad,ist_pkw,ist_fuss,ist_krad,ist_gkfz,ist_sonstige,ukategorie,accident_outcome
2020,7,Thu,5,52.52974071,13.46112445,evening,20,dusk,1,dry,0,4,6,1,0,0,0,0,0,3,slightly_injured
2020,7,Wed,4,52.44836562,13.34443766,morning,9,daylight,0,dry,0,0,4,0,0,1,0,0,1,3,slightly_injured
2020,7,Tue,3,52.44107803,13.58832346,afternoon,16,daylight,0,dry,0,5,2,1,1,0,0,0,0,3,slightly_injured
2020,7,Tue,3,52.55920748,13.38664604,morning,8,daylight,0,dry,0,6,4,0,1,1,0,0,0,3,slightly_injured
2020,7,Tue,3,52.49866895,13.41574833,afternoon,17,daylight,0,dry,0,2,6,0,1,0,0,0,0,3,slightly_injured
2020,7,Sat,7,52.43382452,13.19339169,morning,11,daylight,0,dry,0,5,7,0,1,0,1,0,0,3,slightly_injured
2020,7,Mon,2,52.54108428,13.49370252,afternoon,14,daylight,0,dry,0,5,3,0,1,0,0,0,0,3,slightly_injured
2020,7,Thu,5,52.44458574,13.58549522,afternoon,16,daylight,0,wet,1,0,2,0,1,0,1,0,0,3,slightly_injured
2020,7,Tue,3,52.55255929,13.40845546,morning,8,daylight,0,dry,0,0,2,1,0,0,0,0,1,3,slightly_injured
2020,7,Wed,4,52.49884159,13.41726735,evening,20,daylight,0,wet,1,5,2,1,0,0,0,0,1,3,slightly_injured
2020,7,Wed,4,52.47724419,13.36342331,afternoon,17,daylight,0,wet,1,2,7,1,1,0,0,0,0,3,slightly_injured
2020,7,Sat,7,52.4807396,13.43547951,morning,11,daylight,0,dry,0,6,7,1,0,1,0,0,0,3,slightly_injured
2020,7,Tue,3,52.5601421,13.38743261,morning,8,daylight,0,dry,0,5,2,1,0,0,1,0,0,3,slightly_injured
2020,7,Tue,3,52.56998212,13.30028358,afternoon,12,daylight,0,dry,0,5,2,1,0,0,0,0,1,3,slightly_injured
2020,7,Sat,7,52.5387274,13.37700214,afternoon,16,daylight,0,dry,0,1,7,0,1,1,0,0,0,3,slightly_injured
2020,7,Tue,3,52.50228922,13.36943026,morning,7,daylight,0,dry,0,0,3,1,1,0,0,0,0,3,slightly_injured
2020,7,Mon,2,52.50209402,13.59736158,morning,6,daylight,0,dry,0,5,3,1,0,0,0,0,1,3,slightly_injured
2020,7,Sat,7,52.49670405,13.48562127,afternoon,14,daylight,0,dry,0,2,6,0,1,0,0,0,0,3,slightly_injured
2020,7,Thu,5,52.55574314,13.20744599,afternoon,12,daylight,0,wet,1,5,3,0,1,0,0,0,0,2,seriously_injured
2020,7,Tue,3,52.50681437,13.22839959,afternoon,15,daylight,0,dry,0,6,2,0,1,1,0,0,0,2,seriously_injured
2020,7,Sat,7,52.5537217,13.3774343,evening,19,daylight,0,dry,0,5,3,1,1,0,0,0,0,3,slightly_injured
2020,7,Tue,3,52.48988942,13.38223536,morning,7,daylight,0,dry,0,5,2,1,1,0,0,0,0,3,slightly_injured
2020,7,Mon,2,52.49039822,13.52780924,afternoon,17,daylight,0,dry,0,5,2,1,1,0,0,0,0,3,slightly_injured
2020,7,Sat,7,52.52078385,13.48589214,evening,18,daylight,0,dry,0,5,3,1,1,0,0,0,0,3,slightly_injured
2020,7,Thu,5,52.5303091,13.21297518,afternoon,14,daylight,0,wet,1,5,3,0,1,0,0,0,0,3,slightly_injured
2020,7,Tue,3,52.58749663,13.33452278,night,4,dusk,1,dry,0,0,2,1,1,0,0,0,0,3,slightly_injured
2020,7,Wed,4,52.42382907,13.25172763,afternoon,17,daylight,0,dry,0,5,3,1,1,0,0,0,0,3,slightly_injured
2020,7,Wed,4,52.48747556,13.41920367,afternoon,15,daylight,0,wet,1,2,6,0,1,0,0,0,1,3,slightly_injured
2020,7,Tue,3,52.55237481,13.57356102,morning,7,daylight,0,dry,0,5,3,1,1,0,0,0,0,3,slightly_injured
2020,7,Tue,3,52.49470499,13.32724659,morning,9,daylight,0,dry,0,5,2,1,1,0,0,0,0,3,slightly_injured
2020,7,Sat,7,52.51424196,13.4217138,afternoon,17,daylight,0,dry,0,5,2,1,1,0,0,0,0,3,slightly_injured
2020,7,Tue,3,52.55962009,13.22394232,evening,23,dark,2,wet,1,1,7,0,1,0,0,0,0,3,slightly_injured
2020,7,Mon,2,52.54543634,13.49482565,morning,8,daylight,0,dry,0,0,3,1,1,0,0,0,0,3,slightly_injured
2020,7,Sat,7,52.55295988,13.17941583,evening,18,daylight,0,dry,0,5,3,1,1,0,0,0,0,3,slightly_injured
2020,7,Thu,5,52.5652126,13.44448933,morning,10,daylight,0,dry,0,5,2,0,1,0,1,0,0,3,slightly_injured
2020,7,Tue,3,52.46389323,13.44759433,evening,22,dark,2,wet,1,2,6,0,1,0,0,0,0,3,slightly_injured
2020,7,Wed,4,52.56093443,13.45707054,afternoon,14,daylight,0,dry,0,5,2,1,1,0,0,0,0,3,slightly_injured
2020,7,Wed,4,52.5387937,13.20745395,morning,10,daylight,0,wet,1,0,6,0,1,0,0,0,0,3,slightly_injured
2020,7,Tue,3,52.58751035,13.32372402,evening,22,dark,2,wet,1,0,2,0,1,1,0,0,0,3,slightly_injured
2020,7,Wed,4,52.55329426,13.34684876,morning,11,daylight,0,dry,0,5,2,1,0,0,0,0,1,3,slightly_injured
2020,7,Wed,4,52.52970026,13.46094832,afternoon,13,daylight,0,wet,1,0,1,1,0,0,0,0,0,3,slightly_injured
2020,7,Tue,3,52.47111279,13.30798058,evening,21,dark,2,wet,1,0,7,0,0,0,1,0,0,3,slightly_injured
2020,7,Tue,3,52.47043381,13.46480126,morning,7,daylight,0,dry,0,2,6,0,1,0,0,0,0,3,slightly_injured
2020,7,Sat,7,52.49046226,13.32302784,afternoon,16,daylight,0,dry,0,5,2,1,1,0,0,0,0,3,slightly_injured
2020,7,Tue,3,52.54997302,13.50877562,evening,20,daylight,0,dry,0,0,1,0,0,0,1,0,0,2,seriously_injured
2020,7,Mon,2,52.43580423,13.48834161,morning,7,daylight,0,dry,0,1,5,1,1,0,0,0,0,3,slightly_injured
2020,7,Sat,7,52.47885664,13.5247865,afternoon,16,daylight,0,dry,0,5,2,1,1,0,0,0,0,3,slightly_injured
2020,7,Thu,5,52.50700182,13.39821753,morning,8,daylight,0,wet,1,5,2,1,1,0,0,0,0,3,slightly_injured
2020,7,Wed,4,52.57043671,13.56562807,morning,11,daylight,0,dry,0,5,2,0,1,0,0,0,0,2,seriously_injured
2020,7,Tue,3,52.4860976,13.42436092,evening,18,daylight,0,dry,0,0,4,1,0,1,0,0,0,3,slightly_injured
2020,7,Tue,3,52.53679024,13.26666553,afternoon,17,daylight,0,dry,0,5,2,1,1,0,0,0,0,3,slightly_injured
2020,7,Tue,3,52.52686565,13.47949661,evening,18,daylight,0,dry,0,5,3,1,1,0,0,0,0,2,seriously_injured
2020,7,Sat,7,52.49703605,13.44922683,evening,20,daylight,0,dry,0,0,5,1,1,0,0,0,0,3,slightly_injured
2020,7,Mon,2,52.50879504,13.35971773,afternoon,14,daylight,0,dry,0,5,7,0,1,0,1,0,0,3,slightly_injured
2020,7,Thu,5,52.48837188,13.39690752,afternoon,16,daylight,0,wet,1,0,1,1,0,0,0,0,0,3,slightly_injured
2020,7,Tue,3,52.49476263,13.51957107,evening,18,daylight,0,dry,0,6,4,0,1,1,0,0,0,2,seriously_injured
2020,7,Tue,3,52.50720267,13.31403669,evening,22,dark,2,dry,0,6,7,1,0,1,0,0,0,3,slightly_injured
2020,7,Sat,7,52.52820972,13.41185191,afternoon,16,daylight,0,dry,0,6,4,0,0,1,0,0,1,3,slightly_injured
2020,7,Mon,2,52.49419303,13.45470346,afternoon,14,daylight,0,dry,0,5,2,1,1,0,0,0,0,3,slightly_injured
2020,7,Thu,5,52.49019931,13.2785293,evening,18,daylight,0,wet,1,0,7,1,0,0,0,0,0,2,seriously_injured
2020,7,Tue,3,52.50936772,13.32550354,evening,19,daylight,0,dry,0,5,3,1,0,0,0,0,0,3,slightly_injured
2020,7,Mon,2,52.39501813,13.42364549,afternoon,17,daylight,0,dry,0,5,3,1,0,0,1,0,0,3,slightly_injured
2020,7,Wed,4,52.48099608,13.45193317,afternoon,17,daylight,0,dry,0,3,6,1,0,0,0,0,1,3,slightly_injured
2020,7,Mon,2,52.41948724,13.31255798,evening,18,daylight,0,dry,0,5,2,1,1,0,0,0,0,3,slightly_injured
2020,7,Wed,4,52.55247726,13.18177141,morning,6,daylight,0,dry,0,5,3,0,1,0,0,0,0,2,seriously_injured
2020,7,Tue,3,52.52358574,13.19758983,afternoon,15,daylight,0,dry,0,5,7,1,1,0,0,0,0,3,slightly_injured
2020,7,Tue,3,52.48003689,13.48349832,afternoon,17,daylight,0,dry,0,0,1,1,0,0,0,0,0,2,seriously_injured
2020,7,Mon,2,52.48503189,13.38592953,evening,23,dark,2,dry,0,5,2,0,1,0,1,0,0,2,seriously_injured
2020,7,Sat,7,52.50851607,13.37700697,afternoon,15,daylight,0,dry,0,5,3,1,1,0,0,0,0,3,slightly_injured
2020,7,Mon,2,52.55271381,13.50396698,afternoon,14,daylight,0,dry,0,5,2,1,1,0,0,0,0,3,slightly_injured
2020,7,Thu,5,52.51965266,13.41668768,afternoon,15,daylight,0,wet,1,1,5,0,1,0,0,0,0,3,slightly_injured
2020,7,Tue,3,52.49516318,13.48879585,afternoon,17,daylight,0,dry,0,5,3,1,1,0,0,0,0,2,seriously_injured
2020,7,Mon,2,52.50785654,13.43558412,afternoon,17,daylight,0,dry,0,1,5,1,1,0,0,0,0,3,slightly_injured
2020,7,Wed,4,52.50756578,13.32962613,evening,18,daylight,0,dry,0,0,7,1,0,0,0,0,0,2,seriously_injured
2020,7,Wed,4,52.48645535,13.32641347,afternoon,16,daylight,0,wet,1,5,2,1,1,0,0,0,0,3,slightly_injured
2020,7,Tue,3,52.45928209,13.15277416,afternoon,17,daylight,0,dry,0,2,2,0,0,0,1,0,1,3,slightly_injured
2020,7,Mon,2,52.50050013,13.31265133,evening,18,daylight,0,dry,0,2,6,0,1,0,0,0,0,3,slightly_injured
2020,7,Wed,4,52.50441485,13.33512666,evening,22,dark,2,wet,1,0,1,0,1,0,1,0,0,3,slightly_injured
2020,7,Wed,4,52.52479456,13.40321238,night,0,dark,2,dry,0,0,1,1,0,0,0,0,0,3,slightly_injured
2020,7,Sat,7,52.42395902,13.18410019,afternoon,14,daylight,0,dry,0,2,6,1,1,0,0,0,0,3,slightly_injured
2020,7,Tue,3,52.5504094,13.3785813,evening,22,dark,2,dry,0,6,4,0,1,1,0,0,0,1,killed
2020,7,Tue,3,52.45376915,13.62506511,afternoon,14,daylight,0,dry,0,2,6,0,1,0,0,0,0,3,slightly_injured
2020,7,Sat,7,52.5467521,13.41331515,afternoon,14,daylight,0,dry,0,3,6,1,0,0,0,0,0,3,slightly_injured
2020,7,Mon,2,52.61493998,13.49146321,evening,19,daylight,0,dry,0,5,3,0,1,0,0,0,0,3,slightly_injured
2020,7,Mon,2,52.52713281,13.38692737,evening,21,dark,2,dry,0,2,2,1,1,0,0,0,0,3,slightly_injured
2020,7,Sat,7,52.49903968,13.42189658,morning,10,daylight,0,dry,0,2,6,0,1,0,0,0,0,3,slightly_injured
2020,7,Thu,5,52.52591163,13.52169694,afternoon,13,daylight,0,wet,1,0,3,0,0,0,0,0,1,3,slightly_injured
2020,7,Mon,2,52.50081623,13.54735599,afternoon,16,daylight,0,dry,0,7,7,1,0,0,0,0,0,3,slightly_injured
2020,7,Mon,2,52.54494962,13.41655553,evening,18,daylight,0,dry,0,5,3,1,0,0,0,0,0,3,slightly_injured
2020,7,Wed,4,52.47404032,13.30084384,afternoon,16,daylight,0,dry,0,2,2,0,1,0,0,0,0,3,slightly_injured
2020,7,Wed,4,52.50378743,13.41028293,afternoon,15,daylight,0,wet,1,5,3,1,1,0,0,0,0,3,slightly_injured
2020,7,Mon,2,52.55189216,13.51614073,morning,11,daylight,0,dry,0,5,3,0,1,0,0,0,1,3,slightly_injured
2020,7,Tue,3,52.53382458,13.40320779,morning,9,daylight,0,dry,0,1,5,1,1,0,0,0,0,3,slightly_injured
2020,7,Sat,7,52.44686466,13.33171379,morning,9,daylight,0,dry,0,1,5,1,1,0,0,0,0,3,slightly_injured
2020,7,Mon,2,52.46455634,13.43297385,morning,7,daylight,0,dry,0,6,2,0,1,1,0,0,0,2,seriously_injured
2020,7,Mon,2,52.56270719,13.3646124,evening,21,daylight,0,dry,0,5,2,1,1,0,0,0,0,3,slightly_injured
2020,7,Tue,3,52.56924349,13.32968683,morning,10,daylight,0,dry,0,0,2,1,1,0,0,0,0,3,slightly_injured
2020,7,Sat,7,52.49139925,13.31696608,evening,19,daylight,0,dry,0,5,3,1,1,0,0,0,0,2,seriously_injured
2020,7,Mon,2,52.56136327,13.50017154,evening,22,dark,2,dry,0,6,4,0,1,1,0,0,0,3,slightly_injured
2020,7,Mon,2,52.48833627,13.29386907,morning,11,daylight,0,dry,0,6,7,0,0,1,0,0,1,2,seriously_injured
2020,7,Sat,7,52.58232318,13.41172553,evening,18,daylight,0,wet,1,2,7,0,1,0,0,0,0,2,seriously_injured
2020,7,Thu,5,52.42775573,13.32665167,morning,11,daylight,0,dry,0,5,2,1,1,0,0,0,0,3,slightly_injured
2020,7,Mon,2,52.48392833,13.39465977,evening,19,daylight,0,wet,1,2,6,0,1,0,0,0,0,3,slightly_injured
2020,7,Mon,2,52.43628435,13.34573302,evening,19,daylight,0,dry,0,5,2,0,1,0,0,0,0,3,slightly_injured
2020,7,Wed,4,52.53802588,13.32624285,afternoon,15,daylight,0,dry,0,5,2,0,1,0,0,0,0,3,slightly_injured
2020,7,Wed,4,52.60882209,13.3222235,afternoon,12,daylight,0,wet,1,5,2,0,1,0,1,0,0,2,seriously_injured
2020,7,Mon,2,52.53318619,13.19848098,evening,19,daylight,0,dry,0,2,6,0,1,0,1,0,0,2,seriously_injured
2020,7,Tue,3,52.49011291,13.31478587,morning,7,daylight,0,dry,0,0,1,1,0,0,0,0,0,3,slightly_injured
2020,7,Sat,7,52.53253942,13.39831463,afternoon,15,daylight,0,dry,0,0,1,1,0,0,0,0,0,2,seriously_injured
2020,7,Mon,2,52.4444389,13.57211496,afternoon,13,daylight,0,dry,0,2,6,0,1,0,0,0,0,3,slightly_injured
2020,7,Mon,2,52.52942203,13.14297249,evening,19,daylight,0,dry,0,2,7,0,1,0,0,0,0,3,slightly_injured
2020,7,Mon,2,52.55684914,13.5572094,afternoon,17,daylight,0,dry,0,2,5,0,1,0,0,0,0,3,slightly_injured
2020,7,Fri,6,52.55926512,13.2079436,evening,20,daylight,0,dry,0,2,6,0,1,0,0,0,0,3,slightly_injured
2020,7,Thu,5,52.46892658,13.32849146,evening,22,dark,2,wet,1,0,3,0,1,0,1,0,0,3,slightly_injured
2020,7,Mon,2,52.51640642,13.46497781,morning,8,daylight,0,dry,0,2,2,1,1,0,0,0,0,3,slightly_injured
2020,7,Fri,6,52.50696769,13.39449206,afternoon,17,daylight,0,dry,0,6,2,0,1,1,0,0,0,2,seriously_injured
2020,7,Thu,5,52.53538773,13.35218506,morning,10,daylight,0,dry,0,1,5,1,1,0,0,0,0,3,slightly_injured
2020,7,Mon,2,52.49539062,13.31796331,evening,18,daylight,0,dry,0,5,2,0,1,0,1,0,0,3,slightly_injured
2020,7,Wed,4,52.55575262,13.38392779,afternoon,14,daylight,0,dry,0,5,2,1,1,0,0,0,0,3,slightly_injured
2020,7,Wed,4,52.44862588,13.30485604,morning,8,daylight,0,wet,1,5,3,0,1,0,0,0,0,3,slightly_injured
2020,7,Mon,2,52.43259784,13.29489165,evening,18,daylight,0,dry,0,5,2,0,1,0,1,0,0,3,slightly_injured
2020,7,Tue,3,52.43189044,13.21991648,evening,20,daylight,0,dry,0,0,1,0,0,0,1,0,0,2,seriously_injured
2020,7,Fri,6,52.56303488,13.32964569,afternoon,16,daylight,0,wet,1,2,6,0,1,0,0,0,0,3,slightly_injured
2020,7,Mon,2,52.45253274,13.45216316,afternoon,12,daylight,0,dry,0,2,2,0,1,0,0,0,1,2,seriously_injured
2020,7,Thu,5,52.43721157,13.35874476,afternoon,17,daylight,0,wet,1,2,2,0,1,0,0,0,1,3,slightly_injured
2020,7,Mon,2,52.54549361,13.42797194,afternoon,16,daylight,0,wet,1,5,2,1,0,0,0,0,0,3,slightly_injured
2020,7,Mon,2,52.46430575,13.3206777,evening,19,daylight,0,dry,0,5,3,0,1,0,1,0,0,3,slightly_injured
2020,7,Wed,4,52.47182958,13.45143209,morning,10,daylight,0,dry,0,1,5,1,1,0,0,0,0,3,slightly_injured
2020,7,Wed,4,52.44391848,13.57834205,evening,19,daylight,0,wet,1,5,3,1,1,0,0,0,0,3,slightly_injured
2020,7,Mon,2,52.48275967,13.44787005,evening,20,dusk,1,dry,0,0,3,1,1,0,0,0,0,3,slightly_injured
2020,7,Wed,4,52.47434706,13.31999928,morning,8,daylight,0,dry,0,5,3,1,1,0,0,0,0,3,slightly_injured
2020,7,Tue,3,52.49985494,13.29780008,afternoon,15,daylight,0,dry,0,0,1,1,1,0,0,0,0,3,slightly_injured
2020,7,Mon,2,52.53422321,13.18566452,afternoon,17,daylight,0,dry,0,0,6,0,1,0,0,0,1,3,slightly_injured
2020,7,Wed,4,52.4983685,13.4089362,morning,9,daylight,0,dry,0,0,1,1,0,0,0,0,0,3,slightly_injured
2020,7,Tue,3,52.5245037,13.41001385,afternoon,13,daylight,0,dry,0,5,3,1,1,0,0,0,0,3,slightly_injured
2020,7,Mon,2,52.444463,13.57397119,afternoon,17,daylight,0,wet,1,0,1,1,0,0,0,0,0,2,seriously_injured
2020,7,Tue,3,52.57933664,13.20982338,afternoon,17,daylight,0,dry,0,5,3,1,1,0,0,0,0,2,seriously_injured
2020,7,Fri,6,52.47386353,13.52022789,afternoon,15,daylight,0,wet,1,2,6,0,1,0,0,0,1,3,slightly_injured
2020,7,Mon,2,52.47993025,13.27159946,morning,10,daylight,0,dry,0,2,2,1,1,0,0,0,0,2,seriously_injured
2020,7,Thu,5,52.43788218,13.47340307,afternoon,16,daylight,0,wet,1,6,4,0,1,1,0,0,0,2,seriously_injured
2020,7,Mon,2,52.42555903,13.57198393,afternoon,17,daylight,0,wet,1,5,3,1,1,0,0,0,0,3,slightly_injured
2020,7,Wed,4,52.57271213,13.26077059,evening,20,daylight,0,dry,0,0,7,0,0,0,1,0,0,3,slightly_injured
2020,7,Wed,4,52.55382958,13.50322272,afternoon,17,daylight,0,wet,1,2,6,0,1,0,0,0,0,3,slightly_injured
2020,7,Fri,6,52.45603824,13.55189388,afternoon,15,daylight,0,dry,0,5,2,1,1,0,0,0,0,2,seriously_injured
2020,7,Mon,2,52.55628063,13.48443457,afternoon,17,daylight,0,dry,0,0,3,0,1,0,0,0,1,3,slightly_injured
2020,7,Tue,3,52.4637432,13.4256196,afternoon,12,daylight,0,dry,0,2,6,1,0,0,0,0,1,3,slightly_injured
2020,7,Fri,6,52.52219825,13.37725917,afternoon,15,daylight,0,wet,1,5,2,1,1,0,0,0,0,3,slightly_injured
2020,7,Mon,2,52.50991401,13.40174885,afternoon,16,daylight,0,dry,0,1,5,1,1,0,0,0,0,3,slightly_injured
2020,7,Mon,2,52.48897094,13.57540541,morning,6,daylight,0,dry,0,5,3,0,1,0,0,0,1,3,slightly_injured
2020,7,Fri,6,52.61186935,13.48303702,afternoon,15,daylight,0,wet,1,5,3,0,1,0,0,0,0,3,slightly_injured
2020,7,Thu,5,52.51031567,13.46409871,afternoon,12,daylight,0,wet,1,0,1,0,0,0,1,0,0,2,seriously_injured
2020,7,Mon,2,52.44433921,13.57442112,afternoon,16,daylight,0,dry,0,6,4,1,0,1,0,0,0,2,seriously_injured
2020,7,Mon,2,52.5465169,13.50921576,afternoon,17,daylight,0,dry,0,5,2,1,1,0,0,0,0,3,slightly_injured
2020,7,Wed,4,52.53482705,13.50556763,afternoon,16,daylight,0,dry,0,5,2,0,1,0,0,0,1,3,slightly_injured
2020,7,Mon,2,52.44285208,13.43423064,evening,18,daylight,0,dry,0,0,7,0,1,0,0,0,1,3,slightly_injured
2020,7,Fri,6,52.53866525,13.20090486,afternoon,15,daylight,0,dry,0,6,2,0,1,1,0,0,0,3,slightly_injured
2020,7,Thu,5,52.49161612,13.43558724,afternoon,14,daylight,0,wet,1,2,1,0,1,0,0,0,0,3,slightly_injured
2020,7,Mon,2,52.41442711,13.65790955,afternoon,13,daylight,0,dry,0,0,1,1,0,0,0,0,1,3,slightly_injured
2020,7,Wed,4,52.50840368,13.44898663,evening,18,daylight,0,dry,0,0,1,1,0,0,0,0,0,3,slightly_injured
2020,7,Wed,4,52.50682902,13.29275839,afternoon,15,daylight,0,wet,1,0,3,1,1,0,0,0,0,3,slightly_injured
2020,7,Mon,2,52.50714312,13.37902606,afternoon,16,daylight,0,dry,0,6,4,1,0,1,0,0,0,3,slightly_injured
2020,7,Tue,3,52.52895081,13.37997365,morning,10,daylight,0,dry,0,5,3,1,0,0,0,0,0,2,seriously_injured
2020,7,Fri,6,52.51207007,13.26762253,afternoon,15,daylight,0,wet,1,2,6,0,1,0,1,0,0,3,slightly_injured
2020,7,Mon,2,52.51802896,13.32322272,afternoon,16,daylight,0,dry,0,5,3,1,0,0,0,0,0,3,slightly_injured
2020,7,Mon,2,52.47438516,13.29048587,morning,9,daylight,0,dry,0,1,5,1,1,0,0,0,0,3,slightly_injured
2020,7,Fri,6,52.45236214,13.44779589,afternoon,13,daylight,0,dry,0,1,5,1,0,0,1,0,0,3,slightly_injured
2020,7,Thu,5,52.44966106,13.36680238,morning,10,daylight,0,dry,0,5,2,0,1,0,0,0,1,2,seriously_injured
2020,7,Mon,2,52.50324766,13.49165416,afternoon,16,daylight,0,dry,0,5,2,1,1,0,0,0,0,3,slightly_injured
2020,7,Wed,4,52.52849592,13.26979578,afternoon,14,daylight,0,wet,1,0,7,0,0,0,1,0,0,3,slightly_injured
2020,7,Wed,4,52.55634855,13.42914799,morning,11,daylight,0,wet,1,5,2,0,1,0,0,0,0,3,slightly_injured
2020,7,Mon,2,52.56393724,13.36700693,afternoon,15,daylight,0,dry,0,6,4,0,1,1,0,0,0,2,seriously_injured
2020,7,Tue,3,52.52396031,13.41695125,evening,23,dark,2,dry,0,0,1,0,0,0,0,0,1,2,seriously_injured
2020,7,Fri,6,52.52269367,13.38025202,afternoon,14,daylight,0,wet,1,1,6,1,1,0,0,0,0,3,slightly_injured
2020,7,Wed,4,52.42393194,13.39737635,afternoon,14,daylight,0,wet,1,5,2,0,1,0,0,0,0,3,slightly_injured
2020,7,Mon,2,52.45297284,13.39270705,afternoon,15,daylight,0,dry,0,5,7,0,1,0,0,0,0,3,slightly_injured
2020,7,Tue,3,52.51793608,13.44905162,morning,8,daylight,0,dry,0,0,7,1,0,0,0,0,0,3,slightly_injured
2020,7,Fri,6,52.51559715,13.59306224,afternoon,14,daylight,0,wet,1,6,4,0,1,1,0,0,0,3,slightly_injured
2020,7,Mon,2,52.46263842,13.42203925,afternoon,14,daylight,0,dry,0,0,3,0,1,0,1,0,0,3,slightly_injured
2020,7,Mon,2,52.55302052,13.38800515,morning,8,daylight,0,dry,0,5,5,0,1,0,1,0,0,2,seriously_injured
2020,7,Fri,6,52.50514972,13.34081726,afternoon,13,daylight,0,wet,1,2,6,0,1,0,0,0,0,3,slightly_injured
2020,7,Thu,5,52.50869925,13.39208425,morning,9,daylight,0,dry,0,0,1,0,0,0,0,0,1,2,seriously_injured
2020,7,Mon,2,52.56851007,13.5205921,morning,11,daylight,0,dry,0,5,2,0,1,0,0,0,0,3,slightly_injured
2020,7,Mon,2,52.47492229,13.47364265,afternoon,16,daylight,0,dry,0,3,6,1,0,0,0,0,1,3,slightly_injured
2020,7,Wed,4,52.54423775,13.33346705,morning,11,daylight,0,dry,0,0,6,0,1,0,1,0,0,3,slightly_injured
2020,7,Wed,4,52.55114584,13.186836,night,5,dusk,1,dry,0,5,3,0,1,0,1,0,0,2,seriously_injured
2020,7,Mon,2,52.50587107,13.30876598,morning,11,daylight,0,dry,0,0,7,0,1,0,1,0,0,3,slightly_injured
2020,7,Tue,3,52.43962333,13.55280552,evening,18,daylight,0,dry,0,6,4,0,1,1,0,0,0,3,slightly_injured
2020,7,Fri,6,52.51620936,13.51900063,afternoon,14,daylight,0,wet,1,2,6,0,1,0,0,0,0,3,slightly_injured
2020,7,Sun,1,52.50182459,13.47311874,evening,23,dark,2,dry,0,1,5,1,1,0,0,0,0,3,slightly_injured
2020,7,Thu,5,52.54162838,13.34839961,afternoon,17,daylight,0,wet,1,0,5,0,1,0,1,0,0,3,slightly_injured
2020,7,Mon,2,52.44899577,13.2944162,afternoon,14,daylight,0,dry,0,5,3,1,0,0,0,0,1,3,slightly_injured
2020,7,Wed,4,52.50687387,13.39306694,evening,23,dark,2,wet,1,5,7,0,1,0,0,0,0,3,slightly_injured
2020,7,Sun,1,52.55227228,13.15937601,evening,23,dark,2,dry,0,2,6,0,1,0,1,0,0,3,slightly_injured
2020,7,Thu,5,52.41477774,13.34807098,morning,11,daylight,0,dry,0,5,2,1,1,0,0,0,0,3,slightly_injured
2020,7,Mon,2,52.49198659,13.39275554,afternoon,13,daylight,0,dry,0,5,3,0,1,0,0,0,0,3,slightly_injured
2020,7,Mon,2,52.48557429,13.32046108,afternoon,17,daylight,0,dry,0,3,6,1,0,0,0,0,0,3,slightly_injured
2020,7,Thu,5,52.49616057,13.42106542,evening,19,daylight,0,wet,1,0,7,0,0,0,1,0,0,3,slightly_injured
2020,7,Wed,4,52.5194401,13.29754241,morning,9,daylight,0,dry,0,2,6,0,1,0,0,0,0,2,seriously_injured
2020,7,Tue,3,52.52375128,13.35679132,afternoon,15,daylight,0,dry,0,5,3,1,0,0,0,0,1,2,seriously_injured
2020,7,Mon,2,52.56090669,13.45703635,morning,10,daylight,0,dry,0,0,4,0,0,1,0,0,1,3,slightly_injured
2020,7,Tue,3,52.54064797,13.23218252,afternoon,17,daylight,0,dry,0,5,2,0,1,0,0,1,0,3,slightly_injured
2020,7,Fri,6,52.53328623,13.60946941,morning,11,daylight,0,dry,0,6,7,0,1,1,0,0,0,3,slightly_injured
2020,7,Sun,1,52.49025034,13.31429389,evening,22,dark,2,dry,0,5,2,1,1,0,0,0,0,3,slightly_injured
2020,7,Thu,5,52.55541045,13.3916918,afternoon,15,daylight,0,wet,1,0,6,0,0,0,1,0,1,3,slightly_injured
2020,7,Mon,2,52.434626,13.34229541,morning,10,daylight,0,dry,0,1,5,0,1,0,0,0,0,3,slightly_injured
2020,7,Wed,4,52.48935133,13.37670923,evening,18,daylight,0,dry,0,5,2,1,1,0,0,0,0,3,slightly_injured
2020,7,Wed,4,52.50608118,13.31885153,afternoon,16,daylight,0,wet,1,6,4,1,0,1,0,0,0,3,slightly_injured
2020,7,Mon,2,52.47990749,13.43663126,morning,9,daylight,0,dry,0,5,2,1,1,0,0,0,0,3,slightly_injured
2020,7,Tue,3,52.5756843,13.326803,morning,11,daylight,0,dry,0,5,3,0,1,0,0,0,0,3,slightly_injured
2020,7,Fri,6,52.51926174,13.29975654,morning,11,daylight,0,wet,1,2,6,0,1,0,1,0,0,3,slightly_injured