ujahr,umonat,weekday,uwochentag,long,lat,time_of_day,ustunde,light_condition,ulichtverh,street_condition,ustrzustand,uart,utyp1,ist_rad,ist_pkw,ist_fuss,ist_krad,ist_gkfz,ist_sonstige,ukategorie,accident_outcome
2020,7,Wed,4,52.50981283,13.51877665,morning,11,daylight,0,wet,1,2,6,0,1,0,0,0,0,3,slightly_injured
2020,7,Fri,6,52.43619309,13.34560976,morning,9,daylight,0,wet,1,6,2,0,0,1,0,0,1,3,slightly_injured
2020,7,Wed,4,52.44980986,13.33755927,evening,21,daylight,0,dry,0,0,1,0,1,0,0,0,0,3,slightly_injured
2020,7,Tue,3,52.53136238,13.38686199,afternoon,14,daylight,0,dry,0,3,2,1,1,0,0,0,0,3,slightly_injured
2020,7,Fri,6,52.55576027,13.38404547,morning,9,daylight,0,wet,1,5,3,0,1,0,0,0,0,3,slightly_injured
2020,7,Mon,2,52.46527743,13.43871233,morning,9,daylight,0,dry,0,5,3,0,1,0,0,0,0,3,slightly_injured
2020,7,Mon,2,52.50007598,13.32502017,evening,22,dark,2,dry,0,5,3,1,1,0,0,0,0,3,slightly_injured
2020,7,Fri,6,52.59130141,13.28660397,morning,8,daylight,0,wet,1,5,3,1,1,0,0,0,0,3,slightly_injured
2020,7,Thu,5,52.4534287,13.51822032,afternoon,13,daylight,0,wet,1,2,6,0,1,0,1,0,0,2,seriously_injured
2020,7,Mon,2,52.47099896,13.45225499,morning,8,daylight,0,dry,0,5,3,0,1,0,1,0,0,3,slightly_injured
2020,7,Wed,4,52.4953183,13.32388395,afternoon,17,daylight,0,dry,0,5,2,1,1,0,0,0,0,3,slightly_injured
2020,7,Wed,4,52.45478503,13.47807671,afternoon,15,daylight,0,wet,1,5,2,0,1,0,0,0,1,3,slightly_injured
2020,7,Mon,2,52.54535531,13.42085781,afternoon,13,daylight,0,dry,0,5,7,1,1,0,0,0,0,3,slightly_injured
2020,7,Tue,3,52.44237798,13.33189397,morning,9,daylight,0,dry,0,2,6,1,1,0,0,0,0,3,slightly_injured
2020,7,Fri,6,52.48262112,13.3451951,morning,8,daylight,0,wet,1,5,3,1,1,0,0,0,0,3,slightly_injured
2020,7,Mon,2,52.52775416,13.45204199,afternoon,13,daylight,0,dry,0,0,1,1,0,0,0,0,0,3,slightly_injured
2020,7,Mon,2,52.49229026,13.2904628,morning,8,daylight,0,dry,0,5,7,1,1,0,0,0,0,3,slightly_injured
2020,7,Fri,6,52.3885804,13.38886073,morning,8,daylight,0,wet,1,5,3,1,1,0,0,0,0,3,slightly_injured
2020,7,Thu,5,52.5632155,13.45193375,night,4,dusk,1,dry,0,1,7,0,1,0,0,0,0,3,slightly_injured
2020,7,Mon,2,52.45348669,13.63520247,afternoon,12,daylight,0,dry,0,1,5,1,1,0,0,0,0,3,slightly_injured
2020,7,Mon,2,52.53982238,13.53974611,afternoon,12,daylight,0,dry,0,5,3,0,1,0,0,0,0,3,slightly_injured
2020,7,Mon,2,52.52710946,13.3433402,morning,10,daylight,0,dry,0,0,6,1,1,0,0,0,0,3,slightly_injured
2020,7,Fri,6,52.55483221,13.4416345,morning,6,daylight,0,wet,1,0,7,0,1,0,1,0,0,2,seriously_injured
2020,7,Thu,5,52.47156097,13.50624805,morning,11,daylight,0,dry,0,3,6,0,1,0,0,1,0,3,slightly_injured
2020,7,Mon,2,52.49228588,13.33900603,morning,8,daylight,0,dry,0,5,2,1,1,0,0,0,0,3,slightly_injured
2020,7,Wed,4,52.51545505,13.42881853,afternoon,15,daylight,0,dry,0,5,3,1,1,0,0,0,0,3,slightly_injured
2020,7,Wed,4,52.40689402,13.68753721,afternoon,12,daylight,0,dry,0,4,6,0,1,0,0,0,0,2,seriously_injured
2020,7,Mon,2,52.5213563,13.40303256,morning,7,daylight,0,wet,1,0,7,0,0,0,1,0,0,3,slightly_injured
2020,7,Tue,3,52.45133217,13.48845687,morning,7,daylight,0,dry,0,5,3,1,1,0,0,0,0,3,slightly_injured
2020,7,Fri,6,52.54132577,13.40816453,night,5,daylight,0,wet,1,2,1,0,1,0,0,0,0,3,slightly_injured
2020,7,Mon,2,52.53896399,13.23670547,morning,7,daylight,0,dry,0,5,2,1,0,0,0,1,0,3,slightly_injured
2020,7,Mon,2,52.52965436,13.40108467,night,0,dark,2,dry,0,6,2,0,1,1,0,0,0,3,slightly_injured
2020,7,Thu,5,52.49060229,13.32305315,afternoon,17,daylight,0,dry,0,5,5,1,1,0,0,0,0,3,slightly_injured
2020,7,Thu,5,52.57543414,13.2136077,morning,7,daylight,0,dry,0,5,3,0,1,0,1,0,0,3,slightly_injured
2020,7,Wed,4,52.50693782,13.56160615,morning,10,daylight,0,dry,0,2,6,0,1,0,0,0,0,3,slightly_injured
2020,7,Tue,3,52.46413044,13.51068384,afternoon,15,daylight,0,dry,0,2,6,0,1,0,0,0,0,3,slightly_injured
2020,7,Wed,4,52.53503865,13.19960811,afternoon,14,daylight,0,dry,0,2,6,0,1,0,0,0,0,3,slightly_injured
2020,7,Wed,4,52.47069823,13.51196312,morning,9,daylight,0,wet,1,5,3,1,1,0,0,0,0,3,slightly_injured
2020,7,Mon,2,52.49895473,13.39549612,morning,7,daylight,0,dry,0,5,3,1,1,0,0,0,0,3,slightly_injured
2020,7,Tue,3,52.50777073,13.47178656,evening,21,dusk,1,dry,0,2,6,1,1,0,0,0,0,3,slightly_injured
2020,7,Thu,5,52.48073371,13.43866264,afternoon,16,daylight,0,wet,1,5,3,1,1,0,0,0,0,2,seriously_injured
2020,7,Sun,1,52.48420444,13.42463617,afternoon,16,daylight,0,dry,0,0,5,0,1,0,1,0,0,3,slightly_injured
2020,7,Thu,5,52.59511901,13.28537693,evening,18,daylight,0,wet,1,2,6,0,1,0,0,0,1,3,slightly_injured
2020,7,Mon,2,52.41227499,13.26034477,night,5,daylight,0,dry,0,5,3,0,1,0,0,0,0,3,slightly_injured
2020,7,Mon,2,52.49805583,13.29701059,afternoon,17,daylight,0,dry,0,5,7,0,1,0,1,0,0,3,slightly_injured
2020,7,Mon,2,52.4894377,13.34905018,afternoon,16,daylight,0,dry,0,5,2,0,1,0,0,0,0,2,seriously_injured
2020,7,Wed,4,52.51081429,13.32319141,afternoon,15,daylight,0,dry,0,6,2,0,1,1,0,0,0,3,slightly_injured
2020,7,Mon,2,52.42579589,13.47217229,afternoon,16,daylight,0,dry,0,3,6,1,1,0,0,0,0,3,slightly_injured
2020,7,Wed,4,52.50695433,13.39428164,night,5,daylight,0,dry,0,0,1,0,0,0,1,0,0,3,slightly_injured
2020,7,Tue,3,52.45430952,13.29923336,afternoon,15,daylight,0,dry,0,2,6,0,1,0,0,0,0,3,slightly_injured
2020,7,Sun,1,52.49810419,13.29737255,evening,22,dark,2,wet,1,0,7,0,1,0,1,0,0,3,slightly_injured
2020,7,Mon,2,52.50631675,13.42733065,afternoon,15,daylight,0,dry,0,4,6,1,0,0,0,0,0,3,slightly_injured
2020,7,Thu,5,52.51827734,13.3041531,afternoon,14,daylight,0,wet,1,0,1,1,0,0,0,0,0,3,slightly_injured
2020,7,Thu,5,52.5385247,13.24773708,afternoon,15,daylight,0,wet,1,0,1,0,0,0,1,0,0,3,slightly_injured
2020,7,Sun,1,52.44618588,13.3590367,evening,20,daylight,0,dry,0,0,1,0,0,0,1,0,0,2,seriously_injured
2020,7,Tue,3,52.54361939,13.4237089,afternoon,16,daylight,0,dry,0,3,6,1,0,0,0,0,1,3,slightly_injured
2020,7,Fri,6,52.5005012,13.33015186,evening,18,daylight,0,dry,0,3,5,1,1,0,0,0,0,3,slightly_injured
2020,7,Fri,6,52.52443995,13.46471375,morning,10,daylight,0,dry,0,5,2,1,1,0,0,0,0,3,slightly_injured
2020,7,Fri,6,52.54932378,13.22059394,evening,20,dusk,1,dry,0,0,6,0,1,0,1,0,0,3,slightly_injured
2020,7,Mon,2,52.51570736,13.39029632,afternoon,12,daylight,0,dry,0,5,5,1,1,0,0,0,0,3,slightly_injured
2020,7,Fri,6,52.43802211,13.34440747,morning,9,daylight,0,dry,0,0,4,0,0,1,0,0,1,3,slightly_injured
2020,7,Sun,1,52.45674661,13.44385845,evening,18,daylight,0,wet,1,5,3,1,1,0,0,0,0,3,slightly_injured
2020,7,Sun,1,52.45970969,13.31259629,evening,18,daylight,0,dry,0,1,6,1,1,0,0,0,1,3,slightly_injured
2020,7,Fri,6,52.56429162,13.37349981,morning,9,daylight,0,dry,0,5,2,1,1,0,0,0,0,3,slightly_injured
2020,7,Wed,4,52.52146331,13.55622098,morning,8,daylight,0,dry,0,0,5,0,1,0,0,0,0,3,slightly_injured
2020,7,Sat,7,52.51345316,13.29706524,afternoon,17,daylight,0,dry,0,5,3,1,1,0,0,0,0,3,slightly_injured
2020,7,Fri,6,52.47157156,13.38448334,morning,8,daylight,0,dry,0,5,2,1,1,0,0,0,0,3,slightly_injured
2020,7,Tue,3,52.5531425,13.1796475,morning,11,daylight,0,dry,0,5,2,0,1,0,1,0,0,3,slightly_injured
2020,7,Fri,6,52.4853926,13.42908489,afternoon,14,daylight,0,dry,0,2,7,0,0,0,1,0,1,3,slightly_injured
2020,7,Fri,6,52.52349643,13.43673371,night,0,dark,2,dry,0,0,2,1,0,0,0,0,1,3,slightly_injured
2020,7,Mon,2,52.4817121,13.44024833,morning,11,daylight,0,dry,0,0,2,1,0,0,0,0,1,3,slightly_injured
2020,7,Thu,5,52.44707369,13.35349298,afternoon,17,daylight,0,dry,0,2,6,0,1,0,0,0,0,3,slightly_injured
2020,7,Thu,5,52.44449194,13.57498327,morning,6,daylight,0,wet,1,0,3,1,0,0,0,0,0,2,seriously_injured
2020,7,Sun,1,52.45467561,13.57631661,evening,20,dusk,1,wet,1,0,1,0,0,0,1,0,0,3,slightly_injured
2020,7,Sat,7,52.53799833,13.32625577,evening,20,daylight,0,dry,0,3,6,0,1,0,0,0,0,3,slightly_injured
2020,7,Tue,3,52.49929709,13.43028689,afternoon,13,daylight,0,dry,0,5,2,0,0,0,1,0,1,3,slightly_injured
2020,7,Thu,5,52.5366802,13.40774237,evening,18,daylight,0,dry,0,6,4,0,1,1,0,0,0,2,seriously_injured
2020,7,Sun,1,52.52584907,13.33925836,afternoon,13,daylight,0,wet,1,0,2,1,1,0,0,0,0,3,slightly_injured
2020,7,Sun,1,52.54129422,13.49359304,afternoon,17,daylight,0,dry,0,5,3,1,1,0,0,0,0,3,slightly_injured
2020,7,Tue,3,52.58269005,13.28993886,afternoon,12,daylight,0,dry,0,2,6,0,1,0,0,0,0,3,slightly_injured
2020,7,Sat,7,52.43131944,13.18551031,afternoon,13,daylight,0,dry,0,3,6,1,0,0,0,0,0,2,seriously_injured
2020,7,Thu,5,52.54262707,13.17086764,afternoon,16,daylight,0,dry,0,1,5,1,1,0,0,0,0,3,slightly_injured
2020,7,Tue,3,52.54286146,13.19868104,morning,10,daylight,0,dry,0,5,3,0,1,0,1,0,0,2,seriously_injured
2020,7,Fri,6,52.55542001,13.38809411,night,2,dark,2,dry,0,1,5,0,1,0,0,0,0,3,slightly_injured
2020,7,Thu,5,52.46753986,13.44133366,afternoon,12,daylight,0,dry,0,2,7,0,1,0,0,0,1,3,slightly_injured
2020,7,Mon,2,52.50997128,13.38420998,afternoon,16,daylight,0,wet,1,5,2,1,1,0,0,0,0,3,slightly_injured
2020,7,Thu,5,52.44681433,13.4019875,afternoon,16,daylight,0,dry,0,2,2,1,1,0,0,0,0,3,slightly_injured
2020,7,Wed,4,52.53730643,13.36029855,evening,20,daylight,0,dry,0,5,2,0,1,0,0,0,0,3,slightly_injured
2020,7,Sun,1,52.47166688,13.33532344,evening,18,daylight,0,wet,1,3,6,0,0,0,1,0,1,3,slightly_injured
2020,7,Sat,7,52.4737862,13.45602066,afternoon,17,daylight,0,dry,0,5,3,1,1,0,0,0,0,3,slightly_injured
2020,7,Tue,3,52.5524052,13.38148209,evening,19,daylight,0,dry,0,5,2,1,1,0,0,0,0,3,slightly_injured
2020,7,Fri,6,52.54844115,13.44463306,evening,18,daylight,0,dry,0,4,6,1,0,0,0,0,0,2,seriously_injured
2020,7,Thu,5,52.50446805,13.40465802,afternoon,12,daylight,0,wet,1,2,6,0,1,0,0,0,0,3,slightly_injured
2020,7,Fri,6,52.4839475,13.43951964,evening,20,daylight,0,dry,0,5,3,0,1,0,1,0,0,3,slightly_injured
2020,7,Tue,3,52.44748231,13.57552526,morning,7,daylight,0,dry,0,5,3,1,1,0,0,0,0,3,slightly_injured
2020,7,Fri,6,52.49821581,13.42988888,afternoon,13,daylight,0,dry,0,5,3,1,1,0,0,0,0,3,slightly_injured
2020,7,Thu,5,52.43002618,13.32695502,afternoon,15,daylight,0,wet,1,1,5,1,1,0,0,0,0,3,slightly_injured
2020,7,Sat,7,52.52584343,13.5198472,morning,10,daylight,0,dry,0,5,2,1,1,0,0,0,0,3,slightly_injured
2020,7,Thu,5,52.54987477,13.44620807,afternoon,15,daylight,0,dry,0,6,4,0,1,1,0,0,0,3,slightly_injured
2020,7,Tue,3,52.52570149,13.53307461,afternoon,15,daylight,0,dry,0,5,2,1,1,0,0,0,0,3,slightly_injured
2020,7,Fri,6,52.45073036,13.13230243,evening,21,dark,2,dry,0,0,7,1,0,0,0,0,0,2,seriously_injured
2020,7,Thu,5,52.51271422,13.45771902,afternoon,14,daylight,0,dry,0,5,3,1,0,0,0,0,1,3,slightly_injured
2020,7,Mon,2,52.55786985,13.54879143,afternoon,14,daylight,0,dry,0,0,2,0,1,0,1,0,0,3,slightly_injured
2020,7,Wed,4,52.50330292,13.33960903,evening,18,daylight,0,dry,0,1,5,1,1,0,0,0,0,2,seriously_injured
2020,7,Sat,7,52.51413556,13.45356431,evening,22,dark,2,dry,0,0,1,0,0,0,1,0,0,3,slightly_injured
2020,7,Sat,7,52.54759755,13.57757095,morning,11,daylight,0,dry,0,5,2,0,1,0,0,0,1,3,slightly_injured
2020,7,Tue,3,52.53443974,13.50345882,evening,18,daylight,0,dry,0,0,1,1,0,0,0,0,0,2,seriously_injured
2020,7,Fri,6,52.47870839,13.3295434,afternoon,15,daylight,0,dry,0,1,5,1,1,0,0,0,0,3,slightly_injured
2020,7,Thu,5,52.4522039,13.42329063,afternoon,14,daylight,0,dry,0,5,2,0,1,0,1,0,0,3,slightly_injured
2020,7,Fri,6,52.50243397,13.38271311,morning,7,daylight,0,dry,0,4,6,1,0,0,0,0,0,3,slightly_injured
2020,7,Mon,2,52.48398678,13.43568609,afternoon,17,daylight,0,dry,0,1,5,1,1,0,0,0,0,3,slightly_injured
2020,7,Fri,6,52.54345911,13.44120406,night,3,dark,2,wet,1,0,1,1,0,0,0,0,0,3,slightly_injured
2020,7,Sun,1,52.47474188,13.59994663,evening,21,dark,2,wet,1,5,2,1,1,0,0,0,0,3,slightly_injured
2020,7,Sun,1,52.43275134,13.4811765,night,3,dark,2,dry,0,1,5,1,1,0,0,0,0,3,slightly_injured
2020,7,Thu,5,52.51800399,13.45057923,afternoon,14,daylight,0,dry,0,5,3,1,1,0,0,0,0,3,slightly_injured
2020,7,Wed,4,52.48822698,13.39442588,morning,10,daylight,0,dry,0,5,2,1,1,0,0,0,0,3,slightly_injured
2020,7,Sat,7,52.42867995,13.22482163,evening,18,daylight,0,dry,0,5,3,1,1,0,0,0,0,3,slightly_injured
2020,7,Mon,2,52.53810539,13.24687654,afternoon,13,daylight,0,dry,0,2,6,0,1,0,0,1,0,3,slightly_injured
2020,7,Sun,1,52.50071009,13.42759646,night,1,dark,2,wet,1,1,5,0,1,0,0,0,0,3,slightly_injured
2020,7,Wed,4,52.47770392,13.45029192,afternoon,16,daylight,0,dry,0,1,7,0,1,0,0,0,0,3,slightly_injured
2020,7,Sat,7,52.49919317,13.48076713,evening,19,daylight,0,dry,0,5,2,1,1,0,0,0,0,3,slightly_injured
2020,7,Tue,3,52.5540919,13.52193729,afternoon,17,daylight,0,dry,0,5,3,1,1,0,0,0,0,3,slightly_injured
2020,7,Fri,6,52.55688756,13.36653605,afternoon,16,daylight,0,dry,0,1,5,1,1,0,0,0,0,3,slightly_injured
2020,7,Thu,5,52.52544641,13.44190616,afternoon,13,daylight,0,wet,1,0,1,1,0,0,0,0,0,2,seriously_injured
2020,7,Fri,6,52.58732752,13.40169972,afternoon,14,daylight,0,wet,1,6,2,0,1,1,0,0,0,2,seriously_injured
2020,7,Mon,2,52.50472581,13.58147966,afternoon,12,daylight,0,dry,0,0,7,1,0,0,0,0,0,2,seriously_injured
2020,7,Thu,5,52.53952018,13.33024443,afternoon,16,daylight,0,dry,0,0,1,1,0,0,0,0,0,3,slightly_injured
2020,7,Sun,1,52.49651794,13.34625478,afternoon,16,daylight,0,dry,0,3,6,0,1,0,0,0,0,3,slightly_injured
2020,7,Sun,1,52.43542646,13.19851593,evening,18,daylight,0,dry,0,5,7,1,1,0,0,0,0,2,seriously_injured
2020,7,Thu,5,52.54703112,13.40541685,afternoon,13,daylight,0,dry,0,0,3,1,1,0,0,0,0,3,slightly_injured
2020,7,Wed,4,52.5313795,13.38628842,morning,6,daylight,0,dry,0,2,6,0,0,0,0,0,1,3,slightly_injured
2020,7,Sat,7,52.56658555,13.36263953,afternoon,16,daylight,0,dry,0,0,3,1,1,0,0,0,0,3,slightly_injured
2020,7,Thu,5,52.52627483,13.37897612,afternoon,13,daylight,0,dry,0,6,4,1,0,1,0,0,0,3,slightly_injured
2020,7,Tue,3,52.43435055,13.45605848,morning,10,daylight,0,dry,0,2,6,0,1,0,1,0,0,3,slightly_injured
2020,7,Fri,6,52.54210253,13.33647346,afternoon,13,daylight,0,dry,0,2,2,0,1,0,1,0,1,3,slightly_injured
2020,7,Thu,5,52.44302433,13.58051288,afternoon,13,daylight,0,dry,0,2,6,0,0,0,1,0,1,3,slightly_injured
2020,7,Thu,5,52.50911122,13.39011363,afternoon,12,daylight,0,dry,0,1,5,1,0,0,0,1,0,3,slightly_injured
2020,7,Tue,3,52.50554092,13.3521279,afternoon,12,daylight,0,dry,0,5,3,0,1,0,1,0,0,3,slightly_injured
2020,7,Fri,6,52.57342171,13.34295592,afternoon,15,daylight,0,dry,0,5,5,0,1,0,1,0,0,2,seriously_injured
2020,7,Thu,5,52.53183989,13.39059421,morning,11,daylight,0,wet,1,0,6,1,0,0,1,0,0,3,slightly_injured
2020,7,Mon,2,52.44676274,13.38469551,afternoon,16,daylight,0,dry,0,6,7,0,1,1,0,0,0,3,slightly_injured
2020,7,Thu,5,52.42969813,13.2239487,evening,19,daylight,0,dry,0,5,2,1,1,0,0,0,0,2,seriously_injured
2020,7,Thu,5,52.4254689,13.43533027,evening,18,daylight,0,dry,0,5,3,1,1,0,0,0,0,3,slightly_injured
2020,7,Thu,5,52.52896008,13.40171806,afternoon,14,daylight,0,dry,0,2,7,1,1,0,0,0,0,3,slightly_injured
2020,7,Sun,1,52.54746128,13.4522531,morning,10,daylight,0,dry,0,1,7,0,1,0,0,0,0,3,slightly_injured
2020,7,Sun,1,52.55374168,13.30523515,afternoon,13,daylight,0,dry,0,2,6,1,0,0,0,0,0,3,slightly_injured
2020,7,Tue,3,52.4363541,13.25799444,afternoon,14,daylight,0,dry,0,2,6,0,1,0,0,0,0,3,slightly_injured
2020,7,Sat,7,52.46850021,13.37047452,afternoon,12,daylight,0,dry,0,3,6,1,1,0,0,0,0,2,seriously_injured
2020,7,Thu,5,52.4777929,13.44809993,morning,11,daylight,0,dry,0,5,2,0,0,0,0,0,1,2,seriously_injured
2020,7,Tue,3,52.43221988,13.59598177,morning,9,daylight,0,dry,0,5,3,0,1,0,0,0,0,3,slightly_injured
2020,7,Fri,6,52.50608487,13.44935494,night,1,dark,2,dry,0,0,1,1,0,0,0,0,0,3,slightly_injured
2020,7,Thu,5,52.50043221,13.34986784,morning,11,daylight,0,dry,0,5,7,0,1,0,0,0,0,3,slightly_injured
2020,7,Mon,2,52.42248575,13.53525036,afternoon,15,daylight,0,dry,0,1,5,1,1,0,0,0,0,3,slightly_injured
2020,7,Thu,5,52.52634284,13.34370609,afternoon,15,daylight,0,dry,0,3,6,1,0,0,0,0,0,2,seriously_injured
2020,7,Wed,4,52.44399142,13.4337774,evening,19,daylight,0,dry,0,2,6,0,1,0,0,0,0,3,slightly_injured
2020,7,Sat,7,52.50010795,13.42299377,evening,19,daylight,0,dry,0,2,6,0,1,0,0,0,0,3,slightly_injured
2020,7,Sat,7,52.41820189,13.14774305,afternoon,14,daylight,0,dry,0,0,2,1,1,0,0,0,0,3,slightly_injured
2020,7,Mon,2,52.56877669,13.54952372,morning,8,daylight,0,dry,0,2,2,0,1,0,0,0,1,3,slightly_injured
2020,7,Thu,5,52.57024381,13.43771374,afternoon,16,daylight,0,dry,0,2,6,0,1,0,0,0,1,3,slightly_injured
2020,7,Wed,4,52.50107765,13.34627672,evening,20,dusk,1,dry,0,5,2,0,1,0,0,0,0,3,slightly_injured
2020,7,Sun,1,52.41040889,13.26715351,evening,19,daylight,0,wet,1,0,7,0,0,0,1,0,0,3,slightly_injured
2020,7,Sat,7,52.5001397,13.44398272,evening,20,daylight,0,dry,0,5,3,1,0,0,0,0,1,2,seriously_injured
2020,7,Tue,3,52.49306899,13.38753981,evening,23,dark,2,dry,0,6,4,1,0,1,0,0,0,3,slightly_injured
2020,7,Sat,7,52.45271588,13.33087084,night,4,dark,2,dry,0,1,5,0,1,0,1,0,0,3,slightly_injured
2020,7,Thu,5,52.56495,13.32423092,morning,11,daylight,0,dry,0,5,2,1,1,0,0,0,0,2,seriously_injured
2020,7,Tue,3,52.53121681,13.19697551,morning,8,daylight,0,dry,0,6,4,1,0,1,0,0,0,3,slightly_injured
2020,7,Fri,6,52.50601269,13.31766225,evening,20,dusk,1,dry,0,0,1,0,0,0,0,0,1,2,seriously_injured
2020,7,Thu,5,52.46310382,13.3276139,morning,11,daylight,0,wet,1,4,6,1,1,0,0,0,0,3,slightly_injured
2020,7,Mon,2,52.49882551,13.34606956,afternoon,13,daylight,0,dry,0,5,3,0,1,0,1,0,0,3,slightly_injured
2020,7,Mon,2,52.45424406,13.46098489,afternoon,12,daylight,0,dry,0,3,2,0,1,0,0,1,0,3,slightly_injured
2020,7,Wed,4,52.47346335,13.43849825,afternoon,17,daylight,0,dry,0,0,1,1,0,0,0,0,0,3,slightly_injured
2020,7,Sat,7,52.5929005,13.4547224,evening,19,daylight,0,dry,0,2,7,0,1,0,0,0,0,3,slightly_injured
2020,7,Tue,3,52.53584868,13.35719326,evening,18,daylight,0,dry,0,0,6,1,1,0,0,0,0,3,slightly_injured
2020,7,Fri,6,52.53646191,13.37979846,evening,18,daylight,0,dry,0,0,7,1,1,0,0,0,0,3,slightly_injured
2020,7,Thu,5,52.49692972,13.29012946,morning,11,daylight,0,icy,2,5,3,1,0,0,0,0,1,3,slightly_injured
2020,7,Fri,6,52.54658806,13.35933161,night,5,daylight,0,dry,0,6,4,1,0,1,0,0,0,2,seriously_injured
2020,7,Tue,3,52.49825435,13.44717951,evening,19,daylight,0,dry,0,0,7,0,1,0,1,0,0,3,slightly_injured
2020,7,Fri,6,52.42362299,13.45401586,afternoon,13,daylight,0,dry,0,2,6,0,1,0,0,0,0,3,slightly_injured
2020,7,Thu,5,52.4378759,13.34451695,morning,10,daylight,0,dry,0,0,6,0,1,0,0,0,1,2,seriously_injured
2020,7,Fri,6,52.48131515,13.424944,afternoon,15,daylight,0,dry,0,6,4,1,0,1,0,0,0,3,slightly_injured
2020,7,Tue,3,52.52670818,13.41572271,morning,6,daylight,0,dry,0,6,2,0,1,1,0,0,0,2,seriously_injured
2020,7,Fri,6,52.41988887,13.31389536,afternoon,12,daylight,0,dry,0,5,7,0,1,0,1,0,0,2,seriously_injured
2020,7,Sun,1,52.51401865,13.31762764,evening,21,dark,2,dry,0,5,3,0,1,0,0,0,0,2,seriously_injured
2020,7,Sun,1,52.52497842,13.55699193,morning,11,daylight,0,dry,0,6,4,0,1,1,0,0,0,3,slightly_injured
2020,7,Sat,7,52.56925845,13.32990627,morning,11,daylight,0,dry,0,5,2,0,1,0,1,0,0,3,slightly_injured
2020,7,Wed,4,52.56133872,13.32549527,afternoon,14,daylight,0,dry,0,3,6,0,1,0,0,1,0,3,slightly_injured
2020,7,Sat,7,52.55108907,13.42335339,evening,19,daylight,0,dry,0,6,4,1,0,1,0,0,0,3,slightly_injured
2020,7,Tue,3,52.59135117,13.44079234,afternoon,16,daylight,0,dry,0,5,3,0,1,0,1,0,0,2,seriously_injured
2020,7,Fri,6,52.42519526,13.44217221,afternoon,16,daylight,0,dry,0,2,6,0,1,0,0,0,0,3,slightly_injured
2020,7,Thu,5,52.4689854,13.33251376,morning,8,daylight,0,dry,0,5,2,0,1,0,0,0,0,3,slightly_injured
2020,7,Fri,6,52.46114451,13.47263875,afternoon,17,daylight,0,dry,0,5,3,0,1,0,0,0,1,3,slightly_injured
2020,7,Mon,2,52.55547255,13.38744042,afternoon,16,daylight,0,wet,1,1,7,1,1,1,0,0,0,3,slightly_injured
2020,7,Thu,5,52.49929129,13.43034003,evening,23,dark,2,dry,0,5,2,1,1,0,0,0,0,3,slightly_injured
2020,7,Sat,7,52.57307776,13.36733058,night,3,dark,2,dry,0,1,7,0,1,0,0,0,0,3,slightly_injured
2020,7,Sun,1,52.42879506,13.52668493,afternoon,14,daylight,0,dry,0,5,2,0,1,0,0,0,0,3,slightly_injured
2020,7,Sun,1,52.49494898,13.4388787,afternoon,17,daylight,0,dry,0,5,2,1,1,0,0,0,0,3,slightly_injured
2020,7,Mon,2,52.57574763,13.32328886,afternoon,12,daylight,0,dry,0,0,1,1,0,0,0,0,0,3,slightly_injured
2020,7,Fri,6,52.48038805,13.31283484,morning,10,daylight,0,dry,0,2,2,0,1,0,0,0,0,3,slightly_injured
2020,7,Sat,7,52.57552139,13.29166042,morning,9,daylight,0,dry,0,5,7,0,1,0,1,0,0,3,slightly_injured
2020,7,Sun,1,52.46714797,13.3158548,evening,18,daylight,0,dry,0,6,7,0,1,1,0,0,0,3,slightly_injured
2020,7,Sun,1,52.44677975,13.61644516,evening,18,daylight,0,wet,1,0,1,1,0,0,0,0,0,3,slightly_injured
2020,7,Thu,5,52.51894026,13.33985635,morning,8,daylight,0,dry,0,5,2,1,1,0,0,0,0,3,slightly_injured
2020,7,Wed,4,52.44035426,13.58172052,morning,9,daylight,0,dry,0,5,3,1,1,0,0,0,0,3,slightly_injured
2020,7,Sat,7,52.58768353,13.32405801,afternoon,17,daylight,0,dry,0,5,3,1,1,0,0,0,0,3,slightly_injured
2020,7,Thu,5,52.5391312,13.34492045,morning,8,daylight,0,dry,0,5,2,1,0,0,0,0,1,3,slightly_injured
2020,7,Tue,3,52.50433972,13.34052105,morning,11,daylight,0,dry,0,5,3,1,1,0,0,0,0,3,slightly_injured
2020,7,Fri,6,52.48102738,13.44164748,afternoon,14,daylight,0,dry,0,2,6,0,1,0,0,0,0,3,slightly_injured
2020,7,Thu,5,52.44673157,13.55905234,morning,7,daylight,0,wet,1,0,1,0,0,0,1,0,0,3,slightly_injured
2020,7,Mon,2,52.440055,13.39645287,morning,9,daylight,0,dry,0,5,3,0,1,0,0,0,0,2,seriously_injured
2020,7,Thu,5,52.52041919,13.28618531,afternoon,17,daylight,0,dry,0,5,2,0,1,0,1,0,0,3,slightly_injured
2020,7,Sat,7,52.53956692,13.29484017,morning,8,daylight,0,dry,0,6,2,0,1,1,0,0,0,2,seriously_injured