ujahr,umonat,weekday,uwochentag,long,lat,time_of_day,ustunde,light_condition,ulichtverh,street_condition,ustrzustand,uart,utyp1,ist_rad,ist_pkw,ist_fuss,ist_krad,ist_gkfz,ist_sonstige,ukategorie,accident_outcome
2020,7,Thu,5,52.4763103,13.47631444,morning,10,daylight,0,dry,0,6,4,0,1,1,0,0,0,3,slightly_injured
2020,7,Sun,1,52.53267363,13.39887381,morning,6,daylight,0,dry,0,5,3,0,1,0,0,0,0,2,seriously_injured
2020,7,Sat,7,52.41253737,13.36156319,evening,21,dusk,1,dry,0,5,3,0,1,0,0,0,1,2,seriously_injured
2020,7,Tue,3,52.57425086,13.47011954,afternoon,12,daylight,0,dry,0,4,6,1,1,0,0,0,0,3,slightly_injured
2020,7,Sat,7,52.41053112,13.54444635,morning,10,daylight,0,dry,0,5,3,1,1,0,0,0,0,3,slightly_injured
2020,7,Thu,5,52.42904685,13.25662578,morning,7,daylight,0,wet,1,5,3,0,1,0,1,0,0,2,seriously_injured
2020,7,Tue,3,52.59457883,13.28433092,afternoon,16,daylight,0,dry,0,5,3,1,0,0,1,0,0,2,seriously_injured
2020,7,Wed,4,52.52545622,13.36585941,evening,22,dark,2,dry,0,0,1,1,0,0,0,0,0,2,seriously_injured
2020,7,Sat,7,52.56917794,13.43835985,afternoon,15,daylight,0,dry,0,3,6,1,1,0,0,0,0,2,seriously_injured
2020,7,Thu,5,52.49597073,13.35494184,morning,7,daylight,0,wet,1,1,5,1,0,0,0,1,0,3,slightly_injured
2020,7,Tue,3,52.52367558,13.41659564,morning,10,daylight,0,dry,0,5,3,1,1,0,0,0,0,3,slightly_injured
2020,7,Fri,6,52.49374045,13.44278722,night,3,dark,2,dry,0,0,7,0,1,0,0,0,0,2,seriously_injured
2020,7,Thu,5,52.49595803,13.38940923,morning,7,daylight,0,wet,1,5,2,1,1,0,0,0,0,3,slightly_injured
2020,7,Mon,2,52.53112564,13.40933667,night,1,dark,2,dry,0,0,7,1,1,0,0,0,0,3,slightly_injured
2020,7,Thu,5,52.55357167,13.41470647,afternoon,16,daylight,0,dry,0,5,2,1,1,0,0,0,0,3,slightly_injured
2020,7,Sat,7,52.50350744,13.41116737,night,5,daylight,0,dry,0,5,3,1,1,0,0,0,0,3,slightly_injured
2020,7,Wed,4,52.63131956,13.30363574,evening,20,daylight,0,dry,0,0,1,1,0,0,0,0,0,2,seriously_injured
2020,7,Sun,1,52.43060165,13.25851103,evening,19,daylight,0,wet,1,2,6,0,1,0,0,0,0,3,slightly_injured
2020,7,Sat,7,52.51229061,13.46056165,evening,18,daylight,0,dry,0,1,1,1,1,0,0,0,0,3,slightly_injured
2020,7,Tue,3,52.46174288,13.51713858,evening,20,daylight,0,dry,0,5,3,0,1,0,0,0,0,3,slightly_injured
2020,7,Sat,7,52.57199236,13.42783592,night,1,dark,2,dry,0,0,1,1,0,0,0,0,0,2,seriously_injured
2020,7,Thu,5,52.592966,13.43620696,night,5,daylight,0,wet,1,5,3,1,0,0,0,0,1,3,slightly_injured
2020,7,Fri,6,52.42248591,13.28690396,afternoon,14,daylight,0,dry,0,5,3,0,1,0,0,0,1,3,slightly_injured
2020,7,Tue,3,52.50421024,13.56168901,morning,8,daylight,0,dry,0,5,2,1,1,0,0,0,0,3,slightly_injured
2020,7,Fri,6,52.46827752,13.4308577,afternoon,13,daylight,0,dry,0,1,5,1,1,0,0,0,0,3,slightly_injured
2020,7,Thu,5,52.50412435,13.33650401,night,4,dusk,1,dry,0,9,1,0,1,0,0,0,0,3,slightly_injured
2020,7,Mon,2,52.50335443,13.3876692,afternoon,13,daylight,0,dry,0,5,7,0,1,0,1,0,0,3,slightly_injured
2020,7,Sun,1,52.47054125,13.4352296,evening,22,dark,2,dry,0,5,3,0,1,0,0,0,0,3,slightly_injured
2020,7,Fri,6,52.5129354,13.45730884,evening,21,dusk,1,dry,0,2,6,0,1,0,1,0,0,3,slightly_injured
2020,7,Thu,5,52.50636844,13.31371998,evening,22,dark,2,dry,0,6,4,1,0,1,0,0,0,3,slightly_injured
2020,7,Mon,2,52.45235849,13.50835117,afternoon,14,daylight,0,dry,0,3,6,0,1,0,1,0,0,3,slightly_injured
2020,7,Wed,4,52.50389028,13.5811402,evening,18,daylight,0,dry,0,0,7,1,0,0,0,0,0,3,slightly_injured
2020,7,Sat,7,52.49754752,13.32432262,evening,21,dusk,1,dry,0,5,7,0,1,0,0,0,0,3,slightly_injured
2020,7,Sat,7,52.51127608,13.61235551,afternoon,12,daylight,0,dry,0,0,2,1,1,0,0,0,0,3,slightly_injured
2020,7,Tue,3,52.45604786,13.62096661,evening,18,daylight,0,dry,0,5,3,0,1,0,1,0,0,3,slightly_injured
2020,7,Fri,6,52.52403297,13.42327897,evening,23,dark,2,dry,0,1,5,0,1,0,0,0,1,3,slightly_injured
2020,7,Thu,5,52.51812145,13.38043272,evening,21,dusk,1,dry,0,5,2,1,1,0,0,0,0,3,slightly_injured
2020,7,Fri,6,52.58935653,13.36986037,afternoon,16,daylight,0,wet,1,0,1,0,0,0,1,0,0,3,slightly_injured
2020,7,Tue,3,52.49265884,13.55407257,night,5,daylight,0,dry,0,5,3,0,1,0,1,0,0,3,slightly_injured
2020,7,Fri,6,52.59984189,13.25206066,morning,11,daylight,0,dry,0,5,3,1,1,0,0,0,0,3,slightly_injured
2020,7,Fri,6,52.51818463,13.2582307,morning,10,daylight,0,dry,0,5,2,0,1,0,0,0,0,3,slightly_injured
2020,7,Sun,1,52.42343216,13.59077187,evening,19,daylight,0,dry,0,0,3,0,1,0,1,0,0,3,slightly_injured
2020,7,Sun,1,52.52881049,13.40975213,morning,6,daylight,0,dry,0,3,6,1,0,0,0,0,0,3,slightly_injured
2020,7,Fri,6,52.50846676,13.40408887,afternoon,12,daylight,0,dry,0,1,5,1,1,0,0,0,0,2,seriously_injured
2020,7,Wed,4,52.51006066,13.30694354,afternoon,13,daylight,0,dry,0,2,6,1,1,0,0,0,0,3,slightly_injured
2020,7,Sat,7,52.56217902,13.35392567,evening,18,daylight,0,dry,0,5,2,1,1,0,0,0,0,3,slightly_injured
2020,7,Tue,3,52.48434586,13.29382759,afternoon,12,daylight,0,dry,0,5,3,0,1,0,0,0,0,3,slightly_injured
2020,7,Fri,6,52.52434853,13.39541493,afternoon,15,daylight,0,dry,0,5,2,1,1,0,0,0,0,3,slightly_injured
2020,7,Wed,4,52.50683587,13.34648263,afternoon,16,daylight,0,dry,0,0,1,1,0,0,0,0,0,3,slightly_injured
2020,7,Sat,7,52.53762825,13.42147221,evening,19,daylight,0,dry,0,5,3,0,1,0,0,0,0,3,slightly_injured
2020,7,Tue,3,52.48902808,13.40552904,afternoon,17,daylight,0,dry,0,5,2,1,0,0,0,0,0,3,slightly_injured
2020,7,Fri,6,52.41993568,13.48980066,afternoon,17,daylight,0,dry,0,2,3,1,1,0,0,0,0,3,slightly_injured
2020,7,Thu,5,52.54637857,13.39884256,evening,20,daylight,0,dry,0,5,3,1,1,0,0,0,0,3,slightly_injured
2020,7,Fri,6,52.42289132,13.48707803,afternoon,14,daylight,0,dry,0,5,2,0,1,0,1,0,0,2,seriously_injured
2020,7,Mon,2,52.50820337,13.41428834,evening,19,daylight,0,dry,0,2,6,1,0,0,0,0,0,2,seriously_injured
2020,7,Fri,6,52.57595771,13.31888748,morning,6,daylight,0,dry,0,5,3,1,1,0,0,0,0,3,slightly_injured
2020,7,Sun,1,52.44031987,13.43469379,afternoon,17,daylight,0,wet,1,5,2,1,1,0,0,0,0,3,slightly_injured
2020,7,Sun,1,52.43582659,13.25603205,evening,18,daylight,0,dry,0,5,3,0,1,0,1,0,0,3,slightly_injured
2020,7,Thu,5,52.51608835,13.19739839,evening,20,daylight,0,dry,0,2,7,1,0,0,0,0,0,3,slightly_injured
2020,7,Wed,4,52.50206321,13.32907522,afternoon,16,daylight,0,dry,0,0,5,1,1,0,0,0,0,3,slightly_injured
2020,7,Sat,7,52.51092519,13.37128061,afternoon,16,daylight,0,dry,0,2,6,0,1,0,0,0,1,3,slightly_injured
2020,7,Thu,5,52.60696688,13.2276091,evening,20,daylight,0,dry,0,0,7,0,1,0,0,0,1,3,slightly_injured
2020,7,Tue,3,52.58732119,13.40163534,morning,11,daylight,0,dry,0,5,3,1,1,0,0,0,0,3,slightly_injured
2020,7,Fri,6,52.42894068,13.46594855,afternoon,14,daylight,0,dry,0,5,3,1,1,0,0,0,0,3,slightly_injured
2020,7,Thu,5,52.5065879,13.30965036,evening,19,daylight,0,dry,0,2,7,1,1,0,0,0,0,3,slightly_injured
2020,7,Mon,2,52.43597667,13.54917082,morning,9,daylight,0,dry,0,3,6,1,0,0,0,0,0,2,seriously_injured
2020,7,Thu,5,52.59389135,13.3794687,afternoon,17,daylight,0,dry,0,5,3,1,0,0,0,0,0,3,slightly_injured
2020,7,Fri,6,52.5619607,13.19702166,afternoon,16,daylight,0,wet,1,0,6,0,0,0,1,0,1,3,slightly_injured
2020,7,Thu,5,52.49887787,13.3955594,morning,6,daylight,0,wet,1,0,6,0,1,0,1,0,0,3,slightly_injured
2020,7,Thu,5,52.40820888,13.26748459,evening,18,daylight,0,dry,0,5,2,1,1,0,0,0,0,3,slightly_injured
2020,7,Mon,2,52.50496945,13.34125825,morning,11,daylight,0,dry,0,5,2,1,1,0,0,0,0,3,slightly_injured
2020,7,Thu,5,52.5155419,13.28765732,afternoon,15,daylight,0,dry,0,5,2,1,0,0,0,0,1,3,slightly_injured
2020,7,Thu,5,52.49052441,13.40033947,evening,18,daylight,0,dry,0,5,3,1,1,0,0,0,0,2,seriously_injured
2020,7,Thu,5,52.53316917,13.15808909,afternoon,15,daylight,0,dry,0,2,2,0,1,0,0,0,0,3,slightly_injured
2020,7,Sun,1,52.41175015,13.38701184,morning,11,daylight,0,wet,1,0,3,1,0,0,1,0,0,3,slightly_injured
2020,7,Sun,1,52.54523771,13.34243391,afternoon,14,daylight,0,dry,0,2,6,0,1,0,0,0,0,3,slightly_injured
2020,7,Tue,3,52.48367107,13.40065303,afternoon,15,daylight,0,dry,0,0,6,1,1,0,0,0,0,3,slightly_injured
2020,7,Sat,7,52.48249379,13.33700249,afternoon,13,daylight,0,dry,0,0,6,1,1,0,0,0,0,3,slightly_injured
2020,7,Thu,5,52.6143267,13.43187452,evening,18,daylight,0,wet,1,5,3,0,1,0,0,0,0,3,slightly_injured
2020,7,Tue,3,52.53682674,13.22071048,morning,10,daylight,0,dry,0,5,2,1,0,0,0,0,1,3,slightly_injured
2020,7,Fri,6,52.53322768,13.48503563,night,1,dark,2,dry,0,5,3,1,1,0,0,0,0,2,seriously_injured
2020,7,Thu,5,52.48866713,13.42334758,evening,18,daylight,0,dry,0,6,4,1,0,1,0,0,0,3,slightly_injured
2020,7,Mon,2,52.55124318,13.51382663,afternoon,15,daylight,0,wet,1,2,6,0,1,0,0,1,0,3,slightly_injured
2020,7,Thu,5,52.42924216,13.29637155,afternoon,16,daylight,0,dry,0,1,7,0,1,0,0,0,0,2,seriously_injured
2020,7,Wed,4,52.54426998,13.37182493,evening,20,daylight,0,dry,0,5,5,0,1,0,0,0,1,3,slightly_injured
2020,7,Sun,1,52.49972664,13.33938276,evening,18,daylight,0,wet,1,5,2,1,1,0,0,0,0,3,slightly_injured
2020,7,Sat,7,52.53738433,13.44912263,afternoon,15,daylight,0,dry,0,2,6,0,1,0,1,0,0,3,slightly_injured
2020,7,Tue,3,52.50404848,13.40963372,evening,19,daylight,0,dry,0,5,3,1,0,0,0,0,1,2,seriously_injured
2020,7,Fri,6,52.48169933,13.4275566,afternoon,17,daylight,0,dry,0,0,7,0,1,0,1,0,0,3,slightly_injured
2020,7,Thu,5,52.48182377,13.32087047,afternoon,17,daylight,0,dry,0,1,5,0,1,0,0,0,0,3,slightly_injured
2020,7,Sun,1,52.44362023,13.5798777,evening,19,daylight,0,wet,1,0,6,0,1,0,1,0,0,3,slightly_injured
2020,7,Sat,7,52.48834856,13.3375934,evening,21,dusk,1,dry,0,1,5,1,1,0,0,0,0,3,slightly_injured
2020,7,Tue,3,52.46518487,13.51344055,afternoon,13,daylight,0,dry,0,3,6,1,1,0,0,1,0,3,slightly_injured
2020,7,Sat,7,52.52887405,13.61965972,morning,10,daylight,0,dry,0,4,2,1,0,0,0,0,0,3,slightly_injured
2020,7,Thu,5,52.48670379,13.30444054,afternoon,16,daylight,0,dry,0,5,2,0,1,0,1,0,0,3,slightly_injured
2020,7,Tue,3,52.53396742,13.55950119,morning,8,daylight,0,dry,0,5,3,0,1,0,0,0,1,3,slightly_injured
2020,7,Fri,6,52.5206516,13.41555047,evening,20,daylight,0,dry,0,2,7,0,1,0,1,0,0,3,slightly_injured
2020,7,Thu,5,52.50090703,13.34688151,afternoon,16,daylight,0,dry,0,3,6,0,1,0,1,0,0,2,seriously_injured
2020,7,Mon,2,52.53402357,13.49649833,afternoon,13,daylight,0,dry,0,5,3,1,1,0,0,0,0,3,slightly_injured
2020,7,Mon,2,52.48126722,13.27348912,afternoon,14,daylight,0,dry,0,5,3,0,1,0,0,0,1,3,slightly_injured
2020,7,Fri,6,52.449103,13.35420659,afternoon,15,daylight,0,dry,0,5,3,1,1,0,0,0,0,3,slightly_injured
2020,7,Wed,4,52.4976584,13.28967394,afternoon,17,daylight,0,dry,0,1,5,1,1,0,0,0,0,3,slightly_injured
2020,7,Sat,7,52.50552767,13.44750483,evening,20,daylight,0,dry,0,6,4,0,1,1,0,0,0,3,slightly_injured
2020,7,Tue,3,52.57101848,13.44304075,evening,18,daylight,0,dry,0,2,6,0,1,0,0,0,0,3,slightly_injured
2020,7,Fri,6,52.41851544,13.58086565,evening,19,daylight,0,dry,0,5,3,1,0,0,0,0,0,3,slightly_injured
2020,7,Thu,5,52.48282007,13.60033097,afternoon,15,daylight,0,dry,0,5,5,0,1,0,0,0,0,3,slightly_injured
2020,7,Fri,6,52.54234636,13.48913912,afternoon,14,daylight,0,dry,0,2,6,0,1,0,0,0,0,3,slightly_injured
2020,7,Mon,2,52.53651587,13.52518088,afternoon,16,daylight,0,wet,1,0,1,1,0,0,0,0,0,3,slightly_injured
2020,7,Fri,6,52.44515894,13.3304348,morning,10,daylight,0,dry,0,5,3,1,1,0,0,0,0,3,slightly_injured
2020,7,Sun,1,52.50556582,13.43875889,evening,23,dark,2,wet,1,0,1,1,0,0,0,0,0,3,slightly_injured
2020,7,Fri,6,52.51791148,13.60872969,afternoon,14,daylight,0,dry,0,1,5,0,1,0,0,0,0,3,slightly_injured
2020,7,Tue,3,52.46558149,13.48707439,morning,7,daylight,0,dry,0,0,2,0,1,0,1,0,0,3,slightly_injured
2020,7,Fri,6,52.48909588,13.57543385,afternoon,12,daylight,0,dry,0,5,3,0,1,0,1,0,0,3,slightly_injured
2020,7,Mon,2,52.51765149,13.26093917,afternoon,12,daylight,0,dry,0,2,7,0,0,0,1,0,1,3,slightly_injured
2020,7,Sun,1,52.47554227,13.34007326,night,2,dark,2,dry,0,0,1,1,0,0,0,0,0,3,slightly_injured
2020,7,Wed,4,52.4333706,13.53717608,afternoon,15,daylight,0,dry,0,2,6,0,1,0,0,0,0,3,slightly_injured
2020,7,Sat,7,52.49137994,13.4503282,afternoon,14,daylight,0,dry,0,5,3,0,1,0,0,0,0,3,slightly_injured
2020,7,Tue,3,52.44016912,13.43491827,afternoon,17,daylight,0,dry,0,2,6,0,1,0,0,0,0,2,seriously_injured
2020,7,Fri,6,52.45319589,13.60827782,afternoon,16,daylight,0,dry,0,2,6,0,1,0,0,0,0,3,slightly_injured
2020,7,Thu,5,52.57743201,13.42820225,afternoon,15,daylight,0,wet,1,0,1,0,0,0,1,0,0,3,slightly_injured
2020,7,Fri,6,52.60895913,13.2939343,afternoon,12,daylight,0,wet,1,2,6,0,1,0,0,0,0,3,slightly_injured
2020,7,Mon,2,52.51932925,13.53048838,afternoon,17,daylight,0,wet,1,0,1,0,0,0,1,0,0,3,slightly_injured
2020,7,Thu,5,52.49951372,13.31653237,afternoon,16,daylight,0,dry,0,0,2,0,1,0,1,0,0,3,slightly_injured
2020,7,Sun,1,52.42421574,13.43606146,afternoon,16,daylight,0,dry,0,5,7,0,1,0,1,0,0,3,slightly_injured
2020,7,Sun,1,52.46442441,13.43127707,afternoon,17,daylight,0,dry,0,0,1,0,1,0,0,0,0,3,slightly_injured
2020,7,Wed,4,52.50340171,13.51005651,evening,20,daylight,0,dry,0,5,3,1,1,0,0,0,0,3,slightly_injured
2020,7,Sat,7,52.51411975,13.2669225,afternoon,15,daylight,0,dry,0,2,3,1,1,0,0,0,0,3,slightly_injured
2020,7,Wed,4,52.56269411,13.36455523,morning,11,daylight,0,dry,0,5,2,0,1,0,1,0,0,3,slightly_injured
2020,7,Sun,1,52.49009327,13.41913675,evening,19,daylight,0,dry,0,3,6,0,1,0,0,0,0,3,slightly_injured
2020,7,Wed,4,52.46643684,13.37794949,evening,19,daylight,0,dry,0,5,2,1,1,0,0,0,0,3,slightly_injured
2020,7,Wed,4,52.57588514,13.26913634,morning,9,daylight,0,dry,0,2,6,0,1,0,0,0,1,3,slightly_injured
2020,7,Sat,7,52.54482409,13.59285854,evening,18,daylight,0,dry,0,5,3,1,1,0,0,0,0,3,slightly_injured
2020,7,Wed,4,52.48532144,13.34776159,afternoon,14,daylight,0,wet,1,0,1,0,0,0,1,0,0,3,slightly_injured
2020,7,Tue,3,52.49624767,13.34601819,afternoon,12,daylight,0,dry,0,1,5,1,1,0,0,0,0,3,slightly_injured
2020,7,Fri,6,52.49989054,13.30562911,afternoon,13,daylight,0,dry,0,5,3,1,1,0,0,0,0,3,slightly_injured
2020,7,Wed,4,52.49679036,13.39533287,morning,8,daylight,0,dry,0,5,3,0,1,0,0,0,0,3,slightly_injured
2020,7,Mon,2,52.5015422,13.47531198,afternoon,15,daylight,0,dry,0,6,2,0,1,1,0,0,0,3,slightly_injured
2020,7,Thu,5,52.53621198,13.39114252,evening,18,daylight,0,dry,0,5,2,1,1,0,0,0,0,3,slightly_injured
2020,7,Thu,5,52.4866319,13.43077396,evening,18,daylight,0,dry,0,2,6,1,1,0,0,0,0,3,slightly_injured
2020,7,Thu,5,52.62060664,13.49227643,morning,11,daylight,0,dry,0,5,3,1,0,0,0,0,1,3,slightly_injured
2020,7,Sun,1,52.51379986,13.45480444,morning,10,daylight,0,wet,1,0,1,1,0,0,0,0,0,3,slightly_injured
2020,7,Sat,7,52.54879434,13.17842971,morning,9,daylight,0,dry,0,2,6,0,1,0,0,0,0,3,slightly_injured
2020,7,Tue,3,52.53651372,13.42057718,afternoon,12,daylight,0,dry,0,0,7,0,0,0,0,0,1,3,slightly_injured
2020,7,Sat,7,52.53366313,13.48530548,afternoon,12,daylight,0,dry,0,2,6,0,1,0,0,0,1,3,slightly_injured
2020,7,Wed,4,52.47338149,13.29800855,afternoon,15,daylight,0,wet,1,5,2,0,1,0,0,0,0,3,slightly_injured
2020,7,Tue,3,52.54304205,13.15782467,morning,9,daylight,0,dry,0,5,2,0,1,0,1,0,0,3,slightly_injured
2020,7,Fri,6,52.51962642,13.31961027,evening,20,dusk,1,dry,0,5,3,1,0,0,0,0,0,3,slightly_injured
2020,7,Wed,4,52.47869342,13.33268623,evening,22,dark,2,wet,1,5,3,0,1,0,0,0,0,2,seriously_injured
2020,7,Mon,2,52.53298267,13.19777018,afternoon,15,daylight,0,wet,1,2,6,0,1,0,1,0,0,2,seriously_injured
2020,7,Tue,3,52.50248631,13.56158709,morning,10,daylight,0,dry,0,0,3,0,0,0,0,0,1,3,slightly_injured
2020,7,Fri,6,52.44044728,13.55516159,night,2,dark,2,dry,0,0,6,1,1,0,0,0,0,3,slightly_injured
2020,7,Wed,4,52.52896846,13.40199874,afternoon,12,daylight,0,wet,1,5,3,1,1,0,0,0,0,3,slightly_injured
2020,7,Mon,2,52.43193554,13.48189633,morning,6,daylight,0,dry,0,5,3,1,1,0,0,0,0,3,slightly_injured
2020,7,Thu,5,52.51270249,13.41730279,afternoon,16,daylight,0,dry,0,2,6,0,1,0,0,0,0,3,slightly_injured
2020,7,Wed,4,52.51140593,13.26875947,morning,8,daylight,0,dry,0,8,1,0,0,0,1,0,0,3,slightly_injured
2020,7,Sun,1,52.53317647,13.47626377,evening,19,daylight,0,dry,0,5,2,1,1,0,0,0,0,3,slightly_injured
2020,7,Sat,7,52.54829075,13.36096484,afternoon,17,daylight,0,dry,0,6,4,0,1,1,0,0,0,3,slightly_injured
2020,7,Tue,3,52.47080588,13.43514167,evening,20,dusk,1,dry,0,1,5,1,1,0,0,0,0,3,slightly_injured
2020,7,Sat,7,52.42537883,13.48230459,night,4,dark,2,dry,0,5,3,0,1,0,0,0,0,3,slightly_injured
2020,7,Wed,4,52.41216183,13.29905987,evening,22,dark,2,wet,1,0,7,0,0,0,1,0,0,3,slightly_injured
2020,7,Tue,3,52.51306255,13.28830012,morning,8,daylight,0,dry,0,5,2,1,1,0,0,0,0,3,slightly_injured
2020,7,Fri,6,52.45051305,13.27555913,afternoon,13,daylight,0,dry,0,1,7,1,1,0,0,0,0,3,slightly_injured
2020,7,Wed,4,52.5034698,13.43006455,evening,21,dark,2,wet,1,5,3,0,1,0,0,0,1,3,slightly_injured
2020,7,Mon,2,52.45082086,13.33782859,afternoon,13,daylight,0,dry,0,2,6,1,0,0,0,0,1,3,slightly_injured
2020,7,Sun,1,52.47899072,13.43794748,afternoon,17,daylight,0,dry,0,5,3,1,1,0,1,0,0,3,slightly_injured
2020,7,Wed,4,52.4648703,13.37745261,afternoon,16,daylight,0,dry,0,5,3,1,1,0,0,0,0,3,slightly_injured
2020,7,Sat,7,52.47879455,13.32026283,evening,19,daylight,0,dry,0,5,2,0,1,0,0,0,1,3,slightly_injured
2020,7,Thu,5,52.55795116,13.22735264,afternoon,15,daylight,0,dry,0,5,3,0,1,0,0,0,0,3,slightly_injured
2020,7,Wed,4,52.50909238,13.45955793,evening,19,daylight,0,dry,0,1,5,1,1,0,0,0,0,3,slightly_injured
2020,7,Sat,7,52.42932481,13.52896854,evening,22,dark,2,dry,0,0,1,1,0,0,0,0,0,3,slightly_injured
2020,7,Sat,7,52.56105891,13.4572244,afternoon,14,daylight,0,dry,0,5,2,1,1,0,0,0,0,3,slightly_injured
2020,7,Tue,3,52.49951456,13.3165458,evening,19,daylight,0,dry,0,5,2,1,1,0,0,0,0,3,slightly_injured
2020,7,Fri,6,52.46419188,13.44345673,evening,19,daylight,0,dry,0,5,3,1,0,0,0,0,1,3,slightly_injured
2020,7,Wed,4,52.50059502,13.39151251,evening,19,dusk,1,dry,0,5,7,1,0,0,0,0,1,3,slightly_injured
2020,7,Fri,6,52.47805843,13.37846793,afternoon,12,daylight,0,dry,0,2,7,0,1,0,1,0,0,3,slightly_injured
2020,7,Tue,3,52.43186327,13.33803472,morning,6,daylight,0,dry,0,0,3,0,0,0,1,1,0,3,slightly_injured
2020,7,Fri,6,52.48500178,13.38145058,afternoon,12,daylight,0,dry,0,5,2,0,1,0,1,0,0,3,slightly_injured
2020,7,Fri,6,52.47779669,13.53576873,morning,11,daylight,0,dry,0,5,3,0,1,0,1,0,0,3,slightly_injured
2020,7,Sun,1,52.57558325,13.33105853,evening,20,daylight,0,dry,0,1,5,1,1,0,0,0,0,3,slightly_injured
2020,7,Sun,1,52.5395734,13.34158036,morning,10,daylight,0,dry,0,1,5,0,1,0,0,0,0,3,slightly_injured
2020,7,Fri,6,52.46873038,13.5142995,evening,20,daylight,0,dry,0,5,2,1,1,0,0,0,0,3,slightly_injured
2020,7,Wed,4,52.5064925,13.28344112,afternoon,13,daylight,0,dry,0,6,7,0,0,1,0,0,1,3,slightly_injured
2020,7,Sat,7,52.51311308,13.57416146,evening,19,daylight,0,dry,0,5,3,0,1,0,0,0,1,2,seriously_injured
2020,7,Tue,3,52.51233176,13.3993834,afternoon,13,daylight,0,dry,0,4,6,1,0,0,0,0,0,3,slightly_injured
2020,7,Fri,6,52.46188823,13.48258227,afternoon,15,daylight,0,dry,0,5,2,0,1,0,0,0,0,3,slightly_injured
2020,7,Wed,4,52.53502035,13.12241635,evening,19,daylight,0,dry,0,1,5,0,0,0,1,1,0,3,slightly_injured
2020,7,Mon,2,52.50597755,13.3217593,afternoon,12,daylight,0,dry,0,0,3,1,0,0,0,0,1,3,slightly_injured
2020,7,Thu,5,52.51387432,13.51886727,afternoon,17,daylight,0,dry,0,5,2,1,1,0,0,0,0,3,slightly_injured
2020,7,Fri,6,52.4885088,13.41220762,morning,10,daylight,0,dry,0,0,7,1,0,0,0,0,0,3,slightly_injured
2020,8,Tue,3,52.51754928,13.28724376,afternoon,16,daylight,0,dry,0,2,3,1,1,0,0,0,0,3,slightly_injured
2020,7,Tue,3,52.55681633,13.37441181,afternoon,12,daylight,0,dry,0,0,6,0,1,0,0,0,1,3,slightly_injured
2020,8,Mon,2,52.42679955,13.51977058,afternoon,13,daylight,0,dry,0,9,1,0,0,1,0,1,0,1,killed
2020,8,Sat,7,52.53235984,13.40355173,afternoon,16,daylight,0,dry,0,6,4,0,1,1,0,0,0,3,slightly_injured
2020,8,Thu,5,52.45497157,13.56700493,morning,7,daylight,0,dry,0,3,6,0,1,0,1,0,1,3,slightly_injured
2020,7,Fri,6,52.53265088,13.19832292,morning,10,daylight,0,dry,0,2,6,0,1,0,0,0,1,3,slightly_injured
2020,8,Mon,2,52.4516758,13.59316198,morning,10,daylight,0,dry,0,2,2,0,1,0,0,0,0,3,slightly_injured
2020,7,Fri,6,52.52333611,13.35906799,afternoon,13,daylight,0,dry,0,0,1,1,0,0,0,0,0,2,seriously_injured
2020,8,Wed,4,52.5230393,13.4918576,afternoon,15,daylight,0,dry,0,1,5,0,0,0,1,0,1,2,seriously_injured
2020,7,Tue,3,52.56934042,13.30143327,morning,11,daylight,0,dry,0,2,6,0,1,0,0,0,0,3,slightly_injured
2020,7,Fri,6,52.51697216,13.43260782,morning,10,daylight,0,dry,0,5,7,1,1,0,0,0,0,3,slightly_injured
2020,8,Wed,4,52.4348648,13.48791228,morning,7,daylight,0,dry,0,5,3,0,1,0,1,0,0,2,seriously_injured
2020,7,Tue,3,52.60384747,13.32593184,morning,11,daylight,0,dry,0,0,1,1,0,0,0,0,0,3,slightly_injured
2020,7,Fri,6,52.45880203,13.35484795,morning,9,daylight,0,dry,0,5,2,1,1,0,0,0,0,3,slightly_injured
2020,8,Tue,3,52.50293861,13.44624218,morning,10,daylight,0,dry,0,2,6,0,1,0,0,0,1,3,slightly_injured
2020,7,Tue,3,52.49297726,13.38801812,morning,10,daylight,0,dry,0,0,2,0,0,0,0,0,1,2,seriously_injured
2020,8,Sat,7,52.44504405,13.58686785,morning,8,daylight,0,dry,0,5,3,1,0,0,1,0,0,3,slightly_injured
2020,8,Thu,5,52.4757761,13.32826008,afternoon,13,daylight,0,dry,0,5,2,1,0,0,0,0,1,2,seriously_injured
2020,7,Fri,6,52.56810301,13.32267106,morning,8,daylight,0,dry,0,5,3,0,1,0,0,0,0,3,slightly_injured
2020,8,Wed,4,52.52939483,13.59042608,afternoon,14,daylight,0,dry,0,2,2,1,1,0,0,0,0,3,slightly_injured
2020,7,Fri,6,52.53303745,13.4758591,night,5,dusk,1,dry,0,5,2,1,1,0,0,0,0,3,slightly_injured
2020,8,Wed,4,52.53404039,13.19907055,afternoon,15,daylight,0,dry,0,0,6,0,0,0,0,1,1,3,slightly_injured