ujahr,umonat,weekday,uwochentag,long,lat,time_of_day,ustunde,light_condition,ulichtverh,street_condition,ustrzustand,uart,utyp1,ist_rad,ist_pkw,ist_fuss,ist_krad,ist_gkfz,ist_sonstige,ukategorie,accident_outcome
2020,7,Fri,6,52.56244234,13.32668795,night,5,dusk,1,dry,0,3,2,0,1,0,0,1,0,3,slightly_injured
2020,8,Wed,4,52.55725661,13.36876457,evening,19,daylight,0,dry,0,3,6,0,1,0,1,0,0,3,slightly_injured
2020,7,Tue,3,52.63684865,13.50550506,morning,10,daylight,0,dry,0,5,3,0,1,0,0,0,0,3,slightly_injured
2020,8,Sun,1,52.56525627,13.54023554,morning,8,daylight,0,dry,0,5,3,1,1,0,0,0,0,3,slightly_injured
2020,8,Thu,5,52.51421284,13.61167,afternoon,17,daylight,0,dry,0,5,3,1,1,0,0,0,0,3,slightly_injured
2020,7,Fri,6,52.52207705,13.3917655,night,1,dark,2,dry,0,5,2,1,1,0,0,0,0,3,slightly_injured
2020,8,Tue,3,52.53281039,13.33111362,afternoon,13,daylight,0,dry,0,3,6,1,1,0,0,0,0,3,slightly_injured
2020,7,Tue,3,52.48384184,13.34173336,morning,9,daylight,0,dry,0,5,2,1,0,0,0,0,0,3,slightly_injured
2020,8,Sat,7,52.52663496,13.48728946,morning,11,daylight,0,dry,0,0,1,1,0,0,0,0,0,2,seriously_injured
2020,8,Thu,5,52.50281428,13.44664513,morning,11,daylight,0,dry,0,2,2,1,1,0,0,0,0,3,slightly_injured
2020,7,Fri,6,52.50308489,13.34425801,night,0,dark,2,dry,0,0,7,0,1,1,0,0,0,3,slightly_injured
2020,8,Wed,4,52.50633782,13.31427767,evening,22,dark,2,dry,0,0,1,0,0,0,1,0,0,3,slightly_injured
2020,7,Fri,6,52.5026058,13.44670254,evening,21,dusk,1,dry,0,5,2,1,0,0,1,0,0,3,slightly_injured
2020,8,Tue,3,52.46103507,13.366624,evening,19,daylight,0,dry,0,5,3,0,1,0,0,0,0,3,slightly_injured
2020,7,Tue,3,52.45637372,13.56269787,morning,8,daylight,0,dry,0,5,3,1,1,0,0,0,0,2,seriously_injured
2020,8,Sun,1,52.42290533,13.48721571,evening,19,daylight,0,wet,1,2,2,0,1,0,0,0,0,3,slightly_injured
2020,8,Sat,7,52.4700534,13.43946606,morning,6,daylight,0,dry,0,1,7,0,1,0,0,0,0,3,slightly_injured
2020,8,Thu,5,52.56256613,13.33076181,afternoon,16,daylight,0,dry,0,5,2,1,1,0,0,0,0,3,slightly_injured
2020,7,Fri,6,52.41847779,13.33685656,evening,23,dark,2,dry,0,0,1,1,0,0,0,0,0,2,seriously_injured
2020,8,Mon,2,52.45028506,13.37875546,afternoon,14,daylight,0,dry,0,3,6,0,1,0,1,0,0,3,slightly_injured
2020,7,Tue,3,52.54232138,13.34944893,morning,8,daylight,0,dry,0,5,2,1,1,0,0,0,0,3,slightly_injured
2020,7,Fri,6,52.55018955,13.18515499,evening,22,dark,2,dry,0,5,2,1,1,0,0,0,0,3,slightly_injured
2020,8,Tue,3,52.56647513,13.38155852,evening,22,dark,2,dry,0,1,5,0,1,0,1,0,0,3,slightly_injured
2020,7,Tue,3,52.51558067,13.49981898,morning,7,daylight,0,dry,0,1,5,0,1,0,0,0,0,3,slightly_injured
2020,8,Sat,7,52.50364484,13.45154078,morning,6,dusk,1,dry,0,1,5,0,1,0,0,0,0,3,slightly_injured
2020,8,Thu,5,52.54047492,13.2025095,afternoon,17,daylight,0,dry,0,5,3,0,1,0,0,1,0,3,slightly_injured
2020,7,Fri,6,52.53961281,13.29537241,evening,21,dark,2,dry,0,0,4,0,0,1,1,0,0,2,seriously_injured
2020,8,Tue,3,52.46058168,13.48275861,morning,11,daylight,0,dry,0,2,6,0,1,0,0,0,0,3,slightly_injured
2020,7,Tue,3,52.4510045,13.57209947,morning,6,daylight,0,dry,0,5,7,0,1,0,1,0,0,3,slightly_injured
2020,7,Fri,6,52.56192925,13.50173415,afternoon,12,daylight,0,dry,0,2,6,0,1,0,0,0,0,2,seriously_injured
2020,8,Wed,4,52.48663808,13.34496094,morning,9,daylight,0,dry,0,1,5,1,0,0,0,1,0,3,slightly_injured
2020,7,Fri,6,52.49926184,13.31262471,evening,19,daylight,0,dry,0,5,2,1,1,0,0,0,0,3,slightly_injured
2020,8,Wed,4,52.52850812,13.41827929,morning,6,daylight,0,dry,0,5,2,1,0,0,0,0,1,3,slightly_injured
2020,7,Fri,6,52.52687936,13.38713902,evening,18,daylight,0,dry,0,3,6,1,1,0,0,0,0,3,slightly_injured
2020,8,Tue,3,52.42395296,13.49540378,afternoon,17,daylight,0,dry,0,2,7,0,1,0,0,0,0,3,slightly_injured
2020,7,Tue,3,52.60220606,13.33689604,night,0,dark,2,dry,0,0,1,1,0,0,0,0,0,2,seriously_injured
2020,8,Sun,1,52.52360926,13.58727845,evening,19,daylight,0,dry,0,2,6,0,1,0,0,0,0,3,slightly_injured
2020,8,Sat,7,52.53821059,13.32616335,evening,19,daylight,0,dry,0,0,6,0,1,0,1,0,0,3,slightly_injured
2020,8,Thu,5,52.56433835,13.58019743,morning,9,daylight,0,dry,0,4,6,0,1,0,0,0,0,2,seriously_injured
2020,7,Fri,6,52.55859064,13.33779965,evening,18,daylight,0,dry,0,2,6,0,1,0,0,0,0,3,slightly_injured
2020,8,Mon,2,52.56153169,13.20912197,afternoon,12,daylight,0,dry,0,1,5,1,1,0,0,0,0,3,slightly_injured
2020,7,Fri,6,52.52021298,13.3472509,evening,18,daylight,0,dry,0,5,3,1,1,0,0,0,0,2,seriously_injured
2020,8,Wed,4,52.45144011,13.50970721,evening,23,dark,2,dry,0,2,6,0,1,0,0,0,0,3,slightly_injured
2020,7,Tue,3,52.4287965,13.52669426,evening,22,dark,2,dry,0,5,2,0,1,0,1,0,0,2,seriously_injured
2020,7,Fri,6,52.52882651,13.45795145,afternoon,17,daylight,0,dry,0,5,2,1,1,0,0,0,0,3,slightly_injured
2020,8,Wed,4,52.50654213,13.2515399,afternoon,13,daylight,0,dry,0,0,5,1,1,0,0,0,0,2,seriously_injured
2020,7,Fri,6,52.5369268,13.27272188,afternoon,17,daylight,0,dry,0,6,7,0,0,1,0,1,0,2,seriously_injured
2020,8,Wed,4,52.46003189,13.38619636,afternoon,12,daylight,0,dry,0,1,5,1,1,0,0,0,0,3,slightly_injured
2020,7,Fri,6,52.49969659,13.40900267,afternoon,16,daylight,0,dry,0,5,3,1,1,0,0,0,0,3,slightly_injured
2020,8,Wed,4,52.55264847,13.20886687,afternoon,13,daylight,0,dry,0,2,7,0,1,0,0,0,1,3,slightly_injured
2020,7,Fri,6,52.40696906,13.40534349,afternoon,16,daylight,0,dry,0,5,7,0,1,0,1,0,0,3,slightly_injured
2020,8,Tue,3,52.43349673,13.46632978,afternoon,14,daylight,0,dry,0,5,3,0,1,0,0,0,0,3,slightly_injured
2020,7,Tue,3,52.54871951,13.20075565,evening,20,daylight,0,dry,0,2,2,1,1,0,0,0,0,3,slightly_injured
2020,8,Sun,1,52.5174897,13.58904425,evening,19,daylight,0,dry,0,5,2,0,1,0,0,0,0,2,seriously_injured
2020,8,Sat,7,52.56486451,13.49513899,afternoon,13,daylight,0,dry,0,0,2,1,0,0,0,0,0,3,slightly_injured
2020,8,Thu,5,52.4148589,13.65714139,afternoon,15,daylight,0,dry,0,9,1,0,0,0,1,0,0,3,slightly_injured
2020,7,Fri,6,52.5017322,13.41628114,afternoon,15,daylight,0,dry,0,5,3,1,1,0,0,0,0,3,slightly_injured
2020,8,Mon,2,52.59565772,13.3351988,morning,9,daylight,0,dry,0,6,4,0,1,1,0,0,0,3,slightly_injured
2020,7,Fri,6,52.5485399,13.43640791,afternoon,15,daylight,0,dry,0,5,3,1,1,0,0,0,0,3,slightly_injured
2020,8,Wed,4,52.5819499,13.44549467,afternoon,15,daylight,0,dry,0,2,2,0,1,0,0,0,0,3,slightly_injured
2020,7,Tue,3,52.49121046,13.43515144,evening,20,dusk,1,dry,0,5,2,0,1,0,1,0,0,3,slightly_injured
2020,7,Fri,6,52.42466627,13.54425704,afternoon,15,daylight,0,dry,0,5,2,1,1,0,0,0,0,3,slightly_injured
2020,8,Wed,4,52.47684922,13.28086442,morning,7,daylight,0,dry,0,5,3,0,1,0,0,0,1,3,slightly_injured
2020,7,Tue,3,52.50146359,13.43514041,evening,20,daylight,0,dry,0,5,3,1,1,0,0,0,0,3,slightly_injured
2020,7,Fri,6,52.55430076,13.40252371,afternoon,14,daylight,0,dry,0,5,2,1,1,0,0,0,0,3,slightly_injured
2020,8,Tue,3,52.44647835,13.51413766,morning,9,daylight,0,dry,0,5,2,1,1,0,0,0,0,3,slightly_injured
2020,7,Tue,3,52.47683927,13.41988297,evening,20,daylight,0,dry,0,6,4,1,0,1,0,0,0,3,slightly_injured
2020,7,Tue,3,52.51125705,13.32262958,evening,19,daylight,0,dry,0,5,2,1,1,0,0,0,0,2,seriously_injured
2020,7,Fri,6,52.50435009,13.27944187,afternoon,14,daylight,0,dry,0,2,6,0,1,0,0,0,0,3,slightly_injured
2020,8,Tue,3,52.49641702,13.34184143,evening,18,daylight,0,dry,0,1,5,1,1,0,0,0,0,3,slightly_injured
2020,7,Tue,3,52.49266295,13.37983387,evening,18,daylight,0,dry,0,2,6,0,1,0,0,0,0,3,slightly_injured
2020,8,Sat,7,52.56104722,13.2084545,morning,11,daylight,0,dry,0,3,6,0,1,0,1,0,0,3,slightly_injured
2020,8,Thu,5,52.53881057,13.37211728,afternoon,14,daylight,0,dry,0,5,2,1,1,0,0,0,0,3,slightly_injured
2020,7,Thu,5,52.55221268,13.38180791,evening,22,dark,2,dry,0,6,2,0,1,1,0,0,0,3,slightly_injured
2020,8,Mon,2,52.54245897,13.39244187,afternoon,17,daylight,0,dry,0,6,7,0,0,1,0,0,1,3,slightly_injured
2020,7,Thu,5,52.46066761,13.50349184,evening,21,dusk,1,dry,0,0,2,0,1,0,1,0,0,3,slightly_injured
2020,8,Wed,4,52.51836854,13.28098371,afternoon,14,daylight,0,dry,0,2,6,0,1,0,0,0,0,3,slightly_injured
2020,7,Thu,5,52.57147556,13.32120152,afternoon,17,daylight,0,dry,0,5,3,1,1,0,0,0,0,3,slightly_injured
2020,8,Wed,4,52.51018153,13.45481486,evening,18,daylight,0,dry,0,0,1,1,1,0,0,0,0,3,slightly_injured
2020,7,Tue,3,52.50536357,13.46337167,afternoon,17,daylight,0,dry,0,1,5,1,1,0,0,0,0,3,slightly_injured
2020,8,Sun,1,52.49255953,13.29653562,night,1,dark,2,dry,0,5,3,0,1,0,0,0,0,2,seriously_injured
2020,8,Thu,5,52.49615826,13.39469593,evening,19,daylight,0,dry,0,2,6,0,1,0,0,0,0,3,slightly_injured
2020,7,Thu,5,52.52592214,13.37904673,afternoon,17,daylight,0,dry,0,6,4,1,0,1,0,0,0,3,slightly_injured
2020,8,Tue,3,52.56644426,13.20765115,afternoon,12,daylight,0,dry,0,0,5,1,1,0,0,0,0,3,slightly_injured
2020,7,Tue,3,52.45242956,13.44923259,afternoon,16,daylight,0,dry,0,5,2,0,1,0,0,0,0,2,seriously_injured
2020,7,Fri,6,52.55833797,13.43307934,evening,22,dark,2,dry,0,0,7,1,0,0,0,0,0,3,slightly_injured
2020,8,Wed,4,52.4263398,13.4372063,afternoon,14,daylight,0,dry,0,1,5,1,1,0,0,0,0,3,slightly_injured
2020,7,Thu,5,52.53232567,13.39909391,afternoon,17,daylight,0,dry,0,2,2,1,1,0,0,0,0,3,slightly_injured
2020,8,Wed,4,52.52475796,13.62179231,morning,9,daylight,0,dry,0,6,2,0,1,1,0,0,0,3,slightly_injured
2020,8,Sat,7,52.42321587,13.50448999,morning,7,daylight,0,dry,0,5,3,1,1,0,0,0,0,3,slightly_injured
2020,8,Thu,5,52.51114467,13.37131771,afternoon,12,daylight,0,dry,0,5,2,1,1,0,0,0,0,2,seriously_injured
2020,7,Thu,5,52.4145671,13.40105038,afternoon,17,daylight,0,dry,0,5,2,0,1,0,0,0,0,3,slightly_injured
2020,8,Wed,4,52.52980702,13.40162259,afternoon,15,daylight,0,dry,0,3,6,0,1,0,0,0,1,2,seriously_injured
2020,7,Thu,5,52.50023476,13.39719524,afternoon,16,daylight,0,dry,0,5,3,0,1,0,0,0,0,3,slightly_injured
2020,8,Tue,3,52.4567446,13.63256552,evening,20,daylight,0,dry,0,4,6,0,1,1,0,0,0,2,seriously_injured
2020,7,Tue,3,52.47122467,13.43219056,afternoon,16,daylight,0,dry,0,5,3,0,1,0,0,0,0,3,slightly_injured
2020,8,Sat,7,52.40209205,13.50052606,evening,23,dark,2,dry,0,1,5,1,1,0,0,0,0,2,seriously_injured
2020,8,Thu,5,52.58464812,13.39664426,afternoon,17,daylight,0,dry,0,2,7,0,0,0,1,0,1,3,slightly_injured
2020,7,Thu,5,52.51495097,13.58375861,afternoon,16,daylight,0,dry,0,2,2,0,1,0,0,0,0,3,slightly_injured
2020,8,Tue,3,52.44827451,13.57472987,afternoon,12,daylight,0,dry,0,0,1,1,0,0,0,0,0,3,slightly_injured
2020,7,Mon,2,52.54842709,13.37249932,afternoon,17,daylight,0,dry,0,6,4,0,1,1,0,0,0,3,slightly_injured
2020,7,Thu,5,52.44087365,13.53310083,afternoon,16,daylight,0,dry,0,2,6,0,1,0,0,0,0,2,seriously_injured
2020,8,Wed,4,52.52735117,13.41275246,morning,11,daylight,0,dry,0,5,3,1,0,0,0,0,1,3,slightly_injured
2020,7,Thu,5,52.53285376,13.47574576,afternoon,15,daylight,0,dry,0,2,6,0,1,0,0,0,1,3,slightly_injured
2020,8,Wed,4,52.54430648,13.59664391,afternoon,13,daylight,0,dry,0,5,2,1,1,0,0,0,0,3,slightly_injured
2020,7,Thu,5,52.50494242,13.47152165,afternoon,15,daylight,0,dry,0,4,1,0,1,0,1,0,0,3,slightly_injured
2020,8,Tue,3,52.51244065,13.41713668,afternoon,16,daylight,0,dry,0,5,2,1,1,0,0,0,0,3,slightly_injured
2020,7,Mon,2,52.5094993,13.39004717,evening,20,dusk,1,dry,0,5,3,0,1,0,0,0,0,3,slightly_injured
2020,8,Sun,1,52.52449705,13.20077065,evening,18,daylight,0,dry,0,5,3,1,1,0,0,0,0,3,slightly_injured
2020,8,Sat,7,52.50231978,13.56157546,afternoon,17,daylight,0,dry,0,2,6,0,1,0,1,0,0,3,slightly_injured
2020,8,Thu,5,52.57365388,13.5681519,morning,8,daylight,0,dry,0,5,3,1,1,0,0,0,0,2,seriously_injured
2020,7,Thu,5,52.49668965,13.3845655,afternoon,14,daylight,0,dry,0,5,2,1,1,0,0,0,0,3,slightly_injured
2020,8,Tue,3,52.42574036,13.54520351,morning,7,daylight,0,dry,0,5,2,0,1,0,0,0,0,3,slightly_injured
2020,7,Mon,2,52.4973182,13.34192186,evening,18,daylight,0,wet,1,0,7,0,1,0,1,0,0,3,slightly_injured
2020,8,Sun,1,52.61544228,13.49383954,evening,18,daylight,0,dry,0,0,6,0,1,0,1,0,0,3,slightly_injured
2020,8,Thu,5,52.39376869,13.40679656,afternoon,17,daylight,0,dry,0,2,6,0,1,0,0,0,0,3,slightly_injured
2020,8,Sat,7,52.50367885,13.51917745,night,2,dark,2,dry,0,6,4,0,0,1,0,0,1,2,seriously_injured
2020,8,Thu,5,52.53810623,13.34443142,afternoon,17,daylight,0,dry,0,3,6,1,1,0,0,0,0,3,slightly_injured
2020,7,Thu,5,52.46251221,13.42202648,afternoon,14,daylight,0,dry,0,5,3,1,1,0,0,0,0,3,slightly_injured
2020,8,Mon,2,52.53437283,13.49982057,afternoon,15,daylight,0,dry,0,5,3,0,1,0,0,0,0,3,slightly_injured
2020,7,Thu,5,52.56350052,13.32747526,afternoon,14,daylight,0,dry,0,0,7,1,0,0,0,0,0,3,slightly_injured
2020,8,Wed,4,52.47378444,13.44363955,afternoon,14,daylight,0,dry,0,0,7,1,0,0,0,0,0,3,slightly_injured
2020,8,Mon,2,52.52662494,13.41549009,evening,18,daylight,0,dry,0,2,6,0,1,0,1,0,0,2,seriously_injured
2020,7,Thu,5,52.57324299,13.41974387,afternoon,13,daylight,0,dry,0,5,3,1,0,0,0,0,0,3,slightly_injured
2020,8,Wed,4,52.5451678,13.24786471,morning,8,daylight,0,dry,0,2,6,0,1,0,0,0,0,3,slightly_injured
2020,7,Thu,5,52.43443944,13.48740374,afternoon,13,daylight,0,dry,0,4,6,1,1,0,0,0,1,3,slightly_injured
2020,8,Tue,3,52.54605943,13.41924529,afternoon,15,daylight,0,dry,0,3,6,1,0,0,1,0,0,3,slightly_injured
2020,7,Mon,2,52.43914822,13.41224787,afternoon,14,daylight,0,dry,0,6,4,0,1,1,0,0,0,3,slightly_injured
2020,8,Sun,1,52.53653821,13.27048863,afternoon,17,daylight,0,wet,1,0,1,1,0,0,0,0,0,3,slightly_injured
2020,8,Sat,7,52.49297974,13.60935434,afternoon,13,daylight,0,dry,0,5,3,1,1,0,0,0,0,3,slightly_injured
2020,8,Thu,5,52.53831457,13.34441445,afternoon,14,daylight,0,dry,0,3,6,1,1,0,0,0,0,3,slightly_injured
2020,7,Thu,5,52.48781647,13.51718489,afternoon,12,daylight,0,dry,0,6,4,0,1,1,0,0,0,3,slightly_injured
2020,8,Mon,2,52.50163547,13.31943934,morning,8,daylight,0,dry,0,5,2,1,1,0,0,0,0,3,slightly_injured
2020,8,Mon,2,52.5045784,13.34278169,evening,18,daylight,0,dry,0,5,3,0,1,0,1,0,0,2,seriously_injured
2020,7,Thu,5,52.43088659,13.23003332,morning,11,daylight,0,dry,0,5,2,1,1,0,0,0,0,3,slightly_injured
2020,8,Wed,4,52.52040157,13.5522077,afternoon,12,daylight,0,dry,0,5,3,0,1,0,0,0,0,3,slightly_injured
2020,7,Thu,5,52.45183576,13.59316918,morning,11,daylight,0,dry,0,2,6,0,1,0,0,0,0,3,slightly_injured
2020,8,Mon,2,52.50044788,13.46628345,afternoon,12,daylight,0,dry,0,2,2,0,1,0,0,0,0,3,slightly_injured
2020,8,Mon,2,52.49742834,13.39562762,evening,18,daylight,0,dry,0,2,6,0,1,0,0,0,0,3,slightly_injured
2020,7,Thu,5,52.47421587,13.5205976,morning,10,daylight,0,dry,0,5,3,1,0,0,1,0,0,3,slightly_injured
2020,8,Wed,4,52.54784756,13.30489091,afternoon,16,daylight,0,dry,0,5,2,1,1,0,0,0,0,3,slightly_injured
2020,7,Mon,2,52.5204527,13.38824423,morning,10,daylight,0,wet,1,3,1,1,1,0,0,0,0,2,seriously_injured
2020,7,Thu,5,52.56567117,13.3881383,morning,9,daylight,0,dry,0,5,3,1,1,0,0,0,0,3,slightly_injured
2020,8,Wed,4,52.52543075,13.36583537,evening,19,daylight,0,dry,0,5,2,1,1,0,0,0,0,3,slightly_injured
2020,7,Mon,2,52.51195587,13.44335349,afternoon,16,daylight,0,dry,0,5,3,1,1,0,0,0,0,3,slightly_injured
2020,7,Thu,5,52.4455597,13.38566413,morning,9,daylight,0,dry,0,3,2,0,1,0,0,1,0,3,slightly_injured
2020,8,Tue,3,52.46476904,13.3124656,morning,10,daylight,0,dry,0,5,3,1,1,0,0,0,0,3,slightly_injured
2020,7,Mon,2,52.51195587,13.44335349,afternoon,16,daylight,0,dry,0,5,3,1,1,0,0,0,0,3,slightly_injured
2020,8,Sat,7,52.52052411,13.38823173,morning,10,daylight,0,dry,0,1,5,1,0,0,0,0,1,3,slightly_injured
2020,8,Thu,5,52.46374488,13.48484768,afternoon,13,daylight,0,dry,0,2,6,0,1,0,0,0,0,3,slightly_injured
2020,8,Mon,2,52.43612079,13.69986609,evening,19,dusk,1,dry,0,3,6,1,0,0,0,0,0,3,slightly_injured
2020,7,Thu,5,52.48222357,13.6106626,morning,9,daylight,0,dry,0,5,2,1,1,0,0,0,0,3,slightly_injured
2020,8,Wed,4,52.58547278,13.28107649,morning,10,daylight,0,dry,0,5,3,0,1,0,1,0,0,3,slightly_injured
2020,7,Thu,5,52.49980419,13.17983766,morning,9,daylight,0,dry,0,4,6,0,1,0,0,0,1,2,seriously_injured
2020,8,Tue,3,52.48471878,13.42445036,afternoon,12,daylight,0,dry,0,1,5,1,1,0,0,0,0,3,slightly_injured
2020,7,Mon,2,52.54790932,13.3616881,morning,6,daylight,0,dry,0,6,4,0,1,1,0,0,0,3,slightly_injured
2020,8,Sat,7,52.51655553,13.3005739,afternoon,15,daylight,0,dry,0,5,2,1,1,0,0,0,0,3,slightly_injured
2020,8,Thu,5,52.55661831,13.36349305,afternoon,17,daylight,0,dry,0,4,6,1,0,0,0,0,0,2,seriously_injured
2020,7,Thu,5,52.45094453,13.60299046,morning,9,daylight,0,dry,0,4,6,1,0,0,0,0,0,3,slightly_injured
2020,8,Wed,4,52.43583911,13.25602035,evening,19,daylight,0,dry,0,5,2,1,1,0,0,0,0,3,slightly_injured
2020,7,Mon,2,52.43778236,13.52697603,evening,18,daylight,0,wet,1,5,3,0,1,0,0,0,0,2,seriously_injured
2020,8,Sun,1,52.48076493,13.42536321,afternoon,12,daylight,0,wet,1,5,3,1,1,0,0,0,0,3,slightly_injured
2020,8,Thu,5,52.58937468,13.3388458,afternoon,17,daylight,0,dry,0,0,2,1,1,0,0,0,0,3,slightly_injured
2020,7,Thu,5,52.5127801,13.28128126,morning,8,daylight,0,dry,0,0,2,1,1,0,0,0,0,3,slightly_injured
2020,8,Tue,3,52.56968173,13.30061586,morning,7,daylight,0,dry,0,1,5,1,1,0,0,0,0,3,slightly_injured
2020,7,Mon,2,52.50146279,13.29665729,afternoon,14,daylight,0,dry,0,5,2,1,1,0,0,0,0,3,slightly_injured
2020,8,Sat,7,52.50238355,13.61460574,afternoon,14,daylight,0,dry,0,8,1,0,1,0,0,0,0,3,slightly_injured
2020,8,Thu,5,52.54958298,13.48601057,morning,11,daylight,0,dry,0,5,3,0,1,0,0,0,0,2,seriously_injured
2020,8,Mon,2,52.53246206,13.38070222,evening,18,daylight,0,dry,0,1,5,1,1,0,0,0,0,3,slightly_injured
2020,7,Thu,5,52.50881381,13.326508,morning,7,daylight,0,dry,0,2,6,0,1,0,0,1,0,3,slightly_injured
2020,8,Wed,4,52.55134723,13.40221965,morning,9,daylight,0,dry,0,0,6,1,1,0,0,0,0,3,slightly_injured
2020,7,Thu,5,52.53292495,13.32824052,morning,8,daylight,0,dry,0,0,2,1,0,0,0,0,1,3,slightly_injured
2020,8,Tue,3,52.51225636,13.3829675,evening,19,daylight,0,dry,0,5,2,1,0,0,0,0,1,3,slightly_injured
2020,7,Mon,2,52.47145205,13.56540227,afternoon,12,daylight,0,dry,0,5,7,1,1,0,0,0,0,3,slightly_injured
2020,8,Sun,1,52.44006097,13.47826602,afternoon,17,daylight,0,wet,1,5,3,1,0,0,0,0,1,2,seriously_injured
2020,8,Sat,7,52.42872567,13.26401298,morning,11,daylight,0,dry,0,5,3,1,1,0,0,0,0,3,slightly_injured
2020,8,Thu,5,52.52462426,13.36343355,afternoon,16,daylight,0,dry,0,5,2,0,1,0,0,0,0,3,slightly_injured
2020,7,Wed,4,52.51966918,13.38016069,morning,9,daylight,0,dry,0,5,7,1,0,0,0,0,1,3,slightly_injured
2020,8,Mon,2,52.42895397,13.25710999,morning,8,daylight,0,dry,0,6,7,0,1,1,0,0,0,3,slightly_injured
2020,7,Mon,2,52.52447585,13.44093735,morning,9,daylight,0,dry,0,0,3,0,1,0,0,0,1,3,slightly_injured
2020,7,Wed,4,52.44754221,13.57528962,evening,23,dark,2,dry,0,0,1,1,0,0,0,0,0,3,slightly_injured
2020,8,Wed,4,52.54221874,13.2372186,afternoon,16,daylight,0,dry,0,1,5,1,1,0,0,0,0,3,slightly_injured
2020,7,Wed,4,52.46560932,13.48703541,evening,22,dark,2,dry,0,5,2,0,0,0,1,0,0,3,slightly_injured
2020,8,Tue,3,52.47086352,13.51225175,morning,11,daylight,0,dry,0,3,6,0,1,0,0,0,0,3,slightly_injured
2020,7,Mon,2,52.4715601,13.38579584,morning,11,daylight,0,dry,0,5,3,1,0,0,0,0,1,3,slightly_injured
2020,7,Fri,6,52.49208954,13.31952983,afternoon,12,daylight,0,dry,0,5,2,1,1,0,0,0,0,3,slightly_injured
2020,8,Wed,4,52.50497642,13.3621901,afternoon,13,daylight,0,dry,0,5,2,0,1,0,1,0,0,2,seriously_injured
2020,7,Wed,4,52.49888492,13.41893055,evening,22,dark,2,dry,0,5,2,1,1,0,0,0,0,3,slightly_injured
2020,8,Wed,4,52.58069579,13.36339865,afternoon,13,daylight,0,dry,0,0,7,1,0,0,0,0,0,3,slightly_injured
2020,7,Wed,4,52.54018004,13.45431386,evening,22,dark,2,dry,0,0,7,0,0,0,0,0,1,3,slightly_injured
2020,8,Tue,3,52.44313122,13.43412071,morning,6,daylight,0,dry,0,2,6,0,1,0,1,0,0,3,slightly_injured
2020,7,Mon,2,52.52626849,13.3691772,morning,11,daylight,0,dry,0,6,4,1,0,1,0,0,0,3,slightly_injured
2020,8,Sun,1,52.56754733,13.38437893,afternoon,16,daylight,0,dry,0,5,2,0,1,0,0,0,0,3,slightly_injured
2020,8,Sat,7,52.56214912,13.5774974,night,2,dark,2,dry,0,6,7,1,0,1,0,0,0,3,slightly_injured
2020,8,Thu,5,52.42908882,13.52840896,morning,9,daylight,0,dry,0,5,2,1,0,0,0,0,0,3,slightly_injured
2020,7,Wed,4,52.46092445,13.48121092,evening,22,dark,2,dry,0,5,2,1,1,0,0,0,0,3,slightly_injured
2020,8,Mon,2,52.52862471,13.1923636,afternoon,14,daylight,0,dry,0,6,7,0,0,1,0,0,1,3,slightly_injured
2020,8,Mon,2,52.53424139,13.49559271,evening,18,daylight,0,dry,0,2,6,0,1,0,0,0,0,3,slightly_injured
2020,7,Wed,4,52.55372419,13.33876896,evening,21,dark,2,dry,0,1,5,1,1,0,0,0,0,3,slightly_injured
2020,8,Wed,4,52.46325948,13.51038781,afternoon,16,daylight,0,dry,0,5,2,1,1,0,0,0,0,3,slightly_injured
2020,8,Mon,2,52.49204349,13.39281655,evening,20,daylight,0,dry,0,5,3,0,1,0,0,0,0,3,slightly_injured
2020,7,Wed,4,52.54049962,13.37936714,evening,20,dusk,1,dry,0,0,3,0,1,0,1,0,0,2,seriously_injured
2020,8,Wed,4,52.45655033,13.32227528,night,0,dark,2,dry,0,1,7,0,1,0,0,0,0,3,slightly_injured
2020,7,Wed,4,52.49174795,13.43344987,evening,20,daylight,0,dry,0,3,6,1,1,0,0,0,0,3,slightly_injured
2020,8,Tue,3,52.58768046,13.33455266,afternoon,14,daylight,0,dry,0,0,1,0,0,0,1,0,0,3,slightly_injured
2020,7,Wed,4,52.53605588,13.60226503,evening,18,daylight,0,dry,0,5,2,0,1,0,1,0,0,3,slightly_injured
2020,8,Wed,4,52.55155903,13.34095995,night,0,dark,2,dry,0,5,7,0,1,0,0,0,1,2,seriously_injured
2020,7,Wed,4,52.42491284,13.18576044,evening,18,daylight,0,dry,0,1,5,1,1,0,0,0,0,2,seriously_injured
2020,8,Tue,3,52.55362907,13.41398456,afternoon,16,daylight,0,wet,1,2,6,0,1,0,1,0,0,3,slightly_injured
2020,7,Mon,2,52.53431295,13.46827154,morning,10,daylight,0,dry,0,5,3,1,1,0,0,0,0,2,seriously_injured
2020,8,Sun,1,52.58722933,13.31741172,afternoon,14,daylight,0,wet,1,0,1,0,0,0,1,0,0,3,slightly_injured