ujahr,umonat,weekday,uwochentag,long,lat,time_of_day,ustunde,light_condition,ulichtverh,street_condition,ustrzustand,uart,utyp1,ist_rad,ist_pkw,ist_fuss,ist_krad,ist_gkfz,ist_sonstige,ukategorie,accident_outcome
2020,8,Sat,7,52.58999616,13.43072101,afternoon,15,daylight,0,dry,0,5,2,1,1,0,0,0,0,3,slightly_injured
2020,8,Thu,5,52.45614171,13.32391467,morning,6,daylight,0,dry,0,5,2,1,0,0,0,0,0,3,slightly_injured
2020,7,Wed,4,52.49020675,13.31387782,afternoon,17,daylight,0,dry,0,2,6,0,1,0,0,0,0,3,slightly_injured
2020,8,Mon,2,52.4554523,13.3749511,morning,10,daylight,0,dry,0,5,2,1,1,0,0,0,0,3,slightly_injured
2020,7,Wed,4,52.51012284,13.38412594,afternoon,16,daylight,0,dry,0,5,2,1,1,0,0,0,0,3,slightly_injured
2020,8,Wed,4,52.59663997,13.35511806,afternoon,15,daylight,0,dry,0,6,4,1,0,1,0,0,0,3,slightly_injured
2020,7,Mon,2,52.42444288,13.35686427,morning,10,daylight,0,dry,0,2,6,0,1,0,0,0,0,3,slightly_injured
2020,7,Wed,4,52.46091819,13.27533061,afternoon,16,daylight,0,dry,0,5,3,1,1,0,0,0,0,3,slightly_injured
2020,8,Wed,4,52.54239929,13.23791118,morning,7,daylight,0,dry,0,5,3,1,1,0,0,0,0,3,slightly_injured
2020,7,Mon,2,52.54272313,13.37309849,morning,10,daylight,0,dry,0,9,1,0,1,0,0,0,0,3,slightly_injured
2020,7,Wed,4,52.554302,13.39215001,afternoon,16,daylight,0,dry,0,6,4,0,1,1,0,0,0,3,slightly_injured
2020,8,Tue,3,52.4361314,13.5610937,morning,9,daylight,0,dry,0,2,6,0,1,0,0,0,1,3,slightly_injured
2020,7,Mon,2,52.50608698,13.41966131,morning,10,daylight,0,dry,0,5,3,1,1,0,0,0,0,3,slightly_injured
2020,8,Sat,7,52.46928208,13.23720928,morning,7,daylight,0,dry,0,5,2,1,1,0,0,0,0,3,slightly_injured
2020,8,Thu,5,52.44546326,13.36894186,afternoon,12,daylight,0,dry,0,5,3,0,1,0,1,0,0,2,seriously_injured
2020,8,Mon,2,52.53199049,13.39201234,evening,20,daylight,0,dry,0,0,1,1,0,0,0,0,0,3,slightly_injured
2020,7,Mon,2,52.51685415,13.47198814,morning,10,daylight,0,dry,0,2,7,1,1,0,0,0,0,3,slightly_injured
2020,8,Sat,7,52.54366984,13.38754204,night,0,dark,2,dry,0,1,7,0,1,0,0,0,1,3,slightly_injured
2020,8,Thu,5,52.61622796,13.30099324,afternoon,14,daylight,0,dry,0,6,2,0,1,1,0,0,0,3,slightly_injured
2020,7,Wed,4,52.55466092,13.51192543,afternoon,16,daylight,0,dry,0,5,7,1,1,0,0,0,0,3,slightly_injured
2020,8,Mon,2,52.52252035,13.36843531,morning,8,daylight,0,dry,0,0,3,0,1,0,0,0,1,3,slightly_injured
2020,7,Wed,4,52.50420008,13.34037057,afternoon,16,daylight,0,dry,0,3,6,1,0,0,1,0,0,3,slightly_injured
2020,8,Wed,4,52.51424479,13.56302982,afternoon,12,daylight,0,dry,0,5,2,1,1,0,0,0,0,3,slightly_injured
2020,7,Wed,4,52.56054218,13.42730598,afternoon,15,daylight,0,dry,0,2,6,1,1,0,0,0,0,3,slightly_injured
2020,8,Wed,4,52.5485121,13.13000526,evening,19,daylight,0,dry,0,5,3,1,1,0,0,0,0,2,seriously_injured
2020,7,Mon,2,52.53282018,13.42018814,morning,9,daylight,0,dry,0,0,3,1,0,0,0,0,1,3,slightly_injured
2020,8,Sun,1,52.51862558,13.3708593,morning,6,dusk,1,dry,0,9,1,0,1,0,0,0,0,3,slightly_injured
2020,8,Thu,5,52.5076955,13.39046117,afternoon,17,daylight,0,dry,0,5,3,1,1,0,0,0,0,3,slightly_injured
2020,7,Wed,4,52.54866544,13.18038842,afternoon,15,daylight,0,dry,0,2,6,0,0,1,0,0,1,3,slightly_injured
2020,8,Tue,3,52.48820872,13.41449632,afternoon,13,daylight,0,dry,0,2,6,0,1,0,1,0,0,3,slightly_injured
2020,7,Mon,2,52.4175273,13.43935355,morning,8,daylight,0,dry,0,1,5,0,1,0,0,0,1,3,slightly_injured
2020,8,Sat,7,52.50286199,13.48118279,morning,9,daylight,0,dry,0,0,1,0,0,0,1,0,0,3,slightly_injured
2020,8,Thu,5,52.55672332,13.43476977,morning,11,daylight,0,dry,0,3,6,1,0,0,0,0,1,3,slightly_injured
2020,7,Wed,4,52.54776977,13.49952121,afternoon,15,daylight,0,dry,0,6,2,0,1,1,0,0,0,3,slightly_injured
2020,8,Wed,4,52.51863837,13.32595264,morning,9,daylight,0,dry,0,5,2,1,1,0,0,0,0,3,slightly_injured
2020,7,Wed,4,52.41984188,13.30737768,afternoon,15,daylight,0,dry,0,5,3,1,1,0,0,0,0,3,slightly_injured
2020,8,Tue,3,52.59027512,13.28935983,afternoon,17,daylight,0,dry,0,5,2,1,1,0,0,0,0,3,slightly_injured
2020,7,Mon,2,52.42954061,13.35233534,morning,8,daylight,0,dry,0,9,1,0,1,0,0,0,0,3,slightly_injured
2020,7,Wed,4,52.46508063,13.44279381,afternoon,15,daylight,0,dry,0,5,2,1,1,0,0,0,0,3,slightly_injured
2020,8,Wed,4,52.46430276,13.43315784,morning,10,daylight,0,dry,0,2,6,0,1,0,0,0,0,3,slightly_injured
2020,7,Wed,4,52.53389196,13.28253941,afternoon,15,daylight,0,dry,0,5,2,1,1,0,0,0,0,3,slightly_injured
2020,8,Tue,3,52.51399197,13.40582539,afternoon,14,daylight,0,dry,0,5,2,0,1,0,1,0,0,3,slightly_injured
2020,7,Mon,2,52.50075855,13.42121638,morning,8,daylight,0,dry,0,5,2,1,1,0,0,0,0,3,slightly_injured
2020,8,Sat,7,52.52864594,13.34333799,night,3,dark,2,dry,0,0,1,1,0,0,0,0,0,3,slightly_injured
2020,8,Thu,5,52.5021555,13.39466193,afternoon,16,daylight,0,dry,0,5,2,1,1,0,0,0,0,3,slightly_injured
2020,7,Wed,4,52.52698203,13.47986297,afternoon,14,daylight,0,dry,0,2,6,0,1,0,0,0,0,3,slightly_injured
2020,8,Tue,3,52.64246154,13.5180153,afternoon,12,daylight,0,dry,0,0,7,1,0,0,0,0,0,3,slightly_injured
2020,7,Mon,2,52.52489932,13.34675101,morning,8,daylight,0,dry,0,5,2,1,1,0,0,0,0,3,slightly_injured
2020,7,Wed,4,52.49932782,13.42633159,afternoon,13,daylight,0,dry,0,5,2,1,0,0,0,1,0,3,slightly_injured
2020,8,Wed,4,52.48774974,13.37561695,evening,18,daylight,0,dry,0,6,7,1,0,1,0,0,0,3,slightly_injured
2020,8,Mon,2,52.53837732,13.32610463,evening,19,daylight,0,dry,0,5,2,0,1,0,0,0,0,2,seriously_injured
2020,7,Wed,4,52.63417734,13.51044239,morning,11,daylight,0,dry,0,5,7,0,1,0,0,0,0,3,slightly_injured
2020,8,Wed,4,52.60684444,13.31922762,evening,21,dusk,1,dry,0,0,1,0,0,0,1,0,0,2,seriously_injured
2020,7,Wed,4,52.50896097,13.40462504,morning,11,daylight,0,dry,0,5,3,1,1,0,0,0,0,3,slightly_injured
2020,8,Tue,3,52.46625905,13.49609925,night,4,dusk,1,dry,0,2,6,0,1,0,0,0,0,2,seriously_injured
2020,7,Mon,2,52.42123711,13.48999486,morning,7,daylight,0,dry,0,5,3,1,1,0,0,0,0,3,slightly_injured
2020,8,Sun,1,52.50267001,13.41421975,afternoon,17,daylight,0,wet,1,2,7,1,1,0,0,0,0,3,slightly_injured
2020,8,Sat,7,52.5704708,13.37755653,evening,18,daylight,0,dry,0,5,3,0,1,0,1,0,0,2,seriously_injured
2020,8,Thu,5,52.45916432,13.34883089,morning,9,daylight,0,dry,0,5,2,1,1,0,0,0,0,2,seriously_injured
2020,7,Wed,4,52.4826053,13.36142864,morning,11,daylight,0,dry,0,1,5,1,0,0,0,0,1,2,seriously_injured
2020,8,Mon,2,52.42243122,13.37069349,afternoon,12,daylight,0,dry,0,5,2,0,1,0,0,0,0,3,slightly_injured
2020,7,Wed,4,52.55497871,13.30694042,morning,10,daylight,0,dry,0,2,6,0,1,0,0,0,0,3,slightly_injured
2020,8,Wed,4,52.55428931,13.3358927,afternoon,16,daylight,0,dry,0,2,6,0,1,0,0,0,0,3,slightly_injured
2020,8,Sun,1,52.49938734,13.41813805,afternoon,13,daylight,0,wet,1,5,2,1,1,0,0,0,0,3,slightly_injured
2020,8,Thu,5,52.50509571,13.37382585,evening,18,daylight,0,dry,0,5,3,0,1,0,0,0,0,3,slightly_injured
2020,8,Sat,7,52.4956086,13.45593209,evening,19,daylight,0,dry,0,1,5,1,1,0,0,0,0,3,slightly_injured
2020,8,Thu,5,52.52530586,13.44379133,morning,6,daylight,0,dry,0,5,2,0,1,0,0,0,1,3,slightly_injured
2020,7,Wed,4,52.5330648,13.32841729,morning,10,daylight,0,dry,0,5,2,1,1,0,0,0,0,2,seriously_injured
2020,8,Mon,2,52.52259,13.31449978,evening,21,dark,2,dry,0,1,5,0,1,0,0,0,0,3,slightly_injured
2020,7,Wed,4,52.43913826,13.34361372,morning,10,daylight,0,dry,0,5,2,0,1,0,0,0,1,3,slightly_injured
2020,8,Wed,4,52.44436408,13.57674304,afternoon,17,daylight,0,dry,0,0,1,1,0,0,0,0,0,3,slightly_injured
2020,7,Wed,4,52.56130504,13.4993172,morning,9,daylight,0,dry,0,5,3,1,1,0,0,0,0,2,seriously_injured
2020,8,Wed,4,52.53692931,13.27327953,morning,8,daylight,0,dry,0,5,2,1,0,0,0,0,1,3,slightly_injured
2020,7,Wed,4,52.53472458,13.33799993,morning,10,daylight,0,dry,0,0,3,0,0,0,1,0,1,2,seriously_injured
2020,8,Tue,3,52.50067671,13.5858029,afternoon,15,daylight,0,dry,0,5,3,1,1,0,0,0,0,2,seriously_injured
2020,7,Mon,2,52.5013961,13.31681554,evening,20,daylight,0,wet,1,0,5,0,1,0,1,0,0,2,seriously_injured
2020,8,Sun,1,52.55000003,13.41723159,afternoon,13,daylight,0,wet,1,0,1,0,1,0,0,0,0,3,slightly_injured
2020,8,Sat,7,52.42993561,13.33345651,afternoon,13,daylight,0,dry,0,0,2,1,1,0,0,0,0,3,slightly_injured
2020,8,Thu,5,52.51695851,13.17756604,afternoon,16,daylight,0,dry,0,0,1,0,0,0,1,0,0,3,slightly_injured
2020,7,Wed,4,52.43124754,13.30957616,morning,9,daylight,0,dry,0,5,3,1,1,0,0,0,0,1,killed
2020,8,Mon,2,52.53668773,13.26456756,morning,8,daylight,0,dry,0,2,6,0,1,0,0,0,0,3,slightly_injured
2020,7,Wed,4,52.39978832,13.5563684,morning,8,daylight,0,dry,0,5,3,1,0,0,0,0,1,3,slightly_injured
2020,8,Wed,4,52.53806986,13.3961574,afternoon,12,daylight,0,dry,0,2,6,0,1,0,1,0,0,3,slightly_injured
2020,7,Wed,4,52.44443502,13.30301413,morning,7,daylight,0,dry,0,6,7,1,0,1,0,0,0,3,slightly_injured
2020,8,Wed,4,52.47036028,13.45284894,evening,19,daylight,0,dry,0,6,4,0,0,1,1,0,0,3,slightly_injured
2020,7,Mon,2,52.60772837,13.42627759,evening,18,daylight,0,dry,0,0,7,0,0,0,0,0,1,2,seriously_injured
2020,7,Mon,2,52.50780265,13.31423072,evening,19,daylight,0,wet,1,0,1,0,0,0,1,0,0,3,slightly_injured
2020,7,Wed,4,52.58028584,13.5205648,morning,6,daylight,0,dry,0,0,7,0,1,0,0,0,0,2,seriously_injured
2020,8,Wed,4,52.58480681,13.17682619,evening,20,dusk,1,wet,1,0,7,0,0,0,1,0,0,3,slightly_injured
2020,7,Mon,2,52.48117017,13.42496368,evening,18,daylight,0,wet,1,1,5,1,1,0,0,0,0,3,slightly_injured
2020,7,Wed,4,52.48073797,13.43548166,morning,6,daylight,0,dry,0,5,3,1,0,0,0,0,0,3,slightly_injured
2020,8,Tue,3,52.43365508,13.46675563,morning,10,daylight,0,dry,0,1,5,0,1,0,0,0,0,3,slightly_injured
2020,7,Mon,2,52.46867068,13.42074484,evening,18,daylight,0,wet,1,4,2,1,1,0,0,0,0,3,slightly_injured
2020,8,Sat,7,52.44199303,13.42541127,morning,11,daylight,0,dry,0,5,3,1,1,0,0,0,0,3,slightly_injured
2020,8,Thu,5,52.49919081,13.35423753,afternoon,14,daylight,0,dry,0,5,3,1,1,0,0,0,0,3,slightly_injured
2020,7,Wed,4,52.53896403,13.39850052,night,1,dark,2,dry,0,5,3,1,0,0,0,0,1,3,slightly_injured
2020,8,Mon,2,52.57678034,13.31521321,evening,18,daylight,0,dry,0,6,4,0,1,1,0,0,0,2,seriously_injured
2020,7,Wed,4,52.55661443,13.36348551,afternoon,15,daylight,0,dry,0,2,6,0,1,0,0,0,0,3,slightly_injured
2020,8,Wed,4,52.51147822,13.26911063,afternoon,14,daylight,0,dry,0,2,6,0,1,0,1,0,0,3,slightly_injured
2020,7,Tue,3,52.51833309,13.28041053,morning,7,daylight,0,dry,0,0,2,1,0,0,0,1,0,3,slightly_injured
2020,8,Wed,4,52.44229127,13.29743631,afternoon,13,daylight,0,dry,0,3,6,0,1,0,1,0,0,3,slightly_injured
2020,7,Mon,2,52.490271,13.31425783,evening,18,daylight,0,wet,1,5,2,1,1,0,0,0,0,3,slightly_injured
2020,8,Sat,7,52.49932633,13.43200363,afternoon,15,daylight,0,dry,0,5,3,1,0,0,1,0,0,3,slightly_injured
2020,8,Thu,5,52.54770925,13.21075915,evening,19,daylight,0,dry,0,5,2,1,1,0,0,0,0,3,slightly_injured
2020,7,Tue,3,52.4513402,13.58925142,afternoon,16,daylight,0,dry,0,3,6,1,0,0,0,0,0,3,slightly_injured
2020,8,Tue,3,52.45753791,13.39361399,afternoon,12,daylight,0,dry,0,0,5,0,1,0,1,0,0,3,slightly_injured
2020,7,Mon,2,52.50024567,13.42304286,afternoon,17,daylight,0,dry,0,5,2,1,1,0,0,0,0,2,seriously_injured
2020,7,Fri,6,52.54495199,13.44637327,morning,9,daylight,0,dry,0,5,3,1,1,0,0,0,0,3,slightly_injured
2020,8,Wed,4,52.56788484,13.51764901,afternoon,16,daylight,0,dry,0,0,6,0,1,0,1,0,0,2,seriously_injured
2020,8,Sun,1,52.55472266,13.39693967,afternoon,12,daylight,0,wet,1,2,6,0,1,0,0,0,0,3,slightly_injured
2020,8,Thu,5,52.54372431,13.20675224,afternoon,17,daylight,0,dry,0,5,2,0,1,0,0,0,1,3,slightly_injured
2020,7,Tue,3,52.50965939,13.37741456,morning,11,daylight,0,dry,0,5,2,1,0,0,0,0,1,3,slightly_injured
2020,8,Tue,3,52.50914109,13.39962406,morning,8,daylight,0,dry,0,3,6,1,1,0,0,0,0,3,slightly_injured
2020,7,Mon,2,52.54723136,13.59017255,afternoon,17,daylight,0,dry,0,6,4,0,1,1,0,0,0,3,slightly_injured
2020,8,Sat,7,52.51941144,13.44799252,morning,9,daylight,0,dry,0,5,3,0,1,0,0,0,0,3,slightly_injured
2020,8,Thu,5,52.50095584,13.31576887,morning,11,daylight,0,dry,0,2,6,0,1,0,0,0,0,3,slightly_injured
2020,7,Tue,3,52.44410235,13.3213412,afternoon,16,daylight,0,dry,0,0,2,0,1,0,1,0,0,3,slightly_injured
2020,8,Wed,4,52.49885528,13.41781091,morning,9,daylight,0,dry,0,5,3,1,1,0,0,0,0,3,slightly_injured
2020,7,Tue,3,52.48011463,13.42527429,afternoon,15,daylight,0,dry,0,0,6,0,1,0,1,0,0,2,seriously_injured
2020,8,Tue,3,52.54109899,13.4113052,evening,19,daylight,0,dry,0,3,6,1,0,0,0,0,0,3,slightly_injured
2020,7,Mon,2,52.52489083,13.17908921,afternoon,16,daylight,0,dry,0,6,4,0,1,1,0,0,0,3,slightly_injured
2020,8,Sat,7,52.53141355,13.38683358,night,2,dark,2,dry,0,0,1,0,0,0,0,0,1,2,seriously_injured
2020,8,Thu,5,52.58345712,13.22641705,afternoon,16,daylight,0,dry,0,5,3,0,1,0,1,0,0,3,slightly_injured
2020,7,Tue,3,52.45601407,13.38078116,afternoon,15,daylight,0,dry,0,2,6,0,1,0,1,0,0,2,seriously_injured
2020,8,Mon,2,52.49238408,13.43143066,evening,18,daylight,0,dry,0,0,1,0,0,0,1,0,0,3,slightly_injured
2020,7,Mon,2,52.54801276,13.29675387,afternoon,15,daylight,0,dry,0,5,2,0,1,0,0,0,0,3,slightly_injured
2020,7,Tue,3,52.47244243,13.45322728,afternoon,15,daylight,0,dry,0,6,4,0,1,1,0,0,0,3,slightly_injured
2020,8,Wed,4,52.53608326,13.60215665,evening,23,dark,2,dry,0,5,3,1,1,0,0,0,0,3,slightly_injured
2020,7,Tue,3,52.49901403,13.39549507,afternoon,14,daylight,0,dry,0,5,3,1,1,0,0,0,0,3,slightly_injured
2020,8,Wed,4,52.46950419,13.49179419,morning,8,daylight,0,dry,0,2,7,0,1,0,1,0,0,2,seriously_injured
2020,7,Tue,3,52.5521588,13.38194039,afternoon,13,daylight,0,dry,0,0,1,0,0,0,1,0,0,2,seriously_injured
2020,8,Wed,4,52.53155439,13.46233806,evening,22,dark,2,dry,0,0,7,1,0,1,0,0,0,3,slightly_injured
2020,7,Tue,3,52.50307232,13.49271178,afternoon,13,daylight,0,dry,0,5,3,0,1,0,0,0,0,2,seriously_injured
2020,8,Tue,3,52.55447511,13.40426007,morning,6,daylight,0,dry,0,2,6,0,1,0,0,0,0,3,slightly_injured
2020,7,Mon,2,52.58212107,13.36433358,afternoon,15,daylight,0,dry,0,2,6,1,1,0,0,1,0,2,seriously_injured
2020,8,Sun,1,52.52945797,13.62620389,afternoon,13,daylight,0,wet,1,2,2,0,1,0,0,0,0,2,seriously_injured
2020,8,Sat,7,52.54652749,13.35923562,evening,19,daylight,0,dry,0,5,3,1,1,0,0,0,0,3,slightly_injured
2020,8,Thu,5,52.50008665,13.30715733,morning,9,daylight,0,dry,0,5,2,0,1,0,0,0,0,3,slightly_injured
2020,7,Tue,3,52.44341395,13.43151392,afternoon,13,daylight,0,dry,0,5,2,1,1,0,0,0,0,3,slightly_injured
2020,8,Mon,2,52.49958022,13.42542509,afternoon,14,daylight,0,dry,0,6,4,0,0,1,1,0,0,3,slightly_injured
2020,8,Mon,2,52.59053503,13.39841724,evening,19,daylight,0,dry,0,9,1,0,0,0,1,0,0,2,seriously_injured
2020,7,Tue,3,52.52904196,13.45782455,morning,11,daylight,0,dry,0,0,1,1,0,0,0,0,0,3,slightly_injured
2020,8,Wed,4,52.4920241,13.4359942,afternoon,17,daylight,0,dry,0,3,6,1,1,0,0,0,0,2,seriously_injured
2020,8,Mon,2,52.50434157,13.34052305,evening,18,daylight,0,dry,0,5,3,0,1,0,1,0,0,3,slightly_injured
2020,7,Tue,3,52.49078629,13.27901462,afternoon,12,daylight,0,dry,0,3,6,1,1,0,0,0,0,3,slightly_injured
2020,8,Wed,4,52.48249462,13.34220086,morning,8,daylight,0,dry,0,5,3,1,0,0,0,0,0,2,seriously_injured
2020,7,Tue,3,52.44295694,13.58107849,afternoon,12,daylight,0,dry,0,0,7,1,0,0,0,0,0,3,slightly_injured
2020,8,Tue,3,52.41983928,13.31219709,afternoon,14,daylight,0,dry,0,5,3,1,1,0,0,0,0,3,slightly_injured
2020,7,Mon,2,52.61788285,13.48146379,afternoon,14,daylight,0,dry,0,5,3,0,1,0,0,0,0,3,slightly_injured
2020,8,Sat,7,52.50345395,13.41046207,afternoon,12,daylight,0,dry,0,5,2,1,1,0,0,0,0,3,slightly_injured
2020,8,Thu,5,52.559655,13.49461316,afternoon,14,daylight,0,dry,0,5,7,0,1,0,0,0,0,3,slightly_injured
2020,8,Mon,2,52.42920897,13.59443462,evening,18,daylight,0,dry,0,1,3,1,1,0,0,0,0,3,slightly_injured
2020,8,Mon,2,52.45913905,13.40019403,morning,7,daylight,0,wet,1,5,3,0,1,0,0,0,0,3,slightly_injured
2020,8,Tue,3,52.5183592,13.44038986,afternoon,13,daylight,0,dry,0,2,6,1,1,0,0,0,0,3,slightly_injured
2020,8,Fri,6,52.50945519,13.39013257,morning,6,dusk,1,wet,1,5,3,0,0,0,0,1,1,3,slightly_injured
2020,8,Wed,4,52.49711234,13.52356567,morning,9,daylight,0,dry,0,6,4,0,1,1,0,0,0,3,slightly_injured
2020,8,Wed,4,52.46985318,13.58872991,morning,7,daylight,0,dry,0,6,4,0,0,1,0,0,1,2,seriously_injured
2020,8,Mon,2,52.52711543,13.33092469,evening,19,daylight,0,dry,0,0,3,0,1,0,0,0,1,3,slightly_injured
2020,8,Sun,1,52.53148369,13.40270309,afternoon,17,daylight,0,dry,0,0,1,1,0,0,0,0,0,2,seriously_injured
2020,8,Mon,2,52.54582876,13.57090357,afternoon,17,daylight,0,wet,1,0,1,0,0,0,1,0,0,2,seriously_injured
2020,8,Thu,5,52.45685651,13.35913653,afternoon,15,daylight,0,dry,0,5,2,1,1,0,0,0,0,3,slightly_injured
2020,8,Mon,2,52.53812644,13.37572212,evening,22,dark,2,dry,0,5,3,0,1,0,1,0,0,3,slightly_injured
2020,8,Sat,7,52.43089868,13.33944853,morning,10,daylight,0,dry,0,1,5,1,1,0,0,0,0,3,slightly_injured
2020,8,Wed,4,52.52716683,13.45088573,morning,8,daylight,0,dry,0,5,2,1,1,0,0,0,0,3,slightly_injured
2020,8,Mon,2,52.54727476,13.56255608,morning,10,daylight,0,dry,0,5,3,0,1,0,1,0,0,3,slightly_injured
2020,8,Fri,6,52.54766525,13.21097604,afternoon,16,daylight,0,dry,0,5,2,1,1,0,0,0,0,3,slightly_injured
2020,8,Wed,4,52.46601245,13.43672079,morning,7,daylight,0,dry,0,5,3,0,1,0,0,0,0,3,slightly_injured
2020,8,Mon,2,52.50057778,13.43948807,morning,10,daylight,0,dry,0,0,5,0,1,0,0,0,1,3,slightly_injured
2020,8,Thu,5,52.53401794,13.35357856,morning,8,daylight,0,dry,0,3,6,1,0,0,0,0,0,3,slightly_injured
2020,8,Wed,4,52.53871333,13.20067374,morning,8,daylight,0,dry,0,5,2,0,1,0,0,0,1,3,slightly_injured
2020,8,Mon,2,52.49409875,13.62416499,morning,10,daylight,0,dry,0,1,5,1,1,0,0,0,0,3,slightly_injured
2020,8,Sun,1,52.48389854,13.43586539,evening,20,dark,2,dry,0,6,4,0,1,1,0,0,0,3,slightly_injured
2020,8,Thu,5,52.50587933,13.32003692,afternoon,12,daylight,0,dry,0,2,6,0,1,0,0,0,0,3,slightly_injured
2020,8,Mon,2,52.54271516,13.44287763,morning,9,daylight,0,dry,0,1,5,1,1,0,0,0,0,3,slightly_injured
2020,8,Sat,7,52.51047766,13.29786809,afternoon,15,daylight,0,dry,0,0,1,1,0,0,0,0,0,3,slightly_injured
2020,8,Thu,5,52.50589295,13.31979439,afternoon,15,daylight,0,dry,0,2,6,1,1,0,0,0,0,3,slightly_injured
2020,8,Mon,2,52.47460519,13.36689477,morning,9,daylight,0,dry,0,2,6,1,1,0,0,0,0,3,slightly_injured
2020,8,Sat,7,52.51018337,13.43007314,afternoon,13,daylight,0,dry,0,2,6,0,1,0,0,0,0,3,slightly_injured
2020,8,Mon,2,52.53394945,13.49651098,morning,8,daylight,0,dry,0,5,3,1,1,0,0,0,0,3,slightly_injured
2020,8,Fri,6,52.47808182,13.43052732,afternoon,14,daylight,0,dry,0,6,4,0,1,1,0,0,0,3,slightly_injured
2020,8,Wed,4,52.5794564,13.38227226,morning,7,daylight,0,dry,0,5,3,1,0,0,0,0,0,3,slightly_injured
2020,8,Mon,2,52.48401264,13.28193421,morning,8,daylight,0,dry,0,1,7,0,1,0,0,0,0,3,slightly_injured
2020,8,Mon,2,52.45351343,13.50696236,morning,7,daylight,0,dry,0,4,6,0,1,0,0,0,0,3,slightly_injured
2020,8,Thu,5,52.51040594,13.32403489,morning,6,daylight,0,dry,0,1,5,0,1,0,0,0,1,3,slightly_injured
2020,8,Wed,4,52.56088355,13.56779316,morning,8,daylight,0,dry,0,2,6,1,0,0,0,0,0,3,slightly_injured
2020,8,Mon,2,52.41925805,13.31551227,morning,7,daylight,0,dry,0,0,1,1,0,0,0,0,0,2,seriously_injured
2020,8,Sun,1,52.53447743,13.53933054,evening,19,daylight,0,dry,0,6,4,0,1,1,0,0,0,2,seriously_injured
2020,8,Wed,4,52.50282058,13.30783975,afternoon,16,daylight,0,dry,0,1,5,1,1,0,0,0,0,3,slightly_injured
2020,8,Mon,2,52.57012363,13.53151168,morning,7,daylight,0,dry,0,0,1,1,0,0,0,0,0,3,slightly_injured
2020,8,Fri,6,52.52898834,13.40983743,night,0,dark,2,dry,0,4,6,1,0,0,0,0,0,2,seriously_injured
2020,8,Mon,2,52.5541498,13.34532151,afternoon,16,daylight,0,wet,1,2,6,0,1,0,0,0,0,3,slightly_injured
2020,8,Fri,6,52.5337688,13.19454861,afternoon,12,daylight,0,dry,0,6,2,0,1,1,0,0,0,2,seriously_injured
2020,8,Wed,4,52.56689495,13.34670342,morning,10,daylight,0,dry,0,5,2,1,1,0,0,0,0,3,slightly_injured
2020,8,Wed,4,52.52304517,13.47923653,morning,7,daylight,0,dry,0,0,2,0,1,1,0,0,0,3,slightly_injured
2020,8,Mon,2,52.4748716,13.55925836,morning,8,daylight,0,dry,0,6,4,0,1,1,0,0,0,2,seriously_injured
2020,8,Mon,2,52.56316052,13.36578867,afternoon,16,daylight,0,dry,0,2,6,1,1,0,0,0,0,3,slightly_injured
2020,8,Mon,2,52.49160611,13.43557655,afternoon,15,daylight,0,dry,0,5,3,1,0,0,0,0,1,3,slightly_injured
2020,8,Thu,5,52.4203834,13.53867998,evening,18,daylight,0,dry,0,5,2,1,1,0,0,0,0,3,slightly_injured
2020,8,Wed,4,52.51580526,13.41240493,morning,9,daylight,0,dry,0,5,2,1,0,0,0,1,0,3,slightly_injured
2020,8,Mon,2,52.50579874,13.25475914,afternoon,15,daylight,0,dry,0,0,1,1,0,0,0,0,0,3,slightly_injured
2020,8,Fri,6,52.48063679,13.43188796,afternoon,14,daylight,0,dry,0,5,2,1,1,0,0,0,0,3,slightly_injured
2020,8,Tue,3,52.53651753,13.43669035,evening,19,daylight,0,dry,0,0,2,1,1,0,0,0,0,3,slightly_injured
2020,8,Mon,2,52.5124436,13.41705948,afternoon,15,daylight,0,dry,0,5,3,1,1,0,0,0,0,3,slightly_injured
2020,8,Mon,2,52.55683157,13.36570228,afternoon,15,daylight,0,dry,0,0,2,0,1,0,1,0,0,3,slightly_injured
2020,8,Thu,5,52.47139742,13.51725175,evening,19,daylight,0,dry,0,9,1,0,1,0,0,0,0,2,seriously_injured
2020,8,Tue,3,52.48702667,13.26074231,afternoon,14,daylight,0,dry,0,5,3,1,1,0,0,0,0,3,slightly_injured
2020,8,Mon,2,52.56408741,13.52563936,evening,20,daylight,0,dry,0,5,2,1,1,0,0,0,0,3,slightly_injured
2020,8,Sun,1,52.51547166,13.46028317,night,2,dark,2,dry,0,5,5,1,1,0,0,0,0,3,slightly_injured
2020,8,Wed,4,52.49032195,13.42365914,evening,19,daylight,0,dry,0,6,4,1,0,1,0,0,0,3,slightly_injured
2020,8,Mon,2,52.54402216,13.4923385,evening,20,daylight,0,dry,0,5,2,0,1,0,1,0,0,2,seriously_injured