ujahr,umonat,weekday,uwochentag,long,lat,time_of_day,ustunde,light_condition,ulichtverh,street_condition,ustrzustand,uart,utyp1,ist_rad,ist_pkw,ist_fuss,ist_krad,ist_gkfz,ist_sonstige,ukategorie,accident_outcome
2020,8,Fri,6,52.46705993,13.33167563,evening,20,dusk,1,dry,0,0,7,0,1,0,0,0,0,3,slightly_injured
2020,8,Mon,2,52.5585868,13.3437165,afternoon,15,daylight,0,dry,0,5,2,1,1,0,0,0,0,3,slightly_injured
2020,8,Fri,6,52.56290943,13.39650626,morning,8,daylight,0,dry,0,1,5,1,1,0,0,0,0,3,slightly_injured
2020,8,Tue,3,52.45850393,13.33532696,morning,9,daylight,0,dry,0,5,3,1,1,0,0,0,0,3,slightly_injured
2020,8,Wed,4,52.5190992,13.29156079,morning,6,daylight,0,dry,0,2,6,0,1,0,0,1,0,3,slightly_injured
2020,8,Mon,2,52.51961622,13.26245021,evening,18,daylight,0,dry,0,5,3,0,1,0,0,0,0,3,slightly_injured
2020,8,Mon,2,52.53436096,13.19954414,afternoon,13,daylight,0,wet,1,2,6,0,1,0,0,0,0,3,slightly_injured
2020,8,Thu,5,52.43974259,13.21466083,afternoon,17,daylight,0,dry,0,2,6,0,1,0,0,0,0,3,slightly_injured
2020,8,Mon,2,52.51386779,13.41747156,afternoon,17,daylight,0,dry,0,5,3,1,1,0,0,0,0,2,seriously_injured
2020,8,Sat,7,52.55135093,13.13228256,morning,7,daylight,0,dry,0,5,3,1,1,0,0,0,0,3,slightly_injured
2020,8,Tue,3,52.52019945,13.41360088,evening,18,daylight,0,dry,0,6,7,1,0,1,0,0,0,3,slightly_injured
2020,8,Mon,2,52.49825645,13.62254322,afternoon,13,daylight,0,dry,0,1,7,0,1,0,0,0,0,3,slightly_injured
2020,8,Mon,2,52.44107084,13.68846334,afternoon,17,daylight,0,wet,1,0,1,0,0,0,1,0,0,3,slightly_injured
2020,8,Sat,7,52.50626539,13.33239581,evening,20,dusk,1,dry,0,5,2,0,1,0,1,0,0,3,slightly_injured
2020,8,Wed,4,52.46445648,13.43304631,evening,18,daylight,0,dry,0,3,6,0,1,0,0,0,0,3,slightly_injured
2020,8,Mon,2,52.48831295,13.31394826,afternoon,17,daylight,0,wet,1,1,5,0,1,0,0,0,0,3,slightly_injured
2020,8,Fri,6,52.45019924,13.27019181,evening,18,daylight,0,dry,0,3,6,1,0,0,0,0,0,3,slightly_injured
2020,8,Mon,2,52.49919297,13.48076681,afternoon,13,daylight,0,dry,0,4,6,1,0,0,0,0,0,3,slightly_injured
2020,8,Thu,5,52.49804835,13.29615241,evening,18,daylight,0,dry,0,3,6,1,0,0,0,0,1,3,slightly_injured
2020,8,Tue,3,52.47335036,13.3352873,evening,22,dark,2,dry,0,0,1,1,0,0,0,0,0,2,seriously_injured
2020,8,Wed,4,52.41783126,13.49552747,morning,6,daylight,0,dry,0,1,5,1,1,0,0,0,0,3,slightly_injured
2020,8,Mon,2,52.52157051,13.18891318,afternoon,17,daylight,0,wet,1,5,3,0,1,0,0,0,0,3,slightly_injured
2020,8,Sun,1,52.49004601,13.52784241,afternoon,16,daylight,0,dry,0,2,6,0,1,0,0,0,0,3,slightly_injured
2020,8,Mon,2,52.46043592,13.51316661,morning,11,daylight,0,dry,0,6,7,1,0,1,0,0,0,3,slightly_injured
2020,8,Thu,5,52.55543591,13.39154123,afternoon,15,daylight,0,dry,0,5,2,1,1,0,0,0,0,3,slightly_injured
2020,8,Mon,2,52.52387116,13.47971944,afternoon,17,daylight,0,wet,1,0,2,1,1,0,0,0,0,3,slightly_injured
2020,8,Sat,7,52.51268682,13.49782228,morning,11,daylight,0,dry,0,6,4,0,1,1,0,0,0,3,slightly_injured
2020,8,Tue,3,52.55039086,13.37855157,evening,23,dark,2,dry,0,5,3,0,1,0,0,0,1,3,slightly_injured
2020,8,Mon,2,52.47951249,13.28535755,afternoon,16,daylight,0,dry,0,5,3,1,1,0,0,0,0,2,seriously_injured
2020,8,Fri,6,52.52105989,13.42966429,afternoon,16,daylight,0,dry,0,5,2,1,1,0,0,0,0,3,slightly_injured
2020,8,Tue,3,52.49821949,13.35947527,evening,23,dark,2,dry,0,5,2,1,1,0,0,0,0,3,slightly_injured
2020,8,Mon,2,52.5223391,13.25666108,afternoon,16,daylight,0,wet,1,2,6,0,0,0,0,1,0,2,seriously_injured
2020,8,Thu,5,52.56508131,13.39418275,morning,8,daylight,0,dry,0,5,3,1,1,0,0,0,0,3,slightly_injured
2020,8,Tue,3,52.53488652,13.19953535,evening,21,dusk,1,dry,0,5,2,1,1,0,0,0,0,3,slightly_injured
2020,8,Fri,6,52.54886142,13.17807743,afternoon,17,daylight,0,dry,0,5,7,1,1,0,0,0,0,3,slightly_injured
2020,8,Tue,3,52.5654037,13.40662929,evening,21,dusk,1,dry,0,6,2,0,1,1,0,0,0,3,slightly_injured
2020,8,Mon,2,52.38668007,13.40355641,morning,11,daylight,0,dry,0,0,6,0,1,0,0,0,1,3,slightly_injured
2020,8,Thu,5,52.58371484,13.28453065,morning,10,daylight,0,dry,0,5,3,0,1,0,0,0,0,3,slightly_injured
2020,8,Tue,3,52.46890519,13.37056658,evening,19,daylight,0,dry,0,5,3,0,1,0,0,0,0,3,slightly_injured
2020,8,Mon,2,52.59169977,13.32620763,morning,10,daylight,0,dry,0,0,3,0,1,0,0,0,0,3,slightly_injured
2020,8,Sun,1,52.47190952,13.42891906,evening,21,dark,2,dry,0,2,6,0,1,0,0,0,0,3,slightly_injured
2020,8,Sun,1,52.50217729,13.32264491,afternoon,14,daylight,0,dry,0,2,6,0,1,0,0,0,0,2,seriously_injured
2020,8,Thu,5,52.47730661,13.3283339,afternoon,14,daylight,0,dry,0,5,2,1,1,0,0,0,0,3,slightly_injured
2020,8,Sun,1,52.55151264,13.33795649,morning,10,daylight,0,dry,0,5,2,0,1,0,1,0,0,3,slightly_injured
2020,8,Sat,7,52.50733795,13.47137824,afternoon,15,daylight,0,dry,0,2,6,0,1,0,0,0,0,2,seriously_injured
2020,8,Sun,1,52.45337697,13.50971187,morning,7,daylight,0,dry,0,0,7,0,1,1,0,0,0,3,slightly_injured
2020,8,Fri,6,52.54396745,13.35518605,afternoon,14,daylight,0,dry,0,5,3,1,1,0,0,0,0,3,slightly_injured
2020,8,Tue,3,52.46440138,13.51931101,evening,19,daylight,0,dry,0,5,3,1,1,0,0,0,0,3,slightly_injured
2020,8,Sun,1,52.52303251,13.45363141,evening,22,dark,2,dry,0,5,3,0,1,0,0,0,0,3,slightly_injured
2020,8,Sun,1,52.41687698,13.58951344,evening,22,dark,2,wet,1,0,1,1,0,0,0,0,0,2,seriously_injured
2020,8,Thu,5,52.42460267,13.35670656,evening,20,dusk,1,dry,0,5,3,0,1,0,0,0,0,3,slightly_injured
2020,8,Tue,3,52.53629546,13.35813055,morning,11,daylight,0,dry,0,2,6,0,1,0,0,0,0,3,slightly_injured
2020,8,Sun,1,52.51854783,13.46914988,evening,21,dark,2,dry,0,1,5,0,1,0,0,0,1,3,slightly_injured
2020,8,Sun,1,52.55348514,13.43443895,morning,10,daylight,0,dry,0,3,6,1,1,0,0,0,0,3,slightly_injured
2020,8,Wed,4,52.5406486,13.23218244,evening,22,dark,2,dry,0,5,2,0,1,0,0,0,0,3,slightly_injured
2020,8,Sun,1,52.55386288,13.41479093,evening,18,daylight,0,dry,0,5,3,1,1,0,0,0,0,2,seriously_injured
2020,8,Fri,6,52.55728005,13.3729804,evening,22,dark,2,dry,0,6,4,0,1,1,0,0,0,2,seriously_injured
2020,8,Sun,1,52.49688273,13.36677677,night,3,dark,2,dry,0,8,1,0,0,0,0,0,1,2,seriously_injured
2020,8,Sun,1,52.55599316,13.38474326,morning,10,daylight,0,dry,0,2,6,0,1,0,0,0,0,3,slightly_injured
2020,8,Thu,5,52.50802596,13.32863132,afternoon,12,daylight,0,dry,0,2,6,0,1,0,1,0,0,3,slightly_injured
2020,8,Sun,1,52.41633007,13.58144311,afternoon,13,daylight,0,dry,0,2,6,1,1,0,0,0,0,3,slightly_injured
2020,8,Sat,7,52.54745008,13.37380836,evening,20,dusk,1,dry,0,0,7,1,0,0,0,0,0,3,slightly_injured
2020,8,Sun,1,52.52386818,13.42301345,afternoon,12,daylight,0,dry,0,0,7,1,0,0,0,0,0,3,slightly_injured
2020,8,Fri,6,52.43114109,13.45771142,afternoon,13,daylight,0,dry,0,0,6,0,1,0,0,0,1,3,slightly_injured
2020,8,Tue,3,52.44763603,13.29962138,morning,9,daylight,0,dry,0,5,3,1,1,0,0,0,0,3,slightly_injured
2020,8,Mon,2,52.49463495,13.34974982,morning,11,daylight,0,dry,0,5,2,1,1,0,0,0,0,3,slightly_injured
2020,8,Sun,1,52.51870789,13.4621558,afternoon,13,daylight,0,dry,0,0,7,0,0,0,0,0,1,3,slightly_injured
2020,8,Sun,1,52.48232481,13.44508226,morning,9,daylight,0,dry,0,0,3,1,1,0,0,0,0,2,seriously_injured
2020,8,Thu,5,52.4474932,13.59358343,evening,18,daylight,0,dry,0,5,3,1,1,0,0,0,0,3,slightly_injured
2020,8,Tue,3,52.51939971,13.38534996,morning,8,daylight,0,dry,0,1,5,1,1,0,0,0,0,3,slightly_injured
2020,8,Sun,1,52.54784572,13.38256324,morning,7,daylight,0,dry,0,1,5,1,1,0,0,0,0,3,slightly_injured
2020,8,Sun,1,52.49952374,13.31669279,night,0,dark,2,dry,0,5,2,0,1,0,1,0,0,3,slightly_injured
2020,8,Wed,4,52.512399,13.47005997,evening,19,daylight,0,dry,0,2,6,1,1,0,0,0,0,3,slightly_injured
2020,8,Sun,1,52.50579508,13.32397597,night,2,dark,2,dry,0,1,5,1,1,0,0,0,0,3,slightly_injured
2020,8,Fri,6,52.52960105,13.38426138,evening,18,daylight,0,dry,0,3,6,1,0,0,1,0,0,3,slightly_injured
2020,8,Sun,1,52.51996264,13.3556163,night,1,dark,2,dry,0,5,2,0,1,0,1,0,0,3,slightly_injured
2020,8,Fri,6,52.4954396,13.52338884,morning,7,daylight,0,dry,0,5,3,1,1,0,0,0,0,3,slightly_injured
2020,8,Tue,3,52.52544802,13.34298708,morning,7,daylight,0,dry,0,5,2,1,1,0,0,0,0,3,slightly_injured
2020,8,Wed,4,52.5111436,13.46106181,night,5,dusk,1,dry,0,5,3,0,1,0,1,0,0,3,slightly_injured
2020,8,Sun,1,52.5155368,13.18455378,afternoon,16,daylight,0,dry,0,5,2,0,1,0,0,0,0,3,slightly_injured
2020,8,Sun,1,52.43528811,13.5413346,afternoon,15,daylight,0,dry,0,0,1,1,0,0,0,0,0,3,slightly_injured
2020,8,Fri,6,52.4501356,13.63390308,morning,9,daylight,0,dry,0,0,7,1,0,0,0,0,0,2,seriously_injured
2020,8,Tue,3,52.44132237,13.59370051,morning,7,daylight,0,dry,0,2,6,1,1,0,0,0,0,3,slightly_injured
2020,8,Wed,4,52.41912491,13.24957219,afternoon,15,daylight,0,dry,0,3,6,0,1,0,1,0,0,3,slightly_injured
2020,8,Sun,1,52.44686806,13.36061466,afternoon,17,daylight,0,dry,0,5,2,1,1,0,0,0,0,2,seriously_injured
2020,8,Sun,1,52.53776824,13.26923342,afternoon,15,daylight,0,dry,0,5,3,0,1,0,1,0,0,2,seriously_injured
2020,8,Sun,1,52.50118452,13.42799604,afternoon,16,daylight,0,dry,0,5,3,1,1,0,0,0,0,3,slightly_injured
2020,8,Thu,5,52.47971408,13.46711677,evening,18,daylight,0,dry,0,2,6,1,1,0,0,0,0,2,seriously_injured
2020,8,Sun,1,52.52882902,13.457963,afternoon,14,daylight,0,wet,1,0,7,0,0,0,1,0,0,3,slightly_injured
2020,8,Sat,7,52.54976753,13.57264071,afternoon,13,daylight,0,dry,0,6,4,0,1,1,0,0,0,2,seriously_injured
2020,8,Wed,4,52.56662954,13.31731531,afternoon,17,daylight,0,dry,0,5,2,1,0,0,0,0,1,3,slightly_injured
2020,8,Wed,4,52.43817301,13.30208171,afternoon,16,daylight,0,dry,0,5,3,1,1,0,0,0,0,3,slightly_injured
2020,8,Sun,1,52.54561642,13.49448748,afternoon,14,daylight,0,dry,0,5,2,1,1,0,0,0,0,2,seriously_injured
2020,8,Fri,6,52.58257741,13.42588241,evening,18,daylight,0,dry,0,2,3,1,1,0,0,0,0,3,slightly_injured
2020,8,Sun,1,52.54783876,13.30520252,evening,21,dusk,1,wet,1,0,5,0,1,0,1,0,0,3,slightly_injured
2020,8,Thu,5,52.61797135,13.29878621,morning,11,daylight,0,dry,0,5,3,0,1,0,0,0,0,3,slightly_injured
2020,8,Tue,3,52.49668972,13.38456552,morning,7,daylight,0,dry,0,5,2,0,1,0,1,0,0,3,slightly_injured
2020,8,Wed,4,52.48344931,13.38701086,afternoon,14,daylight,0,dry,0,1,7,0,1,0,1,0,0,3,slightly_injured
2020,8,Sun,1,52.51367539,13.38620008,afternoon,13,daylight,0,dry,0,5,3,1,1,0,0,0,0,3,slightly_injured
2020,8,Sun,1,52.50797721,13.29873783,afternoon,13,daylight,0,dry,0,5,2,0,1,0,1,0,0,3,slightly_injured
2020,8,Sun,1,52.50916615,13.459242,evening,20,dusk,1,wet,1,1,5,1,1,0,0,0,0,3,slightly_injured
2020,8,Thu,5,52.45002472,13.33411585,afternoon,15,daylight,0,dry,0,2,6,0,1,0,1,0,0,3,slightly_injured
2020,8,Wed,4,52.40735346,13.67534196,afternoon,16,daylight,0,dry,0,5,7,0,1,0,0,0,0,3,slightly_injured
2020,8,Sun,1,52.46254382,13.49139308,evening,19,dusk,1,dry,0,4,6,0,1,0,1,0,1,3,slightly_injured
2020,8,Sat,7,52.59118165,13.3887501,afternoon,13,daylight,0,dry,0,5,3,0,1,0,0,0,0,3,slightly_injured
2020,8,Sun,1,52.55842149,13.38614955,afternoon,17,daylight,0,dry,0,3,6,0,1,0,1,0,0,3,slightly_injured
2020,8,Sun,1,52.53461398,13.35861678,evening,19,dusk,1,dry,0,5,7,0,1,0,1,0,0,3,slightly_injured
2020,8,Thu,5,52.50369825,13.56166169,morning,6,daylight,0,dry,0,0,6,0,1,0,0,0,1,3,slightly_injured
2020,8,Wed,4,52.55971414,13.41834489,afternoon,16,daylight,0,dry,0,5,3,0,1,0,0,0,0,3,slightly_injured
2020,8,Sun,1,52.48518841,13.43258149,evening,18,daylight,0,dry,0,6,4,0,1,1,1,0,0,2,seriously_injured
2020,8,Sat,7,52.50362332,13.30750812,morning,9,daylight,0,dry,0,5,2,0,1,0,1,0,0,3,slightly_injured
2020,8,Tue,3,52.53480919,13.39808384,night,4,dark,2,dry,0,8,1,0,1,0,0,0,0,3,slightly_injured
2020,8,Sun,1,52.5239671,13.3968561,evening,18,daylight,0,dry,0,6,4,0,1,1,0,0,0,3,slightly_injured
2020,8,Fri,6,52.54881524,13.17810264,afternoon,16,daylight,0,dry,0,5,2,0,1,0,0,0,0,3,slightly_injured
2020,8,Tue,3,52.4294829,13.46538268,afternoon,13,daylight,0,dry,0,2,6,0,1,0,0,0,0,3,slightly_injured
2020,8,Sun,1,52.48937866,13.41494208,afternoon,16,daylight,0,dry,0,2,7,1,1,0,0,0,0,3,slightly_injured
2020,8,Thu,5,52.59039389,13.29052225,morning,9,daylight,0,dry,0,0,6,0,1,0,1,0,0,2,seriously_injured
2020,8,Tue,3,52.45229515,13.59318986,afternoon,13,daylight,0,dry,0,5,2,1,1,0,0,0,0,3,slightly_injured
2020,8,Sat,7,52.4497958,13.33391699,evening,23,dark,2,dry,0,1,5,1,1,0,0,0,0,3,slightly_injured
2020,8,Sun,1,52.52097487,13.53210271,morning,10,daylight,0,dry,0,0,1,1,0,0,0,0,0,2,seriously_injured
2020,8,Thu,5,52.510208,13.45467462,evening,23,dark,2,dry,0,0,5,1,1,0,0,0,0,3,slightly_injured
2020,8,Wed,4,52.5389256,13.2011145,afternoon,15,daylight,0,dry,0,2,6,0,1,0,0,0,0,3,slightly_injured
2020,8,Sat,7,52.53776823,13.26923395,morning,7,daylight,0,dry,0,5,3,1,1,0,0,0,0,3,slightly_injured
2020,8,Sat,7,52.49360326,13.32365953,afternoon,15,daylight,0,dry,0,5,2,0,1,0,0,0,1,3,slightly_injured
2020,8,Sat,7,52.42997908,13.54913252,night,0,dark,2,dry,0,9,1,0,0,0,1,0,0,3,slightly_injured
2020,8,Fri,6,52.57238744,13.35162322,afternoon,14,daylight,0,dry,0,5,2,0,1,0,1,0,0,2,seriously_injured
2020,8,Tue,3,52.54654602,13.34415943,afternoon,12,daylight,0,dry,0,3,6,1,0,0,0,0,0,3,slightly_injured
2020,8,Sat,7,52.52083869,13.43721055,evening,19,daylight,0,dry,0,3,6,0,1,0,1,0,0,3,slightly_injured
2020,8,Sat,7,52.42849916,13.55171481,evening,22,dark,2,dry,0,5,2,1,1,0,0,0,0,3,slightly_injured
2020,8,Fri,6,52.45893037,13.37627296,afternoon,15,daylight,0,dry,0,0,2,0,1,0,1,0,0,2,seriously_injured
2020,8,Tue,3,52.54060466,13.57152985,afternoon,12,daylight,0,dry,0,0,3,0,1,0,0,0,1,3,slightly_injured
2020,8,Sat,7,52.47219251,13.31087861,evening,21,dark,2,dry,0,5,3,0,1,0,0,0,0,3,slightly_injured
2020,8,Sat,7,52.46176921,13.35015056,evening,21,dark,2,dry,0,1,5,1,1,0,0,0,0,2,seriously_injured
2020,8,Thu,5,52.5943969,13.43715653,morning,7,daylight,0,dry,0,5,2,1,0,0,0,0,0,3,slightly_injured
2020,8,Tue,3,52.52802699,13.40266445,morning,11,daylight,0,dry,0,5,2,1,1,0,0,0,0,3,slightly_injured
2020,8,Sat,7,52.47940205,13.31083168,evening,21,dark,2,dry,0,6,4,1,1,1,0,0,0,3,slightly_injured
2020,8,Sun,1,52.52445454,13.34971513,evening,19,daylight,0,dry,0,9,1,0,1,0,0,0,0,3,slightly_injured
2020,8,Wed,4,52.57134268,13.40880035,morning,8,daylight,0,dry,0,1,5,1,1,0,0,0,0,3,slightly_injured
2020,8,Wed,4,52.52863621,13.45707435,afternoon,16,daylight,0,dry,0,3,6,0,1,0,1,0,0,2,seriously_injured
2020,8,Sat,7,52.38994159,13.41292417,evening,21,dusk,1,dry,0,0,7,1,0,0,0,0,0,3,slightly_injured
2020,8,Fri,6,52.54439918,13.41275669,evening,21,daylight,0,dry,0,5,2,1,1,0,0,0,0,3,slightly_injured
2020,8,Sat,7,52.5175278,13.39626745,evening,18,daylight,0,dry,0,5,7,0,1,0,1,0,0,3,slightly_injured
2020,8,Fri,6,52.4818241,13.51698563,afternoon,13,daylight,0,dry,0,5,3,0,1,0,0,0,0,3,slightly_injured
2020,8,Tue,3,52.52378142,13.3299458,afternoon,12,daylight,0,dry,0,5,2,1,1,0,0,0,0,3,slightly_injured
2020,8,Wed,4,52.44564558,13.40075449,afternoon,14,daylight,0,dry,0,2,6,0,1,0,0,1,1,3,slightly_injured
2020,8,Mon,2,52.5537186,13.4703727,morning,9,daylight,0,dry,0,5,3,0,1,0,0,0,0,3,slightly_injured
2020,8,Sat,7,52.51228304,13.587896,night,3,dark,2,dry,0,9,1,0,1,0,0,0,0,3,slightly_injured
2020,8,Sat,7,52.50388914,13.40415399,afternoon,13,daylight,0,dry,0,5,3,0,1,0,1,0,0,3,slightly_injured
2020,8,Thu,5,52.51241383,13.45282093,evening,18,daylight,0,dry,0,2,6,1,1,0,0,0,0,3,slightly_injured
2020,8,Tue,3,52.5177793,13.3708754,afternoon,12,daylight,0,dry,0,0,2,0,1,0,1,0,0,3,slightly_injured
2020,8,Sat,7,52.43379295,13.19309632,afternoon,13,daylight,0,dry,0,5,2,1,1,0,0,0,0,2,seriously_injured
2020,8,Sat,7,52.53823562,13.24773363,night,0,dark,2,dry,0,5,2,0,1,0,1,0,0,2,seriously_injured
2020,8,Wed,4,52.50126515,13.44189408,evening,18,daylight,0,dry,0,0,3,1,0,1,0,0,0,3,slightly_injured
2020,8,Sat,7,52.46108079,13.27661208,afternoon,12,daylight,0,dry,0,1,5,1,1,0,0,0,0,3,slightly_injured
2020,8,Thu,5,52.54946506,13.43371201,evening,18,daylight,0,dry,0,5,3,1,1,0,0,0,0,3,slightly_injured
2020,8,Tue,3,52.43056329,13.47212586,morning,11,daylight,0,dry,0,2,6,0,1,0,0,0,0,3,slightly_injured
2020,8,Sat,7,52.61802441,13.30263861,afternoon,12,daylight,0,dry,0,2,6,0,1,0,0,0,0,3,slightly_injured
2020,8,Sun,1,52.42197711,13.29855864,morning,9,daylight,0,dry,0,5,2,1,1,0,0,0,0,3,slightly_injured
2020,8,Wed,4,52.41984394,13.29449647,afternoon,14,daylight,0,dry,0,1,5,0,1,0,0,0,0,3,slightly_injured
2020,8,Sat,7,52.45818474,13.38418314,morning,11,daylight,0,dry,0,5,2,1,1,0,0,0,0,3,slightly_injured
2020,8,Fri,6,52.48650947,13.42889467,evening,20,daylight,0,wet,1,5,2,0,1,0,1,0,0,3,slightly_injured
2020,8,Sat,7,52.52152071,13.44648522,morning,11,daylight,0,dry,0,2,6,1,1,0,0,0,0,3,slightly_injured
2020,8,Fri,6,52.47004831,13.45315501,morning,8,daylight,0,dry,0,0,7,0,1,0,1,0,0,3,slightly_injured
2020,8,Tue,3,52.56209017,13.35388999,morning,11,daylight,0,dry,0,5,2,0,1,0,0,0,0,3,slightly_injured
2020,8,Wed,4,52.59546956,13.39139636,afternoon,13,daylight,0,dry,0,5,3,0,1,0,1,0,0,3,slightly_injured
2020,8,Sat,7,52.55568949,13.19836872,evening,21,dusk,1,dry,0,5,3,0,1,0,1,0,0,3,slightly_injured
2020,8,Sat,7,52.43227187,13.34492983,morning,10,daylight,0,dry,0,1,5,1,1,0,0,0,0,3,slightly_injured
2020,8,Thu,5,52.48905504,13.43312215,afternoon,17,daylight,0,dry,0,5,3,1,0,0,0,0,1,3,slightly_injured
2020,8,Wed,4,52.45875216,13.3213572,afternoon,16,daylight,0,dry,0,1,5,1,1,0,0,0,0,3,slightly_injured
2020,8,Sat,7,52.6091645,13.3160748,evening,21,dusk,1,dry,0,1,5,1,1,0,0,0,0,3,slightly_injured
2020,8,Sat,7,52.53390857,13.17999719,morning,7,daylight,0,dry,0,3,6,0,1,0,0,0,0,3,slightly_injured
2020,8,Wed,4,52.43580645,13.24105781,afternoon,15,daylight,0,dry,0,1,5,0,1,0,0,0,0,3,slightly_injured
2020,8,Sat,7,52.51056383,13.39181848,night,1,dark,2,dry,0,5,2,0,1,0,1,0,0,3,slightly_injured
2020,8,Fri,6,52.47191131,13.42891792,afternoon,17,daylight,0,dry,0,5,2,1,1,0,0,0,0,3,slightly_injured
2020,8,Sat,7,52.47245836,13.37781858,evening,20,dusk,1,dry,0,5,2,0,1,0,1,0,0,3,slightly_injured
2020,8,Sat,7,52.43186391,13.46002575,morning,9,daylight,0,dry,0,5,2,0,1,0,0,0,0,3,slightly_injured
2020,8,Fri,6,52.51620114,13.41812558,night,1,dark,2,wet,1,7,1,1,0,0,0,0,0,3,slightly_injured
2020,8,Sat,7,52.49543268,13.27867782,morning,8,daylight,0,dry,0,6,4,1,0,1,0,0,0,3,slightly_injured
2020,8,Thu,5,52.55236559,13.35160371,morning,9,daylight,0,dry,0,3,6,1,1,0,0,0,0,3,slightly_injured
2020,8,Tue,3,52.49817606,13.36097819,morning,10,daylight,0,dry,0,2,6,1,0,0,0,0,0,3,slightly_injured
2020,8,Wed,4,52.45773141,13.57860012,afternoon,13,daylight,0,dry,0,6,7,0,0,1,0,0,1,3,slightly_injured
2020,8,Sat,7,52.54663,13.44226845,morning,8,daylight,0,dry,0,5,3,1,1,0,0,0,0,3,slightly_injured
2020,8,Sun,1,52.47339925,13.32837701,afternoon,17,daylight,0,dry,0,5,2,1,1,0,0,0,0,3,slightly_injured
2020,8,Sat,7,52.52713088,13.41600445,afternoon,13,daylight,0,dry,0,3,6,1,0,0,0,0,0,2,seriously_injured
2020,8,Thu,5,52.43289472,13.28278314,afternoon,16,daylight,0,dry,0,5,3,0,1,0,1,0,0,3,slightly_injured
2020,8,Sat,7,52.51501418,13.34874713,evening,18,daylight,0,dry,0,5,3,1,1,0,0,0,0,3,slightly_injured
2020,8,Sat,7,52.54596758,13.37658807,morning,11,daylight,0,dry,0,5,3,1,1,0,0,0,0,3,slightly_injured
2020,8,Tue,3,52.50654272,13.30250352,morning,10,daylight,0,dry,0,0,7,0,1,0,0,0,0,3,slightly_injured
2020,8,Sat,7,52.53223081,13.32477602,afternoon,17,daylight,0,dry,0,5,2,1,1,0,0,0,0,3,slightly_injured
2020,8,Fri,6,52.49876538,13.35687931,afternoon,16,daylight,0,dry,0,5,2,1,1,0,0,0,0,3,slightly_injured
2020,8,Tue,3,52.59383046,13.37308068,morning,10,daylight,0,dry,0,5,3,1,1,0,0,0,0,3,slightly_injured
2020,8,Sat,7,52.45463994,13.26831978,afternoon,16,daylight,0,dry,0,5,3,1,1,0,0,0,0,2,seriously_injured
2020,8,Thu,5,52.42680017,13.36711402,morning,8,daylight,0,dry,0,5,3,0,1,0,1,0,0,3,slightly_injured
2020,8,Tue,3,52.49857914,13.41413377,morning,10,daylight,0,dry,0,5,3,0,1,0,0,0,0,3,slightly_injured
2020,8,Sat,7,52.56609783,13.51015927,afternoon,16,daylight,0,dry,0,0,7,0,1,0,0,0,0,2,seriously_injured
2020,8,Sun,1,52.49859857,13.30727805,evening,20,dusk,1,dry,0,2,7,0,1,0,0,0,0,3,slightly_injured
2020,8,Thu,5,52.50548886,13.29970751,afternoon,12,daylight,0,dry,0,1,5,1,0,0,0,1,0,3,slightly_injured
2020,8,Wed,4,52.52559574,13.38737849,afternoon,16,daylight,0,dry,0,2,6,0,1,0,1,0,0,2,seriously_injured
2020,8,Thu,5,52.50567107,13.32171547,morning,10,daylight,0,dry,0,5,5,0,1,0,1,0,0,3,slightly_injured
2020,8,Tue,3,52.51411143,13.3932979,morning,10,daylight,0,dry,0,5,3,1,1,0,0,0,0,3,slightly_injured
2020,8,Sat,7,52.49058787,13.27875751,afternoon,16,daylight,0,dry,0,3,6,1,1,0,0,0,0,3,slightly_injured
2020,8,Sun,1,52.56432144,13.37371291,afternoon,13,daylight,0,dry,0,0,6,0,1,0,1,0,0,3,slightly_injured
2020,8,Sat,7,52.50151805,13.34357624,afternoon,15,daylight,0,dry,0,5,2,1,1,0,0,0,0,3,slightly_injured
2020,8,Thu,5,52.51525816,13.49849995,afternoon,15,daylight,0,dry,0,0,1,1,0,0,0,0,0,3,slightly_injured
2020,8,Sat,7,52.59238812,13.39831743,afternoon,15,daylight,0,dry,0,5,3,0,1,0,0,0,0,3,slightly_injured
2020,8,Sat,7,52.59582271,13.33894534,afternoon,13,daylight,0,dry,0,0,6,0,0,0,1,0,0,3,slightly_injured
2020,8,Sat,7,52.49332328,13.36684114,afternoon,15,daylight,0,dry,0,2,6,0,1,0,0,0,0,3,slightly_injured
2020,8,Fri,6,52.56061665,13.19735004,afternoon,15,daylight,0,dry,0,2,6,0,1,0,0,0,1,3,slightly_injured
2020,8,Tue,3,52.43112309,13.33672858,morning,9,daylight,0,dry,0,6,4,0,1,1,0,0,0,3,slightly_injured
2020,8,Fri,6,52.44293776,13.58271875,morning,10,daylight,0,dry,0,2,6,0,1,0,0,0,1,3,slightly_injured
2020,8,Fri,6,52.45064867,13.63259341,night,3,dark,2,dry,0,1,6,1,1,0,0,0,0,3,slightly_injured
2020,8,Thu,5,52.50641123,13.32234526,evening,22,dark,2,dry,0,0,7,0,0,0,1,0,0,3,slightly_injured