ujahr,umonat,weekday,uwochentag,long,lat,time_of_day,ustunde,light_condition,ulichtverh,street_condition,ustrzustand,uart,utyp1,ist_rad,ist_pkw,ist_fuss,ist_krad,ist_gkfz,ist_sonstige,ukategorie,accident_outcome
2020,8,Thu,5,52.56296069,13.39043348,evening,18,daylight,0,dry,0,5,2,1,1,0,0,0,0,3,slightly_injured
2020,8,Wed,4,52.52882551,13.45794683,afternoon,17,daylight,0,wet,1,5,2,1,1,0,0,0,0,3,slightly_injured
2020,8,Tue,3,52.53278934,13.19867732,morning,7,daylight,0,dry,0,5,2,1,1,0,0,0,0,3,slightly_injured
2020,8,Tue,3,52.43688183,13.2615954,afternoon,16,daylight,0,dry,0,5,2,1,1,0,0,0,0,3,slightly_injured
2020,8,Thu,5,52.46920355,13.45398375,morning,9,daylight,0,dry,0,5,3,1,1,0,0,0,0,3,slightly_injured
2020,8,Tue,3,52.38218763,13.39754052,afternoon,15,daylight,0,dry,0,5,3,1,1,0,0,0,0,3,slightly_injured
2020,8,Mon,2,52.3946434,13.41712865,evening,22,dark,2,dry,0,1,5,0,1,0,0,1,0,3,slightly_injured
2020,8,Wed,4,52.55220976,13.42700854,afternoon,15,daylight,0,dry,0,5,3,1,1,0,0,0,0,3,slightly_injured
2020,8,Tue,3,52.45915468,13.51256921,afternoon,15,daylight,0,dry,0,5,3,1,0,0,0,0,1,2,seriously_injured
2020,8,Sun,1,52.49312338,13.3310104,afternoon,16,daylight,0,dry,0,5,3,1,1,0,0,0,0,3,slightly_injured
2020,8,Fri,6,52.54338962,13.20363178,morning,6,daylight,0,dry,0,5,3,1,1,0,0,0,0,3,slightly_injured
2020,8,Tue,3,52.49546842,13.45376058,afternoon,15,daylight,0,dry,0,5,3,1,0,0,0,0,0,3,slightly_injured
2020,8,Wed,4,52.52433704,13.2981408,afternoon,15,daylight,0,wet,1,5,7,0,1,0,1,0,0,3,slightly_injured
2020,8,Mon,2,52.56528399,13.44444965,afternoon,13,daylight,0,dry,0,5,2,1,1,0,0,0,0,3,slightly_injured
2020,8,Wed,4,52.43197028,13.46006947,afternoon,16,daylight,0,dry,0,5,2,0,1,0,1,0,0,2,seriously_injured
2020,8,Mon,2,52.55783292,13.43316268,afternoon,15,daylight,0,dry,0,5,3,0,1,0,0,0,0,3,slightly_injured
2020,8,Sun,1,52.46266109,13.29307365,morning,10,daylight,0,dry,0,3,6,1,1,0,0,0,0,3,slightly_injured
2020,8,Fri,6,52.52112415,13.42963185,morning,8,daylight,0,dry,0,5,2,1,1,0,0,0,0,3,slightly_injured
2020,8,Wed,4,52.56144778,13.32599201,afternoon,13,daylight,0,wet,1,2,6,0,1,0,0,0,0,3,slightly_injured
2020,8,Tue,3,52.4969445,13.36670981,evening,22,dark,2,wet,1,5,3,1,1,0,0,0,0,3,slightly_injured
2020,8,Tue,3,52.45226808,13.52866165,afternoon,15,daylight,0,dry,0,6,4,0,1,1,0,0,0,2,seriously_injured
2020,8,Sat,7,52.51681064,13.51904206,evening,20,daylight,0,dry,0,0,7,1,0,0,0,0,0,3,slightly_injured
2020,8,Thu,5,52.48722784,13.25766193,afternoon,17,daylight,0,dry,0,2,6,1,1,0,0,0,0,3,slightly_injured
2020,8,Wed,4,52.52501881,13.34580044,afternoon,12,daylight,0,wet,1,5,3,0,1,0,1,0,0,3,slightly_injured
2020,8,Tue,3,52.55407775,13.410983,morning,8,daylight,0,dry,0,5,3,1,0,0,0,0,1,3,slightly_injured
2020,8,Thu,5,52.54012643,13.20391412,afternoon,13,daylight,0,dry,0,3,6,0,1,0,1,0,0,3,slightly_injured
2020,8,Mon,2,52.53481205,13.19927533,afternoon,13,daylight,0,dry,0,5,3,1,1,0,0,0,0,1,killed
2020,8,Mon,2,52.54253093,13.39279177,evening,20,dark,2,dry,0,5,3,1,1,0,0,0,0,3,slightly_injured
2020,8,Wed,4,52.52846049,13.37588772,afternoon,14,daylight,0,dry,0,5,2,0,1,0,1,0,0,3,slightly_injured
2020,8,Mon,2,52.51851783,13.44049317,morning,9,daylight,0,dry,0,0,2,1,0,0,0,0,1,2,seriously_injured
2020,8,Sun,1,52.59657009,13.35393979,afternoon,13,daylight,0,dry,0,5,5,0,1,0,0,0,0,3,slightly_injured
2020,8,Fri,6,52.52659694,13.45882805,afternoon,12,daylight,0,dry,0,5,2,1,1,0,0,0,0,3,slightly_injured
2020,8,Tue,3,52.50978613,13.42116893,afternoon,12,daylight,0,dry,0,5,2,1,1,0,0,0,0,3,slightly_injured
2020,8,Tue,3,52.51216943,13.20098565,evening,19,daylight,0,wet,1,3,2,0,1,0,1,0,0,3,slightly_injured
2020,8,Tue,3,52.47740217,13.37848683,afternoon,12,daylight,0,dry,0,2,6,0,1,0,0,0,0,3,slightly_injured
2020,8,Thu,5,52.52253538,13.40410934,afternoon,15,daylight,0,dry,0,6,4,1,0,1,0,0,0,3,slightly_injured
2020,8,Tue,3,52.50980631,13.42118332,afternoon,15,daylight,0,dry,0,5,2,1,1,0,0,0,0,3,slightly_injured
2020,8,Tue,3,52.47054774,13.3474614,evening,20,daylight,0,wet,1,5,2,0,1,0,0,0,0,3,slightly_injured
2020,8,Tue,3,52.56269048,13.36453938,evening,22,dark,2,dry,0,5,2,0,1,0,0,0,0,3,slightly_injured
2020,8,Fri,6,52.54625947,13.38991473,evening,21,dark,2,dry,0,1,5,0,1,0,0,0,0,3,slightly_injured
2020,8,Thu,5,52.56412925,13.37139424,afternoon,15,daylight,0,dry,0,5,3,0,1,0,0,0,0,3,slightly_injured
2020,8,Wed,4,52.46650458,13.5212017,morning,11,daylight,0,wet,1,2,6,0,1,0,0,0,0,3,slightly_injured
2020,8,Mon,2,52.54669371,13.35130192,evening,19,daylight,0,dry,0,5,7,1,0,0,0,0,0,3,slightly_injured
2020,8,Wed,4,52.58765677,13.28577377,morning,7,daylight,0,dry,0,6,7,0,1,1,0,0,0,3,slightly_injured
2020,8,Mon,2,52.52356261,13.19759384,morning,11,daylight,0,dry,0,6,4,0,0,1,0,0,1,1,killed
2020,8,Mon,2,52.49276645,13.38784098,morning,7,daylight,0,dry,0,5,2,1,0,0,0,0,1,3,slightly_injured
2020,8,Wed,4,52.55635961,13.37708124,morning,11,daylight,0,dry,0,2,2,0,1,0,1,0,0,3,slightly_injured
2020,8,Mon,2,52.54624892,13.44167884,morning,9,daylight,0,dry,0,5,2,0,1,0,0,0,0,3,slightly_injured
2020,8,Sat,7,52.48204442,13.44059284,evening,18,daylight,0,wet,1,5,3,1,0,0,0,0,1,3,slightly_injured
2020,8,Fri,6,52.45029743,13.50809736,morning,10,daylight,0,dry,0,5,3,0,1,0,1,0,0,3,slightly_injured
2020,8,Tue,3,52.55622214,13.38186488,afternoon,12,daylight,0,dry,0,2,6,0,0,0,1,0,1,3,slightly_injured
2020,8,Thu,5,52.49443354,13.40048616,morning,8,daylight,0,dry,0,0,1,1,0,0,0,0,0,3,slightly_injured
2020,8,Wed,4,52.46961897,13.37183903,morning,8,daylight,0,dry,0,2,6,0,1,0,0,0,0,3,slightly_injured
2020,8,Mon,2,52.46250898,13.4833603,afternoon,13,daylight,0,dry,0,5,2,0,1,0,0,0,0,3,slightly_injured
2020,8,Wed,4,52.48234859,13.44299358,afternoon,17,daylight,0,dry,0,5,3,1,1,0,0,0,0,3,slightly_injured
2020,8,Mon,2,52.50278534,13.44670452,morning,10,daylight,0,dry,0,3,2,1,0,0,0,1,0,3,slightly_injured
2020,8,Tue,3,52.50442961,13.39342599,afternoon,14,daylight,0,dry,0,2,7,1,0,0,0,0,1,3,slightly_injured
2020,8,Sun,1,52.56419743,13.56328748,afternoon,16,daylight,0,dry,0,6,7,0,1,1,0,0,0,3,slightly_injured
2020,8,Fri,6,52.41367572,13.47735349,afternoon,15,daylight,0,dry,0,5,3,0,1,0,0,0,0,3,slightly_injured
2020,8,Wed,4,52.49931339,13.30378649,morning,10,daylight,0,wet,1,5,3,0,1,0,0,0,0,3,slightly_injured
2020,8,Mon,2,52.45248148,13.48149808,afternoon,14,daylight,0,dry,0,6,7,1,0,1,0,0,0,3,slightly_injured
2020,8,Wed,4,52.422302,13.22498517,evening,19,daylight,0,dry,0,0,1,1,0,0,0,0,0,2,seriously_injured
2020,8,Mon,2,52.50290473,13.45463385,morning,9,daylight,0,dry,0,5,2,0,1,0,1,0,0,3,slightly_injured
2020,8,Tue,3,52.52555046,13.53366658,afternoon,13,daylight,0,dry,0,0,3,0,0,0,0,0,1,3,slightly_injured
2020,8,Mon,2,52.54653517,13.35876515,morning,7,daylight,0,dry,0,3,6,1,1,0,0,0,0,3,slightly_injured
2020,8,Fri,6,52.53837732,13.32610463,evening,19,daylight,0,dry,0,5,2,1,1,0,0,0,0,3,slightly_injured
2020,8,Wed,4,52.5247532,13.41020256,morning,8,daylight,0,dry,0,1,5,0,1,0,1,0,0,3,slightly_injured
2020,8,Sat,7,52.42701411,13.29442539,afternoon,17,daylight,0,dry,0,0,3,0,1,0,1,0,0,3,slightly_injured
2020,8,Thu,5,52.49830435,13.50181867,morning,8,daylight,0,dry,0,0,1,0,0,0,1,0,0,3,slightly_injured
2020,8,Wed,4,52.4787709,13.30992209,evening,18,daylight,0,wet,1,1,5,1,1,0,0,0,0,3,slightly_injured
2020,8,Tue,3,52.49316074,13.33203855,evening,18,daylight,0,dry,0,5,3,1,1,0,0,0,0,3,slightly_injured
2020,8,Tue,3,52.53714676,13.39275797,morning,10,daylight,0,wet,1,0,1,0,0,0,1,0,0,3,slightly_injured
2020,8,Thu,5,52.6121186,13.49516047,afternoon,12,daylight,0,dry,0,1,5,1,1,0,0,0,0,3,slightly_injured
2020,8,Wed,4,52.59583073,13.33918603,afternoon,15,daylight,0,wet,1,5,3,0,1,0,0,0,0,3,slightly_injured
2020,8,Mon,2,52.53827992,13.48009402,afternoon,13,daylight,0,dry,0,6,4,1,0,1,0,0,0,3,slightly_injured
2020,8,Wed,4,52.51038707,13.36671784,afternoon,16,daylight,0,dry,0,2,6,0,1,0,1,0,0,2,seriously_injured
2020,8,Mon,2,52.52336159,13.43541763,evening,22,dark,2,dry,0,0,1,1,0,0,0,0,0,2,seriously_injured
2020,8,Tue,3,52.46630881,13.37816487,evening,19,dark,2,wet,1,5,2,0,0,0,1,0,1,3,slightly_injured
2020,8,Sun,1,52.503063,13.34975308,morning,11,daylight,0,dry,0,5,3,0,1,0,0,0,1,3,slightly_injured
2020,8,Fri,6,52.63401665,13.28072921,afternoon,13,daylight,0,dry,0,5,3,1,1,0,0,0,0,3,slightly_injured
2020,8,Wed,4,52.41827338,13.57988077,afternoon,13,daylight,0,wet,1,5,3,0,1,0,0,0,0,3,slightly_injured
2020,8,Tue,3,52.55047154,13.33898533,morning,8,daylight,0,dry,0,0,6,1,0,0,0,0,0,3,slightly_injured
2020,8,Tue,3,52.54427836,13.31313654,morning,9,daylight,0,wet,1,5,2,0,1,0,0,0,0,3,slightly_injured
2020,8,Sat,7,52.53263612,13.37199445,evening,21,dark,2,dry,0,1,5,1,1,0,0,0,0,3,slightly_injured
2020,8,Thu,5,52.49451492,13.30186532,afternoon,17,daylight,0,dry,0,0,3,0,1,0,1,0,0,3,slightly_injured
2020,8,Wed,4,52.56244312,13.38975079,afternoon,13,daylight,0,wet,1,2,6,0,1,0,0,0,0,3,slightly_injured
2020,8,Tue,3,52.52722643,13.45110426,night,4,dark,2,dry,0,0,7,1,0,0,0,0,0,3,slightly_injured
2020,8,Wed,4,52.46280045,13.512444,afternoon,14,daylight,0,wet,1,5,2,1,1,0,0,0,0,3,slightly_injured
2020,8,Wed,4,52.48470337,13.61592602,morning,7,daylight,0,dry,0,5,3,1,1,0,0,0,0,3,slightly_injured
2020,8,Tue,3,52.52620105,13.34528702,morning,10,daylight,0,wet,1,5,7,0,1,0,0,0,1,3,slightly_injured
2020,8,Sat,7,52.54241272,13.48926987,morning,9,daylight,0,wet,1,6,2,0,1,1,0,0,0,2,seriously_injured
2020,8,Thu,5,52.4956639,13.28685242,evening,19,daylight,0,dry,0,5,2,1,1,0,0,0,0,3,slightly_injured
2020,8,Wed,4,52.4715018,13.42913385,afternoon,17,daylight,0,wet,1,3,6,0,1,0,0,0,1,3,slightly_injured
2020,8,Tue,3,52.54058094,13.40426292,afternoon,16,daylight,0,dry,0,5,3,1,0,0,0,0,0,3,slightly_injured
2020,8,Mon,2,52.5910588,13.37992088,morning,9,daylight,0,dry,0,0,1,0,0,0,1,0,0,3,slightly_injured
2020,8,Thu,5,52.59005252,13.28352443,morning,9,daylight,0,dry,0,6,2,0,0,1,0,0,1,3,slightly_injured
2020,8,Mon,2,52.46786799,13.48974827,evening,20,daylight,0,dry,0,5,2,1,1,0,0,0,0,2,seriously_injured
2020,8,Mon,2,52.50489487,13.4114395,morning,7,daylight,0,dry,0,5,7,1,0,0,1,0,0,3,slightly_injured
2020,8,Wed,4,52.53649912,13.19078508,afternoon,15,daylight,0,dry,0,4,7,0,1,0,0,0,0,2,seriously_injured
2020,8,Mon,2,52.55516418,13.38384687,evening,20,daylight,0,dry,0,5,3,1,1,0,0,0,0,3,slightly_injured
2020,8,Sun,1,52.50110248,13.4419109,night,3,dark,2,dry,0,0,1,1,0,0,0,0,0,3,slightly_injured
2020,8,Fri,6,52.43367255,13.46769713,morning,7,dark,2,dry,0,3,6,1,1,0,0,0,0,3,slightly_injured
2020,8,Wed,4,52.44846836,13.55910512,morning,6,daylight,0,wet,1,2,6,0,1,0,0,0,0,3,slightly_injured
2020,8,Tue,3,52.50864357,13.4347186,evening,21,dusk,1,wet,1,3,6,0,1,0,1,0,0,3,slightly_injured
2020,8,Tue,3,52.45032239,13.50810575,afternoon,15,daylight,0,dry,0,5,3,1,0,0,0,0,1,3,slightly_injured
2020,8,Tue,3,52.56807546,13.54391191,morning,10,daylight,0,wet,1,5,3,0,1,0,1,0,0,2,seriously_injured
2020,8,Fri,6,52.49938899,13.42877458,afternoon,15,daylight,0,dry,0,6,7,1,0,1,0,0,0,2,seriously_injured
2020,8,Thu,5,52.58872526,13.38821468,afternoon,16,daylight,0,dry,0,0,1,1,0,0,0,0,0,2,seriously_injured
2020,8,Wed,4,52.53706051,13.39262248,afternoon,12,daylight,0,wet,1,0,1,0,1,0,1,0,0,3,slightly_injured
2020,8,Tue,3,52.54995928,13.4583642,morning,7,daylight,0,dry,0,6,4,0,0,1,0,0,1,3,slightly_injured
2020,8,Thu,5,52.49585178,13.28674877,afternoon,12,daylight,0,dry,0,5,2,1,1,0,0,0,1,3,slightly_injured
2020,8,Mon,2,52.57542493,13.39239506,evening,19,daylight,0,dry,0,5,3,1,1,0,0,0,0,3,slightly_injured
2020,8,Mon,2,52.55600891,13.38455166,morning,9,daylight,0,dry,0,5,3,1,0,0,0,0,1,3,slightly_injured
2020,8,Wed,4,52.46834341,13.42979254,afternoon,13,daylight,0,dry,0,2,7,0,1,0,0,0,1,3,slightly_injured
2020,8,Thu,5,52.52223836,13.2386082,afternoon,14,daylight,0,dry,0,2,3,1,1,0,0,0,0,3,slightly_injured
2020,8,Mon,2,52.50155521,13.38854267,evening,18,daylight,0,dry,0,2,6,1,0,0,0,0,0,3,slightly_injured
2020,8,Mon,2,52.49857936,13.41413699,morning,11,daylight,0,dry,0,5,3,0,1,0,1,0,0,3,slightly_injured
2020,8,Wed,4,52.56401334,13.3640468,afternoon,15,daylight,0,dry,0,2,6,0,1,0,0,0,0,3,slightly_injured
2020,8,Mon,2,52.50878781,13.61331933,evening,18,daylight,0,dry,0,5,3,0,1,0,0,0,0,2,seriously_injured
2020,8,Sun,1,52.54301785,13.57226128,afternoon,15,daylight,0,dry,0,5,3,0,1,0,0,0,0,3,slightly_injured
2020,8,Fri,6,52.56203931,13.19721294,night,5,daylight,0,dry,0,5,3,0,1,0,0,0,1,3,slightly_injured
2020,8,Tue,3,52.55606115,13.38001716,afternoon,15,daylight,0,dry,0,5,2,1,1,0,0,0,0,3,slightly_injured
2020,8,Tue,3,52.42784756,13.29027306,evening,20,daylight,0,wet,1,5,2,1,1,0,0,0,0,2,seriously_injured
2020,8,Tue,3,52.53909214,13.3452287,afternoon,13,daylight,0,dry,0,0,3,1,0,0,1,0,0,3,slightly_injured
2020,8,Tue,3,52.53370424,13.19451794,morning,9,daylight,0,wet,1,5,2,0,0,0,0,1,1,3,slightly_injured
2020,8,Fri,6,52.50000457,13.41837281,evening,20,daylight,0,dry,0,1,5,1,1,0,0,0,0,3,slightly_injured
2020,8,Thu,5,52.49348436,13.32334949,afternoon,15,daylight,0,dry,0,5,2,1,1,0,0,0,0,3,slightly_injured
2020,8,Wed,4,52.43940238,13.56590832,morning,10,daylight,0,wet,1,4,6,0,1,0,0,0,0,3,slightly_injured
2020,8,Mon,2,52.48728431,13.28621811,afternoon,16,daylight,0,dry,0,5,3,1,1,0,0,0,0,3,slightly_injured
2020,8,Wed,4,52.53712066,13.39687602,evening,20,dusk,1,dry,0,4,6,1,0,0,0,0,1,3,slightly_injured
2020,8,Mon,2,52.52906964,13.45907266,afternoon,15,daylight,0,dry,0,5,2,1,1,0,0,0,0,2,seriously_injured
2020,8,Tue,3,52.54146092,13.35427718,afternoon,14,daylight,0,dry,0,6,4,0,1,1,0,0,0,3,slightly_injured
2020,8,Mon,2,52.47396193,13.29574881,evening,18,daylight,0,dry,0,6,7,1,0,1,0,0,0,3,slightly_injured
2020,8,Wed,4,52.50353951,13.39101672,morning,9,daylight,0,dry,0,1,5,1,1,0,0,0,0,3,slightly_injured
2020,8,Mon,2,52.56663751,13.52099931,afternoon,17,daylight,0,dry,0,6,4,0,1,1,0,0,0,2,seriously_injured
2020,8,Sat,7,52.48613328,13.33083254,evening,18,daylight,0,wet,1,5,2,0,1,0,0,0,0,3,slightly_injured
2020,8,Thu,5,52.54506394,13.19484915,evening,19,daylight,0,dry,0,9,1,0,0,0,1,0,0,2,seriously_injured
2020,8,Wed,4,52.46912448,13.49133714,evening,21,dark,2,wet,1,5,2,0,1,0,0,0,0,3,slightly_injured
2020,8,Tue,3,52.50425112,13.51131908,morning,11,daylight,0,dry,0,2,6,0,1,0,1,0,0,3,slightly_injured
2020,8,Mon,2,52.49156765,13.29445085,afternoon,17,daylight,0,dry,0,5,2,0,1,0,1,0,0,3,slightly_injured
2020,8,Sat,7,52.45129124,13.48833902,afternoon,16,daylight,0,dry,0,0,3,0,1,0,0,0,1,2,seriously_injured
2020,8,Fri,6,52.50270067,13.4670384,afternoon,12,daylight,0,dry,0,0,1,0,0,0,1,0,0,3,slightly_injured
2020,8,Tue,3,52.50366873,13.42097226,morning,9,daylight,0,wet,1,0,5,1,1,0,0,0,0,3,slightly_injured
2020,8,Tue,3,52.50197252,13.47542954,evening,20,dusk,1,wet,1,5,2,1,1,0,0,0,0,3,slightly_injured
2020,8,Thu,5,52.56724255,13.34827629,afternoon,14,daylight,0,dry,0,6,4,0,1,1,0,0,0,2,seriously_injured
2020,8,Wed,4,52.48089729,13.43551748,morning,9,daylight,0,wet,1,6,7,0,0,1,0,0,1,3,slightly_injured
2020,8,Mon,2,52.49327928,13.30524414,afternoon,15,daylight,0,dry,0,5,3,0,1,0,1,0,0,3,slightly_injured
2020,8,Wed,4,52.51499298,13.38914767,afternoon,17,daylight,0,dry,0,3,6,1,0,0,0,0,1,3,slightly_injured
2020,8,Mon,2,52.5334623,13.4850016,afternoon,17,daylight,0,dry,0,5,2,1,0,0,0,0,1,3,slightly_injured
2020,8,Tue,3,52.49458149,13.34589302,afternoon,13,daylight,0,dry,0,2,6,1,0,0,0,0,0,3,slightly_injured
2020,8,Mon,2,52.4366601,13.47918609,morning,7,daylight,0,dry,0,5,3,0,1,0,0,0,0,3,slightly_injured
2020,8,Fri,6,52.48708948,13.52258766,evening,18,daylight,0,dry,0,5,3,1,1,0,0,0,0,3,slightly_injured
2020,8,Wed,4,52.43370524,13.26444459,morning,8,daylight,0,dry,0,5,2,1,1,0,0,0,0,2,seriously_injured
2020,8,Tue,3,52.46342973,13.40317365,morning,9,daylight,0,wet,1,5,3,0,1,0,0,0,0,3,slightly_injured
2020,8,Sat,7,52.42350682,13.45451222,afternoon,14,daylight,0,dry,0,2,6,0,1,0,0,0,0,3,slightly_injured
2020,8,Thu,5,52.44475373,13.56938603,evening,19,daylight,0,dry,0,5,3,1,1,0,0,0,0,3,slightly_injured
2020,8,Wed,4,52.53742649,13.36054991,evening,18,daylight,0,wet,1,0,6,0,1,0,0,0,1,3,slightly_injured
2020,8,Tue,3,52.50149177,13.58150857,afternoon,17,daylight,0,dry,0,5,3,0,1,0,1,0,0,3,slightly_injured
2020,8,Tue,3,52.48817325,13.3226605,morning,9,daylight,0,wet,1,0,5,1,1,0,0,0,0,3,slightly_injured
2020,8,Thu,5,52.50588133,13.51964723,morning,10,daylight,0,dry,0,5,7,0,1,0,0,0,1,3,slightly_injured
2020,8,Wed,4,52.51677178,13.30835572,afternoon,15,daylight,0,wet,1,5,2,1,1,0,0,0,0,3,slightly_injured
2020,8,Mon,2,52.50633129,13.38612439,afternoon,13,daylight,0,dry,0,8,1,0,1,0,0,0,0,3,slightly_injured
2020,8,Wed,4,52.43350002,13.46635024,afternoon,15,daylight,0,dry,0,5,3,0,1,0,0,0,0,3,slightly_injured
2020,8,Thu,5,52.52166548,13.38803194,night,5,daylight,0,dry,0,5,2,0,0,0,1,0,1,2,seriously_injured
2020,8,Wed,4,52.39481451,13.42029189,afternoon,16,daylight,0,wet,1,0,7,1,0,0,0,0,1,3,slightly_injured
2020,8,Mon,2,52.54605696,13.55352472,morning,7,daylight,0,dry,0,0,5,1,1,0,0,0,0,3,slightly_injured
2020,8,Wed,4,52.46864305,13.31258831,afternoon,17,daylight,0,dry,0,5,2,0,1,0,1,0,1,2,seriously_injured
2020,8,Mon,2,52.56798801,13.54426904,afternoon,17,daylight,0,dry,0,4,6,0,1,0,0,0,0,3,slightly_injured
2020,8,Tue,3,52.43127937,13.48358189,afternoon,13,daylight,0,dry,0,5,3,0,1,0,0,0,0,3,slightly_injured
2020,8,Sun,1,52.53064739,13.38330533,afternoon,16,daylight,0,dry,0,0,1,0,0,0,1,0,0,2,seriously_injured
2020,8,Fri,6,52.50406191,13.43433132,afternoon,15,daylight,0,dry,0,0,7,0,0,0,1,0,0,3,slightly_injured
2020,8,Wed,4,52.53264238,13.39902968,afternoon,14,daylight,0,wet,1,5,3,1,0,0,0,0,1,3,slightly_injured
2020,8,Wed,4,52.43885763,13.47466386,morning,7,daylight,0,dry,0,5,3,1,1,0,0,0,0,3,slightly_injured
2020,8,Sat,7,52.52298904,13.19769315,morning,8,daylight,0,wet,1,5,2,0,1,0,1,0,0,3,slightly_injured
2020,8,Thu,5,52.52506247,13.34545095,evening,18,daylight,0,dry,0,6,4,1,0,1,0,0,0,2,seriously_injured
2020,8,Wed,4,52.48023549,13.43407583,afternoon,17,daylight,0,wet,1,0,7,0,0,1,0,0,1,3,slightly_injured
2020,8,Tue,3,52.51095929,13.4012524,morning,6,daylight,0,dry,0,8,1,0,1,0,0,0,0,2,seriously_injured
2020,8,Mon,2,52.51289058,13.39803014,afternoon,16,daylight,0,dry,0,5,2,0,1,0,1,0,0,3,slightly_injured
2020,8,Thu,5,52.49245764,13.37193621,morning,9,daylight,0,dry,0,0,5,0,0,0,1,0,1,3,slightly_injured
2020,8,Mon,2,52.55599418,13.38473085,afternoon,16,daylight,0,dry,0,2,6,0,1,0,1,0,0,3,slightly_injured
2020,8,Mon,2,52.57818535,13.29793883,morning,11,daylight,0,dry,0,0,2,0,0,0,0,1,1,3,slightly_injured
2020,8,Wed,4,52.51041861,13.40118735,afternoon,15,daylight,0,dry,0,0,2,1,1,0,0,0,0,3,slightly_injured
2020,8,Mon,2,52.51750995,13.44794227,afternoon,16,daylight,0,dry,0,0,1,0,1,0,1,0,0,3,slightly_injured
2020,8,Sun,1,52.47666948,13.52297289,afternoon,12,daylight,0,dry,0,5,3,1,0,0,0,0,0,3,slightly_injured
2020,8,Fri,6,52.52712983,13.51929028,morning,7,daylight,0,dry,0,4,6,1,0,0,0,0,0,3,slightly_injured
2020,8,Wed,4,52.42071338,13.26428279,afternoon,16,daylight,0,wet,1,3,6,1,0,0,0,0,0,2,seriously_injured
2020,8,Tue,3,52.4665039,13.44131864,evening,20,dusk,1,wet,1,1,5,0,1,0,1,0,0,3,slightly_injured
2020,8,Tue,3,52.48129396,13.1811603,afternoon,14,daylight,0,dry,0,2,6,0,1,0,1,0,0,3,slightly_injured
2020,8,Tue,3,52.51782248,13.43288187,morning,8,daylight,0,dry,0,5,2,1,1,0,0,0,0,3,slightly_injured
2020,8,Fri,6,52.59090003,13.4423606,morning,8,daylight,0,dry,0,0,2,1,1,0,0,0,0,3,slightly_injured
2020,8,Thu,5,52.53850553,13.40966682,afternoon,16,daylight,0,dry,0,5,2,1,1,0,0,0,0,3,slightly_injured
2020,8,Mon,2,52.50744504,13.25692259,afternoon,15,daylight,0,dry,0,1,5,0,1,0,1,0,0,3,slightly_injured
2020,8,Sun,1,52.56594332,13.3958082,morning,11,daylight,0,dry,0,2,2,0,1,0,0,0,0,3,slightly_injured
2020,8,Fri,6,52.4606493,13.43293562,morning,9,daylight,0,dry,0,6,4,0,1,1,0,0,0,3,slightly_injured
2020,8,Wed,4,52.50752175,13.44997024,afternoon,13,daylight,0,wet,1,6,4,1,0,1,0,0,0,3,slightly_injured
2020,8,Tue,3,52.50513866,13.34139516,afternoon,16,daylight,0,wet,1,6,7,1,0,1,0,0,0,3,slightly_injured
2020,8,Tue,3,52.43281658,13.71105238,afternoon,15,daylight,0,dry,0,5,3,1,1,0,0,0,0,3,slightly_injured
2020,8,Sat,7,52.4125379,13.31965708,evening,20,daylight,0,wet,1,1,5,1,1,0,0,0,0,3,slightly_injured
2020,8,Thu,5,52.44406406,13.43346836,afternoon,14,daylight,0,wet,1,0,7,0,0,0,1,0,0,3,slightly_injured
2020,8,Wed,4,52.50643864,13.30993447,afternoon,13,daylight,0,wet,1,2,6,0,1,0,0,0,0,3,slightly_injured
2020,8,Tue,3,52.46524738,13.42146559,morning,9,daylight,0,dry,0,5,2,1,1,0,0,0,0,3,slightly_injured
2020,8,Thu,5,52.43749093,13.47296954,afternoon,13,daylight,0,dry,0,2,6,0,1,0,0,0,0,3,slightly_injured
2020,8,Mon,2,52.44344372,13.68402639,afternoon,15,daylight,0,dry,0,0,3,0,1,0,1,0,0,3,slightly_injured
2020,8,Mon,2,52.50553484,13.30296836,evening,20,dark,2,dry,0,5,2,1,1,0,0,0,0,3,slightly_injured
2020,8,Wed,4,52.49751864,13.35040889,afternoon,14,daylight,0,dry,0,0,4,0,0,1,0,0,1,3,slightly_injured
2020,8,Mon,2,52.42458775,13.52667809,afternoon,15,daylight,0,dry,0,5,3,1,1,0,0,0,0,3,slightly_injured
2020,8,Sun,1,52.57411278,13.50396508,afternoon,13,daylight,0,dry,0,6,4,0,1,1,0,0,0,2,seriously_injured
2020,8,Fri,6,52.47378908,13.45581336,afternoon,12,daylight,0,dry,0,5,2,1,1,0,0,0,0,3,slightly_injured
2020,8,Tue,3,52.53045615,13.40183708,afternoon,17,daylight,0,dry,0,1,1,1,1,0,0,0,0,3,slightly_injured
2020,8,Tue,3,52.5217632,13.15472571,evening,19,daylight,0,wet,1,0,6,0,0,0,0,1,1,3,slightly_injured