ujahr,umonat,weekday,uwochentag,long,lat,time_of_day,ustunde,light_condition,ulichtverh,street_condition,ustrzustand,uart,utyp1,ist_rad,ist_pkw,ist_fuss,ist_krad,ist_gkfz,ist_sonstige,ukategorie,accident_outcome
2020,8,Tue,3,52.48614341,13.45790803,evening,20,dark,2,wet,1,0,3,1,1,0,0,0,0,3,slightly_injured
2020,8,Thu,5,52.45168532,13.3448078,afternoon,15,daylight,0,dry,0,6,6,0,1,1,0,0,0,3,slightly_injured
2020,8,Wed,4,52.46586981,13.44236199,morning,10,daylight,0,wet,1,5,3,1,1,0,0,0,0,3,slightly_injured
2020,8,Mon,2,52.50944393,13.38995592,afternoon,15,daylight,0,dry,0,5,3,0,0,0,1,0,1,3,slightly_injured
2020,8,Wed,4,52.51303861,13.44904633,evening,19,daylight,0,dry,0,2,6,1,1,0,0,0,0,3,slightly_injured
2020,8,Mon,2,52.48229066,13.40795253,afternoon,15,daylight,0,dry,0,5,7,0,1,0,0,0,0,3,slightly_injured
2020,8,Wed,4,52.45838528,13.36944913,morning,11,daylight,0,wet,1,8,1,0,1,0,0,0,0,3,slightly_injured
2020,8,Tue,3,52.5169991,13.61987631,morning,7,daylight,0,dry,0,5,3,0,1,0,0,0,0,3,slightly_injured
2020,8,Thu,5,52.53955129,13.20532044,morning,8,daylight,0,dry,0,6,4,0,1,1,0,0,0,1,killed
2020,8,Mon,2,52.51221319,13.39146195,afternoon,14,daylight,0,dry,0,5,3,0,1,0,1,0,0,3,slightly_injured
2020,8,Mon,2,52.52873558,13.4654444,morning,8,daylight,0,dry,0,1,5,1,1,0,0,0,0,3,slightly_injured
2020,8,Wed,4,52.51228341,13.26767109,afternoon,13,daylight,0,dry,0,5,7,0,1,0,0,0,1,3,slightly_injured
2020,8,Mon,2,52.44070664,13.41972201,afternoon,14,daylight,0,dry,0,5,3,0,1,0,0,0,0,3,slightly_injured
2020,8,Sat,7,52.50985244,13.42121623,evening,19,daylight,0,dry,0,5,2,1,1,0,0,0,0,3,slightly_injured
2020,8,Fri,6,52.5287012,13.40210462,morning,10,daylight,0,dry,0,6,4,1,0,1,0,0,0,3,slightly_injured
2020,8,Tue,3,52.50125379,13.46661944,morning,10,daylight,0,wet,1,5,2,0,1,0,1,0,0,3,slightly_injured
2020,8,Tue,3,52.61393753,13.32167275,afternoon,12,daylight,0,dry,0,6,7,1,0,1,0,0,0,2,seriously_injured
2020,8,Tue,3,52.53753384,13.40864059,morning,8,daylight,0,dry,0,1,5,1,1,0,0,0,0,3,slightly_injured
2020,8,Thu,5,52.54784893,13.55889738,night,0,dark,2,dry,0,0,6,0,1,0,0,0,1,2,seriously_injured
2020,8,Wed,4,52.52497301,13.13962647,morning,8,daylight,0,dry,0,5,3,0,1,0,0,0,0,3,slightly_injured
2020,8,Mon,2,52.56793981,13.42765399,afternoon,14,daylight,0,dry,0,5,2,0,1,0,0,0,0,3,slightly_injured
2020,8,Wed,4,52.4947905,13.51993231,evening,18,daylight,0,dry,0,1,5,1,1,0,0,0,0,3,slightly_injured
2020,8,Mon,2,52.42051201,13.16177377,morning,8,daylight,0,dry,0,6,7,1,0,1,0,0,0,3,slightly_injured
2020,8,Tue,3,52.50873746,13.27361275,afternoon,13,daylight,0,dry,0,2,6,0,1,0,0,1,0,3,slightly_injured
2020,8,Sun,1,52.48037253,13.33298049,afternoon,13,daylight,0,dry,0,6,4,0,1,1,0,0,0,3,slightly_injured
2020,8,Fri,6,52.45180465,13.37832426,afternoon,13,daylight,0,dry,0,5,3,1,1,0,0,0,0,2,seriously_injured
2020,8,Wed,4,52.49362177,13.33099659,morning,8,daylight,0,dry,0,2,6,0,1,0,0,0,0,3,slightly_injured
2020,8,Sat,7,52.50931313,13.46699257,afternoon,13,daylight,0,wet,1,1,5,1,1,0,0,0,0,3,slightly_injured
2020,8,Thu,5,52.53621262,13.39114127,evening,19,daylight,0,dry,0,5,2,1,0,0,0,0,1,2,seriously_injured
2020,8,Tue,3,52.49660355,13.2960337,afternoon,13,daylight,0,dry,0,1,5,1,1,0,0,0,0,3,slightly_injured
2020,8,Mon,2,52.54789754,13.20978022,afternoon,16,daylight,0,wet,1,5,2,0,0,0,1,0,0,3,slightly_injured
2020,8,Fri,6,52.53503961,13.19776768,evening,19,daylight,0,dry,0,0,3,1,1,0,0,0,0,3,slightly_injured
2020,8,Wed,4,52.55713445,13.36574874,morning,9,daylight,0,dry,0,5,2,1,1,0,0,0,0,3,slightly_injured
2020,8,Sat,7,52.48663284,13.42417766,afternoon,16,daylight,0,dry,0,0,1,1,0,0,0,0,0,3,slightly_injured
2020,8,Thu,5,52.4806275,13.44211595,afternoon,13,daylight,0,dry,0,1,5,0,1,0,0,0,1,3,slightly_injured
2020,8,Wed,4,52.51781931,13.43288093,evening,18,daylight,0,wet,1,5,2,1,1,0,0,0,0,3,slightly_injured
2020,8,Tue,3,52.50363642,13.33084882,afternoon,17,daylight,0,dry,0,2,6,0,1,0,1,0,0,3,slightly_injured
2020,8,Thu,5,52.52811425,13.23010941,afternoon,12,daylight,0,dry,0,3,6,0,1,0,0,1,1,2,seriously_injured
2020,8,Wed,4,52.43541092,13.50088759,afternoon,16,daylight,0,wet,1,2,6,0,1,0,0,0,1,3,slightly_injured
2020,8,Mon,2,52.51258436,13.44210073,afternoon,13,daylight,0,dry,0,5,7,1,1,0,0,0,0,2,seriously_injured
2020,8,Wed,4,52.42783876,13.46811746,afternoon,16,daylight,0,dry,0,5,3,1,0,0,1,0,0,3,slightly_injured
2020,8,Mon,2,52.5541585,13.35858485,morning,11,daylight,0,dry,0,5,2,1,0,0,0,0,1,3,slightly_injured
2020,8,Tue,3,52.42498408,13.43642456,afternoon,12,daylight,0,wet,1,1,5,1,1,0,0,0,0,2,seriously_injured
2020,8,Sun,1,52.56506368,13.32885682,afternoon,16,daylight,0,dry,0,6,4,0,1,1,0,0,0,3,slightly_injured
2020,8,Fri,6,52.56092579,13.45705995,afternoon,14,daylight,0,dry,0,5,2,1,1,0,0,0,0,3,slightly_injured
2020,8,Wed,4,52.52076851,13.48596299,afternoon,13,daylight,0,wet,1,5,2,1,1,0,0,0,0,3,slightly_injured
2020,8,Tue,3,52.56795586,13.31043666,afternoon,13,daylight,0,dry,0,5,2,1,1,0,0,0,0,3,slightly_injured
2020,8,Sat,7,52.51081086,13.29157297,night,1,dark,2,dry,0,0,1,0,0,0,0,0,1,3,slightly_injured
2020,8,Thu,5,52.49045442,13.35878102,afternoon,17,daylight,0,dry,0,2,6,1,1,0,0,0,0,3,slightly_injured
2020,8,Wed,4,52.43778323,13.527163,morning,11,daylight,0,wet,1,5,3,0,1,0,0,0,0,3,slightly_injured
2020,8,Tue,3,52.57390702,13.40764665,morning,7,daylight,0,dry,0,5,3,1,1,0,0,0,0,3,slightly_injured
2020,8,Thu,5,52.50060623,13.37417835,morning,8,daylight,0,dry,0,5,3,1,0,0,0,0,1,3,slightly_injured
2020,8,Mon,2,52.48852043,13.42334283,morning,8,daylight,0,dry,0,3,6,0,0,0,0,0,1,3,slightly_injured
2020,8,Mon,2,52.42177256,13.43772155,evening,22,dark,2,dry,0,5,3,0,1,0,1,0,0,3,slightly_injured
2020,8,Wed,4,52.50261777,13.44671639,afternoon,17,daylight,0,wet,1,5,2,1,1,0,0,0,0,3,slightly_injured
2020,8,Tue,3,52.48337143,13.59760277,afternoon,17,daylight,0,dry,0,5,3,0,1,0,0,0,0,3,slightly_injured
2020,8,Mon,2,52.40755557,13.4160474,morning,7,daylight,0,dry,0,2,2,0,1,0,0,0,0,3,slightly_injured
2020,8,Thu,5,52.50701279,13.31400143,morning,10,daylight,0,dry,0,5,2,0,1,0,0,0,0,3,slightly_injured
2020,8,Mon,2,52.53619197,13.47355395,morning,7,daylight,0,dry,0,2,2,0,1,0,0,0,0,3,slightly_injured
2020,8,Wed,4,52.54208488,13.37222149,afternoon,14,daylight,0,wet,1,1,5,0,1,0,1,0,0,3,slightly_injured
2020,8,Mon,2,52.46610015,13.43212443,afternoon,12,daylight,0,dry,0,6,4,0,1,1,0,0,0,3,slightly_injured
2020,8,Wed,4,52.5300486,13.20482514,afternoon,15,daylight,0,dry,0,0,7,0,0,0,0,1,0,3,slightly_injured
2020,8,Mon,2,52.55390374,13.46806067,night,5,dusk,1,dry,0,2,6,0,1,0,0,1,0,3,slightly_injured
2020,8,Sun,1,52.60549585,13.32156977,morning,6,daylight,0,dry,0,1,1,0,1,0,0,0,0,3,slightly_injured
2020,8,Fri,6,52.50791854,13.42688879,morning,8,daylight,0,dry,0,5,5,0,1,0,1,0,0,3,slightly_injured
2020,8,Wed,4,52.42399637,13.18417958,morning,7,daylight,0,dry,0,1,5,1,1,0,0,0,0,3,slightly_injured
2020,8,Tue,3,52.49767295,13.36215326,evening,21,dusk,1,wet,1,6,4,0,1,1,0,0,0,2,seriously_injured
2020,8,Tue,3,52.54848581,13.36045047,afternoon,15,daylight,0,dry,0,5,3,0,1,0,0,0,1,3,slightly_injured
2020,8,Sat,7,52.48577828,13.45826517,evening,19,daylight,0,wet,1,0,1,1,1,0,0,0,0,3,slightly_injured
2020,8,Thu,5,52.43145548,13.30968227,evening,20,daylight,0,dry,0,5,2,1,1,0,0,0,0,2,seriously_injured
2020,8,Wed,4,52.59726164,13.3671532,afternoon,12,daylight,0,wet,1,5,3,0,1,0,0,0,1,3,slightly_injured
2020,8,Tue,3,52.48372553,13.29621246,morning,7,daylight,0,dry,0,6,4,0,1,1,0,0,0,3,slightly_injured
2020,8,Thu,5,52.43203588,13.28174725,afternoon,13,daylight,0,dry,0,1,5,0,1,0,0,1,0,3,slightly_injured
2020,8,Mon,2,52.48343034,13.35427124,night,0,dark,2,dry,0,5,3,0,1,0,0,0,0,3,slightly_injured
2020,8,Mon,2,52.49895543,13.35594308,evening,19,daylight,0,dry,0,0,1,1,1,0,0,0,0,3,slightly_injured
2020,8,Wed,4,52.50854173,13.45108694,afternoon,12,daylight,0,dry,0,0,1,1,0,0,0,0,0,3,slightly_injured
2020,8,Mon,2,52.53117868,13.46907938,afternoon,13,daylight,0,dry,0,3,6,0,1,0,1,0,0,3,slightly_injured
2020,8,Sat,7,52.43995713,13.39291733,morning,10,daylight,0,wet,1,3,6,0,0,0,0,0,1,2,seriously_injured
2020,8,Fri,6,52.5486445,13.37212526,morning,11,daylight,0,dry,0,5,3,1,1,0,0,0,0,3,slightly_injured
2020,8,Tue,3,52.48970639,13.38961788,afternoon,13,daylight,0,dry,0,6,4,1,0,1,0,0,0,3,slightly_injured
2020,8,Wed,4,52.55160286,13.24895574,afternoon,15,daylight,0,dry,0,2,6,0,1,0,1,0,0,3,slightly_injured
2020,8,Mon,2,52.52335462,13.53233976,afternoon,12,daylight,0,dry,0,5,3,0,1,0,1,0,0,3,slightly_injured
2020,8,Sun,1,52.49935408,13.42808473,afternoon,15,daylight,0,dry,0,6,7,1,0,1,0,0,0,3,slightly_injured
2020,8,Fri,6,52.53933632,13.3508775,morning,6,daylight,0,dry,0,2,3,1,0,0,0,0,0,3,slightly_injured
2020,8,Tue,3,52.5243961,13.40296935,afternoon,12,daylight,0,dry,0,0,1,1,0,0,0,0,0,3,slightly_injured
2020,8,Tue,3,52.57106564,13.27530511,evening,20,dusk,1,wet,1,1,5,0,1,0,0,0,0,3,slightly_injured
2020,8,Tue,3,52.41233812,13.39100217,afternoon,13,daylight,0,dry,0,2,6,0,1,0,0,0,0,3,slightly_injured
2020,8,Fri,6,52.60389449,13.35115926,evening,20,dark,2,dry,0,1,5,0,1,0,0,0,0,3,slightly_injured
2020,8,Thu,5,52.57709915,13.31723295,afternoon,16,daylight,0,dry,0,6,7,0,1,1,0,0,0,3,slightly_injured
2020,8,Wed,4,52.51354862,13.42365774,morning,10,daylight,0,wet,1,2,6,0,1,0,0,0,0,3,slightly_injured
2020,8,Mon,2,52.50720549,13.37509242,morning,9,daylight,0,dry,0,1,5,1,1,0,0,0,0,3,slightly_injured
2020,8,Wed,4,52.45653689,13.32235445,evening,20,daylight,0,dry,0,5,3,1,1,0,0,0,0,2,seriously_injured
2020,8,Mon,2,52.4864176,13.32173719,afternoon,12,daylight,0,dry,0,0,4,0,1,1,0,0,0,3,slightly_injured
2020,8,Mon,2,52.48101146,13.50261897,evening,18,daylight,0,dry,0,2,6,0,1,0,0,0,0,3,slightly_injured
2020,8,Wed,4,52.53858902,13.20076048,morning,9,daylight,0,dry,0,5,2,0,1,0,0,0,0,3,slightly_injured
2020,8,Mon,2,52.49626329,13.50957556,morning,11,daylight,0,dry,0,5,2,1,1,0,0,0,0,3,slightly_injured
2020,8,Sat,7,52.53345262,13.485003,evening,18,daylight,0,wet,1,5,2,1,1,0,0,0,0,3,slightly_injured
2020,8,Fri,6,52.43471049,13.55837245,morning,10,daylight,0,dry,0,2,6,0,1,0,0,0,0,3,slightly_injured
2020,8,Tue,3,52.52340048,13.39865427,evening,18,daylight,0,dry,0,3,6,1,0,0,1,0,0,3,slightly_injured
2020,8,Thu,5,52.63721092,13.29507547,morning,8,daylight,0,dry,0,5,3,1,1,0,0,0,0,3,slightly_injured
2020,8,Wed,4,52.58249284,13.33391303,morning,7,daylight,0,wet,1,5,3,1,1,0,0,0,0,3,slightly_injured
2020,8,Mon,2,52.51252077,13.43871027,afternoon,17,daylight,0,wet,1,5,2,1,1,0,0,0,0,3,slightly_injured
2020,8,Tue,3,52.59953431,13.30120889,evening,20,dusk,1,wet,1,0,1,1,0,0,0,0,0,3,slightly_injured
2020,8,Thu,5,52.55098375,13.41049809,afternoon,15,daylight,0,dry,0,5,2,1,1,0,0,0,0,3,slightly_injured
2020,8,Wed,4,52.48610628,13.33132848,morning,9,daylight,0,wet,1,5,2,1,1,0,0,0,0,3,slightly_injured
2020,8,Mon,2,52.50622573,13.33209478,afternoon,15,daylight,0,dry,0,6,7,0,1,1,0,0,0,3,slightly_injured
2020,8,Wed,4,52.49835896,13.39569188,evening,18,daylight,0,dry,0,3,6,0,1,0,1,0,0,3,slightly_injured
2020,8,Mon,2,52.55542962,13.39157842,morning,11,daylight,0,dry,0,5,2,1,1,0,0,0,0,2,seriously_injured
2020,8,Tue,3,52.52709278,13.41597105,afternoon,12,daylight,0,dry,0,5,2,1,0,0,0,1,0,2,seriously_injured
2020,8,Mon,2,52.50224446,13.48447033,morning,9,daylight,0,dry,0,0,7,0,0,0,1,0,0,3,slightly_injured
2020,8,Fri,6,52.49745586,13.32430198,evening,19,daylight,0,dry,0,5,5,1,1,0,0,0,0,2,seriously_injured
2020,8,Wed,4,52.51672033,13.25987813,morning,10,daylight,0,dry,0,2,6,0,1,0,0,0,1,3,slightly_injured
2020,8,Tue,3,52.50656357,13.28830415,morning,8,daylight,0,wet,1,2,6,0,1,0,0,0,0,3,slightly_injured
2020,8,Sat,7,52.53190717,13.49691184,afternoon,14,daylight,0,dry,0,1,5,0,1,0,0,0,1,3,slightly_injured
2020,8,Thu,5,52.53867079,13.48118542,afternoon,15,daylight,0,dry,0,5,3,1,1,0,0,0,0,2,seriously_injured
2020,8,Wed,4,52.48168752,13.36698386,evening,18,daylight,0,wet,1,0,6,0,1,0,1,0,0,3,slightly_injured
2020,8,Tue,3,52.50139701,13.47539078,afternoon,17,daylight,0,dry,0,5,3,1,1,0,0,0,0,3,slightly_injured
2020,8,Tue,3,52.47022147,13.32846681,morning,7,daylight,0,wet,1,5,2,1,1,0,0,0,0,3,slightly_injured
2020,8,Thu,5,52.41680945,13.43542578,morning,11,daylight,0,dry,0,1,5,1,1,0,0,0,0,3,slightly_injured
2020,8,Wed,4,52.49917921,13.43122064,afternoon,15,daylight,0,wet,1,5,3,1,0,0,0,0,0,3,slightly_injured
2020,8,Mon,2,52.44845225,13.4373793,afternoon,13,daylight,0,dry,0,5,3,0,1,0,1,0,0,3,slightly_injured
2020,8,Wed,4,52.60359642,13.43174854,afternoon,16,daylight,0,dry,0,5,2,0,1,0,1,0,0,3,slightly_injured
2020,8,Mon,2,52.64366758,13.47963336,morning,11,daylight,0,dry,0,2,2,0,1,0,0,0,0,3,slightly_injured
2020,8,Sun,1,52.51857283,13.31823758,morning,11,daylight,0,dry,0,2,6,0,1,0,0,0,0,3,slightly_injured
2020,8,Fri,6,52.49392851,13.41849103,afternoon,12,daylight,0,dry,0,9,7,0,0,0,1,0,0,3,slightly_injured
2020,8,Wed,4,52.49898838,13.33483916,afternoon,13,daylight,0,wet,1,6,4,1,0,1,0,0,0,3,slightly_injured
2020,8,Tue,3,52.51474176,13.34902078,evening,22,dark,2,wet,1,0,1,0,0,0,1,0,0,3,slightly_injured
2020,8,Tue,3,52.50378507,13.41029179,afternoon,16,daylight,0,dry,0,5,3,1,1,0,0,0,0,3,slightly_injured
2020,9,Sun,1,52.51626133,13.38089214,night,1,dark,2,dry,0,2,6,1,0,0,0,0,0,3,slightly_injured
2020,9,Wed,4,52.57374978,13.35213898,evening,18,daylight,0,wet,1,0,1,0,0,0,1,0,0,3,slightly_injured
2020,9,Tue,3,52.41834913,13.41696989,morning,7,daylight,0,dry,0,3,6,0,1,0,0,0,1,3,slightly_injured
2020,9,Tue,3,52.43570609,13.25836833,afternoon,17,daylight,0,dry,0,5,3,0,1,0,1,0,0,3,slightly_injured
2020,8,Mon,2,52.55017909,13.23618824,afternoon,16,daylight,0,wet,1,0,1,0,0,0,1,0,0,3,slightly_injured
2020,8,Mon,2,52.59487574,13.42585046,afternoon,16,daylight,0,wet,1,2,2,0,1,0,1,0,0,3,slightly_injured
2020,9,Sat,7,52.44525074,13.56215762,afternoon,13,daylight,0,dry,0,5,3,0,1,0,0,0,0,3,slightly_injured
2020,8,Mon,2,52.54706498,13.424806,afternoon,15,daylight,0,dry,0,6,4,0,1,1,0,0,0,3,slightly_injured
2020,9,Fri,6,52.47375308,13.45627774,afternoon,15,daylight,0,dry,0,2,6,0,1,0,0,0,0,3,slightly_injured
2020,8,Mon,2,52.43952952,13.43718514,morning,8,daylight,0,dry,0,6,4,0,1,1,0,0,0,3,slightly_injured
2020,9,Tue,3,52.52572644,13.51975676,night,5,dark,2,wet,1,0,1,1,0,0,0,0,0,3,slightly_injured
2020,9,Sun,1,52.49792584,13.36222238,afternoon,17,daylight,0,dry,0,0,3,0,1,0,1,0,0,3,slightly_injured
2020,9,Thu,5,52.52634542,13.13315912,afternoon,15,daylight,0,dry,0,5,2,0,1,0,0,0,0,3,slightly_injured
2020,9,Tue,3,52.50174288,13.44563415,night,5,dark,2,dry,0,4,6,0,1,0,0,1,0,3,slightly_injured
2020,8,Mon,2,52.42923838,13.52392207,morning,8,daylight,0,wet,1,5,3,0,1,0,0,0,0,3,slightly_injured
2020,9,Sat,7,52.3937682,13.40677256,evening,20,dark,2,dry,0,5,2,0,1,0,0,0,0,3,slightly_injured
2020,9,Wed,4,52.52850547,13.46679749,evening,22,dark,2,wet,1,5,3,1,1,0,0,0,0,3,slightly_injured
2020,9,Tue,3,52.53415141,13.32836025,afternoon,13,daylight,0,dry,0,3,6,0,1,0,0,0,0,3,slightly_injured
2020,8,Mon,2,52.49682549,13.39534008,morning,7,daylight,0,dry,0,5,2,0,1,0,1,0,0,3,slightly_injured
2020,8,Mon,2,52.57990644,13.29796285,morning,7,daylight,0,wet,1,0,2,0,1,0,1,0,0,3,slightly_injured
2020,9,Fri,6,52.53285621,13.47575782,afternoon,13,daylight,0,dry,0,2,6,0,1,0,0,0,0,3,slightly_injured
2020,8,Mon,2,52.49346849,13.4055685,morning,7,daylight,0,dry,0,5,3,1,1,0,0,0,0,3,slightly_injured
2020,8,Mon,2,52.51647839,13.34568165,morning,7,daylight,0,wet,1,0,1,1,0,0,0,0,0,3,slightly_injured
2020,9,Mon,2,52.51882737,13.28701366,afternoon,15,daylight,0,dry,0,0,1,0,0,0,1,0,0,3,slightly_injured
2020,9,Thu,5,52.51766032,13.42809369,evening,19,daylight,0,dry,0,5,3,1,1,0,0,0,0,3,slightly_injured
2020,8,Mon,2,52.41489685,13.40239532,morning,7,daylight,0,wet,1,0,6,0,1,0,1,0,0,3,slightly_injured
2020,8,Mon,2,52.46954381,13.46308399,morning,6,daylight,0,wet,1,5,3,0,1,0,1,0,0,3,slightly_injured
2020,9,Mon,2,52.4341783,13.35859135,afternoon,16,daylight,0,dry,0,5,3,0,1,0,0,0,0,2,seriously_injured
2020,9,Thu,5,52.55800986,13.46643161,evening,22,dark,2,wet,1,5,7,1,1,0,0,0,0,3,slightly_injured
2020,8,Mon,2,52.5544627,13.43166676,night,4,dark,2,wet,1,5,3,0,1,0,1,0,0,2,seriously_injured
2020,9,Sun,1,52.57792798,13.31541547,afternoon,16,daylight,0,dry,0,5,2,0,1,0,0,0,0,3,slightly_injured
2020,9,Thu,5,52.45637012,13.56263231,afternoon,13,daylight,0,dry,0,5,2,1,1,0,0,0,0,3,slightly_injured
2020,9,Tue,3,52.50670308,13.29271352,afternoon,13,daylight,0,dry,0,5,2,1,1,0,0,0,0,3,slightly_injured
2020,8,Mon,2,52.52419135,13.14330636,morning,10,daylight,0,dry,0,2,6,0,1,0,0,0,1,2,seriously_injured
2020,9,Sat,7,52.55191662,13.46542338,evening,21,dark,2,dry,0,5,2,0,1,0,0,0,0,3,slightly_injured
2020,9,Wed,4,52.57587132,13.27055071,afternoon,14,daylight,0,wet,1,2,6,0,1,0,0,1,0,3,slightly_injured
2020,9,Tue,3,52.51179506,13.32253922,night,0,dark,2,dry,0,2,6,0,1,0,0,0,0,3,slightly_injured
2020,8,Mon,2,52.61819331,13.48754338,morning,10,daylight,0,dry,0,6,2,0,0,1,0,1,0,3,slightly_injured
2020,8,Mon,2,52.53511277,13.51373192,morning,9,daylight,0,dry,0,3,6,0,1,0,0,0,0,3,slightly_injured
2020,9,Fri,6,52.52119118,13.45502856,morning,11,daylight,0,wet,1,5,2,1,1,0,0,0,0,3,slightly_injured
2020,8,Mon,2,52.42014528,13.30198271,morning,9,daylight,0,dry,0,5,3,0,1,0,1,0,0,3,slightly_injured
2020,9,Mon,2,52.52613297,13.36793036,afternoon,13,daylight,0,dry,0,0,3,0,1,0,0,0,1,3,slightly_injured
2020,9,Thu,5,52.5968196,13.40297831,evening,18,daylight,0,dry,0,2,6,0,1,0,1,0,0,3,slightly_injured
2020,8,Mon,2,52.4992682,13.42639089,morning,9,daylight,0,dry,0,5,2,1,1,0,0,0,0,2,seriously_injured
2020,9,Sun,1,52.4732455,13.29878147,afternoon,12,daylight,0,dry,0,5,2,1,1,0,0,0,0,3,slightly_injured
2020,9,Thu,5,52.53062293,13.41102486,morning,8,daylight,0,dry,0,5,2,1,1,0,0,0,0,3,slightly_injured
2020,9,Tue,3,52.4468267,13.51405291,night,0,dark,2,dry,0,1,7,0,1,0,0,0,0,3,slightly_injured
2020,9,Tue,3,52.51228995,13.46056555,afternoon,17,daylight,0,dry,0,0,1,1,0,0,0,0,0,3,slightly_injured
2020,8,Mon,2,52.51199155,13.40877143,morning,9,daylight,0,dry,0,5,2,1,1,0,0,0,0,3,slightly_injured
2020,9,Sat,7,52.52624476,13.34295536,night,5,dusk,1,wet,1,5,3,0,1,0,0,0,0,3,slightly_injured
2020,9,Wed,4,52.4346144,13.32463002,morning,7,daylight,0,wet,1,0,1,1,0,0,0,0,0,3,slightly_injured
2020,9,Tue,3,52.51815373,13.18366686,afternoon,12,daylight,0,dry,0,5,2,0,1,0,1,0,0,3,slightly_injured
2020,9,Sun,1,52.51274544,13.45793315,afternoon,14,daylight,0,dry,0,0,1,0,0,0,1,0,0,3,slightly_injured
2020,9,Thu,5,52.52955551,13.39975699,morning,11,daylight,0,dry,0,5,7,0,1,0,1,0,0,2,seriously_injured
2020,9,Tue,3,52.44398491,13.33995227,morning,11,daylight,0,dry,0,5,7,0,1,0,1,0,0,2,seriously_injured
2020,8,Mon,2,52.45886275,13.57960358,morning,9,daylight,0,dry,0,0,3,1,0,0,0,0,0,2,seriously_injured
2020,9,Sat,7,52.53449706,13.49969744,afternoon,15,daylight,0,dry,0,0,2,0,0,0,0,0,1,3,slightly_injured
2020,9,Wed,4,52.49510721,13.29965099,morning,9,daylight,0,dry,0,5,2,1,1,0,0,0,0,3,slightly_injured
2020,9,Tue,3,52.54647791,13.42432892,afternoon,14,daylight,0,dry,0,8,1,1,0,0,0,0,0,3,slightly_injured
2020,8,Mon,2,52.51243413,13.41729882,morning,8,daylight,0,dry,0,6,4,0,1,1,0,0,0,3,slightly_injured
2020,9,Fri,6,52.49657362,13.29289475,morning,9,daylight,0,wet,1,3,6,1,1,0,0,0,0,3,slightly_injured
2020,8,Mon,2,52.50433754,13.31726546,morning,8,daylight,0,wet,1,0,2,1,1,0,0,0,0,3,slightly_injured
2020,9,Mon,2,52.52717471,13.1292559,afternoon,12,daylight,0,dry,0,2,2,0,1,0,0,0,0,3,slightly_injured
2020,9,Thu,5,52.53058032,13.38819161,afternoon,16,daylight,0,dry,0,5,5,1,1,0,0,0,0,3,slightly_injured
2020,8,Sun,1,52.47452395,13.43728584,evening,18,dusk,1,wet,1,4,6,0,1,0,0,0,0,3,slightly_injured
2020,9,Wed,4,52.53061573,13.38318481,evening,18,daylight,0,dry,0,0,2,1,0,0,0,0,1,2,seriously_injured
2020,9,Tue,3,52.46115633,13.43497982,morning,11,daylight,0,dry,0,2,6,0,1,0,0,1,0,3,slightly_injured
2020,9,Tue,3,52.56080111,13.21477344,afternoon,16,daylight,0,dry,0,2,6,0,1,0,0,0,0,3,slightly_injured
2020,8,Sun,1,52.50841282,13.32553314,afternoon,17,dusk,1,wet,1,0,3,0,1,0,0,0,1,3,slightly_injured
2020,9,Sat,7,52.4540016,13.51924006,afternoon,15,daylight,0,dry,0,5,3,1,1,0,0,0,0,3,slightly_injured
2020,8,Sun,1,52.50507453,13.47261932,afternoon,17,daylight,0,wet,1,2,6,0,1,0,0,0,0,2,seriously_injured
2020,9,Fri,6,52.49835176,13.20521677,evening,21,dark,2,dry,0,8,1,0,0,0,1,0,0,2,seriously_injured
2020,8,Sun,1,52.53425382,13.56618167,afternoon,17,dusk,1,wet,1,5,2,1,1,0,0,0,0,2,seriously_injured
2020,9,Tue,3,52.54313988,13.41206849,morning,10,daylight,0,dry,0,5,2,1,0,0,0,0,1,2,seriously_injured
2020,8,Sun,1,52.56793646,13.42770927,afternoon,16,daylight,0,wet,1,0,6,1,1,0,0,0,0,3,slightly_injured
2020,9,Fri,6,52.56209251,13.32650534,morning,7,daylight,0,wet,1,2,6,0,1,0,0,0,1,3,slightly_injured
2020,8,Sun,1,52.4696469,13.43007503,afternoon,14,daylight,0,dry,0,2,7,1,1,0,0,0,0,3,slightly_injured
2020,9,Mon,2,52.55253533,13.33693308,morning,8,daylight,0,dry,0,2,2,0,1,0,0,0,0,3,slightly_injured
2020,9,Thu,5,52.5305035,13.3827748,afternoon,15,daylight,0,dry,0,6,7,1,0,1,0,0,0,3,slightly_injured
2020,8,Sun,1,52.43638767,13.69733169,afternoon,14,daylight,0,dry,0,5,3,0,1,0,0,0,0,3,slightly_injured
2020,9,Sun,1,52.49133382,13.43530725,morning,10,daylight,0,dry,0,0,2,1,0,0,1,0,0,3,slightly_injured
2020,9,Wed,4,52.52440952,13.44070422,afternoon,17,daylight,0,wet,1,0,7,0,1,0,0,0,1,3,slightly_injured
2020,9,Tue,3,52.43140585,13.54710264,morning,9,daylight,0,dry,0,2,6,0,1,0,0,1,0,3,slightly_injured