ujahr,umonat,weekday,uwochentag,long,lat,time_of_day,ustunde,light_condition,ulichtverh,street_condition,ustrzustand,uart,utyp1,ist_rad,ist_pkw,ist_fuss,ist_krad,ist_gkfz,ist_sonstige,ukategorie,accident_outcome
2020,9,Tue,3,52.50614724,13.31765135,afternoon,16,daylight,0,dry,0,0,2,1,1,0,0,0,0,3,slightly_injured
2020,8,Sun,1,52.43957161,13.4038106,afternoon,13,daylight,0,dry,0,6,4,0,1,1,0,0,0,3,slightly_injured
2020,8,Sun,1,52.56864972,13.22920934,afternoon,12,daylight,0,dry,0,8,1,0,1,0,0,0,0,2,seriously_injured
2020,9,Fri,6,52.54090477,13.40592479,evening,21,dark,2,dry,0,6,4,1,0,1,0,0,0,3,slightly_injured
2020,8,Sun,1,52.47346475,13.32015157,evening,20,dark,2,wet,1,5,3,0,1,0,0,0,0,3,slightly_injured
2020,9,Mon,2,52.5054799,13.41217518,evening,18,daylight,0,dry,0,5,7,1,1,0,0,0,0,3,slightly_injured
2020,9,Thu,5,52.50643647,13.30922937,afternoon,15,daylight,0,dry,0,5,2,1,1,0,0,0,0,3,slightly_injured
2020,8,Sun,1,52.45057814,13.36436019,morning,11,daylight,0,dry,0,2,6,1,1,0,0,0,0,3,slightly_injured
2020,9,Tue,3,52.51307508,13.33028897,morning,8,daylight,0,dry,0,5,2,1,1,0,0,0,0,3,slightly_injured
2020,9,Sun,1,52.53065929,13.1589046,evening,18,daylight,0,wet,1,2,7,0,1,0,0,0,0,3,slightly_injured
2020,9,Thu,5,52.45424458,13.61238752,afternoon,15,daylight,0,dry,0,2,3,1,1,0,0,0,0,3,slightly_injured
2020,9,Tue,3,52.50675952,13.29876685,morning,8,daylight,0,dry,0,2,6,1,1,0,0,0,0,3,slightly_injured
2020,8,Sun,1,52.5098284,13.360888,evening,20,dark,2,wet,1,9,1,0,1,0,0,0,0,3,slightly_injured
2020,9,Sat,7,52.4669684,13.16509285,evening,23,dark,2,dry,0,1,5,0,1,0,0,0,0,2,seriously_injured
2020,9,Wed,4,52.54640373,13.50905665,evening,20,dark,2,dry,0,2,6,0,1,0,0,0,0,3,slightly_injured
2020,9,Tue,3,52.44672599,13.4020257,morning,8,daylight,0,dry,0,5,2,0,1,0,0,0,0,2,seriously_injured
2020,8,Sun,1,52.44875975,13.34498246,evening,19,dark,2,wet,1,6,4,0,1,1,0,0,0,3,slightly_injured
2020,9,Mon,2,52.53813372,13.24620982,afternoon,12,daylight,0,dry,0,0,7,1,0,0,0,0,0,3,slightly_injured
2020,9,Thu,5,52.54809584,13.41993539,morning,7,dusk,1,wet,1,0,1,1,0,0,0,0,0,3,slightly_injured
2020,9,Tue,3,52.52998312,13.42483258,morning,7,daylight,0,dry,0,1,5,1,1,0,0,0,0,3,slightly_injured
2020,8,Sun,1,52.58762919,13.33645577,evening,19,dusk,1,wet,1,4,6,0,1,0,0,0,0,3,slightly_injured
2020,9,Sun,1,52.51895467,13.44019315,evening,18,daylight,0,dry,0,5,2,0,1,0,0,0,0,3,slightly_injured
2020,9,Wed,4,52.47878889,13.32424386,afternoon,15,daylight,0,wet,1,5,3,0,1,0,0,0,0,3,slightly_injured
2020,9,Tue,3,52.55588146,13.38233012,morning,7,daylight,0,dry,0,1,5,0,1,0,0,0,0,3,slightly_injured
2020,8,Sun,1,52.50656398,13.34512855,morning,10,daylight,0,dry,0,0,7,0,0,0,0,0,1,3,slightly_injured
2020,8,Sun,1,52.47427754,13.59971951,night,2,dark,2,dry,0,8,1,0,1,0,0,0,0,2,seriously_injured
2020,9,Fri,6,52.5749147,13.37818732,afternoon,14,daylight,0,dry,0,5,3,1,0,0,1,0,0,3,slightly_injured
2020,8,Sat,7,52.47982735,13.44198301,morning,10,daylight,0,dry,0,1,5,1,0,0,0,0,1,2,seriously_injured
2020,8,Sat,7,52.51277129,13.37722621,afternoon,15,daylight,0,dry,0,2,6,0,1,0,0,0,0,3,slightly_injured
2020,9,Mon,2,52.51785152,13.3419764,evening,19,dusk,1,dry,0,5,2,1,1,0,0,0,0,3,slightly_injured
2020,9,Thu,5,52.48499269,13.37667229,evening,21,dark,2,wet,1,5,2,1,1,0,0,0,0,3,slightly_injured
2020,8,Sat,7,52.50750494,13.45003087,afternoon,15,daylight,0,dry,0,5,2,0,1,0,0,0,1,3,slightly_injured
2020,9,Sun,1,52.46181253,13.4347506,afternoon,15,daylight,0,dry,0,2,6,0,1,0,0,0,0,3,slightly_injured
2020,9,Thu,5,52.50933189,13.43232172,afternoon,13,daylight,0,dry,0,5,3,1,0,0,0,0,0,3,slightly_injured
2020,9,Tue,3,52.49240136,13.43354849,evening,20,dark,2,dry,0,1,5,0,1,0,1,0,0,3,slightly_injured
2020,8,Sat,7,52.5475137,13.18459469,afternoon,14,daylight,0,dry,0,5,2,0,1,0,0,0,0,3,slightly_injured
2020,9,Sat,7,52.46880019,13.37067706,evening,19,dusk,1,dry,0,5,3,0,1,0,0,0,0,3,slightly_injured
2020,9,Wed,4,52.47949605,13.34158341,afternoon,13,daylight,0,wet,1,6,4,0,1,1,0,0,0,3,slightly_injured
2020,9,Tue,3,52.55116692,13.42307681,evening,20,dusk,1,dry,0,5,3,1,1,0,0,0,0,3,slightly_injured
2020,8,Sat,7,52.48130387,13.42939416,afternoon,14,daylight,0,dry,0,5,7,0,1,0,1,0,0,3,slightly_injured
2020,8,Sat,7,52.53987103,13.18326032,afternoon,14,daylight,0,dry,0,0,3,0,1,0,1,0,0,3,slightly_injured
2020,9,Fri,6,52.52408914,13.3526111,morning,11,daylight,0,wet,1,6,7,0,1,1,0,0,0,3,slightly_injured
2020,8,Sat,7,52.46781532,13.31055809,afternoon,14,daylight,0,dry,0,1,5,1,1,0,0,0,0,3,slightly_injured
2020,9,Mon,2,52.53213855,13.14747925,afternoon,14,daylight,0,dry,0,6,4,0,1,1,0,0,0,2,seriously_injured
2020,9,Thu,5,52.50032508,13.40660966,afternoon,17,daylight,0,dry,0,5,3,0,1,0,0,0,1,3,slightly_injured
2020,8,Sat,7,52.43467261,13.55816972,morning,11,daylight,0,dry,0,2,6,0,1,0,0,0,0,3,slightly_injured
2020,9,Fri,6,52.54299638,13.45157145,afternoon,12,daylight,0,dry,0,0,7,1,0,0,0,0,0,2,seriously_injured
2020,8,Sat,7,52.42050685,13.49293983,morning,10,daylight,0,dry,0,1,5,1,1,0,0,0,0,3,slightly_injured
2020,8,Sat,7,52.38688018,13.4085774,morning,9,daylight,0,dry,0,0,5,0,1,0,0,0,1,3,slightly_injured
2020,9,Mon,2,52.48221508,13.52057629,afternoon,15,daylight,0,dry,0,2,6,0,1,0,0,0,0,3,slightly_injured
2020,9,Thu,5,52.55416746,13.40946216,evening,18,daylight,0,dry,0,2,7,0,1,0,0,0,0,3,slightly_injured
2020,8,Sat,7,52.55289005,13.42405077,morning,7,daylight,0,dry,0,5,3,0,1,0,0,0,0,2,seriously_injured
2020,9,Sun,1,52.50948887,13.35154221,afternoon,13,daylight,0,dry,0,5,2,1,1,0,0,0,0,3,slightly_injured
2020,9,Thu,5,52.49272958,13.38321231,morning,10,daylight,0,dry,0,1,5,1,1,0,0,0,0,3,slightly_injured
2020,9,Tue,3,52.45147964,13.26261347,evening,19,daylight,0,dry,0,2,7,1,1,0,0,0,0,3,slightly_injured
2020,8,Sat,7,52.49395052,13.40285999,morning,7,dusk,1,dry,0,5,3,0,1,0,0,0,0,3,slightly_injured
2020,9,Sat,7,52.54201422,13.33630478,afternoon,12,daylight,0,dry,0,2,6,0,1,0,0,0,0,3,slightly_injured
2020,9,Wed,4,52.58465898,13.40969569,afternoon,12,daylight,0,dry,0,5,3,1,1,0,0,0,0,3,slightly_injured
2020,9,Tue,3,52.54472711,13.3911877,evening,18,daylight,0,dry,0,5,3,1,1,0,0,0,0,3,slightly_injured
2020,8,Sat,7,52.47451491,13.42754425,evening,22,dark,2,dry,0,1,5,1,1,0,0,0,0,3,slightly_injured
2020,9,Fri,6,52.53408237,13.18179172,morning,9,daylight,0,wet,1,5,2,1,1,0,0,0,0,3,slightly_injured
2020,8,Sat,7,52.49857963,13.41414087,evening,22,dark,2,dry,0,5,3,0,1,0,1,0,0,2,seriously_injured
2020,9,Mon,2,52.50304654,13.30796385,morning,11,daylight,0,dry,0,2,2,0,1,0,0,0,0,3,slightly_injured
2020,9,Thu,5,52.53117285,13.48533725,afternoon,16,daylight,0,dry,0,3,6,0,1,0,1,0,0,3,slightly_injured
2020,8,Sat,7,52.44447958,13.5745041,morning,6,daylight,0,dry,0,5,4,0,0,1,0,0,1,2,seriously_injured
2020,9,Wed,4,52.49104417,13.39797907,evening,19,dusk,1,wet,1,5,2,1,1,0,0,0,0,3,slightly_injured
2020,8,Mon,2,52.46627677,13.37796842,evening,18,daylight,0,dry,0,3,2,0,1,0,0,0,0,3,slightly_injured
2020,9,Tue,3,52.54067646,13.40474729,afternoon,16,daylight,0,dry,0,5,3,1,1,0,0,0,0,3,slightly_injured
2020,8,Sat,7,52.41763393,13.49580325,evening,21,dark,2,dry,0,0,7,0,0,0,1,0,0,3,slightly_injured
2020,8,Sat,7,52.59684158,13.35911517,evening,20,dark,2,dry,0,5,7,0,1,0,0,0,0,3,slightly_injured
2020,9,Sun,1,52.53158028,13.38793692,afternoon,12,daylight,0,dry,0,5,2,1,0,0,0,0,1,2,seriously_injured
2020,9,Wed,4,52.45540663,13.57684005,morning,9,daylight,0,dry,0,0,7,1,0,0,0,0,0,3,slightly_injured
2020,8,Mon,2,52.50467898,13.36205719,evening,18,dark,2,dry,0,1,5,1,1,0,0,0,0,2,seriously_injured
2020,9,Tue,3,52.48967443,13.31149418,afternoon,15,daylight,0,dry,0,0,7,0,1,0,0,0,0,3,slightly_injured
2020,8,Sat,7,52.49022423,13.41558881,evening,20,dark,2,dry,0,1,5,1,1,0,0,0,0,3,slightly_injured
2020,9,Sat,7,52.45305839,13.60767003,night,0,dark,2,dry,0,6,4,0,1,1,0,0,0,3,slightly_injured
2020,9,Wed,4,52.43121218,13.49630139,morning,7,daylight,0,dry,0,2,6,0,1,0,1,0,0,3,slightly_injured
2020,8,Sat,7,52.55554831,13.53799054,evening,20,dark,2,dry,0,0,1,0,0,0,1,0,0,3,slightly_injured
2020,9,Fri,6,52.5491854,13.58372037,night,5,dark,2,wet,1,9,1,0,0,0,0,1,0,3,slightly_injured
2020,8,Sat,7,52.53835368,13.20137959,evening,19,daylight,0,dry,0,5,3,1,1,0,0,0,0,3,slightly_injured
2020,9,Wed,4,52.42678298,13.30234869,morning,10,daylight,0,dry,0,1,5,1,1,0,0,0,0,3,slightly_injured
2020,9,Mon,2,52.45244919,13.40842439,afternoon,13,daylight,0,dry,0,2,6,0,1,0,0,1,1,3,slightly_injured
2020,9,Thu,5,52.41428573,13.40032106,morning,8,daylight,0,dry,0,2,6,0,1,0,0,0,1,3,slightly_injured
2020,8,Sat,7,52.60201531,13.34634667,evening,19,daylight,0,dry,0,2,6,0,1,0,1,0,0,3,slightly_injured
2020,9,Sun,1,52.47244968,13.37797648,evening,19,daylight,0,dry,0,5,2,1,1,0,0,0,0,2,seriously_injured
2020,9,Wed,4,52.48139624,13.28842151,afternoon,17,daylight,0,wet,1,0,6,0,1,0,1,0,0,3,slightly_injured
2020,8,Mon,2,52.50927202,13.37181906,afternoon,12,daylight,0,dry,0,5,2,1,1,0,0,0,0,3,slightly_injured
2020,9,Tue,3,52.52304618,13.47926508,afternoon,15,daylight,0,dry,0,6,2,0,1,1,0,0,0,3,slightly_injured
2020,8,Sat,7,52.49440361,13.40066591,evening,19,daylight,0,dry,0,4,6,1,0,0,0,0,0,3,slightly_injured
2020,8,Sat,7,52.48663482,13.42417928,evening,19,daylight,0,dry,0,3,6,0,1,0,1,0,0,3,slightly_injured
2020,9,Fri,6,52.53144023,13.4852961,afternoon,15,daylight,0,dry,0,2,6,0,1,0,0,0,0,3,slightly_injured
2020,9,Wed,4,52.56714365,13.46536053,morning,9,daylight,0,dry,0,5,3,0,1,0,0,1,0,3,slightly_injured
2020,8,Sat,7,52.53670471,13.27083823,evening,18,daylight,0,dry,0,3,6,0,1,0,0,0,1,3,slightly_injured
2020,9,Mon,2,52.45327763,13.59320595,evening,18,daylight,0,dry,0,5,2,1,1,0,0,0,0,3,slightly_injured
2020,9,Thu,5,52.47860866,13.3327829,evening,22,dark,2,wet,1,5,3,1,1,0,0,0,0,2,seriously_injured
2020,8,Sat,7,52.5194513,13.39704054,evening,18,daylight,0,dry,0,4,6,1,0,0,0,0,1,3,slightly_injured
2020,8,Sat,7,52.42799748,13.48030169,evening,18,daylight,0,dry,0,1,7,0,1,0,0,1,0,3,slightly_injured
2020,9,Sat,7,52.46313366,13.31990138,afternoon,14,daylight,0,dry,0,5,2,1,1,0,0,0,0,3,slightly_injured
2020,9,Wed,4,52.52638793,13.37894959,morning,9,daylight,0,dry,0,0,5,1,1,0,0,0,0,3,slightly_injured
2020,8,Sat,7,52.50333949,13.32951692,afternoon,17,daylight,0,dry,0,2,6,0,1,0,1,0,0,3,slightly_injured
2020,9,Fri,6,52.49061909,13.29905684,afternoon,16,daylight,0,dry,0,5,2,1,1,0,0,0,0,3,slightly_injured
2020,8,Sat,7,52.5579186,13.37214584,afternoon,17,daylight,0,dry,0,1,5,1,1,0,0,0,0,2,seriously_injured
2020,8,Mon,2,52.48505094,13.42433037,afternoon,16,daylight,0,dry,0,0,7,1,0,0,0,0,0,3,slightly_injured
2020,9,Mon,2,52.4261831,13.44801749,afternoon,12,daylight,0,dry,0,5,2,0,1,0,0,0,1,3,slightly_injured
2020,9,Thu,5,52.48158779,13.52557,afternoon,15,daylight,0,dry,0,5,3,1,1,0,0,0,0,3,slightly_injured
2020,8,Mon,2,52.56708434,13.31650691,evening,22,dark,2,dry,0,1,5,0,1,0,0,0,1,3,slightly_injured
2020,8,Sat,7,52.42171766,13.24540718,afternoon,16,daylight,0,dry,0,0,1,1,0,0,0,0,0,2,seriously_injured
2020,9,Sat,7,52.5168947,13.38885276,afternoon,16,daylight,0,dry,0,0,2,0,1,0,1,0,0,3,slightly_injured
2020,9,Wed,4,52.53911793,13.41029973,afternoon,15,daylight,0,wet,1,0,1,1,0,0,0,0,0,3,slightly_injured
2020,8,Mon,2,52.51409578,13.46960012,morning,8,daylight,0,dry,0,5,2,1,0,0,0,0,1,3,slightly_injured
2020,8,Sat,7,52.53361262,13.19531818,afternoon,17,daylight,0,dry,0,2,6,0,1,0,0,0,0,3,slightly_injured
2020,8,Sat,7,52.43332791,13.47127865,afternoon,16,daylight,0,dry,0,5,2,1,1,0,0,0,0,3,slightly_injured
2020,9,Fri,6,52.44481018,13.3796015,afternoon,13,daylight,0,dry,0,2,6,0,1,0,0,0,0,3,slightly_injured
2020,8,Fri,6,52.455584,13.55830908,morning,7,daylight,0,wet,1,2,6,0,1,0,0,1,0,3,slightly_injured
2020,9,Tue,3,52.53576421,13.43278047,afternoon,14,daylight,0,dry,0,2,6,0,1,0,0,0,0,3,slightly_injured
2020,8,Fri,6,52.52460141,13.36335992,evening,20,dusk,1,dry,0,1,5,1,1,0,0,0,0,3,slightly_injured
2020,9,Mon,2,52.47020017,13.46461695,evening,20,dark,2,dry,0,5,2,0,1,0,1,0,0,3,slightly_injured
2020,9,Thu,5,52.43021205,13.36613555,evening,19,dusk,1,dry,0,5,2,1,1,0,0,0,0,3,slightly_injured
2020,8,Fri,6,52.50204451,13.48644617,evening,21,dark,2,dry,0,0,7,1,0,0,0,0,0,3,slightly_injured
2020,9,Sun,1,52.45193876,13.41259145,afternoon,15,daylight,0,dry,0,1,5,1,1,0,0,0,0,3,slightly_injured
2020,9,Thu,5,52.48788008,13.33483409,afternoon,12,daylight,0,dry,0,2,6,0,1,0,0,0,0,3,slightly_injured
2020,8,Mon,2,52.49904702,13.30184875,evening,21,dusk,1,dry,0,5,2,0,1,0,0,0,0,2,seriously_injured
2020,8,Fri,6,52.49447903,13.51471098,afternoon,14,daylight,0,dry,0,5,3,1,0,0,0,0,1,3,slightly_injured
2020,9,Sat,7,52.46125463,13.37666704,afternoon,17,dusk,1,dry,0,6,7,0,1,1,0,0,0,3,slightly_injured
2020,9,Sun,1,52.41114687,13.3582835,afternoon,16,daylight,0,dry,0,1,5,1,1,0,0,0,0,2,seriously_injured
2020,9,Thu,5,52.55219737,13.3419281,afternoon,13,daylight,0,dry,0,5,3,1,1,0,0,0,0,3,slightly_injured
2020,8,Mon,2,52.55572147,13.57011632,evening,21,dark,2,wet,1,9,1,0,1,0,0,0,0,3,slightly_injured
2020,8,Fri,6,52.54881004,13.17809999,evening,20,dusk,1,dry,0,5,2,0,1,0,0,0,0,3,slightly_injured
2020,9,Sat,7,52.49640469,13.4199161,evening,22,dark,2,dry,0,5,3,0,1,0,1,0,0,2,seriously_injured
2020,9,Wed,4,52.59600358,13.43303379,afternoon,14,daylight,0,dry,0,2,6,0,1,0,0,0,0,3,slightly_injured
2020,8,Mon,2,52.53916759,13.49048155,evening,20,dark,2,wet,1,2,7,1,1,0,0,0,0,3,slightly_injured
2020,8,Fri,6,52.52735558,13.55752959,morning,10,daylight,0,wet,1,6,4,0,0,1,1,0,0,3,slightly_injured
2020,8,Fri,6,52.52976015,13.46120912,morning,10,daylight,0,dry,0,6,4,0,0,1,1,0,0,2,seriously_injured
2020,9,Fri,6,52.5328647,13.4356972,afternoon,12,daylight,0,wet,1,1,5,1,0,0,0,0,1,3,slightly_injured
2020,8,Fri,6,52.43073218,13.34674263,morning,8,daylight,0,dry,0,5,3,1,1,0,0,0,0,2,seriously_injured
2020,9,Tue,3,52.53426338,13.292579,afternoon,14,daylight,0,dry,0,2,6,0,1,0,0,0,0,3,slightly_injured
2020,8,Fri,6,52.58066113,13.36337583,morning,8,daylight,0,dry,0,5,2,1,1,0,0,0,0,3,slightly_injured
2020,9,Mon,2,52.50148332,13.29658905,afternoon,15,daylight,0,dry,0,2,2,0,1,0,0,0,1,3,slightly_injured
2020,9,Thu,5,52.53713236,13.47684747,evening,18,daylight,0,dry,0,2,6,0,1,0,0,0,0,3,slightly_injured
2020,8,Fri,6,52.4505166,13.27551313,morning,7,daylight,0,wet,1,2,7,0,1,0,0,0,0,3,slightly_injured
2020,9,Sun,1,52.52341506,13.30199469,afternoon,13,daylight,0,dry,0,6,4,0,1,1,0,0,0,3,slightly_injured
2020,9,Thu,5,52.51732905,13.4325366,morning,9,daylight,0,dry,0,5,3,1,1,0,0,0,0,3,slightly_injured
2020,8,Mon,2,52.53824367,13.3960308,evening,19,daylight,0,dry,0,5,2,0,1,0,0,0,0,3,slightly_injured
2020,9,Tue,3,52.55254461,13.42679049,afternoon,14,daylight,0,dry,0,1,5,1,1,0,0,0,0,3,slightly_injured
2020,8,Fri,6,52.44446774,13.57357125,morning,7,daylight,0,wet,1,0,1,0,0,0,1,0,0,3,slightly_injured
2020,9,Sat,7,52.41828451,13.41684575,morning,11,daylight,0,wet,1,5,2,0,1,0,1,0,0,3,slightly_injured
2020,9,Wed,4,52.56745082,13.51481644,afternoon,12,daylight,0,dry,0,0,7,1,0,0,0,0,0,3,slightly_injured
2020,8,Mon,2,52.48635698,13.4245018,evening,19,daylight,0,dry,0,5,2,1,1,0,0,0,0,3,slightly_injured
2020,8,Fri,6,52.54923089,13.58319719,morning,7,daylight,0,wet,1,5,2,0,1,0,0,0,0,3,slightly_injured
2020,9,Fri,6,52.54147436,13.2474391,morning,7,daylight,0,wet,1,5,2,1,0,0,0,0,1,3,slightly_injured
2020,8,Fri,6,52.57785094,13.29738204,morning,6,daylight,0,wet,1,5,3,0,1,0,0,0,1,3,slightly_injured
2020,9,Wed,4,52.50115389,13.31678075,afternoon,13,daylight,0,wet,1,0,2,1,0,0,0,0,0,3,slightly_injured
2020,8,Mon,2,52.53748018,13.18770158,evening,19,daylight,0,dry,0,2,6,0,1,0,0,0,0,3,slightly_injured
2020,8,Fri,6,52.49112746,13.57598352,night,5,dusk,1,dry,0,5,3,0,1,0,1,0,0,3,slightly_injured
2020,9,Fri,6,52.43067379,13.25936213,morning,10,daylight,0,wet,1,2,6,0,1,0,1,0,0,3,slightly_injured
2020,8,Fri,6,52.46559242,13.3477785,night,4,dark,2,wet,1,1,5,0,1,0,0,0,0,3,slightly_injured
2020,9,Mon,2,52.49027642,13.31424836,afternoon,13,daylight,0,dry,0,2,2,0,1,0,0,0,0,3,slightly_injured
2020,9,Thu,5,52.43335797,13.34065759,afternoon,17,daylight,0,dry,0,6,7,1,0,1,0,0,0,3,slightly_injured
2020,8,Fri,6,52.53902364,13.49024608,afternoon,17,daylight,0,dry,0,6,4,1,0,1,0,0,0,2,seriously_injured
2020,9,Sun,1,52.4985392,13.40311069,morning,10,daylight,0,dry,0,5,3,1,1,0,0,0,0,2,seriously_injured
2020,9,Wed,4,52.43645706,13.49898595,afternoon,15,daylight,0,wet,1,5,3,1,1,0,0,0,0,3,slightly_injured
2020,8,Mon,2,52.50334769,13.29552263,evening,18,daylight,0,dry,0,2,6,1,1,0,0,0,0,3,slightly_injured
2020,9,Tue,3,52.53309413,13.20993344,afternoon,14,daylight,0,dry,0,5,3,0,1,0,0,0,0,3,slightly_injured
2020,8,Fri,6,52.55648523,13.37395639,afternoon,17,daylight,0,dry,0,5,2,1,1,0,0,0,0,3,slightly_injured
2020,9,Sat,7,52.54756686,13.31099926,afternoon,15,daylight,0,dry,0,5,3,0,1,0,0,0,0,3,slightly_injured
2020,9,Tue,3,52.49976404,13.32068177,afternoon,12,daylight,0,dry,0,3,6,1,1,0,0,0,0,3,slightly_injured
2020,8,Fri,6,52.53801288,13.32624894,afternoon,17,daylight,0,dry,0,5,2,0,1,0,0,0,0,2,seriously_injured
2020,9,Fri,6,52.57956169,13.56122516,evening,21,dark,2,dry,0,1,5,0,1,0,0,0,1,2,seriously_injured
2020,8,Fri,6,52.58511286,13.3902575,afternoon,16,daylight,0,dry,0,6,4,0,1,1,0,0,0,3,slightly_injured
2020,9,Tue,3,52.52329042,13.30621591,morning,7,daylight,0,dry,0,5,3,1,1,0,0,0,0,3,slightly_injured
2020,9,Mon,2,52.53620227,13.39127436,afternoon,13,daylight,0,wet,1,0,1,0,0,0,1,0,0,3,slightly_injured
2020,9,Thu,5,52.51195826,13.47549768,morning,8,daylight,0,wet,1,3,6,1,1,0,0,0,0,3,slightly_injured
2020,8,Fri,6,52.50174558,13.48980458,afternoon,16,daylight,0,dry,0,1,5,1,1,0,0,0,0,3,slightly_injured
2020,9,Sun,1,52.42837203,13.52063561,evening,18,daylight,0,dry,0,2,6,1,1,0,0,0,0,3,slightly_injured
2020,9,Mon,2,52.48739398,13.35476452,morning,9,daylight,0,dry,0,5,3,1,0,0,0,0,0,3,slightly_injured
2020,9,Thu,5,52.47074908,13.46335291,afternoon,15,daylight,0,dry,0,6,7,0,0,1,1,0,0,2,seriously_injured
2020,8,Fri,6,52.41706408,13.54508945,afternoon,15,daylight,0,dry,0,1,5,1,1,0,0,0,0,3,slightly_injured
2020,9,Sun,1,52.49940044,13.3884385,night,2,dark,2,dry,0,0,1,0,0,0,0,0,1,2,seriously_injured
2020,9,Wed,4,52.49901891,13.35689892,evening,18,daylight,0,wet,1,2,6,1,1,0,0,0,0,2,seriously_injured
2020,8,Mon,2,52.43486644,13.36383028,afternoon,17,daylight,0,dry,0,2,2,0,1,0,0,0,0,3,slightly_injured
2020,9,Tue,3,52.42129598,13.42711486,afternoon,13,daylight,0,dry,0,5,2,1,1,0,0,0,0,3,slightly_injured
2020,8,Fri,6,52.49788854,13.33693583,afternoon,14,daylight,0,dry,0,5,2,1,1,0,0,0,0,3,slightly_injured
2020,8,Fri,6,52.55654532,13.3657779,afternoon,14,daylight,0,dry,0,2,6,0,1,0,0,0,0,3,slightly_injured
2020,9,Fri,6,52.54804735,13.44577384,afternoon,14,daylight,0,dry,0,4,6,1,1,0,0,0,0,3,slightly_injured
2020,8,Fri,6,52.5757352,13.27761614,afternoon,14,daylight,0,dry,0,2,2,0,1,0,0,0,1,3,slightly_injured
2020,9,Mon,2,52.51562095,13.38892963,evening,18,daylight,0,dry,0,5,3,1,1,0,0,0,0,3,slightly_injured
2020,9,Thu,5,52.50676125,13.29456947,evening,21,dark,2,wet,1,0,1,0,0,0,1,0,0,3,slightly_injured
2020,8,Fri,6,52.49247877,13.39059156,afternoon,14,daylight,0,dry,0,5,2,1,1,0,0,0,0,3,slightly_injured
2020,8,Mon,2,52.55078015,13.38484136,afternoon,17,daylight,0,wet,1,0,6,0,1,0,1,0,0,3,slightly_injured
2020,9,Sun,1,52.45053353,13.33781567,morning,11,daylight,0,dry,0,0,7,0,1,0,0,0,0,3,slightly_injured
2020,9,Thu,5,52.59373812,13.28083204,afternoon,15,daylight,0,dry,0,5,2,1,1,0,0,0,0,3,slightly_injured
2020,8,Mon,2,52.5819816,13.29048874,afternoon,17,daylight,0,wet,1,0,1,1,0,0,0,0,0,2,seriously_injured
2020,8,Fri,6,52.58971033,13.36843386,afternoon,14,daylight,0,dry,0,5,3,0,1,0,1,0,0,3,slightly_injured
2020,9,Sat,7,52.50853402,13.61314286,evening,22,dark,2,dry,0,5,2,0,1,0,0,0,0,3,slightly_injured
2020,9,Wed,4,52.45570156,13.55433491,evening,20,dark,2,dry,0,5,7,1,1,0,0,0,0,2,seriously_injured
2020,8,Mon,2,52.43375098,13.34328784,afternoon,17,daylight,0,dry,0,5,3,1,1,0,0,0,0,3,slightly_injured
2020,8,Fri,6,52.46420692,13.44742082,afternoon,13,daylight,0,dry,0,5,3,1,1,0,0,0,0,3,slightly_injured
2020,8,Fri,6,52.46985617,13.33365723,afternoon,13,daylight,0,dry,0,1,5,1,1,0,0,0,0,3,slightly_injured
2020,9,Fri,6,52.46091412,13.43506228,afternoon,12,daylight,0,dry,0,6,2,0,1,1,0,0,0,3,slightly_injured
2020,8,Fri,6,52.51180564,13.32253473,afternoon,13,daylight,0,wet,1,2,6,0,1,0,0,0,0,3,slightly_injured
2020,9,Tue,3,52.56498205,13.40265006,evening,18,daylight,0,dry,0,1,5,1,1,0,0,0,0,3,slightly_injured
2020,8,Fri,6,52.51317732,13.38249262,afternoon,13,daylight,0,dry,0,2,6,0,1,0,1,0,0,3,slightly_injured
2020,9,Wed,4,52.49773341,13.2941354,afternoon,16,daylight,0,wet,1,6,4,0,1,1,0,0,0,2,seriously_injured
2020,8,Mon,2,52.51785722,13.50572504,afternoon,17,daylight,0,wet,1,0,4,1,0,1,0,0,0,3,slightly_injured
2020,8,Fri,6,52.5182283,13.49624531,afternoon,12,daylight,0,dry,0,1,7,0,1,0,0,0,1,3,slightly_injured
2020,8,Fri,6,52.59295857,13.40155758,afternoon,12,daylight,0,dry,0,5,2,0,1,0,1,0,0,2,seriously_injured
2020,9,Fri,6,52.55649885,13.43560216,afternoon,14,daylight,0,dry,0,2,7,0,1,0,1,0,0,3,slightly_injured
2020,8,Fri,6,52.48438439,13.4388654,morning,11,daylight,0,dry,0,1,5,1,1,0,0,0,0,3,slightly_injured
2020,8,Fri,6,52.52031021,13.39377486,morning,11,daylight,0,dry,0,5,2,1,1,0,0,0,0,3,slightly_injured
2020,9,Mon,2,52.45280307,13.56965487,evening,18,daylight,0,dry,0,5,7,0,1,0,0,0,1,3,slightly_injured
2020,9,Thu,5,52.53061619,13.38299312,evening,21,dark,2,wet,1,5,7,0,0,0,1,0,1,3,slightly_injured