ujahr,umonat,weekday,uwochentag,long,lat,time_of_day,ustunde,light_condition,ulichtverh,street_condition,ustrzustand,uart,utyp1,ist_rad,ist_pkw,ist_fuss,ist_krad,ist_gkfz,ist_sonstige,ukategorie,accident_outcome
2020,8,Fri,6,52.54011607,13.63081263,morning,10,daylight,0,wet,1,0,1,0,0,0,1,0,0,3,slightly_injured
2020,9,Sun,1,52.54706308,13.59067945,afternoon,16,daylight,0,dry,0,5,3,1,1,0,0,0,0,3,slightly_injured
2020,9,Thu,5,52.50550796,13.35218331,afternoon,13,daylight,0,dry,0,5,3,0,1,0,1,0,0,3,slightly_injured
2020,8,Mon,2,52.52516636,13.55703334,afternoon,17,daylight,0,wet,1,5,2,1,1,0,0,0,0,3,slightly_injured
2020,8,Fri,6,52.56332091,13.39109522,morning,10,daylight,0,dry,0,6,4,0,1,1,0,0,0,3,slightly_injured
2020,9,Sat,7,52.52999458,13.40102786,evening,20,dark,2,dry,0,1,5,1,1,0,0,0,0,3,slightly_injured
2020,9,Wed,4,52.55295231,13.369806,afternoon,14,daylight,0,wet,1,5,3,0,1,0,0,0,0,3,slightly_injured
2020,8,Mon,2,52.62480103,13.31042982,afternoon,17,daylight,0,wet,1,5,3,0,1,0,0,0,0,3,slightly_injured
2020,8,Thu,5,52.52774846,13.45233316,morning,8,daylight,0,dry,0,3,6,0,1,0,0,0,0,3,slightly_injured
2020,8,Thu,5,52.52998047,13.38094048,morning,7,daylight,0,dry,0,0,5,1,0,0,0,0,1,3,slightly_injured
2020,9,Fri,6,52.52210384,13.40505285,morning,11,daylight,0,wet,1,1,5,1,0,0,0,0,1,3,slightly_injured
2020,8,Thu,5,52.45311786,13.45559736,afternoon,12,daylight,0,wet,1,5,2,1,1,0,0,0,0,3,slightly_injured
2020,9,Mon,2,52.54643529,13.34394846,evening,22,dark,2,dry,0,5,3,0,1,0,0,0,1,3,slightly_injured
2020,9,Thu,5,52.63508183,13.49822528,afternoon,17,daylight,0,dry,0,6,4,0,1,1,0,0,0,2,seriously_injured
2020,8,Thu,5,52.50438934,13.35087016,evening,18,daylight,0,dry,0,5,2,1,1,0,0,0,0,3,slightly_injured
2020,9,Sun,1,52.50633832,13.22847484,afternoon,12,daylight,0,dry,0,5,3,1,1,0,0,0,0,2,seriously_injured
2020,9,Thu,5,52.4951633,13.40449403,morning,8,daylight,0,dry,0,5,3,1,1,0,0,0,0,3,slightly_injured
2020,8,Mon,2,52.56218997,13.20326653,afternoon,16,daylight,0,dry,0,2,6,0,1,0,0,0,0,3,slightly_injured
2020,9,Mon,2,52.50960982,13.35139769,afternoon,15,daylight,0,dry,0,5,2,0,1,0,0,0,0,3,slightly_injured
2020,9,Thu,5,52.54645435,13.5755737,evening,18,daylight,0,dry,0,5,2,1,1,0,0,0,0,3,slightly_injured
2020,8,Thu,5,52.51371134,13.48178484,afternoon,14,daylight,0,dry,0,5,3,0,1,0,0,0,1,2,seriously_injured
2020,9,Sun,1,52.4544294,13.46177062,afternoon,14,daylight,0,dry,0,2,2,0,1,0,0,0,0,3,slightly_injured
2020,9,Thu,5,52.50897028,13.26451915,morning,11,daylight,0,dry,0,5,3,0,1,0,0,0,0,3,slightly_injured
2020,8,Mon,2,52.43598139,13.54032937,afternoon,16,daylight,0,dry,0,2,6,0,1,0,0,0,0,3,slightly_injured
2020,8,Thu,5,52.42119536,13.31062455,evening,20,dusk,1,dry,0,2,2,0,1,0,0,0,0,3,slightly_injured
2020,9,Sat,7,52.54998249,13.49716123,afternoon,12,daylight,0,wet,1,0,2,1,1,0,0,0,0,3,slightly_injured
2020,9,Wed,4,52.47029988,13.4647855,morning,8,daylight,0,dry,0,0,2,1,1,0,0,0,0,3,slightly_injured
2020,8,Mon,2,52.53823537,13.40938149,afternoon,16,daylight,0,dry,0,1,5,1,1,0,0,0,0,3,slightly_injured
2020,8,Thu,5,52.61812305,13.30282081,evening,20,dusk,1,dry,0,0,3,0,1,0,1,0,0,3,slightly_injured
2020,9,Fri,6,52.52106425,13.3918136,morning,9,daylight,0,wet,1,0,1,0,0,0,1,0,0,3,slightly_injured
2020,8,Thu,5,52.42959923,13.2806249,evening,19,daylight,0,dry,0,5,3,1,1,0,0,0,0,3,slightly_injured
2020,9,Tue,3,52.52477457,13.33489804,evening,18,daylight,0,dry,0,3,7,1,0,0,0,0,0,3,slightly_injured
2020,9,Mon,2,52.44038713,13.23671279,morning,11,daylight,0,dry,0,3,6,1,0,0,0,0,0,2,seriously_injured
2020,9,Thu,5,52.56275575,13.42144766,afternoon,16,daylight,0,dry,0,0,3,0,1,0,1,0,0,3,slightly_injured
2020,8,Thu,5,52.49433784,13.33860409,evening,19,daylight,0,dry,0,5,2,1,1,0,0,0,0,2,seriously_injured
2020,9,Wed,4,52.50297122,13.47403002,evening,19,dark,2,wet,1,2,6,0,1,0,0,0,1,3,slightly_injured
2020,8,Mon,2,52.45919409,13.40057821,afternoon,15,daylight,0,dry,0,5,2,1,0,0,0,0,1,3,slightly_injured
2020,9,Tue,3,52.53777903,13.2172733,evening,21,dark,2,dry,0,5,2,0,1,0,0,0,0,2,seriously_injured
2020,8,Thu,5,52.50952814,13.46502177,afternoon,15,daylight,0,dry,0,0,1,1,0,0,0,0,0,3,slightly_injured
2020,9,Sat,7,52.51936995,13.41472805,afternoon,14,daylight,0,dry,0,6,7,0,1,1,0,0,0,3,slightly_injured
2020,8,Thu,5,52.51199887,13.38778622,morning,11,daylight,0,dry,0,0,2,1,0,0,0,0,0,3,slightly_injured
2020,9,Tue,3,52.5078079,13.37771301,evening,20,dusk,1,dry,0,5,3,1,1,0,0,0,0,3,slightly_injured
2020,8,Thu,5,52.45448622,13.26860746,afternoon,17,daylight,0,dry,0,2,7,0,1,0,1,0,0,3,slightly_injured
2020,9,Sat,7,52.48868402,13.44971808,night,3,dark,2,dry,0,1,5,0,1,0,1,0,0,2,seriously_injured
2020,9,Wed,4,52.44035473,13.56731223,morning,7,daylight,0,wet,1,6,4,0,1,1,0,0,0,3,slightly_injured
2020,8,Thu,5,52.49472748,13.52199432,afternoon,17,daylight,0,dry,0,1,5,0,1,0,1,0,0,3,slightly_injured
2020,9,Fri,6,52.50989021,13.30170476,morning,6,dusk,1,wet,1,5,3,1,0,0,1,0,0,3,slightly_injured
2020,8,Thu,5,52.55750818,13.52744872,afternoon,16,daylight,0,dry,0,0,2,1,1,0,0,0,0,3,slightly_injured
2020,9,Mon,2,52.54675351,13.41848387,night,0,dark,2,dry,0,1,5,1,1,0,0,0,0,2,seriously_injured
2020,9,Thu,5,52.44822823,13.43866738,afternoon,15,daylight,0,dry,0,5,2,1,1,0,0,0,0,3,slightly_injured
2020,8,Thu,5,52.58838124,13.42166073,afternoon,16,daylight,0,dry,0,5,3,0,1,0,0,0,0,2,seriously_injured
2020,9,Sun,1,52.46543731,13.39459496,evening,19,dusk,1,dry,0,5,7,0,1,0,1,0,0,3,slightly_injured
2020,9,Wed,4,52.45239159,13.44949995,afternoon,17,daylight,0,wet,1,2,6,0,1,0,0,0,0,3,slightly_injured
2020,8,Mon,2,52.52669175,13.41575977,afternoon,14,daylight,0,dry,0,5,2,1,0,0,0,1,0,3,slightly_injured
2020,9,Tue,3,52.50790621,13.4142734,evening,19,dusk,1,dry,0,5,2,1,0,0,0,0,0,3,slightly_injured
2020,8,Thu,5,52.54452696,13.59502566,afternoon,16,daylight,0,dry,0,6,6,1,0,1,0,0,0,2,seriously_injured
2020,8,Thu,5,52.51393174,13.31729494,afternoon,16,daylight,0,dry,0,5,7,1,0,0,1,0,0,3,slightly_injured
2020,9,Fri,6,52.51417192,13.40560284,afternoon,16,daylight,0,dry,0,5,2,1,1,0,0,0,0,3,slightly_injured
2020,8,Thu,5,52.48163831,13.38571966,afternoon,16,daylight,0,dry,0,5,2,1,0,0,1,0,0,3,slightly_injured
2020,9,Mon,2,52.52100319,13.48032055,afternoon,16,daylight,0,dry,0,8,1,0,1,0,0,0,0,3,slightly_injured
2020,9,Thu,5,52.6163357,13.30748899,morning,7,daylight,0,dry,0,5,3,1,1,0,0,0,0,3,slightly_injured
2020,8,Thu,5,52.53976,13.40159182,afternoon,16,daylight,0,dry,0,0,2,1,1,0,0,0,0,3,slightly_injured
2020,9,Sun,1,52.53242747,13.14158548,afternoon,16,daylight,0,dry,0,5,2,0,1,0,0,0,0,3,slightly_injured
2020,9,Thu,5,52.53227464,13.48517389,afternoon,15,daylight,0,dry,0,2,6,0,1,0,0,0,0,3,slightly_injured
2020,8,Mon,2,52.57358618,13.32969647,afternoon,14,daylight,0,dry,0,6,4,0,0,1,0,0,1,3,slightly_injured
2020,8,Thu,5,52.43192499,13.49573807,morning,7,daylight,0,wet,1,0,3,0,1,0,1,0,0,3,slightly_injured
2020,9,Fri,6,52.46447593,13.48572668,morning,10,daylight,0,dry,0,5,2,1,1,0,0,0,0,3,slightly_injured
2020,8,Thu,5,52.48984635,13.38231493,morning,7,daylight,0,dry,0,5,2,1,1,0,0,0,0,3,slightly_injured
2020,8,Mon,2,52.57582242,13.32346463,afternoon,12,daylight,0,dry,0,5,2,0,1,0,1,0,0,3,slightly_injured
2020,9,Mon,2,52.52556154,13.35644591,afternoon,12,daylight,0,dry,0,5,2,1,1,0,0,0,0,3,slightly_injured
2020,9,Thu,5,52.48499423,13.38293875,morning,6,daylight,0,wet,1,0,5,0,1,0,1,0,0,3,slightly_injured
2020,8,Mon,2,52.49699083,13.38271524,afternoon,12,daylight,0,dry,0,5,7,1,1,0,0,0,0,3,slightly_injured
2020,8,Thu,5,52.46527678,13.42146215,night,0,dark,2,wet,1,2,2,1,1,0,0,0,0,3,slightly_injured
2020,9,Sat,7,52.60336825,13.32329144,night,1,dark,2,dry,0,3,6,1,1,0,0,0,0,3,slightly_injured
2020,9,Wed,4,52.55192897,13.51627137,afternoon,15,daylight,0,dry,0,4,6,1,0,0,0,0,0,3,slightly_injured
2020,8,Mon,2,52.53837732,13.32610463,morning,11,daylight,0,dry,0,5,2,0,1,0,1,0,0,2,seriously_injured
2020,8,Thu,5,52.52626735,13.23996937,afternoon,15,daylight,0,dry,0,2,6,0,1,0,0,0,1,3,slightly_injured
2020,8,Thu,5,52.5049337,13.34218959,morning,7,daylight,0,dry,0,6,7,0,0,1,0,0,1,3,slightly_injured
2020,9,Fri,6,52.52675788,13.5888863,afternoon,14,daylight,0,dry,0,6,4,0,1,1,0,0,0,2,seriously_injured
2020,8,Thu,5,52.58510698,13.3637346,afternoon,14,daylight,0,dry,0,1,5,1,1,0,0,0,0,3,slightly_injured
2020,8,Thu,5,52.41257641,13.39269657,night,0,dark,2,wet,1,5,3,0,1,0,0,0,0,3,slightly_injured
2020,9,Mon,2,52.50041404,13.33090111,afternoon,16,daylight,0,dry,0,5,3,1,1,0,0,0,0,3,slightly_injured
2020,9,Thu,5,52.51891412,13.33971042,evening,20,dark,2,dry,0,5,2,1,1,0,0,0,0,3,slightly_injured
2020,8,Thu,5,52.55568973,13.20648593,afternoon,14,daylight,0,wet,1,2,6,0,1,0,0,0,0,3,slightly_injured
2020,9,Sun,1,52.51281249,13.28096045,afternoon,15,daylight,0,dry,0,0,1,0,1,0,1,0,0,3,slightly_injured
2020,9,Thu,5,52.59242586,13.39841355,afternoon,13,daylight,0,dry,0,5,2,1,1,0,0,0,0,3,slightly_injured
2020,8,Mon,2,52.51501402,13.39312432,morning,11,daylight,0,dry,0,5,3,0,1,0,0,0,0,3,slightly_injured
2020,8,Thu,5,52.54132209,13.26234944,afternoon,14,daylight,0,dry,0,5,3,1,1,0,0,0,0,3,slightly_injured
2020,9,Sat,7,52.52208138,13.39107756,evening,18,daylight,0,wet,1,2,7,0,0,0,1,0,1,3,slightly_injured
2020,9,Wed,4,52.51114364,13.58725653,morning,9,daylight,0,dry,0,5,2,1,1,0,0,0,0,2,seriously_injured
2020,8,Mon,2,52.41576049,13.40606481,morning,10,daylight,0,dry,0,5,3,1,1,0,0,0,0,3,slightly_injured
2020,8,Thu,5,52.52394023,13.3538957,afternoon,13,daylight,0,dry,0,5,2,0,1,0,0,0,0,3,slightly_injured
2020,9,Fri,6,52.50548884,13.51389786,morning,10,daylight,0,wet,1,6,7,0,1,1,0,0,0,3,slightly_injured
2020,9,Sat,7,52.52965774,13.39743663,evening,22,dark,2,dry,0,5,2,1,0,0,1,0,0,3,slightly_injured
2020,9,Wed,4,52.46307899,13.28171912,afternoon,14,daylight,0,wet,1,5,3,0,1,0,0,0,0,3,slightly_injured
2020,8,Mon,2,52.42299248,13.50971225,morning,10,daylight,0,dry,0,5,5,1,1,0,0,0,0,3,slightly_injured
2020,8,Thu,5,52.56752168,13.19189537,afternoon,13,daylight,0,dry,0,0,1,1,0,0,0,0,0,3,slightly_injured
2020,8,Thu,5,52.41359564,13.25960148,afternoon,13,daylight,0,dry,0,8,1,0,1,0,0,0,0,3,slightly_injured
2020,9,Fri,6,52.62041454,13.30582574,afternoon,12,daylight,0,wet,1,0,3,1,0,0,1,0,0,3,slightly_injured
2020,8,Thu,5,52.4541868,13.37669626,afternoon,12,daylight,0,dry,0,5,2,0,1,0,0,0,1,3,slightly_injured
2020,8,Thu,5,52.473907,13.45589488,afternoon,12,daylight,0,dry,0,6,4,0,1,1,0,0,0,3,slightly_injured
2020,9,Mon,2,52.4353735,13.27419922,afternoon,15,daylight,0,dry,0,5,3,0,1,0,0,0,0,3,slightly_injured
2020,9,Thu,5,52.48056941,13.41593834,evening,18,daylight,0,dry,0,2,6,0,1,0,0,0,0,2,seriously_injured
2020,8,Thu,5,52.46169363,13.3250847,morning,11,daylight,0,dry,0,6,2,0,0,1,0,1,0,3,slightly_injured
2020,9,Sun,1,52.49509814,13.33103874,afternoon,13,daylight,0,dry,0,3,6,0,1,0,0,0,1,2,seriously_injured
2020,9,Thu,5,52.47546945,13.33273003,morning,9,daylight,0,dry,0,5,3,1,1,0,0,0,0,3,slightly_injured
2020,8,Mon,2,52.50902135,13.42394336,morning,10,daylight,0,dry,0,1,5,1,1,0,0,0,0,3,slightly_injured
2020,8,Thu,5,52.59728076,13.34622569,morning,10,daylight,0,dry,0,4,6,0,1,0,0,0,0,3,slightly_injured
2020,9,Sat,7,52.5047467,13.30003207,afternoon,12,daylight,0,wet,1,2,6,1,1,0,0,0,0,3,slightly_injured
2020,9,Wed,4,52.41954453,13.54108642,morning,8,daylight,0,wet,1,0,1,1,0,0,0,0,0,3,slightly_injured
2020,8,Mon,2,52.5402368,13.37560818,morning,10,daylight,0,dry,0,5,3,0,1,0,1,0,0,2,seriously_injured
2020,8,Thu,5,52.4801803,13.286124,morning,9,daylight,0,dry,0,2,6,0,1,0,0,0,0,3,slightly_injured
2020,9,Fri,6,52.49848967,13.42908351,morning,8,daylight,0,wet,1,3,6,0,1,0,1,0,0,3,slightly_injured
2020,8,Thu,5,52.51944888,13.27188644,morning,8,daylight,0,dry,0,5,2,1,1,0,0,0,0,3,slightly_injured
2020,9,Mon,2,52.46696276,13.43647279,morning,11,daylight,0,dry,0,5,3,0,1,0,0,0,0,3,slightly_injured
2020,9,Thu,5,52.43711952,13.37510004,afternoon,16,daylight,0,dry,0,2,2,0,1,0,0,0,0,3,slightly_injured
2020,8,Thu,5,52.41816889,13.41680919,morning,7,daylight,0,dry,0,5,2,1,0,0,0,1,0,3,slightly_injured
2020,8,Thu,5,52.49331474,13.39491272,morning,7,daylight,0,dry,0,5,3,0,1,0,0,0,0,2,seriously_injured
2020,9,Mon,2,52.61944762,13.30404562,afternoon,13,daylight,0,dry,0,5,3,1,1,0,0,0,0,3,slightly_injured
2020,9,Thu,5,52.47285804,13.30281636,afternoon,17,daylight,0,dry,0,6,4,1,0,1,0,0,0,3,slightly_injured
2020,8,Thu,5,52.52344071,13.40707771,night,5,dark,2,dry,0,5,2,1,1,0,0,0,0,3,slightly_injured
2020,9,Sun,1,52.51723131,13.39073323,morning,11,daylight,0,dry,0,5,2,1,1,0,0,0,0,2,seriously_injured
2020,9,Wed,4,52.54236915,13.24721941,afternoon,16,daylight,0,wet,1,6,4,0,1,1,0,0,0,3,slightly_injured
2020,8,Mon,2,52.52686342,13.47949759,morning,10,daylight,0,dry,0,6,4,0,1,1,0,0,0,3,slightly_injured
2020,9,Tue,3,52.51828695,13.38368886,afternoon,12,daylight,0,dry,0,5,3,1,1,0,0,0,0,3,slightly_injured
2020,8,Wed,4,52.49720761,13.29179017,evening,18,daylight,0,dry,0,3,6,1,1,0,0,0,0,3,slightly_injured
2020,9,Sat,7,52.52527011,13.36587654,night,0,dark,2,dry,0,0,2,0,1,0,1,0,0,3,slightly_injured
2020,9,Wed,4,52.59141739,13.41932797,morning,11,daylight,0,wet,1,5,3,0,1,0,0,1,0,2,seriously_injured
2020,9,Tue,3,52.43253533,13.49627294,evening,18,daylight,0,dry,0,3,6,1,0,0,0,0,1,3,slightly_injured
2020,8,Wed,4,52.53243075,13.39602983,morning,9,daylight,0,dry,0,5,2,1,1,0,0,0,0,3,slightly_injured
2020,9,Fri,6,52.5369128,13.2217999,afternoon,13,daylight,0,dry,0,2,6,0,1,0,0,0,0,3,slightly_injured
2020,8,Wed,4,52.51592014,13.46043556,morning,11,daylight,0,dry,0,5,2,1,1,0,0,0,0,3,slightly_injured
2020,9,Tue,3,52.47338224,13.35461722,evening,18,daylight,0,dry,0,2,6,0,1,0,0,0,0,3,slightly_injured
2020,9,Mon,2,52.60741556,13.42463969,afternoon,13,daylight,0,dry,0,5,2,1,1,0,0,0,0,3,slightly_injured
2020,9,Thu,5,52.4352081,13.34789161,morning,8,daylight,0,wet,1,5,2,1,0,0,0,0,1,3,slightly_injured
2020,8,Wed,4,52.55226423,13.38168117,afternoon,16,daylight,0,wet,1,5,2,1,1,0,0,0,0,3,slightly_injured
2020,9,Sun,1,52.55030566,13.46637163,evening,18,daylight,0,dry,0,1,5,1,1,0,0,0,0,3,slightly_injured
2020,9,Wed,4,52.50754798,13.31775785,afternoon,17,daylight,0,wet,1,5,3,0,1,0,0,0,0,3,slightly_injured
2020,8,Mon,2,52.56984376,13.2121228,afternoon,16,daylight,0,wet,1,1,5,0,1,0,1,0,0,3,slightly_injured
2020,8,Wed,4,52.45700503,13.49977159,evening,23,dark,2,wet,1,8,1,0,0,0,1,0,0,2,seriously_injured
2020,8,Wed,4,52.42900253,13.45266564,evening,21,dark,2,wet,1,2,6,1,1,0,0,0,0,3,slightly_injured
2020,9,Fri,6,52.50234929,13.35304186,afternoon,13,daylight,0,dry,0,5,2,0,1,0,0,0,0,3,slightly_injured
2020,9,Wed,4,52.48581095,13.45830821,morning,11,daylight,0,wet,1,5,2,1,1,0,0,0,0,3,slightly_injured
2020,9,Thu,5,52.50149175,13.41852735,afternoon,14,daylight,0,dry,0,1,5,1,0,0,0,0,1,2,seriously_injured
2020,9,Wed,4,52.4602578,13.32387375,afternoon,17,daylight,0,dry,0,2,6,0,1,0,0,0,0,3,slightly_injured
2020,9,Thu,5,52.4377166,13.52690216,evening,22,dark,2,dry,0,5,2,0,1,0,0,0,0,3,slightly_injured
2020,9,Sun,1,52.4362128,13.34564432,afternoon,17,daylight,0,dry,0,5,2,1,1,0,0,0,0,3,slightly_injured
2020,9,Tue,3,52.51900778,13.46206138,morning,9,daylight,0,dry,0,2,7,0,1,0,0,0,1,3,slightly_injured
2020,9,Sat,7,52.53448241,13.40831965,afternoon,14,daylight,0,dry,0,3,6,1,1,0,0,0,0,3,slightly_injured
2020,9,Wed,4,52.60377406,13.47397993,afternoon,15,daylight,0,dry,0,3,6,1,1,0,0,0,0,3,slightly_injured
2020,9,Fri,6,52.48460621,13.34498562,afternoon,14,daylight,0,dry,0,5,2,1,1,0,0,0,0,3,slightly_injured
2020,9,Wed,4,52.45464581,13.55848615,afternoon,16,daylight,0,dry,0,4,6,1,0,0,0,0,0,3,slightly_injured
2020,9,Mon,2,52.51093728,13.41642065,morning,8,daylight,0,dry,0,5,2,1,0,0,0,1,0,2,seriously_injured
2020,9,Wed,4,52.57116228,13.51451857,afternoon,16,daylight,0,dry,0,5,3,1,0,0,1,0,0,3,slightly_injured
2020,9,Sun,1,52.48668323,13.35538867,afternoon,12,daylight,0,dry,0,0,7,0,1,0,0,0,1,3,slightly_injured
2020,9,Tue,3,52.49575655,13.28703819,evening,18,daylight,0,dry,0,2,6,1,1,0,0,0,0,3,slightly_injured
2020,9,Fri,6,52.50183451,13.32147212,evening,21,dark,2,dry,0,0,1,0,0,0,1,0,0,3,slightly_injured
2020,9,Mon,2,52.40490683,13.26878638,afternoon,17,daylight,0,dry,0,2,6,0,1,0,0,0,0,3,slightly_injured
2020,9,Tue,3,52.42593802,13.43526487,afternoon,12,daylight,0,dry,0,1,5,1,1,0,0,0,0,3,slightly_injured
2020,9,Fri,6,52.56258789,13.33072481,morning,9,daylight,0,dry,0,5,2,1,1,0,0,0,0,3,slightly_injured
2020,9,Mon,2,52.48404266,13.3711102,evening,20,dusk,1,dry,0,4,6,0,1,0,0,0,0,2,seriously_injured
2020,9,Fri,6,52.53126645,13.41730243,morning,7,daylight,0,dry,0,6,7,1,0,1,0,0,0,3,slightly_injured
2020,9,Wed,4,52.59704534,13.25163291,afternoon,15,daylight,0,dry,0,4,6,0,1,0,0,0,0,3,slightly_injured
2020,9,Mon,2,52.59242524,13.28580531,morning,10,daylight,0,dry,0,6,3,0,1,1,0,0,0,3,slightly_injured
2020,9,Wed,4,52.44444472,13.57108603,afternoon,14,daylight,0,dry,0,3,6,1,0,0,0,0,0,3,slightly_injured
2020,9,Sun,1,52.4339037,13.57139514,morning,7,daylight,0,dry,0,1,5,0,1,0,0,0,0,3,slightly_injured
2020,9,Tue,3,52.46969476,13.44164753,afternoon,16,daylight,0,dry,0,0,7,0,1,0,1,0,0,3,slightly_injured
2020,9,Fri,6,52.54585575,13.23777411,evening,18,daylight,0,dry,0,6,4,0,1,1,0,0,0,2,seriously_injured
2020,9,Mon,2,52.51146496,13.42729987,evening,18,daylight,0,dry,0,1,5,1,1,0,0,0,0,3,slightly_injured
2020,9,Thu,5,52.50166546,13.50970173,afternoon,12,daylight,0,dry,0,1,5,1,1,0,0,0,0,3,slightly_injured
2020,9,Wed,4,52.47548319,13.35984255,evening,21,dark,2,dry,0,5,3,1,1,0,0,0,0,2,seriously_injured
2020,9,Thu,5,52.49944118,13.43204847,evening,20,dusk,1,dry,0,5,3,0,1,0,1,0,0,3,slightly_injured
2020,9,Sun,1,52.44438689,13.24188749,afternoon,12,daylight,0,dry,0,5,3,0,1,0,0,0,0,3,slightly_injured
2020,9,Wed,4,52.43157937,13.45659202,afternoon,13,daylight,0,dry,0,4,2,0,1,0,1,0,0,3,slightly_injured
2020,9,Fri,6,52.49101103,13.39428492,night,2,dark,2,dry,0,1,5,0,1,0,0,0,1,3,slightly_injured
2020,9,Wed,4,52.50605002,13.33247219,afternoon,13,daylight,0,dry,0,0,2,1,1,0,0,0,0,3,slightly_injured
2020,9,Mon,2,52.54241101,13.48926649,afternoon,13,daylight,0,dry,0,0,2,1,1,0,0,0,0,3,slightly_injured
2020,9,Wed,4,52.49518129,13.3951457,afternoon,13,daylight,0,dry,0,5,3,0,1,0,1,0,1,3,slightly_injured
2020,9,Sat,7,52.41955465,13.17594591,afternoon,14,daylight,0,dry,0,5,3,1,1,0,0,0,0,2,seriously_injured
2020,9,Tue,3,52.45606168,13.36167462,afternoon,15,daylight,0,dry,0,6,4,0,1,1,0,0,0,2,seriously_injured
2020,9,Fri,6,52.49794559,13.36211667,afternoon,13,daylight,0,dry,0,2,2,0,1,0,1,0,0,2,seriously_injured
2020,9,Mon,2,52.5139253,13.40592289,afternoon,15,daylight,0,dry,0,0,3,1,0,0,1,0,0,3,slightly_injured
2020,9,Thu,5,52.52461385,13.3926794,afternoon,15,daylight,0,dry,0,1,5,0,1,0,0,0,1,3,slightly_injured
2020,9,Wed,4,52.46079448,13.48116515,evening,20,dark,2,dry,0,5,2,0,1,0,0,0,1,3,slightly_injured
2020,9,Thu,5,52.56379706,13.3919891,evening,20,dusk,1,dry,0,6,4,0,1,1,0,0,0,3,slightly_injured
2020,9,Sun,1,52.49520871,13.40444708,evening,20,dark,2,dry,0,5,3,0,1,0,0,0,0,3,slightly_injured
2020,9,Tue,3,52.42254718,13.32733839,morning,9,daylight,0,dry,0,5,3,0,1,0,0,0,0,3,slightly_injured
2020,9,Sat,7,52.45643995,13.55105284,afternoon,15,daylight,0,dry,0,3,6,0,1,0,1,0,0,3,slightly_injured
2020,9,Wed,4,52.52817321,13.42522485,morning,11,daylight,0,dry,0,0,7,1,0,0,0,0,0,3,slightly_injured
2020,9,Fri,6,52.5306177,13.41101761,morning,7,daylight,0,dry,0,5,2,1,1,0,0,0,0,3,slightly_injured
2020,9,Sat,7,52.43586001,13.25600084,evening,18,daylight,0,dry,0,5,3,1,1,0,0,0,0,2,seriously_injured
2020,9,Mon,2,52.55137877,13.41433483,morning,11,daylight,0,dry,0,5,3,0,1,0,0,0,1,3,slightly_injured
2020,9,Fri,6,52.45030605,13.50810026,afternoon,14,daylight,0,dry,0,0,3,0,1,0,0,0,1,3,slightly_injured
2020,9,Mon,2,52.51090926,13.48776786,afternoon,12,daylight,0,dry,0,5,2,0,1,0,1,0,0,3,slightly_injured
2020,9,Thu,5,52.51625474,13.35293921,afternoon,13,daylight,0,dry,0,6,4,0,1,1,0,0,0,3,slightly_injured
2020,9,Wed,4,52.50644328,13.35773141,morning,11,daylight,0,dry,0,2,2,1,0,0,0,0,1,3,slightly_injured
2020,9,Thu,5,52.46532584,13.39644847,evening,19,dusk,1,dry,0,5,7,0,1,0,0,0,0,3,slightly_injured
2020,9,Sun,1,52.6100528,13.33154021,afternoon,16,daylight,0,dry,0,2,6,0,1,0,0,0,0,3,slightly_injured
2020,9,Tue,3,52.42849981,13.46683484,morning,11,daylight,0,dry,0,2,6,0,1,0,0,0,0,3,slightly_injured
2020,9,Sat,7,52.55141774,13.23391788,afternoon,13,daylight,0,dry,0,5,3,1,1,0,0,0,0,3,slightly_injured
2020,9,Wed,4,52.54287477,13.54978419,morning,10,daylight,0,dry,0,5,2,0,1,0,0,0,1,3,slightly_injured
2020,9,Fri,6,52.58734022,13.40182787,night,5,dark,2,dry,0,5,3,1,1,0,0,0,0,3,slightly_injured
2020,9,Wed,4,52.47759436,13.47875344,morning,9,daylight,0,dry,0,5,2,0,1,0,0,0,0,3,slightly_injured
2020,9,Mon,2,52.41566845,13.49679738,morning,7,daylight,0,dry,0,5,3,1,0,0,0,0,1,3,slightly_injured
2020,9,Wed,4,52.53432244,13.18839522,morning,9,daylight,0,dry,0,6,4,0,0,1,0,0,1,3,slightly_injured
2020,9,Wed,4,52.48410957,13.38434051,morning,9,daylight,0,dry,0,5,7,0,1,0,0,0,1,3,slightly_injured
2020,9,Mon,2,52.4589323,13.34817167,morning,9,daylight,0,dry,0,0,1,1,0,0,0,0,0,3,slightly_injured
2020,9,Thu,5,52.49213314,13.41181679,morning,11,daylight,0,dry,0,1,5,1,1,0,0,0,0,2,seriously_injured
2020,9,Wed,4,52.53153618,13.15856821,morning,8,daylight,0,dry,0,2,2,0,1,0,0,0,0,3,slightly_injured
2020,9,Sun,1,52.49411783,13.4436865,afternoon,13,daylight,0,dry,0,5,3,1,1,0,0,0,0,3,slightly_injured
2020,9,Tue,3,52.53512894,13.47020435,afternoon,17,daylight,0,dry,0,0,1,1,0,0,0,0,0,2,seriously_injured