ujahr,umonat,weekday,uwochentag,long,lat,time_of_day,ustunde,light_condition,ulichtverh,street_condition,ustrzustand,uart,utyp1,ist_rad,ist_pkw,ist_fuss,ist_krad,ist_gkfz,ist_sonstige,ukategorie,accident_outcome
2020,9,Fri,6,52.44201918,13.5697022,afternoon,16,daylight,0,dry,0,5,2,1,1,0,0,0,0,3,slightly_injured
2020,9,Mon,2,52.5967149,13.46695634,evening,18,daylight,0,dry,0,5,2,0,1,0,1,0,0,2,seriously_injured
2020,9,Fri,6,52.55713266,13.3657224,afternoon,14,daylight,0,dry,0,0,2,1,1,0,0,0,0,3,slightly_injured
2020,9,Wed,4,52.44602792,13.511433,morning,8,daylight,0,dry,0,5,3,0,1,0,0,0,1,3,slightly_injured
2020,9,Mon,2,52.44437538,13.33881515,afternoon,12,daylight,0,dry,0,5,2,0,1,0,0,0,0,3,slightly_injured
2020,9,Wed,4,52.51408943,13.31679789,morning,8,daylight,0,dry,0,2,6,0,1,0,0,0,1,2,seriously_injured
2020,9,Sun,1,52.48583108,13.44558844,afternoon,15,daylight,0,dry,0,1,5,1,1,0,0,0,0,3,slightly_injured
2020,9,Tue,3,52.5311334,13.32859935,afternoon,15,daylight,0,dry,0,5,2,0,1,0,1,0,0,2,seriously_injured
2020,9,Fri,6,52.58063592,13.20920728,afternoon,17,dusk,1,dry,0,0,1,1,0,0,0,0,0,3,slightly_injured
2020,9,Sun,1,52.50816137,13.35201237,morning,11,daylight,0,dry,0,0,1,1,0,0,0,0,0,3,slightly_injured
2020,9,Tue,3,52.54053532,13.38006741,evening,18,daylight,0,dry,0,5,3,1,1,0,0,0,0,3,slightly_injured
2020,9,Fri,6,52.48375698,13.32022081,evening,18,daylight,0,dry,0,0,2,0,1,0,1,0,0,3,slightly_injured
2020,9,Mon,2,52.46689405,13.50855787,afternoon,16,daylight,0,dry,0,1,5,1,1,0,0,0,0,3,slightly_injured
2020,9,Thu,5,52.45791803,13.42489914,afternoon,16,daylight,0,wet,1,0,7,1,0,0,0,0,0,2,seriously_injured
2020,9,Wed,4,52.50145203,13.38630096,morning,8,daylight,0,dry,0,0,1,1,0,0,0,0,0,3,slightly_injured
2020,9,Mon,2,52.52088667,13.19122689,afternoon,13,daylight,0,dry,0,1,5,0,1,0,0,0,1,3,slightly_injured
2020,9,Wed,4,52.48155537,13.52546987,morning,6,daylight,0,dry,0,5,2,1,1,0,0,0,0,3,slightly_injured
2020,9,Sat,7,52.52853729,13.39382623,evening,20,dusk,1,dry,0,2,2,1,1,0,0,0,0,3,slightly_injured
2020,9,Mon,2,52.52566483,13.54012811,afternoon,15,daylight,0,dry,0,0,2,1,0,0,0,0,1,3,slightly_injured
2020,9,Fri,6,52.52844875,13.38056808,afternoon,12,daylight,0,dry,0,5,7,1,1,0,0,0,0,3,slightly_injured
2020,9,Mon,2,52.55566765,13.43940874,afternoon,14,daylight,0,dry,0,5,3,1,1,0,0,0,0,3,slightly_injured
2020,9,Thu,5,52.60815207,13.4292066,afternoon,14,daylight,0,dry,0,5,2,1,1,0,0,0,0,3,slightly_injured
2020,9,Wed,4,52.52973029,13.46211274,night,5,dusk,1,dry,0,6,4,0,0,1,1,0,0,2,seriously_injured
2020,9,Thu,5,52.4677758,13.33124179,evening,18,daylight,0,dry,0,1,5,1,1,0,0,0,0,3,slightly_injured
2020,9,Sun,1,52.52721603,13.39809522,evening,20,dark,2,dry,0,5,7,0,1,0,0,0,1,3,slightly_injured
2020,9,Mon,2,52.51012218,13.40070281,afternoon,16,daylight,0,dry,0,2,6,0,1,0,0,0,0,3,slightly_injured
2020,9,Thu,5,52.42666082,13.52264924,morning,6,daylight,0,dry,0,5,2,0,1,0,1,0,0,2,seriously_injured
2020,9,Tue,3,52.53898422,13.2196161,afternoon,14,daylight,0,dry,0,1,7,0,1,0,0,0,1,2,seriously_injured
2020,9,Thu,5,52.53095396,13.32855123,evening,18,daylight,0,dry,0,2,6,0,1,0,0,0,1,3,slightly_injured
2020,9,Sun,1,52.49117876,13.38269106,evening,19,daylight,0,dry,0,5,3,1,0,0,0,0,1,3,slightly_injured
2020,9,Sat,7,52.50186486,13.32166963,evening,18,daylight,0,dry,0,5,2,1,1,0,0,0,0,3,slightly_injured
2020,9,Thu,5,52.50505537,13.33785224,morning,10,daylight,0,dry,0,1,5,1,1,0,0,0,0,3,slightly_injured
2020,9,Mon,2,52.50698481,13.42907641,evening,21,dark,2,dry,0,1,5,1,1,0,0,0,0,3,slightly_injured
2020,9,Fri,6,52.52305143,13.42993047,morning,11,daylight,0,dry,0,5,2,1,1,0,0,0,0,3,slightly_injured
2020,9,Mon,2,52.46581653,13.12854814,morning,8,daylight,0,dry,0,5,3,1,1,0,0,0,0,3,slightly_injured
2020,9,Thu,5,52.53796916,13.20267584,afternoon,12,daylight,0,dry,0,0,1,0,0,0,1,0,0,3,slightly_injured
2020,9,Tue,3,52.53471192,13.50772105,afternoon,12,daylight,0,dry,0,5,2,1,1,0,0,0,0,3,slightly_injured
2020,9,Thu,5,52.54054934,13.2041868,evening,18,dusk,1,dry,0,3,6,0,1,0,1,0,0,3,slightly_injured
2020,9,Sun,1,52.52675576,13.4012368,afternoon,15,daylight,0,dry,0,0,6,1,1,0,0,0,0,2,seriously_injured
2020,9,Thu,5,52.53328552,13.41466458,morning,9,daylight,0,dry,0,5,3,0,1,0,1,0,0,3,slightly_injured
2020,9,Tue,3,52.51601622,13.41058306,afternoon,12,daylight,0,dry,0,5,3,0,1,0,0,0,1,2,seriously_injured
2020,9,Sat,7,52.54970134,13.58548418,morning,8,daylight,0,dry,0,6,4,0,0,1,0,0,1,2,seriously_injured
2020,9,Thu,5,52.42586437,13.2444827,morning,10,daylight,0,dry,0,6,3,0,1,1,0,0,0,3,slightly_injured
2020,9,Tue,3,52.47382819,13.45584078,morning,9,daylight,0,dry,0,2,2,0,1,0,1,0,0,3,slightly_injured
2020,9,Sat,7,52.42568994,13.48323781,afternoon,14,daylight,0,dry,0,2,2,0,1,0,0,0,0,3,slightly_injured
2020,9,Tue,3,52.63870088,13.28227126,afternoon,12,daylight,0,dry,0,1,5,1,0,0,0,0,1,3,slightly_injured
2020,9,Fri,6,52.54251582,13.23836023,morning,10,daylight,0,dry,0,0,6,0,1,0,0,0,1,3,slightly_injured
2020,9,Tue,3,52.51618765,13.38093044,afternoon,12,daylight,0,dry,0,2,6,1,0,0,0,0,0,3,slightly_injured
2020,9,Mon,2,52.57043241,13.4644384,morning,9,daylight,0,dry,0,5,3,1,1,0,0,0,0,3,slightly_injured
2020,9,Thu,5,52.52377319,13.32968636,morning,10,daylight,0,dry,0,5,2,0,1,0,0,0,0,3,slightly_injured
2020,9,Tue,3,52.45671996,13.36946386,morning,11,daylight,0,dry,0,2,6,0,0,0,1,0,1,2,seriously_injured
2020,9,Sun,1,52.51617614,13.2611542,afternoon,13,daylight,0,dry,0,6,4,0,1,1,0,0,0,3,slightly_injured
2020,9,Thu,5,52.39376832,13.40677871,morning,9,daylight,0,dry,0,5,2,0,1,0,0,0,0,3,slightly_injured
2020,9,Tue,3,52.50281347,13.41009349,evening,19,daylight,0,dry,0,1,5,1,1,0,0,0,0,3,slightly_injured
2020,9,Fri,6,52.45602324,13.64307585,evening,21,dark,2,dry,0,7,7,0,0,0,1,0,0,2,seriously_injured
2020,9,Mon,2,52.53818231,13.42013288,afternoon,17,daylight,0,dry,0,5,2,1,1,0,0,0,0,2,seriously_injured
2020,9,Fri,6,52.53031726,13.30290608,evening,23,dark,2,dry,0,5,3,1,1,0,0,0,0,3,slightly_injured
2020,9,Tue,3,52.57269488,13.38360893,morning,11,daylight,0,dry,0,3,2,1,1,0,0,0,0,3,slightly_injured
2020,9,Mon,2,52.53346334,13.16274727,afternoon,14,daylight,0,dry,0,5,3,1,1,0,0,0,0,3,slightly_injured
2020,9,Mon,2,52.50276601,13.38797681,evening,20,dark,2,dry,0,1,5,1,1,0,0,0,0,2,seriously_injured
2020,9,Fri,6,52.52838274,13.40912632,morning,9,daylight,0,dry,0,0,1,1,0,0,0,0,0,3,slightly_injured
2020,9,Tue,3,52.48881079,13.35358477,morning,10,daylight,0,dry,0,2,7,1,1,0,0,0,0,3,slightly_injured
2020,9,Mon,2,52.52552512,13.30373993,morning,7,daylight,0,dry,0,2,2,0,1,0,0,0,0,3,slightly_injured
2020,9,Tue,3,52.58973891,13.33410806,morning,10,daylight,0,dry,0,5,2,0,1,0,0,0,0,3,slightly_injured
2020,9,Sun,1,52.53368414,13.19381429,morning,9,daylight,0,dry,0,5,3,1,0,0,0,0,0,3,slightly_injured
2020,9,Thu,5,52.51891748,13.42869085,morning,9,daylight,0,dry,0,5,2,1,1,0,0,0,0,3,slightly_injured
2020,9,Tue,3,52.39376359,13.40655073,afternoon,17,daylight,0,dry,0,5,2,0,1,0,0,0,0,2,seriously_injured
2020,9,Fri,6,52.48574664,13.18286856,evening,18,daylight,0,dry,0,0,2,1,1,0,0,0,0,3,slightly_injured
2020,9,Mon,2,52.52143508,13.18864639,afternoon,16,daylight,0,dry,0,2,6,0,1,0,1,0,0,3,slightly_injured
2020,9,Thu,5,52.51523176,13.49069934,morning,8,daylight,0,dry,0,5,3,1,1,0,0,0,0,3,slightly_injured
2020,9,Tue,3,52.5392285,13.15698226,morning,9,daylight,0,dry,0,5,3,0,1,0,0,0,0,3,slightly_injured
2020,9,Thu,5,52.51893444,13.42869775,afternoon,17,daylight,0,dry,0,5,2,1,1,0,0,0,0,3,slightly_injured
2020,9,Mon,2,52.51011787,13.27149901,afternoon,12,daylight,0,dry,0,0,6,0,0,0,1,0,0,3,slightly_injured
2020,9,Tue,3,52.54130802,13.34796053,morning,9,daylight,0,dry,0,0,6,0,1,0,1,0,0,3,slightly_injured
2020,9,Sat,7,52.50387276,13.33772453,evening,19,dusk,1,dry,0,5,3,0,1,0,0,0,1,2,seriously_injured
2020,9,Mon,2,52.58634127,13.40711292,morning,10,daylight,0,dry,0,5,3,0,1,0,0,0,0,3,slightly_injured
2020,9,Tue,3,52.53064206,13.41105138,morning,9,daylight,0,dry,0,5,2,1,1,0,0,0,0,3,slightly_injured
2020,9,Sat,7,52.42811715,13.55197472,afternoon,15,daylight,0,dry,0,4,6,1,0,0,0,0,0,2,seriously_injured
2020,9,Tue,3,52.44338441,13.59349829,afternoon,15,daylight,0,dry,0,2,2,0,1,0,0,0,0,3,slightly_injured
2020,9,Fri,6,52.5010527,13.34624714,afternoon,17,daylight,0,dry,0,5,2,0,1,0,0,0,0,3,slightly_injured
2020,9,Mon,2,52.59222226,13.28179563,afternoon,15,daylight,0,dry,0,2,6,0,1,0,0,0,0,3,slightly_injured
2020,9,Thu,5,52.44748283,13.57551195,afternoon,15,daylight,0,dry,0,5,3,1,1,0,0,0,0,3,slightly_injured
2020,9,Tue,3,52.45082736,13.25407414,morning,8,daylight,0,dry,0,5,2,0,1,0,0,0,0,3,slightly_injured
2020,9,Thu,5,52.52926971,13.29643491,afternoon,17,daylight,0,dry,0,5,2,0,1,0,0,0,0,3,slightly_injured
2020,9,Sun,1,52.46499973,13.31451704,evening,22,dark,2,dry,0,2,6,0,1,0,0,0,1,2,seriously_injured
2020,9,Thu,5,52.52339,13.37060892,morning,9,daylight,0,dry,0,6,4,1,0,1,0,0,0,3,slightly_injured
2020,9,Tue,3,52.51191717,13.38645613,morning,9,daylight,0,dry,0,2,6,1,1,0,0,0,0,3,slightly_injured
2020,9,Sat,7,52.51748065,13.42107879,afternoon,15,daylight,0,dry,0,2,1,1,0,0,0,0,0,3,slightly_injured
2020,9,Thu,5,52.50400254,13.3403497,morning,8,daylight,0,dry,0,5,7,1,1,0,0,0,0,3,slightly_injured
2020,9,Fri,6,52.51131554,13.41419241,morning,10,daylight,0,dry,0,3,6,1,1,0,0,0,0,2,seriously_injured
2020,9,Mon,2,52.56014264,13.33502956,morning,10,daylight,0,dry,0,2,2,0,1,0,0,0,1,3,slightly_injured
2020,9,Thu,5,52.52941797,13.56557971,afternoon,12,daylight,0,dry,0,3,6,0,1,0,0,0,1,3,slightly_injured
2020,9,Fri,6,52.53942682,13.61980083,afternoon,15,daylight,0,dry,0,2,2,0,1,0,0,0,0,3,slightly_injured
2020,9,Mon,2,52.55933887,13.56105834,afternoon,14,daylight,0,dry,0,6,4,0,1,1,0,0,0,3,slightly_injured
2020,9,Thu,5,52.52740477,13.45063775,afternoon,13,daylight,0,dry,0,6,2,0,1,1,0,0,0,3,slightly_injured
2020,9,Tue,3,52.52012427,13.16243577,morning,8,daylight,0,dry,0,5,3,0,1,0,0,0,0,3,slightly_injured
2020,9,Thu,5,52.53968075,13.17644739,afternoon,17,daylight,0,dry,0,2,6,1,1,0,0,0,0,3,slightly_injured
2020,9,Sun,1,52.42886606,13.25628834,afternoon,17,daylight,0,dry,0,5,3,0,1,0,1,0,0,3,slightly_injured
2020,9,Tue,3,52.51790571,13.34204317,morning,10,daylight,0,dry,0,5,2,0,1,0,0,0,0,3,slightly_injured
2020,9,Sat,7,52.52563684,13.30597854,afternoon,14,daylight,0,dry,0,5,2,1,1,0,0,0,0,3,slightly_injured
2020,9,Tue,3,52.55316603,13.34340052,morning,8,daylight,0,dry,0,6,6,1,0,1,0,0,0,3,slightly_injured
2020,9,Fri,6,52.47702332,13.42638607,morning,10,daylight,0,dry,0,3,6,1,1,0,0,0,0,3,slightly_injured
2020,9,Tue,3,52.53873991,13.20069402,morning,6,daylight,0,dry,0,0,2,0,1,0,0,0,1,3,slightly_injured
2020,9,Mon,2,52.4263639,13.54654619,morning,8,daylight,0,dry,0,5,2,1,1,0,0,0,0,3,slightly_injured
2020,9,Tue,3,52.51504997,13.47252413,night,2,dark,2,dry,0,0,1,0,0,0,0,0,1,2,seriously_injured
2020,9,Sun,1,52.47425767,13.30818523,afternoon,12,daylight,0,dry,0,6,7,0,1,1,0,0,0,3,slightly_injured
2020,9,Thu,5,52.5023304,13.45698657,morning,8,daylight,0,dry,0,8,1,0,0,0,1,0,0,3,slightly_injured
2020,9,Tue,3,52.44684986,13.62430937,evening,18,daylight,0,dry,0,5,2,1,1,0,0,0,0,3,slightly_injured
2020,9,Tue,3,52.49337017,13.367596,evening,20,dusk,1,dry,0,3,6,0,1,0,1,0,0,2,seriously_injured
2020,9,Sun,1,52.56596787,13.32004008,afternoon,13,daylight,0,dry,0,3,6,0,1,0,0,0,1,3,slightly_injured
2020,9,Tue,3,52.58961122,13.34589709,afternoon,12,daylight,0,dry,0,0,1,0,0,0,1,0,0,3,slightly_injured
2020,9,Fri,6,52.44201651,13.56970364,afternoon,16,daylight,0,dry,0,5,2,1,1,0,0,0,0,3,slightly_injured
2020,9,Mon,2,52.50868263,13.4346492,evening,18,daylight,0,dry,0,5,3,0,1,0,0,0,1,3,slightly_injured
2020,9,Fri,6,52.52306578,13.47975122,night,3,dark,2,dry,0,0,1,1,0,0,0,0,0,3,slightly_injured
2020,9,Tue,3,52.51712209,13.30725689,evening,20,dusk,1,dry,0,6,4,1,0,1,0,0,0,3,slightly_injured
2020,9,Mon,2,52.52257986,13.330092,morning,10,daylight,0,dry,0,5,3,1,1,0,0,0,0,3,slightly_injured
2020,9,Tue,3,52.51484094,13.42846177,evening,18,daylight,0,dry,0,0,1,0,0,0,1,0,0,3,slightly_injured
2020,9,Sun,1,52.526779,13.33044401,night,0,dark,2,dry,0,0,5,0,1,0,0,0,1,3,slightly_injured
2020,9,Tue,3,52.55399506,13.37708685,afternoon,16,daylight,0,dry,0,5,3,0,1,0,0,0,0,3,slightly_injured
2020,9,Fri,6,52.49813718,13.29754687,afternoon,17,daylight,0,dry,0,2,7,0,1,0,0,0,0,3,slightly_injured
2020,9,Mon,2,52.49852176,13.3956833,afternoon,16,daylight,0,dry,0,2,6,0,1,0,0,0,0,3,slightly_injured
2020,9,Thu,5,52.53585818,13.52205644,afternoon,16,daylight,0,dry,0,5,2,1,1,0,0,0,0,2,seriously_injured
2020,9,Tue,3,52.45131144,13.33526087,evening,18,daylight,0,dry,0,5,3,1,0,0,0,0,0,3,slightly_injured
2020,9,Fri,6,52.51814108,13.38042925,evening,21,dark,2,dry,0,0,2,1,0,0,1,0,0,3,slightly_injured
2020,9,Mon,2,52.50680107,13.42319646,afternoon,16,daylight,0,dry,0,5,3,1,1,0,0,0,0,3,slightly_injured
2020,9,Fri,6,52.50003066,13.40787261,night,1,dark,2,dry,0,5,2,0,1,0,1,0,0,3,slightly_injured
2020,9,Tue,3,52.56694048,13.31645409,night,0,dark,2,dry,0,5,2,0,0,0,0,0,1,3,slightly_injured
2020,9,Mon,2,52.55116515,13.16538035,afternoon,13,daylight,0,dry,0,5,3,0,1,0,0,0,0,3,slightly_injured
2020,9,Tue,3,52.50744677,13.42798723,afternoon,17,daylight,0,dry,0,3,6,1,0,0,0,0,0,3,slightly_injured
2020,9,Sat,7,52.42440961,13.57520752,evening,23,dark,2,dry,0,5,2,1,1,0,0,0,0,2,seriously_injured
2020,9,Thu,5,52.5063603,13.28048857,morning,8,daylight,0,dry,0,2,6,0,1,0,1,0,0,2,seriously_injured
2020,9,Mon,2,52.50636984,13.35676366,evening,23,dark,2,dry,0,2,6,0,1,0,0,1,0,3,slightly_injured
2020,9,Fri,6,52.44674247,13.5752033,afternoon,13,daylight,0,dry,0,2,7,1,0,0,0,0,1,3,slightly_injured
2020,9,Mon,2,52.51184393,13.38664992,afternoon,15,daylight,0,dry,0,2,2,1,1,0,0,0,0,3,slightly_injured
2020,9,Thu,5,52.51210163,13.20092095,afternoon,15,daylight,0,dry,0,0,2,1,1,0,0,0,0,3,slightly_injured
2020,9,Tue,3,52.60895277,13.48074479,afternoon,17,daylight,0,dry,0,2,6,0,1,0,0,0,0,3,slightly_injured
2020,9,Thu,5,52.56056258,13.32181125,afternoon,16,daylight,0,dry,0,5,2,0,1,0,0,0,0,2,seriously_injured
2020,9,Sun,1,52.45879307,13.47882981,evening,20,dark,2,dry,0,2,6,0,1,0,0,1,0,3,slightly_injured
2020,9,Tue,3,52.53617217,13.47374092,morning,9,daylight,0,dry,0,6,2,0,1,1,0,0,0,3,slightly_injured
2020,9,Sat,7,52.49551812,13.29784772,afternoon,15,daylight,0,dry,0,5,7,0,1,0,1,0,0,2,seriously_injured
2020,9,Thu,5,52.56528317,13.54015721,afternoon,16,daylight,0,dry,0,5,2,1,1,0,0,0,0,3,slightly_injured
2020,9,Sun,1,52.55778006,13.36238973,afternoon,13,daylight,0,dry,0,5,2,0,1,0,1,0,0,3,slightly_injured
2020,9,Sat,7,52.49932717,13.43200863,evening,18,daylight,0,dry,0,5,3,0,1,0,0,0,1,3,slightly_injured
2020,9,Mon,2,52.51118607,13.37160151,evening,22,dark,2,dry,0,3,6,0,1,0,1,0,0,3,slightly_injured
2020,9,Fri,6,52.53861743,13.37241321,morning,11,daylight,0,dry,0,5,7,1,1,0,0,0,0,3,slightly_injured
2020,9,Mon,2,52.48031065,13.28670746,morning,7,daylight,0,dry,0,1,7,1,1,0,0,0,0,3,slightly_injured
2020,9,Thu,5,52.50873928,13.28199884,morning,10,daylight,0,dry,0,5,2,1,1,0,0,0,0,3,slightly_injured
2020,9,Tue,3,52.57212682,13.50168847,afternoon,16,daylight,0,dry,0,2,6,0,1,0,0,0,0,3,slightly_injured
2020,9,Wed,4,52.52712959,13.33547673,evening,18,daylight,0,dry,0,2,7,1,1,0,0,0,0,3,slightly_injured
2020,9,Sun,1,52.50006419,13.32488177,afternoon,15,daylight,0,dry,0,5,2,1,1,0,0,0,0,3,slightly_injured
2020,9,Tue,3,52.51829172,13.27973341,afternoon,12,daylight,0,dry,0,2,6,0,1,0,1,0,0,3,slightly_injured
2020,9,Sat,7,52.44878869,13.51177717,morning,10,daylight,0,dry,0,5,2,1,1,0,0,0,0,3,slightly_injured
2020,9,Fri,6,52.51216174,13.39157629,afternoon,14,daylight,0,dry,0,5,3,1,1,0,0,0,0,3,slightly_injured
2020,9,Tue,3,52.43532149,13.5412926,afternoon,16,daylight,0,dry,0,5,2,1,1,0,0,0,0,3,slightly_injured
2020,9,Tue,3,52.60265911,13.36807509,afternoon,15,daylight,0,dry,0,7,7,0,0,0,1,0,0,3,slightly_injured
2020,9,Fri,6,52.41855965,13.35194228,morning,11,daylight,0,dry,0,5,3,0,1,0,0,0,0,3,slightly_injured
2020,9,Tue,3,52.56605298,13.55502513,afternoon,15,daylight,0,dry,0,2,6,0,1,0,0,0,0,3,slightly_injured
2020,9,Mon,2,52.59096947,13.37705508,morning,9,daylight,0,dry,0,1,5,0,1,0,1,0,0,3,slightly_injured
2020,9,Thu,5,52.46041316,13.32402307,morning,11,daylight,0,dry,0,5,2,1,1,0,0,0,0,3,slightly_injured
2020,9,Tue,3,52.53956032,13.35536118,night,2,dark,2,dry,0,1,5,0,1,0,0,0,1,3,slightly_injured
2020,9,Sun,1,52.44009725,13.23608367,afternoon,13,daylight,0,dry,0,6,4,1,0,1,0,0,0,3,slightly_injured
2020,9,Tue,3,52.48047375,13.3127972,afternoon,13,daylight,0,dry,0,5,2,0,1,0,1,0,0,2,seriously_injured
2020,9,Fri,6,52.42361208,13.55893645,morning,10,daylight,0,dry,0,5,3,1,1,0,0,0,0,3,slightly_injured
2020,9,Mon,2,52.48393442,13.33304352,afternoon,17,daylight,0,dry,0,5,3,1,1,0,0,0,0,3,slightly_injured
2020,9,Fri,6,52.50307867,13.61433085,afternoon,14,daylight,0,dry,0,5,3,0,1,0,1,0,0,3,slightly_injured
2020,9,Mon,2,52.50828148,13.37763051,evening,18,daylight,0,dry,0,4,6,1,0,0,0,0,1,3,slightly_injured
2020,9,Mon,2,52.49832752,13.40667614,afternoon,14,daylight,0,dry,0,5,7,0,1,0,0,0,1,3,slightly_injured
2020,9,Mon,2,52.52699902,13.21607265,afternoon,17,daylight,0,dry,0,5,2,0,1,0,0,0,1,3,slightly_injured
2020,9,Sat,7,52.51489767,13.18842788,afternoon,12,daylight,0,dry,0,2,6,0,1,0,0,0,1,3,slightly_injured
2020,9,Mon,2,52.60074694,13.28184359,morning,7,daylight,0,dry,0,0,7,0,1,0,0,0,0,3,slightly_injured
2020,9,Mon,2,52.50282339,13.43859906,afternoon,16,daylight,0,dry,0,1,5,1,1,0,0,0,0,3,slightly_injured
2020,9,Sun,1,52.51471819,13.26719829,morning,11,daylight,0,dry,0,0,7,1,0,0,0,0,0,2,seriously_injured
2020,9,Tue,3,52.45267626,13.45293848,afternoon,17,daylight,0,dry,0,2,6,0,0,0,1,0,1,3,slightly_injured
2020,9,Fri,6,52.48406732,13.43514387,evening,18,daylight,0,dry,0,2,6,0,1,0,1,0,0,3,slightly_injured
2020,9,Mon,2,52.52310078,13.42950089,afternoon,17,daylight,0,dry,0,5,2,1,1,0,0,0,0,3,slightly_injured
2020,9,Thu,5,52.52696036,13.21685317,afternoon,15,daylight,0,dry,0,0,1,1,0,0,0,0,0,3,slightly_injured
2020,9,Mon,2,52.54794322,13.46746443,afternoon,17,daylight,0,dry,0,5,3,1,1,0,0,0,0,3,slightly_injured
2020,9,Mon,2,52.58295583,13.37458302,afternoon,13,daylight,0,dry,0,6,4,0,1,1,0,0,0,2,seriously_injured
2020,9,Mon,2,52.48304997,13.33325292,afternoon,17,daylight,0,dry,0,5,2,1,1,0,0,0,0,3,slightly_injured
2020,9,Sat,7,52.51757905,13.29379556,evening,20,dusk,1,dry,0,6,6,0,1,1,0,0,0,3,slightly_injured
2020,9,Mon,2,52.48667705,13.35765349,evening,18,dusk,1,dry,0,2,6,0,1,0,0,0,0,3,slightly_injured
2020,9,Fri,6,52.48885695,13.40543568,afternoon,12,daylight,0,dry,0,5,2,1,1,0,0,0,0,3,slightly_injured
2020,9,Mon,2,52.59947248,13.30088172,afternoon,14,daylight,0,dry,0,0,1,1,1,0,0,0,0,3,slightly_injured
2020,9,Tue,3,52.47633982,13.46462383,afternoon,15,daylight,0,dry,0,6,7,0,0,1,0,0,1,3,slightly_injured
2020,9,Fri,6,52.47640689,13.36229052,afternoon,13,daylight,0,dry,0,5,2,0,1,0,1,0,0,3,slightly_injured
2020,9,Mon,2,52.59542287,13.3328558,afternoon,15,daylight,0,dry,0,0,4,0,0,1,0,0,1,2,seriously_injured
2020,9,Thu,5,52.52279025,13.46405129,afternoon,15,daylight,0,dry,0,6,4,1,0,1,0,0,0,2,seriously_injured
2020,9,Mon,2,52.47529548,13.36024151,afternoon,17,daylight,0,dry,0,0,6,0,1,0,1,0,0,2,seriously_injured
2020,9,Wed,4,52.50996571,13.38421291,evening,18,daylight,0,dry,0,5,2,1,0,0,0,0,1,3,slightly_injured
2020,9,Sun,1,52.49903451,13.42137854,afternoon,13,daylight,0,dry,0,3,6,1,0,0,0,0,0,3,slightly_injured
2020,9,Thu,5,52.51381771,13.45474285,morning,6,dusk,1,wet,1,0,1,0,0,0,1,0,0,3,slightly_injured
2020,9,Sat,7,52.45239028,13.40769809,afternoon,15,daylight,0,dry,0,2,6,0,1,0,0,0,0,3,slightly_injured
2020,9,Thu,5,52.54317855,13.42590562,night,0,dark,2,wet,1,1,5,1,1,0,0,0,0,3,slightly_injured
2020,9,Fri,6,52.47715397,13.36342444,afternoon,14,daylight,0,dry,0,6,7,1,0,1,0,0,0,3,slightly_injured
2020,9,Mon,2,52.54196115,13.33570827,morning,10,daylight,0,dry,0,2,7,0,1,0,0,0,0,3,slightly_injured
2020,9,Thu,5,52.54645947,13.39966771,afternoon,12,daylight,0,dry,0,1,5,1,1,0,0,0,0,3,slightly_injured
2020,9,Mon,2,52.48051353,13.37917949,afternoon,17,daylight,0,dry,0,5,3,0,1,0,0,0,1,3,slightly_injured
2020,9,Sun,1,52.57500162,13.55833937,afternoon,14,daylight,0,dry,0,8,1,1,0,0,0,0,0,3,slightly_injured
2020,9,Sun,1,52.51777916,13.3707944,evening,18,daylight,0,dry,0,5,2,0,1,0,1,0,0,3,slightly_injured
2020,9,Wed,4,52.51064275,13.45227722,evening,19,dusk,1,dry,0,0,1,1,1,0,0,0,0,3,slightly_injured
2020,9,Sun,1,52.47754922,13.47866932,morning,9,daylight,0,dry,0,5,2,0,1,0,0,0,0,3,slightly_injured
2020,9,Sun,1,52.54259795,13.39945181,afternoon,17,daylight,0,dry,0,7,7,0,0,0,1,0,0,3,slightly_injured
2020,9,Mon,2,52.47193538,13.12301037,morning,11,daylight,0,dry,0,5,3,0,1,0,0,0,1,3,slightly_injured
2020,9,Sun,1,52.44661087,13.55962394,afternoon,17,daylight,0,dry,0,2,7,0,1,0,1,0,0,3,slightly_injured
2020,9,Wed,4,52.53538832,13.40469826,evening,18,daylight,0,dry,0,0,5,1,1,0,0,0,0,3,slightly_injured
2020,9,Sun,1,52.58750981,13.32373872,afternoon,17,daylight,0,dry,0,5,2,1,1,0,0,0,0,3,slightly_injured
2020,9,Wed,4,52.54300773,13.43391612,afternoon,15,daylight,0,dry,0,3,6,0,0,0,1,0,0,3,slightly_injured
2020,9,Sun,1,52.42730196,13.27173792,afternoon,17,daylight,0,dry,0,5,3,0,1,0,0,0,0,3,slightly_injured
2020,9,Wed,4,52.56212011,13.35541819,night,3,dark,2,dry,0,1,5,0,1,0,0,0,0,3,slightly_injured
2020,9,Sat,7,52.43897587,13.32556636,afternoon,17,daylight,0,dry,0,3,6,1,1,0,0,0,0,3,slightly_injured
2020,9,Mon,2,52.59631052,13.29383243,afternoon,15,daylight,0,dry,0,2,6,0,1,0,1,0,0,3,slightly_injured