ujahr,umonat,weekday,uwochentag,long,lat,time_of_day,ustunde,light_condition,ulichtverh,street_condition,ustrzustand,uart,utyp1,ist_rad,ist_pkw,ist_fuss,ist_krad,ist_gkfz,ist_sonstige,ukategorie,accident_outcome
2020,9,Sat,7,52.52567002,13.41820512,evening,23,dark,2,dry,0,8,1,1,0,0,0,0,0,3,slightly_injured
2020,9,Sat,7,52.5616564,13.32611813,evening,22,dark,2,dry,0,3,6,0,1,0,0,0,0,3,slightly_injured
2020,9,Mon,2,52.53412078,13.55686658,afternoon,15,daylight,0,dry,0,0,1,0,0,0,1,0,0,3,slightly_injured
2020,9,Sat,7,52.60386845,13.34967321,evening,19,dark,2,dry,0,0,1,1,1,0,0,0,0,3,slightly_injured
2020,9,Sat,7,52.50790505,13.30040925,evening,18,daylight,0,dry,0,5,3,1,0,0,0,0,0,3,slightly_injured
2020,9,Sat,7,52.50156599,13.41826295,afternoon,17,daylight,0,dry,0,2,6,1,1,0,0,0,0,3,slightly_injured
2020,9,Wed,4,52.52623804,13.34316297,morning,9,daylight,0,dry,0,5,2,0,1,0,1,0,0,3,slightly_injured
2020,9,Sat,7,52.57344535,13.42210628,afternoon,17,daylight,0,dry,0,5,3,0,1,0,0,0,0,3,slightly_injured
2020,9,Wed,4,52.53997649,13.28107008,morning,8,daylight,0,dry,0,1,5,0,1,0,0,0,0,3,slightly_injured
2020,9,Sat,7,52.48892418,13.40763226,afternoon,15,daylight,0,dry,0,5,2,1,1,0,0,0,0,3,slightly_injured
2020,9,Mon,2,52.46807267,13.5048923,afternoon,14,daylight,0,dry,0,5,3,0,1,0,0,0,0,3,slightly_injured
2020,9,Sat,7,52.56790371,13.31159999,afternoon,15,daylight,0,dry,0,2,6,0,1,0,0,0,0,3,slightly_injured
2020,9,Sat,7,52.5649765,13.32450525,afternoon,14,daylight,0,dry,0,1,5,1,1,0,0,0,0,3,slightly_injured
2020,9,Sat,7,52.5305112,13.38312431,afternoon,13,daylight,0,dry,0,6,4,1,0,1,0,0,0,3,slightly_injured
2020,9,Wed,4,52.58218627,13.39261872,morning,8,daylight,0,dry,0,5,3,0,1,0,0,0,0,3,slightly_injured
2020,9,Sun,1,52.59141033,13.28315975,afternoon,13,daylight,0,dry,0,2,7,1,0,0,0,0,0,3,slightly_injured
2020,9,Sat,7,52.51789627,13.34196462,afternoon,13,daylight,0,dry,0,5,3,0,1,0,0,0,1,3,slightly_injured
2020,9,Mon,2,52.58157298,13.40507743,morning,7,daylight,0,dry,0,0,6,1,0,0,0,0,1,3,slightly_injured
2020,9,Wed,4,52.59662669,13.35489408,morning,8,daylight,0,dry,0,0,3,0,1,0,0,0,1,3,slightly_injured
2020,9,Sat,7,52.59395142,13.46179013,morning,11,daylight,0,dry,0,2,6,0,1,0,1,0,0,3,slightly_injured
2020,9,Wed,4,52.51255233,13.41723356,morning,8,daylight,0,dry,0,6,4,1,0,1,0,0,0,2,seriously_injured
2020,9,Sat,7,52.60465522,13.32653152,morning,11,daylight,0,dry,0,8,1,0,0,0,1,0,0,3,slightly_injured
2020,9,Tue,3,52.56950081,13.56851339,morning,6,daylight,0,dry,0,5,2,0,1,0,0,0,0,3,slightly_injured
2020,9,Wed,4,52.53210878,13.21233593,morning,8,daylight,0,dry,0,5,5,0,1,0,1,0,0,3,slightly_injured
2020,9,Sat,7,52.53652308,13.41589287,morning,11,daylight,0,dry,0,5,2,1,1,0,0,0,0,2,seriously_injured
2020,9,Mon,2,52.51469544,13.39111974,afternoon,13,daylight,0,dry,0,2,6,1,1,0,0,0,0,3,slightly_injured
2020,9,Sat,7,52.49625403,13.42770468,morning,10,daylight,0,dry,0,5,3,1,1,0,0,0,0,3,slightly_injured
2020,9,Sat,7,52.53786063,13.39995682,morning,10,daylight,0,dry,0,5,3,0,1,0,0,0,0,3,slightly_injured
2020,9,Sat,7,52.54449152,13.49866634,morning,9,daylight,0,dry,0,5,3,0,1,0,0,0,0,3,slightly_injured
2020,9,Wed,4,52.48758968,13.41928649,morning,8,daylight,0,dry,0,5,3,1,1,0,0,0,0,3,slightly_injured
2020,9,Sun,1,52.52473835,13.40318461,afternoon,13,daylight,0,dry,0,1,7,0,1,0,1,0,0,3,slightly_injured
2020,9,Sat,7,52.48572192,13.33828136,night,3,dark,2,dry,0,0,1,0,0,0,0,0,1,3,slightly_injured
2020,9,Mon,2,52.54981704,13.19115778,afternoon,12,daylight,0,dry,0,5,3,0,1,0,0,0,0,3,slightly_injured
2020,9,Sat,7,52.53955332,13.20205493,evening,23,dark,2,dry,0,0,6,0,1,0,0,0,1,3,slightly_injured
2020,9,Wed,4,52.43776555,13.34450247,morning,7,daylight,0,dry,0,5,2,1,1,0,0,0,0,2,seriously_injured
2020,9,Fri,6,52.43919794,13.33340178,morning,8,daylight,0,dry,0,1,5,1,1,0,0,0,0,3,slightly_injured
2020,9,Fri,6,52.56051543,13.32191449,afternoon,16,daylight,0,dry,0,5,2,0,1,0,0,0,0,3,slightly_injured
2020,9,Mon,2,52.51172096,13.29722826,evening,18,daylight,0,dry,0,5,2,1,1,0,0,0,0,3,slightly_injured
2020,9,Fri,6,52.44557056,13.33712832,afternoon,16,daylight,0,dry,0,5,3,1,1,0,0,0,0,3,slightly_injured
2020,9,Fri,6,52.55211971,13.42426672,evening,20,dark,2,dry,0,0,1,1,0,0,0,0,0,2,seriously_injured
2020,9,Fri,6,52.50788105,13.4187702,evening,18,dusk,1,dry,0,6,4,1,0,1,0,0,0,3,slightly_injured
2020,9,Wed,4,52.49260063,13.37092847,morning,6,daylight,0,dry,0,5,3,1,1,0,0,0,0,3,slightly_injured
2020,9,Sun,1,52.55325481,13.35293519,afternoon,12,daylight,0,dry,0,5,3,0,1,0,0,0,0,3,slightly_injured
2020,9,Fri,6,52.555456,13.43886336,morning,10,daylight,0,dry,0,5,2,1,1,0,0,0,0,2,seriously_injured
2020,9,Mon,2,52.42406775,13.18433132,afternoon,12,daylight,0,dry,0,0,1,1,0,0,0,0,0,2,seriously_injured
2020,9,Fri,6,52.43496216,13.54029417,morning,9,daylight,0,dry,0,6,4,0,0,1,0,1,0,3,slightly_injured
2020,9,Wed,4,52.45934604,13.40163895,night,4,dark,2,dry,0,8,7,0,1,0,0,0,0,3,slightly_injured
2020,9,Fri,6,52.4018658,13.57395122,morning,8,daylight,0,dry,0,5,3,1,1,0,0,0,0,3,slightly_injured
2020,9,Wed,4,52.56978739,13.30006829,afternoon,14,daylight,0,dry,0,5,3,1,0,0,0,0,0,3,slightly_injured
2020,9,Fri,6,52.4993734,13.42642976,morning,8,daylight,0,dry,0,5,3,1,1,0,0,0,0,3,slightly_injured
2020,9,Wed,4,52.52719813,13.45079565,afternoon,13,daylight,0,dry,0,5,2,0,1,0,0,0,1,3,slightly_injured
2020,9,Wed,4,52.44624098,13.55350714,afternoon,13,daylight,0,dry,0,2,3,0,1,0,0,1,0,3,slightly_injured
2020,9,Fri,6,52.46056565,13.49419163,morning,7,daylight,0,dry,0,0,1,1,0,0,0,0,0,3,slightly_injured
2020,9,Fri,6,52.53601832,13.19274875,morning,7,daylight,0,dry,0,5,5,0,1,0,1,0,0,3,slightly_injured
2020,9,Wed,4,52.50695281,13.39425865,afternoon,15,daylight,0,dry,0,5,3,1,1,0,0,0,0,2,seriously_injured
2020,9,Fri,6,52.52975809,13.5904128,morning,7,daylight,0,dry,0,0,6,0,1,0,0,0,1,3,slightly_injured
2020,9,Mon,2,52.43396372,13.38308078,afternoon,16,daylight,0,dry,0,5,2,1,1,0,0,0,0,3,slightly_injured
2020,9,Fri,6,52.48501903,13.3783134,morning,8,daylight,0,dry,0,2,6,0,1,0,0,0,0,3,slightly_injured
2020,9,Fri,6,52.5291661,13.19547677,afternoon,17,daylight,0,dry,0,5,2,1,1,0,0,0,0,3,slightly_injured
2020,9,Fri,6,52.62469464,13.31034934,evening,22,dark,2,dry,0,5,3,0,1,0,0,0,0,3,slightly_injured
2020,9,Wed,4,52.50354539,13.30451748,afternoon,13,daylight,0,dry,0,3,6,0,1,0,1,0,0,3,slightly_injured
2020,9,Fri,6,52.49534252,13.42239286,evening,21,dark,2,dry,0,6,4,0,1,1,0,0,0,3,slightly_injured
2020,9,Wed,4,52.4821338,13.32990043,afternoon,13,daylight,0,dry,0,5,2,1,0,0,0,0,0,3,slightly_injured
2020,9,Fri,6,52.54994788,13.56175255,evening,22,dark,2,dry,0,5,3,1,1,0,0,0,0,3,slightly_injured
2020,9,Mon,2,52.44916953,13.36583167,afternoon,14,daylight,0,dry,0,5,2,0,1,0,1,0,0,3,slightly_injured
2020,9,Fri,6,52.56932554,13.52708985,night,1,dark,2,dry,0,8,1,0,1,0,0,0,0,3,slightly_injured
2020,9,Fri,6,52.50006732,13.30845045,evening,18,daylight,0,dry,0,0,5,1,0,0,0,0,1,3,slightly_injured
2020,9,Mon,2,52.52176657,13.1889692,afternoon,15,daylight,0,dry,0,2,6,0,1,0,0,0,0,3,slightly_injured
2020,9,Fri,6,52.52834441,13.20782588,morning,7,daylight,0,dry,0,5,3,1,1,0,0,0,0,2,seriously_injured
2020,9,Fri,6,52.5412883,13.45543422,night,1,dark,2,dry,0,8,1,0,1,0,0,0,0,3,slightly_injured
2020,9,Fri,6,52.5339901,13.41545066,night,0,dark,2,dry,0,0,1,1,0,0,0,0,0,2,seriously_injured
2020,9,Wed,4,52.50225717,13.32421857,afternoon,14,daylight,0,dry,0,3,6,1,1,0,0,0,0,3,slightly_injured
2020,9,Fri,6,52.49143187,13.527303,afternoon,14,daylight,0,dry,0,2,6,0,1,0,0,0,0,2,seriously_injured
2020,9,Tue,3,52.53218693,13.46284434,night,2,dark,2,dry,0,8,1,0,1,0,0,0,0,3,slightly_injured
2020,9,Wed,4,52.57181288,13.42679336,afternoon,12,daylight,0,dry,0,5,2,1,1,0,0,0,0,2,seriously_injured
2020,9,Fri,6,52.48943232,13.34955176,afternoon,13,daylight,0,dry,0,1,5,1,1,0,0,0,1,3,slightly_injured
2020,9,Mon,2,52.49873933,13.4185562,evening,20,dusk,1,dry,0,5,3,1,1,0,0,0,0,3,slightly_injured
2020,9,Fri,6,52.53427855,13.20059567,afternoon,14,daylight,0,dry,0,5,3,0,1,0,1,0,0,3,slightly_injured
2020,9,Fri,6,52.49503303,13.40670568,afternoon,13,daylight,0,dry,0,5,3,1,0,0,0,0,0,3,slightly_injured
2020,9,Fri,6,52.56306712,13.33149908,afternoon,13,daylight,0,dry,0,6,4,0,1,1,0,0,0,2,seriously_injured
2020,9,Wed,4,52.49346188,13.52601003,afternoon,12,daylight,0,dry,0,5,3,1,1,0,0,0,0,2,seriously_injured
2020,9,Sun,1,52.40509364,13.53138381,afternoon,16,daylight,0,dry,0,5,3,0,1,0,1,0,0,2,seriously_injured
2020,9,Fri,6,52.61119603,13.21723959,afternoon,13,daylight,0,dry,0,5,2,1,1,0,0,0,0,2,seriously_injured
2020,9,Fri,6,52.50257511,13.34965975,afternoon,13,daylight,0,dry,0,2,6,0,1,0,0,0,0,3,slightly_injured
2020,9,Fri,6,52.54241081,13.36572026,afternoon,12,daylight,0,dry,0,5,3,1,1,0,0,0,0,3,slightly_injured
2020,9,Wed,4,52.52007803,13.55611112,morning,11,daylight,0,dry,0,5,3,1,1,0,0,0,0,3,slightly_injured
2020,9,Sun,1,52.50963081,13.35111536,afternoon,15,daylight,0,dry,0,5,2,1,1,0,0,0,0,2,seriously_injured
2020,9,Fri,6,52.41014904,13.30496921,afternoon,12,daylight,0,dry,0,5,3,0,1,0,0,0,0,3,slightly_injured
2020,9,Mon,2,52.54094376,13.48663575,afternoon,13,daylight,0,dry,0,0,3,0,1,0,0,0,0,3,slightly_injured
2020,9,Fri,6,52.54653735,13.20236888,afternoon,12,daylight,0,dry,0,6,4,0,1,1,0,0,0,2,seriously_injured
2020,9,Mon,2,52.47077625,13.46325693,afternoon,17,daylight,0,dry,0,5,2,1,1,0,0,0,0,3,slightly_injured
2020,9,Mon,2,52.46235677,13.51440249,afternoon,17,daylight,0,dry,0,2,4,0,1,1,0,0,0,3,slightly_injured
2020,9,Fri,6,52.5163701,13.38091894,morning,11,daylight,0,dry,0,5,2,1,1,0,0,0,0,3,slightly_injured
2020,9,Fri,6,52.55294578,13.36979472,morning,11,daylight,0,dry,0,5,3,0,1,0,1,0,0,3,slightly_injured
2020,9,Fri,6,52.52083929,13.40090489,morning,11,daylight,0,dry,0,5,2,1,0,0,0,0,1,3,slightly_injured
2020,9,Wed,4,52.51566861,13.41808519,morning,6,daylight,0,dry,0,5,2,1,1,0,0,0,0,3,slightly_injured
2020,9,Sun,1,52.51844613,13.17049042,afternoon,13,daylight,0,dry,0,2,6,0,1,0,1,0,0,3,slightly_injured
2020,9,Fri,6,52.62184783,13.30444592,morning,10,daylight,0,dry,0,5,3,0,1,0,0,0,1,2,seriously_injured
2020,9,Mon,2,52.48503473,13.38582718,morning,6,dark,2,dry,0,5,2,1,1,0,0,0,0,3,slightly_injured
2020,9,Mon,2,52.5093862,13.53151358,afternoon,16,daylight,0,dry,0,1,5,0,1,0,0,0,0,2,seriously_injured
2020,9,Fri,6,52.5341706,13.4917368,morning,10,daylight,0,dry,0,5,2,0,1,0,0,0,1,3,slightly_injured
2020,9,Mon,2,52.54525403,13.41246617,afternoon,12,daylight,0,dry,0,0,1,1,0,0,0,0,0,3,slightly_injured
2020,9,Mon,2,52.45936948,13.31386626,afternoon,16,daylight,0,dry,0,1,5,1,1,0,0,0,0,2,seriously_injured
2020,9,Fri,6,52.51528413,13.31355449,afternoon,15,daylight,0,dry,0,5,3,1,1,0,0,0,0,3,slightly_injured
2020,9,Wed,4,52.45788663,13.51136186,afternoon,15,daylight,0,dry,0,6,4,0,1,1,0,0,0,2,seriously_injured
2020,9,Fri,6,52.52965849,13.15930846,afternoon,15,daylight,0,dry,0,5,3,1,1,0,0,0,0,3,slightly_injured
2020,9,Wed,4,52.45619197,13.32372047,afternoon,17,daylight,0,dry,0,0,4,0,0,1,0,0,1,3,slightly_injured
2020,9,Fri,6,52.5451552,13.35713501,afternoon,15,daylight,0,dry,0,5,2,0,1,0,0,0,0,3,slightly_injured
2020,9,Fri,6,52.5736725,13.38184012,afternoon,15,daylight,0,dry,0,0,6,1,0,0,0,0,1,2,seriously_injured
2020,9,Wed,4,52.54817676,13.29663268,afternoon,17,daylight,0,dry,0,5,7,0,1,0,1,0,0,3,slightly_injured
2020,9,Fri,6,52.44735697,13.50050075,afternoon,16,daylight,0,dry,0,2,6,1,1,0,0,0,0,3,slightly_injured
2020,9,Mon,2,52.54304896,13.42623543,afternoon,15,daylight,0,dry,0,5,3,1,1,0,0,0,0,3,slightly_injured
2020,9,Mon,2,52.52438487,13.35095673,evening,23,dark,2,dry,0,5,2,1,0,0,1,0,0,3,slightly_injured
2020,9,Fri,6,52.55030194,13.38535436,afternoon,16,daylight,0,dry,0,3,6,1,0,0,0,0,1,3,slightly_injured
2020,9,Fri,6,52.56209047,13.35387526,afternoon,15,daylight,0,dry,0,5,2,0,1,0,1,0,0,3,slightly_injured
2020,9,Fri,6,52.51448566,13.39115165,afternoon,16,daylight,0,dry,0,1,5,1,1,0,0,0,0,3,slightly_injured
2020,9,Wed,4,52.43683208,13.54503014,afternoon,16,daylight,0,dry,0,5,2,1,1,0,0,0,0,3,slightly_injured
2020,9,Fri,6,52.51824852,13.25828841,afternoon,17,daylight,0,dry,0,2,6,0,1,0,0,0,0,3,slightly_injured
2020,9,Fri,6,52.5012069,13.37110824,afternoon,15,daylight,0,dry,0,5,2,0,1,0,0,0,1,3,slightly_injured
2020,9,Fri,6,52.49552391,13.41969942,afternoon,17,daylight,0,dry,0,5,2,1,0,0,1,0,0,3,slightly_injured
2020,9,Wed,4,52.50791873,13.39418569,afternoon,16,daylight,0,dry,0,0,2,1,1,0,0,0,0,3,slightly_injured
2020,9,Fri,6,52.52321522,13.47946036,afternoon,17,daylight,0,dry,0,5,2,1,1,0,0,0,0,3,slightly_injured
2020,9,Wed,4,52.50175674,13.31992723,afternoon,15,daylight,0,dry,0,5,2,0,1,0,0,0,1,3,slightly_injured
2020,9,Fri,6,52.53313611,13.15868278,afternoon,17,daylight,0,dry,0,5,3,0,1,0,1,0,0,2,seriously_injured
2020,9,Mon,2,52.52364693,13.4005034,afternoon,14,daylight,0,dry,0,6,4,1,0,1,0,0,0,2,seriously_injured
2020,9,Mon,2,52.45158286,13.58355995,morning,9,daylight,0,dry,0,5,3,1,1,0,0,0,0,2,seriously_injured
2020,9,Fri,6,52.52658411,13.33670265,afternoon,14,daylight,0,dry,0,3,6,1,1,0,0,0,0,3,slightly_injured
2020,9,Fri,6,52.52108866,13.32214337,afternoon,14,daylight,0,dry,0,6,4,0,1,1,0,0,0,2,seriously_injured
2020,9,Fri,6,52.51297599,13.40731628,evening,19,dark,2,dry,0,6,7,0,1,1,0,0,0,3,slightly_injured
2020,9,Wed,4,52.52610547,13.45904486,afternoon,15,daylight,0,dry,0,5,2,1,1,0,0,0,0,3,slightly_injured
2020,9,Sun,1,52.5668233,13.31651046,afternoon,12,daylight,0,dry,0,5,2,1,1,0,0,0,0,3,slightly_injured
2020,9,Fri,6,52.49589282,13.28667832,evening,19,daylight,0,dry,0,5,3,1,1,0,0,0,0,3,slightly_injured
2020,9,Mon,2,52.5192298,13.40595243,evening,21,dark,2,dry,0,6,4,0,1,1,0,0,0,2,seriously_injured
2020,9,Tue,3,52.58026967,13.39656902,afternoon,14,daylight,0,dry,0,6,7,1,0,1,0,0,0,3,slightly_injured
2020,9,Fri,6,52.48734149,13.51949653,evening,18,daylight,0,dry,0,5,3,1,1,0,0,0,0,3,slightly_injured
2020,9,Mon,2,52.50078193,13.3637418,evening,19,dusk,1,dry,0,5,3,1,0,0,1,0,0,3,slightly_injured
2020,9,Tue,3,52.54391081,13.34701137,morning,7,daylight,0,dry,0,0,1,0,0,0,1,0,0,2,seriously_injured
2020,9,Tue,3,52.49276495,13.42234319,evening,18,dusk,1,dry,0,2,6,0,1,0,0,0,0,3,slightly_injured
2020,9,Fri,6,52.46880718,13.31983026,morning,8,daylight,0,dry,0,0,3,1,0,0,0,0,0,3,slightly_injured
2020,9,Mon,2,52.52077754,13.58791724,afternoon,13,daylight,0,dry,0,5,2,0,1,0,0,0,0,3,slightly_injured
2020,9,Fri,6,52.52131941,13.379669,evening,18,daylight,0,dry,0,5,3,1,1,0,0,0,0,3,slightly_injured
2020,9,Fri,6,52.51047949,13.40583785,evening,18,daylight,0,dry,0,0,3,1,1,0,0,0,0,3,slightly_injured
2020,9,Fri,6,52.4356671,13.32170953,afternoon,17,daylight,0,dry,0,5,3,0,1,0,1,0,0,2,seriously_injured
2020,9,Tue,3,52.60387609,13.31046117,afternoon,13,daylight,0,dry,0,2,6,1,1,0,0,0,0,3,slightly_injured
2020,9,Sun,1,52.48930867,13.33103068,night,1,dark,2,dry,0,9,1,1,0,0,0,0,0,2,seriously_injured
2020,9,Fri,6,52.45247824,13.1447701,afternoon,17,daylight,0,dry,0,1,5,1,1,0,0,0,0,2,seriously_injured
2020,9,Mon,2,52.44435517,13.56918446,afternoon,12,daylight,0,dry,0,2,6,1,1,0,0,0,0,3,slightly_injured
2020,9,Mon,2,52.51369902,13.33578065,morning,9,daylight,0,dry,0,5,2,1,1,0,0,0,0,3,slightly_injured
2020,9,Thu,5,52.50634232,13.48282131,morning,9,daylight,0,dry,0,0,6,1,0,0,0,0,1,3,slightly_injured
2020,9,Mon,2,52.45569575,13.55437701,morning,9,daylight,0,dry,0,5,2,0,0,0,0,1,1,3,slightly_injured
2020,9,Thu,5,52.54686119,13.31137982,afternoon,12,daylight,0,dry,0,5,3,1,1,0,0,0,0,3,slightly_injured
2020,9,Thu,5,52.51510996,13.55090172,afternoon,15,daylight,0,dry,0,3,6,1,1,0,0,0,0,3,slightly_injured
2020,9,Thu,5,52.50012217,13.41452431,afternoon,15,daylight,0,dry,0,5,3,1,1,0,0,0,0,3,slightly_injured
2020,9,Thu,5,52.58450672,13.42882999,afternoon,17,daylight,0,dry,0,5,3,1,1,0,0,0,0,3,slightly_injured
2020,9,Thu,5,52.54997646,13.46241794,afternoon,13,daylight,0,dry,0,4,5,0,0,0,0,0,1,3,slightly_injured
2020,9,Thu,5,52.48652401,13.42401752,evening,19,dusk,1,dry,0,5,2,1,0,0,0,0,1,3,slightly_injured
2020,9,Tue,3,52.43314083,13.5445093,morning,10,daylight,0,dry,0,0,2,1,1,0,0,0,0,3,slightly_injured
2020,9,Sun,1,52.42054554,13.65565803,evening,23,dark,2,dry,0,8,1,1,0,0,0,0,0,2,seriously_injured
2020,9,Thu,5,52.59019136,13.33209536,evening,23,dark,2,dry,0,1,5,0,1,0,0,0,0,3,slightly_injured
2020,9,Mon,2,52.4678221,13.442969,afternoon,17,daylight,0,dry,0,2,7,0,1,0,0,1,0,3,slightly_injured
2020,9,Thu,5,52.54506056,13.35708407,evening,22,dark,2,dry,0,5,3,0,1,0,0,0,0,3,slightly_injured
2020,9,Tue,3,52.56099331,13.45719298,morning,7,daylight,0,dry,0,5,2,0,1,0,0,0,1,3,slightly_injured
2020,9,Thu,5,52.55376868,13.34160889,evening,21,dark,2,dry,0,0,1,0,0,0,1,0,0,3,slightly_injured
2020,9,Tue,3,52.53900561,13.49021661,morning,7,daylight,0,dry,0,1,6,1,1,0,0,0,0,3,slightly_injured
2020,9,Thu,5,52.4485181,13.55908146,evening,20,dark,2,dry,0,2,6,0,1,0,0,0,0,3,slightly_injured
2020,9,Tue,3,52.48697878,13.18206802,morning,7,daylight,0,dry,0,0,1,0,0,0,1,0,0,3,slightly_injured
2020,9,Thu,5,52.47883351,13.44609321,evening,20,dark,2,dry,0,2,6,0,1,0,0,0,0,3,slightly_injured
2020,9,Mon,2,52.58917631,13.34459351,afternoon,15,daylight,0,dry,0,2,6,0,1,0,0,0,0,3,slightly_injured
2020,9,Mon,2,52.46958191,13.55328761,morning,7,daylight,0,dry,0,5,3,1,1,0,0,0,0,2,seriously_injured
2020,9,Tue,3,52.51349144,13.44054237,morning,7,daylight,0,dry,0,5,3,1,1,0,0,0,0,3,slightly_injured
2020,9,Thu,5,52.47522807,13.29055785,evening,19,dusk,1,dry,0,6,2,0,1,1,0,0,0,3,slightly_injured
2020,9,Mon,2,52.51847611,13.28007213,afternoon,16,daylight,0,dry,0,3,6,0,1,0,1,0,0,3,slightly_injured
2020,9,Thu,5,52.50777016,13.47178602,evening,19,dusk,1,dry,0,5,2,1,1,0,0,0,0,3,slightly_injured
2020,9,Thu,5,52.56527258,13.54007038,evening,18,daylight,0,dry,0,5,2,1,1,0,0,0,0,3,slightly_injured
2020,9,Thu,5,52.55209279,13.41435733,evening,18,daylight,0,dry,0,1,6,1,1,0,0,0,0,3,slightly_injured
2020,9,Tue,3,52.57043807,13.56562399,morning,7,daylight,0,dry,0,5,2,0,1,0,1,0,0,2,seriously_injured
2020,9,Thu,5,52.54619484,13.36925825,afternoon,16,daylight,0,dry,0,5,2,1,1,0,0,0,0,3,slightly_injured
2020,9,Tue,3,52.52531568,13.47924934,morning,7,daylight,0,dry,0,3,6,1,0,0,0,0,0,3,slightly_injured
2020,9,Thu,5,52.47671923,13.36360398,evening,18,daylight,0,dry,0,5,3,0,1,0,1,0,0,3,slightly_injured
2020,9,Mon,2,52.45571701,13.37222948,afternoon,14,daylight,0,dry,0,5,3,1,1,0,0,0,0,3,slightly_injured
2020,9,Thu,5,52.56920634,13.40037011,afternoon,17,daylight,0,dry,0,5,3,0,1,0,1,0,0,3,slightly_injured
2020,9,Thu,5,52.47355407,13.4280662,afternoon,17,daylight,0,dry,0,5,3,1,1,0,0,0,0,3,slightly_injured
2020,9,Thu,5,52.48785156,13.34041202,afternoon,17,daylight,0,dry,0,6,4,1,0,1,0,0,0,3,slightly_injured
2020,9,Tue,3,52.46587695,13.30608077,morning,7,daylight,0,dry,0,5,2,1,1,0,0,0,0,3,slightly_injured
2020,9,Thu,5,52.4959374,13.41551347,afternoon,16,daylight,0,dry,0,2,6,1,1,0,0,0,0,3,slightly_injured
2020,9,Thu,5,52.52819948,13.37869191,afternoon,12,daylight,0,dry,0,5,3,0,1,0,0,0,0,3,slightly_injured
2020,9,Thu,5,52.47333369,13.31442998,morning,11,daylight,0,dry,0,0,6,1,1,0,0,0,0,3,slightly_injured
2020,9,Tue,3,52.51588907,13.42627778,evening,23,dark,2,dry,0,5,2,1,1,0,0,0,0,3,slightly_injured
2020,9,Thu,5,52.49403916,13.40285454,morning,11,daylight,0,dry,0,5,2,1,0,0,0,0,1,3,slightly_injured
2020,9,Tue,3,52.52059777,13.27991659,morning,6,daylight,0,dry,0,5,2,0,1,0,1,0,0,2,seriously_injured
2020,9,Tue,3,52.53244618,13.35066131,evening,23,dark,2,dry,0,5,2,1,1,0,0,0,0,3,slightly_injured
2020,9,Thu,5,52.4928489,13.38743896,morning,11,daylight,0,dry,0,5,3,1,1,0,0,0,0,3,slightly_injured
2020,9,Mon,2,52.51174685,13.46133889,evening,21,dark,2,dry,0,2,7,1,1,0,0,0,0,3,slightly_injured
2020,9,Mon,2,52.53949949,13.40039885,morning,7,daylight,0,dry,0,0,2,1,1,0,0,0,0,3,slightly_injured
2020,9,Thu,5,52.49987827,13.43577576,morning,10,daylight,0,dry,0,5,3,0,1,0,0,0,1,3,slightly_injured
2020,9,Thu,5,52.54850083,13.34787969,morning,10,daylight,0,dry,0,2,3,1,1,0,0,0,0,3,slightly_injured
2020,9,Thu,5,52.45345607,13.272083,morning,10,daylight,0,dry,0,5,2,1,1,0,0,0,0,2,seriously_injured
2020,9,Tue,3,52.4526015,13.4521609,evening,21,dark,2,dry,0,0,2,0,1,0,1,0,0,3,slightly_injured
2020,9,Sun,1,52.53480898,13.19928821,evening,20,dusk,1,dry,0,6,2,0,1,1,0,0,0,3,slightly_injured
2020,9,Thu,5,52.42249638,13.28694437,morning,9,daylight,0,dry,0,5,2,0,1,0,0,0,1,3,slightly_injured
2020,9,Mon,2,52.50470161,13.3569884,afternoon,12,daylight,0,dry,0,6,4,1,0,1,0,0,0,3,slightly_injured
2020,9,Thu,5,52.53923918,13.41042474,morning,8,daylight,0,dry,0,5,2,0,1,0,1,0,0,3,slightly_injured
2020,9,Sun,1,52.5334826,13.37942237,evening,20,dusk,1,dry,0,1,5,0,1,0,0,0,1,3,slightly_injured
2020,9,Thu,5,52.4978923,13.36107569,morning,8,daylight,0,dry,0,1,5,1,1,0,0,0,0,3,slightly_injured
2020,9,Mon,2,52.48643806,13.32274741,evening,19,dusk,1,dry,0,6,2,0,1,1,0,0,0,3,slightly_injured
2020,9,Thu,5,52.53280469,13.19862049,morning,8,daylight,0,dry,0,3,2,0,1,0,1,0,0,3,slightly_injured
2020,9,Mon,2,52.54741344,13.39431822,evening,18,daylight,0,dry,0,5,3,0,1,0,0,0,1,3,slightly_injured
2020,9,Thu,5,52.50629302,13.47009853,afternoon,15,daylight,0,dry,0,0,3,0,1,0,1,0,0,3,slightly_injured
2020,9,Thu,5,52.51225784,13.35059064,afternoon,15,daylight,0,dry,0,2,6,0,1,0,0,0,0,3,slightly_injured
2020,9,Thu,5,52.54167994,13.20555103,afternoon,14,daylight,0,dry,0,5,3,0,1,0,1,0,0,2,seriously_injured
2020,9,Tue,3,52.54799116,13.43866207,evening,18,daylight,0,dry,0,6,4,1,0,1,0,0,0,3,slightly_injured