ujahr,umonat,weekday,uwochentag,long,lat,time_of_day,ustunde,light_condition,ulichtverh,street_condition,ustrzustand,uart,utyp1,ist_rad,ist_pkw,ist_fuss,ist_krad,ist_gkfz,ist_sonstige,ukategorie,accident_outcome
2020,9,Sun,1,52.54750687,13.18459307,evening,18,dusk,1,dry,0,5,2,0,1,0,0,0,0,2,seriously_injured
2020,9,Thu,5,52.5732058,13.229096,afternoon,14,daylight,0,dry,0,5,3,0,1,0,0,0,0,2,seriously_injured
2020,9,Mon,2,52.51825952,13.28036817,morning,11,daylight,0,dry,0,2,2,0,1,0,0,0,0,3,slightly_injured
2020,9,Thu,5,52.61161771,13.23714134,afternoon,14,daylight,0,dry,0,5,3,0,1,0,0,0,0,2,seriously_injured
2020,9,Thu,5,52.49343104,13.30476531,afternoon,14,daylight,0,dry,0,5,2,1,1,0,0,0,0,3,slightly_injured
2020,9,Tue,3,52.4178613,13.33225643,evening,20,dark,2,dry,0,2,6,1,1,0,0,0,0,3,slightly_injured
2020,9,Tue,3,52.5542336,13.35887335,afternoon,14,daylight,0,dry,0,2,6,1,0,0,0,0,0,3,slightly_injured
2020,9,Thu,5,52.45681926,13.32088501,afternoon,13,daylight,0,dry,0,6,2,0,0,1,0,0,1,3,slightly_injured
2020,9,Tue,3,52.41313752,13.40210311,morning,7,daylight,0,dry,0,5,3,1,1,0,0,0,0,3,slightly_injured
2020,9,Thu,5,52.45698429,13.38930879,afternoon,13,daylight,0,dry,0,1,5,0,1,0,0,0,0,3,slightly_injured
2020,9,Thu,5,52.53962644,13.29493386,afternoon,12,daylight,0,dry,0,5,3,0,1,0,0,0,0,2,seriously_injured
2020,9,Tue,3,52.50392947,13.37118123,morning,6,dusk,1,dry,0,5,7,1,1,0,0,0,0,3,slightly_injured
2020,9,Thu,5,52.57703522,13.36098923,afternoon,13,daylight,0,dry,0,5,2,1,0,0,0,1,0,2,seriously_injured
2020,9,Mon,2,52.56338934,13.5048631,afternoon,13,daylight,0,dry,0,6,4,0,1,1,0,0,0,3,slightly_injured
2020,9,Thu,5,52.50958029,13.39203867,morning,8,daylight,0,dry,0,3,2,1,0,0,1,0,0,3,slightly_injured
2020,9,Thu,5,52.52862844,13.40977616,morning,7,daylight,0,dry,0,0,6,0,1,0,1,0,0,3,slightly_injured
2020,9,Thu,5,52.48111078,13.33326966,morning,7,daylight,0,dry,0,2,6,1,1,0,0,0,0,3,slightly_injured
2020,9,Tue,3,52.51573857,13.39079144,morning,6,daylight,0,dry,0,5,3,0,1,0,1,0,0,2,seriously_injured
2020,9,Thu,5,52.50562212,13.51644768,morning,7,daylight,0,dry,0,5,3,0,1,0,0,0,0,3,slightly_injured
2020,9,Tue,3,52.51463401,13.26372065,morning,7,daylight,0,dry,0,5,2,1,1,0,0,0,0,3,slightly_injured
2020,9,Tue,3,52.5912075,13.38503586,night,5,daylight,0,dry,0,2,6,0,1,0,0,0,1,3,slightly_injured
2020,9,Thu,5,52.4257572,13.316803,morning,6,daylight,0,dry,0,2,2,0,1,0,1,0,0,3,slightly_injured
2020,9,Thu,5,52.55383425,13.41506104,morning,6,daylight,0,dry,0,2,6,0,1,0,0,0,0,3,slightly_injured
2020,9,Tue,3,52.49699649,13.45499802,night,0,dark,2,dry,0,8,1,1,0,0,0,0,0,2,seriously_injured
2020,9,Wed,4,52.59138511,13.28656657,afternoon,15,daylight,0,dry,0,2,7,0,1,0,0,0,0,3,slightly_injured
2020,9,Mon,2,52.39932926,13.38219296,afternoon,14,daylight,0,dry,0,2,6,0,1,0,0,0,0,3,slightly_injured
2020,9,Wed,4,52.53874,13.3862471,afternoon,15,daylight,0,dry,0,0,3,1,0,0,0,0,1,3,slightly_injured
2020,9,Wed,4,52.4961343,13.50951004,morning,10,daylight,0,dry,0,6,7,1,0,1,0,0,0,2,seriously_injured
2020,9,Wed,4,52.526834,13.38714754,evening,21,dark,2,dry,0,2,6,0,1,0,0,0,1,3,slightly_injured
2020,9,Tue,3,52.51598071,13.38899772,morning,8,daylight,0,dry,0,1,5,1,0,0,0,0,1,3,slightly_injured
2020,9,Wed,4,52.46738921,13.42131757,afternoon,14,daylight,0,dry,0,4,6,0,0,0,1,0,1,3,slightly_injured
2020,9,Tue,3,52.46059052,13.50334431,night,0,dark,2,dry,0,2,6,0,1,0,1,0,0,3,slightly_injured
2020,9,Tue,3,52.51535903,13.43027202,morning,7,daylight,0,dry,0,5,2,1,1,0,0,0,0,3,slightly_injured
2020,9,Wed,4,52.53236604,13.26687156,morning,8,daylight,0,dry,0,6,7,1,0,1,0,0,0,3,slightly_injured
2020,9,Mon,2,52.50656675,13.30796791,evening,20,dusk,1,dry,0,5,2,0,1,0,0,0,0,3,slightly_injured
2020,9,Wed,4,52.64246198,13.29551446,evening,20,daylight,0,dry,0,7,7,1,0,0,0,0,0,2,seriously_injured
2020,9,Wed,4,52.43710802,13.59630244,morning,11,daylight,0,dry,0,2,6,0,1,0,0,0,0,3,slightly_injured
2020,9,Mon,2,52.56289383,13.36575824,afternoon,14,daylight,0,dry,0,3,6,0,1,0,1,0,0,3,slightly_injured
2020,9,Wed,4,52.62073911,13.2356592,morning,11,daylight,0,dry,0,5,2,0,1,0,1,0,0,3,slightly_injured
2020,9,Wed,4,52.51011342,13.32476033,evening,23,dark,2,dry,0,1,5,0,1,0,0,0,0,3,slightly_injured
2020,9,Wed,4,52.47828009,13.43787704,evening,22,dark,2,dry,0,0,1,1,0,0,0,0,0,3,slightly_injured
2020,9,Tue,3,52.50976583,13.30010137,morning,8,daylight,0,dry,0,5,3,1,1,0,0,0,0,3,slightly_injured
2020,9,Sun,1,52.494042,13.45405621,evening,18,daylight,0,dry,0,2,6,0,1,0,0,0,0,3,slightly_injured
2020,9,Wed,4,52.56316391,13.3297256,evening,22,dark,2,dry,0,5,2,1,1,0,0,0,0,2,seriously_injured
2020,9,Mon,2,52.59450403,13.28445461,afternoon,13,daylight,0,dry,0,3,6,0,1,0,1,0,0,3,slightly_injured
2020,9,Mon,2,52.48152865,13.52546575,morning,7,daylight,0,dry,0,5,2,1,1,0,0,0,0,3,slightly_injured
2020,9,Wed,4,52.52894472,13.4081816,evening,21,dark,2,dry,0,1,5,1,1,0,0,0,0,3,slightly_injured
2020,9,Sun,1,52.52742098,13.41589741,afternoon,16,daylight,0,dry,0,1,5,1,1,0,0,0,0,3,slightly_injured
2020,9,Wed,4,52.50335605,13.33903036,evening,20,dark,2,dry,0,1,5,1,1,0,0,0,0,3,slightly_injured
2020,9,Wed,4,52.49171356,13.32165816,evening,20,dark,2,dry,0,5,2,0,1,0,1,0,0,3,slightly_injured
2020,9,Wed,4,52.49155304,13.32307679,evening,20,dark,2,dry,0,5,3,1,1,0,0,0,0,3,slightly_injured
2020,9,Tue,3,52.50979792,13.51914416,morning,8,daylight,0,dry,0,5,2,1,1,0,0,0,0,3,slightly_injured
2020,9,Mon,2,52.50522156,13.33838414,afternoon,17,daylight,0,dry,0,5,2,1,1,0,0,0,0,3,slightly_injured
2020,9,Wed,4,52.43540188,13.31328308,evening,18,daylight,0,dry,0,5,2,0,1,0,0,0,0,2,seriously_injured
2020,9,Fri,6,52.56317708,13.32970261,night,5,dark,2,wet,1,5,2,1,1,0,0,0,0,3,slightly_injured
2020,9,Wed,4,52.57579121,13.40656321,afternoon,14,daylight,0,dry,0,6,4,1,0,1,0,0,0,2,seriously_injured
2020,9,Mon,2,52.48558128,13.34480605,night,5,dark,2,wet,1,0,1,0,0,0,1,0,0,3,slightly_injured
2020,9,Wed,4,52.5689647,13.32971982,morning,9,daylight,0,dry,0,2,6,0,1,0,1,0,0,3,slightly_injured
2020,9,Thu,5,52.52589957,13.3873247,evening,19,dark,2,dry,0,2,6,1,1,0,0,0,0,3,slightly_injured
2020,9,Sat,7,52.46035625,13.48033859,afternoon,17,daylight,0,wet,1,2,6,0,1,0,0,0,0,2,seriously_injured
2020,9,Tue,3,52.47558889,13.37722897,morning,7,daylight,0,dry,0,5,3,1,1,0,0,0,0,3,slightly_injured
2020,9,Wed,4,52.53412671,13.1921619,morning,10,daylight,0,dry,0,3,6,0,1,0,0,1,0,3,slightly_injured
2020,9,Wed,4,52.59737037,13.36914047,morning,10,daylight,0,dry,0,0,2,1,1,0,0,0,0,3,slightly_injured
2020,9,Fri,6,52.46876366,13.37391713,afternoon,14,daylight,0,wet,1,2,6,0,1,0,0,0,1,3,slightly_injured
2020,9,Mon,2,52.5411181,13.39380564,afternoon,15,daylight,0,dry,0,5,3,0,1,0,1,0,0,3,slightly_injured
2020,9,Wed,4,52.54162341,13.20567006,evening,18,daylight,0,dry,0,5,3,0,1,0,0,0,0,3,slightly_injured
2020,9,Thu,5,52.45009229,13.34701412,morning,6,dusk,1,dry,0,6,2,0,1,1,0,0,0,3,slightly_injured
2020,9,Mon,2,52.42904375,13.59458518,afternoon,17,daylight,0,dry,0,1,5,1,1,0,0,0,0,3,slightly_injured
2020,9,Tue,3,52.55118074,13.38358312,afternoon,17,daylight,0,dry,0,1,5,1,1,0,0,0,0,3,slightly_injured
2020,9,Thu,5,52.54674243,13.45791361,morning,8,daylight,0,dry,0,2,7,1,1,0,0,0,0,3,slightly_injured
2020,9,Sat,7,52.47502833,13.35940517,afternoon,13,daylight,0,wet,1,5,3,0,1,0,0,0,0,3,slightly_injured
2020,9,Tue,3,52.54295919,13.23987967,evening,19,daylight,0,dry,0,2,2,0,1,0,0,0,0,3,slightly_injured
2020,9,Thu,5,52.49207539,13.52701016,afternoon,14,daylight,0,dry,0,0,7,1,0,0,0,1,0,2,seriously_injured
2020,9,Sat,7,52.50113501,13.47593991,morning,10,daylight,0,wet,1,9,1,0,1,0,0,0,0,3,slightly_injured
2020,9,Tue,3,52.52299149,13.4732607,afternoon,12,daylight,0,dry,0,5,3,1,1,0,0,0,0,3,slightly_injured
2020,9,Wed,4,52.55955525,13.35604741,afternoon,17,daylight,0,dry,0,5,3,1,1,0,0,0,0,3,slightly_injured
2020,9,Fri,6,52.4625741,13.15845508,morning,10,daylight,0,wet,1,2,6,0,1,0,0,0,1,3,slightly_injured
2020,9,Mon,2,52.41849633,13.50578613,morning,10,daylight,0,dry,0,5,2,0,1,0,0,0,0,3,slightly_injured
2020,9,Wed,4,52.52494459,13.64506089,afternoon,12,daylight,0,dry,0,0,1,0,0,0,1,0,0,2,seriously_injured
2020,9,Wed,4,52.44895796,13.33876334,morning,9,daylight,0,dry,0,5,2,1,1,0,0,0,0,3,slightly_injured
2020,9,Thu,5,52.58550442,13.40271169,afternoon,17,daylight,0,dry,0,5,3,1,1,0,0,0,0,3,slightly_injured
2020,9,Sun,1,52.43043396,13.31220254,evening,21,dark,2,wet,1,8,1,0,1,0,0,0,0,3,slightly_injured
2020,9,Tue,3,52.46218325,13.43462288,afternoon,16,daylight,0,dry,0,0,6,0,1,0,1,0,0,2,seriously_injured
2020,9,Fri,6,52.46714216,13.55411473,evening,20,dark,2,dry,0,3,6,1,1,0,0,0,0,3,slightly_injured
2020,9,Tue,3,52.5252878,13.44373245,morning,9,daylight,0,dry,0,1,5,1,1,0,0,0,0,3,slightly_injured
2020,9,Wed,4,52.49645399,13.42005857,evening,18,daylight,0,dry,0,5,2,1,1,0,0,0,0,3,slightly_injured
2020,9,Fri,6,52.61060875,13.48219615,morning,8,daylight,0,wet,1,2,6,0,1,0,0,0,0,3,slightly_injured
2020,9,Wed,4,52.4740409,13.29445453,afternoon,14,daylight,0,dry,0,6,4,0,1,1,0,0,0,3,slightly_injured
2020,9,Mon,2,52.50171628,13.31966783,morning,11,daylight,0,dry,0,0,4,0,1,1,0,0,0,3,slightly_injured
2020,9,Wed,4,52.56500984,13.32436919,afternoon,13,daylight,0,dry,0,1,5,1,1,0,0,0,0,2,seriously_injured
2020,9,Wed,4,52.55003083,13.44169272,morning,8,daylight,0,dry,0,5,3,1,1,0,0,0,0,3,slightly_injured
2020,9,Wed,4,52.48123344,13.37460173,afternoon,17,daylight,0,dry,0,5,3,0,1,0,0,0,0,2,seriously_injured
2020,9,Fri,6,52.52225078,13.25715248,morning,8,daylight,0,wet,1,2,6,0,1,0,0,1,1,3,slightly_injured
2020,9,Mon,2,52.5365636,13.40631439,afternoon,14,daylight,0,dry,0,1,5,1,1,0,0,0,0,3,slightly_injured
2020,9,Wed,4,52.42838706,13.47986872,morning,7,daylight,0,dry,0,0,3,0,1,0,1,0,0,3,slightly_injured
2020,9,Wed,4,52.48410913,13.31965984,morning,8,daylight,0,dry,0,1,5,1,1,0,0,0,0,3,slightly_injured
2020,9,Thu,5,52.46371106,13.50859548,afternoon,14,daylight,0,dry,0,5,2,1,1,0,0,0,0,3,slightly_injured
2020,9,Sun,1,52.54061599,13.40444062,afternoon,13,daylight,0,dry,0,0,7,0,1,0,1,0,0,3,slightly_injured
2020,9,Tue,3,52.45172776,13.34988147,morning,10,daylight,0,dry,0,1,5,1,1,0,0,0,0,3,slightly_injured
2020,9,Fri,6,52.45775337,13.5422783,evening,23,dark,2,dry,0,0,1,0,0,0,1,0,0,2,seriously_injured
2020,9,Tue,3,52.50379668,13.41044621,morning,8,daylight,0,dry,0,0,2,1,1,0,0,0,0,3,slightly_injured
2020,9,Wed,4,52.5863733,13.42944969,morning,8,daylight,0,dry,0,4,6,1,0,0,0,0,0,3,slightly_injured
2020,9,Fri,6,52.54592196,13.57134071,night,5,dark,2,wet,1,9,1,0,1,0,0,0,1,3,slightly_injured
2020,9,Wed,4,52.49256694,13.38875137,afternoon,14,daylight,0,dry,0,6,7,0,1,1,0,0,0,3,slightly_injured
2020,9,Mon,2,52.41731996,13.54393486,morning,6,dusk,1,dry,0,1,7,0,1,0,0,0,0,3,slightly_injured
2020,9,Wed,4,52.51649484,13.46079722,afternoon,12,daylight,0,dry,0,5,7,1,1,0,0,0,0,3,slightly_injured
2020,9,Thu,5,52.54051103,13.20417183,afternoon,15,daylight,0,dry,0,3,6,0,1,0,0,0,0,3,slightly_injured
2020,9,Sat,7,52.54855656,13.42622018,evening,20,dark,2,wet,1,5,3,0,1,0,0,0,0,3,slightly_injured
2020,9,Tue,3,52.5330563,13.15833665,morning,8,daylight,0,dry,0,2,6,0,1,0,1,0,0,3,slightly_injured
2020,9,Wed,4,52.57079334,13.47191461,morning,8,daylight,0,dry,0,1,3,1,1,0,0,0,0,3,slightly_injured
2020,9,Thu,5,52.52444613,13.63029337,afternoon,12,daylight,0,dry,0,5,3,1,1,0,0,0,0,3,slightly_injured
2020,9,Sun,1,52.42667382,13.40825964,morning,6,dusk,1,dry,0,1,7,0,1,0,0,0,1,3,slightly_injured
2020,9,Tue,3,52.51009021,13.47384965,afternoon,14,daylight,0,dry,0,6,4,0,1,1,0,0,0,2,seriously_injured
2020,9,Fri,6,52.51114867,13.37134482,evening,18,daylight,0,wet,1,5,2,1,1,0,0,0,0,3,slightly_injured
2020,9,Tue,3,52.53114757,13.41229827,morning,7,daylight,0,dry,0,5,2,1,1,0,0,0,0,3,slightly_injured
2020,9,Wed,4,52.49418264,13.38867884,morning,8,daylight,0,dry,0,5,2,1,1,0,0,0,0,3,slightly_injured
2020,9,Fri,6,52.53955647,13.62640254,afternoon,13,daylight,0,wet,1,0,7,0,0,0,1,0,0,3,slightly_injured
2020,9,Wed,4,52.46278449,13.46738337,afternoon,14,daylight,0,dry,0,5,2,0,1,0,1,1,0,2,seriously_injured
2020,9,Mon,2,52.53288927,13.47611958,night,5,dusk,1,wet,1,2,2,0,1,0,0,0,0,3,slightly_injured
2020,9,Wed,4,52.4872158,13.29908674,morning,9,daylight,0,dry,0,1,7,0,1,0,0,0,0,3,slightly_injured
2020,9,Thu,5,52.39834972,13.41607663,evening,18,dusk,1,dry,0,5,3,0,1,0,0,0,0,3,slightly_injured
2020,9,Sat,7,52.54016654,13.37937199,afternoon,12,daylight,0,wet,1,5,3,1,1,0,0,0,0,3,slightly_injured
2020,9,Tue,3,52.4992448,13.35268547,evening,23,dark,2,dry,0,6,4,1,0,1,0,0,0,2,seriously_injured
2020,9,Wed,4,52.48509298,13.36471561,morning,7,daylight,0,dry,0,3,6,1,1,0,0,0,0,3,slightly_injured
2020,9,Wed,4,52.49713812,13.2913398,morning,7,daylight,0,dry,0,5,3,0,1,0,0,0,0,2,seriously_injured
2020,9,Fri,6,52.5069775,13.39465498,afternoon,14,daylight,0,wet,1,1,5,1,1,0,0,0,0,3,slightly_injured
2020,9,Mon,2,52.52384105,13.38160304,morning,9,daylight,0,dry,0,2,6,1,1,0,0,0,0,3,slightly_injured
2020,9,Wed,4,52.37132157,13.67434993,morning,6,dusk,1,dry,0,7,7,0,0,0,1,0,0,2,seriously_injured
2020,9,Thu,5,52.51956951,13.37196275,afternoon,17,daylight,0,dry,0,5,7,1,1,0,0,0,0,3,slightly_injured
2020,9,Wed,4,52.64369854,13.47948793,afternoon,16,daylight,0,dry,0,5,2,0,1,0,1,0,0,1,killed
2020,9,Fri,6,52.48796075,13.3226357,afternoon,16,daylight,0,dry,0,1,7,0,1,0,0,0,0,3,slightly_injured
2020,9,Mon,2,52.50554915,13.51653696,morning,10,daylight,0,dry,0,5,3,1,1,0,0,0,0,2,seriously_injured
2020,9,Tue,3,52.47528489,13.35974568,morning,7,daylight,0,dry,0,0,2,1,0,0,0,0,1,3,slightly_injured
2020,9,Fri,6,52.44968125,13.3077104,afternoon,12,daylight,0,wet,1,5,3,0,1,0,0,0,0,3,slightly_injured
2020,9,Mon,2,52.55403521,13.43149029,evening,18,daylight,0,dry,0,1,5,1,0,0,0,0,1,3,slightly_injured
2020,9,Tue,3,52.52352043,13.35988864,morning,7,dusk,1,dry,0,2,6,1,0,0,0,0,1,3,slightly_injured
2020,9,Thu,5,52.50549995,13.35219677,afternoon,13,daylight,0,dry,0,5,3,0,1,0,0,0,0,3,slightly_injured
2020,9,Sat,7,52.53704473,13.22159787,morning,8,daylight,0,wet,1,9,1,0,1,0,0,0,0,3,slightly_injured
2020,9,Tue,3,52.47205669,13.31496666,morning,11,daylight,0,dry,0,0,7,1,0,0,0,0,0,2,seriously_injured
2020,9,Tue,3,52.49258507,13.40199482,morning,9,daylight,0,dry,0,5,2,1,1,0,0,0,0,3,slightly_injured
2020,9,Fri,6,52.56207756,13.3514951,morning,9,daylight,0,wet,1,5,2,1,0,0,0,0,1,3,slightly_injured
2020,9,Wed,4,52.46081456,13.52103678,morning,7,daylight,0,dry,0,5,2,1,1,0,0,0,0,3,slightly_injured
2020,9,Tue,3,52.45253175,13.45195771,afternoon,14,daylight,0,dry,0,5,2,1,1,0,0,0,0,3,slightly_injured
2020,9,Thu,5,52.49342721,13.36728254,afternoon,17,daylight,0,dry,0,6,6,1,0,1,0,0,0,3,slightly_injured
2020,9,Sun,1,52.45415635,13.57578915,evening,20,dark,2,wet,1,1,5,0,1,0,0,0,0,3,slightly_injured
2020,9,Tue,3,52.38196853,13.40603186,afternoon,16,daylight,0,dry,0,5,3,0,1,0,0,0,0,3,slightly_injured
2020,9,Sun,1,52.47811749,13.4481258,afternoon,16,daylight,0,dry,0,3,6,1,1,0,0,0,0,3,slightly_injured
2020,9,Tue,3,52.62471133,13.31034431,afternoon,17,daylight,0,dry,0,5,3,0,1,0,0,0,1,3,slightly_injured
2020,9,Thu,5,52.51276575,13.45781905,afternoon,13,daylight,0,dry,0,5,3,0,1,0,1,0,0,3,slightly_injured
2020,9,Sat,7,52.518793,13.28642003,afternoon,13,daylight,0,wet,1,6,4,0,1,1,0,0,0,3,slightly_injured
2020,9,Tue,3,52.47520989,13.52164353,afternoon,16,daylight,0,dry,0,2,3,1,0,0,1,0,0,3,slightly_injured
2020,9,Tue,3,52.43391626,13.31811906,afternoon,17,dusk,1,dry,0,0,5,0,1,0,0,0,0,3,slightly_injured
2020,9,Fri,6,52.50094709,13.38660341,morning,7,daylight,0,wet,1,5,3,0,1,0,1,0,0,3,slightly_injured
2020,9,Mon,2,52.48591096,13.43164501,afternoon,14,daylight,0,dry,0,6,7,0,1,1,0,0,0,3,slightly_injured
2020,9,Wed,4,52.50040821,13.31178811,morning,8,daylight,0,dry,0,5,3,1,0,0,1,0,0,3,slightly_injured
2020,9,Tue,3,52.45804163,13.28851453,afternoon,16,daylight,0,dry,0,5,2,1,1,0,0,0,0,2,seriously_injured
2020,9,Thu,5,52.54099406,13.19723914,afternoon,16,daylight,0,dry,0,6,7,0,1,1,0,0,0,2,seriously_injured
2020,9,Sun,1,52.48920432,13.31067537,afternoon,12,daylight,0,dry,0,5,3,0,1,0,0,0,0,2,seriously_injured
2020,9,Tue,3,52.41155693,13.32078328,afternoon,15,daylight,0,dry,0,3,6,0,1,0,0,1,0,3,slightly_injured
2020,9,Fri,6,52.4936406,13.614672,afternoon,15,daylight,0,wet,1,0,3,1,1,0,0,0,0,2,seriously_injured
2020,9,Tue,3,52.46782598,13.43112515,morning,8,daylight,0,dry,0,5,3,1,1,0,0,0,0,3,slightly_injured
2020,9,Tue,3,52.45494046,13.33235431,afternoon,15,daylight,0,dry,0,3,6,0,1,0,0,0,0,3,slightly_injured
2020,9,Fri,6,52.50552375,13.30310144,night,5,dark,2,wet,1,5,3,1,1,0,0,0,0,3,slightly_injured
2020,9,Wed,4,52.57430792,13.3897306,afternoon,14,daylight,0,dry,0,5,3,0,1,0,0,0,0,3,slightly_injured
2020,9,Fri,6,52.53243679,13.39900144,morning,7,daylight,0,wet,1,0,1,1,0,0,0,0,0,3,slightly_injured
2020,9,Tue,3,52.53575939,13.60133095,morning,9,daylight,0,dry,0,5,2,0,1,0,1,0,0,3,slightly_injured
2020,9,Tue,3,52.48019605,13.28649815,afternoon,15,daylight,0,dry,0,1,5,0,1,0,0,0,0,3,slightly_injured
2020,9,Fri,6,52.46960049,13.55329528,morning,7,dusk,1,wet,1,5,3,0,1,0,1,0,0,2,seriously_injured
2020,9,Wed,4,52.56296434,13.19682226,afternoon,13,daylight,0,dry,0,5,3,1,1,0,0,0,0,3,slightly_injured
2020,9,Mon,2,52.52278839,13.33602572,afternoon,15,daylight,0,dry,0,6,7,1,0,1,0,0,0,3,slightly_injured
2020,9,Wed,4,52.5241718,13.40894564,afternoon,13,daylight,0,dry,0,0,4,0,0,1,1,0,0,3,slightly_injured
2020,9,Thu,5,52.43959072,13.55294184,afternoon,16,daylight,0,dry,0,5,3,0,0,0,1,0,0,3,slightly_injured
2020,9,Sat,7,52.52572468,13.33937581,evening,23,dark,2,wet,1,5,2,1,1,0,0,0,0,3,slightly_injured
2020,9,Tue,3,52.43821133,13.23015336,afternoon,13,daylight,0,dry,0,2,6,0,1,0,0,0,0,3,slightly_injured
2020,9,Thu,5,52.50263989,13.47551781,morning,10,daylight,0,dry,0,3,6,0,1,0,1,0,0,3,slightly_injured
2020,9,Fri,6,52.53602226,13.49542101,afternoon,17,dark,2,wet,1,6,4,0,1,1,0,0,0,3,slightly_injured
2020,9,Mon,2,52.50635011,13.31405449,afternoon,15,daylight,0,dry,0,5,2,1,1,0,0,0,0,3,slightly_injured
2020,9,Tue,3,52.52835523,13.27235307,afternoon,14,daylight,0,dry,0,0,7,1,0,0,0,0,0,2,seriously_injured
2020,9,Fri,6,52.49880501,13.30024659,afternoon,13,daylight,0,wet,1,5,2,0,1,0,0,0,0,3,slightly_injured
2020,9,Wed,4,52.45095368,13.33991223,afternoon,13,daylight,0,dry,0,5,3,1,1,0,0,0,0,3,slightly_injured
2020,9,Mon,2,52.53402266,13.49649848,evening,19,dusk,1,dry,0,5,3,1,1,0,0,0,0,2,seriously_injured
2020,9,Tue,3,52.54532901,13.39289025,afternoon,12,daylight,0,dry,0,5,3,0,1,0,0,0,0,3,slightly_injured
2020,9,Thu,5,52.56142559,13.50034734,morning,10,daylight,0,dry,0,5,3,0,1,0,0,0,0,3,slightly_injured
2020,9,Thu,5,52.39376831,13.4067778,evening,18,daylight,0,dry,0,5,2,0,1,0,0,0,0,2,seriously_injured
2020,9,Sat,7,52.50896871,13.36813436,afternoon,12,daylight,0,wet,1,0,1,0,0,0,0,0,1,3,slightly_injured
2020,9,Tue,3,52.46029858,13.37365582,afternoon,12,daylight,0,dry,0,2,7,0,0,0,1,0,1,3,slightly_injured
2020,9,Mon,2,52.49072083,13.41732433,evening,20,dark,2,dry,0,2,2,0,1,0,0,0,1,3,slightly_injured
2020,9,Wed,4,52.49423039,13.36120643,morning,11,daylight,0,dry,0,0,2,0,1,0,0,0,1,3,slightly_injured
2020,9,Thu,5,52.51735578,13.41822809,morning,9,daylight,0,dry,0,5,2,1,1,0,0,0,0,3,slightly_injured
2020,9,Thu,5,52.55215202,13.43163183,evening,22,dark,2,dry,0,5,3,0,1,0,1,0,0,3,slightly_injured
2020,9,Sat,7,52.47879894,13.32024058,evening,19,dark,2,wet,1,5,2,0,1,0,0,0,0,2,seriously_injured
2020,9,Tue,3,52.52958586,13.40136704,evening,21,dark,2,dry,0,3,6,1,1,0,0,0,0,3,slightly_injured
2020,9,Tue,3,52.39005524,13.41232936,afternoon,14,daylight,0,dry,0,6,2,0,1,1,0,0,0,3,slightly_injured
2020,9,Tue,3,52.54245834,13.44521378,afternoon,13,daylight,0,dry,0,5,3,1,0,0,0,0,1,2,seriously_injured
2020,9,Fri,6,52.50854517,13.34963787,afternoon,12,daylight,0,wet,1,5,3,0,1,0,1,0,0,3,slightly_injured
2020,9,Mon,2,52.64129739,13.28652783,afternoon,16,daylight,0,dry,0,5,3,1,1,0,0,0,0,3,slightly_injured
2020,9,Tue,3,52.42242277,13.46217919,afternoon,14,daylight,0,dry,0,5,3,0,1,0,0,0,0,3,slightly_injured
2020,9,Fri,6,52.53997831,13.33191522,afternoon,12,daylight,0,dry,0,2,6,0,1,0,0,0,0,3,slightly_injured
2020,9,Mon,2,52.53584982,13.37647365,afternoon,17,daylight,0,dry,0,2,6,0,1,0,0,0,1,3,slightly_injured
2020,9,Tue,3,52.49829636,13.40093059,evening,20,dark,2,dry,0,6,4,0,1,1,0,0,0,2,seriously_injured
2020,9,Thu,5,52.47412564,13.47494902,morning,8,daylight,0,dry,0,5,2,0,1,0,0,0,0,3,slightly_injured
2020,9,Thu,5,52.39214181,13.41247231,morning,7,daylight,0,dry,0,5,2,1,1,0,0,0,0,3,slightly_injured
2020,9,Sat,7,52.50492648,13.47280082,afternoon,14,daylight,0,wet,1,5,1,0,1,0,1,0,0,2,seriously_injured
2020,9,Tue,3,52.48211237,13.52540242,morning,9,daylight,0,dry,0,3,6,1,1,0,0,0,0,3,slightly_injured
2020,9,Tue,3,52.51183818,13.38665082,afternoon,14,daylight,0,dry,0,5,3,1,1,0,0,0,0,2,seriously_injured
2020,9,Fri,6,52.51516548,13.35111883,morning,8,daylight,0,wet,1,2,6,0,1,0,0,0,0,3,slightly_injured
2020,9,Tue,3,52.4387094,13.23378131,afternoon,13,daylight,0,dry,0,5,3,0,1,0,0,0,0,3,slightly_injured
2020,9,Fri,6,52.45279653,13.55849187,afternoon,14,daylight,0,wet,1,2,6,0,1,0,0,1,0,3,slightly_injured
2020,9,Mon,2,52.42949203,13.22409543,morning,10,daylight,0,dry,0,5,2,1,1,0,0,0,0,3,slightly_injured
2020,9,Wed,4,52.57169896,13.40862627,afternoon,13,daylight,0,dry,0,1,5,1,1,0,0,0,0,3,slightly_injured
2020,9,Tue,3,52.45294458,13.5935192,afternoon,13,daylight,0,dry,0,5,2,1,1,0,0,0,0,3,slightly_injured