ujahr,umonat,weekday,uwochentag,long,lat,time_of_day,ustunde,light_condition,ulichtverh,street_condition,ustrzustand,uart,utyp1,ist_rad,ist_pkw,ist_fuss,ist_krad,ist_gkfz,ist_sonstige,ukategorie,accident_outcome
2020,9,Thu,5,52.46025504,13.47210285,afternoon,17,daylight,0,dry,0,0,4,1,0,1,0,0,0,3,slightly_injured
2020,9,Sun,1,52.48372501,13.45555922,afternoon,17,daylight,0,dry,0,1,5,1,1,0,0,0,0,2,seriously_injured
2020,9,Tue,3,52.5197205,13.34691496,morning,11,daylight,0,dry,0,1,5,1,1,0,0,0,0,3,slightly_injured
2020,9,Thu,5,52.4176219,13.43815461,morning,8,daylight,0,dry,0,6,4,0,1,1,0,0,0,3,slightly_injured
2020,9,Thu,5,52.49007815,13.38662037,afternoon,12,daylight,0,dry,0,5,2,1,1,0,0,0,0,2,seriously_injured
2020,9,Sat,7,52.45674634,13.58062187,afternoon,12,daylight,0,wet,1,5,2,0,1,0,0,0,0,3,slightly_injured
2020,9,Tue,3,52.50435708,13.33143035,morning,9,daylight,0,wet,1,2,6,0,1,0,1,0,0,3,slightly_injured
2020,9,Tue,3,52.38666231,13.40529045,afternoon,12,daylight,0,dry,0,1,7,0,1,0,0,0,0,3,slightly_injured
2020,9,Fri,6,52.56926852,13.32982821,afternoon,14,daylight,0,wet,1,3,6,0,1,0,0,0,0,3,slightly_injured
2020,9,Wed,4,52.42397604,13.31435179,afternoon,13,daylight,0,dry,0,5,2,0,1,0,1,0,0,3,slightly_injured
2020,9,Mon,2,52.40631058,13.26833649,morning,7,daylight,0,dry,0,6,4,1,0,1,0,0,0,3,slightly_injured
2020,9,Wed,4,52.44455332,13.40694662,afternoon,13,daylight,0,dry,0,5,3,1,1,0,0,0,0,3,slightly_injured
2020,9,Tue,3,52.4826686,13.45415082,afternoon,12,daylight,0,dry,0,5,3,1,1,0,0,0,0,3,slightly_injured
2020,9,Thu,5,52.53871796,13.20819406,evening,22,dark,2,dry,0,1,5,0,1,0,0,0,1,3,slightly_injured
2020,9,Sun,1,52.42319314,13.44248161,morning,6,daylight,0,dry,0,5,2,0,1,0,0,0,0,3,slightly_injured
2020,9,Tue,3,52.53174473,13.34334827,afternoon,14,daylight,0,dry,0,5,2,0,1,0,0,0,0,3,slightly_injured
2020,9,Mon,2,52.50440864,13.5813508,afternoon,15,daylight,0,dry,0,5,3,0,1,0,0,0,0,3,slightly_injured
2020,9,Wed,4,52.52059019,13.5872049,morning,7,daylight,0,dry,0,2,2,1,1,0,0,0,0,3,slightly_injured
2020,9,Tue,3,52.59425446,13.28037797,morning,11,daylight,0,dry,0,5,2,1,1,0,0,0,0,2,seriously_injured
2020,9,Thu,5,52.55005925,13.34224865,afternoon,17,daylight,0,dry,0,5,3,0,1,0,0,0,1,3,slightly_injured
2020,9,Sun,1,52.56020656,13.38748429,afternoon,16,daylight,0,dry,0,6,4,0,1,1,0,0,0,3,slightly_injured
2020,9,Tue,3,52.44563502,13.56347379,afternoon,16,daylight,0,dry,0,5,3,1,1,0,0,0,0,3,slightly_injured
2020,9,Fri,6,52.49671831,13.38472659,evening,23,dark,2,dry,0,5,3,0,1,0,0,0,0,3,slightly_injured
2020,9,Tue,3,52.49443423,13.36106973,morning,8,daylight,0,dry,0,4,6,1,0,0,0,0,0,3,slightly_injured
2020,9,Tue,3,52.52354578,13.35709624,morning,11,daylight,0,dry,0,5,2,1,1,0,0,0,0,3,slightly_injured
2020,9,Fri,6,52.51216158,13.31729952,morning,6,dark,2,wet,1,5,2,1,0,0,0,0,1,3,slightly_injured
2020,9,Wed,4,52.50337787,13.411618,afternoon,17,daylight,0,dry,0,6,7,0,0,1,0,0,1,3,slightly_injured
2020,9,Mon,2,52.49442586,13.36116722,morning,6,daylight,0,dry,0,6,2,0,1,1,0,0,0,3,slightly_injured
2020,9,Wed,4,52.51317442,13.32233901,afternoon,12,daylight,0,dry,0,2,6,0,1,0,0,0,0,3,slightly_injured
2020,9,Wed,4,52.45719771,13.62549999,afternoon,17,daylight,0,dry,0,2,6,0,1,0,0,0,0,3,slightly_injured
2020,9,Thu,5,52.4308065,13.25918156,afternoon,16,daylight,0,dry,0,2,2,1,1,0,0,0,0,3,slightly_injured
2020,9,Sat,7,52.54143966,13.40814901,evening,20,dark,2,wet,1,0,3,0,1,0,1,0,0,3,slightly_injured
2020,9,Tue,3,52.53641541,13.49065809,afternoon,15,daylight,0,dry,0,1,5,0,1,0,0,0,1,2,seriously_injured
2020,9,Wed,4,52.51275789,13.4577648,afternoon,16,daylight,0,dry,0,5,2,1,1,0,0,0,0,2,seriously_injured
2020,9,Fri,6,52.4968695,13.41616057,afternoon,16,daylight,0,dry,0,6,7,0,1,1,0,0,0,3,slightly_injured
2020,9,Mon,2,52.55545553,13.57147461,afternoon,17,daylight,0,dry,0,2,6,0,1,0,1,0,0,2,seriously_injured
2020,9,Fri,6,52.55429152,13.40734094,evening,18,dusk,1,dry,0,9,1,1,0,0,0,0,0,2,seriously_injured
2020,9,Tue,3,52.43926905,13.26263727,morning,7,daylight,0,dry,0,5,3,1,1,0,0,0,0,3,slightly_injured
2020,9,Tue,3,52.43695119,13.44763438,morning,10,daylight,0,dry,0,6,2,0,1,1,0,0,0,2,seriously_injured
2020,9,Fri,6,52.50628088,13.33236379,afternoon,13,daylight,0,wet,1,5,2,0,1,0,1,0,0,3,slightly_injured
2020,9,Wed,4,52.54019568,13.37938317,afternoon,13,daylight,0,dry,0,5,3,0,1,0,0,0,0,3,slightly_injured
2020,9,Mon,2,52.53837541,13.18281273,night,5,dark,2,wet,1,6,7,1,0,1,0,0,0,3,slightly_injured
2020,9,Wed,4,52.51331556,13.44085291,morning,9,daylight,0,dry,0,5,2,1,0,0,1,0,0,3,slightly_injured
2020,9,Thu,5,52.46419645,13.32130139,afternoon,14,daylight,0,dry,0,1,5,1,1,0,0,0,0,3,slightly_injured
2020,9,Sat,7,52.54629626,13.36798167,afternoon,15,daylight,0,wet,1,6,2,0,1,1,0,0,0,3,slightly_injured
2020,9,Tue,3,52.4713593,13.46655904,morning,7,daylight,0,wet,1,3,6,0,0,0,1,1,0,3,slightly_injured
2020,9,Tue,3,52.41145924,13.33775272,morning,10,daylight,0,dry,0,0,1,1,0,0,0,0,0,3,slightly_injured
2020,9,Tue,3,52.52624092,13.34308579,morning,10,daylight,0,dry,0,0,2,0,1,0,0,0,1,3,slightly_injured
2020,9,Fri,6,52.50654194,13.45882062,morning,10,daylight,0,wet,1,5,2,1,1,0,0,0,0,3,slightly_injured
2020,9,Mon,2,52.41220595,13.50508414,afternoon,15,daylight,0,dry,0,5,3,1,1,0,0,0,0,3,slightly_injured
2020,9,Tue,3,52.45251408,13.40779014,morning,9,daylight,0,dry,0,5,2,1,0,0,0,0,1,3,slightly_injured
2020,9,Thu,5,52.51009282,13.37644274,morning,6,dusk,1,dry,0,5,3,1,1,0,0,0,0,3,slightly_injured
2020,9,Sun,1,52.45007447,13.34698009,evening,19,dark,2,wet,1,6,2,0,1,1,0,0,0,3,slightly_injured
2020,9,Tue,3,52.5270142,13.3305009,afternoon,17,daylight,0,dry,0,6,4,1,0,1,0,0,0,3,slightly_injured
2020,9,Wed,4,52.55517033,13.30671947,afternoon,16,daylight,0,dry,0,5,2,1,1,0,0,0,0,3,slightly_injured
2020,9,Thu,5,52.52014442,13.33650062,afternoon,13,daylight,0,dry,0,6,7,1,0,1,0,0,0,2,seriously_injured
2020,9,Tue,3,52.51595899,13.31618931,afternoon,17,daylight,0,dry,0,0,7,1,1,0,0,0,0,3,slightly_injured
2020,9,Fri,6,52.49261944,13.40193931,afternoon,12,daylight,0,wet,1,5,2,1,0,0,0,0,0,3,slightly_injured
2020,9,Mon,2,52.55027533,13.38539894,evening,18,dusk,1,dry,0,2,6,0,1,0,0,0,0,3,slightly_injured
2020,9,Tue,3,52.44378231,13.37569826,evening,18,daylight,0,dry,0,3,6,1,1,0,0,0,0,3,slightly_injured
2020,9,Thu,5,52.55241015,13.42741554,afternoon,14,daylight,0,dry,0,5,3,0,1,0,0,0,1,3,slightly_injured
2020,9,Sat,7,52.44068313,13.57048169,morning,8,daylight,0,wet,1,0,1,0,0,0,1,0,0,3,slightly_injured
2020,9,Tue,3,52.53990046,13.20313931,evening,19,dark,2,dry,0,0,6,0,1,0,1,0,0,3,slightly_injured
2020,9,Tue,3,52.50637833,13.37446124,afternoon,17,daylight,0,dry,0,5,3,0,1,0,0,0,0,3,slightly_injured
2020,9,Fri,6,52.50859815,13.55300855,morning,10,daylight,0,wet,1,2,7,0,1,0,1,0,0,3,slightly_injured
2020,9,Mon,2,52.46848298,13.27811538,morning,8,daylight,0,dry,0,5,3,1,1,0,0,0,0,3,slightly_injured
2020,9,Wed,4,52.43432742,13.53882755,night,0,dark,2,dry,0,9,7,0,1,0,0,0,0,3,slightly_injured
2020,9,Tue,3,52.50327601,13.38771116,afternoon,17,daylight,0,dry,0,5,2,1,1,0,0,0,0,3,slightly_injured
2020,9,Thu,5,52.48540007,13.34805298,afternoon,17,daylight,0,dry,0,5,3,1,0,0,0,0,0,3,slightly_injured
2020,9,Sun,1,52.46140495,13.43489413,evening,21,dark,2,dry,0,2,6,0,1,0,0,0,0,2,seriously_injured
2020,9,Tue,3,52.52344828,13.35969358,afternoon,16,daylight,0,dry,0,5,3,0,1,0,0,0,0,2,seriously_injured
2020,9,Fri,6,52.45506432,13.30002278,morning,9,daylight,0,wet,1,2,6,0,1,0,0,0,0,3,slightly_injured
2020,9,Tue,3,52.48999042,13.40299386,morning,10,daylight,0,dry,0,0,5,1,1,0,0,0,0,3,slightly_injured
2020,9,Tue,3,52.50995471,13.3018854,afternoon,17,daylight,0,dry,0,3,6,0,0,0,0,0,1,3,slightly_injured
2020,9,Sat,7,52.48121823,13.4375418,afternoon,13,daylight,0,wet,1,2,6,1,1,0,0,0,0,3,slightly_injured
2020,9,Tue,3,52.55695127,13.45997075,evening,19,dark,2,dry,0,5,3,1,0,0,1,0,0,2,seriously_injured
2020,9,Tue,3,52.43675796,13.56193585,afternoon,17,daylight,0,dry,0,5,2,1,0,0,1,0,0,3,slightly_injured
2020,9,Fri,6,52.51009258,13.37643871,morning,8,daylight,0,wet,1,5,3,1,1,0,0,0,0,3,slightly_injured
2020,9,Mon,2,52.48624698,13.32919973,morning,7,daylight,0,wet,1,6,4,1,0,1,0,0,0,3,slightly_injured
2020,9,Wed,4,52.58834981,13.40628687,morning,7,daylight,0,dry,0,5,3,1,1,0,0,0,0,3,slightly_injured
2020,9,Tue,3,52.45921508,13.34775077,night,1,dark,2,dry,0,9,1,0,1,0,0,0,0,2,seriously_injured
2020,9,Thu,5,52.47591437,13.43985588,afternoon,16,daylight,0,dry,0,2,6,0,1,0,1,0,0,3,slightly_injured
2020,9,Sun,1,52.55064087,13.5118283,afternoon,14,daylight,0,dry,0,5,3,1,1,0,0,0,0,2,seriously_injured
2020,9,Tue,3,52.52418741,13.3423218,afternoon,15,daylight,0,dry,0,5,2,1,1,0,0,0,0,3,slightly_injured
2020,9,Wed,4,52.53949017,13.30397554,afternoon,15,daylight,0,dry,0,5,3,1,1,0,0,0,0,3,slightly_injured
2020,9,Fri,6,52.51730162,13.42007527,afternoon,13,daylight,0,wet,1,1,5,1,1,0,0,0,0,3,slightly_injured
2020,9,Tue,3,52.58721663,13.22609696,morning,8,daylight,0,dry,0,5,3,0,1,0,0,0,0,3,slightly_injured
2020,9,Tue,3,52.49885366,13.4176417,afternoon,17,daylight,0,dry,0,6,4,0,1,1,0,0,0,3,slightly_injured
2020,9,Fri,6,52.63284933,13.50021481,afternoon,14,daylight,0,wet,1,0,7,0,0,0,0,0,1,3,slightly_injured
2020,9,Wed,4,52.49387285,13.42874262,afternoon,13,daylight,0,dry,0,6,2,0,1,1,0,0,0,3,slightly_injured
2020,9,Mon,2,52.46092459,13.33464452,morning,11,daylight,0,dry,0,1,5,0,1,0,0,0,0,3,slightly_injured
2020,9,Wed,4,52.55713205,13.36571346,morning,11,daylight,0,dry,0,5,2,1,0,0,0,0,1,3,slightly_injured
2020,9,Thu,5,52.47958092,13.35057346,afternoon,15,daylight,0,dry,0,4,5,1,1,0,0,0,0,3,slightly_injured
2020,9,Fri,6,52.5124555,13.37703864,morning,7,daylight,0,wet,1,5,2,1,1,0,0,0,0,2,seriously_injured
2020,9,Wed,4,52.51518043,13.43168449,afternoon,12,daylight,0,dry,0,6,4,0,1,1,0,0,0,3,slightly_injured
2020,9,Mon,2,52.50400172,13.33183994,afternoon,12,daylight,0,dry,0,2,6,0,1,0,0,0,0,3,slightly_injured
2020,9,Wed,4,52.50555305,13.32818403,afternoon,13,daylight,0,dry,0,3,6,1,1,0,0,0,0,3,slightly_injured
2020,9,Thu,5,52.41386541,13.57432305,afternoon,16,daylight,0,dry,0,5,2,0,1,0,0,0,0,3,slightly_injured
2020,9,Sat,7,52.52392817,13.32976393,evening,23,dark,2,wet,1,6,2,0,1,1,0,0,0,3,slightly_injured
2020,9,Tue,3,52.52854436,13.22750089,afternoon,14,daylight,0,dry,0,2,6,0,1,0,0,0,0,3,slightly_injured
2020,9,Fri,6,52.53208058,13.47151001,afternoon,17,daylight,0,dry,0,5,3,0,1,0,0,0,0,3,slightly_injured
2020,9,Mon,2,52.53953473,13.5849008,afternoon,15,daylight,0,dry,0,5,7,0,1,0,0,0,1,3,slightly_injured
2020,9,Tue,3,52.45822003,13.28844601,afternoon,16,daylight,0,dry,0,2,6,1,0,0,0,0,1,3,slightly_injured
2020,9,Fri,6,52.42140922,13.31101361,afternoon,13,daylight,0,dry,0,2,6,0,1,0,0,0,1,3,slightly_injured
2020,9,Wed,4,52.59703244,13.36274023,afternoon,12,daylight,0,dry,0,2,6,0,1,0,0,0,1,3,slightly_injured
2020,9,Mon,2,52.43669611,13.50385824,evening,20,dark,2,dry,0,9,1,0,0,0,1,0,0,3,slightly_injured
2020,9,Wed,4,52.49452475,13.35686933,morning,8,daylight,0,dry,0,3,5,1,1,0,0,0,0,3,slightly_injured
2020,9,Thu,5,52.56460487,13.52416549,evening,18,daylight,0,dry,0,5,3,1,1,0,0,0,0,3,slightly_injured
2020,9,Sat,7,52.52059838,13.41561356,evening,18,dusk,1,wet,1,3,6,0,1,0,1,0,0,3,slightly_injured
2020,9,Tue,3,52.53303587,13.19818734,afternoon,12,daylight,0,dry,0,6,2,0,1,1,0,0,0,3,slightly_injured
2020,9,Tue,3,52.41584725,13.40696283,afternoon,16,daylight,0,dry,0,5,2,1,1,0,0,0,0,3,slightly_injured
2020,9,Fri,6,52.53736754,13.39669193,morning,10,daylight,0,wet,1,2,6,0,1,0,0,0,0,3,slightly_injured
2020,9,Mon,2,52.55058674,13.5693927,morning,11,daylight,0,dry,0,5,5,0,1,0,0,0,0,3,slightly_injured
2020,9,Sat,7,52.52560613,13.30371471,evening,19,dark,2,wet,1,5,3,0,1,0,0,0,0,3,slightly_injured
2020,9,Tue,3,52.53181786,13.34322467,morning,8,daylight,0,dry,0,0,6,1,0,0,0,0,0,3,slightly_injured
2020,9,Tue,3,52.50950305,13.40021877,afternoon,16,daylight,0,dry,0,0,3,1,1,0,0,0,0,3,slightly_injured
2020,9,Tue,3,52.49276699,13.38783859,afternoon,14,daylight,0,dry,0,5,2,1,1,0,0,0,0,3,slightly_injured
2020,9,Fri,6,52.49871256,13.41215034,afternoon,14,daylight,0,wet,1,3,6,1,0,0,0,0,0,3,slightly_injured
2020,9,Mon,2,52.53797818,13.48699242,morning,7,daylight,0,dry,0,6,4,0,1,1,0,0,0,3,slightly_injured
2020,9,Tue,3,52.49825219,13.44718327,afternoon,16,daylight,0,dry,0,5,7,0,1,0,0,0,0,3,slightly_injured
2020,9,Fri,6,52.57130574,13.37741486,afternoon,12,daylight,0,wet,1,5,3,0,1,0,1,0,0,2,seriously_injured
2020,9,Mon,2,52.50313903,13.33921964,afternoon,17,daylight,0,dry,0,5,2,0,1,0,1,0,0,3,slightly_injured
2020,9,Tue,3,52.55293861,13.37964395,evening,20,dark,2,dry,0,5,7,0,1,0,0,0,0,3,slightly_injured
2020,9,Thu,5,52.51337719,13.45602898,afternoon,12,daylight,0,dry,0,0,1,1,1,0,0,0,0,3,slightly_injured
2020,9,Sat,7,52.48121835,13.43754256,afternoon,15,daylight,0,wet,1,2,6,0,1,0,0,0,0,3,slightly_injured
2020,9,Tue,3,52.51764064,13.42054011,morning,9,daylight,0,dry,0,2,2,0,1,0,0,0,0,2,seriously_injured
2020,9,Tue,3,52.45715172,13.54523245,afternoon,16,daylight,0,dry,0,2,6,0,1,0,0,0,0,3,slightly_injured
2020,9,Fri,6,52.55988278,13.42223513,morning,9,daylight,0,wet,1,5,3,0,1,0,1,0,0,3,slightly_injured
2020,9,Wed,4,52.40015541,13.41109754,morning,6,daylight,0,dry,0,5,3,0,1,0,0,0,0,3,slightly_injured
2020,9,Tue,3,52.50962617,13.35180585,evening,18,daylight,0,dry,0,2,6,0,1,0,0,0,0,3,slightly_injured
2020,9,Thu,5,52.51517382,13.43173558,afternoon,17,daylight,0,dry,0,6,4,0,1,1,0,0,0,3,slightly_injured
2020,9,Wed,4,52.43411694,13.26001226,afternoon,14,daylight,0,dry,0,0,4,0,0,1,0,0,1,3,slightly_injured
2020,9,Tue,3,52.55420547,13.39212961,evening,18,daylight,0,dry,0,5,3,0,1,0,1,0,0,3,slightly_injured
2020,9,Thu,5,52.50920497,13.32607653,evening,18,daylight,0,dry,0,3,6,1,1,0,0,0,0,3,slightly_injured
2020,9,Sun,1,52.42110045,13.42872502,afternoon,13,daylight,0,dry,0,0,5,1,0,0,0,0,1,3,slightly_injured
2020,9,Tue,3,52.48010992,13.44350494,afternoon,17,daylight,0,dry,0,2,6,0,1,0,1,0,0,3,slightly_injured
2020,9,Thu,5,52.53911282,13.39526162,afternoon,13,daylight,0,dry,0,5,7,0,0,0,1,0,1,3,slightly_injured
2020,9,Sat,7,52.55640775,13.36387096,afternoon,13,daylight,0,wet,1,2,6,0,1,0,0,0,0,3,slightly_injured
2020,9,Tue,3,52.42001046,13.49258499,afternoon,17,daylight,0,dry,0,1,5,1,1,0,0,0,0,3,slightly_injured
2020,9,Tue,3,52.44998683,13.25110649,afternoon,15,daylight,0,dry,0,5,2,0,1,0,0,0,0,3,slightly_injured
2020,9,Fri,6,52.54053369,13.37931396,morning,7,daylight,0,wet,1,2,6,0,1,0,0,0,0,3,slightly_injured
2020,9,Mon,2,52.55024393,13.38545156,afternoon,13,daylight,0,dry,0,6,4,0,0,1,0,0,1,2,seriously_injured
2020,9,Wed,4,52.50615836,13.31385456,night,2,dark,2,dry,0,5,3,1,1,0,0,0,0,3,slightly_injured
2020,9,Tue,3,52.45267464,13.43705627,evening,18,daylight,0,dry,0,2,2,0,1,0,1,0,0,3,slightly_injured
2020,9,Thu,5,52.48572695,13.37660046,afternoon,16,daylight,0,dry,0,2,6,0,1,0,0,0,0,3,slightly_injured
2020,9,Sun,1,52.44163655,13.31562781,morning,10,daylight,0,dry,0,5,3,1,1,0,0,0,0,3,slightly_injured
2020,9,Tue,3,52.50075298,13.44434773,afternoon,15,daylight,0,dry,0,5,3,1,0,0,0,0,0,3,slightly_injured
2020,9,Fri,6,52.50582142,13.3660029,evening,19,dark,2,wet,1,2,6,0,1,0,0,0,0,3,slightly_injured
2020,9,Tue,3,52.52879239,13.30653204,morning,8,daylight,0,dry,0,5,2,1,0,0,0,1,0,3,slightly_injured
2020,9,Sun,1,52.50899952,13.37190639,evening,18,dusk,1,wet,1,5,2,1,1,0,0,0,0,3,slightly_injured
2020,9,Tue,3,52.48711554,13.4565736,afternoon,16,daylight,0,dry,0,5,2,1,1,0,0,0,0,3,slightly_injured
2020,9,Fri,6,52.49997271,13.27344124,morning,9,daylight,0,wet,1,5,2,1,0,0,0,1,0,3,slightly_injured
2020,9,Tue,3,52.47157953,13.32887112,morning,8,daylight,0,dry,0,2,6,0,1,0,0,1,0,3,slightly_injured
2020,9,Tue,3,52.46032716,13.50273092,evening,18,daylight,0,dry,0,0,1,0,0,0,1,0,0,2,seriously_injured
2020,9,Fri,6,52.51891102,13.33971761,morning,6,dusk,1,wet,1,5,3,0,1,0,0,0,0,3,slightly_injured
2020,9,Wed,4,52.51808883,13.38043848,evening,21,dark,2,dry,0,2,2,1,0,0,0,0,0,2,seriously_injured
2020,9,Mon,2,52.56242066,13.32862075,afternoon,12,daylight,0,dry,0,5,7,0,1,0,1,0,0,2,seriously_injured
2020,9,Wed,4,52.53865497,13.39739274,afternoon,12,daylight,0,dry,0,3,6,0,0,0,1,0,1,3,slightly_injured
2020,9,Wed,4,52.50131179,13.34748445,afternoon,15,daylight,0,dry,0,2,6,0,1,0,1,0,0,3,slightly_injured
2020,9,Thu,5,52.49419585,13.3148964,afternoon,12,daylight,0,dry,0,5,3,1,1,0,0,0,0,3,slightly_injured
2020,9,Sat,7,52.50525611,13.33964059,evening,21,dark,2,wet,1,2,5,0,1,0,0,0,0,3,slightly_injured
2020,9,Tue,3,52.44490376,13.43330933,afternoon,15,daylight,0,dry,0,5,3,1,1,0,0,0,0,3,slightly_injured
2020,9,Wed,4,52.53653046,13.38377402,afternoon,15,daylight,0,dry,0,2,7,1,1,0,0,0,0,3,slightly_injured
2020,9,Fri,6,52.5096296,13.46748023,afternoon,16,daylight,0,dry,0,6,4,0,1,1,0,0,0,2,seriously_injured
2020,9,Mon,2,52.53599761,13.2716733,evening,20,dark,2,dry,0,0,7,1,0,0,0,0,0,3,slightly_injured
2020,9,Tue,3,52.51858751,13.28451582,afternoon,17,daylight,0,dry,0,1,5,1,1,0,0,0,0,3,slightly_injured
2020,9,Fri,6,52.54524727,13.3424521,afternoon,13,daylight,0,wet,1,5,2,1,1,0,0,0,0,3,slightly_injured
2020,9,Mon,2,52.50431777,13.33407337,evening,18,dusk,1,dry,0,1,5,1,1,0,0,0,0,3,slightly_injured
2020,9,Tue,3,52.55437456,13.44347229,morning,7,daylight,0,dry,0,0,7,1,0,1,0,0,0,3,slightly_injured
2020,10,Fri,6,52.45282445,13.33842439,evening,21,dark,2,dry,0,5,7,0,1,0,0,0,0,3,slightly_injured
2020,10,Wed,4,52.50133204,13.49121518,afternoon,16,daylight,0,wet,1,0,1,1,0,0,0,0,0,3,slightly_injured
2020,10,Tue,3,52.54633449,13.34385028,evening,18,daylight,0,dry,0,5,2,0,1,0,0,0,1,2,seriously_injured
2020,10,Tue,3,52.48539214,13.42905465,evening,18,dark,2,wet,1,5,3,0,1,0,0,0,1,3,slightly_injured
2020,10,Fri,6,52.50651884,13.38602532,afternoon,16,daylight,0,dry,0,2,6,0,1,0,0,0,0,3,slightly_injured
2020,10,Wed,4,52.5451481,13.58873399,afternoon,17,daylight,0,dry,0,1,5,0,1,0,0,0,1,3,slightly_injured
2020,10,Fri,6,52.45760447,13.31875307,afternoon,16,daylight,0,dry,0,4,6,0,1,0,1,0,0,3,slightly_injured
2020,10,Tue,3,52.52397279,13.38764487,afternoon,13,daylight,0,dry,0,5,3,0,0,0,1,0,0,2,seriously_injured
2020,10,Sat,7,52.5094323,13.35155569,evening,19,dark,2,dry,0,0,1,0,0,0,0,0,1,3,slightly_injured
2020,10,Tue,3,52.64683587,13.45044528,afternoon,17,dusk,1,dry,0,5,2,1,1,0,0,0,0,3,slightly_injured
2020,10,Fri,6,52.44591331,13.51495655,evening,20,dark,2,dry,0,0,1,1,0,0,0,0,0,2,seriously_injured
2020,10,Fri,6,52.43950863,13.40457627,afternoon,13,daylight,0,dry,0,6,4,0,1,1,0,0,0,3,slightly_injured
2020,10,Wed,4,52.58230649,13.41166742,afternoon,12,daylight,0,dry,0,6,4,0,1,1,0,0,0,3,slightly_injured
2020,10,Tue,3,52.53805404,13.41110822,afternoon,13,daylight,0,dry,0,5,7,1,1,0,0,0,0,3,slightly_injured
2020,10,Fri,6,52.55967763,13.47152233,afternoon,15,daylight,0,dry,0,5,3,1,1,0,0,0,0,3,slightly_injured
2020,10,Wed,4,52.46959418,13.55329268,morning,7,daylight,0,dry,0,5,3,0,1,0,1,0,0,3,slightly_injured
2020,10,Fri,6,52.5693655,13.3514229,afternoon,14,daylight,0,dry,0,5,3,1,1,0,0,0,0,3,slightly_injured
2020,10,Wed,4,52.46653754,13.43188121,morning,7,daylight,0,wet,1,2,6,0,1,0,0,0,1,3,slightly_injured
2020,10,Fri,6,52.48640172,13.42404307,morning,9,daylight,0,dry,0,5,3,0,1,0,0,0,1,3,slightly_injured
2020,10,Sat,7,52.51691273,13.2596274,afternoon,14,daylight,0,dry,0,2,6,1,0,0,1,0,0,2,seriously_injured
2020,10,Tue,3,52.45245865,13.43294746,afternoon,13,daylight,0,dry,0,5,3,1,1,0,0,0,0,3,slightly_injured
2020,10,Fri,6,52.54775831,13.35934089,night,2,dark,2,dry,0,0,7,0,1,0,0,0,0,3,slightly_injured
2020,10,Fri,6,52.41825878,13.41686175,morning,6,daylight,0,dry,0,5,2,0,1,0,0,0,0,3,slightly_injured
2020,10,Wed,4,52.44754654,13.39279773,morning,11,daylight,0,dry,0,1,7,0,1,0,0,0,0,3,slightly_injured
2020,10,Tue,3,52.43045613,13.55259997,afternoon,17,daylight,0,dry,0,3,6,0,1,0,1,0,0,2,seriously_injured
2020,10,Fri,6,52.51100544,13.39670904,morning,8,daylight,0,dry,0,5,2,1,1,0,0,0,0,3,slightly_injured
2020,10,Wed,4,52.5587087,13.33764846,night,0,dark,2,wet,1,9,1,0,0,0,0,0,1,3,slightly_injured
2020,10,Fri,6,52.50140417,13.34761215,morning,7,daylight,0,dry,0,0,1,0,0,0,1,0,0,3,slightly_injured
2020,10,Sat,7,52.64360175,13.47937622,morning,9,daylight,0,dry,0,5,3,0,1,0,0,0,0,2,seriously_injured
2020,10,Thu,5,52.43064752,13.46216594,evening,19,dusk,1,wet,1,8,1,0,1,0,0,0,0,3,slightly_injured
2020,10,Tue,3,52.56735854,13.38681033,afternoon,14,daylight,0,dry,0,6,4,0,1,1,0,0,0,2,seriously_injured
2020,10,Tue,3,52.50274197,13.30500765,evening,18,dusk,1,dry,0,1,5,1,1,0,0,0,0,3,slightly_injured
2020,10,Fri,6,52.5703895,13.55642211,morning,10,daylight,0,dry,0,5,2,1,1,0,0,0,0,3,slightly_injured
2020,10,Wed,4,52.46165562,13.3393324,evening,19,dark,2,wet,1,2,2,0,1,0,0,0,1,3,slightly_injured
2020,10,Tue,3,52.4951421,13.40378063,afternoon,17,daylight,0,dry,0,6,4,0,1,1,0,0,0,3,slightly_injured
2020,10,Sat,7,52.56793409,13.36558775,afternoon,13,daylight,0,dry,0,5,3,0,1,0,1,0,0,3,slightly_injured
2020,10,Thu,5,52.51328855,13.51885641,evening,21,dark,2,wet,1,0,4,0,0,1,1,0,0,2,seriously_injured
2020,10,Tue,3,52.53060642,13.51927827,morning,6,daylight,0,dry,0,0,2,1,1,0,0,0,0,3,slightly_injured
2020,10,Fri,6,52.5300495,13.20517792,afternoon,14,daylight,0,dry,0,2,6,0,1,0,0,0,0,3,slightly_injured
2020,10,Wed,4,52.57120324,13.37697259,morning,8,daylight,0,dry,0,1,5,1,1,0,0,0,0,3,slightly_injured
2020,10,Tue,3,52.50872996,13.21771488,afternoon,14,daylight,0,dry,0,2,6,0,1,0,1,0,0,3,slightly_injured
2020,10,Fri,6,52.53673842,13.26485675,afternoon,14,daylight,0,dry,0,5,2,0,1,0,0,0,0,3,slightly_injured