ujahr,umonat,weekday,uwochentag,long,lat,time_of_day,ustunde,light_condition,ulichtverh,street_condition,ustrzustand,uart,utyp1,ist_rad,ist_pkw,ist_fuss,ist_krad,ist_gkfz,ist_sonstige,ukategorie,accident_outcome
2020,10,Wed,4,52.48760183,13.44806218,afternoon,16,daylight,0,wet,1,3,6,1,1,0,0,0,0,3,slightly_injured
2020,10,Sun,1,52.52313954,13.43110955,evening,19,dark,2,dry,0,6,4,0,1,1,0,0,0,3,slightly_injured
2020,10,Fri,6,52.47715341,13.32826263,afternoon,14,daylight,0,dry,0,5,3,1,1,0,0,0,0,3,slightly_injured
2020,10,Fri,6,52.55040397,13.38518342,evening,20,dark,2,dry,0,1,5,1,1,0,0,0,0,3,slightly_injured
2020,10,Thu,5,52.43426394,13.35951828,evening,18,dark,2,wet,1,5,3,1,1,0,0,0,0,2,seriously_injured
2020,10,Tue,3,52.45970189,13.5890015,afternoon,17,daylight,0,wet,1,0,1,1,0,0,0,0,0,3,slightly_injured
2020,10,Tue,3,52.54435689,13.49296914,evening,20,dark,2,dry,0,6,4,0,1,1,0,0,0,2,seriously_injured
2020,10,Fri,6,52.55014431,13.45899364,afternoon,14,daylight,0,dry,0,5,2,1,1,0,0,0,0,3,slightly_injured
2020,10,Wed,4,52.50227062,13.3418122,afternoon,17,daylight,0,wet,1,2,6,1,1,0,0,0,0,3,slightly_injured
2020,10,Fri,6,52.51762033,13.42796128,afternoon,14,daylight,0,dry,0,2,6,0,1,0,0,0,1,3,slightly_injured
2020,10,Tue,3,52.47924681,13.45509038,morning,6,daylight,0,dry,0,4,2,1,0,0,0,0,1,3,slightly_injured
2020,10,Sun,1,52.51367022,13.33576482,night,4,dark,2,dry,0,5,3,0,1,0,0,0,0,3,slightly_injured
2020,10,Sun,1,52.50891721,13.46029936,night,1,dark,2,dry,0,0,1,0,0,0,0,0,1,3,slightly_injured
2020,10,Fri,6,52.57214427,13.40849572,afternoon,13,daylight,0,dry,0,0,3,1,1,0,0,0,0,3,slightly_injured
2020,10,Wed,4,52.58312425,13.3856432,afternoon,15,daylight,0,dry,0,2,6,1,1,0,0,0,0,3,slightly_injured
2020,10,Sun,1,52.49714822,13.43182533,afternoon,13,daylight,0,dry,0,0,1,0,0,0,1,0,0,3,slightly_injured
2020,10,Sun,1,52.49930604,13.44533475,afternoon,17,dusk,1,dry,0,6,4,0,0,1,1,0,0,3,slightly_injured
2020,10,Fri,6,52.48050321,13.41624816,afternoon,13,daylight,0,dry,0,5,7,0,1,0,0,0,0,3,slightly_injured
2020,10,Fri,6,52.53464634,13.35858993,evening,20,dark,2,dry,0,2,7,1,1,0,0,0,0,3,slightly_injured
2020,10,Wed,4,52.52568103,13.33931177,afternoon,16,daylight,0,wet,1,3,6,0,1,0,1,0,0,3,slightly_injured
2020,10,Tue,3,52.44652984,13.55925756,morning,6,dark,2,wet,1,2,6,0,1,0,0,0,0,3,slightly_injured
2020,10,Tue,3,52.51474176,13.34902078,morning,9,daylight,0,dry,0,3,6,0,1,0,1,0,0,3,slightly_injured
2020,10,Fri,6,52.52654828,13.49122286,afternoon,13,daylight,0,dry,0,5,3,1,1,0,0,0,0,3,slightly_injured
2020,10,Wed,4,52.5577104,13.19804653,afternoon,17,dusk,1,wet,1,2,6,0,1,0,0,0,0,2,seriously_injured
2020,10,Fri,6,52.46858785,13.38554042,afternoon,13,daylight,0,dry,0,0,7,0,1,0,1,0,0,2,seriously_injured
2020,10,Tue,3,52.54592649,13.42697548,afternoon,17,daylight,0,dry,0,3,6,1,1,0,0,0,0,3,slightly_injured
2020,10,Sat,7,52.48042507,13.31271356,afternoon,17,dusk,1,dry,0,5,2,1,1,0,0,0,0,3,slightly_injured
2020,10,Tue,3,52.5058913,13.29549635,afternoon,16,dusk,1,dry,0,4,2,1,1,0,0,0,0,3,slightly_injured
2020,10,Fri,6,52.53413157,13.4970953,afternoon,13,daylight,0,dry,0,2,6,0,1,0,0,0,0,3,slightly_injured
2020,10,Fri,6,52.48413362,13.50541809,afternoon,16,daylight,0,dry,0,0,7,1,0,0,0,0,0,3,slightly_injured
2020,10,Wed,4,52.46730146,13.29342951,morning,8,daylight,0,dry,0,3,6,1,1,0,0,0,0,3,slightly_injured
2020,10,Tue,3,52.54492906,13.34611386,afternoon,15,daylight,0,dry,0,5,3,1,1,0,0,0,0,3,slightly_injured
2020,10,Mon,2,52.49605599,13.3892461,evening,23,dark,2,dry,0,5,3,1,0,0,0,0,0,3,slightly_injured
2020,10,Fri,6,52.50774954,13.58977396,afternoon,12,daylight,0,dry,0,1,7,0,1,0,0,0,0,3,slightly_injured
2020,10,Fri,6,52.51262295,13.35068091,afternoon,16,daylight,0,dry,0,2,6,0,1,0,0,0,0,3,slightly_injured
2020,10,Wed,4,52.50362005,13.37397193,afternoon,14,daylight,0,wet,1,0,6,0,0,0,1,1,0,3,slightly_injured
2020,10,Mon,2,52.53788549,13.22882072,morning,11,daylight,0,dry,0,5,2,0,0,0,1,0,1,2,seriously_injured
2020,10,Fri,6,52.50841237,13.37726235,afternoon,12,daylight,0,dry,0,0,1,0,0,1,1,0,0,3,slightly_injured
2020,10,Wed,4,52.55853285,13.32573504,morning,8,daylight,0,wet,1,5,7,1,1,0,0,0,0,3,slightly_injured
2020,10,Fri,6,52.59048952,13.32550164,morning,11,daylight,0,dry,0,1,5,0,1,0,0,0,0,3,slightly_injured
2020,10,Sat,7,52.49831249,13.40440611,afternoon,14,daylight,0,dry,0,3,6,1,0,0,0,0,0,3,slightly_injured
2020,10,Thu,5,52.48474859,13.34564276,morning,7,daylight,0,dry,0,0,7,1,1,0,0,0,0,3,slightly_injured
2020,10,Mon,2,52.525463,13.34299207,night,0,dark,2,dry,0,5,2,1,1,0,0,0,0,3,slightly_injured
2020,10,Fri,6,52.52048354,13.27993568,morning,11,daylight,0,dry,0,5,2,1,1,0,0,0,0,3,slightly_injured
2020,10,Wed,4,52.50201758,13.41665462,morning,9,daylight,0,dry,0,5,2,1,1,0,0,0,0,3,slightly_injured
2020,10,Mon,2,52.55555111,13.39024897,evening,18,dusk,1,wet,1,5,2,1,1,0,0,0,0,3,slightly_injured
2020,10,Thu,5,52.49242007,13.35339267,evening,21,dark,2,dry,0,5,3,1,0,0,0,0,0,3,slightly_injured
2020,10,Wed,4,52.53924113,13.45270038,afternoon,16,daylight,0,wet,1,6,4,0,1,1,0,0,0,2,seriously_injured
2020,10,Thu,5,52.46344487,13.30877398,morning,8,daylight,0,dry,0,0,1,0,0,0,1,0,0,3,slightly_injured
2020,10,Wed,4,52.55038685,13.51000724,morning,6,dusk,1,wet,1,5,2,0,1,0,0,0,0,3,slightly_injured
2020,10,Thu,5,52.55126719,13.34800944,afternoon,13,daylight,0,dry,0,6,7,0,1,1,0,0,0,3,slightly_injured
2020,10,Sat,7,52.49686236,13.39547957,afternoon,15,daylight,0,dry,0,5,3,1,1,0,0,0,0,3,slightly_injured
2020,10,Thu,5,52.46763813,13.43124144,evening,20,dark,2,wet,1,2,6,0,1,0,0,0,0,3,slightly_injured
2020,10,Mon,2,52.43449358,13.55456659,evening,19,dark,2,wet,1,0,4,0,0,1,1,0,0,3,slightly_injured
2020,10,Thu,5,52.5512732,13.4663402,afternoon,17,daylight,0,dry,0,5,3,1,1,0,0,0,0,3,slightly_injured
2020,10,Wed,4,52.55681716,13.36547062,evening,20,dark,2,wet,1,5,3,0,1,0,0,0,0,3,slightly_injured
2020,10,Mon,2,52.51782642,13.43288304,afternoon,16,daylight,0,wet,1,5,2,1,0,0,0,0,1,3,slightly_injured
2020,10,Thu,5,52.43382166,13.49840047,afternoon,17,daylight,0,dry,0,5,3,0,1,0,1,0,0,2,seriously_injured
2020,10,Wed,4,52.51414589,13.29704685,afternoon,15,daylight,0,dry,0,1,5,1,1,0,0,0,0,3,slightly_injured
2020,10,Sun,1,52.4450039,13.26009129,afternoon,17,daylight,0,dry,0,1,1,1,1,0,0,0,0,3,slightly_injured
2020,10,Thu,5,52.4974932,13.44373088,afternoon,17,daylight,0,dry,0,1,5,1,1,0,0,0,0,3,slightly_injured
2020,10,Fri,6,52.50645172,13.33201053,morning,10,daylight,0,dry,0,0,6,0,1,0,0,0,1,3,slightly_injured
2020,10,Thu,5,52.44129326,13.59324592,morning,9,daylight,0,dry,0,5,2,1,0,0,0,1,0,1,killed
2020,10,Mon,2,52.42763426,13.46811074,morning,8,daylight,0,dry,0,5,2,1,0,0,0,0,1,3,slightly_injured
2020,10,Tue,3,52.51502676,13.44354902,morning,9,daylight,0,dry,0,1,5,1,1,0,0,0,0,3,slightly_injured
2020,10,Thu,5,52.54310203,13.24060012,afternoon,17,daylight,0,dry,0,6,7,0,1,1,0,0,0,3,slightly_injured
2020,10,Sat,7,52.48045416,13.43912316,evening,22,dark,2,dry,0,5,3,1,1,0,0,0,0,3,slightly_injured
2020,10,Thu,5,52.50697586,13.46850706,evening,18,dark,2,wet,1,0,1,0,0,0,1,0,0,3,slightly_injured
2020,10,Mon,2,52.47893543,13.36019656,afternoon,15,daylight,0,wet,1,0,7,1,0,0,0,0,0,3,slightly_injured
2020,10,Tue,3,52.45085835,13.57215953,morning,11,daylight,0,dry,0,2,2,0,1,0,0,0,0,3,slightly_injured
2020,10,Thu,5,52.58239596,13.33407106,afternoon,16,daylight,0,dry,0,5,2,0,1,0,1,0,0,2,seriously_injured
2020,10,Wed,4,52.54258216,13.2471715,evening,18,dusk,1,wet,1,0,6,0,0,0,1,0,1,3,slightly_injured
2020,10,Thu,5,52.49958161,13.46591486,afternoon,15,daylight,0,dry,0,6,7,0,0,1,0,0,1,3,slightly_injured
2020,10,Tue,3,52.5090436,13.37189203,evening,19,dark,2,wet,1,5,2,1,1,0,0,0,0,3,slightly_injured
2020,10,Tue,3,52.52948533,13.3975286,morning,7,daylight,0,dry,0,2,6,1,1,0,0,0,0,3,slightly_injured
2020,10,Sun,1,52.49902478,13.39584269,morning,11,daylight,0,dry,0,5,3,1,1,0,0,0,0,3,slightly_injured
2020,10,Sun,1,52.50900843,13.37190349,afternoon,16,daylight,0,dry,0,5,2,1,1,0,0,0,0,3,slightly_injured
2020,10,Thu,5,52.52741227,13.21169703,afternoon,15,daylight,0,dry,0,5,3,0,1,0,1,0,0,3,slightly_injured
2020,10,Fri,6,52.54940286,13.20056972,evening,19,dusk,1,dry,0,0,2,0,1,0,0,0,1,3,slightly_injured
2020,10,Wed,4,52.49748047,13.46468478,afternoon,15,daylight,0,dry,0,0,2,0,1,0,0,0,0,3,slightly_injured
2020,10,Mon,2,52.44154094,13.59734733,afternoon,14,daylight,0,dry,0,0,5,1,1,0,0,0,0,3,slightly_injured
2020,10,Tue,3,52.51005478,13.37657449,morning,9,daylight,0,dry,0,5,2,1,1,0,0,0,0,3,slightly_injured
2020,10,Thu,5,52.48883732,13.34919459,afternoon,15,daylight,0,dry,0,5,2,1,1,0,0,0,0,3,slightly_injured
2020,10,Wed,4,52.45616981,13.32394715,afternoon,13,daylight,0,wet,1,0,1,1,0,0,0,0,0,2,seriously_injured
2020,10,Tue,3,52.45272519,13.43261686,morning,8,daylight,0,dry,0,2,6,0,1,0,0,1,0,3,slightly_injured
2020,10,Thu,5,52.56194737,13.35976475,afternoon,14,daylight,0,dry,0,5,3,0,1,0,1,0,0,3,slightly_injured
2020,10,Thu,5,52.57338742,13.42208862,afternoon,14,daylight,0,dry,0,2,6,0,1,0,0,0,0,3,slightly_injured
2020,10,Wed,4,52.48192319,13.35449639,afternoon,17,daylight,0,dry,0,6,4,0,1,1,0,0,0,3,slightly_injured
2020,10,Tue,3,52.46601583,13.42840998,evening,22,dark,2,wet,1,1,5,0,1,0,1,0,0,3,slightly_injured
2020,10,Thu,5,52.60286816,13.40216569,afternoon,14,daylight,0,dry,0,5,2,1,1,0,0,0,0,3,slightly_injured
2020,10,Mon,2,52.48887572,13.34515952,afternoon,16,daylight,0,wet,1,5,2,1,1,0,0,0,0,3,slightly_injured
2020,10,Sun,1,52.54165571,13.49200577,evening,20,dark,2,dry,0,0,1,1,0,0,0,0,0,3,slightly_injured
2020,10,Sat,7,52.55713404,13.36574275,night,2,dark,2,dry,0,5,2,1,1,0,0,0,0,3,slightly_injured
2020,10,Mon,2,52.4591399,13.57342365,evening,19,dark,2,wet,1,0,3,0,1,0,1,0,0,3,slightly_injured
2020,10,Thu,5,52.44814691,13.59375888,afternoon,14,daylight,0,dry,0,5,3,0,1,0,0,0,0,3,slightly_injured
2020,10,Fri,6,52.53316558,13.15801076,evening,19,dark,2,dry,0,5,2,0,1,0,1,0,0,2,seriously_injured
2020,10,Wed,4,52.54881322,13.37602481,afternoon,12,daylight,0,wet,1,5,2,1,1,0,0,0,0,3,slightly_injured
2020,10,Mon,2,52.44377334,13.38261673,afternoon,16,daylight,0,wet,1,4,2,0,1,0,0,0,0,3,slightly_injured
2020,10,Thu,5,52.49479216,13.51449169,afternoon,14,daylight,0,dry,0,5,3,1,1,0,0,0,0,3,slightly_injured
2020,10,Wed,4,52.55093429,13.43033322,morning,8,daylight,0,dry,0,5,2,1,1,0,0,0,0,2,seriously_injured
2020,10,Tue,3,52.50461624,13.41150716,evening,23,dark,2,wet,1,5,5,0,1,0,1,0,0,3,slightly_injured
2020,10,Thu,5,52.41828974,13.41672026,afternoon,13,daylight,0,dry,0,6,2,0,1,1,0,0,0,3,slightly_injured
2020,10,Sat,7,52.56362816,13.40820292,afternoon,17,daylight,0,dry,0,0,7,1,0,0,0,0,0,2,seriously_injured
2020,10,Thu,5,52.56341418,13.32928861,evening,22,dark,2,wet,1,0,3,0,1,0,1,0,0,3,slightly_injured
2020,10,Mon,2,52.56714473,13.46536031,afternoon,14,daylight,0,dry,0,5,3,0,1,0,0,0,1,3,slightly_injured
2020,10,Sat,7,52.52878245,13.12861635,afternoon,15,daylight,0,dry,0,5,3,0,1,0,0,0,0,2,seriously_injured
2020,10,Mon,2,52.54182667,13.49156325,evening,19,dark,2,wet,1,1,5,1,1,0,0,0,0,3,slightly_injured
2020,10,Thu,5,52.4589652,13.3055894,morning,11,daylight,0,dry,0,0,1,1,0,0,0,0,0,2,seriously_injured
2020,10,Thu,5,52.49480277,13.28949908,afternoon,12,daylight,0,dry,0,5,3,0,1,0,1,0,0,3,slightly_injured
2020,10,Wed,4,52.41270943,13.39276523,morning,11,daylight,0,dry,0,5,2,1,0,0,0,1,0,3,slightly_injured
2020,10,Mon,2,52.52897467,13.40984557,afternoon,16,dusk,1,wet,1,5,3,1,1,0,0,0,0,3,slightly_injured
2020,10,Thu,5,52.56407029,13.57500293,afternoon,12,daylight,0,dry,0,5,3,1,1,0,0,0,0,3,slightly_injured
2020,10,Wed,4,52.4309553,13.2787204,morning,6,dark,2,wet,1,2,6,0,1,0,0,0,0,3,slightly_injured
2020,10,Tue,3,52.56277107,13.39017324,evening,21,dark,2,wet,1,1,5,0,1,0,0,0,0,3,slightly_injured
2020,10,Thu,5,52.48597105,13.33316061,afternoon,15,daylight,0,dry,0,5,2,1,1,0,0,0,0,3,slightly_injured
2020,10,Sat,7,52.5260562,13.36848195,morning,9,daylight,0,dry,0,2,6,0,1,0,0,0,1,3,slightly_injured
2020,10,Thu,5,52.52690427,13.35524266,evening,19,dusk,1,dry,0,6,4,0,0,1,0,0,1,2,seriously_injured
2020,10,Mon,2,52.47158859,13.31965426,afternoon,15,daylight,0,dry,0,5,2,1,1,0,0,0,0,3,slightly_injured
2020,10,Tue,3,52.53765992,13.39646782,morning,11,daylight,0,dry,0,2,6,0,1,0,0,0,0,3,slightly_injured
2020,10,Thu,5,52.48459258,13.44395475,morning,10,daylight,0,dry,0,5,2,1,0,0,0,0,0,3,slightly_injured
2020,10,Wed,4,52.59159456,13.30174707,evening,20,dark,2,wet,1,1,5,1,1,0,0,0,0,3,slightly_injured
2020,10,Mon,2,52.50698267,13.30935001,afternoon,16,daylight,0,wet,1,0,6,1,1,0,0,0,0,2,seriously_injured
2020,10,Thu,5,52.45311944,13.60745002,morning,7,dusk,1,wet,1,5,3,1,1,0,0,0,0,3,slightly_injured
2020,10,Wed,4,52.56928078,13.39878248,afternoon,15,daylight,0,wet,1,0,3,1,1,0,0,0,0,3,slightly_injured
2020,10,Thu,5,52.44373321,13.37572775,morning,11,daylight,0,dry,0,9,1,0,1,0,0,0,0,3,slightly_injured
2020,10,Wed,4,52.50161188,13.47521791,morning,9,daylight,0,dry,0,5,2,1,0,0,0,1,0,2,seriously_injured
2020,10,Mon,2,52.45845888,13.33532693,evening,18,dark,2,wet,1,5,3,0,1,0,0,0,0,3,slightly_injured
2020,10,Thu,5,52.38550861,13.42073675,morning,10,daylight,0,dry,0,1,5,0,1,0,0,0,0,2,seriously_injured
2020,10,Wed,4,52.51674866,13.58622422,afternoon,16,daylight,0,wet,1,5,3,0,1,0,0,0,1,3,slightly_injured
2020,10,Thu,5,52.58258412,13.41263398,morning,10,daylight,0,dry,0,5,2,0,1,0,1,0,0,3,slightly_injured
2020,10,Sat,7,52.54102732,13.39345862,evening,20,dark,2,dry,0,2,6,0,1,0,0,0,0,3,slightly_injured
2020,10,Thu,5,52.58931295,13.34515613,evening,18,daylight,0,wet,1,2,6,0,1,0,0,0,0,2,seriously_injured
2020,10,Mon,2,52.43365993,13.25721204,afternoon,12,daylight,0,dry,0,5,3,1,1,0,0,0,0,3,slightly_injured
2020,10,Tue,3,52.50617868,13.40171911,morning,9,daylight,0,dry,0,5,2,1,0,0,0,1,0,2,seriously_injured
2020,10,Thu,5,52.52563637,13.32245946,morning,9,daylight,0,dry,0,1,5,1,1,0,0,0,0,3,slightly_injured
2020,10,Wed,4,52.45666953,13.69292369,afternoon,17,dusk,1,wet,1,1,5,0,1,0,0,0,0,2,seriously_injured
2020,10,Tue,3,52.49926792,13.42638539,evening,19,dark,2,wet,1,5,2,1,1,0,0,0,0,3,slightly_injured
2020,10,Thu,5,52.50842667,13.50752883,morning,9,daylight,0,dry,0,0,7,1,0,0,0,0,1,3,slightly_injured
2020,10,Tue,3,52.50046873,13.33082631,evening,19,dark,2,wet,1,5,3,0,1,0,1,0,0,3,slightly_injured
2020,10,Sun,1,52.53987819,13.24778927,morning,7,daylight,0,dry,0,5,2,0,1,0,0,0,0,3,slightly_injured
2020,10,Sun,1,52.57668922,13.31425958,night,2,dark,2,wet,1,5,3,0,1,0,0,0,0,3,slightly_injured
2020,10,Thu,5,52.54094885,13.42530224,evening,23,dark,2,dry,0,0,4,0,0,1,0,0,1,3,slightly_injured
2020,10,Fri,6,52.50107056,13.39432566,afternoon,17,daylight,0,dry,0,3,6,1,1,0,0,0,0,3,slightly_injured
2020,10,Sun,1,52.51123091,13.23953353,afternoon,13,daylight,0,dry,0,2,6,0,1,0,1,0,0,3,slightly_injured
2020,10,Sun,1,52.4899325,13.3879842,evening,18,dusk,1,dry,0,0,1,1,0,0,0,0,0,3,slightly_injured
2020,10,Thu,5,52.52911304,13.36323684,evening,22,dark,2,dry,0,1,7,0,1,0,0,0,0,3,slightly_injured
2020,10,Fri,6,52.57160933,13.31191067,evening,20,dark,2,dry,0,5,2,0,1,0,1,0,0,3,slightly_injured
2020,10,Wed,4,52.48506681,13.37077762,morning,6,dark,2,wet,1,0,6,0,1,0,1,0,0,3,slightly_injured
2020,10,Mon,2,52.49574972,13.62002278,evening,18,dusk,1,wet,1,4,5,1,1,0,0,0,0,3,slightly_injured
2020,10,Tue,3,52.54636675,13.43804659,morning,9,daylight,0,dry,0,5,3,0,1,0,0,0,1,3,slightly_injured
2020,10,Thu,5,52.57159059,13.33065044,evening,20,dark,2,dry,0,3,6,0,1,0,0,0,0,3,slightly_injured
2020,10,Wed,4,52.50688898,13.39813752,afternoon,16,daylight,0,wet,1,2,6,0,1,0,1,0,0,3,slightly_injured
2020,10,Thu,5,52.5074133,13.38546063,evening,19,dark,2,dry,0,5,2,1,1,0,0,0,0,2,seriously_injured
2020,10,Mon,2,52.4396014,13.44685442,afternoon,17,daylight,0,wet,1,0,7,0,1,0,1,0,0,3,slightly_injured
2020,10,Sat,7,52.499006,13.39575902,evening,18,dusk,1,dry,0,5,2,1,1,0,0,0,0,3,slightly_injured
2020,10,Mon,2,52.52719798,13.45079575,afternoon,17,dusk,1,wet,1,5,2,0,1,0,0,0,1,3,slightly_injured
2020,10,Thu,5,52.51971546,13.26953494,evening,18,dusk,1,dry,0,5,3,1,1,0,0,0,0,2,seriously_injured
2020,10,Fri,6,52.5041692,13.47985916,afternoon,16,daylight,0,dry,0,0,6,0,0,0,1,0,0,3,slightly_injured
2020,10,Wed,4,52.50768269,13.39023961,afternoon,12,daylight,0,wet,1,5,3,1,1,0,0,0,0,3,slightly_injured
2020,10,Mon,2,52.45752016,13.35548609,afternoon,17,daylight,0,wet,1,2,6,0,1,0,1,0,0,3,slightly_injured
2020,10,Thu,5,52.5227659,13.36398025,morning,8,daylight,0,dry,0,1,5,1,1,0,0,0,0,3,slightly_injured
2020,10,Wed,4,52.43972091,13.53509874,morning,6,dusk,1,dry,0,5,3,1,1,0,0,0,0,3,slightly_injured
2020,10,Tue,3,52.60595015,13.4194548,evening,20,dark,2,wet,1,2,6,0,1,0,0,0,0,3,slightly_injured
2020,10,Wed,4,52.57033124,13.36076391,afternoon,14,daylight,0,wet,1,0,2,1,0,0,0,1,0,2,seriously_injured
2020,10,Mon,2,52.45286872,13.37515068,afternoon,17,daylight,0,dry,0,1,7,1,1,0,0,0,0,3,slightly_injured
2020,10,Thu,5,52.50854929,13.45104511,evening,18,daylight,0,dry,0,5,3,1,1,0,0,0,0,3,slightly_injured
2020,10,Wed,4,52.5638824,13.46095834,morning,8,daylight,0,dry,0,5,3,0,1,0,1,0,0,3,slightly_injured
2020,10,Thu,5,52.56907534,13.40153211,morning,7,daylight,0,dry,0,5,3,1,0,0,0,0,0,3,slightly_injured
2020,10,Sat,7,52.43970845,13.40217863,afternoon,14,daylight,0,dry,0,2,6,0,1,0,0,0,0,3,slightly_injured
2020,10,Thu,5,52.56467115,13.32538341,morning,7,daylight,0,dry,0,5,2,1,1,0,0,0,0,3,slightly_injured
2020,10,Mon,2,52.43725397,13.27247213,afternoon,17,daylight,0,wet,1,0,2,0,1,0,1,0,0,3,slightly_injured
2020,10,Thu,5,52.56907664,13.52510964,morning,7,daylight,0,wet,1,6,4,0,0,1,0,0,1,2,seriously_injured
2020,10,Thu,5,52.53352879,13.26651156,afternoon,17,daylight,0,dry,0,2,6,0,1,0,0,0,0,3,slightly_injured
2020,10,Wed,4,52.54535956,13.56907939,morning,9,daylight,0,dry,0,5,2,1,1,0,0,0,0,2,seriously_injured
2020,10,Mon,2,52.44350166,13.331274,morning,11,daylight,0,dry,0,5,3,1,1,0,0,0,0,3,slightly_injured
2020,9,Wed,4,52.5750015,13.35965874,evening,19,dusk,1,dry,0,1,5,1,1,0,0,0,0,3,slightly_injured
2020,10,Wed,4,52.45940513,13.525822,afternoon,16,daylight,0,wet,1,6,4,0,1,1,0,0,0,2,seriously_injured
2020,9,Wed,4,52.5420787,13.34946839,afternoon,13,daylight,0,dry,0,5,2,1,1,0,0,0,0,3,slightly_injured
2020,10,Sat,7,52.49662279,13.42023374,evening,19,dark,2,dry,0,0,7,1,0,0,0,0,0,3,slightly_injured
2020,10,Thu,5,52.45252914,13.50885229,evening,18,dark,2,wet,1,5,2,1,1,0,0,0,0,3,slightly_injured
2020,10,Mon,2,52.49498849,13.43901844,morning,9,daylight,0,dry,0,5,3,1,0,0,0,0,0,3,slightly_injured
2020,9,Wed,4,52.47865474,13.27432619,afternoon,14,daylight,0,dry,0,3,6,1,1,0,0,0,0,3,slightly_injured
2020,10,Sat,7,52.41989104,13.27450753,morning,11,daylight,0,dry,0,5,2,1,1,0,0,0,0,3,slightly_injured
2020,10,Thu,5,52.44454725,13.2421574,evening,20,dark,2,wet,1,1,5,0,1,0,0,0,0,3,slightly_injured
2020,10,Mon,2,52.52275572,13.40932121,morning,9,daylight,0,dry,0,6,7,0,1,1,0,0,0,3,slightly_injured
2020,9,Wed,4,52.51370586,13.33578441,morning,7,daylight,0,dry,0,0,2,1,1,0,0,0,0,3,slightly_injured
2020,10,Wed,4,52.53702059,13.2200887,evening,21,dark,2,dry,0,1,5,0,1,0,0,0,0,2,seriously_injured
2020,10,Mon,2,52.49007779,13.3866254,morning,8,daylight,0,dry,0,5,2,1,1,0,0,0,0,3,slightly_injured
2020,9,Wed,4,52.50100023,13.44449691,morning,6,dusk,1,dry,0,5,7,1,1,0,0,0,0,3,slightly_injured
2020,10,Wed,4,52.58325631,13.39823609,afternoon,15,daylight,0,wet,1,2,6,1,0,0,0,0,0,3,slightly_injured
2020,10,Tue,3,52.47694165,13.32027199,evening,19,dark,2,wet,1,0,5,1,1,0,0,0,0,3,slightly_injured
2020,10,Sun,1,52.52306691,13.47977377,evening,19,dark,2,dry,0,2,3,0,1,0,0,0,0,3,slightly_injured
2020,9,Wed,4,52.58436742,13.29849061,morning,7,daylight,0,dry,0,7,7,1,0,0,0,0,0,3,slightly_injured
2020,10,Fri,6,52.52259066,13.41012878,afternoon,14,daylight,0,dry,0,0,2,1,0,0,0,0,1,3,slightly_injured
2020,10,Thu,5,52.46566013,13.3827513,evening,18,daylight,0,wet,1,6,2,0,1,1,0,0,0,3,slightly_injured
2020,10,Mon,2,52.4845669,13.34534171,morning,8,daylight,0,dry,0,5,2,1,0,0,0,0,0,3,slightly_injured
2020,10,Tue,3,52.50997506,13.384208,morning,9,daylight,0,dry,0,0,1,0,0,0,1,0,0,3,slightly_injured
2020,9,Wed,4,52.51879546,13.41749529,afternoon,17,daylight,0,dry,0,3,6,1,1,0,0,0,0,3,slightly_injured
2020,10,Wed,4,52.61891086,13.30351393,afternoon,17,dusk,1,dry,0,5,7,0,1,0,1,0,0,3,slightly_injured
2020,10,Tue,3,52.53765184,13.20030052,afternoon,12,daylight,0,dry,0,3,6,0,1,0,0,0,1,3,slightly_injured
2020,9,Wed,4,52.49604158,13.31982132,afternoon,14,daylight,0,dry,0,5,2,1,1,0,0,0,0,3,slightly_injured
2020,10,Wed,4,52.56384086,13.51781833,evening,18,dark,2,wet,1,0,3,0,1,0,0,0,0,3,slightly_injured
2020,9,Wed,4,52.50622885,13.3440416,evening,21,dark,2,dry,0,0,6,0,1,0,1,0,0,3,slightly_injured
2020,10,Tue,3,52.45941489,13.28007114,morning,7,daylight,0,dry,0,5,3,1,1,0,0,0,0,2,seriously_injured
2020,10,Sun,1,52.42172621,13.32215381,afternoon,13,daylight,0,dry,0,4,6,1,1,0,0,0,0,3,slightly_injured
2020,10,Sun,1,52.51873472,13.28028873,afternoon,17,daylight,0,dry,0,1,5,1,1,0,0,0,0,3,slightly_injured
2020,9,Wed,4,52.51040586,13.31453569,evening,20,dark,2,dry,0,5,7,0,1,0,1,0,0,3,slightly_injured
2020,10,Fri,6,52.52904548,13.37786045,evening,20,dark,2,dry,0,3,6,1,0,0,0,0,0,3,slightly_injured
2020,10,Wed,4,52.55356274,13.47022277,afternoon,16,daylight,0,wet,1,0,3,0,1,0,1,0,0,3,slightly_injured
2020,10,Mon,2,52.50934477,13.28926146,morning,8,daylight,0,dry,0,0,7,1,0,0,0,0,0,3,slightly_injured