ujahr,umonat,weekday,uwochentag,long,lat,time_of_day,ustunde,light_condition,ulichtverh,street_condition,ustrzustand,uart,utyp1,ist_rad,ist_pkw,ist_fuss,ist_krad,ist_gkfz,ist_sonstige,ukategorie,accident_outcome
2020,10,Fri,6,52.4526924,13.43839326,morning,6,dusk,1,wet,1,5,3,0,1,0,0,0,1,3,slightly_injured
2020,10,Sat,7,52.52854082,13.13698957,night,2,dark,2,wet,1,1,1,0,1,0,1,0,0,2,seriously_injured
2020,10,Sat,7,52.51578254,13.49656182,afternoon,15,daylight,0,dry,0,5,3,0,1,0,0,0,0,2,seriously_injured
2020,10,Tue,3,52.51943632,13.51949214,afternoon,14,daylight,0,dry,0,5,3,0,1,0,0,0,0,3,slightly_injured
2020,10,Fri,6,52.49403403,13.36243836,afternoon,14,daylight,0,dry,0,5,3,0,1,0,1,0,0,3,slightly_injured
2020,10,Fri,6,52.50658632,13.45869837,morning,7,dark,2,wet,1,6,2,0,1,1,0,0,0,3,slightly_injured
2020,10,Tue,3,52.47128404,13.47901408,morning,9,daylight,0,dry,0,6,3,0,1,1,0,0,0,3,slightly_injured
2020,10,Fri,6,52.52610668,13.36784913,afternoon,15,daylight,0,wet,1,5,2,0,1,0,0,0,0,3,slightly_injured
2020,10,Thu,5,52.51367108,13.4586964,morning,10,daylight,0,wet,1,2,6,0,1,0,1,0,0,3,slightly_injured
2020,10,Sun,1,52.5726177,13.50587989,morning,10,daylight,0,dry,0,5,3,0,1,0,1,0,0,3,slightly_injured
2020,10,Sun,1,52.45844834,13.32231414,afternoon,17,daylight,0,dry,0,2,6,0,1,0,1,0,0,3,slightly_injured
2020,10,Wed,4,52.53345258,13.16908855,afternoon,14,daylight,0,wet,1,2,7,0,1,0,0,0,1,2,seriously_injured
2020,10,Fri,6,52.45091265,13.43462092,morning,6,dusk,1,wet,1,5,2,1,1,0,0,0,0,3,slightly_injured
2020,10,Fri,6,52.46770985,13.30832826,morning,9,daylight,0,dry,0,0,1,1,0,0,0,0,0,3,slightly_injured
2020,10,Wed,4,52.59550041,13.28511327,afternoon,15,daylight,0,wet,1,2,6,0,1,0,0,0,0,3,slightly_injured
2020,10,Fri,6,52.52329222,13.35946883,night,5,dark,2,wet,1,5,2,1,1,0,0,0,0,2,seriously_injured
2020,10,Sat,7,52.5396117,13.14335455,afternoon,12,daylight,0,dry,0,8,1,0,1,0,0,0,0,3,slightly_injured
2020,10,Fri,6,52.48059447,13.30004855,evening,18,dusk,1,wet,1,5,7,0,1,0,0,0,0,3,slightly_injured
2020,10,Tue,3,52.51054569,13.4292452,afternoon,13,daylight,0,dry,0,2,6,0,1,0,0,0,0,3,slightly_injured
2020,10,Fri,6,52.50103001,13.34625672,night,5,dark,2,wet,1,5,2,0,1,0,0,0,0,3,slightly_injured
2020,10,Fri,6,52.55980954,13.42247465,evening,19,dusk,1,wet,1,5,3,0,1,0,0,0,1,2,seriously_injured
2020,10,Mon,2,52.50040285,13.41405123,evening,23,dark,2,dry,0,5,3,0,1,0,1,0,0,2,seriously_injured
2020,10,Fri,6,52.55861226,13.38628504,afternoon,15,daylight,0,dry,0,5,2,1,0,0,0,0,1,3,slightly_injured
2020,10,Thu,5,52.47131839,13.46138313,night,5,dark,2,wet,1,9,1,0,1,0,0,0,0,3,slightly_injured
2020,10,Sun,1,52.51173786,13.42688142,afternoon,14,daylight,0,wet,1,2,2,0,1,0,1,0,0,3,slightly_injured
2020,10,Sun,1,52.53515398,13.36939608,evening,20,dark,2,dry,0,0,5,1,1,0,0,0,0,3,slightly_injured
2020,10,Wed,4,52.51775153,13.44083341,afternoon,17,dusk,1,wet,1,0,1,0,0,0,1,0,0,3,slightly_injured
2020,10,Thu,5,52.48714114,13.57545115,afternoon,14,daylight,0,dry,0,6,7,0,1,1,0,0,0,3,slightly_injured
2020,10,Fri,6,52.59559903,13.33412431,afternoon,13,daylight,0,wet,1,6,4,0,1,1,0,0,0,3,slightly_injured
2020,10,Fri,6,52.49606603,13.38959241,afternoon,15,daylight,0,dry,0,5,3,1,1,0,0,0,0,3,slightly_injured
2020,10,Tue,3,52.44506767,13.37378942,evening,19,dark,2,dry,0,5,2,1,1,0,0,0,0,3,slightly_injured
2020,10,Thu,5,52.54921619,13.58294618,afternoon,17,dusk,1,wet,1,6,4,0,0,1,0,0,1,3,slightly_injured
2020,10,Thu,5,52.49999592,13.46609503,afternoon,14,daylight,0,wet,1,5,2,1,1,0,0,0,0,3,slightly_injured
2020,10,Mon,2,52.53884795,13.37720684,afternoon,12,daylight,0,wet,1,1,5,1,1,0,0,0,0,3,slightly_injured
2020,10,Mon,2,52.5010075,13.34621551,afternoon,13,daylight,0,dry,0,5,2,0,1,0,1,0,0,2,seriously_injured
2020,10,Tue,3,52.43978074,13.3431651,afternoon,17,daylight,0,dry,0,2,6,0,1,0,0,0,0,3,slightly_injured
2020,10,Thu,5,52.46961994,13.43008974,evening,18,dark,2,wet,1,2,6,0,1,0,0,0,0,3,slightly_injured
2020,10,Thu,5,52.47638389,13.60044482,evening,19,dark,2,wet,1,5,2,0,1,0,0,0,1,3,slightly_injured
2020,10,Mon,2,52.50360154,13.30429633,afternoon,15,daylight,0,dry,0,5,2,0,1,0,1,0,0,3,slightly_injured
2020,10,Sat,7,52.3866839,13.40235244,afternoon,13,daylight,0,dry,0,6,4,0,1,1,0,0,0,3,slightly_injured
2020,10,Sat,7,52.55004991,13.36814417,afternoon,16,daylight,0,dry,0,5,7,1,1,0,0,0,0,3,slightly_injured
2020,10,Wed,4,52.51857432,13.16988792,evening,18,dusk,1,wet,1,5,2,0,1,0,1,0,0,2,seriously_injured
2020,10,Thu,5,52.4516056,13.59306489,morning,9,daylight,0,dry,0,5,2,1,1,0,0,0,0,3,slightly_injured
2020,10,Fri,6,52.46161891,13.3253542,morning,10,daylight,0,dry,0,2,6,1,0,0,0,0,0,3,slightly_injured
2020,10,Fri,6,52.51068857,13.45203057,afternoon,15,daylight,0,dry,0,5,2,1,1,0,0,0,0,3,slightly_injured
2020,10,Tue,3,52.54743983,13.59254624,afternoon,15,daylight,0,dry,0,5,2,1,1,0,0,0,0,3,slightly_injured
2020,10,Fri,6,52.5571092,13.36539096,afternoon,17,daylight,0,dry,0,5,2,1,1,0,0,0,0,3,slightly_injured
2020,10,Thu,5,52.44245614,13.58241329,afternoon,12,daylight,0,dry,0,5,3,0,1,0,0,0,1,2,seriously_injured
2020,10,Mon,2,52.54662105,13.44227985,afternoon,17,daylight,0,dry,0,5,3,1,1,0,0,0,0,3,slightly_injured
2020,10,Mon,2,52.49143868,13.42722215,afternoon,12,daylight,0,dry,0,1,5,1,1,0,0,0,0,3,slightly_injured
2020,10,Fri,6,52.44718399,13.59217452,afternoon,17,daylight,0,dry,0,5,2,1,0,0,0,1,0,2,seriously_injured
2020,10,Thu,5,52.4889169,13.40661893,night,1,dark,2,wet,1,1,5,0,1,0,0,0,1,3,slightly_injured
2020,10,Wed,4,52.45103132,13.27065227,morning,9,daylight,0,wet,1,3,6,0,1,0,0,1,0,3,slightly_injured
2020,10,Sat,7,52.43970771,13.40218764,afternoon,16,daylight,0,dry,0,0,3,0,1,0,1,0,0,3,slightly_injured
2020,10,Sat,7,52.54952227,13.353778,afternoon,17,daylight,0,dry,0,2,6,1,1,0,0,0,0,3,slightly_injured
2020,10,Wed,4,52.54849817,13.27826253,morning,7,daylight,0,wet,1,2,6,0,1,0,0,0,1,3,slightly_injured
2020,10,Thu,5,52.53206175,13.41987703,morning,9,daylight,0,wet,1,0,6,0,1,0,1,0,0,3,slightly_injured
2020,10,Wed,4,52.46568815,13.42141399,morning,11,daylight,0,wet,1,2,6,0,1,0,0,0,0,3,slightly_injured
2020,10,Sat,7,52.54472496,13.43014111,evening,19,dark,2,dry,0,2,6,0,1,0,1,0,0,3,slightly_injured
2020,10,Sat,7,52.53724979,13.3601775,morning,11,daylight,0,dry,0,5,2,1,1,0,0,0,0,3,slightly_injured
2020,10,Wed,4,52.55498783,13.36109979,evening,19,dark,2,wet,1,2,1,0,1,0,0,0,0,3,slightly_injured
2020,10,Thu,5,52.49835099,13.29867698,morning,10,daylight,0,dry,0,6,7,0,1,1,0,0,0,3,slightly_injured
2020,10,Fri,6,52.5229915,13.47326009,morning,9,daylight,0,dry,0,5,3,1,1,0,0,0,0,2,seriously_injured
2020,10,Fri,6,52.48253385,13.45387335,afternoon,15,daylight,0,dry,0,5,3,0,1,0,1,0,0,3,slightly_injured
2020,10,Tue,3,52.54801355,13.36157474,afternoon,14,daylight,0,dry,0,0,1,0,0,0,1,0,0,3,slightly_injured
2020,10,Thu,5,52.53527169,13.51425932,afternoon,13,daylight,0,wet,1,5,2,0,1,0,0,0,0,3,slightly_injured
2020,10,Mon,2,52.43120072,13.47576507,evening,20,dark,2,dry,0,3,6,0,1,0,0,0,0,3,slightly_injured
2020,10,Sun,1,52.45433657,13.47248002,evening,22,dark,2,dry,0,5,2,0,1,0,1,0,0,2,seriously_injured
2020,10,Thu,5,52.49295506,13.47479488,afternoon,15,daylight,0,wet,1,5,3,1,0,0,1,0,0,3,slightly_injured
2020,10,Wed,4,52.46846858,13.46710904,afternoon,15,daylight,0,wet,1,5,3,0,1,0,0,0,0,3,slightly_injured
2020,10,Thu,5,52.42737969,13.55338731,evening,18,dusk,1,wet,1,5,3,1,1,0,0,0,0,3,slightly_injured
2020,10,Sat,7,52.46144298,13.43488074,morning,11,daylight,0,dry,0,2,6,0,1,0,0,0,0,3,slightly_injured
2020,10,Sat,7,52.41305364,13.39550765,afternoon,15,daylight,0,dry,0,5,3,0,1,0,0,0,0,3,slightly_injured
2020,10,Tue,3,52.5021333,13.48835014,afternoon,14,daylight,0,dry,0,5,2,1,1,0,0,0,0,3,slightly_injured
2020,10,Thu,5,52.53658391,13.20040641,afternoon,17,daylight,0,wet,1,5,2,0,1,0,0,0,1,3,slightly_injured
2020,10,Fri,6,52.52003941,13.46149091,evening,19,dusk,1,wet,1,0,1,0,0,0,1,0,0,3,slightly_injured
2020,10,Mon,2,52.45111292,13.57179692,afternoon,16,daylight,0,wet,1,3,6,0,1,0,0,0,0,3,slightly_injured
2020,10,Fri,6,52.49073396,13.26890284,afternoon,17,daylight,0,wet,1,4,6,1,0,0,0,0,0,2,seriously_injured
2020,10,Thu,5,52.50543739,13.50071134,morning,10,daylight,0,wet,1,1,1,0,1,0,0,0,0,3,slightly_injured
2020,10,Thu,5,52.58885954,13.28823681,afternoon,17,daylight,0,wet,1,5,3,1,1,0,0,0,0,3,slightly_injured
2020,10,Fri,6,52.5535063,13.36639155,morning,8,daylight,0,dry,0,5,2,1,1,0,0,0,0,3,slightly_injured
2020,10,Tue,3,52.59543694,13.44748823,morning,10,daylight,0,dry,0,0,3,1,0,0,0,0,0,3,slightly_injured
2020,10,Thu,5,52.50987558,13.2713887,morning,11,daylight,0,wet,1,5,3,1,1,0,0,0,0,3,slightly_injured
2020,10,Sun,1,52.53507494,13.19747099,evening,19,dark,2,wet,1,0,6,0,1,0,1,0,0,3,slightly_injured
2020,10,Sun,1,52.56244482,13.32821086,morning,10,daylight,0,dry,0,6,4,0,0,1,0,0,1,3,slightly_injured
2020,10,Wed,4,52.51066898,13.28158892,afternoon,17,daylight,0,wet,1,2,6,0,1,0,0,0,0,3,slightly_injured
2020,10,Thu,5,52.52747675,13.45202201,afternoon,16,daylight,0,wet,1,3,6,1,1,0,0,0,0,3,slightly_injured
2020,10,Fri,6,52.4920943,13.41268606,morning,8,daylight,0,dry,0,0,2,1,0,0,0,0,1,3,slightly_injured
2020,10,Fri,6,52.53173501,13.3895871,morning,6,dusk,1,dry,0,0,1,1,0,0,0,0,0,2,seriously_injured
2020,10,Tue,3,52.53413749,13.59132471,evening,23,dark,2,dry,0,0,1,1,0,0,0,0,0,3,slightly_injured
2020,10,Thu,5,52.44105477,13.31615022,afternoon,16,daylight,0,wet,1,0,6,0,1,0,1,0,0,3,slightly_injured
2020,10,Thu,5,52.61100993,13.46092078,afternoon,17,daylight,0,dry,0,0,3,1,0,0,0,0,1,3,slightly_injured
2020,10,Mon,2,52.55322716,13.34725417,evening,18,dusk,1,dry,0,5,2,1,1,0,0,0,0,3,slightly_injured
2020,10,Sun,1,52.43420256,13.24611362,afternoon,15,daylight,0,wet,1,0,7,0,1,0,0,0,0,2,seriously_injured
2020,10,Sun,1,52.44273864,13.32831398,morning,7,daylight,0,dry,0,1,5,0,1,0,0,0,0,3,slightly_injured
2020,10,Wed,4,52.50795087,13.30207215,evening,18,dusk,1,wet,1,2,2,0,1,0,1,0,0,3,slightly_injured
2020,10,Thu,5,52.54157642,13.5915188,afternoon,16,daylight,0,wet,1,5,3,1,1,0,0,0,0,3,slightly_injured
2020,10,Sun,1,52.44275948,13.43426669,afternoon,12,daylight,0,wet,1,5,3,0,1,0,0,0,0,3,slightly_injured
2020,10,Sun,1,52.52553974,13.33516011,afternoon,16,daylight,0,dry,0,2,7,1,1,0,0,0,0,3,slightly_injured
2020,10,Wed,4,52.54250641,13.24718854,afternoon,13,daylight,0,wet,1,1,5,0,1,0,0,0,0,3,slightly_injured
2020,10,Thu,5,52.46785729,13.48976792,afternoon,16,daylight,0,wet,1,5,2,0,1,0,1,0,0,3,slightly_injured
2020,10,Fri,6,52.41605675,13.48284458,afternoon,15,daylight,0,dry,0,5,3,0,1,0,0,0,0,3,slightly_injured
2020,10,Tue,3,52.51244881,13.45961644,evening,18,dark,2,dry,0,3,6,1,1,0,0,0,0,3,slightly_injured
2020,10,Thu,5,52.51872561,13.38861543,afternoon,15,daylight,0,wet,1,0,1,1,0,0,0,0,0,3,slightly_injured
2020,10,Thu,5,52.55217556,13.36707768,afternoon,17,daylight,0,wet,1,2,6,0,1,0,0,0,1,3,slightly_injured
2020,10,Mon,2,52.53685657,13.27923884,afternoon,14,daylight,0,dry,0,3,5,1,1,0,0,0,0,2,seriously_injured
2020,10,Mon,2,52.55013047,13.38533954,afternoon,16,daylight,0,dry,0,2,6,0,1,0,0,0,0,3,slightly_injured
2020,10,Fri,6,52.52080938,13.40092411,evening,18,dusk,1,wet,1,4,2,1,1,0,0,0,0,2,seriously_injured
2020,10,Wed,4,52.52171434,13.37978058,morning,10,daylight,0,wet,1,5,2,1,1,0,0,0,0,3,slightly_injured
2020,10,Sat,7,52.49841649,13.39991495,evening,23,dark,2,dry,0,2,6,0,1,0,0,0,0,3,slightly_injured
2020,10,Sat,7,52.5288192,13.45791772,afternoon,13,daylight,0,dry,0,0,7,0,1,0,1,0,0,3,slightly_injured
2020,10,Wed,4,52.54120233,13.55537245,evening,21,dark,2,wet,1,6,2,0,1,1,0,0,0,3,slightly_injured
2020,10,Thu,5,52.5915297,13.33114948,afternoon,15,daylight,0,dry,0,5,3,1,1,0,0,0,0,2,seriously_injured
2020,10,Fri,6,52.60216139,13.33698568,afternoon,12,daylight,0,wet,1,0,1,0,0,0,1,0,0,3,slightly_injured
2020,10,Fri,6,52.49213389,13.18030761,afternoon,14,daylight,0,wet,1,0,1,1,0,0,0,0,0,3,slightly_injured
2020,10,Tue,3,52.59694738,13.34682498,afternoon,15,daylight,0,dry,0,5,3,1,1,0,0,0,0,3,slightly_injured
2020,10,Thu,5,52.56936584,13.31109265,afternoon,15,daylight,0,wet,1,6,4,0,1,1,0,0,0,3,slightly_injured
2020,10,Fri,6,52.52901616,13.4018415,afternoon,13,daylight,0,wet,1,6,4,0,1,1,0,0,0,2,seriously_injured
2020,10,Fri,6,52.53468484,13.19943684,evening,20,dark,2,wet,1,2,6,0,1,0,0,0,0,3,slightly_injured
2020,10,Tue,3,52.52935689,13.4603999,afternoon,15,daylight,0,dry,0,2,6,0,1,0,0,0,0,3,slightly_injured
2020,10,Thu,5,52.50458218,13.40740414,afternoon,17,dusk,1,wet,1,0,4,1,0,1,0,0,0,3,slightly_injured
2020,10,Mon,2,52.43543757,13.50093191,morning,11,daylight,0,dry,0,2,6,0,1,0,1,0,0,3,slightly_injured
2020,10,Mon,2,52.44030408,13.47596757,morning,11,daylight,0,dry,0,6,4,0,0,1,0,1,0,1,killed
2020,10,Thu,5,52.51195875,13.44334883,morning,9,daylight,0,wet,1,5,2,1,1,0,0,0,0,3,slightly_injured
2020,10,Wed,4,52.53647777,13.24797879,morning,9,daylight,0,wet,1,0,3,1,1,0,0,0,0,2,seriously_injured
2020,10,Sat,7,52.55436409,13.3452726,evening,19,dark,2,dry,0,5,3,0,1,0,0,0,0,3,slightly_injured
2020,10,Sat,7,52.48218122,13.42710516,afternoon,16,daylight,0,dry,0,2,7,0,1,0,0,0,1,3,slightly_injured
2020,10,Wed,4,52.40384149,13.57049781,morning,7,dusk,1,wet,1,6,2,0,1,1,0,0,0,3,slightly_injured
2020,10,Thu,5,52.4461229,13.5627198,morning,9,daylight,0,dry,0,6,2,0,1,1,0,0,0,3,slightly_injured
2020,10,Fri,6,52.59678164,13.35795884,morning,9,daylight,0,dry,0,1,5,0,1,0,0,0,0,3,slightly_injured
2020,10,Fri,6,52.49402797,13.30321401,evening,20,dark,2,wet,1,1,1,0,1,0,0,0,1,3,slightly_injured
2020,10,Tue,3,52.4714121,13.31905676,morning,11,daylight,0,dry,0,0,1,0,0,0,1,0,0,3,slightly_injured
2020,10,Thu,5,52.45383791,13.57526357,afternoon,13,daylight,0,wet,1,0,1,1,0,0,0,0,0,3,slightly_injured
2020,10,Sun,1,52.4952786,13.36630802,evening,18,dark,2,wet,1,5,3,0,1,0,0,0,0,3,slightly_injured
2020,10,Sun,1,52.52388896,13.24974349,evening,18,dark,2,dry,0,2,6,0,1,0,0,0,0,3,slightly_injured
2020,10,Wed,4,52.52858474,13.39376598,afternoon,15,daylight,0,wet,1,5,3,1,0,0,1,0,0,3,slightly_injured
2020,10,Thu,5,52.52563322,13.40467885,afternoon,15,daylight,0,wet,1,1,5,1,1,0,0,0,0,2,seriously_injured
2020,10,Sat,7,52.4888691,13.28997236,morning,11,daylight,0,dry,0,5,2,1,1,0,0,0,0,3,slightly_injured
2020,10,Fri,6,52.53345262,13.485003,evening,23,dark,2,wet,1,5,2,1,1,0,0,0,0,2,seriously_injured
2020,10,Mon,2,52.52361265,13.19659554,afternoon,17,dusk,1,dry,0,6,4,0,1,1,0,0,0,3,slightly_injured
2020,10,Mon,2,52.52382419,13.43866995,night,5,dark,2,dry,0,2,6,0,1,0,0,0,0,3,slightly_injured
2020,10,Thu,5,52.47333255,13.32858538,afternoon,14,daylight,0,dry,0,5,2,1,1,0,0,0,0,3,slightly_injured
2020,10,Wed,4,52.49927466,13.35357037,afternoon,16,daylight,0,dry,0,2,6,0,1,0,0,0,0,3,slightly_injured
2020,10,Wed,4,52.50891881,13.29627406,morning,8,daylight,0,wet,1,8,1,0,1,0,0,0,0,3,slightly_injured
2020,10,Thu,5,52.54773882,13.42884518,morning,9,daylight,0,dry,0,5,2,1,1,0,0,0,0,3,slightly_injured
2020,10,Sat,7,52.53902303,13.23150492,evening,23,dark,2,dry,0,6,4,0,1,1,0,0,0,3,slightly_injured
2020,10,Sat,7,52.54637344,13.20850637,afternoon,16,daylight,0,dry,0,6,7,0,0,1,0,0,1,3,slightly_injured
2020,10,Tue,3,52.54725247,13.39437611,afternoon,14,daylight,0,dry,0,4,6,1,0,0,0,0,0,3,slightly_injured
2020,10,Thu,5,52.51851844,13.28081181,morning,11,daylight,0,dry,0,2,6,0,1,0,0,0,0,3,slightly_injured
2020,10,Fri,6,52.54497941,13.59173658,morning,8,daylight,0,dry,0,5,2,1,0,0,0,1,0,2,seriously_injured
2020,10,Tue,3,52.42448312,13.18516147,morning,8,daylight,0,dry,0,1,5,0,1,0,0,0,0,3,slightly_injured
2020,10,Thu,5,52.5456132,13.18302593,morning,10,daylight,0,wet,1,6,7,0,1,1,0,0,0,3,slightly_injured
2020,10,Sun,1,52.58406349,13.46299179,night,0,dark,2,dry,0,9,7,0,0,0,0,0,1,3,slightly_injured
2020,10,Sun,1,52.50838498,13.40336456,morning,8,daylight,0,dry,0,1,5,1,1,0,0,0,0,3,slightly_injured
2020,10,Wed,4,52.53776169,13.25384149,afternoon,14,dusk,1,wet,1,2,6,0,1,0,0,0,0,3,slightly_injured
2020,10,Thu,5,52.43084959,13.27887518,morning,11,daylight,0,dry,0,2,6,0,1,0,0,0,0,3,slightly_injured
2020,10,Fri,6,52.55428045,13.1488027,afternoon,17,daylight,0,wet,1,8,1,0,1,0,0,0,0,2,seriously_injured
2020,10,Tue,3,52.50147627,13.47522408,evening,20,dark,2,dry,0,5,3,1,1,0,0,0,0,3,slightly_injured
2020,10,Thu,5,52.47232735,13.50834462,morning,10,daylight,0,dry,0,5,3,1,1,0,0,0,0,3,slightly_injured
2020,10,Thu,5,52.43682512,13.53907614,morning,7,daylight,0,dry,0,2,6,0,1,0,0,0,0,3,slightly_injured
2020,10,Tue,3,52.48108465,13.6011351,afternoon,13,daylight,0,dry,0,6,4,0,1,1,0,0,0,3,slightly_injured
2020,10,Thu,5,52.51848041,13.28015995,morning,10,daylight,0,dry,0,5,3,0,1,0,0,0,0,3,slightly_injured
2020,10,Fri,6,52.54628705,13.38054989,night,3,dark,2,wet,1,8,1,0,1,0,1,0,0,2,seriously_injured
2020,10,Mon,2,52.50010187,13.31300631,night,0,dark,2,wet,1,9,1,0,1,0,0,0,0,3,slightly_injured
2020,10,Thu,5,52.56319773,13.32682533,morning,8,daylight,0,wet,1,5,2,1,0,0,0,0,1,3,slightly_injured
2020,10,Sun,1,52.50455959,13.39461164,afternoon,14,daylight,0,wet,1,5,3,0,1,0,0,0,0,3,slightly_injured
2020,10,Sun,1,52.50649362,13.28047681,night,0,dark,2,dry,0,5,3,0,1,0,0,0,1,2,seriously_injured
2020,10,Wed,4,52.54636568,13.5721071,afternoon,17,dark,2,wet,1,2,6,0,1,0,0,0,0,3,slightly_injured
2020,10,Thu,5,52.42467679,13.43432861,morning,10,daylight,0,dry,0,5,7,1,1,0,0,0,0,3,slightly_injured
2020,10,Fri,6,52.52421177,13.32982291,afternoon,14,daylight,0,dry,0,5,5,0,1,0,1,0,0,3,slightly_injured
2020,10,Tue,3,52.53121113,13.41214729,evening,19,dark,2,dry,0,6,2,0,1,1,0,0,0,3,slightly_injured
2020,10,Thu,5,52.52584978,13.33925811,morning,9,daylight,0,dry,0,5,2,1,1,0,0,0,0,3,slightly_injured
2020,10,Thu,5,52.50953347,13.40013476,afternoon,15,daylight,0,wet,1,5,2,1,0,0,0,0,1,3,slightly_injured
2020,10,Mon,2,52.4261965,13.44465562,afternoon,14,daylight,0,dry,0,3,6,0,1,0,0,0,1,3,slightly_injured
2020,10,Mon,2,52.55248114,13.35637976,afternoon,15,daylight,0,dry,0,5,2,1,0,0,0,0,1,3,slightly_injured
2020,10,Wed,4,52.53402296,13.4526762,morning,11,daylight,0,wet,1,6,4,0,1,1,0,0,0,3,slightly_injured
2020,10,Sat,7,52.47584498,13.47541673,evening,19,dark,2,dry,0,2,6,0,1,0,1,0,0,3,slightly_injured
2020,10,Sat,7,52.49553511,13.39732773,afternoon,12,daylight,0,dry,0,2,6,0,1,0,1,0,0,3,slightly_injured
2020,10,Mon,2,52.42678808,13.30216678,afternoon,16,daylight,0,dry,0,1,5,1,1,0,0,0,0,3,slightly_injured
2020,10,Sat,7,52.46598829,13.43445515,afternoon,13,daylight,0,dry,0,5,3,0,1,0,0,0,0,3,slightly_injured
2020,10,Sat,7,52.54369705,13.17645218,afternoon,16,daylight,0,dry,0,0,1,0,0,0,0,0,1,3,slightly_injured
2020,10,Wed,4,52.55067269,13.37900339,evening,18,dusk,1,wet,1,2,6,0,1,0,0,0,0,3,slightly_injured
2020,10,Thu,5,52.41394451,13.57425148,morning,9,daylight,0,dry,0,5,2,1,1,0,0,0,0,3,slightly_injured
2020,10,Fri,6,52.50177553,13.40916467,morning,11,daylight,0,dry,0,3,6,0,1,0,1,0,0,3,slightly_injured
2020,10,Fri,6,52.45262032,13.37777404,evening,23,dark,2,wet,1,1,5,1,1,0,0,0,0,3,slightly_injured
2020,10,Tue,3,52.53619837,13.47354771,afternoon,15,daylight,0,dry,0,5,2,1,1,0,0,0,0,3,slightly_injured
2020,10,Fri,6,52.50314614,13.39499278,evening,18,dusk,1,wet,1,5,3,1,1,0,0,0,0,3,slightly_injured
2020,10,Thu,5,52.47424785,13.42768956,evening,23,dark,2,wet,1,2,6,0,1,0,0,0,0,3,slightly_injured
2020,10,Mon,2,52.56910243,13.52049506,afternoon,17,daylight,0,dry,0,2,6,0,1,0,0,0,0,3,slightly_injured
2020,10,Mon,2,52.42486651,13.3731075,morning,8,daylight,0,dry,0,6,4,0,1,1,0,0,0,3,slightly_injured
2020,10,Fri,6,52.5186929,13.28668958,evening,18,dusk,1,wet,1,5,3,1,1,0,0,0,0,3,slightly_injured
2020,10,Thu,5,52.53836762,13.49865407,morning,6,dark,2,wet,1,5,3,1,1,0,0,0,0,3,slightly_injured
2020,10,Wed,4,52.53933303,13.40767702,morning,9,daylight,0,wet,1,0,2,1,0,0,1,0,0,3,slightly_injured
2020,10,Sat,7,52.46708692,13.48889837,evening,18,dusk,1,dry,0,2,6,0,0,0,1,0,1,3,slightly_injured
2020,10,Sat,7,52.51403701,13.38204887,afternoon,17,daylight,0,dry,0,3,6,0,1,0,1,0,0,3,slightly_injured
2020,10,Wed,4,52.52822964,13.39233224,morning,7,daylight,0,dry,0,6,4,1,0,1,0,0,0,2,seriously_injured
2020,10,Thu,5,52.51632963,13.41697147,morning,9,daylight,0,dry,0,5,3,1,0,0,0,0,1,3,slightly_injured
2020,10,Fri,6,52.52417882,13.3423188,morning,8,daylight,0,dry,0,5,2,1,1,0,0,0,0,3,slightly_injured
2020,10,Tue,3,52.46772434,13.37573135,morning,11,daylight,0,dry,0,3,6,0,1,0,0,0,0,3,slightly_injured
2020,10,Mon,2,52.42893291,13.55074807,morning,8,daylight,0,wet,1,5,2,1,1,0,0,0,0,3,slightly_injured
2020,10,Wed,4,52.4303615,13.45781757,morning,10,daylight,0,wet,1,0,5,1,1,0,0,0,0,3,slightly_injured
2020,10,Wed,4,52.55752963,13.43248579,morning,7,daylight,0,dry,0,5,2,1,1,0,0,0,0,3,slightly_injured
2020,10,Mon,2,52.43455208,13.3620104,afternoon,17,dark,2,dry,0,6,2,0,1,1,0,0,0,3,slightly_injured
2020,10,Fri,6,52.42817361,13.25180199,afternoon,17,dark,2,wet,1,6,4,0,1,1,0,0,0,3,slightly_injured
2020,10,Mon,2,52.52850735,13.46678638,morning,8,daylight,0,wet,1,5,3,0,1,0,1,0,0,3,slightly_injured
2020,10,Thu,5,52.53307144,13.37994129,afternoon,14,daylight,0,wet,1,3,6,1,1,0,0,0,0,3,slightly_injured
2020,10,Mon,2,52.51103021,13.41636009,afternoon,17,dusk,1,wet,1,5,2,1,1,0,0,0,0,3,slightly_injured
2020,10,Wed,4,52.5239544,13.42645218,morning,10,daylight,0,wet,1,2,6,1,1,0,0,0,0,3,slightly_injured
2020,10,Mon,2,52.50683753,13.30094607,afternoon,17,dusk,1,dry,0,2,6,0,1,0,0,0,0,3,slightly_injured
2020,10,Wed,4,52.52536427,13.40348816,morning,9,daylight,0,wet,1,0,5,0,1,0,1,0,0,3,slightly_injured