ujahr,umonat,weekday,uwochentag,long,lat,time_of_day,ustunde,light_condition,ulichtverh,street_condition,ustrzustand,uart,utyp1,ist_rad,ist_pkw,ist_fuss,ist_krad,ist_gkfz,ist_sonstige,ukategorie,accident_outcome
2020,10,Fri,6,52.53852184,13.20054437,afternoon,15,daylight,0,dry,0,2,6,0,1,0,0,0,0,3,slightly_injured
2020,10,Fri,6,52.50189264,13.4170996,afternoon,15,dusk,1,wet,1,0,5,0,1,0,1,0,0,3,slightly_injured
2020,10,Thu,5,52.59357001,13.32130665,morning,6,dusk,1,wet,1,5,2,0,1,0,0,1,0,3,slightly_injured
2020,10,Fri,6,52.53614627,13.27406389,afternoon,16,daylight,0,wet,1,2,7,0,1,0,1,0,0,3,slightly_injured
2020,10,Fri,6,52.46571089,13.44716737,afternoon,16,daylight,0,wet,1,5,3,0,1,0,1,0,0,3,slightly_injured
2020,10,Tue,3,52.54054458,13.23219549,afternoon,13,daylight,0,dry,0,6,2,0,1,1,0,0,0,3,slightly_injured
2020,10,Wed,4,52.46242416,13.53109817,morning,6,daylight,0,wet,1,1,5,1,1,0,0,0,0,3,slightly_injured
2020,10,Mon,2,52.50813015,13.46336477,morning,9,daylight,0,wet,1,5,3,1,1,0,0,0,0,3,slightly_injured
2020,10,Fri,6,52.5190853,13.44402412,afternoon,17,dark,2,wet,1,5,7,1,0,0,0,0,1,3,slightly_injured
2020,10,Fri,6,52.47016063,13.29000374,afternoon,17,dusk,1,wet,1,0,3,1,1,0,0,0,0,3,slightly_injured
2020,10,Thu,5,52.51733046,13.58726265,afternoon,13,daylight,0,wet,1,1,5,0,1,0,0,0,0,3,slightly_injured
2020,10,Fri,6,52.5697865,13.44224808,afternoon,17,daylight,0,wet,1,4,1,0,1,0,0,0,0,2,seriously_injured
2020,10,Tue,3,52.50451372,13.39622831,afternoon,12,daylight,0,dry,0,1,5,1,1,0,0,0,0,3,slightly_injured
2020,10,Thu,5,52.53111285,13.40010162,afternoon,15,daylight,0,dry,0,6,7,0,0,1,0,0,1,3,slightly_injured
2020,10,Tue,3,52.46360009,13.43744474,evening,23,dark,2,wet,1,5,3,0,1,0,0,0,0,3,slightly_injured
2020,10,Wed,4,52.52722939,13.41561431,morning,7,dusk,1,dry,0,5,2,1,1,0,0,0,0,3,slightly_injured
2020,10,Thu,5,52.41492025,13.34692658,evening,18,dusk,1,dry,0,1,5,1,1,0,0,0,0,3,slightly_injured
2020,10,Thu,5,52.50528864,13.30325134,afternoon,12,daylight,0,dry,0,2,6,0,1,0,0,0,0,3,slightly_injured
2020,10,Tue,3,52.45593392,13.62045522,evening,21,dark,2,wet,1,0,1,0,0,0,1,0,0,2,seriously_injured
2020,10,Tue,3,52.49050436,13.31388612,morning,11,daylight,0,dry,0,5,2,1,1,0,0,0,0,3,slightly_injured
2020,10,Fri,6,52.50699055,13.39820954,evening,20,dark,2,wet,1,6,2,0,1,1,0,0,0,2,seriously_injured
2020,10,Thu,5,52.54392162,13.39923487,evening,19,dark,2,dry,0,3,5,0,1,0,1,0,0,3,slightly_injured
2020,10,Mon,2,52.44287798,13.33410385,evening,23,dark,2,dry,0,3,6,1,1,0,0,0,0,3,slightly_injured
2020,10,Tue,3,52.44676653,13.55869744,evening,20,dark,2,wet,1,9,1,0,1,0,0,0,0,3,slightly_injured
2020,10,Tue,3,52.55054993,13.43220407,morning,11,daylight,0,dry,0,2,6,0,1,0,0,0,0,3,slightly_injured
2020,10,Fri,6,52.48679087,13.34520476,morning,9,daylight,0,wet,1,5,3,1,1,0,0,0,0,3,slightly_injured
2020,10,Thu,5,52.55888449,13.40324514,afternoon,13,daylight,0,dry,0,0,7,0,1,0,0,0,0,3,slightly_injured
2020,10,Thu,5,52.5736662,13.38184868,afternoon,13,daylight,0,wet,1,4,6,0,1,0,0,0,0,2,seriously_injured
2020,10,Thu,5,52.47506681,13.3241537,afternoon,13,daylight,0,dry,0,5,3,1,0,0,0,0,0,3,slightly_injured
2020,10,Thu,5,52.51305028,13.32098126,afternoon,12,daylight,0,dry,0,5,3,0,1,0,0,0,0,3,slightly_injured
2020,10,Mon,2,52.51346681,13.51910845,evening,18,dark,2,dry,0,5,3,0,1,0,0,0,0,3,slightly_injured
2020,10,Wed,4,52.50938487,13.37662758,afternoon,13,daylight,0,dry,0,2,2,1,1,0,0,0,0,3,slightly_injured
2020,10,Thu,5,52.45443271,13.51732803,afternoon,12,daylight,0,dry,0,2,2,0,1,0,0,0,0,3,slightly_injured
2020,10,Thu,5,52.54030871,13.53734421,afternoon,12,daylight,0,dry,0,5,3,0,1,0,1,0,0,3,slightly_injured
2020,10,Mon,2,52.57651539,13.31511319,evening,23,dark,2,dry,0,5,3,0,1,0,0,0,0,3,slightly_injured
2020,10,Tue,3,52.50703626,13.31400579,morning,10,daylight,0,wet,1,5,7,1,1,0,0,0,0,3,slightly_injured
2020,10,Fri,6,52.47192676,13.38563207,morning,6,dark,2,wet,1,5,2,0,1,0,0,0,0,3,slightly_injured
2020,10,Thu,5,52.51377419,13.35007608,afternoon,12,daylight,0,dry,0,0,2,1,0,0,1,0,0,3,slightly_injured
2020,10,Thu,5,52.52627102,13.23995132,morning,10,daylight,0,wet,1,2,7,0,1,0,0,0,0,3,slightly_injured
2020,10,Thu,5,52.52920178,13.38475888,morning,8,daylight,0,wet,1,3,6,1,1,0,0,0,0,3,slightly_injured
2020,10,Thu,5,52.53608975,13.47364932,afternoon,12,daylight,0,dry,0,5,2,1,1,0,0,0,0,2,seriously_injured
2020,10,Thu,5,52.49135032,13.3964304,afternoon,12,daylight,0,dry,0,5,3,0,1,0,0,0,0,3,slightly_injured
2020,10,Mon,2,52.48193336,13.43367078,evening,22,dark,2,dry,0,5,2,1,1,0,0,0,0,3,slightly_injured
2020,10,Wed,4,52.53338895,13.44368088,afternoon,15,daylight,0,wet,1,2,6,0,1,0,0,0,0,3,slightly_injured
2020,10,Thu,5,52.43529547,13.54132534,evening,18,dark,2,dry,0,5,3,1,1,0,0,0,0,3,slightly_injured
2020,10,Thu,5,52.47408182,13.44654425,afternoon,15,daylight,0,wet,1,0,7,1,0,0,0,0,0,2,seriously_injured
2020,10,Thu,5,52.41845741,13.37732961,morning,10,daylight,0,dry,0,2,2,0,1,0,1,0,0,2,seriously_injured
2020,10,Thu,5,52.50885689,13.29623987,morning,10,daylight,0,dry,0,5,7,1,1,0,0,0,0,3,slightly_injured
2020,10,Mon,2,52.49113689,13.57596189,afternoon,17,dusk,1,dry,0,5,3,1,1,0,0,0,0,3,slightly_injured
2020,10,Wed,4,52.42765873,13.35520048,afternoon,14,daylight,0,dry,0,5,2,0,1,0,1,0,0,3,slightly_injured
2020,10,Fri,6,52.54912014,13.21025136,afternoon,15,daylight,0,wet,1,2,6,0,1,0,0,0,0,3,slightly_injured
2020,10,Thu,5,52.53638026,13.4102503,morning,10,daylight,0,dry,0,1,5,1,1,0,0,0,0,3,slightly_injured
2020,10,Mon,2,52.51662346,13.28973224,morning,8,daylight,0,wet,1,6,7,1,0,1,0,0,0,3,slightly_injured
2020,10,Tue,3,52.50039535,13.41404601,evening,21,dark,2,dry,0,5,3,1,1,0,0,0,0,3,slightly_injured
2020,10,Fri,6,52.50093908,13.27487642,afternoon,14,daylight,0,wet,1,2,6,0,1,0,0,0,0,3,slightly_injured
2020,10,Thu,5,52.44945605,13.3380544,morning,9,daylight,0,dry,0,1,6,0,1,0,0,0,0,3,slightly_injured
2020,10,Mon,2,52.46715322,13.33753609,evening,18,dusk,1,wet,1,5,2,0,1,0,0,0,0,3,slightly_injured
2020,10,Thu,5,52.43998726,13.30066207,afternoon,15,daylight,0,wet,1,0,7,1,1,0,0,0,0,2,seriously_injured
2020,10,Thu,5,52.46043248,13.37665079,morning,8,daylight,0,dry,0,1,5,1,1,0,0,0,0,3,slightly_injured
2020,10,Thu,5,52.528621,13.19251709,morning,7,daylight,0,wet,1,5,2,1,1,0,0,0,0,3,slightly_injured
2020,10,Thu,5,52.4603745,13.44092714,evening,23,dark,2,dry,0,1,5,0,1,0,1,0,0,3,slightly_injured
2020,10,Thu,5,52.55602381,13.38436288,evening,22,dark,2,dry,0,2,6,0,1,0,0,0,0,3,slightly_injured
2020,10,Mon,2,52.49891565,13.39581881,morning,11,daylight,0,dry,0,5,2,1,0,0,0,0,1,3,slightly_injured
2020,10,Wed,4,52.54550727,13.42794121,evening,18,dark,2,dry,0,5,2,1,1,0,0,0,0,2,seriously_injured
2020,10,Mon,2,52.5390414,13.39549859,morning,9,daylight,0,wet,1,2,6,0,0,0,0,0,1,3,slightly_injured
2020,10,Fri,6,52.50963207,13.3511246,afternoon,17,dusk,1,wet,1,0,2,1,0,0,1,0,0,3,slightly_injured
2020,10,Thu,5,52.46594424,13.43464976,evening,20,dark,2,dry,0,5,3,0,0,0,1,0,1,3,slightly_injured
2020,10,Thu,5,52.4482626,13.24735567,afternoon,15,daylight,0,dry,0,6,7,1,0,1,0,0,0,3,slightly_injured
2020,10,Mon,2,52.50699962,13.46847179,morning,9,daylight,0,dry,0,2,6,0,1,0,0,0,0,3,slightly_injured
2020,10,Fri,6,52.48731859,13.18180909,evening,19,dark,2,wet,1,2,6,0,1,0,0,0,0,2,seriously_injured
2020,10,Thu,5,52.53977079,13.40136536,evening,19,dark,2,dry,0,0,1,1,0,0,0,0,0,3,slightly_injured
2020,10,Tue,3,52.51113713,13.32299774,afternoon,15,daylight,0,dry,0,3,6,0,1,0,0,0,0,3,slightly_injured
2020,10,Fri,6,52.60982511,13.47397452,afternoon,16,daylight,0,wet,1,5,3,0,1,0,0,0,0,3,slightly_injured
2020,10,Thu,5,52.44501754,13.48119598,evening,20,dark,2,dry,0,3,6,1,1,0,0,0,0,3,slightly_injured
2020,10,Thu,5,52.42388892,13.25159635,evening,19,dark,2,dry,0,5,2,1,0,0,0,0,0,2,seriously_injured
2020,10,Thu,5,52.48738458,13.3858689,morning,10,daylight,0,dry,0,6,4,1,1,1,0,0,0,2,seriously_injured
2020,10,Wed,4,52.52853222,13.39380154,morning,11,daylight,0,dry,0,5,2,1,1,0,0,0,0,3,slightly_injured
2020,10,Thu,5,52.50795763,13.47939107,evening,19,dark,2,dry,0,4,6,0,1,0,0,0,1,3,slightly_injured
2020,10,Thu,5,52.50242042,13.43935855,afternoon,17,daylight,0,dry,0,2,6,0,1,0,0,0,0,3,slightly_injured
2020,10,Mon,2,52.49929684,13.2701103,morning,11,daylight,0,dry,0,0,6,0,1,0,1,0,0,2,seriously_injured
2020,10,Wed,4,52.46954159,13.55327095,morning,6,dark,2,wet,1,2,6,0,1,0,0,0,0,3,slightly_injured
2020,10,Mon,2,52.52952449,13.31488818,morning,9,daylight,0,wet,1,5,3,0,1,0,1,0,0,3,slightly_injured
2020,10,Fri,6,52.57462325,13.37361261,morning,9,daylight,0,wet,1,5,3,1,1,0,0,0,0,3,slightly_injured
2020,10,Thu,5,52.55972662,13.44873459,afternoon,16,daylight,0,dry,0,5,3,1,1,0,0,0,0,3,slightly_injured
2020,10,Thu,5,52.51831747,13.30841111,afternoon,13,daylight,0,dry,0,0,6,1,1,0,0,0,0,3,slightly_injured
2020,10,Thu,5,52.48662803,13.53022489,afternoon,15,daylight,0,dry,0,5,3,1,1,0,0,0,0,3,slightly_injured
2020,10,Thu,5,52.46421978,13.48894252,afternoon,16,daylight,0,dry,0,5,2,1,1,0,0,0,0,3,slightly_injured
2020,10,Mon,2,52.59690724,13.36319717,morning,11,daylight,0,dry,0,5,3,1,1,0,0,0,0,3,slightly_injured
2020,10,Wed,4,52.49967069,13.4163087,morning,11,daylight,0,dry,0,2,7,1,1,0,0,0,0,3,slightly_injured
2020,10,Thu,5,52.48261598,13.34302798,afternoon,16,daylight,0,dry,0,5,5,1,1,0,0,0,0,3,slightly_injured
2020,10,Thu,5,52.47999561,13.3365405,afternoon,15,daylight,0,dry,0,1,5,1,1,0,0,0,0,3,slightly_injured
2020,10,Mon,2,52.46080205,13.3485612,morning,9,daylight,0,wet,1,0,7,0,1,0,0,1,0,3,slightly_injured
2020,10,Thu,5,52.50558066,13.51489821,afternoon,15,daylight,0,dry,0,6,3,0,1,1,0,0,0,3,slightly_injured
2020,10,Thu,5,52.57022599,13.56915459,afternoon,15,daylight,0,dry,0,5,3,1,1,0,0,0,0,3,slightly_injured
2020,10,Mon,2,52.53288195,13.38018045,morning,9,daylight,0,wet,1,5,2,1,1,0,0,0,0,3,slightly_injured
2020,10,Wed,4,52.45420959,13.31790427,evening,22,dark,2,dry,0,6,4,0,1,1,0,0,0,3,slightly_injured
2020,10,Thu,5,52.56032889,13.35897149,afternoon,15,daylight,0,dry,0,6,4,0,1,1,0,0,0,3,slightly_injured
2020,10,Thu,5,52.54486636,13.4272836,morning,8,daylight,0,dry,0,2,6,0,1,0,1,0,0,3,slightly_injured
2020,10,Mon,2,52.60194672,13.24067438,morning,9,daylight,0,wet,1,5,3,0,1,0,0,0,0,3,slightly_injured
2020,10,Tue,3,52.51007911,13.27163631,afternoon,13,daylight,0,dry,0,2,2,0,1,0,1,0,0,3,slightly_injured
2020,10,Fri,6,52.53289702,13.19854196,evening,19,dark,2,wet,1,5,3,0,1,0,0,0,0,3,slightly_injured
2020,10,Thu,5,52.44315216,13.38044173,morning,7,dusk,1,dry,0,6,4,1,0,1,0,0,0,2,seriously_injured
2020,10,Thu,5,52.43853763,13.27618428,evening,20,dark,2,dry,0,5,3,1,1,0,0,0,0,3,slightly_injured
2020,10,Thu,5,52.46124981,13.32482954,afternoon,15,daylight,0,dry,0,6,2,0,1,1,0,0,0,3,slightly_injured
2020,10,Thu,5,52.44317623,13.31559681,night,0,dark,2,dry,0,5,3,0,1,0,0,0,1,2,seriously_injured
2020,10,Mon,2,52.5449284,13.5445744,morning,9,daylight,0,wet,1,5,3,0,1,0,1,0,0,3,slightly_injured
2020,10,Wed,4,52.51782483,13.43288256,afternoon,13,daylight,0,dry,0,5,2,1,1,0,0,0,0,3,slightly_injured
2020,10,Thu,5,52.55266805,13.42575826,afternoon,13,daylight,0,dry,0,5,2,1,1,0,0,0,0,3,slightly_injured
2020,10,Mon,2,52.53696179,13.3924674,morning,8,daylight,0,wet,1,0,1,0,0,0,1,0,0,2,seriously_injured
2020,10,Tue,3,52.48199094,13.29596889,afternoon,14,daylight,0,dry,0,5,2,1,1,0,0,0,0,3,slightly_injured
2020,10,Fri,6,52.49602416,13.38993054,afternoon,12,daylight,0,wet,1,2,6,0,1,0,0,0,0,3,slightly_injured
2020,10,Thu,5,52.52560274,13.45814609,afternoon,13,daylight,0,dry,0,5,2,1,0,0,1,0,0,3,slightly_injured
2020,10,Mon,2,52.41742231,13.43815534,morning,8,daylight,0,wet,1,5,3,0,1,0,0,0,0,3,slightly_injured
2020,10,Tue,3,52.56795493,13.31048084,evening,19,dark,2,wet,1,5,3,1,1,0,0,0,0,3,slightly_injured
2020,10,Fri,6,52.49399034,13.55843257,morning,7,dusk,1,wet,1,5,3,1,1,0,0,0,0,3,slightly_injured
2020,10,Thu,5,52.46819407,13.46647893,afternoon,13,daylight,0,wet,1,5,3,0,1,0,0,0,0,3,slightly_injured
2020,10,Thu,5,52.47411891,13.29439278,evening,18,dark,2,wet,1,3,6,0,1,0,1,0,0,3,slightly_injured
2020,10,Thu,5,52.54465276,13.37843886,morning,9,daylight,0,dry,0,2,6,0,1,0,0,0,0,3,slightly_injured
2020,10,Thu,5,52.64509936,13.30216201,afternoon,13,daylight,0,dry,0,0,3,0,1,0,1,0,0,3,slightly_injured
2020,10,Wed,4,52.56421921,13.35264775,afternoon,14,daylight,0,dry,0,3,6,0,1,0,0,0,0,3,slightly_injured
2020,10,Mon,2,52.60963822,13.48154659,morning,7,dusk,1,dry,0,2,6,0,1,0,0,0,0,3,slightly_injured
2020,10,Wed,4,52.55658105,13.37354018,morning,8,daylight,0,wet,1,2,6,0,1,0,0,0,0,3,slightly_injured
2020,10,Fri,6,52.50358618,13.33844707,night,5,dark,2,wet,1,1,5,1,0,0,0,1,0,3,slightly_injured
2020,10,Wed,4,52.53792313,13.22908528,morning,11,daylight,0,wet,1,2,6,0,1,0,0,0,0,3,slightly_injured
2020,10,Mon,2,52.54180816,13.33575823,night,5,dark,2,wet,1,2,2,0,1,0,0,0,0,3,slightly_injured
2020,10,Tue,3,52.57862805,13.28408254,afternoon,16,daylight,0,dry,0,5,3,0,1,0,0,0,0,3,slightly_injured
2020,10,Fri,6,52.52479313,13.33625737,afternoon,14,daylight,0,wet,1,2,6,0,1,0,1,0,0,3,slightly_injured
2020,10,Wed,4,52.53540723,13.51751155,morning,10,daylight,0,wet,1,5,2,0,1,0,0,0,0,3,slightly_injured
2020,10,Wed,4,52.55227145,13.38166344,evening,18,dark,2,dry,0,5,2,1,1,0,0,0,0,3,slightly_injured
2020,10,Thu,5,52.52782963,13.35143799,morning,6,dusk,1,wet,1,0,2,0,1,0,1,0,0,3,slightly_injured
2020,10,Wed,4,52.51148138,13.47507095,evening,19,dark,2,wet,1,2,6,0,1,0,0,0,0,3,slightly_injured
2020,10,Wed,4,52.52667746,13.48543454,afternoon,17,dusk,1,dry,0,5,7,0,0,0,1,0,1,2,seriously_injured
2020,10,Thu,5,52.49848842,13.31223633,morning,9,daylight,0,wet,1,0,6,1,1,0,0,0,0,3,slightly_injured
2020,10,Thu,5,52.5842675,13.32114552,morning,8,daylight,0,dry,0,2,6,0,1,0,0,0,0,3,slightly_injured
2020,10,Wed,4,52.48377773,13.43586269,afternoon,15,daylight,0,wet,1,6,4,0,1,1,0,0,0,3,slightly_injured
2020,10,Wed,4,52.48772415,13.3761534,afternoon,17,dusk,1,dry,0,2,6,0,1,0,0,0,0,3,slightly_injured
2020,10,Mon,2,52.47680079,13.50547681,night,1,dark,2,wet,1,8,1,0,1,0,0,0,0,3,slightly_injured
2020,10,Wed,4,52.63013571,13.28030439,morning,9,daylight,0,dry,0,5,3,0,1,0,0,0,1,3,slightly_injured
2020,10,Mon,2,52.53109205,13.3190759,morning,7,daylight,0,wet,1,5,3,1,1,0,0,0,0,3,slightly_injured
2020,10,Fri,6,52.43042679,13.31243276,afternoon,16,dark,2,wet,1,5,3,0,1,0,0,0,0,3,slightly_injured
2020,10,Wed,4,52.52655368,13.39839794,afternoon,15,daylight,0,dry,0,6,2,0,1,1,0,0,0,3,slightly_injured
2020,10,Mon,2,52.41403571,13.41049786,afternoon,17,dark,2,wet,1,5,3,0,1,0,0,0,0,2,seriously_injured
2020,10,Tue,3,52.47676938,13.42024805,morning,9,daylight,0,dry,0,5,3,1,1,0,0,0,0,3,slightly_injured
2020,10,Thu,5,52.43903551,13.26369607,afternoon,14,daylight,0,dry,0,1,5,0,1,0,0,0,0,3,slightly_injured
2020,10,Wed,4,52.52960515,13.5580272,afternoon,15,daylight,0,dry,0,6,4,0,0,1,0,0,1,3,slightly_injured
2020,10,Mon,2,52.54084148,13.5698893,afternoon,14,daylight,0,dry,0,6,2,0,1,1,0,0,0,3,slightly_injured
2020,10,Wed,4,52.55640962,13.37564172,afternoon,12,daylight,0,wet,1,9,1,0,1,0,0,0,0,3,slightly_injured
2020,10,Wed,4,52.56793218,13.36228983,afternoon,14,daylight,0,dry,0,5,2,1,1,0,0,0,0,3,slightly_injured
2020,10,Wed,4,52.52619928,13.33535654,afternoon,16,dusk,1,dry,0,0,5,0,0,0,1,0,1,3,slightly_injured
2020,10,Wed,4,52.53312093,13.47639637,afternoon,13,daylight,0,wet,1,0,1,1,0,0,0,0,0,3,slightly_injured
2020,10,Wed,4,52.58981512,13.42457504,afternoon,12,daylight,0,wet,1,5,3,1,1,0,0,0,0,2,seriously_injured
2020,10,Mon,2,52.50646276,13.30674156,afternoon,14,daylight,0,dry,0,6,7,0,0,1,0,0,1,3,slightly_injured
2020,10,Tue,3,52.50009771,13.42298674,afternoon,16,daylight,0,dry,0,6,4,1,0,1,0,0,0,3,slightly_injured
2020,10,Fri,6,52.40948054,13.41066787,morning,9,daylight,0,wet,1,3,6,1,1,0,0,0,0,3,slightly_injured
2020,10,Tue,3,52.53390668,13.33929438,afternoon,13,daylight,0,dry,0,5,3,1,0,0,0,0,1,3,slightly_injured
2020,11,Fri,6,52.50731827,13.32980814,afternoon,15,daylight,0,dry,0,1,5,1,1,0,0,0,0,3,slightly_injured
2020,11,Mon,2,52.498644,13.33069024,morning,8,daylight,0,wet,1,2,6,0,1,0,0,0,0,3,slightly_injured
2020,11,Tue,3,52.49187549,13.60858084,morning,6,dark,2,wet,1,0,3,1,1,0,0,0,0,3,slightly_injured
2020,11,Mon,2,52.4689643,13.33272105,evening,19,dark,2,dry,0,5,3,0,1,0,0,0,0,3,slightly_injured
2020,11,Sat,7,52.52281459,13.32968901,night,2,dark,2,wet,1,0,1,0,0,0,1,0,0,3,slightly_injured
2020,11,Thu,5,52.5259918,13.45892641,morning,10,daylight,0,dry,0,5,3,1,1,0,0,0,0,3,slightly_injured
2020,11,Mon,2,52.41204307,13.34691019,afternoon,13,daylight,0,dry,0,5,3,1,1,0,0,0,0,3,slightly_injured
2020,11,Fri,6,52.45680998,13.35924957,afternoon,14,daylight,0,dry,0,5,2,1,1,0,0,0,0,3,slightly_injured
2020,11,Tue,3,52.53685863,13.62110836,afternoon,16,dusk,1,dry,0,0,2,1,1,0,0,0,0,3,slightly_injured
2020,11,Sun,1,52.49895451,13.41687289,evening,22,dark,2,dry,0,2,7,1,0,0,0,0,1,3,slightly_injured
2020,11,Sat,7,52.4421196,13.33135704,morning,11,daylight,0,dry,0,5,3,1,1,0,0,0,0,2,seriously_injured
2020,11,Sun,1,52.54801065,13.29696246,afternoon,14,daylight,0,dry,0,5,3,0,1,0,1,0,0,2,seriously_injured
2020,11,Wed,4,52.51442763,13.49007363,afternoon,12,daylight,0,dry,0,6,4,0,1,1,0,0,0,3,slightly_injured
2020,11,Mon,2,52.47157142,13.3844986,morning,7,daylight,0,wet,1,5,2,0,1,0,0,0,1,3,slightly_injured
2020,11,Fri,6,52.528753,13.45761259,morning,6,dusk,1,dry,0,2,2,0,1,0,0,0,0,3,slightly_injured
2020,11,Sun,1,52.43215128,13.4957606,afternoon,12,daylight,0,wet,1,0,1,1,0,0,0,0,0,3,slightly_injured
2020,11,Tue,3,52.48256708,13.38104532,morning,11,daylight,0,dry,0,5,2,1,0,0,0,1,0,2,seriously_injured
2020,11,Fri,6,52.58323904,13.30394113,morning,10,daylight,0,dry,0,0,3,0,1,0,0,0,1,3,slightly_injured
2020,11,Wed,4,52.50226337,13.29645285,evening,19,dark,2,dry,0,6,4,1,0,1,0,0,0,3,slightly_injured
2020,11,Mon,2,52.4864286,13.32226307,morning,11,daylight,0,wet,1,5,2,1,0,0,0,0,1,3,slightly_injured
2020,11,Thu,5,52.55227777,13.3816479,afternoon,17,dark,2,dry,0,5,2,1,1,0,0,0,0,3,slightly_injured
2020,11,Tue,3,52.40391658,13.53739184,afternoon,14,daylight,0,dry,0,0,1,0,0,0,1,0,0,3,slightly_injured
2020,11,Mon,2,52.54879478,13.45273509,afternoon,15,daylight,0,dry,0,2,2,1,1,0,0,0,0,3,slightly_injured
2020,11,Thu,5,52.55649968,13.37393985,afternoon,14,daylight,0,dry,0,5,2,1,1,0,0,0,0,3,slightly_injured
2020,11,Tue,3,52.50005969,13.41841315,morning,10,daylight,0,dry,0,2,6,1,1,0,0,0,0,3,slightly_injured
2020,11,Sat,7,52.55658942,13.21820746,morning,10,daylight,0,dry,0,6,7,0,1,1,0,0,0,3,slightly_injured
2020,11,Sun,1,52.45448144,13.31910613,evening,18,dark,2,dry,0,5,2,0,1,0,1,0,0,3,slightly_injured
2020,11,Wed,4,52.53824027,13.41920187,afternoon,16,dusk,1,dry,0,0,1,1,0,0,0,0,0,3,slightly_injured
2020,11,Mon,2,52.43488973,13.48810093,morning,8,daylight,0,wet,1,5,3,0,1,0,0,0,0,3,slightly_injured
2020,11,Fri,6,52.49873686,13.41216808,night,0,dark,2,dry,0,5,3,0,1,0,0,0,0,3,slightly_injured
2020,11,Sun,1,52.54492803,13.5916184,afternoon,13,daylight,0,dry,0,5,2,0,1,0,0,0,0,3,slightly_injured
2020,11,Tue,3,52.47824825,13.42588615,afternoon,12,daylight,0,dry,0,6,2,0,1,1,0,0,0,3,slightly_injured
2020,11,Fri,6,52.55357069,13.41471565,afternoon,13,daylight,0,dry,0,0,2,1,1,0,0,0,0,3,slightly_injured
2020,11,Wed,4,52.44030302,13.43469529,afternoon,15,daylight,0,dry,0,5,2,1,1,0,0,0,0,3,slightly_injured
2020,11,Thu,5,52.51833219,13.28039594,morning,7,daylight,0,dry,0,5,3,1,1,0,0,0,0,3,slightly_injured
2020,11,Tue,3,52.42636971,13.5287576,afternoon,13,daylight,0,dry,0,2,6,0,1,0,0,0,0,3,slightly_injured
2020,11,Fri,6,52.56277848,13.39426155,evening,20,dark,2,wet,1,0,4,0,0,1,1,0,0,3,slightly_injured
2020,11,Sun,1,52.41754736,13.58044236,afternoon,12,daylight,0,wet,1,0,1,1,0,0,0,0,0,3,slightly_injured
2020,11,Wed,4,52.46856278,13.31235581,morning,8,daylight,0,dry,0,1,5,1,1,0,0,0,0,3,slightly_injured
2020,11,Mon,2,52.51243591,13.45929779,afternoon,17,dark,2,dry,0,5,3,1,1,0,0,0,0,3,slightly_injured
2020,11,Sun,1,52.43173892,13.26001095,morning,8,daylight,0,dry,0,0,1,0,1,0,0,0,0,3,slightly_injured
2020,11,Thu,5,52.52610791,13.51973228,night,5,dark,2,dry,0,5,2,1,1,0,0,0,0,3,slightly_injured
2020,11,Sun,1,52.53981853,13.33994461,afternoon,12,daylight,0,wet,1,0,1,0,0,0,1,0,0,3,slightly_injured
2020,11,Sat,7,52.54573835,13.37696448,evening,21,dark,2,dry,0,5,2,1,1,0,0,0,0,3,slightly_injured
2020,11,Sun,1,52.56986176,13.34362432,afternoon,12,daylight,0,wet,1,1,5,0,1,0,0,0,0,3,slightly_injured
2020,11,Wed,4,52.48948079,13.40653143,morning,10,daylight,0,dry,0,2,3,1,0,0,0,0,0,3,slightly_injured
2020,11,Sun,1,52.52776462,13.58939471,afternoon,14,daylight,0,dry,0,0,1,0,0,0,0,0,1,3,slightly_injured
2020,11,Thu,5,52.41344979,13.49046719,morning,10,daylight,0,dry,0,0,1,0,0,0,1,0,0,2,seriously_injured
2020,11,Sun,1,52.44432029,13.31547547,morning,10,daylight,0,wet,1,1,1,1,0,0,1,0,0,3,slightly_injured
2020,11,Tue,3,52.56244007,13.35349672,afternoon,14,daylight,0,dry,0,0,6,0,1,0,0,0,0,3,slightly_injured
2020,11,Fri,6,52.45943966,13.30886098,morning,7,daylight,0,wet,1,1,5,0,1,0,0,0,0,3,slightly_injured
2020,11,Wed,4,52.4911657,13.41536104,afternoon,14,daylight,0,dry,0,2,6,0,1,0,0,0,0,3,slightly_injured
2020,11,Sun,1,52.50437694,13.3343555,night,5,dark,2,dry,0,3,6,0,1,0,1,0,0,3,slightly_injured
2020,11,Thu,5,52.5449802,13.59173088,afternoon,13,daylight,0,dry,0,5,3,0,1,0,0,0,0,2,seriously_injured
2020,11,Tue,3,52.50077593,13.36379355,afternoon,15,dusk,1,dry,0,5,2,1,1,0,0,0,0,3,slightly_injured