ujahr,umonat,weekday,uwochentag,long,lat,time_of_day,ustunde,light_condition,ulichtverh,street_condition,ustrzustand,uart,utyp1,ist_rad,ist_pkw,ist_fuss,ist_krad,ist_gkfz,ist_sonstige,ukategorie,accident_outcome
2020,11,Fri,6,52.45724467,13.31971971,evening,18,dark,2,dry,0,6,7,1,0,1,0,0,0,3,slightly_injured
2020,11,Sun,1,52.50220342,13.35346958,night,4,dark,2,dry,0,0,1,0,0,0,0,0,1,3,slightly_injured
2020,11,Tue,3,52.57877317,13.28388089,afternoon,12,daylight,0,dry,0,0,1,1,0,0,0,0,0,3,slightly_injured
2020,11,Mon,2,52.54329319,13.57048142,afternoon,16,dusk,1,dry,0,5,7,0,1,0,0,0,0,3,slightly_injured
2020,11,Sat,7,52.4984865,13.3594495,evening,22,dark,2,dry,0,6,4,0,1,1,0,0,0,3,slightly_injured
2020,11,Thu,5,52.54865808,13.42054115,evening,18,dark,2,dry,0,5,2,1,1,0,0,0,0,3,slightly_injured
2020,11,Mon,2,52.43882016,13.22642075,afternoon,17,dark,2,dry,0,5,3,0,1,0,0,0,0,3,slightly_injured
2020,11,Fri,6,52.54665819,13.44655213,afternoon,16,dusk,1,dry,0,5,3,1,1,0,0,0,0,3,slightly_injured
2020,11,Tue,3,52.51424485,13.56302918,afternoon,12,daylight,0,wet,1,0,2,1,1,0,0,0,0,3,slightly_injured
2020,11,Sun,1,52.50621709,13.31399377,afternoon,17,dark,2,dry,0,5,7,0,1,0,0,0,0,3,slightly_injured
2020,11,Sun,1,52.54257633,13.4958984,afternoon,12,daylight,0,dry,0,1,5,1,0,0,0,0,1,2,seriously_injured
2020,11,Sat,7,52.45294522,13.59347856,afternoon,13,daylight,0,dry,0,5,2,1,1,0,0,0,0,3,slightly_injured
2020,11,Mon,2,52.53580599,13.60136181,morning,8,daylight,0,dry,0,5,2,0,1,0,0,0,0,3,slightly_injured
2020,11,Fri,6,52.46984379,13.37202369,evening,19,dark,2,dry,0,5,2,0,1,0,0,0,0,3,slightly_injured
2020,11,Wed,4,52.58410802,13.28838301,morning,10,daylight,0,dry,0,5,2,1,1,0,0,0,0,3,slightly_injured
2020,11,Sun,1,52.56241515,13.32871414,afternoon,15,daylight,0,dry,0,0,2,0,1,0,1,0,0,3,slightly_injured
2020,11,Sat,7,52.4571125,13.32007137,afternoon,17,dark,2,dry,0,2,6,0,1,0,0,0,0,3,slightly_injured
2020,11,Thu,5,52.5712941,13.41045246,morning,11,daylight,0,dry,0,5,3,1,1,0,0,0,0,3,slightly_injured
2020,11,Tue,3,52.52694888,13.23720598,evening,18,dark,2,dry,0,2,6,0,1,0,0,0,0,3,slightly_injured
2020,11,Fri,6,52.53052241,13.38284242,evening,22,dark,2,dry,0,6,2,0,0,1,1,0,0,2,seriously_injured
2020,11,Sun,1,52.5697886,13.31137099,afternoon,17,dark,2,dry,0,5,3,0,1,0,0,0,0,3,slightly_injured
2020,11,Tue,3,52.60978187,13.25550266,morning,7,daylight,0,dry,0,5,2,1,0,0,1,0,0,3,slightly_injured
2020,11,Mon,2,52.43479975,13.46983099,afternoon,16,dusk,1,dry,0,2,6,0,1,0,0,0,0,3,slightly_injured
2020,11,Sat,7,52.52463574,13.53863194,morning,8,daylight,0,wet,1,5,3,0,1,0,0,0,0,3,slightly_injured
2020,11,Thu,5,52.42636803,13.52665017,afternoon,15,daylight,0,dry,0,5,2,1,0,0,0,0,1,3,slightly_injured
2020,11,Mon,2,52.5405295,13.37991795,afternoon,16,dusk,1,wet,1,3,2,1,1,0,0,0,0,3,slightly_injured
2020,11,Fri,6,52.53443014,13.56624861,afternoon,13,daylight,0,dry,0,2,6,0,1,0,0,0,0,3,slightly_injured
2020,11,Tue,3,52.56304833,13.50425431,afternoon,12,daylight,0,dry,0,6,4,0,0,1,0,0,1,3,slightly_injured
2020,11,Sun,1,52.45185652,13.32074649,afternoon,17,dark,2,dry,0,6,2,0,1,1,0,0,0,3,slightly_injured
2020,11,Sat,7,52.55569708,13.20695937,morning,10,daylight,0,dry,0,2,6,0,1,0,1,0,0,3,slightly_injured
2020,11,Sun,1,52.55698414,13.52812648,afternoon,16,dusk,1,dry,0,5,3,0,1,0,0,0,0,3,slightly_injured
2020,11,Wed,4,52.53176394,13.34946194,evening,18,dark,2,dry,0,5,3,1,1,0,0,0,0,3,slightly_injured
2020,11,Mon,2,52.5046934,13.47766568,morning,10,daylight,0,wet,1,0,1,0,0,0,1,0,0,3,slightly_injured
2020,11,Fri,6,52.46848961,13.46754471,morning,8,daylight,0,wet,1,0,7,1,0,0,0,0,0,3,slightly_injured
2020,10,Sat,7,52.5195821,13.27227181,evening,23,dark,2,dry,0,6,4,0,1,1,1,0,0,1,killed
2020,11,Tue,3,52.41272289,13.36062131,afternoon,12,daylight,0,dry,0,2,6,0,1,0,1,0,0,3,slightly_injured
2020,10,Sat,7,52.57663473,13.3146422,evening,18,dark,2,wet,1,2,6,0,1,0,0,0,1,3,slightly_injured
2020,11,Thu,5,52.54755662,13.41176795,morning,8,daylight,0,dry,0,0,6,1,1,0,0,0,0,3,slightly_injured
2020,11,Tue,3,52.50649903,13.30894247,morning,8,daylight,0,dry,0,2,6,0,1,0,0,0,0,3,slightly_injured
2020,11,Fri,6,52.49595538,13.38942513,afternoon,13,daylight,0,dry,0,5,2,1,1,0,0,0,0,3,slightly_injured
2020,10,Sat,7,52.57130198,13.3375582,afternoon,17,dark,2,wet,1,4,5,0,1,0,1,0,0,3,slightly_injured
2020,11,Tue,3,52.5234166,13.45337084,morning,9,daylight,0,dry,0,0,1,1,0,0,0,0,0,3,slightly_injured
2020,11,Sat,7,52.49736628,13.46474518,afternoon,12,daylight,0,dry,0,5,2,1,1,0,0,0,0,3,slightly_injured
2020,11,Thu,5,52.51042906,13.43037543,afternoon,13,daylight,0,dry,0,5,3,0,1,0,0,0,1,3,slightly_injured
2020,11,Mon,2,52.47860885,13.44173493,afternoon,14,daylight,0,dry,0,5,3,1,1,0,0,0,0,3,slightly_injured
2020,11,Thu,5,52.49788188,13.39578101,evening,22,dark,2,dry,0,5,2,1,0,0,1,0,0,2,seriously_injured
2020,11,Tue,3,52.58260961,13.34124117,morning,9,daylight,0,wet,1,5,7,0,1,0,1,0,0,3,slightly_injured
2020,11,Sat,7,52.53191041,13.34337108,morning,9,daylight,0,dry,0,6,4,1,0,1,0,0,0,3,slightly_injured
2020,10,Sat,7,52.46642006,13.43184809,afternoon,17,dark,2,dry,0,5,3,0,1,0,0,0,0,3,slightly_injured
2020,11,Wed,4,52.47047684,13.42965759,afternoon,14,daylight,0,dry,0,1,5,0,1,0,0,0,0,3,slightly_injured
2020,11,Fri,6,52.53684324,13.60112807,afternoon,12,daylight,0,dry,0,0,7,0,1,0,0,0,0,3,slightly_injured
2020,10,Sat,7,52.56445527,13.32627901,afternoon,16,dusk,1,wet,1,0,2,1,0,0,0,0,1,3,slightly_injured
2020,11,Tue,3,52.52955611,13.17987169,afternoon,13,daylight,0,dry,0,2,7,0,1,1,0,0,0,3,slightly_injured
2020,11,Fri,6,52.52520156,13.40341036,morning,11,daylight,0,dry,0,6,7,0,0,1,0,1,0,3,slightly_injured
2020,11,Wed,4,52.53540593,13.39022546,afternoon,14,daylight,0,wet,1,5,3,0,1,0,1,0,0,3,slightly_injured
2020,11,Fri,6,52.48850583,13.40771813,morning,8,daylight,0,dry,0,5,2,1,0,0,0,0,0,3,slightly_injured
2020,11,Wed,4,52.45736126,13.35597556,evening,18,dark,2,dry,0,2,6,0,1,0,0,0,0,3,slightly_injured
2020,11,Sun,1,52.55979951,13.42247807,evening,19,dark,2,dry,0,5,3,0,1,0,0,0,0,3,slightly_injured
2020,11,Thu,5,52.52868406,13.39732857,afternoon,16,dusk,1,dry,0,0,3,1,0,0,0,0,0,3,slightly_injured
2020,11,Tue,3,52.43834758,13.55524767,evening,20,dark,2,dry,0,1,5,1,0,0,0,0,1,3,slightly_injured
2020,11,Fri,6,52.46037131,13.38774522,morning,7,dusk,1,wet,1,5,3,1,1,0,0,0,0,3,slightly_injured
2020,10,Sat,7,52.4779122,13.61141659,afternoon,16,dark,2,wet,1,5,3,0,1,0,0,0,0,3,slightly_injured
2020,11,Wed,4,52.45381648,13.62507109,morning,9,daylight,0,dry,0,5,2,1,1,0,0,0,0,3,slightly_injured
2020,11,Sun,1,52.53064927,13.38331246,afternoon,12,daylight,0,dry,0,3,6,1,1,0,0,0,0,3,slightly_injured
2020,11,Thu,5,52.47626805,13.30963423,night,5,dark,2,wet,1,6,2,0,1,1,0,0,0,3,slightly_injured
2020,10,Sat,7,52.54754161,13.4780516,afternoon,16,dusk,1,wet,1,1,5,1,1,0,0,0,0,3,slightly_injured
2020,11,Tue,3,52.52885446,13.38518797,afternoon,16,dusk,1,dry,0,0,5,0,1,0,1,0,0,3,slightly_injured
2020,11,Fri,6,52.4323095,13.53515491,morning,7,daylight,0,dry,0,5,2,0,1,0,0,1,0,2,seriously_injured
2020,11,Wed,4,52.43408339,13.70660912,afternoon,13,daylight,0,dry,0,5,3,1,1,0,0,0,0,3,slightly_injured
2020,11,Sun,1,52.49775686,13.39539702,night,0,dark,2,dry,0,5,3,1,1,0,0,0,0,3,slightly_injured
2020,11,Thu,5,52.53868659,13.20048127,afternoon,13,daylight,0,dry,0,6,4,0,0,1,0,0,1,3,slightly_injured
2020,11,Tue,3,52.57760047,13.33270642,afternoon,15,daylight,0,dry,0,5,7,0,1,0,0,0,1,3,slightly_injured
2020,11,Fri,6,52.51969579,13.53075603,afternoon,16,dusk,1,dry,0,5,3,0,1,0,0,0,0,3,slightly_injured
2020,10,Sat,7,52.48736477,13.38609801,afternoon,16,dusk,1,wet,1,0,2,1,0,0,0,0,1,3,slightly_injured
2020,11,Tue,3,52.46436998,13.48894716,morning,10,daylight,0,wet,1,0,3,1,1,0,0,0,0,3,slightly_injured
2020,11,Mon,2,52.41311376,13.35754757,afternoon,15,daylight,0,dry,0,5,7,0,1,0,1,0,0,3,slightly_injured
2020,11,Thu,5,52.46586298,13.32448499,afternoon,16,dark,2,dry,0,5,3,1,1,0,0,0,0,3,slightly_injured
2020,11,Tue,3,52.47034715,13.56019889,afternoon,13,daylight,0,dry,0,4,7,0,1,0,1,0,0,3,slightly_injured
2020,11,Fri,6,52.47039069,13.57288204,evening,19,dark,2,dry,0,0,3,0,1,0,1,0,0,3,slightly_injured
2020,10,Sat,7,52.48100635,13.42648307,afternoon,14,daylight,0,wet,1,1,5,1,1,0,0,0,0,3,slightly_injured
2020,11,Wed,4,52.53044625,13.56182235,morning,7,daylight,0,dry,0,5,3,0,1,0,0,0,0,3,slightly_injured
2020,11,Mon,2,52.50975555,13.42973424,afternoon,15,daylight,0,dry,0,3,6,1,1,0,0,0,0,3,slightly_injured
2020,11,Sat,7,52.55455873,13.22553864,afternoon,13,daylight,0,dry,0,0,7,0,1,0,0,0,0,3,slightly_injured
2020,11,Thu,5,52.50058852,13.44158236,evening,20,dark,2,dry,0,6,7,1,0,1,0,0,0,3,slightly_injured
2020,11,Mon,2,52.56019044,13.57502747,morning,9,daylight,0,wet,1,0,1,0,0,0,1,0,0,3,slightly_injured
2020,11,Fri,6,52.54880852,13.36298478,evening,18,dark,2,dry,0,5,3,1,1,0,0,0,0,3,slightly_injured
2020,11,Wed,4,52.54350628,13.34755682,morning,6,dark,2,dry,0,2,6,0,1,0,0,0,0,3,slightly_injured
2020,11,Mon,2,52.49456237,13.51908909,evening,21,dark,2,wet,1,5,5,0,1,0,1,0,0,2,seriously_injured
2020,11,Sun,1,52.53716982,13.21920676,afternoon,13,daylight,0,dry,0,5,2,0,1,0,0,0,0,3,slightly_injured
2020,11,Sat,7,52.51092733,13.27003538,afternoon,13,daylight,0,dry,0,6,7,0,1,1,0,0,0,3,slightly_injured
2020,11,Thu,5,52.54652702,13.33332289,morning,10,daylight,0,wet,1,0,5,1,1,0,0,0,0,3,slightly_injured
2020,11,Tue,3,52.56575688,13.50753855,afternoon,16,dusk,1,dry,0,3,5,0,1,0,0,0,0,3,slightly_injured
2020,11,Fri,6,52.52624293,13.64454862,afternoon,15,daylight,0,dry,0,5,3,0,1,0,0,0,0,3,slightly_injured
2020,10,Sat,7,52.57041324,13.36098418,afternoon,15,daylight,0,wet,1,0,2,1,1,0,0,0,0,3,slightly_injured
2020,11,Tue,3,52.50218133,13.31326594,morning,8,daylight,0,dry,0,5,2,1,1,0,0,0,0,2,seriously_injured
2020,11,Mon,2,52.42099483,13.25185621,afternoon,15,daylight,0,dry,0,0,6,1,0,0,0,1,0,3,slightly_injured
2020,11,Sat,7,52.46705554,13.31995632,morning,11,daylight,0,wet,1,0,2,0,1,0,1,0,0,3,slightly_injured
2020,11,Thu,5,52.52955461,13.46131697,afternoon,14,daylight,0,dry,0,6,6,0,1,1,0,0,0,2,seriously_injured
2020,11,Mon,2,52.42892662,13.30683911,evening,18,dark,2,dry,0,2,6,0,1,0,0,0,0,3,slightly_injured
2020,11,Mon,2,52.41828446,13.3465424,afternoon,15,daylight,0,dry,0,5,3,0,1,0,0,0,0,3,slightly_injured
2020,11,Fri,6,52.5272513,13.19595936,afternoon,13,daylight,0,dry,0,0,6,0,1,0,0,0,1,3,slightly_injured
2020,11,Tue,3,52.45384059,13.57525307,morning,10,daylight,0,dry,0,5,3,1,1,0,0,0,0,3,slightly_injured
2020,11,Sat,7,52.48647954,13.42415872,night,0,dark,2,dry,0,0,7,0,0,0,0,0,1,3,slightly_injured
2020,11,Thu,5,52.57784057,13.31542523,afternoon,16,dusk,1,dry,0,5,2,0,1,0,1,0,0,3,slightly_injured
2020,11,Mon,2,52.55528545,13.38977684,afternoon,14,daylight,0,dry,0,6,7,1,0,1,0,0,0,3,slightly_injured
2020,11,Mon,2,52.55501384,13.38383428,afternoon,17,dark,2,dry,0,5,3,1,1,0,0,0,0,3,slightly_injured
2020,11,Fri,6,52.53259029,13.38865002,afternoon,15,daylight,0,dry,0,2,6,0,1,0,0,0,0,3,slightly_injured
2020,11,Tue,3,52.56163202,13.20836981,morning,10,daylight,0,dry,0,2,2,0,1,0,0,0,0,3,slightly_injured
2020,10,Sat,7,52.54360549,13.53596124,afternoon,15,daylight,0,wet,1,9,6,0,1,0,0,0,0,3,slightly_injured
2020,11,Sun,1,52.49007462,13.38642246,morning,9,daylight,0,dry,0,5,3,1,1,0,0,0,0,3,slightly_injured
2020,11,Sat,7,52.54945547,13.44115365,afternoon,12,daylight,0,dry,0,5,3,1,1,0,0,0,0,2,seriously_injured
2020,10,Sat,7,52.42508349,13.24203842,afternoon,15,daylight,0,wet,1,9,1,0,1,0,0,0,0,2,seriously_injured
2020,11,Wed,4,52.46380077,13.52155643,evening,22,dark,2,dry,0,5,2,1,0,0,0,0,0,3,slightly_injured
2020,11,Tue,3,52.48207061,13.29038863,morning,9,daylight,0,wet,1,0,1,1,0,0,0,0,0,3,slightly_injured
2020,11,Fri,6,52.44970282,13.36676498,afternoon,12,daylight,0,dry,0,5,3,0,1,0,0,1,0,3,slightly_injured
2020,10,Sat,7,52.5536469,13.47025285,afternoon,15,daylight,0,wet,1,5,3,0,1,0,0,0,1,3,slightly_injured
2020,11,Tue,3,52.51474243,13.33631442,evening,18,dark,2,dry,0,2,2,1,1,0,0,0,0,3,slightly_injured
2020,11,Fri,6,52.45799306,13.42510517,morning,7,daylight,0,dry,0,5,3,1,1,0,0,0,0,3,slightly_injured
2020,11,Wed,4,52.46481668,13.32845512,evening,18,dusk,1,dry,0,5,2,1,1,0,0,0,0,3,slightly_injured
2020,11,Mon,2,52.45305861,13.14251245,afternoon,14,daylight,0,dry,0,1,5,1,1,0,0,0,0,3,slightly_injured
2020,11,Mon,2,52.43558356,13.25831314,afternoon,12,daylight,0,dry,0,6,4,1,0,1,0,0,0,3,slightly_injured
2020,11,Thu,5,52.44847355,13.3393911,evening,18,dark,2,dry,0,2,6,0,1,0,0,0,0,3,slightly_injured
2020,11,Tue,3,52.50819896,13.28133677,afternoon,14,daylight,0,dry,0,5,3,0,1,0,0,0,0,3,slightly_injured
2020,11,Sat,7,52.5239631,13.41168066,night,0,dark,2,dry,0,5,2,1,1,0,0,0,0,3,slightly_injured
2020,10,Sat,7,52.55641923,13.18861801,afternoon,13,daylight,0,wet,1,4,2,0,1,0,0,0,0,3,slightly_injured
2020,11,Wed,4,52.54342669,13.25914959,afternoon,12,daylight,0,dry,0,6,7,0,0,1,0,0,1,2,seriously_injured
2020,11,Sat,7,52.56517103,13.49193895,morning,10,daylight,0,dry,0,6,4,0,1,1,0,0,0,3,slightly_injured
2020,10,Sat,7,52.542812,13.43492804,evening,20,dark,2,wet,1,2,6,0,1,0,0,0,0,3,slightly_injured
2020,11,Wed,4,52.55119956,13.43054909,afternoon,16,dusk,1,dry,0,5,3,1,1,0,0,0,0,3,slightly_injured
2020,11,Mon,2,52.45660188,13.41109209,morning,8,daylight,0,wet,1,6,7,1,0,1,0,0,0,3,slightly_injured
2020,11,Fri,6,52.55141849,13.42999734,morning,8,daylight,0,dry,0,5,2,1,0,0,0,1,0,3,slightly_injured
2020,10,Sat,7,52.51582806,13.4546199,afternoon,17,dark,2,wet,1,2,6,0,1,0,0,0,0,3,slightly_injured
2020,11,Tue,3,52.48724423,13.35399334,afternoon,12,daylight,0,dry,0,1,5,1,1,0,0,0,0,3,slightly_injured
2020,11,Fri,6,52.4082551,13.47498052,afternoon,13,daylight,0,dry,0,6,7,0,1,1,0,0,0,3,slightly_injured
2020,11,Wed,4,52.50963442,13.35114189,afternoon,15,daylight,0,dry,0,5,2,1,1,0,0,0,0,3,slightly_injured
2020,11,Mon,2,52.44524751,13.29420108,afternoon,14,daylight,0,dry,0,2,6,0,1,0,0,0,0,3,slightly_injured
2020,11,Sun,1,52.6186573,13.31222979,evening,18,dark,2,dry,0,0,7,1,0,0,0,0,0,3,slightly_injured
2020,11,Thu,5,52.41466887,13.40144883,morning,7,daylight,0,dry,0,2,3,0,1,0,0,0,0,3,slightly_injured
2020,11,Tue,3,52.52623033,13.34340976,evening,22,dark,2,dry,0,5,3,1,1,0,0,0,0,3,slightly_injured
2020,11,Fri,6,52.46481829,13.32260473,evening,20,dark,2,dry,0,1,5,0,1,0,1,0,0,3,slightly_injured
2020,10,Sat,7,52.43025686,13.45518408,evening,18,dark,2,wet,1,2,6,0,1,0,0,0,0,3,slightly_injured
2020,11,Wed,4,52.48102142,13.31173693,morning,8,daylight,0,dry,0,6,4,1,0,1,0,0,0,3,slightly_injured
2020,11,Mon,2,52.52646761,13.47885173,afternoon,15,daylight,0,wet,1,6,4,1,0,1,0,0,0,3,slightly_injured
2020,11,Sun,1,52.44567215,13.28404743,morning,10,daylight,0,dry,0,5,2,0,1,0,0,0,0,3,slightly_injured
2020,11,Thu,5,52.43829759,13.45193906,afternoon,13,daylight,0,dry,0,5,3,0,1,0,1,0,0,2,seriously_injured
2020,10,Sat,7,52.55184394,13.51596959,night,5,dark,2,wet,1,0,1,0,1,0,0,0,0,3,slightly_injured
2020,11,Tue,3,52.50880053,13.46078548,afternoon,17,dark,2,dry,0,1,5,1,1,0,0,0,0,3,slightly_injured
2020,11,Fri,6,52.49916065,13.41937831,night,0,dark,2,dry,0,6,4,0,1,1,0,0,0,3,slightly_injured
2020,11,Wed,4,52.50994385,13.3052467,morning,9,daylight,0,dry,0,1,5,1,1,0,0,0,0,3,slightly_injured
2020,11,Sun,1,52.4642815,13.33507067,afternoon,14,daylight,0,dry,0,2,2,1,1,0,0,0,0,3,slightly_injured
2020,11,Thu,5,52.55031908,13.47572763,afternoon,12,daylight,0,dry,0,5,3,1,1,0,0,0,0,3,slightly_injured
2020,10,Sat,7,52.56928866,13.52680037,night,0,dark,2,wet,1,0,1,0,1,0,0,0,0,3,slightly_injured
2020,11,Tue,3,52.54660112,13.40129371,afternoon,14,daylight,0,dry,0,2,7,0,1,0,0,0,0,3,slightly_injured
2020,11,Fri,6,52.53972294,13.17628342,morning,8,daylight,0,dry,0,0,1,1,0,0,0,0,0,3,slightly_injured
2020,11,Wed,4,52.48971016,13.38053804,afternoon,14,daylight,0,dry,0,1,5,1,1,0,0,0,0,3,slightly_injured
2020,11,Thu,5,52.48113136,13.37965651,afternoon,15,daylight,0,dry,0,2,7,0,1,0,0,0,0,3,slightly_injured
2020,11,Tue,3,52.44346378,13.59353063,afternoon,15,daylight,0,wet,1,0,7,1,0,1,0,0,0,3,slightly_injured
2020,11,Fri,6,52.44085434,13.21837905,evening,18,dark,2,dry,0,0,6,1,0,0,0,0,1,3,slightly_injured
2020,10,Sat,7,52.53507869,13.29844533,night,0,dark,2,wet,1,5,2,0,1,0,1,0,0,3,slightly_injured
2020,11,Tue,3,52.4568005,13.42668544,evening,19,dark,2,dry,0,9,1,0,1,0,1,0,0,2,seriously_injured
2020,11,Mon,2,52.49737502,13.42470077,morning,10,daylight,0,wet,1,5,3,1,1,0,0,0,0,3,slightly_injured
2020,11,Sat,7,52.50024285,13.43719876,evening,21,dark,2,dry,0,3,6,1,0,0,0,0,1,3,slightly_injured
2020,11,Thu,5,52.48498897,13.38404221,evening,19,dark,2,dry,0,5,2,0,1,0,1,0,0,3,slightly_injured
2020,11,Mon,2,52.55118842,13.16539236,afternoon,14,daylight,0,dry,0,5,3,0,1,0,0,0,0,3,slightly_injured
2020,11,Mon,2,52.5120984,13.48960553,afternoon,17,dark,2,dry,0,2,2,0,1,0,0,0,0,3,slightly_injured
2020,11,Fri,6,52.58376213,13.39112449,afternoon,16,dark,2,dry,0,5,2,1,1,0,0,0,0,3,slightly_injured
2020,11,Wed,4,52.43906894,13.22817523,afternoon,12,daylight,0,dry,0,8,1,0,1,0,0,0,0,3,slightly_injured
2020,11,Mon,2,52.4408712,13.58621862,afternoon,14,daylight,0,dry,0,2,2,0,1,0,0,0,0,3,slightly_injured
2020,11,Sun,1,52.48503376,13.4488269,afternoon,12,daylight,0,dry,0,5,3,0,1,0,1,0,0,2,seriously_injured
2020,11,Sat,7,52.51928469,13.61645582,afternoon,13,daylight,0,dry,0,5,3,0,1,0,0,0,0,3,slightly_injured
2020,11,Thu,5,52.55798637,13.4684348,morning,8,daylight,0,dry,0,4,6,1,0,0,0,0,0,2,seriously_injured
2020,11,Tue,3,52.53060205,13.38313275,morning,8,daylight,0,dry,0,5,2,1,1,0,0,0,0,3,slightly_injured
2020,11,Fri,6,52.52566462,13.54012811,afternoon,14,daylight,0,dry,0,5,2,1,1,0,0,0,0,3,slightly_injured
2020,11,Sun,1,52.54038291,13.20411742,afternoon,15,daylight,0,dry,0,3,6,0,1,0,1,0,0,3,slightly_injured
2020,11,Sat,7,52.52426662,13.58379681,evening,19,dark,2,dry,0,5,2,0,1,0,0,0,0,3,slightly_injured
2020,11,Thu,5,52.48112023,13.42755384,morning,11,daylight,0,dry,0,6,4,1,0,1,0,0,0,3,slightly_injured
2020,11,Tue,3,52.58035598,13.29180512,afternoon,17,dark,2,dry,0,5,2,1,0,0,0,0,0,3,slightly_injured
2020,11,Fri,6,52.53353438,13.55044785,afternoon,15,daylight,0,dry,0,5,7,0,1,0,0,0,1,2,seriously_injured
2020,10,Sat,7,52.47209299,13.34349983,night,0,dark,2,wet,1,0,1,1,0,0,0,0,0,3,slightly_injured
2020,11,Tue,3,52.43718597,13.54610511,morning,7,dusk,1,wet,1,3,6,1,0,0,0,0,1,3,slightly_injured
2020,11,Mon,2,52.45216398,13.43851465,morning,10,daylight,0,wet,1,0,4,0,0,1,1,0,0,3,slightly_injured
2020,11,Sat,7,52.53324071,13.15989854,night,4,dark,2,wet,1,1,1,0,1,0,0,0,0,2,seriously_injured
2020,11,Thu,5,52.48338592,13.33999318,afternoon,15,daylight,0,dry,0,6,4,1,0,1,0,0,0,3,slightly_injured
2020,11,Mon,2,52.49011029,13.60704748,afternoon,16,dark,2,dry,0,5,2,0,1,0,0,0,1,3,slightly_injured
2020,11,Fri,6,52.45308663,13.57461452,afternoon,14,daylight,0,dry,0,4,6,1,0,0,0,0,0,3,slightly_injured
2020,11,Tue,3,52.50433678,13.51147792,morning,9,daylight,0,dry,0,2,2,1,1,0,0,0,0,3,slightly_injured
2020,10,Sat,7,52.45333069,13.62500967,morning,10,daylight,0,wet,1,2,7,0,1,0,0,0,0,3,slightly_injured
2020,11,Sat,7,52.47683055,13.28096969,morning,11,daylight,0,dry,0,2,2,0,1,0,0,0,0,2,seriously_injured
2020,10,Sat,7,52.5328077,13.1513855,afternoon,12,daylight,0,wet,1,0,7,0,1,0,0,0,0,3,slightly_injured
2020,11,Wed,4,52.53293613,13.32837189,evening,19,dark,2,dry,0,5,2,1,1,0,0,0,0,3,slightly_injured
2020,11,Mon,2,52.49139041,13.50920747,morning,11,daylight,0,wet,1,5,3,1,1,0,0,0,0,3,slightly_injured
2020,11,Fri,6,52.51557918,13.31209148,morning,10,daylight,0,wet,1,5,2,1,1,0,0,0,0,3,slightly_injured
2020,10,Sat,7,52.53731223,13.19615554,afternoon,12,daylight,0,wet,1,4,6,1,0,0,0,0,1,3,slightly_injured
2020,11,Tue,3,52.41926367,13.48820269,afternoon,12,daylight,0,dry,0,5,3,1,1,0,0,0,0,3,slightly_injured
2020,11,Fri,6,52.54410964,13.60351929,evening,22,dark,2,dry,0,5,2,1,1,0,0,0,0,2,seriously_injured
2020,11,Wed,4,52.50097775,13.49303585,evening,19,dark,2,dry,0,2,2,0,1,0,1,0,0,3,slightly_injured
2020,11,Mon,2,52.52342067,13.55086305,afternoon,13,daylight,0,wet,1,5,3,0,1,0,0,0,0,3,slightly_injured
2020,11,Mon,2,52.50879842,13.27285124,morning,9,daylight,0,dry,0,3,2,0,1,0,1,0,0,3,slightly_injured
2020,10,Sat,7,52.47769621,13.28212643,morning,11,daylight,0,wet,1,1,7,0,1,0,0,0,1,3,slightly_injured
2020,11,Tue,3,52.5626953,13.36456043,morning,9,daylight,0,dry,0,5,3,0,1,0,0,0,0,3,slightly_injured
2020,11,Sat,7,52.50065851,13.34804171,afternoon,12,daylight,0,dry,0,6,4,0,1,1,0,0,0,3,slightly_injured
2020,11,Thu,5,52.58970383,13.33431041,afternoon,14,daylight,0,dry,0,5,2,0,1,0,1,0,0,2,seriously_injured
2020,11,Mon,2,52.51853525,13.28032503,afternoon,14,daylight,0,dry,0,2,2,0,0,0,1,0,1,3,slightly_injured
2020,11,Thu,5,52.39795843,13.57470992,morning,8,daylight,0,dry,0,0,7,1,0,0,0,0,0,3,slightly_injured
2020,11,Tue,3,52.53315654,13.15780235,morning,9,daylight,0,dry,0,6,2,0,1,1,0,0,0,3,slightly_injured
2020,11,Sat,7,52.52632246,13.36935397,morning,10,daylight,0,dry,0,0,6,0,1,0,0,0,1,3,slightly_injured
2020,10,Sat,7,52.50615941,13.27993657,afternoon,12,daylight,0,wet,1,3,2,0,1,0,1,0,0,3,slightly_injured
2020,11,Wed,4,52.45444868,13.35986667,afternoon,15,daylight,0,dry,0,4,6,0,1,0,0,0,0,3,slightly_injured
2020,11,Mon,2,52.44500779,13.56766528,morning,6,dark,2,wet,1,0,7,1,1,0,0,0,0,3,slightly_injured
2020,11,Fri,6,52.56257311,13.33045435,morning,8,daylight,0,dry,0,0,2,0,1,0,0,0,1,3,slightly_injured
2020,10,Sat,7,52.5498638,13.41712155,afternoon,12,daylight,0,wet,1,5,7,0,1,0,0,0,0,3,slightly_injured