ujahr,umonat,weekday,uwochentag,long,lat,time_of_day,ustunde,light_condition,ulichtverh,street_condition,ustrzustand,uart,utyp1,ist_rad,ist_pkw,ist_fuss,ist_krad,ist_gkfz,ist_sonstige,ukategorie,accident_outcome
2020,11,Tue,3,52.5566832,13.19242873,afternoon,12,daylight,0,dry,0,6,7,0,1,1,0,0,0,3,slightly_injured
2020,11,Fri,6,52.43905266,13.58735465,afternoon,12,daylight,0,dry,0,0,2,0,1,0,1,0,0,3,slightly_injured
2020,11,Wed,4,52.52498324,13.44271166,afternoon,14,daylight,0,dry,0,2,6,1,0,0,0,0,0,3,slightly_injured
2020,11,Thu,5,52.4043977,13.40633967,morning,7,dusk,1,dry,0,6,4,0,1,1,0,0,0,3,slightly_injured
2020,11,Tue,3,52.51965127,13.35702034,afternoon,13,daylight,0,dry,0,5,7,1,1,0,0,0,0,3,slightly_injured
2020,11,Fri,6,52.61944576,13.47921409,afternoon,14,daylight,0,dry,0,5,3,1,1,0,0,0,0,3,slightly_injured
2020,10,Sat,7,52.52029657,13.43804294,afternoon,13,daylight,0,wet,1,5,3,1,0,0,0,0,0,2,seriously_injured
2020,11,Thu,5,52.52309726,13.4333158,afternoon,16,dark,2,dry,0,5,2,1,0,0,0,0,0,2,seriously_injured
2020,11,Tue,3,52.43531774,13.70769752,afternoon,14,daylight,0,dry,0,1,5,1,1,0,0,0,0,3,slightly_injured
2020,11,Fri,6,52.46462111,13.32315542,evening,18,dusk,1,dry,0,5,3,0,1,0,0,0,0,3,slightly_injured
2020,10,Sat,7,52.53242608,13.39901035,afternoon,13,daylight,0,wet,1,0,1,1,0,0,0,0,0,3,slightly_injured
2020,11,Wed,4,52.53250779,13.3853997,morning,9,daylight,0,dry,0,2,6,0,1,0,0,0,0,2,seriously_injured
2020,11,Sun,1,52.51247505,13.18257105,evening,22,dark,2,dry,0,2,6,0,1,0,1,0,0,3,slightly_injured
2020,11,Thu,5,52.45643507,13.40670039,morning,10,daylight,0,dry,0,5,3,0,0,0,0,0,1,3,slightly_injured
2020,10,Sat,7,52.57321517,13.30807265,afternoon,14,daylight,0,wet,1,0,7,0,1,0,1,0,0,3,slightly_injured
2020,11,Tue,3,52.49528656,13.52475974,afternoon,15,dusk,1,dry,0,5,2,1,1,0,0,0,0,3,slightly_injured
2020,11,Fri,6,52.53344254,13.16514518,morning,7,daylight,0,wet,1,5,3,0,1,0,0,0,0,3,slightly_injured
2020,11,Wed,4,52.53820364,13.24861807,afternoon,13,daylight,0,dry,0,3,6,0,1,0,1,0,0,3,slightly_injured
2020,11,Mon,2,52.45156808,13.37963974,afternoon,13,daylight,0,wet,1,5,3,1,1,0,0,0,0,3,slightly_injured
2020,11,Sun,1,52.41287025,13.42021562,night,0,dark,2,dry,0,1,5,0,1,0,0,0,0,3,slightly_injured
2020,11,Thu,5,52.52335233,13.34908855,afternoon,13,daylight,0,dry,0,0,2,1,0,0,1,0,0,3,slightly_injured
2020,11,Tue,3,52.56717002,13.46535514,afternoon,15,daylight,0,dry,0,2,2,0,1,0,0,0,0,3,slightly_injured
2020,11,Fri,6,52.41847077,13.57962028,afternoon,15,daylight,0,dry,0,5,3,0,1,0,1,0,0,2,seriously_injured
2020,10,Sat,7,52.42096254,13.33480735,morning,10,daylight,0,wet,1,5,3,0,1,0,0,0,0,3,slightly_injured
2020,11,Tue,3,52.5805209,13.30148264,morning,10,daylight,0,dry,0,0,1,0,0,0,1,0,0,3,slightly_injured
2020,11,Mon,2,52.59343271,13.4591077,morning,10,daylight,0,wet,1,2,6,0,1,0,0,1,0,3,slightly_injured
2020,11,Sat,7,52.53495259,13.29814719,morning,7,daylight,0,wet,1,1,5,0,0,0,0,1,1,3,slightly_injured
2020,11,Thu,5,52.52132283,13.38809192,evening,18,dark,2,dry,0,6,6,1,0,1,0,0,0,3,slightly_injured
2020,11,Mon,2,52.42969706,13.22394966,afternoon,17,dusk,1,dry,0,5,2,1,1,0,0,0,0,3,slightly_injured
2020,11,Wed,4,52.55355051,13.41843783,morning,7,daylight,0,dry,0,5,3,1,1,0,0,0,0,3,slightly_injured
2020,11,Mon,2,52.48801242,13.37665965,morning,10,daylight,0,wet,1,2,6,0,1,0,0,0,1,3,slightly_injured
2020,11,Sat,7,52.55217556,13.36707768,evening,23,dark,2,dry,0,1,5,1,1,0,0,0,0,3,slightly_injured
2020,11,Thu,5,52.49927916,13.28887543,afternoon,15,daylight,0,dry,0,1,5,0,1,0,0,0,0,3,slightly_injured
2020,11,Mon,2,52.47635881,13.52287549,night,2,dark,2,dry,0,4,6,0,1,0,0,0,0,3,slightly_injured
2020,11,Fri,6,52.51132644,13.40114142,evening,18,dark,2,dry,0,2,3,1,1,0,0,0,0,3,slightly_injured
2020,11,Wed,4,52.51422262,13.581978,morning,11,daylight,0,dry,0,6,4,0,1,1,0,0,0,3,slightly_injured
2020,11,Sun,1,52.50991836,13.3842378,afternoon,14,daylight,0,dry,0,5,2,1,1,0,0,0,0,3,slightly_injured
2020,11,Sat,7,52.48663043,13.5302348,afternoon,15,daylight,0,wet,1,5,3,0,1,0,0,0,0,3,slightly_injured
2020,11,Thu,5,52.51915202,13.1671068,afternoon,15,dusk,1,wet,1,0,7,1,0,0,0,0,0,2,seriously_injured
2020,11,Tue,3,52.50571461,13.43206575,afternoon,16,dark,2,dry,0,5,2,1,0,0,0,0,1,3,slightly_injured
2020,11,Fri,6,52.42293677,13.47080707,morning,8,daylight,0,dry,0,6,4,1,0,1,0,0,0,3,slightly_injured
2020,10,Sat,7,52.49197868,13.30930482,morning,10,daylight,0,wet,1,5,3,0,1,0,0,0,0,3,slightly_injured
2020,11,Tue,3,52.47070359,13.51198967,morning,8,daylight,0,wet,1,5,3,1,1,0,0,0,0,3,slightly_injured
2020,11,Mon,2,52.56361249,13.37786102,night,4,dark,2,wet,1,5,3,0,1,0,0,0,0,3,slightly_injured
2020,11,Sat,7,52.53275801,13.33918927,morning,11,daylight,0,wet,1,5,3,1,1,0,0,0,0,3,slightly_injured
2020,11,Thu,5,52.52373309,13.52868816,afternoon,14,daylight,0,dry,0,5,2,0,1,0,1,0,0,3,slightly_injured
2020,11,Mon,2,52.45906963,13.38787026,afternoon,15,dusk,1,dry,0,6,4,1,0,1,0,0,0,3,slightly_injured
2020,11,Fri,6,52.50052604,13.2231803,night,0,dark,2,wet,1,0,1,1,0,0,0,0,0,2,seriously_injured
2020,11,Tue,3,52.56407631,13.32765547,morning,11,daylight,0,dry,0,5,3,0,1,0,0,0,0,3,slightly_injured
2020,11,Sat,7,52.53299106,13.60979827,morning,10,daylight,0,dry,0,5,2,0,1,0,0,0,1,3,slightly_injured
2020,10,Sat,7,52.45671124,13.35944088,morning,10,daylight,0,wet,1,6,2,0,1,1,0,0,0,2,seriously_injured
2020,11,Wed,4,52.50333822,13.38367665,afternoon,16,dusk,1,dry,0,8,1,0,1,0,0,0,0,3,slightly_injured
2020,11,Mon,2,52.59421146,13.28303382,morning,9,daylight,0,wet,1,5,2,1,1,0,0,0,0,3,slightly_injured
2020,11,Fri,6,52.53409635,13.18217601,afternoon,15,daylight,0,dry,0,0,1,0,0,0,0,0,1,3,slightly_injured
2020,11,Tue,3,52.48529845,13.43274672,morning,8,daylight,0,dry,0,2,6,1,1,0,0,0,0,3,slightly_injured
2020,10,Sat,7,52.62213275,13.30411822,morning,10,daylight,0,wet,1,5,2,1,1,0,0,0,0,3,slightly_injured
2020,11,Sun,1,52.59663813,13.35508694,afternoon,12,daylight,0,dry,0,5,3,0,1,0,0,0,0,3,slightly_injured
2020,11,Sat,7,52.45904318,13.57957824,afternoon,13,daylight,0,dry,0,6,4,1,0,1,0,0,0,2,seriously_injured
2020,10,Sat,7,52.52345723,13.42564366,morning,9,daylight,0,wet,1,6,4,0,1,1,0,0,0,3,slightly_injured
2020,11,Thu,5,52.54094986,13.17886877,afternoon,12,daylight,0,dry,0,5,3,0,1,0,0,0,0,3,slightly_injured
2020,11,Tue,3,52.45714731,13.32084362,morning,7,daylight,0,dry,0,2,7,1,1,0,0,0,0,3,slightly_injured
2020,11,Fri,6,52.47661426,13.32863428,afternoon,13,daylight,0,dry,0,6,4,1,0,1,0,0,0,3,slightly_injured
2020,10,Sat,7,52.51456955,13.377395,morning,11,daylight,0,wet,1,0,1,0,0,0,1,0,0,3,slightly_injured
2020,11,Tue,3,52.48763926,13.41889996,morning,9,daylight,0,dry,0,1,5,1,1,0,0,0,0,3,slightly_injured
2020,11,Sat,7,52.52108536,13.44618997,afternoon,13,daylight,0,dry,0,6,4,0,1,1,0,0,0,3,slightly_injured
2020,11,Thu,5,52.50106723,13.41914199,afternoon,16,dusk,1,dry,0,3,6,1,0,0,0,0,1,3,slightly_injured
2020,11,Mon,2,52.53320468,13.38697464,afternoon,13,daylight,0,dry,0,2,7,0,0,0,1,0,1,3,slightly_injured
2020,11,Thu,5,52.49251143,13.29622389,evening,18,dark,2,dry,0,2,6,0,1,0,1,0,0,3,slightly_injured
2020,11,Tue,3,52.50024911,13.43832428,morning,9,daylight,0,dry,0,2,6,1,0,1,0,0,0,3,slightly_injured
2020,11,Sat,7,52.56760865,13.37403549,morning,8,daylight,0,dry,0,5,3,0,1,0,0,0,1,3,slightly_injured
2020,10,Sat,7,52.50995815,13.45593899,morning,11,daylight,0,wet,1,1,5,1,1,0,0,0,0,3,slightly_injured
2020,11,Wed,4,52.54795463,13.17590908,afternoon,13,daylight,0,dry,0,1,5,0,1,0,0,0,1,2,seriously_injured
2020,11,Fri,6,52.52458597,13.39447012,night,2,dark,2,dry,0,9,1,0,0,0,0,0,1,3,slightly_injured
2020,10,Sat,7,52.40925635,13.37620095,afternoon,12,daylight,0,wet,1,5,2,0,1,0,0,0,0,3,slightly_injured
2020,11,Tue,3,52.52691474,13.21596851,afternoon,14,daylight,0,dry,0,2,2,0,1,0,0,0,0,3,slightly_injured
2020,11,Fri,6,52.53724347,13.36034106,morning,9,daylight,0,dry,0,5,2,1,1,0,0,0,0,3,slightly_injured
2020,10,Sat,7,52.56791513,13.54576535,night,0,dark,2,wet,1,9,1,0,1,0,0,0,0,2,seriously_injured
2020,11,Tue,3,52.58770262,13.28552397,afternoon,12,daylight,0,dry,0,6,2,0,0,1,0,0,1,3,slightly_injured
2020,11,Fri,6,52.51639699,13.61383201,afternoon,13,daylight,0,dry,0,5,3,0,1,0,0,0,0,3,slightly_injured
2020,11,Wed,4,52.44025765,13.33267059,afternoon,16,dark,2,dry,0,5,3,0,1,0,0,0,0,3,slightly_injured
2020,11,Sun,1,52.55366685,13.46944007,night,0,dark,2,dry,0,9,1,0,1,0,0,0,0,3,slightly_injured
2020,11,Thu,5,52.47644782,13.35750746,afternoon,16,dusk,1,dry,0,0,6,0,1,0,1,0,0,2,seriously_injured
2020,11,Tue,3,52.53691651,13.18983449,evening,22,dark,2,dry,0,5,3,1,1,0,0,0,0,3,slightly_injured
2020,11,Fri,6,52.4892165,13.39302919,evening,21,dark,2,dry,0,5,2,1,1,0,0,0,0,3,slightly_injured
2020,10,Sat,7,52.41669955,13.35321537,night,0,dark,2,wet,1,1,5,0,1,0,0,0,0,3,slightly_injured
2020,11,Wed,4,52.55964753,13.387036,morning,9,daylight,0,dry,0,2,6,0,1,0,0,0,0,3,slightly_injured
2020,11,Sun,1,52.44618384,13.5627536,morning,11,daylight,0,dry,0,2,2,1,1,0,0,0,0,3,slightly_injured
2020,11,Thu,5,52.49905241,13.42277777,afternoon,14,daylight,0,dry,0,5,2,1,1,0,0,0,0,3,slightly_injured
2020,10,Fri,6,52.50089247,13.31503076,afternoon,14,daylight,0,wet,1,5,3,1,1,0,0,0,0,3,slightly_injured
2020,11,Tue,3,52.59849594,13.32376196,afternoon,15,daylight,0,dry,0,5,3,0,1,0,0,0,0,3,slightly_injured
2020,11,Fri,6,52.5296292,13.36899146,morning,7,dusk,1,wet,1,5,2,1,1,0,0,0,0,3,slightly_injured
2020,11,Wed,4,52.50781437,13.44946978,morning,7,daylight,0,dry,0,5,3,1,1,0,0,0,0,3,slightly_injured
2020,11,Sat,7,52.46612449,13.32824536,evening,19,daylight,0,dry,0,0,2,1,1,0,0,0,0,3,slightly_injured
2020,11,Thu,5,52.47742959,13.28047694,afternoon,12,daylight,0,dry,0,0,2,1,1,0,0,0,0,3,slightly_injured
2020,11,Tue,3,52.53172171,13.57408698,afternoon,15,daylight,0,wet,1,5,3,1,1,0,0,0,0,3,slightly_injured
2020,11,Fri,6,52.52628758,13.17446529,morning,8,daylight,0,dry,0,1,5,0,1,0,0,0,0,3,slightly_injured
2020,11,Wed,4,52.44675266,13.55879631,afternoon,14,daylight,0,dry,0,5,2,1,1,0,0,0,0,2,seriously_injured
2020,11,Thu,5,52.58504086,13.42888337,afternoon,15,daylight,0,dry,0,6,4,0,1,1,0,0,0,3,slightly_injured
2020,11,Tue,3,52.48430213,13.38533866,afternoon,16,daylight,0,wet,1,3,1,0,1,0,1,0,0,3,slightly_injured
2020,11,Fri,6,52.58083105,13.35241814,evening,19,dark,2,dry,0,1,7,0,1,0,0,0,0,2,seriously_injured
2020,10,Fri,6,52.52067832,13.45794925,afternoon,16,daylight,0,wet,1,2,6,1,1,0,0,0,0,3,slightly_injured
2020,11,Wed,4,52.44269276,13.50203902,morning,7,daylight,0,dry,0,8,1,0,1,0,0,0,0,3,slightly_injured
2020,11,Mon,2,52.45416933,13.31862628,morning,6,dark,2,wet,1,5,2,0,1,0,0,0,1,2,seriously_injured
2020,11,Sat,7,52.57401427,13.31870693,afternoon,12,daylight,0,wet,1,5,3,0,1,0,0,0,0,3,slightly_injured
2020,11,Thu,5,52.5595569,13.39658186,evening,20,dark,2,dry,0,1,5,0,1,0,0,0,0,2,seriously_injured
2020,11,Mon,2,52.53032201,13.42388845,afternoon,12,daylight,0,wet,1,1,5,1,1,0,0,0,0,3,slightly_injured
2020,11,Mon,2,52.50389827,13.40986628,afternoon,17,dark,2,dry,0,6,4,0,1,1,0,0,0,3,slightly_injured
2020,11,Fri,6,52.46404599,13.32953827,afternoon,17,dark,2,dry,0,6,7,0,1,1,0,0,0,3,slightly_injured
2020,11,Wed,4,52.52614246,13.38728024,morning,10,daylight,0,dry,0,0,1,1,0,0,0,0,0,2,seriously_injured
2020,11,Mon,2,52.51035816,13.42967373,afternoon,12,daylight,0,wet,1,2,6,0,1,0,0,0,0,3,slightly_injured
2020,11,Sun,1,52.47572113,13.4474425,afternoon,13,daylight,0,dry,0,1,5,1,1,0,0,0,0,3,slightly_injured
2020,11,Sat,7,52.56528373,13.54015559,afternoon,13,daylight,0,dry,0,5,2,1,1,0,0,0,0,3,slightly_injured
2020,11,Thu,5,52.47037347,13.34879598,morning,9,daylight,0,dry,0,2,6,0,1,0,0,0,0,3,slightly_injured
2020,11,Tue,3,52.49889272,13.3570515,morning,8,daylight,0,dry,0,5,2,1,1,0,0,0,0,2,seriously_injured
2020,11,Fri,6,52.62216582,13.30408018,afternoon,14,daylight,0,dry,0,5,2,1,0,0,0,0,1,3,slightly_injured
2020,10,Fri,6,52.45627599,13.6253828,morning,9,daylight,0,wet,1,5,7,0,1,0,0,0,1,2,seriously_injured
2020,11,Tue,3,52.48612339,13.32261889,morning,8,daylight,0,dry,0,0,6,0,1,0,1,0,0,3,slightly_injured
2020,11,Sat,7,52.42378513,13.57562295,morning,11,daylight,0,dry,0,5,2,1,1,0,0,0,0,3,slightly_injured
2020,11,Thu,5,52.49225348,13.31947042,afternoon,14,daylight,0,dry,0,5,2,0,1,0,1,0,0,2,seriously_injured
2020,12,Tue,3,52.49393264,13.43787521,afternoon,17,dark,2,dry,0,6,4,1,0,1,0,0,0,3,slightly_injured
2020,11,Fri,6,52.41111525,13.52782753,evening,20,dark,2,wet,1,0,7,0,1,0,0,0,1,3,slightly_injured
2020,11,Tue,3,52.52707102,13.41513615,night,3,dark,2,dry,0,2,6,0,1,0,0,0,0,3,slightly_injured
2020,11,Tue,3,52.51676615,13.40325311,morning,9,daylight,0,dry,0,0,3,1,0,0,0,0,1,3,slightly_injured
2020,11,Thu,5,52.49740061,13.43192824,evening,22,dark,2,wet,1,5,2,1,0,0,0,0,1,3,slightly_injured
2020,11,Mon,2,52.44337744,13.39863898,morning,8,daylight,0,dry,0,2,6,0,1,0,0,0,0,3,slightly_injured
2020,11,Fri,6,52.51896737,13.4993166,morning,10,daylight,0,dry,0,5,2,1,0,0,0,1,0,1,killed
2020,11,Wed,4,52.49343992,13.57658588,afternoon,17,dark,2,dry,0,5,3,1,1,0,0,0,0,3,slightly_injured
2020,11,Sat,7,52.45634673,13.36028279,afternoon,13,daylight,0,dry,0,2,6,0,1,0,0,0,1,3,slightly_injured
2020,11,Fri,6,52.56514751,13.52272767,afternoon,16,daylight,0,dry,0,5,3,1,1,0,0,0,0,3,slightly_injured
2020,11,Tue,3,52.49951416,13.3888401,afternoon,12,daylight,0,dry,0,0,1,1,0,0,0,0,0,3,slightly_injured
2020,11,Fri,6,52.43713804,13.35884638,afternoon,17,dark,2,dry,0,5,2,1,1,0,0,0,0,3,slightly_injured
2020,11,Mon,2,52.63695807,13.4423773,afternoon,17,dark,2,dry,0,5,2,0,1,0,0,0,0,3,slightly_injured
2020,11,Fri,6,52.52000286,13.44503076,morning,9,daylight,0,wet,1,0,5,1,1,0,0,0,0,3,slightly_injured
2020,11,Fri,6,52.53516673,13.28661937,afternoon,17,dark,2,dry,0,5,2,0,1,0,1,0,0,3,slightly_injured
2020,12,Tue,3,52.46699934,13.43677515,afternoon,13,daylight,0,dry,0,1,5,1,0,0,0,0,1,3,slightly_injured
2020,11,Fri,6,52.54353819,13.49140957,afternoon,15,daylight,0,wet,1,6,4,0,1,1,0,0,0,2,seriously_injured
2020,11,Mon,2,52.56156667,13.50007114,night,5,dark,2,wet,1,6,7,0,1,1,0,0,0,2,seriously_injured
2020,11,Thu,5,52.53759746,13.55988799,morning,11,daylight,0,wet,1,6,4,0,1,1,0,0,0,2,seriously_injured
2020,11,Sun,1,52.51598391,13.31046955,morning,11,daylight,0,dry,0,5,3,0,1,0,0,0,0,3,slightly_injured
2020,11,Fri,6,52.49951028,13.44494483,evening,20,dark,2,dry,0,2,6,1,1,0,0,0,0,3,slightly_injured
2020,11,Wed,4,52.56362563,13.40819844,afternoon,13,daylight,0,dry,0,5,3,0,1,0,0,0,0,2,seriously_injured
2020,11,Fri,6,52.48653226,13.39432157,afternoon,14,daylight,0,dry,0,2,7,1,1,0,0,0,0,3,slightly_injured
2020,12,Wed,4,52.51385144,13.41771556,afternoon,17,dark,2,dry,0,5,3,1,1,0,0,0,0,3,slightly_injured
2020,11,Wed,4,52.47527709,13.29074403,afternoon,14,daylight,0,dry,0,6,7,0,1,1,0,0,0,3,slightly_injured
2020,11,Sat,7,52.5339782,13.49650607,afternoon,16,dusk,1,dry,0,5,3,1,1,0,0,0,0,3,slightly_injured
2020,11,Fri,6,52.49957444,13.30517643,afternoon,14,daylight,0,dry,0,2,6,0,1,0,0,0,0,2,seriously_injured
2020,11,Fri,6,52.52515295,13.17706555,afternoon,13,daylight,0,dry,0,3,6,0,1,0,0,0,0,3,slightly_injured
2020,11,Mon,2,52.49832726,13.40664405,evening,18,dark,2,dry,0,5,2,1,1,0,0,0,0,3,slightly_injured
2020,11,Fri,6,52.56759431,13.35110198,morning,6,dark,2,wet,1,5,2,0,1,0,0,0,1,3,slightly_injured
2020,11,Fri,6,52.45292822,13.28588347,afternoon,13,daylight,0,dry,0,2,6,0,1,0,0,0,0,3,slightly_injured
2020,12,Tue,3,52.55607043,13.38428072,morning,10,daylight,0,dry,0,2,6,0,1,0,1,0,0,3,slightly_injured
2020,11,Fri,6,52.50972877,13.26096769,afternoon,12,daylight,0,dry,0,1,5,0,1,0,0,0,0,3,slightly_injured
2020,11,Mon,2,52.50824647,13.35199455,morning,8,dusk,1,dry,0,0,1,1,0,0,0,0,0,3,slightly_injured
2020,11,Thu,5,52.55216604,13.43934277,morning,10,daylight,0,dry,0,6,4,0,1,1,0,0,0,3,slightly_injured
2020,11,Sun,1,52.51993334,13.26701582,night,4,dark,2,wet,1,0,1,0,1,0,0,0,1,3,slightly_injured
2020,11,Fri,6,52.53839413,13.23244089,morning,11,daylight,0,dry,0,2,6,0,1,0,0,0,0,3,slightly_injured
2020,11,Wed,4,52.50244509,13.45680608,morning,11,daylight,0,dry,0,0,1,0,0,0,1,0,0,3,slightly_injured
2020,11,Thu,5,52.49916773,13.43122552,morning,10,daylight,0,dry,0,5,2,1,1,0,0,0,0,3,slightly_injured
2020,11,Thu,5,52.55229626,13.42441075,afternoon,15,daylight,0,wet,1,0,1,1,0,0,0,0,0,3,slightly_injured
2020,11,Mon,2,52.5565841,13.37732588,morning,8,daylight,0,dry,0,5,3,1,0,0,0,0,1,3,slightly_injured
2020,11,Tue,3,52.45655292,13.3756184,afternoon,16,dusk,1,dry,0,3,6,1,1,0,0,0,0,3,slightly_injured
2020,11,Fri,6,52.46195893,13.13325015,afternoon,14,daylight,0,dry,0,6,4,0,1,1,0,0,0,2,seriously_injured
2020,11,Mon,2,52.50241939,13.48706792,morning,11,daylight,0,dry,0,6,4,1,0,1,0,0,0,3,slightly_injured
2020,11,Thu,5,52.49425769,13.36098307,evening,22,dark,2,wet,1,5,2,0,1,0,0,0,0,3,slightly_injured
2020,11,Mon,2,52.48503307,13.37676766,afternoon,13,daylight,0,dry,0,5,2,1,1,0,0,0,0,3,slightly_injured
2020,11,Thu,5,52.52396553,13.41175633,afternoon,12,daylight,0,wet,1,5,2,0,1,0,0,0,0,3,slightly_injured
2020,11,Mon,2,52.54839218,13.2100435,afternoon,12,daylight,0,dry,0,0,5,0,1,0,1,0,0,3,slightly_injured
2020,11,Fri,6,52.50752281,13.44996641,afternoon,14,daylight,0,dry,0,0,1,1,0,0,0,0,0,2,seriously_injured
2020,11,Mon,2,52.5262009,13.36895585,night,0,dark,2,dry,0,6,4,0,1,1,0,0,0,3,slightly_injured
2020,11,Thu,5,52.49615426,13.39483706,morning,8,daylight,0,wet,1,0,1,1,0,0,0,0,0,3,slightly_injured
2020,11,Mon,2,52.55718276,13.44247042,afternoon,12,daylight,0,dry,0,5,3,1,1,0,0,0,0,3,slightly_injured
2020,11,Wed,4,52.51067561,13.51913763,morning,9,daylight,0,wet,1,2,6,0,1,0,0,0,0,3,slightly_injured
2020,11,Sat,7,52.41625923,13.3523011,night,4,dark,2,wet,1,1,5,0,1,0,0,0,1,3,slightly_injured
2020,11,Thu,5,52.555456,13.43886336,morning,7,daylight,0,dry,0,5,2,1,1,0,0,0,0,3,slightly_injured
2020,11,Thu,5,52.4444755,13.56967127,afternoon,16,dusk,1,dry,0,2,6,0,1,0,0,0,1,3,slightly_injured
2020,11,Thu,5,52.54587241,13.42750438,evening,18,dark,2,wet,1,6,7,1,0,1,0,0,0,3,slightly_injured
2020,11,Thu,5,52.43483646,13.55821083,evening,21,dark,2,dry,0,5,3,0,1,0,1,0,0,3,slightly_injured
2020,11,Mon,2,52.53550348,13.4048109,morning,10,daylight,0,wet,1,1,5,0,1,0,1,0,0,3,slightly_injured
2020,11,Tue,3,52.50783781,13.37773049,morning,9,daylight,0,dry,0,5,3,1,1,0,0,0,0,3,slightly_injured
2020,11,Fri,6,52.5653939,13.3227678,afternoon,16,daylight,0,dry,0,6,4,1,0,1,0,0,0,3,slightly_injured
2020,11,Mon,2,52.4534175,13.3765771,afternoon,14,daylight,0,dry,0,6,4,0,1,1,0,0,0,2,seriously_injured
2020,11,Thu,5,52.54472054,13.39117075,evening,21,dark,2,wet,1,6,2,0,0,1,0,0,1,3,slightly_injured
2020,11,Wed,4,52.51196491,13.44333884,evening,20,dark,2,dry,0,5,3,0,1,0,0,0,0,3,slightly_injured
2020,11,Sat,7,52.54846747,13.16114832,morning,11,daylight,0,dry,0,5,3,0,1,0,0,0,0,2,seriously_injured
2020,11,Thu,5,52.5171155,13.30058986,evening,20,dark,2,wet,1,5,2,0,1,0,0,0,0,3,slightly_injured
2020,11,Mon,2,52.55518642,13.39137856,morning,11,daylight,0,dry,0,5,2,0,1,0,0,0,0,3,slightly_injured
2020,11,Thu,5,52.53445997,13.50378991,evening,18,dark,2,dry,0,4,7,0,1,0,0,0,0,2,seriously_injured
2020,11,Thu,5,52.48192463,13.46399912,evening,18,dark,2,wet,1,2,6,0,1,0,0,0,0,3,slightly_injured
2020,11,Wed,4,52.4521228,13.50870892,morning,8,daylight,0,wet,1,2,6,0,1,0,0,0,0,3,slightly_injured
2020,11,Sat,7,52.50885186,13.27356137,evening,21,dark,2,dry,0,2,6,0,1,0,0,0,0,3,slightly_injured
2020,11,Thu,5,52.55233124,13.15958865,afternoon,17,dark,2,wet,1,3,6,0,1,0,0,0,0,3,slightly_injured
2020,11,Thu,5,52.49899731,13.30127416,morning,8,daylight,0,dry,0,2,6,1,1,0,0,0,0,3,slightly_injured
2020,11,Thu,5,52.48656862,13.42872518,afternoon,17,dark,2,wet,1,3,6,1,0,0,0,1,0,3,slightly_injured
2020,11,Thu,5,52.55216812,13.42716132,morning,8,daylight,0,dry,0,0,1,1,0,0,0,0,0,3,slightly_injured
2020,12,Tue,3,52.48543027,13.34100644,afternoon,16,dark,2,dry,0,1,5,1,1,0,0,0,0,3,slightly_injured
2020,11,Thu,5,52.52594938,13.52189435,afternoon,17,dark,2,wet,1,5,3,0,1,0,0,0,0,3,slightly_injured
2020,11,Mon,2,52.54768283,13.41315591,evening,19,dark,2,dry,0,5,2,1,1,0,0,0,0,3,slightly_injured
2020,11,Tue,3,52.55387128,13.46846305,morning,9,daylight,0,dry,0,9,1,0,1,0,0,0,0,3,slightly_injured
2020,11,Thu,5,52.43916254,13.2630969,evening,18,dark,2,wet,1,5,3,0,0,0,0,0,1,3,slightly_injured
2020,11,Mon,2,52.53407086,13.49221128,morning,7,daylight,0,dry,0,2,7,0,1,0,0,1,0,2,seriously_injured
2020,11,Thu,5,52.52840147,13.31927196,morning,7,daylight,0,dry,0,5,3,0,1,0,0,0,0,3,slightly_injured
2020,11,Wed,4,52.52759341,13.45246986,afternoon,15,daylight,0,dry,0,2,6,0,1,0,0,0,0,3,slightly_injured
2020,11,Sat,7,52.51309325,13.19686402,afternoon,12,daylight,0,dry,0,5,2,0,1,0,0,0,0,2,seriously_injured
2020,11,Thu,5,52.56437266,13.35269335,morning,6,dark,2,dry,0,2,2,0,1,0,1,0,0,3,slightly_injured
2020,11,Mon,2,52.46342935,13.40314897,afternoon,17,dark,2,dry,0,5,3,0,1,0,0,0,0,3,slightly_injured
2020,11,Thu,5,52.43693416,13.43514248,night,0,dark,2,dry,0,9,1,0,1,0,0,0,0,2,seriously_injured
2020,11,Mon,2,52.52452058,13.24757847,afternoon,16,dusk,1,dry,0,2,2,0,1,0,0,0,0,3,slightly_injured
2020,11,Fri,6,52.54114776,13.20177219,afternoon,15,daylight,0,wet,1,1,5,0,1,0,0,0,0,3,slightly_injured
2020,11,Thu,5,52.55850003,13.4229086,afternoon,17,dusk,1,wet,1,6,4,0,1,1,0,0,0,3,slightly_injured
2020,12,Tue,3,52.62140713,13.24509647,evening,19,dark,2,dry,0,1,5,0,1,0,0,0,0,3,slightly_injured
2020,11,Thu,5,52.59265893,13.4365376,afternoon,16,dark,2,wet,1,3,6,1,0,0,0,1,0,3,slightly_injured