ujahr,umonat,weekday,uwochentag,long,lat,time_of_day,ustunde,light_condition,ulichtverh,street_condition,ustrzustand,uart,utyp1,ist_rad,ist_pkw,ist_fuss,ist_krad,ist_gkfz,ist_sonstige,ukategorie,accident_outcome
2020,11,Mon,2,52.53826461,13.24785463,afternoon,16,daylight,0,dry,0,5,2,1,1,0,0,0,0,3,slightly_injured
2020,11,Thu,5,52.64354493,13.50481434,morning,7,daylight,0,wet,1,1,1,0,1,0,0,0,0,2,seriously_injured
2020,11,Mon,2,52.52104983,13.19830236,morning,10,daylight,0,dry,0,5,3,1,1,0,0,0,0,3,slightly_injured
2020,11,Fri,6,52.54146585,13.38355844,morning,9,daylight,0,dry,0,6,7,0,1,1,0,0,0,3,slightly_injured
2020,11,Thu,5,52.54763498,13.18449527,afternoon,16,dark,2,wet,1,0,2,0,1,1,0,0,0,3,slightly_injured
2020,12,Tue,3,52.50101061,13.30721779,afternoon,14,daylight,0,dry,0,1,5,1,1,0,0,0,0,3,slightly_injured
2020,11,Thu,5,52.55343756,13.15346835,afternoon,16,dark,2,wet,1,0,1,1,0,0,0,0,0,3,slightly_injured
2020,11,Mon,2,52.57614149,13.29442561,morning,9,daylight,0,wet,1,2,6,0,1,0,0,0,0,3,slightly_injured
2020,11,Thu,5,52.55087752,13.38439552,afternoon,15,dusk,1,wet,1,6,4,1,0,1,0,0,0,3,slightly_injured
2020,11,Mon,2,52.50850413,13.47253446,evening,19,dark,2,dry,0,4,7,1,1,0,0,0,0,3,slightly_injured
2020,11,Thu,5,52.54281217,13.19842452,afternoon,15,dusk,1,dry,0,5,3,0,1,0,1,0,0,3,slightly_injured
2020,11,Wed,4,52.53917166,13.20110397,afternoon,15,daylight,0,dry,0,3,6,0,1,0,0,0,0,3,slightly_injured
2020,11,Sat,7,52.50662213,13.25442026,afternoon,14,daylight,0,dry,0,0,1,1,0,0,0,0,0,3,slightly_injured
2020,11,Thu,5,52.41315647,13.39537712,afternoon,14,daylight,0,dry,0,5,2,0,1,0,0,0,0,3,slightly_injured
2020,12,Wed,4,52.46720918,13.4594586,afternoon,13,daylight,0,dry,0,5,3,0,1,0,0,0,0,3,slightly_injured
2020,11,Thu,5,52.44880424,13.32467968,afternoon,14,daylight,0,wet,1,3,6,0,1,0,0,0,0,3,slightly_injured
2020,11,Mon,2,52.41038461,13.47948845,morning,9,daylight,0,dry,0,5,3,0,1,0,0,0,0,3,slightly_injured
2020,11,Fri,6,52.4541021,13.51941791,morning,7,dusk,1,wet,1,6,4,0,1,1,0,0,0,2,seriously_injured
2020,12,Tue,3,52.472529,13.12956839,morning,8,daylight,0,dry,0,6,4,0,1,1,0,0,0,3,slightly_injured
2020,11,Thu,5,52.51243572,13.4119576,morning,8,daylight,0,wet,1,1,5,1,1,0,0,0,0,3,slightly_injured
2020,11,Mon,2,52.49217912,13.40262876,afternoon,16,dusk,1,wet,1,1,5,1,1,0,0,0,0,3,slightly_injured
2020,11,Wed,4,52.43856322,13.47753853,afternoon,15,daylight,0,dry,0,6,6,0,0,1,0,0,1,3,slightly_injured
2020,11,Sun,1,52.55399096,13.38543447,afternoon,16,dark,2,dry,0,0,5,0,1,0,1,0,0,3,slightly_injured
2020,11,Thu,5,52.51432844,13.39694473,morning,9,daylight,0,dry,0,6,2,0,0,1,0,0,1,3,slightly_injured
2020,11,Sun,1,52.55432351,13.40751425,morning,9,daylight,0,wet,1,5,3,0,1,0,0,0,0,3,slightly_injured
2020,11,Thu,5,52.46702433,13.43589097,morning,10,daylight,0,dry,0,0,7,0,1,1,0,0,0,3,slightly_injured
2020,11,Wed,4,52.53111545,13.26736081,afternoon,12,daylight,0,wet,1,5,7,0,1,0,0,0,1,3,slightly_injured
2020,11,Thu,5,52.52435455,13.4180596,afternoon,12,daylight,0,dry,0,0,4,1,0,1,0,0,0,2,seriously_injured
2020,12,Wed,4,52.46114172,13.47263471,morning,8,daylight,0,dry,0,5,3,0,1,0,0,0,1,3,slightly_injured
2020,11,Thu,5,52.54276495,13.34837392,afternoon,12,daylight,0,wet,1,0,3,0,1,0,1,0,0,3,slightly_injured
2020,11,Mon,2,52.44303612,13.29661529,morning,9,daylight,0,dry,0,6,4,1,0,1,0,0,0,3,slightly_injured
2020,11,Fri,6,52.54442535,13.59405298,afternoon,16,dark,2,dry,0,5,3,1,1,0,0,0,0,3,slightly_injured
2020,11,Mon,2,52.52729429,13.12869256,morning,11,daylight,0,dry,0,2,6,0,1,0,0,0,0,3,slightly_injured
2020,11,Thu,5,52.53597751,13.39092079,morning,10,daylight,0,wet,1,0,1,0,0,0,1,0,0,3,slightly_injured
2020,11,Mon,2,52.49801696,13.43599387,morning,9,daylight,0,dry,0,5,3,1,0,0,0,0,0,3,slightly_injured
2020,11,Wed,4,52.53296388,13.40041434,morning,8,daylight,0,dry,0,0,1,1,0,0,0,0,0,2,seriously_injured
2020,11,Sat,7,52.48358895,13.4364924,afternoon,12,daylight,0,dry,0,0,5,1,1,0,0,0,0,3,slightly_injured
2020,11,Thu,5,52.50659698,13.34529288,afternoon,13,daylight,0,dry,0,0,7,1,0,0,0,0,0,3,slightly_injured
2020,11,Wed,4,52.49851497,13.30539684,evening,19,dark,2,dry,0,5,2,1,1,0,0,0,0,3,slightly_injured
2020,11,Wed,4,52.5054565,13.35220221,morning,7,dusk,1,dry,0,2,2,1,1,0,0,0,0,3,slightly_injured
2020,12,Tue,3,52.49999901,13.43551709,afternoon,17,dark,2,dry,0,7,7,0,0,0,1,0,0,2,seriously_injured
2020,11,Wed,4,52.59363245,13.39662895,morning,6,dark,2,wet,1,5,2,0,1,0,0,0,0,2,seriously_injured
2020,11,Mon,2,52.53469184,13.59141535,afternoon,13,daylight,0,dry,0,6,4,0,1,1,0,0,0,3,slightly_injured
2020,11,Tue,3,52.51707791,13.2716436,afternoon,15,daylight,0,dry,0,5,3,0,1,0,0,0,0,3,slightly_injured
2020,11,Fri,6,52.46116532,13.32491419,evening,18,dark,2,dry,0,6,4,0,1,1,0,0,0,3,slightly_injured
2020,11,Wed,4,52.45252451,13.59340602,afternoon,15,daylight,0,dry,0,5,2,1,1,0,0,0,0,3,slightly_injured
2020,11,Wed,4,52.50877489,13.42863371,morning,11,daylight,0,dry,0,5,3,1,1,0,0,0,0,3,slightly_injured
2020,11,Mon,2,52.56558992,13.40227884,morning,8,daylight,0,dry,0,4,6,0,1,0,0,0,1,3,slightly_injured
2020,11,Tue,3,52.53135216,13.41200108,morning,8,daylight,0,dry,0,3,6,1,0,0,0,0,0,3,slightly_injured
2020,11,Fri,6,52.49299591,13.38791666,evening,20,dark,2,dry,0,5,2,1,1,0,0,0,0,3,slightly_injured
2020,11,Mon,2,52.47405006,13.27868796,afternoon,15,dusk,1,dry,0,0,7,1,0,0,0,0,0,2,seriously_injured
2020,11,Wed,4,52.51745526,13.35477796,afternoon,13,daylight,0,dry,0,3,6,0,1,0,1,0,0,3,slightly_injured
2020,11,Wed,4,52.51830221,13.30442399,afternoon,12,daylight,0,dry,0,2,3,1,1,0,0,0,0,3,slightly_injured
2020,11,Sat,7,52.50859219,13.39027034,afternoon,17,dark,2,wet,1,5,3,0,1,0,0,0,1,3,slightly_injured
2020,11,Wed,4,52.4312228,13.48359867,afternoon,12,daylight,0,dry,0,5,3,0,1,0,0,0,0,3,slightly_injured
2020,11,Wed,4,52.54411417,13.35956258,morning,10,daylight,0,dry,0,6,7,0,1,1,0,0,0,3,slightly_injured
2020,11,Wed,4,52.56200477,13.47726385,afternoon,12,daylight,0,wet,1,1,5,0,1,0,0,0,0,2,seriously_injured
2020,11,Wed,4,52.53293557,13.20733902,afternoon,12,daylight,0,dry,0,3,6,1,1,0,0,0,0,3,slightly_injured
2020,11,Wed,4,52.51895075,13.2890556,morning,11,daylight,0,dry,0,6,7,1,0,1,0,0,0,3,slightly_injured
2020,12,Tue,3,52.40205488,13.52183632,afternoon,15,daylight,0,dry,0,6,7,0,0,1,0,0,1,2,seriously_injured
2020,11,Wed,4,52.56924249,13.32961206,morning,11,daylight,0,wet,1,4,6,0,1,0,0,0,1,2,seriously_injured
2020,11,Mon,2,52.51461365,13.47788274,morning,8,daylight,0,dry,0,5,2,1,1,0,0,0,0,3,slightly_injured
2020,11,Tue,3,52.48944185,13.33086438,afternoon,15,daylight,0,dry,0,6,4,0,1,1,0,0,0,3,slightly_injured
2020,11,Thu,5,52.45335791,13.45702627,afternoon,16,dark,2,wet,1,5,7,0,1,0,0,0,0,3,slightly_injured
2020,11,Mon,2,52.4941558,13.525568,morning,7,daylight,0,dry,0,2,6,0,1,0,0,0,0,3,slightly_injured
2020,11,Wed,4,52.51621628,13.35284884,morning,10,daylight,0,dry,0,6,4,0,1,1,0,0,0,3,slightly_injured
2020,11,Wed,4,52.49195314,13.41247686,morning,10,daylight,0,dry,0,5,3,1,1,0,0,0,0,3,slightly_injured
2020,11,Wed,4,52.47380857,13.45582703,afternoon,14,daylight,0,dry,0,5,2,1,1,0,0,0,0,3,slightly_injured
2020,11,Sat,7,52.59897501,13.33431042,afternoon,17,dark,2,dry,0,6,2,0,1,1,0,0,0,3,slightly_injured
2020,11,Wed,4,52.52108146,13.26289724,evening,19,dark,2,dry,0,5,2,0,1,0,1,1,0,3,slightly_injured
2020,11,Mon,2,52.5257766,13.54165877,morning,6,dark,2,dry,0,2,2,0,0,0,1,1,0,3,slightly_injured
2020,11,Wed,4,52.53286501,13.1989258,evening,21,dark,2,dry,0,2,6,0,1,0,0,0,1,3,slightly_injured
2020,11,Tue,3,52.54064092,13.2042337,afternoon,14,daylight,0,dry,0,5,2,0,1,0,0,0,1,3,slightly_injured
2020,11,Wed,4,52.49929611,13.43029583,afternoon,17,dark,2,wet,1,5,2,1,1,0,0,0,0,3,slightly_injured
2020,11,Sat,7,52.51306164,13.28828553,afternoon,14,daylight,0,dry,0,5,2,1,1,0,0,0,0,3,slightly_injured
2020,11,Wed,4,52.51636966,13.38090971,evening,22,dark,2,dry,0,5,2,1,1,0,0,0,0,3,slightly_injured
2020,11,Mon,2,52.54957813,13.43376469,morning,6,dusk,1,wet,1,5,2,1,1,0,0,0,0,3,slightly_injured
2020,11,Wed,4,52.51716089,13.38880605,morning,9,daylight,0,dry,0,6,4,0,0,1,0,0,1,3,slightly_injured
2020,11,Wed,4,52.50585362,13.32048754,evening,18,dark,2,dry,0,0,1,1,0,0,0,0,0,3,slightly_injured
2020,11,Mon,2,52.56700443,13.420279,morning,7,daylight,0,dry,0,5,3,0,1,0,0,0,0,3,slightly_injured
2020,11,Fri,6,52.61388174,13.31016707,afternoon,12,daylight,0,wet,1,0,6,0,1,0,1,0,0,3,slightly_injured
2020,11,Wed,4,52.41877632,13.54649015,morning,8,daylight,0,wet,1,0,1,0,0,0,1,0,0,3,slightly_injured
2020,12,Tue,3,52.63715157,13.29499959,afternoon,13,daylight,0,dry,0,5,3,1,1,0,0,0,0,3,slightly_injured
2020,11,Wed,4,52.53619844,13.44776919,evening,18,dark,2,dry,0,6,7,1,0,1,0,0,0,3,slightly_injured
2020,11,Mon,2,52.53533161,13.51510789,night,0,dark,2,wet,1,9,1,0,1,0,0,0,0,3,slightly_injured
2020,11,Thu,5,52.53768271,13.22735682,afternoon,12,daylight,0,wet,1,2,6,0,1,0,0,0,0,3,slightly_injured
2020,11,Mon,2,52.53322385,13.37161761,morning,10,daylight,0,dry,0,2,6,1,1,0,0,0,0,3,slightly_injured
2020,11,Wed,4,52.56996322,13.33007542,afternoon,17,dark,2,dry,0,6,2,0,1,1,0,0,0,3,slightly_injured
2020,11,Tue,3,52.47521583,13.30343465,evening,19,dark,2,dry,0,6,2,0,0,1,0,0,1,3,slightly_injured
2020,11,Wed,4,52.58996132,13.28339738,afternoon,13,daylight,0,dry,0,6,2,0,0,1,0,0,1,2,seriously_injured
2020,11,Wed,4,52.46739933,13.34416677,morning,8,daylight,0,dry,0,5,3,0,1,0,1,0,0,2,seriously_injured
2020,12,Wed,4,52.55444005,13.22579595,afternoon,12,daylight,0,dry,0,5,2,0,1,0,0,0,0,2,seriously_injured
2020,11,Wed,4,52.45316126,13.12214668,morning,7,daylight,0,dry,0,5,3,0,1,0,0,1,0,3,slightly_injured
2020,11,Sun,1,52.48082448,13.44141142,evening,20,dark,2,wet,1,5,3,0,1,0,0,0,0,3,slightly_injured
2020,11,Fri,6,52.54955279,13.44110381,night,0,dark,2,wet,1,5,3,0,1,0,0,0,0,2,seriously_injured
2020,11,Wed,4,52.56810915,13.39176374,morning,7,daylight,0,wet,1,5,3,1,1,0,0,0,0,3,slightly_injured
2020,11,Sun,1,52.41999011,13.49012574,afternoon,17,dark,2,dry,0,5,3,0,1,0,0,0,0,3,slightly_injured
2020,11,Fri,6,52.5438666,13.43224372,morning,8,dusk,1,wet,1,5,3,0,1,0,1,0,0,2,seriously_injured
2020,11,Wed,4,52.43083213,13.27408207,afternoon,17,dark,2,dry,0,5,3,1,1,0,0,0,0,3,slightly_injured
2020,12,Tue,3,52.54387824,13.26066871,afternoon,13,daylight,0,dry,0,5,7,1,1,0,0,0,0,3,slightly_injured
2020,11,Wed,4,52.55997854,13.46708936,afternoon,16,dark,2,dry,0,5,2,0,1,0,0,0,0,3,slightly_injured
2020,11,Sun,1,52.48465072,13.42887105,afternoon,17,dark,2,wet,1,5,2,1,1,0,0,0,0,3,slightly_injured
2020,11,Thu,5,52.5963494,13.34756711,morning,7,dark,2,dry,0,6,2,0,1,1,0,0,0,2,seriously_injured
2020,11,Sun,1,52.50925916,13.32598838,evening,22,dark,2,dry,0,2,6,0,1,0,0,0,0,3,slightly_injured
2020,11,Wed,4,52.54402569,13.49634669,afternoon,15,daylight,0,dry,0,1,5,1,1,0,0,0,0,3,slightly_injured
2020,11,Tue,3,52.42855345,13.52392584,evening,18,dark,2,dry,0,5,3,0,1,0,0,0,0,3,slightly_injured
2020,11,Wed,4,52.52434883,13.40843064,afternoon,12,daylight,0,dry,0,1,5,0,1,0,0,1,0,3,slightly_injured
2020,11,Wed,4,52.50291451,13.31974414,afternoon,15,daylight,0,dry,0,5,3,0,1,0,0,0,0,3,slightly_injured
2020,11,Wed,4,52.46908554,13.45735827,afternoon,14,daylight,0,dry,0,1,5,1,1,0,0,0,0,3,slightly_injured
2020,11,Sun,1,52.49306998,13.34505491,evening,20,dark,2,wet,1,1,5,0,1,0,0,0,0,3,slightly_injured
2020,11,Tue,3,52.6095876,13.29668518,morning,8,daylight,0,wet,1,5,3,0,1,0,1,0,0,2,seriously_injured
2020,11,Fri,6,52.56111502,13.36354623,afternoon,15,daylight,0,dry,0,4,6,1,1,0,0,0,0,3,slightly_injured
2020,11,Mon,2,52.46477784,13.4328379,morning,10,daylight,0,dry,0,3,6,1,1,0,0,0,0,3,slightly_injured
2020,11,Tue,3,52.52084908,13.30623586,evening,19,dark,2,wet,1,3,6,1,1,0,0,0,0,1,killed
2020,11,Sun,1,52.55968982,13.36975967,evening,20,dark,2,wet,1,6,2,0,1,1,0,0,0,3,slightly_injured
2020,11,Wed,4,52.48643809,13.42428555,morning,8,daylight,0,wet,1,2,6,0,1,0,0,0,0,3,slightly_injured
2020,11,Sat,7,52.52594082,13.45883325,afternoon,17,dark,2,dry,0,2,6,0,1,0,0,0,0,3,slightly_injured
2020,11,Tue,3,52.55706219,13.37349966,afternoon,17,dark,2,wet,1,4,6,1,0,0,0,0,0,3,slightly_injured
2020,11,Mon,2,52.49970748,13.39508329,evening,18,dark,2,wet,1,1,5,1,1,0,0,0,0,3,slightly_injured
2020,11,Tue,3,52.5485261,13.20832647,afternoon,13,daylight,0,dry,0,6,7,0,0,1,0,0,1,3,slightly_injured
2020,11,Sun,1,52.52568349,13.36819141,afternoon,15,daylight,0,dry,0,3,6,0,1,0,0,0,0,3,slightly_injured
2020,11,Wed,4,52.53437572,13.49987003,morning,10,daylight,0,dry,0,2,6,0,1,0,0,0,0,3,slightly_injured
2020,11,Sun,1,52.55143349,13.42995959,afternoon,14,daylight,0,dry,0,5,2,1,1,0,0,0,0,3,slightly_injured
2020,11,Tue,3,52.41785096,13.28700616,afternoon,17,dark,2,wet,1,2,2,0,1,0,0,0,1,3,slightly_injured
2020,11,Tue,3,52.50914115,13.39961938,evening,23,dark,2,wet,1,1,1,0,1,0,0,0,0,3,slightly_injured
2020,11,Tue,3,52.4611532,13.31774631,evening,19,dark,2,wet,1,5,2,1,1,0,0,0,0,3,slightly_injured
2020,11,Sun,1,52.51741853,13.41821181,afternoon,17,dark,2,wet,1,5,2,1,1,0,0,0,0,3,slightly_injured
2020,11,Tue,3,52.49035453,13.41822284,afternoon,14,daylight,0,dry,0,0,6,0,1,0,0,0,1,3,slightly_injured
2020,11,Fri,6,52.48645738,13.42893449,evening,20,dark,2,dry,0,0,3,0,0,0,0,0,1,3,slightly_injured
2020,11,Mon,2,52.59910082,13.37720554,afternoon,14,daylight,0,dry,0,5,3,0,1,0,1,0,0,3,slightly_injured
2020,11,Tue,3,52.55509908,13.42439063,evening,18,dark,2,wet,1,1,5,0,1,0,1,0,0,3,slightly_injured
2020,11,Tue,3,52.44656238,13.29265536,afternoon,17,dark,2,dry,0,2,6,0,1,0,0,0,0,3,slightly_injured
2020,11,Wed,4,52.42556005,13.48281544,evening,22,dark,2,dry,0,8,1,0,1,0,0,0,0,2,seriously_injured
2020,11,Sat,7,52.50812615,13.45339858,night,2,dark,2,dry,0,1,5,1,1,0,0,0,0,2,seriously_injured
2020,11,Tue,3,52.43067544,13.31566004,evening,18,dark,2,wet,1,2,6,0,1,0,0,0,0,3,slightly_injured
2020,11,Tue,3,52.54187825,13.16321064,afternoon,14,daylight,0,dry,0,9,1,0,1,0,0,0,0,3,slightly_injured
2020,11,Tue,3,52.49956934,13.35255676,evening,18,dark,2,wet,1,0,1,0,0,0,1,0,0,3,slightly_injured
2020,11,Tue,3,52.42111426,13.41517801,afternoon,16,dark,2,wet,1,0,2,0,1,0,1,0,0,3,slightly_injured
2020,11,Tue,3,52.52541497,13.34256464,afternoon,16,dark,2,wet,1,6,2,0,1,1,0,0,0,3,slightly_injured
2020,12,Tue,3,52.48957409,13.44009746,afternoon,14,daylight,0,dry,0,5,3,0,1,0,0,0,0,2,seriously_injured
2020,11,Tue,3,52.48212383,13.28091977,afternoon,16,dark,2,wet,1,6,2,0,1,1,0,0,0,3,slightly_injured
2020,11,Tue,3,52.46962711,13.28491659,afternoon,16,dark,2,wet,1,5,3,0,1,0,0,0,0,3,slightly_injured
2020,11,Tue,3,52.56740182,13.39792196,afternoon,16,daylight,0,wet,1,5,2,1,1,0,0,0,0,3,slightly_injured
2020,11,Tue,3,52.52462423,13.53858069,afternoon,15,daylight,0,wet,1,0,6,0,1,0,1,0,0,3,slightly_injured
2020,12,Tue,3,52.54769674,13.20135823,afternoon,16,dark,2,dry,0,5,3,0,1,0,0,0,0,3,slightly_injured
2020,11,Tue,3,52.42893589,13.46594023,afternoon,14,daylight,0,wet,1,5,3,0,1,0,0,0,1,3,slightly_injured
2020,11,Sun,1,52.46432827,13.12998093,afternoon,16,dark,2,wet,1,5,3,0,1,0,0,0,0,2,seriously_injured
2020,11,Tue,3,52.54292336,13.55042184,morning,7,daylight,0,dry,0,5,2,1,1,0,0,0,0,3,slightly_injured
2020,11,Thu,5,52.57446928,13.27796814,evening,21,dark,2,dry,0,0,5,1,1,0,0,0,0,3,slightly_injured
2020,11,Mon,2,52.61415138,13.3154598,morning,7,daylight,0,dry,0,5,3,1,0,0,1,0,0,2,seriously_injured
2020,11,Tue,3,52.53995654,13.48457928,afternoon,13,daylight,0,wet,1,0,1,0,0,0,1,0,0,3,slightly_injured
2020,11,Wed,4,52.44029312,13.43469618,afternoon,17,dark,2,dry,0,6,2,0,1,1,0,0,0,3,slightly_injured
2020,11,Sat,7,52.49693039,13.3951387,night,0,dark,2,dry,0,0,7,0,0,0,0,0,1,3,slightly_injured
2020,11,Tue,3,52.46515298,13.32141894,afternoon,13,daylight,0,wet,1,0,7,0,0,0,1,0,0,3,slightly_injured
2020,11,Sun,1,52.54458975,13.54154743,afternoon,15,dusk,1,dry,0,6,7,0,1,1,0,0,0,3,slightly_injured
2020,11,Tue,3,52.4734859,13.35556282,morning,8,daylight,0,dry,0,2,6,0,1,0,0,0,1,3,slightly_injured
2020,11,Sun,1,52.43136567,13.30332976,afternoon,15,daylight,0,dry,0,5,3,1,1,0,0,0,0,3,slightly_injured
2020,11,Fri,6,52.38735118,13.4095861,afternoon,16,dark,2,dry,0,5,2,0,1,0,0,0,0,3,slightly_injured
2020,11,Tue,3,52.45311934,13.595672,afternoon,12,daylight,0,wet,1,5,3,1,1,0,0,0,0,3,slightly_injured
2020,12,Tue,3,52.54602795,13.57588623,afternoon,13,daylight,0,dry,0,5,3,0,1,0,0,0,0,3,slightly_injured
2020,11,Tue,3,52.49976179,13.40427673,morning,11,daylight,0,wet,1,5,3,1,1,0,0,0,0,3,slightly_injured
2020,11,Sun,1,52.55116075,13.42310224,afternoon,13,daylight,0,wet,1,5,3,0,1,0,0,0,0,3,slightly_injured
2020,11,Thu,5,52.48888202,13.39935689,morning,9,daylight,0,dry,0,5,3,1,1,0,0,0,0,3,slightly_injured
2020,11,Sun,1,52.46336661,13.32683867,morning,11,daylight,0,dry,0,2,7,0,1,0,0,0,0,3,slightly_injured
2020,11,Tue,3,52.48604846,13.59449216,morning,10,daylight,0,dry,0,0,7,0,1,0,0,0,0,3,slightly_injured
2020,11,Tue,3,52.52585645,13.54535943,afternoon,17,dark,2,dry,0,4,6,1,1,0,0,0,0,2,seriously_injured
2020,11,Wed,4,52.44541994,13.26798774,afternoon,12,daylight,0,dry,0,2,6,0,1,0,0,0,0,3,slightly_injured
2020,11,Sat,7,52.4558087,13.38385963,evening,23,dark,2,dry,0,5,2,0,1,0,0,0,0,3,slightly_injured
2020,11,Thu,5,52.42993152,13.33321126,afternoon,14,daylight,0,dry,0,0,5,1,0,0,0,0,1,3,slightly_injured
2020,11,Mon,2,52.56855816,13.4413191,evening,20,dark,2,dry,0,5,3,0,1,0,0,0,1,3,slightly_injured
2020,11,Tue,3,52.47812292,13.44813379,morning,10,daylight,0,dry,0,1,5,1,1,0,0,0,0,3,slightly_injured
2020,11,Wed,4,52.51287298,13.28523788,afternoon,15,daylight,0,dry,0,5,3,1,0,0,0,0,1,3,slightly_injured
2020,11,Sat,7,52.51837901,13.38038663,afternoon,15,daylight,0,dry,0,0,1,1,0,0,0,0,0,3,slightly_injured
2020,11,Tue,3,52.52420128,13.34253244,morning,10,daylight,0,dry,0,5,2,1,0,0,0,0,1,3,slightly_injured
2020,11,Tue,3,52.545245,13.23160781,morning,10,daylight,0,dry,0,5,7,0,1,0,0,0,0,3,slightly_injured
2020,11,Sat,7,52.44573643,13.44982222,evening,20,dark,2,dry,0,0,1,0,1,0,1,0,0,2,seriously_injured
2020,11,Fri,6,52.53129584,13.46900717,morning,8,daylight,0,dry,0,5,2,1,1,0,0,0,0,3,slightly_injured
2020,11,Tue,3,52.52444115,13.32749998,morning,8,daylight,0,dry,0,5,2,1,1,0,0,0,0,3,slightly_injured
2020,12,Tue,3,52.4684797,13.55293354,afternoon,16,dark,2,dry,0,2,6,0,1,0,0,0,0,3,slightly_injured
2020,11,Tue,3,52.57132176,13.37740937,morning,8,daylight,0,dry,0,5,3,1,1,0,0,0,0,3,slightly_injured
2020,11,Sat,7,52.51491417,13.43186288,evening,20,dark,2,dry,0,0,6,0,1,0,1,0,0,3,slightly_injured
2020,11,Wed,4,52.50927706,13.42300188,morning,8,daylight,0,dry,0,7,7,1,0,0,0,0,0,3,slightly_injured
2020,11,Sun,1,52.5277819,13.18095826,evening,18,dark,2,dry,0,5,2,0,1,0,1,0,0,2,seriously_injured
2020,11,Tue,3,52.59379083,13.28078567,morning,7,daylight,0,dry,0,5,2,0,1,0,0,0,0,3,slightly_injured
2020,11,Tue,3,52.42583655,13.24439571,afternoon,16,dusk,1,wet,1,5,2,1,1,0,0,0,0,3,slightly_injured
2020,11,Tue,3,52.53224936,13.20408779,morning,7,daylight,0,wet,1,5,3,0,1,0,1,0,0,3,slightly_injured
2020,11,Sat,7,52.58810779,13.33971428,afternoon,16,dusk,1,dry,0,5,2,1,1,0,0,0,0,3,slightly_injured
2020,11,Tue,3,52.45567535,13.37222401,morning,6,dusk,1,wet,1,5,3,0,0,0,0,1,1,3,slightly_injured
2020,12,Wed,4,52.43399007,13.55324769,morning,11,daylight,0,dry,0,0,3,0,1,0,0,0,1,3,slightly_injured
2020,11,Mon,2,52.48147968,13.43927876,evening,18,dark,2,dry,0,1,5,1,1,0,0,0,0,3,slightly_injured
2020,11,Sat,7,52.57827811,13.29130484,afternoon,14,daylight,0,dry,0,1,5,1,1,0,0,0,0,3,slightly_injured
2020,11,Fri,6,52.47871423,13.32424184,afternoon,17,dark,2,dry,0,2,6,0,1,0,1,0,0,3,slightly_injured
2020,11,Mon,2,52.55177053,13.43049892,morning,11,daylight,0,dry,0,5,2,1,1,0,0,0,0,2,seriously_injured
2020,11,Mon,2,52.49919601,13.43042467,afternoon,13,daylight,0,dry,0,5,3,1,1,0,0,0,0,3,slightly_injured
2020,11,Sat,7,52.53719618,13.18866472,afternoon,13,daylight,0,dry,0,0,3,0,1,0,0,0,1,3,slightly_injured
2020,11,Wed,4,52.44730051,13.40249351,morning,9,daylight,0,dry,0,2,6,0,1,0,0,0,0,3,slightly_injured
2020,11,Sat,7,52.52129342,13.59664363,afternoon,12,daylight,0,dry,0,5,3,0,1,0,0,0,0,3,slightly_injured
2020,11,Mon,2,52.51049669,13.32390651,morning,10,daylight,0,wet,1,1,5,1,1,0,0,0,0,3,slightly_injured
2020,11,Tue,3,52.56092894,13.33323262,afternoon,12,daylight,0,dry,0,2,2,0,1,0,0,0,0,3,slightly_injured
2020,11,Mon,2,52.48848308,13.41240438,afternoon,14,daylight,0,dry,0,1,5,1,0,0,0,0,1,3,slightly_injured
2020,11,Mon,2,52.42601726,13.3699647,evening,18,dark,2,wet,1,5,3,1,0,0,0,0,1,3,slightly_injured
2020,11,Mon,2,52.5025691,13.31332104,afternoon,16,dark,2,wet,1,0,1,0,0,0,1,0,0,3,slightly_injured
2020,11,Sat,7,52.53565873,13.30092541,morning,11,daylight,0,dry,0,6,4,0,1,1,0,0,0,3,slightly_injured
2020,11,Tue,3,52.50941648,13.37683002,afternoon,13,daylight,0,dry,0,5,2,1,1,0,0,0,0,3,slightly_injured
2020,11,Fri,6,52.48996252,13.3872452,evening,18,dark,2,dry,0,0,3,0,1,0,1,0,0,3,slightly_injured
2020,11,Mon,2,52.43635669,13.24422454,afternoon,14,daylight,0,dry,0,5,3,1,1,0,0,0,0,3,slightly_injured
2020,11,Mon,2,52.51315904,13.46245544,afternoon,16,dusk,1,dry,0,4,2,1,1,0,0,0,0,3,slightly_injured
2020,11,Wed,4,52.51102151,13.43049076,afternoon,17,dark,2,dry,0,5,2,1,1,0,0,0,0,3,slightly_injured
2020,11,Tue,3,52.53343832,13.61973158,morning,7,dark,2,dry,0,5,3,1,1,0,0,0,0,2,seriously_injured
2020,11,Fri,6,52.49860168,13.41997685,afternoon,12,daylight,0,dry,0,2,6,1,1,0,0,0,1,3,slightly_injured
2020,11,Mon,2,52.48164606,13.33964727,afternoon,15,dusk,1,dry,0,2,6,1,1,0,0,0,0,3,slightly_injured