ujahr,umonat,weekday,uwochentag,long,lat,time_of_day,ustunde,light_condition,ulichtverh,street_condition,ustrzustand,uart,utyp1,ist_rad,ist_pkw,ist_fuss,ist_krad,ist_gkfz,ist_sonstige,ukategorie,accident_outcome
2020,11,Mon,2,52.48608354,13.49790003,afternoon,15,daylight,0,dry,0,5,2,1,0,0,0,0,1,3,slightly_injured
2020,11,Wed,4,52.52471288,13.24599229,morning,8,daylight,0,dry,0,5,3,1,1,0,0,0,0,3,slightly_injured
2020,11,Sat,7,52.48591202,13.3452025,evening,21,dark,2,dry,0,0,3,0,1,0,0,0,0,3,slightly_injured
2020,11,Mon,2,52.54015835,13.40273067,evening,23,dark,2,wet,1,0,1,1,0,0,0,0,0,2,seriously_injured
2020,11,Mon,2,52.53314814,13.19762839,afternoon,15,daylight,0,dry,0,2,6,0,1,0,0,0,0,3,slightly_injured
2020,11,Mon,2,52.5380082,13.32625114,afternoon,14,daylight,0,dry,0,5,2,0,1,0,0,0,1,3,slightly_injured
2020,11,Mon,2,52.60723685,13.42456496,afternoon,14,daylight,0,dry,0,5,3,1,1,0,0,0,0,3,slightly_injured
2020,12,Tue,3,52.4751216,13.38014528,afternoon,16,dark,2,dry,0,1,5,1,1,0,0,0,0,2,seriously_injured
2020,11,Mon,2,52.58948049,13.29260847,afternoon,12,daylight,0,wet,1,5,7,0,1,0,0,0,0,3,slightly_injured
2020,11,Sat,7,52.44123711,13.50036346,morning,11,daylight,0,dry,0,6,2,0,1,1,0,0,0,3,slightly_injured
2020,11,Tue,3,52.53786271,13.21734903,morning,6,dark,2,dry,0,6,2,0,1,1,0,0,0,3,slightly_injured
2020,11,Thu,5,52.39869541,13.39014538,afternoon,17,dark,2,wet,1,5,3,0,1,0,0,0,0,3,slightly_injured
2020,11,Mon,2,52.63345436,13.49900722,morning,7,daylight,0,dry,0,5,3,1,0,0,0,0,1,3,slightly_injured
2020,11,Mon,2,52.47224411,13.32033254,afternoon,12,daylight,0,dry,0,2,6,0,1,0,0,0,0,3,slightly_injured
2020,11,Wed,4,52.54483512,13.34592334,afternoon,15,daylight,0,dry,0,5,2,0,1,0,1,0,0,3,slightly_injured
2020,11,Sat,7,52.58363828,13.28298668,afternoon,12,daylight,0,dry,0,2,7,0,1,0,0,0,0,3,slightly_injured
2020,11,Mon,2,52.50320039,13.33950048,afternoon,12,daylight,0,dry,0,5,2,1,1,0,0,0,0,3,slightly_injured
2020,11,Mon,2,52.44661936,13.38373817,afternoon,12,daylight,0,dry,0,4,2,0,1,0,0,0,1,3,slightly_injured
2020,11,Fri,6,52.56183689,13.21325658,afternoon,17,dark,2,dry,0,6,4,0,1,1,0,0,0,1,killed
2020,11,Fri,6,52.50854844,13.39020965,afternoon,13,daylight,0,dry,0,5,3,0,1,0,0,0,0,3,slightly_injured
2020,11,Mon,2,52.54232518,13.34944384,morning,11,daylight,0,wet,1,0,2,1,1,0,0,0,0,3,slightly_injured
2020,11,Sat,7,52.50751448,13.17943404,morning,10,daylight,0,dry,0,4,6,0,1,0,0,0,0,2,seriously_injured
2020,11,Mon,2,52.52866036,13.45784105,morning,11,daylight,0,dry,0,2,6,0,1,0,0,0,0,3,slightly_injured
2020,11,Fri,6,52.47626754,13.44237352,afternoon,17,dark,2,dry,0,5,3,1,1,0,0,0,0,3,slightly_injured
2020,11,Mon,2,52.59391237,13.28088453,morning,7,daylight,0,wet,1,0,2,1,1,0,0,0,0,3,slightly_injured
2020,11,Mon,2,52.47097976,13.45227253,morning,7,dusk,1,wet,1,6,2,0,0,1,0,0,1,3,slightly_injured
2020,11,Fri,6,52.51003507,13.30661491,evening,18,dark,2,dry,0,2,3,0,1,0,0,0,0,3,slightly_injured
2020,11,Fri,6,52.50496253,13.50032335,afternoon,12,daylight,0,dry,0,5,3,0,1,0,0,0,0,3,slightly_injured
2020,11,Mon,2,52.60688863,13.31987481,morning,7,dusk,1,wet,1,2,2,0,1,0,0,0,0,3,slightly_injured
2020,12,Tue,3,52.49166469,13.29775137,afternoon,14,daylight,0,dry,0,5,2,0,1,0,1,0,0,3,slightly_injured
2020,11,Mon,2,52.60054663,13.40283035,morning,7,dark,2,wet,1,0,3,0,1,0,1,0,0,2,seriously_injured
2020,11,Fri,6,52.57357826,13.5749913,morning,9,daylight,0,dry,0,5,2,1,1,0,0,0,0,2,seriously_injured
2020,11,Thu,5,52.54083699,13.40556425,afternoon,14,daylight,0,wet,1,0,3,1,1,0,0,0,0,3,slightly_injured
2020,11,Mon,2,52.49927913,13.43220476,evening,18,dusk,1,dry,0,5,3,1,1,0,0,0,0,3,slightly_injured
2020,11,Mon,2,52.52374593,13.20271289,morning,6,dark,2,wet,1,5,3,0,1,0,1,0,1,3,slightly_injured
2020,11,Wed,4,52.56789788,13.36216934,afternoon,13,daylight,0,dry,0,6,4,0,0,1,0,1,0,2,seriously_injured
2020,11,Mon,2,52.44162692,13.56993054,morning,9,daylight,0,wet,1,4,7,1,0,0,0,0,0,3,slightly_injured
2020,12,Wed,4,52.54134283,13.34822089,afternoon,17,dark,2,dry,0,6,7,0,1,1,0,0,0,3,slightly_injured
2020,11,Mon,2,52.60116476,13.33898923,morning,9,daylight,0,dry,0,5,3,0,1,0,0,0,0,3,slightly_injured
2020,11,Fri,6,52.54501341,13.5914929,morning,11,daylight,0,dry,0,6,2,0,1,1,0,0,0,2,seriously_injured
2020,11,Fri,6,52.42355017,13.43676025,morning,7,dark,2,wet,1,6,2,0,1,1,0,0,0,3,slightly_injured
2020,11,Mon,2,52.62517349,13.22965461,morning,6,dark,2,wet,1,0,6,1,1,0,0,0,0,3,slightly_injured
2020,11,Mon,2,52.52459361,13.3491264,morning,9,daylight,0,wet,1,0,1,0,0,0,1,0,0,3,slightly_injured
2020,11,Fri,6,52.51041719,13.27426897,morning,7,dusk,1,dry,0,5,7,1,1,0,0,0,0,3,slightly_injured
2020,11,Wed,4,52.50874674,13.39211356,morning,8,daylight,0,dry,0,5,3,0,1,0,0,0,0,3,slightly_injured
2020,12,Tue,3,52.44262644,13.39759211,evening,19,dark,2,dry,0,1,5,0,1,0,0,0,0,2,seriously_injured
2020,11,Mon,2,52.48401224,13.43563436,morning,9,daylight,0,wet,1,2,6,0,1,0,1,0,0,3,slightly_injured
2020,11,Fri,6,52.52349687,13.28529918,morning,9,daylight,0,wet,1,5,3,1,1,0,0,0,0,3,slightly_injured
2020,11,Thu,5,52.51059732,13.29738819,morning,7,dark,2,dry,0,5,3,1,1,0,0,0,0,3,slightly_injured
2020,11,Sun,1,52.51222056,13.49770053,night,1,dark,2,wet,1,6,4,0,1,1,0,0,0,3,slightly_injured
2020,11,Mon,2,52.50961134,13.400133,morning,8,daylight,0,wet,1,1,5,1,1,0,0,0,0,3,slightly_injured
2020,11,Wed,4,52.44469236,13.56168212,afternoon,12,daylight,0,dry,0,5,2,1,1,0,0,0,0,3,slightly_injured
2020,11,Mon,2,52.59844802,13.3766493,morning,8,daylight,0,wet,1,5,2,0,1,0,1,0,0,3,slightly_injured
2020,12,Tue,3,52.52878022,13.12182072,evening,18,dark,2,dry,0,2,6,0,1,0,0,0,0,2,seriously_injured
2020,11,Mon,2,52.45149635,13.32116625,morning,8,daylight,0,wet,1,0,1,0,0,0,1,0,0,3,slightly_injured
2020,11,Fri,6,52.55374308,13.41099415,morning,8,daylight,0,dry,0,2,2,1,1,0,0,0,0,3,slightly_injured
2020,11,Fri,6,52.55653512,13.37702632,afternoon,16,dusk,1,dry,0,0,2,0,1,0,0,0,1,3,slightly_injured
2020,11,Mon,2,52.56792854,13.36227785,morning,10,daylight,0,dry,0,5,2,1,1,0,0,0,0,3,slightly_injured
2020,11,Mon,2,52.55565153,13.38418884,night,4,dark,2,wet,1,5,3,0,1,0,0,0,0,3,slightly_injured
2020,11,Fri,6,52.56997936,13.37055815,morning,8,daylight,0,dry,0,1,5,0,1,0,0,0,0,3,slightly_injured
2020,11,Wed,4,52.52363663,13.37945265,morning,8,daylight,0,dry,0,1,5,1,1,0,0,0,0,3,slightly_injured
2020,11,Sat,7,52.58508443,13.17711761,morning,10,daylight,0,wet,1,5,3,1,1,0,0,0,0,3,slightly_injured
2020,11,Mon,2,52.52384645,13.41680998,morning,6,dark,2,wet,1,0,1,0,0,0,0,0,1,2,seriously_injured
2020,11,Mon,2,52.51330199,13.45624684,morning,9,daylight,0,wet,1,0,1,1,1,0,0,0,0,3,slightly_injured
2020,11,Mon,2,52.47640667,13.60067471,morning,10,daylight,0,dry,0,5,3,1,1,0,0,0,0,3,slightly_injured
2020,11,Sun,1,52.54676224,13.41287864,afternoon,14,daylight,0,dry,0,5,2,1,1,0,0,0,0,3,slightly_injured
2020,11,Mon,2,52.5331626,13.40433472,morning,10,daylight,0,wet,1,0,3,1,1,0,0,0,0,3,slightly_injured
2020,11,Mon,2,52.51316519,13.32233499,morning,11,daylight,0,wet,1,2,6,0,1,0,0,1,0,3,slightly_injured
2020,11,Mon,2,52.45608906,13.33903489,morning,11,daylight,0,dry,0,2,6,0,1,0,0,0,0,3,slightly_injured
2020,11,Fri,6,52.50588393,13.31995496,morning,7,daylight,0,wet,1,5,2,1,1,0,0,0,0,3,slightly_injured
2020,11,Tue,3,52.56494563,13.39435825,afternoon,13,daylight,0,dry,0,5,2,1,1,0,0,0,0,3,slightly_injured
2020,11,Fri,6,52.5387073,13.20774089,afternoon,13,daylight,0,dry,0,2,6,0,1,0,0,0,0,3,slightly_injured
2020,11,Mon,2,52.53568142,13.1768337,afternoon,15,daylight,0,dry,0,1,5,0,1,0,1,0,0,3,slightly_injured
2020,11,Mon,2,52.51406499,13.31687493,morning,11,daylight,0,dry,0,3,6,0,0,0,1,0,1,3,slightly_injured
2020,11,Tue,3,52.51010423,13.37664674,afternoon,12,daylight,0,dry,0,6,4,1,0,1,0,0,0,2,seriously_injured
2020,11,Wed,4,52.48556035,13.32260252,morning,8,daylight,0,dry,0,5,3,1,1,0,0,0,0,2,seriously_injured
2020,11,Sat,7,52.41076602,13.52759533,afternoon,13,daylight,0,dry,0,1,5,0,1,0,0,1,0,2,seriously_injured
2020,11,Mon,2,52.55697777,13.3678628,morning,11,daylight,0,dry,0,8,1,0,1,0,0,0,0,2,seriously_injured
2020,11,Tue,3,52.51709972,13.30786323,morning,11,daylight,0,dry,0,6,7,0,1,1,0,0,0,3,slightly_injured
2020,11,Mon,2,52.4861438,13.34754117,morning,11,daylight,0,wet,1,0,3,0,1,0,1,0,0,3,slightly_injured
2020,11,Sun,1,52.51013797,13.45504568,afternoon,16,daylight,0,dry,0,0,6,1,1,0,0,0,0,3,slightly_injured
2020,11,Sun,1,52.50387395,13.4946437,afternoon,14,daylight,0,dry,0,6,4,0,1,1,0,0,0,2,seriously_injured
2020,12,Tue,3,52.46787019,13.48974422,afternoon,15,dusk,1,dry,0,5,2,1,1,0,0,0,0,3,slightly_injured
2020,11,Sun,1,52.50643194,13.45876698,afternoon,16,dusk,1,dry,0,5,2,1,1,0,0,0,0,3,slightly_injured
2020,11,Fri,6,52.52952029,13.49997001,night,1,dark,2,dry,0,4,6,0,1,0,0,0,0,2,seriously_injured
2020,11,Thu,5,52.50350255,13.42998554,afternoon,16,daylight,0,wet,1,5,3,1,1,0,0,0,0,3,slightly_injured
2020,11,Wed,4,52.51762044,13.18632293,morning,11,daylight,0,dry,0,0,1,0,0,0,1,0,0,2,seriously_injured
2020,11,Mon,2,52.52661402,13.47996028,morning,6,dusk,1,dry,0,0,2,1,1,0,0,0,0,3,slightly_injured
2020,12,Wed,4,52.57083894,13.41641462,morning,10,daylight,0,wet,1,0,7,0,0,0,1,0,1,2,seriously_injured
2020,12,Sat,7,52.52304909,13.47934745,morning,11,daylight,0,dry,0,5,3,0,1,0,0,0,1,3,slightly_injured
2020,12,Thu,5,52.55507632,13.39231266,night,5,dark,2,dry,0,0,7,0,0,0,0,1,0,3,slightly_injured
2020,12,Tue,3,52.53568204,13.32750222,evening,18,dark,2,dry,0,2,6,0,0,0,1,0,1,3,slightly_injured
2020,12,Sun,1,52.49154477,13.44684007,afternoon,13,daylight,0,wet,1,0,1,0,0,0,1,0,0,3,slightly_injured
2020,12,Tue,3,52.56235469,13.20845483,afternoon,13,daylight,0,dry,0,2,6,0,1,0,0,0,0,3,slightly_injured
2020,12,Mon,2,52.49208671,13.31952157,morning,6,dark,2,dry,0,6,2,0,1,1,0,0,0,3,slightly_injured
2020,12,Sat,7,52.46771526,13.24782176,afternoon,16,daylight,0,dry,0,2,6,0,1,0,0,0,0,3,slightly_injured
2020,12,Sat,7,52.55989848,13.41577374,morning,8,daylight,0,dry,0,1,5,0,1,0,0,0,0,2,seriously_injured
2020,12,Sat,7,52.46177603,13.47801038,morning,6,dusk,1,icy,2,9,1,0,1,0,0,0,0,3,slightly_injured
2020,12,Sat,7,52.46741772,13.33081515,morning,11,daylight,0,dry,0,5,2,1,1,0,0,0,0,3,slightly_injured
2020,12,Tue,3,52.55259735,13.51514795,evening,19,dark,2,dry,0,1,5,0,1,0,0,0,0,3,slightly_injured
2020,12,Thu,5,52.5402552,13.37934109,afternoon,17,dark,2,wet,1,5,2,1,1,0,0,0,0,3,slightly_injured
2020,12,Fri,6,52.43894641,13.69290189,morning,9,daylight,0,dry,0,6,4,0,1,1,0,0,0,3,slightly_injured
2020,12,Tue,3,52.54463715,13.44587662,evening,19,dark,2,dry,0,5,3,1,0,0,0,0,1,2,seriously_injured
2020,12,Mon,2,52.50317135,13.34929776,afternoon,17,dark,2,dry,0,2,6,0,1,0,0,0,0,3,slightly_injured
2020,12,Tue,3,52.4921276,13.39279696,afternoon,16,dark,2,dry,0,5,3,1,1,0,0,0,0,3,slightly_injured
2020,12,Sat,7,52.41413311,13.31712508,morning,10,daylight,0,dry,0,5,3,1,1,0,0,0,0,2,seriously_injured
2020,12,Wed,4,52.51609312,13.51899285,afternoon,12,daylight,0,wet,1,2,6,0,1,0,0,0,1,3,slightly_injured
2020,12,Tue,3,52.52216959,13.37741485,evening,19,dark,2,dry,0,0,3,1,0,0,0,0,1,3,slightly_injured
2020,12,Sat,7,52.4811967,13.29574186,afternoon,15,dusk,1,wet,1,5,3,0,1,0,1,0,0,3,slightly_injured
2020,12,Mon,2,52.4645615,13.46524207,afternoon,16,dusk,1,dry,0,5,2,0,1,0,1,0,0,3,slightly_injured
2020,12,Sat,7,52.56781362,13.45675899,morning,10,daylight,0,dry,0,0,1,0,0,0,1,0,0,3,slightly_injured
2020,12,Fri,6,52.49530497,13.39777283,morning,9,daylight,0,wet,1,5,2,1,1,0,0,0,0,3,slightly_injured
2020,12,Sat,7,52.48006201,13.26233285,afternoon,12,daylight,0,dry,0,2,6,0,1,0,0,0,0,3,slightly_injured
2020,12,Thu,5,52.5189154,13.42869,morning,7,dusk,1,dry,0,5,3,1,1,0,0,0,0,3,slightly_injured
2020,12,Fri,6,52.42630113,13.27680581,morning,9,daylight,0,wet,1,5,2,1,1,0,0,0,0,3,slightly_injured
2020,12,Sat,7,52.50802926,13.3286242,afternoon,16,dusk,1,dry,0,2,6,0,1,0,0,0,1,3,slightly_injured
2020,12,Sat,7,52.54024652,13.54082139,morning,10,daylight,0,wet,1,3,6,0,1,0,0,0,0,2,seriously_injured
2020,12,Thu,5,52.51455037,13.3150868,afternoon,14,daylight,0,dry,0,6,2,0,0,1,0,0,1,3,slightly_injured
2020,12,Thu,5,52.57062249,13.53518815,evening,19,dark,2,dry,0,3,6,1,0,0,0,0,1,3,slightly_injured
2020,12,Tue,3,52.48486973,13.38611267,evening,20,dark,2,dry,0,5,2,1,0,0,0,0,1,3,slightly_injured
2020,12,Mon,2,52.44096833,13.58655123,morning,6,dusk,1,wet,1,5,2,1,1,0,0,0,0,3,slightly_injured
2020,12,Tue,3,52.56390824,13.46095353,afternoon,15,daylight,0,dry,0,5,3,1,1,0,0,0,0,3,slightly_injured
2020,12,Sat,7,52.55042768,13.37842723,afternoon,14,daylight,0,dry,0,5,3,0,1,0,0,0,0,3,slightly_injured
2020,12,Wed,4,52.4809413,13.42605717,morning,10,daylight,0,wet,1,6,4,0,1,1,0,0,0,3,slightly_injured
2020,12,Tue,3,52.46162583,13.47206553,evening,21,dark,2,dry,0,5,3,0,1,0,0,0,1,3,slightly_injured
2020,12,Sat,7,52.49508314,13.29974521,morning,9,daylight,0,wet,1,0,1,1,0,0,0,0,0,3,slightly_injured
2020,12,Mon,2,52.53332821,13.60957439,morning,11,daylight,0,wet,1,6,4,1,0,1,0,0,0,3,slightly_injured
2020,12,Sat,7,52.4444883,13.56958907,afternoon,13,daylight,0,dry,0,5,3,1,0,0,0,0,0,3,slightly_injured
2020,12,Fri,6,52.47907276,13.4496053,evening,19,dark,2,dry,0,5,2,1,1,0,0,0,0,3,slightly_injured
2020,12,Sat,7,52.47144723,13.3291079,morning,9,daylight,0,icy,2,0,1,0,0,0,1,0,0,3,slightly_injured
2020,12,Wed,4,52.53255359,13.39855031,morning,8,dusk,1,wet,1,0,1,1,0,0,0,0,0,3,slightly_injured
2020,12,Thu,5,52.41751055,13.31483653,morning,11,daylight,0,dry,0,5,2,1,0,0,0,1,0,2,seriously_injured
2020,12,Mon,2,52.44990601,13.33401273,morning,7,dark,2,dry,0,0,5,1,1,0,0,0,0,2,seriously_injured
2020,12,Mon,2,52.53027998,13.20436496,morning,11,daylight,0,dry,0,2,6,0,1,0,0,0,0,3,slightly_injured
2020,12,Tue,3,52.60465522,13.32653152,afternoon,12,daylight,0,dry,0,6,2,0,1,1,0,0,0,2,seriously_injured
2020,12,Tue,3,52.56800571,13.51336525,morning,6,dark,2,wet,1,0,3,0,0,0,1,0,1,3,slightly_injured
2020,12,Sat,7,52.51171518,13.5870581,afternoon,12,daylight,0,icy,2,0,1,1,0,0,0,0,0,3,slightly_injured
2020,12,Wed,4,52.59524869,13.28575263,evening,18,dark,2,wet,1,3,6,0,1,0,0,0,0,3,slightly_injured
2020,12,Mon,2,52.53552598,13.51790729,afternoon,12,daylight,0,dry,0,2,7,0,1,0,0,0,1,3,slightly_injured
2020,12,Sat,7,52.54366957,13.18392417,afternoon,13,daylight,0,dry,0,1,5,1,1,0,0,0,0,3,slightly_injured
2020,12,Thu,5,52.48622622,13.42449743,evening,18,dark,2,dry,0,6,4,0,1,1,0,0,0,3,slightly_injured
2020,12,Mon,2,52.49910081,13.48080827,afternoon,17,dark,2,dry,0,5,2,1,1,0,0,0,0,3,slightly_injured
2020,12,Mon,2,52.52459493,13.53843175,afternoon,12,daylight,0,wet,1,2,2,0,1,0,0,0,0,3,slightly_injured
2020,12,Tue,3,52.49120313,13.57576589,afternoon,12,daylight,0,dry,0,5,3,0,1,0,0,0,0,2,seriously_injured
2020,12,Sat,7,52.52577219,13.31300447,afternoon,12,daylight,0,dry,0,5,7,0,1,0,1,0,0,3,slightly_injured
2020,12,Wed,4,52.54582088,13.53690057,morning,7,dark,2,wet,1,2,6,0,1,0,0,0,0,3,slightly_injured
2020,12,Mon,2,52.52018631,13.4233168,evening,22,dark,2,wet,1,5,3,1,1,0,0,0,0,3,slightly_injured
2020,12,Sat,7,52.59605327,13.43298616,evening,18,dark,2,dry,0,0,1,1,0,0,0,0,0,3,slightly_injured
2020,12,Mon,2,52.53380779,13.28204272,morning,7,daylight,0,dry,0,2,6,0,1,0,0,0,0,3,slightly_injured
2020,12,Sat,7,52.50221198,13.32286996,afternoon,12,daylight,0,dry,0,1,5,1,1,0,0,0,0,3,slightly_injured
2020,12,Fri,6,52.4396661,13.26338306,afternoon,14,daylight,0,dry,0,1,7,0,1,0,0,0,0,3,slightly_injured
2020,12,Fri,6,52.51037883,13.43022042,evening,20,dark,2,dry,0,2,6,1,0,0,0,0,1,3,slightly_injured
2020,12,Wed,4,52.57191114,13.42939465,afternoon,14,daylight,0,dry,0,5,3,0,1,0,0,0,0,3,slightly_injured
2020,12,Thu,5,52.53998365,13.470341,morning,10,daylight,0,dry,0,5,2,0,1,0,0,0,0,3,slightly_injured
2020,12,Mon,2,52.50140652,13.47567188,afternoon,15,dusk,1,wet,1,2,6,0,1,0,0,0,0,3,slightly_injured
2020,12,Mon,2,52.45300871,13.28607321,morning,10,daylight,0,wet,1,5,3,1,1,0,0,0,0,3,slightly_injured
2020,12,Tue,3,52.47978529,13.42550548,afternoon,12,daylight,0,dry,0,5,2,1,1,0,0,0,0,3,slightly_injured
2020,12,Mon,2,52.42441168,13.45975282,evening,18,dark,2,wet,1,0,1,1,0,0,0,0,0,3,slightly_injured
2020,12,Fri,6,52.43683452,13.33210985,afternoon,15,daylight,0,dry,0,5,3,0,1,0,0,0,0,3,slightly_injured
2020,12,Sat,7,52.43847492,13.41178954,morning,10,daylight,0,icy,2,0,1,1,0,0,0,0,0,3,slightly_injured
2020,12,Sun,1,52.60068857,13.33994094,afternoon,16,dusk,1,dry,0,2,6,0,1,0,0,0,0,3,slightly_injured
2020,12,Fri,6,52.46334021,13.40208431,night,5,dusk,1,dry,0,6,2,0,1,1,0,0,0,3,slightly_injured
2020,12,Mon,2,52.55617941,13.42334924,afternoon,14,daylight,0,wet,1,5,3,1,1,0,0,0,0,3,slightly_injured
2020,12,Thu,5,52.52297546,13.4087456,evening,18,dark,2,wet,1,4,2,1,1,0,0,0,0,3,slightly_injured
2020,12,Sun,1,52.53572583,13.52191324,afternoon,12,daylight,0,wet,1,5,3,0,1,0,0,0,0,3,slightly_injured
2020,12,Fri,6,52.49963642,13.43411632,evening,22,dark,2,dry,0,6,4,0,0,1,0,0,1,3,slightly_injured
2020,12,Thu,5,52.51736289,13.46523102,morning,10,daylight,0,dry,0,1,5,1,1,0,0,0,0,3,slightly_injured
2020,12,Fri,6,52.55448575,13.22585857,night,5,dark,2,dry,0,6,2,0,1,1,0,0,0,2,seriously_injured
2020,12,Wed,4,52.54302007,13.57039061,afternoon,12,daylight,0,dry,0,2,6,0,1,0,0,0,1,3,slightly_injured
2020,12,Wed,4,52.51716524,13.31976478,morning,9,daylight,0,dry,0,0,3,0,1,0,1,0,0,3,slightly_injured
2020,12,Fri,6,52.41563739,13.53092431,evening,22,dark,2,dry,0,5,3,1,1,0,0,0,0,3,slightly_injured
2020,12,Thu,5,52.5095841,13.39210012,night,1,dark,2,wet,1,5,3,0,1,0,0,0,0,3,slightly_injured
2020,12,Mon,2,52.49090653,13.62215063,afternoon,14,daylight,0,wet,1,9,1,0,1,0,0,0,0,3,slightly_injured
2020,12,Sun,1,52.54680803,13.41738302,evening,23,dark,2,wet,1,0,1,0,0,0,1,0,0,3,slightly_injured
2020,12,Tue,3,52.501339,13.41933766,morning,11,daylight,0,dry,0,5,2,1,1,0,0,0,0,3,slightly_injured
2020,12,Mon,2,52.50083388,13.29861415,evening,20,dark,2,dry,0,1,5,1,1,0,0,0,0,3,slightly_injured
2020,12,Fri,6,52.58831954,13.4301095,morning,7,daylight,0,dry,0,2,2,0,1,0,0,0,0,3,slightly_injured
2020,12,Fri,6,52.46873468,13.33286245,afternoon,17,dark,2,dry,0,5,3,0,1,0,1,0,0,2,seriously_injured
2020,12,Sat,7,52.49567188,13.41963697,evening,20,dark,2,dry,0,1,5,1,1,0,0,0,0,3,slightly_injured
2020,12,Fri,6,52.55664241,13.37700194,afternoon,16,dark,2,dry,0,0,3,0,0,0,0,0,1,3,slightly_injured
2020,12,Mon,2,52.5902545,13.28915878,morning,7,dusk,1,dry,0,2,2,0,1,0,0,0,1,3,slightly_injured
2020,12,Thu,5,52.53205725,13.6142689,afternoon,16,daylight,0,dry,0,2,6,0,1,0,0,0,0,3,slightly_injured
2020,12,Fri,6,52.56037659,13.38762065,morning,11,daylight,0,dry,0,0,6,0,1,0,0,0,1,3,slightly_injured
2020,12,Mon,2,52.52954731,13.43678548,morning,7,daylight,0,wet,1,5,2,1,1,0,0,0,0,3,slightly_injured
2020,12,Mon,2,52.58937333,13.33886672,afternoon,16,dark,2,wet,1,5,2,1,1,0,0,0,0,3,slightly_injured
2020,12,Tue,3,52.43830719,13.54917088,afternoon,16,dark,2,dry,0,1,5,1,1,0,0,0,0,3,slightly_injured
2020,12,Fri,6,52.57681399,13.33327792,afternoon,12,daylight,0,wet,1,0,1,0,0,0,1,0,0,3,slightly_injured
2020,12,Wed,4,52.53724347,13.36034106,morning,11,daylight,0,wet,1,5,2,1,1,0,0,0,0,3,slightly_injured
2020,12,Mon,2,52.43043349,13.53559245,morning,7,daylight,0,wet,1,5,3,0,1,0,0,0,0,3,slightly_injured
2020,12,Sat,7,52.45558452,13.57948926,afternoon,12,daylight,0,dry,0,1,5,0,1,0,0,0,1,3,slightly_injured
2020,12,Fri,6,52.55377155,13.41165455,morning,8,daylight,0,dry,0,5,2,1,1,0,0,0,0,3,slightly_injured
2020,12,Mon,2,52.43333931,13.3074533,afternoon,12,daylight,0,wet,1,5,2,1,1,0,0,0,0,3,slightly_injured
2020,12,Tue,3,52.4118858,13.38794325,afternoon,15,dusk,1,wet,1,2,6,0,1,0,0,0,0,3,slightly_injured
2020,12,Tue,3,52.6352753,13.49924755,evening,19,dark,2,dry,0,2,2,0,1,0,0,0,0,3,slightly_injured
2020,12,Fri,6,52.50624138,13.33244718,morning,9,daylight,0,dry,0,2,2,0,1,0,0,0,0,3,slightly_injured
2020,12,Wed,4,52.48653938,13.32573939,afternoon,12,daylight,0,dry,0,5,2,1,1,0,0,0,0,3,slightly_injured
2020,12,Mon,2,52.59576593,13.33724197,morning,11,daylight,0,dry,0,5,7,1,1,0,0,0,0,3,slightly_injured
2020,12,Sun,1,52.51045006,13.41603267,afternoon,13,daylight,0,dry,0,0,6,1,0,0,0,0,0,3,slightly_injured
2020,12,Mon,2,52.55033888,13.44182651,afternoon,17,dark,2,dry,0,5,3,0,1,0,0,0,0,3,slightly_injured
2020,12,Fri,6,52.49790041,13.36103602,morning,9,daylight,0,dry,0,1,5,1,1,0,0,0,0,3,slightly_injured
2020,12,Fri,6,52.53379937,13.45289593,morning,11,daylight,0,dry,0,5,2,0,1,0,0,0,0,3,slightly_injured
2020,12,Sat,7,52.5485822,13.38334566,afternoon,14,daylight,0,dry,0,5,3,1,1,0,0,0,0,3,slightly_injured
2020,12,Fri,6,52.45331555,13.56882966,morning,8,daylight,0,dry,0,2,6,0,1,0,0,0,1,2,seriously_injured
2020,12,Thu,5,52.47574968,13.29009861,afternoon,13,daylight,0,dry,0,1,5,1,1,0,0,0,0,3,slightly_injured
2020,12,Thu,5,52.48927226,13.40558973,night,4,dark,2,dry,0,9,1,0,1,0,0,0,0,3,slightly_injured
2020,12,Mon,2,52.55897673,13.46197636,morning,11,daylight,0,dry,0,5,3,0,1,0,0,0,0,3,slightly_injured
2020,12,Mon,2,52.48086066,13.34958094,afternoon,15,daylight,0,wet,1,6,2,0,1,1,0,0,0,2,seriously_injured
2020,12,Tue,3,52.49957391,13.31911473,afternoon,14,daylight,0,dry,0,5,3,1,1,0,0,0,0,3,slightly_injured
2020,12,Fri,6,52.53295879,13.32842574,morning,7,daylight,0,dry,0,2,2,0,1,0,0,0,0,3,slightly_injured
2020,12,Wed,4,52.40841793,13.53410962,morning,7,daylight,0,wet,1,5,3,1,1,0,0,0,0,3,slightly_injured
2020,12,Mon,2,52.52841328,13.22739874,morning,7,dark,2,wet,1,6,2,0,1,1,0,0,0,3,slightly_injured