ujahr,umonat,weekday,uwochentag,long,lat,time_of_day,ustunde,light_condition,ulichtverh,street_condition,ustrzustand,uart,utyp1,ist_rad,ist_pkw,ist_fuss,ist_krad,ist_gkfz,ist_sonstige,ukategorie,accident_outcome
2020,12,Sat,7,52.48719706,13.43132628,evening,20,dark,2,dry,0,1,5,1,1,0,0,0,0,3,slightly_injured
2020,12,Mon,2,52.56223243,13.49945427,morning,10,daylight,0,wet,1,6,7,0,1,1,0,0,0,3,slightly_injured
2020,12,Fri,6,52.44067187,13.31606936,morning,7,daylight,0,dry,0,6,4,0,1,1,0,0,0,3,slightly_injured
2020,12,Fri,6,52.49748284,13.34047213,afternoon,17,dark,2,wet,1,6,4,1,0,1,0,0,0,2,seriously_injured
2020,12,Sat,7,52.56538152,13.40644535,morning,7,dark,2,wet,1,6,2,0,1,1,0,0,0,3,slightly_injured
2020,12,Mon,2,52.45543957,13.37219363,afternoon,15,dusk,1,dry,0,5,3,1,1,0,0,0,0,2,seriously_injured
2020,12,Fri,6,52.57678088,13.31421336,night,2,dark,2,dry,0,5,3,0,1,0,0,0,1,3,slightly_injured
2020,12,Fri,6,52.42458242,13.43324137,morning,7,dusk,1,wet,1,5,3,0,1,0,1,0,0,3,slightly_injured
2020,12,Sat,7,52.52570997,13.33928524,morning,11,daylight,0,dry,0,2,2,0,1,0,0,0,0,3,slightly_injured
2020,12,Wed,4,52.48410803,13.43942343,morning,6,dark,2,dry,0,2,1,1,1,0,0,0,0,3,slightly_injured
2020,12,Thu,5,52.60456917,13.32646749,afternoon,16,dark,2,dry,0,3,2,1,1,0,0,0,0,3,slightly_injured
2020,12,Mon,2,52.47965889,13.44175767,morning,10,daylight,0,wet,1,1,5,1,1,0,0,0,0,3,slightly_injured
2020,12,Mon,2,52.42644635,13.52704437,morning,11,daylight,0,wet,1,2,6,0,1,0,0,1,0,3,slightly_injured
2020,12,Tue,3,52.52334685,13.34908634,afternoon,12,daylight,0,dry,0,5,5,0,1,0,0,0,0,3,slightly_injured
2020,12,Fri,6,52.53286323,13.39998087,afternoon,15,dusk,1,wet,1,0,1,1,0,0,0,0,0,3,slightly_injured
2020,12,Wed,4,52.50038258,13.41386069,evening,21,dark,2,dry,0,6,4,0,0,1,0,0,1,3,slightly_injured
2020,12,Mon,2,52.539111,13.4972562,morning,10,daylight,0,dry,0,3,6,1,1,0,0,0,0,3,slightly_injured
2020,12,Sat,7,52.59157796,13.3461204,afternoon,15,daylight,0,wet,1,5,3,0,1,0,0,0,0,2,seriously_injured
2020,12,Sun,1,52.47956086,13.45552657,evening,22,dark,2,wet,1,0,1,1,0,0,0,0,0,2,seriously_injured
2020,12,Fri,6,52.51068329,13.61507956,afternoon,15,daylight,0,dry,0,6,7,0,1,1,0,0,0,3,slightly_injured
2020,12,Thu,5,52.50853023,13.45115055,afternoon,16,dark,2,dry,0,6,2,0,1,1,0,0,0,3,slightly_injured
2020,12,Fri,6,52.42359268,13.37163322,afternoon,15,dusk,1,dry,0,5,2,0,1,0,0,0,0,2,seriously_injured
2020,12,Wed,4,52.48054555,13.30038187,afternoon,13,daylight,0,wet,1,2,7,1,1,0,0,0,0,3,slightly_injured
2020,12,Fri,6,52.42500088,13.44204018,afternoon,14,daylight,0,dry,0,5,2,1,1,0,0,0,0,3,slightly_injured
2020,12,Thu,5,52.44872624,13.35683654,morning,7,dusk,1,wet,1,2,6,0,1,0,1,0,0,2,seriously_injured
2020,12,Mon,2,52.47053465,13.34745947,morning,10,daylight,0,wet,1,5,3,0,1,0,0,1,0,2,seriously_injured
2020,12,Sun,1,52.51180515,13.29702719,evening,19,dark,2,wet,1,5,3,1,1,0,0,0,0,3,slightly_injured
2020,12,Tue,3,52.57719596,13.29663371,morning,10,daylight,0,dry,0,2,6,0,1,0,0,0,0,3,slightly_injured
2020,12,Wed,4,52.41687446,13.6533923,evening,21,dark,2,wet,1,8,1,0,1,0,0,0,0,2,seriously_injured
2020,12,Thu,5,52.47830025,13.28362355,morning,8,daylight,0,dry,0,5,3,1,1,0,0,0,0,3,slightly_injured
2020,12,Mon,2,52.47882719,13.44172131,morning,9,daylight,0,dry,0,2,7,0,1,0,1,0,0,3,slightly_injured
2020,12,Mon,2,52.56392841,13.39195679,evening,19,dark,2,dry,0,5,3,1,1,0,0,0,0,3,slightly_injured
2020,12,Tue,3,52.44177683,13.31069197,afternoon,15,dusk,1,dry,0,5,3,1,0,0,0,0,0,3,slightly_injured
2020,12,Tue,3,52.50059913,13.43413468,night,1,dark,2,wet,1,0,1,0,0,0,0,0,1,2,seriously_injured
2020,12,Fri,6,52.54961858,13.43449771,afternoon,14,daylight,0,dry,0,5,2,1,1,0,0,0,0,3,slightly_injured
2020,12,Wed,4,52.52472488,13.36375952,afternoon,17,dusk,1,wet,1,6,4,1,0,1,0,0,0,3,slightly_injured
2020,12,Sat,7,52.61686358,13.35160442,afternoon,12,daylight,0,dry,0,1,1,0,0,0,1,0,1,2,seriously_injured
2020,12,Sun,1,52.55247741,13.35626611,evening,19,dark,2,dry,0,2,6,0,1,0,0,0,1,3,slightly_injured
2020,12,Fri,6,52.53354504,13.15774515,afternoon,12,daylight,0,dry,0,5,2,0,1,0,0,0,0,3,slightly_injured
2020,12,Thu,5,52.53912239,13.3451677,morning,9,daylight,0,dry,0,5,2,1,1,0,0,0,0,3,slightly_injured
2020,12,Wed,4,52.49328429,13.43723549,afternoon,15,daylight,0,wet,1,2,7,1,1,0,0,0,1,3,slightly_injured
2020,12,Fri,6,52.46976997,13.33122242,afternoon,14,daylight,0,dry,0,6,4,0,0,1,0,0,1,3,slightly_injured
2020,12,Tue,3,52.52318311,13.55268788,afternoon,17,dark,2,wet,1,5,3,0,1,0,1,0,0,2,seriously_injured
2020,12,Fri,6,52.55626636,13.37741627,afternoon,12,daylight,0,dry,0,2,6,0,1,0,0,0,0,3,slightly_injured
2020,12,Thu,5,52.44861461,13.24798932,afternoon,15,dusk,1,dry,0,0,1,1,0,0,0,0,0,3,slightly_injured
2020,12,Mon,2,52.46318364,13.46930512,morning,9,daylight,0,dry,0,6,7,0,0,1,0,0,1,3,slightly_injured
2020,12,Sun,1,52.54938786,13.38642927,afternoon,17,dark,2,dry,0,6,2,0,1,1,0,0,0,3,slightly_injured
2020,12,Tue,3,52.491482,13.3172103,morning,6,dark,2,wet,1,2,6,0,1,0,0,0,0,3,slightly_injured
2020,12,Mon,2,52.49412046,13.30941615,evening,18,dark,2,dry,0,2,6,0,1,0,0,0,0,3,slightly_injured
2020,12,Fri,6,52.430457,13.31204275,evening,21,dark,2,dry,0,0,1,0,0,0,1,0,0,2,seriously_injured
2020,12,Fri,6,52.5689171,13.56936689,afternoon,16,dark,2,dry,0,5,3,0,1,0,0,0,0,3,slightly_injured
2020,12,Wed,4,52.58856241,13.28484877,afternoon,14,daylight,0,wet,1,6,2,0,1,1,0,0,0,3,slightly_injured
2020,12,Sat,7,52.50848316,13.41323288,afternoon,16,dark,2,dry,0,1,6,0,1,0,0,0,0,3,slightly_injured
2020,12,Fri,6,52.50699451,13.39821234,evening,20,dark,2,dry,0,6,2,0,1,1,0,0,0,3,slightly_injured
2020,12,Mon,2,52.54571491,13.56974983,morning,10,daylight,0,wet,1,2,6,0,1,0,0,0,0,3,slightly_injured
2020,12,Fri,6,52.42644867,13.5266538,evening,19,dark,2,dry,0,5,2,0,1,0,0,0,0,3,slightly_injured
2020,12,Sat,7,52.42925998,13.25992107,morning,8,daylight,0,icy,2,5,2,1,1,0,0,0,0,3,slightly_injured
2020,12,Wed,4,52.50924386,13.50045781,afternoon,14,daylight,0,wet,1,1,7,0,1,1,0,0,0,3,slightly_injured
2020,12,Sat,7,52.49583666,13.28684044,afternoon,13,daylight,0,dry,0,5,3,0,1,0,0,0,0,3,slightly_injured
2020,12,Fri,6,52.53807729,13.22908676,evening,19,dark,2,dry,0,2,6,0,1,0,0,0,0,3,slightly_injured
2020,12,Mon,2,52.54825638,13.43631955,morning,8,dusk,1,wet,1,3,6,1,1,0,0,0,0,3,slightly_injured
2020,12,Thu,5,52.55296217,13.2086148,afternoon,17,dark,2,wet,1,2,6,0,1,0,1,0,0,3,slightly_injured
2020,12,Fri,6,52.51183702,13.40824181,morning,9,daylight,0,dry,0,0,1,1,0,0,0,0,0,3,slightly_injured
2020,12,Mon,2,52.52275425,13.3627582,morning,8,daylight,0,wet,1,5,3,1,1,0,0,0,0,3,slightly_injured
2020,12,Mon,2,52.44017692,13.32757051,afternoon,17,dark,2,wet,1,2,2,0,1,0,0,0,0,3,slightly_injured
2020,12,Tue,3,52.38723344,13.40975836,afternoon,17,dark,2,dry,0,5,2,1,0,0,0,1,0,2,seriously_injured
2020,12,Fri,6,52.4980938,13.33501321,evening,19,dark,2,dry,0,6,2,0,1,1,0,0,0,3,slightly_injured
2020,12,Wed,4,52.53249836,13.39757457,afternoon,14,daylight,0,wet,1,4,6,0,1,0,1,0,0,3,slightly_injured
2020,12,Mon,2,52.54656445,13.36284861,evening,19,dark,2,dry,0,5,7,0,1,0,0,0,1,3,slightly_injured
2020,12,Sat,7,52.40508198,13.56007867,afternoon,15,daylight,0,dry,0,5,3,0,1,0,0,0,0,3,slightly_injured
2020,12,Mon,2,52.52631705,13.46583752,afternoon,13,daylight,0,dry,0,1,1,0,1,1,0,0,1,2,seriously_injured
2020,12,Fri,6,52.51363296,13.45528798,evening,19,dark,2,dry,0,1,5,1,1,0,0,0,0,3,slightly_injured
2020,12,Fri,6,52.52386561,13.29920865,morning,10,daylight,0,wet,1,0,3,0,1,0,0,0,1,3,slightly_injured
2020,12,Wed,4,52.4554746,13.61839658,morning,7,dark,2,wet,1,6,4,0,1,1,0,0,0,3,slightly_injured
2020,12,Sat,7,52.51936421,13.29627054,afternoon,13,daylight,0,dry,0,6,4,0,1,1,0,0,0,3,slightly_injured
2020,12,Thu,5,52.47989777,13.43664452,afternoon,13,daylight,0,dry,0,5,2,1,1,0,0,0,0,3,slightly_injured
2020,12,Thu,5,52.53529282,13.51420848,evening,21,dark,2,dry,0,5,3,0,1,0,0,0,0,2,seriously_injured
2020,12,Mon,2,52.55426843,13.40771841,evening,18,dark,2,dry,0,2,6,0,1,0,0,0,0,3,slightly_injured
2020,12,Mon,2,52.5461435,13.57128308,afternoon,13,daylight,0,dry,0,2,6,0,1,0,0,0,1,3,slightly_injured
2020,12,Tue,3,52.56338601,13.20353201,afternoon,13,daylight,0,dry,0,1,5,1,0,0,0,0,1,3,slightly_injured
2020,12,Thu,5,52.43505917,13.2507353,afternoon,14,daylight,0,dry,0,5,2,0,1,0,0,0,0,3,slightly_injured
2020,12,Fri,6,52.50304683,13.40484978,afternoon,12,daylight,0,dry,0,5,7,0,1,0,0,0,0,3,slightly_injured
2020,12,Mon,2,52.55611156,13.38326526,afternoon,17,dark,2,wet,1,3,6,0,1,0,0,0,0,3,slightly_injured
2020,12,Mon,2,52.46578012,13.43246026,afternoon,16,dark,2,wet,1,5,3,0,1,0,0,0,0,3,slightly_injured
2020,12,Tue,3,52.5985031,13.35588389,afternoon,15,dusk,1,dry,0,6,7,0,1,1,0,0,0,2,seriously_injured
2020,12,Fri,6,52.46895614,13.37357963,evening,18,dark,2,dry,0,2,6,0,1,0,0,0,0,3,slightly_injured
2020,12,Wed,4,52.54236524,13.34982533,morning,11,daylight,0,wet,1,2,6,0,1,0,0,0,0,3,slightly_injured
2020,12,Mon,2,52.54655278,13.35906241,afternoon,17,dark,2,dry,0,0,2,0,0,1,0,0,1,3,slightly_injured
2020,12,Sat,7,52.53086754,13.31717825,morning,11,daylight,0,wet,1,2,6,0,1,0,0,0,0,3,slightly_injured
2020,12,Mon,2,52.58068623,13.30298146,morning,11,daylight,0,dry,0,5,2,1,1,0,0,0,0,3,slightly_injured
2020,12,Thu,5,52.51864159,13.2827991,morning,9,daylight,0,dry,0,9,7,0,1,0,0,0,0,3,slightly_injured
2020,12,Fri,6,52.39851238,13.40670229,evening,21,dark,2,dry,0,2,2,0,1,0,0,0,0,3,slightly_injured
2020,12,Tue,3,52.50164767,13.32025625,evening,18,dark,2,dry,0,6,4,0,0,1,0,0,1,2,seriously_injured
2020,12,Sat,7,52.47494868,13.47378207,morning,10,daylight,0,wet,1,5,2,1,1,0,0,0,0,3,slightly_injured
2020,12,Wed,4,52.44471502,13.41080052,morning,8,daylight,0,dry,0,5,3,0,1,0,0,0,0,3,slightly_injured
2020,12,Thu,5,52.55576419,13.20768471,afternoon,14,daylight,0,wet,1,5,3,1,1,0,0,0,0,3,slightly_injured
2020,12,Mon,2,52.51299839,13.45712634,afternoon,17,dark,2,wet,1,0,3,1,0,0,0,0,0,3,slightly_injured
2020,12,Mon,2,52.47318469,13.1221904,morning,11,daylight,0,wet,1,5,3,1,1,0,0,0,0,3,slightly_injured
2020,12,Tue,3,52.48673702,13.42866136,afternoon,16,dusk,1,dry,0,3,6,1,1,0,0,0,0,3,slightly_injured
2020,12,Tue,3,52.57792777,13.31541508,morning,7,daylight,0,dry,0,5,2,0,1,0,0,1,0,3,slightly_injured
2020,12,Thu,5,52.50007263,13.30706748,evening,18,dark,2,dry,0,0,7,0,0,0,1,0,1,3,slightly_injured
2020,12,Wed,4,52.49222057,13.33902164,evening,19,dark,2,wet,1,5,3,0,1,0,0,0,0,3,slightly_injured
2020,12,Mon,2,52.52707728,13.41554899,afternoon,14,daylight,0,wet,1,5,2,0,1,0,0,0,0,3,slightly_injured
2020,12,Sat,7,52.49134605,13.3963126,afternoon,13,daylight,0,dry,0,6,2,0,1,1,0,0,0,2,seriously_injured
2020,12,Sun,1,52.38668397,13.40187264,afternoon,13,daylight,0,wet,1,6,7,0,1,1,0,0,0,3,slightly_injured
2020,12,Thu,5,52.54637045,13.19055095,afternoon,16,dark,2,dry,0,2,6,0,1,0,0,0,0,3,slightly_injured
2020,12,Thu,5,52.50617045,13.39061203,afternoon,17,dark,2,wet,1,1,5,1,1,0,0,0,0,3,slightly_injured
2020,12,Thu,5,52.55638286,13.37597435,morning,10,daylight,0,dry,0,6,7,1,0,0,0,0,1,3,slightly_injured
2020,12,Wed,4,52.43455129,13.5384837,morning,7,dark,2,wet,1,6,2,0,0,1,0,0,1,3,slightly_injured
2020,12,Sun,1,52.50380487,13.33780937,evening,22,dark,2,wet,1,2,6,0,1,0,1,0,0,3,slightly_injured
2020,12,Sat,7,52.41527077,13.35521577,evening,18,dark,2,wet,1,1,1,0,1,0,0,0,1,3,slightly_injured
2020,12,Mon,2,52.56172818,13.32595884,afternoon,14,daylight,0,dry,0,0,6,0,1,0,0,0,1,3,slightly_injured
2020,12,Thu,5,52.50272507,13.44657761,evening,22,dark,2,dry,0,0,7,1,0,0,0,0,0,2,seriously_injured
2020,12,Fri,6,52.41953921,13.39838527,afternoon,14,daylight,0,wet,1,3,7,0,1,0,0,0,1,3,slightly_injured
2020,12,Fri,6,52.43261274,13.2819758,morning,11,daylight,0,dry,0,2,6,0,1,0,0,1,0,3,slightly_injured
2020,12,Wed,4,52.48188169,13.43957887,evening,18,dark,2,dry,0,1,5,1,1,0,0,0,0,3,slightly_injured
2020,12,Thu,5,52.52670508,13.41558296,evening,19,dark,2,dry,0,0,3,0,1,0,1,0,0,3,slightly_injured
2020,12,Sun,1,52.50664652,13.48134317,evening,21,dark,2,wet,1,5,3,0,1,0,0,0,0,3,slightly_injured
2020,12,Mon,2,52.61539322,13.34806968,morning,10,daylight,0,wet,1,1,5,1,1,0,0,0,0,3,slightly_injured
2020,12,Tue,3,52.52340934,13.38789709,morning,6,dark,2,wet,1,5,3,1,1,0,0,0,0,3,slightly_injured
2020,12,Mon,2,52.52686314,13.40084232,afternoon,13,daylight,0,dry,0,5,3,1,0,0,0,0,1,3,slightly_injured
2020,12,Thu,5,52.45757274,13.54295986,evening,22,dark,2,dry,0,0,1,0,0,0,1,0,0,3,slightly_injured
2020,12,Sat,7,52.50129715,13.45888998,afternoon,12,daylight,0,dry,0,2,6,0,1,0,0,0,0,3,slightly_injured
2020,12,Tue,3,52.45336555,13.33129523,evening,18,dark,2,dry,0,2,6,0,1,0,0,0,0,3,slightly_injured
2020,12,Sun,1,52.46346801,13.40400511,afternoon,15,dusk,1,dry,0,5,2,0,1,0,0,0,0,3,slightly_injured
2020,12,Thu,5,52.49828755,13.39941683,evening,21,dark,2,dry,0,5,3,0,1,0,0,0,0,3,slightly_injured
2020,12,Thu,5,52.53190284,13.15467957,evening,18,dark,2,wet,1,6,4,0,0,1,0,0,1,3,slightly_injured
2020,12,Tue,3,52.5507971,13.43157439,afternoon,15,daylight,0,dry,0,5,3,0,1,0,1,0,0,3,slightly_injured
2020,12,Fri,6,52.43371521,13.49786408,afternoon,12,daylight,0,dry,0,5,3,0,1,0,0,0,1,3,slightly_injured
2020,12,Tue,3,52.51207628,13.50363422,evening,21,dark,2,wet,1,1,7,0,1,0,0,0,0,3,slightly_injured
2020,12,Thu,5,52.43546457,13.47072704,evening,19,dark,2,dry,0,5,2,0,1,0,1,0,0,2,seriously_injured
2020,12,Fri,6,52.50917921,13.49775556,afternoon,15,dark,2,dry,0,5,7,1,1,0,0,0,0,3,slightly_injured
2020,12,Wed,4,52.43928731,13.38930531,morning,10,daylight,0,wet,1,0,1,1,0,0,0,0,0,3,slightly_injured
2020,12,Wed,4,52.54874685,13.17794618,afternoon,13,daylight,0,dry,0,5,3,1,1,0,0,0,0,3,slightly_injured
2020,12,Thu,5,52.51695609,13.30213171,morning,9,daylight,0,dry,0,0,1,0,1,0,1,0,0,3,slightly_injured
2020,12,Thu,5,52.57495226,13.38018259,night,5,dark,2,dry,0,5,2,0,1,0,1,0,0,2,seriously_injured
2020,12,Sun,1,52.4256126,13.48134362,afternoon,14,daylight,0,dry,0,5,3,0,1,0,0,0,0,3,slightly_injured
2020,12,Sun,1,52.50820275,13.502973,night,4,dark,2,wet,1,1,5,0,1,0,0,0,1,3,slightly_injured
2020,12,Tue,3,52.45812546,13.49739394,afternoon,16,dark,2,dry,0,5,2,1,1,0,0,0,0,3,slightly_injured
2020,12,Mon,2,52.54848154,13.44741181,night,5,dark,2,wet,1,5,3,0,1,0,0,0,1,3,slightly_injured
2020,12,Thu,5,52.47052404,13.44262172,evening,19,dark,2,dry,0,1,5,1,1,0,0,0,0,3,slightly_injured
2020,12,Sat,7,52.46740271,13.44018578,night,2,dark,2,wet,1,1,5,0,1,0,0,0,1,3,slightly_injured
2020,12,Sat,7,52.51521269,13.35115678,evening,20,dark,2,dry,0,5,2,1,1,0,0,0,0,3,slightly_injured
2020,12,Thu,5,52.50100805,13.31509784,evening,18,dark,2,dry,0,5,3,0,1,0,0,0,0,3,slightly_injured
2020,12,Sun,1,52.62750611,13.28722279,afternoon,16,dusk,1,dry,0,1,5,0,1,0,0,0,0,3,slightly_injured
2020,12,Thu,5,52.529923,13.3838591,afternoon,16,dusk,1,wet,1,6,4,0,1,1,0,0,0,2,seriously_injured
2020,12,Fri,6,52.551311,13.40396279,morning,10,daylight,0,dry,0,6,2,0,1,1,0,0,0,3,slightly_injured
2020,12,Sun,1,52.46625506,13.37825344,afternoon,15,daylight,0,dry,0,6,2,0,1,1,0,0,0,3,slightly_injured
2020,12,Mon,2,52.55500132,13.39282781,afternoon,17,dark,2,wet,1,1,5,0,1,0,0,0,1,3,slightly_injured
2020,12,Tue,3,52.62241098,13.31568149,afternoon,16,dark,2,dry,0,0,5,0,1,0,0,0,1,3,slightly_injured
2020,12,Thu,5,52.44730787,13.34293842,afternoon,17,dark,2,dry,0,6,4,0,1,1,0,0,0,2,seriously_injured
2020,12,Wed,4,52.50529304,13.47120303,afternoon,12,daylight,0,wet,1,2,6,0,1,0,0,0,0,3,slightly_injured
2020,12,Sun,1,52.50525572,13.33860586,afternoon,14,daylight,0,dry,0,0,6,0,1,0,0,0,1,3,slightly_injured
2020,12,Sat,7,52.56837163,13.55325851,morning,9,daylight,0,icy,2,0,1,0,0,0,1,0,0,3,slightly_injured
2020,12,Mon,2,52.45891993,13.34842997,afternoon,12,daylight,0,wet,1,5,2,1,0,0,0,0,1,3,slightly_injured
2020,12,Thu,5,52.56683483,13.21010244,afternoon,16,dusk,1,dry,0,5,3,1,1,0,0,0,0,3,slightly_injured
2020,12,Fri,6,52.53857469,13.51175671,morning,8,daylight,0,wet,1,2,6,0,1,0,0,0,1,3,slightly_injured
2020,12,Tue,3,52.48181232,13.34513577,afternoon,14,daylight,0,dry,0,2,6,0,1,0,0,0,0,3,slightly_injured
2020,12,Thu,5,52.52068391,13.58793734,afternoon,16,daylight,0,dry,0,6,2,0,1,1,0,0,0,3,slightly_injured
2020,12,Sun,1,52.57366103,13.56817147,afternoon,14,daylight,0,dry,0,2,6,0,1,0,0,0,0,3,slightly_injured
2020,12,Sun,1,52.49567114,13.39706543,afternoon,13,daylight,0,dry,0,6,7,0,0,1,0,0,1,3,slightly_injured
2020,12,Mon,2,52.50346175,13.43008374,afternoon,13,daylight,0,dry,0,5,3,0,1,0,1,0,0,3,slightly_injured
2020,12,Thu,5,52.48950507,13.39102453,afternoon,15,dusk,1,dry,0,1,5,1,1,0,0,0,0,2,seriously_injured
2020,12,Fri,6,52.51301243,13.44137022,afternoon,12,daylight,0,wet,1,3,6,1,0,0,0,0,1,2,seriously_injured
2020,12,Sat,7,52.50154981,13.31961948,afternoon,15,dusk,1,dry,0,6,7,0,0,1,0,0,1,3,slightly_injured
2020,12,Thu,5,52.56071612,13.41611142,afternoon,14,daylight,0,dry,0,2,6,1,1,0,0,0,0,3,slightly_injured
2020,12,Thu,5,52.55045245,13.16491262,afternoon,14,daylight,0,dry,0,6,7,0,0,1,0,0,1,3,slightly_injured
2020,12,Thu,5,52.46286336,13.52347401,afternoon,15,daylight,0,dry,0,6,4,0,1,1,0,0,0,3,slightly_injured
2020,12,Sun,1,52.59420841,13.28302134,afternoon,12,daylight,0,wet,1,5,3,0,1,0,0,0,0,3,slightly_injured
2020,12,Mon,2,52.4322016,13.26543073,afternoon,15,dusk,1,wet,1,2,6,0,1,0,0,0,0,3,slightly_injured
2020,12,Tue,3,52.49465429,13.32376889,afternoon,14,dusk,1,dry,0,5,2,1,1,0,0,0,0,3,slightly_injured
2020,12,Thu,5,52.50539097,13.32902388,afternoon,14,daylight,0,dry,0,6,4,0,1,1,0,0,0,3,slightly_injured
2020,12,Wed,4,52.48793037,13.37371683,morning,10,daylight,0,wet,1,0,1,1,0,0,0,0,0,3,slightly_injured
2020,12,Sun,1,52.53616808,13.47328143,afternoon,12,daylight,0,dry,0,5,2,1,0,0,0,0,1,3,slightly_injured
2020,12,Sat,7,52.55651063,13.3741553,morning,10,daylight,0,wet,1,5,2,0,1,0,0,0,0,3,slightly_injured
2020,12,Mon,2,52.42919872,13.55064593,afternoon,15,dusk,1,dry,0,5,2,1,1,0,0,0,0,3,slightly_injured
2020,12,Thu,5,52.61769035,13.30613233,afternoon,13,daylight,0,dry,0,6,7,0,1,1,0,0,0,3,slightly_injured
2020,12,Fri,6,52.42793162,13.3259625,evening,18,dark,2,dry,0,3,6,0,1,0,0,0,0,3,slightly_injured
2020,12,Sat,7,52.44522774,13.37980241,morning,8,daylight,0,icy,2,0,1,0,0,0,1,0,0,3,slightly_injured
2020,12,Wed,4,52.4184292,13.35204567,morning,7,dusk,1,wet,1,5,3,0,1,0,0,0,0,3,slightly_injured
2020,12,Thu,5,52.59171011,13.32617565,morning,10,daylight,0,dry,0,5,3,1,0,0,0,0,1,3,slightly_injured
2020,12,Sun,1,52.56542864,13.20947355,morning,9,daylight,0,dry,0,6,2,0,1,1,0,0,0,2,seriously_injured
2020,12,Mon,2,52.49340834,13.5262791,morning,11,daylight,0,wet,1,2,6,0,1,0,0,0,0,3,slightly_injured
2020,12,Sat,7,52.58301744,13.37456438,afternoon,12,daylight,0,dry,0,2,7,0,1,0,0,0,0,3,slightly_injured
2020,12,Wed,4,52.50376065,13.39488863,morning,11,daylight,0,dry,0,5,7,0,1,0,0,0,0,3,slightly_injured
2020,12,Thu,5,52.50625629,13.28366715,afternoon,17,dark,2,dry,0,0,7,1,1,0,0,0,0,3,slightly_injured
2020,12,Sun,1,52.59952179,13.30121602,morning,9,daylight,0,wet,1,5,3,0,1,0,0,0,0,3,slightly_injured
2020,12,Mon,2,52.48050077,13.43904638,morning,11,daylight,0,dry,0,6,2,0,1,1,0,0,0,2,seriously_injured
2020,12,Tue,3,52.5622045,13.36248491,afternoon,12,daylight,0,wet,1,6,4,0,1,1,0,0,0,3,slightly_injured
2020,12,Thu,5,52.54468047,13.39108701,afternoon,12,daylight,0,dry,0,5,2,1,1,0,0,0,0,3,slightly_injured
2020,12,Wed,4,52.50130961,13.44152077,morning,6,dark,2,wet,1,6,2,0,1,1,0,0,0,3,slightly_injured
2020,12,Sun,1,52.44759883,13.48409499,morning,7,dark,2,wet,1,6,7,0,1,1,0,0,0,3,slightly_injured
2020,12,Sat,7,52.4830436,13.44155954,afternoon,16,dusk,1,dry,0,6,7,0,1,1,0,0,0,3,slightly_injured
2020,12,Sun,1,52.50750615,13.55292917,evening,23,dark,2,wet,1,8,1,0,1,0,0,0,0,3,slightly_injured
2020,12,Thu,5,52.46332805,13.4020804,afternoon,12,daylight,0,dry,0,5,2,1,0,0,0,1,0,2,seriously_injured
2020,12,Fri,6,52.52414255,13.40905535,afternoon,14,daylight,0,dry,0,1,5,1,1,0,0,0,0,3,slightly_injured
2020,12,Tue,3,52.54297072,13.42646116,afternoon,14,daylight,0,dry,0,0,1,1,0,0,0,0,0,3,slightly_injured
2020,12,Fri,6,52.51393541,13.31728337,evening,19,dark,2,dry,0,5,7,0,1,0,0,0,0,3,slightly_injured
2020,12,Wed,4,52.52720122,13.45079361,afternoon,14,daylight,0,dry,0,5,2,0,1,0,0,0,1,3,slightly_injured
2020,12,Thu,5,52.46138508,13.3786387,morning,8,daylight,0,dry,0,1,5,1,1,0,0,0,0,3,slightly_injured
2020,12,Sat,7,52.56957,13.31743065,evening,20,dark,2,dry,0,6,7,0,1,1,0,0,0,3,slightly_injured
2020,12,Mon,2,52.55107406,13.19416022,evening,23,dark,2,wet,1,1,1,0,1,0,0,0,1,3,slightly_injured
2020,12,Tue,3,52.41034514,13.36747007,afternoon,17,dark,2,wet,1,2,6,0,1,0,0,1,0,3,slightly_injured
2020,12,Mon,2,52.48611251,13.43026401,morning,11,daylight,0,dry,0,0,2,0,1,0,0,0,1,3,slightly_injured
2020,12,Thu,5,52.49854083,13.29882182,morning,11,daylight,0,dry,0,6,2,0,1,1,0,0,0,3,slightly_injured
2020,12,Sat,7,52.52672072,13.21619771,morning,9,daylight,0,icy,2,0,7,1,0,0,0,0,0,3,slightly_injured
2020,12,Tue,3,52.51483533,13.38917016,afternoon,17,dark,2,dry,0,5,2,1,1,0,0,0,0,3,slightly_injured
2020,12,Tue,3,52.55225501,13.19258234,night,3,dark,2,wet,1,1,7,0,1,0,0,0,1,3,slightly_injured
2020,12,Thu,5,52.52851736,13.41840193,morning,10,daylight,0,wet,1,0,3,0,1,0,1,0,0,3,slightly_injured
2020,12,Wed,4,52.51223504,13.39348577,afternoon,17,dusk,1,dry,0,5,3,1,1,0,0,0,0,2,seriously_injured
2020,12,Sat,7,52.55087462,13.4356113,afternoon,13,daylight,0,dry,0,5,3,0,1,0,1,0,0,3,slightly_injured