ujahr,umonat,weekday,uwochentag,long,lat,time_of_day,ustunde,light_condition,ulichtverh,street_condition,ustrzustand,uart,utyp1,ist_rad,ist_pkw,ist_fuss,ist_krad,ist_gkfz,ist_sonstige,ukategorie,accident_outcome
2020,12,Sun,1,52.50721998,13.47126694,evening,20,dark,2,wet,1,2,6,0,1,0,0,0,0,3,slightly_injured
2020,12,Thu,5,52.4705625,13.43522254,morning,9,daylight,0,dry,0,5,3,0,1,0,0,0,0,3,slightly_injured
2020,12,Thu,5,52.48506973,13.36958718,morning,10,daylight,0,dry,0,2,6,0,1,0,0,0,0,3,slightly_injured
2020,12,Fri,6,52.57793717,13.31543218,afternoon,14,daylight,0,dry,0,5,2,0,1,0,0,0,0,3,slightly_injured
2020,12,Wed,4,52.56651876,13.41503479,morning,11,daylight,0,wet,1,1,5,1,1,0,0,0,0,3,slightly_injured
2020,12,Tue,3,52.5619695,13.1685746,evening,21,dark,2,wet,1,9,1,0,1,0,0,0,0,2,seriously_injured
2020,12,Thu,5,52.4146242,13.3479264,afternoon,12,daylight,0,dry,0,5,3,1,1,0,0,0,0,3,slightly_injured
2020,12,Thu,5,52.44916625,13.35295054,afternoon,15,dusk,1,dry,0,0,7,0,1,0,0,0,0,2,seriously_injured
2020,12,Sat,7,52.49476236,13.39521587,evening,19,dark,2,dry,0,2,7,0,1,0,0,0,0,3,slightly_injured
2020,12,Sun,1,52.43628448,13.34590686,afternoon,13,daylight,0,dry,0,5,2,1,0,0,0,0,1,3,slightly_injured
2020,12,Tue,3,52.48124518,13.32907303,afternoon,17,dark,2,dry,0,2,6,0,1,0,0,0,0,3,slightly_injured
2020,12,Mon,2,52.58804415,13.368514,evening,19,dark,2,wet,1,2,6,0,1,0,0,0,0,3,slightly_injured
2020,12,Thu,5,52.47496511,13.50780221,morning,7,daylight,0,dry,0,5,3,1,1,0,0,0,0,3,slightly_injured
2020,12,Fri,6,52.49900517,13.49984378,evening,22,dark,2,wet,1,1,5,0,1,0,0,0,0,3,slightly_injured
2020,12,Sat,7,52.51382237,13.35051424,afternoon,16,dark,2,dry,0,5,3,0,1,0,0,0,0,3,slightly_injured
2020,12,Wed,4,52.44911297,13.35412463,afternoon,14,daylight,0,dry,0,6,3,0,1,1,0,0,0,3,slightly_injured
2020,12,Thu,5,52.47597115,13.2856835,afternoon,15,dusk,1,dry,0,6,7,0,1,1,0,0,0,3,slightly_injured
2020,12,Fri,6,52.50334603,13.41172873,afternoon,12,daylight,0,dry,0,0,1,1,0,0,0,0,0,3,slightly_injured
2020,12,Sat,7,52.48626028,13.42892893,afternoon,15,daylight,0,dry,0,2,7,1,1,0,0,0,1,3,slightly_injured
2020,12,Mon,2,52.49377921,13.38378354,afternoon,16,dark,2,dry,0,6,4,0,1,1,0,0,0,3,slightly_injured
2020,12,Sat,7,52.49488899,13.6150275,afternoon,12,daylight,0,wet,1,5,3,0,1,0,0,0,0,3,slightly_injured
2020,12,Wed,4,52.47887113,13.32882866,evening,18,dark,2,dry,0,5,2,1,1,0,0,0,0,3,slightly_injured
2020,12,Sat,7,52.51850579,13.28060706,night,0,dark,2,dry,0,2,6,0,1,0,0,0,0,3,slightly_injured
2020,12,Thu,5,52.53251808,13.3979594,afternoon,17,dark,2,wet,1,1,5,1,1,0,0,0,0,3,slightly_injured
2020,12,Fri,6,52.54975805,13.2004636,morning,7,dusk,1,dry,0,6,4,0,1,1,0,0,0,3,slightly_injured
2020,12,Sat,7,52.44031181,13.45873305,evening,19,dark,2,dry,0,5,3,0,1,0,0,0,0,3,slightly_injured
2020,12,Mon,2,52.50560547,13.51148509,evening,22,dark,2,wet,1,5,3,0,1,0,1,0,0,3,slightly_injured
2020,12,Tue,3,52.50536335,13.33150298,evening,18,dark,2,dry,0,2,6,0,1,0,0,0,0,3,slightly_injured
2020,12,Wed,4,52.50062473,13.56189363,afternoon,15,dusk,1,dry,0,6,4,0,1,1,0,0,0,3,slightly_injured
2020,12,Wed,4,52.49664457,13.61201393,morning,7,daylight,0,dry,0,5,3,1,1,0,0,0,0,3,slightly_injured
2020,12,Sat,7,52.57550167,13.2925461,evening,19,dark,2,dry,0,5,3,0,1,0,1,0,0,2,seriously_injured
2020,12,Sat,7,52.44707216,13.62417814,afternoon,13,daylight,0,wet,1,0,1,1,0,0,0,0,0,3,slightly_injured
2020,12,Mon,2,52.52868577,13.45782711,afternoon,17,dark,2,dry,0,6,2,0,1,1,0,0,0,3,slightly_injured
2020,12,Wed,4,52.49857082,13.29983889,evening,23,dark,2,dry,0,2,6,0,1,0,0,0,0,3,slightly_injured
2020,12,Fri,6,52.48199139,13.58624542,morning,11,daylight,0,wet,1,2,2,0,1,0,0,1,0,3,slightly_injured
2020,12,Sat,7,52.52446778,13.2477852,afternoon,13,daylight,0,dry,0,2,6,0,1,0,0,0,0,3,slightly_injured
2020,12,Thu,5,52.52683188,13.41525913,afternoon,13,daylight,0,dry,0,5,2,1,1,0,0,0,0,3,slightly_injured
2020,12,Thu,5,52.48557552,13.34435666,evening,22,dark,2,dry,0,5,3,1,1,0,0,0,0,3,slightly_injured
2020,12,Sat,7,52.50544958,13.35219695,evening,18,dark,2,dry,0,5,3,0,1,0,0,0,0,3,slightly_injured
2020,12,Mon,2,52.52583258,13.54412481,afternoon,13,daylight,0,wet,1,5,2,0,1,0,0,0,1,3,slightly_injured
2020,12,Tue,3,52.42539018,13.44299788,afternoon,14,daylight,0,dry,0,0,6,0,0,0,0,0,1,3,slightly_injured
2020,12,Wed,4,52.56954668,13.31251636,evening,20,dark,2,dry,0,5,2,0,1,0,0,0,0,3,slightly_injured
2020,12,Wed,4,52.54801353,13.20984214,morning,7,dusk,1,wet,1,6,4,0,0,1,0,0,1,2,seriously_injured
2020,12,Sat,7,52.63275178,13.51496736,afternoon,12,daylight,0,wet,1,5,2,1,1,0,0,0,0,2,seriously_injured
2020,12,Sat,7,52.43204138,13.52721764,evening,19,dark,2,dry,0,5,3,0,1,0,0,0,1,3,slightly_injured
2020,12,Mon,2,52.46001969,13.37655403,morning,8,daylight,0,wet,1,5,3,0,1,0,0,0,0,3,slightly_injured
2020,12,Tue,3,52.56810984,13.51181096,afternoon,15,daylight,0,dry,0,8,1,0,1,0,0,0,0,3,slightly_injured
2020,12,Wed,4,52.60889301,13.24061715,evening,18,dark,2,dry,0,2,2,1,1,0,0,0,0,3,slightly_injured
2020,12,Wed,4,52.48624628,13.42445404,morning,11,daylight,0,dry,0,5,2,1,1,0,0,0,0,3,slightly_injured
2020,12,Sat,7,52.40360278,13.50816597,afternoon,12,daylight,0,dry,0,5,7,0,1,0,0,0,1,3,slightly_injured
2020,12,Sat,7,52.51631759,13.31033634,morning,11,daylight,0,dry,0,2,6,0,1,0,0,0,0,3,slightly_injured
2020,12,Mon,2,52.58888497,13.28450258,afternoon,12,daylight,0,dry,0,6,7,0,1,1,0,0,0,3,slightly_injured
2020,12,Wed,4,52.54153516,13.24742236,afternoon,17,dark,2,dry,0,2,6,0,1,0,0,0,0,3,slightly_injured
2020,12,Fri,6,52.52396127,13.41162407,morning,6,dark,2,wet,1,5,2,0,1,0,0,0,1,3,slightly_injured
2020,12,Sat,7,52.43293999,13.49708743,morning,11,daylight,0,wet,1,2,6,0,1,0,0,0,0,3,slightly_injured
2020,12,Wed,4,52.49928531,13.42672608,morning,9,daylight,0,wet,1,5,3,1,0,0,1,0,0,3,slightly_injured
2020,12,Thu,5,52.51053918,13.60161456,afternoon,16,dark,2,dry,0,1,5,0,1,0,0,0,0,3,slightly_injured
2020,12,Sat,7,52.52740216,13.21174045,afternoon,17,dark,2,dry,0,5,2,1,0,0,0,0,1,3,slightly_injured
2020,12,Mon,2,52.53406751,13.49215378,morning,11,daylight,0,wet,1,2,6,0,1,0,0,0,0,3,slightly_injured
2020,12,Tue,3,52.45091882,13.43768966,morning,9,dusk,1,dry,0,6,3,0,1,1,0,0,0,3,slightly_injured
2020,12,Wed,4,52.57487957,13.21185661,afternoon,13,daylight,0,dry,0,8,1,0,1,1,0,0,0,3,slightly_injured
2020,12,Wed,4,52.56081336,13.56942736,evening,21,dark,2,dry,0,5,3,0,1,0,0,0,1,2,seriously_injured
2020,12,Sat,7,52.5612362,13.45744631,afternoon,17,dusk,1,dry,0,2,6,0,1,0,0,0,0,3,slightly_injured
2020,12,Sat,7,52.52257204,13.45602852,afternoon,14,daylight,0,dry,0,6,7,0,1,1,0,0,0,2,seriously_injured
2020,12,Sun,1,52.50282827,13.32639464,afternoon,14,daylight,0,dry,0,2,6,0,1,0,0,0,0,3,slightly_injured
2020,12,Wed,4,52.41507616,13.65676168,afternoon,16,daylight,0,dry,0,5,2,0,1,0,1,0,0,2,seriously_injured
2020,12,Thu,5,52.49319115,13.33100928,afternoon,15,dusk,1,dry,0,5,2,1,1,0,0,0,0,3,slightly_injured
2020,12,Fri,6,52.49042637,13.34493555,afternoon,15,dusk,1,dry,0,5,3,1,1,0,0,0,0,3,slightly_injured
2020,12,Wed,4,52.52685877,13.3354124,night,1,dark,2,dry,0,9,1,0,1,0,0,0,0,2,seriously_injured
2020,12,Wed,4,52.51940137,13.37194872,afternoon,17,dark,2,dry,0,5,2,1,1,0,0,0,0,3,slightly_injured
2020,12,Fri,6,52.54438758,13.20363243,afternoon,16,dark,2,wet,1,5,3,0,1,0,0,0,1,3,slightly_injured
2020,12,Fri,6,52.49995048,13.27349077,afternoon,15,daylight,0,dry,0,5,3,0,1,0,1,0,0,3,slightly_injured
2020,12,Wed,4,52.49631987,13.38763937,evening,19,dark,2,dry,0,0,2,1,1,0,0,0,0,3,slightly_injured
2020,12,Thu,5,52.51112889,13.40122065,evening,19,dark,2,dry,0,5,2,1,1,0,0,0,0,3,slightly_injured
2020,12,Sat,7,52.61435194,13.24438213,morning,11,daylight,0,dry,0,5,3,0,1,0,0,0,0,3,slightly_injured
2020,12,Mon,2,52.53274215,13.44234416,morning,10,daylight,0,wet,1,0,1,0,0,0,1,0,0,3,slightly_injured
2020,12,Tue,3,52.4001402,13.53569903,evening,18,dark,2,dry,0,0,3,1,1,0,0,0,0,3,slightly_injured
2020,12,Tue,3,52.52556231,13.44462718,night,0,dark,2,dry,0,0,1,1,0,0,0,0,0,2,seriously_injured
2020,12,Wed,4,52.41420364,13.35019648,morning,7,dusk,1,dry,0,6,2,0,1,1,0,0,0,3,slightly_injured
2020,12,Wed,4,52.54962015,13.43457061,afternoon,15,dusk,1,wet,1,5,2,1,1,0,0,0,0,2,seriously_injured
2020,12,Sat,7,52.58937879,13.33878244,afternoon,12,daylight,0,wet,1,6,2,0,1,1,0,0,0,3,slightly_injured
2020,12,Tue,3,52.56081055,13.56948932,afternoon,13,daylight,0,dry,0,2,3,0,1,0,1,0,0,2,seriously_injured
2020,12,Sun,1,52.48147904,13.18131014,afternoon,16,dark,2,dry,0,8,1,0,0,0,1,0,0,3,slightly_injured
2020,12,Wed,4,52.55145812,13.16346567,afternoon,14,daylight,0,dry,0,3,6,0,1,0,0,0,0,2,seriously_injured
2020,12,Thu,5,52.55035815,13.43516537,afternoon,13,daylight,0,dry,0,6,7,0,1,1,0,0,0,3,slightly_injured
2020,12,Tue,3,52.51845022,13.28230462,afternoon,15,daylight,0,dry,0,2,6,0,0,0,1,1,0,2,seriously_injured
2020,12,Fri,6,52.54858377,13.42643307,afternoon,14,daylight,0,dry,0,5,3,0,1,0,0,0,0,3,slightly_injured
2020,12,Tue,3,52.540122,13.22265076,evening,20,dark,2,wet,1,5,3,0,1,0,0,0,0,3,slightly_injured
2020,12,Wed,4,52.53310202,13.60925443,morning,11,daylight,0,dry,0,6,4,0,1,1,0,0,0,3,slightly_injured
2020,12,Thu,5,52.47529872,13.52173878,afternoon,16,dark,2,dry,0,0,3,0,1,0,0,0,1,3,slightly_injured
2020,12,Sat,7,52.56529483,13.352439,morning,11,daylight,0,dry,0,6,4,0,1,1,0,0,0,3,slightly_injured
2020,12,Sun,1,52.53367989,13.19498668,afternoon,13,dusk,1,dry,0,2,6,0,1,0,0,0,0,3,slightly_injured
2020,12,Mon,2,52.44864865,13.33913649,afternoon,17,dark,2,wet,1,0,6,0,0,0,0,0,1,3,slightly_injured
2020,12,Wed,4,52.43851852,13.21534257,afternoon,13,daylight,0,dry,0,6,7,0,1,1,0,0,0,2,seriously_injured
2020,12,Sun,1,52.44670297,13.40187079,evening,19,dark,2,dry,0,9,1,0,1,0,0,0,0,3,slightly_injured
2020,12,Tue,3,52.41771446,13.31440216,afternoon,14,daylight,0,dry,0,3,6,0,1,0,0,0,0,3,slightly_injured
2020,12,Wed,4,52.42843727,13.34709649,morning,6,dark,2,dry,0,5,2,1,0,0,0,0,0,3,slightly_injured
2020,12,Sun,1,52.43008645,13.47757253,evening,19,dark,2,dry,0,5,3,0,1,0,0,0,0,3,slightly_injured
2020,12,Sun,1,52.52175847,13.44819489,evening,18,dark,2,dry,0,0,1,0,0,0,1,0,0,3,slightly_injured
2020,12,Thu,5,52.45070677,13.3403982,afternoon,13,daylight,0,dry,0,5,3,0,1,0,0,0,0,3,slightly_injured
2020,12,Sun,1,52.61513018,13.39461511,afternoon,15,daylight,0,wet,1,0,1,0,0,0,1,0,0,3,slightly_injured
2020,12,Sun,1,52.50816693,13.25790443,afternoon,12,daylight,0,dry,0,0,1,1,0,0,0,0,0,2,seriously_injured
2020,12,Thu,5,52.43693357,13.45614045,afternoon,13,daylight,0,dry,0,5,3,0,1,0,0,0,0,3,slightly_injured
2020,12,Sun,1,52.56658304,13.40962533,morning,11,daylight,0,dry,0,1,5,1,1,0,0,0,0,3,slightly_injured
2020,12,Sat,7,52.4227659,13.45741447,morning,11,daylight,0,wet,1,5,2,0,1,0,0,0,0,2,seriously_injured
2020,12,Tue,3,52.3781629,13.64348804,afternoon,14,daylight,0,wet,1,5,2,1,1,0,0,0,0,2,seriously_injured
2020,12,Wed,4,52.47115806,13.42931325,morning,11,daylight,0,wet,1,2,6,0,1,0,0,0,1,3,slightly_injured
2020,12,Sat,7,52.49903352,13.35555839,evening,19,dark,2,wet,1,1,7,0,1,0,0,0,0,3,slightly_injured
2020,12,Sat,7,52.62609618,13.49585453,afternoon,16,dark,2,wet,1,4,6,0,1,0,0,0,0,2,seriously_injured
2020,12,Wed,4,52.50038736,13.43928521,afternoon,14,daylight,0,wet,1,2,6,0,1,0,0,0,0,3,slightly_injured
2020,12,Sat,7,52.48494731,13.38582741,afternoon,17,dark,2,wet,1,0,2,0,1,0,1,0,0,3,slightly_injured
2020,12,Sat,7,52.47143288,13.51728927,morning,11,daylight,0,dry,0,5,3,1,1,0,0,0,0,2,seriously_injured
2020,12,Tue,3,52.47956269,13.31153342,morning,8,daylight,0,wet,1,0,1,1,0,0,0,0,0,3,slightly_injured
2020,12,Wed,4,52.485404,13.42660246,afternoon,16,dusk,1,wet,1,5,7,0,1,0,1,0,0,3,slightly_injured
2020,12,Fri,6,52.59025306,13.3651501,evening,21,dark,2,dry,0,2,6,0,1,0,0,0,1,3,slightly_injured
2020,12,Fri,6,52.5989977,13.36027732,afternoon,13,daylight,0,wet,1,5,3,0,1,0,0,0,0,3,slightly_injured
2020,12,Tue,3,52.42367666,13.39700176,morning,11,daylight,0,wet,1,2,6,0,1,0,0,0,0,3,slightly_injured
2020,12,Wed,4,52.46079553,13.48125577,afternoon,17,dark,2,wet,1,5,3,0,1,0,0,0,0,3,slightly_injured
2020,12,Fri,6,52.4459632,13.37268059,afternoon,13,daylight,0,wet,1,5,3,0,1,0,0,0,0,3,slightly_injured
2020,12,Thu,5,52.54374567,13.27299291,evening,20,dark,2,wet,1,6,7,0,1,0,0,0,1,3,slightly_injured
2020,12,Thu,5,52.52333622,13.36721577,afternoon,14,daylight,0,dry,0,5,3,0,1,0,1,0,0,2,seriously_injured
2020,12,Thu,5,52.49626102,13.39510724,evening,23,dark,2,wet,1,6,2,0,1,1,0,0,0,3,slightly_injured
2020,12,Thu,5,52.55713092,13.36569682,afternoon,15,dusk,1,wet,1,5,2,0,1,0,0,0,0,3,slightly_injured
2020,12,Thu,5,52.42793798,13.32521372,evening,19,dark,2,wet,1,6,4,0,1,1,0,0,0,2,seriously_injured
2020,12,Thu,5,52.45608775,13.32385031,afternoon,14,dusk,1,wet,1,2,6,0,1,0,0,0,0,3,slightly_injured
2020,12,Wed,4,52.41866185,13.32342791,afternoon,12,daylight,0,dry,0,0,7,0,1,0,0,0,1,2,seriously_injured
2020,12,Thu,5,52.46405599,13.5119579,morning,11,daylight,0,wet,1,2,6,1,1,0,0,0,0,3,slightly_injured
2020,12,Thu,5,52.49629782,13.39858172,morning,11,daylight,0,wet,1,5,3,0,1,0,0,0,0,3,slightly_injured
2020,12,Thu,5,52.44028323,13.43469707,morning,10,daylight,0,dry,0,6,7,0,1,1,0,0,0,3,slightly_injured
2020,12,Thu,5,52.53776666,13.21726337,morning,9,dusk,1,wet,1,5,2,0,1,0,0,0,0,3,slightly_injured
2020,12,Wed,4,52.41781475,13.47799309,morning,11,daylight,0,wet,1,5,3,0,1,0,0,0,0,3,slightly_injured
2020,12,Thu,5,52.54612803,13.344133,morning,6,dark,2,wet,1,2,6,0,1,0,0,0,1,3,slightly_injured
2020,12,Wed,4,52.59099739,13.28583354,afternoon,14,daylight,0,wet,1,1,5,0,1,0,0,0,1,3,slightly_injured
2020,12,Tue,3,52.48825915,13.34037706,morning,8,daylight,0,wet,1,0,1,1,0,0,0,0,0,2,seriously_injured
2020,12,Wed,4,52.41582611,13.4963863,afternoon,17,dark,2,wet,1,6,2,0,1,1,0,0,0,3,slightly_injured
2020,12,Mon,2,52.49377058,13.41189601,evening,18,dark,2,wet,1,2,3,1,1,0,0,0,0,3,slightly_injured
2020,12,Wed,4,52.50396761,13.2951664,morning,9,daylight,0,dry,0,1,5,1,1,0,0,0,0,3,slightly_injured
2020,12,Tue,3,52.46916577,13.49138676,morning,9,daylight,0,wet,1,6,2,0,1,1,0,0,0,3,slightly_injured
2020,12,Wed,4,52.50940716,13.32576404,afternoon,17,dark,2,wet,1,6,4,0,0,1,0,0,1,2,seriously_injured
2020,12,Mon,2,52.4859085,13.43102102,afternoon,17,dark,2,wet,1,2,7,1,1,0,0,0,0,3,slightly_injured
2020,12,Wed,4,52.47070179,13.51198076,afternoon,14,daylight,0,dry,0,5,3,1,1,0,0,0,0,3,slightly_injured
2020,12,Tue,3,52.41899631,13.34618746,morning,8,daylight,0,icy,2,0,1,1,0,0,0,0,0,3,slightly_injured
2020,12,Wed,4,52.5257184,13.3147516,afternoon,16,dark,2,wet,1,5,3,1,1,0,0,0,0,3,slightly_injured
2020,12,Tue,3,52.49824545,13.50179065,morning,9,daylight,0,icy,2,0,1,1,0,0,0,0,0,2,seriously_injured
2020,12,Wed,4,52.56183841,13.33176068,afternoon,17,dark,2,wet,1,0,7,1,0,0,0,0,0,3,slightly_injured
2020,12,Wed,4,52.49246224,13.37919736,afternoon,17,dark,2,wet,1,1,5,1,1,0,0,0,0,3,slightly_injured
2020,12,Thu,5,52.54824342,13.57211398,evening,19,dark,2,wet,1,4,6,0,1,0,0,0,0,3,slightly_injured
2020,12,Wed,4,52.52287414,13.30129978,afternoon,12,daylight,0,dry,0,1,5,0,1,0,1,0,0,3,slightly_injured
2020,12,Tue,3,52.461819,13.58810804,morning,9,daylight,0,icy,2,1,1,1,1,0,0,0,0,3,slightly_injured
2020,12,Wed,4,52.42259316,13.47531611,afternoon,12,daylight,0,dry,0,6,7,0,0,1,0,0,1,3,slightly_injured
2020,12,Wed,4,52.45158909,13.58526792,afternoon,13,daylight,0,dry,0,5,3,0,1,0,0,0,0,3,slightly_injured
2020,12,Thu,5,52.53818279,13.28423599,afternoon,13,daylight,0,wet,1,0,5,0,1,0,1,0,0,3,slightly_injured
2020,12,Wed,4,52.55407075,13.37699866,evening,20,dark,2,wet,1,6,4,0,1,1,0,0,0,3,slightly_injured
2020,12,Tue,3,52.45445887,13.31837262,morning,8,daylight,0,icy,2,0,1,1,0,0,0,0,0,3,slightly_injured
2020,12,Wed,4,52.57462912,13.42422611,morning,11,daylight,0,dry,0,2,6,0,1,0,0,0,1,3,slightly_injured
2020,12,Mon,2,52.52038054,13.4791536,afternoon,14,daylight,0,dry,0,2,6,0,1,0,0,0,0,3,slightly_injured
2020,12,Wed,4,52.54884779,13.19349093,morning,11,daylight,0,dry,0,5,2,1,1,0,0,0,0,2,seriously_injured
2020,12,Wed,4,52.46890585,13.3324301,evening,19,dark,2,wet,1,6,2,0,1,1,0,0,0,3,slightly_injured
2020,12,Thu,5,52.47828668,13.44257522,night,0,dark,2,wet,1,1,5,0,1,0,0,0,1,2,seriously_injured
2020,12,Wed,4,52.57581491,13.42266821,morning,11,daylight,0,dry,0,0,3,1,0,0,1,0,0,3,slightly_injured
2020,12,Wed,4,52.45451613,13.31911257,evening,19,dark,2,wet,1,5,3,1,1,0,0,0,0,3,slightly_injured
2020,12,Mon,2,52.41207166,13.66180627,morning,10,daylight,0,wet,1,3,6,1,1,0,0,0,0,3,slightly_injured
2020,12,Wed,4,52.48163178,13.4820782,afternoon,15,daylight,0,dry,0,6,7,0,1,1,0,0,0,2,seriously_injured
2020,12,Tue,3,52.5982806,13.45055834,morning,8,daylight,0,wet,1,5,2,1,1,0,0,0,0,3,slightly_injured
2020,12,Tue,3,52.41180332,13.38737764,night,1,dark,2,wet,1,0,7,0,1,0,0,0,0,3,slightly_injured
2020,12,Wed,4,52.55636119,13.37624367,morning,9,daylight,0,dry,0,3,6,1,0,0,0,0,0,3,slightly_injured
2020,12,Mon,2,52.53314583,13.34568246,evening,19,dark,2,wet,1,6,2,0,1,1,0,0,0,3,slightly_injured
2020,12,Wed,4,52.45241395,13.43274373,afternoon,17,dark,2,wet,1,6,4,0,1,1,0,0,0,3,slightly_injured
2020,12,Wed,4,52.53299157,13.47658328,evening,18,dark,2,wet,1,6,2,0,1,1,0,0,0,3,slightly_injured
2020,12,Wed,4,52.48644978,13.39633713,afternoon,17,dark,2,wet,1,6,4,0,1,1,0,0,0,3,slightly_injured
2020,12,Thu,5,52.48258267,13.38118205,evening,18,dark,2,dry,0,5,2,0,1,0,0,0,0,3,slightly_injured
2020,12,Wed,4,52.53159906,13.46934288,afternoon,17,dark,2,wet,1,2,6,0,1,0,0,0,0,3,slightly_injured
2020,12,Tue,3,52.49863174,13.35418848,evening,22,dark,2,dry,0,0,2,0,1,0,1,0,0,3,slightly_injured
2020,12,Wed,4,52.49435431,13.34577832,afternoon,17,dark,2,wet,1,5,2,0,1,0,0,0,0,3,slightly_injured
2020,12,Wed,4,52.43399411,13.55325828,afternoon,13,daylight,0,dry,0,5,3,0,1,0,1,0,0,3,slightly_injured
2020,12,Tue,3,52.50134284,13.44511949,afternoon,16,dark,2,wet,1,7,7,0,0,0,1,0,0,2,seriously_injured
2020,12,Thu,5,52.55639768,13.3347927,afternoon,12,daylight,0,dry,0,5,3,0,1,0,0,0,0,3,slightly_injured
2020,12,Tue,3,52.56831634,13.57185353,afternoon,13,daylight,0,wet,1,3,2,0,1,0,0,0,0,3,slightly_injured
2020,12,Tue,3,52.51311784,13.26631828,afternoon,14,daylight,0,dry,0,5,2,1,1,0,0,0,0,3,slightly_injured
2020,12,Tue,3,52.53515164,13.2061201,morning,11,daylight,0,wet,1,2,6,0,1,0,0,0,0,3,slightly_injured
2020,12,Wed,4,52.59881398,13.34346971,afternoon,16,dark,2,dry,0,6,4,0,1,1,0,0,0,3,slightly_injured
2020,12,Tue,3,52.44893919,13.4958285,morning,11,daylight,0,wet,1,2,2,0,1,0,0,0,1,3,slightly_injured
2020,12,Tue,3,52.4702069,13.46436448,evening,18,dark,2,wet,1,6,2,0,1,1,0,0,0,3,slightly_injured
2020,12,Tue,3,52.50452427,13.38240477,morning,10,daylight,0,wet,1,5,3,0,1,0,1,0,0,3,slightly_injured
2020,12,Mon,2,52.43029103,13.72950078,afternoon,17,dark,2,wet,1,0,7,0,1,0,0,0,0,3,slightly_injured
2020,12,Wed,4,52.50790059,13.40440734,afternoon,16,dark,2,wet,1,5,3,1,1,0,0,0,0,3,slightly_injured
2020,12,Mon,2,52.48995017,13.57562252,afternoon,13,daylight,0,dry,0,0,1,1,0,0,0,0,0,3,slightly_injured
2020,12,Wed,4,52.5405158,13.37932044,morning,11,daylight,0,wet,1,5,3,1,1,0,0,0,0,2,seriously_injured
2020,12,Tue,3,52.55403337,13.37676238,morning,9,daylight,0,wet,1,2,6,0,1,0,0,0,0,3,slightly_injured
2020,12,Mon,2,52.42764457,13.51348352,night,1,dark,2,wet,1,9,1,0,1,0,0,0,0,3,slightly_injured
2020,12,Wed,4,52.43727181,13.27241086,afternoon,17,dark,2,dry,0,5,2,1,0,0,0,0,1,3,slightly_injured
2020,12,Tue,3,52.45102048,13.27049951,morning,8,dark,2,wet,1,6,2,0,1,1,0,0,0,2,seriously_injured
2020,12,Tue,3,52.43091543,13.48311808,night,2,dark,2,wet,1,0,1,0,0,0,1,0,0,3,slightly_injured
2020,12,Tue,3,52.56523593,13.44431917,evening,19,dark,2,wet,1,6,4,0,1,1,0,0,0,3,slightly_injured
2020,12,Thu,5,52.51815265,13.39038233,evening,22,dark,2,wet,1,1,5,1,0,0,0,0,1,3,slightly_injured
2020,12,Tue,3,52.53347544,13.48464443,evening,19,dark,2,wet,1,2,6,0,1,0,0,0,0,2,seriously_injured
2020,12,Tue,3,52.50208035,13.32200696,morning,11,daylight,0,wet,1,2,6,1,1,0,0,0,0,3,slightly_injured
2020,12,Tue,3,52.42033316,13.35893893,afternoon,17,dark,2,dry,0,0,6,0,1,0,1,0,0,3,slightly_injured
2020,12,Thu,5,52.60763999,13.47906961,morning,9,daylight,0,wet,1,5,2,1,1,0,0,0,0,3,slightly_injured
2020,12,Tue,3,52.49526718,13.36634709,afternoon,17,dark,2,wet,1,5,3,0,1,0,0,0,0,3,slightly_injured
2020,12,Thu,5,52.55595603,13.47862205,afternoon,13,daylight,0,dry,0,5,3,1,1,0,0,0,0,3,slightly_injured
2020,12,Tue,3,52.60621955,13.41980974,afternoon,17,dark,2,wet,1,6,2,0,1,1,0,0,0,3,slightly_injured
2020,12,Tue,3,52.54572302,13.60310714,afternoon,16,dark,2,wet,1,0,7,0,1,0,0,0,0,2,seriously_injured
2020,12,Wed,4,52.46700306,13.37827367,morning,11,daylight,0,wet,1,5,2,0,1,0,0,0,1,3,slightly_injured
2020,12,Tue,3,52.52898708,13.40983818,afternoon,16,dark,2,wet,1,2,6,0,1,0,0,0,0,3,slightly_injured
2020,12,Tue,3,52.49904396,13.41779604,afternoon,16,dark,2,wet,1,6,4,0,1,1,0,0,0,3,slightly_injured
2020,12,Sun,1,52.48499784,13.38226078,night,3,dark,2,dry,0,5,2,0,1,0,0,0,0,3,slightly_injured
2020,12,Wed,4,52.46644169,13.37794126,morning,7,dusk,1,wet,1,6,2,0,1,1,0,0,0,3,slightly_injured
2020,12,Tue,3,52.61301792,13.31091476,afternoon,17,dark,2,wet,1,5,3,0,1,0,0,0,0,3,slightly_injured
2020,12,Tue,3,52.50609051,13.41964879,afternoon,14,daylight,0,dry,0,5,3,0,1,0,0,0,1,3,slightly_injured
2020,12,Tue,3,52.51057,13.39181741,afternoon,16,dark,2,wet,1,6,2,0,1,1,0,0,0,3,slightly_injured
2020,12,Wed,4,52.5592837,13.38671399,afternoon,14,daylight,0,dry,0,2,2,0,1,0,0,1,0,3,slightly_injured